*******************************************
***COMSOL 6.3.0.290 progress output file***
*******************************************
Wed Sep 30 04:59:59 SGT 2026
<---- O: orbital transient, 3.0 orbits/解 4 (sol4) 中的“编译方程: 轨道热载荷” --------------
开始于 2026年9月30日 上午5:00:22。
几何形函数: 二次拉格朗日单元
几何形函数: 二次拉格朗日单元
几何形函数: 二次拉格朗日单元
几何形函数: 二次拉格朗日单元
几何形函数: 二次拉格朗日单元
几何形函数: 二次拉格朗日单元
在 AMD64 Family 25 Model 117 Stepping 2, AuthenticAMD 上运行。
在以下位置使用 1 个插槽： MarkLiu 上（共 2 个内核）。
可用内存：32.38 GB。
           当前进度:   0 % - 生成方程
Memory: 1148/1179 1159/1189
           当前进度:   1 % - 编译方程: 轨道热载荷
Memory: 1412/1417 1426/1433
           当前进度:   1 % - 正在创建可视化网格
Memory: 1496/1498 1525/1527
时间：28。
物理内存: 1.5 GB
虚拟内存: 1.53 GB
结束时间：2026年9月30日 上午5:00:51。
----- O: orbital transient, 3.0 orbits/解 4 (sol4) 中的“编译方程: 轨道热载荷” ------------->
<---- O: orbital transient, 3.0 orbits/解 4 (sol4) 中的“因变量 1” --------------------
开始于 2026年9月30日 上午5:00:51。
           当前进度:   1 % - 因变量 1
Memory: 1521/1521 1535/1535
求解时间：1 s。
物理内存: 1.52 GB
虚拟内存: 1.53 GB
结束时间：2026年9月30日 上午5:00:52。
----- O: orbital transient, 3.0 orbits/解 4 (sol4) 中的“因变量 1” ------------------->
<---- O: orbital transient, 3.0 orbits/解 4 (sol4) 中的“瞬态求解器 1” ------------------
开始于 2026年9月30日 上午5:00:52。
瞬态求解器 (BDF)
           当前进度:   2 % - 瞬态求解器 1
Memory: 1524/1525 1536/1540
求解的自由度数：60（加上 45648 个内部自由度）。
           当前进度:   2 % - 组装稀疏模式
Memory: 1625/1625 1640/1640
找到对称矩阵。
           当前进度:   2 % - 组装矩阵
Memory: 1652/1652 1667/1667
缩放因变量：
形函数 (comp1.otl2.ds_hrs.storeGextd_band): 1
形函数 (comp1.otl2.ds_hrs.storeGextu_band): 1
形函数 (comp1.otl3.ds_pvr.storeGextd_band): 1
形函数 (comp1.otl3.ds_pvr.storeGextu_band): 1
形函数 (comp1.otl3.ds_rsa.storeGextd_band): 1
形函数 (comp1.otl3.ds_rsa.storeGextu_band): 1
形函数 (comp1.otl4.ds_saw.storeGextd_band): 1
形函数 (comp1.otl4.ds_saw.storeGextu_band): 1
形函数 (comp1.otl.ds_box.storeGextd_band): 1
形函数 (comp1.otl.ds_box.storeGextu_band): 1
形函数 (comp1.otl.ds_payload.storeGextd_band): 1
形函数 (comp1.otl.ds_payload.storeGextu_band): 1
形函数 (comp1.otl.ds_skin_rus.storeGextd_band): 1
形函数 (comp1.otl.ds_skin_rus.storeGextu_band): 1
形函数 (comp1.otl.ds_skin_usos.storeGextd_band): 1
形函数 (comp1.otl.ds_skin_usos.storeGextu_band): 1
形函数 (comp1.otl.ds_truss.storeGextd_band): 1
形函数 (comp1.otl.ds_truss.storeGextu_band): 1
指示器状态的比例：
comp1.otl2.inEclipse_event: 4e+05
comp1.otl2.outEclipse_event: 4e+05
comp1.otl3.inEclipse_event: 4e+05
comp1.otl3.outEclipse_event: 4e+05
comp1.otl4.inEclipse_event: 4e+05
comp1.otl4.outEclipse_event: 4e+05
comp1.otl.inEclipse_event: 4e+05
comp1.otl.outEclipse_event: 4e+05
Step        Time    Stepsize      Res  Jac  Sol Order Tfail NLfail   LinErr   LinRes
   0           0           - out    2    3    2                  0        0        0
指示器状态的比例：
comp1.otl2.inEclipse_event: 4e+05
comp1.otl2.outEclipse_event: 4e+05
comp1.otl3.inEclipse_event: 4e+05
comp1.otl3.outEclipse_event: 4e+05
comp1.otl4.inEclipse_event: 4e+05
comp1.otl4.outEclipse_event: 4e+05
comp1.otl.inEclipse_event: 4e+05
comp1.otl.outEclipse_event: 4e+05
           当前进度:   2 % - 约束处理
Memory: 1682/1682 1699/1699
           当前进度:   2 % - 组装矩阵
Memory: 1702/1729 1710/1743
           当前进度:   2 % - 
Memory: 1744/1744 1753/1753
   1         120         120 out    3    4    3     1     0      0        0        0
           当前进度:   3 % - 组装矩阵
Memory: 1731/1764 1743/1784
           当前进度:   3 % - 
Memory: 1763/1779 1775/1791
   2         240         120 out    4    5    4     1     0      0        0        0
   3         360         120 out    5    6    5     2     0      0        0        0
           当前进度:   3 % - 组装矩阵
Memory: 1762/1796 1766/1811
           当前进度:   3 % - 
Memory: 1779/1796 1782/1811
   4         480         120 out    6    7    6     2     0      0        0        0
           当前进度:   4 % - 
Memory: 1787/1797 1799/1815
   5         600         120 out    7    8    7     2     0      0        0        0
           当前进度:   4 % - 组装矩阵
Memory: 1766/1798 1781/1818
           当前进度:   4 % - 
Memory: 1781/1799 1797/1818
   6         720         120 out    8    9    8     2     0      0        0        0
   7         840         120 out    9   10    9     2     0      0        0        0
           当前进度:   5 % - 
Memory: 1785/1801 1790/1818
   8         960         120 out   10   11   10     2     0      0        0        0
   9        1080         120 out   11   12   11     2     0      0        0        0
  10        1200         120 out   12   13   12     2     0      0        0        0
           当前进度:   6 % - 
Memory: 1789/1805 1800/1826
  11        1320         120 out   13   14   13     2     0      0        0        0
  12        1440         120 out   14   15   14     2     0      0        0        0
  13        1560         120 out   15   16   15     2     0      0        0        0
           当前进度:   7 % - 
Memory: 1782/1807 1790/1827
  14        1680         120 out   16   17   16     2     0      0        0        0
  15      1695.2      15.217 out   18   19   18     2     0      0        0        0
已在“1695.2”触发隐式事件“6”。
已在“1695.2”触发隐式事件“4”。
已在“1695.2”触发隐式事件“2”。
已在“1695.2”触发隐式事件“0”。
           当前进度:   7 % - 约束处理
Memory: 1784/1812 1794/1827
未强制执行重新初始化状态的一致性。
           当前进度:   7 % - 组装矩阵
Memory: 1785/1812 1794/1827
           当前进度:   7 % - 约束处理
Memory: 1779/1812 1786/1827
           当前进度:   7 % - 
Memory: 1795/1812 1802/1827
   -        1800           - out
  16      1815.2         120       19   20   19     1     0      0        0        0
           当前进度:   8 % - 
Memory: 1797/1814 1806/1827
   -        1920           - out
  17      1935.2         120       20   21   20     1     0      0        0        0
           当前进度:   8 % - 组装矩阵
Memory: 1781/1814 1789/1827
           当前进度:   8 % - 
Memory: 1797/1814 1806/1827
   -        2040           - out
  18      2055.2         120       21   22   21     2     0      0        0        0
           当前进度:   8 % - 组装矩阵
Memory: 1781/1814 1789/1827
           当前进度:   8 % - 
Memory: 1798/1815 1806/1827
   -        2160           - out
  19      2175.2         120       22   23   22     2     0      0        0        0
           当前进度:   9 % - 
   -        2280           - out
  20      2295.2         120       23   24   23     2     0      0        0        0
           当前进度:   9 % - 组装矩阵
Memory: 1782/1815 1789/1827
           当前进度:   9 % - 
Memory: 1799/1815 1806/1827
   -        2400           - out
  21      2415.2         120       24   25   24     2     0      0        0        0
   -        2520           - out
  22      2535.2         120       25   26   25     2     0      0        0        0
-          当前进度:  10 % - 
Memory: 1795/1816 1802/1827
   -        2640           - out
  23      2655.2         120       26   27   26     2     0      0        0        0
-          当前进度:  10 % - 组装矩阵
Memory: 1777/1816 1781/1827
-          当前进度:  10 % - 
Memory: 1794/1816 1798/1827
   -        2760           - out
  24      2775.2         120       27   28   27     2     0      0        0        0
   -        2880           - out
  25      2895.2         120       28   29   28     2     0      0        0        0
-          当前进度:  11 % - 
Memory: 1799/1816 1814/1831
   -        3000           - out
  26      3015.2         120       29   30   29     2     0      0        0        0
   -        3120           - out
  27      3135.2         120       30   31   30     2     0      0        0        0
   -        3240           - out
  28      3255.2         120       31   32   31     2     0      0        0        0
-          当前进度:  12 % - 
Memory: 1813/1816 1828/1831
   -        3360           - out
  29      3375.2         120       32   33   32     2     0      0        0        0
-          当前进度:  12 % - 组装矩阵
Memory: 1779/1816 1791/1831
-          当前进度:  12 % - 
Memory: 1796/1816 1807/1831
   -        3480           - out
  30      3495.2         120       33   34   33     2     0      0        0        0
-          当前进度:  12 % - 组装矩阵
Memory: 1779/1816 1791/1831
-          当前进度:  12 % - 
Memory: 1796/1816 1807/1831
   -        3600           - out
  31      3615.2         120       34   35   34     2     0      0        0        0
-          当前进度:  13 % - 
   -        3720           - out
  32      3735.2         120       35   36   35     2     0      0        0        0
-          当前进度:  13 % - 组装矩阵
Memory: 1779/1816 1795/1832
-          当前进度:  13 % - 
Memory: 1796/1816 1811/1832
   -        3840           - out
  33      3855.2         120       36   37   36     2     0      0        0        0
  34      3861.6      6.3365 out   38   39   38     2     0      0        0        0
已在“3861.6”触发隐式事件“7”。
已在“3861.6”触发隐式事件“5”。
已在“3861.6”触发隐式事件“3”。
已在“3861.6”触发隐式事件“1”。
-          当前进度:  13 % - 约束处理
Memory: 1785/1816 1793/1832
未强制执行重新初始化状态的一致性。
-          当前进度:  13 % - 
Memory: 1796/1816 1803/1832
   -        3960           - out
  35      3981.6         120       39   40   39     1     0      0        0        0
-          当前进度:  14 % - 
Memory: 1798/1816 1809/1832
   -        4080           - out
  36      4101.6         120       40   41   40     1     0      0        0        0
   -        4200           - out
  37      4221.6         120       41   42   41     2     0      0        0        0
-          当前进度:  15 % - 
Memory: 1798/1816 1808/1832
   -        4320           - out
  38      4341.6         120       42   43   42     2     0      0        0        0
   -        4440           - out
  39      4461.6         120       43   44   43     2     0      0        0        0
   -        4560           - out
  40      4581.6         120       44   45   44     2     0      0        0        0
-          当前进度:  16 % - 
Memory: 1816/1816 1829/1837
   -        4680           - out
  41      4701.6         120       45   46   45     2     0      0        0        0
   -        4800           - out
  42      4821.6         120       46   47   46     2     0      0        0        0
   -        4920           - out
  43      4941.6         120       47   48   47     2     0      0        0        0
-          当前进度:  17 % - 
Memory: 1800/1818 1804/1837
   -        5040           - out
  44      5061.6         120       48   49   48     2     0      0        0        0
-          当前进度:  17 % - 组装矩阵
Memory: 1783/1818 1799/1837
-          当前进度:  17 % - 
Memory: 1804/1818 1820/1837
   -        5160           - out
  45      5181.6         120       49   50   49     2     0      0        0        0
   -        5280           - out
  46      5301.6         120       50   51   50     2     0      0        0        0
-          当前进度:  18 % - 
Memory: 1796/1818 1808/1837
   -        5400           - out
  47      5421.6         120       51   52   51     2     0      0        0        0
   -        5520           - out
  48      5541.6         120       52   53   52     2     0      0        0        0
   -        5640           - out
  49      5661.6         120       53   54   53     2     0      0        0        0
-          当前进度:  19 % - 
Memory: 1779/1818 1787/1837
   -        5760           - out
  50      5781.6         120       54   55   54     2     0      0        0        0
   -        5880           - out
  51      5901.6         120       55   56   55     2     0      0        0        0
   -        6000           - out
  52      6021.6         120       56   57   56     2     0      0        0        0
--         当前进度:  20 % - 组装矩阵
Memory: 1779/1818 1783/1837
--         当前进度:  20 % - 
Memory: 1796/1818 1800/1837
   -        6120           - out
  53      6141.6         120       57   58   57     2     0      0        0        0
   -        6240           - out
  54      6261.6         120       58   59   58     2     0      0        0        0
   -        6360           - out
  55      6381.6         120       59   60   59     2     0      0        0        0
--         当前进度:  21 % - 
Memory: 1796/1818 1808/1837
   -        6480           - out
  56      6501.6         120       60   61   60     2     0      0        0        0
   -        6600           - out
  57      6621.6         120       61   62   61     2     0      0        0        0
   -        6720           - out
  58      6741.6         120       62   63   62     2     0      0        0        0
--         当前进度:  22 % - 
Memory: 1796/1818 1820/1849
   -        6840           - out
  59      6861.6         120       63   64   63     2     0      0        0        0
   -        6960           - out
  60      6981.6         120       64   65   64     2     0      0        0        0
--         当前进度:  23 % - 
Memory: 1815/1818 1837/1849
   -        7080           - out
  61      7101.6         120       65   66   65     2     0      0        0        0
   -        7200           - out
  62      7221.6         120       66   67   66     2     0      0        0        0
--         当前进度:  23 % - 组装矩阵
Memory: 1783/1818 1803/1849
--         当前进度:  23 % - 
Memory: 1801/1818 1821/1849
  63      7248.9      27.318 out   68   69   68     2     0      0        0        0
已在“7248.9”触发隐式事件“6”。
已在“7248.9”触发隐式事件“4”。
已在“7248.9”触发隐式事件“2”。
已在“7248.9”触发隐式事件“0”。
--         当前进度:  23 % - 组装矩阵
Memory: 1782/1818 1799/1849
--         当前进度:  23 % - 约束处理
Memory: 1788/1818 1804/1849
未强制执行重新初始化状态的一致性。
--         当前进度:  23 % - 
Memory: 1784/1818 1799/1849
   -        7320           - out
  64      7368.9         120       69   70   69     1     0      0        0        0
--         当前进度:  24 % - 
Memory: 1800/1818 1804/1849
   -        7440           - out
  65      7488.9         120       70   71   70     1     0      0        0        0
   -        7560           - out
  66      7608.9         120       71   72   71     2     0      0        0        0
   -        7680           - out
  67      7728.9         120       72   73   72     2     0      0        0        0
--         当前进度:  25 % - 
Memory: 1805/1819 1816/1849
   -        7800           - out
  68      7848.9         120       73   74   73     2     0      0        0        0
   -        7920           - out
  69      7968.9         120       74   75   74     2     0      0        0        0
   -        8040           - out
  70      8088.9         120       75   76   75     2     0      0        0        0
--         当前进度:  26 % - 
Memory: 1798/1819 1809/1849
   -        8160           - out
  71      8208.9         120       76   77   76     2     0      0        0        0
   -        8280           - out
  72      8328.9         120       77   78   77     2     0      0        0        0
   -        8400           - out
  73      8448.9         120       78   79   78     2     0      0        0        0
--         当前进度:  27 % - 
Memory: 1797/1819 1816/1849
   -        8520           - out
  74      8568.9         120       79   80   79     2     0      0        0        0
--         当前进度:  27 % - 组装矩阵
Memory: 1780/1819 1795/1849
--         当前进度:  27 % - 
Memory: 1798/1819 1813/1849
   -        8640           - out
  75      8688.9         120       80   81   80     2     0      0        0        0
   -        8760           - out
  76      8808.9         120       81   82   81     2     0      0        0        0
--         当前进度:  28 % - 求解线性方程组
Memory: 1781/1819 1792/1849
--         当前进度:  28 % - 
Memory: 1797/1819 1809/1849
   -        8880           - out
  77      8928.9         120       82   83   82     2     0      0        0        0
   -        9000           - out
  78      9048.9         120       83   84   83     2     0      0        0        0
   -        9120           - out
  79      9168.9         120       84   85   84     2     0      0        0        0
--         当前进度:  29 % - 
Memory: 1798/1819 1805/1849
   -        9240           - out
  80      9288.9         120       85   86   85     2     0      0        0        0
--         当前进度:  29 % - 组装矩阵
Memory: 1782/1819 1789/1849
--         当前进度:  29 % - 
Memory: 1798/1819 1805/1849
   -        9360           - out
  81      9408.9         120       86   87   86     2     0      0        0        0
---        当前进度:  30 % - 
Memory: 1783/1819 1792/1849
  82      9415.2      6.3063 out   88   89   88     2     0      0        0        0
已在“9415.2”触发隐式事件“7”。
已在“9415.2”触发隐式事件“5”。
已在“9415.2”触发隐式事件“3”。
已在“9415.2”触发隐式事件“1”。
---        当前进度:  30 % - 约束处理
Memory: 1789/1819 1796/1849
未强制执行重新初始化状态的一致性。
---        当前进度:  30 % - 
Memory: 1802/1819 1805/1849
   -        9480           - out
  83      9535.2         120       89   90   89     1     0      0        0        0
   -        9600           - out
  84      9655.2         120       90   91   90     1     0      0        0        0
   -        9720           - out
  85      9775.2         120       91   92   91     2     0      0        0        0
---        当前进度:  31 % - 
   -        9840           - out
  86      9895.2         120       92   93   92     2     0      0        0        0
   -        9960           - out
  87       10015         120       93   94   93     2     0      0        0        0
   -       10080           - out
  88       10135         120       94   95   94     2     0      0        0        0
---        当前进度:  32 % - 
Memory: 1798/1819 1805/1849
   -       10200           - out
  89       10255         120       95   96   95     2     0      0        0        0
   -       10320           - out
  90       10375         120       96   97   96     2     0      0        0        0
   -       10440           - out
  91       10495         120       97   98   97     2     0      0        0        0
---        当前进度:  33 % - 
Memory: 1781/1819 1789/1849
   -       10560           - out
  92       10615         120       98   99   98     2     0      0        0        0
   -       10680           - out
  93       10735         120       99  100   99     2     0      0        0        0
   -       10800           - out
  94       10855         120      100  101  100     2     0      0        0        0
---        当前进度:  34 % - 
Memory: 1798/1819 1801/1849
   -       10920           - out
  95       10975         120      101  102  101     2     0      0        0        0
   -       11040           - out
  96       11095         120      102  103  102     2     0      0        0        0
   -       11160           - out
  97       11215         120      103  104  103     2     0      0        0        0
---        当前进度:  35 % - 
Memory: 1807/1819 1818/1849
   -       11280           - out
  98       11335         120      104  105  104     2     0      0        0        0
   -       11400           - out
  99       11455         120      105  106  105     2     0      0        0        0
   -       11520           - out
 100       11575         120      106  107  106     2     0      0        0        0
---        当前进度:  36 % - 
Memory: 1813/1823 1820/1849
   -       11640           - out
 101       11695         120      107  108  107     2     0      0        0        0
   -       11760           - out
 102       11815         120      108  109  108     2     0      0        0        0
   -       11880           - out
 103       11935         120      109  110  109     2     0      0        0        0
---        当前进度:  37 % - 组装矩阵
Memory: 1791/1824 1797/1849
---        当前进度:  37 % - 
Memory: 1808/1824 1814/1849
   -       12000           - out
 104       12055         120      110  111  110     2     0      0        0        0
   -       12120           - out
 105       12175         120      111  112  111     2     0      0        0        0
---        当前进度:  38 % - 
Memory: 1809/1825 1822/1849
   -       12240           - out
 106       12295         120      112  113  112     2     0      0        0        0
   -       12360           - out
 107       12415         120      113  114  113     2     0      0        0        0
   -       12480           - out
 108       12535         120      114  115  114     2     0      0        0        0
---        当前进度:  39 % - 
Memory: 1819/1826 1831/1849
   -       12600           - out
 109       12655         120      115  116  115     2     0      0        0        0
   -       12720           - out
 110       12775         120      116  117  116     2     0      0        0        0
 111       12802      27.318 out  118  119  118     2     0      0        0        0
已在“12802”触发隐式事件“6”。
已在“12802”触发隐式事件“4”。
已在“12802”触发隐式事件“2”。
已在“12802”触发隐式事件“0”。
---        当前进度:  39 % - 约束处理
Memory: 1796/1828 1807/1849
未强制执行重新初始化状态的一致性。
---        当前进度:  39 % - 
Memory: 1813/1828 1824/1849
   -       12840           - out
 112       12922         120      119  120  119     1     0      0        0        0
----       当前进度:  40 % - 
Memory: 1815/1828 1826/1849
   -       12960           - out
 113       13042         120      120  121  120     1     0      0        0        0
----       当前进度:  40 % - 组装矩阵
Memory: 1790/1828 1801/1849
----       当前进度:  40 % - 
Memory: 1806/1828 1818/1849
   -       13080           - out
 114       13162         120      121  122  121     2     0      0        0        0
   -       13200           - out
 115       13282         120      122  123  122     2     0      0        0        0
----       当前进度:  41 % - 
   -       13320           - out
 116       13402         120      123  124  123     2     0      0        0        0
   -       13440           - out
 117       13522         120      124  125  124     2     0      0        0        0
   -       13560           - out
 118       13642         120      125  126  125     2     0      0        0        0
----       当前进度:  42 % - 组装矩阵
Memory: 1790/1828 1801/1849
----       当前进度:  42 % - 
Memory: 1812/1828 1824/1849
   -       13680           - out
 119       13762         120      126  127  126     2     0      0        0        0
   -       13800           - out
 120       13882         120      127  128  127     2     0      0        0        0
   -       13920           - out
 121       14002         120      128  129  128     2     0      0        0        0
----       当前进度:  43 % - 组装矩阵
Memory: 1791/1828 1802/1849
----       当前进度:  43 % - 
Memory: 1808/1828 1819/1849
   -       14040           - out
 122       14122         120      129  130  129     2     0      0        0        0
   -       14160           - out
 123       14242         120      130  131  130     2     0      0        0        0
   -       14280           - out
 124       14362         120      131  132  131     2     0      0        0        0
----       当前进度:  44 % - 
Memory: 1806/1828 1818/1849
   -       14400           - out
 125       14482         120      132  133  132     2     0      0        0        0
   -       14520           - out
 126       14602         120      133  134  133     2     0      0        0        0
----       当前进度:  45 % - 组装矩阵
Memory: 1792/1828 1801/1849
----       当前进度:  45 % - 
Memory: 1808/1828 1818/1849
   -       14640           - out
 127       14722         120      134  135  134     2     0      0        0        0
----       当前进度:  45 % - 组装矩阵
Memory: 1792/1828 1801/1849
----       当前进度:  45 % - 
Memory: 1809/1828 1818/1849
   -       14760           - out
 128       14842         120      135  136  135     2     0      0        0        0
   -       14880           - out
 129       14962         120      136  137  136     2     0      0        0        0
----       当前进度:  46 % - 
Memory: 1809/1828 1822/1849
 130       14969      6.3063 out  138  139  138     2     0      0        0        0
已在“14969”触发隐式事件“7”。
已在“14969”触发隐式事件“5”。
已在“14969”触发隐式事件“3”。
已在“14969”触发隐式事件“1”。
----       当前进度:  46 % - 约束处理
Memory: 1798/1828 1805/1849
未强制执行重新初始化状态的一致性。
----       当前进度:  46 % - 
Memory: 1810/1828 1814/1849
   -       15000           - out
 131       15089         120      139  140  139     1     0      0        0        0
   -       15120           - out
 132       15209         120      140  141  140     1     0      0        0        0
   -       15240           - out
 133       15329         120      141  142  141     2     0      0        0        0
----       当前进度:  47 % - 组装矩阵
Memory: 1793/1828 1805/1849
----       当前进度:  47 % - 
Memory: 1811/1828 1823/1849
   -       15360           - out
 134       15449         120      142  143  142     2     0      0        0        0
   -       15480           - out
 135       15569         120      143  144  143     2     0      0        0        0
----       当前进度:  47 % - 组装矩阵
Memory: 1793/1828 1797/1849
----       当前进度:  47 % - 
Memory: 1810/1828 1814/1849
   -       15600           - out
 136       15689         120      144  145  144     2     0      0        0        0
----       当前进度:  48 % - 
Memory: 1794/1828 1801/1849
   -       15720           - out
 137       15809         120      145  146  145     2     0      0        0        0
   -       15840           - out
 138       15929         120      146  147  146     2     0      0        0        0
   -       15960           - out
 139       16049         120      147  148  147     2     0      0        0        0
----       当前进度:  49 % - 
Memory: 1811/1828 1818/1849
   -       16080           - out
 140       16169         120      148  149  148     2     0      0        0        0
   -       16200           - out
 141       16289         120      149  150  149     2     0      0        0        0
   -       16320           - out
 142       16409         120      150  151  150     2     0      0        0        0
-----      当前进度:  50 % - 
Memory: 1810/1828 1818/1849
   -       16440           - out
 143       16484      75.599      151  152  151     2     0      0        0        0
-----      当前进度:  50 % - 组装矩阵
Memory: 1793/1828 1797/1849
-----      当前进度:  50 % - 
Memory: 1817/1828 1822/1849
 144       16560      75.599 out  152  153  152     2     0      0        0        0
时间步进已完成。
求解时间：1884 s。 （31 分钟，24 秒）
物理内存: 1.83 GB
虚拟内存: 1.85 GB
结束时间：2026年9月30日 上午5:32:16。
----- O: orbital transient, 3.0 orbits/解 4 (sol4) 中的“瞬态求解器 1” ----------------->
<---- O: orbital transient, 3.0 orbits/解 4 (sol4) 中的“编译方程: 轨道温度” ---------------
开始于 2026年9月30日 上午5:32:16。
几何形函数: 二次拉格朗日单元
几何形函数: 二次拉格朗日单元
几何形函数: 二次拉格朗日单元
几何形函数: 二次拉格朗日单元
几何形函数: 二次拉格朗日单元
几何形函数: 二次拉格朗日单元
-----      当前进度:  50 % - 生成方程
Memory: 1801/1828 1804/1849
-----      当前进度:  51 % - 编译方程: 轨道温度
Memory: 1980/1981 1989/1991
时间：22。
物理内存: 2.08 GB
虚拟内存: 2.09 GB
结束时间：2026年9月30日 上午5:32:38。
----- O: orbital transient, 3.0 orbits/解 4 (sol4) 中的“编译方程: 轨道温度” -------------->
<---- O: orbital transient, 3.0 orbits/解 4 (sol4) 中的“因变量 2” --------------------
开始于 2026年9月30日 上午5:32:38。
待求解变量的初始值: 解 4 (sol4), 解存储 2 (sol5), t=16560 s [自动（单一解）].
不求解变量的值: 解 4 (sol4), 解存储 2 (sol5), t=16560 s [自动（单一解）].
-----      当前进度:  51 % - 因变量 2
Memory: 2086/2086 2097/2097
求解时间：0 s。
物理内存: 2.09 GB
虚拟内存: 2.1 GB
结束时间：2026年9月30日 上午5:32:38。
----- O: orbital transient, 3.0 orbits/解 4 (sol4) 中的“因变量 2” ------------------->
<---- O: orbital transient, 3.0 orbits/解 4 (sol4) 中的“瞬态求解器 2” ------------------
开始于 2026年9月30日 上午5:32:38。
瞬态求解器 (BDF)
-----      当前进度:  52 % - 瞬态求解器 2
Memory: 2138/2138 2158/2158
求解的自由度数：82145（加上 30636 个内部自由度）。
-----      当前进度:  52 % - 组装稀疏模式
Memory: 2159/2160 2170/2170
-----      当前进度:  52 % - 组装矩阵
Memory: 2234/2234 2258/2258
找到对称矩阵。
缩放因变量：
温度 (comp1.T): 3e+02
已使用正交零空间函数。
-----      当前进度:  52 % - 约束处理
Memory: 2286/2294 2301/2310
-----      当前进度:  52 % - 组装稀疏模式
Memory: 2293/2294 2309/2310
-----      当前进度:  52 % - 组装矩阵
Memory: 2291/2303 2305/2319
找到非对称矩阵。
缩放因变量：
温度 (comp1.T2): 3e+02
collected heat Qc (W) (comp1.ODE1): 2e+04
NH3 panel outlet temperatures (K) (comp1.ODE2): 3e+02
radiator flow fractions (comp1.ODE3): 1
已使用正交零空间函数。
-----      当前进度:  52 % - 组装稀疏模式
Memory: 2294/2303 2308/2319
找到对称矩阵。
缩放因变量：
表面辐射度，上侧 (comp1.otl.ds_box.Ju_band): 5.6
表面辐射度，上侧 (comp1.otl.ds_payload.Ju_band): 1e+02
表面辐射度，下侧 (comp1.otl.ds_skin_rus.Jd_band): 1.3e+02
表面辐射度，上侧 (comp1.otl.ds_skin_rus.Ju_band): 1.3e+02
表面辐射度，下侧 (comp1.otl.ds_skin_usos.Jd_band): 66
表面辐射度，上侧 (comp1.otl.ds_skin_usos.Ju_band): 66
表面辐射度，上侧 (comp1.otl.ds_truss.Ju_band): 99
已使用正交零空间函数。
-----      当前进度:  52 % - 约束处理
Memory: 2298/2303 2313/2319
找到对称矩阵。
缩放因变量：
表面辐射度，下侧 (comp1.otl2.ds_hrs.Jd_band): 1.2e+02
表面辐射度，上侧 (comp1.otl2.ds_hrs.Ju_band): 1.2e+02
已使用正交零空间函数。
找到对称矩阵。
缩放因变量：
表面辐射度，下侧 (comp1.otl3.ds_pvr.Jd_band): 1.2e+02
表面辐射度，上侧 (comp1.otl3.ds_pvr.Ju_band): 1.2e+02
表面辐射度，下侧 (comp1.otl3.ds_rsa.Jd_band): 1.6e+02
表面辐射度，上侧 (comp1.otl3.ds_rsa.Ju_band): 1.7e+02
已使用正交零空间函数。
找到对称矩阵。
缩放因变量：
表面辐射度，下侧 (comp1.otl4.ds_saw.Jd_band): 1.6e+02
表面辐射度，上侧 (comp1.otl4.ds_saw.Ju_band): 1.7e+02
已使用正交零空间函数。
-----      当前进度:  52 % - 组装矩阵
Memory: 2339/2339 2357/2357
找到对称矩阵。
-----      当前进度:  52 % - 约束处理
Memory: 2352/2352 2367/2367
-----      当前进度:  52 % - 组装矩阵
Memory: 2354/2354 2371/2371
指示器状态的比例：
comp1.otl2.inEclipse_event: 4e+05
comp1.otl2.outEclipse_event: 4e+05
comp1.otl3.inEclipse_event: 4e+05
comp1.otl3.outEclipse_event: 4e+05
comp1.otl4.inEclipse_event: 4e+05
comp1.otl4.outEclipse_event: 4e+05
comp1.otl.inEclipse_event: 4e+05
comp1.otl.outEclipse_event: 4e+05
Step        Time    Stepsize      Res  Jac  Sol Order Tfail NLfail   LinErr   LinRes
-----      当前进度:  52 % - 约束处理
Memory: 2373/2393 2400/2422
-----      当前进度:  52 % - 组装稀疏模式
Memory: 2382/2393 2410/2422
-----      当前进度:  52 % - 组装矩阵
Memory: 2421/2422 2450/2450
-----      当前进度:  52 % - 矩阵分解
Memory: 2419/2428 2448/2457
-----      当前进度:  52 % - 求解线性方程组
Memory: 2477/2478 2517/2523
-----      当前进度:  52 % - 组装矩阵
Memory: 2518/2518 2553/2553
-----      当前进度:  52 % - 约束处理
Memory: 2628/2661 2659/2692
-----      当前进度:  52 % - 组装稀疏模式
Memory: 2632/2661 2663/2692
-----      当前进度:  52 % - 组装矩阵
Memory: 2642/2661 2688/2692
-----      当前进度:  52 % - 求解线性方程组
Memory: 2665/2666 2703/2706
-----      当前进度:  52 % - 组装矩阵
Memory: 2704/2704 2754/2754
-----      当前进度:  52 % - 求解线性方程组
Memory: 2751/2769 2797/2815
-----      当前进度:  52 % - 组装矩阵
Memory: 2755/2769 2801/2815
-----      当前进度:  52 % - 矩阵分解
Memory: 2776/2776 2819/2819
-----      当前进度:  52 % - 组装矩阵
Memory: 2788/2788 2833/2833
-----      当前进度:  52 % - 约束处理
Memory: 2886/2891 2924/2929
-----      当前进度:  52 % - 组装矩阵
-----      当前进度:  52 % - 求解线性方程组
-----      当前进度:  52 % - 组装矩阵
-----      当前进度:  52 % - 求解线性方程组
-----      当前进度:  52 % - 组装矩阵
-----      当前进度:  52 % - 求解线性方程组
Memory: 2885/2891 2924/2929
-----      当前进度:  52 % - 组装矩阵
-----      当前进度:  52 % - 组装稀疏模式
Memory: 2886/2903 2924/2941
-----      当前进度:  52 % - 组装矩阵
Memory: 2905/2907 2943/2945
-----      当前进度:  52 % - 组装稀疏模式
Memory: 2903/2937 2944/2982
-----      当前进度:  52 % - 组装矩阵
-----      当前进度:  52 % - 矩阵分解
Memory: 2913/2945 2954/2986
-----      当前进度:  52 % - 组装矩阵
-----      当前进度:  52 % - 求解线性方程组
Memory: 2919/2947 2972/3000
-----      当前进度:  52 % - 组装矩阵
Memory: 2920/2952 2972/3005
-----      当前进度:  52 % - 求解线性方程组
Memory: 2937/2971 2990/3024
-----      当前进度:  52 % - 组装矩阵
   0           0           - out  156   18  156                  0
                   Group #1:       26    3   26                     4.9e-16  3.3e-16
                   Group #2:       26    3   26                       4e-16  1.8e-16
                   Group #3:       26    3   26                     3.5e-16  1.5e-16
                   Group #4:       26    3   26                     3.4e-16  1.3e-16
                   Group #5:       26    3   26                       3e-16  1.3e-16
                   Group #6:       26    3   26                     3.3e-16  1.3e-16
指示器状态的比例：
comp1.otl2.inEclipse_event: 4e+05
comp1.otl2.outEclipse_event: 4e+05
comp1.otl3.inEclipse_event: 4e+05
comp1.otl3.outEclipse_event: 4e+05
comp1.otl4.inEclipse_event: 4e+05
comp1.otl4.outEclipse_event: 4e+05
comp1.otl.inEclipse_event: 4e+05
comp1.otl.outEclipse_event: 4e+05
-----      当前进度:  52 % - 组装稀疏模式
Memory: 2944/2977 2998/3030
-----      当前进度:  52 % - 组装矩阵
Memory: 2985/2985 3042/3042
-----      当前进度:  52 % - 矩阵分解
Memory: 2975/3011 3032/3067
-----      当前进度:  52 % - 组装矩阵
Memory: 2975/3011 3031/3067
-----      当前进度:  52 % - 求解线性方程组
Memory: 3014/3042 3061/3098
-----      当前进度:  52 % - 组装矩阵
Memory: 3007/3042 3053/3098
-----      当前进度:  52 % - 求解线性方程组
Memory: 3010/3044 3057/3101
-----      当前进度:  52 % - 组装矩阵
-----      当前进度:  52 % - 求解线性方程组
Memory: 3019/3053 3081/3110
   1          30          30      267   26  266     1     0      1
                   Group #1:       45    5   45                     5.8e-16  3.7e-16
                   Group #2:       45    5   45                     4.3e-16  1.7e-16
                   Group #3:       45    4   44                     3.7e-16  1.4e-16
                   Group #4:       44    4   44                     3.5e-16  1.4e-16
                   Group #5:       44    4   44                     3.9e-16  1.4e-16
                   Group #6:       44    4   44                       3e-16  1.2e-16
-----      当前进度:  52 % - 组装矩阵
Memory: 3038/3053 3098/3110
-----      当前进度:  52 % - 组装稀疏模式
Memory: 3028/3053 3088/3110
-----      当前进度:  52 % - 组装矩阵
Memory: 3067/3067 3125/3128
-----      当前进度:  52 % - 组装稀疏模式
Memory: 3072/3103 3130/3162
-----      当前进度:  52 % - 组装矩阵
Memory: 3080/3103 3139/3162
   -         120           - out
-----      当前进度:  53 % - 组装矩阵
Memory: 3174/3189 3231/3246
   2         150         120      333   32  332     1     0      1
                   Group #1:       56    6   56                     4.3e-16  3.2e-16
                   Group #2:       56    6   56                     3.5e-16  2.3e-16
                   Group #3:       56    5   55                     4.9e-16  1.7e-16
                   Group #4:       55    5   55                     3.7e-16  1.4e-16
                   Group #5:       55    5   55                     3.2e-16  1.2e-16
                   Group #6:       55    5   55                     3.1e-16  1.2e-16
-----      当前进度:  53 % - 组装稀疏模式
Memory: 3159/3189 3218/3246
-----      当前进度:  53 % - 组装矩阵
Memory: 3180/3189 3241/3246
-----      当前进度:  53 % - 组装稀疏模式
Memory: 3168/3202 3226/3259
-----      当前进度:  53 % - 组装矩阵
Memory: 3169/3202 3226/3259
   -         240           - out
   3         270         120      393   38  392     2     0      1
                   Group #1:       66    7   66                     5.7e-16  3.7e-16
                   Group #2:       66    7   66                       7e-16  1.1e-15
                   Group #3:       66    6   65                     5.1e-16    2e-16
                   Group #4:       65    6   65                     3.4e-16  1.3e-16
                   Group #5:       65    6   65                     3.2e-16  1.4e-16
                   Group #6:       65    6   65                     3.5e-16  1.4e-16
-----      当前进度:  53 % - 组装稀疏模式
Memory: 3215/3229 3278/3288
-----      当前进度:  53 % - 组装矩阵
Memory: 3214/3229 3273/3288
-----      当前进度:  53 % - 组装稀疏模式
Memory: 3201/3235 3260/3293
-----      当前进度:  53 % - 组装矩阵
-----      当前进度:  53 % - 矩阵分解
Memory: 3200/3235 3262/3293
-----      当前进度:  53 % - 组装矩阵
Memory: 3219/3236 3277/3295
-----      当前进度:  53 % - 求解线性方程组
Memory: 3224/3257 3286/3317
-----      当前进度:  53 % - 组装矩阵
Memory: 3224/3257 3283/3317
-----      当前进度:  53 % - 求解线性方程组
Memory: 3235/3265 3295/3324
-----      当前进度:  53 % - 组装矩阵
Memory: 3233/3265 3292/3324
-----      当前进度:  53 % - 求解线性方程组
Memory: 3236/3268 3295/3328
-----      当前进度:  53 % - 组装矩阵
   -         360           - out
   4         390         120      471   44  470     2     0      1
                   Group #1:       79    8   79                     4.9e-16  3.4e-16
                   Group #2:       79    8   79                     2.8e-16  1.7e-16
                   Group #3:       79    7   78                     2.8e-16  1.3e-16
                   Group #4:       78    7   78                     3.6e-16  1.3e-16
                   Group #5:       78    7   78                     2.7e-16  1.1e-16
                   Group #6:       78    7   78                     3.2e-16  1.3e-16
-----      当前进度:  53 % - 组装稀疏模式
Memory: 3241/3275 3301/3334
-----      当前进度:  53 % - 组装矩阵
Memory: 3243/3275 3305/3334
-----      当前进度:  53 % - 求解线性方程组
Memory: 3251/3283 3311/3343
-----      当前进度:  53 % - 组装矩阵
-----      当前进度:  53 % - 求解线性方程组
Memory: 3252/3286 3312/3345
-----      当前进度:  53 % - 组装矩阵
Memory: 3257/3286 3317/3345
-----      当前进度:  53 % - 约束处理
Memory: 3255/3289 3315/3349
-----      当前进度:  53 % - 组装矩阵
Memory: 3260/3289 3320/3349
   -         480           - out
-----      当前进度:  54 % - 组装矩阵
Memory: 3261/3289 3320/3349
   5         510         120      549   50  548     2     0      1
                   Group #1:       92    9   92                     5.2e-16  3.4e-16
                   Group #2:       92    9   92                     2.9e-16  1.8e-16
                   Group #3:       92    8   91                     3.1e-16  1.4e-16
                   Group #4:       91    8   91                     3.5e-16  1.3e-16
                   Group #5:       91    8   91                     3.4e-16  1.4e-16
                   Group #6:       91    8   91                     3.3e-16  1.3e-16
-----      当前进度:  54 % - 求解线性方程组
Memory: 3264/3298 3320/3357
-----      当前进度:  54 % - 组装矩阵
   -         600           - out
   6         630         120      603   56  602     2     0      1
                   Group #1:      101   10  101                     4.9e-16  3.2e-16
                   Group #2:      101   10  101                     3.5e-16  2.3e-16
                   Group #3:      101    9  100                     3.2e-16  1.6e-16
                   Group #4:      100    9  100                     3.6e-16  1.4e-16
                   Group #5:      100    9  100                     3.2e-16  1.2e-16
                   Group #6:      100    9  100                     3.2e-16  1.3e-16
-----      当前进度:  54 % - 求解线性方程组
Memory: 3274/3306 3330/3364
-----      当前进度:  54 % - 组装矩阵
-----      当前进度:  54 % - 求解线性方程组
Memory: 3274/3307 3330/3364
-----      当前进度:  54 % - 组装矩阵
-----      当前进度:  54 % - 求解线性方程组
Memory: 3280/3311 3337/3367
-----      当前进度:  54 % - 组装矩阵
   -         720           - out
   7         750         120      657   62  656     2     0      1
                   Group #1:      110   11  110                     4.8e-16  3.2e-16
                   Group #2:      110   11  110                     3.7e-16  2.4e-16
                   Group #3:      110   10  109                     3.9e-16  1.7e-16
                   Group #4:      109   10  109                     3.4e-16  1.3e-16
                   Group #5:      109   10  109                     3.4e-16  1.2e-16
                   Group #6:      109   10  109                     3.3e-16  1.3e-16
-----      当前进度:  54 % - 组装稀疏模式
Memory: 3282/3312 3338/3368
-----      当前进度:  54 % - 组装矩阵
Memory: 3296/3312 3353/3368
-----      当前进度:  54 % - 求解线性方程组
Memory: 3287/3319 3343/3376
-----      当前进度:  54 % - 组装矩阵
   -         840           - out
-----      当前进度:  55 % - 组装矩阵
Memory: 3316/3331 3373/3387
   8         870         120      723   68  722     2     0      1
                   Group #1:      121   12  121                     5.7e-16  4.2e-16
                   Group #2:      121   12  121                     4.4e-16    3e-16
                   Group #3:      121   11  120                     3.6e-16  1.6e-16
                   Group #4:      120   11  120                     3.3e-16  1.3e-16
                   Group #5:      120   11  120                     3.1e-16  1.4e-16
                   Group #6:      120   11  120                     3.1e-16  1.3e-16
-----      当前进度:  55 % - 组装稀疏模式
Memory: 3303/3331 3360/3387
-----      当前进度:  55 % - 组装矩阵
Memory: 3319/3331 3377/3387
-----      当前进度:  55 % - 求解线性方程组
Memory: 3319/3342 3375/3398
-----      当前进度:  55 % - 组装矩阵
Memory: 3319/3352 3375/3409
-----      当前进度:  55 % - 求解线性方程组
Memory: 3327/3358 3383/3414
   -         960           - out
-----      当前进度:  55 % - 组装矩阵
Memory: 3332/3358 3389/3414
   9         990         120      795   74  794     2     0      1
                   Group #1:      133   13  133                       5e-16  3.6e-16
                   Group #2:      133   13  133                     3.1e-16  1.9e-16
                   Group #3:      133   12  132                     3.7e-16  1.6e-16
                   Group #4:      132   12  132                     3.4e-16  1.4e-16
                   Group #5:      132   12  132                     3.1e-16  1.3e-16
                   Group #6:      132   12  132                     3.3e-16  1.3e-16
-----      当前进度:  55 % - 组装稀疏模式
Memory: 3348/3358 3405/3414
-----      当前进度:  55 % - 组装矩阵
Memory: 3341/3358 3402/3414
-----      当前进度:  55 % - 求解线性方程组
Memory: 3331/3364 3389/3420
-----      当前进度:  55 % - 组装矩阵
Memory: 3330/3364 3387/3420
-----      当前进度:  55 % - 求解线性方程组
Memory: 3331/3365 3388/3422
-----      当前进度:  55 % - 组装矩阵
Memory: 3341/3365 3398/3422
   -        1080           - out
  10        1110         120      855   80  854     2     0      1
                   Group #1:      143   14  143                     5.4e-16  3.5e-16
                   Group #2:      143   14  143                     3.8e-16  2.8e-16
                   Group #3:      143   13  142                     3.4e-16  1.5e-16
                   Group #4:      142   13  142                     3.3e-16  1.3e-16
                   Group #5:      142   13  142                     3.1e-16  1.3e-16
                   Group #6:      142   13  142                     2.8e-16  1.3e-16
-----      当前进度:  55 % - 组装稀疏模式
Memory: 3348/3365 3408/3422
-----      当前进度:  55 % - 组装矩阵
Memory: 3353/3365 3413/3422
-----      当前进度:  55 % - 组装稀疏模式
Memory: 3337/3371 3394/3428
-----      当前进度:  55 % - 组装矩阵
Memory: 3339/3371 3395/3428
-----      当前进度:  55 % - 求解线性方程组
Memory: 3338/3371 3394/3428
-----      当前进度:  55 % - 组装矩阵
-----      当前进度:  55 % - 求解线性方程组
Memory: 3340/3373 3397/3430
-----      当前进度:  55 % - 组装矩阵
-----      当前进度:  55 % - 求解线性方程组
Memory: 3341/3374 3397/3430
-----      当前进度:  55 % - 组装矩阵
Memory: 3344/3374 3402/3430
-----      当前进度:  55 % - 求解线性方程组
Memory: 3342/3375 3399/3432
-----      当前进度:  55 % - 组装矩阵
Memory: 3359/3375 3415/3432
-----      当前进度:  55 % - 求解线性方程组
Memory: 3342/3376 3399/3433
-----      当前进度:  55 % - 组装矩阵
Memory: 3343/3376 3400/3433
-----      当前进度:  55 % - 求解线性方程组
-----      当前进度:  55 % - 组装矩阵
-----      当前进度:  55 % - 求解线性方程组
Memory: 3343/3377 3400/3434
-----      当前进度:  55 % - 组装矩阵
Memory: 3345/3377 3401/3434
-----      当前进度:  55 % - 求解线性方程组
Memory: 3344/3378 3401/3435
-----      当前进度:  55 % - 组装矩阵
   -        1200           - out
-----      当前进度:  56 % - 组装矩阵
Memory: 3361/3378 3418/3435
-----      当前进度:  56 % - 
Memory: 3345/3378 3401/3435
  11        1230         120      915   86  914     2     0      1
                   Group #1:      153   15  153                     5.3e-16  3.4e-16
                   Group #2:      153   15  153                     3.1e-16  2.2e-16
                   Group #3:      153   14  152                     2.9e-16  1.4e-16
                   Group #4:      152   14  152                     3.3e-16  1.3e-16
                   Group #5:      152   14  152                     2.8e-16  1.1e-16
                   Group #6:      152   14  152                     3.2e-16  1.3e-16
-----      当前进度:  56 % - 组装矩阵
Memory: 3357/3378 3414/3435
-----      当前进度:  56 % - 组装稀疏模式
Memory: 3337/3378 3393/3435
-----      当前进度:  56 % - 组装矩阵
Memory: 3352/3378 3409/3435
-----      当前进度:  56 % - 求解线性方程组
Memory: 3343/3378 3400/3435
-----      当前进度:  56 % - 组装矩阵
Memory: 3353/3378 3410/3435
-----      当前进度:  56 % - 求解线性方程组
Memory: 3348/3378 3407/3435
   -        1320           - out
-----      当前进度:  56 % - 组装矩阵
Memory: 3359/3378 3418/3435
  12        1350         120      975   92  974     2     0      1
                   Group #1:      163   16  163                     5.5e-16  3.4e-16
                   Group #2:      163   16  163                     3.4e-16    2e-16
                   Group #3:      163   15  162                       3e-16  1.4e-16
                   Group #4:      162   15  162                     3.5e-16  1.4e-16
                   Group #5:      162   15  162                     3.1e-16  1.2e-16
                   Group #6:      162   15  162                     3.3e-16  1.3e-16
-----      当前进度:  56 % - 求解线性方程组
Memory: 3344/3378 3403/3436
-----      当前进度:  56 % - 组装矩阵
-----      当前进度:  56 % - 求解线性方程组
Memory: 3349/3382 3408/3442
-----      当前进度:  56 % - 组装矩阵
Memory: 3350/3382 3409/3442
-----      当前进度:  56 % - 求解线性方程组
Memory: 3355/3382 3414/3442
-----      当前进度:  56 % - 组装矩阵
-----      当前进度:  56 % - 求解线性方程组
Memory: 3355/3387 3414/3446
-----      当前进度:  56 % - 组装矩阵
   -        1440           - out
  13        1470         120     1047   98 1046     2     0      1
                   Group #1:      175   17  175                     4.9e-16  3.2e-16
                   Group #2:      175   17  175                     3.2e-16  2.1e-16
                   Group #3:      175   16  174                     3.1e-16  1.6e-16
                   Group #4:      174   16  174                     3.5e-16  1.4e-16
                   Group #5:      174   16  174                     3.1e-16  1.2e-16
                   Group #6:      174   16  174                     3.1e-16  1.3e-16
-----      当前进度:  56 % - 组装稀疏模式
Memory: 3362/3389 3428/3449
-----      当前进度:  56 % - 组装矩阵
Memory: 3374/3389 3434/3449
-----      当前进度:  56 % - 矩阵分解
Memory: 3365/3389 3424/3449
-----      当前进度:  56 % - 组装矩阵
Memory: 3358/3389 3418/3449
-----      当前进度:  56 % - 组装稀疏模式
Memory: 3360/3394 3420/3453
-----      当前进度:  56 % - 组装矩阵
-----      当前进度:  56 % - 求解线性方程组
Memory: 3362/3394 3421/3453
-----      当前进度:  56 % - 组装矩阵
-----      当前进度:  56 % - 求解线性方程组
Memory: 3375/3408 3435/3468
-----      当前进度:  56 % - 组装矩阵
-----      当前进度:  56 % - 求解线性方程组
Memory: 3377/3410 3437/3470
-----      当前进度:  56 % - 组装矩阵
-----      当前进度:  56 % - 求解线性方程组
Memory: 3379/3412 3439/3472
-----      当前进度:  56 % - 组装矩阵
Memory: 3396/3412 3455/3472
   -        1560           - out
-----      当前进度:  57 % - 组装矩阵
Memory: 3396/3412 3456/3472
  14        1590         120     1119  104 1118     2     0      1
                   Group #1:      187   18  187                     5.2e-16  3.6e-16
                   Group #2:      187   18  187                     3.6e-16  2.2e-16
                   Group #3:      187   17  186                     3.1e-16  1.5e-16
                   Group #4:      186   17  186                     3.3e-16  1.3e-16
                   Group #5:      186   17  186                     2.9e-16  1.2e-16
                   Group #6:      186   17  186                     3.2e-16  1.3e-16
-----      当前进度:  57 % - 组装稀疏模式
Memory: 3380/3412 3440/3472
-----      当前进度:  57 % - 组装矩阵
Memory: 3397/3412 3457/3472
-----      当前进度:  57 % - 组装稀疏模式
Memory: 3380/3414 3440/3474
-----      当前进度:  57 % - 组装矩阵
-----      当前进度:  57 % - 矩阵分解
-----      当前进度:  57 % - 组装矩阵
Memory: 3381/3414 3441/3474
-----      当前进度:  57 % - 求解线性方程组
Memory: 3384/3417 3444/3478
-----      当前进度:  57 % - 组装矩阵
-----      当前进度:  57 % - 求解线性方程组
Memory: 3391/3424 3450/3483
-----      当前进度:  57 % - 组装矩阵
-----      当前进度:  57 % - 矩阵分解
Memory: 3398/3424 3457/3483
-----      当前进度:  57 % - 组装矩阵
Memory: 3391/3424 3450/3483
   -        1680           - out
  15      1695.2      105.23 out 1275  116 1274     2     0      1
                   Group #1:      213   20  213                       5e-16  3.6e-16
                   Group #2:      213   20  213                     3.5e-16  1.8e-16
                   Group #3:      213   19  212                     3.3e-16  1.5e-16
                   Group #4:      212   19  212                     3.6e-16  1.4e-16
                   Group #5:      212   19  212                     3.6e-16  1.3e-16
                   Group #6:      212   19  212                     3.1e-16  1.2e-16
已在“1695.2”触发隐式事件“6”。
已在“1695.2”触发隐式事件“4”。
已在“1695.2”触发隐式事件“2”。
已在“1695.2”触发隐式事件“0”。
-----      当前进度:  57 % - 约束处理
Memory: 3413/3438 3477/3497
未强制执行重新初始化状态的一致性。
-----      当前进度:  57 % - 组装矩阵
-----      当前进度:  57 % - 组装稀疏模式
Memory: 3430/3438 3491/3497
-----      当前进度:  57 % - 组装矩阵
Memory: 3425/3438 3486/3497
-----      当前进度:  57 % - 矩阵分解
Memory: 3416/3438 3476/3497
-----      当前进度:  57 % - 组装矩阵
Memory: 3411/3443 3470/3503
-----      当前进度:  57 % - 组装稀疏模式
Memory: 3411/3444 3470/3504
-----      当前进度:  57 % - 组装矩阵
Memory: 3412/3444 3472/3504
-----      当前进度:  57 % - 求解线性方程组
Memory: 3423/3457 3483/3517
-----      当前进度:  57 % - 组装矩阵
-----      当前进度:  57 % - 求解线性方程组
Memory: 3424/3457 3484/3517
-----      当前进度:  57 % - 组装矩阵
Memory: 3424/3458 3484/3518
-----      当前进度:  57 % - 求解线性方程组
Memory: 3436/3464 3496/3525
-----      当前进度:  57 % - 组装矩阵
Memory: 3433/3464 3493/3525
   -        1800           - out
  16      1815.2         120     1365  122 1364     1     0      1
                   Group #1:      228   21  228                     4.8e-16  3.3e-16
                   Group #2:      228   21  228                     2.8e-16  1.9e-16
                   Group #3:      228   20  227                     2.9e-16  1.4e-16
                   Group #4:      227   20  227                     3.4e-16  1.3e-16
                   Group #5:      227   20  227                     3.5e-16  1.3e-16
                   Group #6:      227   20  227                     3.6e-16  1.4e-16
-----      当前进度:  57 % - 组装稀疏模式
Memory: 3443/3476 3503/3536
-----      当前进度:  57 % - 组装矩阵
Memory: 3460/3476 3525/3536
-----      当前进度:  57 % - 
Memory: 3463/3476 3526/3536
-----      当前进度:  57 % - 组装矩阵
Memory: 3444/3476 3504/3537
-----      当前进度:  57 % - 组装稀疏模式
Memory: 3446/3479 3506/3540
-----      当前进度:  57 % - 组装矩阵
Memory: 3447/3479 3508/3540
-----      当前进度:  57 % - 求解线性方程组
Memory: 3455/3488 3516/3549
-----      当前进度:  57 % - 组装矩阵
   -        1920           - out
-----      当前进度:  58 % - 组装矩阵
Memory: 3472/3488 3533/3549
  17      1935.2         120     1401  128 1400     1     0      1
                   Group #1:      234   22  234                     4.8e-16  3.8e-16
                   Group #2:      234   22  234                     3.6e-16  1.7e-16
                   Group #3:      234   21  233                     3.4e-16  1.4e-16
                   Group #4:      233   21  233                     3.5e-16  1.4e-16
                   Group #5:      233   21  233                     3.7e-16  1.4e-16
                   Group #6:      233   21  233                     3.2e-16  1.2e-16
-----      当前进度:  58 % - 组装稀疏模式
Memory: 3458/3488 3520/3549
-----      当前进度:  58 % - 组装矩阵
Memory: 3475/3488 3536/3549
-----      当前进度:  58 % - 矩阵分解
Memory: 3466/3488 3527/3549
-----      当前进度:  58 % - 组装矩阵
Memory: 3460/3493 3520/3553
-----      当前进度:  58 % - 组装稀疏模式
Memory: 3460/3494 3521/3554
-----      当前进度:  58 % - 组装矩阵
Memory: 3461/3494 3522/3554
   -        2040           - out
  18      2055.2         120     1425  134 1424     2     0      1
                   Group #1:      238   23  238                     5.1e-16  4.1e-16
                   Group #2:      238   23  238                     3.8e-16  1.7e-16
                   Group #3:      238   22  237                     3.4e-16  1.5e-16
                   Group #4:      237   22  237                     3.3e-16  1.3e-16
                   Group #5:      237   22  237                     2.9e-16  1.2e-16
                   Group #6:      237   22  237                     3.4e-16  1.3e-16
   -        2160           - out
-----      当前进度:  58 % - 
Memory: 3466/3501 3527/3563
  19      2175.2         120     1449  140 1448     2     0      1
                   Group #1:      242   24  242                     4.8e-16  3.3e-16
                   Group #2:      242   24  242                     3.2e-16  1.9e-16
                   Group #3:      242   23  241                     3.4e-16  1.4e-16
                   Group #4:      241   23  241                     3.5e-16  1.4e-16
                   Group #5:      241   23  241                       3e-16  1.3e-16
                   Group #6:      241   23  241                     3.4e-16  1.3e-16
-----      当前进度:  58 % - 组装矩阵
Memory: 3479/3501 3539/3563
-----      当前进度:  58 % - 组装稀疏模式
Memory: 3462/3501 3523/3563
-----      当前进度:  58 % - 组装矩阵
Memory: 3479/3501 3540/3563
   -        2280           - out
-----      当前进度:  59 % - 组装矩阵
Memory: 3483/3501 3544/3563
  20      2295.2         120     1473  146 1472     2     0      1
                   Group #1:      246   25  246                     4.7e-16  3.8e-16
                   Group #2:      246   25  246                     3.8e-16  1.7e-16
                   Group #3:      246   24  245                     2.7e-16  1.2e-16
                   Group #4:      245   24  245                     3.5e-16  1.4e-16
                   Group #5:      245   24  245                     2.7e-16  1.2e-16
                   Group #6:      245   24  245                     3.1e-16  1.2e-16
-----      当前进度:  59 % - 组装稀疏模式
Memory: 3467/3501 3527/3563
-----      当前进度:  59 % - 组装矩阵
Memory: 3483/3501 3544/3563
-----      当前进度:  59 % - 
Memory: 3485/3501 3546/3563
-----      当前进度:  59 % - 组装矩阵
Memory: 3484/3501 3545/3563
-----      当前进度:  59 % - 组装稀疏模式
Memory: 3468/3501 3528/3563
-----      当前进度:  59 % - 组装矩阵
Memory: 3469/3501 3530/3563
-----      当前进度:  59 % - 求解线性方程组
Memory: 3469/3502 3533/3563
-----      当前进度:  59 % - 组装矩阵
-----      当前进度:  59 % - 求解线性方程组
Memory: 3470/3503 3534/3567
-----      当前进度:  59 % - 组装矩阵
Memory: 3486/3503 3550/3567
   -        2400           - out
  21      2415.2         120     1497  152 1496     2     0      1
                   Group #1:      250   26  250                     5.2e-16  4.1e-16
                   Group #2:      250   26  250                     3.7e-16  1.7e-16
                   Group #3:      250   25  249                       3e-16  1.4e-16
                   Group #4:      249   25  249                     3.5e-16  1.4e-16
                   Group #5:      249   25  249                       3e-16  1.3e-16
                   Group #6:      249   25  249                     3.3e-16  1.3e-16
   -        2520           - out
  22      2535.2         120     1521  158 1520     2     0      1
                   Group #1:      254   27  254                     5.6e-16  4.6e-16
                   Group #2:      254   27  254                     3.8e-16  1.7e-16
                   Group #3:      254   26  253                     3.6e-16  1.5e-16
                   Group #4:      253   26  253                     3.3e-16  1.3e-16
                   Group #5:      253   26  253                     3.3e-16  1.3e-16
                   Group #6:      253   26  253                     3.2e-16  1.3e-16
-----      当前进度:  59 % - 组装稀疏模式
Memory: 3482/3516 3543/3577
-----      当前进度:  59 % - 组装矩阵
Memory: 3484/3516 3545/3577
-----      当前进度:  59 % - 求解线性方程组
Memory: 3482/3519 3543/3580
-----      当前进度:  59 % - 组装矩阵
Memory: 3484/3519 3546/3580
-----      当前进度:  59 % - 求解线性方程组
-----      当前进度:  59 % - 组装矩阵
-----      当前进度:  59 % - 求解线性方程组
Memory: 3485/3519 3546/3580
-----      当前进度:  59 % - 组装矩阵
-----      当前进度:  59 % - 求解线性方程组
Memory: 3486/3519 3547/3580
-----      当前进度:  59 % - 组装矩阵
   -        2640           - out
------     当前进度:  60 % - 组装矩阵
Memory: 3503/3519 3564/3581
  23      2655.2         120     1545  164 1544     2     0      1
                   Group #1:      258   28  258                     5.3e-16  4.4e-16
                   Group #2:      258   28  258                     3.4e-16  1.5e-16
                   Group #3:      258   27  257                     3.5e-16  1.4e-16
                   Group #4:      257   27  257                     3.4e-16  1.3e-16
                   Group #5:      257   27  257                       3e-16  1.2e-16
                   Group #6:      257   27  257                     3.3e-16  1.3e-16
------     当前进度:  60 % - 组装稀疏模式
Memory: 3486/3519 3547/3581
------     当前进度:  60 % - 组装矩阵
Memory: 3504/3519 3566/3581
------     当前进度:  60 % - 约束处理
Memory: 3499/3519 3563/3581
------     当前进度:  60 % - 组装矩阵
Memory: 3488/3521 3549/3582
   -        2760           - out
  24      2775.2         120     1569  170 1568     2     0      1
                   Group #1:      262   29  262                     5.3e-16  4.3e-16
                   Group #2:      262   29  262                     3.8e-16  1.7e-16
                   Group #3:      262   28  261                     3.4e-16  1.4e-16
                   Group #4:      261   28  261                     3.4e-16  1.4e-16
                   Group #5:      261   28  261                     2.7e-16  1.1e-16
                   Group #6:      261   28  261                     3.2e-16  1.3e-16
------     当前进度:  60 % - 组装稀疏模式
Memory: 3492/3524 3552/3584
------     当前进度:  60 % - 组装矩阵
Memory: 3511/3524 3569/3584
------     当前进度:  60 % - 
Memory: 3512/3524 3570/3584
------     当前进度:  60 % - 组装矩阵
Memory: 3494/3524 3552/3584
   -        2880           - out
  25      2895.2         120     1593  176 1592     2     0      1
                   Group #1:      266   30  266                     5.2e-16  4.2e-16
                   Group #2:      266   30  266                     3.5e-16  1.6e-16
                   Group #3:      266   29  265                     3.4e-16  1.4e-16
                   Group #4:      265   29  265                     3.3e-16  1.4e-16
                   Group #5:      265   29  265                     3.3e-16  1.3e-16
                   Group #6:      265   29  265                     3.1e-16  1.2e-16
------     当前进度:  60 % - 组装稀疏模式
Memory: 3498/3531 3555/3588
------     当前进度:  60 % - 组装矩阵
Memory: 3515/3531 3572/3588
------     当前进度:  60 % - 组装稀疏模式
Memory: 3499/3533 3556/3590
------     当前进度:  60 % - 组装矩阵
Memory: 3501/3533 3560/3590
   -        3000           - out
------     当前进度:  61 % - 组装矩阵
Memory: 3518/3535 3571/3594
  26      3015.2         120     1605  182 1604     2     0      1
                   Group #1:      268   31  268                     5.5e-16  4.3e-16
                   Group #2:      268   31  268                     3.7e-16  1.6e-16
                   Group #3:      268   30  267                     3.3e-16  1.4e-16
                   Group #4:      267   30  267                     3.4e-16  1.3e-16
                   Group #5:      267   30  267                     2.8e-16  1.1e-16
                   Group #6:      267   30  267                     3.2e-16  1.3e-16
------     当前进度:  61 % - 组装稀疏模式
Memory: 3505/3535 3560/3594
------     当前进度:  61 % - 组装矩阵
Memory: 3521/3535 3575/3594
------     当前进度:  61 % - 
Memory: 3523/3535 3577/3594
------     当前进度:  61 % - 组装矩阵
Memory: 3505/3538 3558/3594
   -        3120           - out
  27      3135.2         120     1629  188 1628     2     0      1
                   Group #1:      272   32  272                     5.6e-16  4.4e-16
                   Group #2:      272   32  272                     3.1e-16  1.4e-16
                   Group #3:      272   31  271                     3.4e-16  1.4e-16
                   Group #4:      271   31  271                     3.4e-16  1.4e-16
                   Group #5:      271   31  271                     3.5e-16  1.3e-16
                   Group #6:      271   31  271                     3.2e-16  1.3e-16
------     当前进度:  61 % - 组装稀疏模式
Memory: 3536/3545 3589/3599
------     当前进度:  61 % - 组装矩阵
Memory: 3531/3545 3584/3599
------     当前进度:  61 % - 求解线性方程组
Memory: 3514/3545 3568/3599
------     当前进度:  61 % - 组装矩阵
   -        3240           - out
------     当前进度:  62 % - 组装矩阵
Memory: 3535/3551 3589/3605
  28      3255.2         120     1647  194 1646     2     0      1
                   Group #1:      275   33  275                     5.3e-16  3.8e-16
                   Group #2:      275   33  275                     3.8e-16  1.9e-16
                   Group #3:      275   32  274                     3.4e-16  1.4e-16
                   Group #4:      274   32  274                     3.3e-16  1.4e-16
                   Group #5:      274   32  274                     3.4e-16  1.2e-16
                   Group #6:      274   32  274                     3.1e-16  1.4e-16
------     当前进度:  62 % - 组装稀疏模式
Memory: 3525/3551 3581/3605
------     当前进度:  62 % - 组装矩阵
Memory: 3540/3551 3594/3605
------     当前进度:  62 % - 矩阵分解
Memory: 3530/3551 3584/3605
------     当前进度:  62 % - 组装矩阵
Memory: 3523/3556 3577/3610
------     当前进度:  62 % - 组装稀疏模式
------     当前进度:  62 % - 组装矩阵
   -        3360           - out
  29      3375.2         120     1671  200 1670     2     0      1
                   Group #1:      279   34  279                     5.6e-16  4.3e-16
                   Group #2:      279   34  279                     3.5e-16  1.6e-16
                   Group #3:      279   33  278                     3.3e-16  1.4e-16
                   Group #4:      278   33  278                     3.5e-16  1.4e-16
                   Group #5:      278   33  278                     3.4e-16  1.3e-16
                   Group #6:      278   33  278                     3.2e-16  1.3e-16
------     当前进度:  62 % - 组装稀疏模式
Memory: 3526/3562 3580/3616
------     当前进度:  62 % - 组装矩阵
Memory: 3543/3562 3597/3616
------     当前进度:  62 % - 组装稀疏模式
Memory: 3528/3562 3582/3616
------     当前进度:  62 % - 组装矩阵
   -        3480           - out
  30      3495.2         120     1695  206 1694     2     0      1
                   Group #1:      283   35  283                     5.5e-16  4.1e-16
                   Group #2:      283   35  283                     3.3e-16  1.6e-16
                   Group #3:      283   34  282                     3.8e-16  1.5e-16
                   Group #4:      282   34  282                     3.4e-16  1.3e-16
                   Group #5:      282   34  282                     3.5e-16  1.5e-16
                   Group #6:      282   34  282                     3.1e-16  1.3e-16
------     当前进度:  62 % - 组装稀疏模式
Memory: 3536/3570 3590/3623
------     当前进度:  62 % - 组装矩阵
Memory: 3552/3570 3606/3623
------     当前进度:  62 % - 组装稀疏模式
Memory: 3536/3570 3590/3624
------     当前进度:  62 % - 组装矩阵
------     当前进度:  62 % - 矩阵分解
Memory: 3537/3570 3590/3624
------     当前进度:  62 % - 组装矩阵
   -        3600           - out
------     当前进度:  63 % - 组装矩阵
Memory: 3538/3571 3592/3625
  31      3615.2         120     1707  212 1706     2     0      1
                   Group #1:      285   36  285                     5.7e-16  4.4e-16
                   Group #2:      285   36  285                     3.9e-16  1.7e-16
                   Group #3:      285   35  284                     3.4e-16  1.4e-16
                   Group #4:      284   35  284                     3.6e-16  1.5e-16
                   Group #5:      284   35  284                     2.8e-16  1.4e-16
                   Group #6:      284   35  284                     3.4e-16  1.4e-16
------     当前进度:  63 % - 组装稀疏模式
------     当前进度:  63 % - 组装矩阵
Memory: 3554/3571 3608/3625
------     当前进度:  63 % - 约束处理
Memory: 3548/3571 3602/3625
------     当前进度:  63 % - 组装矩阵
Memory: 3538/3571 3592/3625
------     当前进度:  63 % - 组装稀疏模式
Memory: 3538/3572 3592/3626
------     当前进度:  63 % - 组装矩阵
   -        3720           - out
  32      3735.2         120     1731  218 1730     2     0      1
                   Group #1:      289   37  289                     5.3e-16  4.1e-16
                   Group #2:      289   37  289                     3.8e-16  1.7e-16
                   Group #3:      289   36  288                     3.5e-16  1.4e-16
                   Group #4:      288   36  288                     3.4e-16  1.4e-16
                   Group #5:      288   36  288                     2.5e-16  1.4e-16
                   Group #6:      288   36  288                     3.6e-16  1.4e-16
------     当前进度:  63 % - 组装稀疏模式
Memory: 3540/3574 3594/3628
------     当前进度:  63 % - 组装矩阵
Memory: 3557/3574 3611/3628
------     当前进度:  63 % - 矩阵分解
Memory: 3547/3574 3601/3628
------     当前进度:  63 % - 组装矩阵
Memory: 3541/3574 3595/3628
------     当前进度:  63 % - 求解线性方程组
Memory: 3542/3575 3596/3629
------     当前进度:  63 % - 组装矩阵
   -        3840           - out
  33      3855.2         120     1749  224 1748     2     0      1
                   Group #1:      292   38  292                     5.6e-16  4.2e-16
                   Group #2:      292   38  292                     3.3e-16  1.6e-16
                   Group #3:      292   37  291                     3.5e-16  1.4e-16
                   Group #4:      291   37  291                     3.4e-16  1.4e-16
                   Group #5:      291   37  291                     3.3e-16  1.4e-16
                   Group #6:      291   37  291                     2.8e-16  1.2e-16
------     当前进度:  63 % - 求解线性方程组
Memory: 3563/3596 3617/3651
------     当前进度:  63 % - 组装矩阵
------     当前进度:  63 % - 求解线性方程组
------     当前进度:  63 % - 组装矩阵
------     当前进度:  63 % - 组装稀疏模式
Memory: 3563/3596 3621/3663
------     当前进度:  63 % - 组装矩阵
Memory: 3580/3596 3639/3663
------     当前进度:  63 % - 约束处理
Memory: 3573/3596 3632/3663
------     当前进度:  63 % - 组装矩阵
Memory: 3563/3596 3621/3663
------     当前进度:  63 % - 约束处理
------     当前进度:  63 % - 组装矩阵
  34      3861.6      6.3248 out 1851  236 1850     2     0      1
                   Group #1:      309   40  309                     5.8e-16  4.2e-16
                   Group #2:      309   40  309                     3.7e-16  1.6e-16
                   Group #3:      309   39  308                     3.4e-16  1.4e-16
                   Group #4:      308   39  308                     3.3e-16  1.3e-16
                   Group #5:      308   39  308                     2.8e-16  1.1e-16
                   Group #6:      308   39  308                     3.3e-16  1.3e-16
已在“3861.6”触发隐式事件“7”。
已在“3861.6”触发隐式事件“5”。
已在“3861.6”触发隐式事件“3”。
已在“3861.6”触发隐式事件“1”。
------     当前进度:  63 % - 约束处理
Memory: 3566/3596 3625/3663
未强制执行重新初始化状态的一致性。
------     当前进度:  63 % - 组装矩阵
------     当前进度:  63 % - 组装稀疏模式
Memory: 3582/3596 3641/3663
------     当前进度:  63 % - 组装矩阵
Memory: 3580/3596 3639/3663
------     当前进度:  63 % - 矩阵分解
Memory: 3570/3596 3628/3663
------     当前进度:  63 % - 组装矩阵
Memory: 3563/3596 3621/3663
------     当前进度:  63 % - 求解线性方程组
------     当前进度:  63 % - 组装矩阵
   -        3960           - out
------     当前进度:  64 % - 组装矩阵
Memory: 3581/3612 3639/3671
  35      3981.6         120     1947  242 1946     1     0      1
                   Group #1:      325   41  325                     6.4e-16  4.4e-16
                   Group #2:      325   41  325                     2.9e-16  2.1e-16
                   Group #3:      325   40  324                     3.5e-16  1.6e-16
                   Group #4:      324   40  324                     3.5e-16  1.3e-16
                   Group #5:      324   40  324                     3.7e-16  1.4e-16
                   Group #6:      324   40  324                     3.2e-16  1.3e-16
------     当前进度:  64 % - 组装稀疏模式
Memory: 3602/3612 3661/3671
------     当前进度:  64 % - 组装矩阵
Memory: 3597/3612 3656/3671
------     当前进度:  64 % - 求解线性方程组
Memory: 3585/3619 3640/3678
------     当前进度:  64 % - 组装矩阵
   -        4080           - out
  36      4101.6         120     2019  248 2018     1     0      1
                   Group #1:      337   42  337                     4.9e-16  3.7e-16
                   Group #2:      337   42  337                     3.2e-16  2.2e-16
                   Group #3:      337   41  336                     2.9e-16  1.5e-16
                   Group #4:      336   41  336                     3.5e-16  1.4e-16
                   Group #5:      336   41  336                     3.6e-16  1.4e-16
                   Group #6:      336   41  336                     3.3e-16  1.3e-16
------     当前进度:  64 % - 求解线性方程组
Memory: 3608/3641 3663/3709
------     当前进度:  64 % - 组装矩阵
Memory: 3608/3641 3675/3709
------     当前进度:  64 % - 求解线性方程组
Memory: 3618/3643 3682/3709
------     当前进度:  64 % - 组装矩阵
Memory: 3616/3643 3679/3709
------     当前进度:  64 % - 求解线性方程组
Memory: 3615/3647 3674/3713
------     当前进度:  64 % - 组装矩阵
Memory: 3615/3648 3674/3713
------     当前进度:  64 % - 求解线性方程组
Memory: 3620/3648 3680/3713
   -        4200           - out
------     当前进度:  64 % - 组装矩阵
Memory: 3632/3648 3691/3713
  37      4221.6         120     2097  254 2096     2     0      1
                   Group #1:      350   43  350                     4.7e-16  3.2e-16
                   Group #2:      350   43  350                     3.3e-16    2e-16
                   Group #3:      350   42  349                     3.3e-16  1.5e-16
                   Group #4:      349   42  349                     3.5e-16  1.4e-16
                   Group #5:      349   42  349                     3.3e-16  1.2e-16
                   Group #6:      349   42  349                     3.1e-16  1.2e-16
------     当前进度:  64 % - 组装稀疏模式
Memory: 3639/3648 3699/3713
------     当前进度:  64 % - 组装矩阵
Memory: 3635/3648 3695/3713
------     当前进度:  64 % - 求解线性方程组
Memory: 3626/3648 3685/3713
------     当前进度:  64 % - 组装矩阵
Memory: 3619/3648 3675/3713
   -        4320           - out
------     当前进度:  65 % - 组装矩阵
Memory: 3637/3661 3701/3729
  38      4341.6         120     2163  260 2162     2     0      1
                   Group #1:      361   44  361                     5.9e-16  4.1e-16
                   Group #2:      361   44  361                       3e-16  1.9e-16
                   Group #3:      361   43  360                     3.6e-16  1.7e-16
                   Group #4:      360   43  360                     3.5e-16  1.4e-16
                   Group #5:      360   43  360                     3.7e-16  1.6e-16
                   Group #6:      360   43  360                     3.3e-16  1.3e-16
------     当前进度:  65 % - 组装稀疏模式
Memory: 3625/3661 3685/3729
------     当前进度:  65 % - 组装矩阵
   -        4440           - out
------     当前进度:  65 % - 
Memory: 3630/3662 3697/3730
  39      4461.6         120     2229  266 2228     2     0      1
                   Group #1:      372   45  372                     6.1e-16    4e-16
                   Group #2:      372   45  372                     3.2e-16    2e-16
                   Group #3:      372   44  371                     3.6e-16  1.8e-16
                   Group #4:      371   44  371                     3.4e-16  1.3e-16
                   Group #5:      371   44  371                     3.3e-16  1.2e-16
                   Group #6:      371   44  371                     3.3e-16  1.3e-16
------     当前进度:  65 % - 组装矩阵
Memory: 3642/3662 3710/3730
------     当前进度:  65 % - 
Memory: 3640/3662 3708/3730
------     当前进度:  65 % - 组装矩阵
Memory: 3630/3664 3698/3731
   -        4560           - out
  40      4581.6         120     2289  272 2288     2     0      1
                   Group #1:      382   46  382                       6e-16  3.9e-16
                   Group #2:      382   46  382                     3.1e-16  1.9e-16
                   Group #3:      382   45  381                     3.5e-16  1.7e-16
                   Group #4:      381   45  381                     3.3e-16  1.3e-16
                   Group #5:      381   45  381                     3.3e-16  1.3e-16
                   Group #6:      381   45  381                     3.3e-16  1.3e-16
------     当前进度:  65 % - 组装稀疏模式
Memory: 3664/3680 3729/3744
------     当前进度:  65 % - 组装矩阵
Memory: 3663/3680 3728/3744
   -        4680           - out
------     当前进度:  66 % - 组装矩阵
Memory: 3678/3695 3743/3763
  41      4701.6         120     2349  278 2348     2     0      1
                   Group #1:      392   47  392                     5.5e-16  3.9e-16
                   Group #2:      392   47  392                     2.8e-16  1.8e-16
                   Group #3:      392   46  391                     3.1e-16  1.5e-16
                   Group #4:      391   46  391                     3.3e-16  1.3e-16
                   Group #5:      391   46  391                     3.2e-16  1.2e-16
                   Group #6:      391   46  391                     3.3e-16  1.3e-16
------     当前进度:  66 % - 矩阵分解
Memory: 3660/3696 3724/3763
------     当前进度:  66 % - 组装矩阵
Memory: 3662/3696 3723/3763
   -        4800           - out
  42      4821.6         120     2403  284 2402     2     0      1
                   Group #1:      401   48  401                     5.1e-16  3.5e-16
                   Group #2:      401   48  401                     3.7e-16  2.3e-16
                   Group #3:      401   47  400                     3.2e-16  1.5e-16
                   Group #4:      400   47  400                     3.6e-16  1.4e-16
                   Group #5:      400   47  400                     3.2e-16  1.3e-16
                   Group #6:      400   47  400                     3.3e-16  1.3e-16
------     当前进度:  66 % - 求解线性方程组
Memory: 3672/3706 3740/3774
------     当前进度:  66 % - 组装矩阵
   -        4920           - out
  43      4941.6         120     2457  290 2456     2     0      1
                   Group #1:      410   49  410                     5.3e-16  3.7e-16
                   Group #2:      410   49  410                     3.5e-16  2.4e-16
                   Group #3:      410   48  409                     3.1e-16  1.4e-16
                   Group #4:      409   48  409                     3.5e-16  1.4e-16
                   Group #5:      409   48  409                     2.5e-16  1.1e-16
                   Group #6:      409   48  409                       3e-16  1.2e-16
------     当前进度:  66 % - 求解线性方程组
Memory: 3683/3716 3740/3783
------     当前进度:  66 % - 组装矩阵
Memory: 3684/3716 3752/3783
------     当前进度:  66 % - 求解线性方程组
Memory: 3689/3717 3754/3786
------     当前进度:  66 % - 组装矩阵
Memory: 3684/3717 3748/3786
   -        5040           - out
------     当前进度:  67 % - 组装矩阵
Memory: 3703/3721 3772/3793
  44      5061.6         120     2523  296 2522     2     0      1
                   Group #1:      421   50  421                     4.8e-16  3.5e-16
                   Group #2:      421   50  421                     3.1e-16  2.1e-16
                   Group #3:      421   49  420                     2.7e-16  1.3e-16
                   Group #4:      420   49  420                     3.4e-16  1.4e-16
                   Group #5:      420   49  420                       3e-16  1.3e-16
                   Group #6:      420   49  420                     3.2e-16  1.3e-16
------     当前进度:  67 % - 求解线性方程组
Memory: 3697/3721 3767/3793
------     当前进度:  67 % - 组装矩阵
Memory: 3691/3724 3756/3794
------     当前进度:  67 % - 组装稀疏模式
Memory: 3691/3725 3756/3794
------     当前进度:  67 % - 组装矩阵
Memory: 3693/3725 3758/3794
------     当前进度:  67 % - 求解线性方程组
Memory: 3694/3725 3759/3794
------     当前进度:  67 % - 组装矩阵
Memory: 3691/3727 3756/3794
------     当前进度:  67 % - 求解线性方程组
Memory: 3692/3727 3757/3794
------     当前进度:  67 % - 组装矩阵
------     当前进度:  67 % - 求解线性方程组
------     当前进度:  67 % - 组装矩阵
------     当前进度:  67 % - 求解线性方程组
Memory: 3694/3727 3759/3794
------     当前进度:  67 % - 组装矩阵
   -        5160           - out
  45      5181.6         120     2583  302 2582     2     0      1
                   Group #1:      431   51  431                     4.8e-16  3.3e-16
                   Group #2:      431   51  431                     2.8e-16    2e-16
                   Group #3:      431   50  430                     3.6e-16  1.7e-16
                   Group #4:      430   50  430                     3.3e-16  1.4e-16
                   Group #5:      430   50  430                     2.8e-16  1.3e-16
                   Group #6:      430   50  430                     3.2e-16  1.3e-16
------     当前进度:  67 % - 求解线性方程组
Memory: 3710/3740 3775/3804
------     当前进度:  67 % - 组装矩阵
Memory: 3706/3743 3771/3808
   -        5280           - out
  46      5301.6         120     2643  308 2642     2     0      1
                   Group #1:      441   52  441                     6.1e-16    4e-16
                   Group #2:      441   52  441                     2.9e-16  1.8e-16
                   Group #3:      441   51  440                     3.4e-16  1.5e-16
                   Group #4:      440   51  440                     3.3e-16  1.3e-16
                   Group #5:      440   51  440                     2.1e-16  1.3e-16
                   Group #6:      440   51  440                     3.3e-16  1.3e-16
------     当前进度:  67 % - 组装稀疏模式
Memory: 3725/3756 3785/3826
------     当前进度:  67 % - 组装矩阵
Memory: 3742/3756 3802/3826
------     当前进度:  67 % - 
Memory: 3745/3756 3804/3826
------     当前进度:  67 % - 组装矩阵
Memory: 3727/3760 3798/3826
------     当前进度:  67 % - 矩阵分解
Memory: 3723/3760 3792/3831
------     当前进度:  67 % - 组装矩阵
Memory: 3727/3762 3798/3833
------     当前进度:  67 % - 求解线性方程组
Memory: 3728/3762 3798/3833
------     当前进度:  67 % - 组装矩阵
------     当前进度:  67 % - 求解线性方程组
Memory: 3729/3763 3796/3834
------     当前进度:  67 % - 组装矩阵
Memory: 3730/3763 3797/3834
------     当前进度:  67 % - 求解线性方程组
Memory: 3731/3764 3790/3834
------     当前进度:  67 % - 组装矩阵
   -        5400           - out
------     当前进度:  68 % - 组装矩阵
Memory: 3737/3766 3796/3836
  47      5421.6         120     2703  314 2702     2     0      1
                   Group #1:      451   53  451                     6.2e-16  4.2e-16
                   Group #2:      451   53  451                     2.9e-16  1.8e-16
                   Group #3:      451   52  450                     2.9e-16  1.3e-16
                   Group #4:      450   52  450                     3.4e-16  1.4e-16
                   Group #5:      450   52  450                     3.1e-16  1.3e-16
                   Group #6:      450   52  450                     3.3e-16  1.3e-16
------     当前进度:  68 % - 求解线性方程组
Memory: 3736/3771 3798/3838
------     当前进度:  68 % - 组装矩阵
Memory: 3737/3771 3798/3838
------     当前进度:  68 % - 求解线性方程组
Memory: 3741/3774 3810/3844
------     当前进度:  68 % - 组装矩阵
   -        5520           - out
  48      5541.6         120     2775  320 2774     2     0      1
                   Group #1:      463   54  463                     5.5e-16  3.6e-16
                   Group #2:      463   54  463                     3.8e-16  2.2e-16
                   Group #3:      463   53  462                     4.1e-16  1.8e-16
                   Group #4:      462   53  462                     3.3e-16  1.3e-16
                   Group #5:      462   53  462                     3.2e-16  1.3e-16
                   Group #6:      462   53  462                     3.2e-16  1.2e-16
------     当前进度:  68 % - 组装稀疏模式
Memory: 3738/3776 3808/3850
------     当前进度:  68 % - 组装矩阵
Memory: 3754/3776 3825/3850
   -        5640           - out
  49      5661.6         120     2841  326 2840     2     0      1
                   Group #1:      474   55  474                     5.3e-16  3.4e-16
                   Group #2:      474   55  474                     3.2e-16    2e-16
                   Group #3:      474   54  473                     2.9e-16  1.4e-16
                   Group #4:      473   54  473                     3.3e-16  1.3e-16
                   Group #5:      473   54  473                     2.8e-16  1.1e-16
                   Group #6:      473   54  473                     3.1e-16  1.2e-16
------     当前进度:  68 % - 求解线性方程组
Memory: 3678/3786 3824/3864
------     当前进度:  68 % - 组装矩阵
   -        5760           - out
------     当前进度:  69 % - 组装矩阵
Memory: 3687/3786 3836/3868
  50      5781.6         120     2913  332 2912     2     0      1
                   Group #1:      486   56  486                     6.3e-16  4.1e-16
                   Group #2:      486   56  486                     2.9e-16  1.7e-16
                   Group #3:      486   55  485                     3.3e-16  1.5e-16
                   Group #4:      485   55  485                     3.3e-16  1.3e-16
                   Group #5:      485   55  485                     3.8e-16  1.5e-16
                   Group #6:      485   55  485                     3.3e-16  1.3e-16
------     当前进度:  69 % - 求解线性方程组
Memory: 3695/3786 3842/3879
------     当前进度:  69 % - 组装矩阵
Memory: 3695/3786 3838/3879
------     当前进度:  69 % - 求解线性方程组
Memory: 3704/3786 3850/3892
   -        5880           - out
------     当前进度:  69 % - 组装矩阵
Memory: 3718/3786 3864/3892
  51      5901.6         120     2991  338 2990     2     0      1
                   Group #1:      499   57  499                     4.6e-16  3.2e-16
                   Group #2:      499   57  499                     2.8e-16  1.7e-16
                   Group #3:      499   56  498                     3.6e-16  1.4e-16
                   Group #4:      498   56  498                     3.7e-16  1.5e-16
                   Group #5:      498   56  498                     2.7e-16  1.1e-16
                   Group #6:      498   56  498                     3.2e-16  1.2e-16
------     当前进度:  69 % - 求解线性方程组
Memory: 3703/3786 3853/3894
------     当前进度:  69 % - 组装矩阵
------     当前进度:  69 % - 求解线性方程组
Memory: 3705/3786 3848/3894
------     当前进度:  69 % - 组装矩阵
   -        6000           - out
-------    当前进度:  70 % - 组装矩阵
Memory: 3714/3786 3873/3901
  52      6021.6         120     3063  344 3062     2     0      1
                   Group #1:      511   58  511                     5.6e-16  3.8e-16
                   Group #2:      511   58  511                     2.9e-16  1.8e-16
                   Group #3:      511   57  510                     3.1e-16  1.4e-16
                   Group #4:      510   57  510                     3.4e-16  1.4e-16
                   Group #5:      510   57  510                     3.2e-16  1.2e-16
                   Group #6:      510   57  510                     3.2e-16  1.2e-16
-------    当前进度:  70 % - 组装稀疏模式
Memory: 3724/3786 3884/3901
-------    当前进度:  70 % - 组装矩阵
Memory: 3723/3786 3883/3901
-------    当前进度:  70 % - 组装稀疏模式
Memory: 3708/3786 3859/3901
-------    当前进度:  70 % - 组装矩阵
-------    当前进度:  70 % - 求解线性方程组
Memory: 3714/3786 3865/3909
-------    当前进度:  70 % - 组装矩阵
   -        6120           - out
  53      6141.6         120     3123  350 3122     2     0      1
                   Group #1:      521   59  521                     5.5e-16  3.7e-16
                   Group #2:      521   59  521                     3.2e-16  1.9e-16
                   Group #3:      521   58  520                     3.3e-16  1.5e-16
                   Group #4:      520   58  520                     3.7e-16  1.4e-16
                   Group #5:      520   58  520                     3.3e-16  1.2e-16
                   Group #6:      520   58  520                     2.9e-16  1.2e-16
-------    当前进度:  70 % - 组装稀疏模式
Memory: 3716/3786 3876/3913
-------    当前进度:  70 % - 组装矩阵
-------    当前进度:  70 % - 求解线性方程组
Memory: 3721/3786 3883/3916
-------    当前进度:  70 % - 组装矩阵
-------    当前进度:  70 % - 求解线性方程组
Memory: 3695/3786 3883/3920
-------    当前进度:  70 % - 组装矩阵
Memory: 3695/3786 3879/3920
   -        6240           - out
  54      6261.6         120     3177  356 3176     2     0      1
                   Group #1:      530   60  530                     5.3e-16  3.5e-16
                   Group #2:      530   60  530                     3.2e-16  1.9e-16
                   Group #3:      530   59  529                     3.3e-16  1.5e-16
                   Group #4:      529   59  529                     3.3e-16  1.3e-16
                   Group #5:      529   59  529                     4.1e-16  1.4e-16
                   Group #6:      529   59  529                     3.3e-16  1.3e-16
-------    当前进度:  70 % - 矩阵分解
Memory: 3702/3786 3885/3923
-------    当前进度:  70 % - 组装矩阵
Memory: 3709/3786 3890/3923
-------    当前进度:  70 % - 求解线性方程组
Memory: 3705/3786 3886/3923
-------    当前进度:  70 % - 组装矩阵
   -        6360           - out
-------    当前进度:  71 % - 组装矩阵
Memory: 3729/3786 3906/3937
  55      6381.6         120     3243  362 3242     2     0      1
                   Group #1:      541   61  541                     5.3e-16  3.7e-16
                   Group #2:      541   61  541                     3.5e-16  2.3e-16
                   Group #3:      541   60  540                     3.5e-16  1.7e-16
                   Group #4:      540   60  540                     3.5e-16  1.4e-16
                   Group #5:      540   60  540                     2.6e-16  1.3e-16
                   Group #6:      540   60  540                     3.2e-16  1.3e-16
-------    当前进度:  71 % - 组装稀疏模式
Memory: 3727/3786 3904/3937
-------    当前进度:  71 % - 组装矩阵
Memory: 3742/3786 3920/3937
-------    当前进度:  71 % - 
Memory: 3745/3786 3922/3937
-------    当前进度:  71 % - 组装矩阵
Memory: 3727/3786 3904/3937
-------    当前进度:  71 % - 组装稀疏模式
-------    当前进度:  71 % - 组装矩阵
Memory: 3728/3786 3908/3937
-------    当前进度:  71 % - 求解线性方程组
Memory: 3727/3786 3901/3942
-------    当前进度:  71 % - 组装矩阵
-------    当前进度:  71 % - 求解线性方程组
Memory: 3728/3786 3914/3947
-------    当前进度:  71 % - 组装矩阵
-------    当前进度:  71 % - 求解线性方程组
Memory: 3729/3786 3915/3948
-------    当前进度:  71 % - 组装矩阵
Memory: 3730/3786 3915/3948
   -        6480           - out
-------    当前进度:  71 % - 
Memory: 3699/3786 3908/3952
  56      6501.6         120     3309  368 3308     2     0      1
                   Group #1:      552   62  552                     5.8e-16  3.7e-16
                   Group #2:      552   62  552                     3.2e-16    2e-16
                   Group #3:      552   61  551                     3.4e-16  1.7e-16
                   Group #4:      551   61  551                     3.5e-16  1.4e-16
                   Group #5:      551   61  551                       3e-16  1.3e-16
                   Group #6:      551   61  551                     3.2e-16  1.3e-16
-------    当前进度:  71 % - 组装矩阵
Memory: 3718/3786 3929/3952
-------    当前进度:  71 % - 求解线性方程组
Memory: 3711/3786 3920/3952
-------    当前进度:  71 % - 组装矩阵
Memory: 3704/3786 3925/3952
-------    当前进度:  71 % - 组装稀疏模式
Memory: 3704/3786 3921/3958
-------    当前进度:  71 % - 组装矩阵
Memory: 3705/3786 3922/3958
   -        6600           - out
  57      6621.6         120     3369  374 3368     2     0      1
                   Group #1:      562   63  562                     4.5e-16  3.3e-16
                   Group #2:      562   63  562                     3.1e-16  1.9e-16
                   Group #3:      562   62  561                     3.9e-16  1.8e-16
                   Group #4:      561   62  561                     3.3e-16  1.3e-16
                   Group #5:      561   62  561                     3.2e-16  1.3e-16
                   Group #6:      561   62  561                     3.1e-16  1.4e-16
-------    当前进度:  71 % - 组装稀疏模式
Memory: 3709/3786 3921/3965
-------    当前进度:  71 % - 组装矩阵
Memory: 3725/3786 3937/3965
-------    当前进度:  71 % - 
Memory: 3733/3786 3948/3965
-------    当前进度:  71 % - 组装矩阵
Memory: 3710/3786 3933/3965
-------    当前进度:  71 % - 组装稀疏模式
Memory: 3710/3786 3929/3967
-------    当前进度:  71 % - 组装矩阵
Memory: 3712/3786 3933/3967
-------    当前进度:  71 % - 求解线性方程组
Memory: 3713/3786 3936/3973
-------    当前进度:  71 % - 组装矩阵
Memory: 3714/3786 3936/3973
   -        6720           - out
-------    当前进度:  72 % - 组装矩阵
Memory: 3733/3786 3945/3973
-------    当前进度:  72 % - 
Memory: 3717/3786 3928/3973
  58      6741.6         120     3423  380 3422     2     0      1
                   Group #1:      571   64  571                     4.5e-16  3.1e-16
                   Group #2:      571   64  571                     3.1e-16  1.9e-16
                   Group #3:      571   63  570                       3e-16  1.5e-16
                   Group #4:      570   63  570                     3.3e-16  1.4e-16
                   Group #5:      570   63  570                     3.4e-16  1.3e-16
                   Group #6:      570   63  570                     3.4e-16  1.3e-16
-------    当前进度:  72 % - 组装矩阵
Memory: 3733/3786 3945/3973
-------    当前进度:  72 % - 组装稀疏模式
Memory: 3717/3786 3928/3973
-------    当前进度:  72 % - 组装矩阵
Memory: 3733/3786 3945/3973
-------    当前进度:  72 % - 求解线性方程组
Memory: 3720/3786 3933/3974
-------    当前进度:  72 % - 组装矩阵
Memory: 3720/3786 3934/3974
-------    当前进度:  72 % - 求解线性方程组
Memory: 3721/3786 3935/3974
-------    当前进度:  72 % - 组装矩阵
   -        6840           - out
  59      6861.6         120     3483  386 3482     2     0      1
                   Group #1:      581   65  581                     4.8e-16  3.4e-16
                   Group #2:      581   65  581                     3.2e-16    2e-16
                   Group #3:      581   64  580                     3.2e-16  1.5e-16
                   Group #4:      580   64  580                     3.3e-16  1.3e-16
                   Group #5:      580   64  580                     2.8e-16  1.2e-16
                   Group #6:      580   64  580                     2.9e-16  1.3e-16
-------    当前进度:  72 % - 组装稀疏模式
Memory: 3745/3786 3962/3984
-------    当前进度:  72 % - 组装矩阵
Memory: 3742/3786 3957/3984
-------    当前进度:  72 % - 矩阵分解
Memory: 3737/3786 3953/3984
-------    当前进度:  72 % - 组装矩阵
Memory: 3726/3786 3937/3984
-------    当前进度:  72 % - 组装稀疏模式
Memory: 3726/3786 3949/3987
-------    当前进度:  72 % - 组装矩阵
-------    当前进度:  72 % - 求解线性方程组
Memory: 3728/3786 3952/3987
-------    当前进度:  72 % - 组装矩阵
-------    当前进度:  72 % - 求解线性方程组
Memory: 3752/3786 3970/4003
-------    当前进度:  72 % - 组装矩阵
Memory: 3751/3786 3967/4003
   -        6960           - out
  60      6981.6         120     3555  392 3554     2     0      1
                   Group #1:      593   66  593                     5.2e-16  3.6e-16
                   Group #2:      593   66  593                       3e-16    2e-16
                   Group #3:      593   65  592                     2.9e-16  1.6e-16
                   Group #4:      592   65  592                     3.3e-16  1.3e-16
                   Group #5:      592   65  592                     3.3e-16  1.4e-16
                   Group #6:      592   65  592                     3.4e-16  1.3e-16
-------    当前进度:  72 % - 组装稀疏模式
Memory: 3755/3788 3978/4015
-------    当前进度:  72 % - 组装矩阵
Memory: 3771/3788 3995/4015
-------    当前进度:  72 % - 矩阵分解
Memory: 3766/3788 3990/4015
-------    当前进度:  72 % - 组装矩阵
Memory: 3755/3789 3974/4015
-------    当前进度:  72 % - 组装稀疏模式
Memory: 3756/3790 3974/4015
-------    当前进度:  72 % - 组装矩阵
-------    当前进度:  72 % - 求解线性方程组
Memory: 3759/3794 3975/4017
-------    当前进度:  72 % - 组装矩阵
Memory: 3759/3794 3971/4017
-------    当前进度:  72 % - 求解线性方程组
Memory: 3761/3794 3979/4020
-------    当前进度:  72 % - 组装矩阵
   -        7080           - out
-------    当前进度:  73 % - 组装矩阵
Memory: 3779/3796 3990/4022
  61      7101.6         120     3627  398 3626     2     0      1
                   Group #1:      605   67  605                     5.3e-16  3.8e-16
                   Group #2:      605   67  605                     3.1e-16  1.9e-16
                   Group #3:      605   66  604                     3.2e-16  1.6e-16
                   Group #4:      604   66  604                     3.4e-16  1.3e-16
                   Group #5:      604   66  604                     3.4e-16  1.4e-16
                   Group #6:      604   66  604                     3.3e-16  1.3e-16
-------    当前进度:  73 % - 组装稀疏模式
Memory: 3768/3796 3983/4022
-------    当前进度:  73 % - 组装矩阵
Memory: 3778/3796 3990/4022
-------    当前进度:  73 % - 矩阵分解
Memory: 3764/3797 3987/4022
-------    当前进度:  73 % - 组装矩阵
Memory: 3764/3797 3986/4022
-------    当前进度:  73 % - 求解线性方程组
Memory: 3766/3800 3988/4022
-------    当前进度:  73 % - 组装矩阵
Memory: 3764/3800 3984/4022
-------    当前进度:  73 % - 求解线性方程组
Memory: 3772/3805 3989/4022
-------    当前进度:  73 % - 组装矩阵
Memory: 3772/3805 3989/4023
-------    当前进度:  73 % - 求解线性方程组
Memory: 3772/3806 3990/4024
-------    当前进度:  73 % - 组装矩阵
Memory: 3804/3806 4022/4024
   -        7200           - out
  62      7221.6         120     3687  404 3686     2     0      1
                   Group #1:      615   68  615                       5e-16  3.9e-16
                   Group #2:      615   68  615                     3.3e-16  2.1e-16
                   Group #3:      615   67  614                     3.1e-16  1.5e-16
                   Group #4:      614   67  614                     3.6e-16  1.4e-16
                   Group #5:      614   67  614                     3.3e-16  1.3e-16
                   Group #6:      614   67  614                     3.3e-16  1.4e-16
-------    当前进度:  73 % - 组装稀疏模式
Memory: 3773/3807 3991/4024
-------    当前进度:  73 % - 组装矩阵
-------    当前进度:  73 % - 求解线性方程组
Memory: 3774/3808 3997/4035
-------    当前进度:  73 % - 组装矩阵
Memory: 3774/3808 3994/4035
-------    当前进度:  73 % - 求解线性方程组
Memory: 3783/3814 4002/4040
-------    当前进度:  73 % - 组装矩阵
Memory: 3781/3814 3999/4040
-------    当前进度:  73 % - 矩阵分解
Memory: 3733/3817 4009/4040
-------    当前进度:  73 % - 求解线性方程组
-------    当前进度:  73 % - 组装矩阵
Memory: 3724/3817 3997/4040
-------    当前进度:  73 % - 组装稀疏模式
Memory: 3723/3817 4006/4043
-------    当前进度:  73 % - 组装矩阵
Memory: 3724/3817 4006/4043
-------    当前进度:  73 % - 求解线性方程组
Memory: 3728/3817 4004/4043
-------    当前进度:  73 % - 组装矩阵
-------    当前进度:  73 % - 求解线性方程组
Memory: 3728/3817 4005/4043
-------    当前进度:  73 % - 组装矩阵
Memory: 3724/3817 4005/4043
-------    当前进度:  73 % - 求解线性方程组
Memory: 3718/3817 4019/4052
-------    当前进度:  73 % - 组装矩阵
Memory: 3735/3817 4035/4052
-------    当前进度:  73 % - 求解线性方程组
Memory: 3719/3817 4019/4052
-------    当前进度:  73 % - 组装矩阵
-------    当前进度:  73 % - 
Memory: 3721/3817 4021/4053
-------    当前进度:  73 % - 组装矩阵
Memory: 3721/3817 4021/4055
-------    当前进度:  73 % - 求解线性方程组
Memory: 3723/3817 4016/4055
-------    当前进度:  73 % - 组装矩阵
-------    当前进度:  73 % - 求解线性方程组
Memory: 3724/3817 4009/4055
-------    当前进度:  73 % - 组装矩阵
Memory: 3723/3817 4009/4055
  63      7248.9      27.318 out 3831  416 3830     2     0      1
                   Group #1:      639   70  639                     6.4e-16    4e-16
                   Group #2:      639   70  639                     3.7e-16  1.8e-16
                   Group #3:      639   69  638                     3.2e-16  1.4e-16
                   Group #4:      638   69  638                     3.1e-16  1.3e-16
                   Group #5:      638   69  638                     3.6e-16  1.3e-16
                   Group #6:      638   69  638                     3.3e-16  1.3e-16
已在“7248.9”触发隐式事件“6”。
已在“7248.9”触发隐式事件“4”。
已在“7248.9”触发隐式事件“2”。
已在“7248.9”触发隐式事件“0”。
-------    当前进度:  73 % - 约束处理
Memory: 3709/3817 4027/4056
未强制执行重新初始化状态的一致性。
-------    当前进度:  73 % - 组装矩阵
-------    当前进度:  73 % - 组装稀疏模式
Memory: 3708/3817 4023/4056
-------    当前进度:  73 % - 组装矩阵
Memory: 3726/3817 4041/4056
-------    当前进度:  73 % - 矩阵分解
Memory: 3645/3817 4030/4056
-------    当前进度:  73 % - 组装矩阵
Memory: 3564/3817 4023/4056
-------    当前进度:  73 % - 组装稀疏模式
Memory: 3251/3817 4017/4056
-------    当前进度:  73 % - 组装矩阵
Memory: 3255/3817 4018/4056
-------    当前进度:  73 % - 求解线性方程组
-------    当前进度:  73 % - 组装矩阵
Memory: 3271/3817 4033/4056
-------    当前进度:  73 % - 求解线性方程组
Memory: 3254/3817 4017/4056
-------    当前进度:  73 % - 组装矩阵
Memory: 3255/3817 4018/4056
-------    当前进度:  73 % - 求解线性方程组
Memory: 3256/3817 4018/4056
-------    当前进度:  73 % - 组装矩阵
-------    当前进度:  73 % - 求解线性方程组
-------    当前进度:  73 % - 组装矩阵
Memory: 3256/3817 4014/4056
-------    当前进度:  73 % - 约束处理
Memory: 3259/3817 4032/4066
-------    当前进度:  73 % - 组装矩阵
Memory: 3267/3817 4041/4066
-------    当前进度:  73 % - 求解线性方程组
Memory: 3277/3817 4035/4068
-------    当前进度:  73 % - 组装矩阵
   -        7320           - out
  64      7368.9         120     3933  422 3932     1     0      1
                   Group #1:      656   71  656                     4.8e-16  3.5e-16
                   Group #2:      656   71  656                       3e-16    2e-16
                   Group #3:      656   70  655                     3.2e-16  1.4e-16
                   Group #4:      655   70  655                     3.4e-16  1.4e-16
                   Group #5:      655   70  655                       3e-16  1.2e-16
                   Group #6:      655   70  655                     3.3e-16  1.3e-16
-------    当前进度:  73 % - 
Memory: 3285/3817 4050/4084
-------    当前进度:  73 % - 组装矩阵
Memory: 3294/3817 4059/4084
-------    当前进度:  73 % - 组装稀疏模式
Memory: 3287/3817 4050/4084
-------    当前进度:  73 % - 组装矩阵
Memory: 3306/3817 4070/4084
-------    当前进度:  73 % - 组装稀疏模式
Memory: 3290/3817 4052/4086
-------    当前进度:  73 % - 组装矩阵
Memory: 3292/3817 4056/4086
-------    当前进度:  73 % - 求解线性方程组
Memory: 3293/3817 4054/4090
-------    当前进度:  73 % - 组装矩阵
-------    当前进度:  73 % - 求解线性方程组
Memory: 3294/3817 4055/4090
-------    当前进度:  73 % - 组装矩阵
-------    当前进度:  73 % - 求解线性方程组
Memory: 3295/3817 4056/4090
-------    当前进度:  73 % - 组装矩阵
-------    当前进度:  73 % - 求解线性方程组
Memory: 3296/3817 4057/4090
   -        7440           - out
-------    当前进度:  74 % - 组装矩阵
Memory: 3313/3817 4074/4090
  65      7488.9         120     3969  428 3968     1     0      1
                   Group #1:      662   72  662                     5.2e-16  3.9e-16
                   Group #2:      662   72  662                     3.3e-16  1.6e-16
                   Group #3:      662   71  661                     3.4e-16  1.4e-16
                   Group #4:      661   71  661                     3.4e-16  1.3e-16
                   Group #5:      661   71  661                     3.2e-16  1.1e-16
                   Group #6:      661   71  661                     3.1e-16  1.2e-16
-------    当前进度:  74 % - 组装稀疏模式
Memory: 3318/3817 4080/4090
-------    当前进度:  74 % - 组装矩阵
Memory: 3322/3817 4084/4090
-------    当前进度:  74 % - 矩阵分解
Memory: 3307/3817 4068/4090
-------    当前进度:  74 % - 组装矩阵
Memory: 3300/3817 4061/4090
-------    当前进度:  74 % - 求解线性方程组
Memory: 3300/3817 4059/4096
-------    当前进度:  74 % - 组装矩阵
Memory: 3300/3817 4055/4096
   -        7560           - out
  66      7608.9         120     3993  434 3992     2     0      1
                   Group #1:      666   73  666                     5.1e-16  3.9e-16
                   Group #2:      666   73  666                     3.9e-16  1.7e-16
                   Group #3:      666   72  665                     3.5e-16  1.5e-16
                   Group #4:      665   72  665                     3.6e-16  1.4e-16
                   Group #5:      665   72  665                     3.3e-16  1.3e-16
                   Group #6:      665   72  665                     3.5e-16  1.4e-16
-------    当前进度:  74 % - 组装稀疏模式
Memory: 3324/3817 4075/4099
-------    当前进度:  74 % - 组装矩阵
Memory: 3319/3817 4070/4099
-------    当前进度:  74 % - 
Memory: 3321/3817 4072/4099
-------    当前进度:  74 % - 组装矩阵
Memory: 3322/3817 4070/4099
   -        7680           - out
-------    当前进度:  74 % - 
Memory: 3309/3817 4070/4103
  67      7728.9         120     4017  440 4016     2     0      1
                   Group #1:      670   74  670                     5.9e-16  4.1e-16
                   Group #2:      670   74  670                     3.4e-16  1.8e-16
                   Group #3:      670   73  669                     3.3e-16  1.4e-16
                   Group #4:      669   73  669                     3.2e-16  1.3e-16
                   Group #5:      669   73  669                     3.4e-16  1.3e-16
                   Group #6:      669   73  669                     3.3e-16  1.3e-16
-------    当前进度:  74 % - 组装矩阵
Memory: 3322/3817 4082/4103
-------    当前进度:  74 % - 组装稀疏模式
Memory: 3306/3817 4066/4103
-------    当前进度:  74 % - 组装矩阵
Memory: 3323/3817 4084/4103
-------    当前进度:  74 % - 求解线性方程组
Memory: 3307/3817 4067/4103
-------    当前进度:  74 % - 组装矩阵
Memory: 3315/3817 4075/4103
-------    当前进度:  74 % - 组装稀疏模式
Memory: 3308/3817 4067/4103
-------    当前进度:  74 % - 组装矩阵
-------    当前进度:  74 % - 求解线性方程组
Memory: 3315/3817 4075/4109
-------    当前进度:  74 % - 组装矩阵
Memory: 3316/3817 4075/4109
   -        7800           - out
-------    当前进度:  75 % - 组装矩阵
Memory: 3334/3817 4089/4110
  68      7848.9         120     4041  446 4040     2     0      1
                   Group #1:      674   75  674                       5e-16  3.8e-16
                   Group #2:      674   75  674                     3.4e-16  1.5e-16
                   Group #3:      674   74  673                     2.8e-16  1.3e-16
                   Group #4:      673   74  673                     3.4e-16  1.3e-16
                   Group #5:      673   74  673                     2.9e-16  1.1e-16
                   Group #6:      673   74  673                       3e-16  1.2e-16
-------    当前进度:  75 % - 组装稀疏模式
Memory: 3317/3817 4072/4110
-------    当前进度:  75 % - 组装矩阵
Memory: 3334/3817 4089/4110
   -        7920           - out
  69      7968.9         120     4065  452 4064     2     0      1
                   Group #1:      678   76  678                     5.3e-16  4.2e-16
                   Group #2:      678   76  678                     3.7e-16  1.6e-16
                   Group #3:      678   75  677                     3.2e-16  1.5e-16
                   Group #4:      677   75  677                     3.4e-16  1.4e-16
                   Group #5:      677   75  677                     3.1e-16  1.3e-16
                   Group #6:      677   75  677                     3.3e-16  1.3e-16
-------    当前进度:  75 % - 求解线性方程组
Memory: 3329/3817 4084/4110
-------    当前进度:  75 % - 组装矩阵
Memory: 3317/3817 4072/4110
-------    当前进度:  75 % - 矩阵分解
Memory: 3316/3817 4074/4110
-------    当前进度:  75 % - 组装矩阵
Memory: 3351/3817 4106/4110
   -        8040           - out
-------    当前进度:  76 % - 组装矩阵
Memory: 3339/3817 4095/4110
  70      8088.9         120     4089  458 4088     2     0      1
                   Group #1:      682   77  682                     5.2e-16  4.4e-16
                   Group #2:      682   77  682                     3.6e-16  1.6e-16
                   Group #3:      682   76  681                     3.4e-16  1.4e-16
                   Group #4:      681   76  681                     3.5e-16  1.4e-16
                   Group #5:      681   76  681                     3.4e-16  1.2e-16
                   Group #6:      681   76  681                     3.4e-16  1.3e-16
-------    当前进度:  76 % - 组装稀疏模式
Memory: 3327/3817 4082/4110
-------    当前进度:  76 % - 组装矩阵
Memory: 3354/3817 4110/4110
-------    当前进度:  76 % - 矩阵分解
Memory: 3334/3817 4089/4110
-------    当前进度:  76 % - 组装矩阵
Memory: 3323/3817 4078/4111
-------    当前进度:  76 % - 求解线性方程组
-------    当前进度:  76 % - 组装矩阵
Memory: 3339/3817 4095/4111
   -        8160           - out
  71      8208.9         120     4113  464 4112     2     0      1
                   Group #1:      686   78  686                     5.3e-16  4.4e-16
                   Group #2:      686   78  686                     3.8e-16  1.7e-16
                   Group #3:      686   77  685                     3.4e-16  1.4e-16
                   Group #4:      685   77  685                     3.5e-16  1.4e-16
                   Group #5:      685   77  685                     2.8e-16  1.1e-16
                   Group #6:      685   77  685                     3.1e-16  1.2e-16
-------    当前进度:  76 % - 组装稀疏模式
Memory: 3334/3817 4089/4117
-------    当前进度:  76 % - 组装矩阵
Memory: 3346/3817 4101/4117
-------    当前进度:  76 % - 矩阵分解
Memory: 3341/3817 4096/4117
-------    当前进度:  76 % - 组装矩阵
Memory: 3330/3817 4085/4117
-------    当前进度:  76 % - 组装稀疏模式
Memory: 3330/3817 4085/4119
-------    当前进度:  76 % - 组装矩阵
   -        8280           - out
  72      8328.9         120     4137  470 4136     2     0      1
                   Group #1:      690   79  690                     5.1e-16  4.3e-16
                   Group #2:      690   79  690                       4e-16  1.8e-16
                   Group #3:      690   78  689                     3.5e-16  1.4e-16
                   Group #4:      689   78  689                     3.4e-16  1.3e-16
                   Group #5:      689   78  689                     3.8e-16  1.5e-16
                   Group #6:      689   78  689                     3.5e-16  1.3e-16
-------    当前进度:  76 % - 组装稀疏模式
Memory: 3335/3817 4089/4125
-------    当前进度:  76 % - 组装矩阵
Memory: 3352/3817 4106/4125
-------    当前进度:  76 % - 求解线性方程组
Memory: 3341/3817 4096/4133
-------    当前进度:  76 % - 组装矩阵
Memory: 3343/3817 4097/4133
   -        8400           - out
-------    当前进度:  77 % - 组装矩阵
Memory: 3346/3817 4092/4133
  73      8448.9         120     4161  476 4160     2     0      1
                   Group #1:      694   80  694                     5.2e-16  4.2e-16
                   Group #2:      694   80  694                     3.9e-16  1.7e-16
                   Group #3:      694   79  693                     3.3e-16  1.4e-16
                   Group #4:      693   79  693                     3.2e-16  1.3e-16
                   Group #5:      693   79  693                     3.4e-16  1.3e-16
                   Group #6:      693   79  693                     3.2e-16  1.3e-16
-------    当前进度:  77 % - 矩阵分解
Memory: 3351/3817 4098/4133
-------    当前进度:  77 % - 组装矩阵
Memory: 3345/3817 4103/4133
-------    当前进度:  77 % - 组装稀疏模式
Memory: 3349/3817 4106/4139
-------    当前进度:  77 % - 组装矩阵
Memory: 3350/3817 4107/4139
   -        8520           - out
  74      8568.9         120     4173  482 4172     2     0      1
                   Group #1:      696   81  696                     5.3e-16  4.3e-16
                   Group #2:      696   81  696                     3.8e-16  1.7e-16
                   Group #3:      696   80  695                     3.5e-16  1.5e-16
                   Group #4:      695   80  695                     3.5e-16  1.4e-16
                   Group #5:      695   80  695                     3.6e-16  1.4e-16
                   Group #6:      695   80  695                     3.3e-16  1.3e-16
-------    当前进度:  77 % - 矩阵分解
Memory: 3360/3817 4106/4140
-------    当前进度:  77 % - 组装矩阵
Memory: 3353/3817 4112/4140
-------    当前进度:  77 % - 约束处理
Memory: 3357/3817 4113/4147
-------    当前进度:  77 % - 组装矩阵
Memory: 3359/3817 4117/4147
   -        8640           - out
  75      8688.9         120     4197  488 4196     2     0      1
                   Group #1:      700   82  700                     5.6e-16  4.4e-16
                   Group #2:      700   82  700                     3.3e-16  1.5e-16
                   Group #3:      700   81  699                     3.4e-16  1.4e-16
                   Group #4:      699   81  699                     3.5e-16  1.4e-16
                   Group #5:      699   81  699                     3.6e-16  1.2e-16
                   Group #6:      699   81  699                     3.3e-16  1.3e-16
-------    当前进度:  77 % - 组装稀疏模式
Memory: 3364/3817 4121/4151
-------    当前进度:  77 % - 组装矩阵
Memory: 3384/3817 4139/4151
-------    当前进度:  77 % - 矩阵分解
Memory: 3368/3817 4123/4157
-------    当前进度:  77 % - 组装矩阵
-------    当前进度:  77 % - 求解线性方程组
-------    当前进度:  77 % - 组装矩阵
Memory: 3365/3817 4119/4157
-------    当前进度:  77 % - 求解线性方程组
Memory: 3366/3817 4115/4157
-------    当前进度:  77 % - 组装矩阵
Memory: 3365/3817 4111/4157
-------    当前进度:  77 % - 求解线性方程组
Memory: 3368/3817 4126/4161
   -        8760           - out
-------    当前进度:  78 % - 组装矩阵
Memory: 3384/3817 4141/4161
  76      8808.9         120     4215  494 4214     2     0      1
                   Group #1:      703   83  703                     5.2e-16    4e-16
                   Group #2:      703   83  703                     3.5e-16  1.8e-16
                   Group #3:      703   82  702                     3.4e-16  1.4e-16
                   Group #4:      702   82  702                     3.2e-16  1.4e-16
                   Group #5:      702   82  702                     3.4e-16  1.3e-16
                   Group #6:      702   82  702                     3.2e-16  1.3e-16
-------    当前进度:  78 % - 组装稀疏模式
Memory: 3367/3817 4124/4161
-------    当前进度:  78 % - 组装矩阵
Memory: 3383/3817 4141/4161
-------    当前进度:  78 % - 求解线性方程组
Memory: 3369/3817 4121/4161
-------    当前进度:  78 % - 组装矩阵
Memory: 3370/3817 4121/4161
-------    当前进度:  78 % - 求解线性方程组
Memory: 3376/3817 4127/4161
   -        8880           - out
-------    当前进度:  78 % - 组装矩阵
Memory: 3380/3817 4131/4161
  77      8928.9         120     4239  500 4238     2     0      1
                   Group #1:      707   84  707                     5.6e-16  4.3e-16
                   Group #2:      707   84  707                     3.5e-16  1.8e-16
                   Group #3:      707   83  706                     3.2e-16  1.4e-16
                   Group #4:      706   83  706                     3.7e-16  1.4e-16
                   Group #5:      706   83  706                     3.6e-16  1.3e-16
                   Group #6:      706   83  706                     3.1e-16  1.3e-16
   -        9000           - out
  78      9048.9         120     4251  506 4250     2     0      1
                   Group #1:      709   85  709                     5.4e-16  4.1e-16
                   Group #2:      709   85  709                     3.4e-16  1.6e-16
                   Group #3:      709   84  708                     3.4e-16  1.4e-16
                   Group #4:      708   84  708                     3.4e-16  1.3e-16
                   Group #5:      708   84  708                     3.2e-16  1.4e-16
                   Group #6:      708   84  708                     3.2e-16  1.3e-16
-------    当前进度:  78 % - 组装稀疏模式
Memory: 3373/3817 4123/4161
-------    当前进度:  78 % - 组装矩阵
Memory: 3389/3817 4140/4161
-------    当前进度:  78 % - 组装稀疏模式
Memory: 3375/3817 4124/4161
-------    当前进度:  78 % - 组装矩阵
-------    当前进度:  78 % - 求解线性方程组
-------    当前进度:  78 % - 组装矩阵
Memory: 3375/3817 4125/4161
-------    当前进度:  78 % - 求解线性方程组
Memory: 3376/3817 4126/4161
-------    当前进度:  78 % - 组装矩阵
   -        9120           - out
-------    当前进度:  79 % - 组装矩阵
Memory: 3378/3817 4127/4161
  79      9168.9         120     4275  512 4274     2     0      1
                   Group #1:      713   86  713                     5.6e-16  4.3e-16
                   Group #2:      713   86  713                     3.7e-16  1.6e-16
                   Group #3:      713   85  712                     3.5e-16  1.4e-16
                   Group #4:      712   85  712                     3.3e-16  1.3e-16
                   Group #5:      712   85  712                     3.3e-16  1.3e-16
                   Group #6:      712   85  712                     3.5e-16  1.4e-16
-------    当前进度:  79 % - 求解线性方程组
Memory: 3380/3817 4129/4163
-------    当前进度:  79 % - 组装矩阵
Memory: 3397/3817 4146/4163
   -        9240           - out
  80      9288.9         120     4293  518 4292     2     0      1
                   Group #1:      716   87  716                     5.6e-16  3.6e-16
                   Group #2:      716   87  716                     3.4e-16  1.9e-16
                   Group #3:      716   86  715                     3.5e-16  1.4e-16
                   Group #4:      715   86  715                     3.5e-16  1.4e-16
                   Group #5:      715   86  715                     3.8e-16  1.6e-16
                   Group #6:      715   86  715                     3.3e-16  1.3e-16
-------    当前进度:  79 % - 矩阵分解
Memory: 3389/3817 4138/4164
-------    当前进度:  79 % - 组装矩阵
Memory: 3382/3817 4131/4165
-------    当前进度:  79 % - 组装稀疏模式
Memory: 3383/3817 4132/4165
-------    当前进度:  79 % - 组装矩阵
   -        9360           - out
  81      9408.9         120     4317  524 4316     2     0      1
                   Group #1:      720   88  720                     5.4e-16  4.1e-16
                   Group #2:      720   88  720                     3.3e-16  1.6e-16
                   Group #3:      720   87  719                     3.5e-16  1.4e-16
                   Group #4:      719   87  719                     3.5e-16  1.4e-16
                   Group #5:      719   87  719                     2.6e-16  1.3e-16
                   Group #6:      719   87  719                     2.8e-16  1.2e-16
-------    当前进度:  79 % - 组装稀疏模式
Memory: 3404/3817 4153/4168
-------    当前进度:  79 % - 组装矩阵
Memory: 3402/3817 4152/4168
-------    当前进度:  79 % - 求解线性方程组
Memory: 3388/3817 4137/4170
-------    当前进度:  79 % - 组装矩阵
-------    当前进度:  79 % - 求解线性方程组
Memory: 3389/3817 4138/4171
-------    当前进度:  79 % - 组装矩阵
-------    当前进度:  79 % - 求解线性方程组
Memory: 3394/3817 4143/4177
-------    当前进度:  79 % - 组装矩阵
Memory: 3394/3817 4144/4177
-------    当前进度:  79 % - 求解线性方程组
Memory: 3396/3817 4145/4179
-------    当前进度:  79 % - 组装矩阵
-------    当前进度:  79 % - 求解线性方程组
Memory: 3397/3817 4146/4180
-------    当前进度:  79 % - 组装矩阵
-------    当前进度:  79 % - 组装稀疏模式
Memory: 3401/3817 4150/4184
-------    当前进度:  79 % - 组装矩阵
  82      9415.2      6.3063 out 4413  536 4412     2     0      1
                   Group #1:      736   90  736                     6.1e-16  4.5e-16
                   Group #2:      736   90  736                     3.7e-16  1.6e-16
                   Group #3:      736   89  735                     3.4e-16  1.4e-16
                   Group #4:      735   89  735                     3.5e-16  1.4e-16
                   Group #5:      735   89  735                     2.7e-16  1.3e-16
                   Group #6:      735   89  735                     3.3e-16  1.3e-16
已在“9415.2”触发隐式事件“7”。
已在“9415.2”触发隐式事件“5”。
已在“9415.2”触发隐式事件“3”。
已在“9415.2”触发隐式事件“1”。
-------    当前进度:  79 % - 约束处理
Memory: 3406/3817 4155/4184
未强制执行重新初始化状态的一致性。
-------    当前进度:  79 % - 组装矩阵
-------    当前进度:  79 % - 组装稀疏模式
Memory: 3416/3817 4165/4184
-------    当前进度:  79 % - 组装矩阵
Memory: 3419/3817 4167/4184
-------    当前进度:  79 % - 
Memory: 3421/3817 4170/4184
-------    当前进度:  79 % - 组装矩阵
Memory: 3403/3817 4151/4185
-------    当前进度:  79 % - 求解线性方程组
Memory: 3407/3817 4156/4189
-------    当前进度:  79 % - 组装矩阵
Memory: 3408/3817 4156/4189
-------    当前进度:  79 % - 求解线性方程组
Memory: 3414/3817 4163/4195
-------    当前进度:  79 % - 组装矩阵
Memory: 3414/3817 4163/4196
-------    当前进度:  79 % - 求解线性方程组
Memory: 3419/3817 4168/4198
-------    当前进度:  79 % - 组装矩阵
Memory: 3417/3817 4166/4198
-------    当前进度:  79 % - 求解线性方程组
Memory: 3419/3817 4168/4200
-------    当前进度:  79 % - 组装矩阵
-------    当前进度:  79 % - 求解线性方程组
Memory: 3427/3817 4176/4208
-------    当前进度:  79 % - 组装矩阵
Memory: 3444/3817 4193/4208
-------    当前进度:  79 % - 求解线性方程组
Memory: 3428/3817 4177/4211
-------    当前进度:  79 % - 组装矩阵
   -        9480           - out
--------   当前进度:  80 % - 组装矩阵
Memory: 3430/3817 4180/4211
  83      9535.2         120     4497  542 4496     1     0      1
                   Group #1:      750   91  750                     5.5e-16  3.7e-16
                   Group #2:      750   91  750                       3e-16  2.2e-16
                   Group #3:      750   90  749                     4.1e-16  1.7e-16
                   Group #4:      749   90  749                     3.2e-16  1.3e-16
                   Group #5:      749   90  749                     3.1e-16  1.2e-16
                   Group #6:      749   90  749                     3.2e-16  1.3e-16
--------   当前进度:  80 % - 组装稀疏模式
Memory: 3428/3817 4177/4211
--------   当前进度:  80 % - 组装矩阵
Memory: 3445/3817 4195/4211
--------   当前进度:  80 % - 组装稀疏模式
Memory: 3429/3817 4178/4212
--------   当前进度:  80 % - 组装矩阵
Memory: 3431/3817 4182/4212
--------   当前进度:  80 % - 求解线性方程组
Memory: 3438/3817 4187/4216
--------   当前进度:  80 % - 组装矩阵
--------   当前进度:  80 % - 求解线性方程组
Memory: 3434/3817 4183/4216
--------   当前进度:  80 % - 组装矩阵
   -        9600           - out
  84      9655.2         120     4569  548 4568     1     0      1
                   Group #1:      762   92  762                     6.2e-16  3.9e-16
                   Group #2:      762   92  762                       3e-16  2.1e-16
                   Group #3:      762   91  761                     3.9e-16  1.7e-16
                   Group #4:      761   91  761                     3.4e-16  1.4e-16
                   Group #5:      761   91  761                     2.4e-16    1e-16
                   Group #6:      761   91  761                     3.3e-16  1.3e-16
--------   当前进度:  80 % - 组装稀疏模式
Memory: 3439/3817 4191/4219
--------   当前进度:  80 % - 组装矩阵
Memory: 3458/3817 4208/4219
   -        9720           - out
  85      9775.2         120     4641  554 4640     2     0      1
                   Group #1:      774   93  774                     4.4e-16  3.1e-16
                   Group #2:      774   93  774                     3.1e-16    2e-16
                   Group #3:      774   92  773                     3.3e-16  1.6e-16
                   Group #4:      773   92  773                     3.6e-16  1.4e-16
                   Group #5:      773   92  773                     3.5e-16  1.3e-16
                   Group #6:      773   92  773                     3.4e-16  1.4e-16
--------   当前进度:  80 % - 组装稀疏模式
Memory: 3452/3817 4201/4235
--------   当前进度:  80 % - 组装矩阵
Memory: 3468/3817 4217/4235
--------   当前进度:  80 % - 求解线性方程组
Memory: 3462/3817 4212/4245
--------   当前进度:  80 % - 组装矩阵
Memory: 3463/3817 4212/4245
--------   当前进度:  80 % - 求解线性方程组
Memory: 3463/3817 4213/4246
--------   当前进度:  80 % - 组装矩阵
   -        9840           - out
--------   当前进度:  81 % - 组装矩阵
Memory: 3482/3817 4231/4247
  86      9895.2         120     4701  560 4700     2     0      1
                   Group #1:      784   94  784                     5.5e-16  3.6e-16
                   Group #2:      784   94  784                     2.8e-16  1.9e-16
                   Group #3:      784   93  783                     3.1e-16  1.5e-16
                   Group #4:      783   93  783                     3.5e-16  1.3e-16
                   Group #5:      783   93  783                     3.6e-16  1.4e-16
                   Group #6:      783   93  783                     3.4e-16  1.3e-16
--------   当前进度:  81 % - 组装稀疏模式
Memory: 3461/3817 4210/4247
--------   当前进度:  81 % - 组装矩阵
Memory: 3477/3817 4227/4247
--------   当前进度:  81 % - 组装稀疏模式
Memory: 3462/3817 4211/4247
--------   当前进度:  81 % - 组装矩阵
--------   当前进度:  81 % - 求解线性方程组
Memory: 3476/3817 4225/4258
--------   当前进度:  81 % - 组装矩阵
--------   当前进度:  81 % - 求解线性方程组
Memory: 3476/3817 4225/4259
--------   当前进度:  81 % - 组装矩阵
Memory: 3492/3817 4242/4259
--------   当前进度:  81 % - 求解线性方程组
Memory: 3478/3817 4227/4259
--------   当前进度:  81 % - 组装矩阵
   -        9960           - out
  87       10015         120     4761  566 4760     2     0      1
                   Group #1:      794   95  794                     5.2e-16  3.2e-16
                   Group #2:      794   95  794                     3.3e-16    2e-16
                   Group #3:      794   94  793                       3e-16  1.4e-16
                   Group #4:      793   94  793                     3.3e-16  1.3e-16
                   Group #5:      793   94  793                     3.2e-16  1.2e-16
                   Group #6:      793   94  793                     3.4e-16  1.3e-16
--------   当前进度:  81 % - 求解线性方程组
Memory: 3328/3817 4243/4264
--------   当前进度:  81 % - 组装矩阵
Memory: 3316/3817 4231/4264
--------   当前进度:  81 % - 求解线性方程组
Memory: 3329/3817 4244/4278
--------   当前进度:  81 % - 组装矩阵
--------   当前进度:  81 % - 求解线性方程组
Memory: 3334/3817 4248/4282
--------   当前进度:  81 % - 组装矩阵
--------   当前进度:  81 % - 求解线性方程组
--------   当前进度:  81 % - 组装矩阵
--------   当前进度:  81 % - 求解线性方程组
--------   当前进度:  81 % - 组装矩阵
   -       10080           - out
  88       10135         120     4821  572 4820     2     0      1
                   Group #1:      804   96  804                       5e-16  3.4e-16
                   Group #2:      804   96  804                     2.9e-16  1.8e-16
                   Group #3:      804   95  803                     4.1e-16  1.8e-16
                   Group #4:      803   95  803                     3.4e-16  1.3e-16
                   Group #5:      803   95  803                     3.3e-16  1.3e-16
                   Group #6:      803   95  803                     3.5e-16  1.4e-16
--------   当前进度:  81 % - 
Memory: 3335/3817 4249/4282
--------   当前进度:  81 % - 组装矩阵
Memory: 3351/3817 4265/4282
--------   当前进度:  81 % - 组装稀疏模式
Memory: 3352/3817 4266/4282
--------   当前进度:  81 % - 组装矩阵
Memory: 3351/3817 4265/4282
--------   当前进度:  81 % - 组装稀疏模式
Memory: 3335/3817 4249/4283
--------   当前进度:  81 % - 组装矩阵
--------   当前进度:  81 % - 矩阵分解
Memory: 3335/3817 4251/4283
--------   当前进度:  81 % - 组装矩阵
Memory: 3335/3817 4249/4283
   -       10200           - out
--------   当前进度:  82 % - 组装矩阵
Memory: 3360/3817 4274/4290
  89       10255         120     4881  578 4880     2     0      1
                   Group #1:      814   97  814                       5e-16  3.3e-16
                   Group #2:      814   97  814                     3.2e-16    2e-16
                   Group #3:      814   96  813                     3.5e-16  1.5e-16
                   Group #4:      813   96  813                     3.3e-16  1.4e-16
                   Group #5:      813   96  813                     3.5e-16  1.4e-16
                   Group #6:      813   96  813                     3.2e-16  1.3e-16
--------   当前进度:  82 % - 组装稀疏模式
Memory: 3343/3817 4257/4290
--------   当前进度:  82 % - 组装矩阵
Memory: 3359/3817 4273/4290
--------   当前进度:  82 % - 约束处理
Memory: 3344/3817 4257/4291
--------   当前进度:  82 % - 组装矩阵
--------   当前进度:  82 % - 矩阵分解
--------   当前进度:  82 % - 组装矩阵
Memory: 3345/3817 4259/4291
--------   当前进度:  82 % - 求解线性方程组
Memory: 3346/3817 4260/4293
--------   当前进度:  82 % - 组装矩阵
   -       10320           - out
  90       10375         120     4929  584 4928     2     0      1
                   Group #1:      822   98  822                     5.3e-16  3.6e-16
                   Group #2:      822   98  822                       3e-16  1.9e-16
                   Group #3:      822   97  821                     2.9e-16  1.4e-16
                   Group #4:      821   97  821                     3.3e-16  1.4e-16
                   Group #5:      821   97  821                     3.5e-16  1.3e-16
                   Group #6:      821   97  821                     3.2e-16  1.2e-16
   -       10440           - out
  91       10495         120     4977  590 4976     2     0      1
                   Group #1:      830   99  830                     6.2e-16    4e-16
                   Group #2:      830   99  830                       3e-16  2.1e-16
                   Group #3:      830   98  829                     2.8e-16  1.4e-16
                   Group #4:      829   98  829                     3.3e-16  1.3e-16
                   Group #5:      829   98  829                     3.2e-16  1.1e-16
                   Group #6:      829   98  829                     3.2e-16  1.3e-16
--------   当前进度:  82 % - 组装稀疏模式
Memory: 3357/3817 4266/4300
--------   当前进度:  82 % - 组装矩阵
Memory: 3374/3817 4284/4300
--------   当前进度:  82 % - 求解线性方程组
Memory: 3358/3817 4268/4301
--------   当前进度:  82 % - 组装矩阵
--------   当前进度:  82 % - 求解线性方程组
Memory: 3360/3817 4269/4303
--------   当前进度:  82 % - 组装矩阵
--------   当前进度:  82 % - 求解线性方程组
Memory: 3364/3817 4274/4303
--------   当前进度:  82 % - 组装矩阵
Memory: 3360/3817 4270/4303
--------   当前进度:  82 % - 求解线性方程组
Memory: 3361/3817 4271/4304
--------   当前进度:  82 % - 组装矩阵
--------   当前进度:  82 % - 求解线性方程组
Memory: 3362/3817 4272/4305
--------   当前进度:  82 % - 组装矩阵
   -       10560           - out
--------   当前进度:  83 % - 组装矩阵
Memory: 3365/3817 4275/4308
  92       10615         120     5037  596 5036     2     0      1
                   Group #1:      840  100  840                     4.1e-16  3.2e-16
                   Group #2:      840  100  840                     3.1e-16  2.2e-16
                   Group #3:      840   99  839                     2.7e-16  1.5e-16
                   Group #4:      839   99  839                     3.4e-16  1.3e-16
                   Group #5:      839   99  839                     3.3e-16  1.4e-16
                   Group #6:      839   99  839                     3.1e-16  1.2e-16
--------   当前进度:  83 % - 组装稀疏模式
--------   当前进度:  83 % - 组装矩阵
Memory: 3384/3817 4294/4308
--------   当前进度:  83 % - 求解线性方程组
Memory: 3377/3817 4287/4319
--------   当前进度:  83 % - 组装矩阵
   -       10680           - out
  93       10735         120     5085  602 5084     2     0      1
                   Group #1:      848  101  848                     5.5e-16  3.7e-16
                   Group #2:      848  101  848                     3.5e-16  2.3e-16
                   Group #3:      848  100  847                     3.3e-16  1.5e-16
                   Group #4:      847  100  847                     3.3e-16  1.3e-16
                   Group #5:      847  100  847                     3.1e-16  1.4e-16
                   Group #6:      847  100  847                     3.1e-16  1.3e-16
--------   当前进度:  83 % - 求解线性方程组
Memory: 3386/3817 4296/4321
--------   当前进度:  83 % - 组装矩阵
Memory: 3380/3817 4290/4321
--------   当前进度:  83 % - 组装稀疏模式
Memory: 3380/3817 4290/4324
--------   当前进度:  83 % - 组装矩阵
Memory: 3381/3817 4291/4324
   -       10800           - out
--------   当前进度:  84 % - 组装矩阵
Memory: 3393/3817 4304/4337
  94       10855         120     5145  608 5144     2     0      1
                   Group #1:      858  102  858                     5.6e-16  3.8e-16
                   Group #2:      858  102  858                     3.3e-16  2.1e-16
                   Group #3:      858  101  857                     2.7e-16  1.3e-16
                   Group #4:      857  101  857                     3.3e-16  1.3e-16
                   Group #5:      857  101  857                     2.2e-16  1.2e-16
                   Group #6:      857  101  857                     3.4e-16  1.3e-16
--------   当前进度:  84 % - 组装稀疏模式
Memory: 3398/3817 4308/4342
--------   当前进度:  84 % - 组装矩阵
   -       10920           - out
  95       10975         120     5199  614 5198     2     0      1
                   Group #1:      867  103  867                     5.7e-16  3.5e-16
                   Group #2:      867  103  867                       3e-16  1.9e-16
                   Group #3:      867  102  866                     3.7e-16  1.6e-16
                   Group #4:      866  102  866                     3.4e-16  1.4e-16
                   Group #5:      866  102  866                     3.6e-16  1.3e-16
                   Group #6:      866  102  866                     3.2e-16  1.2e-16
--------   当前进度:  84 % - 组装稀疏模式
Memory: 3424/3817 4335/4348
--------   当前进度:  84 % - 组装矩阵
Memory: 3421/3817 4333/4348
--------   当前进度:  84 % - 矩阵分解
Memory: 3405/3817 4315/4348
--------   当前进度:  84 % - 组装矩阵
--------   当前进度:  84 % - 组装稀疏模式
Memory: 3405/3817 4315/4349
--------   当前进度:  84 % - 组装矩阵
Memory: 3407/3817 4320/4349
--------   当前进度:  84 % - 求解线性方程组
Memory: 3407/3817 4318/4353
--------   当前进度:  84 % - 组装矩阵
   -       11040           - out
  96       11095         120     5259  620 5258     2     0      1
                   Group #1:      877  104  877                     5.4e-16  3.5e-16
                   Group #2:      877  104  877                     3.3e-16  1.8e-16
                   Group #3:      877  103  876                     4.5e-16  1.7e-16
                   Group #4:      876  103  876                     3.4e-16  1.4e-16
                   Group #5:      876  103  876                     3.4e-16  1.2e-16
                   Group #6:      876  103  876                     3.3e-16  1.3e-16
--------   当前进度:  84 % - 组装稀疏模式
Memory: 3418/3817 4328/4366
--------   当前进度:  84 % - 组装矩阵
--------   当前进度:  84 % - 求解线性方程组
--------   当前进度:  84 % - 组装矩阵
--------   当前进度:  84 % - 求解线性方程组
--------   当前进度:  84 % - 组装矩阵
--------   当前进度:  84 % - 求解线性方程组
--------   当前进度:  84 % - 组装矩阵
   -       11160           - out
--------   当前进度:  85 % - 组装矩阵
  97       11215         120     5319  626 5318     2     0      1
                   Group #1:      887  105  887                     4.9e-16  3.4e-16
                   Group #2:      887  105  887                     3.2e-16  1.9e-16
                   Group #3:      887  104  886                     3.6e-16  1.5e-16
                   Group #4:      886  104  886                     3.4e-16  1.3e-16
                   Group #5:      886  104  886                     3.6e-16  1.4e-16
                   Group #6:      886  104  886                     3.4e-16  1.3e-16
--------   当前进度:  85 % - 组装稀疏模式
Memory: 3436/3817 4346/4366
--------   当前进度:  85 % - 组装矩阵
Memory: 3434/3817 4345/4366
--------   当前进度:  85 % - 矩阵分解
Memory: 3430/3817 4340/4366
--------   当前进度:  85 % - 组装矩阵
Memory: 3418/3817 4328/4366
--------   当前进度:  85 % - 求解线性方程组
Memory: 3424/3817 4334/4368
--------   当前进度:  85 % - 组装矩阵
--------   当前进度:  85 % - 求解线性方程组
Memory: 3425/3817 4335/4368
--------   当前进度:  85 % - 组装矩阵
--------   当前进度:  85 % - 求解线性方程组
Memory: 3434/3817 4344/4375
--------   当前进度:  85 % - 组装矩阵
   -       11280           - out
  98       11335         120     5379  632 5378     2     0      1
                   Group #1:      897  106  897                     5.1e-16  3.4e-16
                   Group #2:      897  106  897                     2.9e-16  1.7e-16
                   Group #3:      897  105  896                       4e-16  1.6e-16
                   Group #4:      896  105  896                     3.2e-16  1.4e-16
                   Group #5:      896  105  896                       3e-16  1.1e-16
                   Group #6:      896  105  896                     3.5e-16  1.4e-16
--------   当前进度:  85 % - 求解线性方程组
Memory: 3444/3817 4354/4387
--------   当前进度:  85 % - 组装矩阵
Memory: 3444/3817 4355/4388
--------   当前进度:  85 % - 求解线性方程组
Memory: 3448/3817 4358/4392
--------   当前进度:  85 % - 组装矩阵
   -       11400           - out
  99       11455         120     5439  638 5438     2     0      1
                   Group #1:      907  107  907                     5.1e-16  3.2e-16
                   Group #2:      907  107  907                     2.8e-16  1.9e-16
                   Group #3:      907  106  906                       3e-16  1.3e-16
                   Group #4:      906  106  906                     3.5e-16  1.4e-16
                   Group #5:      906  106  906                     3.3e-16  1.4e-16
                   Group #6:      906  106  906                     3.1e-16  1.2e-16
--------   当前进度:  85 % - 组装稀疏模式
Memory: 3456/3817 4366/4398
--------   当前进度:  85 % - 组装矩阵
Memory: 3471/3817 4381/4398
--------   当前进度:  85 % - 矩阵分解
Memory: 3466/3817 4377/4398
--------   当前进度:  85 % - 组装矩阵
Memory: 3455/3817 4365/4399
--------   当前进度:  85 % - 组装稀疏模式
--------   当前进度:  85 % - 组装矩阵
--------   当前进度:  85 % - 求解线性方程组
Memory: 3458/3817 4368/4401
--------   当前进度:  85 % - 组装矩阵
   -       11520           - out
--------   当前进度:  86 % - 组装矩阵
Memory: 3480/3817 4390/4407
 100       11575         120     5505  644 5504     2     0      1
                   Group #1:      918  108  918                     5.6e-16  3.8e-16
                   Group #2:      918  108  918                     2.9e-16  1.6e-16
                   Group #3:      918  107  917                     4.3e-16  1.6e-16
                   Group #4:      917  107  917                     3.3e-16  1.3e-16
                   Group #5:      917  107  917                     3.4e-16  1.3e-16
                   Group #6:      917  107  917                     3.3e-16  1.3e-16
--------   当前进度:  86 % - 矩阵分解
Memory: 3475/3817 4386/4407
--------   当前进度:  86 % - 组装矩阵
Memory: 3464/3817 4374/4407
--------   当前进度:  86 % - 组装稀疏模式
Memory: 3464/3817 4374/4408
--------   当前进度:  86 % - 组装矩阵
--------   当前进度:  86 % - 求解线性方程组
Memory: 3473/3817 4384/4411
--------   当前进度:  86 % - 组装矩阵
Memory: 3468/3817 4379/4411
   -       11640           - out
 101       11695         120     5571  650 5570     2     0      1
                   Group #1:      929  109  929                     4.7e-16  3.4e-16
                   Group #2:      929  109  929                       3e-16  1.8e-16
                   Group #3:      929  108  928                     3.8e-16  1.4e-16
                   Group #4:      928  108  928                     3.4e-16  1.4e-16
                   Group #5:      928  108  928                     3.3e-16  1.2e-16
                   Group #6:      928  108  928                     3.3e-16  1.3e-16
--------   当前进度:  86 % - 组装稀疏模式
Memory: 3472/3817 4382/4416
--------   当前进度:  86 % - 组装矩阵
Memory: 3489/3817 4399/4416
--------   当前进度:  86 % - 求解线性方程组
Memory: 3474/3817 4385/4418
--------   当前进度:  86 % - 组装矩阵
--------   当前进度:  86 % - 求解线性方程组
Memory: 3477/3817 4400/4433
--------   当前进度:  86 % - 组装矩阵
Memory: 3477/3817 4396/4433
   -       11760           - out
 102       11815         120     5619  656 5618     2     0      1
                   Group #1:      937  110  937                       5e-16  3.3e-16
                   Group #2:      937  110  937                     2.9e-16  1.9e-16
                   Group #3:      937  109  936                     3.5e-16  1.6e-16
                   Group #4:      936  109  936                     3.3e-16  1.3e-16
                   Group #5:      936  109  936                     3.1e-16  1.2e-16
                   Group #6:      936  109  936                     3.4e-16  1.4e-16
--------   当前进度:  86 % - 组装稀疏模式
Memory: 3479/3817 4393/4433
--------   当前进度:  86 % - 组装矩阵
Memory: 3496/3817 4410/4433
--------   当前进度:  86 % - 约束处理
Memory: 3479/3817 4390/4433
--------   当前进度:  86 % - 组装矩阵
Memory: 3481/3817 4391/4433
--------   当前进度:  86 % - 求解线性方程组
Memory: 3486/3817 4397/4433
--------   当前进度:  86 % - 组装矩阵
--------   当前进度:  86 % - 求解线性方程组
Memory: 3489/3817 4400/4433
--------   当前进度:  86 % - 组装矩阵
--------   当前进度:  86 % - 求解线性方程组
Memory: 3497/3817 4408/4433
--------   当前进度:  86 % - 组装矩阵
Memory: 3495/3817 4405/4433
   -       11880           - out
--------   当前进度:  87 % - 组装矩阵
Memory: 3515/3817 4425/4440
 103       11935         120     5679  662 5678     2     0      1
                   Group #1:      947  111  947                       5e-16  3.5e-16
                   Group #2:      947  111  947                     3.4e-16  2.2e-16
                   Group #3:      947  110  946                     3.8e-16  1.8e-16
                   Group #4:      946  110  946                     3.5e-16  1.4e-16
                   Group #5:      946  110  946                     3.5e-16  1.4e-16
                   Group #6:      946  110  946                     3.2e-16  1.2e-16
--------   当前进度:  87 % - 组装稀疏模式
Memory: 3513/3817 4427/4440
--------   当前进度:  87 % - 组装矩阵
Memory: 3516/3817 4427/4440
--------   当前进度:  87 % - 矩阵分解
Memory: 3505/3817 4415/4440
--------   当前进度:  87 % - 组装矩阵
Memory: 3498/3817 4409/4442
--------   当前进度:  87 % - 组装稀疏模式
--------   当前进度:  87 % - 组装矩阵
Memory: 3500/3817 4413/4442
--------   当前进度:  87 % - 求解线性方程组
Memory: 3505/3817 4416/4446
--------   当前进度:  87 % - 组装矩阵
Memory: 3502/3817 4412/4446
--------   当前进度:  87 % - 求解线性方程组
Memory: 3509/3817 4432/4464
--------   当前进度:  87 % - 组装矩阵
Memory: 3509/3817 4428/4464
   -       12000           - out
 104       12055         120     5733  668 5732     2     0      1
                   Group #1:      956  112  956                     5.2e-16  3.6e-16
                   Group #2:      956  112  956                     3.1e-16  1.8e-16
                   Group #3:      956  111  955                     3.5e-16  1.6e-16
                   Group #4:      955  111  955                     3.3e-16  1.3e-16
                   Group #5:      955  111  955                     3.2e-16  1.3e-16
                   Group #6:      955  111  955                     3.2e-16  1.3e-16
--------   当前进度:  87 % - 矩阵分解
Memory: 3521/3817 4441/4464
--------   当前进度:  87 % - 组装矩阵
Memory: 3515/3817 4430/4464
--------   当前进度:  87 % - 组装稀疏模式
--------   当前进度:  87 % - 组装矩阵
--------   当前进度:  87 % - 求解线性方程组
Memory: 3520/3817 4431/4468
--------   当前进度:  87 % - 组装矩阵
   -       12120           - out
 105       12175         120     5793  674 5792     2     0      1
                   Group #1:      966  113  966                     5.2e-16  3.7e-16
                   Group #2:      966  113  966                     3.6e-16  2.3e-16
                   Group #3:      966  112  965                     4.3e-16  1.9e-16
                   Group #4:      965  112  965                     3.4e-16  1.3e-16
                   Group #5:      965  112  965                     3.3e-16  1.3e-16
                   Group #6:      965  112  965                     3.3e-16  1.3e-16
--------   当前进度:  87 % - 矩阵分解
Memory: 3530/3817 4449/4479
--------   当前进度:  87 % - 组装矩阵
Memory: 3523/3817 4438/4479
--------   当前进度:  87 % - 组装稀疏模式
--------   当前进度:  87 % - 组装矩阵
Memory: 3524/3817 4439/4479
   -       12240           - out
--------   当前进度:  88 % - 组装矩阵
Memory: 3546/3817 4457/4483
 106       12295         120     5847  680 5846     2     0      1
                   Group #1:      975  114  975                     5.7e-16  4.2e-16
                   Group #2:      975  114  975                       3e-16  1.9e-16
                   Group #3:      975  113  974                     3.5e-16  1.7e-16
                   Group #4:      974  113  974                     3.3e-16  1.3e-16
                   Group #5:      974  113  974                     3.1e-16  1.2e-16
                   Group #6:      974  113  974                     3.2e-16  1.3e-16
--------   当前进度:  88 % - 矩阵分解
Memory: 3530/3817 4453/4487
--------   当前进度:  88 % - 组装矩阵
Memory: 3532/3817 4455/4487
--------   当前进度:  88 % - 求解线性方程组
Memory: 3532/3817 4451/4488
--------   当前进度:  88 % - 组装矩阵
Memory: 3532/3817 4447/4488
--------   当前进度:  88 % - 求解线性方程组
Memory: 3535/3817 4454/4491
--------   当前进度:  88 % - 组装矩阵
--------   当前进度:  88 % - 求解线性方程组
Memory: 3537/3817 4448/4491
--------   当前进度:  88 % - 组装矩阵
Memory: 3537/3817 4460/4491
   -       12360           - out
 107       12415         120     5907  686 5906     2     0      1
                   Group #1:      985  115  985                     5.7e-16  3.7e-16
                   Group #2:      985  115  985                     3.3e-16    2e-16
                   Group #3:      985  114  984                     3.6e-16  1.8e-16
                   Group #4:      984  114  984                     3.3e-16  1.3e-16
                   Group #5:      984  114  984                       3e-16  1.2e-16
                   Group #6:      984  114  984                     3.2e-16  1.3e-16
--------   当前进度:  88 % - 矩阵分解
Memory: 3539/3817 4455/4494
--------   当前进度:  88 % - 组装矩阵
Memory: 3539/3817 4454/4494
--------   当前进度:  88 % - 求解线性方程组
Memory: 3544/3817 4455/4494
--------   当前进度:  88 % - 组装矩阵
--------   当前进度:  88 % - 求解线性方程组
Memory: 3546/3817 4457/4494
--------   当前进度:  88 % - 组装矩阵
--------   当前进度:  88 % - 求解线性方程组
Memory: 3547/3817 4458/4494
--------   当前进度:  88 % - 组装矩阵
   -       12480           - out
 108       12535         120     5967  692 5966     2     0      1
                   Group #1:      995  116  995                     5.2e-16  3.5e-16
                   Group #2:      995  116  995                     3.1e-16    2e-16
                   Group #3:      995  115  994                     3.3e-16  1.5e-16
                   Group #4:      994  115  994                     3.6e-16  1.4e-16
                   Group #5:      994  115  994                       3e-16  1.2e-16
                   Group #6:      994  115  994                     3.3e-16  1.3e-16
--------   当前进度:  88 % - 组装稀疏模式
Memory: 3548/3817 4459/4494
--------   当前进度:  88 % - 组装矩阵
Memory: 3564/3817 4475/4494
--------   当前进度:  88 % - 
Memory: 3571/3817 4482/4494
--------   当前进度:  88 % - 组装矩阵
Memory: 3561/3817 4488/4494
--------   当前进度:  88 % - 组装稀疏模式
Memory: 3550/3817 4473/4507
--------   当前进度:  88 % - 组装矩阵
--------   当前进度:  88 % - 求解线性方程组
Memory: 3557/3817 4476/4508
--------   当前进度:  88 % - 组装矩阵
   -       12600           - out
--------   当前进度:  89 % - 组装矩阵
Memory: 3566/3817 4482/4515
 109       12655         120     6027  698 6026     2     0      1
                   Group #1:     1005  117 1005                     4.2e-16  2.9e-16
                   Group #2:     1005  117 1005                     3.1e-16    2e-16
                   Group #3:     1005  116 1004                     3.3e-16  1.6e-16
                   Group #4:     1004  116 1004                     3.5e-16  1.3e-16
                   Group #5:     1004  116 1004                     3.4e-16  1.4e-16
                   Group #6:     1004  116 1004                     3.5e-16  1.3e-16
--------   当前进度:  89 % - 求解线性方程组
Memory: 3578/3817 4497/4534
--------   当前进度:  89 % - 组装矩阵
   -       12720           - out
 110       12775         120     6087  704 6086     2     0      1
                   Group #1:     1015  118 1015                     6.8e-16  4.5e-16
                   Group #2:     1015  118 1015                     3.4e-16  1.9e-16
                   Group #3:     1015  117 1014                     3.2e-16  1.6e-16
                   Group #4:     1014  117 1014                     3.5e-16  1.4e-16
                   Group #5:     1014  117 1014                     3.2e-16  1.3e-16
                   Group #6:     1014  117 1014                     3.3e-16  1.3e-16
--------   当前进度:  89 % - 组装稀疏模式
Memory: 3600/3817 4511/4534
--------   当前进度:  89 % - 组装矩阵
Memory: 3597/3817 4508/4534
--------   当前进度:  89 % - 矩阵分解
Memory: 3592/3817 4503/4534
--------   当前进度:  89 % - 组装矩阵
Memory: 3581/3817 4503/4534
--------   当前进度:  89 % - 组装稀疏模式
Memory: 3581/3817 4500/4537
--------   当前进度:  89 % - 组装矩阵
--------   当前进度:  89 % - 求解线性方程组
Memory: 3583/3817 4498/4537
--------   当前进度:  89 % - 组装矩阵
Memory: 3583/3817 4494/4537
--------   当前进度:  89 % - 求解线性方程组
Memory: 3585/3817 4508/4541
--------   当前进度:  89 % - 组装矩阵
--------   当前进度:  89 % - 组装稀疏模式
Memory: 3605/3817 4524/4544
--------   当前进度:  89 % - 组装矩阵
--------   当前进度:  89 % - 求解线性方程组
Memory: 3592/3817 4515/4552
--------   当前进度:  89 % - 组装矩阵
Memory: 3592/3817 4511/4552
--------   当前进度:  89 % - 求解线性方程组
Memory: 3593/3817 4504/4552
--------   当前进度:  89 % - 组装矩阵
Memory: 3593/3817 4516/4552
--------   当前进度:  89 % - 求解线性方程组
Memory: 3595/3817 4514/4552
--------   当前进度:  89 % - 组装矩阵
Memory: 3595/3817 4510/4552
--------   当前进度:  89 % - 求解线性方程组
Memory: 3597/3817 4516/4553
--------   当前进度:  89 % - 组装矩阵
Memory: 3597/3817 4512/4553
 111       12802      27.318 out 6225  716 6224     2     0      1
                   Group #1:     1038  120 1038                     5.1e-16  3.3e-16
                   Group #2:     1038  120 1038                     3.5e-16  1.8e-16
                   Group #3:     1038  119 1037                     3.3e-16  1.5e-16
                   Group #4:     1037  119 1037                     3.7e-16  1.4e-16
                   Group #5:     1037  119 1037                       3e-16  1.2e-16
                   Group #6:     1037  119 1037                     3.5e-16  1.4e-16
已在“12802”触发隐式事件“6”。
已在“12802”触发隐式事件“4”。
已在“12802”触发隐式事件“2”。
已在“12802”触发隐式事件“0”。
--------   当前进度:  89 % - 约束处理
Memory: 3599/3817 4525/4559
未强制执行重新初始化状态的一致性。
--------   当前进度:  89 % - 组装矩阵
   -       12840           - out
 112       12922         120     6303  722 6302     1     0      1
                   Group #1:     1051  121 1051                     5.2e-16  3.4e-16
                   Group #2:     1051  121 1051                     2.8e-16  1.9e-16
                   Group #3:     1051  120 1050                     3.2e-16  1.5e-16
                   Group #4:     1050  120 1050                     3.4e-16  1.3e-16
                   Group #5:     1050  120 1050                     3.4e-16  1.2e-16
                   Group #6:     1050  120 1050                     3.2e-16  1.3e-16
--------   当前进度:  89 % - 组装稀疏模式
Memory: 3617/3817 4532/4577
--------   当前进度:  89 % - 组装矩阵
Memory: 3633/3817 4549/4577
--------   当前进度:  89 % - 求解线性方程组
Memory: 3635/3817 4558/4591
--------   当前进度:  89 % - 组装矩阵
   -       12960           - out
---------  当前进度:  90 % - 组装矩阵
Memory: 3638/3817 4561/4591
 113       13042         120     6387  728 6386     1     0      1
                   Group #1:     1065  122 1065                     5.7e-16  3.9e-16
                   Group #2:     1065  122 1065                       3e-16    2e-16
                   Group #3:     1065  121 1064                     3.4e-16  1.6e-16
                   Group #4:     1064  121 1064                     3.4e-16  1.3e-16
                   Group #5:     1064  121 1064                     3.1e-16  1.2e-16
                   Group #6:     1064  121 1064                     3.2e-16  1.2e-16
---------  当前进度:  90 % - 矩阵分解
Memory: 3638/3817 4558/4592
---------  当前进度:  90 % - 组装矩阵
Memory: 3645/3817 4563/4592
---------  当前进度:  90 % - 求解线性方程组
Memory: 3651/3817 4562/4600
---------  当前进度:  90 % - 组装矩阵
   -       13080           - out
 114       13162         120     6471  734 6470     2     0      1
                   Group #1:     1079  123 1079                     5.7e-16  3.8e-16
                   Group #2:     1079  123 1079                     3.1e-16    2e-16
                   Group #3:     1079  122 1078                     3.4e-16  1.6e-16
                   Group #4:     1078  122 1078                     3.3e-16  1.3e-16
                   Group #5:     1078  122 1078                     3.3e-16  1.3e-16
                   Group #6:     1078  122 1078                     3.3e-16  1.3e-16
---------  当前进度:  90 % - 组装稀疏模式
Memory: 3647/3817 4570/4603
---------  当前进度:  90 % - 组装矩阵
Memory: 3664/3817 4587/4603
---------  当前进度:  90 % - 组装稀疏模式
Memory: 3648/3817 4571/4604
---------  当前进度:  90 % - 组装矩阵
Memory: 3651/3817 4575/4604
---------  当前进度:  90 % - 求解线性方程组
Memory: 3655/3817 4566/4609
   -       13200           - out
---------  当前进度:  91 % - 组装矩阵
Memory: 3668/3817 4579/4609
 115       13282         120     6495  740 6494     2     0      1
                   Group #1:     1083  124 1083                     4.7e-16  2.9e-16
                   Group #2:     1083  124 1083                     3.2e-16  1.8e-16
                   Group #3:     1083  123 1082                     3.5e-16  1.6e-16
                   Group #4:     1082  123 1082                     3.3e-16  1.4e-16
                   Group #5:     1082  123 1082                       3e-16  1.2e-16
                   Group #6:     1082  123 1082                     3.4e-16  1.3e-16
   -       13320           - out
 116       13402         120     6519  746 6518     2     0      1
                   Group #1:     1087  125 1087                     5.6e-16  4.2e-16
                   Group #2:     1087  125 1087                     3.6e-16  1.6e-16
                   Group #3:     1087  124 1086                     3.6e-16  1.6e-16
                   Group #4:     1086  124 1086                     3.5e-16  1.4e-16
                   Group #5:     1086  124 1086                     2.9e-16  1.1e-16
                   Group #6:     1086  124 1086                     3.2e-16  1.3e-16
---------  当前进度:  91 % - 组装稀疏模式
Memory: 3670/3817 4592/4609
---------  当前进度:  91 % - 组装矩阵
Memory: 3675/3817 4597/4609
   -       13440           - out
 117       13522         120     6543  752 6542     2     0      1
                   Group #1:     1091  126 1091                     4.9e-16  4.2e-16
                   Group #2:     1091  126 1091                     3.8e-16  1.7e-16
                   Group #3:     1091  125 1090                     3.4e-16  1.4e-16
                   Group #4:     1090  125 1090                     3.2e-16  1.3e-16
                   Group #5:     1090  125 1090                     2.8e-16  1.1e-16
                   Group #6:     1090  125 1090                     3.1e-16  1.2e-16
---------  当前进度:  91 % - 组装稀疏模式
Memory: 3667/3817 4581/4610
---------  当前进度:  91 % - 组装矩阵
Memory: 3673/3817 4586/4610
---------  当前进度:  91 % - 求解线性方程组
Memory: 3663/3817 4577/4610
---------  当前进度:  91 % - 组装矩阵
Memory: 3657/3817 4570/4610
---------  当前进度:  91 % - 组装稀疏模式
Memory: 3658/3817 4571/4610
---------  当前进度:  91 % - 组装矩阵
---------  当前进度:  91 % - 求解线性方程组
Memory: 3658/3817 4575/4613
---------  当前进度:  91 % - 组装矩阵
   -       13560           - out
---------  当前进度:  92 % - 组装矩阵
Memory: 3676/3817 4593/4614
 118       13642         120     6567  758 6566     2     0      1
                   Group #1:     1095  127 1095                     5.2e-16  4.4e-16
                   Group #2:     1095  127 1095                     3.5e-16  1.5e-16
                   Group #3:     1095  126 1094                     3.5e-16  1.4e-16
                   Group #4:     1094  126 1094                     3.5e-16  1.4e-16
                   Group #5:     1094  126 1094                     3.2e-16  1.3e-16
                   Group #6:     1094  126 1094                     3.4e-16  1.4e-16
   -       13680           - out
 119       13762         120     6591  764 6590     2     0      1
                   Group #1:     1099  128 1099                     5.2e-16  4.4e-16
                   Group #2:     1099  128 1099                     3.8e-16  1.7e-16
                   Group #3:     1099  127 1098                     3.5e-16  1.5e-16
                   Group #4:     1098  127 1098                     3.3e-16  1.4e-16
                   Group #5:     1098  127 1098                       3e-16  1.1e-16
                   Group #6:     1098  127 1098                     3.3e-16  1.3e-16
---------  当前进度:  92 % - 组装稀疏模式
Memory: 3686/3817 4596/4619
---------  当前进度:  92 % - 组装矩阵
Memory: 3683/3817 4593/4619
---------  当前进度:  92 % - 矩阵分解
Memory: 3674/3817 4584/4619
---------  当前进度:  92 % - 组装矩阵
Memory: 3667/3817 4589/4619
   -       13800           - out
 120       13882         120     6615  770 6614     2     0      1
                   Group #1:     1103  129 1103                     5.3e-16  4.6e-16
                   Group #2:     1103  129 1103                     4.1e-16  1.8e-16
                   Group #3:     1103  128 1102                     3.4e-16  1.4e-16
                   Group #4:     1102  128 1102                     3.3e-16  1.3e-16
                   Group #5:     1102  128 1102                     3.1e-16  1.2e-16
                   Group #6:     1102  128 1102                     3.4e-16  1.3e-16
---------  当前进度:  92 % - 组装稀疏模式
Memory: 3678/3817 4591/4623
---------  当前进度:  92 % - 组装矩阵
Memory: 3689/3817 4603/4623
---------  当前进度:  92 % - 矩阵分解
Memory: 3680/3817 4594/4623
---------  当前进度:  92 % - 组装矩阵
Memory: 3674/3817 4587/4623
---------  当前进度:  92 % - 约束处理
Memory: 3677/3817 4590/4623
---------  当前进度:  92 % - 组装矩阵
Memory: 3676/3817 4589/4623
   -       13920           - out
---------  当前进度:  93 % - 组装矩阵
Memory: 3698/3817 4611/4628
 121       14002         120     6639  776 6638     2     0      1
                   Group #1:     1107  130 1107                     5.3e-16  4.5e-16
                   Group #2:     1107  130 1107                     3.9e-16  1.7e-16
                   Group #3:     1107  129 1106                     3.4e-16  1.4e-16
                   Group #4:     1106  129 1106                     3.3e-16  1.4e-16
                   Group #5:     1106  129 1106                       3e-16  1.1e-16
                   Group #6:     1106  129 1106                     3.1e-16  1.2e-16
---------  当前进度:  93 % - 组装稀疏模式
Memory: 3682/3817 4592/4630
---------  当前进度:  93 % - 组装矩阵
Memory: 3684/3817 4596/4630
   -       14040           - out
 122       14122         120     6651  782 6650     2     0      1
                   Group #1:     1109  131 1109                     5.4e-16  4.3e-16
                   Group #2:     1109  131 1109                     3.7e-16  1.6e-16
                   Group #3:     1109  130 1108                     3.2e-16  1.4e-16
                   Group #4:     1108  130 1108                     3.5e-16  1.3e-16
                   Group #5:     1108  130 1108                     3.5e-16  1.4e-16
                   Group #6:     1108  130 1108                     3.4e-16  1.3e-16
---------  当前进度:  93 % - 组装稀疏模式
Memory: 3710/3817 4631/4641
---------  当前进度:  93 % - 组装矩阵
Memory: 3709/3817 4627/4641
---------  当前进度:  93 % - 矩阵分解
Memory: 3700/3817 4618/4641
---------  当前进度:  93 % - 组装矩阵
Memory: 3693/3817 4607/4645
---------  当前进度:  93 % - 组装稀疏模式
Memory: 3694/3817 4605/4645
---------  当前进度:  93 % - 组装矩阵
   -       14160           - out
 123       14242         120     6675  788 6674     2     0      1
                   Group #1:     1113  132 1113                     5.5e-16  4.4e-16
                   Group #2:     1113  132 1113                     3.3e-16  1.5e-16
                   Group #3:     1113  131 1112                     3.5e-16  1.4e-16
                   Group #4:     1112  131 1112                     3.6e-16  1.4e-16
                   Group #5:     1112  131 1112                     3.4e-16  1.3e-16
                   Group #6:     1112  131 1112                     3.4e-16  1.3e-16
---------  当前进度:  93 % - 组装稀疏模式
Memory: 3701/3817 4611/4656
---------  当前进度:  93 % - 组装矩阵
Memory: 3718/3817 4628/4656
---------  当前进度:  93 % - 组装稀疏模式
Memory: 3703/3817 4626/4658
---------  当前进度:  93 % - 组装矩阵
Memory: 3704/3817 4626/4658
   -       14280           - out
---------  当前进度:  94 % - 组装矩阵
Memory: 3720/3817 4631/4658
 124       14362         120     6693  794 6692     2     0      1
                   Group #1:     1116  133 1116                     5.4e-16  4.1e-16
                   Group #2:     1116  133 1116                     3.6e-16  1.9e-16
                   Group #3:     1116  132 1115                     3.2e-16  1.4e-16
                   Group #4:     1115  132 1115                     3.3e-16  1.3e-16
                   Group #5:     1115  132 1115                     3.2e-16  1.2e-16
                   Group #6:     1115  132 1115                     3.3e-16  1.3e-16
---------  当前进度:  94 % - 组装稀疏模式
Memory: 3710/3817 4631/4665
---------  当前进度:  94 % - 组装矩阵
   -       14400           - out
 125       14482         120     6717  800 6716     2     0      1
                   Group #1:     1120  134 1120                     5.7e-16  4.4e-16
                   Group #2:     1120  134 1120                     3.4e-16  1.7e-16
                   Group #3:     1120  133 1119                     3.4e-16  1.4e-16
                   Group #4:     1119  133 1119                     3.2e-16  1.2e-16
                   Group #5:     1119  133 1119                     3.2e-16  1.2e-16
                   Group #6:     1119  133 1119                     3.2e-16  1.3e-16
   -       14520           - out
---------  当前进度:  94 % - 
Memory: 3715/3817 4625/4669
 126       14602         120     6729  806 6728     2     0      1
                   Group #1:     1122  135 1122                     5.4e-16  4.3e-16
                   Group #2:     1122  135 1122                     3.7e-16  1.7e-16
                   Group #3:     1122  134 1121                     3.3e-16  1.4e-16
                   Group #4:     1121  134 1121                     3.5e-16  1.4e-16
                   Group #5:     1121  134 1121                       3e-16  1.2e-16
                   Group #6:     1121  134 1121                     3.2e-16  1.3e-16
---------  当前进度:  94 % - 组装矩阵
Memory: 3732/3817 4642/4669
---------  当前进度:  94 % - 组装稀疏模式
Memory: 3715/3817 4625/4669
---------  当前进度:  94 % - 组装矩阵
Memory: 3732/3817 4642/4669
---------  当前进度:  94 % - 组装稀疏模式
Memory: 3717/3817 4635/4673
---------  当前进度:  94 % - 组装矩阵
   -       14640           - out
---------  当前进度:  95 % - 组装矩阵
Memory: 3737/3817 4651/4673
 127       14722         120     6753  812 6752     2     0      1
                   Group #1:     1126  136 1126                     5.3e-16  4.2e-16
                   Group #2:     1126  136 1126                     3.6e-16  1.7e-16
                   Group #3:     1126  135 1125                     3.4e-16  1.4e-16
                   Group #4:     1125  135 1125                     3.5e-16  1.4e-16
                   Group #5:     1125  135 1125                     3.5e-16  1.3e-16
                   Group #6:     1125  135 1125                     3.2e-16  1.3e-16
---------  当前进度:  95 % - 组装稀疏模式
Memory: 3722/3817 4634/4673
---------  当前进度:  95 % - 组装矩阵
Memory: 3720/3817 4630/4673
   -       14760           - out
 128       14842         120     6771  818 6770     2     0      1
                   Group #1:     1129  137 1129                     5.3e-16  3.6e-16
                   Group #2:     1129  137 1129                     3.3e-16  1.8e-16
                   Group #3:     1129  136 1128                     3.5e-16  1.4e-16
                   Group #4:     1128  136 1128                     3.2e-16  1.3e-16
                   Group #5:     1128  136 1128                     1.8e-16    1e-16
                   Group #6:     1128  136 1128                     3.1e-16  1.3e-16
---------  当前进度:  95 % - 组装稀疏模式
Memory: 3733/3817 4648/4678
---------  当前进度:  95 % - 组装矩阵
Memory: 3740/3817 4653/4678
---------  当前进度:  95 % - 矩阵分解
Memory: 3735/3817 4648/4678
---------  当前进度:  95 % - 组装矩阵
Memory: 3724/3817 4637/4678
   -       14880           - out
 129       14962         120     6795  824 6794     2     0      1
                   Group #1:     1133  138 1133                     5.5e-16  4.2e-16
                   Group #2:     1133  138 1133                     3.6e-16  1.8e-16
                   Group #3:     1133  137 1132                     3.3e-16  1.5e-16
                   Group #4:     1132  137 1132                     3.6e-16  1.3e-16
                   Group #5:     1132  137 1132                     3.8e-16  1.6e-16
                   Group #6:     1132  137 1132                     2.9e-16  1.3e-16
---------  当前进度:  95 % - 矩阵分解
Memory: 3728/3817 4651/4683
---------  当前进度:  95 % - 组装矩阵
Memory: 3729/3817 4650/4683
---------  当前进度:  95 % - 求解线性方程组
---------  当前进度:  95 % - 组装矩阵
---------  当前进度:  95 % - 求解线性方程组
Memory: 3730/3817 4651/4685
---------  当前进度:  95 % - 组装矩阵
---------  当前进度:  95 % - 求解线性方程组
Memory: 3734/3817 4655/4688
---------  当前进度:  95 % - 组装矩阵
---------  当前进度:  95 % - 求解线性方程组
Memory: 3735/3817 4656/4689
---------  当前进度:  95 % - 组装矩阵
---------  当前进度:  95 % - 求解线性方程组
Memory: 3739/3817 4659/4693
---------  当前进度:  95 % - 组装矩阵
 130       14969      6.3063 out 6897  836 6896     2     0      1
                   Group #1:     1150  140 1150                     5.7e-16  4.2e-16
                   Group #2:     1150  140 1150                     3.9e-16  1.7e-16
                   Group #3:     1150  139 1149                     3.5e-16  1.4e-16
                   Group #4:     1149  139 1149                     3.3e-16  1.3e-16
                   Group #5:     1149  139 1149                     3.1e-16  1.3e-16
                   Group #6:     1149  139 1149                     3.1e-16  1.2e-16
已在“14969”触发隐式事件“7”。
已在“14969”触发隐式事件“5”。
已在“14969”触发隐式事件“3”。
已在“14969”触发隐式事件“1”。
---------  当前进度:  95 % - 约束处理
Memory: 3745/3817 4662/4699
未强制执行重新初始化状态的一致性。
---------  当前进度:  95 % - 组装矩阵
---------  当前进度:  95 % - 组装稀疏模式
---------  当前进度:  95 % - 组装矩阵
Memory: 3762/3817 4681/4699
---------  当前进度:  95 % - 组装稀疏模式
Memory: 3747/3817 4656/4699
---------  当前进度:  95 % - 组装矩阵
---------  当前进度:  95 % - 求解线性方程组
Memory: 3757/3817 4670/4711
---------  当前进度:  95 % - 组装矩阵
   -       15000           - out
---------  当前进度:  96 % - 组装矩阵
Memory: 3791/3817 4700/4725
 131       15089         120     6993  842 6992     1     0      1
                   Group #1:     1166  141 1166                     5.4e-16  3.7e-16
                   Group #2:     1166  141 1166                       3e-16    2e-16
                   Group #3:     1166  140 1165                     3.2e-16  1.5e-16
                   Group #4:     1165  140 1165                     3.3e-16  1.3e-16
                   Group #5:     1165  140 1165                       3e-16  1.1e-16
                   Group #6:     1165  140 1165                     3.3e-16  1.3e-16
---------  当前进度:  96 % - 矩阵分解
Memory: 3774/3817 4697/4729
---------  当前进度:  96 % - 组装矩阵
Memory: 3784/3817 4704/4729
---------  当前进度:  96 % - 求解线性方程组
Memory: 3779/3817 4702/4732
---------  当前进度:  96 % - 组装矩阵
Memory: 3797/3817 4718/4732
---------  当前进度:  96 % - 求解线性方程组
Memory: 3785/3818 4704/4738
---------  当前进度:  96 % - 组装矩阵
   -       15120           - out
 132       15209         120     7071  848 7070     1     0      1
                   Group #1:     1179  142 1179                     5.4e-16  3.4e-16
                   Group #2:     1179  142 1179                     2.9e-16    2e-16
                   Group #3:     1179  141 1178                     3.2e-16  1.5e-16
                   Group #4:     1178  141 1178                     3.2e-16  1.3e-16
                   Group #5:     1178  141 1178                     3.3e-16  1.3e-16
                   Group #6:     1178  141 1178                     3.5e-16  1.4e-16
---------  当前进度:  96 % - 矩阵分解
Memory: 3795/3818 4716/4738
---------  当前进度:  96 % - 组装矩阵
Memory: 3784/3818 4705/4738
   -       15240           - out
 133       15329         120     7149  854 7148     2     0      1
                   Group #1:     1192  143 1192                     5.7e-16  3.7e-16
                   Group #2:     1192  143 1192                     3.1e-16  1.9e-16
                   Group #3:     1192  142 1191                     3.3e-16  1.4e-16
                   Group #4:     1191  142 1191                     3.4e-16  1.4e-16
                   Group #5:     1191  142 1191                     3.5e-16  1.3e-16
                   Group #6:     1191  142 1191                     3.4e-16  1.3e-16
---------  当前进度:  96 % - 组装稀疏模式
Memory: 3797/3827 4707/4747
---------  当前进度:  96 % - 组装矩阵
Memory: 3809/3827 4719/4747
---------  当前进度:  96 % - 矩阵分解
Memory: 3800/3827 4710/4747
---------  当前进度:  96 % - 组装矩阵
Memory: 3794/3827 4715/4747
---------  当前进度:  96 % - 求解线性方程组
Memory: 3798/3831 4711/4752
---------  当前进度:  96 % - 组装矩阵
---------  当前进度:  96 % - 求解线性方程组
Memory: 3811/3839 4732/4760
   -       15360           - out
---------  当前进度:  97 % - 组装矩阵
Memory: 3823/3839 4743/4760
 134       15449         120     7209  860 7208     2     0      1
                   Group #1:     1202  144 1202                       5e-16  3.4e-16
                   Group #2:     1202  144 1202                     3.2e-16  1.9e-16
                   Group #3:     1202  143 1201                     3.4e-16  1.5e-16
                   Group #4:     1201  143 1201                     3.5e-16  1.4e-16
                   Group #5:     1201  143 1201                     3.6e-16  1.3e-16
                   Group #6:     1201  143 1201                     3.4e-16  1.3e-16
   -       15480           - out
 135       15569         120     7269  866 7268     2     0      1
                   Group #1:     1212  145 1212                     6.8e-16  4.4e-16
                   Group #2:     1212  145 1212                     3.1e-16    2e-16
                   Group #3:     1212  144 1211                     3.2e-16  1.5e-16
                   Group #4:     1211  144 1211                     3.6e-16  1.4e-16
                   Group #5:     1211  144 1211                     3.1e-16  1.3e-16
                   Group #6:     1211  144 1211                     3.3e-16  1.3e-16
---------  当前进度:  97 % - 组装稀疏模式
Memory: 3839/3850 4759/4770
---------  当前进度:  97 % - 组装矩阵
Memory: 3843/3850 4763/4770
---------  当前进度:  97 % - 矩阵分解
Memory: 3826/3850 4746/4770
---------  当前进度:  97 % - 组装矩阵
Memory: 3821/3853 4740/4773
   -       15600           - out
 136       15689         120     7329  872 7328     2     0      1
                   Group #1:     1222  146 1222                       5e-16  3.4e-16
                   Group #2:     1222  146 1222                     3.2e-16    2e-16
                   Group #3:     1222  145 1221                       3e-16  1.4e-16
                   Group #4:     1221  145 1221                     3.5e-16  1.4e-16
                   Group #5:     1221  145 1221                     3.5e-16  1.4e-16
                   Group #6:     1221  145 1221                     3.3e-16  1.3e-16
---------  当前进度:  97 % - 组装稀疏模式
Memory: 3834/3868 4753/4786
---------  当前进度:  97 % - 组装矩阵
---------  当前进度:  97 % - 求解线性方程组
Memory: 3837/3871 4756/4789
---------  当前进度:  97 % - 组装矩阵
Memory: 3839/3871 4756/4789
   -       15720           - out
---------  当前进度:  98 % - 组装矩阵
Memory: 3859/3876 4775/4792
 137       15809         120     7389  878 7388     2     0      1
                   Group #1:     1232  147 1232                     5.5e-16  3.7e-16
                   Group #2:     1232  147 1232                     3.3e-16    2e-16
                   Group #3:     1232  146 1231                     3.1e-16  1.4e-16
                   Group #4:     1231  146 1231                     3.4e-16  1.3e-16
                   Group #5:     1231  146 1231                     3.1e-16  1.2e-16
                   Group #6:     1231  146 1231                     3.3e-16  1.3e-16
   -       15840           - out
 138       15929         120     7437  884 7436     2     0      1
                   Group #1:     1240  148 1240                     5.4e-16  4.1e-16
                   Group #2:     1240  148 1240                     3.2e-16  2.1e-16
                   Group #3:     1240  147 1239                     3.1e-16  1.5e-16
                   Group #4:     1239  147 1239                     3.4e-16  1.3e-16
                   Group #5:     1239  147 1239                     3.2e-16  1.2e-16
                   Group #6:     1239  147 1239                     3.4e-16  1.3e-16
---------  当前进度:  98 % - 组装稀疏模式
Memory: 3851/3884 4766/4799
---------  当前进度:  98 % - 组装矩阵
   -       15960           - out
---------  当前进度:  99 % - 组装矩阵
Memory: 3870/3895 4782/4806
 139       16049         120     7491  890 7490     2     0      1
                   Group #1:     1249  149 1249                     6.1e-16    4e-16
                   Group #2:     1249  149 1249                     3.3e-16  2.2e-16
                   Group #3:     1249  148 1248                     3.1e-16  1.4e-16
                   Group #4:     1248  148 1248                     3.5e-16  1.4e-16
                   Group #5:     1248  148 1248                     3.4e-16  1.3e-16
                   Group #6:     1248  148 1248                     3.3e-16  1.3e-16
---------  当前进度:  99 % - 组装稀疏模式
Memory: 3862/3895 4773/4806
---------  当前进度:  99 % - 组装矩阵
Memory: 3879/3895 4790/4806
---------  当前进度:  99 % - 矩阵分解
Memory: 3870/3895 4781/4806
---------  当前进度:  99 % - 组装矩阵
Memory: 3863/3895 4774/4806
   -       16080           - out
 140       16169         120     7551  896 7550     2     0      1
                   Group #1:     1259  150 1259                     6.1e-16  4.2e-16
                   Group #2:     1259  150 1259                     2.8e-16  1.9e-16
                   Group #3:     1259  149 1258                       3e-16  1.6e-16
                   Group #4:     1258  149 1258                     3.4e-16  1.4e-16
                   Group #5:     1258  149 1258                     2.8e-16  1.2e-16
                   Group #6:     1258  149 1258                     3.3e-16  1.3e-16
---------  当前进度:  99 % - 组装稀疏模式
Memory: 3878/3910 4789/4821
---------  当前进度:  99 % - 组装矩阵
Memory: 3894/3911 4805/4822
---------  当前进度:  99 % - 矩阵分解
Memory: 3885/3911 4796/4822
---------  当前进度:  99 % - 组装矩阵
Memory: 3878/3911 4789/4822
   -       16200           - out
---------  当前进度:  99 % - 
Memory: 3889/3922 4800/4833
 141       16289         120     7599  902 7598     2     0      1
                   Group #1:     1267  151 1267                     5.3e-16  3.9e-16
                   Group #2:     1267  151 1267                     2.9e-16    2e-16
                   Group #3:     1267  150 1266                     3.1e-16  1.5e-16
                   Group #4:     1266  150 1266                     3.2e-16  1.3e-16
                   Group #5:     1266  150 1266                     3.5e-16  1.4e-16
                   Group #6:     1266  150 1266                     3.1e-16  1.3e-16
---------  当前进度:  99 % - 组装矩阵
Memory: 3907/3922 4820/4833
---------  当前进度:  99 % - 组装稀疏模式
Memory: 3891/3922 4804/4833
---------  当前进度:  99 % - 组装矩阵
Memory: 3910/3922 4822/4833
---------  当前进度:  99 % - 矩阵分解
Memory: 3900/3922 4811/4833
---------  当前进度:  99 % - 组装矩阵
Memory: 3893/3927 4804/4838
---------  当前进度:  99 % - 求解线性方程组
Memory: 3897/3930 4807/4840
---------  当前进度:  99 % - 组装矩阵
   -       16320           - out
---------- 当前进度: 100 % - 组装矩阵
Memory: 3916/3932 4826/4842
---------- 当前进度: 100 % - 
Memory: 3899/3932 4810/4842
 142       16409         120     7647  908 7646     2     0      1
                   Group #1:     1275  152 1275                     5.3e-16  3.7e-16
                   Group #2:     1275  152 1275                     2.8e-16  1.9e-16
                   Group #3:     1275  151 1274                     2.9e-16  1.4e-16
                   Group #4:     1274  151 1274                     3.3e-16  1.3e-16
                   Group #5:     1274  151 1274                     3.1e-16  1.2e-16
                   Group #6:     1274  151 1274                     3.3e-16  1.3e-16
---------- 当前进度: 100 % - 组装矩阵
Memory: 3916/3932 4826/4842
---------- 当前进度: 100 % - 组装稀疏模式
Memory: 3900/3934 4811/4844
---------- 当前进度: 100 % - 组装矩阵
Memory: 3902/3934 4812/4844
---------- 当前进度: 100 % - 求解线性方程组
Memory: 3901/3935 4812/4846
---------- 当前进度: 100 % - 组装矩阵
---------- 当前进度: 100 % - 求解线性方程组
Memory: 3904/3936 4815/4847
---------- 当前进度: 100 % - 组装矩阵
Memory: 3903/3936 4813/4847
---------- 当前进度: 100 % - 求解线性方程组
Memory: 3905/3939 4816/4849
---------- 当前进度: 100 % - 组装矩阵
   -       16440           - out
 143       16484      75.599     7719  914 7718     2     0      1
                   Group #1:     1287  153 1287                     4.5e-16    3e-16
                   Group #2:     1287  153 1287                     3.5e-16    2e-16
                   Group #3:     1287  152 1286                       4e-16  1.6e-16
                   Group #4:     1286  152 1286                     3.5e-16  1.4e-16
                   Group #5:     1286  152 1286                     3.5e-16  1.3e-16
                   Group #6:     1286  152 1286                     3.5e-16  1.3e-16
---------- 当前进度: 100 % - 组装稀疏模式
Memory: 3911/3942 4824/4853
---------- 当前进度: 100 % - 组装矩阵
Memory: 3930/3942 4842/4853
---------- 当前进度: 100 % - 
Memory: 3932/3942 4843/4853
---------- 当前进度: 100 % - 组装矩阵
Memory: 3914/3942 4825/4853
---------- 当前进度: 100 % - 矩阵分解
Memory: 3915/3948 4826/4859
---------- 当前进度: 100 % - 组装矩阵
---------- 当前进度: 100 % - 求解线性方程组
Memory: 3919/3952 4830/4863
---------- 当前进度: 100 % - 组装矩阵
---------- 当前进度: 100 % - 求解线性方程组
Memory: 3925/3955 4835/4866
---------- 当前进度: 100 % - 组装矩阵
Memory: 3922/3955 4833/4866
 144       16560      75.599 out 7785  920 7784     2     0      1
                   Group #1:     1298  154 1298                     5.1e-16  3.7e-16
                   Group #2:     1298  154 1298                     3.3e-16  1.8e-16
                   Group #3:     1298  153 1297                     3.2e-16  1.4e-16
                   Group #4:     1297  153 1297                     3.4e-16  1.3e-16
                   Group #5:     1297  153 1297                     3.2e-16  1.2e-16
                   Group #6:     1297  153 1297                     3.6e-16  1.4e-16
时间步进已完成。
---------- 当前进度: 100 % - 
Memory: 3843/3956 4727/4867
求解时间：5861 s。 （1 小时，37 分钟，41 秒）
物理内存: 4.14 GB
虚拟内存: 4.87 GB
结束时间：2026年9月30日 上午7:10:19。
----- O: orbital transient, 3.0 orbits/解 4 (sol4) 中的“瞬态求解器 2” ----------------->
           当前进度:   0 % - 
Memory: 4525/4534 5070/5079
---------- 当前进度: 100 % - 计算
           当前进度:   0 % - 
Memory: 4525/4534 5071/5079
---------- 当前进度: 100 % - 计算
           当前进度:   0 % - 
Memory: 4559/4563 5104/5108
---------- 当前进度: 100 % - 计算
           当前进度:   0 % - 
---------- 当前进度: 100 % - 计算
           当前进度:   0 % - 
Memory: 4560/4564 5104/5108
---------- 当前进度: 100 % - 计算
           当前进度:   0 % - 
---------- 当前进度: 100 % - 计算
           当前进度:   0 % - 
Memory: 4563/4564 5108/5108
---------- 当前进度: 100 % - 计算
           当前进度:   0 % - 
---------- 当前进度: 100 % - 计算
Memory: 4563/4567 5108/5112
           当前进度:   0 % - 
Memory: 4564/4567 5108/5112
---------- 当前进度: 100 % - 计算
           当前进度:   0 % - 
---------- 当前进度: 100 % - 计算
           当前进度:   0 % - 
---------- 当前进度: 100 % - 计算
Memory: 4565/4567 5108/5112
           当前进度:   0 % - 
Memory: 4585/4585 5130/5130
---------- 当前进度: 100 % - 计算
           当前进度:   0 % - 
Memory: 4587/4590 5130/5134
---------- 当前进度: 100 % - 计算
Memory: 4590/4590 5133/5134
           当前进度:   0 % - 
Memory: 4587/4590 5131/5134
---------- 当前进度: 100 % - 计算
Memory: 4588/4590 5131/5134
           当前进度:   0 % - 
---------- 当前进度: 100 % - 计算
           当前进度:   0 % - 
Memory: 4599/4599 5143/5143
---------- 当前进度: 100 % - 计算
           当前进度:   0 % - 
Memory: 4600/4600 5143/5143
---------- 当前进度: 100 % - 计算
Memory: 4602/4602 5146/5146
           当前进度:   0 % - 
Memory: 4601/4602 5143/5146
---------- 当前进度: 100 % - 计算
           当前进度:   0 % - 
Memory: 4601/4602 5144/5146
---------- 当前进度: 100 % - 计算
           当前进度:   0 % - 
---------- 当前进度: 100 % - 计算
           当前进度:   0 % - 
Memory: 4616/4616 5159/5159
---------- 当前进度: 100 % - 计算
           当前进度:   0 % - 
---------- 当前进度: 100 % - 计算
           当前进度:   0 % - 
Memory: 4617/4617 5159/5159
---------- 当前进度: 100 % - 计算
           当前进度:   0 % - 
---------- 当前进度: 100 % - 计算
           当前进度:   0 % - 
---------- 当前进度: 100 % - 计算
           当前进度:   0 % - 
Memory: 4622/4622 5165/5165
---------- 当前进度: 100 % - 计算
           当前进度:   0 % - 
---------- 当前进度: 100 % - 计算
           当前进度:   0 % - 
---------- 当前进度: 100 % - 计算
           当前进度:   0 % - 
---------- 当前进度: 100 % - 计算
           当前进度:   0 % - 
---------- 当前进度: 100 % - 计算
Memory: 4622/4624 5165/5167
           当前进度:   0 % - 
Memory: 4633/4633 5176/5176
---------- 当前进度: 100 % - 计算
           当前进度:   0 % - 
---------- 当前进度: 100 % - 计算
Memory: 4633/4636 5176/5179
           当前进度:   0 % - 
Memory: 4634/4636 5176/5179
---------- 当前进度: 100 % - 计算
           当前进度:   0 % - 
---------- 当前进度: 100 % - 计算
           当前进度:   0 % - 
---------- 当前进度: 100 % - 计算
Memory: 4633/4636 5176/5179
           当前进度:   0 % - 
Memory: 4647/4647 5189/5189
---------- 当前进度: 100 % - 计算
           当前进度:   0 % - 
---------- 当前进度: 100 % - 计算
           当前进度:   0 % - 
Memory: 4647/4651 5189/5193
---------- 当前进度: 100 % - 计算
           当前进度:   0 % - 
---------- 当前进度: 100 % - 计算
           当前进度:   0 % - 
---------- 当前进度: 100 % - 计算
           当前进度:   0 % - 
Memory: 4647/4651 5190/5193
---------- 当前进度: 100 % - 计算
           当前进度:   0 % - 
Memory: 4650/4651 5195/5195
---------- 当前进度: 100 % - 计算
