time_s,current_A,measured_voltage_V,reference_soc
0,0,3.9214630195998,0.65
0.1,0,3.9174517902313,0.65
0.2,0,3.9283178787493,0.65
0.3,0,3.9210880145617,0.65
0.4,0,3.9213971488196,0.65
0.5,0,3.9253756750059,0.65
0.6,0,3.926883425368,0.65
0.7,0,3.9233089540442,0.65
0.8,0,3.9253913506856,0.65
0.9,0,3.922716138043,0.65
1,0,3.9239732813214,0.65
1.1,0,3.9221033855055,0.65
1.2,0,3.9213470644723,0.65
1.3,0,3.918014431833,0.65
1.4,0,3.9224474704143,0.65
1.5,0,3.919626002964,0.65
1.6,0,3.9190419734475,0.65
1.7,0,3.9234982094669,0.65
1.8,0,3.9224911247177,0.65
1.9,0,3.92235810756,0.65
2,0,3.9259917757137,0.65
2.1,0,3.9168781529891,0.65
2.2,0,3.9250170634226,0.65
2.3,0,3.9183588756496,0.65
2.4,0,3.9194846521905,0.65
2.5,0,3.9241254466725,0.65
2.6,0,3.9260998676175,0.65
2.7,0,3.9223895668191,0.65
2.8,0,3.924157361841,0.65
2.9,0,3.9265136503129,0.65
3,0,3.9206749807695,0.65
3.1,0,3.9232679922248,0.65
3.2,0,3.9154509198158,0.65
3.3,0,3.9217200741183,0.65
3.4,0,3.9216803196041,0.65
3.5,0,3.9233219257807,0.65
3.6,0,3.9232332707631,0.65
3.7,0,3.9223899299477,0.65
3.8,0,3.9170661041824,0.65
3.9,0,3.9219518701162,0.65
4,0,3.9211069027205,0.65
4.1,0,3.9237238471237,0.65
4.2,0,3.9183202516015,0.65
4.3,0,3.9242340342897,0.65
4.4,0,3.9256027928717,0.65
4.5,0,3.9234870325437,0.65
4.6,0,3.9215585266151,0.65
4.7,0,3.9241940322786,0.65
4.8,0,3.9226705271225,0.65
4.9,0,3.9198266757534,0.65
5,0,3.9266976992848,0.65
5.1,0,3.9204265965317,0.65
5.2,0,3.9203023365477,0.65
5.3,0,3.9164003407571,0.65
5.4,0,3.9238418785789,0.65
5.5,0,3.9202426730378,0.65
5.6,0,3.9187197148257,0.65
5.7,0,3.9253687144695,0.65
5.8,0,3.9197668509306,0.65
5.9,0,3.9204570075182,0.65
6,0,3.9230716153466,0.65
6.1,0,3.931829086269,0.65
6.2,0,3.9242355435895,0.65
6.3,0,3.9275718321483,0.65
6.4,0,3.9253018821923,0.65
6.5,0,3.921472361148,0.65
6.6,0,3.9184325615788,0.65
6.7,0,3.9262803830766,0.65
6.8,0,3.9212464690273,0.65
6.9,0,3.9171864733344,0.65
7,0,3.9198028777092,0.65
7.1,0,3.9221458319195,0.65
7.2,0,3.9204454666925,0.65
7.3,0,3.9205386499876,0.65
7.4,0,3.9223079181218,0.65
7.5,0,3.9260208219187,0.65
7.6,0,3.9201987299207,0.65
7.7,0,3.9248915682101,0.65
7.8,0,3.9248526718647,0.65
7.9,0,3.9205497250676,0.65
8,0,3.924640015132,0.65
8.1,0,3.9186007992146,0.65
8.2,0,3.9200165129867,0.65
8.3,0,3.9202154611755,0.65
8.4,0,3.9235593641092,0.65
8.5,0,3.9177558759977,0.65
8.6,0,3.9244024642061,0.65
8.7,0,3.9210239601264,0.65
8.8,0,3.9235532077015,0.65
8.9,0,3.923807519458,0.65
9,0,3.91985808735,0.65
9.1,0,3.9239446725463,0.65
9.2,0,3.920281206725,0.65
9.3,0,3.9212135619397,0.65
9.4,0,3.9229387462137,0.65
9.5,0,3.9212624305645,0.65
9.6,0,3.9216090562066,0.65
9.7,0,3.9215173364984,0.65
9.8,0,3.926512671345,0.65
9.9,0,3.9181674242677,0.65
10,1.5,3.856582316368,0.65
10.1,1.5,3.8543138589487,0.6499853286385
10.2,1.5,3.8558672570195,0.649970657277
10.3,1.5,3.8584123451987,0.64995598591549
10.4,1.5,3.855308649202,0.64994131455399
10.5,1.5,3.8555956194646,0.64992664319249
10.6,1.5,3.8538396729069,0.64991197183099
10.7,1.5,3.8549108386187,0.64989730046948
10.8,1.5,3.8539617793452,0.64988262910798
10.9,1.5,3.8515381541618,0.64986795774648
11,1.5,3.849298985997,0.64985328638498
11.1,1.5,3.8507900477605,0.64983861502347
11.2,1.5,3.8548231592162,0.64982394366197
11.3,1.5,3.8595740951832,0.64980927230047
11.4,1.5,3.8574123031724,0.64979460093897
11.5,1.5,3.8535498379201,0.64977992957746
11.6,1.5,3.8543810615323,0.64976525821596
11.7,1.5,3.8560911949477,0.64975058685446
11.8,1.5,3.8485162744466,0.64973591549296
11.9,1.5,3.8492267997929,0.64972124413146
12,1.5,3.851164510106,0.64970657276995
12.1,1.5,3.8453173001563,0.64969190140845
12.2,1.5,3.8490764756896,0.64967723004695
12.3,1.5,3.8460122663508,0.64966255868545
12.4,1.5,3.8591113389458,0.64964788732394
12.5,1.5,3.8535162916001,0.64963321596244
12.6,1.5,3.8537342820869,0.64961854460094
12.7,1.5,3.8560578496738,0.64960387323944
12.8,1.5,3.8513680788136,0.64958920187793
12.9,1.5,3.8483301408753,0.64957453051643
13,1.5,3.8464159070559,0.64955985915493
13.1,1.5,3.854718148154,0.64954518779343
13.2,1.5,3.8489845423428,0.64953051643192
13.3,1.5,3.8535340043885,0.64951584507042
13.4,1.5,3.8488480688671,0.64950117370892
13.5,1.5,3.8506715730739,0.64948650234742
13.6,1.5,3.8469245919639,0.64947183098592
13.7,1.5,3.8515368504184,0.64945715962441
13.8,1.5,3.8539493059407,0.64944248826291
13.9,1.5,3.8495116867418,0.64942781690141
14,1.5,3.8479616269618,0.64941314553991
14.1,1.5,3.8478497002543,0.6493984741784
14.2,1.5,3.8518685069013,0.6493838028169
14.3,1.5,3.8499525371811,0.6493691314554
14.4,1.5,3.8488901360451,0.6493544600939
14.5,1.5,3.8450058932182,0.64933978873239
14.6,1.5,3.847461781541,0.64932511737089
14.7,1.5,3.8487449082011,0.64931044600939
14.8,1.5,3.8508502055008,0.64929577464789
14.9,1.5,3.8508586071133,0.64928110328638
15,1.5,3.8496514136609,0.64926643192488
15.1,1.5,3.8485114328172,0.64925176056338
15.2,1.5,3.8452423703101,0.64923708920188
15.3,1.5,3.8415371734025,0.64922241784038
15.4,1.5,3.8511010346034,0.64920774647887
15.5,1.5,3.8506979145149,0.64919307511737
15.6,1.5,3.8511102153292,0.64917840375587
15.7,1.5,3.8471892695133,0.64916373239437
15.8,1.5,3.8493629733945,0.64914906103286
15.9,1.5,3.8532997755798,0.64913438967136
16,1.5,3.8507844351285,0.64911971830986
16.1,1.5,3.8461626547245,0.64910504694836
16.2,1.5,3.8458683298102,0.64909037558685
16.3,1.5,3.8431071424635,0.64907570422535
16.4,1.5,3.840322613054,0.64906103286385
16.5,1.5,3.8480741514083,0.64904636150235
16.6,1.5,3.8447613516434,0.64903169014084
16.7,1.5,3.8485268019594,0.64901701877934
16.8,1.5,3.8464189875698,0.64900234741784
16.9,1.5,3.8508381857044,0.64898767605634
17,1.5,3.8443507105613,0.64897300469484
17.1,1.5,3.8424261203607,0.64895833333333
17.2,1.5,3.8464904696889,0.64894366197183
17.3,1.5,3.8505828717438,0.64892899061033
17.4,1.5,3.8418066168234,0.64891431924883
17.5,1.5,3.842661421018,0.64889964788732
17.6,1.5,3.8429087902173,0.64888497652582
17.7,1.5,3.844256949413,0.64887030516432
17.8,1.5,3.8451956876443,0.64885563380282
17.9,1.5,3.8468128047593,0.64884096244131
18,1.5,3.8472364879709,0.64882629107981
18.1,1.5,3.8408690211691,0.64881161971831
18.2,1.5,3.8456125768786,0.64879694835681
18.3,1.5,3.8423236104477,0.6487822769953
18.4,1.5,3.8424095266555,0.6487676056338
18.5,1.5,3.8429991171183,0.6487529342723
18.6,1.5,3.845138308769,0.6487382629108
18.7,1.5,3.841643165856,0.6487235915493
18.8,1.5,3.8422959071704,0.64870892018779
18.9,1.5,3.8412882096193,0.64869424882629
19,1.5,3.8435619115372,0.64867957746479
19.1,1.5,3.8448132737755,0.64866490610329
19.2,1.5,3.8393168326145,0.64865023474178
19.3,1.5,3.8440456331736,0.64863556338028
19.4,1.5,3.8418103474229,0.64862089201878
19.5,1.5,3.8439329668107,0.64860622065728
19.6,1.5,3.8443845005192,0.64859154929577
19.7,1.5,3.8410913720117,0.64857687793427
19.8,1.5,3.8372696314091,0.64856220657277
19.9,1.5,3.8470477303646,0.64854753521127
20,0,3.9082161866816,0.64853286384977
20.1,0,3.9141586116322,0.64853286384977
20.2,0,3.909526762712,0.64853286384977
20.3,0,3.907453078553,0.64853286384977
20.4,0,3.9124616212614,0.64853286384977
20.5,0,3.9084490967651,0.64853286384977
20.6,0,3.9105774778423,0.64853286384977
20.7,0,3.9115856691768,0.64853286384977
20.8,0,3.9135871952681,0.64853286384977
20.9,0,3.9117907729476,0.64853286384977
21,0,3.9101556842937,0.64853286384977
21.1,0,3.9095125198588,0.64853286384977
21.2,0,3.910618211714,0.64853286384977
21.3,0,3.906631231634,0.64853286384977
21.4,0,3.9151016727342,0.64853286384977
21.5,0,3.9064406151121,0.64853286384977
21.6,0,3.9150138051596,0.64853286384977
21.7,0,3.9158956576061,0.64853286384977
21.8,0,3.9119960441713,0.64853286384977
21.9,0,3.9075274972666,0.64853286384977
22,0,3.9136391927565,0.64853286384977
22.1,0,3.9136619586196,0.64853286384977
22.2,0,3.9091563218782,0.64853286384977
22.3,0,3.9088621504863,0.64853286384977
22.4,0,3.913629221796,0.64853286384977
22.5,0,3.9125001635333,0.64853286384977
22.6,0,3.9180934080203,0.64853286384977
22.7,0,3.9114680474936,0.64853286384977
22.8,0,3.9158211300414,0.64853286384977
22.9,0,3.9210008443928,0.64853286384977
23,0,3.9120744155153,0.64853286384977
23.1,0,3.9147486230193,0.64853286384977
23.2,0,3.9122996761498,0.64853286384977
23.3,0,3.9096226658351,0.64853286384977
23.4,0,3.9108225048043,0.64853286384977
23.5,0,3.915476505834,0.64853286384977
23.6,0,3.9112019002615,0.64853286384977
23.7,0,3.9066625772347,0.64853286384977
23.8,0,3.9167459977755,0.64853286384977
23.9,0,3.9126084578407,0.64853286384977
24,0,3.9160561077479,0.64853286384977
24.1,0,3.9092865338569,0.64853286384977
24.2,0,3.9126552022672,0.64853286384977
24.3,0,3.9151113292661,0.64853286384977
24.4,0,3.9148876735875,0.64853286384977
24.5,0,3.9138490671683,0.64853286384977
24.6,0,3.909353995961,0.64853286384977
24.7,0,3.9165502073271,0.64853286384977
24.8,0,3.9139390745429,0.64853286384977
24.9,0,3.907736833264,0.64853286384977
25,0,3.9133021103667,0.64853286384977
25.1,0,3.9144178902739,0.64853286384977
25.2,0,3.9108969814332,0.64853286384977
25.3,0,3.9110160129004,0.64853286384977
25.4,0,3.9140635265581,0.64853286384977
25.5,0,3.9159414650109,0.64853286384977
25.6,0,3.91121376421,0.64853286384977
25.7,0,3.9129474614868,0.64853286384977
25.8,0,3.9172205985304,0.64853286384977
25.9,0,3.9131760219036,0.64853286384977
26,0,3.9168116176042,0.64853286384977
26.1,0,3.9175112976201,0.64853286384977
26.2,0,3.909227652702,0.64853286384977
26.3,0,3.9133976570213,0.64853286384977
26.4,0,3.9112664945623,0.64853286384977
26.5,0,3.9118433074851,0.64853286384977
26.6,0,3.9170988565479,0.64853286384977
26.7,0,3.9128432721178,0.64853286384977
26.8,0,3.9150646602861,0.64853286384977
26.9,0,3.9184464035701,0.64853286384977
27,0,3.9085070341917,0.64853286384977
27.1,0,3.9159653010688,0.64853286384977
27.2,0,3.91564463589,0.64853286384977
27.3,0,3.9188864198881,0.64853286384977
27.4,0,3.9137126580363,0.64853286384977
27.5,0,3.918639625895,0.64853286384977
27.6,0,3.917087544687,0.64853286384977
27.7,0,3.919015612038,0.64853286384977
27.8,0,3.9151504005414,0.64853286384977
27.9,0,3.9164706046913,0.64853286384977
28,0,3.9116141197722,0.64853286384977
28.1,0,3.922681806406,0.64853286384977
28.2,0,3.9140823619786,0.64853286384977
28.3,0,3.9159060868304,0.64853286384977
28.4,0,3.9190417961104,0.64853286384977
28.5,0,3.9145256541175,0.64853286384977
28.6,0,3.9203186246213,0.64853286384977
28.7,0,3.9154854733454,0.64853286384977
28.8,0,3.9158439899493,0.64853286384977
28.9,0,3.9152145735139,0.64853286384977
29,0,3.9162162337097,0.64853286384977
29.1,0,3.918744316028,0.64853286384977
29.2,0,3.9116139004975,0.64853286384977
29.3,0,3.9149277207183,0.64853286384977
29.4,0,3.9171788741882,0.64853286384977
29.5,0,3.9126138400093,0.64853286384977
29.6,0,3.9202056660326,0.64853286384977
29.7,0,3.9168678701922,0.64853286384977
29.8,0,3.913687974599,0.64853286384977
29.9,0,3.918306960141,0.64853286384977
30,-1,3.9618229787679,0.64853286384977
30.1,-1,3.9602418584735,0.64854264475743
30.2,-1,3.9634785419521,0.6485524256651
30.3,-1,3.9663338537081,0.64856220657277
30.4,-1,3.9575370166164,0.64857198748044
30.5,-1,3.9622266400179,0.64858176838811
30.6,-1,3.9589971927543,0.64859154929577
30.7,-1,3.9684227489014,0.64860133020344
30.8,-1,3.9568483454443,0.64861111111111
30.9,-1,3.9636798437926,0.64862089201878
31,-1,3.965896114848,0.64863067292645
31.1,-1,3.9632118068983,0.64864045383412
31.2,-1,3.9632538246229,0.64865023474178
31.3,-1,3.9608427510462,0.64866001564945
31.4,-1,3.9616591779008,0.64866979655712
31.5,-1,3.9655569856256,0.64867957746479
31.6,-1,3.9615448723569,0.64868935837246
31.7,-1,3.9698537433524,0.64869913928013
31.8,-1,3.9655278836995,0.64870892018779
31.9,-1,3.9616924432832,0.64871870109546
32,-1,3.9662200996035,0.64872848200313
32.1,-1,3.9623962282972,0.6487382629108
32.2,-1,3.9602304589563,0.64874804381847
32.3,-1,3.9614268899055,0.64875782472613
32.4,-1,3.9666458517468,0.6487676056338
32.5,-1,3.963651257362,0.64877738654147
32.6,-1,3.9690259701815,0.64878716744914
32.7,-1,3.967800324298,0.64879694835681
32.8,-1,3.9646564649637,0.64880672926448
32.9,-1,3.9622039047688,0.64881651017214
33,-1,3.9635155011465,0.64882629107981
33.1,-1,3.9681825164936,0.64883607198748
33.2,-1,3.9675876105922,0.64884585289515
33.3,-1,3.9669192978376,0.64885563380282
33.4,-1,3.9661861951704,0.64886541471048
33.5,-1,3.9661469421311,0.64887519561815
33.6,-1,3.9676762826339,0.64888497652582
33.7,-1,3.9687501458892,0.64889475743349
33.8,-1,3.9628201608148,0.64890453834116
33.9,-1,3.9658281933513,0.64891431924883
34,-1,3.9746075521173,0.64892410015649
34.1,-1,3.9638401038402,0.64893388106416
34.2,-1,3.9617944506826,0.64894366197183
34.3,-1,3.9673264612112,0.6489534428795
34.4,-1,3.9655400395923,0.64896322378717
34.5,-1,3.9711030873815,0.64897300469484
34.6,-1,3.973377479637,0.6489827856025
34.7,-1,3.9714797776201,0.64899256651017
34.8,-1,3.9656156654699,0.64900234741784
34.9,-1,3.9718812422417,0.64901212832551
35,-1,3.9667235445,0.64902190923318
35.1,-1,3.9642192479251,0.64903169014084
35.2,-1,3.9629553124887,0.64904147104851
35.3,-1,3.9690624917505,0.64905125195618
35.4,-1,3.9645829361252,0.64906103286385
35.5,-1,3.9677973364521,0.64907081377152
35.6,-1,3.9683223753909,0.64908059467919
35.7,-1,3.9676697540805,0.64909037558685
35.8,-1,3.9670128823204,0.64910015649452
35.9,-1,3.9670413323246,0.64910993740219
36,-1,3.9685107646116,0.64911971830986
36.1,-1,3.9680895058816,0.64912949921753
36.2,-1,3.9653006702334,0.6491392801252
36.3,-1,3.9650328721289,0.64914906103286
36.4,-1,3.9709338854398,0.64915884194053
36.5,-1,3.9631285663831,0.6491686228482
36.6,-1,3.9712240070555,0.64917840375587
36.7,-1,3.9677308645356,0.64918818466354
36.8,-1,3.969618520791,0.6491979655712
36.9,-1,3.9710405907295,0.64920774647887
37,-1,3.9748443007445,0.64921752738654
37.1,-1,3.9626087315883,0.64922730829421
37.2,-1,3.9708780651019,0.64923708920188
37.3,-1,3.9670226032845,0.64924687010955
37.4,-1,3.9707499408411,0.64925665101721
37.5,-1,3.9691013746722,0.64926643192488
37.6,-1,3.967377009736,0.64927621283255
37.7,-1,3.9710315270673,0.64928599374022
37.8,-1,3.9694921244916,0.64929577464789
37.9,-1,3.9698401417647,0.64930555555556
38,-1,3.9690486238874,0.64931533646322
38.1,-1,3.9689058835724,0.64932511737089
38.2,-1,3.9682689237515,0.64933489827856
38.3,-1,3.9689271071406,0.64934467918623
38.4,-1,3.9705514720254,0.6493544600939
38.5,-1,3.9727084606886,0.64936424100156
38.6,-1,3.9695052366075,0.64937402190923
38.7,-1,3.9771749265513,0.6493838028169
38.8,-1,3.9728792960944,0.64939358372457
38.9,-1,3.9688933859208,0.64940336463224
39,-1,3.9700326719097,0.64941314553991
39.1,-1,3.9658022695582,0.64942292644757
39.2,-1,3.9697176968931,0.64943270735524
39.3,-1,3.9729024499187,0.64944248826291
39.4,-1,3.9735009917695,0.64945226917058
39.5,-1,3.9719822534658,0.64946205007825
39.6,-1,3.9764523356075,0.64947183098592
39.7,-1,3.9720528243071,0.64948161189358
39.8,-1,3.9707266637805,0.64949139280125
39.9,-1,3.9669498854019,0.64950117370892
40,2,3.8395149187437,0.64951095461659
40.1,2,3.8400438932547,0.64949139280125
40.2,2,3.8454362422365,0.64947183098592
40.3,2,3.8441123737962,0.64945226917058
40.4,2,3.8413980328199,0.64943270735524
40.5,2,3.8339999242064,0.64941314553991
40.6,2,3.8296837439826,0.64939358372457
40.7,2,3.8360903506073,0.64937402190923
40.8,2,3.835173303173,0.6493544600939
40.9,2,3.8331580492408,0.64933489827856
41,2,3.8346012201015,0.64931533646322
41.1,2,3.8339525760301,0.64929577464789
41.2,2,3.8281060836227,0.64927621283255
41.3,2,3.8382218332415,0.64925665101721
41.4,2,3.8357765637132,0.64923708920188
41.5,2,3.8319598642675,0.64921752738654
41.6,2,3.8343008041712,0.6491979655712
41.7,2,3.8343266929337,0.64917840375587
41.8,2,3.8312756100771,0.64915884194053
41.9,2,3.8300530302764,0.6491392801252
42,2,3.8310289681694,0.64911971830986
42.1,2,3.8355850435746,0.64910015649452
42.2,2,3.8335044498314,0.64908059467919
42.3,2,3.8340457082788,0.64906103286385
42.4,2,3.8355578289984,0.64904147104851
42.5,2,3.8301523826085,0.64902190923318
42.6,2,3.8286560717802,0.64900234741784
42.7,2,3.833410060606,0.6489827856025
42.8,2,3.8337216661675,0.64896322378717
42.9,2,3.8324173771876,0.64894366197183
43,2,3.825950916195,0.64892410015649
43.1,2,3.8250653568267,0.64890453834116
43.2,2,3.8265729091638,0.64888497652582
43.3,2,3.8248767823516,0.64886541471048
43.4,2,3.8312498957284,0.64884585289515
43.5,2,3.8335796984271,0.64882629107981
43.6,2,3.8238220343266,0.64880672926448
43.7,2,3.8312411301054,0.64878716744914
43.8,2,3.8279110181339,0.6487676056338
43.9,2,3.8294374700983,0.64874804381847
44,2,3.830438551235,0.64872848200313
44.1,2,3.8301237693947,0.64870892018779
44.2,2,3.8328886895948,0.64868935837246
44.3,2,3.8282666876547,0.64866979655712
44.4,2,3.8284100043061,0.64865023474178
44.5,2,3.8253916335429,0.64863067292645
44.6,2,3.8281437005721,0.64861111111111
44.7,2,3.8276491551892,0.64859154929577
44.8,2,3.8284929935069,0.64857198748044
44.9,2,3.826250540731,0.6485524256651
45,2,3.8215537000004,0.64853286384977
45.1,2,3.8277279777291,0.64851330203443
45.2,2,3.8291473566809,0.64849374021909
45.3,2,3.8307873978938,0.64847417840376
45.4,2,3.8217857612517,0.64845461658842
45.5,2,3.8255035030442,0.64843505477308
45.6,2,3.8213141028616,0.64841549295775
45.7,2,3.8229369317493,0.64839593114241
45.8,2,3.8241540939101,0.64837636932707
45.9,2,3.8213707659442,0.64835680751174
46,2,3.8233214601004,0.6483372456964
46.1,2,3.822579966677,0.64831768388106
46.2,2,3.8201802415739,0.64829812206573
46.3,2,3.8231739766158,0.64827856025039
46.4,2,3.8266239963378,0.64825899843505
46.5,2,3.8197877564569,0.64823943661972
46.6,2,3.820100115063,0.64821987480438
46.7,2,3.8206938643631,0.64820031298905
46.8,2,3.8287615840313,0.64818075117371
46.9,2,3.8214559487357,0.64816118935837
47,2,3.8260511582953,0.64814162754304
47.1,2,3.8247066794379,0.6481220657277
47.2,2,3.8224347106714,0.64810250391236
47.3,2,3.8227998457906,0.64808294209703
47.4,2,3.8172553327627,0.64806338028169
47.5,2,3.8230403340363,0.64804381846635
47.6,2,3.8189207299884,0.64802425665102
47.7,2,3.8227749087988,0.64800469483568
47.8,2,3.8228537414562,0.64798513302034
47.9,2,3.8196583145856,0.64796557120501
48,2,3.8232490279661,0.64794600938967
48.1,2,3.8224264183279,0.64792644757433
48.2,2,3.8208913940215,0.647906885759
48.3,2,3.8235293430682,0.64788732394366
48.4,2,3.8246848229272,0.64786776212833
48.5,2,3.8188147837364,0.64784820031299
48.6,2,3.8216585251128,0.64782863849765
48.7,2,3.8220670337002,0.64780907668232
48.8,2,3.820428967439,0.64778951486698
48.9,2,3.8207874929811,0.64776995305164
49,2,3.8212594398467,0.64775039123631
49.1,2,3.8222292393678,0.64773082942097
49.2,2,3.8185791746149,0.64771126760563
49.3,2,3.8181821842953,0.6476917057903
49.4,2,3.8229419631844,0.64767214397496
49.5,2,3.8168064051193,0.64765258215962
49.6,2,3.8176635653168,0.64763302034429
49.7,2,3.8198123534108,0.64761345852895
49.8,2,3.8172130940127,0.64759389671361
49.9,2,3.8147578622886,0.64757433489828
50,0,3.9092594054835,0.64755477308294
50.1,0,3.9138482676353,0.64755477308294
50.2,0,3.9060911322548,0.64755477308294
50.3,0,3.9081422817512,0.64755477308294
50.4,0,3.9056720553795,0.64755477308294
50.5,0,3.9098908844768,0.64755477308294
50.6,0,3.9173115775922,0.64755477308294
50.7,0,3.9047232139326,0.64755477308294
50.8,0,3.9094306567014,0.64755477308294
50.9,0,3.905814878774,0.64755477308294
51,0,3.9078369198295,0.64755477308294
51.1,0,3.9124944101021,0.64755477308294
51.2,0,3.9020710989599,0.64755477308294
51.3,0,3.9016815158468,0.64755477308294
51.4,0,3.9018343624793,0.64755477308294
51.5,0,3.9113593658693,0.64755477308294
51.6,0,3.9085857485246,0.64755477308294
51.7,0,3.9165700341677,0.64755477308294
51.8,0,3.9074938941183,0.64755477308294
51.9,0,3.9091345932905,0.64755477308294
52,0,3.9143987300215,0.64755477308294
52.1,0,3.907066026887,0.64755477308294
52.2,0,3.9094493727687,0.64755477308294
52.3,0,3.9106115302216,0.64755477308294
52.4,0,3.9098650368845,0.64755477308294
52.5,0,3.9035814940251,0.64755477308294
52.6,0,3.911417795411,0.64755477308294
52.7,0,3.9121259705989,0.64755477308294
52.8,0,3.913376532536,0.64755477308294
52.9,0,3.9078061430761,0.64755477308294
53,0,3.9163454995581,0.64755477308294
53.1,0,3.9132569131163,0.64755477308294
53.2,0,3.9047862124374,0.64755477308294
53.3,0,3.913570017502,0.64755477308294
53.4,0,3.9109975943686,0.64755477308294
53.5,0,3.9160881201075,0.64755477308294
53.6,0,3.9134926847646,0.64755477308294
53.7,0,3.9075749928787,0.64755477308294
53.8,0,3.9189642749177,0.64755477308294
53.9,0,3.911347890806,0.64755477308294
54,0,3.9102191508434,0.64755477308294
54.1,0,3.909975048484,0.64755477308294
54.2,0,3.9131809331644,0.64755477308294
54.3,0,3.9153359783197,0.64755477308294
54.4,0,3.9127557313504,0.64755477308294
54.5,0,3.9125787659791,0.64755477308294
54.6,0,3.909442159049,0.64755477308294
54.7,0,3.9152340971825,0.64755477308294
54.8,0,3.910129303597,0.64755477308294
54.9,0,3.9135618575075,0.64755477308294
55,0,3.9140188930956,0.64755477308294
55.1,0,3.9139073032243,0.64755477308294
55.2,0,3.9182546314885,0.64755477308294
55.3,0,3.9161264479404,0.64755477308294
55.4,0,3.9120504428413,0.64755477308294
55.5,0,3.909607078304,0.64755477308294
55.6,0,3.9165329625697,0.64755477308294
55.7,0,3.911770782778,0.64755477308294
55.8,0,3.9100628208876,0.64755477308294
55.9,0,3.9170110475179,0.64755477308294
56,0,3.9141908005779,0.64755477308294
56.1,0,3.9086855220801,0.64755477308294
56.2,0,3.9166776928712,0.64755477308294
56.3,0,3.9142913804224,0.64755477308294
56.4,0,3.9135309421625,0.64755477308294
56.5,0,3.9164178124638,0.64755477308294
56.6,0,3.9098205368626,0.64755477308294
56.7,0,3.9155814751088,0.64755477308294
56.8,0,3.9155006488678,0.64755477308294
56.9,0,3.9130938946921,0.64755477308294
57,0,3.9138549654603,0.64755477308294
57.1,0,3.9173621910302,0.64755477308294
57.2,0,3.9140626460634,0.64755477308294
57.3,0,3.9119831378302,0.64755477308294
57.4,0,3.9143974190042,0.64755477308294
57.5,0,3.9115440484844,0.64755477308294
57.6,0,3.9120414699054,0.64755477308294
57.7,0,3.9153090194776,0.64755477308294
57.8,0,3.9101299121553,0.64755477308294
57.9,0,3.9137379379747,0.64755477308294
58,0,3.90942873679,0.64755477308294
58.1,0,3.9091994063054,0.64755477308294
58.2,0,3.9053624533281,0.64755477308294
58.3,0,3.9133482744834,0.64755477308294
58.4,0,3.9176401089226,0.64755477308294
58.5,0,3.9148190314985,0.64755477308294
58.6,0,3.9133208388492,0.64755477308294
58.7,0,3.9171316132915,0.64755477308294
58.8,0,3.9203509809511,0.64755477308294
58.9,0,3.9161689322593,0.64755477308294
59,0,3.9142877736387,0.64755477308294
59.1,0,3.9166426467206,0.64755477308294
59.2,0,3.9185150207085,0.64755477308294
59.3,0,3.9125227706534,0.64755477308294
59.4,0,3.915239570681,0.64755477308294
59.5,0,3.9176365211722,0.64755477308294
59.6,0,3.9188412144355,0.64755477308294
59.7,0,3.9143284724124,0.64755477308294
59.8,0,3.9158248532336,0.64755477308294
59.9,0,3.9207950344501,0.64755477308294
60,-1.5,3.9857620437799,0.64755477308294
60.1,-1.5,3.9847249761088,0.64756944444444
60.2,-1.5,3.9849460154062,0.64758411580595
60.3,-1.5,3.9841244929088,0.64759878716745
60.4,-1.5,3.9860538208892,0.64761345852895
60.5,-1.5,3.9899588034985,0.64762812989045
60.6,-1.5,3.9802006152759,0.64764280125196
60.7,-1.5,3.9841079133919,0.64765747261346
60.8,-1.5,3.9841497246273,0.64767214397496
60.9,-1.5,3.9895734566756,0.64768681533646
61,-1.5,3.9833738473427,0.64770148669797
61.1,-1.5,3.9853925925312,0.64771615805947
61.2,-1.5,3.9871127130746,0.64773082942097
61.3,-1.5,3.9868899829381,0.64774550078247
61.4,-1.5,3.9817575692807,0.64776017214397
61.5,-1.5,3.9834336145405,0.64777484350548
61.6,-1.5,3.9805363863104,0.64778951486698
61.7,-1.5,3.9846381892949,0.64780418622848
61.8,-1.5,3.9842214418637,0.64781885758998
61.9,-1.5,3.9876076277365,0.64783352895149
62,-1.5,3.9857937855456,0.64784820031299
62.1,-1.5,3.9857532845884,0.64786287167449
62.2,-1.5,3.9842086869343,0.64787754303599
62.3,-1.5,3.9847264980961,0.6478922143975
62.4,-1.5,3.9823926293345,0.647906885759
62.5,-1.5,3.9895235054846,0.6479215571205
62.6,-1.5,3.9838703945933,0.647936228482
62.7,-1.5,3.9855448539992,0.64795089984351
62.8,-1.5,3.9875232390101,0.64796557120501
62.9,-1.5,3.9909370828127,0.64798024256651
63,-1.5,3.9842890716197,0.64799491392801
63.1,-1.5,3.9806019382061,0.64800958528951
63.2,-1.5,3.9863124705039,0.64802425665102
63.3,-1.5,3.9868317931914,0.64803892801252
63.4,-1.5,3.9882071043283,0.64805359937402
63.5,-1.5,3.9896481833369,0.64806827073552
63.6,-1.5,3.9876968257279,0.64808294209703
63.7,-1.5,3.988052405419,0.64809761345853
63.8,-1.5,3.9910523268364,0.64811228482003
63.9,-1.5,3.9838323313397,0.64812695618153
64,-1.5,3.9928292492945,0.64814162754304
64.1,-1.5,3.9891015343946,0.64815629890454
64.2,-1.5,3.988500637773,0.64817097026604
64.3,-1.5,3.9879385700406,0.64818564162754
64.4,-1.5,3.993154448783,0.64820031298905
64.5,-1.5,3.9859960642235,0.64821498435055
64.6,-1.5,3.9883388683844,0.64822965571205
64.7,-1.5,3.9918457178115,0.64824432707355
64.8,-1.5,3.9856910967287,0.64825899843505
64.9,-1.5,3.9934604698013,0.64827366979656
65,-1.5,3.9881800055186,0.64828834115806
65.1,-1.5,3.9933673883767,0.64830301251956
65.2,-1.5,3.9943064127629,0.64831768388106
65.3,-1.5,3.9912399723581,0.64833235524257
65.4,-1.5,3.9904590989138,0.64834702660407
65.5,-1.5,3.9912650715806,0.64836169796557
65.6,-1.5,3.9930981062488,0.64837636932707
65.7,-1.5,3.9943811634998,0.64839104068858
65.8,-1.5,3.9916502057539,0.64840571205008
65.9,-1.5,3.9891679087438,0.64842038341158
66,-1.5,3.9944574279001,0.64843505477308
66.1,-1.5,3.9944223105315,0.64844972613459
66.2,-1.5,3.9930717287451,0.64846439749609
66.3,-1.5,3.9910856639768,0.64847906885759
66.4,-1.5,3.9954454461356,0.64849374021909
66.5,-1.5,3.9883843434837,0.64850841158059
66.6,-1.5,3.9989579572705,0.6485230829421
66.7,-1.5,3.9894010881383,0.6485377543036
66.8,-1.5,3.9916563841142,0.6485524256651
66.9,-1.5,3.9908683750797,0.6485670970266
67,-1.5,3.9967705093237,0.64858176838811
67.1,-1.5,3.9913777064173,0.64859643974961
67.2,-1.5,3.9935185082246,0.64861111111111
67.3,-1.5,3.9932903487203,0.64862578247261
67.4,-1.5,3.992657814237,0.64864045383412
67.5,-1.5,3.9917251382939,0.64865512519562
67.6,-1.5,3.9961411951834,0.64866979655712
67.7,-1.5,3.9915467703492,0.64868446791862
67.8,-1.5,3.9912831766007,0.64869913928013
67.9,-1.5,3.992752018571,0.64871381064163
68,-1.5,3.9990393714333,0.64872848200313
68.1,-1.5,3.9909314382049,0.64874315336463
68.2,-1.5,3.994421363052,0.64875782472613
68.3,-1.5,3.9888053085447,0.64877249608764
68.4,-1.5,3.9984836969173,0.64878716744914
68.5,-1.5,3.9979167573015,0.64880183881064
68.6,-1.5,3.9924533023625,0.64881651017214
68.7,-1.5,3.9899457494931,0.64883118153365
68.8,-1.5,3.9969220852138,0.64884585289515
68.9,-1.5,3.9941308365777,0.64886052425665
69,-1.5,3.9957120392621,0.64887519561815
69.1,-1.5,3.9993839873227,0.64888986697966
69.2,-1.5,4.0005620890387,0.64890453834116
69.3,-1.5,3.9908733455079,0.64891920970266
69.4,-1.5,4.0044156337136,0.64893388106416
69.5,-1.5,3.9955996242041,0.64894855242566
69.6,-1.5,3.9999118572041,0.64896322378717
69.7,-1.5,3.9957083590094,0.64897789514867
69.8,-1.5,3.9900144918953,0.64899256651017
69.9,-1.5,3.997412242052,0.64900723787167
70,0,3.9285032047549,0.64902190923318
70.1,0,3.9286426004805,0.64902190923318
70.2,0,3.9239788881243,0.64902190923318
70.3,0,3.9283383913053,0.64902190923318
70.4,0,3.9307734069706,0.64902190923318
70.5,0,3.9259359847613,0.64902190923318
70.6,0,3.9249260214613,0.64902190923318
70.7,0,3.9274836946568,0.64902190923318
70.8,0,3.9240587341575,0.64902190923318
70.9,0,3.9270310845092,0.64902190923318
71,0,3.9296388351298,0.64902190923318
71.1,0,3.922636037382,0.64902190923318
71.2,0,3.9250153814228,0.64902190923318
71.3,0,3.932777030078,0.64902190923318
71.4,0,3.9302613097152,0.64902190923318
71.5,0,3.9289785509458,0.64902190923318
71.6,0,3.9264201130903,0.64902190923318
71.7,0,3.9324684561602,0.64902190923318
71.8,0,3.9305753405893,0.64902190923318
71.9,0,3.9292505573063,0.64902190923318
72,0,3.9271357768502,0.64902190923318
72.1,0,3.9253426062528,0.64902190923318
72.2,0,3.9278193574874,0.64902190923318
72.3,0,3.9281318755753,0.64902190923318
72.4,0,3.9230477224773,0.64902190923318
72.5,0,3.9207148327417,0.64902190923318
72.6,0,3.9329104364234,0.64902190923318
72.7,0,3.9288191581496,0.64902190923318
72.8,0,3.9271083044131,0.64902190923318
72.9,0,3.9234091981228,0.64902190923318
73,0,3.9290148231499,0.64902190923318
73.1,0,3.9255842660689,0.64902190923318
73.2,0,3.9263208802291,0.64902190923318
73.3,0,3.9239329959934,0.64902190923318
73.4,0,3.9271563788507,0.64902190923318
73.5,0,3.9300923714213,0.64902190923318
73.6,0,3.9332388281125,0.64902190923318
73.7,0,3.9316868763199,0.64902190923318
73.8,0,3.928488516657,0.64902190923318
73.9,0,3.9255191720334,0.64902190923318
74,0,3.9261555485508,0.64902190923318
74.1,0,3.9269440703665,0.64902190923318
74.2,0,3.9256786928896,0.64902190923318
74.3,0,3.9255403608598,0.64902190923318
74.4,0,3.9274729195601,0.64902190923318
74.5,0,3.9283512663904,0.64902190923318
74.6,0,3.9224636177761,0.64902190923318
74.7,0,3.9282402228839,0.64902190923318
74.8,0,3.9248416632206,0.64902190923318
74.9,0,3.9277583221292,0.64902190923318
75,0,3.9259740116852,0.64902190923318
75.1,0,3.9233484279205,0.64902190923318
75.2,0,3.9286909953325,0.64902190923318
75.3,0,3.9226519077327,0.64902190923318
75.4,0,3.9250440216889,0.64902190923318
75.5,0,3.926651859357,0.64902190923318
75.6,0,3.9233743941426,0.64902190923318
75.7,0,3.9247210818252,0.64902190923318
75.8,0,3.9214619902041,0.64902190923318
75.9,0,3.9259195042942,0.64902190923318
76,0,3.9288533694759,0.64902190923318
76.1,0,3.9241772580488,0.64902190923318
76.2,0,3.9284368042354,0.64902190923318
76.3,0,3.9284614211668,0.64902190923318
76.4,0,3.9261494909857,0.64902190923318
76.5,0,3.9225267407925,0.64902190923318
76.6,0,3.9272930936039,0.64902190923318
76.7,0,3.9266032409501,0.64902190923318
76.8,0,3.9225726540379,0.64902190923318
76.9,0,3.9230177462896,0.64902190923318
77,0,3.9266510591595,0.64902190923318
77.1,0,3.9254338942727,0.64902190923318
77.2,0,3.930316806681,0.64902190923318
77.3,0,3.9267709561491,0.64902190923318
77.4,0,3.921976809829,0.64902190923318
77.5,0,3.9276361848134,0.64902190923318
77.6,0,3.927306286966,0.64902190923318
77.7,0,3.9256203576004,0.64902190923318
77.8,0,3.9244768493066,0.64902190923318
77.9,0,3.9234010041149,0.64902190923318
78,0,3.9233866310263,0.64902190923318
78.1,0,3.9217086683412,0.64902190923318
78.2,0,3.9219244817274,0.64902190923318
78.3,0,3.9237234753708,0.64902190923318
78.4,0,3.9274839229965,0.64902190923318
78.5,0,3.9229335994172,0.64902190923318
78.6,0,3.9231312535115,0.64902190923318
78.7,0,3.920415528458,0.64902190923318
78.8,0,3.924120440631,0.64902190923318
78.9,0,3.9246479304798,0.64902190923318
79,0,3.9267797890657,0.64902190923318
79.1,0,3.9217647160609,0.64902190923318
79.2,0,3.9285372978962,0.64902190923318
79.3,0,3.9248560616716,0.64902190923318
79.4,0,3.9213452611453,0.64902190923318
79.5,0,3.9266710670921,0.64902190923318
79.6,0,3.9191575448111,0.64902190923318
79.7,0,3.9237691214613,0.64902190923318
79.8,0,3.9248319723969,0.64902190923318
79.9,0,3.9227510160686,0.64902190923318
80,1,3.8813443363478,0.64902190923318
80.1,1,3.8768336308392,0.64901212832551
80.2,1,3.8760254703397,0.64900234741784
80.3,1,3.8728288375704,0.64899256651017
80.4,1,3.8764645315794,0.6489827856025
80.5,1,3.8755768178716,0.64897300469484
80.6,1,3.8730549582343,0.64896322378717
80.7,1,3.8746959732058,0.6489534428795
80.8,1,3.8756835223369,0.64894366197183
80.9,1,3.8790750862917,0.64893388106416
81,1,3.8817460579307,0.64892410015649
81.1,1,3.8767812971518,0.64891431924883
81.2,1,3.8795623391214,0.64890453834116
81.3,1,3.8797658786282,0.64889475743349
81.4,1,3.8807217997223,0.64888497652582
81.5,1,3.8752964582603,0.64887519561815
81.6,1,3.8783932726867,0.64886541471048
81.7,1,3.8796666271608,0.64885563380282
81.8,1,3.8792992596587,0.64884585289515
81.9,1,3.8780717824368,0.64883607198748
82,1,3.8796156239744,0.64882629107981
82.1,1,3.8760158126661,0.64881651017214
82.2,1,3.8747970826085,0.64880672926448
82.3,1,3.8717843720985,0.64879694835681
82.4,1,3.8799918564372,0.64878716744914
82.5,1,3.8780948843935,0.64877738654147
82.6,1,3.8764914966028,0.6487676056338
82.7,1,3.8767223062868,0.64875782472613
82.8,1,3.8754716236868,0.64874804381847
82.9,1,3.877580038519,0.6487382629108
83,1,3.8763019071366,0.64872848200313
83.1,1,3.8742657977193,0.64871870109546
83.2,1,3.8736556510585,0.64870892018779
83.3,1,3.8760878879201,0.64869913928013
83.4,1,3.8754851694639,0.64868935837246
83.5,1,3.8718182665217,0.64867957746479
83.6,1,3.8751846046521,0.64866979655712
83.7,1,3.8725094043859,0.64866001564945
83.8,1,3.871966725535,0.64865023474178
83.9,1,3.8810934605694,0.64864045383412
84,1,3.8756871219009,0.64863067292645
84.1,1,3.8714023998194,0.64862089201878
84.2,1,3.8676508229883,0.64861111111111
84.3,1,3.8669929956965,0.64860133020344
84.4,1,3.8716730691294,0.64859154929577
84.5,1,3.8700860379777,0.64858176838811
84.6,1,3.8748619128855,0.64857198748044
84.7,1,3.8787607415969,0.64856220657277
84.8,1,3.8739277963947,0.6485524256651
84.9,1,3.8751582443728,0.64854264475743
85,1,3.8730380987622,0.64853286384977
85.1,1,3.8768541863831,0.6485230829421
85.2,1,3.8686937466087,0.64851330203443
85.3,1,3.8720673788959,0.64850352112676
85.4,1,3.8740318335836,0.64849374021909
85.5,1,3.8768680895957,0.64848395931142
85.6,1,3.8717191817725,0.64847417840376
85.7,1,3.8694980668169,0.64846439749609
85.8,1,3.8736602723238,0.64845461658842
85.9,1,3.871218458342,0.64844483568075
86,1,3.8748797831598,0.64843505477308
86.1,1,3.8699185842877,0.64842527386541
86.2,1,3.8688337167629,0.64841549295775
86.3,1,3.8721952968101,0.64840571205008
86.4,1,3.8771479114947,0.64839593114241
86.5,1,3.8751480905038,0.64838615023474
86.6,1,3.8707432862458,0.64837636932707
86.7,1,3.8708999924873,0.64836658841941
86.8,1,3.8725875924388,0.64835680751174
86.9,1,3.8704858040188,0.64834702660407
87,1,3.8702941174222,0.6483372456964
87.1,1,3.8754732740406,0.64832746478873
87.2,1,3.8711469707421,0.64831768388106
87.3,1,3.8734844521369,0.6483079029734
87.4,1,3.8641919350441,0.64829812206573
87.5,1,3.8696205644737,0.64828834115806
87.6,1,3.8733219559112,0.64827856025039
87.7,1,3.8750073085729,0.64826877934272
87.8,1,3.8721783389308,0.64825899843505
87.9,1,3.8679453382626,0.64824921752739
88,1,3.8713824639751,0.64823943661972
88.1,1,3.8739973745414,0.64822965571205
88.2,1,3.8674096814882,0.64821987480438
88.3,1,3.8700603650197,0.64821009389671
88.4,1,3.8748260132856,0.64820031298905
88.5,1,3.8743480086389,0.64819053208138
88.6,1,3.8648528544773,0.64818075117371
88.7,1,3.8684669208654,0.64817097026604
88.8,1,3.8684687292623,0.64816118935837
88.9,1,3.8762388751052,0.6481514084507
89,1,3.8724343625596,0.64814162754304
89.1,1,3.8711110695066,0.64813184663537
89.2,1,3.8685925785679,0.6481220657277
89.3,1,3.8701194799877,0.64811228482003
89.4,1,3.8719320759986,0.64810250391236
89.5,1,3.8717020826275,0.64809272300469
89.6,1,3.8775837994112,0.64808294209703
89.7,1,3.8763516465305,0.64807316118936
89.8,1,3.8686241888509,0.64806338028169
89.9,1,3.8719066214846,0.64805359937402
90,-0.5,3.9399428461575,0.64804381846635
90.1,-0.5,3.9358920576416,0.64804870892019
90.2,-0.5,3.9333735391435,0.64805359937402
90.3,-0.5,3.9362568199587,0.64805848982786
90.4,-0.5,3.941517423169,0.64806338028169
90.5,-0.5,3.9355523682365,0.64806827073552
90.6,-0.5,3.9379117143676,0.64807316118936
90.7,-0.5,3.9382904992226,0.64807805164319
90.8,-0.5,3.9401527950881,0.64808294209703
90.9,-0.5,3.9407040637707,0.64808783255086
91,-0.5,3.9366472670755,0.64809272300469
91.1,-0.5,3.9345504806184,0.64809761345853
91.2,-0.5,3.9406444379743,0.64810250391236
91.3,-0.5,3.9400655401039,0.6481073943662
91.4,-0.5,3.9324502209111,0.64811228482003
91.5,-0.5,3.9338261527514,0.64811717527387
91.6,-0.5,3.9424382491728,0.6481220657277
91.7,-0.5,3.9388903829434,0.64812695618153
91.8,-0.5,3.9401033446474,0.64813184663537
91.9,-0.5,3.940545977545,0.6481367370892
92,-0.5,3.9368387802635,0.64814162754304
92.1,-0.5,3.9367544656941,0.64814651799687
92.2,-0.5,3.9349007295716,0.6481514084507
92.3,-0.5,3.9355266524672,0.64815629890454
92.4,-0.5,3.9424547579087,0.64816118935837
92.5,-0.5,3.9442904450903,0.64816607981221
92.6,-0.5,3.94262313239,0.64817097026604
92.7,-0.5,3.9370635667672,0.64817586071987
92.8,-0.5,3.9426169435624,0.64818075117371
92.9,-0.5,3.9391550739896,0.64818564162754
93,-0.5,3.9387850561018,0.64819053208138
93.1,-0.5,3.9436725052209,0.64819542253521
93.2,-0.5,3.945243738348,0.64820031298905
93.3,-0.5,3.9397343521819,0.64820520344288
93.4,-0.5,3.9377620727569,0.64821009389671
93.5,-0.5,3.9396228468848,0.64821498435055
93.6,-0.5,3.9391450982062,0.64821987480438
93.7,-0.5,3.9311581068297,0.64822476525822
93.8,-0.5,3.9455212426491,0.64822965571205
93.9,-0.5,3.9384694984445,0.64823454616588
94,-0.5,3.9399333461687,0.64823943661972
94.1,-0.5,3.94231456878,0.64824432707355
94.2,-0.5,3.9432616186412,0.64824921752739
94.3,-0.5,3.9406951380976,0.64825410798122
94.4,-0.5,3.9433796575688,0.64825899843505
94.5,-0.5,3.9404359447793,0.64826388888889
94.6,-0.5,3.9421017070067,0.64826877934272
94.7,-0.5,3.9371777868799,0.64827366979656
94.8,-0.5,3.9333191960835,0.64827856025039
94.9,-0.5,3.9458955763055,0.64828345070423
95,-0.5,3.9431853263551,0.64828834115806
95.1,-0.5,3.9445312983018,0.64829323161189
95.2,-0.5,3.942990371483,0.64829812206573
95.3,-0.5,3.9407150091238,0.64830301251956
95.4,-0.5,3.9386696662218,0.6483079029734
95.5,-0.5,3.9357474676447,0.64831279342723
95.6,-0.5,3.9417916507033,0.64831768388106
95.7,-0.5,3.9387187854025,0.6483225743349
95.8,-0.5,3.9397679649639,0.64832746478873
95.9,-0.5,3.9422780749227,0.64833235524257
96,-0.5,3.9423818892391,0.6483372456964
96.1,-0.5,3.9446205060165,0.64834213615023
96.2,-0.5,3.9402149065874,0.64834702660407
96.3,-0.5,3.9435018310382,0.6483519170579
96.4,-0.5,3.9445443082818,0.64835680751174
96.5,-0.5,3.9426759622835,0.64836169796557
96.6,-0.5,3.9466628680289,0.64836658841941
96.7,-0.5,3.9465308915766,0.64837147887324
96.8,-0.5,3.9446380171293,0.64837636932707
96.9,-0.5,3.9454699547511,0.64838125978091
97,-0.5,3.9466696771233,0.64838615023474
97.1,-0.5,3.9422769969504,0.64839104068858
97.2,-0.5,3.9415478491405,0.64839593114241
97.3,-0.5,3.9430340565346,0.64840082159624
97.4,-0.5,3.9405476545277,0.64840571205008
97.5,-0.5,3.9431289609386,0.64841060250391
97.6,-0.5,3.9430518166105,0.64841549295775
97.7,-0.5,3.9433159181572,0.64842038341158
97.8,-0.5,3.9434185064644,0.64842527386541
97.9,-0.5,3.9461181351415,0.64843016431925
98,-0.5,3.9413899676887,0.64843505477308
98.1,-0.5,3.9447340860947,0.64843994522692
98.2,-0.5,3.9438251240623,0.64844483568075
98.3,-0.5,3.9434441556252,0.64844972613459
98.4,-0.5,3.9424634793284,0.64845461658842
98.5,-0.5,3.9444390034038,0.64845950704225
98.6,-0.5,3.9477651639892,0.64846439749609
98.7,-0.5,3.9380232089555,0.64846928794992
98.8,-0.5,3.9436106582933,0.64847417840376
98.9,-0.5,3.9461817080391,0.64847906885759
99,-0.5,3.9403597615625,0.64848395931142
99.1,-0.5,3.9398905353535,0.64848884976526
99.2,-0.5,3.9434182835781,0.64849374021909
99.3,-0.5,3.9479426226074,0.64849863067293
99.4,-0.5,3.9445187643763,0.64850352112676
99.5,-0.5,3.9453483041919,0.64850841158059
99.6,-0.5,3.9439904701864,0.64851330203443
99.7,-0.5,3.947719766576,0.64851819248826
99.8,-0.5,3.9447150207086,0.6485230829421
99.9,-0.5,3.9476218276813,0.64852797339593
100,0,3.9242866450331,0.64853286384977
100.1,0,3.9219109758297,0.64853286384977
100.2,0,3.9247346813488,0.64853286384977
100.3,0,3.9258253789172,0.64853286384977
100.4,0,3.9197773289344,0.64853286384977
100.5,0,3.9161102338271,0.64853286384977
100.6,0,3.9222314478132,0.64853286384977
100.7,0,3.9179128965854,0.64853286384977
100.8,0,3.9172545699972,0.64853286384977
100.9,0,3.9201451259553,0.64853286384977
101,0,3.9211282377547,0.64853286384977
101.1,0,3.9278693638509,0.64853286384977
101.2,0,3.9246285989426,0.64853286384977
101.3,0,3.9209833072386,0.64853286384977
101.4,0,3.9239979870738,0.64853286384977
101.5,0,3.9172522641752,0.64853286384977
101.6,0,3.9212348497132,0.64853286384977
101.7,0,3.915599796889,0.64853286384977
101.8,0,3.9184630874825,0.64853286384977
101.9,0,3.9271595913744,0.64853286384977
102,0,3.9271879345559,0.64853286384977
102.1,0,3.9193952938158,0.64853286384977
102.2,0,3.92303433049,0.64853286384977
102.3,0,3.9257783411978,0.64853286384977
102.4,0,3.9228837460891,0.64853286384977
102.5,0,3.9204770442593,0.64853286384977
102.6,0,3.9180432393892,0.64853286384977
102.7,0,3.9251653332401,0.64853286384977
102.8,0,3.9248480476261,0.64853286384977
102.9,0,3.9201761441606,0.64853286384977
103,0,3.9208251335475,0.64853286384977
103.1,0,3.9261896497973,0.64853286384977
103.2,0,3.9206598940185,0.64853286384977
103.3,0,3.920424088194,0.64853286384977
103.4,0,3.9189172024073,0.64853286384977
103.5,0,3.9276624882751,0.64853286384977
103.6,0,3.9247171117692,0.64853286384977
103.7,0,3.9269012833807,0.64853286384977
103.8,0,3.9210087167462,0.64853286384977
103.9,0,3.9183814753769,0.64853286384977
104,0,3.9211508103962,0.64853286384977
104.1,0,3.9205713416393,0.64853286384977
104.2,0,3.9192145657477,0.64853286384977
104.3,0,3.9221608946876,0.64853286384977
104.4,0,3.9256354795266,0.64853286384977
104.5,0,3.921774629826,0.64853286384977
104.6,0,3.9205716100088,0.64853286384977
104.7,0,3.9233343322687,0.64853286384977
104.8,0,3.9250156692002,0.64853286384977
104.9,0,3.9215163795138,0.64853286384977
105,0,3.9209874915053,0.64853286384977
105.1,0,3.9130246451564,0.64853286384977
105.2,0,3.9208568186597,0.64853286384977
105.3,0,3.9227546750551,0.64853286384977
105.4,0,3.9193179403249,0.64853286384977
105.5,0,3.9248278073318,0.64853286384977
105.6,0,3.9221875026317,0.64853286384977
105.7,0,3.9207448609178,0.64853286384977
105.8,0,3.9212099606608,0.64853286384977
105.9,0,3.9275277055038,0.64853286384977
106,0,3.9265847497231,0.64853286384977
106.1,0,3.9191646880235,0.64853286384977
106.2,0,3.918907858746,0.64853286384977
106.3,0,3.9226516385111,0.64853286384977
106.4,0,3.9209890410989,0.64853286384977
106.5,0,3.9170275580469,0.64853286384977
106.6,0,3.9226705814428,0.64853286384977
106.7,0,3.9214117694826,0.64853286384977
106.8,0,3.9154122602029,0.64853286384977
106.9,0,3.9186084151519,0.64853286384977
107,0,3.915674525167,0.64853286384977
107.1,0,3.9185720104641,0.64853286384977
107.2,0,3.916678307115,0.64853286384977
107.3,0,3.9225063982333,0.64853286384977
107.4,0,3.9188321482087,0.64853286384977
107.5,0,3.9136023184637,0.64853286384977
107.6,0,3.9172038650583,0.64853286384977
107.7,0,3.9161540475742,0.64853286384977
107.8,0,3.9266008826262,0.64853286384977
107.9,0,3.9213788384726,0.64853286384977
108,0,3.9192261440546,0.64853286384977
108.1,0,3.9234736027491,0.64853286384977
108.2,0,3.926124439452,0.64853286384977
108.3,0,3.9197822976046,0.64853286384977
108.4,0,3.9202713352003,0.64853286384977
108.5,0,3.9222691986899,0.64853286384977
108.6,0,3.9235736102719,0.64853286384977
108.7,0,3.9247282832232,0.64853286384977
108.8,0,3.9235715029384,0.64853286384977
108.9,0,3.9165688675642,0.64853286384977
109,0,3.9225831598477,0.64853286384977
109.1,0,3.9236705774781,0.64853286384977
109.2,0,3.9178111634217,0.64853286384977
109.3,0,3.9236016385838,0.64853286384977
109.4,0,3.9171934565735,0.64853286384977
109.5,0,3.9186753964874,0.64853286384977
109.6,0,3.9167734978533,0.64853286384977
109.7,0,3.9189125300164,0.64853286384977
109.8,0,3.9239531629247,0.64853286384977
109.9,0,3.9230897423683,0.64853286384977
110,1.5,3.8553369222711,0.64853286384977
110.1,1.5,3.8560418044025,0.64851819248826
110.2,1.5,3.8557153850227,0.64850352112676
110.3,1.5,3.853871482739,0.64848884976526
110.4,1.5,3.8518531559981,0.64847417840376
110.5,1.5,3.8539772448239,0.64845950704225
110.6,1.5,3.8505311424773,0.64844483568075
110.7,1.5,3.8540794253831,0.64843016431925
110.8,1.5,3.8491867462467,0.64841549295775
110.9,1.5,3.8588992011683,0.64840082159624
111,1.5,3.8485116862826,0.64838615023474
111.1,1.5,3.8488377473404,0.64837147887324
111.2,1.5,3.850406637854,0.64835680751174
111.3,1.5,3.8536102653043,0.64834213615023
111.4,1.5,3.8533380628202,0.64832746478873
111.5,1.5,3.8496890327117,0.64831279342723
111.6,1.5,3.8492379301427,0.64829812206573
111.7,1.5,3.8519759905205,0.64828345070423
111.8,1.5,3.8520720798746,0.64826877934272
111.9,1.5,3.85683482176,0.64825410798122
112,1.5,3.8580889017142,0.64823943661972
112.1,1.5,3.8489783886713,0.64822476525822
112.2,1.5,3.8504834426463,0.64821009389671
112.3,1.5,3.8484410759633,0.64819542253521
112.4,1.5,3.8475683704151,0.64818075117371
112.5,1.5,3.8503249472235,0.64816607981221
112.6,1.5,3.853002286712,0.6481514084507
112.7,1.5,3.8506571489703,0.6481367370892
112.8,1.5,3.8497558792572,0.6481220657277
112.9,1.5,3.8543030821782,0.6481073943662
113,1.5,3.8509515689977,0.64809272300469
113.1,1.5,3.8500734666735,0.64807805164319
113.2,1.5,3.8541169400112,0.64806338028169
113.3,1.5,3.8493629488681,0.64804870892019
113.4,1.5,3.8502320873603,0.64803403755869
113.5,1.5,3.8515779707907,0.64801936619718
113.6,1.5,3.8504856808631,0.64800469483568
113.7,1.5,3.8420239790602,0.64799002347418
113.8,1.5,3.8512878153079,0.64797535211268
113.9,1.5,3.8508119100244,0.64796068075117
114,1.5,3.8470749944915,0.64794600938967
114.1,1.5,3.8502868483302,0.64793133802817
114.2,1.5,3.8508630644412,0.64791666666667
114.3,1.5,3.8514394695795,0.64790199530516
114.4,1.5,3.8448540180781,0.64788732394366
114.5,1.5,3.8499580067965,0.64787265258216
114.6,1.5,3.8466105026877,0.64785798122066
114.7,1.5,3.8511503239841,0.64784330985915
114.8,1.5,3.8482870531654,0.64782863849765
114.9,1.5,3.8454775959073,0.64781396713615
115,1.5,3.847066391694,0.64779929577465
115.1,1.5,3.85196771389,0.64778462441315
115.2,1.5,3.8455691833339,0.64776995305164
115.3,1.5,3.8525599989091,0.64775528169014
115.4,1.5,3.8483188583513,0.64774061032864
115.5,1.5,3.8459775041236,0.64772593896714
115.6,1.5,3.8468672390727,0.64771126760563
115.7,1.5,3.8435755357447,0.64769659624413
115.8,1.5,3.8411355114894,0.64768192488263
115.9,1.5,3.8432087995167,0.64766725352113
116,1.5,3.8463243870234,0.64765258215962
116.1,1.5,3.8484538207261,0.64763791079812
116.2,1.5,3.8469442711642,0.64762323943662
116.3,1.5,3.847547722637,0.64760856807512
116.4,1.5,3.8426040210393,0.64759389671361
116.5,1.5,3.8476861955468,0.64757922535211
116.6,1.5,3.8454457517528,0.64756455399061
116.7,1.5,3.8522779715034,0.64754988262911
116.8,1.5,3.8433979033243,0.64753521126761
116.9,1.5,3.84783107871,0.6475205399061
117,1.5,3.8465590769158,0.6475058685446
117.1,1.5,3.8445959263834,0.6474911971831
117.2,1.5,3.8396057376778,0.6474765258216
117.3,1.5,3.8442062203194,0.64746185446009
117.4,1.5,3.8527867604975,0.64744718309859
117.5,1.5,3.8414943794257,0.64743251173709
117.6,1.5,3.8445277186232,0.64741784037559
117.7,1.5,3.847314670624,0.64740316901408
117.8,1.5,3.8395061526206,0.64738849765258
117.9,1.5,3.8389398123545,0.64737382629108
118,1.5,3.8467175912585,0.64735915492958
118.1,1.5,3.8408055357849,0.64734448356807
118.2,1.5,3.8457218190509,0.64732981220657
118.3,1.5,3.8410791588216,0.64731514084507
118.4,1.5,3.8441197331,0.64730046948357
118.5,1.5,3.844535683686,0.64728579812207
118.6,1.5,3.8471219505741,0.64727112676056
118.7,1.5,3.842953958821,0.64725645539906
118.8,1.5,3.8432197310138,0.64724178403756
118.9,1.5,3.8394909368118,0.64722711267606
119,1.5,3.8444989374822,0.64721244131455
119.1,1.5,3.8458574816692,0.64719776995305
119.2,1.5,3.8424839978661,0.64718309859155
119.3,1.5,3.8420858290362,0.64716842723005
119.4,1.5,3.8427894308016,0.64715375586854
119.5,1.5,3.8458719841128,0.64713908450704
119.6,1.5,3.8404170920613,0.64712441314554
119.7,1.5,3.840061576286,0.64710974178404
119.8,1.5,3.8422216880131,0.64709507042253
119.9,1.5,3.8436962576365,0.64708039906103
120,0,3.9060261403289,0.64706572769953
120.1,0,3.9120462619371,0.64706572769953
120.2,0,3.9038655898236,0.64706572769953
120.3,0,3.9049334477893,0.64706572769953
120.4,0,3.9097896905675,0.64706572769953
120.5,0,3.9058532688723,0.64706572769953
120.6,0,3.9075229571396,0.64706572769953
120.7,0,3.9083545484516,0.64706572769953
120.8,0,3.910751429022,0.64706572769953
120.9,0,3.9089363629345,0.64706572769953
121,0,3.9082973002477,0.64706572769953
121.1,0,3.9089220843257,0.64706572769953
121.2,0,3.9064369268349,0.64706572769953
121.3,0,3.9102947084377,0.64706572769953
121.4,0,3.9113128459324,0.64706572769953
121.5,0,3.9114683481409,0.64706572769953
121.6,0,3.9115258726365,0.64706572769953
121.7,0,3.907894563772,0.64706572769953
121.8,0,3.9157334126602,0.64706572769953
121.9,0,3.9085727590821,0.64706572769953
122,0,3.9142746078644,0.64706572769953
122.1,0,3.9096596667693,0.64706572769953
122.2,0,3.9058693267869,0.64706572769953
122.3,0,3.9156527433307,0.64706572769953
122.4,0,3.9112508865622,0.64706572769953
122.5,0,3.9149306884901,0.64706572769953
122.6,0,3.9111469993215,0.64706572769953
122.7,0,3.9096297748771,0.64706572769953
122.8,0,3.9088927096,0.64706572769953
122.9,0,3.9058663915367,0.64706572769953
123,0,3.917455477031,0.64706572769953
123.1,0,3.9094463937277,0.64706572769953
123.2,0,3.9142300513024,0.64706572769953
123.3,0,3.9123175754281,0.64706572769953
123.4,0,3.9098068929629,0.64706572769953
123.5,0,3.912720271461,0.64706572769953
123.6,0,3.912086218065,0.64706572769953
123.7,0,3.9125237792801,0.64706572769953
123.8,0,3.9130422354819,0.64706572769953
123.9,0,3.9143924441144,0.64706572769953
124,0,3.9109451432228,0.64706572769953
124.1,0,3.9174134750637,0.64706572769953
124.2,0,3.9118051660624,0.64706572769953
124.3,0,3.9050573362605,0.64706572769953
124.4,0,3.9113547133705,0.64706572769953
124.5,0,3.9138414130372,0.64706572769953
124.6,0,3.9127678033206,0.64706572769953
124.7,0,3.9145922992214,0.64706572769953
124.8,0,3.9097602170136,0.64706572769953
124.9,0,3.9122226760465,0.64706572769953
125,0,3.9123255510199,0.64706572769953
125.1,0,3.9153336840337,0.64706572769953
125.2,0,3.9099512488805,0.64706572769953
125.3,0,3.9094139950236,0.64706572769953
125.4,0,3.9117701986185,0.64706572769953
125.5,0,3.9137756761374,0.64706572769953
125.6,0,3.9138911747518,0.64706572769953
125.7,0,3.9132857939245,0.64706572769953
125.8,0,3.9159054546354,0.64706572769953
125.9,0,3.9183846846796,0.64706572769953
126,0,3.9153198039966,0.64706572769953
126.1,0,3.9114747168587,0.64706572769953
126.2,0,3.9163604442984,0.64706572769953
126.3,0,3.9134173738541,0.64706572769953
126.4,0,3.9109081686543,0.64706572769953
126.5,0,3.9103543391164,0.64706572769953
126.6,0,3.9100700743061,0.64706572769953
126.7,0,3.9115741448982,0.64706572769953
126.8,0,3.9094398576501,0.64706572769953
126.9,0,3.916572678412,0.64706572769953
127,0,3.9128232560235,0.64706572769953
127.1,0,3.9138274896013,0.64706572769953
127.2,0,3.9135111055224,0.64706572769953
127.3,0,3.9116079513734,0.64706572769953
127.4,0,3.9109038024231,0.64706572769953
127.5,0,3.9133717439509,0.64706572769953
127.6,0,3.9124501599985,0.64706572769953
127.7,0,3.9203434064091,0.64706572769953
127.8,0,3.9119046631533,0.64706572769953
127.9,0,3.9162896006665,0.64706572769953
128,0,3.9179447430795,0.64706572769953
128.1,0,3.9167525245644,0.64706572769953
128.2,0,3.9177383953313,0.64706572769953
128.3,0,3.906747676227,0.64706572769953
128.4,0,3.9110124400275,0.64706572769953
128.5,0,3.9119012042261,0.64706572769953
128.6,0,3.9135522297816,0.64706572769953
128.7,0,3.9209678090217,0.64706572769953
128.8,0,3.914381696269,0.64706572769953
128.9,0,3.9187637676895,0.64706572769953
129,0,3.9123427376737,0.64706572769953
129.1,0,3.9148757838301,0.64706572769953
129.2,0,3.9176116960329,0.64706572769953
129.3,0,3.9121952633395,0.64706572769953
129.4,0,3.9188068711067,0.64706572769953
129.5,0,3.9152522009784,0.64706572769953
129.6,0,3.9119895313615,0.64706572769953
129.7,0,3.9134922689816,0.64706572769953
129.8,0,3.9219113922895,0.64706572769953
129.9,0,3.9173823085708,0.64706572769953
130,-1,3.9568474471414,0.64706572769953
130.1,-1,3.9602668114382,0.6470755086072
130.2,-1,3.9603630257936,0.64708528951487
130.3,-1,3.9598488517148,0.64709507042253
130.4,-1,3.9584777238418,0.6471048513302
130.5,-1,3.9586929953305,0.64711463223787
130.6,-1,3.9603232302026,0.64712441314554
130.7,-1,3.9609060663405,0.64713419405321
130.8,-1,3.9584670979316,0.64714397496088
130.9,-1,3.9623826149429,0.64715375586854
131,-1,3.9621540384928,0.64716353677621
131.1,-1,3.9616062148002,0.64717331768388
131.2,-1,3.9602643008434,0.64718309859155
131.3,-1,3.9604131636097,0.64719287949922
131.4,-1,3.9685400309787,0.64720266040689
131.5,-1,3.9621740471728,0.64721244131455
131.6,-1,3.9576680387366,0.64722222222222
131.7,-1,3.965622636446,0.64723200312989
131.8,-1,3.9602314805048,0.64724178403756
131.9,-1,3.9594247616692,0.64725156494523
132,-1,3.96249774126,0.64726134585289
132.1,-1,3.9684887902025,0.64727112676056
132.2,-1,3.9587154860148,0.64728090766823
132.3,-1,3.9613388607656,0.6472906885759
132.4,-1,3.9617227369241,0.64730046948357
132.5,-1,3.9636927722549,0.64731025039124
132.6,-1,3.9580983908086,0.6473200312989
132.7,-1,3.9654567129925,0.64732981220657
132.8,-1,3.9644107182536,0.64733959311424
132.9,-1,3.9687293090486,0.64734937402191
133,-1,3.968565094222,0.64735915492958
133.1,-1,3.964588359557,0.64736893583725
133.2,-1,3.9671097675894,0.64737871674491
133.3,-1,3.9659493901997,0.64738849765258
133.4,-1,3.9579742774917,0.64739827856025
133.5,-1,3.965559882402,0.64740805946792
133.6,-1,3.9578398972155,0.64741784037559
133.7,-1,3.9628345121813,0.64742762128325
133.8,-1,3.9664184002678,0.64743740219092
133.9,-1,3.9611166364995,0.64744718309859
134,-1,3.9654398087207,0.64745696400626
134.1,-1,3.9668358353881,0.64746674491393
134.2,-1,3.9660231983517,0.6474765258216
134.3,-1,3.9693068125777,0.64748630672926
134.4,-1,3.9673120182256,0.64749608763693
134.5,-1,3.9656234005236,0.6475058685446
134.6,-1,3.9619649975339,0.64751564945227
134.7,-1,3.9689969053991,0.64752543035994
134.8,-1,3.9641536103337,0.64753521126761
134.9,-1,3.9678480605314,0.64754499217527
135,-1,3.9633273757388,0.64755477308294
135.1,-1,3.9721396120582,0.64756455399061
135.2,-1,3.9649164737332,0.64757433489828
135.3,-1,3.9676198593906,0.64758411580595
135.4,-1,3.9655567742713,0.64759389671361
135.5,-1,3.9658768524589,0.64760367762128
135.6,-1,3.9639973598247,0.64761345852895
135.7,-1,3.9669417520552,0.64762323943662
135.8,-1,3.9662633644815,0.64763302034429
135.9,-1,3.9650530516865,0.64764280125196
136,-1,3.9659412619832,0.64765258215962
136.1,-1,3.9660885341013,0.64766236306729
136.2,-1,3.9637836661547,0.64767214397496
136.3,-1,3.9612167545015,0.64768192488263
136.4,-1,3.9624311664227,0.6476917057903
136.5,-1,3.9692251851853,0.64770148669797
136.6,-1,3.9655717614517,0.64771126760563
136.7,-1,3.9626096607714,0.6477210485133
136.8,-1,3.9724371976012,0.64773082942097
136.9,-1,3.9652749886258,0.64774061032864
137,-1,3.9714784483747,0.64775039123631
137.1,-1,3.9681783450749,0.64776017214397
137.2,-1,3.9695782191032,0.64776995305164
137.3,-1,3.9644689944247,0.64777973395931
137.4,-1,3.9705027736028,0.64778951486698
137.5,-1,3.9682148598277,0.64779929577465
137.6,-1,3.9658092195142,0.64780907668232
137.7,-1,3.9697491032169,0.64781885758998
137.8,-1,3.9700386517036,0.64782863849765
137.9,-1,3.9673741673106,0.64783841940532
138,-1,3.9680465979005,0.64784820031299
138.1,-1,3.9715589809146,0.64785798122066
138.2,-1,3.9680837363084,0.64786776212833
138.3,-1,3.9720126887233,0.64787754303599
138.4,-1,3.9649821691144,0.64788732394366
138.5,-1,3.9638373505723,0.64789710485133
138.6,-1,3.9693332279012,0.647906885759
138.7,-1,3.9681511910254,0.64791666666667
138.8,-1,3.9682130246596,0.64792644757433
138.9,-1,3.9662185653559,0.647936228482
139,-1,3.966660846668,0.64794600938967
139.1,-1,3.9647807962422,0.64795579029734
139.2,-1,3.9699816673839,0.64796557120501
139.3,-1,3.9702857753734,0.64797535211268
139.4,-1,3.9712418130228,0.64798513302034
139.5,-1,3.9682766971108,0.64799491392801
139.6,-1,3.9741106695244,0.64800469483568
139.7,-1,3.9711579074167,0.64801447574335
139.8,-1,3.9666092316123,0.64802425665102
139.9,-1,3.9700527979609,0.64803403755869
140,2,3.8399470765321,0.64804381846635
140.1,2,3.8354267259746,0.64802425665102
140.2,2,3.8433154802449,0.64800469483568
140.3,2,3.8333002673467,0.64798513302034
140.4,2,3.8304811713996,0.64796557120501
140.5,2,3.8334321817404,0.64794600938967
140.6,2,3.8326434338304,0.64792644757433
140.7,2,3.835624018546,0.647906885759
140.8,2,3.8307788361965,0.64788732394366
140.9,2,3.8355881397501,0.64786776212833
141,2,3.8358838894166,0.64784820031299
141.1,2,3.8348460183364,0.64782863849765
141.2,2,3.8285847874096,0.64780907668232
141.3,2,3.8342098431326,0.64778951486698
141.4,2,3.8335805468531,0.64776995305164
141.5,2,3.83066825146,0.64775039123631
141.6,2,3.8324505397245,0.64773082942097
141.7,2,3.830769762144,0.64771126760563
141.8,2,3.8322829218291,0.6476917057903
141.9,2,3.8327077769391,0.64767214397496
142,2,3.8315979732882,0.64765258215962
142.1,2,3.829903722065,0.64763302034429
142.2,2,3.8331887887259,0.64761345852895
142.3,2,3.8278133024806,0.64759389671361
142.4,2,3.8343820300577,0.64757433489828
142.5,2,3.8300550065896,0.64755477308294
142.6,2,3.8290742498284,0.64753521126761
142.7,2,3.8314772502492,0.64751564945227
142.8,2,3.8282962877176,0.64749608763693
142.9,2,3.8303438121119,0.6474765258216
143,2,3.821871503176,0.64745696400626
143.1,2,3.8278240053742,0.64743740219092
143.2,2,3.8232826280499,0.64741784037559
143.3,2,3.8261411543561,0.64739827856025
143.4,2,3.8268529828494,0.64737871674491
143.5,2,3.8264819953109,0.64735915492958
143.6,2,3.8243401892351,0.64733959311424
143.7,2,3.8306510562005,0.6473200312989
143.8,2,3.8244787002008,0.64730046948357
143.9,2,3.8223583793556,0.64728090766823
144,2,3.8276069488318,0.64726134585289
144.1,2,3.8249144392405,0.64724178403756
144.2,2,3.825157084771,0.64722222222222
144.3,2,3.8286519079174,0.64720266040689
144.4,2,3.8302145974045,0.64718309859155
144.5,2,3.822866705636,0.64716353677621
144.6,2,3.8255649721434,0.64714397496088
144.7,2,3.8290149355185,0.64712441314554
144.8,2,3.8273010954012,0.6471048513302
144.9,2,3.8272552664563,0.64708528951487
145,2,3.8227182071454,0.64706572769953
145.1,2,3.8272312476687,0.64704616588419
145.2,2,3.8252261799848,0.64702660406886
145.3,2,3.8282057069155,0.64700704225352
145.4,2,3.8211944732081,0.64698748043818
145.5,2,3.8272734565449,0.64696791862285
145.6,2,3.8285397346203,0.64694835680751
145.7,2,3.8254285783533,0.64692879499217
145.8,2,3.824190271373,0.64690923317684
145.9,2,3.8226566872448,0.6468896713615
146,2,3.8297291008606,0.64687010954617
146.1,2,3.8173574245538,0.64685054773083
146.2,2,3.8208400681824,0.64683098591549
146.3,2,3.8158458974242,0.64681142410016
146.4,2,3.817060143956,0.64679186228482
146.5,2,3.8294563612469,0.64677230046948
146.6,2,3.8215422072231,0.64675273865415
146.7,2,3.8159705233643,0.64673317683881
146.8,2,3.8214610534336,0.64671361502347
146.9,2,3.8247901841148,0.64669405320814
147,2,3.8251058900168,0.6466744913928
147.1,2,3.8180769853708,0.64665492957746
147.2,2,3.8236261681502,0.64663536776213
147.3,2,3.8211551749517,0.64661580594679
147.4,2,3.822539816502,0.64659624413145
147.5,2,3.8247464311175,0.64657668231612
147.6,2,3.8205828196899,0.64655712050078
147.7,2,3.8193747443023,0.64653755868545
147.8,2,3.8167349870687,0.64651799687011
147.9,2,3.8198739560566,0.64649843505477
148,2,3.819549281073,0.64647887323944
148.1,2,3.8201155078935,0.6464593114241
148.2,2,3.8203070361382,0.64643974960876
148.3,2,3.8254415647328,0.64642018779343
148.4,2,3.8163392146196,0.64640062597809
148.5,2,3.8210179992524,0.64638106416275
148.6,2,3.8205466309883,0.64636150234742
148.7,2,3.82118149503,0.64634194053208
148.8,2,3.8199817802213,0.64632237871674
148.9,2,3.8239821197044,0.64630281690141
149,2,3.8180313750909,0.64628325508607
149.1,2,3.8159181489294,0.64626369327073
149.2,2,3.8197213258858,0.6462441314554
149.3,2,3.8157317893852,0.64622456964006
149.4,2,3.8228779634994,0.64620500782473
149.5,2,3.8177012491928,0.64618544600939
149.6,2,3.8228765507357,0.64616588419405
149.7,2,3.8178250141007,0.64614632237872
149.8,2,3.8146816026526,0.64612676056338
149.9,2,3.8166822619209,0.64610719874804
150,0,3.9120293624677,0.64608763693271
150.1,0,3.910034370407,0.64608763693271
150.2,0,3.9056762743342,0.64608763693271
150.3,0,3.9053473288733,0.64608763693271
150.4,0,3.908046730786,0.64608763693271
150.5,0,3.9049786480279,0.64608763693271
150.6,0,3.9102448124879,0.64608763693271
150.7,0,3.9090877856343,0.64608763693271
150.8,0,3.9059933612998,0.64608763693271
150.9,0,3.9143479223199,0.64608763693271
151,0,3.9037846716634,0.64608763693271
151.1,0,3.9079685761074,0.64608763693271
151.2,0,3.907189141115,0.64608763693271
151.3,0,3.9096967449612,0.64608763693271
151.4,0,3.9090358261374,0.64608763693271
151.5,0,3.9101267761114,0.64608763693271
151.6,0,3.903797378996,0.64608763693271
151.7,0,3.9145483104543,0.64608763693271
151.8,0,3.909181782689,0.64608763693271
151.9,0,3.9098459619127,0.64608763693271
152,0,3.9106567320199,0.64608763693271
152.1,0,3.9082741189902,0.64608763693271
152.2,0,3.9114290510707,0.64608763693271
152.3,0,3.9075061098254,0.64608763693271
152.4,0,3.9059879824904,0.64608763693271
152.5,0,3.9064700130625,0.64608763693271
152.6,0,3.9104596794332,0.64608763693271
152.7,0,3.9067947028082,0.64608763693271
152.8,0,3.9137608567728,0.64608763693271
152.9,0,3.9185659296876,0.64608763693271
153,0,3.9032053958136,0.64608763693271
153.1,0,3.9106049812073,0.64608763693271
153.2,0,3.9088106832552,0.64608763693271
153.3,0,3.9123461123569,0.64608763693271
153.4,0,3.9114996480894,0.64608763693271
153.5,0,3.9094385212699,0.64608763693271
153.6,0,3.9099400326532,0.64608763693271
153.7,0,3.9097102404854,0.64608763693271
153.8,0,3.9113594423447,0.64608763693271
153.9,0,3.9114605647221,0.64608763693271
154,0,3.907778637656,0.64608763693271
154.1,0,3.9041007575672,0.64608763693271
154.2,0,3.9050590936429,0.64608763693271
154.3,0,3.906833842245,0.64608763693271
154.4,0,3.9103260898364,0.64608763693271
154.5,0,3.9131400963951,0.64608763693271
154.6,0,3.9084116130855,0.64608763693271
154.7,0,3.9082567866049,0.64608763693271
154.8,0,3.9098973459721,0.64608763693271
154.9,0,3.9104603708716,0.64608763693271
155,0,3.9175497839983,0.64608763693271
155.1,0,3.9119225864688,0.64608763693271
155.2,0,3.9163844751934,0.64608763693271
155.3,0,3.9144876428786,0.64608763693271
155.4,0,3.9126363405895,0.64608763693271
155.5,0,3.9111640859941,0.64608763693271
155.6,0,3.9104316460151,0.64608763693271
155.7,0,3.9081096955795,0.64608763693271
155.8,0,3.9114857135276,0.64608763693271
155.9,0,3.9087322826839,0.64608763693271
156,0,3.9132700771244,0.64608763693271
156.1,0,3.908080263006,0.64608763693271
156.2,0,3.9170191864816,0.64608763693271
156.3,0,3.9139971839675,0.64608763693271
156.4,0,3.9099914415722,0.64608763693271
156.5,0,3.9174058064925,0.64608763693271
156.6,0,3.9164113891232,0.64608763693271
156.7,0,3.9145487252623,0.64608763693271
156.8,0,3.9136438654865,0.64608763693271
156.9,0,3.9105518543836,0.64608763693271
157,0,3.9063937167133,0.64608763693271
157.1,0,3.9112262869198,0.64608763693271
157.2,0,3.9129638961717,0.64608763693271
157.3,0,3.9191083023493,0.64608763693271
157.4,0,3.9113073387153,0.64608763693271
157.5,0,3.9146051598314,0.64608763693271
157.6,0,3.9149799831081,0.64608763693271
157.7,0,3.9152588354779,0.64608763693271
157.8,0,3.9143067092919,0.64608763693271
157.9,0,3.9112443470574,0.64608763693271
158,0,3.9104706256646,0.64608763693271
158.1,0,3.9115814976769,0.64608763693271
158.2,0,3.9132247794396,0.64608763693271
158.3,0,3.917264272276,0.64608763693271
158.4,0,3.9097265327182,0.64608763693271
158.5,0,3.9147428097886,0.64608763693271
158.6,0,3.9192640983794,0.64608763693271
158.7,0,3.9156111166419,0.64608763693271
158.8,0,3.9131455480332,0.64608763693271
158.9,0,3.9095756999375,0.64608763693271
159,0,3.9141812730239,0.64608763693271
159.1,0,3.9145115442759,0.64608763693271
159.2,0,3.9191915510632,0.64608763693271
159.3,0,3.9120204617723,0.64608763693271
159.4,0,3.9116951885991,0.64608763693271
159.5,0,3.9177290116909,0.64608763693271
159.6,0,3.9137042109545,0.64608763693271
159.7,0,3.9174173179495,0.64608763693271
159.8,0,3.9151625685052,0.64608763693271
159.9,0,3.9111738919999,0.64608763693271
160,-1.5,3.983510142706,0.64608763693271
160.1,-1.5,3.9792960604961,0.64610230829421
160.2,-1.5,3.9843967001216,0.64611697965571
160.3,-1.5,3.9825742506499,0.64613165101721
160.4,-1.5,3.9777216093334,0.64614632237872
160.5,-1.5,3.980442937052,0.64616099374022
160.6,-1.5,3.9850185575699,0.64617566510172
160.7,-1.5,3.980383520578,0.64619033646322
160.8,-1.5,3.9829360956946,0.64620500782473
160.9,-1.5,3.9804406690778,0.64621967918623
161,-1.5,3.9797761302428,0.64623435054773
161.1,-1.5,3.9795272276131,0.64624902190923
161.2,-1.5,3.9841427058045,0.64626369327073
161.3,-1.5,3.9838449585117,0.64627836463224
161.4,-1.5,3.9841753715187,0.64629303599374
161.5,-1.5,3.9841397073574,0.64630770735524
161.6,-1.5,3.9850084090551,0.64632237871674
161.7,-1.5,3.985407629482,0.64633705007825
161.8,-1.5,3.9839591624941,0.64635172143975
161.9,-1.5,3.9825321959245,0.64636639280125
162,-1.5,3.9795034581866,0.64638106416275
162.1,-1.5,3.9866199584916,0.64639573552426
162.2,-1.5,3.9861531619574,0.64641040688576
162.3,-1.5,3.9822031082873,0.64642507824726
162.4,-1.5,3.9880908182095,0.64643974960876
162.5,-1.5,3.9847094837012,0.64645442097027
162.6,-1.5,3.9878262405591,0.64646909233177
162.7,-1.5,3.9774154462931,0.64648376369327
162.8,-1.5,3.9865036442308,0.64649843505477
162.9,-1.5,3.9855072836411,0.64651310641627
163,-1.5,3.9827901132426,0.64652777777778
163.1,-1.5,3.9852828744109,0.64654244913928
163.2,-1.5,3.9888538211123,0.64655712050078
163.3,-1.5,3.9903973543137,0.64657179186228
163.4,-1.5,3.9896242362245,0.64658646322379
163.5,-1.5,3.981712988266,0.64660113458529
163.6,-1.5,3.9883085344121,0.64661580594679
163.7,-1.5,3.9860080008596,0.64663047730829
163.8,-1.5,3.9895854496724,0.6466451486698
163.9,-1.5,3.9888066622536,0.6466598200313
164,-1.5,3.9927933686956,0.6466744913928
164.1,-1.5,3.9832554069096,0.6466891627543
164.2,-1.5,3.9899724755256,0.64670383411581
164.3,-1.5,3.9880636158045,0.64671850547731
164.4,-1.5,3.9898011981625,0.64673317683881
164.5,-1.5,3.9948939172312,0.64674784820031
164.6,-1.5,3.9899114307389,0.64676251956181
164.7,-1.5,3.9885144418799,0.64677719092332
164.8,-1.5,3.9901976407488,0.64679186228482
164.9,-1.5,3.9869567634128,0.64680653364632
165,-1.5,3.9890805815858,0.64682120500782
165.1,-1.5,3.9881057723029,0.64683587636933
165.2,-1.5,3.9845707460385,0.64685054773083
165.3,-1.5,3.9958101178279,0.64686521909233
165.4,-1.5,3.9902478436081,0.64687989045383
165.5,-1.5,3.9898906920508,0.64689456181534
165.6,-1.5,3.989161852446,0.64690923317684
165.7,-1.5,3.9905343737376,0.64692390453834
165.8,-1.5,3.9934246400286,0.64693857589984
165.9,-1.5,3.9940324930269,0.64695324726135
166,-1.5,3.9869773547638,0.64696791862285
166.1,-1.5,3.9939311209678,0.64698258998435
166.2,-1.5,3.9901758307434,0.64699726134585
166.3,-1.5,3.9935095264351,0.64701193270735
166.4,-1.5,3.9903069888386,0.64702660406886
166.5,-1.5,3.9915405526168,0.64704127543036
166.6,-1.5,3.9906849074197,0.64705594679186
166.7,-1.5,3.9915114704303,0.64707061815336
166.8,-1.5,3.9954482336495,0.64708528951487
166.9,-1.5,3.9948178635963,0.64709996087637
167,-1.5,3.9901066451934,0.64711463223787
167.1,-1.5,3.9963451399027,0.64712930359937
167.2,-1.5,3.9954827844926,0.64714397496088
167.3,-1.5,3.9988854999707,0.64715864632238
167.4,-1.5,3.997118418525,0.64717331768388
167.5,-1.5,3.9976778301472,0.64718798904538
167.6,-1.5,3.9898918633381,0.64720266040689
167.7,-1.5,3.9901892429513,0.64721733176839
167.8,-1.5,3.9952454157051,0.64723200312989
167.9,-1.5,3.9965396820102,0.64724667449139
168,-1.5,3.9822414380258,0.64726134585289
168.1,-1.5,3.993949629559,0.6472760172144
168.2,-1.5,3.997973245012,0.6472906885759
168.3,-1.5,3.9978748521433,0.6473053599374
168.4,-1.5,3.9950104737287,0.6473200312989
168.5,-1.5,3.9951303442083,0.64733470266041
168.6,-1.5,3.9964311475873,0.64734937402191
168.7,-1.5,3.9925271497014,0.64736404538341
168.8,-1.5,3.9920597049648,0.64737871674491
168.9,-1.5,3.9947281388174,0.64739338810642
169,-1.5,3.9957478403645,0.64740805946792
169.1,-1.5,3.9956050879396,0.64742273082942
169.2,-1.5,3.9919376277077,0.64743740219092
169.3,-1.5,3.9913771144646,0.64745207355243
169.4,-1.5,3.9945972890078,0.64746674491393
169.5,-1.5,3.9943259269124,0.64748141627543
169.6,-1.5,4.0020321027161,0.64749608763693
169.7,-1.5,3.9966834257019,0.64751075899843
169.8,-1.5,3.9989950748321,0.64752543035994
169.9,-1.5,3.995101414916,0.64754010172144
170,0,3.9306768038126,0.64755477308294
170.1,0,3.9264195311497,0.64755477308294
170.2,0,3.9232744837512,0.64755477308294
170.3,0,3.9287023684212,0.64755477308294
170.4,0,3.9339391500498,0.64755477308294
170.5,0,3.9269942052389,0.64755477308294
170.6,0,3.9325407599171,0.64755477308294
170.7,0,3.9267905801827,0.64755477308294
170.8,0,3.9268414651285,0.64755477308294
170.9,0,3.9278192017794,0.64755477308294
171,0,3.9290795198122,0.64755477308294
171.1,0,3.9263703837547,0.64755477308294
171.2,0,3.9316496402823,0.64755477308294
171.3,0,3.9258061041222,0.64755477308294
171.4,0,3.9292090638938,0.64755477308294
171.5,0,3.9295803928572,0.64755477308294
171.6,0,3.9300184697959,0.64755477308294
171.7,0,3.9282683416107,0.64755477308294
171.8,0,3.9274473143056,0.64755477308294
171.9,0,3.9294243965385,0.64755477308294
172,0,3.9257224012768,0.64755477308294
172.1,0,3.9248661718443,0.64755477308294
172.2,0,3.9272401858689,0.64755477308294
172.3,0,3.9242041215821,0.64755477308294
172.4,0,3.9266449163048,0.64755477308294
172.5,0,3.9321169172173,0.64755477308294
172.6,0,3.9242184229122,0.64755477308294
172.7,0,3.9281520970953,0.64755477308294
172.8,0,3.9280154308066,0.64755477308294
172.9,0,3.9289791435003,0.64755477308294
173,0,3.9250510111913,0.64755477308294
173.1,0,3.9269752800904,0.64755477308294
173.2,0,3.9313030150224,0.64755477308294
173.3,0,3.9268652614961,0.64755477308294
173.4,0,3.928645499336,0.64755477308294
173.5,0,3.9162106437068,0.64755477308294
173.6,0,3.9318547789647,0.64755477308294
173.7,0,3.9230998145505,0.64755477308294
173.8,0,3.9282854259093,0.64755477308294
173.9,0,3.9261329829378,0.64755477308294
174,0,3.920418622828,0.64755477308294
174.1,0,3.9211247334368,0.64755477308294
174.2,0,3.9234630628069,0.64755477308294
174.3,0,3.9224776637057,0.64755477308294
174.4,0,3.9251153449746,0.64755477308294
174.5,0,3.927021699693,0.64755477308294
174.6,0,3.9265186584523,0.64755477308294
174.7,0,3.9298099387398,0.64755477308294
174.8,0,3.9287703865742,0.64755477308294
174.9,0,3.9259442282036,0.64755477308294
175,0,3.9251807349071,0.64755477308294
175.1,0,3.9245034316695,0.64755477308294
175.2,0,3.9238576512402,0.64755477308294
175.3,0,3.917905294002,0.64755477308294
175.4,0,3.9181851600755,0.64755477308294
175.5,0,3.9284326985332,0.64755477308294
175.6,0,3.9251925292355,0.64755477308294
175.7,0,3.9258555996538,0.64755477308294
175.8,0,3.92332492168,0.64755477308294
175.9,0,3.9305976897314,0.64755477308294
176,0,3.9231649110387,0.64755477308294
176.1,0,3.9212145353611,0.64755477308294
176.2,0,3.9251085369139,0.64755477308294
176.3,0,3.9236200942238,0.64755477308294
176.4,0,3.9256606901533,0.64755477308294
176.5,0,3.9247338012131,0.64755477308294
176.6,0,3.9219860075598,0.64755477308294
176.7,0,3.9261016865235,0.64755477308294
176.8,0,3.9246070150122,0.64755477308294
176.9,0,3.9245742713322,0.64755477308294
177,0,3.922118328578,0.64755477308294
177.1,0,3.9291986973224,0.64755477308294
177.2,0,3.924939688718,0.64755477308294
177.3,0,3.9255113961265,0.64755477308294
177.4,0,3.922934152585,0.64755477308294
177.5,0,3.9254042115471,0.64755477308294
177.6,0,3.9239953911039,0.64755477308294
177.7,0,3.9243175299247,0.64755477308294
177.8,0,3.9203954958177,0.64755477308294
177.9,0,3.9223232965834,0.64755477308294
178,0,3.9210813827252,0.64755477308294
178.1,0,3.9240030696154,0.64755477308294
178.2,0,3.9215932180616,0.64755477308294
178.3,0,3.9210610747168,0.64755477308294
178.4,0,3.9264780924024,0.64755477308294
178.5,0,3.9210209352557,0.64755477308294
178.6,0,3.9222807000243,0.64755477308294
178.7,0,3.9246038193015,0.64755477308294
178.8,0,3.9248336876799,0.64755477308294
178.9,0,3.920177862392,0.64755477308294
179,0,3.9234144549215,0.64755477308294
179.1,0,3.9221278003748,0.64755477308294
179.2,0,3.9238033692933,0.64755477308294
179.3,0,3.9225651946649,0.64755477308294
179.4,0,3.9205213218991,0.64755477308294
179.5,0,3.919740075841,0.64755477308294
179.6,0,3.9204261071163,0.64755477308294
179.7,0,3.9255565552373,0.64755477308294
179.8,0,3.9197681078303,0.64755477308294
179.9,0,3.9202020565384,0.64755477308294
180,1,3.8824186239872,0.64755477308294
180.1,1,3.8807899467616,0.64754499217527
180.2,1,3.8788288429001,0.64753521126761
180.3,1,3.8780375840902,0.64752543035994
180.4,1,3.8791045906973,0.64751564945227
180.5,1,3.8772251307487,0.6475058685446
180.6,1,3.8783702702319,0.64749608763693
180.7,1,3.877060662618,0.64748630672926
180.8,1,3.8735700007237,0.6474765258216
180.9,1,3.877028969838,0.64746674491393
181,1,3.8780996368909,0.64745696400626
181.1,1,3.8753352622696,0.64744718309859
181.2,1,3.8713747309692,0.64743740219092
181.3,1,3.8747993209303,0.64742762128325
181.4,1,3.8757639358928,0.64741784037559
181.5,1,3.8798065110228,0.64740805946792
181.6,1,3.8766156826214,0.64739827856025
181.7,1,3.8770371817227,0.64738849765258
181.8,1,3.876358166977,0.64737871674491
181.9,1,3.8785262117432,0.64736893583725
182,1,3.87261708003,0.64735915492958
182.1,1,3.8824489814694,0.64734937402191
182.2,1,3.8798657338804,0.64733959311424
182.3,1,3.8772127025069,0.64732981220657
182.4,1,3.875366713162,0.6473200312989
182.5,1,3.8793799280709,0.64731025039124
182.6,1,3.8755570499605,0.64730046948357
182.7,1,3.8735954715075,0.6472906885759
182.8,1,3.8715658102786,0.64728090766823
182.9,1,3.8782908661511,0.64727112676056
183,1,3.8768625787702,0.64726134585289
183.1,1,3.8753296150525,0.64725156494523
183.2,1,3.8748823062378,0.64724178403756
183.3,1,3.8735671853534,0.64723200312989
183.4,1,3.8742445090445,0.64722222222222
183.5,1,3.8771496317873,0.64721244131455
183.6,1,3.8761554393625,0.64720266040689
183.7,1,3.8792759162828,0.64719287949922
183.8,1,3.8755113645002,0.64718309859155
183.9,1,3.8712087194733,0.64717331768388
184,1,3.8730481904573,0.64716353677621
184.1,1,3.8713778064718,0.64715375586854
184.2,1,3.874192050245,0.64714397496088
184.3,1,3.8713386561723,0.64713419405321
184.4,1,3.8729813129321,0.64712441314554
184.5,1,3.8722570615416,0.64711463223787
184.6,1,3.8736191935506,0.6471048513302
184.7,1,3.8703219479175,0.64709507042253
184.8,1,3.8741988113501,0.64708528951487
184.9,1,3.8736066118571,0.6470755086072
185,1,3.8721071725535,0.64706572769953
185.1,1,3.8745579210432,0.64705594679186
185.2,1,3.8712018557414,0.64704616588419
185.3,1,3.8766246880533,0.64703638497653
185.4,1,3.872360731026,0.64702660406886
185.5,1,3.8631372149929,0.64701682316119
185.6,1,3.8727965667951,0.64700704225352
185.7,1,3.8713147561948,0.64699726134585
185.8,1,3.8699117974757,0.64698748043818
185.9,1,3.8726767224953,0.64697769953052
186,1,3.8787629619793,0.64696791862285
186.1,1,3.8762582806239,0.64695813771518
186.2,1,3.8712014461175,0.64694835680751
186.3,1,3.8685580369781,0.64693857589984
186.4,1,3.8741877717343,0.64692879499217
186.5,1,3.8696991450723,0.64691901408451
186.6,1,3.8736096446667,0.64690923317684
186.7,1,3.8707782595852,0.64689945226917
186.8,1,3.8722759346447,0.6468896713615
186.9,1,3.8714995417721,0.64687989045383
187,1,3.8724101014985,0.64687010954617
187.1,1,3.8724816094714,0.6468603286385
187.2,1,3.873986943205,0.64685054773083
187.3,1,3.8701867787592,0.64684076682316
187.4,1,3.869006544014,0.64683098591549
187.5,1,3.8708510547833,0.64682120500782
187.6,1,3.8775033625925,0.64681142410016
187.7,1,3.8705497640992,0.64680164319249
187.8,1,3.868314300083,0.64679186228482
187.9,1,3.8691372660638,0.64678208137715
188,1,3.8733355385235,0.64677230046948
188.1,1,3.8633111696353,0.64676251956181
188.2,1,3.8694276610629,0.64675273865415
188.3,1,3.8673961483539,0.64674295774648
188.4,1,3.8699887939241,0.64673317683881
188.5,1,3.8698997262208,0.64672339593114
188.6,1,3.8712155756735,0.64671361502347
188.7,1,3.8684806975463,0.64670383411581
188.8,1,3.865763816796,0.64669405320814
188.9,1,3.8763001984074,0.64668427230047
189,1,3.8689399516133,0.6466744913928
189.1,1,3.8645318189155,0.64666471048513
189.2,1,3.8696070010292,0.64665492957746
189.3,1,3.8674723491018,0.6466451486698
189.4,1,3.8682155557985,0.64663536776213
189.5,1,3.8717318585044,0.64662558685446
189.6,1,3.8666450827842,0.64661580594679
189.7,1,3.8720809694173,0.64660602503912
189.8,1,3.8732737980554,0.64659624413145
189.9,1,3.8719097728955,0.64658646322379
190,-0.5,3.9354720822994,0.64657668231612
190.1,-0.5,3.9355811769222,0.64658157276995
190.2,-0.5,3.9335271965656,0.64658646322379
190.3,-0.5,3.9369938883617,0.64659135367762
190.4,-0.5,3.9368088656014,0.64659624413145
190.5,-0.5,3.9324459695691,0.64660113458529
190.6,-0.5,3.9350302982893,0.64660602503912
190.7,-0.5,3.9329946972736,0.64661091549296
190.8,-0.5,3.9359760269852,0.64661580594679
190.9,-0.5,3.9391255812079,0.64662069640063
191,-0.5,3.9423522969423,0.64662558685446
191.1,-0.5,3.9370718793201,0.64663047730829
191.2,-0.5,3.9326997103165,0.64663536776213
191.3,-0.5,3.9372711635768,0.64664025821596
191.4,-0.5,3.9424833909803,0.6466451486698
191.5,-0.5,3.9336168700056,0.64665003912363
191.6,-0.5,3.9416150116752,0.64665492957746
191.7,-0.5,3.9411069357189,0.6466598200313
191.8,-0.5,3.9356868257546,0.64666471048513
191.9,-0.5,3.9374156110187,0.64666960093897
192,-0.5,3.9382140869387,0.6466744913928
192.1,-0.5,3.9351254268805,0.64667938184663
192.2,-0.5,3.9331770018963,0.64668427230047
192.3,-0.5,3.9370310461983,0.6466891627543
192.4,-0.5,3.9390392665856,0.64669405320814
192.5,-0.5,3.9380506732312,0.64669894366197
192.6,-0.5,3.9400473010285,0.64670383411581
192.7,-0.5,3.9403659672372,0.64670872456964
192.8,-0.5,3.9373270048391,0.64671361502347
192.9,-0.5,3.9362839817017,0.64671850547731
193,-0.5,3.9407377633886,0.64672339593114
193.1,-0.5,3.9361179403917,0.64672828638498
193.2,-0.5,3.9432712289616,0.64673317683881
193.3,-0.5,3.9418835950392,0.64673806729264
193.4,-0.5,3.9414564374964,0.64674295774648
193.5,-0.5,3.937291879146,0.64674784820031
193.6,-0.5,3.941651277845,0.64675273865415
193.7,-0.5,3.9389981613813,0.64675762910798
193.8,-0.5,3.9388902330827,0.64676251956181
193.9,-0.5,3.9415182769353,0.64676741001565
194,-0.5,3.9365145170695,0.64677230046948
194.1,-0.5,3.9384437601057,0.64677719092332
194.2,-0.5,3.9401227275402,0.64678208137715
194.3,-0.5,3.9406798241286,0.64678697183099
194.4,-0.5,3.9454536187047,0.64679186228482
194.5,-0.5,3.9395309030156,0.64679675273865
194.6,-0.5,3.939417536771,0.64680164319249
194.7,-0.5,3.9406835218711,0.64680653364632
194.8,-0.5,3.9419160632467,0.64681142410016
194.9,-0.5,3.9417794802965,0.64681631455399
195,-0.5,3.9410132466783,0.64682120500782
195.1,-0.5,3.9416370182012,0.64682609546166
195.2,-0.5,3.9382115808108,0.64683098591549
195.3,-0.5,3.9411292631315,0.64683587636933
195.4,-0.5,3.9438641390988,0.64684076682316
195.5,-0.5,3.9371327215197,0.64684565727699
195.6,-0.5,3.9413153502353,0.64685054773083
195.7,-0.5,3.9435420717627,0.64685543818466
195.8,-0.5,3.9392955527614,0.6468603286385
195.9,-0.5,3.9382084636287,0.64686521909233
196,-0.5,3.9399541321888,0.64687010954617
196.1,-0.5,3.9375447490529,0.646875
196.2,-0.5,3.939179096541,0.64687989045383
196.3,-0.5,3.9445398185371,0.64688478090767
196.4,-0.5,3.9436096590383,0.6468896713615
196.5,-0.5,3.9449745773579,0.64689456181534
196.6,-0.5,3.9440856837525,0.64689945226917
196.7,-0.5,3.9445391610104,0.646904342723
196.8,-0.5,3.9420991579642,0.64690923317684
196.9,-0.5,3.9407328763588,0.64691412363067
197,-0.5,3.9422912478699,0.64691901408451
197.1,-0.5,3.9424405797704,0.64692390453834
197.2,-0.5,3.9410773115783,0.64692879499217
197.3,-0.5,3.9411831689284,0.64693368544601
197.4,-0.5,3.9414970573009,0.64693857589984
197.5,-0.5,3.9440748605115,0.64694346635368
197.6,-0.5,3.9437020316775,0.64694835680751
197.7,-0.5,3.9458270230772,0.64695324726135
197.8,-0.5,3.9430721225878,0.64695813771518
197.9,-0.5,3.9381477883085,0.64696302816901
198,-0.5,3.9402777122448,0.64696791862285
198.1,-0.5,3.9398244882925,0.64697280907668
198.2,-0.5,3.9390230002732,0.64697769953052
198.3,-0.5,3.9448226217875,0.64698258998435
198.4,-0.5,3.9430600847007,0.64698748043818
198.5,-0.5,3.946280118585,0.64699237089202
198.6,-0.5,3.9356484831238,0.64699726134585
198.7,-0.5,3.9378646092391,0.64700215179969
198.8,-0.5,3.9410470324066,0.64700704225352
198.9,-0.5,3.9421729340784,0.64701193270735
199,-0.5,3.9409787114071,0.64701682316119
199.1,-0.5,3.9491180873824,0.64702171361502
199.2,-0.5,3.9413090586258,0.64702660406886
199.3,-0.5,3.9403220228126,0.64703149452269
199.4,-0.5,3.9394759210742,0.64703638497653
199.5,-0.5,3.9429565643892,0.64704127543036
199.6,-0.5,3.9417620428935,0.64704616588419
199.7,-0.5,3.9389455662021,0.64705105633803
199.8,-0.5,3.9383734812365,0.64705594679186
199.9,-0.5,3.9402611870629,0.6470608372457
200,0,3.9246309968692,0.64706572769953
200.1,0,3.9198634704114,0.64706572769953
200.2,0,3.9240522275308,0.64706572769953
200.3,0,3.9202275906165,0.64706572769953
200.4,0,3.9171560880984,0.64706572769953
200.5,0,3.9241495077417,0.64706572769953
200.6,0,3.9168862254391,0.64706572769953
200.7,0,3.9187800883377,0.64706572769953
200.8,0,3.9174134025444,0.64706572769953
200.9,0,3.9193388469398,0.64706572769953
201,0,3.918448042167,0.64706572769953
201.1,0,3.9231363216281,0.64706572769953
201.2,0,3.9209746741042,0.64706572769953
201.3,0,3.9209358564183,0.64706572769953
201.4,0,3.9214772007533,0.64706572769953
201.5,0,3.9184351670582,0.64706572769953
201.6,0,3.922478493879,0.64706572769953
201.7,0,3.9181883182023,0.64706572769953
201.8,0,3.920873376288,0.64706572769953
201.9,0,3.9191853093046,0.64706572769953
202,0,3.91596397125,0.64706572769953
202.1,0,3.9231356507536,0.64706572769953
202.2,0,3.9191501553244,0.64706572769953
202.3,0,3.9191655215622,0.64706572769953
202.4,0,3.9218337347699,0.64706572769953
202.5,0,3.9178946663796,0.64706572769953
202.6,0,3.9234299972232,0.64706572769953
202.7,0,3.9227824321276,0.64706572769953
202.8,0,3.9224365085732,0.64706572769953
202.9,0,3.9219930054074,0.64706572769953
203,0,3.9174081433687,0.64706572769953
203.1,0,3.9233776294091,0.64706572769953
203.2,0,3.9162431142369,0.64706572769953
203.3,0,3.9233428601331,0.64706572769953
203.4,0,3.9236553798651,0.64706572769953
203.5,0,3.9254536389804,0.64706572769953
203.6,0,3.9165964406103,0.64706572769953
203.7,0,3.9186190451378,0.64706572769953
203.8,0,3.9157392628284,0.64706572769953
203.9,0,3.9182880206279,0.64706572769953
204,0,3.9198530264709,0.64706572769953
204.1,0,3.922203801209,0.64706572769953
204.2,0,3.920399667765,0.64706572769953
204.3,0,3.9225180634896,0.64706572769953
204.4,0,3.9219351165287,0.64706572769953
204.5,0,3.9206305603473,0.64706572769953
204.6,0,3.9276925947106,0.64706572769953
204.7,0,3.9189093223452,0.64706572769953
204.8,0,3.920472522472,0.64706572769953
204.9,0,3.916153914003,0.64706572769953
205,0,3.9146527877946,0.64706572769953
205.1,0,3.9205283221529,0.64706572769953
205.2,0,3.9165880795287,0.64706572769953
205.3,0,3.9251557927868,0.64706572769953
205.4,0,3.9227209444354,0.64706572769953
205.5,0,3.9224033860743,0.64706572769953
205.6,0,3.920638344941,0.64706572769953
205.7,0,3.9204401506185,0.64706572769953
205.8,0,3.9226983931077,0.64706572769953
205.9,0,3.9223057689055,0.64706572769953
206,0,3.9194558883018,0.64706572769953
206.1,0,3.9177295806283,0.64706572769953
206.2,0,3.9208145373486,0.64706572769953
206.3,0,3.9198376702351,0.64706572769953
206.4,0,3.919633753032,0.64706572769953
206.5,0,3.918473043067,0.64706572769953
206.6,0,3.9180758845453,0.64706572769953
206.7,0,3.918634428249,0.64706572769953
206.8,0,3.9221086361744,0.64706572769953
206.9,0,3.9260310161429,0.64706572769953
207,0,3.9142867003316,0.64706572769953
207.1,0,3.9165883019817,0.64706572769953
207.2,0,3.9187851628962,0.64706572769953
207.3,0,3.9267469299845,0.64706572769953
207.4,0,3.9194185332951,0.64706572769953
207.5,0,3.9183451999738,0.64706572769953
207.6,0,3.9188407455531,0.64706572769953
207.7,0,3.9235811096099,0.64706572769953
207.8,0,3.9190225862288,0.64706572769953
207.9,0,3.918983876357,0.64706572769953
208,0,3.9188646080191,0.64706572769953
208.1,0,3.9184481589075,0.64706572769953
208.2,0,3.9186391963052,0.64706572769953
208.3,0,3.9153374760377,0.64706572769953
208.4,0,3.9114653892516,0.64706572769953
208.5,0,3.9153962414479,0.64706572769953
208.6,0,3.9188292914922,0.64706572769953
208.7,0,3.9160705554018,0.64706572769953
208.8,0,3.9184372712283,0.64706572769953
208.9,0,3.9199961348139,0.64706572769953
209,0,3.9216504063038,0.64706572769953
209.1,0,3.9215623416323,0.64706572769953
209.2,0,3.9186577905763,0.64706572769953
209.3,0,3.9225296272445,0.64706572769953
209.4,0,3.9180908142407,0.64706572769953
209.5,0,3.9220617921325,0.64706572769953
209.6,0,3.9180683928574,0.64706572769953
209.7,0,3.9172228336583,0.64706572769953
209.8,0,3.9174513655592,0.64706572769953
209.9,0,3.9153953006663,0.64706572769953
210,1.5,3.8518595822465,0.64706572769953
210.1,1.5,3.8504191351306,0.64705105633803
210.2,1.5,3.8552181870854,0.64703638497653
210.3,1.5,3.8545930182666,0.64702171361502
210.4,1.5,3.8496704748288,0.64700704225352
210.5,1.5,3.8497569675721,0.64699237089202
210.6,1.5,3.8503521356801,0.64697769953052
210.7,1.5,3.8548782718652,0.64696302816901
210.8,1.5,3.8514295283847,0.64694835680751
210.9,1.5,3.854398473219,0.64693368544601
211,1.5,3.8521829394638,0.64691901408451
211.1,1.5,3.8521183213192,0.646904342723
211.2,1.5,3.8505658716786,0.6468896713615
211.3,1.5,3.8499806941727,0.646875
211.4,1.5,3.8509918589,0.6468603286385
211.5,1.5,3.8480262293943,0.64684565727699
211.6,1.5,3.849121052295,0.64683098591549
211.7,1.5,3.8554426631451,0.64681631455399
211.8,1.5,3.8551505340803,0.64680164319249
211.9,1.5,3.850306753363,0.64678697183099
212,1.5,3.8499161785281,0.64677230046948
212.1,1.5,3.8497547499944,0.64675762910798
212.2,1.5,3.8514637365973,0.64674295774648
212.3,1.5,3.8521337184042,0.64672828638498
212.4,1.5,3.8507859403335,0.64671361502347
212.5,1.5,3.8483379338995,0.64669894366197
212.6,1.5,3.8477373299239,0.64668427230047
212.7,1.5,3.8508764994792,0.64666960093897
212.8,1.5,3.8496246741123,0.64665492957746
212.9,1.5,3.8507652152753,0.64664025821596
213,1.5,3.8450182975405,0.64662558685446
213.1,1.5,3.845716333207,0.64661091549296
213.2,1.5,3.8514798095672,0.64659624413145
213.3,1.5,3.8506900419755,0.64658157276995
213.4,1.5,3.8443358780652,0.64656690140845
213.5,1.5,3.8516776037679,0.64655223004695
213.6,1.5,3.8468534474891,0.64653755868545
213.7,1.5,3.8471883052015,0.64652288732394
213.8,1.5,3.8415245561409,0.64650821596244
213.9,1.5,3.8470672226522,0.64649354460094
214,1.5,3.8547739429754,0.64647887323944
214.1,1.5,3.8477217371089,0.64646420187793
214.2,1.5,3.8433018873887,0.64644953051643
214.3,1.5,3.8453396445255,0.64643485915493
214.4,1.5,3.8473277636865,0.64642018779343
214.5,1.5,3.8417022927286,0.64640551643192
214.6,1.5,3.8460400503538,0.64639084507042
214.7,1.5,3.846478431081,0.64637617370892
214.8,1.5,3.848408651152,0.64636150234742
214.9,1.5,3.8454762227032,0.64634683098591
215,1.5,3.8441969774094,0.64633215962441
215.1,1.5,3.8474665932861,0.64631748826291
215.2,1.5,3.8381694713905,0.64630281690141
215.3,1.5,3.847241969218,0.64628814553991
215.4,1.5,3.8440091268608,0.6462734741784
215.5,1.5,3.8463557838329,0.6462588028169
215.6,1.5,3.8459474457874,0.6462441314554
215.7,1.5,3.8438876304812,0.6462294600939
215.8,1.5,3.8493864718274,0.64621478873239
215.9,1.5,3.8416263619561,0.64620011737089
216,1.5,3.8458812204455,0.64618544600939
216.1,1.5,3.8461778000081,0.64617077464789
216.2,1.5,3.8443343477145,0.64615610328638
216.3,1.5,3.8500747785361,0.64614143192488
216.4,1.5,3.8455746748595,0.64612676056338
216.5,1.5,3.8431925137462,0.64611208920188
216.6,1.5,3.8440766909888,0.64609741784037
216.7,1.5,3.8480440879965,0.64608274647887
216.8,1.5,3.843977867682,0.64606807511737
216.9,1.5,3.8442963845492,0.64605340375587
217,1.5,3.8419278554774,0.64603873239437
217.1,1.5,3.8438114605441,0.64602406103286
217.2,1.5,3.8418359587367,0.64600938967136
217.3,1.5,3.8464143500024,0.64599471830986
217.4,1.5,3.8418156199587,0.64598004694836
217.5,1.5,3.845379305312,0.64596537558685
217.6,1.5,3.8449072995178,0.64595070422535
217.7,1.5,3.848651754143,0.64593603286385
217.8,1.5,3.8411472319143,0.64592136150235
217.9,1.5,3.8452049547678,0.64590669014084
218,1.5,3.8392159719065,0.64589201877934
218.1,1.5,3.8402722212542,0.64587734741784
218.2,1.5,3.8417396118252,0.64586267605634
218.3,1.5,3.8459641157097,0.64584800469484
218.4,1.5,3.8409315533276,0.64583333333333
218.5,1.5,3.8399917455754,0.64581866197183
218.6,1.5,3.8400546335733,0.64580399061033
218.7,1.5,3.8417804276458,0.64578931924883
218.8,1.5,3.8466383770752,0.64577464788732
218.9,1.5,3.838188925744,0.64575997652582
219,1.5,3.8428428559452,0.64574530516432
219.1,1.5,3.8364854695518,0.64573063380282
219.2,1.5,3.8393024260043,0.64571596244131
219.3,1.5,3.8418784720232,0.64570129107981
219.4,1.5,3.8399165981044,0.64568661971831
219.5,1.5,3.8411538328329,0.64567194835681
219.6,1.5,3.8389165604673,0.6456572769953
219.7,1.5,3.8424796811575,0.6456426056338
219.8,1.5,3.8443763178456,0.6456279342723
219.9,1.5,3.8448086979467,0.6456132629108
220,0,3.911917508874,0.6455985915493
220.1,0,3.9094324795166,0.6455985915493
220.2,0,3.9048923649117,0.6455985915493
220.3,0,3.9058513137818,0.6455985915493
220.4,0,3.9078380416393,0.6455985915493
220.5,0,3.9053364023424,0.6455985915493
220.6,0,3.9083166057099,0.6455985915493
220.7,0,3.9065398913709,0.6455985915493
220.8,0,3.911440253751,0.6455985915493
220.9,0,3.905723984824,0.6455985915493
221,0,3.9098536557426,0.6455985915493
221.1,0,3.9094941787679,0.6455985915493
221.2,0,3.9120416664786,0.6455985915493
221.3,0,3.9146314192902,0.6455985915493
221.4,0,3.9091517154164,0.6455985915493
221.5,0,3.9019747997011,0.6455985915493
221.6,0,3.9041622661655,0.6455985915493
221.7,0,3.9033390416709,0.6455985915493
221.8,0,3.9117580797641,0.6455985915493
221.9,0,3.9115070424299,0.6455985915493
222,0,3.912314580433,0.6455985915493
222.1,0,3.9151708477854,0.6455985915493
222.2,0,3.9048596743051,0.6455985915493
222.3,0,3.908467692341,0.6455985915493
222.4,0,3.9110067716167,0.6455985915493
222.5,0,3.9086786467325,0.6455985915493
222.6,0,3.9103086709539,0.6455985915493
222.7,0,3.9154398003398,0.6455985915493
222.8,0,3.9080967534546,0.6455985915493
222.9,0,3.9105869126119,0.6455985915493
223,0,3.9132767205768,0.6455985915493
223.1,0,3.9112751537611,0.6455985915493
223.2,0,3.9071954139726,0.6455985915493
223.3,0,3.9076758676443,0.6455985915493
223.4,0,3.9072755705753,0.6455985915493
223.5,0,3.9134935504963,0.6455985915493
223.6,0,3.9118836503174,0.6455985915493
223.7,0,3.9114725706972,0.6455985915493
223.8,0,3.9161120106486,0.6455985915493
223.9,0,3.904309136427,0.6455985915493
224,0,3.910769497916,0.6455985915493
224.1,0,3.9085967867898,0.6455985915493
224.2,0,3.9130352658656,0.6455985915493
224.3,0,3.9095463658595,0.6455985915493
224.4,0,3.9146451854504,0.6455985915493
224.5,0,3.9108743137304,0.6455985915493
224.6,0,3.9181020541412,0.6455985915493
224.7,0,3.9136644793263,0.6455985915493
224.8,0,3.9091264287662,0.6455985915493
224.9,0,3.9095882456346,0.6455985915493
225,0,3.9114970943653,0.6455985915493
225.1,0,3.9120671263646,0.6455985915493
225.2,0,3.9089220931241,0.6455985915493
225.3,0,3.9095609737519,0.6455985915493
225.4,0,3.9063771402177,0.6455985915493
225.5,0,3.9137022707914,0.6455985915493
225.6,0,3.9117841193353,0.6455985915493
225.7,0,3.9144720761998,0.6455985915493
225.8,0,3.9179363608979,0.6455985915493
225.9,0,3.9103998324278,0.6455985915493
226,0,3.9110079762457,0.6455985915493
226.1,0,3.9125611055639,0.6455985915493
226.2,0,3.9115745792439,0.6455985915493
226.3,0,3.9096599336888,0.6455985915493
226.4,0,3.9181101421852,0.6455985915493
226.5,0,3.91491117395,0.6455985915493
226.6,0,3.9171485307914,0.6455985915493
226.7,0,3.9136104723765,0.6455985915493
226.8,0,3.9102485667787,0.6455985915493
226.9,0,3.9104938956427,0.6455985915493
227,0,3.9091962669366,0.6455985915493
227.1,0,3.9157999306481,0.6455985915493
227.2,0,3.9155383370899,0.6455985915493
227.3,0,3.9114823430619,0.6455985915493
227.4,0,3.9080811382234,0.6455985915493
227.5,0,3.9093575801911,0.6455985915493
227.6,0,3.9132699743541,0.6455985915493
227.7,0,3.9115492641766,0.6455985915493
227.8,0,3.9024401407207,0.6455985915493
227.9,0,3.9127613596769,0.6455985915493
228,0,3.9114266675509,0.6455985915493
228.1,0,3.9118190438567,0.6455985915493
228.2,0,3.9152504893902,0.6455985915493
228.3,0,3.9125177464053,0.6455985915493
228.4,0,3.9147572860662,0.6455985915493
228.5,0,3.9162314996065,0.6455985915493
228.6,0,3.9160577400217,0.6455985915493
228.7,0,3.9201340912935,0.6455985915493
228.8,0,3.913188861705,0.6455985915493
228.9,0,3.9139413922597,0.6455985915493
229,0,3.917878570616,0.6455985915493
229.1,0,3.9125670371103,0.6455985915493
229.2,0,3.9125556854989,0.6455985915493
229.3,0,3.9124627218044,0.6455985915493
229.4,0,3.9148191535344,0.6455985915493
229.5,0,3.9130191458206,0.6455985915493
229.6,0,3.9181403263966,0.6455985915493
229.7,0,3.9118466198574,0.6455985915493
229.8,0,3.9143242961363,0.6455985915493
229.9,0,3.9067020187166,0.6455985915493
230,-1,3.9649683431831,0.6455985915493
230.1,-1,3.9586565366361,0.64560837245696
230.2,-1,3.9611578180349,0.64561815336463
230.3,-1,3.9594859593643,0.6456279342723
230.4,-1,3.9600250278154,0.64563771517997
230.5,-1,3.9605333095436,0.64564749608764
230.6,-1,3.9630887178989,0.6456572769953
230.7,-1,3.9588778721136,0.64566705790297
230.8,-1,3.963228252808,0.64567683881064
230.9,-1,3.9584391660109,0.64568661971831
231,-1,3.9642884784356,0.64569640062598
231.1,-1,3.9629086469712,0.64570618153365
231.2,-1,3.9580471773537,0.64571596244131
231.3,-1,3.9643789112372,0.64572574334898
231.4,-1,3.9595429344331,0.64573552425665
231.5,-1,3.9645184076041,0.64574530516432
231.6,-1,3.9609388266381,0.64575508607199
231.7,-1,3.9610583308008,0.64576486697966
231.8,-1,3.9622105493578,0.64577464788732
231.9,-1,3.9621349586928,0.64578442879499
232,-1,3.9594972359934,0.64579420970266
232.1,-1,3.963129892232,0.64580399061033
232.2,-1,3.9600060079527,0.645813771518
232.3,-1,3.9644550468714,0.64582355242566
232.4,-1,3.9595672982526,0.64583333333333
232.5,-1,3.9583318718428,0.645843114241
232.6,-1,3.9643186637804,0.64585289514867
232.7,-1,3.9658922692563,0.64586267605634
232.8,-1,3.9584711136481,0.64587245696401
232.9,-1,3.9614608599918,0.64588223787167
233,-1,3.9616572624817,0.64589201877934
233.1,-1,3.9610461300468,0.64590179968701
233.2,-1,3.9618426640156,0.64591158059468
233.3,-1,3.9660479156054,0.64592136150235
233.4,-1,3.9665515489436,0.64593114241002
233.5,-1,3.9601290716734,0.64594092331768
233.6,-1,3.9599440709563,0.64595070422535
233.7,-1,3.9652078254937,0.64596048513302
233.8,-1,3.9617116999456,0.64597026604069
233.9,-1,3.9642457617312,0.64598004694836
234,-1,3.9587369957116,0.64598982785602
234.1,-1,3.9602037259724,0.64599960876369
234.2,-1,3.9616468412074,0.64600938967136
234.3,-1,3.9679901144352,0.64601917057903
234.4,-1,3.9620023907774,0.6460289514867
234.5,-1,3.9663162110332,0.64603873239437
234.6,-1,3.9636417327649,0.64604851330203
234.7,-1,3.9664782883134,0.6460582942097
234.8,-1,3.9682556682926,0.64606807511737
234.9,-1,3.9616685926922,0.64607785602504
235,-1,3.9729420763614,0.64608763693271
235.1,-1,3.9669537110556,0.64609741784037
235.2,-1,3.9695342626245,0.64610719874804
235.3,-1,3.9664671328524,0.64611697965571
235.4,-1,3.9559483957745,0.64612676056338
235.5,-1,3.9643296224171,0.64613654147105
235.6,-1,3.9655693973569,0.64614632237872
235.7,-1,3.9673996685015,0.64615610328638
235.8,-1,3.9707684175917,0.64616588419405
235.9,-1,3.9627396601976,0.64617566510172
236,-1,3.9708838101342,0.64618544600939
236.1,-1,3.9667898292075,0.64619522691706
236.2,-1,3.965874333603,0.64620500782473
236.3,-1,3.9747019680198,0.64621478873239
236.4,-1,3.9631346442265,0.64622456964006
236.5,-1,3.9706993981682,0.64623435054773
236.6,-1,3.9710010960267,0.6462441314554
236.7,-1,3.9657680282898,0.64625391236307
236.8,-1,3.9625602994337,0.64626369327073
236.9,-1,3.9661313934385,0.6462734741784
237,-1,3.9671159449002,0.64628325508607
237.1,-1,3.9697240094318,0.64629303599374
237.2,-1,3.9666835499034,0.64630281690141
237.3,-1,3.9641033067094,0.64631259780908
237.4,-1,3.9722937867507,0.64632237871674
237.5,-1,3.9701822491061,0.64633215962441
237.6,-1,3.9682474984698,0.64634194053208
237.7,-1,3.968613492569,0.64635172143975
237.8,-1,3.9672795387463,0.64636150234742
237.9,-1,3.9701163832921,0.64637128325509
238,-1,3.9685344152626,0.64638106416275
238.1,-1,3.9675317621915,0.64639084507042
238.2,-1,3.9668125890441,0.64640062597809
238.3,-1,3.9690361357794,0.64641040688576
238.4,-1,3.9677829490387,0.64642018779343
238.5,-1,3.967745438369,0.64642996870109
238.6,-1,3.9661565635249,0.64643974960876
238.7,-1,3.9725892031483,0.64644953051643
238.8,-1,3.9698212987595,0.6464593114241
238.9,-1,3.9663917842403,0.64646909233177
239,-1,3.9694533139198,0.64647887323944
239.1,-1,3.9691303415425,0.6464886541471
239.2,-1,3.9672532241127,0.64649843505477
239.3,-1,3.9640568561955,0.64650821596244
239.4,-1,3.9661653764397,0.64651799687011
239.5,-1,3.9678580142654,0.64652777777778
239.6,-1,3.9715591959982,0.64653755868545
239.7,-1,3.9633605088044,0.64654733959311
239.8,-1,3.9662499548901,0.64655712050078
239.9,-1,3.9721504333176,0.64656690140845
240,2,3.8372045483906,0.64657668231612
240.1,2,3.8363006698503,0.64655712050078
240.2,2,3.8357165366524,0.64653755868545
240.3,2,3.825970662378,0.64651799687011
240.4,2,3.832584523582,0.64649843505477
240.5,2,3.8330370126342,0.64647887323944
240.6,2,3.8366931834674,0.6464593114241
240.7,2,3.8319584347174,0.64643974960876
240.8,2,3.8295933355293,0.64642018779343
240.9,2,3.8414355510301,0.64640062597809
241,2,3.8328083887767,0.64638106416275
241.1,2,3.8360653739266,0.64636150234742
241.2,2,3.8321802782728,0.64634194053208
241.3,2,3.8344236710171,0.64632237871674
241.4,2,3.8307331846947,0.64630281690141
241.5,2,3.8349888286283,0.64628325508607
241.6,2,3.8320428888324,0.64626369327073
241.7,2,3.8289062566293,0.6462441314554
241.8,2,3.8311967060368,0.64622456964006
241.9,2,3.8313280874965,0.64620500782473
242,2,3.8342968385733,0.64618544600939
242.1,2,3.8336911747359,0.64616588419405
242.2,2,3.827706713919,0.64614632237872
242.3,2,3.8274949450845,0.64612676056338
242.4,2,3.8281133988965,0.64610719874804
242.5,2,3.8218037301495,0.64608763693271
242.6,2,3.8323224686265,0.64606807511737
242.7,2,3.8274315413809,0.64604851330203
242.8,2,3.8292258443742,0.6460289514867
242.9,2,3.8278743819313,0.64600938967136
243,2,3.8235684964839,0.64598982785602
243.1,2,3.8306734222687,0.64597026604069
243.2,2,3.8244396796106,0.64595070422535
243.3,2,3.823997256428,0.64593114241002
243.4,2,3.8302300850872,0.64591158059468
243.5,2,3.827449981048,0.64589201877934
243.6,2,3.8232130441196,0.64587245696401
243.7,2,3.8226175062229,0.64585289514867
243.8,2,3.8300079955502,0.64583333333333
243.9,2,3.8284980954274,0.645813771518
244,2,3.8247917533842,0.64579420970266
244.1,2,3.8230925891185,0.64577464788732
244.2,2,3.8270824763974,0.64575508607199
244.3,2,3.8283689752689,0.64573552425665
244.4,2,3.8260627092433,0.64571596244131
244.5,2,3.8231474055468,0.64569640062598
244.6,2,3.8277440932959,0.64567683881064
244.7,2,3.8210286472392,0.6456572769953
244.8,2,3.8223391792782,0.64563771517997
244.9,2,3.8296487290354,0.64561815336463
245,2,3.8223427932863,0.6455985915493
245.1,2,3.8324650745733,0.64557902973396
245.2,2,3.8280918080341,0.64555946791862
245.3,2,3.829227730261,0.64553990610329
245.4,2,3.8193846544276,0.64552034428795
245.5,2,3.8249232240367,0.64550078247261
245.6,2,3.8222379079527,0.64548122065728
245.7,2,3.828552148066,0.64546165884194
245.8,2,3.8211586609832,0.6454420970266
245.9,2,3.8238959279425,0.64542253521127
246,2,3.8220060331017,0.64540297339593
246.1,2,3.8232040865916,0.64538341158059
246.2,2,3.8242925527356,0.64536384976526
246.3,2,3.8230790547332,0.64534428794992
246.4,2,3.8183292292436,0.64532472613458
246.5,2,3.8226535416963,0.64530516431925
246.6,2,3.8184922572555,0.64528560250391
246.7,2,3.8202391332677,0.64526604068858
246.8,2,3.8204328569836,0.64524647887324
246.9,2,3.8145039296382,0.6452269170579
247,2,3.8210087471491,0.64520735524257
247.1,2,3.8164156069346,0.64518779342723
247.2,2,3.8203430925583,0.64516823161189
247.3,2,3.8239241196319,0.64514866979656
247.4,2,3.8226490187637,0.64512910798122
247.5,2,3.8227741267446,0.64510954616588
247.6,2,3.8232267776193,0.64508998435055
247.7,2,3.8168290349284,0.64507042253521
247.8,2,3.822552326062,0.64505086071987
247.9,2,3.8187655166962,0.64503129890454
248,2,3.8219251005263,0.6450117370892
248.1,2,3.8198837955764,0.64499217527386
248.2,2,3.8194526992693,0.64497261345853
248.3,2,3.8215001219943,0.64495305164319
248.4,2,3.8209100686548,0.64493348982786
248.5,2,3.8193596442084,0.64491392801252
248.6,2,3.8165296769387,0.64489436619718
248.7,2,3.818733114997,0.64487480438185
248.8,2,3.8141521309932,0.64485524256651
248.9,2,3.8153897785661,0.64483568075117
249,2,3.8135071175833,0.64481611893584
249.1,2,3.8158163602025,0.6447965571205
249.2,2,3.814343362229,0.64477699530516
249.3,2,3.8190135874308,0.64475743348983
249.4,2,3.8179964549008,0.64473787167449
249.5,2,3.8268891336745,0.64471830985915
249.6,2,3.8244322179033,0.64469874804382
249.7,2,3.8140388195508,0.64467918622848
249.8,2,3.8193551550073,0.64465962441314
249.9,2,3.8143718645508,0.64464006259781
250,0,3.9116926521848,0.64462050078247
250.1,0,3.9037489806223,0.64462050078247
250.2,0,3.9034216426703,0.64462050078247
250.3,0,3.9070686558557,0.64462050078247
250.4,0,3.9019148753187,0.64462050078247
250.5,0,3.9096638557353,0.64462050078247
250.6,0,3.9105198255805,0.64462050078247
250.7,0,3.9037434946937,0.64462050078247
250.8,0,3.9054499413014,0.64462050078247
250.9,0,3.9075120788578,0.64462050078247
251,0,3.9074922731357,0.64462050078247
251.1,0,3.9102177350404,0.64462050078247
251.2,0,3.9087792701899,0.64462050078247
251.3,0,3.9081953910573,0.64462050078247
251.4,0,3.9071460241975,0.64462050078247
251.5,0,3.9123900959538,0.64462050078247
251.6,0,3.9076668654296,0.64462050078247
251.7,0,3.9050882739736,0.64462050078247
251.8,0,3.9055956640111,0.64462050078247
251.9,0,3.9092109436605,0.64462050078247
252,0,3.909996765667,0.64462050078247
252.1,0,3.9127308626282,0.64462050078247
252.2,0,3.9064671348188,0.64462050078247
252.3,0,3.9054376184606,0.64462050078247
252.4,0,3.9083797894224,0.64462050078247
252.5,0,3.9048171754029,0.64462050078247
252.6,0,3.9054685346411,0.64462050078247
252.7,0,3.9124070437599,0.64462050078247
252.8,0,3.9093502153377,0.64462050078247
252.9,0,3.9080116192598,0.64462050078247
253,0,3.9112524098576,0.64462050078247
253.1,0,3.9080502853439,0.64462050078247
253.2,0,3.9054416634735,0.64462050078247
253.3,0,3.9070345713963,0.64462050078247
253.4,0,3.9053886453014,0.64462050078247
253.5,0,3.9143275493842,0.64462050078247
253.6,0,3.9090429520655,0.64462050078247
253.7,0,3.916441481336,0.64462050078247
253.8,0,3.9095855517782,0.64462050078247
253.9,0,3.9118858116474,0.64462050078247
254,0,3.907561479476,0.64462050078247
254.1,0,3.9065276710681,0.64462050078247
254.2,0,3.9134934907406,0.64462050078247
254.3,0,3.9146053705141,0.64462050078247
254.4,0,3.9111216135452,0.64462050078247
254.5,0,3.914593478158,0.64462050078247
254.6,0,3.9050918550505,0.64462050078247
254.7,0,3.9055047807968,0.64462050078247
254.8,0,3.9090035665664,0.64462050078247
254.9,0,3.9103940222571,0.64462050078247
255,0,3.91200819293,0.64462050078247
255.1,0,3.913358708599,0.64462050078247
255.2,0,3.9124035380382,0.64462050078247
255.3,0,3.9091699499544,0.64462050078247
255.4,0,3.9032509814031,0.64462050078247
255.5,0,3.9148209190793,0.64462050078247
255.6,0,3.9042394976915,0.64462050078247
255.7,0,3.9090216554339,0.64462050078247
255.8,0,3.9067883203808,0.64462050078247
255.9,0,3.9095914697654,0.64462050078247
256,0,3.9103181004536,0.64462050078247
256.1,0,3.9120561903589,0.64462050078247
256.2,0,3.9117584526145,0.64462050078247
256.3,0,3.9100193830879,0.64462050078247
256.4,0,3.9162530275861,0.64462050078247
256.5,0,3.9192993996037,0.64462050078247
256.6,0,3.9125954965544,0.64462050078247
256.7,0,3.9098082422341,0.64462050078247
256.8,0,3.9093916173519,0.64462050078247
256.9,0,3.9096352635666,0.64462050078247
257,0,3.9102732337431,0.64462050078247
257.1,0,3.910230683185,0.64462050078247
257.2,0,3.9134492185521,0.64462050078247
257.3,0,3.9111366310674,0.64462050078247
257.4,0,3.9139871152378,0.64462050078247
257.5,0,3.9129860565042,0.64462050078247
257.6,0,3.9153851661577,0.64462050078247
257.7,0,3.9091448056001,0.64462050078247
257.8,0,3.9045440038989,0.64462050078247
257.9,0,3.9130314027062,0.64462050078247
258,0,3.9115623459105,0.64462050078247
258.1,0,3.9164432841404,0.64462050078247
258.2,0,3.9092509665607,0.64462050078247
258.3,0,3.9148220487785,0.64462050078247
258.4,0,3.9107634486414,0.64462050078247
258.5,0,3.9113237544901,0.64462050078247
258.6,0,3.9120490316619,0.64462050078247
258.7,0,3.9119132069404,0.64462050078247
258.8,0,3.9145488195173,0.64462050078247
258.9,0,3.9120994424511,0.64462050078247
259,0,3.9135170919092,0.64462050078247
259.1,0,3.9085612757419,0.64462050078247
259.2,0,3.9116197366479,0.64462050078247
259.3,0,3.9131291389335,0.64462050078247
259.4,0,3.9098960183318,0.64462050078247
259.5,0,3.9135822189865,0.64462050078247
259.6,0,3.9111346672175,0.64462050078247
259.7,0,3.914492790963,0.64462050078247
259.8,0,3.9156635832321,0.64462050078247
259.9,0,3.912318931637,0.64462050078247
260,-1.5,3.9754656122557,0.64462050078247
260.1,-1.5,3.9803636499232,0.64463517214397
260.2,-1.5,3.9800888940485,0.64464984350548
260.3,-1.5,3.9835154796201,0.64466451486698
260.4,-1.5,3.9910619455361,0.64467918622848
260.5,-1.5,3.981021116791,0.64469385758998
260.6,-1.5,3.9864588051551,0.64470852895149
260.7,-1.5,3.9755842595972,0.64472320031299
260.8,-1.5,3.978736675681,0.64473787167449
260.9,-1.5,3.9820798624161,0.64475254303599
261,-1.5,3.9829859669887,0.6447672143975
261.1,-1.5,3.9780478404774,0.644781885759
261.2,-1.5,3.9831817664079,0.6447965571205
261.3,-1.5,3.9799801544691,0.644811228482
261.4,-1.5,3.9817527942542,0.6448258998435
261.5,-1.5,3.9812472907697,0.64484057120501
261.6,-1.5,3.9809285897079,0.64485524256651
261.7,-1.5,3.9866237479459,0.64486991392801
261.8,-1.5,3.9796043496805,0.64488458528951
261.9,-1.5,3.9868823124311,0.64489925665102
262,-1.5,3.9842974348912,0.64491392801252
262.1,-1.5,3.9848137319171,0.64492859937402
262.2,-1.5,3.9880807063449,0.64494327073552
262.3,-1.5,3.9850844152015,0.64495794209703
262.4,-1.5,3.9811496190238,0.64497261345853
262.5,-1.5,3.9827999251209,0.64498728482003
262.6,-1.5,3.9840924413906,0.64500195618153
262.7,-1.5,3.987354139834,0.64501662754304
262.8,-1.5,3.9851958711477,0.64503129890454
262.9,-1.5,3.9822114225234,0.64504597026604
263,-1.5,3.9831214114777,0.64506064162754
263.1,-1.5,3.983035048218,0.64507531298904
263.2,-1.5,3.9864934490379,0.64508998435055
263.3,-1.5,3.9852043901468,0.64510465571205
263.4,-1.5,3.9901725202461,0.64511932707355
263.5,-1.5,3.9861558862257,0.64513399843505
263.6,-1.5,3.9912578221153,0.64514866979656
263.7,-1.5,3.9864105071365,0.64516334115806
263.8,-1.5,3.9888027213749,0.64517801251956
263.9,-1.5,3.9904268820015,0.64519268388106
264,-1.5,3.9878779712611,0.64520735524257
264.1,-1.5,3.9858438224405,0.64522202660407
264.2,-1.5,3.9851645529946,0.64523669796557
264.3,-1.5,3.9859782636697,0.64525136932707
264.4,-1.5,3.991197392282,0.64526604068858
264.5,-1.5,3.9829220504017,0.64528071205008
264.6,-1.5,3.9860317163829,0.64529538341158
264.7,-1.5,3.9870629734339,0.64531005477308
264.8,-1.5,3.9864585827437,0.64532472613458
264.9,-1.5,3.9841877814637,0.64533939749609
265,-1.5,3.9900220802535,0.64535406885759
265.1,-1.5,3.9874514330718,0.64536874021909
265.2,-1.5,3.9919152458074,0.64538341158059
265.3,-1.5,3.9915450175817,0.6453980829421
265.4,-1.5,3.9903683978071,0.6454127543036
265.5,-1.5,3.9899956563573,0.6454274256651
265.6,-1.5,3.9838838437853,0.6454420970266
265.7,-1.5,3.9864630974015,0.64545676838811
265.8,-1.5,3.9875708191477,0.64547143974961
265.9,-1.5,3.9915881811583,0.64548611111111
266,-1.5,3.9886963308043,0.64550078247261
266.1,-1.5,3.9874626208097,0.64551545383412
266.2,-1.5,3.9888052904144,0.64553012519562
266.3,-1.5,3.9894670182777,0.64554479655712
266.4,-1.5,3.991440935485,0.64555946791862
266.5,-1.5,3.9956475368912,0.64557413928012
266.6,-1.5,3.9904992611732,0.64558881064163
266.7,-1.5,3.984908229962,0.64560348200313
266.8,-1.5,3.9964170299114,0.64561815336463
266.9,-1.5,3.9895297848845,0.64563282472613
267,-1.5,3.9907007763776,0.64564749608764
267.1,-1.5,3.9906807717156,0.64566216744914
267.2,-1.5,3.9931922579768,0.64567683881064
267.3,-1.5,3.9929779797463,0.64569151017214
267.4,-1.5,3.9897720963282,0.64570618153365
267.5,-1.5,3.9931606002667,0.64572085289515
267.6,-1.5,3.9916204001808,0.64573552425665
267.7,-1.5,3.9907890588516,0.64575019561815
267.8,-1.5,3.9905763396708,0.64576486697966
267.9,-1.5,3.9904363540901,0.64577953834116
268,-1.5,3.9982501469521,0.64579420970266
268.1,-1.5,3.9877543504925,0.64580888106416
268.2,-1.5,3.9959600325003,0.64582355242566
268.3,-1.5,3.9889918483166,0.64583822378717
268.4,-1.5,3.9928633163656,0.64585289514867
268.5,-1.5,3.9975674551588,0.64586756651017
268.6,-1.5,3.9896890867339,0.64588223787167
268.7,-1.5,3.9900256089449,0.64589690923318
268.8,-1.5,3.991524719247,0.64591158059468
268.9,-1.5,3.9901602018188,0.64592625195618
269,-1.5,3.9948152203795,0.64594092331768
269.1,-1.5,3.993931084363,0.64595559467919
269.2,-1.5,3.9928181204768,0.64597026604069
269.3,-1.5,3.9941363290776,0.64598493740219
269.4,-1.5,4.0016753111555,0.64599960876369
269.5,-1.5,3.9937612642855,0.6460142801252
269.6,-1.5,3.9969567725412,0.6460289514867
269.7,-1.5,3.9945553068543,0.6460436228482
269.8,-1.5,3.9902067845156,0.6460582942097
269.9,-1.5,3.9923646624029,0.6460729655712
270,0,3.9246789427412,0.64608763693271
270.1,0,3.9249202725491,0.64608763693271
270.2,0,3.9278298487778,0.64608763693271
270.3,0,3.9280134605252,0.64608763693271
270.4,0,3.9261033701957,0.64608763693271
270.5,0,3.9269657305411,0.64608763693271
270.6,0,3.9280353512081,0.64608763693271
270.7,0,3.9278145316094,0.64608763693271
270.8,0,3.9269819466966,0.64608763693271
270.9,0,3.9264368369562,0.64608763693271
271,0,3.9246924313608,0.64608763693271
271.1,0,3.9238227845362,0.64608763693271
271.2,0,3.9236844389897,0.64608763693271
271.3,0,3.9311374602766,0.64608763693271
271.4,0,3.9207621055114,0.64608763693271
271.5,0,3.920417044226,0.64608763693271
271.6,0,3.9214851659749,0.64608763693271
271.7,0,3.9297382332704,0.64608763693271
271.8,0,3.9228592481184,0.64608763693271
271.9,0,3.923027055835,0.64608763693271
272,0,3.9245430993143,0.64608763693271
272.1,0,3.9261398477045,0.64608763693271
272.2,0,3.92445632375,0.64608763693271
272.3,0,3.920847343614,0.64608763693271
272.4,0,3.9255044782255,0.64608763693271
272.5,0,3.924274877364,0.64608763693271
272.6,0,3.926859421362,0.64608763693271
272.7,0,3.9288763413972,0.64608763693271
272.8,0,3.926698566297,0.64608763693271
272.9,0,3.9282366198916,0.64608763693271
273,0,3.9276690657389,0.64608763693271
273.1,0,3.9208308760962,0.64608763693271
273.2,0,3.9284344821405,0.64608763693271
273.3,0,3.927413019241,0.64608763693271
273.4,0,3.9240353112871,0.64608763693271
273.5,0,3.9207725415637,0.64608763693271
273.6,0,3.9227617601776,0.64608763693271
273.7,0,3.9281242394267,0.64608763693271
273.8,0,3.9263421638215,0.64608763693271
273.9,0,3.9268760452986,0.64608763693271
274,0,3.9240071052308,0.64608763693271
274.1,0,3.9251133652066,0.64608763693271
274.2,0,3.922577305999,0.64608763693271
274.3,0,3.925601130218,0.64608763693271
274.4,0,3.9234404190079,0.64608763693271
274.5,0,3.9192965960473,0.64608763693271
274.6,0,3.9213734094903,0.64608763693271
274.7,0,3.9263200873032,0.64608763693271
274.8,0,3.925559840031,0.64608763693271
274.9,0,3.9259933640499,0.64608763693271
275,0,3.9267464973583,0.64608763693271
275.1,0,3.9236028418481,0.64608763693271
275.2,0,3.9234536837037,0.64608763693271
275.3,0,3.921220116897,0.64608763693271
275.4,0,3.9209408556472,0.64608763693271
275.5,0,3.9194400934804,0.64608763693271
275.6,0,3.9190609057807,0.64608763693271
275.7,0,3.9230767470298,0.64608763693271
275.8,0,3.9243494346689,0.64608763693271
275.9,0,3.9232155498986,0.64608763693271
276,0,3.9242407856886,0.64608763693271
276.1,0,3.924185040366,0.64608763693271
276.2,0,3.9228912657259,0.64608763693271
276.3,0,3.925530239557,0.64608763693271
276.4,0,3.9261190398941,0.64608763693271
276.5,0,3.9136487570546,0.64608763693271
276.6,0,3.9210562286597,0.64608763693271
276.7,0,3.9223232437496,0.64608763693271
276.8,0,3.9286624925722,0.64608763693271
276.9,0,3.928299003265,0.64608763693271
277,0,3.9179767398758,0.64608763693271
277.1,0,3.925695129209,0.64608763693271
277.2,0,3.9153115413365,0.64608763693271
277.3,0,3.923325954693,0.64608763693271
277.4,0,3.9195388214941,0.64608763693271
277.5,0,3.9229546724421,0.64608763693271
277.6,0,3.924608755306,0.64608763693271
277.7,0,3.9252292141105,0.64608763693271
277.8,0,3.9271194168815,0.64608763693271
277.9,0,3.9204148783252,0.64608763693271
278,0,3.9213156029683,0.64608763693271
278.1,0,3.9199197171836,0.64608763693271
278.2,0,3.9278349219408,0.64608763693271
278.3,0,3.9180610841655,0.64608763693271
278.4,0,3.9214922941141,0.64608763693271
278.5,0,3.9248094315143,0.64608763693271
278.6,0,3.920556035713,0.64608763693271
278.7,0,3.9234007223359,0.64608763693271
278.8,0,3.9232381840091,0.64608763693271
278.9,0,3.9273994053663,0.64608763693271
279,0,3.9175133610046,0.64608763693271
279.1,0,3.9246442069554,0.64608763693271
279.2,0,3.9257486312472,0.64608763693271
279.3,0,3.9288509558902,0.64608763693271
279.4,0,3.9204300593188,0.64608763693271
279.5,0,3.9221283351976,0.64608763693271
279.6,0,3.9169928774784,0.64608763693271
279.7,0,3.9212826269524,0.64608763693271
279.8,0,3.9234920384385,0.64608763693271
279.9,0,3.9196248575188,0.64608763693271
280,1,3.8797795817311,0.64608763693271
280.1,1,3.8797298617506,0.64607785602504
280.2,1,3.8758463357525,0.64606807511737
280.3,1,3.8753651714394,0.6460582942097
280.4,1,3.8748130513889,0.64604851330203
280.5,1,3.8797555873843,0.64603873239437
280.6,1,3.8764881650587,0.6460289514867
280.7,1,3.8796375333513,0.64601917057903
280.8,1,3.8779676193299,0.64600938967136
280.9,1,3.8745373830355,0.64599960876369
281,1,3.8831598385632,0.64598982785602
281.1,1,3.8780535819684,0.64598004694836
281.2,1,3.8755726697406,0.64597026604069
281.3,1,3.8751880638501,0.64596048513302
281.4,1,3.874595665476,0.64595070422535
281.5,1,3.8767019289693,0.64594092331768
281.6,1,3.8726810524242,0.64593114241002
281.7,1,3.8768725635936,0.64592136150235
281.8,1,3.8680463526066,0.64591158059468
281.9,1,3.8707622727133,0.64590179968701
282,1,3.8733786922596,0.64589201877934
282.1,1,3.8816718413681,0.64588223787167
282.2,1,3.8746155209471,0.64587245696401
282.3,1,3.869869389086,0.64586267605634
282.4,1,3.8767439782731,0.64585289514867
282.5,1,3.8708452913383,0.645843114241
282.6,1,3.8754312314434,0.64583333333333
282.7,1,3.8771939631327,0.64582355242566
282.8,1,3.8704534144838,0.645813771518
282.9,1,3.8717589725548,0.64580399061033
283,1,3.8756497628516,0.64579420970266
283.1,1,3.8783096350232,0.64578442879499
283.2,1,3.872102419997,0.64577464788732
283.3,1,3.8782936581731,0.64576486697966
283.4,1,3.8715716338182,0.64575508607199
283.5,1,3.874214884457,0.64574530516432
283.6,1,3.8718950365217,0.64573552425665
283.7,1,3.873109647329,0.64572574334898
283.8,1,3.8722668900994,0.64571596244131
283.9,1,3.86828386176,0.64570618153365
284,1,3.8769005291593,0.64569640062598
284.1,1,3.8779486877401,0.64568661971831
284.2,1,3.8707557412735,0.64567683881064
284.3,1,3.8791184980703,0.64566705790297
284.4,1,3.8741272624736,0.6456572769953
284.5,1,3.8778830731848,0.64564749608764
284.6,1,3.8688338391751,0.64563771517997
284.7,1,3.8645002985528,0.6456279342723
284.8,1,3.8693171866733,0.64561815336463
284.9,1,3.8656892263959,0.64560837245696
285,1,3.8688315794388,0.6455985915493
285.1,1,3.8738249369434,0.64558881064163
285.2,1,3.8736373299441,0.64557902973396
285.3,1,3.8698869845842,0.64556924882629
285.4,1,3.8699280407976,0.64555946791862
285.5,1,3.8675120964712,0.64554968701095
285.6,1,3.8781320630934,0.64553990610329
285.7,1,3.8736812218386,0.64553012519562
285.8,1,3.8656602617779,0.64552034428795
285.9,1,3.8716640225096,0.64551056338028
286,1,3.872978929718,0.64550078247261
286.1,1,3.8752715373017,0.64549100156494
286.2,1,3.8657935097936,0.64548122065728
286.3,1,3.8691676006112,0.64547143974961
286.4,1,3.8702268545687,0.64546165884194
286.5,1,3.8696275250629,0.64545187793427
286.6,1,3.8688217571576,0.6454420970266
286.7,1,3.8687579244185,0.64543231611894
286.8,1,3.8715300779997,0.64542253521127
286.9,1,3.8694906725588,0.6454127543036
287,1,3.8697751927251,0.64540297339593
287.1,1,3.8728800050637,0.64539319248826
287.2,1,3.8710760926457,0.64538341158059
287.3,1,3.8679095917823,0.64537363067293
287.4,1,3.8654897582335,0.64536384976526
287.5,1,3.8687511582126,0.64535406885759
287.6,1,3.8674368703028,0.64534428794992
287.7,1,3.8693470189258,0.64533450704225
287.8,1,3.8713907993356,0.64532472613458
287.9,1,3.8685768357654,0.64531494522692
288,1,3.8718013083732,0.64530516431925
288.1,1,3.8765307450318,0.64529538341158
288.2,1,3.8656753080063,0.64528560250391
288.3,1,3.8617714558763,0.64527582159624
288.4,1,3.8699740524212,0.64526604068858
288.5,1,3.8697906814605,0.64525625978091
288.6,1,3.8626487385495,0.64524647887324
288.7,1,3.8635787491463,0.64523669796557
288.8,1,3.8618651028288,0.6452269170579
288.9,1,3.8763237275081,0.64521713615023
289,1,3.8686246808879,0.64520735524257
289.1,1,3.8681199215133,0.6451975743349
289.2,1,3.8679319351598,0.64518779342723
289.3,1,3.8696276124229,0.64517801251956
289.4,1,3.8706383353476,0.64516823161189
289.5,1,3.8720370497598,0.64515845070422
289.6,1,3.869108250696,0.64514866979656
289.7,1,3.8684875363582,0.64513888888889
289.8,1,3.8662182268661,0.64512910798122
289.9,1,3.8639046501709,0.64511932707355
290,-0.5,3.9332868932551,0.64510954616588
290.1,-0.5,3.9328504062499,0.64511443661972
290.2,-0.5,3.9359851313327,0.64511932707355
290.3,-0.5,3.9310981364751,0.64512421752739
290.4,-0.5,3.9346682741657,0.64512910798122
290.5,-0.5,3.9399770448582,0.64513399843505
290.6,-0.5,3.9313168065685,0.64513888888889
290.7,-0.5,3.9334774318824,0.64514377934272
290.8,-0.5,3.9329085438911,0.64514866979656
290.9,-0.5,3.9340262556241,0.64515356025039
291,-0.5,3.9369452739114,0.64515845070422
291.1,-0.5,3.9342687973048,0.64516334115806
291.2,-0.5,3.9373408853197,0.64516823161189
291.3,-0.5,3.9375871721078,0.64517312206573
291.4,-0.5,3.9328160134378,0.64517801251956
291.5,-0.5,3.9304897062122,0.6451829029734
291.6,-0.5,3.9359913447962,0.64518779342723
291.7,-0.5,3.942639166357,0.64519268388106
291.8,-0.5,3.9399003809329,0.6451975743349
291.9,-0.5,3.9281835746418,0.64520246478873
292,-0.5,3.9369165544878,0.64520735524257
292.1,-0.5,3.9384957610578,0.6452122456964
292.2,-0.5,3.9372808463219,0.64521713615023
292.3,-0.5,3.9353913236094,0.64522202660407
292.4,-0.5,3.9403720361553,0.6452269170579
292.5,-0.5,3.937521281245,0.64523180751174
292.6,-0.5,3.934790684506,0.64523669796557
292.7,-0.5,3.9334057993477,0.6452415884194
292.8,-0.5,3.9390581104973,0.64524647887324
292.9,-0.5,3.9390144125332,0.64525136932707
293,-0.5,3.9384531153075,0.64525625978091
293.1,-0.5,3.9367247172655,0.64526115023474
293.2,-0.5,3.9327408609833,0.64526604068858
293.3,-0.5,3.9356740825403,0.64527093114241
293.4,-0.5,3.9360046382246,0.64527582159624
293.5,-0.5,3.9351956013684,0.64528071205008
293.6,-0.5,3.9396234873693,0.64528560250391
293.7,-0.5,3.9378229602079,0.64529049295775
293.8,-0.5,3.9398600103832,0.64529538341158
293.9,-0.5,3.9335200560489,0.64530027386541
294,-0.5,3.9405202631387,0.64530516431925
294.1,-0.5,3.9401377845564,0.64531005477308
294.2,-0.5,3.9332467217259,0.64531494522692
294.3,-0.5,3.9405051465223,0.64531983568075
294.4,-0.5,3.9374502300742,0.64532472613458
294.5,-0.5,3.9427663565875,0.64532961658842
294.6,-0.5,3.9354562234664,0.64533450704225
294.7,-0.5,3.9450376711215,0.64533939749609
294.8,-0.5,3.9411652828191,0.64534428794992
294.9,-0.5,3.9374722707228,0.64534917840376
295,-0.5,3.937415061347,0.64535406885759
295.1,-0.5,3.9382377346778,0.64535895931142
295.2,-0.5,3.9349193700655,0.64536384976526
295.3,-0.5,3.9361459774804,0.64536874021909
295.4,-0.5,3.9436880590881,0.64537363067293
295.5,-0.5,3.9409610764646,0.64537852112676
295.6,-0.5,3.9388873760323,0.64538341158059
295.7,-0.5,3.9371210446203,0.64538830203443
295.8,-0.5,3.9382391212189,0.64539319248826
295.9,-0.5,3.9371899751208,0.6453980829421
296,-0.5,3.9396892679804,0.64540297339593
296.1,-0.5,3.9345216769252,0.64540786384976
296.2,-0.5,3.9404701605236,0.6454127543036
296.3,-0.5,3.9418029768526,0.64541764475743
296.4,-0.5,3.9416929244244,0.64542253521127
296.5,-0.5,3.9356012314375,0.6454274256651
296.6,-0.5,3.9374760946406,0.64543231611894
296.7,-0.5,3.9445232944815,0.64543720657277
296.8,-0.5,3.9403786880159,0.6454420970266
296.9,-0.5,3.9452141927542,0.64544698748044
297,-0.5,3.9357110238151,0.64545187793427
297.1,-0.5,3.9430256799282,0.64545676838811
297.2,-0.5,3.9412982726937,0.64546165884194
297.3,-0.5,3.9422379950748,0.64546654929577
297.4,-0.5,3.9385181441199,0.64547143974961
297.5,-0.5,3.9419122669493,0.64547633020344
297.6,-0.5,3.9389411138202,0.64548122065728
297.7,-0.5,3.9446539837378,0.64548611111111
297.8,-0.5,3.9379111017385,0.64549100156494
297.9,-0.5,3.9383477316976,0.64549589201878
298,-0.5,3.9361787636256,0.64550078247261
298.1,-0.5,3.9388330359721,0.64550567292645
298.2,-0.5,3.9438910084314,0.64551056338028
298.3,-0.5,3.940451485178,0.64551545383412
298.4,-0.5,3.942731688591,0.64552034428795
298.5,-0.5,3.944851649864,0.64552523474178
298.6,-0.5,3.9414411629535,0.64553012519562
298.7,-0.5,3.9433100215248,0.64553501564945
298.8,-0.5,3.9465486387785,0.64553990610329
298.9,-0.5,3.9412261376804,0.64554479655712
299,-0.5,3.9375431313226,0.64554968701095
299.1,-0.5,3.9401072349216,0.64555457746479
299.2,-0.5,3.9441870117622,0.64555946791862
299.3,-0.5,3.9462542657415,0.64556435837246
299.4,-0.5,3.9387168636565,0.64556924882629
299.5,-0.5,3.9436102640215,0.64557413928012
299.6,-0.5,3.943334313019,0.64557902973396
299.7,-0.5,3.9390343740715,0.64558392018779
299.8,-0.5,3.9372945579563,0.64558881064163
299.9,-0.5,3.9404701342286,0.64559370109546
300,0,3.9226735235474,0.6455985915493
300.1,0,3.9241611842958,0.6455985915493
300.2,0,3.9148239090813,0.6455985915493
300.3,0,3.9255501646527,0.6455985915493
300.4,0,3.921383905194,0.6455985915493
300.5,0,3.9187875807799,0.6455985915493
300.6,0,3.9163558329723,0.6455985915493
300.7,0,3.9157941538017,0.6455985915493
300.8,0,3.9178673584431,0.6455985915493
300.9,0,3.9201543757657,0.6455985915493
301,0,3.918931739039,0.6455985915493
301.1,0,3.9164876390853,0.6455985915493
301.2,0,3.9191114928879,0.6455985915493
301.3,0,3.9170869868518,0.6455985915493
301.4,0,3.9169335578707,0.6455985915493
301.5,0,3.9205767323537,0.6455985915493
301.6,0,3.9275733566965,0.6455985915493
301.7,0,3.920579494602,0.6455985915493
301.8,0,3.9162865795181,0.6455985915493
301.9,0,3.9204688614115,0.6455985915493
302,0,3.9175898028902,0.6455985915493
302.1,0,3.9151734856625,0.6455985915493
302.2,0,3.9169805337122,0.6455985915493
302.3,0,3.9191416980565,0.6455985915493
302.4,0,3.9181362463976,0.6455985915493
302.5,0,3.9190791260109,0.6455985915493
302.6,0,3.9157245466758,0.6455985915493
302.7,0,3.9159164013046,0.6455985915493
302.8,0,3.9193373343125,0.6455985915493
302.9,0,3.9191564286529,0.6455985915493
303,0,3.9202519101873,0.6455985915493
303.1,0,3.9219224092779,0.6455985915493
303.2,0,3.9168042995141,0.6455985915493
303.3,0,3.918792310616,0.6455985915493
303.4,0,3.9165834266105,0.6455985915493
303.5,0,3.9166411988896,0.6455985915493
303.6,0,3.9172489642364,0.6455985915493
303.7,0,3.9194319608266,0.6455985915493
303.8,0,3.9217126824825,0.6455985915493
303.9,0,3.9248926630996,0.6455985915493
304,0,3.9182570175201,0.6455985915493
304.1,0,3.9242385712753,0.6455985915493
304.2,0,3.9153419037447,0.6455985915493
304.3,0,3.9200690408266,0.6455985915493
304.4,0,3.9211170977885,0.6455985915493
304.5,0,3.9177120793574,0.6455985915493
304.6,0,3.9188028058367,0.6455985915493
304.7,0,3.9245505143331,0.6455985915493
304.8,0,3.9158958831463,0.6455985915493
304.9,0,3.9258969553662,0.6455985915493
305,0,3.9163912376758,0.6455985915493
305.1,0,3.918630656364,0.6455985915493
305.2,0,3.9189903111153,0.6455985915493
305.3,0,3.9177241595315,0.6455985915493
305.4,0,3.9153534434127,0.6455985915493
305.5,0,3.9133138931917,0.6455985915493
305.6,0,3.9203282806165,0.6455985915493
305.7,0,3.9194883220576,0.6455985915493
305.8,0,3.9205125518633,0.6455985915493
305.9,0,3.9215151587923,0.6455985915493
306,0,3.9159845115051,0.6455985915493
306.1,0,3.9165200836097,0.6455985915493
306.2,0,3.920697791195,0.6455985915493
306.3,0,3.9225949919366,0.6455985915493
306.4,0,3.9177153076933,0.6455985915493
306.5,0,3.9170078025996,0.6455985915493
306.6,0,3.9200314581114,0.6455985915493
306.7,0,3.922047552856,0.6455985915493
306.8,0,3.9184052397223,0.6455985915493
306.9,0,3.917877003013,0.6455985915493
307,0,3.9204668378068,0.6455985915493
307.1,0,3.9168989543062,0.6455985915493
307.2,0,3.9222371269193,0.6455985915493
307.3,0,3.9145658997334,0.6455985915493
307.4,0,3.9171924589362,0.6455985915493
307.5,0,3.9186287955861,0.6455985915493
307.6,0,3.922778831325,0.6455985915493
307.7,0,3.9193468216173,0.6455985915493
307.8,0,3.9203647428698,0.6455985915493
307.9,0,3.9187411159412,0.6455985915493
308,0,3.9256781358586,0.6455985915493
308.1,0,3.9207051216543,0.6455985915493
308.2,0,3.9168207095256,0.6455985915493
308.3,0,3.9163534548059,0.6455985915493
308.4,0,3.9206730812015,0.6455985915493
308.5,0,3.9189209276667,0.6455985915493
308.6,0,3.91920324752,0.6455985915493
308.7,0,3.922249097512,0.6455985915493
308.8,0,3.9206461522828,0.6455985915493
308.9,0,3.9176935311666,0.6455985915493
309,0,3.9181079785953,0.6455985915493
309.1,0,3.9167208232263,0.6455985915493
309.2,0,3.9162542102444,0.6455985915493
309.3,0,3.9162192075833,0.6455985915493
309.4,0,3.9174966811302,0.6455985915493
309.5,0,3.9177422600254,0.6455985915493
309.6,0,3.9157951262088,0.6455985915493
309.7,0,3.915425488864,0.6455985915493
309.8,0,3.9170838392585,0.6455985915493
309.9,0,3.9177472508596,0.6455985915493
310,1.5,3.8319335397481,0.6455985915493
310.1,1.5,3.8285715303018,0.64558392018779
310.2,1.5,3.8373835581342,0.64556924882629
310.3,1.5,3.8299943041692,0.64555457746479
310.4,1.5,3.8289305460282,0.64553990610329
310.5,1.5,3.8357424055949,0.64552523474178
310.6,1.5,3.8312729742521,0.64551056338028
310.7,1.5,3.8328491876924,0.64549589201878
310.8,1.5,3.8366540010364,0.64548122065728
310.9,1.5,3.8317521415315,0.64546654929577
311,1.5,3.827436971621,0.64545187793427
311.1,1.5,3.8261060689349,0.64543720657277
311.2,1.5,3.832901041744,0.64542253521127
311.3,1.5,3.8317862990259,0.64540786384976
311.4,1.5,3.8304261458798,0.64539319248826
311.5,1.5,3.8331952672594,0.64537852112676
311.6,1.5,3.8321074988605,0.64536384976526
311.7,1.5,3.8256463173674,0.64534917840376
311.8,1.5,3.8310738918056,0.64533450704225
311.9,1.5,3.827938280216,0.64531983568075
312,1.5,3.8272788054292,0.64530516431925
312.1,1.5,3.8270140143239,0.64529049295775
312.2,1.5,3.826161867006,0.64527582159624
312.3,1.5,3.8265576141118,0.64526115023474
312.4,1.5,3.8326248885058,0.64524647887324
312.5,1.5,3.8283273329709,0.64523180751174
312.6,1.5,3.82746200827,0.64521713615023
312.7,1.5,3.8319679509408,0.64520246478873
312.8,1.5,3.8316979155272,0.64518779342723
312.9,1.5,3.8284759212261,0.64517312206573
313,1.5,3.822141935699,0.64515845070422
313.1,1.5,3.8236316013391,0.64514377934272
313.2,1.5,3.8268971628663,0.64512910798122
313.3,1.5,3.8262556536598,0.64511443661972
313.4,1.5,3.824769076005,0.64509976525822
313.5,1.5,3.8199502631173,0.64508509389671
313.6,1.5,3.8230072759538,0.64507042253521
313.7,1.5,3.8235080924008,0.64505575117371
313.8,1.5,3.8245302896928,0.64504107981221
313.9,1.5,3.8254939438217,0.6450264084507
314,1.5,3.8226541438973,0.6450117370892
314.1,1.5,3.8278537298479,0.6449970657277
314.2,1.5,3.8294317453321,0.6449823943662
314.3,1.5,3.8230831860666,0.64496772300469
314.4,1.5,3.8244105406317,0.64495305164319
314.5,1.5,3.8287093268767,0.64493838028169
314.6,1.5,3.8250016095752,0.64492370892019
314.7,1.5,3.8239554613116,0.64490903755868
314.8,1.5,3.8325563513196,0.64489436619718
314.9,1.5,3.8281009716105,0.64487969483568
315,1.5,3.8235884275771,0.64486502347418
315.1,1.5,3.8195158152915,0.64485035211268
315.2,1.5,3.8286868532972,0.64483568075117
315.3,1.5,3.8235599306085,0.64482100938967
315.4,1.5,3.8237381219547,0.64480633802817
315.5,1.5,3.8213915061858,0.64479166666667
315.6,1.5,3.8249483438413,0.64477699530516
315.7,1.5,3.8202073211732,0.64476232394366
315.8,1.5,3.8234564854874,0.64474765258216
315.9,1.5,3.8270930766989,0.64473298122066
316,1.5,3.8206239506385,0.64471830985915
316.1,1.5,3.82095959529,0.64470363849765
316.2,1.5,3.8288809091832,0.64468896713615
316.3,1.5,3.8279573820426,0.64467429577465
316.4,1.5,3.8232844888427,0.64465962441314
316.5,1.5,3.8227066836996,0.64464495305164
316.6,1.5,3.826736537541,0.64463028169014
316.7,1.5,3.81892342335,0.64461561032864
316.8,1.5,3.8192209390941,0.64460093896714
316.9,1.5,3.8242758892919,0.64458626760563
317,1.5,3.822966532646,0.64457159624413
317.1,1.5,3.8253842184144,0.64455692488263
317.2,1.5,3.8187860154108,0.64454225352113
317.3,1.5,3.8221409616533,0.64452758215962
317.4,1.5,3.8222877752131,0.64451291079812
317.5,1.5,3.821373630395,0.64449823943662
317.6,1.5,3.8219211546329,0.64448356807512
317.7,1.5,3.8221704876202,0.64446889671361
317.8,1.5,3.8212397345212,0.64445422535211
317.9,1.5,3.8245956433958,0.64443955399061
318,1.5,3.8190349922273,0.64442488262911
318.1,1.5,3.8212363432608,0.6444102112676
318.2,1.5,3.8256064073554,0.6443955399061
318.3,1.5,3.8253347616714,0.6443808685446
318.4,1.5,3.8191615005312,0.6443661971831
318.5,1.5,3.8182622341662,0.6443515258216
318.6,1.5,3.8248126914846,0.64433685446009
318.7,1.5,3.8222273837068,0.64432218309859
318.8,1.5,3.8214948419306,0.64430751173709
318.9,1.5,3.8237366133139,0.64429284037559
319,1.5,3.8250063270437,0.64427816901408
319.1,1.5,3.819183789754,0.64426349765258
319.2,1.5,3.8235857951872,0.64424882629108
319.3,1.5,3.8216783184627,0.64423415492958
319.4,1.5,3.8253642472161,0.64421948356807
319.5,1.5,3.819316202692,0.64420481220657
319.6,1.5,3.8196061246574,0.64419014084507
319.7,1.5,3.8155988491968,0.64417546948357
319.8,1.5,3.8172821225842,0.64416079812206
319.9,1.5,3.8176901433856,0.64414612676056
320,0,3.9067557328806,0.64413145539906
320.1,0,3.9074091212092,0.64413145539906
320.2,0,3.9069305674802,0.64413145539906
320.3,0,3.9064484414982,0.64413145539906
320.4,0,3.9078635404995,0.64413145539906
320.5,0,3.9075432011154,0.64413145539906
320.6,0,3.9035063258283,0.64413145539906
320.7,0,3.9080002007383,0.64413145539906
320.8,0,3.9152040306316,0.64413145539906
320.9,0,3.9036764153165,0.64413145539906
321,0,3.9086890021266,0.64413145539906
321.1,0,3.9039750196303,0.64413145539906
321.2,0,3.9099842555629,0.64413145539906
321.3,0,3.9083650765742,0.64413145539906
321.4,0,3.9017347416312,0.64413145539906
321.5,0,3.9119903506083,0.64413145539906
321.6,0,3.9011682525806,0.64413145539906
321.7,0,3.907048911329,0.64413145539906
321.8,0,3.8995473586378,0.64413145539906
321.9,0,3.9035774327857,0.64413145539906
322,0,3.9019403901101,0.64413145539906
322.1,0,3.9086035356764,0.64413145539906
322.2,0,3.9085626885869,0.64413145539906
322.3,0,3.9078970215955,0.64413145539906
322.4,0,3.9079302140115,0.64413145539906
322.5,0,3.9089869059099,0.64413145539906
322.6,0,3.914679395793,0.64413145539906
322.7,0,3.9118624241063,0.64413145539906
322.8,0,3.9073497432773,0.64413145539906
322.9,0,3.9060153405716,0.64413145539906
323,0,3.9112283639339,0.64413145539906
323.1,0,3.9113059218018,0.64413145539906
323.2,0,3.9106751073352,0.64413145539906
323.3,0,3.9094075706922,0.64413145539906
323.4,0,3.9076934783599,0.64413145539906
323.5,0,3.9090502462517,0.64413145539906
323.6,0,3.9077027296747,0.64413145539906
323.7,0,3.9121892589697,0.64413145539906
323.8,0,3.9127842904015,0.64413145539906
323.9,0,3.9094197588112,0.64413145539906
324,0,3.905692994473,0.64413145539906
324.1,0,3.9086416374268,0.64413145539906
324.2,0,3.909950477961,0.64413145539906
324.3,0,3.9129358999714,0.64413145539906
324.4,0,3.9064632755484,0.64413145539906
324.5,0,3.9067514119698,0.64413145539906
324.6,0,3.9124892923443,0.64413145539906
324.7,0,3.9130918286808,0.64413145539906
324.8,0,3.9109552568001,0.64413145539906
324.9,0,3.9118850607775,0.64413145539906
325,0,3.9104157712174,0.64413145539906
325.1,0,3.9094272184396,0.64413145539906
325.2,0,3.9068384432486,0.64413145539906
325.3,0,3.9070436792594,0.64413145539906
325.4,0,3.9084737820208,0.64413145539906
325.5,0,3.9100637334315,0.64413145539906
325.6,0,3.9118361497068,0.64413145539906
325.7,0,3.9103714835719,0.64413145539906
325.8,0,3.9071919711264,0.64413145539906
325.9,0,3.90851084914,0.64413145539906
326,0,3.9084156127061,0.64413145539906
326.1,0,3.9105056405577,0.64413145539906
326.2,0,3.9071338907004,0.64413145539906
326.3,0,3.9110705087202,0.64413145539906
326.4,0,3.912509386848,0.64413145539906
326.5,0,3.902952556351,0.64413145539906
326.6,0,3.9097971205912,0.64413145539906
326.7,0,3.9126627651623,0.64413145539906
326.8,0,3.9099066845051,0.64413145539906
326.9,0,3.9112341353956,0.64413145539906
327,0,3.9095532786515,0.64413145539906
327.1,0,3.9142544969062,0.64413145539906
327.2,0,3.9086045884708,0.64413145539906
327.3,0,3.9144292862973,0.64413145539906
327.4,0,3.909430852257,0.64413145539906
327.5,0,3.9101696034017,0.64413145539906
327.6,0,3.9104292189383,0.64413145539906
327.7,0,3.9102029804354,0.64413145539906
327.8,0,3.9114012052718,0.64413145539906
327.9,0,3.9138237230988,0.64413145539906
328,0,3.911903878046,0.64413145539906
328.1,0,3.9109538693655,0.64413145539906
328.2,0,3.9153738988972,0.64413145539906
328.3,0,3.9070902940809,0.64413145539906
328.4,0,3.9119010776465,0.64413145539906
328.5,0,3.9141151565664,0.64413145539906
328.6,0,3.9118161610075,0.64413145539906
328.7,0,3.9115570727467,0.64413145539906
328.8,0,3.9150285552248,0.64413145539906
328.9,0,3.9131000174841,0.64413145539906
329,0,3.9102353387123,0.64413145539906
329.1,0,3.9090820188301,0.64413145539906
329.2,0,3.9109032545578,0.64413145539906
329.3,0,3.9054906112752,0.64413145539906
329.4,0,3.9089747991981,0.64413145539906
329.5,0,3.907202897607,0.64413145539906
329.6,0,3.9093010291706,0.64413145539906
329.7,0,3.9129199279492,0.64413145539906
329.8,0,3.912404093959,0.64413145539906
329.9,0,3.9075476403847,0.64413145539906
330,-1,3.9666821947078,0.64413145539906
330.1,-1,3.9630994681986,0.64414123630673
330.2,-1,3.9746137931803,0.6441510172144
330.3,-1,3.9727845388866,0.64416079812206
330.4,-1,3.9696522240163,0.64417057902973
330.5,-1,3.9728300173515,0.6441803599374
330.6,-1,3.9644530256518,0.64419014084507
330.7,-1,3.9709042771329,0.64419992175274
330.8,-1,3.9721557295539,0.64420970266041
330.9,-1,3.9625596714011,0.64421948356807
331,-1,3.9733747672823,0.64422926447574
331.1,-1,3.9727860817571,0.64423904538341
331.2,-1,3.9732315811691,0.64424882629108
331.3,-1,3.9710101394554,0.64425860719875
331.4,-1,3.9703581995364,0.64426838810642
331.5,-1,3.9721609654127,0.64427816901408
331.6,-1,3.9685586301598,0.64428794992175
331.7,-1,3.971517255999,0.64429773082942
331.8,-1,3.9722564325824,0.64430751173709
331.9,-1,3.9730605166464,0.64431729264476
332,-1,3.9775797477296,0.64432707355242
332.1,-1,3.9775427175342,0.64433685446009
332.2,-1,3.9734218980648,0.64434663536776
332.3,-1,3.9669771849174,0.64435641627543
332.4,-1,3.9767688267469,0.6443661971831
332.5,-1,3.9784410665034,0.64437597809077
332.6,-1,3.9769909642663,0.64438575899843
332.7,-1,3.9748669504063,0.6443955399061
332.8,-1,3.9691475048557,0.64440532081377
332.9,-1,3.9671701122564,0.64441510172144
333,-1,3.9714080193691,0.64442488262911
333.1,-1,3.9711113727154,0.64443466353678
333.2,-1,3.9742130690772,0.64444444444444
333.3,-1,3.9734867979119,0.64445422535211
333.4,-1,3.973667903376,0.64446400625978
333.5,-1,3.9774481917482,0.64447378716745
333.6,-1,3.9751079349083,0.64448356807512
333.7,-1,3.9786206593544,0.64449334898278
333.8,-1,3.9780070260246,0.64450312989045
333.9,-1,3.9791685491145,0.64451291079812
334,-1,3.9745773960863,0.64452269170579
334.1,-1,3.9742485950956,0.64453247261346
334.2,-1,3.9722450513742,0.64454225352113
334.3,-1,3.9714611629835,0.64455203442879
334.4,-1,3.9788322079319,0.64456181533646
334.5,-1,3.9703671382417,0.64457159624413
334.6,-1,3.9739688850868,0.6445813771518
334.7,-1,3.9753571749056,0.64459115805947
334.8,-1,3.9748079212251,0.64460093896714
334.9,-1,3.9776519873569,0.6446107198748
335,-1,3.9792765893537,0.64462050078247
335.1,-1,3.9747317860109,0.64463028169014
335.2,-1,3.9830646562813,0.64464006259781
335.3,-1,3.9755961205698,0.64464984350548
335.4,-1,3.9815010683693,0.64465962441314
335.5,-1,3.9813159714344,0.64466940532081
335.6,-1,3.9804615955665,0.64467918622848
335.7,-1,3.9768974499686,0.64468896713615
335.8,-1,3.9756831306225,0.64469874804382
335.9,-1,3.9838192421149,0.64470852895149
336,-1,3.9791568637236,0.64471830985915
336.1,-1,3.976565732688,0.64472809076682
336.2,-1,3.9727512408394,0.64473787167449
336.3,-1,3.9805448063054,0.64474765258216
336.4,-1,3.9722784230542,0.64475743348983
336.5,-1,3.975892551395,0.6447672143975
336.6,-1,3.9831860633958,0.64477699530516
336.7,-1,3.9787328721309,0.64478677621283
336.8,-1,3.9783661898549,0.6447965571205
336.9,-1,3.9741433786893,0.64480633802817
337,-1,3.980274348473,0.64481611893584
337.1,-1,3.9804365225193,0.6448258998435
337.2,-1,3.9727584911328,0.64483568075117
337.3,-1,3.9860727131927,0.64484546165884
337.4,-1,3.9746227950426,0.64485524256651
337.5,-1,3.9777321666154,0.64486502347418
337.6,-1,3.9707198253798,0.64487480438185
337.7,-1,3.9792786004502,0.64488458528951
337.8,-1,3.9792023555124,0.64489436619718
337.9,-1,3.9847038983827,0.64490414710485
338,-1,3.9778883610557,0.64491392801252
338.1,-1,3.982212994484,0.64492370892019
338.2,-1,3.980802077433,0.64493348982786
338.3,-1,3.9771830438138,0.64494327073552
338.4,-1,3.9816648824483,0.64495305164319
338.5,-1,3.9804613267655,0.64496283255086
338.6,-1,3.9874645175464,0.64497261345853
338.7,-1,3.9784924930229,0.6449823943662
338.8,-1,3.9788657356518,0.64499217527386
338.9,-1,3.9790693492555,0.64500195618153
339,-1,3.9777484783487,0.6450117370892
339.1,-1,3.9770779672999,0.64502151799687
339.2,-1,3.9764788575473,0.64503129890454
339.3,-1,3.9781740904271,0.64504107981221
339.4,-1,3.9790415581687,0.64505086071987
339.5,-1,3.9810414293041,0.64506064162754
339.6,-1,3.9817956170523,0.64507042253521
339.7,-1,3.9838065932457,0.64508020344288
339.8,-1,3.9824349033119,0.64508998435055
339.9,-1,3.981132092425,0.64509976525822
340,2,3.8038878003334,0.64510954616588
340.1,2,3.8042111397751,0.64508998435055
340.2,2,3.8068475855209,0.64507042253521
340.3,2,3.8021012871342,0.64505086071987
340.4,2,3.8058208333358,0.64503129890454
340.5,2,3.8051001487698,0.6450117370892
340.6,2,3.8032340437371,0.64499217527386
340.7,2,3.8028621530631,0.64497261345853
340.8,2,3.7988738730744,0.64495305164319
340.9,2,3.8044671418403,0.64493348982786
341,2,3.806642695611,0.64491392801252
341.1,2,3.8051757932295,0.64489436619718
341.2,2,3.8078102077441,0.64487480438185
341.3,2,3.8042523397176,0.64485524256651
341.4,2,3.8035334854251,0.64483568075117
341.5,2,3.8031134249368,0.64481611893584
341.6,2,3.8024828136085,0.6447965571205
341.7,2,3.8023859230352,0.64477699530516
341.8,2,3.8053053492391,0.64475743348983
341.9,2,3.7947234399476,0.64473787167449
342,2,3.8013497734058,0.64471830985915
342.1,2,3.7969986265606,0.64469874804382
342.2,2,3.8014272762532,0.64467918622848
342.3,2,3.8015885301615,0.64465962441314
342.4,2,3.804895664682,0.64464006259781
342.5,2,3.7959933032587,0.64462050078247
342.6,2,3.8029976283425,0.64460093896714
342.7,2,3.8018462801465,0.6445813771518
342.8,2,3.8049419386207,0.64456181533646
342.9,2,3.8025911337391,0.64454225352113
343,2,3.7967507081462,0.64452269170579
343.1,2,3.7948039290315,0.64450312989045
343.2,2,3.7999336949876,0.64448356807512
343.3,2,3.800686207639,0.64446400625978
343.4,2,3.7955150377311,0.64444444444444
343.5,2,3.8035147370676,0.64442488262911
343.6,2,3.8030418254811,0.64440532081377
343.7,2,3.8011532803624,0.64438575899843
343.8,2,3.7936708784966,0.6443661971831
343.9,2,3.8004953998769,0.64434663536776
344,2,3.8017635680811,0.64432707355242
344.1,2,3.8007864459638,0.64430751173709
344.2,2,3.7974111199467,0.64428794992175
344.3,2,3.8007281721764,0.64426838810642
344.4,2,3.7935376412804,0.64424882629108
344.5,2,3.7982486684209,0.64422926447574
344.6,2,3.7949389768756,0.64420970266041
344.7,2,3.7959285981737,0.64419014084507
344.8,2,3.7992971054452,0.64417057902973
344.9,2,3.8002448784886,0.6441510172144
345,2,3.7990716911368,0.64413145539906
345.1,2,3.7979252874389,0.64411189358372
345.2,2,3.793678639656,0.64409233176839
345.3,2,3.794079958314,0.64407276995305
345.4,2,3.7997508025873,0.64405320813771
345.5,2,3.7977375591923,0.64403364632238
345.6,2,3.7970849083842,0.64401408450704
345.7,2,3.7939227848084,0.6439945226917
345.8,2,3.7951385792635,0.64397496087637
345.9,2,3.7979843984607,0.64395539906103
346,2,3.793854965291,0.6439358372457
346.1,2,3.8022998329852,0.64391627543036
346.2,2,3.7944756938929,0.64389671361502
346.3,2,3.7957560038233,0.64387715179969
346.4,2,3.7939443640157,0.64385758998435
346.5,2,3.7857460719376,0.64383802816901
346.6,2,3.7943301014015,0.64381846635368
346.7,2,3.7971164776024,0.64379890453834
346.8,2,3.7944078548765,0.643779342723
346.9,2,3.7938495752005,0.64375978090767
347,2,3.7920730814634,0.64374021909233
347.1,2,3.7877844785257,0.64372065727699
347.2,2,3.7932802167835,0.64370109546166
347.3,2,3.789699014157,0.64368153364632
347.4,2,3.7908871502439,0.64366197183098
347.5,2,3.7946446396424,0.64364241001565
347.6,2,3.7919701918184,0.64362284820031
347.7,2,3.7942884430725,0.64360328638498
347.8,2,3.7917878763765,0.64358372456964
347.9,2,3.7887742698792,0.6435641627543
348,2,3.7895315483726,0.64354460093897
348.1,2,3.7958233308389,0.64352503912363
348.2,2,3.7940618655208,0.64350547730829
348.3,2,3.7939858999573,0.64348591549296
348.4,2,3.7871819461432,0.64346635367762
348.5,2,3.7955439080676,0.64344679186228
348.6,2,3.7903306243037,0.64342723004695
348.7,2,3.792422968756,0.64340766823161
348.8,2,3.7899038275631,0.64338810641627
348.9,2,3.7856970933216,0.64336854460094
349,2,3.7895314988488,0.6433489827856
349.1,2,3.7883366138305,0.64332942097027
349.2,2,3.7949941364567,0.64330985915493
349.3,2,3.7901872504818,0.64329029733959
349.4,2,3.7934409365942,0.64327073552426
349.5,2,3.7889201981478,0.64325117370892
349.6,2,3.7872175632621,0.64323161189358
349.7,2,3.7871632140674,0.64321205007825
349.8,2,3.7858831441405,0.64319248826291
349.9,2,3.7874465374144,0.64317292644757
350,0,3.9028107651584,0.64315336463224
350.1,0,3.902149291974,0.64315336463224
350.2,0,3.9098079242122,0.64315336463224
350.3,0,3.9057904841242,0.64315336463224
350.4,0,3.9056340296586,0.64315336463224
350.5,0,3.9008755589583,0.64315336463224
350.6,0,3.9067731602529,0.64315336463224
350.7,0,3.8987058125429,0.64315336463224
350.8,0,3.9037460211082,0.64315336463224
350.9,0,3.9041473907097,0.64315336463224
351,0,3.9028421666991,0.64315336463224
351.1,0,3.9028515518967,0.64315336463224
351.2,0,3.906219022927,0.64315336463224
351.3,0,3.9087122846297,0.64315336463224
351.4,0,3.9065610969946,0.64315336463224
351.5,0,3.9031562915749,0.64315336463224
351.6,0,3.9086233404667,0.64315336463224
351.7,0,3.9032375385085,0.64315336463224
351.8,0,3.9038953015956,0.64315336463224
351.9,0,3.9027245503959,0.64315336463224
352,0,3.9026035288422,0.64315336463224
352.1,0,3.9014423781031,0.64315336463224
352.2,0,3.9052928240259,0.64315336463224
352.3,0,3.9002098368313,0.64315336463224
352.4,0,3.9120271228662,0.64315336463224
352.5,0,3.9080451985303,0.64315336463224
352.6,0,3.9065782601306,0.64315336463224
352.7,0,3.9126018443137,0.64315336463224
352.8,0,3.901318971817,0.64315336463224
352.9,0,3.9084765955532,0.64315336463224
353,0,3.9038075521889,0.64315336463224
353.1,0,3.9073129033789,0.64315336463224
353.2,0,3.9022018995487,0.64315336463224
353.3,0,3.910045275686,0.64315336463224
353.4,0,3.9063749865008,0.64315336463224
353.5,0,3.9064622717843,0.64315336463224
353.6,0,3.9072977211036,0.64315336463224
353.7,0,3.9063961453952,0.64315336463224
353.8,0,3.908114029963,0.64315336463224
353.9,0,3.9058386803224,0.64315336463224
354,0,3.9096357552863,0.64315336463224
354.1,0,3.9086747731457,0.64315336463224
354.2,0,3.9107912316957,0.64315336463224
354.3,0,3.9049894340366,0.64315336463224
354.4,0,3.9072242485254,0.64315336463224
354.5,0,3.9040585272737,0.64315336463224
354.6,0,3.9026046565681,0.64315336463224
354.7,0,3.9064979277748,0.64315336463224
354.8,0,3.9129769777686,0.64315336463224
354.9,0,3.9063807345925,0.64315336463224
355,0,3.9126017424426,0.64315336463224
355.1,0,3.9079985793572,0.64315336463224
355.2,0,3.9041085617708,0.64315336463224
355.3,0,3.9030828556774,0.64315336463224
355.4,0,3.9071284523822,0.64315336463224
355.5,0,3.9109777253846,0.64315336463224
355.6,0,3.9001291334965,0.64315336463224
355.7,0,3.9071540313057,0.64315336463224
355.8,0,3.912669106112,0.64315336463224
355.9,0,3.9090838811152,0.64315336463224
356,0,3.9094304317812,0.64315336463224
356.1,0,3.9135335096605,0.64315336463224
356.2,0,3.9097659901264,0.64315336463224
356.3,0,3.9099156029419,0.64315336463224
356.4,0,3.909015849782,0.64315336463224
356.5,0,3.908405629145,0.64315336463224
356.6,0,3.9048982519056,0.64315336463224
356.7,0,3.9055901756455,0.64315336463224
356.8,0,3.9095659681382,0.64315336463224
356.9,0,3.9096885622166,0.64315336463224
357,0,3.909578115466,0.64315336463224
357.1,0,3.9076038112724,0.64315336463224
357.2,0,3.9045933441067,0.64315336463224
357.3,0,3.9101385089512,0.64315336463224
357.4,0,3.9054183701304,0.64315336463224
357.5,0,3.9042130336605,0.64315336463224
357.6,0,3.9074108549236,0.64315336463224
357.7,0,3.9121606285561,0.64315336463224
357.8,0,3.910901351116,0.64315336463224
357.9,0,3.911244372209,0.64315336463224
358,0,3.9085465924392,0.64315336463224
358.1,0,3.9135771485352,0.64315336463224
358.2,0,3.9117146886726,0.64315336463224
358.3,0,3.9125757774828,0.64315336463224
358.4,0,3.9074485837702,0.64315336463224
358.5,0,3.9090776315988,0.64315336463224
358.6,0,3.9113340643548,0.64315336463224
358.7,0,3.9090067833174,0.64315336463224
358.8,0,3.9010125695679,0.64315336463224
358.9,0,3.9146893870333,0.64315336463224
359,0,3.9117619150613,0.64315336463224
359.1,0,3.9086856586579,0.64315336463224
359.2,0,3.9093922996352,0.64315336463224
359.3,0,3.9089514252886,0.64315336463224
359.4,0,3.9123186705595,0.64315336463224
359.5,0,3.9115009733381,0.64315336463224
359.6,0,3.9099266105083,0.64315336463224
359.7,0,3.9116781656092,0.64315336463224
359.8,0,3.9140075836175,0.64315336463224
359.9,0,3.9095722023916,0.64315336463224
360,-1.5,3.9997936075812,0.64315336463224
360.1,-1.5,3.9991923635915,0.64316803599374
360.2,-1.5,4.0041393234478,0.64318270735524
360.3,-1.5,3.9945533522663,0.64319737871674
360.4,-1.5,4.0011864954685,0.64321205007825
360.5,-1.5,3.9953852374775,0.64322672143975
360.6,-1.5,3.9971237305039,0.64324139280125
360.7,-1.5,3.9934314455098,0.64325606416275
360.8,-1.5,4.003353527936,0.64327073552426
360.9,-1.5,4.0009809048675,0.64328540688576
361,-1.5,3.9946412513574,0.64330007824726
361.1,-1.5,3.9973334254753,0.64331474960876
361.2,-1.5,3.9983896904789,0.64332942097027
361.3,-1.5,4.0061802620454,0.64334409233177
361.4,-1.5,4.0017192503814,0.64335876369327
361.5,-1.5,3.9989730251466,0.64337343505477
361.6,-1.5,4.0055884830994,0.64338810641627
361.7,-1.5,4.004908546993,0.64340277777778
361.8,-1.5,4.0004780513234,0.64341744913928
361.9,-1.5,4.0030568759902,0.64343212050078
362,-1.5,3.9961454596263,0.64344679186228
362.1,-1.5,3.9997640452349,0.64346146322379
362.2,-1.5,4.0027999291039,0.64347613458529
362.3,-1.5,4.0058563656904,0.64349080594679
362.4,-1.5,4.0000439119705,0.64350547730829
362.5,-1.5,3.9996667073767,0.6435201486698
362.6,-1.5,4.0037236508498,0.6435348200313
362.7,-1.5,4.0020065700282,0.6435494913928
362.8,-1.5,3.9995053721416,0.6435641627543
362.9,-1.5,4.0049701572225,0.6435788341158
363,-1.5,4.0052460858759,0.64359350547731
363.1,-1.5,4.0005739060528,0.64360817683881
363.2,-1.5,4.0020104634038,0.64362284820031
363.3,-1.5,3.9993062916737,0.64363751956181
363.4,-1.5,4.0026855363841,0.64365219092332
363.5,-1.5,4.0056920118031,0.64366686228482
363.6,-1.5,4.0015582304137,0.64368153364632
363.7,-1.5,4.0007447156713,0.64369620500782
363.8,-1.5,3.999091090576,0.64371087636933
363.9,-1.5,4.0072589874677,0.64372554773083
364,-1.5,4.006981288256,0.64374021909233
364.1,-1.5,4.007037927616,0.64375489045383
364.2,-1.5,3.9999921803577,0.64376956181534
364.3,-1.5,4.0095086786647,0.64378423317684
364.4,-1.5,4.0092519374629,0.64379890453834
364.5,-1.5,4.0039404697016,0.64381357589984
364.6,-1.5,4.0093896733699,0.64382824726134
364.7,-1.5,4.0033362395983,0.64384291862285
364.8,-1.5,4.0057306382883,0.64385758998435
364.9,-1.5,4.0045071997671,0.64387226134585
365,-1.5,4.0052688424696,0.64388693270735
365.1,-1.5,4.0040594227644,0.64390160406886
365.2,-1.5,4.0063595746362,0.64391627543036
365.3,-1.5,4.0058897376508,0.64393094679186
365.4,-1.5,4.0087286858967,0.64394561815336
365.5,-1.5,4.0091679539356,0.64396028951487
365.6,-1.5,4.0060510346236,0.64397496087637
365.7,-1.5,4.01158145424,0.64398963223787
365.8,-1.5,4.0090242964787,0.64400430359937
365.9,-1.5,4.0106784942158,0.64401897496088
366,-1.5,4.0074803295,0.64403364632238
366.1,-1.5,4.0069376499498,0.64404831768388
366.2,-1.5,4.0094794887516,0.64406298904538
366.3,-1.5,4.0077588854487,0.64407766040688
366.4,-1.5,4.0100210533632,0.64409233176839
366.5,-1.5,4.0059674107887,0.64410700312989
366.6,-1.5,4.009919601945,0.64412167449139
366.7,-1.5,4.0088188619343,0.64413634585289
366.8,-1.5,4.0057001236186,0.6441510172144
366.9,-1.5,4.0112962082739,0.6441656885759
367,-1.5,4.0071083116473,0.6441803599374
367.1,-1.5,4.0102524697953,0.6441950312989
367.2,-1.5,4.0107797261765,0.64420970266041
367.3,-1.5,4.009139441608,0.64422437402191
367.4,-1.5,4.0122690439962,0.64423904538341
367.5,-1.5,4.006746627511,0.64425371674491
367.6,-1.5,4.0109207533905,0.64426838810642
367.7,-1.5,4.0092497940597,0.64428305946792
367.8,-1.5,4.0102621402438,0.64429773082942
367.9,-1.5,4.0092924886508,0.64431240219092
368,-1.5,4.0071148259291,0.64432707355242
368.1,-1.5,4.0096847841602,0.64434174491393
368.2,-1.5,4.0087923339337,0.64435641627543
368.3,-1.5,4.0124577544928,0.64437108763693
368.4,-1.5,4.009606387727,0.64438575899843
368.5,-1.5,4.0092555671961,0.64440043035994
368.6,-1.5,4.0133412989731,0.64441510172144
368.7,-1.5,4.0115886023069,0.64442977308294
368.8,-1.5,4.0114421961947,0.64444444444444
368.9,-1.5,4.010953640506,0.64445911580595
369,-1.5,4.0100026108742,0.64447378716745
369.1,-1.5,4.014310590093,0.64448845852895
369.2,-1.5,4.0085699728623,0.64450312989045
369.3,-1.5,4.0123447660934,0.64451780125196
369.4,-1.5,4.0173419272827,0.64453247261346
369.5,-1.5,4.0129567203366,0.64454714397496
369.6,-1.5,4.0158717074555,0.64456181533646
369.7,-1.5,4.0119032602161,0.64457648669796
369.8,-1.5,4.01451728092,0.64459115805947
369.9,-1.5,4.0105595190637,0.64460582942097
370,0,3.9221691004501,0.64462050078247
370.1,0,3.924282535374,0.64462050078247
370.2,0,3.9240401173586,0.64462050078247
370.3,0,3.9258021076333,0.64462050078247
370.4,0,3.9289581249497,0.64462050078247
370.5,0,3.9287462934924,0.64462050078247
370.6,0,3.924705385247,0.64462050078247
370.7,0,3.9231246120793,0.64462050078247
370.8,0,3.9247222027719,0.64462050078247
370.9,0,3.927706373104,0.64462050078247
371,0,3.926827866947,0.64462050078247
371.1,0,3.9273962393848,0.64462050078247
371.2,0,3.9234104198439,0.64462050078247
371.3,0,3.9220156989604,0.64462050078247
371.4,0,3.9266663396941,0.64462050078247
371.5,0,3.9248524535587,0.64462050078247
371.6,0,3.9270666124804,0.64462050078247
371.7,0,3.926094716667,0.64462050078247
371.8,0,3.9232796423956,0.64462050078247
371.9,0,3.9240167808146,0.64462050078247
372,0,3.9244764856761,0.64462050078247
372.1,0,3.9279432222233,0.64462050078247
372.2,0,3.9259611013246,0.64462050078247
372.3,0,3.9255052366498,0.64462050078247
372.4,0,3.9243337259332,0.64462050078247
372.5,0,3.9213269202882,0.64462050078247
372.6,0,3.9267245546301,0.64462050078247
372.7,0,3.9246133728393,0.64462050078247
372.8,0,3.9265855679219,0.64462050078247
372.9,0,3.9267751436583,0.64462050078247
373,0,3.9266849685851,0.64462050078247
373.1,0,3.9243294249058,0.64462050078247
373.2,0,3.9242721094843,0.64462050078247
373.3,0,3.9202413722346,0.64462050078247
373.4,0,3.9258998872123,0.64462050078247
373.5,0,3.9257307145723,0.64462050078247
373.6,0,3.9270830758675,0.64462050078247
373.7,0,3.9255530320636,0.64462050078247
373.8,0,3.9255519200282,0.64462050078247
373.9,0,3.9216431655637,0.64462050078247
374,0,3.9262453675151,0.64462050078247
374.1,0,3.9255822211808,0.64462050078247
374.2,0,3.9199793288902,0.64462050078247
374.3,0,3.9252750288205,0.64462050078247
374.4,0,3.9264507004903,0.64462050078247
374.5,0,3.9249039726914,0.64462050078247
374.6,0,3.9311213422618,0.64462050078247
374.7,0,3.9215076283425,0.64462050078247
374.8,0,3.9306245948484,0.64462050078247
374.9,0,3.9229282213144,0.64462050078247
375,0,3.9251836647783,0.64462050078247
375.1,0,3.9275828767947,0.64462050078247
375.2,0,3.9206702241503,0.64462050078247
375.3,0,3.9210320537619,0.64462050078247
375.4,0,3.9167501833684,0.64462050078247
375.5,0,3.9184586815046,0.64462050078247
375.6,0,3.9227929359133,0.64462050078247
375.7,0,3.9244762909874,0.64462050078247
375.8,0,3.9244058709374,0.64462050078247
375.9,0,3.9237811316915,0.64462050078247
376,0,3.9269724838483,0.64462050078247
376.1,0,3.9228552748218,0.64462050078247
376.2,0,3.9251897601663,0.64462050078247
376.3,0,3.9245610012993,0.64462050078247
376.4,0,3.9258771960354,0.64462050078247
376.5,0,3.9210297075943,0.64462050078247
376.6,0,3.9237105894369,0.64462050078247
376.7,0,3.9249499999431,0.64462050078247
376.8,0,3.9223905487634,0.64462050078247
376.9,0,3.923262654753,0.64462050078247
377,0,3.925474018183,0.64462050078247
377.1,0,3.924366220075,0.64462050078247
377.2,0,3.921237379428,0.64462050078247
377.3,0,3.9226822125394,0.64462050078247
377.4,0,3.9177393954742,0.64462050078247
377.5,0,3.9287317930395,0.64462050078247
377.6,0,3.9205857694377,0.64462050078247
377.7,0,3.9194263119786,0.64462050078247
377.8,0,3.9177862210198,0.64462050078247
377.9,0,3.9158746078912,0.64462050078247
378,0,3.9190927393778,0.64462050078247
378.1,0,3.9184460549521,0.64462050078247
378.2,0,3.9200918261,0.64462050078247
378.3,0,3.92560958959,0.64462050078247
378.4,0,3.9211687554741,0.64462050078247
378.5,0,3.9286205261614,0.64462050078247
378.6,0,3.9261865911141,0.64462050078247
378.7,0,3.9239556253421,0.64462050078247
378.8,0,3.925635894902,0.64462050078247
378.9,0,3.9198806182386,0.64462050078247
379,0,3.9263554772046,0.64462050078247
379.1,0,3.9254738711867,0.64462050078247
379.2,0,3.9227887444996,0.64462050078247
379.3,0,3.9246346106455,0.64462050078247
379.4,0,3.9209231504207,0.64462050078247
379.5,0,3.9228231453509,0.64462050078247
379.6,0,3.9190178150255,0.64462050078247
379.7,0,3.9208088954533,0.64462050078247
379.8,0,3.9232203490732,0.64462050078247
379.9,0,3.9253966604758,0.64462050078247
380,1,3.8670487589011,0.64462050078247
380.1,1,3.8667392156784,0.6446107198748
380.2,1,3.8637798167995,0.64460093896714
380.3,1,3.8649037979235,0.64459115805947
380.4,1,3.8672531262589,0.6445813771518
380.5,1,3.8619828119366,0.64457159624413
380.6,1,3.8614814279228,0.64456181533646
380.7,1,3.8634255303153,0.64455203442879
380.8,1,3.8617970051913,0.64454225352113
380.9,1,3.8598808837585,0.64453247261346
381,1,3.8644015336194,0.64452269170579
381.1,1,3.8637370289471,0.64451291079812
381.2,1,3.8585508852991,0.64450312989045
381.3,1,3.865400252523,0.64449334898278
381.4,1,3.8585592009528,0.64448356807512
381.5,1,3.8564500706886,0.64447378716745
381.6,1,3.8599614290247,0.64446400625978
381.7,1,3.8628551046153,0.64445422535211
381.8,1,3.8580661615308,0.64444444444444
381.9,1,3.8601339307266,0.64443466353678
382,1,3.8601415069045,0.64442488262911
382.1,1,3.8640442822497,0.64441510172144
382.2,1,3.8623022916832,0.64440532081377
382.3,1,3.863657670014,0.6443955399061
382.4,1,3.8587512079328,0.64438575899843
382.5,1,3.8641877885697,0.64437597809077
382.6,1,3.8639669238531,0.6443661971831
382.7,1,3.8670569751,0.64435641627543
382.8,1,3.8619676284436,0.64434663536776
382.9,1,3.8588309139008,0.64433685446009
383,1,3.8557720772618,0.64432707355242
383.1,1,3.861762075207,0.64431729264476
383.2,1,3.8601697043917,0.64430751173709
383.3,1,3.8571545862699,0.64429773082942
383.4,1,3.8592106672587,0.64428794992175
383.5,1,3.8620421007576,0.64427816901408
383.6,1,3.8598835157717,0.64426838810642
383.7,1,3.86198556241,0.64425860719875
383.8,1,3.8575186690183,0.64424882629108
383.9,1,3.8568133273946,0.64423904538341
384,1,3.8621082776616,0.64422926447574
384.1,1,3.8601614567321,0.64421948356807
384.2,1,3.8585544084264,0.64420970266041
384.3,1,3.8622171867367,0.64419992175274
384.4,1,3.8577481603691,0.64419014084507
384.5,1,3.8558972690797,0.6441803599374
384.6,1,3.8523733281482,0.64417057902973
384.7,1,3.8536235418624,0.64416079812206
384.8,1,3.8579685890478,0.6441510172144
384.9,1,3.8597979981724,0.64414123630673
385,1,3.8595928020057,0.64413145539906
385.1,1,3.8544212970158,0.64412167449139
385.2,1,3.8622589122412,0.64411189358372
385.3,1,3.8605183624942,0.64410211267606
385.4,1,3.8540298844332,0.64409233176839
385.5,1,3.8616676505294,0.64408255086072
385.6,1,3.8562543982148,0.64407276995305
385.7,1,3.8602012134251,0.64406298904538
385.8,1,3.8550735027282,0.64405320813771
385.9,1,3.8529253869104,0.64404342723005
386,1,3.8523637720285,0.64403364632238
386.1,1,3.8542924215111,0.64402386541471
386.2,1,3.8575741143604,0.64401408450704
386.3,1,3.8601090028055,0.64400430359937
386.4,1,3.8505225033445,0.6439945226917
386.5,1,3.8562011605322,0.64398474178404
386.6,1,3.8588580310306,0.64397496087637
386.7,1,3.8552429154335,0.6439651799687
386.8,1,3.8571686074302,0.64395539906103
386.9,1,3.8595146639863,0.64394561815336
387,1,3.8576938651646,0.6439358372457
387.1,1,3.860876850554,0.64392605633803
387.2,1,3.8576302486732,0.64391627543036
387.3,1,3.8559942765817,0.64390649452269
387.4,1,3.857049384545,0.64389671361502
387.5,1,3.8544709169785,0.64388693270735
387.6,1,3.8528591029753,0.64387715179969
387.7,1,3.8575671902945,0.64386737089202
387.8,1,3.84995129474,0.64385758998435
387.9,1,3.8621540129774,0.64384780907668
388,1,3.8588234082266,0.64383802816901
388.1,1,3.853713931766,0.64382824726134
388.2,1,3.8571081323862,0.64381846635368
388.3,1,3.8557471050651,0.64380868544601
388.4,1,3.8527385091046,0.64379890453834
388.5,1,3.8542706716638,0.64378912363067
388.6,1,3.8512355335511,0.643779342723
388.7,1,3.8529139314927,0.64376956181534
388.8,1,3.85564045336,0.64375978090767
388.9,1,3.8522312045425,0.64375
389,1,3.8532644067277,0.64374021909233
389.1,1,3.8508794389131,0.64373043818466
389.2,1,3.8529353092587,0.64372065727699
389.3,1,3.8538459825633,0.64371087636933
389.4,1,3.8537811656747,0.64370109546166
389.5,1,3.8543111996342,0.64369131455399
389.6,1,3.8542821900011,0.64368153364632
389.7,1,3.8551527475483,0.64367175273865
389.8,1,3.8566430556532,0.64366197183098
389.9,1,3.8563805505308,0.64365219092332
390,-0.5,3.9392111578842,0.64364241001565
390.1,-0.5,3.9359942114726,0.64364730046948
390.2,-0.5,3.9407245276335,0.64365219092332
390.3,-0.5,3.9398957277551,0.64365708137715
390.4,-0.5,3.9409784361357,0.64366197183098
390.5,-0.5,3.9408763892075,0.64366686228482
390.6,-0.5,3.9451814268574,0.64367175273865
390.7,-0.5,3.9433396599317,0.64367664319249
390.8,-0.5,3.9392741195139,0.64368153364632
390.9,-0.5,3.94576840647,0.64368642410016
391,-0.5,3.9387867453707,0.64369131455399
391.1,-0.5,3.9460826118693,0.64369620500782
391.2,-0.5,3.9402846725363,0.64370109546166
391.3,-0.5,3.9429652825139,0.64370598591549
391.4,-0.5,3.9401053849262,0.64371087636933
391.5,-0.5,3.9438984998969,0.64371576682316
391.6,-0.5,3.9403960674897,0.64372065727699
391.7,-0.5,3.9470867852896,0.64372554773083
391.8,-0.5,3.940804365511,0.64373043818466
391.9,-0.5,3.9398371669475,0.6437353286385
392,-0.5,3.9388152217857,0.64374021909233
392.1,-0.5,3.9407585822418,0.64374510954616
392.2,-0.5,3.9412581941693,0.64375
392.3,-0.5,3.9424469110647,0.64375489045383
392.4,-0.5,3.9444295228404,0.64375978090767
392.5,-0.5,3.9444757503494,0.6437646713615
392.6,-0.5,3.9383721119283,0.64376956181534
392.7,-0.5,3.9442969331285,0.64377445226917
392.8,-0.5,3.9418191842024,0.643779342723
392.9,-0.5,3.9478777717841,0.64378423317684
393,-0.5,3.9428990351777,0.64378912363067
393.1,-0.5,3.9470577026714,0.64379401408451
393.2,-0.5,3.9486748024824,0.64379890453834
393.3,-0.5,3.9453263165247,0.64380379499217
393.4,-0.5,3.9421370714442,0.64380868544601
393.5,-0.5,3.9387585496149,0.64381357589984
393.6,-0.5,3.9446176745706,0.64381846635368
393.7,-0.5,3.9439244437298,0.64382335680751
393.8,-0.5,3.9496684865816,0.64382824726134
393.9,-0.5,3.9427572412047,0.64383313771518
394,-0.5,3.9412162832159,0.64383802816901
394.1,-0.5,3.938337550832,0.64384291862285
394.2,-0.5,3.9422687932689,0.64384780907668
394.3,-0.5,3.9427328969286,0.64385269953052
394.4,-0.5,3.9420537123414,0.64385758998435
394.5,-0.5,3.9414551276451,0.64386248043818
394.6,-0.5,3.9413026518537,0.64386737089202
394.7,-0.5,3.9495940743155,0.64387226134585
394.8,-0.5,3.9500591640015,0.64387715179969
394.9,-0.5,3.940444417223,0.64388204225352
395,-0.5,3.9421222259355,0.64388693270735
395.1,-0.5,3.9445012288329,0.64389182316119
395.2,-0.5,3.9444744493904,0.64389671361502
395.3,-0.5,3.9501151454791,0.64390160406886
395.4,-0.5,3.9434249090174,0.64390649452269
395.5,-0.5,3.9431981136757,0.64391138497652
395.6,-0.5,3.942695077376,0.64391627543036
395.7,-0.5,3.9499614136246,0.64392116588419
395.8,-0.5,3.95183123317,0.64392605633803
395.9,-0.5,3.9463635431127,0.64393094679186
396,-0.5,3.9455686902238,0.6439358372457
396.1,-0.5,3.9466141107855,0.64394072769953
396.2,-0.5,3.9399706673775,0.64394561815336
396.3,-0.5,3.9484932609608,0.6439505086072
396.4,-0.5,3.9447645225209,0.64395539906103
396.5,-0.5,3.9434943482858,0.64396028951487
396.6,-0.5,3.9457871594589,0.6439651799687
396.7,-0.5,3.9450580429196,0.64397007042253
396.8,-0.5,3.9460989818328,0.64397496087637
396.9,-0.5,3.9475425594485,0.6439798513302
397,-0.5,3.9455089172501,0.64398474178404
397.1,-0.5,3.9423266500508,0.64398963223787
397.2,-0.5,3.9414470331245,0.6439945226917
397.3,-0.5,3.9441872894899,0.64399941314554
397.4,-0.5,3.9476732760958,0.64400430359937
397.5,-0.5,3.945405734087,0.64400919405321
397.6,-0.5,3.9464377852495,0.64401408450704
397.7,-0.5,3.9419667011345,0.64401897496088
397.8,-0.5,3.9484290974932,0.64402386541471
397.9,-0.5,3.9455815299552,0.64402875586854
398,-0.5,3.944637994555,0.64403364632238
398.1,-0.5,3.9448183630623,0.64403853677621
398.2,-0.5,3.9486688626315,0.64404342723005
398.3,-0.5,3.9467195848,0.64404831768388
398.4,-0.5,3.9485914656382,0.64405320813771
398.5,-0.5,3.9448272503808,0.64405809859155
398.6,-0.5,3.9461308364973,0.64406298904538
398.7,-0.5,3.9410507107225,0.64406787949922
398.8,-0.5,3.9517376357702,0.64407276995305
398.9,-0.5,3.9431160210473,0.64407766040688
399,-0.5,3.9462591258116,0.64408255086072
399.1,-0.5,3.9447046919116,0.64408744131455
399.2,-0.5,3.9429922118927,0.64409233176839
399.3,-0.5,3.9439270158159,0.64409722222222
399.4,-0.5,3.9464506585046,0.64410211267606
399.5,-0.5,3.9502774220691,0.64410700312989
399.6,-0.5,3.9487153988317,0.64411189358372
399.7,-0.5,3.9464994024354,0.64411678403756
399.8,-0.5,3.9457948406386,0.64412167449139
399.9,-0.5,3.9527932818785,0.64412656494523
400,0,3.9198072460713,0.64413145539906
400.1,0,3.92265489471,0.64413145539906
400.2,0,3.9218879998188,0.64413145539906
400.3,0,3.918794392216,0.64413145539906
400.4,0,3.9132636092781,0.64413145539906
400.5,0,3.9190961642978,0.64413145539906
400.6,0,3.9214052441454,0.64413145539906
400.7,0,3.9219463601076,0.64413145539906
400.8,0,3.9170462092377,0.64413145539906
400.9,0,3.9084196547885,0.64413145539906
401,0,3.9212403543564,0.64413145539906
401.1,0,3.918693830357,0.64413145539906
401.2,0,3.9160825181962,0.64413145539906
401.3,0,3.9163297998652,0.64413145539906
401.4,0,3.9190788501345,0.64413145539906
401.5,0,3.9193205440011,0.64413145539906
401.6,0,3.915413806923,0.64413145539906
401.7,0,3.9186175297717,0.64413145539906
401.8,0,3.9129739218385,0.64413145539906
401.9,0,3.9199634152712,0.64413145539906
402,0,3.9177314180736,0.64413145539906
402.1,0,3.9193144170835,0.64413145539906
402.2,0,3.918651290056,0.64413145539906
402.3,0,3.9142456719496,0.64413145539906
402.4,0,3.9170320815097,0.64413145539906
402.5,0,3.9158752829053,0.64413145539906
402.6,0,3.922610709486,0.64413145539906
402.7,0,3.9179518651355,0.64413145539906
402.8,0,3.9234539323231,0.64413145539906
402.9,0,3.9178134440172,0.64413145539906
403,0,3.9187123697639,0.64413145539906
403.1,0,3.92055432977,0.64413145539906
403.2,0,3.9223031229477,0.64413145539906
403.3,0,3.9143702020736,0.64413145539906
403.4,0,3.9193877066532,0.64413145539906
403.5,0,3.9153720607639,0.64413145539906
403.6,0,3.9170590990205,0.64413145539906
403.7,0,3.9217876241154,0.64413145539906
403.8,0,3.9151889043089,0.64413145539906
403.9,0,3.9196944701585,0.64413145539906
404,0,3.9222624580399,0.64413145539906
404.1,0,3.9224119170411,0.64413145539906
404.2,0,3.9151981086042,0.64413145539906
404.3,0,3.9201904992512,0.64413145539906
404.4,0,3.9165029327036,0.64413145539906
404.5,0,3.9157276024269,0.64413145539906
404.6,0,3.9188880101583,0.64413145539906
404.7,0,3.9225791198889,0.64413145539906
404.8,0,3.9164021449779,0.64413145539906
404.9,0,3.9176686737596,0.64413145539906
405,0,3.9154219173213,0.64413145539906
405.1,0,3.9168462413403,0.64413145539906
405.2,0,3.9226328934149,0.64413145539906
405.3,0,3.9191654146975,0.64413145539906
405.4,0,3.918188443441,0.64413145539906
405.5,0,3.9185627766286,0.64413145539906
405.6,0,3.9167465759002,0.64413145539906
405.7,0,3.9167614516577,0.64413145539906
405.8,0,3.9131767794855,0.64413145539906
405.9,0,3.9139951389752,0.64413145539906
406,0,3.9227605027072,0.64413145539906
406.1,0,3.9210343456659,0.64413145539906
406.2,0,3.9220441563303,0.64413145539906
406.3,0,3.9209520629538,0.64413145539906
406.4,0,3.9132462714468,0.64413145539906
406.5,0,3.9162852781887,0.64413145539906
406.6,0,3.9178622124068,0.64413145539906
406.7,0,3.9188996031162,0.64413145539906
406.8,0,3.9181723541299,0.64413145539906
406.9,0,3.9190028506553,0.64413145539906
407,0,3.9207586807724,0.64413145539906
407.1,0,3.9134393675607,0.64413145539906
407.2,0,3.9162957041642,0.64413145539906
407.3,0,3.9185000268084,0.64413145539906
407.4,0,3.916859977784,0.64413145539906
407.5,0,3.9180728073075,0.64413145539906
407.6,0,3.9196662245439,0.64413145539906
407.7,0,3.9203465228469,0.64413145539906
407.8,0,3.9163863512137,0.64413145539906
407.9,0,3.9153141730715,0.64413145539906
408,0,3.9161119826102,0.64413145539906
408.1,0,3.9167372421986,0.64413145539906
408.2,0,3.9163432849132,0.64413145539906
408.3,0,3.9215618994974,0.64413145539906
408.4,0,3.9235013093965,0.64413145539906
408.5,0,3.9167012704607,0.64413145539906
408.6,0,3.9183000789266,0.64413145539906
408.7,0,3.9164106399714,0.64413145539906
408.8,0,3.9165309190286,0.64413145539906
408.9,0,3.9139616378572,0.64413145539906
409,0,3.9170036179532,0.64413145539906
409.1,0,3.9160513096487,0.64413145539906
409.2,0,3.9172011690577,0.64413145539906
409.3,0,3.9205047852165,0.64413145539906
409.4,0,3.9090783065418,0.64413145539906
409.5,0,3.9153264427544,0.64413145539906
409.6,0,3.9194386991942,0.64413145539906
409.7,0,3.9179652323748,0.64413145539906
409.8,0,3.9131715722246,0.64413145539906
409.9,0,3.9230866225765,0.64413145539906
410,1.5,3.8336028669059,0.64413145539906
410.1,1.5,3.8284257564621,0.64411678403756
410.2,1.5,3.8299361861247,0.64410211267606
410.3,1.5,3.8292529018547,0.64408744131455
410.4,1.5,3.8279651422594,0.64407276995305
410.5,1.5,3.8296589213572,0.64405809859155
410.6,1.5,3.8318096911184,0.64404342723005
410.7,1.5,3.8271395819636,0.64402875586854
410.8,1.5,3.8320706313033,0.64401408450704
410.9,1.5,3.8281400611456,0.64399941314554
411,1.5,3.8279642506181,0.64398474178404
411.1,1.5,3.8276174807922,0.64397007042253
411.2,1.5,3.8306454027705,0.64395539906103
411.3,1.5,3.829935258536,0.64394072769953
411.4,1.5,3.8293244262336,0.64392605633803
411.5,1.5,3.8246238386383,0.64391138497652
411.6,1.5,3.8271299992297,0.64389671361502
411.7,1.5,3.8351773090354,0.64388204225352
411.8,1.5,3.8293341765542,0.64386737089202
411.9,1.5,3.8239978142314,0.64385269953052
412,1.5,3.826129655942,0.64383802816901
412.1,1.5,3.8274437098706,0.64382335680751
412.2,1.5,3.824374460137,0.64380868544601
412.3,1.5,3.8309552845374,0.64379401408451
412.4,1.5,3.831693091613,0.643779342723
412.5,1.5,3.8267780650698,0.6437646713615
412.6,1.5,3.8295815692255,0.64375
412.7,1.5,3.8300373861178,0.6437353286385
412.8,1.5,3.8306395332659,0.64372065727699
412.9,1.5,3.8283071831731,0.64370598591549
413,1.5,3.8243519243248,0.64369131455399
413.1,1.5,3.8210934090041,0.64367664319249
413.2,1.5,3.8269750990718,0.64366197183098
413.3,1.5,3.8242560967393,0.64364730046948
413.4,1.5,3.8264718161149,0.64363262910798
413.5,1.5,3.8259418687561,0.64361795774648
413.6,1.5,3.824607664143,0.64360328638498
413.7,1.5,3.8225349149767,0.64358861502347
413.8,1.5,3.8210020350251,0.64357394366197
413.9,1.5,3.8250237287525,0.64355927230047
414,1.5,3.8259693294932,0.64354460093897
414.1,1.5,3.8281989517461,0.64352992957746
414.2,1.5,3.8268128450987,0.64351525821596
414.3,1.5,3.8198502554858,0.64350058685446
414.4,1.5,3.8245025932418,0.64348591549296
414.5,1.5,3.8282854171269,0.64347124413145
414.6,1.5,3.8221896253697,0.64345657276995
414.7,1.5,3.8248494553039,0.64344190140845
414.8,1.5,3.8225593579954,0.64342723004695
414.9,1.5,3.8243244503593,0.64341255868545
415,1.5,3.8235627388176,0.64339788732394
415.1,1.5,3.8202334830397,0.64338321596244
415.2,1.5,3.8195944045945,0.64336854460094
415.3,1.5,3.8219353736811,0.64335387323944
415.4,1.5,3.8248974284378,0.64333920187793
415.5,1.5,3.8182015052463,0.64332453051643
415.6,1.5,3.8231014964113,0.64330985915493
415.7,1.5,3.8296305918857,0.64329518779343
415.8,1.5,3.8237714032708,0.64328051643192
415.9,1.5,3.8226164280052,0.64326584507042
416,1.5,3.8283931655116,0.64325117370892
416.1,1.5,3.8227405808961,0.64323650234742
416.2,1.5,3.8186029818658,0.64322183098591
416.3,1.5,3.8230274169732,0.64320715962441
416.4,1.5,3.8205414510217,0.64319248826291
416.5,1.5,3.8286371978077,0.64317781690141
416.6,1.5,3.8223014712453,0.64316314553991
416.7,1.5,3.819696124671,0.6431484741784
416.8,1.5,3.8202321578513,0.6431338028169
416.9,1.5,3.8234166860342,0.6431191314554
417,1.5,3.8203427207759,0.6431044600939
417.1,1.5,3.8187791810583,0.64308978873239
417.2,1.5,3.8254789836222,0.64307511737089
417.3,1.5,3.8149051159659,0.64306044600939
417.4,1.5,3.8189738274666,0.64304577464789
417.5,1.5,3.8164915064958,0.64303110328638
417.6,1.5,3.8234599116589,0.64301643192488
417.7,1.5,3.8231601506857,0.64300176056338
417.8,1.5,3.8186148506236,0.64298708920188
417.9,1.5,3.8241555778749,0.64297241784037
418,1.5,3.8179385314254,0.64295774647887
418.1,1.5,3.8191205173169,0.64294307511737
418.2,1.5,3.8187961054332,0.64292840375587
418.3,1.5,3.8110500238827,0.64291373239437
418.4,1.5,3.8235849906052,0.64289906103286
418.5,1.5,3.8170785616471,0.64288438967136
418.6,1.5,3.820893523156,0.64286971830986
418.7,1.5,3.8201241340225,0.64285504694836
418.8,1.5,3.8239906783316,0.64284037558685
418.9,1.5,3.8215578216837,0.64282570422535
419,1.5,3.8157148334936,0.64281103286385
419.1,1.5,3.8183286212379,0.64279636150235
419.2,1.5,3.8158508773246,0.64278169014084
419.3,1.5,3.8217558485579,0.64276701877934
419.4,1.5,3.8165114490847,0.64275234741784
419.5,1.5,3.8197975671551,0.64273767605634
419.6,1.5,3.8215617299131,0.64272300469483
419.7,1.5,3.8208616797977,0.64270833333333
419.8,1.5,3.822477114946,0.64269366197183
419.9,1.5,3.8168566926685,0.64267899061033
420,0,3.9049253581133,0.64266431924883
420.1,0,3.905164937375,0.64266431924883
420.2,0,3.9064523578292,0.64266431924883
420.3,0,3.9059335699005,0.64266431924883
420.4,0,3.9064093427678,0.64266431924883
420.5,0,3.9075899274561,0.64266431924883
420.6,0,3.9100521002435,0.64266431924883
420.7,0,3.9084834417819,0.64266431924883
420.8,0,3.9056686162545,0.64266431924883
420.9,0,3.9043616585922,0.64266431924883
421,0,3.9074923007434,0.64266431924883
421.1,0,3.9052863437881,0.64266431924883
421.2,0,3.9079182145616,0.64266431924883
421.3,0,3.9067417223822,0.64266431924883
421.4,0,3.9041156974555,0.64266431924883
421.5,0,3.9063107661779,0.64266431924883
421.6,0,3.9062835078214,0.64266431924883
421.7,0,3.9088989553449,0.64266431924883
421.8,0,3.9079568224119,0.64266431924883
421.9,0,3.907697557707,0.64266431924883
422,0,3.9086702530134,0.64266431924883
422.1,0,3.9093732617292,0.64266431924883
422.2,0,3.9026203515552,0.64266431924883
422.3,0,3.9048189708689,0.64266431924883
422.4,0,3.9028717013814,0.64266431924883
422.5,0,3.9140620699883,0.64266431924883
422.6,0,3.9095656570172,0.64266431924883
422.7,0,3.9054312859944,0.64266431924883
422.8,0,3.9085143912821,0.64266431924883
422.9,0,3.9109041310999,0.64266431924883
423,0,3.9060019510466,0.64266431924883
423.1,0,3.9053379434549,0.64266431924883
423.2,0,3.9072160440818,0.64266431924883
423.3,0,3.9055808849089,0.64266431924883
423.4,0,3.9062792503307,0.64266431924883
423.5,0,3.9064070392479,0.64266431924883
423.6,0,3.9103048438175,0.64266431924883
423.7,0,3.9043646230632,0.64266431924883
423.8,0,3.9085483258567,0.64266431924883
423.9,0,3.9122251925622,0.64266431924883
424,0,3.9073314903521,0.64266431924883
424.1,0,3.9129398836082,0.64266431924883
424.2,0,3.9093219162733,0.64266431924883
424.3,0,3.9057263611409,0.64266431924883
424.4,0,3.9072443367509,0.64266431924883
424.5,0,3.9043854309872,0.64266431924883
424.6,0,3.9088657412804,0.64266431924883
424.7,0,3.9084324274974,0.64266431924883
424.8,0,3.9096125725282,0.64266431924883
424.9,0,3.908910253298,0.64266431924883
425,0,3.9166788854814,0.64266431924883
425.1,0,3.9162495312272,0.64266431924883
425.2,0,3.9116728101214,0.64266431924883
425.3,0,3.9073222312708,0.64266431924883
425.4,0,3.9080548419714,0.64266431924883
425.5,0,3.9074635452676,0.64266431924883
425.6,0,3.9109755824735,0.64266431924883
425.7,0,3.905002791323,0.64266431924883
425.8,0,3.9145053895402,0.64266431924883
425.9,0,3.9148086121434,0.64266431924883
426,0,3.9109669580772,0.64266431924883
426.1,0,3.9082572896502,0.64266431924883
426.2,0,3.9094314204528,0.64266431924883
426.3,0,3.9103934080595,0.64266431924883
426.4,0,3.9115748920008,0.64266431924883
426.5,0,3.9130268258098,0.64266431924883
426.6,0,3.9028869485716,0.64266431924883
426.7,0,3.9128260634172,0.64266431924883
426.8,0,3.9033045527669,0.64266431924883
426.9,0,3.9090293094058,0.64266431924883
427,0,3.9114174026291,0.64266431924883
427.1,0,3.9089237689234,0.64266431924883
427.2,0,3.909913730163,0.64266431924883
427.3,0,3.9130926284719,0.64266431924883
427.4,0,3.9094505373334,0.64266431924883
427.5,0,3.9075899781062,0.64266431924883
427.6,0,3.9061022000534,0.64266431924883
427.7,0,3.915162167771,0.64266431924883
427.8,0,3.9132548515326,0.64266431924883
427.9,0,3.9093298770912,0.64266431924883
428,0,3.9052827896598,0.64266431924883
428.1,0,3.9129745902401,0.64266431924883
428.2,0,3.9075325524529,0.64266431924883
428.3,0,3.9138098411839,0.64266431924883
428.4,0,3.9065669926468,0.64266431924883
428.5,0,3.9098107604339,0.64266431924883
428.6,0,3.9078327358564,0.64266431924883
428.7,0,3.9130168013524,0.64266431924883
428.8,0,3.9115184275488,0.64266431924883
428.9,0,3.9101984011674,0.64266431924883
429,0,3.9105500285621,0.64266431924883
429.1,0,3.9132865915825,0.64266431924883
429.2,0,3.908943801696,0.64266431924883
429.3,0,3.909302864072,0.64266431924883
429.4,0,3.9142815316163,0.64266431924883
429.5,0,3.913327078113,0.64266431924883
429.6,0,3.9053199354547,0.64266431924883
429.7,0,3.9162767344095,0.64266431924883
429.8,0,3.9110445336045,0.64266431924883
429.9,0,3.9116249870864,0.64266431924883
430,-1,3.9710792415972,0.64266431924883
430.1,-1,3.9698837397887,0.64267410015649
430.2,-1,3.9701336625772,0.64268388106416
430.3,-1,3.9741145309919,0.64269366197183
430.4,-1,3.972179628413,0.6427034428795
430.5,-1,3.9689967187765,0.64271322378717
430.6,-1,3.9725016083404,0.64272300469483
430.7,-1,3.9714514857776,0.6427327856025
430.8,-1,3.9750179448201,0.64274256651017
430.9,-1,3.9676168888674,0.64275234741784
431,-1,3.9689029573794,0.64276212832551
431.1,-1,3.9689883790443,0.64277190923318
431.2,-1,3.9660851629954,0.64278169014084
431.3,-1,3.9705929100532,0.64279147104851
431.4,-1,3.9707681147315,0.64280125195618
431.5,-1,3.969093859306,0.64281103286385
431.6,-1,3.9696475071958,0.64282081377152
431.7,-1,3.9669924496654,0.64283059467919
431.8,-1,3.9720861277697,0.64284037558685
431.9,-1,3.9690358238218,0.64285015649452
432,-1,3.9708546546921,0.64285993740219
432.1,-1,3.9716480605638,0.64286971830986
432.2,-1,3.9751759634344,0.64287949921753
432.3,-1,3.9690811492564,0.64288928012519
432.4,-1,3.9673979858451,0.64289906103286
432.5,-1,3.9723144061374,0.64290884194053
432.6,-1,3.9679363850455,0.6429186228482
432.7,-1,3.9675887648496,0.64292840375587
432.8,-1,3.9699175533139,0.64293818466354
432.9,-1,3.9800210787437,0.6429479655712
433,-1,3.9743021849381,0.64295774647887
433.1,-1,3.9687789319207,0.64296752738654
433.2,-1,3.9725808998547,0.64297730829421
433.3,-1,3.9727030718195,0.64298708920188
433.4,-1,3.968155000783,0.64299687010955
433.5,-1,3.9723841805333,0.64300665101721
433.6,-1,3.9753372158095,0.64301643192488
433.7,-1,3.9768463653411,0.64302621283255
433.8,-1,3.9784219090683,0.64303599374022
433.9,-1,3.9779435228876,0.64304577464789
434,-1,3.9794669162894,0.64305555555555
434.1,-1,3.9738430252794,0.64306533646322
434.2,-1,3.9746083409926,0.64307511737089
434.3,-1,3.9738499715769,0.64308489827856
434.4,-1,3.9680545331562,0.64309467918623
434.5,-1,3.9727744514481,0.6431044600939
434.6,-1,3.9760584984723,0.64311424100156
434.7,-1,3.9728358403396,0.64312402190923
434.8,-1,3.9761198549672,0.6431338028169
434.9,-1,3.9760882009416,0.64314358372457
435,-1,3.9715582353664,0.64315336463224
435.1,-1,3.9728038083317,0.64316314553991
435.2,-1,3.9773271303004,0.64317292644757
435.3,-1,3.9749149926312,0.64318270735524
435.4,-1,3.977539370616,0.64319248826291
435.5,-1,3.9743082006292,0.64320226917058
435.6,-1,3.9732779457736,0.64321205007825
435.7,-1,3.9802899435501,0.64322183098591
435.8,-1,3.9794193365613,0.64323161189358
435.9,-1,3.9719932141149,0.64324139280125
436,-1,3.9746280797761,0.64325117370892
436.1,-1,3.9775571390516,0.64326095461659
436.2,-1,3.9747246226708,0.64327073552426
436.3,-1,3.9752138396846,0.64328051643192
436.4,-1,3.976756827137,0.64329029733959
436.5,-1,3.9782989942821,0.64330007824726
436.6,-1,3.9782455786736,0.64330985915493
436.7,-1,3.9785131238038,0.6433196400626
436.8,-1,3.9773053111596,0.64332942097027
436.9,-1,3.9783304806584,0.64333920187793
437,-1,3.9790550423239,0.6433489827856
437.1,-1,3.9800718499322,0.64335876369327
437.2,-1,3.9803730604425,0.64336854460094
437.3,-1,3.9762571235519,0.64337832550861
437.4,-1,3.9769676371411,0.64338810641627
437.5,-1,3.9786879765156,0.64339788732394
437.6,-1,3.9768430097409,0.64340766823161
437.7,-1,3.9743851576055,0.64341744913928
437.8,-1,3.983063475896,0.64342723004695
437.9,-1,3.9792658856964,0.64343701095462
438,-1,3.9740576728017,0.64344679186228
438.1,-1,3.9800579823241,0.64345657276995
438.2,-1,3.9702486014145,0.64346635367762
438.3,-1,3.9764573516711,0.64347613458529
438.4,-1,3.9790238023117,0.64348591549296
438.5,-1,3.9786197207812,0.64349569640062
438.6,-1,3.9741594849419,0.64350547730829
438.7,-1,3.9793178486979,0.64351525821596
438.8,-1,3.9773304496986,0.64352503912363
438.9,-1,3.9801782605132,0.6435348200313
439,-1,3.9839606001093,0.64354460093897
439.1,-1,3.9783370649195,0.64355438184663
439.2,-1,3.9758086030373,0.6435641627543
439.3,-1,3.9785407333192,0.64357394366197
439.4,-1,3.980853240462,0.64358372456964
439.5,-1,3.9811031420576,0.64359350547731
439.6,-1,3.9795937861216,0.64360328638498
439.7,-1,3.9851874627395,0.64361306729264
439.8,-1,3.9792180898254,0.64362284820031
439.9,-1,3.980962344808,0.64363262910798
440,2,3.8004178405882,0.64364241001565
440.1,2,3.8081427630454,0.64362284820031
440.2,2,3.8018611989764,0.64360328638498
440.3,2,3.8070604772362,0.64358372456964
440.4,2,3.8033799705332,0.6435641627543
440.5,2,3.8046453167358,0.64354460093897
440.6,2,3.8071556187792,0.64352503912363
440.7,2,3.802684626747,0.64350547730829
440.8,2,3.8031404979433,0.64348591549296
440.9,2,3.8002253135302,0.64346635367762
441,2,3.8027521446109,0.64344679186228
441.1,2,3.8029795538996,0.64342723004695
441.2,2,3.8064397377624,0.64340766823161
441.3,2,3.8018471554059,0.64338810641627
441.4,2,3.800507178704,0.64336854460094
441.5,2,3.8022106912405,0.6433489827856
441.6,2,3.8013780839108,0.64332942097027
441.7,2,3.8021741957293,0.64330985915493
441.8,2,3.8013821035165,0.64329029733959
441.9,2,3.8035569971592,0.64327073552426
442,2,3.8037319657672,0.64325117370892
442.1,2,3.7991195020359,0.64323161189358
442.2,2,3.8004729045091,0.64321205007825
442.3,2,3.7985318613625,0.64319248826291
442.4,2,3.8003690373759,0.64317292644757
442.5,2,3.8031658889755,0.64315336463224
442.6,2,3.8008182497505,0.6431338028169
442.7,2,3.8001102075313,0.64311424100156
442.8,2,3.8058463916332,0.64309467918623
442.9,2,3.8008078476207,0.64307511737089
443,2,3.8005685324403,0.64305555555555
443.1,2,3.7984387160212,0.64303599374022
443.2,2,3.7988030512244,0.64301643192488
443.3,2,3.7996337318589,0.64299687010955
443.4,2,3.7970410972956,0.64297730829421
443.5,2,3.7966819936763,0.64295774647887
443.6,2,3.7920420575684,0.64293818466354
443.7,2,3.7939107828307,0.6429186228482
443.8,2,3.7961788131231,0.64289906103286
443.9,2,3.79581557869,0.64287949921753
444,2,3.7995176723899,0.64285993740219
444.1,2,3.7911949678303,0.64284037558685
444.2,2,3.7965768667232,0.64282081377152
444.3,2,3.8000725436044,0.64280125195618
444.4,2,3.7966162568718,0.64278169014084
444.5,2,3.7964279148078,0.64276212832551
444.6,2,3.7966976619188,0.64274256651017
444.7,2,3.7964591567826,0.64272300469483
444.8,2,3.7986159572626,0.6427034428795
444.9,2,3.7947983193502,0.64268388106416
445,2,3.7958494596885,0.64266431924883
445.1,2,3.7919004669943,0.64264475743349
445.2,2,3.7924541214792,0.64262519561815
445.3,2,3.7927445456458,0.64260563380282
445.4,2,3.8008547332927,0.64258607198748
445.5,2,3.7979398417757,0.64256651017214
445.6,2,3.7919707855668,0.64254694835681
445.7,2,3.7961861289481,0.64252738654147
445.8,2,3.7890859750019,0.64250782472613
445.9,2,3.7951849168482,0.6424882629108
446,2,3.7908802593125,0.64246870109546
446.1,2,3.7905647687904,0.64244913928012
446.2,2,3.790545842456,0.64242957746479
446.3,2,3.7958280673788,0.64241001564945
446.4,2,3.7880552486343,0.64239045383411
446.5,2,3.7883962735426,0.64237089201878
446.6,2,3.79167610827,0.64235133020344
446.7,2,3.7965544407357,0.64233176838811
446.8,2,3.7923314385158,0.64231220657277
446.9,2,3.7948290097901,0.64229264475743
447,2,3.789843678968,0.6422730829421
447.1,2,3.7932616711631,0.64225352112676
447.2,2,3.7915655309768,0.64223395931142
447.3,2,3.7885217776757,0.64221439749609
447.4,2,3.7898459985647,0.64219483568075
447.5,2,3.7895108139241,0.64217527386541
447.6,2,3.7919880342957,0.64215571205008
447.7,2,3.7907775339075,0.64213615023474
447.8,2,3.7877236981203,0.6421165884194
447.9,2,3.791933994342,0.64209702660407
448,2,3.7931595853702,0.64207746478873
448.1,2,3.7903343038936,0.64205790297339
448.2,2,3.7926270136921,0.64203834115806
448.3,2,3.791014418334,0.64201877934272
448.4,2,3.7884212964433,0.64199921752739
448.5,2,3.7925250699522,0.64197965571205
448.6,2,3.788420330649,0.64196009389671
448.7,2,3.789753010592,0.64194053208138
448.8,2,3.7860237558417,0.64192097026604
448.9,2,3.7869184640674,0.6419014084507
449,2,3.785874936835,0.64188184663537
449.1,2,3.7892926597376,0.64186228482003
449.2,2,3.7849108269718,0.64184272300469
449.3,2,3.7865046782374,0.64182316118936
449.4,2,3.7836770829076,0.64180359937402
449.5,2,3.7899533112306,0.64178403755868
449.6,2,3.7877196941944,0.64176447574335
449.7,2,3.787538783602,0.64174491392801
449.8,2,3.7906693677781,0.64172535211267
449.9,2,3.7907354212058,0.64170579029734
450,0,3.9018260654636,0.641686228482
450.1,0,3.9034234569616,0.641686228482
450.2,0,3.9073866113209,0.641686228482
450.3,0,3.9004478902058,0.641686228482
450.4,0,3.9029308440046,0.641686228482
450.5,0,3.906434290622,0.641686228482
450.6,0,3.904039246025,0.641686228482
450.7,0,3.9041440894938,0.641686228482
450.8,0,3.9053390371286,0.641686228482
450.9,0,3.9035355806564,0.641686228482
451,0,3.900138856338,0.641686228482
451.1,0,3.9070762810592,0.641686228482
451.2,0,3.9061886711132,0.641686228482
451.3,0,3.9109429404565,0.641686228482
451.4,0,3.8984759998618,0.641686228482
451.5,0,3.9042864841473,0.641686228482
451.6,0,3.9068725406135,0.641686228482
451.7,0,3.9052524074336,0.641686228482
451.8,0,3.9065827797275,0.641686228482
451.9,0,3.9060562806669,0.641686228482
452,0,3.9005932703278,0.641686228482
452.1,0,3.9038903715495,0.641686228482
452.2,0,3.9078712949742,0.641686228482
452.3,0,3.9080570018438,0.641686228482
452.4,0,3.9018399492975,0.641686228482
452.5,0,3.9026916815144,0.641686228482
452.6,0,3.9037553338439,0.641686228482
452.7,0,3.9014093107528,0.641686228482
452.8,0,3.9001366988408,0.641686228482
452.9,0,3.9024319022035,0.641686228482
453,0,3.9092730879679,0.641686228482
453.1,0,3.9034931151366,0.641686228482
453.2,0,3.8993955152073,0.641686228482
453.3,0,3.9066875123538,0.641686228482
453.4,0,3.908242706004,0.641686228482
453.5,0,3.9050207067648,0.641686228482
453.6,0,3.9122189508558,0.641686228482
453.7,0,3.9050680683538,0.641686228482
453.8,0,3.9081746623669,0.641686228482
453.9,0,3.9057501474946,0.641686228482
454,0,3.9089775330615,0.641686228482
454.1,0,3.9066312871629,0.641686228482
454.2,0,3.9078977483072,0.641686228482
454.3,0,3.9040030519707,0.641686228482
454.4,0,3.9024918075211,0.641686228482
454.5,0,3.8986088008229,0.641686228482
454.6,0,3.9077075345522,0.641686228482
454.7,0,3.9074492930138,0.641686228482
454.8,0,3.9058709971419,0.641686228482
454.9,0,3.9080083302939,0.641686228482
455,0,3.9079958182453,0.641686228482
455.1,0,3.9120435408142,0.641686228482
455.2,0,3.9046438026362,0.641686228482
455.3,0,3.8992113623406,0.641686228482
455.4,0,3.9089016223452,0.641686228482
455.5,0,3.9120525206174,0.641686228482
455.6,0,3.9090278051815,0.641686228482
455.7,0,3.91135934885,0.641686228482
455.8,0,3.9089277089487,0.641686228482
455.9,0,3.905375379413,0.641686228482
456,0,3.9085286187921,0.641686228482
456.1,0,3.9089579447773,0.641686228482
456.2,0,3.9127844255271,0.641686228482
456.3,0,3.9087892953384,0.641686228482
456.4,0,3.9053348073209,0.641686228482
456.5,0,3.905872764054,0.641686228482
456.6,0,3.9095035747073,0.641686228482
456.7,0,3.9108450383021,0.641686228482
456.8,0,3.9122665987042,0.641686228482
456.9,0,3.9126680982722,0.641686228482
457,0,3.904845410639,0.641686228482
457.1,0,3.9062273289985,0.641686228482
457.2,0,3.9091441971323,0.641686228482
457.3,0,3.9121864573434,0.641686228482
457.4,0,3.9044952306549,0.641686228482
457.5,0,3.9069110346311,0.641686228482
457.6,0,3.9088646807025,0.641686228482
457.7,0,3.911869153018,0.641686228482
457.8,0,3.9080092634854,0.641686228482
457.9,0,3.9068283854322,0.641686228482
458,0,3.902770069054,0.641686228482
458.1,0,3.9079705584211,0.641686228482
458.2,0,3.9081340868056,0.641686228482
458.3,0,3.9063679574708,0.641686228482
458.4,0,3.9030452811611,0.641686228482
458.5,0,3.9089118138427,0.641686228482
458.6,0,3.9059556891921,0.641686228482
458.7,0,3.9093225324423,0.641686228482
458.8,0,3.9083130967114,0.641686228482
458.9,0,3.9061123434725,0.641686228482
459,0,3.9105401877615,0.641686228482
459.1,0,3.908333552306,0.641686228482
459.2,0,3.9085518574453,0.641686228482
459.3,0,3.9076965200677,0.641686228482
459.4,0,3.9109780969505,0.641686228482
459.5,0,3.9145368637915,0.641686228482
459.6,0,3.9115797935013,0.641686228482
459.7,0,3.9105113369725,0.641686228482
459.8,0,3.9170125266179,0.641686228482
459.9,0,3.9132898284609,0.641686228482
460,-1.5,3.9940753837075,0.641686228482
460.1,-1.5,3.9911015568412,0.6417008998435
460.2,-1.5,4.0027113553523,0.64171557120501
460.3,-1.5,4.0004450643533,0.64173024256651
460.4,-1.5,4.0006283125149,0.64174491392801
460.5,-1.5,4.00346608301,0.64175958528951
460.6,-1.5,3.9921606224421,0.64177425665102
460.7,-1.5,3.9978578100946,0.64178892801252
460.8,-1.5,3.9989705193019,0.64180359937402
460.9,-1.5,3.9993235686005,0.64181827073552
461,-1.5,4.0006485255606,0.64183294209703
461.1,-1.5,3.9975151369179,0.64184761345853
461.2,-1.5,3.9937946292094,0.64186228482003
461.3,-1.5,3.9957635999861,0.64187695618153
461.4,-1.5,3.9953770653563,0.64189162754303
461.5,-1.5,3.9933951601564,0.64190629890454
461.6,-1.5,3.9968977357932,0.64192097026604
461.7,-1.5,3.9995889429069,0.64193564162754
461.8,-1.5,4.0012106689853,0.64195031298904
461.9,-1.5,3.9960547186677,0.64196498435055
462,-1.5,3.9973394533872,0.64197965571205
462.1,-1.5,4.0010192022588,0.64199432707355
462.2,-1.5,3.9996637618723,0.64200899843505
462.3,-1.5,3.9984728188195,0.64202366979656
462.4,-1.5,4.0002798664182,0.64203834115806
462.5,-1.5,3.9922116941704,0.64205301251956
462.6,-1.5,4.0024949921829,0.64206768388106
462.7,-1.5,3.9984162812519,0.64208235524257
462.8,-1.5,3.9981400447214,0.64209702660407
462.9,-1.5,4.0004317461116,0.64211169796557
463,-1.5,4.002564236158,0.64212636932707
463.1,-1.5,4.0016366631603,0.64214104068857
463.2,-1.5,4.0046779218013,0.64215571205008
463.3,-1.5,4.0038596067002,0.64217038341158
463.4,-1.5,4.0037719057609,0.64218505477308
463.5,-1.5,4.0025454755447,0.64219972613458
463.6,-1.5,4.0034499667455,0.64221439749609
463.7,-1.5,4.0095700415344,0.64222906885759
463.8,-1.5,4.0044864059878,0.64224374021909
463.9,-1.5,4.0014874008047,0.64225841158059
464,-1.5,4.0109216099352,0.6422730829421
464.1,-1.5,4.005853206446,0.6422877543036
464.2,-1.5,4.0044846297123,0.6423024256651
464.3,-1.5,4.0007905994944,0.6423170970266
464.4,-1.5,4.0016017203485,0.64233176838811
464.5,-1.5,4.0039751048897,0.64234643974961
464.6,-1.5,4.0072654427004,0.64236111111111
464.7,-1.5,4.0024514361312,0.64237578247261
464.8,-1.5,4.0079121557157,0.64239045383411
464.9,-1.5,4.005613150431,0.64240512519562
465,-1.5,4.0022327378205,0.64241979655712
465.1,-1.5,4.0092774173611,0.64243446791862
465.2,-1.5,4.0042651508198,0.64244913928012
465.3,-1.5,4.0056625401246,0.64246381064163
465.4,-1.5,4.0115841110769,0.64247848200313
465.5,-1.5,4.0085384568437,0.64249315336463
465.6,-1.5,4.0086972654578,0.64250782472613
465.7,-1.5,4.0049154922074,0.64252249608764
465.8,-1.5,4.0068171171724,0.64253716744914
465.9,-1.5,3.999498107757,0.64255183881064
466,-1.5,4.0083446100476,0.64256651017214
466.1,-1.5,4.0043805999766,0.64258118153365
466.2,-1.5,4.0068648763272,0.64259585289515
466.3,-1.5,4.0057799207187,0.64261052425665
466.4,-1.5,4.0065050012984,0.64262519561815
466.5,-1.5,4.0106325467293,0.64263986697965
466.6,-1.5,4.011876040534,0.64265453834116
466.7,-1.5,4.0033687807763,0.64266920970266
466.8,-1.5,4.0092988850436,0.64268388106416
466.9,-1.5,4.0054122379868,0.64269855242566
467,-1.5,4.0037030955523,0.64271322378717
467.1,-1.5,4.0021884531595,0.64272789514867
467.2,-1.5,4.0059332523944,0.64274256651017
467.3,-1.5,4.0065582827851,0.64275723787167
467.4,-1.5,4.0093378438755,0.64277190923318
467.5,-1.5,4.0112452814843,0.64278658059468
467.6,-1.5,4.0087401632853,0.64280125195618
467.7,-1.5,4.0082597089245,0.64281592331768
467.8,-1.5,4.0098731008447,0.64283059467919
467.9,-1.5,4.0136732860689,0.64284526604069
468,-1.5,4.0157891189041,0.64285993740219
468.1,-1.5,4.0136970160138,0.64287460876369
468.2,-1.5,4.0089999213866,0.64288928012519
468.3,-1.5,4.0068726312217,0.6429039514867
468.4,-1.5,4.0096707487321,0.6429186228482
468.5,-1.5,4.0136408010632,0.6429332942097
468.6,-1.5,4.0138313781036,0.6429479655712
468.7,-1.5,4.0116035296948,0.64296263693271
468.8,-1.5,4.0152959910578,0.64297730829421
468.9,-1.5,4.0125086299001,0.64299197965571
469,-1.5,4.0120870659674,0.64300665101721
469.1,-1.5,4.0112870202772,0.64302132237872
469.2,-1.5,4.0055395951729,0.64303599374022
469.3,-1.5,4.0078118069166,0.64305066510172
469.4,-1.5,4.0131629533924,0.64306533646322
469.5,-1.5,4.013886776998,0.64308000782473
469.6,-1.5,4.0154934937238,0.64309467918623
469.7,-1.5,4.0077425663151,0.64310935054773
469.8,-1.5,4.0102348346994,0.64312402190923
469.9,-1.5,4.0098824170694,0.64313869327073
470,0,3.921561034741,0.64315336463224
470.1,0,3.9282099244445,0.64315336463224
470.2,0,3.9236596019884,0.64315336463224
470.3,0,3.9241902850001,0.64315336463224
470.4,0,3.9255436258541,0.64315336463224
470.5,0,3.9326805203454,0.64315336463224
470.6,0,3.9263182373746,0.64315336463224
470.7,0,3.9254806313045,0.64315336463224
470.8,0,3.9225402547304,0.64315336463224
470.9,0,3.9205094842512,0.64315336463224
471,0,3.9241956341186,0.64315336463224
471.1,0,3.9289633224188,0.64315336463224
471.2,0,3.9251524211187,0.64315336463224
471.3,0,3.918900326934,0.64315336463224
471.4,0,3.9235633343611,0.64315336463224
471.5,0,3.9216940464717,0.64315336463224
471.6,0,3.9216416144769,0.64315336463224
471.7,0,3.9184063374973,0.64315336463224
471.8,0,3.9200934748962,0.64315336463224
471.9,0,3.9237167722433,0.64315336463224
472,0,3.9241989091165,0.64315336463224
472.1,0,3.9266031530115,0.64315336463224
472.2,0,3.9245157866815,0.64315336463224
472.3,0,3.9229978331365,0.64315336463224
472.4,0,3.9214436441391,0.64315336463224
472.5,0,3.9215331059993,0.64315336463224
472.6,0,3.9226038196665,0.64315336463224
472.7,0,3.9193799505321,0.64315336463224
472.8,0,3.9280493844056,0.64315336463224
472.9,0,3.9187650629103,0.64315336463224
473,0,3.9229485892049,0.64315336463224
473.1,0,3.9266113544789,0.64315336463224
473.2,0,3.9243086104538,0.64315336463224
473.3,0,3.917592987069,0.64315336463224
473.4,0,3.9248375638775,0.64315336463224
473.5,0,3.9215540223378,0.64315336463224
473.6,0,3.921257507679,0.64315336463224
473.7,0,3.9225898019597,0.64315336463224
473.8,0,3.9208275571689,0.64315336463224
473.9,0,3.9184598356686,0.64315336463224
474,0,3.9208579653778,0.64315336463224
474.1,0,3.9212866183314,0.64315336463224
474.2,0,3.9218538040891,0.64315336463224
474.3,0,3.9192756088324,0.64315336463224
474.4,0,3.929373202054,0.64315336463224
474.5,0,3.9206162597825,0.64315336463224
474.6,0,3.9202600111524,0.64315336463224
474.7,0,3.9227858893577,0.64315336463224
474.8,0,3.9209850392565,0.64315336463224
474.9,0,3.9160509180193,0.64315336463224
475,0,3.9184248226811,0.64315336463224
475.1,0,3.920400385605,0.64315336463224
475.2,0,3.9255051593471,0.64315336463224
475.3,0,3.9172564032656,0.64315336463224
475.4,0,3.92939168845,0.64315336463224
475.5,0,3.9224983290096,0.64315336463224
475.6,0,3.9181608720467,0.64315336463224
475.7,0,3.9248470372055,0.64315336463224
475.8,0,3.9286985874603,0.64315336463224
475.9,0,3.9215346448199,0.64315336463224
476,0,3.9214313807409,0.64315336463224
476.1,0,3.9259620529638,0.64315336463224
476.2,0,3.925800705552,0.64315336463224
476.3,0,3.9280485027509,0.64315336463224
476.4,0,3.9212084254074,0.64315336463224
476.5,0,3.9244853318306,0.64315336463224
476.6,0,3.9206547721815,0.64315336463224
476.7,0,3.9176580911967,0.64315336463224
476.8,0,3.9181959975082,0.64315336463224
476.9,0,3.9231326607853,0.64315336463224
477,0,3.9214153435009,0.64315336463224
477.1,0,3.9234593112177,0.64315336463224
477.2,0,3.9231252837307,0.64315336463224
477.3,0,3.9210792607861,0.64315336463224
477.4,0,3.9233975270843,0.64315336463224
477.5,0,3.923008619989,0.64315336463224
477.6,0,3.9245082088626,0.64315336463224
477.7,0,3.917629169361,0.64315336463224
477.8,0,3.9192534281624,0.64315336463224
477.9,0,3.9173259632667,0.64315336463224
478,0,3.9243213331028,0.64315336463224
478.1,0,3.9193614572664,0.64315336463224
478.2,0,3.9144941041949,0.64315336463224
478.3,0,3.9162725964186,0.64315336463224
478.4,0,3.9213578535887,0.64315336463224
478.5,0,3.9217507538731,0.64315336463224
478.6,0,3.9215145803113,0.64315336463224
478.7,0,3.9253542780857,0.64315336463224
478.8,0,3.9159536027937,0.64315336463224
478.9,0,3.9237936363608,0.64315336463224
479,0,3.9198026440196,0.64315336463224
479.1,0,3.9179013566689,0.64315336463224
479.2,0,3.9191911453466,0.64315336463224
479.3,0,3.9289764117042,0.64315336463224
479.4,0,3.92773440697,0.64315336463224
479.5,0,3.9176356599529,0.64315336463224
479.6,0,3.924493512248,0.64315336463224
479.7,0,3.9163372948186,0.64315336463224
479.8,0,3.923022874405,0.64315336463224
479.9,0,3.9224549031959,0.64315336463224
480,1,3.8580248134222,0.64315336463224
480.1,1,3.8644130435405,0.64314358372457
480.2,1,3.8567845222957,0.6431338028169
480.3,1,3.8693116176886,0.64312402190923
480.4,1,3.8623135650203,0.64311424100156
480.5,1,3.8662337586587,0.6431044600939
480.6,1,3.8608214380434,0.64309467918623
480.7,1,3.8594840929094,0.64308489827856
480.8,1,3.8641212217712,0.64307511737089
480.9,1,3.8637023937161,0.64306533646322
481,1,3.8661837990971,0.64305555555555
481.1,1,3.8561908813915,0.64304577464789
481.2,1,3.8620680377516,0.64303599374022
481.3,1,3.8649556320875,0.64302621283255
481.4,1,3.8602594407774,0.64301643192488
481.5,1,3.8604909759582,0.64300665101721
481.6,1,3.8565488748974,0.64299687010955
481.7,1,3.8610465012856,0.64298708920188
481.8,1,3.8626703473461,0.64297730829421
481.9,1,3.8618643819316,0.64296752738654
482,1,3.858891126318,0.64295774647887
482.1,1,3.8616179107609,0.6429479655712
482.2,1,3.860511244971,0.64293818466354
482.3,1,3.8606777636665,0.64292840375587
482.4,1,3.8572351731045,0.6429186228482
482.5,1,3.8553230755291,0.64290884194053
482.6,1,3.8563868971293,0.64289906103286
482.7,1,3.8526290270958,0.64288928012519
482.8,1,3.8587039442207,0.64287949921753
482.9,1,3.8567585486559,0.64286971830986
483,1,3.8581137248557,0.64285993740219
483.1,1,3.8536728079655,0.64285015649452
483.2,1,3.8604769032759,0.64284037558685
483.3,1,3.8616241411545,0.64283059467919
483.4,1,3.8603350067315,0.64282081377152
483.5,1,3.8545744061488,0.64281103286385
483.6,1,3.8576391099061,0.64280125195618
483.7,1,3.8652424655295,0.64279147104851
483.8,1,3.8532007420858,0.64278169014084
483.9,1,3.85704489597,0.64277190923318
484,1,3.8572632063327,0.64276212832551
484.1,1,3.8575991769274,0.64275234741784
484.2,1,3.8573574283439,0.64274256651017
484.3,1,3.8549270264519,0.6427327856025
484.4,1,3.8534755102174,0.64272300469483
484.5,1,3.858461671187,0.64271322378717
484.6,1,3.8603544140253,0.6427034428795
484.7,1,3.8504071669681,0.64269366197183
484.8,1,3.8548896821898,0.64268388106416
484.9,1,3.855456849003,0.64267410015649
485,1,3.85161648729,0.64266431924883
485.1,1,3.8519321452748,0.64265453834116
485.2,1,3.8536845023972,0.64264475743349
485.3,1,3.855560822958,0.64263497652582
485.4,1,3.8514973706649,0.64262519561815
485.5,1,3.8568724719252,0.64261541471048
485.6,1,3.8585784740515,0.64260563380282
485.7,1,3.8538911384275,0.64259585289515
485.8,1,3.8595798081543,0.64258607198748
485.9,1,3.8561402519889,0.64257629107981
486,1,3.8565783679508,0.64256651017214
486.1,1,3.8593602798304,0.64255672926447
486.2,1,3.8544004450831,0.64254694835681
486.3,1,3.8556053615334,0.64253716744914
486.4,1,3.8516168985521,0.64252738654147
486.5,1,3.8553831123436,0.6425176056338
486.6,1,3.8526565881079,0.64250782472613
486.7,1,3.8557467424353,0.64249804381847
486.8,1,3.8578391390686,0.6424882629108
486.9,1,3.8587498486804,0.64247848200313
487,1,3.8556399515933,0.64246870109546
487.1,1,3.8553225409852,0.64245892018779
487.2,1,3.8555339244378,0.64244913928012
487.3,1,3.8526347357312,0.64243935837246
487.4,1,3.8539565930662,0.64242957746479
487.5,1,3.8502712730581,0.64241979655712
487.6,1,3.8552009866387,0.64241001564945
487.7,1,3.8494669787432,0.64240023474178
487.8,1,3.852138104919,0.64239045383411
487.9,1,3.8492095912537,0.64238067292645
488,1,3.8558723942172,0.64237089201878
488.1,1,3.8492787884079,0.64236111111111
488.2,1,3.8567238643758,0.64235133020344
488.3,1,3.8571903243598,0.64234154929577
488.4,1,3.8529200355855,0.64233176838811
488.5,1,3.8587308083614,0.64232198748044
488.6,1,3.853389972475,0.64231220657277
488.7,1,3.8567306547914,0.6423024256651
488.8,1,3.8538145350122,0.64229264475743
488.9,1,3.8500065523312,0.64228286384976
489,1,3.8532199039793,0.6422730829421
489.1,1,3.8496452676185,0.64226330203443
489.2,1,3.8571978513149,0.64225352112676
489.3,1,3.850350896195,0.64224374021909
489.4,1,3.8513596308003,0.64223395931142
489.5,1,3.8556466515361,0.64222417840375
489.6,1,3.8467717657162,0.64221439749609
489.7,1,3.8500253240253,0.64220461658842
489.8,1,3.8570537321194,0.64219483568075
489.9,1,3.8559011748731,0.64218505477308
490,-0.5,3.9380205708693,0.64217527386541
490.1,-0.5,3.9401936412112,0.64218016431925
490.2,-0.5,3.9390634282564,0.64218505477308
490.3,-0.5,3.9320769503853,0.64218994522692
490.4,-0.5,3.9386825231118,0.64219483568075
490.5,-0.5,3.9325244009875,0.64219972613458
490.6,-0.5,3.9419515823197,0.64220461658842
490.7,-0.5,3.9405476008979,0.64220950704225
490.8,-0.5,3.9380942031336,0.64221439749609
490.9,-0.5,3.9416916056205,0.64221928794992
491,-0.5,3.9344824468096,0.64222417840375
491.1,-0.5,3.9430812055936,0.64222906885759
491.2,-0.5,3.9444889301878,0.64223395931142
491.3,-0.5,3.9381925443948,0.64223884976526
491.4,-0.5,3.9421489841228,0.64224374021909
491.5,-0.5,3.9354228540519,0.64224863067293
491.6,-0.5,3.9433141740734,0.64225352112676
491.7,-0.5,3.9395567173303,0.64225841158059
491.8,-0.5,3.9404878598783,0.64226330203443
491.9,-0.5,3.9459533981996,0.64226819248826
492,-0.5,3.9395587699878,0.6422730829421
492.1,-0.5,3.937239639314,0.64227797339593
492.2,-0.5,3.9447383398847,0.64228286384976
492.3,-0.5,3.9387708321812,0.6422877543036
492.4,-0.5,3.9385772591598,0.64229264475743
492.5,-0.5,3.9440353134772,0.64229753521127
492.6,-0.5,3.941183509594,0.6423024256651
492.7,-0.5,3.9426406893478,0.64230731611893
492.8,-0.5,3.9441459064807,0.64231220657277
492.9,-0.5,3.9430931794107,0.6423170970266
493,-0.5,3.9425638772867,0.64232198748044
493.1,-0.5,3.9401181211085,0.64232687793427
493.2,-0.5,3.9422852069069,0.64233176838811
493.3,-0.5,3.9443608291051,0.64233665884194
493.4,-0.5,3.9399932615159,0.64234154929577
493.5,-0.5,3.9403305877352,0.64234643974961
493.6,-0.5,3.9390607798142,0.64235133020344
493.7,-0.5,3.9483750358888,0.64235622065728
493.8,-0.5,3.9468324205014,0.64236111111111
493.9,-0.5,3.9427223414418,0.64236600156494
494,-0.5,3.9412366558016,0.64237089201878
494.1,-0.5,3.9452857954548,0.64237578247261
494.2,-0.5,3.9423727971741,0.64238067292645
494.3,-0.5,3.944832760513,0.64238556338028
494.4,-0.5,3.9453865738452,0.64239045383411
494.5,-0.5,3.9392399965038,0.64239534428795
494.6,-0.5,3.9427936548719,0.64240023474178
494.7,-0.5,3.93932599839,0.64240512519562
494.8,-0.5,3.9436215447294,0.64241001564945
494.9,-0.5,3.943671253814,0.64241490610329
495,-0.5,3.9397544164038,0.64241979655712
495.1,-0.5,3.9398776315849,0.64242468701095
495.2,-0.5,3.9410577797597,0.64242957746479
495.3,-0.5,3.9459009738749,0.64243446791862
495.4,-0.5,3.9469445835717,0.64243935837246
495.5,-0.5,3.9395101023697,0.64244424882629
495.6,-0.5,3.9465511906339,0.64244913928012
495.7,-0.5,3.940849006827,0.64245402973396
495.8,-0.5,3.9391883975108,0.64245892018779
495.9,-0.5,3.9466565956768,0.64246381064163
496,-0.5,3.9466589424278,0.64246870109546
496.1,-0.5,3.9394636021656,0.64247359154929
496.2,-0.5,3.9446801012837,0.64247848200313
496.3,-0.5,3.9447453907521,0.64248337245696
496.4,-0.5,3.9438989280732,0.6424882629108
496.5,-0.5,3.9427081504813,0.64249315336463
496.6,-0.5,3.9392691113452,0.64249804381847
496.7,-0.5,3.9420062290868,0.6425029342723
496.8,-0.5,3.9455018582195,0.64250782472613
496.9,-0.5,3.9428475746444,0.64251271517997
497,-0.5,3.9426878805474,0.6425176056338
497.1,-0.5,3.9480285699513,0.64252249608764
497.2,-0.5,3.9433435037921,0.64252738654147
497.3,-0.5,3.9430199431554,0.6425322769953
497.4,-0.5,3.9446225081453,0.64253716744914
497.5,-0.5,3.9424909390937,0.64254205790297
497.6,-0.5,3.9419182138165,0.64254694835681
497.7,-0.5,3.9418733397116,0.64255183881064
497.8,-0.5,3.9464695206228,0.64255672926447
497.9,-0.5,3.9473298556362,0.64256161971831
498,-0.5,3.948947824238,0.64256651017214
498.1,-0.5,3.9474947367666,0.64257140062598
498.2,-0.5,3.9452503360001,0.64257629107981
498.3,-0.5,3.9464960773546,0.64258118153365
498.4,-0.5,3.9448573725604,0.64258607198748
498.5,-0.5,3.9466258928187,0.64259096244131
498.6,-0.5,3.9437999428562,0.64259585289515
498.7,-0.5,3.9509703507536,0.64260074334898
498.8,-0.5,3.9442709076738,0.64260563380282
498.9,-0.5,3.9450231987975,0.64261052425665
499,-0.5,3.9471640451888,0.64261541471048
499.1,-0.5,3.945097834021,0.64262030516432
499.2,-0.5,3.9470878843233,0.64262519561815
499.3,-0.5,3.9412960717983,0.64263008607199
499.4,-0.5,3.9385226525374,0.64263497652582
499.5,-0.5,3.9508584387626,0.64263986697965
499.6,-0.5,3.9486511907221,0.64264475743349
499.7,-0.5,3.9458887283208,0.64264964788732
499.8,-0.5,3.9465612286039,0.64265453834116
499.9,-0.5,3.9376971630184,0.64265942879499
500,0,3.912764484849,0.64266431924883
500.1,0,3.915710325256,0.64266431924883
500.2,0,3.9137039896337,0.64266431924883
500.3,0,3.9192444301792,0.64266431924883
500.4,0,3.9151686745814,0.64266431924883
500.5,0,3.9197143296701,0.64266431924883
500.6,0,3.9146848270172,0.64266431924883
500.7,0,3.9138372448958,0.64266431924883
500.8,0,3.9169465554777,0.64266431924883
500.9,0,3.9192225062799,0.64266431924883
501,0,3.9217550172916,0.64266431924883
501.1,0,3.9179636221491,0.64266431924883
501.2,0,3.9204884214589,0.64266431924883
501.3,0,3.9147668184083,0.64266431924883
501.4,0,3.9171044931916,0.64266431924883
501.5,0,3.9206602566515,0.64266431924883
501.6,0,3.9176695794097,0.64266431924883
501.7,0,3.9212362948389,0.64266431924883
501.8,0,3.9222740035281,0.64266431924883
501.9,0,3.9180340702344,0.64266431924883
502,0,3.9148587368823,0.64266431924883
502.1,0,3.9151882103191,0.64266431924883
502.2,0,3.918621449116,0.64266431924883
502.3,0,3.9155157015818,0.64266431924883
502.4,0,3.9138768317595,0.64266431924883
502.5,0,3.9182749907998,0.64266431924883
502.6,0,3.9173676296419,0.64266431924883
502.7,0,3.9206720499657,0.64266431924883
502.8,0,3.9183370897195,0.64266431924883
502.9,0,3.9153747033783,0.64266431924883
503,0,3.9149285292676,0.64266431924883
503.1,0,3.9117146186406,0.64266431924883
503.2,0,3.9189200530255,0.64266431924883
503.3,0,3.920533049937,0.64266431924883
503.4,0,3.9118832464072,0.64266431924883
503.5,0,3.9167780719777,0.64266431924883
503.6,0,3.9162693842144,0.64266431924883
503.7,0,3.912243153395,0.64266431924883
503.8,0,3.9207887466495,0.64266431924883
503.9,0,3.9147315571166,0.64266431924883
504,0,3.9262532418819,0.64266431924883
504.1,0,3.9159542102764,0.64266431924883
504.2,0,3.9158683643774,0.64266431924883
504.3,0,3.9148872792044,0.64266431924883
504.4,0,3.9215692920512,0.64266431924883
504.5,0,3.9138017084669,0.64266431924883
504.6,0,3.911995636226,0.64266431924883
504.7,0,3.9191053704454,0.64266431924883
504.8,0,3.9161768762798,0.64266431924883
504.9,0,3.9158259153879,0.64266431924883
505,0,3.9178513728707,0.64266431924883
505.1,0,3.919309093215,0.64266431924883
505.2,0,3.9215748291949,0.64266431924883
505.3,0,3.91445322431,0.64266431924883
505.4,0,3.9167256918655,0.64266431924883
505.5,0,3.9188397104437,0.64266431924883
505.6,0,3.9200849117645,0.64266431924883
505.7,0,3.9208834043653,0.64266431924883
505.8,0,3.9222616756057,0.64266431924883
505.9,0,3.9206780365722,0.64266431924883
506,0,3.9147401778852,0.64266431924883
506.1,0,3.9151066367309,0.64266431924883
506.2,0,3.9137984784328,0.64266431924883
506.3,0,3.9190756992926,0.64266431924883
506.4,0,3.9177428264166,0.64266431924883
506.5,0,3.9178348150934,0.64266431924883
506.6,0,3.9155266565038,0.64266431924883
506.7,0,3.9130481442903,0.64266431924883
506.8,0,3.9109666482721,0.64266431924883
506.9,0,3.9220584735266,0.64266431924883
507,0,3.919601864286,0.64266431924883
507.1,0,3.9206296244719,0.64266431924883
507.2,0,3.9166264658131,0.64266431924883
507.3,0,3.9135716500555,0.64266431924883
507.4,0,3.9159992355957,0.64266431924883
507.5,0,3.9208659019047,0.64266431924883
507.6,0,3.9137627260127,0.64266431924883
507.7,0,3.9222886059666,0.64266431924883
507.8,0,3.9177521476181,0.64266431924883
507.9,0,3.9171852592842,0.64266431924883
508,0,3.9136497859108,0.64266431924883
508.1,0,3.919241941198,0.64266431924883
508.2,0,3.9136937440179,0.64266431924883
508.3,0,3.9211969883842,0.64266431924883
508.4,0,3.9172466515837,0.64266431924883
508.5,0,3.9204450032837,0.64266431924883
508.6,0,3.9144655334118,0.64266431924883
508.7,0,3.9207189459905,0.64266431924883
508.8,0,3.9184527012313,0.64266431924883
508.9,0,3.9157571696185,0.64266431924883
509,0,3.9225036506742,0.64266431924883
509.1,0,3.9190207970887,0.64266431924883
509.2,0,3.9213328871279,0.64266431924883
509.3,0,3.9179685157636,0.64266431924883
509.4,0,3.9150379529112,0.64266431924883
509.5,0,3.9127518959265,0.64266431924883
509.6,0,3.918145939095,0.64266431924883
509.7,0,3.9171634027074,0.64266431924883
509.8,0,3.920379904715,0.64266431924883
509.9,0,3.91651248514,0.64266431924883
510,1.5,3.8292909372406,0.64266431924883
510.1,1.5,3.8279874540492,0.64264964788732
510.2,1.5,3.8273374706113,0.64263497652582
510.3,1.5,3.8322724909433,0.64262030516432
510.4,1.5,3.8288467535677,0.64260563380282
510.5,1.5,3.8293183135326,0.64259096244131
510.6,1.5,3.831590405416,0.64257629107981
510.7,1.5,3.8268452606285,0.64256161971831
510.8,1.5,3.8319316569942,0.64254694835681
510.9,1.5,3.8247058736659,0.6425322769953
511,1.5,3.8319160338359,0.6425176056338
511.1,1.5,3.8328326657833,0.6425029342723
511.2,1.5,3.8352882965412,0.6424882629108
511.3,1.5,3.827316413378,0.64247359154929
511.4,1.5,3.8284080948074,0.64245892018779
511.5,1.5,3.8251635609467,0.64244424882629
511.6,1.5,3.8288112360712,0.64242957746479
511.7,1.5,3.831593822514,0.64241490610329
511.8,1.5,3.8222820209895,0.64240023474178
511.9,1.5,3.8271403950071,0.64238556338028
512,1.5,3.8282028366293,0.64237089201878
512.1,1.5,3.8284568459462,0.64235622065728
512.2,1.5,3.8225954012009,0.64234154929577
512.3,1.5,3.8170277419328,0.64232687793427
512.4,1.5,3.8171345774506,0.64231220657277
512.5,1.5,3.8315108274044,0.64229753521127
512.6,1.5,3.8206799906791,0.64228286384976
512.7,1.5,3.8284792161245,0.64226819248826
512.8,1.5,3.826892167292,0.64225352112676
512.9,1.5,3.8270908562449,0.64223884976526
513,1.5,3.8212160515926,0.64222417840375
513.1,1.5,3.8263128506118,0.64220950704225
513.2,1.5,3.820224779292,0.64219483568075
513.3,1.5,3.8270872095881,0.64218016431925
513.4,1.5,3.8247265609876,0.64216549295775
513.5,1.5,3.825159795867,0.64215082159624
513.6,1.5,3.8207670036851,0.64213615023474
513.7,1.5,3.8244429696284,0.64212147887324
513.8,1.5,3.825060729649,0.64210680751174
513.9,1.5,3.8265304703844,0.64209213615023
514,1.5,3.8234142339022,0.64207746478873
514.1,1.5,3.8182199061622,0.64206279342723
514.2,1.5,3.8183777989639,0.64204812206573
514.3,1.5,3.8236199138368,0.64203345070422
514.4,1.5,3.8273472084433,0.64201877934272
514.5,1.5,3.8218040900532,0.64200410798122
514.6,1.5,3.8228868601642,0.64198943661972
514.7,1.5,3.8257798665516,0.64197476525821
514.8,1.5,3.8206118965936,0.64196009389671
514.9,1.5,3.8208252876971,0.64194542253521
515,1.5,3.8238414954285,0.64193075117371
515.1,1.5,3.8222423890515,0.64191607981221
515.2,1.5,3.8260168733926,0.6419014084507
515.3,1.5,3.8255189534793,0.6418867370892
515.4,1.5,3.8218434615642,0.6418720657277
515.5,1.5,3.8225927818108,0.6418573943662
515.6,1.5,3.8205554146632,0.64184272300469
515.7,1.5,3.8200947108166,0.64182805164319
515.8,1.5,3.8195512220918,0.64181338028169
515.9,1.5,3.8195195626599,0.64179870892019
516,1.5,3.8234778629014,0.64178403755868
516.1,1.5,3.8203991255843,0.64176936619718
516.2,1.5,3.8210298185916,0.64175469483568
516.3,1.5,3.8177969701254,0.64174002347418
516.4,1.5,3.8205812337395,0.64172535211267
516.5,1.5,3.8130609670013,0.64171068075117
516.6,1.5,3.8206463964554,0.64169600938967
516.7,1.5,3.8184331342968,0.64168133802817
516.8,1.5,3.8202257080381,0.64166666666667
516.9,1.5,3.8272760234374,0.64165199530516
517,1.5,3.8238489107549,0.64163732394366
517.1,1.5,3.8222664183941,0.64162265258216
517.2,1.5,3.8237972652741,0.64160798122066
517.3,1.5,3.8222313306605,0.64159330985915
517.4,1.5,3.8192338889062,0.64157863849765
517.5,1.5,3.8197564033501,0.64156396713615
517.6,1.5,3.8192437902592,0.64154929577465
517.7,1.5,3.8137466776494,0.64153462441314
517.8,1.5,3.8222640419079,0.64151995305164
517.9,1.5,3.8174286144404,0.64150528169014
518,1.5,3.8228580131695,0.64149061032864
518.1,1.5,3.820477533876,0.64147593896713
518.2,1.5,3.8122354965678,0.64146126760563
518.3,1.5,3.8160432833814,0.64144659624413
518.4,1.5,3.820533109935,0.64143192488263
518.5,1.5,3.8135408959104,0.64141725352113
518.6,1.5,3.8158168649335,0.64140258215962
518.7,1.5,3.8208602427341,0.64138791079812
518.8,1.5,3.8202933416184,0.64137323943662
518.9,1.5,3.822117146734,0.64135856807512
519,1.5,3.8152175560764,0.64134389671361
519.1,1.5,3.8145257364618,0.64132922535211
519.2,1.5,3.8169880593234,0.64131455399061
519.3,1.5,3.820363161442,0.64129988262911
519.4,1.5,3.820491560939,0.6412852112676
519.5,1.5,3.8176137852809,0.6412705399061
519.6,1.5,3.8154246971051,0.6412558685446
519.7,1.5,3.8181923017102,0.6412411971831
519.8,1.5,3.8177153511923,0.64122652582159
519.9,1.5,3.8169346701509,0.64121185446009
520,0,3.900078347778,0.64119718309859
520.1,0,3.9039125603735,0.64119718309859
520.2,0,3.9057860176763,0.64119718309859
520.3,0,3.90364399417,0.64119718309859
520.4,0,3.8991126145272,0.64119718309859
520.5,0,3.9047442561738,0.64119718309859
520.6,0,3.9041994702984,0.64119718309859
520.7,0,3.8988940348351,0.64119718309859
520.8,0,3.904593090932,0.64119718309859
520.9,0,3.9042005886626,0.64119718309859
521,0,3.9046355828959,0.64119718309859
521.1,0,3.9014690641407,0.64119718309859
521.2,0,3.9040283107507,0.64119718309859
521.3,0,3.9018441460924,0.64119718309859
521.4,0,3.9003242754691,0.64119718309859
521.5,0,3.9027465667177,0.64119718309859
521.6,0,3.9016279891888,0.64119718309859
521.7,0,3.9061144506114,0.64119718309859
521.8,0,3.9076766384471,0.64119718309859
521.9,0,3.9033263562636,0.64119718309859
522,0,3.9100773102036,0.64119718309859
522.1,0,3.9052944444182,0.64119718309859
522.2,0,3.9042903448458,0.64119718309859
522.3,0,3.9047065070576,0.64119718309859
522.4,0,3.9111442701666,0.64119718309859
522.5,0,3.9061035349603,0.64119718309859
522.6,0,3.9071828772737,0.64119718309859
522.7,0,3.9038911998796,0.64119718309859
522.8,0,3.9101572072666,0.64119718309859
522.9,0,3.9047274065643,0.64119718309859
523,0,3.9056382044499,0.64119718309859
523.1,0,3.9058348045931,0.64119718309859
523.2,0,3.9077907619929,0.64119718309859
523.3,0,3.9055998399425,0.64119718309859
523.4,0,3.9055786432656,0.64119718309859
523.5,0,3.9072468972733,0.64119718309859
523.6,0,3.9094447559952,0.64119718309859
523.7,0,3.9072285211697,0.64119718309859
523.8,0,3.9017365971877,0.64119718309859
523.9,0,3.9088125426178,0.64119718309859
524,0,3.9031909170411,0.64119718309859
524.1,0,3.9043795867473,0.64119718309859
524.2,0,3.9057836919146,0.64119718309859
524.3,0,3.9121682669726,0.64119718309859
524.4,0,3.9055171578108,0.64119718309859
524.5,0,3.9013416392282,0.64119718309859
524.6,0,3.9069735331449,0.64119718309859
524.7,0,3.9123358298912,0.64119718309859
524.8,0,3.9032443784181,0.64119718309859
524.9,0,3.9054033211038,0.64119718309859
525,0,3.9085249316827,0.64119718309859
525.1,0,3.904882341171,0.64119718309859
525.2,0,3.9062222506043,0.64119718309859
525.3,0,3.9099588026865,0.64119718309859
525.4,0,3.9076176671248,0.64119718309859
525.5,0,3.9125636620386,0.64119718309859
525.6,0,3.9075108628663,0.64119718309859
525.7,0,3.9136725392027,0.64119718309859
525.8,0,3.9104682039368,0.64119718309859
525.9,0,3.9069113452767,0.64119718309859
526,0,3.9122601711874,0.64119718309859
526.1,0,3.9088694536776,0.64119718309859
526.2,0,3.9060084815528,0.64119718309859
526.3,0,3.9063324034525,0.64119718309859
526.4,0,3.9050859705525,0.64119718309859
526.5,0,3.9095193879817,0.64119718309859
526.6,0,3.9062826092723,0.64119718309859
526.7,0,3.9055760595222,0.64119718309859
526.8,0,3.9049027329503,0.64119718309859
526.9,0,3.905053458071,0.64119718309859
527,0,3.9105356102301,0.64119718309859
527.1,0,3.9086585998174,0.64119718309859
527.2,0,3.9102572395821,0.64119718309859
527.3,0,3.9109800717027,0.64119718309859
527.4,0,3.9087423964669,0.64119718309859
527.5,0,3.9093296494957,0.64119718309859
527.6,0,3.9088819292251,0.64119718309859
527.7,0,3.9070364943297,0.64119718309859
527.8,0,3.9080077449185,0.64119718309859
527.9,0,3.9096464881803,0.64119718309859
528,0,3.9090749773256,0.64119718309859
528.1,0,3.9062502275796,0.64119718309859
528.2,0,3.9073188733159,0.64119718309859
528.3,0,3.9069195134322,0.64119718309859
528.4,0,3.9096184979721,0.64119718309859
528.5,0,3.9043428691598,0.64119718309859
528.6,0,3.9102957607603,0.64119718309859
528.7,0,3.9087972773628,0.64119718309859
528.8,0,3.9033326401349,0.64119718309859
528.9,0,3.9132626122831,0.64119718309859
529,0,3.9072943822537,0.64119718309859
529.1,0,3.9088568439963,0.64119718309859
529.2,0,3.9105012716962,0.64119718309859
529.3,0,3.9110605571805,0.64119718309859
529.4,0,3.9046790139838,0.64119718309859
529.5,0,3.9035620462854,0.64119718309859
529.6,0,3.9093690858312,0.64119718309859
529.7,0,3.9091746736007,0.64119718309859
529.8,0,3.9080022250569,0.64119718309859
529.9,0,3.9107538165018,0.64119718309859
530,-1,3.9644622009127,0.64119718309859
530.1,-1,3.9658529871584,0.64120696400626
530.2,-1,3.9676204136634,0.64121674491393
530.3,-1,3.9673625892454,0.64122652582159
530.4,-1,3.967894177165,0.64123630672926
530.5,-1,3.9689915851934,0.64124608763693
530.6,-1,3.9733059800185,0.6412558685446
530.7,-1,3.9685050158086,0.64126564945227
530.8,-1,3.9687166918305,0.64127543035994
530.9,-1,3.9684638857564,0.6412852112676
531,-1,3.9726533020823,0.64129499217527
531.1,-1,3.9632684889844,0.64130477308294
531.2,-1,3.9679556857465,0.64131455399061
531.3,-1,3.971855704822,0.64132433489828
531.4,-1,3.9705669298194,0.64133411580595
531.5,-1,3.967591393889,0.64134389671361
531.6,-1,3.9678520070499,0.64135367762128
531.7,-1,3.9713664270399,0.64136345852895
531.8,-1,3.9699749735345,0.64137323943662
531.9,-1,3.9680596918327,0.64138302034429
532,-1,3.9696400490022,0.64139280125195
532.1,-1,3.9646693982919,0.64140258215962
532.2,-1,3.9685072735739,0.64141236306729
532.3,-1,3.9673258950713,0.64142214397496
532.4,-1,3.9729779766476,0.64143192488263
532.5,-1,3.969826392234,0.6414417057903
532.6,-1,3.9687284908913,0.64145148669796
532.7,-1,3.9703050936582,0.64146126760563
532.8,-1,3.9744889143673,0.6414710485133
532.9,-1,3.9742181298916,0.64148082942097
533,-1,3.9751445136239,0.64149061032864
533.1,-1,3.9710680564645,0.64150039123631
533.2,-1,3.9735718057459,0.64151017214397
533.3,-1,3.9763555038816,0.64151995305164
533.4,-1,3.9715971618804,0.64152973395931
533.5,-1,3.9760661445817,0.64153951486698
533.6,-1,3.9743165489264,0.64154929577465
533.7,-1,3.9679994669633,0.64155907668231
533.8,-1,3.9785555483954,0.64156885758998
533.9,-1,3.9706903928317,0.64157863849765
534,-1,3.9741739464951,0.64158841940532
534.1,-1,3.9749823108628,0.64159820031299
534.2,-1,3.9774163374619,0.64160798122066
534.3,-1,3.9755241859871,0.64161776212832
534.4,-1,3.9710847196327,0.64162754303599
534.5,-1,3.977744671356,0.64163732394366
534.6,-1,3.9769848887834,0.64164710485133
534.7,-1,3.9763866403168,0.641656885759
534.8,-1,3.968212652826,0.64166666666667
534.9,-1,3.9765989456178,0.64167644757433
535,-1,3.9742695530149,0.641686228482
535.1,-1,3.976644310148,0.64169600938967
535.2,-1,3.9698530481281,0.64170579029734
535.3,-1,3.9742474539663,0.64171557120501
535.4,-1,3.9801069853091,0.64172535211267
535.5,-1,3.9718472751344,0.64173513302034
535.6,-1,3.9732542632108,0.64174491392801
535.7,-1,3.9746982701982,0.64175469483568
535.8,-1,3.9736021667976,0.64176447574335
535.9,-1,3.9774305637543,0.64177425665102
536,-1,3.9770003960551,0.64178403755868
536.1,-1,3.9748227434632,0.64179381846635
536.2,-1,3.9754157632403,0.64180359937402
536.3,-1,3.9748168903918,0.64181338028169
536.4,-1,3.975057471473,0.64182316118936
536.5,-1,3.9756606338448,0.64183294209703
536.6,-1,3.975987756625,0.64184272300469
536.7,-1,3.9819786609143,0.64185250391236
536.8,-1,3.977838651693,0.64186228482003
536.9,-1,3.9756197601489,0.6418720657277
537,-1,3.9752265758988,0.64188184663537
537.1,-1,3.9797511361768,0.64189162754303
537.2,-1,3.9802658007535,0.6419014084507
537.3,-1,3.9701235585127,0.64191118935837
537.4,-1,3.9784616072898,0.64192097026604
537.5,-1,3.9800993722482,0.64193075117371
537.6,-1,3.9724451110989,0.64194053208138
537.7,-1,3.9761010390344,0.64195031298904
537.8,-1,3.9744627746505,0.64196009389671
537.9,-1,3.9787679397122,0.64196987480438
538,-1,3.9778106796909,0.64197965571205
538.1,-1,3.97787676622,0.64198943661972
538.2,-1,3.9775022836299,0.64199921752739
538.3,-1,3.9733520749502,0.64200899843505
538.4,-1,3.9806085419139,0.64201877934272
538.5,-1,3.9767152587974,0.64202856025039
538.6,-1,3.9775339024861,0.64203834115806
538.7,-1,3.9820389022132,0.64204812206573
538.8,-1,3.9781462870458,0.64205790297339
538.9,-1,3.9825620431697,0.64206768388106
539,-1,3.9797657423018,0.64207746478873
539.1,-1,3.9782112148396,0.6420872456964
539.2,-1,3.9754791537503,0.64209702660407
539.3,-1,3.9781197794203,0.64210680751174
539.4,-1,3.984341535945,0.6421165884194
539.5,-1,3.9834264719476,0.64212636932707
539.6,-1,3.9702284523912,0.64213615023474
539.7,-1,3.9762990043154,0.64214593114241
539.8,-1,3.9760031392557,0.64215571205008
539.9,-1,3.9758012939327,0.64216549295775
540,2,3.807301987256,0.64217527386541
540.1,2,3.8029959122002,0.64215571205008
540.2,2,3.8037289449968,0.64213615023474
540.3,2,3.804472645149,0.6421165884194
540.4,2,3.8013967110768,0.64209702660407
540.5,2,3.8082732890423,0.64207746478873
540.6,2,3.8042902885438,0.64205790297339
540.7,2,3.802540663042,0.64203834115806
540.8,2,3.8096687097087,0.64201877934272
540.9,2,3.8064446406388,0.64199921752739
541,2,3.7988995963732,0.64197965571205
541.1,2,3.8023817892773,0.64196009389671
541.2,2,3.7981970477995,0.64194053208138
541.3,2,3.8041210973269,0.64192097026604
541.4,2,3.7974780999036,0.6419014084507
541.5,2,3.8004243350439,0.64188184663537
541.6,2,3.8035873030661,0.64186228482003
541.7,2,3.7944018000452,0.64184272300469
541.8,2,3.8021143732994,0.64182316118936
541.9,2,3.8027114041173,0.64180359937402
542,2,3.8013361749666,0.64178403755868
542.1,2,3.8000880111843,0.64176447574335
542.2,2,3.8040436441002,0.64174491392801
542.3,2,3.8000719056056,0.64172535211267
542.4,2,3.8006106629952,0.64170579029734
542.5,2,3.8043098976104,0.641686228482
542.6,2,3.7958434585153,0.64166666666667
542.7,2,3.7969510403638,0.64164710485133
542.8,2,3.7993380814289,0.64162754303599
542.9,2,3.798588770736,0.64160798122066
543,2,3.796174123934,0.64158841940532
543.1,2,3.7933409627117,0.64156885758998
543.2,2,3.7962390794061,0.64154929577465
543.3,2,3.7997878821366,0.64152973395931
543.4,2,3.792521618663,0.64151017214397
543.5,2,3.7946224839747,0.64149061032864
543.6,2,3.793201451372,0.6414710485133
543.7,2,3.7956336923902,0.64145148669796
543.8,2,3.7910137176816,0.64143192488263
543.9,2,3.79415921446,0.64141236306729
544,2,3.7990907381558,0.64139280125195
544.1,2,3.8005369315234,0.64137323943662
544.2,2,3.7980920490213,0.64135367762128
544.3,2,3.7948414386241,0.64133411580595
544.4,2,3.7951053110692,0.64131455399061
544.5,2,3.797253280095,0.64129499217527
544.6,2,3.7907355825656,0.64127543035994
544.7,2,3.7944250603001,0.6412558685446
544.8,2,3.7978799807588,0.64123630672926
544.9,2,3.7938841650112,0.64121674491393
545,2,3.7882134471899,0.64119718309859
545.1,2,3.7962880402052,0.64117762128325
545.2,2,3.7918522627046,0.64115805946792
545.3,2,3.7939095410019,0.64113849765258
545.4,2,3.7901357146875,0.64111893583724
545.5,2,3.7906071459952,0.64109937402191
545.6,2,3.7958177060868,0.64107981220657
545.7,2,3.7899012191452,0.64106025039123
545.8,2,3.7887167615001,0.6410406885759
545.9,2,3.7893939752159,0.64102112676056
546,2,3.7925799055134,0.64100156494523
546.1,2,3.7901761485313,0.64098200312989
546.2,2,3.7985690420795,0.64096244131455
546.3,2,3.787450458323,0.64094287949922
546.4,2,3.7906343108049,0.64092331768388
546.5,2,3.7893023020307,0.64090375586854
546.6,2,3.7871479369485,0.64088419405321
546.7,2,3.7921198953122,0.64086463223787
546.8,2,3.7913008443514,0.64084507042253
546.9,2,3.789947463787,0.6408255086072
547,2,3.7884848741393,0.64080594679186
547.1,2,3.7924143309685,0.64078638497652
547.2,2,3.7912980870977,0.64076682316119
547.3,2,3.7901576246782,0.64074726134585
547.4,2,3.7897176535562,0.64072769953052
547.5,2,3.7893674836452,0.64070813771518
547.6,2,3.7880513846734,0.64068857589984
547.7,2,3.7897323824619,0.64066901408451
547.8,2,3.7887826089829,0.64064945226917
547.9,2,3.7918458434004,0.64062989045383
548,2,3.7852621229491,0.6406103286385
548.1,2,3.7916544844671,0.64059076682316
548.2,2,3.7835430559647,0.64057120500782
548.3,2,3.7929231639549,0.64055164319249
548.4,2,3.7896123921866,0.64053208137715
548.5,2,3.7883033346471,0.64051251956181
548.6,2,3.7877684825213,0.64049295774648
548.7,2,3.7835768090471,0.64047339593114
548.8,2,3.7944889408367,0.6404538341158
548.9,2,3.7863996893709,0.64043427230047
549,2,3.7861646629639,0.64041471048513
549.1,2,3.7868051893946,0.6403951486698
549.2,2,3.7881570409802,0.64037558685446
549.3,2,3.7868729787742,0.64035602503912
549.4,2,3.7893354102246,0.64033646322379
549.5,2,3.7888067870187,0.64031690140845
549.6,2,3.7825569761998,0.64029733959311
549.7,2,3.7865950254773,0.64027777777778
549.8,2,3.7922197739381,0.64025821596244
549.9,2,3.7839034211104,0.6402386541471
550,0,3.8997861188765,0.64021909233177
550.1,0,3.9019732136526,0.64021909233177
550.2,0,3.9047718627303,0.64021909233177
550.3,0,3.9010243868278,0.64021909233177
550.4,0,3.8994788710893,0.64021909233177
550.5,0,3.9042568307153,0.64021909233177
550.6,0,3.8987250070437,0.64021909233177
550.7,0,3.9015246461847,0.64021909233177
550.8,0,3.900120159074,0.64021909233177
550.9,0,3.9031228927948,0.64021909233177
551,0,3.9058242384686,0.64021909233177
551.1,0,3.9020867539713,0.64021909233177
551.2,0,3.9054620953977,0.64021909233177
551.3,0,3.9028343138386,0.64021909233177
551.4,0,3.9077387824824,0.64021909233177
551.5,0,3.8992903827672,0.64021909233177
551.6,0,3.9055068710263,0.64021909233177
551.7,0,3.9013542746306,0.64021909233177
551.8,0,3.9037669194311,0.64021909233177
551.9,0,3.9006569937522,0.64021909233177
552,0,3.9026630383284,0.64021909233177
552.1,0,3.9010628407259,0.64021909233177
552.2,0,3.907086243203,0.64021909233177
552.3,0,3.9038639833196,0.64021909233177
552.4,0,3.90332722164,0.64021909233177
552.5,0,3.9016782750133,0.64021909233177
552.6,0,3.9005994165312,0.64021909233177
552.7,0,3.9022527094112,0.64021909233177
552.8,0,3.9080655742877,0.64021909233177
552.9,0,3.8976403930012,0.64021909233177
553,0,3.9063336591401,0.64021909233177
553.1,0,3.9074886945482,0.64021909233177
553.2,0,3.9026031898505,0.64021909233177
553.3,0,3.9018455956598,0.64021909233177
553.4,0,3.9037573840761,0.64021909233177
553.5,0,3.9016278446176,0.64021909233177
553.6,0,3.9119788147278,0.64021909233177
553.7,0,3.903747484151,0.64021909233177
553.8,0,3.9033856372206,0.64021909233177
553.9,0,3.9060698487081,0.64021909233177
554,0,3.9024084883455,0.64021909233177
554.1,0,3.905283076385,0.64021909233177
554.2,0,3.9075010996409,0.64021909233177
554.3,0,3.9064199820672,0.64021909233177
554.4,0,3.8979184211505,0.64021909233177
554.5,0,3.9041734262516,0.64021909233177
554.6,0,3.9007573573816,0.64021909233177
554.7,0,3.9053774242821,0.64021909233177
554.8,0,3.9046249076702,0.64021909233177
554.9,0,3.9036088741505,0.64021909233177
555,0,3.9046439945017,0.64021909233177
555.1,0,3.9055021834757,0.64021909233177
555.2,0,3.9050038284018,0.64021909233177
555.3,0,3.8990017148775,0.64021909233177
555.4,0,3.9092657814108,0.64021909233177
555.5,0,3.9104796170725,0.64021909233177
555.6,0,3.9066039561351,0.64021909233177
555.7,0,3.9071726099227,0.64021909233177
555.8,0,3.9049033688173,0.64021909233177
555.9,0,3.9082562519119,0.64021909233177
556,0,3.9030458662565,0.64021909233177
556.1,0,3.9078451241078,0.64021909233177
556.2,0,3.9098939869281,0.64021909233177
556.3,0,3.9074605903056,0.64021909233177
556.4,0,3.9066566366057,0.64021909233177
556.5,0,3.9079605223093,0.64021909233177
556.6,0,3.9075840440594,0.64021909233177
556.7,0,3.9093043886546,0.64021909233177
556.8,0,3.9063157558846,0.64021909233177
556.9,0,3.9009470298109,0.64021909233177
557,0,3.9036347838316,0.64021909233177
557.1,0,3.9047520495228,0.64021909233177
557.2,0,3.9113134813711,0.64021909233177
557.3,0,3.9053444968629,0.64021909233177
557.4,0,3.9111030770696,0.64021909233177
557.5,0,3.909235105585,0.64021909233177
557.6,0,3.9066592850651,0.64021909233177
557.7,0,3.9100595241179,0.64021909233177
557.8,0,3.9059134880739,0.64021909233177
557.9,0,3.9068581934579,0.64021909233177
558,0,3.9075442208078,0.64021909233177
558.1,0,3.9057355705816,0.64021909233177
558.2,0,3.9075459097114,0.64021909233177
558.3,0,3.9139700508881,0.64021909233177
558.4,0,3.9096572820141,0.64021909233177
558.5,0,3.9084597001247,0.64021909233177
558.6,0,3.9128348516692,0.64021909233177
558.7,0,3.907031926705,0.64021909233177
558.8,0,3.9085370711977,0.64021909233177
558.9,0,3.9063417231032,0.64021909233177
559,0,3.9065859932632,0.64021909233177
559.1,0,3.9128965572152,0.64021909233177
559.2,0,3.9092326859137,0.64021909233177
559.3,0,3.9068597119622,0.64021909233177
559.4,0,3.9078238647347,0.64021909233177
559.5,0,3.9047744797299,0.64021909233177
559.6,0,3.9073594589301,0.64021909233177
559.7,0,3.9098533720872,0.64021909233177
559.8,0,3.9057758943613,0.64021909233177
559.9,0,3.9101879009434,0.64021909233177
560,-1.5,3.9941747029405,0.64021909233177
560.1,-1.5,3.9932021212971,0.64023376369327
560.2,-1.5,3.9918324534665,0.64024843505477
560.3,-1.5,3.9935025456715,0.64026310641627
560.4,-1.5,3.9920629586111,0.64027777777778
560.5,-1.5,3.9921732206682,0.64029244913928
560.6,-1.5,3.9989764432721,0.64030712050078
560.7,-1.5,3.9952068445429,0.64032179186228
560.8,-1.5,4.0048215901919,0.64033646322379
560.9,-1.5,3.9955449201105,0.64035113458529
561,-1.5,3.99604353264,0.64036580594679
561.1,-1.5,3.9998700346523,0.64038047730829
561.2,-1.5,3.999231613592,0.6403951486698
561.3,-1.5,3.9965689196128,0.6404098200313
561.4,-1.5,3.9954743781938,0.6404244913928
561.5,-1.5,4.0042502868711,0.6404391627543
561.6,-1.5,3.9992423459019,0.6404538341158
561.7,-1.5,3.997342691279,0.64046850547731
561.8,-1.5,4.0027256495647,0.64048317683881
561.9,-1.5,3.998560441278,0.64049784820031
562,-1.5,3.9987384237285,0.64051251956181
562.1,-1.5,4.0000799477652,0.64052719092332
562.2,-1.5,4.0003587655945,0.64054186228482
562.3,-1.5,4.0026059325,0.64055653364632
562.4,-1.5,4.0001726710149,0.64057120500782
562.5,-1.5,3.9976962187679,0.64058587636933
562.6,-1.5,4.0003592329263,0.64060054773083
562.7,-1.5,3.9967220911265,0.64061521909233
562.8,-1.5,4.0033448045451,0.64062989045383
562.9,-1.5,3.9955295209828,0.64064456181534
563,-1.5,3.998243500018,0.64065923317684
563.1,-1.5,4.0004294554351,0.64067390453834
563.2,-1.5,4.001606949932,0.64068857589984
563.3,-1.5,4.0003560335587,0.64070324726134
563.4,-1.5,4.0047314682515,0.64071791862285
563.5,-1.5,4.0062417742587,0.64073258998435
563.6,-1.5,4.0016876390218,0.64074726134585
563.7,-1.5,4.0000799184234,0.64076193270735
563.8,-1.5,4.0084805659859,0.64077660406886
563.9,-1.5,4.0057820381176,0.64079127543036
564,-1.5,4.0029657034896,0.64080594679186
564.1,-1.5,4.0053652589472,0.64082061815336
564.2,-1.5,4.0063350092716,0.64083528951487
564.3,-1.5,4.0047534083209,0.64084996087637
564.4,-1.5,4.0036355459257,0.64086463223787
564.5,-1.5,4.0054424483255,0.64087930359937
564.6,-1.5,4.0059214938638,0.64089397496087
564.7,-1.5,4.0042070468712,0.64090864632238
564.8,-1.5,4.0027624744393,0.64092331768388
564.9,-1.5,4.0058826180483,0.64093798904538
565,-1.5,4.0025634267426,0.64095266040688
565.1,-1.5,3.9993145004645,0.64096733176839
565.2,-1.5,4.0018180623739,0.64098200312989
565.3,-1.5,4.0074528876564,0.64099667449139
565.4,-1.5,4.0098715399722,0.64101134585289
565.5,-1.5,4.004375451129,0.6410260172144
565.6,-1.5,4.0112351977221,0.6410406885759
565.7,-1.5,4.0046784467109,0.6410553599374
565.8,-1.5,4.005942459828,0.6410700312989
565.9,-1.5,4.0103303286138,0.64108470266041
566,-1.5,4.0057852584548,0.64109937402191
566.1,-1.5,4.0075380894487,0.64111404538341
566.2,-1.5,4.0059525183884,0.64112871674491
566.3,-1.5,4.0023343123121,0.64114338810641
566.4,-1.5,4.0050476209545,0.64115805946792
566.5,-1.5,4.0050294446912,0.64117273082942
566.6,-1.5,4.0068242322271,0.64118740219092
566.7,-1.5,4.0042411485923,0.64120207355242
566.8,-1.5,4.0074832792888,0.64121674491393
566.9,-1.5,4.0024435129298,0.64123141627543
567,-1.5,4.0083197758414,0.64124608763693
567.1,-1.5,4.0087797960563,0.64126075899843
567.2,-1.5,4.009929565264,0.64127543035994
567.3,-1.5,4.0123159201771,0.64129010172144
567.4,-1.5,4.0087795242067,0.64130477308294
567.5,-1.5,4.00665664836,0.64131944444444
567.6,-1.5,4.0160595204766,0.64133411580595
567.7,-1.5,4.0090854559552,0.64134878716745
567.8,-1.5,4.0113225756273,0.64136345852895
567.9,-1.5,4.0053846597407,0.64137812989045
568,-1.5,4.0062961463988,0.64139280125195
568.1,-1.5,4.0081451078767,0.64140747261346
568.2,-1.5,4.0058045215415,0.64142214397496
568.3,-1.5,4.0095494242407,0.64143681533646
568.4,-1.5,4.013113645035,0.64145148669796
568.5,-1.5,4.0105077667079,0.64146615805947
568.6,-1.5,4.0079861744452,0.64148082942097
568.7,-1.5,4.0102475278255,0.64149550078247
568.8,-1.5,4.0092168274679,0.64151017214397
568.9,-1.5,4.0092604317294,0.64152484350548
569,-1.5,4.0113099548412,0.64153951486698
569.1,-1.5,4.0117105285584,0.64155418622848
569.2,-1.5,4.0108314391556,0.64156885758998
569.3,-1.5,4.0120772630368,0.64158352895149
569.4,-1.5,4.0045913938132,0.64159820031299
569.5,-1.5,4.0089884876727,0.64161287167449
569.6,-1.5,4.0106069088737,0.64162754303599
569.7,-1.5,4.0114422371213,0.64164221439749
569.8,-1.5,4.0150642111897,0.641656885759
569.9,-1.5,4.0205767162709,0.6416715571205
570,0,3.9236688779643,0.641686228482
570.1,0,3.9222338409039,0.641686228482
570.2,0,3.9243866626779,0.641686228482
570.3,0,3.9230002840071,0.641686228482
570.4,0,3.9246041996962,0.641686228482
570.5,0,3.9253252383117,0.641686228482
570.6,0,3.9251442684754,0.641686228482
570.7,0,3.9218036629471,0.641686228482
570.8,0,3.9201335420345,0.641686228482
570.9,0,3.9268960242519,0.641686228482
571,0,3.9265549894109,0.641686228482
571.1,0,3.9225793968429,0.641686228482
571.2,0,3.9217590793081,0.641686228482
571.3,0,3.9237974022658,0.641686228482
571.4,0,3.9274514363048,0.641686228482
571.5,0,3.9275177130811,0.641686228482
571.6,0,3.9250133213675,0.641686228482
571.7,0,3.9258170015736,0.641686228482
571.8,0,3.9248222340143,0.641686228482
571.9,0,3.9267987397823,0.641686228482
572,0,3.9298624355204,0.641686228482
572.1,0,3.921524530586,0.641686228482
572.2,0,3.924905042396,0.641686228482
572.3,0,3.9167762865781,0.641686228482
572.4,0,3.9222362807872,0.641686228482
572.5,0,3.920563900272,0.641686228482
572.6,0,3.9272916054828,0.641686228482
572.7,0,3.9203629804416,0.641686228482
572.8,0,3.9259695533381,0.641686228482
572.9,0,3.9255290307309,0.641686228482
573,0,3.9200871242942,0.641686228482
573.1,0,3.9257965112895,0.641686228482
573.2,0,3.9209931661097,0.641686228482
573.3,0,3.9256533823215,0.641686228482
573.4,0,3.9215593555634,0.641686228482
573.5,0,3.9196367866622,0.641686228482
573.6,0,3.924122996984,0.641686228482
573.7,0,3.9203642476493,0.641686228482
573.8,0,3.9250996839091,0.641686228482
573.9,0,3.9247626455164,0.641686228482
574,0,3.9237147875435,0.641686228482
574.1,0,3.9229978867835,0.641686228482
574.2,0,3.9224959010826,0.641686228482
574.3,0,3.9203753545347,0.641686228482
574.4,0,3.9226518986394,0.641686228482
574.5,0,3.918052613665,0.641686228482
574.6,0,3.922700003151,0.641686228482
574.7,0,3.9200541301255,0.641686228482
574.8,0,3.9223945060773,0.641686228482
574.9,0,3.9195040319095,0.641686228482
575,0,3.9215946807425,0.641686228482
575.1,0,3.9220401680454,0.641686228482
575.2,0,3.9180675541063,0.641686228482
575.3,0,3.9177933468618,0.641686228482
575.4,0,3.9156370755063,0.641686228482
575.5,0,3.921892224083,0.641686228482
575.6,0,3.9199264423254,0.641686228482
575.7,0,3.919536239254,0.641686228482
575.8,0,3.9233700448,0.641686228482
575.9,0,3.9166202483495,0.641686228482
576,0,3.9224030121791,0.641686228482
576.1,0,3.9214070805093,0.641686228482
576.2,0,3.9137605952568,0.641686228482
576.3,0,3.9206880643009,0.641686228482
576.4,0,3.9192223751958,0.641686228482
576.5,0,3.9180423201175,0.641686228482
576.6,0,3.9226042657909,0.641686228482
576.7,0,3.9150787055485,0.641686228482
576.8,0,3.9223543932931,0.641686228482
576.9,0,3.924372974136,0.641686228482
577,0,3.9219751325906,0.641686228482
577.1,0,3.9192650944886,0.641686228482
577.2,0,3.9240573661597,0.641686228482
577.3,0,3.9159342490903,0.641686228482
577.4,0,3.9208407820844,0.641686228482
577.5,0,3.9214123474183,0.641686228482
577.6,0,3.9162647605546,0.641686228482
577.7,0,3.9191957603915,0.641686228482
577.8,0,3.9142040961761,0.641686228482
577.9,0,3.9202082926346,0.641686228482
578,0,3.9200608889302,0.641686228482
578.1,0,3.919778054776,0.641686228482
578.2,0,3.9277602015521,0.641686228482
578.3,0,3.9183148727117,0.641686228482
578.4,0,3.9153302651697,0.641686228482
578.5,0,3.9167409902662,0.641686228482
578.6,0,3.9193898334814,0.641686228482
578.7,0,3.9176210892013,0.641686228482
578.8,0,3.9188350767121,0.641686228482
578.9,0,3.921489400213,0.641686228482
579,0,3.9214706204983,0.641686228482
579.1,0,3.9185920382968,0.641686228482
579.2,0,3.9190250859482,0.641686228482
579.3,0,3.9200443329028,0.641686228482
579.4,0,3.9211589679002,0.641686228482
579.5,0,3.9251961606501,0.641686228482
579.6,0,3.9191311277278,0.641686228482
579.7,0,3.9206696724449,0.641686228482
579.8,0,3.9264328003284,0.641686228482
579.9,0,3.920494333259,0.641686228482
580,1,3.8640552666629,0.641686228482
580.1,1,3.8580675382811,0.64167644757433
580.2,1,3.8599423019572,0.64166666666667
580.3,1,3.8614685165856,0.641656885759
580.4,1,3.8636437185324,0.64164710485133
580.5,1,3.8628945617475,0.64163732394366
580.6,1,3.8640305724364,0.64162754303599
580.7,1,3.8565967401512,0.64161776212832
580.8,1,3.8598094613682,0.64160798122066
580.9,1,3.8607213424248,0.64159820031299
581,1,3.8594420880389,0.64158841940532
581.1,1,3.8658250907081,0.64157863849765
581.2,1,3.8601403931055,0.64156885758998
581.3,1,3.8581634067121,0.64155907668231
581.4,1,3.8629338965633,0.64154929577465
581.5,1,3.8630427745372,0.64153951486698
581.6,1,3.8627433395569,0.64152973395931
581.7,1,3.8582902645857,0.64151995305164
581.8,1,3.8634621548616,0.64151017214397
581.9,1,3.8601206532046,0.64150039123631
582,1,3.8610989363,0.64149061032864
582.1,1,3.8590785706163,0.64148082942097
582.2,1,3.8571290618075,0.6414710485133
582.3,1,3.8531472024823,0.64146126760563
582.4,1,3.8580240553741,0.64145148669796
582.5,1,3.8543062884334,0.6414417057903
582.6,1,3.857341852149,0.64143192488263
582.7,1,3.8562261652908,0.64142214397496
582.8,1,3.8588316852283,0.64141236306729
582.9,1,3.8573891995462,0.64140258215962
583,1,3.8558979050503,0.64139280125195
583.1,1,3.8616842731592,0.64138302034429
583.2,1,3.8568435002505,0.64137323943662
583.3,1,3.8544325997652,0.64136345852895
583.4,1,3.8600511120114,0.64135367762128
583.5,1,3.8584020336912,0.64134389671361
583.6,1,3.8571175577716,0.64133411580595
583.7,1,3.8560427847874,0.64132433489828
583.8,1,3.8547955744943,0.64131455399061
583.9,1,3.8611025589321,0.64130477308294
584,1,3.8551105876451,0.64129499217527
584.1,1,3.8608341199522,0.6412852112676
584.2,1,3.8599644287036,0.64127543035994
584.3,1,3.8550273972132,0.64126564945227
584.4,1,3.8607436570953,0.6412558685446
584.5,1,3.8490752461888,0.64124608763693
584.6,1,3.8599733735263,0.64123630672926
584.7,1,3.8574960826106,0.64122652582159
584.8,1,3.8530323929112,0.64121674491393
584.9,1,3.8508711046948,0.64120696400626
585,1,3.8571773192084,0.64119718309859
585.1,1,3.8544480429314,0.64118740219092
585.2,1,3.85561727151,0.64117762128325
585.3,1,3.8547360818781,0.64116784037559
585.4,1,3.8570227704372,0.64115805946792
585.5,1,3.8536476373682,0.64114827856025
585.6,1,3.8587550923475,0.64113849765258
585.7,1,3.8579420143069,0.64112871674491
585.8,1,3.8527848565829,0.64111893583724
585.9,1,3.8557182907579,0.64110915492958
586,1,3.8547940091978,0.64109937402191
586.1,1,3.8562838294787,0.64108959311424
586.2,1,3.8570313872865,0.64107981220657
586.3,1,3.8509808000936,0.6410700312989
586.4,1,3.8559993943019,0.64106025039123
586.5,1,3.8552580916525,0.64105046948357
586.6,1,3.8551889951527,0.6410406885759
586.7,1,3.8531528927592,0.64103090766823
586.8,1,3.8552676068172,0.64102112676056
586.9,1,3.8518690085641,0.64101134585289
587,1,3.8556266602959,0.64100156494523
587.1,1,3.8563646327915,0.64099178403756
587.2,1,3.8506150809121,0.64098200312989
587.3,1,3.8544123771252,0.64097222222222
587.4,1,3.8554249888012,0.64096244131455
587.5,1,3.8492010083283,0.64095266040688
587.6,1,3.8512359294089,0.64094287949922
587.7,1,3.8528213980082,0.64093309859155
587.8,1,3.8568638406974,0.64092331768388
587.9,1,3.8533253740434,0.64091353677621
588,1,3.8498146615284,0.64090375586854
588.1,1,3.8561062966328,0.64089397496087
588.2,1,3.8465560098194,0.64088419405321
588.3,1,3.8551377672986,0.64087441314554
588.4,1,3.8551525214696,0.64086463223787
588.5,1,3.8542723861737,0.6408548513302
588.6,1,3.8532118799492,0.64084507042253
588.7,1,3.855381429431,0.64083528951487
588.8,1,3.8595643862883,0.6408255086072
588.9,1,3.855898489672,0.64081572769953
589,1,3.8520672735642,0.64080594679186
589.1,1,3.8546778372623,0.64079616588419
589.2,1,3.8552220627542,0.64078638497652
589.3,1,3.8530177709599,0.64077660406886
589.4,1,3.8518180582863,0.64076682316119
589.5,1,3.8492523020084,0.64075704225352
589.6,1,3.8520964376132,0.64074726134585
589.7,1,3.852175079337,0.64073748043818
589.8,1,3.8494218996321,0.64072769953052
589.9,1,3.8493985944549,0.64071791862285
590,-0.5,3.9397546041628,0.64070813771518
590.1,-0.5,3.9375570411838,0.64071302816901
590.2,-0.5,3.9426983557556,0.64071791862285
590.3,-0.5,3.9359336221889,0.64072280907668
590.4,-0.5,3.944065684245,0.64072769953052
590.5,-0.5,3.9431966418812,0.64073258998435
590.6,-0.5,3.9417370872627,0.64073748043818
590.7,-0.5,3.9356991811736,0.64074237089202
590.8,-0.5,3.9349508329267,0.64074726134585
590.9,-0.5,3.9376446615729,0.64075215179969
591,-0.5,3.9391582319818,0.64075704225352
591.1,-0.5,3.9403751964248,0.64076193270735
591.2,-0.5,3.9385735501096,0.64076682316119
591.3,-0.5,3.939953725399,0.64077171361502
591.4,-0.5,3.9390845982413,0.64077660406886
591.5,-0.5,3.9396843191717,0.64078149452269
591.6,-0.5,3.936607037206,0.64078638497652
591.7,-0.5,3.9396355232401,0.64079127543036
591.8,-0.5,3.9434990693709,0.64079616588419
591.9,-0.5,3.9413678397673,0.64080105633803
592,-0.5,3.9381354975755,0.64080594679186
592.1,-0.5,3.942477255702,0.64081083724569
592.2,-0.5,3.9399369307511,0.64081572769953
592.3,-0.5,3.9425159541602,0.64082061815336
592.4,-0.5,3.9467319209333,0.6408255086072
592.5,-0.5,3.9464877165071,0.64083039906103
592.6,-0.5,3.9408622329252,0.64083528951487
592.7,-0.5,3.9407818090139,0.6408401799687
592.8,-0.5,3.9409931846126,0.64084507042253
592.9,-0.5,3.9383472369973,0.64084996087637
593,-0.5,3.9435957798287,0.6408548513302
593.1,-0.5,3.9395027026126,0.64085974178404
593.2,-0.5,3.937093313742,0.64086463223787
593.3,-0.5,3.9416051465562,0.6408695226917
593.4,-0.5,3.9415965422758,0.64087441314554
593.5,-0.5,3.9382447503838,0.64087930359937
593.6,-0.5,3.9375949212898,0.64088419405321
593.7,-0.5,3.945393428421,0.64088908450704
593.8,-0.5,3.9410361229355,0.64089397496087
593.9,-0.5,3.9398879469893,0.64089886541471
594,-0.5,3.93719059362,0.64090375586854
594.1,-0.5,3.9361235469581,0.64090864632238
594.2,-0.5,3.9409660872358,0.64091353677621
594.3,-0.5,3.9435285176171,0.64091842723005
594.4,-0.5,3.9371391130483,0.64092331768388
594.5,-0.5,3.9374794320236,0.64092820813771
594.6,-0.5,3.9439972275481,0.64093309859155
594.7,-0.5,3.9400218979885,0.64093798904538
594.8,-0.5,3.9451181615548,0.64094287949922
594.9,-0.5,3.9445605930774,0.64094776995305
595,-0.5,3.9480526547183,0.64095266040688
595.1,-0.5,3.9374440729822,0.64095755086072
595.2,-0.5,3.9390242668423,0.64096244131455
595.3,-0.5,3.9461639067725,0.64096733176839
595.4,-0.5,3.942127156161,0.64097222222222
595.5,-0.5,3.9398570129312,0.64097711267605
595.6,-0.5,3.9421348329417,0.64098200312989
595.7,-0.5,3.9417267848916,0.64098689358372
595.8,-0.5,3.9413627779016,0.64099178403756
595.9,-0.5,3.9388093990099,0.64099667449139
596,-0.5,3.9425094971794,0.64100156494523
596.1,-0.5,3.939575443162,0.64100645539906
596.2,-0.5,3.9402549749151,0.64101134585289
596.3,-0.5,3.9423852006846,0.64101623630673
596.4,-0.5,3.9434094437819,0.64102112676056
596.5,-0.5,3.9477420109537,0.6410260172144
596.6,-0.5,3.9440925701783,0.64103090766823
596.7,-0.5,3.9463137068766,0.64103579812206
596.8,-0.5,3.9434419207177,0.6410406885759
596.9,-0.5,3.9445640252864,0.64104557902973
597,-0.5,3.9454393772504,0.64105046948357
597.1,-0.5,3.9488191658682,0.6410553599374
597.2,-0.5,3.9461531774004,0.64106025039123
597.3,-0.5,3.946660023442,0.64106514084507
597.4,-0.5,3.9422524197501,0.6410700312989
597.5,-0.5,3.9440224112354,0.64107492175274
597.6,-0.5,3.945256589139,0.64107981220657
597.7,-0.5,3.9453005310083,0.64108470266041
597.8,-0.5,3.9497742966354,0.64108959311424
597.9,-0.5,3.9417712491466,0.64109448356807
598,-0.5,3.9391753422206,0.64109937402191
598.1,-0.5,3.9466810505327,0.64110426447574
598.2,-0.5,3.9477138370382,0.64110915492958
598.3,-0.5,3.9369918181307,0.64111404538341
598.4,-0.5,3.9434867889571,0.64111893583724
598.5,-0.5,3.945897898812,0.64112382629108
598.6,-0.5,3.9484121112795,0.64112871674491
598.7,-0.5,3.9463300527646,0.64113360719875
598.8,-0.5,3.9421387174283,0.64113849765258
598.9,-0.5,3.9446110862527,0.64114338810641
599,-0.5,3.9440667651514,0.64114827856025
599.1,-0.5,3.9417511540829,0.64115316901408
599.2,-0.5,3.9477455420106,0.64115805946792
599.3,-0.5,3.9446598883286,0.64116294992175
599.4,-0.5,3.9497401328514,0.64116784037559
599.5,-0.5,3.9448472245613,0.64117273082942
599.6,-0.5,3.9457227821653,0.64117762128325
599.7,-0.5,3.939562289541,0.64118251173709
599.8,-0.5,3.9427066671036,0.64118740219092
599.9,-0.5,3.9394921651721,0.64119229264476
600,0,3.9172785552576,0.64119718309859
