*******************************************
***COMSOL 6.3.0.290 progress output file***
*******************************************
Wed Sep 30 04:59:59 SGT 2026
<---- O: orbital transient, 3.0 orbits/解 4 (sol4) 中的“编译方程: 轨道热载荷” --------------
开始于 2026年9月30日 上午5:00:25。
几何形函数: 二次拉格朗日单元
几何形函数: 二次拉格朗日单元
几何形函数: 二次拉格朗日单元
几何形函数: 二次拉格朗日单元
几何形函数: 二次拉格朗日单元
几何形函数: 二次拉格朗日单元
在 AMD64 Family 25 Model 117 Stepping 2, AuthenticAMD 上运行。
在以下位置使用 1 个插槽： MarkLiu 上（共 2 个内核）。
可用内存：32.38 GB。
           当前进度:   0 % - 生成方程
Memory: 1163/1166 1174/1176
           当前进度:   1 % - 编译方程: 轨道热载荷
Memory: 1355/1360 1369/1376
           当前进度:   1 % - 正在创建可视化网格
Memory: 1493/1493 1522/1524
时间：28。
物理内存: 1.5 GB
虚拟内存: 1.53 GB
结束时间：2026年9月30日 上午5:00:53。
----- O: orbital transient, 3.0 orbits/解 4 (sol4) 中的“编译方程: 轨道热载荷” ------------->
<---- O: orbital transient, 3.0 orbits/解 4 (sol4) 中的“因变量 1” --------------------
开始于 2026年9月30日 上午5:00:53。
           当前进度:   1 % - 因变量 1
Memory: 1519/1519 1535/1535
求解时间：1 s。
物理内存: 1.52 GB
虚拟内存: 1.53 GB
结束时间：2026年9月30日 上午5:00:54。
----- O: orbital transient, 3.0 orbits/解 4 (sol4) 中的“因变量 1” ------------------->
<---- O: orbital transient, 3.0 orbits/解 4 (sol4) 中的“瞬态求解器 1” ------------------
开始于 2026年9月30日 上午5:00:54。
瞬态求解器 (BDF)
           当前进度:   2 % - 瞬态求解器 1
Memory: 1524/1527 1537/1541
求解的自由度数：60（加上 45648 个内部自由度）。
           当前进度:   2 % - 组装稀疏模式
Memory: 1631/1631 1646/1646
找到对称矩阵。
           当前进度:   2 % - 组装矩阵
Memory: 1657/1657 1672/1672
缩放因变量：
形函数 (comp1.otl2.ds_hrs.storeGextd_band): 1
形函数 (comp1.otl2.ds_hrs.storeGextu_band): 1
形函数 (comp1.otl3.ds_pvr.storeGextd_band): 1
形函数 (comp1.otl3.ds_pvr.storeGextu_band): 1
形函数 (comp1.otl3.ds_rsa.storeGextd_band): 1
形函数 (comp1.otl3.ds_rsa.storeGextu_band): 1
形函数 (comp1.otl4.ds_saw.storeGextd_band): 1
形函数 (comp1.otl4.ds_saw.storeGextu_band): 1
形函数 (comp1.otl.ds_box.storeGextd_band): 1
形函数 (comp1.otl.ds_box.storeGextu_band): 1
形函数 (comp1.otl.ds_payload.storeGextd_band): 1
形函数 (comp1.otl.ds_payload.storeGextu_band): 1
形函数 (comp1.otl.ds_skin_rus.storeGextd_band): 1
形函数 (comp1.otl.ds_skin_rus.storeGextu_band): 1
形函数 (comp1.otl.ds_skin_usos.storeGextd_band): 1
形函数 (comp1.otl.ds_skin_usos.storeGextu_band): 1
形函数 (comp1.otl.ds_truss.storeGextd_band): 1
形函数 (comp1.otl.ds_truss.storeGextu_band): 1
指示器状态的比例：
comp1.otl2.inEclipse_event: 4e+05
comp1.otl2.outEclipse_event: 4e+05
comp1.otl3.inEclipse_event: 4e+05
comp1.otl3.outEclipse_event: 4e+05
comp1.otl4.inEclipse_event: 4e+05
comp1.otl4.outEclipse_event: 4e+05
comp1.otl.inEclipse_event: 4e+05
comp1.otl.outEclipse_event: 4e+05
Step        Time    Stepsize      Res  Jac  Sol Order Tfail NLfail   LinErr   LinRes
   0           0           - out    2    3    2                  0        0        0
指示器状态的比例：
comp1.otl2.inEclipse_event: 4e+05
comp1.otl2.outEclipse_event: 4e+05
comp1.otl3.inEclipse_event: 4e+05
comp1.otl3.outEclipse_event: 4e+05
comp1.otl4.inEclipse_event: 4e+05
comp1.otl4.outEclipse_event: 4e+05
comp1.otl.inEclipse_event: 4e+05
comp1.otl.outEclipse_event: 4e+05
           当前进度:   2 % - 约束处理
Memory: 1705/1705 1722/1722
           当前进度:   2 % - 组装矩阵
Memory: 1701/1729 1708/1741
           当前进度:   2 % - 
Memory: 1737/1753 1743/1760
   1         120         120 out    3    4    3     1     0      0        0        0
           当前进度:   3 % - 组装矩阵
Memory: 1735/1763 1738/1768
           当前进度:   3 % - 
Memory: 1763/1778 1766/1782
   2         240         120 out    4    5    4     1     0      0        0        0
   3         360         120 out    5    6    5     2     0      0        0        0
           当前进度:   3 % - 组装矩阵
Memory: 1764/1796 1783/1815
           当前进度:   3 % - 
Memory: 1779/1796 1798/1815
   4         480         120 out    6    7    6     2     0      0        0        0
           当前进度:   4 % - 组装矩阵
Memory: 1764/1796 1779/1815
           当前进度:   4 % - 
Memory: 1779/1797 1795/1815
   5         600         120 out    7    8    7     2     0      0        0        0
   6         720         120 out    8    9    8     2     0      0        0        0
   7         840         120 out    9   10    9     2     0      0        0        0
           当前进度:   5 % - 
Memory: 1796/1800 1807/1815
   8         960         120 out   10   11   10     2     0      0        0        0
   9        1080         120 out   11   12   11     2     0      0        0        0
  10        1200         120 out   12   13   12     2     0      0        0        0
           当前进度:   6 % - 组装矩阵
Memory: 1769/1802 1786/1823
           当前进度:   6 % - 
Memory: 1786/1803 1802/1823
  11        1320         120 out   13   14   13     2     0      0        0        0
           当前进度:   6 % - 组装矩阵
Memory: 1770/1803 1782/1823
           当前进度:   6 % - 
Memory: 1786/1803 1798/1823
  12        1440         120 out   14   15   14     2     0      0        0        0
  13        1560         120 out   15   16   15     2     0      0        0        0
           当前进度:   7 % - 
Memory: 1790/1807 1798/1823
  14        1680         120 out   16   17   16     2     0      0        0        0
           当前进度:   7 % - 组装矩阵
Memory: 1775/1808 1783/1823
           当前进度:   7 % - 
Memory: 1791/1808 1799/1823
  15      1695.2      15.217 out   18   19   18     2     0      0        0        0
已在“1695.2”触发隐式事件“6”。
已在“1695.2”触发隐式事件“4”。
已在“1695.2”触发隐式事件“2”。
已在“1695.2”触发隐式事件“0”。
           当前进度:   7 % - 约束处理
Memory: 1782/1808 1791/1823
未强制执行重新初始化状态的一致性。
           当前进度:   7 % - 
Memory: 1776/1808 1783/1823
   -        1800           - out
  16      1815.2         120       19   20   19     1     0      0        0        0
           当前进度:   8 % - 
Memory: 1798/1815 1811/1832
   -        1920           - out
  17      1935.2         120       20   21   20     1     0      0        0        0
   -        2040           - out
  18      2055.2         120       21   22   21     2     0      0        0        0
   -        2160           - out
  19      2175.2         120       22   23   22     2     0      0        0        0
           当前进度:   9 % - 
Memory: 1816/1816 1828/1832
   -        2280           - out
  20      2295.2         120       23   24   23     2     0      0        0        0
           当前进度:   9 % - 组装矩阵
Memory: 1783/1816 1794/1832
           当前进度:   9 % - 
Memory: 1800/1816 1811/1832
   -        2400           - out
  21      2415.2         120       24   25   24     2     0      0        0        0
   -        2520           - out
  22      2535.2         120       25   26   25     2     0      0        0        0
-          当前进度:  10 % - 
Memory: 1812/1816 1824/1832
   -        2640           - out
  23      2655.2         120       26   27   26     2     0      0        0        0
   -        2760           - out
  24      2775.2         120       27   28   27     2     0      0        0        0
   -        2880           - out
  25      2895.2         120       28   29   28     2     0      0        0        0
-          当前进度:  11 % - 组装矩阵
Memory: 1779/1816 1786/1832
-          当前进度:  11 % - 
Memory: 1796/1816 1803/1832
   -        3000           - out
  26      3015.2         120       29   30   29     2     0      0        0        0
   -        3120           - out
  27      3135.2         120       30   31   30     2     0      0        0        0
   -        3240           - out
  28      3255.2         120       31   32   31     2     0      0        0        0
-          当前进度:  12 % - 
Memory: 1813/1816 1832/1832
   -        3360           - out
  29      3375.2         120       32   33   32     2     0      0        0        0
   -        3480           - out
  30      3495.2         120       33   34   33     2     0      0        0        0
   -        3600           - out
  31      3615.2         120       34   35   34     2     0      0        0        0
-          当前进度:  13 % - 
Memory: 1796/1816 1811/1832
   -        3720           - out
  32      3735.2         120       35   36   35     2     0      0        0        0
   -        3840           - out
  33      3855.2         120       36   37   36     2     0      0        0        0
  34      3861.6      6.3365 out   38   39   38     2     0      0        0        0
已在“3861.6”触发隐式事件“7”。
已在“3861.6”触发隐式事件“5”。
已在“3861.6”触发隐式事件“3”。
已在“3861.6”触发隐式事件“1”。
-          当前进度:  13 % - 组装矩阵
Memory: 1779/1816 1782/1832
-          当前进度:  13 % - 约束处理
Memory: 1786/1816 1791/1832
未强制执行重新初始化状态的一致性。
-          当前进度:  13 % - 
Memory: 1797/1816 1800/1832
   -        3960           - out
  35      3981.6         120       39   40   39     1     0      0        0        0
-          当前进度:  14 % - 
Memory: 1798/1816 1803/1832
   -        4080           - out
  36      4101.6         120       40   41   40     1     0      0        0        0
-          当前进度:  14 % - 组装矩阵
Memory: 1781/1816 1786/1832
-          当前进度:  14 % - 
Memory: 1805/1816 1812/1832
   -        4200           - out
  37      4221.6         120       41   42   41     2     0      0        0        0
-          当前进度:  15 % - 
Memory: 1798/1816 1803/1832
   -        4320           - out
  38      4341.6         120       42   43   42     2     0      0        0        0
   -        4440           - out
  39      4461.6         120       43   44   43     2     0      0        0        0
   -        4560           - out
  40      4581.6         120       44   45   44     2     0      0        0        0
-          当前进度:  16 % - 
Memory: 1805/1816 1821/1836
   -        4680           - out
  41      4701.6         120       45   46   45     2     0      0        0        0
   -        4800           - out
  42      4821.6         120       46   47   46     2     0      0        0        0
   -        4920           - out
  43      4941.6         120       47   48   47     2     0      0        0        0
-          当前进度:  17 % - 组装矩阵
Memory: 1784/1818 1800/1836
-          当前进度:  17 % - 
Memory: 1800/1818 1815/1836
   -        5040           - out
  44      5061.6         120       48   49   48     2     0      0        0        0
   -        5160           - out
  45      5181.6         120       49   50   49     2     0      0        0        0
   -        5280           - out
  46      5301.6         120       50   51   50     2     0      0        0        0
-          当前进度:  18 % - 组装矩阵
Memory: 1779/1818 1790/1836
-          当前进度:  18 % - 
Memory: 1801/1818 1813/1836
   -        5400           - out
  47      5421.6         120       51   52   51     2     0      0        0        0
   -        5520           - out
  48      5541.6         120       52   53   52     2     0      0        0        0
   -        5640           - out
  49      5661.6         120       53   54   53     2     0      0        0        0
-          当前进度:  19 % - 组装矩阵
Memory: 1779/1818 1786/1836
-          当前进度:  19 % - 
Memory: 1796/1818 1803/1836
   -        5760           - out
  50      5781.6         120       54   55   54     2     0      0        0        0
   -        5880           - out
  51      5901.6         120       55   56   55     2     0      0        0        0
   -        6000           - out
  52      6021.6         120       56   57   56     2     0      0        0        0
--         当前进度:  20 % - 
Memory: 1796/1818 1811/1836
   -        6120           - out
  53      6141.6         120       57   58   57     2     0      0        0        0
   -        6240           - out
  54      6261.6         120       58   59   58     2     0      0        0        0
   -        6360           - out
  55      6381.6         120       59   60   59     2     0      0        0        0
--         当前进度:  21 % - 
Memory: 1796/1818 1807/1836
   -        6480           - out
  56      6501.6         120       60   61   60     2     0      0        0        0
--         当前进度:  21 % - 组装矩阵
Memory: 1780/1818 1792/1836
--         当前进度:  21 % - 
Memory: 1796/1818 1807/1836
   -        6600           - out
  57      6621.6         120       61   62   61     2     0      0        0        0
   -        6720           - out
  58      6741.6         120       62   63   62     2     0      0        0        0
--         当前进度:  22 % - 
Memory: 1781/1818 1794/1836
   -        6840           - out
  59      6861.6         120       63   64   63     2     0      0        0        0
   -        6960           - out
  60      6981.6         120       64   65   64     2     0      0        0        0
--         当前进度:  23 % - 
Memory: 1782/1818 1794/1836
   -        7080           - out
  61      7101.6         120       65   66   65     2     0      0        0        0
   -        7200           - out
  62      7221.6         120       66   67   66     2     0      0        0        0
--         当前进度:  23 % - 组装矩阵
Memory: 1782/1818 1790/1836
--         当前进度:  23 % - 
Memory: 1799/1818 1807/1836
  63      7248.9      27.318 out   68   69   68     2     0      0        0        0
已在“7248.9”触发隐式事件“6”。
已在“7248.9”触发隐式事件“4”。
已在“7248.9”触发隐式事件“2”。
已在“7248.9”触发隐式事件“0”。
--         当前进度:  23 % - 组装矩阵
Memory: 1782/1818 1798/1836
--         当前进度:  23 % - 约束处理
Memory: 1789/1818 1806/1836
未强制执行重新初始化状态的一致性。
--         当前进度:  23 % - 
Memory: 1810/1818 1825/1836
   -        7320           - out
  64      7368.9         120       69   70   69     1     0      0        0        0
--         当前进度:  24 % - 
Memory: 1805/1818 1821/1836
   -        7440           - out
  65      7488.9         120       70   71   70     1     0      0        0        0
   -        7560           - out
  66      7608.9         120       71   72   71     2     0      0        0        0
   -        7680           - out
  67      7728.9         120       72   73   72     2     0      0        0        0
--         当前进度:  25 % - 
Memory: 1800/1818 1811/1836
   -        7800           - out
  68      7848.9         120       73   74   73     2     0      0        0        0
   -        7920           - out
  69      7968.9         120       74   75   74     2     0      0        0        0
   -        8040           - out
  70      8088.9         120       75   76   75     2     0      0        0        0
--         当前进度:  26 % - 
Memory: 1817/1818 1832/1836
   -        8160           - out
  71      8208.9         120       76   77   76     2     0      0        0        0
--         当前进度:  26 % - 组装矩阵
Memory: 1783/1818 1795/1836
--         当前进度:  26 % - 
Memory: 1800/1818 1811/1836
   -        8280           - out
  72      8328.9         120       77   78   77     2     0      0        0        0
   -        8400           - out
  73      8448.9         120       78   79   78     2     0      0        0        0
--         当前进度:  27 % - 
Memory: 1793/1818 1806/1836
   -        8520           - out
  74      8568.9         120       79   80   79     2     0      0        0        0
   -        8640           - out
  75      8688.9         120       80   81   80     2     0      0        0        0
   -        8760           - out
  76      8808.9         120       81   82   81     2     0      0        0        0
--         当前进度:  28 % - 
Memory: 1800/1818 1811/1836
   -        8880           - out
  77      8928.9         120       82   83   82     2     0      0        0        0
   -        9000           - out
  78      9048.9         120       83   84   83     2     0      0        0        0
   -        9120           - out
  79      9168.9         120       84   85   84     2     0      0        0        0
--         当前进度:  29 % - 
Memory: 1817/1818 1828/1836
   -        9240           - out
  80      9288.9         120       85   86   85     2     0      0        0        0
--         当前进度:  29 % - 组装矩阵
Memory: 1783/1818 1795/1836
--         当前进度:  29 % - 
Memory: 1800/1818 1811/1836
   -        9360           - out
  81      9408.9         120       86   87   86     2     0      0        0        0
---        当前进度:  30 % - 
  82      9415.2      6.3063 out   88   89   88     2     0      0        0        0
已在“9415.2”触发隐式事件“7”。
已在“9415.2”触发隐式事件“5”。
已在“9415.2”触发隐式事件“3”。
已在“9415.2”触发隐式事件“1”。
---        当前进度:  30 % - 约束处理
Memory: 1788/1818 1796/1836
未强制执行重新初始化状态的一致性。
---        当前进度:  30 % - 组装矩阵
Memory: 1783/1818 1791/1836
---        当前进度:  30 % - 
Memory: 1801/1818 1809/1836
   -        9480           - out
  83      9535.2         120       89   90   89     1     0      0        0        0
   -        9600           - out
  84      9655.2         120       90   91   90     1     0      0        0        0
   -        9720           - out
  85      9775.2         120       91   92   91     2     0      0        0        0
---        当前进度:  31 % - 
Memory: 1800/1818 1807/1836
   -        9840           - out
  86      9895.2         120       92   93   92     2     0      0        0        0
   -        9960           - out
  87       10015         120       93   94   93     2     0      0        0        0
   -       10080           - out
  88       10135         120       94   95   94     2     0      0        0        0
---        当前进度:  32 % - 
Memory: 1813/1818 1820/1836
   -       10200           - out
  89       10255         120       95   96   95     2     0      0        0        0
   -       10320           - out
  90       10375         120       96   97   96     2     0      0        0        0
---        当前进度:  33 % - 
Memory: 1780/1818 1795/1836
   -       10440           - out
  91       10495         120       97   98   97     2     0      0        0        0
   -       10560           - out
  92       10615         120       98   99   98     2     0      0        0        0
   -       10680           - out
  93       10735         120       99  100   99     2     0      0        0        0
   -       10800           - out
  94       10855         120      100  101  100     2     0      0        0        0
---        当前进度:  34 % - 
Memory: 1813/1818 1824/1836
   -       10920           - out
  95       10975         120      101  102  101     2     0      0        0        0
   -       11040           - out
  96       11095         120      102  103  102     2     0      0        0        0
   -       11160           - out
  97       11215         120      103  104  103     2     0      0        0        0
---        当前进度:  35 % - 
Memory: 1796/1818 1807/1836
   -       11280           - out
  98       11335         120      104  105  104     2     0      0        0        0
---        当前进度:  35 % - 组装矩阵
Memory: 1781/1818 1792/1836
---        当前进度:  35 % - 
Memory: 1796/1818 1807/1836
   -       11400           - out
  99       11455         120      105  106  105     2     0      0        0        0
   -       11520           - out
 100       11575         120      106  107  106     2     0      0        0        0
---        当前进度:  36 % - 
Memory: 1799/1818 1802/1836
   -       11640           - out
 101       11695         120      107  108  107     2     0      0        0        0
   -       11760           - out
 102       11815         120      108  109  108     2     0      0        0        0
   -       11880           - out
 103       11935         120      109  110  109     2     0      0        0        0
---        当前进度:  37 % - 
Memory: 1798/1818 1811/1836
   -       12000           - out
 104       12055         120      110  111  110     2     0      0        0        0
---        当前进度:  37 % - 组装矩阵
Memory: 1782/1818 1795/1836
---        当前进度:  37 % - 
Memory: 1799/1818 1812/1836
   -       12120           - out
 105       12175         120      111  112  111     2     0      0        0        0
---        当前进度:  38 % - 
Memory: 1807/1818 1824/1836
   -       12240           - out
 106       12295         120      112  113  112     2     0      0        0        0
   -       12360           - out
 107       12415         120      113  114  113     2     0      0        0        0
   -       12480           - out
 108       12535         120      114  115  114     2     0      0        0        0
---        当前进度:  39 % - 
Memory: 1800/1818 1803/1836
   -       12600           - out
 109       12655         120      115  116  115     2     0      0        0        0
   -       12720           - out
 110       12775         120      116  117  116     2     0      0        0        0
 111       12802      27.318 out  118  119  118     2     0      0        0        0
已在“12802”触发隐式事件“6”。
已在“12802”触发隐式事件“4”。
已在“12802”触发隐式事件“2”。
已在“12802”触发隐式事件“0”。
---        当前进度:  39 % - 约束处理
Memory: 1786/1818 1793/1836
未强制执行重新初始化状态的一致性。
---        当前进度:  39 % - 
Memory: 1796/1818 1803/1836
   -       12840           - out
 112       12922         120      119  120  119     1     0      0        0        0
----       当前进度:  40 % - 
Memory: 1813/1818 1828/1836
   -       12960           - out
 113       13042         120      120  121  120     1     0      0        0        0
   -       13080           - out
 114       13162         120      121  122  121     2     0      0        0        0
----       当前进度:  40 % - 组装矩阵
Memory: 1783/1818 1794/1836
----       当前进度:  40 % - 
Memory: 1803/1818 1815/1836
   -       13200           - out
 115       13282         120      122  123  122     2     0      0        0        0
----       当前进度:  41 % - 
Memory: 1801/1818 1812/1836
   -       13320           - out
 116       13402         120      123  124  123     2     0      0        0        0
   -       13440           - out
 117       13522         120      124  125  124     2     0      0        0        0
   -       13560           - out
 118       13642         120      125  126  125     2     0      0        0        0
----       当前进度:  42 % - 
Memory: 1800/1818 1811/1836
   -       13680           - out
 119       13762         120      126  127  126     2     0      0        0        0
   -       13800           - out
 120       13882         120      127  128  127     2     0      0        0        0
   -       13920           - out
 121       14002         120      128  129  128     2     0      0        0        0
----       当前进度:  43 % - 
Memory: 1800/1818 1807/1836
   -       14040           - out
 122       14122         120      129  130  129     2     0      0        0        0
----       当前进度:  43 % - 组装矩阵
Memory: 1784/1818 1791/1836
----       当前进度:  43 % - 
Memory: 1800/1818 1807/1836
   -       14160           - out
 123       14242         120      130  131  130     2     0      0        0        0
   -       14280           - out
 124       14362         120      131  132  131     2     0      0        0        0
----       当前进度:  44 % - 
Memory: 1803/1818 1812/1836
   -       14400           - out
 125       14482         120      132  133  132     2     0      0        0        0
   -       14520           - out
 126       14602         120      133  134  133     2     0      0        0        0
----       当前进度:  45 % - 
Memory: 1786/1819 1803/1841
   -       14640           - out
 127       14722         120      134  135  134     2     0      0        0        0
   -       14760           - out
 128       14842         120      135  136  135     2     0      0        0        0
   -       14880           - out
 129       14962         120      136  137  136     2     0      0        0        0
----       当前进度:  46 % - 
Memory: 1804/1821 1816/1841
 130       14969      6.3063 out  138  139  138     2     0      0        0        0
已在“14969”触发隐式事件“7”。
已在“14969”触发隐式事件“5”。
已在“14969”触发隐式事件“3”。
已在“14969”触发隐式事件“1”。
----       当前进度:  46 % - 组装矩阵
Memory: 1788/1822 1800/1841
----       当前进度:  46 % - 约束处理
Memory: 1794/1822 1808/1841
未强制执行重新初始化状态的一致性。
----       当前进度:  46 % - 
Memory: 1789/1822 1800/1841
   -       15000           - out
 131       15089         120      139  140  139     1     0      0        0        0
   -       15120           - out
 132       15209         120      140  141  140     1     0      0        0        0
   -       15240           - out
 133       15329         120      141  142  141     2     0      0        0        0
----       当前进度:  47 % - 
Memory: 1805/1823 1817/1841
   -       15360           - out
 134       15449         120      142  143  142     2     0      0        0        0
   -       15480           - out
 135       15569         120      143  144  143     2     0      0        0        0
   -       15600           - out
 136       15689         120      144  145  144     2     0      0        0        0
----       当前进度:  48 % - 
Memory: 1789/1823 1800/1841
   -       15720           - out
 137       15809         120      145  146  145     2     0      0        0        0
   -       15840           - out
 138       15929         120      146  147  146     2     0      0        0        0
----       当前进度:  48 % - 组装矩阵
Memory: 1789/1823 1796/1841
----       当前进度:  48 % - 
Memory: 1805/1823 1814/1841
   -       15960           - out
 139       16049         120      147  148  147     2     0      0        0        0
----       当前进度:  49 % - 
Memory: 1805/1823 1821/1841
   -       16080           - out
 140       16169         120      148  149  148     2     0      0        0        0
   -       16200           - out
 141       16289         120      149  150  149     2     0      0        0        0
   -       16320           - out
 142       16409         120      150  151  150     2     0      0        0        0
-----      当前进度:  50 % - 
Memory: 1806/1823 1821/1841
   -       16440           - out
 143       16484      75.599      151  152  151     2     0      0        0        0
 144       16560      75.599 out  152  153  152     2     0      0        0        0
时间步进已完成。
求解时间：1896 s。 （31 分钟，36 秒）
物理内存: 1.82 GB
虚拟内存: 1.84 GB
结束时间：2026年9月30日 上午5:32:30。
----- O: orbital transient, 3.0 orbits/解 4 (sol4) 中的“瞬态求解器 1” ----------------->
<---- O: orbital transient, 3.0 orbits/解 4 (sol4) 中的“编译方程: 轨道温度” ---------------
开始于 2026年9月30日 上午5:32:30。
几何形函数: 二次拉格朗日单元
几何形函数: 二次拉格朗日单元
几何形函数: 二次拉格朗日单元
几何形函数: 二次拉格朗日单元
几何形函数: 二次拉格朗日单元
几何形函数: 二次拉格朗日单元
-----      当前进度:  50 % - 生成方程
Memory: 1794/1823 1801/1841
-----      当前进度:  51 % - 编译方程: 轨道温度
Memory: 1977/1977 1990/1990
时间：22。
物理内存: 2 GB
虚拟内存: 2.01 GB
结束时间：2026年9月30日 上午5:32:52。
----- O: orbital transient, 3.0 orbits/解 4 (sol4) 中的“编译方程: 轨道温度” -------------->
<---- O: orbital transient, 3.0 orbits/解 4 (sol4) 中的“因变量 2” --------------------
开始于 2026年9月30日 上午5:32:52。
待求解变量的初始值: 解 4 (sol4), 解存储 2 (sol5), t=16560 s [自动（单一解）].
不求解变量的值: 解 4 (sol4), 解存储 2 (sol5), t=16560 s [自动（单一解）].
-----      当前进度:  51 % - 因变量 2
Memory: 1984/1996 1998/2009
求解时间：0 s。
物理内存: 1.98 GB
虚拟内存: 2 GB
结束时间：2026年9月30日 上午5:32:52。
----- O: orbital transient, 3.0 orbits/解 4 (sol4) 中的“因变量 2” ------------------->
<---- O: orbital transient, 3.0 orbits/解 4 (sol4) 中的“瞬态求解器 2” ------------------
开始于 2026年9月30日 上午5:32:52。
瞬态求解器 (BDF)
-----      当前进度:  52 % - 瞬态求解器 2
Memory: 2037/2037 2059/2059
求解的自由度数：82145（加上 30636 个内部自由度）。
-----      当前进度:  52 % - 组装稀疏模式
Memory: 2053/2054 2069/2069
-----      当前进度:  52 % - 组装矩阵
Memory: 2138/2140 2166/2166
找到对称矩阵。
缩放因变量：
温度 (comp1.T): 3e+02
已使用正交零空间函数。
-----      当前进度:  52 % - 约束处理
Memory: 2183/2191 2202/2210
-----      当前进度:  52 % - 组装稀疏模式
Memory: 2192/2192 2211/2211
-----      当前进度:  52 % - 组装矩阵
Memory: 2197/2207 2218/2226
找到非对称矩阵。
缩放因变量：
温度 (comp1.T2): 3e+02
collected heat Qc (W) (comp1.ODE1): 2e+04
NH3 panel outlet temperatures (K) (comp1.ODE2): 3e+02
radiator flow fractions (comp1.ODE3): 1
已使用正交零空间函数。
-----      当前进度:  52 % - 约束处理
Memory: 2200/2207 2216/2226
-----      当前进度:  52 % - 组装稀疏模式
Memory: 2203/2207 2218/2226
找到对称矩阵。
缩放因变量：
表面辐射度，上侧 (comp1.otl.ds_box.Ju_band): 5.6
表面辐射度，上侧 (comp1.otl.ds_payload.Ju_band): 1e+02
表面辐射度，下侧 (comp1.otl.ds_skin_rus.Jd_band): 1.3e+02
表面辐射度，上侧 (comp1.otl.ds_skin_rus.Ju_band): 1.3e+02
表面辐射度，下侧 (comp1.otl.ds_skin_usos.Jd_band): 66
表面辐射度，上侧 (comp1.otl.ds_skin_usos.Ju_band): 66
表面辐射度，上侧 (comp1.otl.ds_truss.Ju_band): 99
已使用正交零空间函数。
-----      当前进度:  52 % - 约束处理
Memory: 2208/2208 2223/2226
-----      当前进度:  52 % - 组装矩阵
Memory: 2210/2210 2226/2226
找到对称矩阵。
缩放因变量：
表面辐射度，下侧 (comp1.otl2.ds_hrs.Jd_band): 1.2e+02
表面辐射度，上侧 (comp1.otl2.ds_hrs.Ju_band): 1.2e+02
已使用正交零空间函数。
-----      当前进度:  52 % - 组装稀疏模式
Memory: 2212/2212 2227/2227
找到对称矩阵。
缩放因变量：
表面辐射度，下侧 (comp1.otl3.ds_pvr.Jd_band): 1.2e+02
表面辐射度，上侧 (comp1.otl3.ds_pvr.Ju_band): 1.2e+02
表面辐射度，下侧 (comp1.otl3.ds_rsa.Jd_band): 1.6e+02
表面辐射度，上侧 (comp1.otl3.ds_rsa.Ju_band): 1.7e+02
已使用正交零空间函数。
-----      当前进度:  52 % - 组装矩阵
Memory: 2213/2213 2229/2229
找到对称矩阵。
缩放因变量：
表面辐射度，下侧 (comp1.otl4.ds_saw.Jd_band): 1.6e+02
表面辐射度，上侧 (comp1.otl4.ds_saw.Ju_band): 1.7e+02
已使用正交零空间函数。
-----      当前进度:  52 % - 约束处理
Memory: 2214/2214 2229/2229
-----      当前进度:  52 % - 组装稀疏模式
Memory: 2218/2218 2236/2236
-----      当前进度:  52 % - 组装矩阵
Memory: 2254/2254 2272/2272
找到对称矩阵。
-----      当前进度:  52 % - 约束处理
Memory: 2257/2267 2277/2286
指示器状态的比例：
comp1.otl2.inEclipse_event: 4e+05
comp1.otl2.outEclipse_event: 4e+05
comp1.otl3.inEclipse_event: 4e+05
comp1.otl3.outEclipse_event: 4e+05
comp1.otl4.inEclipse_event: 4e+05
comp1.otl4.outEclipse_event: 4e+05
comp1.otl.inEclipse_event: 4e+05
comp1.otl.outEclipse_event: 4e+05
Step        Time    Stepsize      Res  Jac  Sol Order Tfail NLfail   LinErr   LinRes
-----      当前进度:  52 % - 组装矩阵
Memory: 2263/2267 2281/2286
-----      当前进度:  52 % - 组装稀疏模式
Memory: 2293/2308 2309/2323
-----      当前进度:  52 % - 组装矩阵
Memory: 2341/2342 2358/2359
-----      当前进度:  52 % - 矩阵分解
Memory: 2383/2399 2405/2430
-----      当前进度:  52 % - 求解线性方程组
Memory: 2397/2399 2425/2430
-----      当前进度:  52 % - 组装矩阵
Memory: 2437/2437 2477/2477
-----      当前进度:  52 % - 约束处理
Memory: 2552/2584 2588/2619
-----      当前进度:  52 % - 组装稀疏模式
Memory: 2554/2584 2590/2619
-----      当前进度:  52 % - 组装矩阵
Memory: 2564/2584 2600/2619
-----      当前进度:  52 % - 矩阵分解
Memory: 2576/2584 2616/2619
-----      当前进度:  52 % - 求解线性方程组
Memory: 2586/2586 2622/2625
-----      当前进度:  52 % - 组装矩阵
Memory: 2607/2624 2639/2656
-----      当前进度:  52 % - 求解线性方程组
Memory: 2674/2691 2720/2737
-----      当前进度:  52 % - 组装矩阵
Memory: 2676/2691 2722/2737
-----      当前进度:  52 % - 求解线性方程组
Memory: 2685/2691 2730/2737
-----      当前进度:  52 % - 组装矩阵
Memory: 2694/2694 2739/2739
-----      当前进度:  52 % - 矩阵分解
Memory: 2697/2697 2742/2742
-----      当前进度:  52 % - 组装矩阵
Memory: 2709/2709 2755/2755
-----      当前进度:  52 % - 组装稀疏模式
Memory: 2807/2826 2850/2869
-----      当前进度:  52 % - 组装矩阵
Memory: 2830/2830 2874/2874
-----      当前进度:  52 % - 矩阵分解
Memory: 2825/2837 2867/2881
-----      当前进度:  52 % - 组装矩阵
Memory: 2830/2852 2881/2900
-----      当前进度:  52 % - 求解线性方程组
Memory: 2847/2880 2889/2926
-----      当前进度:  52 % - 组装矩阵
Memory: 2846/2880 2885/2926
   0           0           - out  162   18  162                  0
                   Group #1:       27    3   27                     5.3e-16  3.8e-16
                   Group #2:       27    3   27                     3.9e-16  1.8e-16
                   Group #3:       27    3   27                     3.5e-16  1.4e-16
                   Group #4:       27    3   27                     3.3e-16  1.4e-16
                   Group #5:       27    3   27                     3.2e-16  1.3e-16
                   Group #6:       27    3   27                     3.1e-16  1.2e-16
指示器状态的比例：
comp1.otl2.inEclipse_event: 4e+05
comp1.otl2.outEclipse_event: 4e+05
comp1.otl3.inEclipse_event: 4e+05
comp1.otl3.outEclipse_event: 4e+05
comp1.otl4.inEclipse_event: 4e+05
comp1.otl4.outEclipse_event: 4e+05
comp1.otl.inEclipse_event: 4e+05
comp1.otl.outEclipse_event: 4e+05
-----      当前进度:  52 % - 约束处理
Memory: 2868/2897 2922/2951
-----      当前进度:  52 % - 组装矩阵
Memory: 2880/2897 2934/2951
-----      当前进度:  52 % - 矩阵分解
Memory: 2883/2924 2939/2981
-----      当前进度:  52 % - 组装矩阵
Memory: 2886/2924 2943/2981
-----      当前进度:  52 % - 求解线性方程组
Memory: 2901/2934 2946/2987
-----      当前进度:  52 % - 组装矩阵
-----      当前进度:  52 % - 求解线性方程组
Memory: 2909/2941 2955/2987
-----      当前进度:  52 % - 组装矩阵
Memory: 2910/2943 2956/2989
   1         120         120 out  294   24  294     1     0      0
                   Group #1:       49    4   49                     7.4e-16  4.1e-16
                   Group #2:       49    4   49                     3.3e-15  3.5e-16
                   Group #3:       49    4   49                     3.6e-16  1.5e-16
                   Group #4:       49    4   49                     3.5e-16  1.3e-16
                   Group #5:       49    4   49                     3.2e-16  1.2e-16
                   Group #6:       49    4   49                     3.2e-16  1.3e-16
-----      当前进度:  52 % - 组装稀疏模式
Memory: 2939/2953 2986/2999
-----      当前进度:  52 % - 组装矩阵
Memory: 2989/2992 3037/3040
-----      当前进度:  52 % - 组装稀疏模式
Memory: 2992/3022 3039/3069
-----      当前进度:  52 % - 组装矩阵
Memory: 3000/3022 3049/3069
-----      当前进度:  52 % - 求解线性方程组
Memory: 3034/3066 3081/3113
-----      当前进度:  52 % - 组装矩阵
Memory: 3034/3067 3081/3114
-----      当前进度:  52 % - 求解线性方程组
Memory: 3039/3072 3085/3119
-----      当前进度:  52 % - 组装矩阵
-----      当前进度:  52 % - 求解线性方程组
Memory: 3041/3074 3087/3121
-----      当前进度:  52 % - 组装矩阵
Memory: 3043/3074 3090/3121
   2         240         120 out  372   30  372     1     0      0
                   Group #1:       62    5   62                     5.5e-16  3.5e-16
                   Group #2:       62    5   62                     2.9e-16  1.9e-16
                   Group #3:       62    5   62                     3.2e-16  1.5e-16
                   Group #4:       62    5   62                     3.3e-16  1.3e-16
                   Group #5:       62    5   62                     3.5e-16  1.2e-16
                   Group #6:       62    5   62                     3.4e-16  1.3e-16
-----      当前进度:  53 % - 组装矩阵
Memory: 3057/3083 3104/3130
-----      当前进度:  53 % - 组装稀疏模式
Memory: 3054/3083 3103/3130
-----      当前进度:  53 % - 组装矩阵
Memory: 3073/3083 3122/3130
-----      当前进度:  53 % - 组装稀疏模式
Memory: 3063/3097 3112/3145
-----      当前进度:  53 % - 组装矩阵
Memory: 3064/3097 3112/3145
   3         360         120 out  450   36  450     2     0      0
                   Group #1:       75    6   75                     5.4e-16  3.6e-16
                   Group #2:       75    6   75                       3e-16    2e-16
                   Group #3:       75    6   75                     4.2e-16  1.8e-16
                   Group #4:       75    6   75                     3.3e-16  1.3e-16
                   Group #5:       75    6   75                       3e-16  1.3e-16
                   Group #6:       75    6   75                     3.4e-16  1.3e-16
-----      当前进度:  53 % - 组装稀疏模式
Memory: 3080/3113 3128/3161
-----      当前进度:  53 % - 组装矩阵
Memory: 3098/3113 3147/3161
-----      当前进度:  53 % - 求解线性方程组
Memory: 3090/3124 3138/3172
-----      当前进度:  53 % - 组装矩阵
   4         480         120 out  528   42  528     2     0      0
                   Group #1:       88    7   88                     5.9e-16    4e-16
                   Group #2:       88    7   88                     2.7e-16  1.7e-16
                   Group #3:       88    7   88                     3.7e-16  1.6e-16
                   Group #4:       88    7   88                     3.1e-16  1.2e-16
                   Group #5:       88    7   88                     3.3e-16  1.3e-16
                   Group #6:       88    7   88                     3.3e-16  1.3e-16
-----      当前进度:  54 % - 组装矩阵
Memory: 3097/3126 3145/3173
-----      当前进度:  54 % - 组装稀疏模式
Memory: 3097/3131 3145/3179
-----      当前进度:  54 % - 组装矩阵
-----      当前进度:  54 % - 求解线性方程组
Memory: 3105/3138 3153/3186
-----      当前进度:  54 % - 组装矩阵
   5         600         120 out  582   48  582     2     0      0
                   Group #1:       97    8   97                     5.5e-16  3.4e-16
                   Group #2:       97    8   97                     2.9e-16  1.9e-16
                   Group #3:       97    8   97                     3.5e-16  1.6e-16
                   Group #4:       97    8   97                     3.5e-16  1.4e-16
                   Group #5:       97    8   97                     2.7e-16  9.8e-17
                   Group #6:       97    8   97                     3.2e-16  1.3e-16
-----      当前进度:  54 % - 
Memory: 3111/3144 3159/3192
-----      当前进度:  54 % - 组装矩阵
Memory: 3128/3144 3176/3192
-----      当前进度:  54 % - 组装稀疏模式
Memory: 3115/3144 3163/3192
-----      当前进度:  54 % - 组装矩阵
Memory: 3128/3144 3177/3192
-----      当前进度:  54 % - 求解线性方程组
Memory: 3115/3149 3163/3199
-----      当前进度:  54 % - 组装矩阵
-----      当前进度:  54 % - 求解线性方程组
Memory: 3118/3149 3166/3199
-----      当前进度:  54 % - 组装矩阵
   6         720         120 out  648   54  648     2     0      0
                   Group #1:      108    9  108                     5.4e-16  3.2e-16
                   Group #2:      108    9  108                     3.8e-16  2.4e-16
                   Group #3:      108    9  108                     3.2e-16  1.4e-16
                   Group #4:      108    9  108                     3.6e-16  1.4e-16
                   Group #5:      108    9  108                     3.2e-16  1.3e-16
                   Group #6:      108    9  108                     3.1e-16  1.3e-16
   7         840         120 out  714   60  714     2     0      0
                   Group #1:      119   10  119                     5.6e-16  3.8e-16
                   Group #2:      119   10  119                     2.8e-16    2e-16
                   Group #3:      119   10  119                     3.1e-16  1.5e-16
                   Group #4:      119   10  119                     3.4e-16  1.4e-16
                   Group #5:      119   10  119                     2.8e-16  1.3e-16
                   Group #6:      119   10  119                     3.3e-16  1.3e-16
-----      当前进度:  55 % - 组装矩阵
Memory: 3151/3184 3199/3233
-----      当前进度:  55 % - 组装稀疏模式
Memory: 3158/3184 3207/3233
-----      当前进度:  55 % - 组装矩阵
Memory: 3168/3184 3218/3233
-----      当前进度:  55 % - 组装稀疏模式
Memory: 3152/3185 3200/3234
-----      当前进度:  55 % - 组装矩阵
Memory: 3154/3185 3204/3234
-----      当前进度:  55 % - 求解线性方程组
Memory: 3153/3189 3202/3238
-----      当前进度:  55 % - 组装矩阵
   8         960         120 out  774   66  774     2     0      0
                   Group #1:      129   11  129                     4.4e-16  2.9e-16
                   Group #2:      129   11  129                     3.1e-16  2.1e-16
                   Group #3:      129   11  129                     3.1e-16  1.6e-16
                   Group #4:      129   11  129                     3.5e-16  1.3e-16
                   Group #5:      129   11  129                     3.7e-16  1.3e-16
                   Group #6:      129   11  129                     3.6e-16  1.3e-16
-----      当前进度:  55 % - 求解线性方程组
Memory: 3168/3200 3217/3249
-----      当前进度:  55 % - 组装矩阵
   9        1080         120 out  840   72  840     2     0      0
                   Group #1:      140   12  140                     4.5e-16  3.1e-16
                   Group #2:      140   12  140                     3.1e-16  2.1e-16
                   Group #3:      140   12  140                     2.9e-16  1.5e-16
                   Group #4:      140   12  140                     3.6e-16  1.4e-16
                   Group #5:      140   12  140                     2.4e-16  1.2e-16
                   Group #6:      140   12  140                       3e-16  1.4e-16
-----      当前进度:  55 % - 组装稀疏模式
Memory: 3179/3212 3228/3261
-----      当前进度:  55 % - 组装矩阵
Memory: 3181/3212 3232/3261
  10        1200         120 out  900   78  900     2     0      0
                   Group #1:      150   13  150                     5.5e-16  3.3e-16
                   Group #2:      150   13  150                     3.2e-16  2.1e-16
                   Group #3:      150   13  150                       3e-16  1.4e-16
                   Group #4:      150   13  150                     3.3e-16  1.3e-16
                   Group #5:      150   13  150                     3.5e-16  1.3e-16
                   Group #6:      150   13  150                     3.3e-16  1.3e-16
-----      当前进度:  56 % - 组装矩阵
Memory: 3204/3232 3253/3282
-----      当前进度:  56 % - 组装稀疏模式
Memory: 3191/3232 3241/3282
-----      当前进度:  56 % - 组装矩阵
Memory: 3208/3232 3258/3282
-----      当前进度:  56 % - 组装稀疏模式
Memory: 3192/3232 3241/3282
-----      当前进度:  56 % - 组装矩阵
-----      当前进度:  56 % - 求解线性方程组
Memory: 3193/3232 3242/3282
-----      当前进度:  56 % - 组装矩阵
-----      当前进度:  56 % - 求解线性方程组
Memory: 3196/3232 3245/3282
-----      当前进度:  56 % - 组装矩阵
-----      当前进度:  56 % - 求解线性方程组
Memory: 3200/3233 3249/3283
-----      当前进度:  56 % - 组装矩阵
Memory: 3200/3234 3249/3283
  11        1320         120 out  972   84  972     2     0      0
                   Group #1:      162   14  162                       5e-16  3.1e-16
                   Group #2:      162   14  162                     3.7e-16  2.4e-16
                   Group #3:      162   14  162                     2.9e-16  1.5e-16
                   Group #4:      162   14  162                     3.4e-16  1.3e-16
                   Group #5:      162   14  162                     3.4e-16  1.4e-16
                   Group #6:      162   14  162                     3.1e-16  1.3e-16
-----      当前进度:  56 % - 组装稀疏模式
Memory: 3197/3234 3246/3284
-----      当前进度:  56 % - 组装矩阵
Memory: 3213/3234 3262/3284
-----      当前进度:  56 % - 求解线性方程组
Memory: 3202/3235 3251/3284
-----      当前进度:  56 % - 组装矩阵
-----      当前进度:  56 % - 求解线性方程组
Memory: 3199/3235 3251/3285
-----      当前进度:  56 % - 组装矩阵
  12        1440         120 out 1044   90 1044     2     0      0
                   Group #1:      174   15  174                     4.5e-16  3.4e-16
                   Group #2:      174   15  174                     3.3e-16    2e-16
                   Group #3:      174   15  174                     2.9e-16  1.6e-16
                   Group #4:      174   15  174                     3.5e-16  1.4e-16
                   Group #5:      174   15  174                     3.1e-16  1.3e-16
                   Group #6:      174   15  174                     3.4e-16  1.4e-16
-----      当前进度:  56 % - 组装稀疏模式
Memory: 3214/3236 3268/3289
-----      当前进度:  56 % - 组装矩阵
Memory: 3219/3236 3272/3289
-----      当前进度:  56 % - 矩阵分解
Memory: 3211/3236 3262/3289
-----      当前进度:  56 % - 组装矩阵
Memory: 3205/3236 3256/3289
-----      当前进度:  56 % - 组装稀疏模式
Memory: 3205/3238 3256/3290
-----      当前进度:  56 % - 组装矩阵
Memory: 3206/3238 3258/3290
-----      当前进度:  56 % - 求解线性方程组
Memory: 3212/3245 3264/3296
-----      当前进度:  56 % - 组装矩阵
-----      当前进度:  56 % - 求解线性方程组
Memory: 3215/3247 3266/3299
-----      当前进度:  56 % - 组装矩阵
  13        1560         120 out 1116   96 1116     2     0      0
                   Group #1:      186   16  186                     5.2e-16  3.7e-16
                   Group #2:      186   16  186                     3.4e-16  2.1e-16
                   Group #3:      186   16  186                     3.1e-16  1.5e-16
                   Group #4:      186   16  186                     3.4e-16  1.3e-16
                   Group #5:      186   16  186                     3.4e-16  1.3e-16
                   Group #6:      186   16  186                     3.2e-16  1.3e-16
-----      当前进度:  57 % - 组装矩阵
Memory: 3228/3256 3280/3308
-----      当前进度:  57 % - 组装稀疏模式
Memory: 3225/3256 3279/3308
-----      当前进度:  57 % - 组装矩阵
Memory: 3243/3256 3296/3308
-----      当前进度:  57 % - 求解线性方程组
Memory: 3238/3271 3290/3323
-----      当前进度:  57 % - 组装矩阵
-----      当前进度:  57 % - 求解线性方程组
Memory: 3240/3275 3295/3328
-----      当前进度:  57 % - 组装矩阵
-----      当前进度:  57 % - 求解线性方程组
-----      当前进度:  57 % - 组装矩阵
-----      当前进度:  57 % - 求解线性方程组
Memory: 3241/3275 3295/3328
-----      当前进度:  57 % - 组装矩阵
  14        1680         120 out 1188  102 1188     2     0      0
                   Group #1:      198   17  198                     6.2e-16  3.9e-16
                   Group #2:      198   17  198                     3.3e-16    2e-16
                   Group #3:      198   17  198                     3.5e-16  1.7e-16
                   Group #4:      198   17  198                     3.6e-16  1.4e-16
                   Group #5:      198   17  198                     3.3e-16  1.3e-16
                   Group #6:      198   17  198                     3.4e-16  1.3e-16
-----      当前进度:  57 % - 组装稀疏模式
Memory: 3263/3275 3318/3329
-----      当前进度:  57 % - 组装矩阵
Memory: 3258/3275 3314/3329
-----      当前进度:  57 % - 
Memory: 3251/3284 3305/3338
-----      当前进度:  57 % - 组装矩阵
Memory: 3259/3284 3314/3338
-----      当前进度:  57 % - 组装稀疏模式
Memory: 3272/3284 3327/3338
-----      当前进度:  57 % - 组装矩阵
Memory: 3268/3284 3323/3338
-----      当前进度:  57 % - 求解线性方程组
Memory: 3258/3291 3313/3346
-----      当前进度:  57 % - 组装矩阵
  15      1695.2      15.217 out 1308  114 1308     2     0      0
                   Group #1:      218   19  218                     7.1e-16    4e-16
                   Group #2:      218   19  218                     3.2e-16  1.9e-16
                   Group #3:      218   19  218                     2.8e-16  1.3e-16
                   Group #4:      218   19  218                     3.5e-16  1.4e-16
                   Group #5:      218   19  218                     3.3e-16  1.3e-16
                   Group #6:      218   19  218                     3.3e-16  1.3e-16
已在“1695.2”触发隐式事件“6”。
已在“1695.2”触发隐式事件“4”。
已在“1695.2”触发隐式事件“2”。
已在“1695.2”触发隐式事件“0”。
-----      当前进度:  57 % - 约束处理
Memory: 3272/3296 3330/3351
未强制执行重新初始化状态的一致性。
-----      当前进度:  57 % - 组装矩阵
-----      当前进度:  57 % - 组装稀疏模式
Memory: 3287/3296 3343/3351
-----      当前进度:  57 % - 组装矩阵
Memory: 3283/3296 3338/3351
-----      当前进度:  57 % - 矩阵分解
Memory: 3274/3296 3328/3351
-----      当前进度:  57 % - 组装矩阵
Memory: 3267/3296 3321/3351
-----      当前进度:  57 % - 求解线性方程组
Memory: 3280/3313 3334/3367
-----      当前进度:  57 % - 组装矩阵
Memory: 3280/3314 3334/3368
   -        1800           - out
  16      1815.2         120     1380  120 1380     1     0      0
                   Group #1:      230   20  230                       5e-16  3.6e-16
                   Group #2:      230   20  230                     3.1e-16  1.9e-16
                   Group #3:      230   20  230                     3.3e-16  1.4e-16
                   Group #4:      230   20  230                     3.2e-16  1.3e-16
                   Group #5:      230   20  230                     3.3e-16  1.4e-16
                   Group #6:      230   20  230                     3.2e-16  1.3e-16
-----      当前进度:  57 % - 组装稀疏模式
Memory: 3298/3331 3352/3386
-----      当前进度:  57 % - 组装矩阵
-----      当前进度:  57 % - 求解线性方程组
-----      当前进度:  57 % - 组装矩阵
-----      当前进度:  57 % - 求解线性方程组
Memory: 3304/3337 3358/3392
-----      当前进度:  57 % - 组装矩阵
-----      当前进度:  57 % - 求解线性方程组
Memory: 3314/3340 3369/3395
-----      当前进度:  57 % - 组装矩阵
Memory: 3307/3340 3361/3395
   -        1920           - out
-----      当前进度:  58 % - 组装矩阵
Memory: 3324/3341 3379/3395
  17      1935.2         120     1470  126 1470     1     0      0
                   Group #1:      245   21  245                     5.7e-16  3.9e-16
                   Group #2:      245   21  245                     2.9e-16    2e-16
                   Group #3:      245   21  245                     3.5e-16  1.7e-16
                   Group #4:      245   21  245                     3.2e-16  1.3e-16
                   Group #5:      245   21  245                     3.1e-16  1.2e-16
                   Group #6:      245   21  245                     3.2e-16  1.3e-16
-----      当前进度:  58 % - 组装稀疏模式
Memory: 3307/3341 3362/3395
-----      当前进度:  58 % - 组装矩阵
Memory: 3325/3341 3380/3395
-----      当前进度:  58 % - 组装稀疏模式
Memory: 3309/3343 3364/3397
-----      当前进度:  58 % - 组装矩阵
Memory: 3312/3343 3368/3397
-----      当前进度:  58 % - 求解线性方程组
Memory: 3316/3350 3371/3404
-----      当前进度:  58 % - 组装矩阵
   -        2040           - out
  18      2055.2         120     1554  132 1554     2     0      0
                   Group #1:      259   22  259                       5e-16  3.4e-16
                   Group #2:      259   22  259                       3e-16    2e-16
                   Group #3:      259   22  259                     3.1e-16  1.5e-16
                   Group #4:      259   22  259                     3.3e-16  1.3e-16
                   Group #5:      259   22  259                     3.3e-16  1.2e-16
                   Group #6:      259   22  259                     3.3e-16  1.3e-16
-----      当前进度:  58 % - 组装稀疏模式
Memory: 3320/3352 3377/3407
-----      当前进度:  58 % - 组装矩阵
Memory: 3339/3352 3394/3407
-----      当前进度:  58 % - 矩阵分解
Memory: 3330/3352 3384/3407
-----      当前进度:  58 % - 组装矩阵
Memory: 3323/3352 3378/3407
-----      当前进度:  58 % - 组装稀疏模式
Memory: 3323/3357 3378/3412
-----      当前进度:  58 % - 组装矩阵
   -        2160           - out
  19      2175.2         120     1578  138 1578     2     0      0
                   Group #1:      263   23  263                     4.1e-16    3e-16
                   Group #2:      263   23  263                     3.3e-16  1.9e-16
                   Group #3:      263   23  263                       3e-16  1.4e-16
                   Group #4:      263   23  263                     3.5e-16  1.3e-16
                   Group #5:      263   23  263                     3.7e-16  1.4e-16
                   Group #6:      263   23  263                     3.2e-16  1.3e-16
-----      当前进度:  58 % - 组装稀疏模式
Memory: 3318/3360 3373/3415
-----      当前进度:  58 % - 组装矩阵
Memory: 3335/3360 3391/3415
-----      当前进度:  58 % - 求解线性方程组
Memory: 3325/3360 3380/3415
-----      当前进度:  58 % - 组装矩阵
Memory: 3318/3360 3373/3415
   -        2280           - out
-----      当前进度:  59 % - 组装矩阵
Memory: 3343/3360 3398/3415
  20      2295.2         120     1602  144 1602     2     0      0
                   Group #1:      267   24  267                     5.3e-16  4.1e-16
                   Group #2:      267   24  267                     3.4e-16  1.6e-16
                   Group #3:      267   24  267                       3e-16  1.3e-16
                   Group #4:      267   24  267                     3.5e-16  1.4e-16
                   Group #5:      267   24  267                       3e-16  1.3e-16
                   Group #6:      267   24  267                     3.4e-16  1.3e-16
-----      当前进度:  59 % - 组装稀疏模式
Memory: 3346/3360 3401/3415
-----      当前进度:  59 % - 组装矩阵
Memory: 3344/3360 3403/3415
-----      当前进度:  59 % - 矩阵分解
Memory: 3335/3360 3392/3416
-----      当前进度:  59 % - 组装矩阵
Memory: 3326/3360 3381/3416
-----      当前进度:  59 % - 组装稀疏模式
Memory: 3327/3360 3382/3416
-----      当前进度:  59 % - 组装矩阵
Memory: 3330/3360 3386/3416
   -        2400           - out
  21      2415.2         120     1626  150 1626     2     0      0
                   Group #1:      271   25  271                     5.2e-16  4.3e-16
                   Group #2:      271   25  271                     3.8e-16  1.6e-16
                   Group #3:      271   25  271                     3.4e-16  1.4e-16
                   Group #4:      271   25  271                     3.3e-16  1.3e-16
                   Group #5:      271   25  271                       3e-16  1.2e-16
                   Group #6:      271   25  271                     3.3e-16  1.3e-16
-----      当前进度:  59 % - 组装稀疏模式
Memory: 3347/3380 3402/3436
-----      当前进度:  59 % - 组装矩阵
-----      当前进度:  59 % - 求解线性方程组
-----      当前进度:  59 % - 组装矩阵
   -        2520           - out
  22      2535.2         120     1650  156 1650     2     0      0
                   Group #1:      275   26  275                     5.4e-16  4.4e-16
                   Group #2:      275   26  275                     3.3e-16  1.5e-16
                   Group #3:      275   26  275                     3.3e-16  1.4e-16
                   Group #4:      275   26  275                     3.5e-16  1.4e-16
                   Group #5:      275   26  275                     3.4e-16  1.3e-16
                   Group #6:      275   26  275                     3.3e-16  1.3e-16
-----      当前进度:  59 % - 组装稀疏模式
Memory: 3350/3385 3405/3443
-----      当前进度:  59 % - 组装矩阵
Memory: 3353/3385 3409/3443
-----      当前进度:  59 % - 求解线性方程组
Memory: 3354/3385 3409/3443
-----      当前进度:  59 % - 组装矩阵
Memory: 3352/3385 3407/3443
   -        2640           - out
------     当前进度:  60 % - 组装矩阵
Memory: 3369/3386 3424/3443
  23      2655.2         120     1674  162 1674     2     0      0
                   Group #1:      279   27  279                     5.2e-16  4.3e-16
                   Group #2:      279   27  279                     3.7e-16  1.7e-16
                   Group #3:      279   27  279                     3.3e-16  1.4e-16
                   Group #4:      279   27  279                     3.4e-16  1.3e-16
                   Group #5:      279   27  279                     2.7e-16  1.2e-16
                   Group #6:      279   27  279                     2.9e-16  1.2e-16
------     当前进度:  60 % - 组装稀疏模式
Memory: 3358/3391 3413/3447
------     当前进度:  60 % - 组装矩阵
Memory: 3359/3391 3415/3447
   -        2760           - out
  24      2775.2         120     1698  168 1698     2     0      0
                   Group #1:      283   28  283                     5.1e-16  4.3e-16
                   Group #2:      283   28  283                     3.9e-16  1.7e-16
                   Group #3:      283   28  283                     3.4e-16  1.4e-16
                   Group #4:      283   28  283                     3.5e-16  1.4e-16
                   Group #5:      283   28  283                     3.3e-16  1.3e-16
                   Group #6:      283   28  283                     3.1e-16  1.2e-16
------     当前进度:  60 % - 矩阵分解
Memory: 3362/3396 3423/3451
------     当前进度:  60 % - 组装矩阵
Memory: 3362/3398 3417/3455
   -        2880           - out
  25      2895.2         120     1722  174 1722     2     0      0
                   Group #1:      287   29  287                     5.4e-16  4.4e-16
                   Group #2:      287   29  287                     3.9e-16  1.7e-16
                   Group #3:      287   29  287                     3.4e-16  1.4e-16
                   Group #4:      287   29  287                     3.4e-16  1.4e-16
                   Group #5:      287   29  287                       3e-16  1.1e-16
                   Group #6:      287   29  287                     3.3e-16  1.3e-16
   -        3000           - out
------     当前进度:  61 % - 组装矩阵
Memory: 3388/3405 3444/3460
  26      3015.2         120     1734  180 1734     2     0      0
                   Group #1:      289   30  289                     5.1e-16  4.2e-16
                   Group #2:      289   30  289                     3.7e-16  1.6e-16
                   Group #3:      289   30  289                     3.6e-16  1.5e-16
                   Group #4:      289   30  289                     3.2e-16  1.3e-16
                   Group #5:      289   30  289                     3.1e-16  1.2e-16
                   Group #6:      289   30  289                     3.2e-16  1.3e-16
------     当前进度:  61 % - 求解线性方程组
Memory: 3374/3406 3429/3462
------     当前进度:  61 % - 组装矩阵
Memory: 3389/3406 3445/3462
   -        3120           - out
  27      3135.2         120     1758  186 1758     2     0      0
                   Group #1:      293   31  293                     5.2e-16  4.1e-16
                   Group #2:      293   31  293                     3.8e-16  1.8e-16
                   Group #3:      293   31  293                     3.5e-16  1.4e-16
                   Group #4:      293   31  293                     3.7e-16  1.4e-16
                   Group #5:      293   31  293                     3.2e-16  1.2e-16
                   Group #6:      293   31  293                     3.3e-16  1.3e-16
------     当前进度:  61 % - 组装稀疏模式
Memory: 3397/3409 3455/3465
------     当前进度:  61 % - 组装矩阵
Memory: 3397/3409 3454/3465
------     当前进度:  61 % - 矩阵分解
Memory: 3387/3409 3443/3465
------     当前进度:  61 % - 组装矩阵
Memory: 3380/3409 3436/3465
   -        3240           - out
------     当前进度:  62 % - 组装矩阵
Memory: 3383/3416 3439/3472
  28      3255.2         120     1776  192 1776     2     0      0
                   Group #1:      296   32  296                     5.4e-16  3.9e-16
                   Group #2:      296   32  296                     3.6e-16  1.9e-16
                   Group #3:      296   32  296                     3.3e-16  1.4e-16
                   Group #4:      296   32  296                     3.4e-16  1.4e-16
                   Group #5:      296   32  296                     3.2e-16  1.2e-16
                   Group #6:      296   32  296                     3.1e-16  1.2e-16
------     当前进度:  62 % - 组装稀疏模式
------     当前进度:  62 % - 组装矩阵
Memory: 3399/3416 3455/3472
------     当前进度:  62 % - 组装稀疏模式
Memory: 3384/3418 3440/3473
------     当前进度:  62 % - 组装矩阵
Memory: 3386/3418 3444/3473
   -        3360           - out
  29      3375.2         120     1800  198 1800     2     0      0
                   Group #1:      300   33  300                     5.3e-16  4.1e-16
                   Group #2:      300   33  300                     3.4e-16  1.7e-16
                   Group #3:      300   33  300                     3.4e-16  1.4e-16
                   Group #4:      300   33  300                     3.4e-16  1.3e-16
                   Group #5:      300   33  300                     3.1e-16  1.2e-16
                   Group #6:      300   33  300                     3.1e-16  1.3e-16
------     当前进度:  62 % - 求解线性方程组
Memory: 3388/3422 3444/3478
------     当前进度:  62 % - 组装矩阵
Memory: 3382/3422 3437/3478
   -        3480           - out
  30      3495.2         120     1824  204 1824     2     0      0
                   Group #1:      304   34  304                     5.2e-16  3.9e-16
                   Group #2:      304   34  304                     3.7e-16  1.7e-16
                   Group #3:      304   34  304                     3.6e-16  1.4e-16
                   Group #4:      304   34  304                     3.5e-16  1.4e-16
                   Group #5:      304   34  304                     2.8e-16  1.2e-16
                   Group #6:      304   34  304                     3.3e-16  1.3e-16
------     当前进度:  62 % - 组装稀疏模式
Memory: 3388/3422 3444/3478
------     当前进度:  62 % - 组装矩阵
Memory: 3401/3422 3457/3478
------     当前进度:  62 % - 矩阵分解
Memory: 3392/3422 3448/3478
------     当前进度:  62 % - 组装矩阵
Memory: 3385/3422 3441/3478
------     当前进度:  62 % - 求解线性方程组
Memory: 3388/3422 3444/3478
------     当前进度:  62 % - 组装矩阵
   -        3600           - out
------     当前进度:  63 % - 组装矩阵
Memory: 3406/3422 3462/3478
  31      3615.2         120     1836  210 1836     2     0      0
                   Group #1:      306   35  306                     5.5e-16  4.2e-16
                   Group #2:      306   35  306                     3.7e-16  1.7e-16
                   Group #3:      306   35  306                     3.2e-16  1.4e-16
                   Group #4:      306   35  306                     3.3e-16  1.3e-16
                   Group #5:      306   35  306                     2.9e-16  1.4e-16
                   Group #6:      306   35  306                     3.1e-16  1.3e-16
------     当前进度:  63 % - 组装稀疏模式
------     当前进度:  63 % - 组装矩阵
------     当前进度:  63 % - 求解线性方程组
Memory: 3396/3422 3452/3478
------     当前进度:  63 % - 组装矩阵
Memory: 3390/3422 3445/3478
------     当前进度:  63 % - 组装稀疏模式
Memory: 3391/3424 3447/3480
------     当前进度:  63 % - 组装矩阵
Memory: 3392/3424 3448/3480
------     当前进度:  63 % - 求解线性方程组
Memory: 3411/3445 3467/3501
------     当前进度:  63 % - 组装矩阵
   -        3720           - out
  32      3735.2         120     1860  216 1860     2     0      0
                   Group #1:      310   36  310                     5.2e-16    4e-16
                   Group #2:      310   36  310                     3.4e-16  1.5e-16
                   Group #3:      310   36  310                     3.4e-16  1.4e-16
                   Group #4:      310   36  310                     3.3e-16  1.3e-16
                   Group #5:      310   36  310                     2.7e-16  1.3e-16
                   Group #6:      310   36  310                     3.3e-16  1.3e-16
------     当前进度:  63 % - 求解线性方程组
Memory: 3418/3445 3474/3501
------     当前进度:  63 % - 组装矩阵
Memory: 3411/3445 3467/3501
   -        3840           - out
  33      3855.2         120     1878  222 1878     2     0      0
                   Group #1:      313   37  313                     5.7e-16  4.3e-16
                   Group #2:      313   37  313                     3.5e-16  1.6e-16
                   Group #3:      313   37  313                     3.4e-16  1.4e-16
                   Group #4:      313   37  313                     3.6e-16  1.4e-16
                   Group #5:      313   37  313                     2.9e-16  1.3e-16
                   Group #6:      313   37  313                       3e-16  1.3e-16
------     当前进度:  63 % - 组装稀疏模式
Memory: 3412/3446 3468/3502
------     当前进度:  63 % - 组装矩阵
Memory: 3428/3446 3486/3502
------     当前进度:  63 % - 组装稀疏模式
Memory: 3412/3446 3468/3502
------     当前进度:  63 % - 组装矩阵
Memory: 3415/3446 3472/3502
------     当前进度:  63 % - 求解线性方程组
Memory: 3412/3450 3468/3507
------     当前进度:  63 % - 组装矩阵
------     当前进度:  63 % - 求解线性方程组
------     当前进度:  63 % - 组装矩阵
------     当前进度:  63 % - 求解线性方程组
------     当前进度:  63 % - 组装矩阵
------     当前进度:  63 % - 求解线性方程组
Memory: 3412/3450 3469/3507
------     当前进度:  63 % - 组装矩阵
------     当前进度:  63 % - 求解线性方程组
Memory: 3416/3450 3473/3507
------     当前进度:  63 % - 组装矩阵
------     当前进度:  63 % - 求解线性方程组
Memory: 3417/3451 3474/3507
------     当前进度:  63 % - 组装矩阵
------     当前进度:  63 % - 求解线性方程组
Memory: 3423/3452 3480/3509
------     当前进度:  63 % - 组装矩阵
Memory: 3427/3456 3483/3514
------     当前进度:  63 % - 求解线性方程组
Memory: 3419/3456 3476/3514
  34      3861.6      6.3365 out 1980  234 1980     2     0      0
                   Group #1:      330   39  330                     5.8e-16  4.2e-16
                   Group #2:      330   39  330                     3.9e-16  1.6e-16
                   Group #3:      330   39  330                     3.5e-16  1.4e-16
                   Group #4:      330   39  330                     3.2e-16  1.3e-16
                   Group #5:      330   39  330                     2.9e-16  1.2e-16
                   Group #6:      330   39  330                     3.2e-16  1.3e-16
------     当前进度:  63 % - 组装矩阵
Memory: 3420/3456 3480/3514
已在“3861.6”触发隐式事件“7”。
已在“3861.6”触发隐式事件“5”。
已在“3861.6”触发隐式事件“3”。
已在“3861.6”触发隐式事件“1”。
------     当前进度:  63 % - 约束处理
Memory: 3430/3456 3488/3514
未强制执行重新初始化状态的一致性。
------     当前进度:  63 % - 组装矩阵
------     当前进度:  63 % - 矩阵分解
Memory: 3428/3462 3488/3519
------     当前进度:  63 % - 组装矩阵
Memory: 3445/3463 3502/3520
------     当前进度:  63 % - 求解线性方程组
Memory: 3432/3464 3489/3521
------     当前进度:  63 % - 组装矩阵
Memory: 3430/3464 3487/3521
------     当前进度:  63 % - 求解线性方程组
Memory: 3434/3467 3491/3525
------     当前进度:  63 % - 组装矩阵
------     当前进度:  63 % - 求解线性方程组
Memory: 3436/3469 3493/3526
------     当前进度:  63 % - 组装矩阵
   -        3960           - out
------     当前进度:  64 % - 组装矩阵
Memory: 3443/3473 3500/3530
  35      3981.6         120     2076  240 2076     1     0      0
                   Group #1:      346   40  346                     5.9e-16  4.2e-16
                   Group #2:      346   40  346                       3e-16  2.1e-16
                   Group #3:      346   40  346                     3.1e-16  1.4e-16
                   Group #4:      346   40  346                     3.3e-16  1.3e-16
                   Group #5:      346   40  346                     2.7e-16  1.1e-16
                   Group #6:      346   40  346                     3.3e-16  1.3e-16
------     当前进度:  64 % - 组装稀疏模式
------     当前进度:  64 % - 组装矩阵
Memory: 3458/3473 3515/3530
------     当前进度:  64 % - 矩阵分解
Memory: 3448/3473 3505/3530
------     当前进度:  64 % - 组装矩阵
Memory: 3442/3473 3499/3530
------     当前进度:  64 % - 矩阵分解
Memory: 3446/3477 3504/3534
------     当前进度:  64 % - 组装矩阵
Memory: 3460/3479 3517/3537
------     当前进度:  64 % - 求解线性方程组
Memory: 3450/3483 3508/3540
------     当前进度:  64 % - 组装矩阵
------     当前进度:  64 % - 求解线性方程组
Memory: 3464/3498 3522/3556
------     当前进度:  64 % - 组装矩阵
   -        4080           - out
  36      4101.6         120     2148  246 2148     1     0      0
                   Group #1:      358   41  358                     4.6e-16  3.2e-16
                   Group #2:      358   41  358                       3e-16  2.1e-16
                   Group #3:      358   41  358                     2.9e-16  1.5e-16
                   Group #4:      358   41  358                     3.5e-16  1.4e-16
                   Group #5:      358   41  358                     3.4e-16  1.3e-16
                   Group #6:      358   41  358                     3.2e-16  1.3e-16
------     当前进度:  64 % - 组装稀疏模式
Memory: 3487/3498 3547/3556
------     当前进度:  64 % - 组装矩阵
Memory: 3485/3498 3543/3556
------     当前进度:  64 % - 矩阵分解
Memory: 3476/3498 3534/3556
------     当前进度:  64 % - 组装矩阵
Memory: 3470/3502 3528/3561
------     当前进度:  64 % - 组装稀疏模式
Memory: 3470/3503 3528/3562
------     当前进度:  64 % - 组装矩阵
------     当前进度:  64 % - 矩阵分解
Memory: 3469/3503 3531/3562
------     当前进度:  64 % - 组装矩阵
Memory: 3470/3505 3528/3563
------     当前进度:  64 % - 求解线性方程组
Memory: 3474/3508 3544/3579
------     当前进度:  64 % - 组装矩阵
------     当前进度:  64 % - 求解线性方程组
Memory: 3475/3508 3545/3579
------     当前进度:  64 % - 组装矩阵
------     当前进度:  64 % - 求解线性方程组
Memory: 3477/3510 3547/3580
------     当前进度:  64 % - 组装矩阵
------     当前进度:  64 % - 求解线性方程组
Memory: 3477/3511 3551/3581
------     当前进度:  64 % - 组装矩阵
Memory: 3477/3511 3548/3581
   -        4200           - out
  37      4221.6         120     2226  252 2226     2     0      0
                   Group #1:      371   42  371                     4.9e-16  3.4e-16
                   Group #2:      371   42  371                     3.3e-16    2e-16
                   Group #3:      371   42  371                     2.9e-16  1.4e-16
                   Group #4:      371   42  371                     3.4e-16  1.3e-16
                   Group #5:      371   42  371                     3.8e-16  1.4e-16
                   Group #6:      371   42  371                     3.3e-16  1.3e-16
------     当前进度:  64 % - 组装稀疏模式
Memory: 3479/3513 3549/3583
------     当前进度:  64 % - 组装矩阵
Memory: 3498/3513 3571/3583
------     当前进度:  64 % - 组装稀疏模式
Memory: 3480/3513 3550/3583
------     当前进度:  64 % - 组装矩阵
Memory: 3481/3513 3551/3583
------     当前进度:  64 % - 求解线性方程组
Memory: 3482/3516 3552/3586
------     当前进度:  64 % - 组装矩阵
Memory: 3483/3516 3553/3586
   -        4320           - out
------     当前进度:  65 % - 组装矩阵
Memory: 3505/3522 3575/3592
  38      4341.6         120     2292  258 2292     2     0      0
                   Group #1:      382   43  382                     5.7e-16    4e-16
                   Group #2:      382   43  382                     3.1e-16    2e-16
                   Group #3:      382   43  382                     3.3e-16  1.5e-16
                   Group #4:      382   43  382                     3.3e-16  1.3e-16
                   Group #5:      382   43  382                     3.4e-16  1.3e-16
                   Group #6:      382   43  382                     3.2e-16  1.3e-16
------     当前进度:  65 % - 组装稀疏模式
Memory: 3486/3522 3556/3592
------     当前进度:  65 % - 组装矩阵
------     当前进度:  65 % - 矩阵分解
Memory: 3482/3522 3558/3592
------     当前进度:  65 % - 组装矩阵
Memory: 3486/3522 3556/3592
------     当前进度:  65 % - 求解线性方程组
Memory: 3497/3530 3564/3597
------     当前进度:  65 % - 组装矩阵
   -        4440           - out
  39      4461.6         120     2352  264 2352     2     0      0
                   Group #1:      392   44  392                     5.8e-16  3.9e-16
                   Group #2:      392   44  392                     3.1e-16  2.1e-16
                   Group #3:      392   44  392                       3e-16  1.5e-16
                   Group #4:      392   44  392                     3.4e-16  1.3e-16
                   Group #5:      392   44  392                     3.3e-16  1.4e-16
                   Group #6:      392   44  392                     3.2e-16  1.3e-16
------     当前进度:  65 % - 组装稀疏模式
Memory: 3502/3535 3565/3599
------     当前进度:  65 % - 组装矩阵
Memory: 3519/3535 3581/3599
------     当前进度:  65 % - 组装稀疏模式
Memory: 3504/3537 3562/3599
------     当前进度:  65 % - 组装矩阵
------     当前进度:  65 % - 矩阵分解
------     当前进度:  65 % - 组装矩阵
Memory: 3512/3537 3570/3599
   -        4560           - out
  40      4581.6         120     2406  270 2406     2     0      0
                   Group #1:      401   45  401                     5.8e-16    4e-16
                   Group #2:      401   45  401                     2.9e-16  1.9e-16
                   Group #3:      401   45  401                     2.5e-16  1.4e-16
                   Group #4:      401   45  401                     3.2e-16  1.3e-16
                   Group #5:      401   45  401                     2.8e-16  1.2e-16
                   Group #6:      401   45  401                     3.3e-16  1.3e-16
------     当前进度:  65 % - 组装稀疏模式
Memory: 3518/3551 3577/3610
------     当前进度:  65 % - 组装矩阵
------     当前进度:  65 % - 求解线性方程组
Memory: 3523/3556 3582/3627
------     当前进度:  65 % - 组装矩阵
------     当前进度:  65 % - 求解线性方程组
Memory: 3526/3558 3598/3632
   -        4680           - out
------     当前进度:  66 % - 组装矩阵
Memory: 3533/3558 3604/3632
------     当前进度:  66 % - 
Memory: 3525/3558 3596/3632
  41      4701.6         120     2466  276 2466     2     0      0
                   Group #1:      411   46  411                     5.1e-16  3.3e-16
                   Group #2:      411   46  411                     3.2e-16  1.9e-16
                   Group #3:      411   46  411                     3.3e-16  1.5e-16
                   Group #4:      411   46  411                     3.4e-16  1.3e-16
                   Group #5:      411   46  411                     3.3e-16  1.2e-16
                   Group #6:      411   46  411                     3.1e-16  1.3e-16
------     当前进度:  66 % - 组装矩阵
Memory: 3533/3558 3604/3632
------     当前进度:  66 % - 组装稀疏模式
Memory: 3538/3558 3612/3632
------     当前进度:  66 % - 组装矩阵
Memory: 3541/3558 3612/3632
------     当前进度:  66 % - 矩阵分解
Memory: 3532/3558 3603/3632
------     当前进度:  66 % - 组装矩阵
Memory: 3525/3558 3596/3632
------     当前进度:  66 % - 组装稀疏模式
Memory: 3526/3560 3597/3632
------     当前进度:  66 % - 组装矩阵
------     当前进度:  66 % - 求解线性方程组
Memory: 3530/3563 3593/3632
------     当前进度:  66 % - 组装矩阵
------     当前进度:  66 % - 求解线性方程组
Memory: 3533/3566 3591/3636
   -        4800           - out
------     当前进度:  66 % - 组装矩阵
Memory: 3549/3566 3608/3636
  42      4821.6         120     2526  282 2526     2     0      0
                   Group #1:      421   47  421                     5.3e-16  3.7e-16
                   Group #2:      421   47  421                     3.7e-16  2.4e-16
                   Group #3:      421   47  421                     2.6e-16  1.5e-16
                   Group #4:      421   47  421                     3.4e-16  1.4e-16
                   Group #5:      421   47  421                     3.2e-16  1.3e-16
                   Group #6:      421   47  421                     3.2e-16  1.3e-16
------     当前进度:  66 % - 组装稀疏模式
Memory: 3533/3566 3591/3636
------     当前进度:  66 % - 组装矩阵
Memory: 3555/3566 3614/3636
------     当前进度:  66 % - 求解线性方程组
Memory: 3537/3571 3596/3642
------     当前进度:  66 % - 组装矩阵
------     当前进度:  66 % - 求解线性方程组
Memory: 3539/3572 3606/3646
------     当前进度:  66 % - 组装矩阵
   -        4920           - out
  43      4941.6         120     2580  288 2580     2     0      0
                   Group #1:      430   48  430                     5.8e-16  4.1e-16
                   Group #2:      430   48  430                     3.6e-16  2.4e-16
                   Group #3:      430   48  430                     3.4e-16  1.5e-16
                   Group #4:      430   48  430                     3.4e-16  1.3e-16
                   Group #5:      430   48  430                     3.6e-16  1.5e-16
                   Group #6:      430   48  430                     3.3e-16  1.3e-16
------     当前进度:  66 % - 矩阵分解
Memory: 3546/3580 3621/3654
------     当前进度:  66 % - 组装矩阵
Memory: 3554/3582 3625/3654
------     当前进度:  66 % - 求解线性方程组
Memory: 3549/3582 3616/3654
------     当前进度:  66 % - 组装矩阵
------     当前进度:  66 % - 求解线性方程组
Memory: 3562/3595 3630/3666
------     当前进度:  66 % - 组装矩阵
   -        5040           - out
------     当前进度:  67 % - 组装矩阵
Memory: 3581/3598 3640/3666
  44      5061.6         120     2640  294 2640     2     0      0
                   Group #1:      440   49  440                     4.5e-16  3.3e-16
                   Group #2:      440   49  440                     2.6e-16  1.7e-16
                   Group #3:      440   49  440                     3.3e-16  1.5e-16
                   Group #4:      440   49  440                     3.3e-16  1.3e-16
                   Group #5:      440   49  440                     3.3e-16  1.4e-16
                   Group #6:      440   49  440                     3.1e-16  1.2e-16
------     当前进度:  67 % - 求解线性方程组
Memory: 3566/3601 3634/3669
------     当前进度:  67 % - 组装矩阵
------     当前进度:  67 % - 求解线性方程组
Memory: 3547/3601 3637/3678
   -        5160           - out
------     当前进度:  67 % - 组装矩阵
Memory: 3564/3601 3654/3678
  45      5181.6         120     2688  300 2688     2     0      0
                   Group #1:      448   50  448                     6.1e-16  4.1e-16
                   Group #2:      448   50  448                       3e-16  2.2e-16
                   Group #3:      448   50  448                     3.8e-16  1.8e-16
                   Group #4:      448   50  448                     3.3e-16  1.3e-16
                   Group #5:      448   50  448                     2.8e-16  1.2e-16
                   Group #6:      448   50  448                     3.3e-16  1.3e-16
------     当前进度:  67 % - 组装稀疏模式
Memory: 3560/3601 3662/3678
------     当前进度:  67 % - 组装矩阵
Memory: 3568/3601 3659/3678
------     当前进度:  67 % - 矩阵分解
Memory: 3559/3601 3649/3678
------     当前进度:  67 % - 组装矩阵
Memory: 3552/3601 3643/3678
------     当前进度:  67 % - 求解线性方程组
Memory: 3556/3601 3647/3687
------     当前进度:  67 % - 组装矩阵
Memory: 3556/3601 3643/3687
------     当前进度:  67 % - 求解线性方程组
Memory: 3556/3601 3639/3687
------     当前进度:  67 % - 组装矩阵
Memory: 3590/3601 3672/3687
   -        5280           - out
  46      5301.6         120     2748  306 2748     2     0      0
                   Group #1:      458   51  458                     5.1e-16  3.5e-16
                   Group #2:      458   51  458                       3e-16  1.9e-16
                   Group #3:      458   51  458                     3.5e-16  1.5e-16
                   Group #4:      458   51  458                     3.3e-16  1.3e-16
                   Group #5:      458   51  458                     2.4e-16  1.5e-16
                   Group #6:      458   51  458                     3.3e-16  1.3e-16
   -        5400           - out
------     当前进度:  68 % - 组装矩阵
Memory: 3564/3601 3670/3695
  47      5421.6         120     2808  312 2808     2     0      0
                   Group #1:      468   52  468                     5.3e-16  3.8e-16
                   Group #2:      468   52  468                     2.9e-16    2e-16
                   Group #3:      468   52  468                     3.2e-16  1.5e-16
                   Group #4:      468   52  468                     3.5e-16  1.4e-16
                   Group #5:      468   52  468                     3.6e-16  1.4e-16
                   Group #6:      468   52  468                     3.2e-16  1.3e-16
------     当前进度:  68 % - 组装稀疏模式
Memory: 3563/3601 3669/3695
------     当前进度:  68 % - 组装矩阵
Memory: 3564/3601 3670/3695
------     当前进度:  68 % - 
Memory: 3566/3601 3676/3695
------     当前进度:  68 % - 组装矩阵
Memory: 3564/3601 3670/3695
------     当前进度:  68 % - 求解线性方程组
Memory: 3553/3601 3666/3703
------     当前进度:  68 % - 组装矩阵
------     当前进度:  68 % - 求解线性方程组
Memory: 3554/3601 3660/3703
------     当前进度:  68 % - 组装矩阵
Memory: 3555/3601 3656/3703
------     当前进度:  68 % - 求解线性方程组
Memory: 3561/3601 3675/3706
------     当前进度:  68 % - 组装矩阵
Memory: 3556/3601 3670/3706
   -        5520           - out
------     当前进度:  68 % - 
Memory: 3564/3601 3678/3711
  48      5541.6         120     2880  318 2880     2     0      0
                   Group #1:      480   53  480                     5.6e-16  3.7e-16
                   Group #2:      480   53  480                     3.2e-16  2.1e-16
                   Group #3:      480   53  480                     3.3e-16  1.3e-16
                   Group #4:      480   53  480                     3.5e-16  1.4e-16
                   Group #5:      480   53  480                     3.4e-16  1.3e-16
                   Group #6:      480   53  480                     3.3e-16  1.3e-16
------     当前进度:  68 % - 组装矩阵
Memory: 3573/3601 3686/3711
------     当前进度:  68 % - 组装稀疏模式
Memory: 3564/3601 3674/3711
------     当前进度:  68 % - 组装矩阵
Memory: 3581/3601 3691/3711
------     当前进度:  68 % - 组装稀疏模式
Memory: 3566/3601 3672/3711
------     当前进度:  68 % - 组装矩阵
------     当前进度:  68 % - 求解线性方程组
Memory: 3572/3605 3694/3736
------     当前进度:  68 % - 组装矩阵
   -        5640           - out
  49      5661.6         120     2946  324 2946     2     0      0
                   Group #1:      491   54  491                     5.5e-16  3.6e-16
                   Group #2:      491   54  491                     2.8e-16  1.8e-16
                   Group #3:      491   54  491                     3.2e-16  1.5e-16
                   Group #4:      491   54  491                     3.4e-16  1.4e-16
                   Group #5:      491   54  491                     3.5e-16  1.4e-16
                   Group #6:      491   54  491                     3.2e-16  1.3e-16
------     当前进度:  68 % - 组装稀疏模式
Memory: 3555/3605 3683/3736
------     当前进度:  68 % - 组装矩阵
Memory: 3571/3605 3700/3736
------     当前进度:  68 % - 矩阵分解
Memory: 3555/3605 3685/3736
------     当前进度:  68 % - 组装矩阵
Memory: 3556/3605 3684/3736
------     当前进度:  68 % - 求解线性方程组
Memory: 3559/3605 3687/3736
------     当前进度:  68 % - 组装矩阵
------     当前进度:  68 % - 求解线性方程组
------     当前进度:  68 % - 组装矩阵
------     当前进度:  68 % - 求解线性方程组
Memory: 3564/3605 3692/3736
------     当前进度:  68 % - 组装矩阵
------     当前进度:  68 % - 求解线性方程组
Memory: 3565/3605 3700/3736
------     当前进度:  68 % - 组装矩阵
   -        5760           - out
------     当前进度:  69 % - 组装矩阵
Memory: 3582/3605 3714/3736
  50      5781.6         120     3018  330 3018     2     0      0
                   Group #1:      503   55  503                     4.9e-16  3.5e-16
                   Group #2:      503   55  503                     2.9e-16  1.8e-16
                   Group #3:      503   55  503                     3.2e-16  1.3e-16
                   Group #4:      503   55  503                     3.6e-16  1.4e-16
                   Group #5:      503   55  503                     3.4e-16  1.3e-16
                   Group #6:      503   55  503                     3.3e-16  1.3e-16
------     当前进度:  69 % - 求解线性方程组
Memory: 3578/3612 3714/3748
------     当前进度:  69 % - 组装矩阵
Memory: 3579/3612 3715/3748
   -        5880           - out
------     当前进度:  69 % - 
Memory: 3586/3620 3719/3756
  51      5901.6         120     3096  336 3096     2     0      0
                   Group #1:      516   56  516                     4.9e-16  3.1e-16
                   Group #2:      516   56  516                     3.2e-16  1.9e-16
                   Group #3:      516   56  516                     2.7e-16  1.3e-16
                   Group #4:      516   56  516                     3.5e-16  1.4e-16
                   Group #5:      516   56  516                     3.3e-16  1.4e-16
                   Group #6:      516   56  516                     3.5e-16  1.4e-16
------     当前进度:  69 % - 组装矩阵
Memory: 3602/3620 3735/3756
------     当前进度:  69 % - 组装稀疏模式
Memory: 3586/3620 3719/3756
------     当前进度:  69 % - 组装矩阵
Memory: 3602/3620 3735/3756
------     当前进度:  69 % - 组装稀疏模式
Memory: 3586/3620 3711/3756
------     当前进度:  69 % - 组装矩阵
------     当前进度:  69 % - 求解线性方程组
Memory: 3588/3620 3713/3756
------     当前进度:  69 % - 组装矩阵
------     当前进度:  69 % - 求解线性方程组
Memory: 3597/3629 3730/3762
------     当前进度:  69 % - 组装矩阵
Memory: 3597/3631 3730/3764
------     当前进度:  69 % - 求解线性方程组
Memory: 3602/3643 3742/3775
------     当前进度:  69 % - 组装矩阵
   -        6000           - out
-------    当前进度:  70 % - 组装矩阵
Memory: 3603/3643 3740/3777
  52      6021.6         120     3168  342 3168     2     0      0
                   Group #1:      528   57  528                     5.4e-16  3.4e-16
                   Group #2:      528   57  528                     3.2e-16    2e-16
                   Group #3:      528   57  528                     3.1e-16  1.3e-16
                   Group #4:      528   57  528                     3.4e-16  1.4e-16
                   Group #5:      528   57  528                       3e-16  1.2e-16
                   Group #6:      528   57  528                     3.2e-16  1.3e-16
-------    当前进度:  70 % - 组装稀疏模式
Memory: 3605/3643 3740/3777
-------    当前进度:  70 % - 组装矩阵
Memory: 3621/3643 3756/3777
-------    当前进度:  70 % - 求解线性方程组
Memory: 3605/3643 3733/3777
-------    当前进度:  70 % - 组装矩阵
Memory: 3606/3643 3745/3777
-------    当前进度:  70 % - 求解线性方程组
Memory: 3607/3643 3745/3779
-------    当前进度:  70 % - 组装矩阵
Memory: 3607/3643 3746/3779
-------    当前进度:  70 % - 求解线性方程组
Memory: 3609/3643 3747/3781
-------    当前进度:  70 % - 组装矩阵
Memory: 3609/3643 3748/3781
-------    当前进度:  70 % - 求解线性方程组
Memory: 3611/3644 3749/3783
-------    当前进度:  70 % - 组装矩阵
   -        6120           - out
  53      6141.6         120     3228  348 3228     2     0      0
                   Group #1:      538   58  538                     6.3e-16  3.9e-16
                   Group #2:      538   58  538                     2.9e-16  1.8e-16
                   Group #3:      538   58  538                     3.2e-16  1.5e-16
                   Group #4:      538   58  538                     3.4e-16  1.3e-16
                   Group #5:      538   58  538                     3.9e-16  1.4e-16
                   Group #6:      538   58  538                     3.1e-16  1.2e-16
-------    当前进度:  70 % - 求解线性方程组
Memory: 3578/3646 3755/3790
-------    当前进度:  70 % - 组装矩阵
Memory: 3575/3646 3752/3790
-------    当前进度:  70 % - 求解线性方程组
Memory: 3579/3646 3751/3791
-------    当前进度:  70 % - 组装矩阵
   -        6240           - out
-------    当前进度:  70 % - 
  54      6261.6         120     3282  354 3282     2     0      0
                   Group #1:      547   59  547                     5.8e-16  3.8e-16
                   Group #2:      547   59  547                       3e-16  1.9e-16
                   Group #3:      547   59  547                       3e-16  1.4e-16
                   Group #4:      547   59  547                     3.4e-16  1.4e-16
                   Group #5:      547   59  547                     2.3e-16  1.1e-16
                   Group #6:      547   59  547                     3.3e-16  1.3e-16
-------    当前进度:  70 % - 组装矩阵
Memory: 3587/3646 3759/3791
-------    当前进度:  70 % - 求解线性方程组
Memory: 3585/3646 3756/3799
-------    当前进度:  70 % - 组装矩阵
Memory: 3588/3646 3759/3799
-------    当前进度:  70 % - 求解线性方程组
Memory: 3586/3646 3765/3802
-------    当前进度:  70 % - 组装矩阵
Memory: 3586/3646 3761/3802
   -        6360           - out
-------    当前进度:  71 % - 组装矩阵
Memory: 3600/3646 3768/3805
  55      6381.6         120     3342  360 3342     2     0      0
                   Group #1:      557   60  557                     4.9e-16  3.3e-16
                   Group #2:      557   60  557                     2.9e-16  1.9e-16
                   Group #3:      557   60  557                     3.8e-16  1.7e-16
                   Group #4:      557   60  557                     3.3e-16  1.3e-16
                   Group #5:      557   60  557                     3.2e-16  1.4e-16
                   Group #6:      557   60  557                     3.2e-16  1.2e-16
-------    当前进度:  71 % - 
Memory: 3592/3646 3759/3805
-------    当前进度:  71 % - 组装矩阵
Memory: 3600/3646 3768/3805
-------    当前进度:  71 % - 矩阵分解
Memory: 3594/3646 3771/3807
-------    当前进度:  71 % - 组装矩阵
Memory: 3611/3646 3786/3807
   -        6480           - out
  56      6501.6         120     3396  366 3396     2     0      0
                   Group #1:      566   61  566                     5.7e-16  3.5e-16
                   Group #2:      566   61  566                     3.3e-16    2e-16
                   Group #3:      566   61  566                     3.1e-16  1.5e-16
                   Group #4:      566   61  566                     3.4e-16  1.3e-16
                   Group #5:      566   61  566                     3.4e-16  1.6e-16
                   Group #6:      566   61  566                     3.4e-16  1.3e-16
-------    当前进度:  71 % - 组装稀疏模式
Memory: 3589/3646 3791/3824
-------    当前进度:  71 % - 组装矩阵
Memory: 3591/3646 3792/3824
-------    当前进度:  71 % - 求解线性方程组
-------    当前进度:  71 % - 组装矩阵
Memory: 3623/3646 3824/3824
-------    当前进度:  71 % - 求解线性方程组
Memory: 3595/3646 3789/3827
-------    当前进度:  71 % - 组装矩阵
Memory: 3593/3646 3787/3827
-------    当前进度:  71 % - 求解线性方程组
Memory: 3574/3646 3802/3835
-------    当前进度:  71 % - 组装矩阵
   -        6600           - out
  57      6621.6         120     3456  372 3456     2     0      0
                   Group #1:      576   62  576                     5.6e-16  3.9e-16
                   Group #2:      576   62  576                     2.8e-16  2.1e-16
                   Group #3:      576   62  576                     3.2e-16  1.6e-16
                   Group #4:      576   62  576                     3.3e-16  1.3e-16
                   Group #5:      576   62  576                     3.4e-16  1.2e-16
                   Group #6:      576   62  576                     3.2e-16  1.4e-16
-------    当前进度:  71 % - 约束处理
Memory: 3576/3646 3803/3836
-------    当前进度:  71 % - 组装矩阵
Memory: 3577/3646 3804/3836
-------    当前进度:  71 % - 求解线性方程组
Memory: 3579/3646 3798/3837
-------    当前进度:  71 % - 组装矩阵
-------    当前进度:  71 % - 求解线性方程组
Memory: 3581/3646 3804/3841
-------    当前进度:  71 % - 组装矩阵
   -        6720           - out
-------    当前进度:  72 % - 组装矩阵
Memory: 3599/3646 3814/3841
  58      6741.6         120     3510  378 3510     2     0      0
                   Group #1:      585   63  585                     5.2e-16  3.6e-16
                   Group #2:      585   63  585                     3.2e-16    2e-16
                   Group #3:      585   63  585                     2.8e-16  1.4e-16
                   Group #4:      585   63  585                     3.4e-16  1.4e-16
                   Group #5:      585   63  585                       3e-16  1.2e-16
                   Group #6:      585   63  585                     3.1e-16  1.2e-16
-------    当前进度:  72 % - 组装稀疏模式
Memory: 3582/3646 3797/3841
-------    当前进度:  72 % - 组装矩阵
Memory: 3598/3646 3813/3841
-------    当前进度:  72 % - 组装稀疏模式
Memory: 3583/3646 3798/3841
-------    当前进度:  72 % - 组装矩阵
-------    当前进度:  72 % - 求解线性方程组
Memory: 3585/3646 3801/3841
-------    当前进度:  72 % - 组装矩阵
Memory: 3581/3646 3801/3841
-------    当前进度:  72 % - 求解线性方程组
-------    当前进度:  72 % - 组装矩阵
   -        6840           - out
  59      6861.6         120     3570  384 3570     2     0      0
                   Group #1:      595   64  595                     5.4e-16  3.6e-16
                   Group #2:      595   64  595                     3.4e-16  2.2e-16
                   Group #3:      595   64  595                     3.2e-16  1.5e-16
                   Group #4:      595   64  595                     3.5e-16  1.4e-16
                   Group #5:      595   64  595                     3.2e-16  1.3e-16
                   Group #6:      595   64  595                     2.5e-16  1.1e-16
-------    当前进度:  72 % - 组装稀疏模式
Memory: 3582/3646 3802/3841
-------    当前进度:  72 % - 组装矩阵
Memory: 3598/3646 3820/3841
-------    当前进度:  72 % - 求解线性方程组
Memory: 3588/3646 3809/3842
-------    当前进度:  72 % - 组装矩阵
Memory: 3589/3646 3809/3842
-------    当前进度:  72 % - 求解线性方程组
Memory: 3595/3646 3815/3848
-------    当前进度:  72 % - 组装矩阵
Memory: 3595/3646 3816/3848
-------    当前进度:  72 % - 求解线性方程组
Memory: 3600/3646 3820/3853
-------    当前进度:  72 % - 组装矩阵
   -        6960           - out
  60      6981.6         120     3642  390 3642     2     0      0
                   Group #1:      607   65  607                     6.7e-16  4.2e-16
                   Group #2:      607   65  607                     3.1e-16  2.1e-16
                   Group #3:      607   65  607                     3.5e-16  1.7e-16
                   Group #4:      607   65  607                     3.5e-16  1.4e-16
                   Group #5:      607   65  607                     3.1e-16  1.3e-16
                   Group #6:      607   65  607                     3.4e-16  1.4e-16
-------    当前进度:  72 % - 组装稀疏模式
Memory: 3618/3646 3839/3858
-------    当前进度:  72 % - 组装矩阵
Memory: 3623/3646 3844/3858
-------    当前进度:  72 % - 求解线性方程组
Memory: 3612/3646 3831/3865
-------    当前进度:  72 % - 组装矩阵
   -        7080           - out
-------    当前进度:  73 % - 组装矩阵
Memory: 3636/3653 3856/3872
  61      7101.6         120     3714  396 3714     2     0      0
                   Group #1:      619   66  619                     5.3e-16  3.7e-16
                   Group #2:      619   66  619                     2.9e-16  1.8e-16
                   Group #3:      619   66  619                       4e-16  1.8e-16
                   Group #4:      619   66  619                     3.4e-16  1.4e-16
                   Group #5:      619   66  619                     3.3e-16  1.2e-16
                   Group #6:      619   66  619                     3.2e-16  1.3e-16
-------    当前进度:  73 % - 组装稀疏模式
Memory: 3619/3653 3839/3872
-------    当前进度:  73 % - 组装矩阵
Memory: 3636/3653 3857/3872
-------    当前进度:  73 % - 
Memory: 3638/3653 3858/3872
-------    当前进度:  73 % - 组装矩阵
Memory: 3620/3653 3840/3872
-------    当前进度:  73 % - 组装稀疏模式
Memory: 3620/3654 3840/3873
-------    当前进度:  73 % - 组装矩阵
-------    当前进度:  73 % - 求解线性方程组
Memory: 3581/3656 3845/3878
-------    当前进度:  73 % - 组装矩阵
   -        7200           - out
  62      7221.6         120     3774  402 3774     2     0      0
                   Group #1:      629   67  629                     5.8e-16    4e-16
                   Group #2:      629   67  629                     3.1e-16  1.9e-16
                   Group #3:      629   67  629                     3.2e-16  1.5e-16
                   Group #4:      629   67  629                     3.5e-16  1.4e-16
                   Group #5:      629   67  629                     3.3e-16  1.3e-16
                   Group #6:      629   67  629                     3.1e-16  1.3e-16
-------    当前进度:  73 % - 约束处理
Memory: 3586/3656 3849/3883
-------    当前进度:  73 % - 组装矩阵
-------    当前进度:  73 % - 求解线性方程组
Memory: 3592/3656 3855/3888
-------    当前进度:  73 % - 组装矩阵
-------    当前进度:  73 % - 求解线性方程组
Memory: 3564/3656 3864/3898
-------    当前进度:  73 % - 组装矩阵
Memory: 3564/3656 3865/3898
-------    当前进度:  73 % - 求解线性方程组
Memory: 3568/3656 3872/3905
-------    当前进度:  73 % - 组装矩阵
-------    当前进度:  73 % - 矩阵分解
Memory: 3575/3656 3879/3905
-------    当前进度:  73 % - 组装矩阵
Memory: 3577/3656 3881/3906
-------    当前进度:  73 % - 组装稀疏模式
Memory: 3569/3656 3873/3906
-------    当前进度:  73 % - 组装矩阵
-------    当前进度:  73 % - 矩阵分解
Memory: 3565/3656 3872/3906
-------    当前进度:  73 % - 组装矩阵
Memory: 3586/3656 3889/3906
-------    当前进度:  73 % - 求解线性方程组
Memory: 3577/3656 3879/3913
-------    当前进度:  73 % - 组装矩阵
Memory: 3587/3656 3890/3913
-------    当前进度:  73 % - 求解线性方程组
Memory: 3582/3656 3885/3917
-------    当前进度:  73 % - 组装矩阵
-------    当前进度:  73 % - 求解线性方程组
Memory: 3583/3656 3886/3920
-------    当前进度:  73 % - 组装矩阵
Memory: 3592/3656 3895/3920
-------    当前进度:  73 % - 
Memory: 3586/3656 3889/3921
  63      7248.9      27.318 out 3900  414 3900     2     0      0
                   Group #1:      650   69  650                     5.1e-16  3.2e-16
                   Group #2:      650   69  650                     3.2e-16  1.8e-16
                   Group #3:      650   69  650                     3.1e-16  1.5e-16
                   Group #4:      650   69  650                     3.4e-16  1.4e-16
                   Group #5:      650   69  650                     3.4e-16  1.3e-16
                   Group #6:      650   69  650                     3.5e-16  1.3e-16
-------    当前进度:  73 % - 组装矩阵
已在“7248.9”触发隐式事件“6”。
已在“7248.9”触发隐式事件“4”。
已在“7248.9”触发隐式事件“2”。
已在“7248.9”触发隐式事件“0”。
-------    当前进度:  73 % - 约束处理
Memory: 3590/3656 3893/3921
未强制执行重新初始化状态的一致性。
-------    当前进度:  73 % - 组装矩阵
-------    当前进度:  73 % - 
Memory: 3588/3656 3889/3921
-------    当前进度:  73 % - 组装矩阵
Memory: 3605/3656 3905/3921
-------    当前进度:  73 % - 组装稀疏模式
Memory: 3555/3656 3889/3921
-------    当前进度:  73 % - 组装矩阵
Memory: 3574/3656 3908/3921
-------    当前进度:  73 % - 求解线性方程组
Memory: 3562/3656 3895/3921
-------    当前进度:  73 % - 组装矩阵
Memory: 3572/3656 3905/3921
-------    当前进度:  73 % - 组装稀疏模式
Memory: 3519/3656 3891/3924
-------    当前进度:  73 % - 组装矩阵
-------    当前进度:  73 % - 矩阵分解
Memory: 3499/3656 3893/3924
-------    当前进度:  73 % - 组装矩阵
Memory: 3367/3656 3908/3924
-------    当前进度:  73 % - 求解线性方程组
Memory: 3026/3656 3891/3925
-------    当前进度:  73 % - 组装矩阵
-------    当前进度:  73 % - 求解线性方程组
-------    当前进度:  73 % - 组装矩阵
Memory: 3043/3656 3908/3925
-------    当前进度:  73 % - 求解线性方程组
Memory: 3027/3656 3889/3927
-------    当前进度:  73 % - 组装矩阵
-------    当前进度:  73 % - 求解线性方程组
Memory: 3030/3656 3886/3927
-------    当前进度:  73 % - 组装矩阵
-------    当前进度:  73 % - 求解线性方程组
Memory: 3033/3656 3890/3927
-------    当前进度:  73 % - 组装矩阵
Memory: 3036/3656 3892/3927
   -        7320           - out
  64      7368.9         120     3972  420 3972     1     0      0
                   Group #1:      662   70  662                     4.9e-16  3.5e-16
                   Group #2:      662   70  662                     3.1e-16    2e-16
                   Group #3:      662   70  662                     3.8e-16  1.6e-16
                   Group #4:      662   70  662                     3.3e-16  1.3e-16
                   Group #5:      662   70  662                     2.9e-16  1.2e-16
                   Group #6:      662   70  662                     3.5e-16  1.4e-16
-------    当前进度:  73 % - 求解线性方程组
Memory: 3052/3656 3907/3927
-------    当前进度:  73 % - 组装矩阵
Memory: 3036/3656 3891/3927
-------    当前进度:  73 % - 求解线性方程组
Memory: 3039/3656 3894/3930
-------    当前进度:  73 % - 组装矩阵
-------    当前进度:  73 % - 求解线性方程组
Memory: 3038/3656 3890/3930
-------    当前进度:  73 % - 组装矩阵
-------    当前进度:  73 % - 求解线性方程组
Memory: 3046/3656 3895/3936
-------    当前进度:  73 % - 组装矩阵
-------    当前进度:  73 % - 求解线性方程组
-------    当前进度:  73 % - 组装矩阵
Memory: 3065/3656 3913/3936
   -        7440           - out
-------    当前进度:  74 % - 组装矩阵
Memory: 3069/3656 3917/3937
  65      7488.9         120     4062  426 4062     1     0      0
                   Group #1:      677   71  677                     5.9e-16  3.9e-16
                   Group #2:      677   71  677                       3e-16  2.1e-16
                   Group #3:      677   71  677                     3.1e-16  1.6e-16
                   Group #4:      677   71  677                     3.5e-16  1.3e-16
                   Group #5:      677   71  677                     3.6e-16  1.3e-16
                   Group #6:      677   71  677                     3.2e-16  1.3e-16
   -        7560           - out
  66      7608.9         120     4146  432 4146     2     0      0
                   Group #1:      691   72  691                     5.3e-16  3.6e-16
                   Group #2:      691   72  691                     3.1e-16    2e-16
                   Group #3:      691   72  691                     3.4e-16  1.7e-16
                   Group #4:      691   72  691                     3.5e-16  1.4e-16
                   Group #5:      691   72  691                     3.3e-16  1.2e-16
                   Group #6:      691   72  691                     3.3e-16  1.3e-16
-------    当前进度:  74 % - 组装稀疏模式
Memory: 3080/3656 3932/3971
-------    当前进度:  74 % - 组装矩阵
Memory: 3082/3656 3933/3971
-------    当前进度:  74 % - 矩阵分解
Memory: 3081/3656 3933/3971
-------    当前进度:  74 % - 组装矩阵
Memory: 3085/3656 3936/3971
   -        7680           - out
  67      7728.9         120     4182  438 4182     2     0      0
                   Group #1:      697   73  697                     5.3e-16    4e-16
                   Group #2:      697   73  697                     3.1e-16  1.9e-16
                   Group #3:      697   73  697                     3.5e-16  1.4e-16
                   Group #4:      697   73  697                     3.4e-16  1.3e-16
                   Group #5:      697   73  697                     2.9e-16  1.2e-16
                   Group #6:      697   73  697                     3.4e-16  1.3e-16
-------    当前进度:  74 % - 组装稀疏模式
Memory: 3091/3656 3935/3972
-------    当前进度:  74 % - 组装矩阵
Memory: 3108/3656 3953/3972
   -        7800           - out
-------    当前进度:  75 % - 组装矩阵
Memory: 3095/3656 3946/3979
  68      7848.9         120     4206  444 4206     2     0      0
                   Group #1:      701   74  701                       5e-16  4.2e-16
                   Group #2:      701   74  701                     3.2e-16  1.4e-16
                   Group #3:      701   74  701                     3.6e-16  1.6e-16
                   Group #4:      701   74  701                     3.1e-16  1.3e-16
                   Group #5:      701   74  701                     3.8e-16  1.4e-16
                   Group #6:      701   74  701                     3.4e-16  1.3e-16
-------    当前进度:  75 % - 求解线性方程组
Memory: 3098/3656 3949/3982
-------    当前进度:  75 % - 组装矩阵
   -        7920           - out
  69      7968.9         120     4230  450 4230     2     0      0
                   Group #1:      705   75  705                     5.3e-16  4.2e-16
                   Group #2:      705   75  705                     3.7e-16  1.7e-16
                   Group #3:      705   75  705                     3.2e-16  1.4e-16
                   Group #4:      705   75  705                     3.6e-16  1.4e-16
                   Group #5:      705   75  705                     2.8e-16  1.1e-16
                   Group #6:      705   75  705                     3.2e-16  1.3e-16
-------    当前进度:  75 % - 组装稀疏模式
Memory: 3100/3656 3943/3984
-------    当前进度:  75 % - 组装矩阵
-------    当前进度:  75 % - 矩阵分解
-------    当前进度:  75 % - 组装矩阵
Memory: 3101/3656 3943/3984
-------    当前进度:  75 % - 求解线性方程组
-------    当前进度:  75 % - 组装矩阵
Memory: 3101/3656 3944/3984
   -        8040           - out
-------    当前进度:  76 % - 组装矩阵
Memory: 3120/3656 3963/3984
  70      8088.9         120     4254  456 4254     2     0      0
                   Group #1:      709   76  709                     5.4e-16  4.5e-16
                   Group #2:      709   76  709                     3.2e-16  1.5e-16
                   Group #3:      709   76  709                     3.3e-16  1.4e-16
                   Group #4:      709   76  709                     3.6e-16  1.4e-16
                   Group #5:      709   76  709                     3.4e-16  1.3e-16
                   Group #6:      709   76  709                     3.1e-16  1.2e-16
-------    当前进度:  76 % - 组装稀疏模式
Memory: 3103/3656 3946/3984
-------    当前进度:  76 % - 组装矩阵
Memory: 3120/3656 3962/3984
-------    当前进度:  76 % - 组装稀疏模式
Memory: 3104/3656 3946/3984
-------    当前进度:  76 % - 组装矩阵
-------    当前进度:  76 % - 求解线性方程组
Memory: 3107/3656 3949/3989
-------    当前进度:  76 % - 组装矩阵
   -        8160           - out
  71      8208.9         120     4278  462 4278     2     0      0
                   Group #1:      713   77  713                     5.2e-16  4.3e-16
                   Group #2:      713   77  713                     3.6e-16  1.6e-16
                   Group #3:      713   77  713                     3.5e-16  1.4e-16
                   Group #4:      713   77  713                     3.5e-16  1.3e-16
                   Group #5:      713   77  713                     3.6e-16  1.3e-16
                   Group #6:      713   77  713                     3.4e-16  1.3e-16
-------    当前进度:  76 % - 矩阵分解
Memory: 3117/3656 3957/3989
-------    当前进度:  76 % - 组装矩阵
Memory: 3108/3656 3963/3989
-------    当前进度:  76 % - 组装稀疏模式
Memory: 3108/3656 3958/3992
-------    当前进度:  76 % - 组装矩阵
   -        8280           - out
  72      8328.9         120     4302  468 4302     2     0      0
                   Group #1:      717   78  717                     5.2e-16  4.1e-16
                   Group #2:      717   78  717                     3.6e-16  1.6e-16
                   Group #3:      717   78  717                     3.4e-16  1.4e-16
                   Group #4:      717   78  717                     3.4e-16  1.3e-16
                   Group #5:      717   78  717                     3.4e-16  1.3e-16
                   Group #6:      717   78  717                     2.9e-16  1.2e-16
-------    当前进度:  76 % - 矩阵分解
Memory: 3123/3656 3973/3995
-------    当前进度:  76 % - 组装矩阵
Memory: 3128/3656 3979/3995
-------    当前进度:  76 % - 组装稀疏模式
Memory: 3111/3656 3962/3995
-------    当前进度:  76 % - 组装矩阵
-------    当前进度:  76 % - 矩阵分解
Memory: 3108/3656 3963/3995
-------    当前进度:  76 % - 组装矩阵
Memory: 3136/3656 3987/3995
-------    当前进度:  76 % - 求解线性方程组
Memory: 3114/3656 3964/3998
-------    当前进度:  76 % - 组装矩阵
   -        8400           - out
-------    当前进度:  77 % - 组装矩阵
Memory: 3133/3656 3983/3998
  73      8448.9         120     4326  474 4326     2     0      0
                   Group #1:      721   79  721                     5.2e-16  4.3e-16
                   Group #2:      721   79  721                     3.9e-16  1.7e-16
                   Group #3:      721   79  721                     3.3e-16  1.4e-16
                   Group #4:      721   79  721                     3.7e-16  1.4e-16
                   Group #5:      721   79  721                     3.5e-16  1.4e-16
                   Group #6:      721   79  721                     3.2e-16  1.3e-16
-------    当前进度:  77 % - 组装稀疏模式
Memory: 3117/3656 3967/4001
-------    当前进度:  77 % - 组装矩阵
   -        8520           - out
  74      8568.9         120     4338  480 4338     2     0      0
                   Group #1:      723   80  723                     5.4e-16  4.3e-16
                   Group #2:      723   80  723                     3.7e-16  1.6e-16
                   Group #3:      723   80  723                     3.4e-16  1.4e-16
                   Group #4:      723   80  723                     3.4e-16  1.4e-16
                   Group #5:      723   80  723                     3.7e-16  1.4e-16
                   Group #6:      723   80  723                     3.1e-16  1.3e-16
-------    当前进度:  77 % - 组装稀疏模式
Memory: 3140/3656 3991/4005
-------    当前进度:  77 % - 组装矩阵
Memory: 3138/3656 3988/4005
   -        8640           - out
  75      8688.9         120     4362  486 4362     2     0      0
                   Group #1:      727   81  727                     5.3e-16  4.3e-16
                   Group #2:      727   81  727                     3.6e-16  1.6e-16
                   Group #3:      727   81  727                     3.5e-16  1.4e-16
                   Group #4:      727   81  727                     3.6e-16  1.3e-16
                   Group #5:      727   81  727                     3.2e-16  1.2e-16
                   Group #6:      727   81  727                     3.3e-16  1.3e-16
-------    当前进度:  77 % - 求解线性方程组
Memory: 3136/3656 3986/4011
-------    当前进度:  77 % - 组装矩阵
Memory: 3129/3656 3979/4011
   -        8760           - out
-------    当前进度:  78 % - 组装矩阵
Memory: 3151/3656 3991/4015
  76      8808.9         120     4380  492 4380     2     0      0
                   Group #1:      730   82  730                     5.5e-16  4.2e-16
                   Group #2:      730   82  730                     3.6e-16    2e-16
                   Group #3:      730   82  730                     3.3e-16  1.4e-16
                   Group #4:      730   82  730                     3.4e-16  1.3e-16
                   Group #5:      730   82  730                       4e-16  1.6e-16
                   Group #6:      730   82  730                     3.3e-16  1.3e-16
-------    当前进度:  78 % - 求解线性方程组
Memory: 3140/3656 3990/4024
-------    当前进度:  78 % - 组装矩阵
Memory: 3140/3656 3991/4024
   -        8880           - out
-------    当前进度:  78 % - 
Memory: 3147/3656 3993/4026
  77      8928.9         120     4404  498 4404     2     0      0
                   Group #1:      734   83  734                     5.5e-16  4.3e-16
                   Group #2:      734   83  734                     3.6e-16  1.9e-16
                   Group #3:      734   83  734                     3.5e-16  1.4e-16
                   Group #4:      734   83  734                     3.3e-16  1.4e-16
                   Group #5:      734   83  734                     2.8e-16  1.2e-16
                   Group #6:      734   83  734                     2.8e-16  1.3e-16
-------    当前进度:  78 % - 组装矩阵
Memory: 3164/3656 4010/4026
-------    当前进度:  78 % - 组装稀疏模式
Memory: 3147/3656 3993/4026
-------    当前进度:  78 % - 组装矩阵
Memory: 3164/3656 4011/4026
-------    当前进度:  78 % - 约束处理
Memory: 3149/3656 3995/4028
-------    当前进度:  78 % - 组装矩阵
   -        9000           - out
  78      9048.9         120     4416  504 4416     2     0      0
                   Group #1:      736   84  736                     5.5e-16  4.2e-16
                   Group #2:      736   84  736                     3.7e-16  1.7e-16
                   Group #3:      736   84  736                     3.3e-16  1.4e-16
                   Group #4:      736   84  736                     3.5e-16  1.4e-16
                   Group #5:      736   84  736                     2.7e-16  1.1e-16
                   Group #6:      736   84  736                     3.4e-16  1.3e-16
-------    当前进度:  78 % - 求解线性方程组
Memory: 3148/3656 3994/4028
-------    当前进度:  78 % - 组装矩阵
-------    当前进度:  78 % - 求解线性方程组
-------    当前进度:  78 % - 组装矩阵
   -        9120           - out
-------    当前进度:  79 % - 组装矩阵
Memory: 3165/3656 4011/4028
  79      9168.9         120     4440  510 4440     2     0      0
                   Group #1:      740   85  740                     5.3e-16  4.1e-16
                   Group #2:      740   85  740                     3.7e-16  1.6e-16
                   Group #3:      740   85  740                     3.6e-16  1.4e-16
                   Group #4:      740   85  740                     3.2e-16  1.3e-16
                   Group #5:      740   85  740                     3.8e-16  1.4e-16
                   Group #6:      740   85  740                     3.4e-16  1.4e-16
-------    当前进度:  79 % - 矩阵分解
Memory: 3156/3656 4002/4028
-------    当前进度:  79 % - 组装矩阵
Memory: 3149/3656 3995/4028
-------    当前进度:  79 % - 约束处理
Memory: 3150/3656 3996/4029
-------    当前进度:  79 % - 组装矩阵
-------    当前进度:  79 % - 求解线性方程组
-------    当前进度:  79 % - 组装矩阵
   -        9240           - out
  80      9288.9         120     4458  516 4458     2     0      0
                   Group #1:      743   86  743                       5e-16  3.2e-16
                   Group #2:      743   86  743                     3.3e-16  1.9e-16
                   Group #3:      743   86  743                     3.5e-16  1.4e-16
                   Group #4:      743   86  743                     3.3e-16  1.4e-16
                   Group #5:      743   86  743                     3.2e-16  1.3e-16
                   Group #6:      743   86  743                     3.1e-16  1.2e-16
-------    当前进度:  79 % - 求解线性方程组
Memory: 3160/3656 4005/4031
-------    当前进度:  79 % - 组装矩阵
Memory: 3153/3656 3999/4031
-------    当前进度:  79 % - 组装稀疏模式
Memory: 3153/3656 3999/4033
-------    当前进度:  79 % - 组装矩阵
Memory: 3154/3656 3999/4033
-------    当前进度:  79 % - 求解线性方程组
-------    当前进度:  79 % - 组装矩阵
-------    当前进度:  79 % - 求解线性方程组
Memory: 3155/3656 4000/4034
-------    当前进度:  79 % - 组装矩阵
   -        9360           - out
  81      9408.9         120     4482  522 4482     2     0      0
                   Group #1:      747   87  747                     5.5e-16  4.2e-16
                   Group #2:      747   87  747                     3.2e-16  1.6e-16
                   Group #3:      747   87  747                     3.4e-16  1.4e-16
                   Group #4:      747   87  747                     3.4e-16  1.3e-16
                   Group #5:      747   87  747                     2.5e-16  1.1e-16
                   Group #6:      747   87  747                     3.1e-16  1.3e-16
-------    当前进度:  79 % - 组装稀疏模式
Memory: 3157/3656 4002/4035
-------    当前进度:  79 % - 组装矩阵
Memory: 3174/3656 4020/4035
-------    当前进度:  79 % - 矩阵分解
Memory: 3159/3656 4004/4037
-------    当前进度:  79 % - 组装矩阵
Memory: 3158/3656 4003/4037
-------    当前进度:  79 % - 求解线性方程组
Memory: 3168/3656 4013/4046
-------    当前进度:  79 % - 组装矩阵
-------    当前进度:  79 % - 
Memory: 3187/3656 4033/4047
-------    当前进度:  79 % - 组装矩阵
Memory: 3186/3656 4031/4047
-------    当前进度:  79 % - 组装稀疏模式
Memory: 3170/3656 4015/4049
-------    当前进度:  79 % - 组装矩阵
  82      9415.2      6.3063 out 4578  534 4578     2     0      0
                   Group #1:      763   89  763                     5.9e-16  4.3e-16
                   Group #2:      763   89  763                     3.4e-16  1.6e-16
                   Group #3:      763   89  763                     3.4e-16  1.4e-16
                   Group #4:      763   89  763                     3.5e-16  1.4e-16
                   Group #5:      763   89  763                     3.6e-16  1.8e-16
                   Group #6:      763   89  763                     3.1e-16  1.2e-16
已在“9415.2”触发隐式事件“7”。
已在“9415.2”触发隐式事件“5”。
已在“9415.2”触发隐式事件“3”。
已在“9415.2”触发隐式事件“1”。
-------    当前进度:  79 % - 约束处理
Memory: 3176/3656 4025/4049
未强制执行重新初始化状态的一致性。
-------    当前进度:  79 % - 组装矩阵
-------    当前进度:  79 % - 组装稀疏模式
Memory: 3173/3656 4017/4053
-------    当前进度:  79 % - 组装矩阵
Memory: 3174/3656 4019/4053
   -        9480           - out
--------   当前进度:  80 % - 组装矩阵
Memory: 3216/3656 4060/4077
  83      9535.2         120     4662  540 4662     1     0      0
                   Group #1:      777   90  777                     4.4e-16  3.1e-16
                   Group #2:      777   90  777                     2.9e-16  2.1e-16
                   Group #3:      777   90  777                     3.2e-16  1.4e-16
                   Group #4:      777   90  777                     3.3e-16  1.3e-16
                   Group #5:      777   90  777                     2.8e-16  1.2e-16
                   Group #6:      777   90  777                     3.5e-16  1.4e-16
--------   当前进度:  80 % - 组装稀疏模式
Memory: 3200/3656 4044/4077
--------   当前进度:  80 % - 组装矩阵
Memory: 3218/3656 4062/4077
   -        9600           - out
--------   当前进度:  80 % - 
Memory: 3209/3656 4057/4087
  84      9655.2         120     4734  546 4734     1     0      0
                   Group #1:      789   91  789                     4.8e-16  3.2e-16
                   Group #2:      789   91  789                     2.8e-16  1.9e-16
                   Group #3:      789   91  789                     3.6e-16  1.5e-16
                   Group #4:      789   91  789                     3.5e-16  1.4e-16
                   Group #5:      789   91  789                     3.4e-16  1.2e-16
                   Group #6:      789   91  789                     3.1e-16  1.2e-16
--------   当前进度:  80 % - 组装矩阵
Memory: 3220/3656 4065/4087
--------   当前进度:  80 % - 组装稀疏模式
Memory: 3212/3656 4057/4087
--------   当前进度:  80 % - 组装矩阵
Memory: 3231/3656 4076/4087
--------   当前进度:  80 % - 矩阵分解
Memory: 3216/3656 4064/4092
--------   当前进度:  80 % - 组装矩阵
Memory: 3223/3656 4067/4096
--------   当前进度:  80 % - 求解线性方程组
Memory: 3217/3656 4061/4096
--------   当前进度:  80 % - 组装矩阵
Memory: 3218/3656 4061/4096
--------   当前进度:  80 % - 求解线性方程组
--------   当前进度:  80 % - 组装矩阵
--------   当前进度:  80 % - 求解线性方程组
Memory: 3228/3656 4071/4097
--------   当前进度:  80 % - 组装矩阵
Memory: 3220/3656 4063/4097
--------   当前进度:  80 % - 求解线性方程组
Memory: 3225/3656 4069/4097
--------   当前进度:  80 % - 组装矩阵
--------   当前进度:  80 % - 求解线性方程组
Memory: 3225/3656 4068/4098
--------   当前进度:  80 % - 组装矩阵
   -        9720           - out
  85      9775.2         120     4806  552 4806     2     0      0
                   Group #1:      801   92  801                     6.9e-16  4.7e-16
                   Group #2:      801   92  801                     3.1e-16    2e-16
                   Group #3:      801   92  801                       3e-16  1.5e-16
                   Group #4:      801   92  801                     3.4e-16  1.3e-16
                   Group #5:      801   92  801                     3.4e-16  1.3e-16
                   Group #6:      801   92  801                     3.5e-16  1.3e-16
--------   当前进度:  80 % - 组装稀疏模式
Memory: 3245/3656 4090/4102
--------   当前进度:  80 % - 组装矩阵
Memory: 3242/3656 4086/4102
--------   当前进度:  80 % - 
Memory: 3243/3656 4087/4102
--------   当前进度:  80 % - 组装矩阵
Memory: 3226/3656 4070/4102
--------   当前进度:  80 % - 求解线性方程组
Memory: 3229/3656 4072/4106
--------   当前进度:  80 % - 组装矩阵
--------   当前进度:  80 % - 求解线性方程组
Memory: 2618/3656 4077/4111
--------   当前进度:  80 % - 组装矩阵
Memory: 2619/3656 4079/4111
--------   当前进度:  80 % - 求解线性方程组
Memory: 2619/3656 4078/4111
--------   当前进度:  80 % - 组装矩阵
Memory: 2624/3656 4084/4111
   -        9840           - out
--------   当前进度:  81 % - 组装矩阵
Memory: 2637/3656 4096/4113
--------   当前进度:  81 % - 
Memory: 2620/3656 4079/4113
  86      9895.2         120     4866  558 4866     2     0      0
                   Group #1:      811   93  811                     5.6e-16  3.7e-16
                   Group #2:      811   93  811                     3.2e-16    2e-16
                   Group #3:      811   93  811                     3.7e-16  1.6e-16
                   Group #4:      811   93  811                     3.3e-16  1.3e-16
                   Group #5:      811   93  811                     2.9e-16  1.2e-16
                   Group #6:      811   93  811                     3.2e-16  1.2e-16
--------   当前进度:  81 % - 组装矩阵
Memory: 2637/3656 4096/4113
--------   当前进度:  81 % - 组装稀疏模式
Memory: 2622/3656 4081/4115
--------   当前进度:  81 % - 组装矩阵
--------   当前进度:  81 % - 求解线性方程组
Memory: 2623/3656 4083/4115
--------   当前进度:  81 % - 组装矩阵
Memory: 2619/3656 4079/4115
--------   当前进度:  81 % - 求解线性方程组
Memory: 2621/3656 4080/4115
--------   当前进度:  81 % - 组装矩阵
Memory: 2621/3656 4081/4115
--------   当前进度:  81 % - 求解线性方程组
Memory: 2629/3656 4088/4121
--------   当前进度:  81 % - 组装矩阵
Memory: 2637/3656 4097/4122
   -        9960           - out
  87       10015         120     4926  564 4926     2     0      0
                   Group #1:      821   94  821                     5.3e-16  3.5e-16
                   Group #2:      821   94  821                     3.1e-16  1.9e-16
                   Group #3:      821   94  821                     3.9e-16  1.7e-16
                   Group #4:      821   94  821                     3.4e-16  1.3e-16
                   Group #5:      821   94  821                     2.8e-16  1.2e-16
                   Group #6:      821   94  821                     3.4e-16  1.3e-16
--------   当前进度:  81 % - 组装稀疏模式
Memory: 2637/3656 4096/4129
--------   当前进度:  81 % - 组装矩阵
--------   当前进度:  81 % - 求解线性方程组
Memory: 2643/3656 4101/4135
--------   当前进度:  81 % - 组装矩阵
Memory: 2659/3656 4118/4135
--------   当前进度:  81 % - 求解线性方程组
Memory: 2643/3656 4102/4135
--------   当前进度:  81 % - 组装矩阵
--------   当前进度:  81 % - 
Memory: 2644/3656 4103/4136
--------   当前进度:  81 % - 组装矩阵
   -       10080           - out
--------   当前进度:  81 % - 
  88       10135         120     4986  570 4986     2     0      0
                   Group #1:      831   95  831                     5.4e-16  3.6e-16
                   Group #2:      831   95  831                     2.6e-16  1.6e-16
                   Group #3:      831   95  831                     3.6e-16  1.6e-16
                   Group #4:      831   95  831                     3.3e-16  1.3e-16
                   Group #5:      831   95  831                       4e-16  1.4e-16
                   Group #6:      831   95  831                     3.6e-16  1.4e-16
--------   当前进度:  81 % - 组装矩阵
Memory: 2661/3656 4119/4136
--------   当前进度:  81 % - 组装稀疏模式
Memory: 2644/3656 4103/4136
--------   当前进度:  81 % - 组装矩阵
Memory: 2660/3656 4120/4136
--------   当前进度:  81 % - 组装稀疏模式
Memory: 2645/3656 4104/4138
--------   当前进度:  81 % - 组装矩阵
--------   当前进度:  81 % - 求解线性方程组
Memory: 2646/3656 4105/4138
--------   当前进度:  81 % - 组装矩阵
--------   当前进度:  81 % - 求解线性方程组
Memory: 2651/3656 4110/4142
--------   当前进度:  81 % - 组装矩阵
Memory: 2651/3656 4110/4143
   -       10200           - out
--------   当前进度:  82 % - 组装矩阵
Memory: 2669/3656 4128/4144
  89       10255         120     5040  576 5040     2     0      0
                   Group #1:      840   96  840                     5.3e-16  3.4e-16
                   Group #2:      840   96  840                     3.5e-16  2.1e-16
                   Group #3:      840   96  840                     3.5e-16  1.6e-16
                   Group #4:      840   96  840                     3.4e-16  1.3e-16
                   Group #5:      840   96  840                     3.3e-16  1.2e-16
                   Group #6:      840   96  840                     3.3e-16  1.3e-16
--------   当前进度:  82 % - 组装稀疏模式
Memory: 2653/3656 4111/4144
--------   当前进度:  82 % - 组装矩阵
Memory: 2671/3656 4130/4144
--------   当前进度:  82 % - 求解线性方程组
Memory: 2655/3656 4113/4147
--------   当前进度:  82 % - 组装矩阵
   -       10320           - out
  90       10375         120     5088  582 5088     2     0      0
                   Group #1:      848   97  848                     5.8e-16  4.3e-16
                   Group #2:      848   97  848                     3.2e-16    2e-16
                   Group #3:      848   97  848                     3.2e-16  1.6e-16
                   Group #4:      848   97  848                     3.4e-16  1.3e-16
                   Group #5:      848   97  848                     3.4e-16  1.4e-16
                   Group #6:      848   97  848                     3.3e-16  1.3e-16
--------   当前进度:  82 % - 组装稀疏模式
Memory: 2660/3656 4119/4152
--------   当前进度:  82 % - 组装矩阵
Memory: 2678/3656 4137/4152
--------   当前进度:  82 % - 求解线性方程组
Memory: 2665/3656 4123/4157
--------   当前进度:  82 % - 组装矩阵
   -       10440           - out
  91       10495         120     5136  588 5136     2     0      0
                   Group #1:      856   98  856                     4.8e-16  3.2e-16
                   Group #2:      856   98  856                     3.1e-16  2.1e-16
                   Group #3:      856   98  856                     3.3e-16  1.6e-16
                   Group #4:      856   98  856                     3.5e-16  1.4e-16
                   Group #5:      856   98  856                     3.1e-16  1.3e-16
                   Group #6:      856   98  856                     3.5e-16  1.4e-16
--------   当前进度:  82 % - 
Memory: 2675/3656 4133/4166
--------   当前进度:  82 % - 组装矩阵
Memory: 2692/3656 4150/4166
--------   当前进度:  82 % - 组装稀疏模式
Memory: 2675/3656 4133/4166
--------   当前进度:  82 % - 组装矩阵
Memory: 2692/3656 4151/4166
--------   当前进度:  82 % - 组装稀疏模式
Memory: 2676/3656 4134/4168
--------   当前进度:  82 % - 组装矩阵
--------   当前进度:  82 % - 求解线性方程组
Memory: 2686/3656 4144/4178
--------   当前进度:  82 % - 组装矩阵
--------   当前进度:  82 % - 求解线性方程组
--------   当前进度:  82 % - 组装矩阵
--------   当前进度:  82 % - 求解线性方程组
--------   当前进度:  82 % - 组装矩阵
   -       10560           - out
--------   当前进度:  83 % - 组装矩阵
Memory: 2704/3656 4163/4179
  92       10615         120     5184  594 5184     2     0      0
                   Group #1:      864   99  864                     6.3e-16  4.2e-16
                   Group #2:      864   99  864                     2.9e-16  1.9e-16
                   Group #3:      864   99  864                     2.9e-16  1.5e-16
                   Group #4:      864   99  864                     3.4e-16  1.3e-16
                   Group #5:      864   99  864                     3.5e-16  1.5e-16
                   Group #6:      864   99  864                     3.3e-16  1.3e-16
--------   当前进度:  83 % - 求解线性方程组
Memory: 2695/3656 4153/4179
--------   当前进度:  83 % - 组装矩阵
Memory: 2688/3656 4147/4179
--------   当前进度:  83 % - 矩阵分解
Memory: 2686/3656 4143/4180
--------   当前进度:  83 % - 组装矩阵
Memory: 2705/3656 4164/4183
   -       10680           - out
  93       10735         120     5232  600 5232     2     0      0
                   Group #1:      872  100  872                     5.3e-16  3.6e-16
                   Group #2:      872  100  872                       3e-16  2.1e-16
                   Group #3:      872  100  872                     3.2e-16  1.7e-16
                   Group #4:      872  100  872                     3.5e-16  1.4e-16
                   Group #5:      872  100  872                     3.1e-16  1.3e-16
                   Group #6:      872  100  872                     3.2e-16  1.3e-16
--------   当前进度:  83 % - 组装稀疏模式
Memory: 2698/3656 4157/4190
--------   当前进度:  83 % - 组装矩阵
--------   当前进度:  83 % - 求解线性方程组
Memory: 2700/3656 4158/4192
--------   当前进度:  83 % - 组装矩阵
   -       10800           - out
--------   当前进度:  84 % - 组装矩阵
Memory: 2723/3656 4182/4198
  94       10855         120     5292  606 5292     2     0      0
                   Group #1:      882  101  882                     5.8e-16    4e-16
                   Group #2:      882  101  882                     3.4e-16  2.1e-16
                   Group #3:      882  101  882                     2.6e-16  1.2e-16
                   Group #4:      882  101  882                     3.3e-16  1.3e-16
                   Group #5:      882  101  882                     2.3e-16  1.2e-16
                   Group #6:      882  101  882                     3.4e-16  1.3e-16
--------   当前进度:  84 % - 组装稀疏模式
Memory: 2707/3656 4166/4199
--------   当前进度:  84 % - 组装矩阵
Memory: 2709/3656 4167/4199
--------   当前进度:  84 % - 求解线性方程组
Memory: 2708/3656 4167/4201
--------   当前进度:  84 % - 组装矩阵
--------   当前进度:  84 % - 求解线性方程组
Memory: 2712/3656 4171/4204
--------   当前进度:  84 % - 组装矩阵
   -       10920           - out
  95       10975         120     5346  612 5346     2     0      0
                   Group #1:      891  102  891                     4.9e-16  3.6e-16
                   Group #2:      891  102  891                     3.2e-16    2e-16
                   Group #3:      891  102  891                     3.3e-16  1.5e-16
                   Group #4:      891  102  891                     3.4e-16  1.3e-16
                   Group #5:      891  102  891                     3.4e-16  1.4e-16
                   Group #6:      891  102  891                     3.2e-16  1.2e-16
--------   当前进度:  84 % - 组装稀疏模式
Memory: 2715/3656 4174/4206
--------   当前进度:  84 % - 组装矩阵
Memory: 2734/3656 4193/4206
--------   当前进度:  84 % - 求解线性方程组
Memory: 2726/3656 4185/4218
--------   当前进度:  84 % - 组装矩阵
   -       11040           - out
  96       11095         120     5406  618 5406     2     0      0
                   Group #1:      901  103  901                     6.1e-16    4e-16
                   Group #2:      901  103  901                     2.9e-16  1.7e-16
                   Group #3:      901  103  901                     4.5e-16  1.8e-16
                   Group #4:      901  103  901                     3.3e-16  1.3e-16
                   Group #5:      901  103  901                     2.9e-16  1.1e-16
                   Group #6:      901  103  901                     3.3e-16  1.3e-16
--------   当前进度:  84 % - 组装稀疏模式
Memory: 2737/3656 4196/4229
--------   当前进度:  84 % - 组装矩阵
Memory: 2753/3656 4213/4229
   -       11160           - out
--------   当前进度:  85 % - 组装矩阵
Memory: 2763/3656 4223/4239
  97       11215         120     5466  624 5466     2     0      0
                   Group #1:      911  104  911                     5.2e-16  3.7e-16
                   Group #2:      911  104  911                     3.1e-16    2e-16
                   Group #3:      911  104  911                     3.2e-16  1.5e-16
                   Group #4:      911  104  911                     3.5e-16  1.4e-16
                   Group #5:      911  104  911                     3.3e-16  1.3e-16
                   Group #6:      911  104  911                     3.4e-16  1.4e-16
--------   当前进度:  85 % - 组装稀疏模式
Memory: 2747/3656 4206/4239
--------   当前进度:  85 % - 组装矩阵
Memory: 2763/3656 4222/4239
--------   当前进度:  85 % - 
Memory: 2770/3656 4229/4239
--------   当前进度:  85 % - 组装矩阵
Memory: 2747/3656 4206/4239
--------   当前进度:  85 % - 求解线性方程组
Memory: 2747/3656 4206/4240
--------   当前进度:  85 % - 组装矩阵
Memory: 2757/3656 4216/4240
--------   当前进度:  85 % - 求解线性方程组
Memory: 2749/3656 4208/4241
--------   当前进度:  85 % - 组装矩阵
--------   当前进度:  85 % - 求解线性方程组
Memory: 2752/3656 4211/4245
--------   当前进度:  85 % - 组装矩阵
--------   当前进度:  85 % - 求解线性方程组
Memory: 2753/3656 4213/4246
--------   当前进度:  85 % - 组装矩阵
--------   当前进度:  85 % - 求解线性方程组
Memory: 2754/3656 4213/4246
--------   当前进度:  85 % - 组装矩阵
   -       11280           - out
--------   当前进度:  85 % - 
  98       11335         120     5526  630 5526     2     0      0
                   Group #1:      921  105  921                     6.6e-16  4.3e-16
                   Group #2:      921  105  921                     3.5e-16    2e-16
                   Group #3:      921  105  921                     3.2e-16  1.5e-16
                   Group #4:      921  105  921                     3.4e-16  1.3e-16
                   Group #5:      921  105  921                     3.1e-16  1.2e-16
                   Group #6:      921  105  921                     3.1e-16  1.2e-16
--------   当前进度:  85 % - 组装矩阵
Memory: 2768/3656 4227/4246
--------   当前进度:  85 % - 组装稀疏模式
Memory: 2754/3656 4213/4246
--------   当前进度:  85 % - 组装矩阵
Memory: 2770/3656 4229/4246
--------   当前进度:  85 % - 求解线性方程组
Memory: 2759/3656 4218/4252
--------   当前进度:  85 % - 组装矩阵
--------   当前进度:  85 % - 求解线性方程组
Memory: 2760/3656 4219/4253
--------   当前进度:  85 % - 组装矩阵
Memory: 2760/3656 4220/4253
   -       11400           - out
  99       11455         120     5586  636 5586     2     0      0
                   Group #1:      931  106  931                     5.7e-16  3.5e-16
                   Group #2:      931  106  931                       3e-16  1.9e-16
                   Group #3:      931  106  931                     3.2e-16  1.3e-16
                   Group #4:      931  106  931                     3.6e-16  1.4e-16
                   Group #5:      931  106  931                     3.4e-16  1.2e-16
                   Group #6:      931  106  931                     3.2e-16  1.2e-16
--------   当前进度:  85 % - 组装稀疏模式
Memory: 2764/3656 4223/4257
--------   当前进度:  85 % - 组装矩阵
--------   当前进度:  85 % - 求解线性方程组
--------   当前进度:  85 % - 组装矩阵
--------   当前进度:  85 % - 求解线性方程组
Memory: 2769/3656 4228/4261
--------   当前进度:  85 % - 组装矩阵
   -       11520           - out
--------   当前进度:  86 % - 组装矩阵
Memory: 2798/3656 4258/4273
 100       11575         120     5652  642 5652     2     0      0
                   Group #1:      942  107  942                       6e-16  3.9e-16
                   Group #2:      942  107  942                     3.2e-16  1.9e-16
                   Group #3:      942  107  942                     3.8e-16  1.4e-16
                   Group #4:      942  107  942                     3.5e-16  1.4e-16
                   Group #5:      942  107  942                       3e-16  1.3e-16
                   Group #6:      942  107  942                     3.4e-16  1.3e-16
--------   当前进度:  86 % - 组装稀疏模式
Memory: 2782/3656 4241/4273
--------   当前进度:  86 % - 组装矩阵
Memory: 2805/3656 4264/4273
--------   当前进度:  86 % - 求解线性方程组
Memory: 2787/3656 4247/4278
--------   当前进度:  86 % - 组装矩阵
Memory: 2788/3656 4247/4280
--------   当前进度:  86 % - 求解线性方程组
Memory: 2791/3656 4251/4284
--------   当前进度:  86 % - 组装矩阵
   -       11640           - out
 101       11695         120     5718  648 5718     2     0      0
                   Group #1:      953  108  953                     4.5e-16  3.1e-16
                   Group #2:      953  108  953                     3.3e-16  1.9e-16
                   Group #3:      953  108  953                     2.7e-16  1.1e-16
                   Group #4:      953  108  953                     3.4e-16  1.4e-16
                   Group #5:      953  108  953                     3.5e-16  1.3e-16
                   Group #6:      953  108  953                     3.1e-16  1.2e-16
--------   当前进度:  86 % - 组装稀疏模式
Memory: 2796/3656 4256/4289
--------   当前进度:  86 % - 组装矩阵
--------   当前进度:  86 % - 求解线性方程组
Memory: 2802/3656 4261/4294
--------   当前进度:  86 % - 组装矩阵
   -       11760           - out
 102       11815         120     5766  654 5766     2     0      0
                   Group #1:      961  109  961                     5.6e-16  3.7e-16
                   Group #2:      961  109  961                     3.1e-16    2e-16
                   Group #3:      961  109  961                     3.4e-16  1.6e-16
                   Group #4:      961  109  961                     3.5e-16  1.4e-16
                   Group #5:      961  109  961                     2.9e-16  1.2e-16
                   Group #6:      961  109  961                       3e-16  1.1e-16
--------   当前进度:  86 % - 组装稀疏模式
Memory: 2806/3656 4265/4298
--------   当前进度:  86 % - 组装矩阵
--------   当前进度:  86 % - 求解线性方程组
--------   当前进度:  86 % - 组装矩阵
   -       11880           - out
--------   当前进度:  87 % - 组装矩阵
Memory: 2815/3656 4273/4304
--------   当前进度:  87 % - 
Memory: 2812/3656 4271/4304
 103       11935         120     5826  660 5826     2     0      0
                   Group #1:      971  110  971                     6.7e-16  4.8e-16
                   Group #2:      971  110  971                     3.4e-16  2.2e-16
                   Group #3:      971  110  971                     3.3e-16  1.5e-16
                   Group #4:      971  110  971                     3.2e-16  1.3e-16
                   Group #5:      971  110  971                     2.9e-16  1.2e-16
                   Group #6:      971  110  971                     3.3e-16  1.3e-16
--------   当前进度:  87 % - 组装矩阵
Memory: 2821/3656 4279/4304
--------   当前进度:  87 % - 求解线性方程组
Memory: 2819/3656 4278/4304
--------   当前进度:  87 % - 组装矩阵
Memory: 2814/3656 4272/4304
--------   当前进度:  87 % - 组装稀疏模式
Memory: 2814/3656 4272/4306
--------   当前进度:  87 % - 组装矩阵
Memory: 2815/3656 4274/4306
--------   当前进度:  87 % - 求解线性方程组
Memory: 2815/3656 4273/4309
--------   当前进度:  87 % - 组装矩阵
--------   当前进度:  87 % - 求解线性方程组
--------   当前进度:  87 % - 组装矩阵
Memory: 2847/3656 4305/4309
--------   当前进度:  87 % - 求解线性方程组
Memory: 2819/3656 4278/4311
--------   当前进度:  87 % - 组装矩阵
Memory: 2821/3656 4280/4311
   -       12000           - out
 104       12055         120     5880  666 5880     2     0      0
                   Group #1:      980  111  980                     5.4e-16  3.7e-16
                   Group #2:      980  111  980                     3.3e-16    2e-16
                   Group #3:      980  111  980                     3.2e-16  1.5e-16
                   Group #4:      980  111  980                     3.2e-16  1.3e-16
                   Group #5:      980  111  980                     3.1e-16  1.3e-16
                   Group #6:      980  111  980                     3.5e-16  1.3e-16
--------   当前进度:  87 % - 矩阵分解
Memory: 2830/3656 4292/4323
--------   当前进度:  87 % - 组装矩阵
Memory: 2830/3656 4289/4327
--------   当前进度:  87 % - 求解线性方程组
Memory: 2835/3656 4294/4327
--------   当前进度:  87 % - 组装矩阵
--------   当前进度:  87 % - 
Memory: 2837/3656 4296/4328
--------   当前进度:  87 % - 组装矩阵
--------   当前进度:  87 % - 求解线性方程组
Memory: 2843/3656 4302/4333
--------   当前进度:  87 % - 组装矩阵
Memory: 2844/3656 4303/4333
   -       12120           - out
 105       12175         120     5940  672 5940     2     0      0
                   Group #1:      990  112  990                     4.7e-16  3.4e-16
                   Group #2:      990  112  990                     3.4e-16  2.3e-16
                   Group #3:      990  112  990                     3.7e-16  1.7e-16
                   Group #4:      990  112  990                     3.5e-16  1.4e-16
                   Group #5:      990  112  990                     3.2e-16  1.3e-16
                   Group #6:      990  112  990                     3.2e-16  1.3e-16
--------   当前进度:  87 % - 组装稀疏模式
Memory: 2850/3656 4312/4340
--------   当前进度:  87 % - 组装矩阵
Memory: 2871/3656 4333/4340
--------   当前进度:  87 % - 组装稀疏模式
Memory: 2852/3656 4313/4346
--------   当前进度:  87 % - 组装矩阵
   -       12240           - out
--------   当前进度:  88 % - 组装矩阵
Memory: 2876/3656 4336/4353
 106       12295         120     6000  678 6000     2     0      0
                   Group #1:     1000  113 1000                     5.3e-16  3.4e-16
                   Group #2:     1000  113 1000                     3.4e-16    2e-16
                   Group #3:     1000  113 1000                     3.4e-16  1.6e-16
                   Group #4:     1000  113 1000                     3.3e-16  1.4e-16
                   Group #5:     1000  113 1000                       3e-16  1.2e-16
                   Group #6:     1000  113 1000                     3.3e-16  1.3e-16
--------   当前进度:  88 % - 求解线性方程组
Memory: 2867/3656 4327/4353
--------   当前进度:  88 % - 组装矩阵
Memory: 2860/3656 4320/4353
--------   当前进度:  88 % - 组装稀疏模式
--------   当前进度:  88 % - 组装矩阵
--------   当前进度:  88 % - 求解线性方程组
Memory: 2857/3656 4317/4354
--------   当前进度:  88 % - 组装矩阵
--------   当前进度:  88 % - 求解线性方程组
Memory: 2862/3656 4318/4354
--------   当前进度:  88 % - 组装矩阵
--------   当前进度:  88 % - 求解线性方程组
Memory: 2863/3656 4319/4354
--------   当前进度:  88 % - 组装矩阵
   -       12360           - out
--------   当前进度:  88 % - 
 107       12415         120     6054  684 6054     2     0      0
                   Group #1:     1009  114 1009                     6.1e-16  3.6e-16
                   Group #2:     1009  114 1009                     3.6e-16  2.2e-16
                   Group #3:     1009  114 1009                     3.3e-16  1.6e-16
                   Group #4:     1009  114 1009                     3.6e-16  1.4e-16
                   Group #5:     1009  114 1009                     3.4e-16  1.3e-16
                   Group #6:     1009  114 1009                     3.2e-16  1.3e-16
--------   当前进度:  88 % - 组装矩阵
Memory: 2872/3656 4328/4354
--------   当前进度:  88 % - 组装稀疏模式
Memory: 2863/3656 4319/4354
--------   当前进度:  88 % - 组装矩阵
Memory: 2880/3656 4336/4354
--------   当前进度:  88 % - 组装稀疏模式
Memory: 2865/3656 4321/4354
--------   当前进度:  88 % - 组装矩阵
   -       12480           - out
 108       12535         120     6114  690 6114     2     0      0
                   Group #1:     1019  115 1019                     5.7e-16  3.7e-16
                   Group #2:     1019  115 1019                       3e-16  1.9e-16
                   Group #3:     1019  115 1019                     2.8e-16  1.4e-16
                   Group #4:     1019  115 1019                     3.3e-16  1.3e-16
                   Group #5:     1019  115 1019                     3.5e-16  1.3e-16
                   Group #6:     1019  115 1019                     3.1e-16  1.3e-16
--------   当前进度:  88 % - 组装稀疏模式
Memory: 2882/3656 4350/4384
--------   当前进度:  88 % - 组装矩阵
--------   当前进度:  88 % - 求解线性方程组
--------   当前进度:  88 % - 组装矩阵
--------   当前进度:  88 % - 求解线性方程组
Memory: 2884/3656 4353/4384
--------   当前进度:  88 % - 组装矩阵
--------   当前进度:  88 % - 求解线性方程组
Memory: 2890/3656 4355/4388
--------   当前进度:  88 % - 组装矩阵
   -       12600           - out
--------   当前进度:  89 % - 组装矩阵
Memory: 2919/3656 4383/4400
 109       12655         120     6174  696 6174     2     0      0
                   Group #1:     1029  116 1029                     4.8e-16  3.3e-16
                   Group #2:     1029  116 1029                     2.9e-16  1.9e-16
                   Group #3:     1029  116 1029                     3.2e-16  1.5e-16
                   Group #4:     1029  116 1029                     3.4e-16  1.3e-16
                   Group #5:     1029  116 1029                     2.9e-16  1.2e-16
                   Group #6:     1029  116 1029                     3.3e-16  1.3e-16
   -       12720           - out
 110       12775         120     6234  702 6234     2     0      0
                   Group #1:     1039  117 1039                     5.4e-16  3.6e-16
                   Group #2:     1039  117 1039                     3.2e-16  2.1e-16
                   Group #3:     1039  117 1039                     3.7e-16  1.6e-16
                   Group #4:     1039  117 1039                     3.4e-16  1.3e-16
                   Group #5:     1039  117 1039                     3.3e-16  1.2e-16
                   Group #6:     1039  117 1039                     3.3e-16  1.3e-16
--------   当前进度:  89 % - 矩阵分解
Memory: 2919/3656 4375/4404
--------   当前进度:  89 % - 组装矩阵
Memory: 2920/3656 4376/4404
--------   当前进度:  89 % - 求解线性方程组
Memory: 2927/3656 4375/4423
--------   当前进度:  89 % - 组装矩阵
Memory: 2944/3656 4392/4423
--------   当前进度:  89 % - 组装稀疏模式
Memory: 2929/3656 4384/4425
--------   当前进度:  89 % - 组装矩阵
 111       12802      27.318 out 6354  714 6354     2     0      0
                   Group #1:     1059  119 1059                       6e-16  4.6e-16
                   Group #2:     1059  119 1059                     3.2e-16  1.8e-16
                   Group #3:     1059  119 1059                     3.3e-16  1.7e-16
                   Group #4:     1059  119 1059                     3.6e-16  1.4e-16
                   Group #5:     1059  119 1059                     3.3e-16  1.3e-16
                   Group #6:     1059  119 1059                     3.2e-16  1.3e-16
已在“12802”触发隐式事件“6”。
已在“12802”触发隐式事件“4”。
已在“12802”触发隐式事件“2”。
已在“12802”触发隐式事件“0”。
--------   当前进度:  89 % - 约束处理
Memory: 2939/3656 4388/4428
未强制执行重新初始化状态的一致性。
--------   当前进度:  89 % - 组装矩阵
--------   当前进度:  89 % - 求解线性方程组
Memory: 2960/3656 4414/4456
--------   当前进度:  89 % - 组装矩阵
--------   当前进度:  89 % - 求解线性方程组
Memory: 2959/3656 4418/4456
--------   当前进度:  89 % - 组装矩阵
--------   当前进度:  89 % - 求解线性方程组
--------   当前进度:  89 % - 组装矩阵
Memory: 2959/3656 4414/4456
   -       12840           - out
 112       12922         120     6426  720 6426     1     0      0
                   Group #1:     1071  120 1071                     5.4e-16  3.9e-16
                   Group #2:     1071  120 1071                     3.3e-16  2.2e-16
                   Group #3:     1071  120 1071                     3.5e-16  1.5e-16
                   Group #4:     1071  120 1071                     3.3e-16  1.3e-16
                   Group #5:     1071  120 1071                     3.8e-16  1.4e-16
                   Group #6:     1071  120 1071                     3.1e-16  1.3e-16
--------   当前进度:  89 % - 矩阵分解
Memory: 2962/3656 4409/4456
--------   当前进度:  89 % - 组装矩阵
Memory: 2975/3656 4422/4456
--------   当前进度:  89 % - 求解线性方程组
Memory: 2961/3656 4414/4456
--------   当前进度:  89 % - 组装矩阵
--------   当前进度:  89 % - 求解线性方程组
Memory: 2962/3656 4415/4456
--------   当前进度:  89 % - 组装矩阵
Memory: 2964/3656 4417/4456
--------   当前进度:  89 % - 求解线性方程组
Memory: 2965/3656 4423/4460
--------   当前进度:  89 % - 组装矩阵
   -       12960           - out
---------  当前进度:  90 % - 组装矩阵
Memory: 2986/3656 4444/4465
 113       13042         120     6516  726 6516     1     0      0
                   Group #1:     1086  121 1086                     5.4e-16  3.7e-16
                   Group #2:     1086  121 1086                     3.1e-16  2.1e-16
                   Group #3:     1086  121 1086                       3e-16  1.5e-16
                   Group #4:     1086  121 1086                     3.3e-16  1.3e-16
                   Group #5:     1086  121 1086                     3.2e-16  1.2e-16
                   Group #6:     1086  121 1086                     3.2e-16  1.3e-16
---------  当前进度:  90 % - 组装稀疏模式
Memory: 2969/3656 4427/4465
---------  当前进度:  90 % - 组装矩阵
Memory: 2985/3656 4444/4465
---------  当前进度:  90 % - 矩阵分解
Memory: 2980/3656 4438/4465
---------  当前进度:  90 % - 组装矩阵
Memory: 2970/3656 4424/4465
---------  当前进度:  90 % - 组装稀疏模式
Memory: 2970/3656 4420/4465
---------  当前进度:  90 % - 组装矩阵
Memory: 2972/3656 4424/4465
---------  当前进度:  90 % - 求解线性方程组
Memory: 2978/3656 4428/4469
---------  当前进度:  90 % - 组装矩阵
Memory: 2979/3656 4429/4469
   -       13080           - out
---------  当前进度:  90 % - 
Memory: 2980/3656 4430/4471
 114       13162         120     6600  732 6600     2     0      0
                   Group #1:     1100  122 1100                     5.5e-16    4e-16
                   Group #2:     1100  122 1100                     3.1e-16  1.9e-16
                   Group #3:     1100  122 1100                       3e-16  1.4e-16
                   Group #4:     1100  122 1100                     3.3e-16  1.3e-16
                   Group #5:     1100  122 1100                       3e-16  1.2e-16
                   Group #6:     1100  122 1100                     3.4e-16  1.4e-16
---------  当前进度:  90 % - 组装矩阵
Memory: 2998/3656 4451/4471
---------  当前进度:  90 % - 组装稀疏模式
Memory: 2981/3656 4434/4471
---------  当前进度:  90 % - 组装矩阵
Memory: 3000/3656 4450/4471
---------  当前进度:  90 % - 约束处理
Memory: 2995/3656 4445/4471
---------  当前进度:  90 % - 组装矩阵
Memory: 2984/3656 4434/4471
---------  当前进度:  90 % - 组装稀疏模式
Memory: 2985/3656 4435/4471
---------  当前进度:  90 % - 组装矩阵
---------  当前进度:  90 % - 求解线性方程组
Memory: 2992/3656 4441/4475
---------  当前进度:  90 % - 组装矩阵
   -       13200           - out
---------  当前进度:  91 % - 组装矩阵
Memory: 3010/3656 4460/4476
 115       13282         120     6636  738 6636     2     0      0
                   Group #1:     1106  123 1106                     4.4e-16  3.3e-16
                   Group #2:     1106  123 1106                     3.1e-16  1.9e-16
                   Group #3:     1106  123 1106                     3.5e-16  1.4e-16
                   Group #4:     1106  123 1106                     3.1e-16  1.3e-16
                   Group #5:     1106  123 1106                     3.2e-16  1.2e-16
                   Group #6:     1106  123 1106                     3.2e-16  1.2e-16
---------  当前进度:  91 % - 
Memory: 2994/3656 4443/4476
---------  当前进度:  91 % - 组装矩阵
Memory: 3010/3656 4460/4476
---------  当前进度:  91 % - 组装稀疏模式
Memory: 3003/3656 4453/4476
---------  当前进度:  91 % - 组装矩阵
Memory: 3010/3656 4461/4476
---------  当前进度:  91 % - 矩阵分解
Memory: 3000/3656 4450/4476
---------  当前进度:  91 % - 组装矩阵
Memory: 2996/3656 4445/4477
---------  当前进度:  91 % - 组装稀疏模式
Memory: 2996/3656 4446/4479
---------  当前进度:  91 % - 组装矩阵
Memory: 2995/3656 4442/4479
   -       13320           - out
 116       13402         120     6660  744 6660     2     0      0
                   Group #1:     1110  124 1110                     4.8e-16    4e-16
                   Group #2:     1110  124 1110                     3.2e-16  1.5e-16
                   Group #3:     1110  124 1110                     3.1e-16  1.5e-16
                   Group #4:     1110  124 1110                     3.2e-16  1.3e-16
                   Group #5:     1110  124 1110                       3e-16  1.1e-16
                   Group #6:     1110  124 1110                     3.2e-16  1.3e-16
---------  当前进度:  91 % - 组装稀疏模式
Memory: 3002/3656 4449/4491
---------  当前进度:  91 % - 组装矩阵
Memory: 3020/3656 4466/4491
---------  当前进度:  91 % - 组装稀疏模式
Memory: 3004/3656 4462/4496
---------  当前进度:  91 % - 组装矩阵
   -       13440           - out
 117       13522         120     6684  750 6684     2     0      0
                   Group #1:     1114  125 1114                       5e-16  4.3e-16
                   Group #2:     1114  125 1114                     3.7e-16  1.7e-16
                   Group #3:     1114  125 1114                     3.2e-16  1.4e-16
                   Group #4:     1114  125 1114                     3.8e-16  1.4e-16
                   Group #5:     1114  125 1114                     3.4e-16  1.3e-16
                   Group #6:     1114  125 1114                     3.4e-16  1.3e-16
---------  当前进度:  91 % - 约束处理
Memory: 3013/3656 4465/4502
---------  当前进度:  91 % - 组装矩阵
   -       13560           - out
---------  当前进度:  92 % - 组装矩阵
Memory: 3025/3656 4472/4505
 118       13642         120     6708  756 6708     2     0      0
                   Group #1:     1118  126 1118                     5.7e-16  4.7e-16
                   Group #2:     1118  126 1118                     3.2e-16  1.5e-16
                   Group #3:     1118  126 1118                     3.3e-16  1.4e-16
                   Group #4:     1118  126 1118                     3.4e-16  1.4e-16
                   Group #5:     1118  126 1118                     3.2e-16  1.2e-16
                   Group #6:     1118  126 1118                     3.1e-16  1.2e-16
---------  当前进度:  92 % - 组装稀疏模式
Memory: 3017/3656 4464/4505
---------  当前进度:  92 % - 组装矩阵
Memory: 3033/3656 4480/4505
   -       13680           - out
 119       13762         120     6732  762 6732     2     0      0
                   Group #1:     1122  127 1122                     5.1e-16  4.4e-16
                   Group #2:     1122  127 1122                     3.9e-16  1.7e-16
                   Group #3:     1122  127 1122                     3.3e-16  1.4e-16
                   Group #4:     1122  127 1122                     3.5e-16  1.4e-16
                   Group #5:     1122  127 1122                     3.1e-16  1.3e-16
                   Group #6:     1122  127 1122                     3.3e-16  1.3e-16
---------  当前进度:  92 % - 组装稀疏模式
Memory: 3020/3656 4472/4509
---------  当前进度:  92 % - 组装矩阵
Memory: 3037/3656 4488/4509
---------  当前进度:  92 % - 组装稀疏模式
Memory: 3022/3656 4469/4509
---------  当前进度:  92 % - 组装矩阵
---------  当前进度:  92 % - 求解线性方程组
Memory: 3024/3656 4471/4512
---------  当前进度:  92 % - 组装矩阵
   -       13800           - out
 120       13882         120     6756  768 6756     2     0      0
                   Group #1:     1126  128 1126                     5.3e-16  4.4e-16
                   Group #2:     1126  128 1126                     3.9e-16  1.7e-16
                   Group #3:     1126  128 1126                     3.6e-16  1.5e-16
                   Group #4:     1126  128 1126                     3.5e-16  1.3e-16
                   Group #5:     1126  128 1126                     3.2e-16  1.3e-16
                   Group #6:     1126  128 1126                     3.3e-16  1.2e-16
---------  当前进度:  92 % - 求解线性方程组
Memory: 3026/3656 4477/4515
---------  当前进度:  92 % - 组装矩阵
Memory: 3043/3656 4494/4515
   -       13920           - out
---------  当前进度:  93 % - 组装矩阵
Memory: 3046/3656 4505/4522
 121       14002         120     6780  774 6780     2     0      0
                   Group #1:     1130  129 1130                     5.4e-16  4.3e-16
                   Group #2:     1130  129 1130                     3.9e-16  1.7e-16
                   Group #3:     1130  129 1130                     3.5e-16  1.4e-16
                   Group #4:     1130  129 1130                     3.7e-16  1.4e-16
                   Group #5:     1130  129 1130                     3.3e-16  1.2e-16
                   Group #6:     1130  129 1130                     3.3e-16  1.3e-16
   -       14040           - out
 122       14122         120     6792  780 6792     2     0      0
                   Group #1:     1132  130 1132                     5.4e-16  4.3e-16
                   Group #2:     1132  130 1132                     3.6e-16  1.6e-16
                   Group #3:     1132  130 1132                     3.3e-16  1.4e-16
                   Group #4:     1132  130 1132                     3.4e-16  1.4e-16
                   Group #5:     1132  130 1132                     3.5e-16  1.4e-16
                   Group #6:     1132  130 1132                     3.4e-16  1.3e-16
---------  当前进度:  93 % - 求解线性方程组
Memory: 3036/3656 4494/4528
---------  当前进度:  93 % - 组装矩阵
   -       14160           - out
 123       14242         120     6816  786 6816     2     0      0
                   Group #1:     1136  131 1136                     5.4e-16  4.3e-16
                   Group #2:     1136  131 1136                     3.8e-16  1.7e-16
                   Group #3:     1136  131 1136                     3.6e-16  1.4e-16
                   Group #4:     1136  131 1136                     3.3e-16  1.3e-16
                   Group #5:     1136  131 1136                     2.9e-16  1.2e-16
                   Group #6:     1136  131 1136                     3.2e-16  1.3e-16
---------  当前进度:  93 % - 组装稀疏模式
Memory: 3038/3656 4496/4530
---------  当前进度:  93 % - 组装矩阵
Memory: 3061/3656 4520/4530
---------  当前进度:  93 % - 组装稀疏模式
Memory: 3038/3656 4496/4530
---------  当前进度:  93 % - 组装矩阵
   -       14280           - out
---------  当前进度:  94 % - 组装矩阵
Memory: 3057/3656 4516/4533
 124       14362         120     6834  792 6834     2     0      0
                   Group #1:     1139  132 1139                     5.6e-16  4.2e-16
                   Group #2:     1139  132 1139                     3.5e-16  2.1e-16
                   Group #3:     1139  132 1139                     3.2e-16  1.3e-16
                   Group #4:     1139  132 1139                     3.4e-16  1.3e-16
                   Group #5:     1139  132 1139                     3.5e-16  1.3e-16
                   Group #6:     1139  132 1139                     3.3e-16  1.3e-16
---------  当前进度:  94 % - 组装稀疏模式
Memory: 3049/3656 4514/4533
---------  当前进度:  94 % - 组装矩阵
Memory: 3058/3656 4516/4533
---------  当前进度:  94 % - 
Memory: 3051/3656 4510/4533
---------  当前进度:  94 % - 组装矩阵
Memory: 3041/3656 4499/4533
---------  当前进度:  94 % - 组装稀疏模式
Memory: 3041/3656 4500/4533
---------  当前进度:  94 % - 组装矩阵
---------  当前进度:  94 % - 求解线性方程组
Memory: 3042/3656 4501/4535
---------  当前进度:  94 % - 组装矩阵
   -       14400           - out
---------  当前进度:  94 % - 
Memory: 3044/3656 4503/4536
 125       14482         120     6858  798 6858     2     0      0
                   Group #1:     1143  133 1143                     5.5e-16  4.2e-16
                   Group #2:     1143  133 1143                     3.5e-16  1.8e-16
                   Group #3:     1143  133 1143                     3.2e-16  1.4e-16
                   Group #4:     1143  133 1143                     3.6e-16  1.5e-16
                   Group #5:     1143  133 1143                     3.3e-16  1.3e-16
                   Group #6:     1143  133 1143                     3.5e-16  1.4e-16
---------  当前进度:  94 % - 组装矩阵
Memory: 3053/3656 4511/4536
---------  当前进度:  94 % - 矩阵分解
Memory: 3038/3656 4497/4536
---------  当前进度:  94 % - 组装矩阵
Memory: 3046/3656 4505/4536
   -       14520           - out
 126       14602         120     6870  804 6870     2     0      0
                   Group #1:     1145  134 1145                     5.4e-16  4.1e-16
                   Group #2:     1145  134 1145                     3.7e-16  1.6e-16
                   Group #3:     1145  134 1145                     3.5e-16  1.4e-16
                   Group #4:     1145  134 1145                     3.3e-16  1.3e-16
                   Group #5:     1145  134 1145                     3.2e-16  1.2e-16
                   Group #6:     1145  134 1145                     3.3e-16  1.3e-16
---------  当前进度:  94 % - 组装稀疏模式
Memory: 3058/3656 4517/4536
---------  当前进度:  94 % - 组装矩阵
Memory: 3057/3656 4516/4536
---------  当前进度:  94 % - 矩阵分解
Memory: 3042/3656 4501/4536
---------  当前进度:  94 % - 组装矩阵
Memory: 3042/3656 4500/4536
---------  当前进度:  94 % - 求解线性方程组
---------  当前进度:  94 % - 组装矩阵
Memory: 3044/3656 4502/4536
   -       14640           - out
---------  当前进度:  95 % - 组装矩阵
Memory: 3048/3656 4506/4539
 127       14722         120     6894  810 6894     2     0      0
                   Group #1:     1149  135 1149                     5.5e-16  4.3e-16
                   Group #2:     1149  135 1149                     3.8e-16  1.7e-16
                   Group #3:     1149  135 1149                     3.4e-16  1.4e-16
                   Group #4:     1149  135 1149                     3.5e-16  1.4e-16
                   Group #5:     1149  135 1149                     3.1e-16  1.2e-16
                   Group #6:     1149  135 1149                     3.3e-16  1.3e-16
---------  当前进度:  95 % - 组装稀疏模式
---------  当前进度:  95 % - 组装矩阵
Memory: 3065/3656 4524/4539
---------  当前进度:  95 % - 组装稀疏模式
Memory: 3049/3656 4508/4542
---------  当前进度:  95 % - 组装矩阵
Memory: 3050/3656 4508/4542
---------  当前进度:  95 % - 约束处理
Memory: 3052/3656 4510/4542
---------  当前进度:  95 % - 组装矩阵
   -       14760           - out
 128       14842         120     6912  816 6912     2     0      0
                   Group #1:     1152  136 1152                     5.3e-16  3.9e-16
                   Group #2:     1152  136 1152                     3.6e-16  1.8e-16
                   Group #3:     1152  136 1152                     3.5e-16  1.4e-16
                   Group #4:     1152  136 1152                     3.3e-16  1.3e-16
                   Group #5:     1152  136 1152                     2.8e-16  1.2e-16
                   Group #6:     1152  136 1152                     3.2e-16  1.3e-16
---------  当前进度:  95 % - 组装稀疏模式
Memory: 3061/3656 4520/4546
---------  当前进度:  95 % - 组装矩阵
Memory: 3074/3656 4532/4546
---------  当前进度:  95 % - 矩阵分解
Memory: 3064/3656 4523/4546
---------  当前进度:  95 % - 组装矩阵
Memory: 3057/3656 4516/4549
---------  当前进度:  95 % - 求解线性方程组
Memory: 3062/3656 4520/4554
---------  当前进度:  95 % - 组装矩阵
---------  当前进度:  95 % - 求解线性方程组
---------  当前进度:  95 % - 组装矩阵
   -       14880           - out
 129       14962         120     6936  822 6936     2     0      0
                   Group #1:     1156  137 1156                     5.6e-16  4.2e-16
                   Group #2:     1156  137 1156                     3.4e-16  1.8e-16
                   Group #3:     1156  137 1156                     3.4e-16  1.5e-16
                   Group #4:     1156  137 1156                     3.4e-16  1.4e-16
                   Group #5:     1156  137 1156                     2.1e-16  1.3e-16
                   Group #6:     1156  137 1156                       4e-16  1.5e-16
---------  当前进度:  95 % - 组装稀疏模式
Memory: 3083/3656 4542/4555
---------  当前进度:  95 % - 组装矩阵
Memory: 3079/3656 4538/4555
---------  当前进度:  95 % - 求解线性方程组
Memory: 3070/3656 4529/4555
---------  当前进度:  95 % - 组装矩阵
Memory: 3063/3656 4522/4555
---------  当前进度:  95 % - 求解线性方程组
Memory: 3073/3656 4528/4565
---------  当前进度:  95 % - 组装矩阵
---------  当前进度:  95 % - 组装稀疏模式
Memory: 3080/3656 4524/4565
---------  当前进度:  95 % - 组装矩阵
Memory: 3096/3656 4541/4565
---------  当前进度:  95 % - 组装稀疏模式
Memory: 3080/3656 4532/4570
---------  当前进度:  95 % - 组装矩阵
 130       14969      6.3063 out 7038  834 7038     2     0      0
                   Group #1:     1173  139 1173                     5.8e-16  4.2e-16
                   Group #2:     1173  139 1173                     4.1e-16  1.7e-16
                   Group #3:     1173  139 1173                     3.4e-16  1.3e-16
                   Group #4:     1173  139 1173                     3.3e-16  1.4e-16
                   Group #5:     1173  139 1173                     2.6e-16  1.2e-16
                   Group #6:     1173  139 1173                     3.3e-16  1.3e-16
已在“14969”触发隐式事件“7”。
已在“14969”触发隐式事件“5”。
已在“14969”触发隐式事件“3”。
已在“14969”触发隐式事件“1”。
---------  当前进度:  95 % - 约束处理
Memory: 3086/3656 4541/4570
未强制执行重新初始化状态的一致性。
---------  当前进度:  95 % - 组装矩阵
---------  当前进度:  95 % - 组装稀疏模式
Memory: 3080/3656 4532/4570
---------  当前进度:  95 % - 组装矩阵
Memory: 3084/3656 4537/4570
---------  当前进度:  95 % - 求解线性方程组
Memory: 3084/3656 4540/4570
---------  当前进度:  95 % - 组装矩阵
Memory: 3090/3656 4542/4570
---------  当前进度:  95 % - 求解线性方程组
Memory: 3086/3656 4535/4570
---------  当前进度:  95 % - 组装矩阵
---------  当前进度:  95 % - 求解线性方程组
Memory: 3095/3656 4536/4579
---------  当前进度:  95 % - 组装矩阵
Memory: 3104/3656 4562/4579
   -       15000           - out
---------  当前进度:  96 % - 组装矩阵
Memory: 3113/3656 4562/4582
 131       15089         120     7128  840 7128     1     0      0
                   Group #1:     1188  140 1188                     5.6e-16    4e-16
                   Group #2:     1188  140 1188                       3e-16  2.1e-16
                   Group #3:     1188  140 1188                     3.1e-16  1.4e-16
                   Group #4:     1188  140 1188                     3.4e-16  1.3e-16
                   Group #5:     1188  140 1188                     3.7e-16  1.4e-16
                   Group #6:     1188  140 1188                     3.5e-16  1.3e-16
---------  当前进度:  96 % - 组装稀疏模式
Memory: 3119/3656 4569/4582
---------  当前进度:  96 % - 组装矩阵
Memory: 3117/3656 4566/4582
---------  当前进度:  96 % - 矩阵分解
Memory: 3107/3656 4556/4582
---------  当前进度:  96 % - 组装矩阵
Memory: 3108/3656 4556/4582
---------  当前进度:  96 % - 矩阵分解
Memory: 3100/3656 4545/4582
---------  当前进度:  96 % - 组装矩阵
Memory: 3118/3656 4560/4582
---------  当前进度:  96 % - 求解线性方程组
Memory: 2989/3656 4553/4592
---------  当前进度:  96 % - 组装矩阵
---------  当前进度:  96 % - 求解线性方程组
Memory: 2991/3656 4555/4592
---------  当前进度:  96 % - 组装矩阵
---------  当前进度:  96 % - 求解线性方程组
Memory: 2992/3656 4556/4592
---------  当前进度:  96 % - 组装矩阵
---------  当前进度:  96 % - 求解线性方程组
Memory: 3000/3656 4570/4604
---------  当前进度:  96 % - 组装矩阵
   -       15120           - out
 132       15209         120     7206  846 7206     1     0      0
                   Group #1:     1201  141 1201                     6.9e-16    4e-16
                   Group #2:     1201  141 1201                     3.2e-16  2.2e-16
                   Group #3:     1201  141 1201                     3.8e-16  1.6e-16
                   Group #4:     1201  141 1201                     3.3e-16  1.3e-16
                   Group #5:     1201  141 1201                     3.3e-16  1.2e-16
                   Group #6:     1201  141 1201                     3.4e-16  1.3e-16
---------  当前进度:  96 % - 求解线性方程组
Memory: 3007/3656 4573/4613
---------  当前进度:  96 % - 组装矩阵
Memory: 3008/3656 4573/4613
---------  当前进度:  96 % - 求解线性方程组
Memory: 3014/3656 4580/4613
---------  当前进度:  96 % - 组装矩阵
---------  当前进度:  96 % - 求解线性方程组
Memory: 3010/3656 4575/4613
---------  当前进度:  96 % - 组装矩阵
---------  当前进度:  96 % - 求解线性方程组
Memory: 3010/3656 4568/4613
---------  当前进度:  96 % - 组装矩阵
Memory: 3012/3656 4571/4613
   -       15240           - out
 133       15329         120     7284  852 7284     2     0      0
                   Group #1:     1214  142 1214                     4.8e-16  3.1e-16
                   Group #2:     1214  142 1214                     3.3e-16  2.1e-16
                   Group #3:     1214  142 1214                     3.4e-16  1.5e-16
                   Group #4:     1214  142 1214                     3.3e-16  1.4e-16
                   Group #5:     1214  142 1214                     2.8e-16    1e-16
                   Group #6:     1214  142 1214                     3.4e-16  1.3e-16
---------  当前进度:  96 % - 求解线性方程组
Memory: 3020/3656 4589/4623
---------  当前进度:  96 % - 组装矩阵
---------  当前进度:  96 % - 求解线性方程组
Memory: 3022/3656 4591/4624
---------  当前进度:  96 % - 组装矩阵
---------  当前进度:  96 % - 求解线性方程组
Memory: 3022/3656 4591/4625
---------  当前进度:  96 % - 组装矩阵
---------  当前进度:  96 % - 求解线性方程组
Memory: 3024/3656 4593/4627
---------  当前进度:  96 % - 组装矩阵
   -       15360           - out
---------  当前进度:  97 % - 组装矩阵
Memory: 3042/3656 4611/4627
 134       15449         120     7344  858 7344     2     0      0
                   Group #1:     1224  143 1224                     5.3e-16  3.5e-16
                   Group #2:     1224  143 1224                     3.1e-16    2e-16
                   Group #3:     1224  143 1224                     3.2e-16  1.4e-16
                   Group #4:     1224  143 1224                     3.4e-16  1.4e-16
                   Group #5:     1224  143 1224                     3.2e-16  1.3e-16
                   Group #6:     1224  143 1224                     3.2e-16  1.3e-16
---------  当前进度:  97 % - 求解线性方程组
Memory: 3027/3656 4596/4628
---------  当前进度:  97 % - 组装矩阵
   -       15480           - out
 135       15569         120     7404  864 7404     2     0      0
                   Group #1:     1234  144 1234                     4.8e-16  3.4e-16
                   Group #2:     1234  144 1234                     3.1e-16    2e-16
                   Group #3:     1234  144 1234                     2.9e-16  1.4e-16
                   Group #4:     1234  144 1234                     3.4e-16  1.4e-16
                   Group #5:     1234  144 1234                     3.4e-16  1.3e-16
                   Group #6:     1234  144 1234                     3.4e-16  1.3e-16
---------  当前进度:  97 % - 组装稀疏模式
Memory: 3041/3656 4610/4639
---------  当前进度:  97 % - 组装矩阵
Memory: 3056/3656 4625/4639
---------  当前进度:  97 % - 矩阵分解
Memory: 3046/3656 4615/4639
---------  当前进度:  97 % - 组装矩阵
Memory: 3039/3656 4608/4642
---------  当前进度:  97 % - 矩阵分解
Memory: 3038/3656 4610/4642
---------  当前进度:  97 % - 组装矩阵
Memory: 3057/3656 4626/4642
---------  当前进度:  97 % - 求解线性方程组
Memory: 3044/3656 4613/4646
---------  当前进度:  97 % - 组装矩阵
---------  当前进度:  97 % - 求解线性方程组
Memory: 3047/3656 4616/4649
---------  当前进度:  97 % - 组装矩阵
   -       15600           - out
---------  当前进度:  97 % - 
Memory: 3050/3656 4618/4651
 136       15689         120     7458  870 7458     2     0      0
                   Group #1:     1243  145 1243                     5.2e-16  3.6e-16
                   Group #2:     1243  145 1243                       3e-16  1.8e-16
                   Group #3:     1243  145 1243                     3.6e-16  1.8e-16
                   Group #4:     1243  145 1243                     3.5e-16  1.4e-16
                   Group #5:     1243  145 1243                     3.6e-16  1.4e-16
                   Group #6:     1243  145 1243                     3.3e-16  1.3e-16
---------  当前进度:  97 % - 组装矩阵
Memory: 3067/3656 4635/4651
---------  当前进度:  97 % - 矩阵分解
Memory: 3051/3656 4619/4651
---------  当前进度:  97 % - 组装矩阵
   -       15720           - out
---------  当前进度:  98 % - 组装矩阵
Memory: 3075/3656 4643/4660
 137       15809         120     7518  876 7518     2     0      0
                   Group #1:     1253  146 1253                     6.2e-16  4.1e-16
                   Group #2:     1253  146 1253                     3.2e-16    2e-16
                   Group #3:     1253  146 1253                     3.4e-16  1.6e-16
                   Group #4:     1253  146 1253                     3.3e-16  1.3e-16
                   Group #5:     1253  146 1253                     3.8e-16  1.5e-16
                   Group #6:     1253  146 1253                     3.5e-16  1.4e-16
---------  当前进度:  98 % - 组装稀疏模式
Memory: 3058/3656 4626/4660
---------  当前进度:  98 % - 组装矩阵
Memory: 3074/3656 4643/4660
---------  当前进度:  98 % - 
Memory: 3076/3656 4645/4660
---------  当前进度:  98 % - 组装矩阵
Memory: 3058/3656 4627/4660
---------  当前进度:  98 % - 求解线性方程组
Memory: 3061/3656 4629/4663
---------  当前进度:  98 % - 组装矩阵
---------  当前进度:  98 % - 求解线性方程组
---------  当前进度:  98 % - 组装矩阵
---------  当前进度:  98 % - 求解线性方程组
Memory: 3062/3656 4630/4663
---------  当前进度:  98 % - 组装矩阵
---------  当前进度:  98 % - 求解线性方程组
Memory: 3066/3656 4634/4667
   -       15840           - out
---------  当前进度:  98 % - 组装矩阵
Memory: 3074/3656 4642/4667
 138       15929         120     7578  882 7578     2     0      0
                   Group #1:     1263  147 1263                     4.8e-16  3.5e-16
                   Group #2:     1263  147 1263                     3.3e-16  2.1e-16
                   Group #3:     1263  147 1263                     2.8e-16  1.4e-16
                   Group #4:     1263  147 1263                     3.4e-16  1.4e-16
                   Group #5:     1263  147 1263                     2.7e-16  1.1e-16
                   Group #6:     1263  147 1263                     3.2e-16  1.3e-16
---------  当前进度:  98 % - 组装稀疏模式
Memory: 3067/3656 4636/4669
---------  当前进度:  98 % - 组装矩阵
---------  当前进度:  98 % - 求解线性方程组
Memory: 3073/3656 4641/4675
---------  当前进度:  98 % - 组装矩阵
Memory: 3074/3656 4642/4675
   -       15960           - out
---------  当前进度:  99 % - 组装矩阵
Memory: 3095/3656 4664/4679
 139       16049         120     7626  888 7626     2     0      0
                   Group #1:     1271  148 1271                     6.4e-16  4.1e-16
                   Group #2:     1271  148 1271                     3.1e-16    2e-16
                   Group #3:     1271  148 1271                     2.7e-16  1.3e-16
                   Group #4:     1271  148 1271                     3.3e-16  1.3e-16
                   Group #5:     1271  148 1271                     3.9e-16  1.6e-16
                   Group #6:     1271  148 1271                     3.5e-16  1.4e-16
---------  当前进度:  99 % - 组装稀疏模式
Memory: 3079/3656 4648/4681
---------  当前进度:  99 % - 组装矩阵
---------  当前进度:  99 % - 求解线性方程组
Memory: 3087/3656 4656/4689
---------  当前进度:  99 % - 组装矩阵
   -       16080           - out
 140       16169         120     7680  894 7680     2     0      0
                   Group #1:     1280  149 1280                       6e-16  3.8e-16
                   Group #2:     1280  149 1280                     2.6e-16  1.7e-16
                   Group #3:     1280  149 1280                     3.3e-16  1.4e-16
                   Group #4:     1280  149 1280                     3.4e-16  1.3e-16
                   Group #5:     1280  149 1280                     2.9e-16  1.3e-16
                   Group #6:     1280  149 1280                     3.2e-16  1.3e-16
---------  当前进度:  99 % - 组装稀疏模式
Memory: 3118/3656 4687/4700
---------  当前进度:  99 % - 组装矩阵
Memory: 3115/3656 4685/4700
---------  当前进度:  99 % - 求解线性方程组
Memory: 3103/3656 4672/4705
---------  当前进度:  99 % - 组装矩阵
Memory: 3104/3656 4672/4705
   -       16200           - out
 141       16289         120     7728  900 7728     2     0      0
                   Group #1:     1288  150 1288                       5e-16  3.4e-16
                   Group #2:     1288  150 1288                     2.9e-16  2.2e-16
                   Group #3:     1288  150 1288                       3e-16  1.4e-16
                   Group #4:     1288  150 1288                     3.5e-16  1.4e-16
                   Group #5:     1288  150 1288                       3e-16  1.3e-16
                   Group #6:     1288  150 1288                     3.3e-16  1.3e-16
---------  当前进度:  99 % - 组装稀疏模式
Memory: 3104/3656 4673/4706
---------  当前进度:  99 % - 组装矩阵
Memory: 3121/3656 4690/4706
---------  当前进度:  99 % - 矩阵分解
Memory: 3111/3656 4680/4706
---------  当前进度:  99 % - 组装矩阵
Memory: 3104/3656 4673/4706
   -       16320           - out
---------- 当前进度: 100 % - 组装矩阵
Memory: 3128/3656 4696/4712
 142       16409         120     7776  906 7776     2     0      0
                   Group #1:     1296  151 1296                     5.4e-16  3.8e-16
                   Group #2:     1296  151 1296                     3.2e-16    2e-16
                   Group #3:     1296  151 1296                     2.9e-16  1.6e-16
                   Group #4:     1296  151 1296                     3.3e-16  1.3e-16
                   Group #5:     1296  151 1296                       3e-16  1.3e-16
                   Group #6:     1296  151 1296                     3.3e-16  1.3e-16
---------- 当前进度: 100 % - 组装稀疏模式
Memory: 3113/3656 4683/4712
---------- 当前进度: 100 % - 组装矩阵
Memory: 3131/3656 4700/4712
---------- 当前进度: 100 % - 组装稀疏模式
Memory: 3115/3656 4684/4717
---------- 当前进度: 100 % - 组装矩阵
---------- 当前进度: 100 % - 求解线性方程组
Memory: 3120/3656 4689/4723
---------- 当前进度: 100 % - 组装矩阵
Memory: 3121/3656 4689/4723
---------- 当前进度: 100 % - 
Memory: 3127/3656 4696/4725
   -       16440           - out
---------- 当前进度: 100 % - 组装矩阵
Memory: 3141/3656 4710/4725
 143       16484      75.599     7848  912 7848     2     0      0
                   Group #1:     1308  152 1308                     5.1e-16  3.4e-16
                   Group #2:     1308  152 1308                     3.3e-16  1.9e-16
                   Group #3:     1308  152 1308                     2.4e-16  1.1e-16
                   Group #4:     1308  152 1308                     3.4e-16  1.3e-16
                   Group #5:     1308  152 1308                     3.1e-16  1.3e-16
                   Group #6:     1308  152 1308                     3.1e-16  1.3e-16
 144       16560      75.599 out 7914  918 7914     2     0      0
                   Group #1:     1319  153 1319                     5.1e-16  3.5e-16
                   Group #2:     1319  153 1319                     3.5e-16    2e-16
                   Group #3:     1319  153 1319                     3.5e-16  1.5e-16
                   Group #4:     1319  153 1319                     3.5e-16  1.4e-16
                   Group #5:     1319  153 1319                     3.4e-16  1.3e-16
                   Group #6:     1319  153 1319                     3.3e-16  1.3e-16
时间步进已完成。
---------- 当前进度: 100 % - 
Memory: 3079/3656 4605/4748
求解时间：5885 s。 （1 小时，38 分钟，5 秒）
物理内存: 3.66 GB
虚拟内存: 4.75 GB
结束时间：2026年9月30日 上午7:10:57。
----- O: orbital transient, 3.0 orbits/解 4 (sol4) 中的“瞬态求解器 2” ----------------->
           当前进度:   0 % - 
Memory: 4090/4090 5051/5054
---------- 当前进度: 100 % - 计算
Memory: 4091/4091 5051/5054
           当前进度:   0 % - 
---------- 当前进度: 100 % - 计算
           当前进度:   0 % - 
Memory: 4131/4131 5092/5092
---------- 当前进度: 100 % - 计算
           当前进度:   0 % - 
Memory: 4132/4132 5092/5092
---------- 当前进度: 100 % - 计算
           当前进度:   0 % - 
---------- 当前进度: 100 % - 计算
           当前进度:   0 % - 
Memory: 4133/4133 5093/5093
---------- 当前进度: 100 % - 计算
           当前进度:   0 % - 
Memory: 4149/4149 5110/5110
---------- 当前进度: 100 % - 计算
Memory: 4149/4151 5110/5112
           当前进度:   0 % - 
---------- 当前进度: 100 % - 计算
           当前进度:   0 % - 
Memory: 4150/4151 5110/5112
---------- 当前进度: 100 % - 计算
           当前进度:   0 % - 
---------- 当前进度: 100 % - 计算
           当前进度:   0 % - 
---------- 当前进度: 100 % - 计算
Memory: 4150/4152 5110/5112
           当前进度:   0 % - 
Memory: 4177/4177 5138/5138
---------- 当前进度: 100 % - 计算
Memory: 4178/4178 5138/5138
           当前进度:   0 % - 
Memory: 4179/4181 5138/5140
---------- 当前进度: 100 % - 计算
           当前进度:   0 % - 
---------- 当前进度: 100 % - 计算
Memory: 4179/4181 5138/5141
           当前进度:   0 % - 
---------- 当前进度: 100 % - 计算
           当前进度:   0 % - 
---------- 当前进度: 100 % - 计算
Memory: 4180/4181 5139/5141
           当前进度:   0 % - 
Memory: 4206/4206 5166/5167
---------- 当前进度: 100 % - 计算
Memory: 4204/4206 5164/5167
           当前进度:   0 % - 
--------   当前进度:  85 % - 计算
Memory: 4205/4206 5164/5167
---------- 当前进度: 100 % - 计算
           当前进度:   0 % - 
---------- 当前进度: 100 % - 计算
           当前进度:   0 % - 
---------- 当前进度: 100 % - 计算
           当前进度:   0 % - 
---------- 当前进度: 100 % - 计算
           当前进度:   0 % - 
---------- 当前进度: 100 % - 计算
           当前进度:   0 % - 
---------- 当前进度: 100 % - 计算
           当前进度:   0 % - 
Memory: 4226/4226 5186/5186
---------- 当前进度: 100 % - 计算
Memory: 4228/4228 5188/5188
           当前进度:   0 % - 
Memory: 4227/4229 5186/5188
---------- 当前进度: 100 % - 计算
           当前进度:   0 % - 
Memory: 4227/4230 5186/5189
---------- 当前进度: 100 % - 计算
           当前进度:   0 % - 
---------- 当前进度: 100 % - 计算
           当前进度:   0 % - 
---------- 当前进度: 100 % - 计算
           当前进度:   0 % - 
Memory: 4233/4233 5192/5192
---------- 当前进度: 100 % - 计算
           当前进度:   0 % - 
---------- 当前进度: 100 % - 计算
Memory: 4233/4236 5192/5195
           当前进度:   0 % - 
Memory: 4234/4236 5192/5195
---------- 当前进度: 100 % - 计算
           当前进度:   0 % - 
---------- 当前进度: 100 % - 计算
           当前进度:   0 % - 
---------- 当前进度: 100 % - 计算
           当前进度:   0 % - 
Memory: 4238/4238 5199/5199
---------- 当前进度: 100 % - 计算
           当前进度:   0 % - 
Memory: 4239/4239 5199/5199
---------- 当前进度: 100 % - 计算
           当前进度:   0 % - 
Memory: 4240/4240 5199/5199
---------- 当前进度: 100 % - 计算
Memory: 4240/4241 5199/5200
           当前进度:   0 % - 
Memory: 4240/4243 5199/5202
---------- 当前进度: 100 % - 计算
           当前进度:   0 % - 
Memory: 4241/4243 5199/5202
---------- 当前进度: 100 % - 计算
           当前进度:   0 % - 
---------- 当前进度: 100 % - 计算
           当前进度:   0 % - 
Memory: 4249/4249 5208/5208
---------- 当前进度: 100 % - 计算
           当前进度:   0 % - 
---------- 当前进度: 100 % - 计算
           当前进度:   0 % - 
---------- 当前进度: 100 % - 计算
