t_s,orbit,f_A,feff_A,Q_A,Qrad_A,Tret_A_C,Tout_A_C,Tmix_A_C,f_B,feff_B,Q_B,Qrad_B,Tret_B_C,Tout_B_C,Tmix_B_C,f_PVP4,feff_PVP4,Q_PVP4,Qrad_PVP4,Tret_PVP4_C,Tout_PVP4_C,Tmix_PVP4_C,f_PVP6,feff_PVP6,Q_PVP6,Qrad_PVP6,Tret_PVP6_C,Tout_PVP6_C,Tmix_PVP6_C,f_PVS4,feff_PVS4,Q_PVS4,Qrad_PVS4,Tret_PVS4_C,Tout_PVS4_C,Tmix_PVS4_C,f_PVS6,feff_PVS6,Q_PVS6,Qrad_PVS6,Tret_PVS6_C,Tout_PVS6_C,Tmix_PVS6_C,box_Tmean_C,box_Tmax_C,box_Tmin_C,hrs_Tmean_C,hrs_Tmax_C,hrs_Tmin_C,payload_Tmean_C,payload_Tmax_C,payload_Tmin_C,pvr_Tmean_C,pvr_Tmax_C,pvr_Tmin_C,rack_Tmean_C,rack_Tmax_C,rack_Tmin_C,rsa_Tmean_C,rsa_Tmax_C,rsa_Tmin_C,saw_Tmean_C,saw_Tmax_C,saw_Tmin_C,skin_rus_Tmean_C,skin_rus_Tmax_C,skin_rus_Tmin_C,skin_usos_Tmean_C,skin_usos_Tmax_C,skin_usos_Tmin_C,truss_Tmean_C,truss_Tmax_C,truss_Tmin_C,A_S1-1_Tmean_C,A_S1-2_Tmean_C,A_S1-3_Tmean_C,B_P1-1_Tmean_C,B_P1-2_Tmean_C,B_P1-3_Tmean_C,PVP4_PVR_P4_Tmean_C,PVP6_PVR_P6_Tmean_C,PVS4_PVR_S4_Tmean_C,PVS6_PVR_S6_Tmean_C
0,0,0.2,0.2,24000,14326.9,7.81664,-7.22326,4.80866,0.2,0.2,24000,15140.2,7.42033,-7.22326,4.49161,0.3,0.3,6000.02,8715.38,5.38082,-7.22277,1.59975,0.3,0.3,6000.02,8715.38,5.38082,-7.22277,1.59975,0.3,0.3,6000.02,8715.38,5.38082,-7.22277,1.59975,0.3,0.3,6000.02,8715.38,5.38082,-7.22277,1.59975,11.85,11.85,11.85,-11.15,-11.15,-11.15,-18.15,-18.15,-18.15,-11.15,-11.15,-11.15,20.975,24.35,10.85,16.8501,16.8501,16.8501,16.8501,16.8501,16.8501,-5.15,-5.14996,-5.15002,-5.15,-5.14998,-5.15001,-20.15,-20.1499,-20.15,-11.15,-11.15,-11.15,-11.15,-11.15,-11.15,-11.15,-11.15,-11.15,-11.15
120,0.0216075,0.197116,0.197116,20704.2,21158.6,7.12468,-15.4118,2.68236,0.196855,0.196855,22403.9,22920,7.11158,-15.4109,2.67793,0.233271,0.233271,6643.99,10478.2,5.6602,-13.8272,1.11435,0.233193,0.233193,6642.94,10481.1,5.65975,-13.8396,1.11263,0.233299,0.233299,6647.67,10480.3,5.6618,-13.8272,1.11505,0.233255,0.233255,6649.86,10485,5.66275,-13.8387,1.11393,11.8461,12.4056,11.091,-13.9942,-6.43771,-15.4783,-18.0609,-14.7128,-19.9066,-10.7066,-4.13378,-14.1911,20.9887,24.492,10.275,41.8496,41.8637,41.8422,41.6798,41.8017,41.665,-4.76504,8.28593,-11.682,-3.39731,4.73572,-7.72782,-19.7177,4.3768,-32.6427,-14.0544,-14.0476,-14.0543,-13.9385,-13.9319,-13.9385,-10.7034,-10.7107,-10.7029,-10.7094
240,0.043215,0.176766,0.176766,19739.9,22163.1,6.92223,-19.4019,2.26901,0.177353,0.177353,21652.5,24172.8,6.96623,-19.3991,2.29024,0.184646,0.184646,6534.47,9336.48,5.61269,-16.324,1.56215,0.184482,0.184482,6531.98,9338.97,5.61161,-16.3505,1.56,0.184743,0.184743,6544.58,9342.59,5.61708,-16.3225,1.56389,0.184652,0.184652,6548.04,9348.78,5.61857,-16.3463,1.56271,11.8456,12.8819,10.7966,-16.5534,-4.30026,-19.4364,-17.9573,-12.1071,-20.675,-10.8998,-1.59026,-16.6373,21.0057,24.5981,10.0373,54.0885,54.1093,54.0776,53.8359,54.0314,53.6342,-4.45809,16.749,-16.1609,-1.79939,12.8839,-9.6692,-19.2546,22.0449,-40.007,-16.6758,-16.6635,-16.6756,-16.4393,-16.4273,-16.4391,-10.894,-10.9095,-10.8914,-10.9042
360,0.0648225,0.154549,0.154549,19291.3,22047.8,6.82805,-23.1236,2.19904,0.15577,0.15577,21237.7,24161.6,6.88599,-23.1186,2.21217,0.147256,0.147256,6384.97,8215.86,5.54783,-18.6573,1.98347,0.147032,0.147032,6383.53,8217.13,5.5472,-18.6987,1.98229,0.147443,0.147443,6402.14,8227.3,5.55528,-18.6529,1.98595,0.147317,0.147317,6406.43,8233.28,5.55714,-18.6894,1.98522,11.8465,13.3124,10.5879,-18.9717,-3.22116,-23.1527,-17.8493,-9.87743,-21.5771,-11.442,-0.515171,-18.8547,21.0242,24.7143,9.88339,60.6317,60.6561,60.619,60.3393,60.5759,60.1959,-4.26715,22.8429,-20.0346,-0.258909,20.0208,-11.4164,-18.7785,38.4573,-44.4456,-19.1543,-19.137,-19.1539,-18.8008,-18.784,-18.8005,-11.4342,-11.4582,-11.4281,-11.4473
480,0.08643,0.134512,0.134512,19113.2,21369.5,6.79064,-26.5639,2.30406,0.136022,0.136022,21057.5,23491.2,6.85114,-26.5562,2.30701,0.121939,0.121939,6268.1,7379.25,5.49713,-20.7571,2.29572,0.121686,0.121686,6267.84,7379.66,5.49701,-20.8132,2.29542,0.122219,0.122219,6290.84,7396.44,5.50699,-20.748,2.29812,0.122073,0.122073,6295.6,7401.92,5.50906,-20.7968,2.29782,11.8488,13.6869,10.4515,-21.2555,-3.02713,-26.5873,-17.7384,-8.0229,-22.2992,-12.2679,-0.389724,-20.8116,21.0438,24.8215,9.78544,62.6885,62.7143,62.675,62.3814,62.6372,62.2053,-4.30121,26.1974,-23.1586,1.16162,25.7036,-12.8527,-18.2948,51.3529,-45.6623,-21.4936,-21.4722,-21.4932,-21.0317,-21.0109,-21.0314,-12.2592,-12.2915,-12.2478,-12.2732
600,0.108038,0.118775,0.118776,19043,20660.8,6.77592,-29.745,2.43812,0.120352,0.120352,20992.4,22754.2,6.83855,-29.734,2.43697,0.105796,0.105798,6188.43,6854.48,5.46256,-22.6451,2.48882,0.105537,0.105539,6188.89,6854.7,5.46276,-22.7148,2.48893,0.106159,0.106161,6215.4,6877.04,5.47427,-22.6296,2.49073,0.106005,0.106007,6220.6,6882.31,5.47652,-22.6896,2.4907,11.8522,14.0384,10.3567,-23.4289,-3.35568,-29.7623,-17.6376,-6.48604,-22.8861,-13.2796,-0.674802,-22.5765,21.0643,24.9164,9.71827,62.1381,62.1642,62.1244,61.8313,62.0895,61.7053,-4.63979,27.2088,-26.3885,2.42412,30.3889,-13.9944,-17.8206,60.7283,-44.8304,-23.7171,-23.692,-23.7166,-23.1574,-23.1332,-23.1571,-13.2711,-13.3111,-13.2525,-13.2837
720,0.129645,0.107179,0.107181,19016.5,20151.3,6.77036,-32.7034,2.53953,0.10873,0.108732,20975.4,22216,6.83526,-32.6883,2.53779,0.0955349,0.0955401,6132.54,6555.01,5.43832,-24.3274,2.59449,0.0952792,0.0952845,6133.47,6555.49,5.43872,-24.409,2.59469,0.0959643,0.0959694,6163.15,6582.21,5.4516,-24.304,2.59598,0.09581,0.0958151,6168.65,6587.56,5.45398,-24.3737,2.59604,11.8563,14.3667,10.2876,-25.5072,-3.93338,-32.7147,-17.5578,-5.42245,-23.3827,-14.3525,-1.0424,-24.1644,21.0854,24.9991,9.67124,60.6417,60.6678,60.628,60.328,60.5926,60.2169,-5.32128,26.4014,-28.9019,3.33881,34.258,-14.9116,-17.3729,67.3378,-44.2181,-25.8401,-25.812,-25.8395,-25.1931,-25.1661,-25.1927,-14.3454,-14.3921,-14.3182,-14.3544
840,0.151253,0.0986239,0.0986278,19006.2,19844.8,6.76819,-35.4762,2.60173,0.100135,0.100138,20977,21893.2,6.83557,-35.456,2.60056,0.0886727,0.0886831,6091.21,6389.91,5.42039,-25.8392,2.64819,0.088423,0.0884337,6092.47,6390.76,5.42093,-25.931,2.64837,0.0891463,0.0891562,6124.98,6421.73,5.43504,-25.8135,2.64904,0.0889946,0.0890047,6130.8,6427.31,5.43756,-25.8913,2.64914,11.8607,14.6803,10.2354,-27.5003,-4.60219,-35.4813,-17.5054,-4.32723,-23.823,-15.4038,-1.37368,-25.6086,21.1067,25.0711,9.63806,58.8343,58.8601,58.8208,58.5104,58.7826,58.4286,-6.37258,24.5852,-30.9069,3.76994,36.8039,-15.7128,-16.9698,71.3935,-46.7032,-27.8732,-27.8427,-27.8726,-27.1477,-27.1183,-27.1473,-15.3973,-15.4496,-15.3639,-15.4043
960,0.17286,0.0920491,0.0920565,19004.2,19671,6.76777,-38.0958,2.63779,0.0935265,0.0935329,20986.1,21713.5,6.83732,-38.0693,2.63707,0.0836942,0.0837113,6059.73,6294.31,5.40673,-27.214,2.67601,0.0834512,0.0834687,6061.23,6295.47,5.40738,-27.3141,2.67616,0.0841935,0.0842098,6096.07,6329.61,5.42249,-27.187,2.67646,0.0840451,0.0840616,6101.99,6335.35,5.42506,-27.2715,2.67654,11.8653,14.9832,10.1951,-29.4177,-5.28657,-38.0946,-17.468,-3.51259,-24.2289,-16.3806,-1.64255,-26.9343,21.1283,25.136,9.61485,57.0322,57.0574,57.019,56.7022,56.9772,56.4895,-7.8474,27.8125,-32.5108,3.74521,40.0765,-16.4441,-16.6146,72.5032,-48.9433,-29.8271,-29.7944,-29.8264,-29.0299,-28.9986,-29.0295,-16.3769,-16.434,-16.3338,-16.3777
1080,0.194468,0.0867483,0.0867609,19012.3,19570.6,6.76947,-40.5896,2.66055,0.0881965,0.0882074,21003.4,21612.5,6.84068,-40.5557,2.65996,0.0797595,0.0797849,6035.46,6235.04,5.3962,-28.5076,2.69119,0.0795232,0.0795491,6037.09,6236.36,5.39691,-28.6145,2.69133,0.0802797,0.0803037,6073.8,6272.17,5.41283,-28.4725,2.69172,0.0801353,0.0801597,6079.86,6278.02,5.41546,-28.5623,2.69181,11.87,15.2774,10.1634,-31.27,-5.95775,-40.582,-17.4352,-3.00149,-24.5369,-17.3074,-1.87927,-28.1899,21.1498,25.1933,9.59914,55.2269,55.2512,55.2142,54.8995,55.1692,54.7583,-9.72929,30.2978,-33.9194,3.42619,43.6029,-17.2075,-16.3193,71.4036,-50.9894,-31.713,-31.6785,-31.7123,-30.8498,-30.8169,-30.8494,-17.3149,-17.3658,-17.251,-17.2977
1200,0.216075,0.0823249,0.0823445,19034.7,19513.8,6.77417,-42.9801,2.67718,0.0837418,0.0837589,21032.7,21556.3,6.84635,-42.9376,2.6765,0.0764492,0.0764845,6016.9,6193.74,5.38815,-29.7443,2.70106,0.0762184,0.0762545,6018.34,6194.99,5.38877,-29.8568,2.70114,0.0769892,0.0770227,6056.29,6231.79,5.40524,-29.6961,2.70164,0.0768467,0.0768807,6061.9,6237.41,5.40767,-29.7902,2.70163,11.8746,15.5636,10.1381,-33.0677,-6.60853,-42.9662,-17.4049,-2.81014,-24.9121,-18.1899,-2.09685,-29.3945,21.1713,25.2445,9.5892,53.6504,53.6733,53.6384,53.3236,53.591,53.1013,-11.8719,34.0183,-35.4862,2.97859,47.3902,-17.9878,-16.0984,69.7054,-52.9519,-33.5418,-33.506,-33.5411,-32.6173,-32.5831,-32.6168,-18.2071,-18.251,-18.1302,-18.1713
1320,0.237683,0.0785545,0.0785831,19069.6,19486.5,6.78149,-45.2811,2.69025,0.0799317,0.0799566,21070.5,21527.7,6.85364,-45.2285,2.68933,0.0735126,0.0735599,6003.44,6167.35,5.38231,-30.9913,2.70667,0.073302,0.0733503,6004.6,6167.03,5.38281,-31.0929,2.70731,0.0740604,0.0741052,6042.25,6205.77,5.39915,-30.9317,2.70684,0.0739343,0.0739796,6046.95,6209.17,5.40118,-31.0113,2.7074,11.8791,15.842,10.1175,-34.8155,-7.23621,-45.2609,-17.3935,-2.94877,-25.4111,-19.0757,-2.33101,-30.5983,21.1927,25.2908,9.58353,52.2285,52.2497,52.2175,51.8992,52.1693,51.7889,-14.2081,31.7728,-37.3282,2.39039,50.2484,-18.9276,-15.9623,66.7345,-54.8958,-35.3187,-35.2817,-35.318,-34.3368,-34.3015,-34.3363,-19.1061,-19.1323,-19.0223,-19.0419
1440,0.25929,0.0753153,0.0753548,19114.3,19477.8,6.79089,-47.478,2.70146,0.0766484,0.076683,21116.7,21515.9,6.86258,-47.4132,2.70055,0.0708069,0.0708689,5993.43,6149.83,5.37797,-32.2696,2.70993,0.0706488,0.0707117,5994.71,6147.28,5.37852,-32.337,2.71159,0.0713451,0.0714038,6030.84,6187.93,5.39419,-32.2028,2.70963,0.0712661,0.0713253,6034.35,6187.88,5.39572,-32.2423,2.71117,11.8834,16.1127,10.1006,-36.4914,-7.8201,-47.4505,-17.3948,-3.19908,-25.8801,-19.9574,-2.58125,-31.8125,21.2139,25.3333,9.58109,51.0219,51.0415,51.0117,50.6914,50.9638,50.6347,-16.395,31.6862,-39.0336,1.82643,51.9808,-19.8299,-15.8833,63.3602,-55.773,-37.0218,-36.9838,-37.021,-35.9861,-35.95,-35.9856,-19.9921,-20.0181,-19.9008,-19.9184
1560,0.280898,0.0725498,0.0726019,19171.7,19485.2,6.80293,-49.5451,2.71196,0.0738414,0.0738872,21175.6,21519.4,6.87398,-49.4648,2.71127,0.0683176,0.068397,5986.25,6132.62,5.37485,-33.5241,2.71428,0.0682101,0.0682904,5987.44,6131.04,5.37537,-33.5743,2.71548,0.0688371,0.0689125,6022.17,6169.41,5.39043,-33.4491,2.7139,0.0688017,0.0688774,6024.72,6169.58,5.39154,-33.4689,2.71493,11.888,16.3764,10.0868,-38.0641,-8.33681,-49.5079,-17.3884,-2.46985,-26.7968,-20.8261,-2.82984,-33.0203,21.235,25.3728,9.58126,50.1831,50.2016,50.1734,49.8563,50.1262,49.8055,-18.0191,31.2523,-41.5924,1.50049,53.2844,-20.6236,-15.8134,61.9457,-55.1286,-38.62,-38.5813,-38.6193,-37.5338,-37.4971,-37.5333,-20.8621,-20.893,-20.7639,-20.7855
1680,0.302505,0.0702074,0.0702732,19241.8,19511.1,6.81764,-51.4752,2.72122,0.0714657,0.0715237,21248.4,21542.6,6.88807,-51.3751,2.72087,0.0660231,0.0661229,5980.52,6118.63,5.37236,-34.7727,2.71786,0.0659422,0.0660428,5982.02,6119.39,5.37301,-34.8256,2.71818,0.0665239,0.0666188,6015.2,6153.83,5.38741,-34.6879,2.71763,0.0665031,0.0665983,6017.07,6155.71,5.38822,-34.7118,2.71763,11.8929,16.6332,10.0754,-39.5227,-8.78374,-51.4247,-17.3697,-1.11985,-27.7655,-21.7074,-3.0929,-34.2429,21.2557,25.41,9.58338,49.6617,49.6796,49.6524,49.3362,49.6056,49.2876,-19.1095,30.026,-43.9798,1.46361,54.232,-21.3829,-15.7486,64.1382,-56.7348,-40.1026,-40.0631,-40.1018,-38.9688,-38.9314,-38.9683,-21.7438,-21.7801,-21.6395,-21.6663
1695.22,0.305245,0.0699397,0.0700072,19251.5,19516.3,6.8197,-51.7102,2.72218,0.0711943,0.0712539,21258.6,21547.6,6.89005,-51.6073,2.72188,0.0657456,0.0658482,5979.9,6117.21,5.37209,-34.931,2.71821,0.0656662,0.0657696,5981.46,6118.31,5.37277,-34.9858,2.71841,0.0662441,0.0663417,6014.43,6152.2,5.38707,-34.845,2.71801,0.066223,0.0663208,6016.23,6154.34,5.38786,-34.8709,2.71786,11.8935,16.6653,10.0741,-39.6995,-8.83551,-51.6577,-17.3664,-0.93738,-27.8788,-21.8205,-3.12761,-34.3994,21.2584,25.4145,9.58378,49.6156,49.6335,49.6064,49.2905,49.5596,49.242,-19.2114,29.8156,-44.2584,1.4795,54.3037,-21.5376,-15.7405,64.3604,-56.9556,-40.2824,-40.2428,-40.2816,-39.1427,-39.1053,-39.1422,-21.8568,-21.8938,-21.7519,-21.7794
1695.22,0.305245,0.0699397,0.0700072,19251.5,19516.3,6.8197,-51.7102,2.72218,0.0711943,0.0712539,21258.6,21547.6,6.89005,-51.6073,2.72188,0.0657456,0.0658482,5979.9,6117.21,5.37209,-34.931,2.71821,0.0656662,0.0657696,5981.46,6118.31,5.37277,-34.9858,2.71841,0.0662441,0.0663417,6014.43,6152.2,5.38707,-34.845,2.71801,0.066223,0.0663208,6016.23,6154.34,5.38786,-34.8709,2.71786,11.8935,16.6653,10.0741,-39.6995,-8.83551,-51.6577,-17.3664,-0.93738,-27.8788,-21.8205,-3.12761,-34.3994,21.2584,25.4145,9.58378,49.6156,49.6335,49.6064,49.2905,49.5596,49.242,-19.2114,29.8156,-44.2584,1.4795,54.3037,-21.5376,-15.7405,64.3604,-56.9556,-40.2824,-40.2428,-40.2816,-39.1427,-39.1053,-39.1422,-21.8568,-21.8938,-21.7519,-21.7794
1800,0.324113,0.0689547,0.0690292,19287.5,19454.5,6.82724,-52.3437,2.74271,0.0699251,0.0699927,21288.6,21505.7,6.89584,-52.5397,2.73578,0.0638989,0.0640222,5973.71,6110.92,5.36941,-36.0406,2.71825,0.0638199,0.0639441,5975.36,6112.6,5.37012,-36.1018,2.71824,0.0643809,0.0644984,6006.82,6144.46,5.38378,-35.946,2.71807,0.0643452,0.0644631,6007.89,6146.47,5.38424,-35.9818,2.71766,11.8938,16.8774,10.0661,-40.1224,-8.73425,-52.363,-17.4715,-4.49976,-28.5887,-22.6183,-3.37072,-35.4891,21.2762,25.4444,9.58753,17.1947,17.2149,17.1842,16.9716,17.2038,16.8445,-22.6057,13.1418,-46.3827,0.115492,47.1566,-22.5903,-16.31,51.7459,-58.2647,-40.5628,-40.5225,-40.562,-39.7084,-39.6707,-39.7079,-22.6603,-22.6891,-22.5526,-22.5713
1920,0.34572,0.0681257,0.0682067,19325.7,19444,6.83527,-53.0169,2.75295,0.0687261,0.0688024,21319.2,21494.5,6.90176,-53.5306,2.74387,0.0618437,0.0619949,5967.25,6103.78,5.36661,-37.3476,2.71854,0.0617762,0.0619283,5969.01,6104.99,5.36737,-37.4012,2.71878,0.0623079,0.0624523,5999.02,6135.8,5.38039,-37.2434,2.71844,0.0622668,0.0624117,5999.4,6136.55,5.38055,-37.2761,2.71828,11.8939,17.115,10.0579,-40.5782,-8.69425,-53.3164,-17.592,-7.2161,-29.3363,-23.5597,-3.66093,-36.7583,21.2963,25.4776,9.59251,-7.83915,-7.81547,-7.85142,-8.00131,-7.79228,-8.12395,-26.1046,4.06898,-48.803,-1.38927,40.0608,-23.7912,-16.903,43.2763,-60.3384,-40.8668,-40.8258,-40.866,-40.3163,-40.2783,-40.3158,-23.6101,-23.6219,-23.5056,-23.5013
2040,0.367328,0.06744,0.0675266,19363.9,19458,6.84329,-53.6552,2.75803,0.0676736,0.0677583,21349.9,21498.5,6.90769,-54.4674,2.74902,0.0598359,0.0600204,5961.25,6096.88,5.364,-38.7055,2.71893,0.0598123,0.0599972,5963.14,6095.33,5.36482,-38.7105,2.72043,0.0602888,0.0604652,5991.89,6127.05,5.37729,-38.5845,2.71914,0.0602702,0.0604469,5991.65,6124.72,5.37719,-38.5811,2.72005,11.8939,17.3483,10.0504,-41.0121,-8.69783,-54.2155,-17.7123,-9.18064,-30.1583,-24.5097,-3.95605,-38.0869,21.3162,25.51,9.59794,-26.4926,-26.4651,-26.5068,-26.6167,-26.424,-26.7496,-29.3354,-0.527734,-51.2283,-2.85136,33.8589,-24.9864,-17.4577,35.9792,-62.2205,-41.1571,-41.1154,-41.1563,-40.8942,-40.856,-40.8937,-24.5677,-24.5658,-24.4621,-24.4431
2160,0.388935,0.0668674,0.0669591,19403.2,19486.5,6.85155,-54.2491,2.7603,0.0667629,0.0668556,21382.1,21514.5,6.91393,-55.3361,2.75216,0.0579374,0.05816,5955.75,6087.6,5.36162,-40.0483,2.72057,0.0579606,0.0581827,5957.77,6086.8,5.36249,-40.0237,2.7218,0.0583749,0.0585881,5985.45,6117.23,5.3745,-39.923,2.72061,0.0583889,0.0586018,5984.67,6114.27,5.37417,-39.8909,2.72155,11.8938,17.576,10.0434,-41.4181,-8.7405,-55.0469,-17.8327,-10.3082,-30.9177,-25.4616,-4.25135,-39.3936,21.3359,25.5415,9.60387,-39.4927,-39.4614,-39.5089,-39.5927,-39.4136,-39.718,-32.2526,-4.35496,-53.5234,-4.25943,28.5375,-26.171,-17.9706,30.2952,-64.3951,-41.4294,-41.3871,-41.4286,-41.4342,-41.3956,-41.4337,-25.5231,-25.5166,-25.4141,-25.3926
2280,0.410543,0.0663764,0.0664727,19443.8,19520.3,6.86006,-54.7945,2.76171,0.0659701,0.0660704,21416.1,21536.8,6.9205,-56.1346,2.75443,0.0561865,0.0564511,5950.65,6077.73,5.3594,-41.3493,2.72265,0.0562332,0.0564966,5952.79,6079.07,5.36033,-41.321,2.72299,0.0565994,0.0568535,5979.59,6107.14,5.37196,-41.2306,2.72244,0.0566348,0.056888,5978.33,6104.87,5.37141,-41.1856,2.72288,11.8934,17.7977,10.0371,-41.795,-8.80861,-55.8105,-17.9529,-10.9465,-31.6143,-26.404,-4.53316,-40.6366,21.3553,25.572,9.61021,-48.2904,-48.2554,-48.3085,-48.3764,-48.2069,-48.5355,-34.8702,-7.69336,-55.6921,-5.61139,23.8847,-27.3408,-18.4463,25.2705,-66.6484,-41.6825,-41.6397,-41.6817,-41.9351,-41.8962,-41.9346,-26.4664,-26.46,-26.3542,-26.3354
2400,0.43215,0.0659511,0.0660516,19485.3,19555.9,6.86877,-55.2921,2.76295,0.0652762,0.0653837,21451.6,21562.6,6.92736,-56.8662,2.7563,0.0545765,0.0548867,5945.85,6070.26,5.35732,-42.6237,2.72381,0.0546283,0.0549369,5948.11,6072.58,5.3583,-42.5972,2.72378,0.0549626,0.0552612,5974.17,6098.86,5.36961,-42.5107,2.72368,0.0550058,0.0553032,5972.45,6096.94,5.36886,-42.4601,2.72377,11.8929,18.0134,10.0313,-42.1436,-8.88013,-56.5106,-18.0728,-11.522,-32.2564,-27.3324,-4.80068,-41.8738,21.3745,25.6016,9.61686,-54.1802,-54.1419,-54.2,-54.2602,-54.0951,-54.4362,-37.2199,-10.639,-57.9692,-6.90863,19.7264,-28.6114,-18.8909,21.4988,-68.1983,-41.9167,-41.8735,-41.9159,-42.3983,-42.3593,-42.3978,-27.3956,-27.3903,-27.2794,-27.2643
2520,0.453758,0.0655832,0.0656875,19527.4,19592.6,6.87761,-55.745,2.76409,0.0646675,0.0647816,21488.1,21590.8,6.93444,-57.5363,2.75792,0.0531026,0.0534611,5941.28,6063.57,5.35534,-43.8508,2.72472,0.0531511,0.053508,5943.66,6066.18,5.35637,-43.8279,2.72462,0.0534666,0.0538125,5969.09,6091.06,5.3674,-43.739,2.72486,0.0535069,0.0538515,5966.95,6089.25,5.36648,-43.6898,2.72472,11.8922,18.2231,10.0258,-42.4655,-8.8977,-57.1528,-18.1926,-11.8815,-32.8518,-28.2071,-5.03669,-43.0735,21.3934,25.6306,9.62375,-58.0495,-58.0083,-58.0708,-58.1277,-57.9639,-58.2793,-39.3339,-13.2693,-60.7954,-8.15368,16.1376,-30.1309,-19.3098,18.5866,-69.259,-42.1328,-42.0892,-42.132,-42.8262,-42.7869,-42.8257,-28.2706,-28.2663,-28.1515,-28.14
2640,0.475365,0.0652665,0.0653741,19570,19630.2,6.88655,-56.1572,2.76512,0.0641325,0.064253,21525.6,21621,6.94168,-58.1506,2.75931,0.0517707,0.0521793,5936.89,6056.58,5.35344,-45.0034,2.72585,0.0518129,0.0522198,5939.38,6059.32,5.35451,-44.986,2.72574,0.0521199,0.0525148,5964.27,6083.01,5.36531,-44.8882,2.72626,0.0521498,0.0525435,5961.74,6081.18,5.36422,-44.8466,2.72596,11.8914,18.427,10.0206,-42.7623,-8.92594,-57.7428,-18.312,-12.2335,-33.4074,-29.0073,-5.23372,-44.1972,21.4119,25.6588,9.63077,-60.5373,-60.4939,-60.5598,-60.613,-60.4516,-60.769,-41.2415,-15.3264,-63.4047,-9.34929,12.9902,-31.5653,-19.7071,15.922,-69.9911,-42.3318,-42.2879,-42.331,-43.2211,-43.1816,-43.2206,-29.0706,-29.0672,-28.9498,-28.9418
2760,0.496973,0.0649955,0.065106,19612.7,19668.6,6.89553,-56.5315,2.76605,0.0636619,0.0637881,21563.6,21652.9,6.94904,-58.7142,2.76051,0.0505738,0.0510332,5932.64,6050.62,5.35159,-46.0855,2.72659,0.0506089,0.0510667,5935.23,6053.46,5.35272,-46.0747,2.72649,0.0509143,0.0513586,5959.67,6076.23,5.36332,-45.9642,2.72721,0.0509296,0.0513733,5956.77,6074.22,5.36206,-45.9338,2.72682,11.8904,18.6253,10.0156,-43.0358,-8.95833,-58.2858,-18.431,-12.5812,-33.9287,-29.7484,-5.40982,-45.2511,21.4302,25.6864,9.63789,-62.1688,-62.1235,-62.1922,-62.2412,-62.0829,-62.3737,-42.9677,-17.1973,-65.8154,-10.4981,10.1734,-32.9292,-20.0863,13.4807,-70.6764,-42.5147,-42.4705,-42.5138,-43.5854,-43.5457,-43.5849,-29.8112,-29.8085,-29.6893,-29.6845
2880,0.51858,0.0647659,0.064879,19655.6,19707.4,6.90452,-56.8698,2.76691,0.0632473,0.0633789,21602.1,21686,6.95648,-59.2318,2.76154,0.0495042,0.0500141,5928.52,6045.21,5.3498,-47.0884,2.72715,0.0495325,0.0500411,5931.2,6048.12,5.35097,-47.0842,2.72706,0.0498392,0.0503328,5955.24,6070.27,5.3614,-46.9608,2.72787,0.049839,0.0503326,5951.99,6067.94,5.35999,-46.9424,2.72747,11.8893,18.8182,10.0109,-43.2875,-8.99092,-58.7871,-18.5497,-12.8364,-34.4201,-30.4245,-5.56229,-46.228,21.4483,25.7134,9.64504,-63.3614,-63.3149,-63.3855,-63.4312,-63.2753,-63.5363,-44.534,-18.9679,-68.0441,-11.6026,8.61047,-34.2223,-20.4498,11.2403,-72.2119,-42.6824,-42.638,-42.6815,-43.9213,-43.8814,-43.9207,-30.4868,-30.4847,-30.3642,-30.3623
3000,0.540188,0.0645749,0.0646901,19698.4,19746.4,6.91351,-57.1739,2.76769,0.0628829,0.0630192,21640.9,21720.3,6.96398,-59.7072,2.76242,0.0485497,0.0491094,5924.5,6040.9,5.34806,-48.0182,2.72728,0.0485721,0.0491305,5927.28,6043.85,5.34927,-48.02,2.72721,0.0488802,0.0494222,5950.97,6065.6,5.35954,-47.8858,2.72804,0.0488656,0.0494083,5947.39,6062.88,5.35799,-47.8783,2.72767,11.8881,19.0057,10.0063,-43.5188,-9.02172,-59.2508,-18.6679,-12.9081,-34.8848,-31.0422,-5.69685,-47.1377,21.466,25.74,9.65221,-64.3886,-64.3411,-64.4132,-64.4584,-64.3024,-64.5353,-45.9548,-20.6349,-70.1022,-12.6646,7.77414,-35.4486,-20.7995,9.18406,-73.6143,-42.8359,-42.7913,-42.835,-44.2305,-44.1904,-44.23,-31.1039,-31.1023,-30.9808,-30.9817
3120,0.561795,0.0644178,0.0645348,19741.1,19785.7,6.92247,-57.4468,2.76842,0.0625601,0.0627009,21679.8,21755.2,6.97151,-60.146,2.76318,0.0476899,0.0482983,5920.56,6037.53,5.34635,-48.8858,2.72703,0.0477079,0.0483152,5923.44,6040.49,5.3476,-48.8921,2.727,0.0480151,0.0486045,5946.81,6061.94,5.35774,-48.7505,2.72783,0.0479887,0.0485797,5942.91,6058.8,5.35605,-48.7519,2.7275,11.8867,19.188,10.0018,-43.7314,-9.04897,-59.6825,-18.7858,-12.9777,-35.3268,-31.6116,-5.82201,-47.9869,21.4835,25.766,9.65934,-65.5171,-65.4689,-65.542,-65.5873,-65.4395,-65.6877,-47.2517,-22.2006,-72.0091,-13.6871,6.93757,-36.6158,-21.1374,7.28789,-74.9048,-42.9762,-42.9314,-42.9753,-44.5154,-44.4752,-44.5149,-31.6727,-31.6715,-31.5492,-31.5529
3240,0.583403,0.0642904,0.0644089,19783.5,19825.1,6.93138,-57.6923,2.76904,0.0622733,0.0624182,21718.7,21790.9,6.97905,-60.5529,2.76382,0.0469294,0.0475843,5916.7,6033.08,5.34468,-49.6605,2.72729,0.0469446,0.0475986,5919.67,6036.05,5.34596,-49.6699,2.72729,0.0472485,0.0478835,5942.76,6057.2,5.35598,-49.5241,2.72813,0.0472133,0.0478504,5938.56,6053.68,5.35416,-49.532,2.72783,11.8853,19.3654,9.99738,-43.9266,-9.07216,-60.0863,-18.9032,-13.0449,-35.7484,-32.1019,-5.91247,-48.7419,21.5007,25.7916,9.66644,-66.7705,-66.7216,-66.7956,-66.8416,-66.7049,-66.94,-48.4382,-23.6677,-73.7776,-14.6721,6.10269,-37.7304,-21.4649,5.53525,-76.0974,-43.1042,-43.0594,-43.1034,-44.7778,-44.7374,-44.7773,-32.1624,-32.1617,-32.0387,-32.0451
3360,0.60501,0.064188,0.0643078,19825.7,19864.9,6.94024,-57.9149,2.76954,0.0620174,0.062166,21757.7,21827.2,6.98658,-60.9322,2.76434,0.046276,0.0469736,5912.92,6027.86,5.34304,-50.3292,2.72791,0.0462896,0.0469863,5915.97,6030.85,5.34436,-50.3404,2.72794,0.046589,0.0472658,5938.8,6051.69,5.35426,-50.1925,2.7288,0.0465471,0.0472267,5934.3,6047.83,5.35231,-50.2051,2.72852,11.8837,19.5379,9.99308,-44.1055,-9.09138,-60.4649,-19.0202,-13.1095,-36.1515,-32.5028,-5.96472,-49.3902,21.5176,25.8167,9.67347,-68.1667,-68.1135,-68.1934,-68.2339,-68.0943,-68.3565,-49.5243,-25.0396,-75.421,-15.6213,5.27161,-38.7927,-21.783,3.9136,-77.2022,-43.2208,-43.1759,-43.22,-45.0192,-44.9787,-45.0187,-32.5626,-32.5622,-32.4387,-32.4477
3480,0.626618,0.0641054,0.0642261,19867.5,19904.9,6.94902,-58.1195,2.76992,0.0617875,0.0619395,21796.6,21863.9,6.9941,-61.2877,2.76476,0.045735,0.04647,5909.2,6021.81,5.34142,-50.8777,2.72892,0.0457482,0.0464822,5912.33,6024.84,5.34278,-50.8897,2.72897,0.0460424,0.046756,5934.92,6045.36,5.35258,-50.7412,2.72986,0.0459955,0.0467122,5930.14,6041.2,5.35051,-50.7571,2.7296,11.8821,19.7056,9.98884,-44.2694,-9.10685,-60.8208,-19.1367,-13.1716,-36.5379,-32.8028,-5.9755,-49.9179,21.5343,25.8414,9.68043,-69.6466,-69.5597,-69.7736,-69.6835,-69.5394,-69.8433,-50.52,-26.2888,-77.0144,-16.5363,4.44626,-39.8063,-22.0925,2.41018,-78.229,-43.3267,-43.2817,-43.3258,-45.2411,-45.2005,-45.2406,-32.8621,-32.8618,-32.738,-32.7495
3600,0.648225,0.0640382,0.0641598,19909,19945.2,6.95774,-58.3097,2.77019,0.0615801,0.0617353,21835.3,21900.9,7.00159,-61.6221,2.76509,0.0453101,0.0460758,5905.54,6014.93,5.33984,-51.2954,2.73032,0.0453235,0.0460883,5908.75,6017.99,5.34123,-51.3075,2.73039,0.0456129,0.0463566,5931.12,6038.21,5.35093,-51.1592,2.73132,0.045562,0.0463093,5926.07,6033.79,5.34874,-51.1775,2.73105,11.8804,19.8687,9.98467,-44.4191,-9.11894,-61.1552,-19.2528,-13.2312,-36.9089,-32.9943,-5.9437,-50.3147,21.5507,25.8657,9.68732,-71.1593,-71.0047,-71.5073,-71.1349,-70.9838,-71.3139,-51.4327,-27.3026,-78.4895,-17.4185,3.62815,-40.7743,-22.3942,1.01482,-79.2045,-43.4225,-43.3774,-43.4216,-45.4448,-45.404,-45.4442,-33.0529,-33.0528,-32.9289,-32.9427
3720,0.669833,0.0639819,0.0641042,19950.1,19985.3,6.96637,-58.4893,2.77039,0.0613916,0.0615497,21873.9,21937.9,7.00905,-61.9378,2.76539,0.0450033,0.0457919,5901.94,6007.1,5.33827,-51.5738,2.73216,0.0450174,0.045805,5905.23,6010.22,5.3397,-51.5857,2.73223,0.0453025,0.0460687,5927.38,6030.14,5.34931,-51.4379,2.7332,0.0452482,0.0460185,5922.07,6025.47,5.34701,-51.4582,2.73292,11.8785,20.0274,9.98056,-44.5558,-9.12816,-61.4694,-19.3684,-13.2885,-37.2661,-33.0728,-5.87203,-50.573,21.5669,25.8895,9.69412,-72.5731,-72.3923,-73.0082,-72.5276,-72.3716,-72.8147,-52.2724,-28.2573,-79.8589,-18.2699,2.81892,-41.7003,-22.6889,0.0238763,-80.1276,-43.5091,-43.464,-43.5082,-45.6317,-45.5908,-45.6312,-33.1308,-33.1308,-33.0068,-33.0229
3840,0.69144,0.0639341,0.0640569,19990.8,20025.3,6.97491,-58.66,2.77055,0.0612203,0.0613811,21912.2,21974.8,7.01647,-62.2361,2.76567,0.0448088,0.0456123,5898.39,5998.96,5.33673,-51.7222,2.73415,0.0448237,0.0456261,5901.76,6002.14,5.33819,-51.7336,2.73423,0.0451054,0.0458863,5923.71,6021.8,5.34772,-51.5863,2.73522,0.0450479,0.0458332,5918.14,6016.9,5.3453,-51.6084,2.73493,11.8766,20.1817,9.9765,-44.6805,-9.13501,-61.7637,-19.4836,-13.3421,-37.6106,-33.0503,-5.77338,-50.7023,21.5828,25.913,9.70083,-73.8912,-73.7264,-74.2859,-73.8526,-73.6984,-74.1834,-53.0463,-29.1574,-81.1316,-19.0919,2.0198,-42.5871,-22.9771,-0.515508,-80.9841,-43.587,-43.5419,-43.5862,-45.8031,-45.7621,-45.8026,-33.1076,-33.1077,-32.9838,-33.0021
3861.55,0.695321,0.0639263,0.0640493,19998.1,20032.4,6.97644,-58.6897,2.77057,0.0611913,0.0613526,21919.1,21981.4,7.01779,-62.2878,2.76572,0.0447855,0.0455908,5897.76,5997.51,5.33646,-51.7355,2.7345,0.0448006,0.0456048,5901.14,6000.69,5.33792,-51.7468,2.73459,0.0450817,0.0458644,5923.06,6020.3,5.34743,-51.5996,2.73559,0.0450237,0.0458108,5917.44,6015.37,5.345,-51.622,2.73529,11.8763,20.209,9.97577,-44.7016,-9.136,-61.8144,-19.5042,-13.3483,-37.6712,-33.036,-5.75325,-50.7123,21.5856,25.9172,9.70203,-74.1201,-73.9613,-74.4986,-74.0839,-73.9308,-74.4044,-53.1784,-29.3134,-81.3501,-19.2365,1.87736,-42.7423,-23.0282,-0.611883,-81.1311,-43.6002,-43.555,-43.5993,-45.8323,-45.7913,-45.8317,-33.0932,-33.0933,-32.9695,-32.9881
3861.55,0.695321,0.0639263,0.0640493,19998.1,20032.4,6.97644,-58.6897,2.77057,0.0611913,0.0613526,21919.1,21981.4,7.01779,-62.2878,2.76572,0.0447855,0.0455908,5897.76,5997.51,5.33646,-51.7355,2.7345,0.0448006,0.0456048,5901.14,6000.69,5.33792,-51.7468,2.73459,0.0450817,0.0458644,5923.06,6020.3,5.34743,-51.5996,2.73559,0.0450237,0.0458108,5917.44,6015.37,5.345,-51.622,2.73529,11.8763,20.209,9.97577,-44.7016,-9.136,-61.8144,-19.5042,-13.3483,-37.6712,-33.036,-5.75325,-50.7123,21.5856,25.9172,9.70203,-74.1201,-73.9613,-74.4986,-74.0839,-73.9308,-74.4044,-53.1784,-29.3134,-81.3501,-19.2365,1.87736,-42.7423,-23.0282,-0.611883,-81.1311,-43.6002,-43.555,-43.5993,-45.8323,-45.7913,-45.8317,-33.0932,-33.0933,-32.9695,-32.9881
3960,0.713048,0.0634113,0.0635407,20071.9,20165.4,6.99193,-59.6393,2.75814,0.0608211,0.0609884,21992.5,22087.6,7.03201,-63.0245,2.75938,0.0447863,0.0455915,5898.31,5992.31,5.3367,-51.6849,2.73699,0.044799,0.0456033,5901.41,5995.44,5.33804,-51.6986,2.73699,0.0450755,0.0458586,5922.29,6014.18,5.3471,-51.5492,2.73791,0.0450137,0.0458016,5916.54,6009.21,5.34461,-51.5756,2.73757,11.8783,20.3594,9.99843,-45.4452,-9.77326,-62.548,-19.4944,-13.3699,-36.0013,-32.891,-5.64314,-50.651,21.5983,25.936,9.70741,-33.3393,-33.1767,-33.5954,-33.4639,-33.2594,-33.7271,-52.7371,-21.5704,-82.2735,-18.4027,3.78119,-43.0177,-22.6987,-0.124879,-73.9958,-44.4611,-44.4162,-44.4603,-46.4585,-46.4173,-46.458,-32.9467,-32.9484,-32.8236,-32.8453
4080,0.734655,0.0627119,0.0628506,20164,20280.8,7.01126,-60.737,2.75324,0.060346,0.0605214,22082.7,22189.7,7.04944,-63.8738,2.75707,0.0448589,0.0456585,5898.88,5986.86,5.33694,-51.5492,2.73961,0.0448663,0.0456654,5901.71,5989.93,5.33817,-51.5686,2.7395,0.0451371,0.0459157,5921.11,6007.29,5.34659,-51.4139,2.74039,0.0450679,0.0458516,5915.02,6002.23,5.34395,-51.448,2.73994,11.8804,20.5314,10.0044,-46.2831,-10.3781,-63.3875,-19.4922,-13.4007,-35.1772,-32.6692,-5.51039,-50.5068,21.6136,25.9585,9.71389,2.42573,2.58369,2.11472,2.19359,2.43959,2.00846,-52.594,-8.87792,-83.1623,-17.6274,8.66621,-43.371,-22.3101,6.84939,-74.3835,-45.4322,-45.3876,-45.4314,-47.1632,-47.1218,-47.1626,-32.7221,-32.7272,-32.6004,-32.6272
4200,0.756263,0.0620262,0.0621747,20256.3,20372.3,7.03066,-61.763,2.75343,0.0598918,0.0600753,22171.7,22276.3,7.06666,-64.6622,2.75753,0.0449898,0.0457795,5899.96,5981.82,5.33741,-51.3506,2.74226,0.0449904,0.0457801,5902.6,5984.89,5.33856,-51.3779,2.74208,0.0452527,0.0460227,5919.63,6000.24,5.34595,-51.2162,2.74281,0.0451742,0.04595,5913.24,5995.11,5.34318,-51.26,2.74226,11.8825,20.6973,9.99954,-47.0487,-10.6826,-64.1645,-19.4894,-13.4167,-35.4679,-32.4082,-5.37451,-50.303,21.6287,25.9809,9.72031,27.5654,27.6889,27.2864,27.2617,27.5319,27.1491,-52.595,2.35861,-83.727,-16.9318,16.262,-44.1448,-21.9203,25.405,-75.0886,-46.3235,-46.279,-46.3226,-47.8031,-47.7615,-47.8025,-32.4574,-32.4671,-32.3376,-32.3705
4320,0.77787,0.0614325,0.06159,20349.9,20452.5,7.05031,-62.67,2.75624,0.0595118,0.0597023,22260.7,22354.2,7.08388,-65.3453,2.75969,0.0451982,0.0459722,5902.38,5977.36,5.33846,-51.0699,2.74525,0.0451879,0.0459627,5904.35,5980.16,5.33932,-51.1071,2.74489,0.0454347,0.0461913,5917.57,5992.38,5.34505,-50.9368,2.74532,0.0453455,0.0461086,5911.05,5987.26,5.34223,-50.9924,2.74472,11.8848,20.859,9.99516,-47.6983,-10.8563,-64.8355,-19.4725,-13.3784,-35.518,-32.095,-5.23037,-50.0205,21.6437,26.0029,9.72665,42.0719,42.1482,41.9029,41.7342,42.0102,41.6665,-52.4817,10.2202,-82.4963,-16.1618,20.6325,-43.7622,-21.5049,39.3361,-74.664,-47.0898,-47.0454,-47.0889,-48.336,-48.2943,-48.3355,-32.1395,-32.155,-32.0228,-32.0627
4440,0.799478,0.0609759,0.0611406,20447.1,20532.4,7.07071,-63.4364,2.75986,0.0592405,0.0594362,22352.1,22430.7,7.10157,-65.9008,2.76258,0.0454785,0.0462319,5905.8,5974.41,5.33995,-50.7237,2.74801,0.0454531,0.0462084,5906.75,5976.57,5.34036,-50.7722,2.74749,0.0456766,0.0464158,5915.08,5984.61,5.34397,-50.593,2.74762,0.0455761,0.0463224,5908.54,5979.57,5.34114,-50.6614,2.74696,11.8873,21.0178,9.99134,-48.2116,-10.9153,-65.3778,-19.4344,-11.7413,-35.2644,-31.7479,-5.09206,-49.6758,21.6584,26.0245,9.7329,49.3692,49.408,49.2824,49.0298,49.303,48.9775,-51.8639,7.58818,-79.5421,-15.2221,22.203,-41.8954,-21.0527,49.0428,-72.7885,-47.7109,-47.6665,-47.71,-48.7417,-48.6997,-48.7411,-31.7865,-31.8086,-31.6746,-31.722
4560,0.821085,0.0606657,0.0608356,20548.8,20617.3,7.09205,-64.0615,2.76338,0.0590868,0.0592855,22446.4,22510,7.11981,-66.3269,2.76548,0.0458084,0.0465382,5909.48,5973.17,5.34154,-50.3417,2.75015,0.0457654,0.0464982,5909.39,5974.51,5.34151,-50.4021,2.74953,0.0459609,0.04668,5912.55,5977.84,5.34287,-50.2145,2.74945,0.0458482,0.0465752,5905.95,5972.86,5.34001,-50.2961,2.74875,11.8902,21.1741,9.98799,-48.5899,-10.8824,-65.7893,-19.3758,-9.77362,-34.7305,-31.3947,-4.97479,-49.2977,21.6729,26.0459,9.73905,52.9557,53.0066,52.8463,52.638,52.9097,52.5211,-50.5377,-1.32677,-78.1146,-14.1288,26.5908,-38.6875,-20.5701,54.9735,-69.5313,-48.1885,-48.1441,-48.1876,-49.0206,-48.9783,-49.0201,-31.4263,-31.4555,-31.321,-31.3759
4680,0.842693,0.0604909,0.0606638,20653.6,20707.4,7.11406,-64.5529,2.76647,0.0590439,0.0592434,22542.8,22592.8,7.13846,-66.6308,2.76812,0.0461597,0.0468651,5913,5973.45,5.34307,-49.9543,2.75155,0.0460992,0.0468088,5912.1,5974.03,5.34268,-50.0265,2.75091,0.0462647,0.0469631,5910.12,5972.54,5.34182,-49.8318,2.7507,0.0461392,0.0468461,5903.41,5967.57,5.33891,-49.9264,2.74995,11.8932,21.3296,9.98502,-48.844,-10.7829,-66.0784,-19.2999,-7.91755,-33.968,-31.0623,-4.8888,-48.916,21.6871,26.0669,9.74511,55.0405,55.1533,54.7936,54.7674,55.0406,54.6124,-48.498,-3.42704,-77.7559,-12.9225,30.3513,-35.765,-20.0723,57.0204,-69.9916,-48.5343,-48.4898,-48.5335,-49.1833,-49.1407,-49.1827,-31.086,-31.1224,-30.9892,-31.0514
4800,0.8643,0.060433,0.0606069,20759.4,20800.7,7.13627,-64.9211,2.7691,0.0591008,0.0592992,22641.5,22678.9,7.15754,-66.8233,2.77053,0.0465083,0.0471904,5916.5,5975.09,5.34459,-49.5867,2.75236,0.046431,0.0471182,5914.86,5975,5.34388,-49.6708,2.75169,0.0465655,0.0472438,5907.84,5968.77,5.34083,-49.4704,2.75134,0.0464268,0.0471143,5900.97,5963.74,5.33785,-49.5776,2.75055,11.8964,21.4853,9.98233,-48.9886,-10.6382,-66.2579,-19.2098,-6.22215,-33.0323,-30.7716,-4.83771,-48.5558,21.7012,26.0876,9.75108,56.6935,56.855,56.2444,56.4631,56.7369,56.3264,-45.8194,0.71109,-74.6813,-11.6123,32.8737,-36.071,-19.5782,57.7513,-70.2116,-48.7635,-48.7188,-48.7627,-49.2434,-49.2005,-49.2428,-30.7867,-30.8304,-30.7002,-30.7694
4920,0.885908,0.0604731,0.0606463,20864.8,20895.4,7.1584,-65.1799,2.77135,0.0592472,0.0594428,22743.2,22769.1,7.17722,-66.9183,2.77278,0.0468397,0.0475003,5920.05,5977.59,5.34613,-49.2496,2.75282,0.0467448,0.0474115,5917.47,5976.73,5.34501,-49.3452,2.75207,0.0468482,0.0475083,5905.69,5965.98,5.3399,-49.1407,2.75162,0.0466963,0.0473661,5898.64,5960.83,5.33684,-49.2601,2.7508,11.8997,21.6373,9.97991,-49.0393,-10.4653,-66.3427,-19.109,-4.78482,-31.976,-30.5285,-4.81381,-48.2273,21.715,26.1079,9.75696,58.3388,58.5047,57.9078,58.1136,58.3819,58.021,-42.5964,2.66457,-73.5494,-10.1992,34.3917,-34.3744,-19.1069,57.5292,-69.5996,-48.8925,-48.8475,-48.8916,-49.216,-49.1728,-49.2155,-30.5341,-30.5852,-30.4594,-30.5354
5040,0.907515,0.0605935,0.0607646,20969,20990.7,7.18029,-65.3463,2.77323,0.0594722,0.0596635,22848.9,22864.1,7.19766,-66.932,2.77482,0.0471489,0.04779,5923.41,5980.12,5.34759,-48.9402,2.75318,0.0470357,0.0476839,5919.82,5978.42,5.34603,-49.047,2.75236,0.0471089,0.0477525,5903.68,5963.46,5.33903,-48.8401,2.75184,0.0469437,0.0475977,5896.43,5958.18,5.33588,-48.9712,2.75099,11.903,21.7846,9.97769,-49.0124,-10.2774,-66.3486,-19.0018,-3.94332,-30.848,-30.3257,-4.80176,-47.9278,21.7286,26.128,9.76275,60.0858,60.1948,59.8785,59.8722,60.1358,59.7424,-38.9838,2.89343,-73.2449,-8.69854,35.6473,-33.3306,-18.6716,62.1904,-68.2425,-48.9381,-48.8928,-48.9373,-49.1168,-49.0732,-49.1163,-30.3213,-30.3797,-30.2597,-30.3422
5160,0.929123,0.0607751,0.0609432,21070.8,21085.5,7.20165,-65.4393,2.77468,0.0597636,0.0599494,22958.6,22964.7,7.21888,-66.8816,2.7766,0.0474317,0.0480555,5926.4,5982.75,5.34888,-48.6628,2.75333,0.0473001,0.0479319,5921.86,5980.2,5.34691,-48.7808,2.75247,0.0473444,0.0479735,5901.79,5961.44,5.33821,-48.5729,2.7519,0.0471674,0.0478073,5894.58,5956.13,5.33508,-48.7153,2.75108,11.9064,21.9266,9.97778,-48.9243,-10.0853,-66.2916,-18.8924,-5.02445,-30.6011,-30.1635,-4.79424,-47.6622,21.7419,26.1477,9.76845,61.8365,62.0071,61.4699,61.6668,61.9325,61.5102,-35.1755,5.84342,-72.3589,-7.12785,34.8108,-32.1845,-18.2801,65.6255,-68.1854,-48.9176,-48.8719,-48.9167,-48.9615,-48.9175,-48.961,-30.1486,-30.2144,-30.101,-30.1899
5280,0.950731,0.0609988,0.0611632,21168.9,21178.9,7.22225,-65.478,2.77567,0.0601081,0.0602876,23072.3,23070.8,7.24088,-66.7844,2.77807,0.0476948,0.0483028,5928.87,5984.35,5.34995,-48.3994,2.75371,0.0475448,0.0481618,5923.36,5980.93,5.34756,-48.5284,2.7528,0.0475646,0.0481804,5900.39,5959.12,5.3376,-48.3211,2.7523,0.0473827,0.0480094,5894.53,5954.6,5.33506,-48.4739,2.75172,11.9098,22.0623,9.9821,-48.7915,-9.8975,-66.1874,-18.7841,-7.68926,-30.4474,-30.0197,-4.77962,-47.4121,21.7551,26.1671,9.77406,63.5614,63.7381,63.0048,63.3945,63.6611,63.3179,-31.3769,7.34515,-70.5987,-5.50023,35.0696,-31.1322,-17.9375,67.7212,-69.3496,-48.8477,-48.8017,-48.8468,-48.7659,-48.7215,-48.7654,-29.994,-30.0674,-29.9613,-30.056
5400,0.972338,0.0612477,0.0614081,21263.2,21270.2,7.24205,-65.4805,2.7763,0.0604908,0.0606636,23188.9,23181.7,7.26344,-66.6566,2.77918,0.0479529,0.0485459,5930.48,5984.1,5.35065,-48.1273,2.75452,0.0477856,0.0483884,5924.26,5979.96,5.34796,-48.2671,2.75361,0.047796,0.0483982,5901.36,5957.1,5.33802,-48.0612,2.7536,0.047617,0.0482297,5897.67,5954.24,5.33642,-48.2236,2.75324,11.9133,22.1911,9.99379,-48.63,-9.72139,-66.0512,-18.6806,-6.75142,-30.3938,-29.8688,-4.74319,-47.155,21.7681,26.1862,9.77958,65.129,65.2509,64.6529,64.9217,65.1825,64.8238,-27.7932,11.0592,-65.5993,-3.83416,37.0625,-30.6808,-17.6518,68.013,-69.2664,-48.7453,-48.6989,-48.7444,-48.5456,-48.5008,-48.545,-29.8327,-29.9135,-29.8147,-29.9144
5520,0.993946,0.0615078,0.0616641,21353.7,21359.3,7.26105,-65.4627,2.77661,0.0608958,0.0610618,23306.6,23295.8,7.28621,-66.5132,2.77988,0.0482035,0.0487822,5930.69,5983.17,5.35074,-47.8599,2.75501,0.0480222,0.0486113,5924.33,5978.71,5.34799,-48.01,2.75419,0.0480469,0.0486346,5905.07,5957.78,5.33963,-47.8061,2.75491,0.0478731,0.0484707,5903.21,5956.71,5.33883,-47.977,2.75457,11.9169,22.3129,10.0083,-48.4554,-9.56312,-65.8979,-18.5822,-5.68789,-30.2754,-29.7219,-4.7026,-46.9047,21.7809,26.205,9.78502,66.2652,66.3287,66.0047,66.0213,66.2751,65.971,-24.5785,15.6341,-55.2328,-2.15753,37.0989,-27.4213,-17.4251,65.8369,-69.232,-48.6264,-48.5797,-48.6255,-48.3156,-48.2705,-48.315,-29.6764,-29.7644,-29.6717,-29.7754
5640,1.01555,0.0617656,0.061918,21439.8,21445.5,7.27913,-65.439,2.77658,0.061306,0.0614654,23422.9,23410.8,7.3087,-66.3681,2.78013,0.0484339,0.0489999,5928.39,5980.91,5.34975,-47.6045,2.75499,0.0482417,0.0488184,5922.12,5976.42,5.34703,-47.7643,2.75422,0.048304,0.0488771,5909.16,5960.22,5.3414,-47.5623,2.75562,0.0481331,0.0487159,5908.49,5960.55,5.34111,-47.7406,2.75519,11.9202,22.4294,10.0182,-48.2828,-9.42799,-65.7422,-18.4815,-4.45338,-29.8706,-29.5825,-4.66444,-46.6676,21.7934,26.2235,9.79038,66.7656,66.795,66.6615,66.5017,66.7347,66.471,-21.7305,17.3381,-52.8874,-0.516789,41.1523,-27.1446,-17.2079,63.5235,-68.9651,-48.5063,-48.4593,-48.5054,-48.0905,-48.0452,-48.0899,-29.5291,-29.6238,-29.5351,-29.642
5760,1.03716,0.0620071,0.0621558,21520.3,21527.9,7.29603,-65.4221,2.77617,0.0617033,0.0618566,23534.8,23523.9,7.33034,-66.2344,2.77988,0.0486258,0.0491812,5922.96,5977.04,5.34739,-47.3775,2.75432,0.048426,0.0489924,5917.17,5972.84,5.34488,-47.5461,2.75363,0.0485435,0.0491034,5912.2,5963.43,5.34272,-47.3455,2.75555,0.0483728,0.0489422,5912.29,5964.68,5.34276,-47.5301,2.75505,11.9231,22.5383,10.0271,-48.1261,-9.32054,-65.5986,-18.3713,-2.80042,-29.0655,-29.4637,-4.6402,-46.4593,21.8058,26.2418,9.79565,66.5482,66.5688,66.518,66.273,66.5181,66.208,-19.2388,16.3124,-50.8811,1.02906,44.9168,-26.6448,-16.9529,67.1585,-68.0342,-48.3995,-48.3522,-48.3986,-47.8841,-47.8385,-47.8835,-29.4046,-29.5054,-29.4179,-29.5271
5880,1.05877,0.0622202,0.0623658,21594.9,21605.9,7.3117,-65.4242,2.77547,0.0620713,0.0622191,23640.7,23633.2,7.35083,-66.125,2.77923,0.0487657,0.0493137,5915.92,5972.5,5.34434,-47.199,2.75323,0.048564,0.0491229,5911.35,5969.13,5.34235,-47.3753,2.75271,0.0487437,0.0492929,5914.37,5967.24,5.34366,-47.1756,2.75484,0.0485719,0.0491303,5915.02,5969.07,5.34395,-47.3653,2.75433,11.9256,22.634,10.035,-47.9983,-9.2445,-65.4812,-18.2527,-1.35856,-28.333,-29.3826,-4.64045,-46.2991,21.818,26.2597,9.80084,65.659,65.6776,65.6492,65.3779,65.6312,65.2853,-17.143,17.8866,-49.0088,2.46527,47.825,-25.9229,-16.6509,69.5537,-66.4985,-48.3192,-48.2716,-48.3183,-47.7091,-47.6634,-47.7085,-29.3201,-29.4261,-29.3366,-29.4475
6000,1.08038,0.0623947,0.0625379,21664.1,21679.6,7.32621,-65.457,2.7745,0.0623964,0.0625395,23739.9,23737.7,7.37002,-66.0525,2.77821,0.0488755,0.0494177,5909.68,5966.7,5.34163,-47.0403,2.75304,0.0486758,0.0492286,5906.45,5964.47,5.34023,-47.2232,2.75261,0.0489131,0.0494533,5916.04,5969.43,5.34439,-47.0237,2.75462,0.0487397,0.0492891,5917.11,5971.65,5.34485,-47.2173,2.75412,11.9276,22.7318,10.0345,-47.9113,-9.20266,-65.4033,-18.131,-0.173276,-27.9395,-29.3081,-4.63572,-46.1567,21.83,26.2774,9.80594,64.3308,64.35,64.3203,64.0445,64.3009,63.9633,-15.4871,18.7326,-46.7429,3.78491,49.8179,-24.9949,-16.3118,73.4571,-64.4416,-48.2772,-48.2294,-48.2763,-47.5771,-47.5313,-47.5766,-29.2446,-29.3547,-29.2606,-29.3726
6120,1.10198,0.0625198,0.0626611,21727,21748.7,7.33942,-65.5321,2.77322,0.0626641,0.0628035,23830.8,23835.9,7.38761,-66.029,2.77679,0.0489807,0.0495174,5904.94,5960.85,5.33957,-46.8856,2.75352,0.0487833,0.0493304,5902.66,5959.63,5.33858,-47.0738,2.75306,0.0490684,0.0496004,5917.39,5970.17,5.34497,-46.8742,2.75488,0.0488939,0.0494351,5918.83,5972.71,5.3456,-47.0705,2.7544,11.9295,22.8265,10.0224,-47.8752,-9.19698,-65.3771,-18.0162,0.712718,-27.6319,-29.2269,-4.61729,-46.0183,21.8418,26.2947,9.81097,62.7092,62.7295,62.6983,62.4175,62.6752,62.2895,-14.3216,18.0102,-44.543,4.94186,50.8796,-23.8853,-15.9526,76.2816,-61.9534,-48.284,-48.2361,-48.2831,-47.4983,-47.4523,-47.4977,-29.1643,-29.2773,-29.1767,-29.2892
6240,1.12359,0.0625792,0.0627197,21780.4,21810.7,7.35064,-65.6603,2.77142,0.0628553,0.0629921,23908.7,23924.3,7.40267,-66.0654,2.77477,0.0490944,0.0496252,5901.14,5955.51,5.33792,-46.7271,2.75419,0.0488981,0.0494391,5899.49,5955.02,5.33721,-46.9195,2.75369,0.0492224,0.0497466,5918.48,5970.05,5.34545,-46.7193,2.75541,0.0490477,0.0495809,5920.28,5972.87,5.34623,-46.9172,2.75496,11.9311,22.9164,10.0126,-47.8989,-9.229,-65.4131,-17.9199,1.26176,-27.381,-29.1377,-4.57769,-45.8731,21.8534,26.3119,9.81592,60.9543,60.9754,60.9432,60.654,60.9154,60.5509,-13.6724,16.8163,-44.0385,5.8145,50.9932,-22.6257,-15.5942,77.232,-59.1224,-48.3484,-48.3004,-48.3475,-47.4812,-47.4353,-47.4806,-29.0777,-29.1927,-29.084,-29.1966
6360,1.1452,0.0625534,0.0626943,21819.7,21861.4,7.3589,-65.8516,2.76902,0.0629489,0.0630844,23968.4,23997.7,7.41423,-66.1714,2.77212,0.0492179,0.0497423,5897.79,5950.83,5.33647,-46.5652,2.75477,0.0490216,0.0495561,5896.61,5950.84,5.33596,-46.7607,2.75425,0.0493822,0.0498983,5919.28,5969.38,5.34579,-46.5548,2.75604,0.049208,0.0497329,5921.39,5972.47,5.34671,-46.7535,2.75562,11.9325,23.0019,10.0044,-47.9895,-9.30003,-65.5199,-17.8485,1.44408,-27.1158,-29.0405,-4.52881,-45.726,21.8648,26.3287,9.82079,59.1721,59.1936,59.1609,58.8628,59.1283,58.778,-13.5531,14.4985,-43.6872,6.28045,49.7261,-21.73,-15.2582,78.1007,-56.0306,-48.4778,-48.4298,-48.4768,-47.5331,-47.4873,-47.5325,-28.9849,-29.1012,-28.9818,-29.094
6480,1.16681,0.0624285,0.0625711,21843.5,21898.3,7.3639,-66.1143,2.76628,0.0629317,0.0630673,24008.9,24053.4,7.42206,-66.3545,2.76917,0.0493391,0.0498573,5894.7,5947.5,5.33513,-46.4178,2.75487,0.0491427,0.0496709,5893.87,5947.85,5.33477,-46.6154,2.75436,0.0495474,0.0500552,5919.62,5968.47,5.34594,-46.3841,2.75658,0.0493739,0.0498903,5921.94,5971.74,5.34695,-46.5825,2.75617,11.9337,23.0836,9.99697,-48.1529,-9.41081,-65.7041,-17.7976,1.24139,-26.9539,-28.9291,-4.4785,-45.6334,21.8761,26.3453,9.82559,57.4138,57.4352,57.4027,57.0979,57.3656,56.9755,-13.979,17.5743,-43.5843,6.30282,45.893,-20.7973,-14.9573,77.7246,-53.2199,-48.6779,-48.63,-48.677,-47.6597,-47.614,-47.6591,-28.8799,-28.9968,-28.8642,-28.9756
6600,1.18841,0.0622062,0.062352,21856.5,21923.6,7.36662,-66.4548,2.76371,0.0628061,0.0629435,24035.4,24094.2,7.42719,-66.6199,2.76641,0.0494516,0.0499642,5891.87,5944.71,5.3339,-46.284,2.75485,0.0492548,0.0497773,5891.25,5945.26,5.33363,-46.4829,2.75435,0.0497003,0.0502006,5919.46,5968.65,5.34587,-46.2359,2.75644,0.0495272,0.0500361,5921.8,5971.96,5.34689,-46.4332,2.75602,11.9347,23.1624,9.99012,-48.3928,-9.56075,-65.9697,-17.7562,0.648397,-27.0232,-28.8223,-4.44408,-45.514,21.8872,26.3616,9.83031,55.6736,55.6945,55.6628,55.3551,55.6219,55.2301,-14.9372,22.488,-43.6705,5.97787,40.6248,-19.8042,-14.703,75.8915,-55.1805,-48.9525,-48.9047,-48.9516,-47.8646,-47.8192,-47.864,-28.7799,-28.8955,-28.7523,-28.8614
6720,1.21002,0.0619015,0.0620518,21866.2,21943.2,7.36865,-66.8765,2.76161,0.0625866,0.062727,24055.3,24126.1,7.43103,-66.9699,2.76409,0.0495471,0.0500549,5889.48,5943,5.33287,-46.1767,2.75456,0.0493492,0.0498669,5888.87,5943.61,5.3326,-46.3765,2.75403,0.0498189,0.0503135,5918.78,5969.93,5.34558,-46.1315,2.75559,0.049645,0.050148,5920.86,5973.07,5.34648,-46.3277,2.75513,11.9355,23.2386,9.98363,-48.7104,-9.7473,-66.3326,-17.7198,-0.33443,-27.2363,-28.7479,-4.43609,-45.3819,21.8981,26.3777,9.83496,54.0614,54.0813,54.0511,53.7415,54.0075,53.6131,-16.3253,26.4064,-43.9258,5.45356,43.3301,-19.5151,-14.51,73.4174,-57.0477,-49.3031,-49.2555,-49.3022,-48.1492,-48.104,-48.1486,-28.7156,-28.8214,-28.6777,-28.7768
6840,1.23163,0.0615321,0.061688,21877.1,21962.1,7.37093,-67.3761,2.75993,0.0622889,0.0624335,24072.2,24153.1,7.43429,-67.4001,2.76212,0.0496027,0.0501078,5887.94,5944.1,5.3322,-46.1325,2.75342,0.0494039,0.0499188,5887.27,5944.61,5.33191,-46.3321,2.7529,0.049881,0.0503726,5917.63,5972.33,5.34508,-46.0923,2.75405,0.0497048,0.0502049,5919.07,5974.93,5.34571,-46.286,2.75354,11.936,23.3124,9.97746,-49.1009,-9.96312,-66.8364,-17.6958,-1.67039,-27.5341,-28.7349,-4.4676,-45.3205,21.9088,26.3935,9.83954,52.6233,52.6419,52.6137,52.3007,52.5687,52.1874,-18.0232,28.9676,-43.9374,4.80578,46.8959,-19.3122,-14.3882,70.3185,-58.7665,-49.7247,-49.6774,-49.7238,-48.5083,-48.4635,-48.5077,-28.7149,-28.805,-28.6691,-28.7508
6960,1.25324,0.0611213,0.0612837,21890.9,21980.9,7.37383,-67.9311,2.75886,0.0619378,0.0620876,24089,24176.6,7.43755,-67.8869,2.76084,0.0495902,0.0500959,5887.22,5948.18,5.33188,-46.1805,2.75133,0.0493975,0.0499128,5886.59,5948.1,5.33161,-46.369,2.75109,0.0498619,0.0503544,5916.13,5976.33,5.34443,-46.1459,2.75166,0.0496901,0.0501909,5916.66,5977.37,5.34466,-46.3224,2.75144,11.9365,23.384,9.97168,-49.5405,-10.1869,-67.393,-17.6858,-3.21199,-27.9982,-28.7953,-4.54179,-45.3541,21.9194,26.4091,9.84404,51.375,51.3923,51.3661,51.05,51.3209,50.9984,-19.753,30.2455,-42.5017,4.15436,49.4237,-19.3185,-14.3261,66.7301,-60.2974,-50.1937,-50.1467,-50.1928,-48.9183,-48.8739,-48.9178,-28.7833,-28.8648,-28.7309,-28.8023
7080,1.27484,0.0607035,0.0608727,21910.4,22000.9,7.37793,-68.5041,2.75878,0.0615724,0.0617277,24110.9,24199.1,7.44178,-68.3926,2.7607,0.0495025,0.0500125,5887.08,5953.09,5.33183,-46.3089,2.74914,0.049324,0.049843,5886.49,5952.47,5.33157,-46.4794,2.74915,0.0497615,0.0502588,5914.81,5980.27,5.34386,-46.2785,2.74938,0.0496028,0.0501078,5914.44,5979.78,5.34369,-46.4299,2.74943,11.937,23.4535,9.96638,-49.9925,-10.3901,-67.9647,-17.6758,-2.85802,-28.4005,-28.92,-4.64194,-45.4632,21.9298,26.4244,9.84847,50.43,50.4462,50.4217,50.1055,50.3768,50.0556,-21.1159,30.3766,-43.1346,3.67475,50.9952,-19.89,-14.2867,64.7249,-61.639,-50.6734,-50.6267,-50.6725,-49.3423,-49.2983,-49.3418,-28.9118,-28.9924,-28.8527,-28.923
7200,1.29645,0.0603114,0.0604874,21938.2,22025.3,7.38378,-69.0665,2.7595,0.0612292,0.0613899,24141.4,24225.8,7.44768,-68.8879,2.76145,0.0493417,0.0498598,5887.11,5958.19,5.33184,-46.5115,2.74694,0.0491799,0.0497062,5886.71,5957.72,5.33167,-46.6677,2.74697,0.0495899,0.0500956,5913.81,5984.04,5.34342,-46.4798,2.74731,0.0494451,0.049958,5912.73,5982.96,5.34295,-46.6136,2.74731,11.9379,23.5212,9.96153,-50.4293,-10.5569,-68.5227,-17.655,-1.5541,-29.1903,-29.1137,-4.76501,-45.6506,21.94,26.4395,9.85284,49.8101,49.8257,49.802,49.4867,49.7574,49.4453,-21.9815,29.5814,-45.464,3.47562,52.3996,-20.4497,-14.2478,65.9432,-62.7964,-51.1363,-51.0899,-51.1354,-49.7527,-49.7091,-49.7522,-29.1076,-29.1898,-29.0425,-29.1148
7248.87,1.30525,0.0601623,0.0603409,21952.2,22037.1,7.38671,-69.2903,2.75995,0.0610994,0.0612621,24156.5,24238.5,7.4506,-69.0844,2.7619,0.0492552,0.0497777,5887.1,5960.46,5.33184,-46.6168,2.74595,0.0491001,0.0496305,5886.88,5960.24,5.33174,-46.7691,2.74595,0.0495002,0.0500103,5913.43,5985.73,5.34326,-46.5829,2.74641,0.0493601,0.0498773,5912.12,5984.66,5.34269,-46.7128,2.74631,11.9383,23.5482,9.95967,-50.6007,-10.6138,-68.7438,-17.6429,-0.985082,-29.6286,-29.2145,-4.82305,-45.7519,21.9442,26.4456,9.8546,49.6397,49.6552,49.6317,49.3172,49.5872,49.2834,-22.198,29.023,-46.3247,3.47971,52.766,-20.6655,-14.2315,66.5915,-63.2148,-51.318,-51.2717,-51.3171,-49.9139,-49.8704,-49.9133,-29.209,-29.2921,-29.1418,-29.2153
7248.87,1.30525,0.0601623,0.0603409,21952.2,22037.1,7.38671,-69.2903,2.75995,0.0610994,0.0612621,24156.5,24238.5,7.4506,-69.0844,2.7619,0.0492552,0.0497777,5887.1,5960.46,5.33184,-46.6168,2.74595,0.0491001,0.0496305,5886.88,5960.24,5.33174,-46.7691,2.74595,0.0495002,0.0500103,5913.43,5985.73,5.34326,-46.5829,2.74641,0.0493601,0.0498773,5912.12,5984.66,5.34269,-46.7128,2.74631,11.9383,23.5482,9.95967,-50.6007,-10.6138,-68.7438,-17.6429,-0.985082,-29.6286,-29.2145,-4.82305,-45.7519,21.9442,26.4456,9.8546,49.6397,49.6552,49.6317,49.3172,49.5872,49.2834,-22.198,29.023,-46.3247,3.47971,52.766,-20.6655,-14.2315,66.5915,-63.2148,-51.318,-51.2717,-51.3171,-49.9139,-49.8704,-49.9133,-29.209,-29.2921,-29.1418,-29.2153
7320,1.31806,0.0602835,0.06046,21951.1,21996.1,7.38647,-68.9969,2.76834,0.0611095,0.0612721,24150.6,24207.6,7.44946,-68.9754,2.76675,0.0490615,0.0495939,5885.24,5963.18,5.33103,-46.8339,2.74397,0.0489141,0.0494542,5885.09,5963.09,5.33096,-46.9806,2.74394,0.0493029,0.049823,5910.68,5987.55,5.34207,-46.7952,2.74443,0.0491655,0.0496926,5908.9,5986.18,5.34129,-46.9209,2.74425,11.9363,23.5846,9.95702,-50.3519,-10.3925,-68.4407,-17.7112,-3.23937,-30.1939,-29.4175,-4.92132,-45.9627,21.9501,26.4542,9.85711,27.6224,27.6394,27.6136,27.3699,27.6142,27.3274,-24.3307,17.7668,-47.6634,2.51152,47.9765,-20.7813,-14.6319,56.7315,-61.5581,-50.972,-50.9257,-50.9712,-49.7621,-49.7189,-49.7616,-29.4163,-29.4922,-29.3481,-29.4136
7440,1.33967,0.0605615,0.0607332,21946.6,21954.6,7.38554,-68.5109,2.77611,0.0611691,0.0613308,24137.4,24171.4,7.4469,-68.7909,2.77118,0.0486751,0.0492279,5882.13,5968.22,5.32968,-47.2674,2.74043,0.0485494,0.049109,5882.11,5967.71,5.32967,-47.3904,2.74064,0.0489139,0.049454,5906.29,5991.06,5.34016,-47.2169,2.741,0.0487872,0.0493341,5903.8,5988.72,5.33908,-47.3252,2.74094,11.9328,23.6452,9.95273,-49.9506,-10.0838,-68.08,-17.8264,-6.17672,-31.0882,-29.8037,-5.09831,-46.3714,21.9599,26.4688,9.8613,-1.29899,-1.27903,-1.3093,-1.47146,-1.25715,-1.58071,-27.6872,1.91939,-49.8805,0.919171,40.6646,-21.1251,-15.2666,45.9596,-60.5005,-50.4137,-50.3674,-50.4128,-49.5176,-49.4748,-49.5171,-29.811,-29.8709,-29.7427,-29.7901
7560,1.36127,0.0609002,0.0610662,21940.5,21937.3,7.38425,-68.0389,2.77844,0.061265,0.0614251,24122,24149.4,7.44393,-68.6074,2.77247,0.0482192,0.0487971,5879.08,5973.51,5.32835,-47.7802,2.73681,0.0481266,0.0487097,5879.2,5972.05,5.32841,-47.8624,2.7375,0.0484593,0.0490239,5902.19,5994.91,5.33838,-47.7139,2.73755,0.0483522,0.0489227,5899.11,5991.17,5.33704,-47.7919,2.73784,11.9292,23.7046,9.94863,-49.571,-9.84578,-67.885,-17.9418,-6.8269,-31.9141,-30.2379,-5.28729,-46.8419,21.9696,26.4831,9.86545,-21.9072,-21.8839,-21.9193,-22.0345,-21.8388,-22.1708,-30.7658,-3.89648,-52.0763,-0.624043,34.5254,-21.5407,-15.8557,39.1602,-61.4975,-49.8852,-49.8389,-49.8843,-49.2868,-49.2444,-49.2863,-30.254,-30.2972,-30.1856,-30.2147
7680,1.38288,0.0612543,0.0614145,21934.7,21929.8,7.38304,-67.5866,2.77881,0.0613736,0.061532,24107.3,24133.3,7.44108,-68.4275,2.77274,0.0477012,0.0483089,5876.12,5977.81,5.32707,-48.3568,2.73366,0.0476474,0.0482582,5876.4,5976.07,5.32719,-48.3974,2.73454,0.0479434,0.048537,5898.38,5998.31,5.33673,-48.2781,2.73443,0.0478623,0.0484606,5894.8,5993.58,5.33517,-48.3219,2.73492,11.9254,23.7626,9.94471,-49.2151,-9.67091,-67.6936,-18.0574,-7.44118,-32.6701,-30.7148,-5.48336,-47.3848,21.9793,26.4973,9.86955,-36.3574,-36.3304,-36.3713,-36.4575,-36.2755,-36.5951,-33.5567,-7.50779,-54.219,-2.1117,29.1437,-22.2051,-16.4011,33.1755,-64.8829,-49.3895,-49.3432,-49.3886,-49.0707,-49.0287,-49.0702,-30.7371,-30.7696,-30.6662,-30.6862
7800,1.40449,0.0616053,0.0617601,21930,21925.2,7.38204,-67.1526,2.77878,0.0614864,0.061643,24094,24119.6,7.43851,-68.2504,2.77282,0.0471483,0.0477895,5873.2,5979.98,5.32581,-48.9612,2.73146,0.047121,0.0477638,5873.64,5979.44,5.32599,-48.9853,2.73188,0.0473862,0.0480128,5894.8,6000.33,5.33518,-48.8833,2.732,0.0473267,0.0479569,5890.76,5995.59,5.33342,-48.9054,2.7323,11.9217,23.8189,9.94096,-48.8839,-9.54762,-67.5064,-18.1729,-8.00227,-33.3594,-31.2255,-5.67715,-47.9684,21.9887,26.5112,9.87358,-46.1858,-46.1553,-46.2016,-46.2696,-46.0979,-46.3972,-36.0648,-10.6358,-56.3329,-3.54009,24.3823,-22.911,-16.9065,27.8876,-67.4958,-48.9278,-48.8815,-48.9269,-48.8699,-48.8281,-48.8693,-31.2509,-31.2793,-31.1767,-31.1953
7920,1.4261,0.0619488,0.0620984,21926.3,21921.5,7.38127,-66.7346,2.77879,0.0616007,0.0617556,24082.1,24107.3,7.43621,-68.076,2.77291,0.0465796,0.0472571,5870.3,5981.61,5.32455,-49.5891,2.72949,0.0465635,0.047242,5870.88,5982.11,5.3248,-49.6109,2.72952,0.0468069,0.0474696,5891.37,6001.77,5.33369,-49.5184,2.72988,0.0467609,0.0474266,5886.91,5997.11,5.33175,-49.5275,2.72997,11.9178,23.8735,9.93733,-48.5763,-9.46125,-67.3244,-18.2885,-8.17535,-33.9903,-31.7571,-5.86107,-48.5895,21.998,26.5249,9.87755,-52.778,-52.7442,-52.7954,-52.8535,-52.6877,-53.0188,-38.3173,-13.1852,-58.8535,-4.9102,20.1609,-23.8843,-17.378,24.2673,-69.3121,-48.4988,-48.4526,-48.498,-48.6835,-48.642,-48.683,-31.7842,-31.8112,-31.7066,-31.7265
8040,1.4477,0.0622837,0.0624285,21923.5,21918.6,7.38068,-66.3336,2.77881,0.0617156,0.0618687,24071.6,24096.3,7.43418,-67.9057,2.773,0.0460057,0.0467218,5867.4,5983.14,5.32329,-50.2337,2.72756,0.0459935,0.0467104,5868.12,5983.95,5.3236,-50.2545,2.72753,0.0462219,0.0469231,5888.04,6002.74,5.33224,-50.1676,2.72802,0.0461831,0.046887,5883.21,5997.97,5.33014,-50.1683,2.72799,11.9139,23.9264,9.93381,-48.2907,-9.39777,-67.148,-18.404,-8.33803,-34.5715,-32.2826,-6.02495,-49.2347,22.0072,26.5385,9.88146,-57.141,-57.1044,-57.16,-57.2134,-57.05,-57.3604,-40.3443,-15.0109,-61.626,-6.22454,16.5234,-25.2497,-17.8214,21.1547,-70.5646,-48.1005,-48.0543,-48.0996,-48.5105,-48.4692,-48.51,-32.3112,-32.3371,-32.2303,-32.252
8160,1.46931,0.0626089,0.0627491,21921.6,21916.8,7.38028,-65.9515,2.77878,0.0618298,0.0619811,24062.3,24086.7,7.43238,-67.7409,2.77306,0.0454432,0.0461992,5864.49,5983.69,5.32203,-50.8687,2.72606,0.045432,0.0461888,5865.35,5984.67,5.3224,-50.89,2.72601,0.0456516,0.0463926,5884.8,6002.61,5.33084,-50.8025,2.72667,0.0456144,0.046358,5879.61,5997.8,5.32858,-50.8016,2.7265,11.9099,23.9776,9.93039,-48.0254,-9.29058,-66.9774,-18.5193,-8.49801,-35.1104,-32.7735,-6.15863,-49.8665,22.0163,26.5518,9.88531,-59.9743,-59.9352,-59.9945,-60.0447,-59.8831,-60.2018,-42.1735,-16.7909,-64.1835,-7.48601,13.3666,-26.6505,-18.2413,18.3162,-71.4307,-47.7304,-47.6843,-47.7296,-48.3499,-48.3088,-48.3494,-32.8029,-32.8279,-32.7198,-32.7434
8280,1.49092,0.0629232,0.063059,21920.5,21916.1,7.38005,-65.5888,2.77871,0.0619426,0.0620923,24054.1,24078.3,7.4308,-67.5817,2.7731,0.0449065,0.0457025,5861.59,5983.5,5.32077,-51.4787,2.72489,0.0448949,0.0456918,5862.58,5984.66,5.3212,-51.5027,2.72482,0.0451118,0.0458923,5881.64,6001.79,5.32946,-51.408,2.72565,0.045071,0.0458545,5876.11,5996.98,5.32707,-51.4117,2.72534,11.9059,24.0274,9.92704,-47.7789,-9.20396,-66.8123,-18.6344,-8.65506,-35.6246,-33.2254,-6.26738,-50.4712,22.0252,26.5649,9.8891,-61.818,-61.7769,-61.8392,-61.8856,-61.7267,-62.0305,-43.8288,-18.5051,-66.5451,-8.69748,10.5072,-28.0265,-18.6413,15.7238,-72.0397,-47.3866,-47.3406,-47.3858,-48.2006,-48.1596,-48.2001,-33.2552,-33.2794,-33.1708,-33.1961
8400,1.51253,0.0632267,0.0633585,21920.1,21916,7.37997,-65.2436,2.77865,0.0620542,0.0622023,24047,24070.9,7.42943,-67.4276,2.77315,0.0444031,0.0452385,5858.71,5983.03,5.31952,-52.058,2.72384,0.04439,0.0452265,5859.83,5984.38,5.32,-52.0857,2.72374,0.0446087,0.0454278,5878.54,6000.86,5.32812,-51.9806,2.72471,0.0445607,0.0453836,5872.7,5995.97,5.32559,-51.9922,2.7243,11.9019,24.0756,9.92377,-47.5497,-9.13128,-66.6527,-18.7492,-8.80839,-36.1383,-33.6416,-6.35942,-51.0454,22.0339,26.5778,9.89283,-63.114,-63.0714,-63.136,-63.1791,-63.0226,-63.2944,-45.3308,-20.1414,-68.7278,-9.86162,8.41976,-29.3529,-19.0244,13.3519,-72.4819,-47.0671,-47.0211,-47.0662,-48.0618,-48.0209,-48.0613,-33.6718,-33.6951,-33.5863,-33.6133
8520,1.53413,0.0635212,0.0636492,21920.4,21916.3,7.38002,-64.913,2.77863,0.062165,0.0623114,24040.9,24064.5,7.42824,-67.2776,2.77322,0.0439353,0.0448091,5855.85,5982.46,5.31828,-52.6036,2.72285,0.0439203,0.0447953,5857.09,5983.96,5.31881,-52.6354,2.72274,0.0441426,0.0449992,5875.5,6000.01,5.3268,-52.5196,2.72376,0.0440858,0.0449471,5869.37,5994.95,5.32414,-52.5405,2.7233,11.8978,24.1223,9.92056,-47.3367,-9.06844,-66.4989,-18.8638,-8.95727,-36.6218,-34.0223,-6.43806,-51.5864,22.0425,26.5904,9.8965,-64.1772,-64.1334,-64.1997,-64.2416,-64.0858,-64.3283,-46.6949,-21.6934,-70.7448,-10.9807,7.58334,-30.6313,-19.3925,11.1795,-72.815,-46.7702,-46.7243,-46.7693,-47.9326,-47.8918,-47.9321,-34.0526,-34.075,-33.9664,-33.9949
8640,1.55574,0.0638088,0.0639332,21921.3,21917,7.38021,-64.594,2.77867,0.0622752,0.0624201,24035.7,24058.9,7.42724,-67.1313,2.77329,0.0435021,0.0444129,5853.02,5981.91,5.31705,-53.1162,2.72186,0.0434853,0.0443975,5854.36,5983.52,5.31763,-53.1515,2.72175,0.0437109,0.0446036,5872.53,5999.29,5.32551,-53.0269,2.72278,0.0436454,0.0445438,5866.11,5993.99,5.32273,-53.0565,2.7223,11.8938,24.1676,9.9174,-47.1386,-9.0123,-66.3518,-18.978,-9.10137,-37.0788,-34.3691,-6.50687,-52.0939,22.051,26.6029,9.90012,-65.2431,-65.1984,-65.2662,-65.3084,-65.1626,-65.4064,-47.937,-23.1586,-72.6109,-12.0572,6.74907,-31.8638,-19.7476,9.18488,-73.0843,-46.4941,-46.4483,-46.4933,-47.8123,-47.7716,-47.8118,-34.3996,-34.4212,-34.3128,-34.3428
8760,1.57735,0.0640914,0.0642123,21922.7,21918.2,7.38051,-64.2846,2.77873,0.0623847,0.062528,24031.3,24054.2,7.42639,-66.989,2.77334,0.0431093,0.0440548,5850.21,5980.65,5.31583,-53.5799,2.72119,0.0430914,0.0440386,5851.67,5982.34,5.31646,-53.6177,2.72109,0.0433182,0.0442451,5869.61,5997.91,5.32424,-53.4875,2.72211,0.0432455,0.0441788,5862.92,5992.35,5.32134,-53.524,2.72163,11.8897,24.2116,9.91429,-46.954,-8.96016,-66.2127,-19.0919,-9.24066,-37.5133,-34.6681,-6.55619,-52.5508,22.0594,26.6152,9.90367,-66.4598,-66.4143,-66.4832,-66.5259,-66.3909,-66.6331,-49.0748,-24.5375,-74.3429,-13.0938,5.91817,-33.1134,-20.0914,7.34447,-73.8309,-46.2372,-46.1915,-46.2363,-47.7001,-47.6594,-47.6996,-34.6988,-34.7194,-34.6114,-34.6429
8880,1.59896,0.0643682,0.0644859,21924.7,21920,7.38092,-63.9863,2.77875,0.0624921,0.0626339,24027.7,24050.6,7.42569,-66.8526,2.77335,0.0427698,0.0437464,5847.44,5978,5.31463,-53.9701,2.72114,0.0427516,0.04373,5849,5979.75,5.31531,-54.0091,2.72105,0.0429781,0.0439355,5866.73,5995.14,5.323,-53.8758,2.72207,0.0428996,0.0438642,5859.79,5989.32,5.31999,-53.9174,2.72158,11.8856,24.2543,9.91122,-46.7822,-8.91132,-66.0825,-19.2055,-9.37504,-37.9273,-34.8971,-6.57122,-52.9319,22.0676,26.6274,9.90718,-67.8034,-67.7526,-67.8287,-67.8657,-67.7267,-67.991,-50.1161,-25.8318,-75.9492,-14.0924,5.09225,-34.3316,-20.425,5.6457,-75.0391,-45.9982,-45.9525,-45.9973,-47.5955,-47.5548,-47.595,-34.9278,-34.9476,-34.84,-34.873
9000,1.62056,0.0646377,0.0647523,21927.1,21922.7,7.38144,-63.7009,2.77869,0.0625959,0.0627362,24024.8,24047.9,7.42513,-66.7237,2.77331,0.0424949,0.0434974,5844.7,5974.13,5.31344,-54.2719,2.72163,0.0424772,0.0434815,5846.37,5975.94,5.31416,-54.3112,2.72156,0.0427022,0.0436851,5863.91,5991.15,5.32177,-54.1767,2.72258,0.0426191,0.0436099,5856.72,5985.08,5.31865,-54.222,2.72209,11.8815,24.2956,9.90818,-46.6223,-8.86512,-65.9619,-19.3187,-9.50461,-38.3227,-35.0453,-6.54949,-53.223,22.0757,26.6393,9.91062,-69.2562,-69.1813,-69.3533,-69.297,-69.1543,-69.4489,-51.0697,-27.0437,-77.5002,-15.0544,4.27288,-35.5041,-20.7493,4.10663,-76.1604,-45.7758,-45.7303,-45.775,-47.4979,-47.4573,-47.4974,-35.0761,-35.095,-34.9878,-35.0222
9120,1.64217,0.0648971,0.0650087,21930,21926.3,7.38204,-63.4315,2.77855,0.0626944,0.0628334,24022.6,24046.1,7.4247,-66.6041,2.77322,0.042295,0.0433168,5841.99,5969,5.31226,-54.4703,2.72267,0.0422784,0.0433018,5843.76,5970.88,5.31303,-54.509,2.72263,0.0425012,0.0435031,5861.14,5985.92,5.32057,-54.3746,2.72364,0.0424147,0.0434249,5853.71,5979.62,5.31735,-54.4224,2.72315,11.8774,24.3358,9.90518,-46.4733,-8.82113,-65.8509,-19.4315,-9.62964,-38.7016,-35.1019,-6.48922,-53.4091,22.0836,26.651,9.91402,-70.7491,-70.6255,-71.0036,-70.7463,-70.5981,-70.9239,-51.9447,-28.1771,-78.9487,-15.9817,3.4615,-36.6331,-21.0652,3.55257,-77.2045,-45.5689,-45.5235,-45.5681,-47.4068,-47.3661,-47.4063,-35.1327,-35.1508,-35.0441,-35.0799
9240,1.66378,0.0651433,0.0652522,21933.2,21930.6,7.38273,-63.1804,2.77833,0.0627862,0.0629239,24021,24045.1,7.42439,-66.4948,2.77311,0.0421791,0.0432122,5839.32,5962.67,5.3111,-54.5526,2.72426,0.0421639,0.0431985,5841.18,5964.61,5.31191,-54.5902,2.72423,0.0423844,0.0433976,5858.4,5979.48,5.31938,-54.4567,2.72525,0.0422951,0.0433169,5850.74,5972.96,5.31606,-54.506,2.72475,11.8733,24.3748,9.90222,-46.3343,-8.77914,-65.749,-19.544,-9.75052,-39.0658,-35.0595,-6.3917,-53.4784,22.0915,26.6626,9.91736,-72.1884,-72.0241,-72.5776,-72.1499,-71.9964,-72.3851,-52.7506,-29.2372,-80.2943,-16.8765,2.65938,-37.7391,-21.3735,3.00117,-78.1808,-45.3762,-45.3308,-45.3753,-47.3216,-47.2809,-47.3211,-35.0903,-35.1076,-35.0015,-35.0387
9360,1.68539,0.0653749,0.0654813,21936.9,21935.5,7.38349,-62.9484,2.77806,0.0628711,0.0630076,24019.9,24044.7,7.42419,-66.3955,2.77299,0.0421473,0.0431835,5836.68,5955.51,5.30996,-54.5215,2.72622,0.0421338,0.0431714,5838.64,5957.51,5.31081,-54.5576,2.7262,0.0423523,0.0433685,5855.7,5972.24,5.31821,-54.4255,2.72722,0.0422605,0.0432857,5847.82,5965.51,5.31479,-54.4758,2.72672,11.8691,24.4127,9.89928,-46.2047,-8.73927,-65.6547,-19.6561,-9.86739,-39.4165,-34.9247,-6.26575,-53.4341,22.0992,26.6739,9.92065,-73.534,-73.3705,-73.9297,-73.4914,-73.3377,-73.7812,-53.4927,-30.2272,-81.5442,-17.74,1.86755,-38.853,-21.6748,2.45418,-79.0949,-45.1966,-45.1513,-45.1958,-47.2419,-47.2012,-47.2414,-34.9554,-34.9719,-34.8664,-34.9049
9415.18,1.69532,0.0654763,0.0655817,21938.7,21937.9,7.38387,-62.8481,2.77793,0.0629078,0.0630438,24019.6,24044.7,7.42413,-66.3531,2.77294,0.0421604,0.0431953,5835.47,5952.02,5.30944,-54.4707,2.72721,0.0421478,0.043184,5837.47,5954.06,5.3103,-54.5061,2.7272,0.0423653,0.0433803,5854.48,5968.73,5.31768,-54.3746,2.72821,0.0422725,0.0432965,5846.49,5961.91,5.31422,-54.4253,2.72771,11.8672,24.4297,9.89794,-46.1481,-8.72166,-65.6137,-19.7075,-9.91985,-39.5734,-34.8338,-6.20059,-53.3774,22.1027,26.6791,9.92214,-74.1237,-73.9728,-74.4868,-74.0856,-73.9342,-74.3604,-53.8137,-30.6395,-82.0883,-18.1268,1.50717,-39.3505,-21.811,2.2045,-79.4955,-45.1183,-45.0731,-45.1175,-47.207,-47.1664,-47.2065,-34.8645,-34.8807,-34.7754,-34.8145
9415.18,1.69532,0.0654763,0.0655817,21938.7,21937.9,7.38387,-62.8481,2.77793,0.0629078,0.0630438,24019.6,24044.7,7.42413,-66.3531,2.77294,0.0421604,0.0431953,5835.47,5952.02,5.30944,-54.4707,2.72721,0.0421478,0.043184,5837.47,5954.06,5.3103,-54.5061,2.7272,0.0423653,0.0433803,5854.48,5968.73,5.31768,-54.3746,2.72821,0.0422725,0.0432965,5846.49,5961.91,5.31422,-54.4253,2.72771,11.8672,24.4297,9.89794,-46.1481,-8.72166,-65.6137,-19.7075,-9.91985,-39.5734,-34.8338,-6.20059,-53.3774,22.1027,26.6791,9.92214,-74.1237,-73.9728,-74.4868,-74.0856,-73.9342,-74.3604,-53.8137,-30.6395,-82.0883,-18.1268,1.50717,-39.3505,-21.811,2.2045,-79.4955,-45.1183,-45.0731,-45.1175,-47.207,-47.1664,-47.2065,-34.8645,-34.8807,-34.7754,-34.8145
9480,1.70699,0.0652682,0.0653758,21967.9,22006.8,7.39001,-63.2844,2.76962,0.0627812,0.0629189,24047.5,24094.9,7.42952,-66.6487,2.7686,0.0422395,0.0432667,5836.33,5948.92,5.30981,-54.3407,2.72893,0.0422257,0.0432543,5838.15,5950.91,5.3106,-54.3769,2.72886,0.0424404,0.0434482,5854.46,5965.04,5.31767,-54.2445,2.7298,0.0423456,0.0433625,5846.39,5958.2,5.31417,-54.2973,2.72927,11.8674,24.4679,9.91369,-46.5192,-9.11723,-65.9112,-19.6997,-9.97561,-38.3783,-34.6759,-6.11357,-53.2429,22.1067,26.6851,9.92387,-47.2653,-47.1114,-47.55,-47.3333,-47.1474,-47.5701,-53.4954,-27.4028,-82.6732,-17.5991,2.82824,-39.3624,-21.6015,2.23458,-75.325,-45.5659,-45.5209,-45.5651,-47.5016,-47.4608,-47.5011,-34.7059,-34.7227,-34.6171,-34.6578
9600,1.7286,0.0648246,0.064937,22024.1,22104.1,7.4018,-64.0649,2.76097,0.0625207,0.0626621,24100,24170.4,7.43968,-67.1751,2.76416,0.0424256,0.0434348,5837.9,5943.51,5.31049,-54.055,2.73196,0.0424086,0.0434194,5839.46,5945.46,5.31117,-54.0949,2.73179,0.0426174,0.0436083,5854.3,5958.33,5.3176,-53.9592,2.73264,0.0425172,0.0435176,5846,5951.44,5.314,-54.0176,2.73203,11.8676,24.5339,9.91816,-47.1686,-9.73514,-66.4371,-19.6902,-10.0644,-38.1866,-34.3553,-5.95206,-52.9517,22.1142,26.696,9.92703,-6.71317,-6.56267,-6.98066,-6.92365,-6.68865,-7.09698,-53.1527,-13.6487,-83.5229,-16.761,9.65313,-40.8723,-21.2201,4.73811,-75.432,-46.3507,-46.306,-46.3499,-48.0156,-47.9747,-48.0151,-34.3834,-34.4024,-34.2954,-34.3401
9720,1.75021,0.064339,0.064457,22082.1,22169.1,7.41398,-64.7965,2.75951,0.062246,0.0623912,24153,24226.3,7.44993,-67.6621,2.7636,0.0426658,0.0436521,5839.74,5938.49,5.31129,-53.7087,2.73494,0.0426434,0.0436319,5841.07,5940.41,5.31187,-53.7546,2.73468,0.0428445,0.0438142,5853.86,5951.53,5.31741,-53.6134,2.7354,0.0427369,0.0437166,5845.3,5944.59,5.3137,-53.6799,2.7347,11.8678,24.5936,9.91458,-47.7587,-10.0406,-66.92,-19.6834,-10.1452,-38.4639,-33.9968,-5.78919,-52.6033,22.1215,26.7068,9.93015,21.8041,21.9316,21.5266,21.512,21.7766,21.3992,-53.0538,-0.992306,-84.0363,-16.056,17.5606,-41.8879,-20.8416,24.5311,-75.6062,-47.0678,-47.0234,-47.067,-48.4785,-48.4374,-48.4779,-34.022,-34.0446,-33.9354,-33.9852
9840,1.77182,0.0638993,0.0640225,22141.2,22220.1,7.4264,-65.4415,2.76121,0.0620104,0.0621591,24205.8,24272.1,7.46014,-68.0749,2.76495,0.0429666,0.0439251,5842.59,5934,5.31253,-53.2964,2.73812,0.0429359,0.0438972,5843.45,5935.75,5.3129,-53.3506,2.73773,0.0431236,0.0440679,5852.91,5944.17,5.317,-53.2022,2.73819,0.043007,0.0439618,5844.2,5937.24,5.31322,-53.2788,2.73741,11.8681,24.651,9.91139,-48.2582,-10.2102,-67.3277,-19.6675,-10.1866,-38.5477,-33.5976,-5.62353,-52.1922,22.1287,26.7175,9.93324,39.0321,39.1197,38.8386,38.6994,38.9747,38.6425,-52.9296,7.87815,-83.3252,-15.3376,22.7321,-41.9175,-20.4473,39.5704,-75.4946,-47.6859,-47.6417,-47.6851,-48.8594,-48.8183,-48.8589,-33.6189,-33.6463,-33.5347,-33.5907
9960,1.79342,0.0635595,0.0636869,22203.7,22268.5,7.43951,-65.9717,2.76417,0.0618539,0.0620049,24260.7,24314.8,7.47076,-68.3853,2.76731,0.0433299,0.0442557,5846.59,5930.58,5.31426,-52.8233,2.74134,0.0432865,0.0442162,5846.54,5931.82,5.31424,-52.8875,2.74078,0.0434535,0.0443684,5851.47,5936.47,5.31638,-52.7311,2.7409,0.0433268,0.0442529,5842.73,5929.62,5.31258,-52.8193,2.74008,11.8687,24.708,9.9087,-48.6407,-10.2665,-67.6319,-19.6325,-10.1285,-38.3463,-33.1654,-5.461,-51.7235,22.1359,26.728,9.93628,47.9255,47.9715,47.82,47.5851,47.8595,47.5337,-52.4309,8.64025,-79.6243,-14.4807,24.9343,-40.5387,-20.0202,50.1497,-74.0227,-48.1782,-48.134,-48.1773,-49.1323,-49.0909,-49.1318,-33.1816,-33.2148,-33.1013,-33.164
10080,1.81503,0.0633414,0.0634717,22271,22320.7,7.45364,-66.3791,2.76735,0.0617952,0.0619471,24319,24359.5,7.48204,-68.5846,2.76994,0.0437396,0.0446299,5851.08,5928.75,5.31621,-52.3162,2.74408,0.0436805,0.0445758,5850,5929.24,5.31574,-52.3913,2.7434,0.0438209,0.0447043,5849.84,5929.4,5.31567,-52.227,2.74326,0.0436834,0.0445785,5841.09,5922.64,5.31187,-52.3274,2.7424,11.8697,24.7651,9.90649,-48.9007,-10.2286,-67.8239,-19.5767,-8.75959,-37.8551,-32.726,-5.31718,-51.2232,22.1429,26.7383,9.93927,52.2298,52.2762,52.1301,51.9069,52.1789,51.8289,-51.2837,1.60046,-78.1153,-13.4621,28.0661,-37.7838,-19.5607,56.7725,-72.7825,-48.5394,-48.4953,-48.5386,-49.291,-49.2494,-49.2904,-32.7359,-32.7756,-32.6614,-32.7311
10200,1.83664,0.0632437,0.0633752,22342.5,22378.3,7.46866,-66.6673,2.77027,0.0618348,0.0619861,24380.4,24408.1,7.49392,-68.6761,2.77243,0.0441712,0.0450255,5855.52,5928.47,5.31813,-51.8052,2.74613,0.0440957,0.0449562,5853.56,5928.19,5.31728,-51.8914,2.7454,0.0442068,0.0450581,5848.27,5923.62,5.31499,-51.7202,2.74509,0.0440577,0.0449213,5839.46,5916.91,5.31116,-51.8329,2.74418,11.871,24.8226,9.90465,-49.0459,-10.1218,-67.9083,-19.5026,-6.90893,-37.1198,-32.3065,-5.20395,-50.7207,22.1498,26.7485,9.94222,54.5593,54.6513,54.3556,54.2739,54.5464,54.1282,-49.42,-5.57921,-77.9991,-12.3168,32.0214,-36.1117,-19.0819,59.6549,-74.1035,-48.7781,-48.7339,-48.7773,-49.3427,-49.3009,-49.3422,-32.3093,-32.3556,-32.2424,-32.3188
10320,1.85825,0.0632537,0.0633851,22416.3,22440,7.48415,-66.8447,2.77281,0.0619657,0.062115,24444.7,24460.5,7.50635,-68.669,2.77472,0.0446016,0.0454213,5859.86,5929.55,5.32002,-51.3159,2.74754,0.04451,0.0453369,5857.14,5928.59,5.31884,-51.4132,2.74678,0.0445906,0.0454112,5846.82,5919.33,5.31436,-51.2364,2.74632,0.0444294,0.0452628,5837.9,5912.59,5.31049,-51.3611,2.74537,11.8725,24.884,9.90311,-49.089,-9.96885,-67.8958,-19.4135,-5.21324,-36.1951,-31.9289,-5.12632,-50.2413,22.1566,26.7585,9.94512,56.2581,56.3938,55.886,56.0147,56.2879,55.8708,-46.8951,-0.688731,-75.4802,-11.0661,34.7041,-36.288,-18.6013,60.5309,-74.502,-48.9076,-48.8633,-48.9068,-49.2997,-49.2575,-49.2992,-31.9236,-31.9768,-31.866,-31.9491
10440,1.87985,0.0633556,0.0634857,22490.8,22504.2,7.49978,-66.9235,2.77497,0.062179,0.0623252,24512.4,24517.4,7.51946,-68.5755,2.77682,0.0450148,0.0458026,5864.2,5931.67,5.3219,-50.8625,2.74851,0.0449068,0.0457028,5860.63,5929.99,5.32035,-50.9708,2.74768,0.0449567,0.0457489,5845.5,5916.2,5.31379,-50.7899,2.7471,0.0447832,0.0455887,5836.43,5909.4,5.30985,-50.9263,2.74612,11.8741,24.945,9.9018,-49.0448,-9.78752,-67.7996,-19.3128,-3.72532,-35.1346,-31.6029,-5.07679,-49.799,22.1633,26.7684,9.94797,57.8806,58.0449,57.4434,57.6565,57.9266,57.5524,-43.802,1.92377,-74.1918,-9.71291,36.2609,-34.8287,-18.1375,59.8181,-74.0474,-48.9433,-48.8987,-48.9424,-49.1758,-49.1333,-49.1753,-31.5888,-31.6489,-31.5423,-31.6317
10560,1.90146,0.0635329,0.0636608,22564.8,22569.6,7.51532,-66.9192,2.77676,0.0624653,0.0626074,24584.4,24579.5,7.53339,-68.4105,2.77874,0.0454033,0.0461622,5868.43,5934.2,5.32373,-50.4468,2.74924,0.0452781,0.0460462,5863.87,5931.72,5.32176,-50.5659,2.74834,0.045298,0.0460646,5844.3,5913.69,5.31327,-50.3823,2.74767,0.0451119,0.0458924,5835.07,5906.78,5.30926,-50.5299,2.74667,11.876,25.0041,9.9007,-48.9285,-9.59166,-67.6343,-19.2045,-2.81408,-33.9883,-31.3261,-5.04258,-49.3954,22.1699,26.7781,9.95078,59.5884,59.7088,59.3085,59.3738,59.639,59.2808,-40.2755,2.66141,-73.8779,-8.26678,37.0052,-33.8688,-17.7057,63.5422,-72.8225,-48.9009,-48.8561,-48.9001,-48.9858,-48.9429,-48.9852,-31.3025,-31.3696,-31.2683,-31.3639
10680,1.92307,0.0637685,0.0638933,22637.3,22635.6,7.53055,-66.8497,2.77815,0.0628139,0.0629512,24661.1,24647.6,7.54822,-68.1902,2.7804,0.0457641,0.0464971,5872.31,5936.77,5.32542,-50.0675,2.74981,0.0456213,0.0463644,5866.78,5933.45,5.32302,-50.1972,2.74886,0.0456125,0.0463563,5843.21,5911.56,5.31279,-50.0124,2.74813,0.0454151,0.0461731,5834.03,5904.65,5.30881,-50.1708,2.74714,11.8779,25.0605,9.90175,-48.7558,-9.39208,-67.4149,-19.0927,-3.33204,-33.318,-31.0932,-5.01961,-49.0297,22.1764,26.7877,9.95355,61.345,61.4908,61.0615,61.1597,61.4244,61.0139,-36.4983,4.46892,-72.7291,-6.74497,36.8352,-33.2401,-17.3151,67.033,-70.9183,-48.7969,-48.7518,-48.7961,-48.7446,-48.7014,-48.7441,-31.0596,-31.1337,-31.0389,-31.1404
10800,1.94468,0.064044,0.0641655,22707.1,22700.9,7.54521,-66.7333,2.77909,0.0632125,0.0633444,24742.4,24721.8,7.56394,-67.9309,2.78177,0.0461005,0.04681,5875.68,5938.77,5.32688,-49.7141,2.75041,0.04594,0.0466606,5869.22,5934.6,5.32408,-49.8544,2.74941,0.0459066,0.0466295,5842.59,5909.55,5.31252,-49.6697,2.74873,0.0457027,0.0464399,5834.34,5903.2,5.30895,-49.8384,2.74791,11.8799,25.1131,9.90859,-48.5425,-9.19743,-67.1562,-18.9812,-5.49356,-33.1059,-30.89,-4.99609,-48.6914,22.1828,26.7971,9.95627,63.0754,63.2488,62.5845,62.908,63.1741,62.8146,-32.6745,6.7883,-71.007,-5.16265,35.7312,-32.236,-16.9716,69.2372,-71.0018,-48.6476,-48.6022,-48.6468,-48.4675,-48.424,-48.467,-30.8463,-30.9274,-30.8397,-30.9468
10920,1.96628,0.064343,0.064461,22773.7,22764.8,7.55919,-66.5872,2.77965,0.0636475,0.0637739,24827.5,24801.6,7.5804,-67.6482,2.78279,0.0464231,0.0471109,5878.29,5939.36,5.32801,-49.3669,2.75128,0.0462458,0.0469454,5871.06,5934.45,5.32488,-49.5175,2.75028,0.0461992,0.046902,5843.65,5907.83,5.31299,-49.3339,2.74993,0.045996,0.0467128,5837.34,5902.87,5.31025,-49.512,2.74935,11.882,25.1613,9.91739,-48.3042,-9.0148,-66.8728,-18.8734,-5.7535,-32.8798,-30.6938,-4.95752,-48.3607,22.1891,26.8064,9.95896,64.6803,64.815,64.1821,64.4869,64.7497,64.3963,-29.0084,9.22478,-66.3697,-3.53621,37.9281,-31.6087,-16.6822,69.8082,-72.1944,-48.4692,-48.4234,-48.4683,-48.1695,-48.1256,-48.169,-30.6398,-30.7281,-30.6476,-30.7595
11040,1.98789,0.0646513,0.0647657,22837.1,22827.1,7.57249,-66.4267,2.77988,0.0641039,0.0642247,24914.8,24885.6,7.59729,-67.3564,2.78342,0.0467361,0.0474033,5879.6,5938.75,5.32858,-49.0234,2.75212,0.0465442,0.047224,5872.05,5933.4,5.32531,-49.184,2.75116,0.0465052,0.0471876,5847.26,5907.88,5.31455,-49.0021,2.75148,0.0463069,0.0470024,5842.95,5904.7,5.31268,-49.1885,2.75099,11.8842,25.2048,9.93226,-48.0559,-8.85013,-66.5792,-18.7704,-4.70295,-32.7569,-30.4996,-4.90778,-48.0407,22.1953,26.8155,9.96159,65.9409,66.0225,65.6094,65.7077,65.9637,65.64,-25.6638,14.239,-57.7739,-1.89109,37.7204,-28.4378,-16.4479,68.1558,-72.7263,-48.2773,-48.2312,-48.2764,-47.8652,-47.821,-47.8646,-30.4362,-30.5315,-30.4574,-30.5733
11160,2.0095,0.0649557,0.0650667,22896.8,22887.2,7.58502,-66.2657,2.77979,0.0645651,0.0646805,25001.9,24971.8,7.61414,-67.069,2.7836,0.0470296,0.0476781,5878.74,5937.13,5.32821,-48.6957,2.75245,0.0468264,0.0474879,5871.25,5931.69,5.32496,-48.8657,2.75156,0.0468184,0.0474803,5852.08,5910.12,5.31664,-48.6856,2.7526,0.046624,0.0472985,5849.19,5908.48,5.31539,-48.8793,2.75206,11.8864,25.2444,9.94393,-47.8125,-8.70848,-66.2898,-18.6676,-3.76348,-32.497,-30.3165,-4.8601,-47.7429,22.2014,26.8245,9.96419,66.6233,66.659,66.4762,66.3647,66.5998,66.3327,-22.6956,16.4246,-53.6867,-0.268505,41.587,-27.7254,-16.2389,64.9498,-72.5849,-48.0869,-48.0405,-48.086,-47.5688,-47.5243,-47.5682,-30.2452,-30.347,-30.2774,-30.3964
11280,2.03111,0.0652428,0.0653506,22951.8,22944.3,7.59657,-66.1169,2.77935,0.0650133,0.0651236,25086.1,25057.6,7.63044,-66.7993,2.7833,0.0472873,0.0479199,5874.99,5934.06,5.32658,-48.3971,2.75215,0.0470761,0.0477218,5867.9,5928.85,5.3235,-48.5757,2.75134,0.047118,0.0477611,5856.26,5913.48,5.31845,-48.3969,2.75295,0.0469249,0.0475801,5854.28,5912.91,5.3176,-48.5969,2.75234,11.8882,25.2787,9.9535,-47.5875,-8.59416,-66.0187,-18.5577,-2.11639,-31.9085,-30.1542,-4.82396,-47.4733,22.2074,26.8333,9.96675,66.6097,66.6323,66.5603,66.3378,66.5772,66.309,-20.0911,15.519,-51.7643,1.27955,45.4312,-27.2592,-16.0065,68.7631,-71.7712,-47.9122,-47.8655,-47.9113,-47.2938,-47.2491,-47.2933,-30.0768,-30.1847,-30.117,-30.2382
11400,2.05271,0.0654993,0.0656044,23001.5,22997.8,7.60701,-65.9925,2.77856,0.0654309,0.0655367,25165.3,25140.7,7.64576,-66.5601,2.78255,0.0474967,0.0481166,5869.14,5929.9,5.32404,-48.1424,2.75142,0.0472822,0.0479151,5863.03,5925.35,5.32139,-48.3287,2.75074,0.047384,0.0480107,5859.43,5917.29,5.31983,-48.1507,2.75268,0.0471903,0.0478288,5858.09,5917.41,5.31925,-48.3556,2.75204,11.8896,25.3035,9.96378,-47.394,-8.51075,-65.78,-18.4389,-0.629348,-31.0815,-30.0243,-4.80719,-47.2456,22.2133,26.842,9.96927,65.9182,65.9371,65.9051,65.6388,65.8902,65.5556,-17.8697,16.9948,-49.975,2.72114,48.4662,-26.5719,-15.7279,71.3588,-70.3288,-47.7663,-47.7194,-47.7655,-47.0528,-47.0079,-47.0523,-29.9432,-30.0562,-29.9875,-30.1103
11520,2.07432,0.0657137,0.0658166,23046.1,23047.6,7.61637,-65.9047,2.77747,0.0658024,0.0659044,25238.6,25219.9,7.65992,-66.3643,2.7814,0.0476664,0.0482762,5863.29,5924.92,5.3215,-47.9235,2.75104,0.047453,0.0480755,5858.5,5921.42,5.31943,-48.1162,2.75048,0.0476137,0.0482266,5861.99,5920.44,5.32094,-47.9385,2.75242,0.0474187,0.0480433,5861.14,5921.02,5.32057,-48.1472,2.7518,11.8907,25.3296,9.974,-47.2435,-8.46101,-65.587,-18.3155,0.612332,-30.616,-29.9163,-4.79772,-47.0505,22.2191,26.8506,9.97175,64.7079,64.7268,64.6978,64.4234,64.679,64.374,-16.0784,18.0377,-47.6916,4.04725,50.6105,-25.6752,-15.4087,73.9044,-68.3359,-47.6611,-47.6139,-47.6602,-46.8573,-46.8122,-46.8567,-29.8338,-29.951,-29.8784,-30.0021
11640,2.09593,0.0658741,0.0659754,23085.1,23093.4,7.62457,-65.8652,2.77605,0.0661127,0.0662116,25304.3,25293.7,7.67264,-66.224,2.77983,0.0478211,0.0484218,5858.76,5919.5,5.31954,-47.7168,2.75142,0.0476102,0.0482233,5855.07,5917.06,5.31794,-47.9148,2.75088,0.0478215,0.0484221,5864.17,5922.05,5.32189,-47.7369,2.75267,0.0476256,0.0482378,5863.73,5922.99,5.3217,-47.9483,2.75207,11.8915,25.3551,9.96553,-47.1463,-8.44692,-65.4516,-18.1962,1.56526,-30.1959,-29.8074,-4.77659,-46.8638,22.2249,26.859,9.97418,63.1707,63.1905,63.1601,62.8806,63.1381,62.7654,-14.7628,17.8915,-44.9537,5.22257,51.8379,-24.5911,-15.064,77.0719,-65.8824,-47.6068,-47.5595,-47.6059,-46.7172,-46.672,-46.7166,-29.7255,-29.8457,-29.7671,-29.8912
11760,2.11754,0.0659652,0.0660656,23116.2,23133.3,7.63108,-65.8855,2.77417,0.0663434,0.06644,25359,25359.3,7.68323,-66.1503,2.77772,0.0479777,0.0485693,5855.37,5914.48,5.31807,-47.5123,2.75214,0.0477684,0.0483722,5852.42,5912.86,5.31679,-47.7143,2.75156,0.0480214,0.0486105,5866.07,5922.67,5.32271,-47.5359,2.75322,0.0478253,0.0484257,5866.01,5923.91,5.32269,-47.7489,2.75266,11.8922,25.3781,9.95644,-47.1111,-8.46997,-65.3841,-18.092,2.19051,-30.0236,-29.6925,-4.74181,-46.6754,22.2305,26.8673,9.97659,61.4521,61.4728,61.4411,61.1546,61.4148,61.0418,-13.9579,17.0424,-44.3912,6.15158,52.1217,-23.3493,-14.7138,78.4036,-63.0584,-47.6123,-47.5649,-47.6114,-46.6412,-46.5961,-46.6407,-29.613,-29.7353,-29.6489,-29.773
11880,2.13914,0.0659679,0.0660683,23135,23163.9,7.63505,-65.9756,2.77172,0.0664738,0.0665692,25397.7,25412,7.69071,-66.1528,2.77501,0.0481398,0.0487222,5852.57,5910.18,5.31685,-47.3095,2.75278,0.0479311,0.0485254,5850.14,5909.13,5.3158,-47.5145,2.75219,0.0482217,0.0487994,5867.66,5922.7,5.3234,-47.3309,2.7539,0.048026,0.0486149,5867.96,5924.23,5.32353,-47.5443,2.75337,11.8926,25.3982,9.94887,-47.1452,-8.53137,-65.3929,-18.0107,2.45634,-29.8165,-29.5714,-4.69409,-46.4811,22.236,26.8755,9.97895,59.6758,59.6971,59.6647,59.3694,59.6336,59.2925,-13.681,15.04,-43.9784,6.71251,51.1132,-22.3323,-14.3791,78.4038,-59.949,-47.6851,-47.6377,-47.6842,-46.6367,-46.5916,-46.6361,-29.496,-29.6196,-29.5232,-29.6467
12000,2.16075,0.0658665,0.0659679,23139.5,23181.9,7.63597,-66.144,2.76887,0.0664882,0.0665835,25418.2,25448.4,7.69466,-66.2386,2.77193,0.048301,0.0488743,5850.07,5906.88,5.31577,-47.1174,2.75313,0.0480923,0.0486774,5848.03,5906.21,5.31488,-47.3245,2.75254,0.0484236,0.0489901,5868.85,5922.46,5.32392,-47.1234,2.75452,0.0482288,0.0488061,5869.41,5924.21,5.32416,-47.3364,2.754,11.8929,25.4161,9.94206,-47.2545,-8.63187,-65.4885,-17.9513,2.34155,-29.5652,-29.4413,-4.63853,-46.3017,22.2415,26.8835,9.98128,57.9076,57.9289,57.8965,57.5939,57.8609,57.5007,-13.9451,16.0191,-43.7766,6.84347,48.0167,-21.4006,-14.076,78.4483,-56.6315,-47.831,-47.7836,-47.8301,-46.7092,-46.6642,-46.7087,-29.3719,-29.4961,-29.3873,-29.5099
12120,2.18236,0.065658,0.0657614,23132.1,23188,7.63443,-66.3966,2.76604,0.0663847,0.066481,25423.5,25469.4,7.69569,-66.4126,2.7689,0.0484524,0.0490173,5847.81,5904.48,5.31479,-46.9442,2.75319,0.0482434,0.0488199,5846.03,5904.06,5.31402,-47.1525,2.7526,0.048616,0.049172,5869.53,5922.8,5.32421,-46.932,2.75467,0.0484219,0.0489885,5870.2,5924.65,5.3245,-47.1438,2.75416,11.8931,25.4326,9.93587,-47.4427,-8.77117,-65.7515,-17.9051,1.83677,-29.2796,-29.3114,-4.59355,-46.1597,22.2469,26.8915,9.98357,56.1687,56.1896,56.1578,55.851,56.1182,55.7285,-14.742,21.0263,-43.7976,6.59872,42.8024,-20.4023,-13.8161,77.03,-57.4089,-48.0539,-48.0066,-48.053,-46.8627,-46.8179,-46.8622,-29.2492,-29.3722,-29.2521,-29.3723
12240,2.20397,0.0653534,0.0654601,23119.6,23187,7.6318,-66.7368,2.76362,0.0661743,0.0662726,25420.3,25479.8,7.69507,-66.6768,2.76626,0.048586,0.0491436,5845.94,5903.02,5.31398,-46.7978,2.75302,0.0483762,0.0489454,5844.25,5902.71,5.31324,-47.0069,2.75242,0.0487783,0.0493257,5869.7,5924.28,5.32428,-46.7822,2.7541,0.0485839,0.0491416,5870.2,5926.04,5.3245,-46.9926,2.75355,11.893,25.4482,9.93008,-47.7117,-8.94719,-66.1002,-17.8655,0.942487,-29.1412,-29.2076,-4.5731,-46.0038,22.2522,26.8993,9.98582,54.5175,54.5376,54.5071,54.1981,54.4644,54.0907,-16.0032,25.3313,-43.9913,6.10746,41.9969,-19.866,-13.6129,74.6697,-59.2467,-48.3556,-48.3085,-48.3547,-47.0987,-47.0542,-47.0982,-29.1546,-29.2703,-29.1465,-29.2588
12360,2.22557,0.0649714,0.0650822,23107.4,23183.9,7.62925,-67.1614,2.76171,0.065874,0.0659753,25413.7,25484.6,7.6938,-67.027,2.76407,0.0486846,0.049237,5844.77,5903.74,5.31347,-46.7059,2.75219,0.0484743,0.049038,5843.05,5903.37,5.31272,-46.9145,2.75161,0.0488884,0.0494299,5869.36,5926.92,5.32414,-46.6957,2.7528,0.0486926,0.0492445,5869.37,5928.24,5.32414,-46.9032,2.75224,11.8928,25.463,9.92461,-48.0572,-9.15351,-66.5307,-17.8355,-0.31233,-29.1811,-29.158,-4.58867,-45.8905,22.2574,26.9069,9.98804,53.0274,53.0463,53.0176,52.7058,52.9731,52.5893,-17.6018,28.2625,-43.9772,5.47881,45.8417,-19.6339,-13.4772,71.7339,-60.9543,-48.732,-48.6852,-48.7311,-47.4131,-47.369,-47.4126,-29.1165,-29.2186,-29.0996,-29.1971
12480,2.24718,0.0645354,0.0646511,23098.4,23181.1,7.62735,-67.6526,2.76041,0.0655075,0.0656126,25406.9,25485.7,7.69249,-67.4449,2.76253,0.0487234,0.0492737,5844.43,5907.33,5.31332,-46.6989,2.75049,0.0485168,0.0490782,5842.72,5906.57,5.31258,-46.9001,2.75008,0.048925,0.0494645,5868.65,5930.85,5.32383,-46.694,2.75079,0.0487312,0.0492811,5867.86,5931.01,5.32349,-46.8894,2.75038,11.8925,25.477,9.9195,-48.4614,-9.37354,-67.0245,-17.8186,-1.27383,-29.1907,-29.1792,-4.64575,-45.8696,22.2625,26.9145,9.99023,51.7318,51.7493,51.7227,51.4078,51.6777,51.3386,-19.3085,29.8942,-42.9329,4.8152,48.6664,-19.4029,-13.4038,68.3202,-62.4884,-49.1653,-49.1188,-49.1645,-47.7879,-47.7442,-47.7874,-29.1476,-29.2383,-29.1234,-29.2077
12600,2.26879,0.0640781,0.0641992,23094.6,23179.2,7.62657,-68.1773,2.76002,0.0651109,0.0652202,25404,25485.5,7.69193,-67.8968,2.76202,0.0486879,0.04924,5844.73,5912.55,5.31345,-46.7803,2.74835,0.0484926,0.0490553,5843.08,5911.25,5.31274,-46.9656,2.7482,0.0488792,0.0494212,5867.94,5935.41,5.32352,-46.78,2.7485,0.0486955,0.0492472,5866.26,5934.05,5.32279,-46.9527,2.74837,11.8923,25.4905,9.91483,-48.8917,-9.58183,-67.548,-17.8065,-1.82542,-29.6864,-29.2705,-4.73585,-45.9352,22.2676,26.9219,9.99238,50.6973,50.7137,50.6888,50.3726,50.6439,50.3279,-20.7808,30.3455,-42.7102,4.26913,50.4755,-19.1816,-13.3652,65.4112,-63.8334,-49.6231,-49.5769,-49.6222,-48.1906,-48.1472,-48.1901,-29.2442,-29.3314,-29.2131,-29.2932
12720,2.2904,0.0636348,0.0637614,23098.9,23180.9,7.62746,-68.7026,2.76055,0.0647235,0.064837,25409.2,25488,7.69292,-68.3499,2.76253,0.0485775,0.0491356,5845.32,5918.17,5.31371,-46.9404,2.74617,0.0483981,0.048966,5843.84,5916.77,5.31307,-47.1096,2.74614,0.0487579,0.0493063,5867.47,5939.85,5.32332,-46.9407,2.74638,0.048588,0.0491455,5865.04,5937.57,5.32227,-47.0926,2.74631,11.8923,25.5036,9.91061,-49.3171,-9.75865,-68.0689,-17.787,-1.43676,-30.5432,-29.4302,-4.84991,-46.079,22.2725,26.9292,9.9945,49.9799,49.9956,49.9718,49.6564,49.9273,49.615,-21.7882,29.8109,-44.8217,3.97306,51.9716,-19.7627,-13.3334,66.7297,-64.9938,-50.0744,-50.0284,-50.0735,-48.59,-48.5469,-48.5894,-29.4066,-29.4948,-29.3691,-29.4504
12802.5,2.30525,0.0633499,0.06348,23107.2,23185.8,7.62921,-69.0553,2.76127,0.0644749,0.0645913,25418.1,25493.2,7.69466,-68.6532,2.76325,0.0484584,0.0490231,5845.75,5922.28,5.31389,-47.0965,2.74457,0.0482902,0.0488642,5844.52,5921.22,5.31336,-47.2581,2.7445,0.0486334,0.0491884,5867.23,5943.03,5.32321,-47.094,2.74489,0.0484717,0.0490356,5864.4,5940.63,5.32198,-47.2374,2.7447,11.8925,25.5124,9.90794,-49.5986,-9.85878,-68.4167,-17.7663,-0.495551,-31.0474,-29.5837,-4.94326,-46.2276,22.2759,26.9342,9.99593,49.6546,49.6701,49.6467,49.3331,49.6023,49.2988,-22.1992,28.9688,-46.3095,3.93983,52.6596,-20.1399,-13.3105,67.2977,-65.687,-50.3727,-50.327,-50.3719,-48.8545,-48.8117,-48.8539,-29.5613,-29.6507,-29.5199,-29.6029
12802.5,2.30525,0.0633499,0.06348,23107.2,23185.8,7.62921,-69.0553,2.76127,0.0644749,0.0645913,25418.1,25493.2,7.69466,-68.6532,2.76325,0.0484584,0.0490231,5845.75,5922.28,5.31389,-47.0965,2.74457,0.0482902,0.0488642,5844.52,5921.22,5.31336,-47.2581,2.7445,0.0486334,0.0491884,5867.23,5943.03,5.32321,-47.094,2.74489,0.0484717,0.0490356,5864.4,5940.63,5.32198,-47.2374,2.7447,11.8925,25.5124,9.90794,-49.5986,-9.85878,-68.4167,-17.7663,-0.495551,-31.0474,-29.5837,-4.94326,-46.2276,22.2759,26.9342,9.99593,49.6546,49.6701,49.6467,49.3331,49.6023,49.2988,-22.1992,28.9688,-46.3095,3.93983,52.6596,-20.1399,-13.3105,67.2977,-65.687,-50.3727,-50.327,-50.3719,-48.8545,-48.8117,-48.8539,-29.5613,-29.6507,-29.5199,-29.6029
12840,2.312,0.06341,0.0635394,23100.3,23156.8,7.62775,-68.8891,2.76592,0.0644748,0.0645912,25408.1,25469.2,7.69272,-68.5832,2.76597,0.0483659,0.0489356,5844.95,5923.87,5.31355,-47.2046,2.74354,0.0482018,0.0487807,5843.76,5922.88,5.31303,-47.3631,2.74345,0.0485391,0.0490993,5865.98,5944.15,5.32267,-47.1996,2.74386,0.0483791,0.048948,5862.9,5941.59,5.32134,-47.3406,2.74364,11.8913,25.5154,9.90677,-49.4641,-9.74416,-68.2454,-17.8016,-1.68622,-31.154,-29.6864,-4.99403,-46.3325,22.2774,26.9364,9.99657,38.0439,38.0601,38.0356,37.7592,38.015,37.7287,-23.3245,23.0411,-47.0162,3.42473,50.1382,-20.2054,-13.5236,62.0031,-64.7986,-50.1868,-50.141,-50.1859,-48.7713,-48.7287,-48.7707,-29.6664,-29.7519,-29.6242,-29.7031
12960,2.33361,0.0636434,0.0637699,23076.8,23079.3,7.62282,-68.3624,2.77726,0.0644986,0.0646147,25374.6,25401.6,7.68624,-68.3596,2.77256,0.0480389,0.048627,5842.41,5929.12,5.31245,-47.5858,2.74016,0.0478919,0.0484885,5841.35,5928.03,5.31199,-47.7277,2.74017,0.0482085,0.048787,5862.11,5947.92,5.32099,-47.571,2.74055,0.0480564,0.0486435,5858.3,5944.63,5.31934,-47.6994,2.74032,11.8871,25.5249,9.90313,-49.0441,-9.41222,-67.7047,-17.9148,-3.55567,-32.0393,-30.0388,-5.16279,-46.6966,22.2822,26.9434,9.99861,5.22962,5.24853,5.21983,5.04254,5.26244,4.93568,-26.7976,5.72844,-49.2556,1.79851,42.4746,-20.5172,-14.1838,48.9833,-62.1002,-49.606,-49.5602,-49.6051,-48.5119,-48.4698,-48.5114,-30.0269,-30.0981,-29.9837,-30.0463
13080,2.35522,0.0639719,0.0640943,23050.7,23038.8,7.61735,-67.8507,2.78028,0.064578,0.0646932,25337.8,25356,7.67911,-68.1382,2.77425,0.0476312,0.048243,5839.92,5934.93,5.31136,-48.0603,2.73656,0.0475129,0.0481318,5839.01,5933.01,5.31097,-48.1666,2.737,0.0478021,0.0484038,5858.57,5952.29,5.31946,-48.0304,2.73712,0.0476663,0.0482761,5854.16,5947.73,5.31754,-48.1325,2.73718,11.8829,25.5342,9.89972,-48.6513,-9.16845,-67.3307,-18.0281,-4.25176,-32.9452,-30.4514,-5.34729,-47.1348,22.2869,26.9504,10.0006,-16.889,-16.8668,-16.9005,-17.0262,-16.8261,-17.1557,-29.9414,-2.96348,-51.4556,0.229695,36.0704,-20.8958,-14.7888,41.8643,-62.7687,-49.0619,-49.0161,-49.061,-48.2704,-48.2286,-48.2698,-30.449,-30.5018,-30.4067,-30.4479
13200,2.37683,0.0643218,0.06444,23025.2,23010.4,7.61198,-67.3584,2.78089,0.0646724,0.0647865,25301.6,25318,7.67212,-67.9224,2.77462,0.0471564,0.047797,5837.51,5940.65,5.31032,-48.6112,2.73303,0.0470789,0.0477244,5836.77,5937.77,5.31,-48.6674,2.73396,0.0473322,0.047962,5855.32,5956.83,5.31805,-48.5643,2.73374,0.0472229,0.0478595,5850.4,5950.87,5.31591,-48.6278,2.73419,11.8786,25.5433,9.89647,-48.2825,-8.98755,-67.1069,-18.1417,-4.9147,-33.7789,-30.9065,-5.54067,-47.6345,22.2915,26.9573,10.0026,-32.8294,-32.8036,-32.8427,-32.9357,-32.7501,-33.0746,-32.8127,-6.69476,-53.6011,-1.2869,30.521,-21.5125,-15.3516,35.6949,-64.5675,-48.5502,-48.5044,-48.5494,-48.0443,-48.0028,-48.0437,-30.9116,-30.9515,-30.8668,-30.8962
13320,2.39843,0.0646714,0.0647856,23000.9,22986.5,7.60689,-66.8863,2.78081,0.064771,0.064884,25267.2,25283.4,7.66545,-67.7123,2.77464,0.04664,0.0473135,5835.15,5943.73,5.30929,-49.1915,2.73067,0.0465937,0.0472702,5834.57,5941.99,5.30905,-49.2257,2.73118,0.0468153,0.0474774,5852.31,5959.77,5.31674,-49.1425,2.73115,0.0467301,0.0473977,5846.94,5953.73,5.31441,-49.1811,2.73145,11.8742,25.5519,9.89338,-47.94,-8.86185,-66.8904,-18.2553,-5.5357,-34.5392,-31.3985,-5.73447,-48.1953,22.2961,26.964,10.0046,-43.7887,-43.7593,-43.8039,-43.8759,-43.7018,-43.9989,-35.398,-9.92427,-55.7406,-2.74426,25.6026,-22.2212,-15.8732,30.2334,-67.4851,-48.0744,-48.0286,-48.0735,-47.8351,-47.794,-47.8346,-31.4073,-31.4419,-31.3591,-31.3857
13440,2.42004,0.065013,0.0651233,22978.1,22964.2,7.6021,-66.4328,2.7807,0.0648697,0.0649816,25234.5,25250.7,7.65914,-67.5081,2.77465,0.0461039,0.0468132,5832.79,5946,5.30827,-49.7961,2.72866,0.0460725,0.046784,5832.38,5945.46,5.3081,-49.8256,2.72872,0.0462712,0.0469691,5849.44,5962.02,5.3155,-49.7539,2.72894,0.0462023,0.0469049,5843.67,5956.07,5.31299,-49.7767,2.72902,11.8698,25.5602,9.89042,-47.6233,-8.77661,-66.6822,-18.369,-6.01455,-35.2339,-31.9164,-5.91964,-48.7933,22.3007,26.9707,10.0065,-51.1711,-51.1384,-51.188,-51.248,-51.0811,-51.4115,-37.7197,-12.6744,-58.0825,-4.1423,21.2449,-23.0938,-16.3592,26.2353,-69.5301,-47.6335,-47.5877,-47.6326,-47.6424,-47.6015,-47.6419,-31.9273,-31.9599,-31.8756,-31.903
13560,2.44165,0.0653447,0.0654514,22956.6,22943.1,7.59758,-65.9985,2.78061,0.0649671,0.0650779,25203.7,25219.8,7.65317,-67.3111,2.77465,0.0455567,0.0463045,5830.43,5948.46,5.30725,-50.4256,2.72657,0.0455315,0.046281,5830.18,5948.31,5.30714,-50.4525,2.72653,0.045714,0.0464505,5846.69,5964.05,5.3143,-50.3889,2.72686,0.0456554,0.0463961,5840.54,5957.98,5.31164,-50.4001,2.72683,11.8654,25.5679,9.88756,-47.3306,-8.71869,-66.4827,-18.4827,-6.24068,-35.8722,-32.4402,-6.09002,-49.4242,22.3051,26.9772,10.0084,-56.0859,-56.0502,-56.1044,-56.1586,-55.9947,-56.3154,-39.8077,-14.5059,-60.9223,-5.48321,17.4399,-24.4821,-16.8154,23.0525,-70.9466,-47.2255,-47.1798,-47.2246,-47.465,-47.4243,-47.4645,-32.4527,-32.4842,-32.3973,-32.4263
13680,2.46326,0.0656651,0.0657685,22936.3,22923.4,7.59333,-65.5852,2.78048,0.065062,0.0651718,25174.4,25190.7,7.64752,-67.1223,2.77463,0.0450144,0.0458022,5828.06,5949.96,5.30622,-51.0519,2.72489,0.0449917,0.0457812,5827.96,5950,5.30618,-51.0782,2.72483,0.0451644,0.0459409,5844.01,5964.94,5.31314,-51.0163,2.72531,0.0451102,0.0458908,5837.53,5958.84,5.31033,-51.023,2.72515,11.8609,25.5753,9.88479,-47.0603,-8.65562,-66.2922,-18.5962,-6.43211,-36.4623,-32.9329,-6.22988,-50.0481,22.3095,26.9837,10.0102,-59.2898,-59.2515,-59.3095,-59.3606,-59.1982,-59.5191,-41.6902,-16.2998,-63.5393,-6.76988,14.1852,-25.8862,-17.2469,20.1523,-71.9269,-46.848,-46.8023,-46.8471,-47.3017,-47.2612,-47.3012,-32.9467,-32.9772,-32.8885,-32.9193
13800,2.48486,0.0659732,0.0660735,22917.2,22905.1,7.58931,-65.1933,2.78031,0.0651538,0.0652626,25146.7,25163.2,7.64216,-66.9421,2.77459,0.0444937,0.0453219,5825.69,5950.51,5.30519,-51.6555,2.72363,0.0444717,0.0453016,5825.73,5950.77,5.30521,-51.6834,2.72353,0.0446411,0.0454576,5841.41,5964.9,5.31201,-51.6159,2.7242,0.0445856,0.0454065,5834.6,5958.84,5.30906,-51.6251,2.72388,11.8565,25.5822,9.88209,-46.8105,-8.57489,-66.1103,-18.7096,-6.62006,-37.0108,-33.3859,-6.34152,-50.6466,22.3138,26.9901,10.0121,-61.3594,-61.3191,-61.3803,-61.4275,-61.2678,-61.5776,-43.3924,-18.0328,-65.9537,-8.00523,11.2536,-27.2877,-17.6575,17.5061,-72.6134,-46.4987,-46.4531,-46.4978,-47.1514,-47.111,-47.1509,-33.4004,-33.43,-33.3404,-33.373
13920,2.50647,0.0662691,0.0663665,22899.2,22887.9,7.58553,-64.8211,2.78016,0.0652425,0.0653503,25120.5,25137.1,7.63708,-66.7698,2.77456,0.0440027,0.0448708,5823.32,5950.8,5.30417,-52.232,2.72247,0.0439798,0.0448499,5823.5,5951.28,5.30424,-52.2634,2.72234,0.0441512,0.045007,5838.86,5964.75,5.31091,-52.1855,2.72316,0.04409,0.0449509,5831.75,5958.68,5.30782,-52.2018,2.72271,11.852,25.5888,9.87945,-46.5797,-8.50883,-65.937,-18.8228,-6.80381,-37.5235,-33.8056,-6.43662,-51.2185,22.3181,26.9963,10.0139,-62.7681,-62.7261,-62.7898,-62.8333,-62.6764,-62.9557,-44.9357,-19.6911,-68.1838,-9.19203,8.60568,-28.6386,-18.0503,15.0873,-73.1067,-46.1755,-46.1299,-46.1746,-47.0129,-46.9726,-47.0124,-33.8205,-33.8492,-33.7592,-33.7933
14040,2.52808,0.0665544,0.066649,22882.2,22871.4,7.58196,-64.4658,2.78005,0.0653284,0.0654353,25095.6,25112.3,7.63226,-66.6047,2.77455,0.043546,0.0444529,5820.97,5950.79,5.30314,-52.7737,2.72146,0.0435216,0.0444306,5821.27,5951.46,5.30328,-52.8093,2.7213,0.0436975,0.0445914,5836.37,5964.47,5.30983,-52.7198,2.7222,0.0436284,0.0445282,5828.98,5958.29,5.30662,-52.7452,2.72168,11.8475,25.595,9.87687,-46.3664,-8.45279,-65.7726,-18.9357,-6.98264,-38.005,-34.1875,-6.51549,-51.7562,22.3222,27.0025,10.0157,-63.874,-63.8308,-63.8963,-63.938,-63.7823,-64.0322,-46.3375,-21.2667,-70.2447,-10.3328,7.77332,-29.9408,-18.4275,12.8728,-73.4749,-45.8764,-45.831,-45.8755,-46.8854,-46.8452,-46.8849,-34.2029,-34.2306,-34.1406,-34.1762
14160,2.54969,0.0668306,0.0669226,22866.1,22855.7,7.57859,-64.1254,2.77997,0.0654117,0.0655177,25072,25088.8,7.62769,-66.4464,2.77453,0.0431222,0.0440666,5818.63,5950.89,5.30213,-53.2849,2.7204,0.043096,0.0440427,5819.06,5951.7,5.30232,-53.3244,2.72024,0.043277,0.0442075,5833.94,5964.45,5.30877,-53.2246,2.72116,0.0431991,0.0441366,5826.28,5958.07,5.30545,-53.2593,2.7206,11.843,25.6009,9.87433,-46.1695,-8.40396,-65.6177,-19.0484,-7.15606,-38.4587,-34.5375,-6.58509,-52.2634,22.3264,27.0085,10.0174,-64.9115,-64.8672,-64.9343,-64.9761,-64.824,-65.0648,-47.6112,-22.7559,-72.1484,-11.4295,6.94254,-31.1959,-18.791,10.8437,-73.7611,-45.5999,-45.5545,-45.599,-46.7681,-46.728,-46.7676,-34.5531,-34.5799,-34.49,-34.527
14280,2.57129,0.0670991,0.0671887,22851,22840.8,7.57541,-63.7981,2.77991,0.0654919,0.0655971,25049.5,25066.5,7.62335,-66.2955,2.77449,0.0427336,0.0437136,5816.32,5950.64,5.30113,-53.7565,2.7195,0.0427061,0.0436887,5816.87,5951.54,5.30136,-53.7989,2.71935,0.0428902,0.0438557,5831.55,5964.12,5.30773,-53.6919,2.72026,0.0428049,0.0437783,5823.64,5957.52,5.3043,-53.7342,2.7197,11.8385,25.6065,9.87184,-45.9874,-8.35915,-65.4733,-19.1607,-7.32413,-38.8891,-34.8479,-6.64124,-52.7296,22.3304,27.0145,10.0192,-66.0966,-66.0516,-66.1198,-66.1621,-66.0285,-66.2694,-48.7776,-24.1587,-73.9152,-12.4856,6.11444,-32.4501,-19.1429,9.10275,-74.0147,-45.3437,-45.2984,-45.3428,-46.6599,-46.6198,-46.6594,-34.8638,-34.8896,-34.7998,-34.8382
14400,2.5929,0.0673591,0.0674464,22836.7,22827,7.5724,-63.4855,2.7798,0.0655679,0.0656723,25028.2,25045.6,7.61923,-66.1534,2.7744,0.0423933,0.0434056,5814.03,5948.89,5.30013,-54.1591,2.71927,0.0423654,0.0433804,5814.69,5949.87,5.30042,-54.2032,2.71913,0.0425508,0.043548,5829.2,5962.31,5.30672,-54.0918,2.72003,0.0424595,0.0434654,5821.05,5955.47,5.30318,-54.1399,2.71946,11.8341,25.6119,9.86938,-45.819,-8.31773,-65.34,-19.2728,-7.48668,-39.2984,-35.0912,-6.66353,-53.1244,22.3344,27.0204,10.0209,-67.4046,-67.3571,-67.4288,-67.4691,-67.331,-67.5858,-49.8448,-25.4764,-75.5533,-13.5026,5.29056,-33.6905,-19.4841,8.00413,-74.5495,-45.1066,-45.0614,-45.1057,-46.5603,-46.5201,-46.5598,-35.1073,-35.1323,-35.0426,-35.0824
14520,2.61451,0.0676085,0.0676937,22823.1,22814.4,7.56956,-63.1896,2.77962,0.0656382,0.0657419,25007.9,25026,7.61531,-66.0216,2.77428,0.0421132,0.0431528,5811.76,5945.94,5.29915,-54.4787,2.71957,0.0420856,0.0431279,5812.54,5946.99,5.29949,-54.5235,2.71945,0.0422708,0.0432949,5826.9,5959.3,5.30572,-54.4098,2.72033,0.0421748,0.0432083,5818.51,5952.23,5.30208,-54.4622,2.71976,11.8296,25.6169,9.86694,-45.6634,-8.27904,-65.2179,-19.3845,-7.64383,-39.6886,-35.2575,-6.65042,-53.4344,22.3383,27.0262,10.0225,-68.8366,-68.7732,-68.898,-68.887,-68.7456,-69.0286,-50.8223,-26.7113,-77.1201,-14.4824,4.47261,-34.8844,-19.8158,6.95563,-75.696,-44.8872,-44.8421,-44.8863,-46.4684,-46.4283,-46.4679,-35.2738,-35.2979,-35.2085,-35.2497
14640,2.63612,0.0678448,0.067928,22810.4,22802.9,7.56688,-62.9126,2.77935,0.0657015,0.0658045,24988.7,25007.6,7.61158,-65.9011,2.77412,0.0419031,0.0429637,5809.52,5941.72,5.29818,-54.7002,2.72042,0.0418765,0.0429397,5810.41,5942.85,5.29856,-54.7448,2.72032,0.0420605,0.0431053,5824.63,5955.04,5.30473,-54.6306,2.7212,0.0419609,0.0430157,5816.02,5947.75,5.301,-54.6857,2.72063,11.8251,25.6217,9.86454,-45.5197,-8.24278,-65.1065,-19.4959,-7.79577,-40.0617,-35.3356,-6.59905,-53.6446,22.3422,27.0318,10.0242,-70.3321,-70.2241,-70.5362,-70.3426,-70.1961,-70.5088,-51.7178,-27.8661,-78.5963,-15.4264,3.662,-36.0336,-20.1386,6.20659,-76.7621,-44.6843,-44.6392,-44.6834,-46.3839,-46.3438,-46.3834,-35.3522,-35.3753,-35.2863,-35.3287
14760,2.65772,0.0680652,0.0681467,22798.3,22792.4,7.56435,-62.6566,2.77902,0.065757,0.0658594,24970.4,24990.2,7.60804,-65.7921,2.77394,0.0417738,0.0428475,5807.31,5936.18,5.29722,-54.8079,2.72187,0.0417486,0.0428248,5808.31,5937.38,5.29765,-54.8515,2.72178,0.0419311,0.0429888,5822.4,5949.45,5.30377,-54.7376,2.72266,0.0418286,0.0428967,5813.58,5941.96,5.29994,-54.7946,2.72208,11.8207,25.6263,9.86215,-45.3868,-8.2087,-65.0046,-19.6069,-7.94297,-40.4198,-35.3152,-6.50888,-53.7397,22.346,27.0374,10.0258,-71.7988,-71.6386,-72.1749,-71.763,-71.6104,-71.9714,-52.5425,-28.9467,-79.9674,-16.3372,2.86017,-37.1425,-20.4537,5.64129,-77.7584,-44.4963,-44.4514,-44.4955,-46.306,-46.2659,-46.3055,-35.3319,-35.3542,-35.2655,-35.3092
14880,2.67933,0.0682691,0.0683488,22786.9,22782.6,7.56195,-62.4213,2.77868,0.065805,0.0659069,24952.9,24973.6,7.60467,-65.6938,2.77379,0.0417278,0.0428061,5805.12,5929.65,5.29627,-54.8007,2.72375,0.0417042,0.042785,5806.22,5930.93,5.29675,-54.8428,2.72368,0.0418851,0.0429475,5820.21,5942.88,5.30281,-54.73,2.72456,0.0417803,0.0428533,5811.17,5935.2,5.29889,-54.7881,2.72397,11.8163,25.6306,9.85979,-45.2639,-8.1769,-64.9107,-19.7175,-8.08559,-40.7641,-35.1992,-6.38686,-53.7195,22.3497,27.043,10.0274,-73.166,-72.9979,-73.5729,-73.1219,-72.9673,-73.415,-53.3016,-29.956,-81.2406,-17.2161,2.06809,-38.2762,-20.7615,5.08006,-78.6908,-44.3224,-44.2775,-44.3215,-46.2343,-46.1941,-46.2338,-35.2161,-35.2375,-35.1492,-35.1942
14968.8,2.69532,0.0684092,0.0684879,22778.8,22775.8,7.56026,-62.2599,2.77843,0.0658361,0.0659378,24940.6,24961.7,7.60228,-65.6272,2.77369,0.041746,0.0428225,5803.52,5924.44,5.29557,-54.7256,2.72532,0.0417238,0.0428025,5804.7,5925.77,5.29609,-54.7666,2.72525,0.0419036,0.0429641,5818.6,5937.65,5.30212,-54.6547,2.72613,0.0417972,0.0428684,5809.42,5929.83,5.29813,-54.7133,2.72554,11.813,25.6337,9.85805,-45.1791,-8.15483,-64.8453,-19.7992,-8.18728,-41.0106,-35.0581,-6.28264,-53.635,22.3525,27.047,10.0286,-74.1231,-73.9718,-74.4876,-74.0845,-73.9329,-74.3652,-53.8243,-30.6593,-82.1239,-17.8466,1.48891,-39.0868,-20.9849,4.66829,-79.3428,-44.2021,-44.1573,-44.2013,-46.1849,-46.1447,-46.1844,-35.075,-35.0958,-35.0078,-35.0537
14968.8,2.69532,0.0684092,0.0684879,22778.8,22775.8,7.56026,-62.2599,2.77843,0.0658361,0.0659378,24940.6,24961.7,7.60228,-65.6272,2.77369,0.041746,0.0428225,5803.52,5924.44,5.29557,-54.7256,2.72532,0.0417238,0.0428025,5804.7,5925.77,5.29609,-54.7666,2.72525,0.0419036,0.0429641,5818.6,5937.65,5.30212,-54.6547,2.72613,0.0417972,0.0428684,5809.42,5929.83,5.29813,-54.7133,2.72554,11.813,25.6337,9.85805,-45.1791,-8.15483,-64.8453,-19.7992,-8.18728,-41.0106,-35.0581,-6.28264,-53.635,22.3525,27.047,10.0286,-74.1231,-73.9718,-74.4876,-74.0845,-73.9329,-74.3652,-53.8243,-30.6593,-82.1239,-17.8466,1.48891,-39.0868,-20.9849,4.66829,-79.3428,-44.2021,-44.1573,-44.2013,-46.1849,-46.1447,-46.1844,-35.075,-35.0958,-35.0078,-35.0537
15000,2.70094,0.0682918,0.0683714,22789.2,22806.3,7.56244,-62.4705,2.77418,0.0657602,0.0658626,24949.9,24982.6,7.60409,-65.7703,2.77146,0.0417859,0.0428583,5804.05,5923.03,5.2958,-54.661,2.72616,0.0417632,0.0428379,5805.14,5924.34,5.29628,-54.7023,2.72606,0.0419417,0.0429983,5818.73,5935.98,5.30217,-54.59,2.72691,0.0418344,0.0429018,5809.52,5928.16,5.29818,-54.6496,2.72631,11.813,25.6439,9.86579,-45.3603,-8.34607,-64.989,-19.795,-8.216,-40.4318,-34.9802,-6.23976,-53.5682,22.3534,27.0484,10.029,-61.1982,-61.0457,-61.525,-61.2107,-61.0426,-61.4716,-53.6722,-29.3878,-82.4048,-17.5931,2.10905,-38.7654,-20.8851,4.67837,-76.0937,-44.42,-44.3753,-44.4191,-46.3293,-46.2891,-46.3288,-34.9968,-35.0179,-34.9297,-34.9764
15120,2.72255,0.0678104,0.067894,22830,22907.6,7.57101,-63.2678,2.76148,0.0654544,0.06556,24986.4,25053.4,7.61114,-66.3109,2.76482,0.0419578,0.0430128,5806.06,5917.78,5.29668,-54.3917,2.72931,0.0419324,0.04299,5806.86,5919.02,5.29702,-54.4356,2.72912,0.0421058,0.0431461,5819.15,5929.62,5.30235,-54.3207,2.72985,0.0419941,0.0430455,5809.76,5921.76,5.29828,-54.3849,2.72919,11.813,25.6811,9.87411,-46.0394,-9.0264,-65.53,-19.7815,-8.32768,-39.9625,-34.6679,-6.07538,-53.2919,22.357,27.0537,10.0305,-15.8998,-15.7434,-16.1603,-16.0815,-15.8568,-16.2739,-53.21,-16.0859,-83.3942,-16.69,7.90729,-40.2323,-20.505,4.66811,-76.2431,-45.2373,-45.1929,-45.2365,-46.8701,-46.8297,-46.8696,-34.6831,-34.7058,-34.6164,-34.6664
15240,2.74415,0.0672473,0.0673357,22873.7,22962.9,7.58018,-64.0182,2.75905,0.0651131,0.0652224,25024.2,25096.9,7.61845,-66.8152,2.7637,0.0421898,0.0432219,5808.12,5913.08,5.29757,-54.055,2.73224,0.0421597,0.0431948,5808.71,5914.31,5.29783,-54.1043,2.73196,0.0423267,0.0433454,5819.29,5923.4,5.30242,-53.9843,2.73261,0.0422081,0.0432383,5809.62,5915.49,5.29822,-54.0559,2.73185,11.8129,25.7105,9.87109,-46.6574,-9.38951,-66.0295,-19.7753,-8.4392,-40.2665,-34.3142,-5.91213,-52.9524,22.3606,27.0589,10.032,15.1653,15.3083,14.8583,14.896,15.1548,14.7576,-53.1102,-4.37583,-83.9749,-15.9978,16.5077,-41.453,-20.1352,21.8611,-76.2521,-45.9838,-45.9397,-45.9829,-47.3596,-47.3191,-47.3591,-34.3269,-34.3528,-34.2611,-34.3159
15360,2.76576,0.0667171,0.0668103,22918.2,23001.5,7.58952,-64.6932,2.76029,0.064802,0.0649146,25061.3,25128.7,7.62564,-67.2556,2.76475,0.0424765,0.0434808,5811.05,5908.72,5.29884,-53.6568,2.73541,0.0424394,0.0434473,5811.35,5909.89,5.29897,-53.7138,2.73503,0.0425951,0.0435881,5819,5916.62,5.30229,-53.5868,2.73542,0.0424679,0.043473,5809.15,5908.7,5.29802,-53.6679,2.73459,11.8129,25.7381,9.86837,-47.1963,-9.59531,-66.4647,-19.763,-8.52075,-40.411,-33.922,-5.74558,-52.5545,22.3641,27.0641,10.0335,35.1563,35.259,34.9307,34.8324,35.1067,34.7617,-53.0536,6.29013,-84.0581,-15.3215,22.5079,-41.8561,-19.7555,37.8926,-75.8125,-46.6431,-46.5992,-46.6423,-47.7782,-47.7375,-47.7777,-33.9312,-33.9616,-33.8672,-33.9278
15480,2.78737,0.0662831,0.0663803,22965.7,23034.8,7.5995,-65.2568,2.76328,0.0645672,0.0646825,25100.5,25155.7,7.63321,-67.5975,2.7671,0.0428278,0.0437991,5815.32,5905.16,5.30069,-53.1912,2.7388,0.0427792,0.043755,5814.75,5905.9,5.30044,-53.2578,2.73823,0.0429158,0.0438789,5818.1,5909.13,5.3019,-53.1228,2.73829,0.042779,0.0437548,5808.23,5901.29,5.29762,-53.2151,2.7374,11.8132,25.7658,9.86615,-47.6219,-9.68542,-66.8008,-19.7322,-8.52802,-40.276,-33.4896,-5.57672,-52.0923,22.3675,27.0692,10.035,45.9348,45.9902,45.8118,45.5941,45.869,45.5236,-52.7194,10.2005,-81.3099,-14.5151,25.3386,-40.8884,-19.3434,49.4107,-74.7336,-47.1802,-47.1365,-47.1794,-48.0923,-48.0514,-48.0918,-33.4943,-33.5302,-33.4334,-33.5006
15600,2.80898,0.0659759,0.0660761,23018.3,23071.2,7.61055,-65.6968,2.76668,0.0644342,0.0645511,25143.4,25184.2,7.64152,-67.8279,2.76989,0.0432307,0.0441654,5820.21,5903.23,5.30282,-52.6851,2.74176,0.043167,0.0441074,5818.61,5903.26,5.30212,-52.7623,2.74105,0.0432778,0.0442083,5816.94,5902.12,5.30139,-52.6192,2.74082,0.0431308,0.0440744,5807.08,5894.4,5.29712,-52.7235,2.7399,11.8139,25.7942,9.86443,-47.9242,-9.67595,-67.025,-19.6804,-8.41682,-39.8426,-33.0439,-5.42409,-51.5923,22.3709,27.0742,10.0364,51.2148,51.2522,51.1317,50.8839,51.1559,50.8363,-51.7621,3.77846,-78.5123,-13.5386,27.2858,-38.4523,-18.8969,56.9425,-74.111,-47.5854,-47.5417,-47.5846,-48.2917,-48.2506,-48.2912,-33.0429,-33.085,-32.9869,-33.0609
15720,2.83058,0.0657985,0.0659005,23075.9,23113.6,7.62264,-66.0152,2.76987,0.0644065,0.0645237,25189.8,25216.9,7.65049,-67.9487,2.77254,0.0436621,0.044559,5825.13,5902.82,5.30495,-52.1666,2.74407,0.043582,0.0444858,5822.58,5902.05,5.30384,-52.2549,2.7433,0.0436638,0.0445605,5815.8,5896.23,5.3009,-52.1046,2.74289,0.0435055,0.0444159,5805.91,5888.58,5.29661,-52.221,2.74191,11.8149,25.8237,9.8631,-48.1089,-9.59244,-67.1401,-19.6094,-6.62856,-39.1509,-32.6107,-5.29922,-51.0818,22.3743,27.0791,10.0379,53.9562,54.0308,53.7986,53.6571,53.9292,53.5062,-50.0879,-5.1766,-78.2026,-12.4284,31.5895,-36.3877,-18.4266,60.766,-75.6885,-47.865,-47.8212,-47.8642,-48.3816,-48.3403,-48.3811,-32.6028,-32.6516,-32.5537,-32.6345
15840,2.85219,0.0657388,0.0658415,23136.6,23161.1,7.63537,-66.2199,2.77263,0.064477,0.0645933,25239.2,25253.8,7.66003,-67.9683,2.77495,0.0440973,0.0449576,5829.86,5903.82,5.307,-51.6647,2.74569,0.0440012,0.0448695,5826.59,5902.37,5.30558,-51.764,2.7449,0.0440526,0.0449166,5814.77,5891.85,5.30046,-51.6075,2.74434,0.0438826,0.0447608,5804.8,5884.21,5.29613,-51.736,2.74333,11.8162,25.8566,9.86206,-48.188,-9.45847,-67.1558,-19.5225,-4.89376,-38.2543,-32.215,-5.20978,-50.5891,22.3776,27.084,10.0393,55.7765,55.9108,55.4487,55.5247,55.7984,55.38,-47.7306,-1.64527,-76.9823,-11.2127,34.5782,-36.4479,-17.9493,61.617,-76.3261,-48.0317,-47.9877,-48.0308,-48.3734,-48.3318,-48.3729,-32.1995,-32.2551,-32.1591,-32.2464
15960,2.8738,0.0657798,0.065882,23198.3,23211.8,7.64833,-66.323,2.77495,0.064636,0.0647505,25292,25295.3,7.67025,-67.8986,2.77713,0.0445181,0.0453444,5834.63,5906.02,5.30907,-51.1977,2.74681,0.0444061,0.0452413,5830.57,5903.9,5.30731,-51.3079,2.74596,0.0444266,0.0452602,5813.86,5888.8,5.30006,-51.1468,2.74527,0.0442444,0.0450927,5803.77,5881.12,5.29568,-51.2869,2.74422,11.8177,25.8916,9.86126,-48.1758,-9.29291,-67.0848,-19.423,-3.34574,-37.207,-31.8713,-5.14794,-50.1327,22.3808,27.0888,10.0406,57.4052,57.5842,56.9279,57.1819,57.4539,57.0604,-44.7779,1.51822,-74.3031,-9.89195,36.4093,-35.7829,-17.484,61.4391,-76.0877,-48.1002,-48.0561,-48.0994,-48.2805,-48.2386,-48.28,-31.8474,-31.9097,-31.8173,-31.9109
16080,2.89541,0.065904,0.066005,23260.1,23264.5,7.66131,-66.3398,2.77687,0.0648736,0.0649855,25349.2,25342.3,7.68132,-67.7542,2.7791,0.0449156,0.0457109,5839.35,5908.78,5.31112,-50.7688,2.74766,0.0447865,0.0455918,5834.29,5905.88,5.30893,-50.8898,2.74672,0.0447768,0.0455828,5813.07,5886.47,5.29972,-50.7254,2.74594,0.0445822,0.0454034,5802.83,5878.7,5.29528,-50.8769,2.74487,11.8193,25.9258,9.86068,-48.0874,-9.1103,-66.9414,-19.3147,-2.14524,-36.0601,-31.5784,-5.10897,-49.7154,22.384,27.0935,10.042,59.0954,59.2293,58.7581,58.872,59.1377,58.7992,-41.3414,2.69653,-73.9375,-8.47331,37.2852,-34.2029,-17.0477,62.9829,-75.0522,-48.0865,-48.0421,-48.0856,-48.1177,-48.0754,-48.1172,-31.5453,-31.6146,-31.5269,-31.6267
16200,2.91701,0.0660935,0.0661926,23321.1,23318.3,7.67411,-66.2879,2.77837,0.0651787,0.0652873,25411.2,25395.5,7.69332,-67.5511,2.78082,0.0452866,0.046054,5843.75,5911.57,5.31303,-50.3753,2.74835,0.04514,0.0459184,5837.73,5907.83,5.31042,-50.5071,2.74736,0.0451013,0.0458825,5812.39,5884.47,5.29942,-50.3408,2.74651,0.0448947,0.0456917,5802.06,5876.62,5.29494,-50.5032,2.74543,11.8211,25.958,9.86086,-47.9385,-8.92186,-66.7404,-19.2018,-2.08016,-35.2877,-31.3297,-5.08207,-49.3349,22.3872,27.0981,10.0434,60.8604,60.9893,60.6471,60.6643,60.9283,60.5032,-37.6017,3.43846,-73.4916,-6.975,37.768,-34.0408,-16.6504,66.769,-73.3085,-48.0068,-47.9621,-48.0059,-47.8998,-47.8572,-47.8993,-31.2869,-31.3631,-31.2814,-31.3871
16320,2.93862,0.0663294,0.0664262,23379.8,23372,7.68644,-66.1855,2.77941,0.065539,0.0656437,25478.2,25455.1,7.70627,-67.3052,2.78224,0.04563,0.0463725,5847.69,5914.26,5.31474,-50.0164,2.7489,0.0454659,0.0462202,5840.74,5909.69,5.31172,-50.1587,2.74787,0.0454006,0.0461597,5811.92,5882.87,5.29922,-49.992,2.747,0.0451854,0.0459603,5802.12,5875.32,5.29497,-50.1648,2.74602,11.8229,25.9875,9.86641,-47.7448,-8.73645,-66.4963,-19.0883,-4.02072,-35.0221,-31.1203,-5.06209,-48.9956,22.3903,27.1027,10.0447,62.5978,62.7814,62.1422,62.4368,62.7033,62.3171,-33.7555,6.52534,-71.5072,-5.41391,36.4376,-32.7092,-16.2987,69.3169,-72.0948,-47.8774,-47.8324,-47.8766,-47.642,-47.599,-47.6415,-31.0675,-31.1507,-31.0759,-31.1872
16440,2.96023,0.0665948,0.066689,23435.4,23424.6,7.69811,-66.0482,2.78004,0.0659417,0.0660423,25549.4,25520.8,7.72005,-67.031,2.78332,0.045958,0.0466773,5851.01,5915.39,5.31618,-49.664,2.74985,0.0457764,0.0465084,5843.14,5909.99,5.31276,-49.8167,2.74878,0.0456922,0.0464303,5812.52,5880.87,5.29948,-49.6507,2.74813,0.0454764,0.0462299,5804.63,5874.56,5.29605,-49.8331,2.74744,11.8249,26.0134,9.87749,-47.5208,-8.56075,-66.2228,-18.9773,-4.68921,-34.7815,-30.9193,-5.02545,-48.6696,22.3933,27.1072,10.046,64.3003,64.4447,63.7942,64.1133,64.377,64.0282,-29.9958,7.60107,-68.1237,-3.81111,37.9737,-32.5152,-15.9972,70.4041,-73.4669,-47.7135,-47.6681,-47.7126,-47.3583,-47.3149,-47.3577,-30.8563,-30.9466,-30.8789,-30.9953
16560,2.98184,0.0668772,0.0669688,23487.6,23475.2,7.70907,-65.8875,2.78039,0.0663761,0.0664724,25624.5,25591.5,7.73457,-66.7386,2.78416,0.046275,0.0469727,5852.85,5915.52,5.31698,-49.3187,2.75059,0.0460788,0.0467898,5844.81,5909.67,5.31349,-49.4816,2.74964,0.0460017,0.046718,5817.85,5881.6,5.30179,-49.3168,2.75012,0.0457911,0.0465221,5812.1,5877.17,5.2993,-49.5079,2.74955,11.8271,26.0327,9.89488,-47.2777,-8.39789,-65.9299,-18.8752,-3.92524,-34.6257,-30.7253,-4.97952,-48.353,22.3963,27.1116,10.0473,65.8652,65.9391,65.5523,65.6306,65.8864,65.5671,-26.5419,13.0784,-58.6506,-2.155,37.0612,-28.6378,-15.7835,68.5427,-74.2518,-47.5265,-47.4808,-47.5257,-47.0591,-47.0154,-47.0586,-30.6527,-30.7501,-30.689,-30.8096
