time_s,P_pv_max_W,P_pv_W,P_load_W,P_B_W,V_B_V,I_B_A,Q_B_W,Q_D_W,SOC,x_n,x_p,T_B_K,connected,latched,valid,event_required,can_supply,reason,i_A,v_cell_V,dx_n_dt,dx_p_dt,q_reversible_cell_W,min_margin,action
0,734.94,734.940000000285,200,-524.413684210811,32.5547295180676,-16.108678891642,14.8128934313354,10.5263157894737,0.655172413793103,0.6,0.458686000716076,293.15,1,0,1,0,1,1,-2.68477981527367,4.06934118975846,0.000234668201342109,-0.000147595348021592,-0.0270465536897412,0.130658810241544,0
30,734.94,734.940000000176,200,-524.413684210702,32.600424886296,-16.0860996763004,14.8115660769829,10.5263157894737,0.663258742848484,0.607035106278181,0.454261247155267,293.15,1,0,1,0,1,1,-2.68101661271674,4.075053110787,0.000234339271583961,-0.000147388466552986,-0.0265262493806937,0.124946889213001,0
60,734.94,734.940000000074,200,-524.413684210601,32.645935604719,-16.0636745278269,14.8110019880291,10.5263157894737,0.671333768664918,0.614060378738479,0.44984267860702,293.15,1,0,1,0,1,1,-2.67727908797115,4.08074195058987,0.000234012586242939,-0.00014718299671802,-0.0260197469176738,0.119258049410131,0
90,734.94,734.940000000009,200,-524.413684210535,32.6912823015357,-16.0413923006593,14.8112033002703,10.5263157894737,0.679397565830541,0.62107588227257,0.445430254257495,293.15,1,0,1,0,1,1,-2.67356538344322,4.08641028769197,0.000233687982952596,-0.000146978836395773,-0.0255269128402518,0.113589712308035,0
120,734.94,734.94,200,-524.413684210526,32.7364855633447,-16.0192419921128,14.8121745099485,10.5263157894737,0.687450203370841,0.628081676932632,0.441023936336679,293.15,1,0,1,0,1,1,-2.66987366535213,4.09206069541809,0.000233365301427889,-0.000146775884774433,-0.0250476168227145,0.10793930458191,0
150,734.94,734.94,200,-524.413684210526,32.7815659454611,-15.9972127348339,14.8139225748177,10.5263157894737,0.695491744818555,0.635077817992143,0.43662369008013,293.15,1,0,1,0,1,1,-2.66620212247231,4.09769574318264,0.000233044383355257,-0.000146574042282158,-0.0245817315074872,0.102304256817364,0
180,734.94,734.94,200,-524.413684210526,32.8265439830224,-15.9752937891284,14.8164570302865,10.5263157894737,0.70352224827971,0.642064356003348,0.432229483692846,293.15,1,0,1,0,1,1,-2.66254896485473,4.1033179978778,0.000232725072280858,-0.000146373210516783,-0.0241291323431477,0.0966820021222006,0
210,734.94,734.94,200,-524.413684210526,32.8714402029961,-15.953474535099,14.819790122129,10.5263157894737,0.711541766495801,0.649041336851347,0.427841288315241,293.15,1,0,1,0,1,1,-2.65891242251649,4.10893002537451,0.000232407213496029,-0.000146173292173776,-0.0236896974267531,0.0910699746254888,0
240,734.94,734.94,200,-524.413684210526,32.9162751372191,-15.9317444645358,14.8239369575329,10.5263157894737,0.719550346901939,0.656008801804687,0.423459077991323,293.15,1,0,1,0,1,1,-2.65529074408929,4.11453439215238,0.000232090653919145,-0.000145974190971941,-0.0232633073502363,0.0854656078476177,0
270,734.94,734.94,200,-524.413684210526,32.9610693366192,-15.9100931724904,14.8289156765264,10.5263157894737,0.727548031680854,0.662966787562343,0.419082829639152,293.15,1,0,1,0,1,1,-2.65168219541506,4.1201336670774,0.000231775241972876,-0.000145775811576209,-0.0228498450506123,0.0798663329226024,0
300,734.94,734.940000000451,200,-524.413684210977,33.0058433867923,-15.8885103484684,14.8347476461878,10.5263157894737,0.735534857812572,0.669915326296938,0.414712523023647,293.15,1,0,1,0,1,1,-2.64808505807807,4.12573042334903,0.000231460827455883,-0.000145578059516948,-0.0224491956637566,0.0742695766509653,0
330,734.94,734.940000000427,200,-524.413684210953,33.050617925128,-15.8669857670724,14.8414576802573,10.5263157894737,0.743510857119544,0.676854445694004,0.410348140731901,293.15,1,0,1,0,1,1,-2.6444976278454,4.13132724064099,0.000231147261406499,-0.000145380841104219,-0.0220612463813838,0.0686727593590053,0
360,734.94,734.940000000364,200,-524.413684210891,33.0954136597299,-15.8455092781931,14.8490742877608,10.5263157894737,0.751476056306943,0.683784168987041,0.405989668151127,293.15,1,0,1,0,1,1,-2.64091821303219,4.13692670746624,0.000230834395959845,-0.000145184063337914,-0.0216858863112345,0.0630732925337583,0
390,734.94,734.940000000273,200,-524.4136842108,33.1402513903796,-15.824070796368,14.8576299539183,10.5263157894737,0.759430476997852,0.690704514988131,0.401637093449403,293.15,1,0,1,0,1,1,-2.637345132728,4.14253142379745,0.0002305220841928,-0.000144987633810247,-0.0213230063398192,0.0574685762025515,0
420,734.94,734.940000000169,200,-524.413684210695,33.1851520318698,-15.8026602893688,14.8671614581306,10.5263157894737,0.767374135762908,0.69761549811373,0.397290407559452,293.15,1,0,1,0,1,1,-2.6337767148948,4.14814400398372,0.000230210179957752,-0.000144791460601188,-0.0209724989977022,0.0518559960162754,0
450,734.94,734.940000000071,200,-524.413684210598,33.2301366400694,-15.7812677657862,14.8777102340909,10.5263157894737,0.77530704414397,0.704517128405254,0.39294960416569,293.15,1,0,1,0,1,1,-2.6302112942977,4.15376708000868,0.000229898537701732,-0.000144595452164713,-0.0206342583268986,0.0462329199913212,0
480,734.94,734.940000000008,200,-524.413684210535,33.2752264411486,-15.7598832614415,14.8893227781553,10.5263157894737,0.783229208671265,0.711409411544001,0.388614679694846,293.15,1,0,1,0,1,1,-2.62664721024026,4.15940330514357,0.000229587012268461,-0.000144399517204295,-0.0203081797500612,0.0405966948564256,0
510,734.94,734.94,200,-524.413684210526,33.3204428644706,-15.7384968244136,14.9020511131913,10.5263157894737,0.791140630873368,0.71829234885983,0.384285633310502,293.15,1,0,1,0,1,1,-2.62308280406894,4.16505535805882,0.000229275458680223,-0.000144203564535717,-0.0199941599410824,0.0349446419411787,0
540,734.94,734.94,200,-524.413684210526,33.3658075797488,-15.7170984984286,14.9159533164585,10.5263157894737,0.799041307279266,0.725165937332961,0.379962466911958,293.15,1,0,1,0,1,1,-2.61951641640476,4.1707259474686,0.000228963731895896,-0.000144007502934882,-0.0196920966966905,0.0292740525314024,0
570,734.94,734.94,200,-524.413684210526,33.4113425391798,-15.6956783043235,14.9310941217092,10.5263157894737,0.806931229411595,0.732030169588088,0.375645185137937,293.15,1,0,1,0,1,1,-2.61594638405392,4.17641781739747,0.000228651686540914,-0.00014381124096797,-0.0194018888085797,0.0235821826025253,0
600,734.94,734.940000000245,200,-524.413684210771,33.4570700254,-15.674226219231,14.9475456076591,10.5263157894737,0.814810383770026,0.738885033879922,0.371333795375678,293.15,1,0,1,0,1,1,-2.61237103653849,4.182133753175,0.00022833917660403,-0.000143614686800721,-0.0191234359355335,0.0178662468249966,0
630,734.94,734.940000000236,200,-524.413684210762,33.5030127062784,-15.6527321530248,14.9653879873285,10.5263157894737,0.822678751803509,0.745730514069053,0.367028307776118,293.15,1,0,1,0,1,1,-2.6087886921708,4.1878765882848,0.000228026055094187,-0.000143417747982619,-0.0188566384748777,0.012123411715196,0
660,734.94,734.94000000031,200,-524.413684210836,33.5491936977764,-15.6311859216334,14.9847105160199,10.5263157894737,0.83053630986994,0.752566589586847,0.362728735275965,293.15,1,0,1,0,1,1,-2.60519765360557,4.19364921222205,0.000227712173651748,-0.000143220331202376,-0.0186013974326732,0.00635078777794718,0
690,734.94,734.94,200,-524.413684210526,33.5956366363407,-15.6095772164432,15.005612538857,10.5263157894737,0.838383029181449,0.759393235387861,0.358435093627637,293.15,1,0,1,0,1,1,-2.60159620274053,4.19945457954258,0.000227397382102766,-0.000143022342007588,-0.018357614291596,0.000545420457415347,0
720,734.94,716.549687486434,200,-506.023371696961,33.5999999999988,-15.0602193957434,14.0211613184308,10.5263157894737,0.846098029602453,0.766105285754134,0.354213527160248,293.15,1,0,1,0,1,2,-2.51003656595723,4.19999999999985,0.000219394440797399,-0.000137988865378003,-0.0175189790060997,1.48325796089921e-13,0
750,734.94,697.037465576319,200,-486.511149786845,33.5999999999989,-14.4794985055614,13.007780440051,10.5263157894737,0.853516500350162,0.772559355304641,0.350154218587486,293.15,1,0,1,0,1,2,-2.41324975092689,4.19999999999986,0.00021093460820048,-0.000132668025446536,-0.0166729568214633,1.4299672557172e-13,0
780,734.94,678.306903704607,200,-467.780587915133,33.5999999999989,-13.9220413069985,12.0674898193085,10.5263157894737,0.860649139038419,0.778764750963424,0.34625131428843,293.15,1,0,1,0,1,2,-2.32034021783308,4.19999999999986,0.000202813676683257,-0.000127560338479623,-0.0158796794600623,1.36779476633819e-13,0
810,734.94,660.324320696002,200,-449.798004906528,33.5999999999989,-13.3868453841233,11.1949340558562,10.5263157894737,0.867507377724137,0.78473141862,0.342498558762693,293.15,1,0,1,0,1,2,-2.23114089735388,4.19999999999987,0.000195017043239162,-0.000122656619867572,-0.0151348234060423,1.31450406115619e-13,0
840,734.94,643.057881391843,200,-432.531565602369,33.599999999999,-12.8729632619757,10.38517449353,10.5263157894737,0.874102158930321,0.790468878269379,0.338889964377656,293.15,1,0,1,0,1,2,-2.14549387699594,4.19999999999987,0.000187530905231357,-0.000117948188395901,-0.0144344993276145,1.25233157177718e-13,0
870,734.94,626.477432863334,200,-415.951117073861,33.5999999999991,-12.3794975319605,9.63365153087192,10.5263157894737,0.880443961992248,0.795986246933256,0.335419796952112,293.15,1,0,1,0,1,2,-2.06324958866008,4.19999999999988,0.000180342189380381,-0.000113426821581884,-0.0137752029290292,1.18127729820117e-13,0
900,734.94,610.554361758815,200,-400.028045969341,33.5999999999991,-11.9055966062307,8.9361512712469,10.5263157894737,0.886542827117034,0.801292259591819,0.332082562591134,293.15,1,0,1,0,1,2,-1.98426610103845,4.19999999999989,0.000173438489914805,-0.0001090847167742,-0.01315377180715,1.11022302462516e-13,0
930,734.94,595.26146974388,200,-384.735153954406,33.5999999999992,-11.4504510105481,8.28877588598973,10.5263157894737,0.892408377449199,0.806395288380803,0.328872995612027,293.15,1,0,1,0,1,2,-1.90840850175801,4.19999999999989,0.000166808014566324,-0.000104914457186362,-0.0125673475252316,1.05693231944315e-13,0
960,734.94,580.572864433673,200,-370.0465486442,33.5999999999992,-11.0132901382205,7.68791716662258,10.5263157894737,0.898049839392803,0.811303360271738,0.325786047424268,293.15,1,0,1,0,1,2,-1.83554835637008,4.1999999999999,0.000160439537281729,-0.000100908982154757,-0.0120133422289333,9.68114477473137e-14,0
990,734.94,566.463863592944,200,-355.937547803471,33.5999999999993,-10.5933793989131,7.13023282711516,10.5263157894737,0.903476061404694,0.816024173422084,0.322816876246046,293.15,1,0,1,0,1,2,-1.76556323315218,4.19999999999991,0.00015432235668732,-9.70615610147007e-05,-0.0114894092242806,9.14823772291129e-14,0
1020,734.94,552.910910702122,200,-342.384594912648,33.5999999999993,-10.1900177057338,6.61262518757786,10.5263157894737,0.908695531442652,0.820565112355107,0.319960837556819,293.15,1,0,1,0,1,2,-1.69833628428896,4.19999999999992,0.000148446259481248,-9.33657700759253e-05,-0.0109934170173488,8.43769498715119e-14,0
1050,734.94,539.891500263212,200,-329.365184473739,33.5999999999994,-9.80253525219478,6.13222192917422,10.5263157894737,0.913716393225872,0.824933262106509,0.31721347519975,293.15,1,0,1,0,1,2,-1.6337558753658,4.19999999999992,0.000142801488048701,-8.9815472254046e-05,-0.0105234263833381,7.72715225139109e-14,0
1080,734.94,527.384111455922,200,-316.857795666449,33.5999999999994,-9.4302915376921,5.6863586585573,10.5263157894737,0.91854646144275,0.829135421455193,0.314570513060167,293.15,1,0,1,0,1,2,-1.57171525628202,4.19999999999992,0.000137378711697465,-8.64047989790713e-05,-0.0100776700905207,7.54951656745106e-14,0
1110,734.94,515.368148956714,200,-304.84183316724,33.5999999999994,-9.07267360616802,5.27256306044963,10.5263157894737,0.923193236021706,0.833178115338885,0.312027847256723,293.15,1,0,1,0,1,2,-1.51211226769467,4.19999999999993,0.000132169000999092,-8.31281340571921e-05,-0.00965453495390448,7.01660951563099e-14,0
1140,734.94,503.823889906728,200,-293.297574117254,33.5999999999995,-8.72909446777555,4.88854045052756,10.5263157894737,0.927663915564343,0.837067606540979,0.309581538790911,293.15,1,0,1,0,1,2,-1.45484907796259,4.19999999999994,0.000127163804796002,-7.99800992093247e-05,-0.0092525459357367,5.77315972805081e-14,0
1170,734.94,492.732436163021,200,-282.206120373548,33.5999999999995,-8.39899167778428,4.53216056871028,10.5263157894737,0.93196541002624,0.840809906722829,0.30722780660827,293.15,1,0,1,0,1,2,-1.39983194629738,4.19999999999994,0.000122354929499254,-7.69555410503723e-05,-0.00887035204630476,6.03961325396085e-14,0
1200,734.94,482.075671095215,200,-271.549355305741,33.5999999999995,-8.08182605076623,4.20144547626506,10.5263157894737,0.9361043527187,0.844410786865269,0.304963021031154,293.15,1,0,1,0,1,2,-1.34697100846104,4.19999999999994,0.000117734520357044,-7.4049519307987e-05,-0.00850671382980781,6.48370246381091e-14,0
1230,734.94,471.836220297299,200,-261.309904507826,33.5999999999995,-7.77708049130445,3.89455843954566,10.5263157894737,0.940087111694576,0.847875787174281,0.302783697528529,293.15,1,0,1,0,1,2,-1.29618008188408,4.19999999999994,0.000113295044420691,-7.12572961089677e-05,-0.00816049224707066,6.48370246381091e-14,0
1260,734.94,461.997415678875,200,-251.471099889401,33.5999999999995,-7.48425892527991,3.60979369948574,10.5263157894737,0.943919800572594,0.851210226498157,0.30068649079302,293.15,1,0,1,0,1,2,-1.24737648754665,4.19999999999993,0.000109029274975823,-6.85743261872044e-05,-0.00783063879032518,6.75015598972095e-14,0
1290,734.94,452.543262478994,200,-242.016946689521,33.5999999999995,-7.20288531814061,3.34556703955569,10.5263157894737,0.94760828884719,0.854419211297055,0.298668189099478,293.15,1,0,1,0,1,2,-1.20048088635677,4.19999999999993,0.000104930277240708,-6.59962478885945e-05,-0.0075161866855744,6.57252030578093e-14,0
1320,734.94,443.458408814038,200,-232.932093024564,33.5999999999995,-6.93250276858834,3.10040707631906,10.5263157894737,0.951158211724576,0.857507644200381,0.296725708922783,293.15,1,0,1,0,1,2,-1.15541712809806,4.19999999999993,0.000100991395163256,-6.35188748669721e-05,-0.0072162430557248,6.66133814775094e-14,0
1350,734.94,434.728117429528,200,-224.201801640054,33.5999999999995,-6.67267266785887,2.8729472063387,10.5263157894737,0.954574979520384,0.860480232182734,0.29485608979556,293.15,1,0,1,0,1,2,-1.11211211130981,4.19999999999993,9.7206239173564e-05,-6.11381883810338e-05,-0.00692998193307119,6.75015598972095e-14,0
1380,734.94,426.338239375166,200,-215.811923585692,33.5999999999995,-6.42297391624093,2.66191815127077,10.5263157894737,0.957863786649681,0.863341494385222,0.293056489388934,293.15,1,0,1,0,1,2,-1.07049565270682,4.19999999999993,9.35686747703184e-05,-5.88503301157153e-05,-0.00665663802314098,6.66133814775094e-14,0
1410,734.94,418.275189365069,200,-207.748873575596,33.5999999999995,-6.18300218974996,2.46614104984147,10.5263157894737,0.961029620236284,0.866095769605567,0.291324178801607,293.15,1,0,1,0,1,2,-1.03050036495833,4.19999999999994,9.00728118378333e-05,-5.66515954631079e-05,-0.00639550113365494,6.3948846218409e-14,0
1440,734.94,410.525922621138,200,-199.999606831664,33.5999999999995,-5.95236925094248,2.28452105120559,10.5263157894737,0.964077268365013,0.868747223477561,0.289656538044308,293.15,1,0,1,0,1,2,-0.992061541823747,4.19999999999994,8.67129946061249e-05,-5.45384272078146e-05,-0.00614591119263239,6.3948846218409e-14,0
1470,734.94,403.077913028342,200,-192.551597238868,33.5999999999995,-5.73070229877593,2.11604136913667,10.5263157894737,0.967011327997743,0.871299855358036,0.288051051708217,293.15,1,0,1,0,1,2,-0.955117049795988,4.19999999999994,8.34837921797917e-05,-5.25074095700564e-05,-0.00590725378867978,6.30606677987089e-14,0
1500,734.94,395.919132456716,200,-185.392816667242,33.5999999999995,-5.51764335319182,1.95975776072551,10.5263157894737,0.969836212571753,0.873757504937425,0.286505304807229,293.15,1,0,1,0,1,2,-0.91960722553197,4.19999999999994,8.0379989572738e-05,-5.05552625669327e-05,-0.00567895617439895,6.03961325396085e-14,0
1530,734.94,389.038031127181,200,-178.511715337707,33.5999999999995,-5.31284867076518,1.81479339690228,10.5263157894737,0.972556159296876,0.876123858588282,0.285016978785029,293.15,1,0,1,0,1,2,-0.885474778460863,4.19999999999994,7.73965791954647e-05,-4.86788366583242e-05,-0.00546048368079645,5.95079541199084e-14,0
1560,734.94,382.423518917056,200,-171.897203127582,33.5999999999995,-5.11598818832097,1.68033409523394,10.5263157894737,0.975175236166242,0.87840245546463,0.283583847678888,293.15,1,0,1,0,1,2,-0.852664698053495,4.19999999999994,7.45287527497783e-05,-4.6875107649043e-05,-0.00525133649667444,5.77315972805081e-14,0
1590,734.94,376.064947516976,200,-165.538631727503,33.5999999999996,-4.92674499189002,1.55562388817097,10.5263157894737,0.977697348694001,0.880596693363781,0.282203774432853,293.15,1,0,1,0,1,2,-0.821124165315003,4.19999999999995,7.17718934926405e-05,-4.5141171823155e-05,-0.00505104677234902,5.50670620214078e-14,0
1620,734.94,369.95209336434,200,-159.425777574866,33.5999999999996,-4.74481480877585,1.43996090229412,10.5263157894737,0.980126246392172,0.88270983436119,0.280874707353686,293.15,1,0,1,0,1,2,-0.790802468129308,4.19999999999994,6.9121568836694e-05,-4.34742412900558e-05,-0.00485917601176593,5.59552404411079e-14,0
1650,734.94,364.075141289911,200,-153.548825500438,33.5999999999996,-4.56990552084641,1.33269352620223,10.5263157894737,0.982465528997738,0.884745010228032,0.279594676703458,293.15,1,0,1,0,1,2,-0.761650920141068,4.19999999999995,6.65735232599878e-05,-4.18716395250192e-05,-0.00467531272125127,5.15143483426073e-14,0
1680,734.94,358.424668823335,200,-147.898353033861,33.5999999999996,-4.40173669743639,1.23321684651668,10.5263157894737,0.984718652460236,0.886705227640406,0.278361791423209,293.15,1,0,1,0,1,2,-0.733622782906064,4.19999999999995,6.41236715013854e-05,-4.03307970894261e-05,-0.00449907028679119,4.9737991503207e-14,0
1710,734.94,352.991631111752,200,-142.465315322279,33.5999999999996,-4.24003914649644,1.14096933312297,10.5263157894737,0.986888934699352,0.888593373188436,0.27717423598245,293.15,1,0,1,0,1,2,-0.70667319108274,4.19999999999995,6.17680920217926e-05,-3.8849247518182e-05,-0.00433008505498261,4.88498130835069e-14,0
1740,734.94,347.767346411944,200,-137.24103062247,33.5999999999996,-4.08455448281166,1.05542975622309,10.5263157894737,0.988979561141358,0.890412218192981,0.276030267349683,293.15,1,0,1,0,1,2,-0.68075908046861,4.19999999999995,5.95030207140443e-05,-3.74246233635295e-05,-0.00416801459563656,4.79616346638068e-14,0
1770,734.94,342.743482122271,200,-132.217166332798,33.5999999999996,-3.93503471228569,0.976114319090382,10.5263157894737,0.990993590042734,0.892164423337179,0.274928212079374,293.15,1,0,1,0,1,2,-0.655839118714281,4.19999999999995,5.7324844846834e-05,-3.60546523860622e-05,-0.00401253612654233,4.61852778244065e-14,0
1800,734.94,337.912041325193,200,-127.385725535719,33.5999999999996,-3.79124183142026,0.902573991601582,10.5263157894737,0.992933957608809,0.893852543119664,0.273866463511084,293.15,1,0,1,0,1,2,-0.631873638570044,4.19999999999995,5.52300972300075e-05,-3.47371538849671e-05,-0.00386334508311851,4.52970994047064e-14,0
1800,0,0,200,210.526315789474,32.6615023273608,6.44570215048296,3.35948195714956,10.5263157894737,0.992933957608809,0.893852543119664,0.273866463511084,293.15,1,0,1,0,1,1,1.07428369174716,4.0826877909201,-9.38997754077534e-05,5.90585769660891e-05,0.00647057011269973,0.0435293963907444,0
1830,0,0,200.000000000086,210.526315789564,32.6425353457308,6.44944743292121,3.3516919004837,10.5263157894782,0.989695093779597,0.891034731588249,0.275638735473198,293.15,1,0,1,0,1,1,1.07490790548687,4.08031691821635,-9.39543359771965e-05,5.90928930182391e-05,0.00648285123711138,0.0463398761840099,0
1860,0,0,199.999999999907,210.526315789375,32.6235721733804,6.45319631677725,3.34432091628456,10.5263157894688,0.986454347628322,0.88821528243664,0.277412037421997,293.15,1,0,1,0,1,1,1.07553271946287,4.07794652167255,-9.40089490114158e-05,5.91272420682851e-05,0.00649590512438277,0.0491519865473597,0
1890,0,0,200,210.526315789474,32.6046149456583,6.45694838415836,3.33734859639414,10.5263157894737,0.983211717452901,0.885394194184024,0.279186370288841,293.15,1,0,1,0,1,1,1.07615806402639,4.07557686820728,-9.4063608422629e-05,5.91616202872962e-05,0.00650973401765625,0.0519657297796712,0
1920,0,0,200.000000000032,210.526315789507,32.5856655483738,6.46070326466029,3.33075610004495,10.5263157894754,0.979967201749059,0.882571465521681,0.280961734896854,293.15,1,0,1,0,1,1,1.07678387744338,4.07320819354673,-9.41183088148567e-05,5.9196024281453e-05,0.00652434021159264,0.0547811079147633,0
1950,0,0,200.000000000177,210.52631578966,32.5667256410136,6.46446063108443,3.32452600495289,10.526315789483,0.976720799187561,0.879747095293179,0.28273813197338,293.15,1,0,1,0,1,1,1.07741010518074,4.0708407051267,-9.41730454215311e-05,5.92304510528069e-05,0.00653972604794765,0.0575981227495919,0
1980,0,0,200,210.526315789474,32.5477966773186,6.468220195568,3.31864217531813,10.5263157894737,0.973472508593512,0.876921082476355,0.284515562161309,293.15,1,0,1,0,1,1,1.07803669926133,4.06847458466483,-9.42278140491215e-05,5.92648979638227e-05,0.00655589391161197,0.0604167758698357,0
2010,0,0,200,210.526315789474,32.5288799235593,6.4719817062314,3.31308964465454,10.5263157894737,0.970222328927443,0.874093426166875,0.286294026029427,293.15,1,0,1,0,1,1,1.07866361770523,4.06610999044491,-9.42826110282932e-05,5.92993627066601e-05,0.00657284622721484,0.0632370686729089,0
2040,0,0,200.000000000007,210.526315789481,32.5099764748186,6.47574494409585,3.30785451135491,10.5263157894741,0.966970259268033,0.871264125563189,0.288073524081871,293.15,1,0,1,0,1,1,1.07929082401598,4.06374705935232,-9.43374331690046e-05,5.93338432749319e-05,0.00659058545603866,0.0660590023890315,0
2070,0,0,199.999999999964,210.526315789436,32.4910872695235,6.47950972040596,3.30292384553883,10.5263157894718,0.963716298796267,0.868433179952752,0.289854056766798,293.15,1,0,1,0,1,1,1.07991828673433,4.06138590869044,-9.43922777215027e-05,5.93683379391716e-05,0.0066091140933765,0.0688825781002549,0
2100,0,0,200,210.526315789474,32.4722131024495,6.48327587421483,3.29828560569056,10.5263157894737,0.960460446780864,0.865600588699351,0.291635624484356,293.15,1,0,1,0,1,1,1.08054597903581,4.05902663780619,-9.44471423411435e-05,5.94028452247078e-05,0.00662843466618648,0.0717077967578599,0
2130,0,0,200,210.526315789474,32.453354636384,6.48704327020324,3.29392856389502,10.5263157894737,0.957202702564873,0.86276635123144,0.293418227594023,293.15,1,0,1,0,1,1,1.08117387836721,4.056669329548,-9.45020250566219e-05,5.94373638916813e-05,0.00664854973101116,0.0745346591982945,0
2160,0,0,199.999999999934,210.526315789404,32.4345124126057,6.49081179674472,3.28984223867995,10.5263157894702,0.953943065553291,0.859930467031363,0.295201866421377,293.15,1,0,1,0,1,1,1.08180196612412,4.05431405157571,-9.45569242417847e-05,5.94718929173178e-05,0.00666946187217233,0.077363166157731,0
2190,0,0,200.000000000058,210.526315789535,32.4156868603224,6.4945813641612,3.28601683454382,10.5263157894768,0.950681535201607,0.857092935625398,0.29698654126437,293.15,1,0,1,0,1,1,1.0824302273602,4.0519608575403,-9.46118385902185e-05,5.95064314799441e-05,0.00669117370018275,0.0793177652323078,0
2220,0,0,200,210.526315789474,32.3968783051886,6.49835190311395,3.28244318736553,10.5263157894737,0.947418111005185,0.854253756574511,0.298772252399132,293.15,1,0,1,0,1,1,1.08305865051899,4.04960978814858,-9.46667670918097e-05,5.9540978944246e-05,0.00671368785031736,0.0810932184605875,0
2250,0,0,200,210.526315789474,32.3780869770001,6.50212336321853,3.27911271512705,10.5263157894737,0.944152792489406,0.851412929465784,0.300559000085371,293.15,1,0,1,0,1,1,1.08368722720309,4.04726087212501,-9.47217090125673e-05,5.95755348485774e-05,0.00673700698143302,0.0828697057343126,0
2280,0,0,200,210.526315789474,32.359313016667,6.50589571172417,3.27601737322834,10.5263157894737,0.940885579200479,0.848570453904417,0.302346784571396,293.15,1,0,1,0,1,1,1.08431595195403,4.04491412708337,-9.47766638753844e-05,5.96100988928602e-05,0.00676113377487262,0.0846472273908919,0
2310,0,0,200,210.526315789474,32.3405564825372,6.50966893235589,3.27314961399091,10.5263157894737,0.93761647069688,0.845726329506285,0.304135606098804,293.15,1,0,1,0,1,1,1.08494482205932,4.04256956031715,-9.483163144317e-05,5.96446709279754e-05,0.0067860709335532,0.0864257837161993,0
2340,0,0,200,210.526315789474,32.3218173561431,6.51344302425064,3.27050234984984,10.5263157894737,0.934345466541348,0.842880555890973,0.30592546490686,293.15,1,0,1,0,1,1,1.08557383737511,4.04022716951789,-9.48866117033513e-05,5.96792509460152e-05,0.00681182118116681,0.0882053749518475,0
2370,0,0,200,210.526315789474,32.3030955474317,6.51721800099161,3.2680689198563,10.5263157894737,0.931072566293388,0.840033132675247,0.307716361236597,293.15,1,0,1,0,1,1,1.08620300016527,4.03788694342896,-9.49416048538058e-05,5.97138390714353e-05,0.00683838726149771,0.089986001301917,0
2400,0,0,200,210.526315789474,32.2843908995326,6.52099388972896,3.26584305914353,10.5263157894737,0.927797769502239,0.837184059466948,0.309508295334668,293.15,1,0,1,0,1,1,1.08683231495483,4.03554886244158,-9.4996611290052e-05,5.97484355529985e-05,0.00686577193784299,0.0917676629391962,0
2430,0,0,200,210.526315789474,32.2657031931115,6.52477073037786,3.26381887105186,10.5263157894737,0.924521075700264,0.83433333585923,0.311301267456959,293.15,1,0,1,0,1,1,1.08746178839631,4.03321289913894,-9.50516315935664e-05,5.97830407564262e-05,0.00689397799252701,0.0935503600109807,0
2460,0,0,200,210.526315789474,32.2470321503495,6.5285485748862,3.261990801644,10.5263157894737,0.921242484396723,0.831480961425149,0.313095277871997,293.15,1,0,1,0,1,1,1.0880914291477,4.03087901879369,-9.5106666521116e-05,5.98176551576896e-05,0.006923008226501,0.0953340926444719,0
2490,0,0,200,210.526315789474,32.2283774385872,6.53232748656498,3.2603536163725,10.5263157894737,0.917961995071899,0.828626935712552,0.314890326864167,293.15,1,0,1,0,1,1,1.08872124776083,4.0285471798234,-9.51617169950037e-05,5.98522793368743e-05,0.00695286545902044,0.0971188609518127,0
2520,0,0,200,210.526315789474,32.2097386736655,6.53610753947528,3.25890237868866,10.5263157894737,0.914679607171547,0.825771258239246,0.316686414736744,293.15,1,0,1,0,1,1,1.08935125657921,4.02621733420819,-9.52167840941374e-05,5.98869139725629e-05,0.00698355252739336,0.0989046650347941,0
2550,0,0,200,210.526315789474,32.1911154229922,6.53988881786641,3.25763243040514,10.5263157894737,0.911395320101638,0.822913928488425,0.318483541814775,293.15,1,0,1,0,1,1,1.0899814696444,4.02388942787403,-9.52718690458449e-05,5.99215598366873e-05,0.00701507228679374,0.100691504989259,0
2580,0,0,200,210.526315789474,32.1725072083609,6.54367141566022,3.25653937364565,10.5263157894737,0.90810913322337,0.820054945904332,0.320281708447807,293.15,1,0,1,0,1,1,1.09061190261004,4.02156340104512,-9.53269732183624e-05,5.99562177898043e-05,0.00704742761013464,0.102479380909234,0
2610,0,0,200,210.526315789474,32.1539135085449,6.54745543597753,3.25561905423272,10.5263157894737,0.904821045848431,0.817194309888135,0.322080915012475,293.15,1,0,1,0,1,1,1.09124257266292,4.01923918856811,-9.53820981139345e-05,5.99908887767555e-05,0.00708062138799649,0.104268292890813,0
2640,0,0,200,210.526315789474,32.1353337616872,6.55124099070257,3.25486754638091,10.5263157894737,0.90153105723449,0.814332019794007,0.323881161914977,293.15,1,0,1,0,1,1,1.09187349845043,4.0169167202109,-9.54372453624695e-05,6.00255738226774e-05,0.0071146565286061,0.106058241035805,0
2670,0,0,200,210.526315789474,32.1167673675051,6.55502820008214,3.25428113857623,10.5263157894737,0.898239166580895,0.811468074925379,0.325682449593419,293.15,1,0,1,0,1,1,1.09250470001369,4.01459592093813,-9.54924167157001e-05,6.00602740293281e-05,0.00714953595786289,0.107849225455182,0
2700,0,0,200,210.526315789474,32.0982136893252,6.55881719235633,3.25385632053555,10.5263157894737,0.894945373024567,0.808602474531373,0.32748477852007,293.15,1,0,1,0,1,1,1.09313619872605,4.01227671116566,-9.55476140418039e-05,6.00949905717039e-05,0.00718526261940882,0.10964124627233,0
2730,0,0,200,210.526315789474,32.0796720559657,6.56260810341804,3.25358977115005,10.5263157894737,0.89164967563607,0.805735217803381,0.329288149203507,293.15,1,0,1,0,1,1,1.09376801723634,4.00995900699571,-9.5602839320443e-05,6.012972469492e-05,0.00722183947473907,0.111434303626123,0
2760,0,0,200,210.526315789474,32.0611417634763,6.56640107649887,3.25347834732691,10.5263157894737,0.88835207341585,0.80286630387179,0.331092562190676,293.15,1,0,1,0,1,1,1.09440017941648,4.00764272043454,-9.56580946381885e-05,6.01644777113323e-05,0.00725926950335083,0.11322839767384,0
2790,0,0,200,210.526315789474,32.0426220767512,6.57019626187904,3.25351907365174,10.5263157894737,0.885052565290619,0.799995731802839,0.332898018068868,293.15,1,0,1,0,1,1,1.09503271031317,4.0053277595939,-9.57133821842943e-05,6.01992509978794e-05,0.0072975557029276,0.115023528593929,0
2820,0,0,200,210.526315789474,32.0241122310232,6.57399381661944,3.25370913280198,10.5263157894737,0.881751150109885,0.7971235005956,0.334704517467621,293.15,1,0,1,0,1,1,1.09566563610324,4.0030140288779,-9.57687042467937e-05,6.02340459936273e-05,0.00733670108955713,0.116819696588637,0
2850,0,0,200,210.526315789474,32.0056114332509,6.57779390431381,3.25404585664827,10.5263157894737,0.878447826642604,0.794249609179066,0.336512061060547,293.15,1,0,1,0,1,1,1.0962989840523,4.00070142915636,-9.58240632088898e-05,6.02688641974996e-05,0.00737670869798071,0.118616901886513,0
2880,0,0,200,210.526315789474,31.9871188634056,6.58159669485968,3.25452671798669,10.5263157894737,0.875142593573965,0.79137405640935,0.3383206495671,293.15,1,0,1,0,1,1,1.09693278247661,3.9983898579257,-9.58794615456176e-05,6.03037071661779e-05,0.00741758158187232,0.120415144744796,0
2910,0,0,200,210.526315789474,31.9686336756689,6.5854023642463,3.25514932285051,10.5263157894737,0.871835449502268,0.788496841066973,0.340130283754273,293.15,1,0,1,0,1,1,1.09756706070772,3.99607920945861,-9.59349018207556e-05,6.03385765121592e-05,0.00745932281414594,0.122214425451694,0
2940,0,0,200,210.526315789474,31.9501549995451,6.58921109435841,3.25591140335442,10.5263157894737,0.868526392935921,0.785617961854251,0.34194096443825,293.15,1,0,1,0,1,1,1.09820184905974,3.99376937494314,-9.59903866839662e-05,6.03734739019575e-05,0.00750193548728963,0.124014744328567,0
2970,0,0,200,210.526315789474,31.9316819408977,6.59302307279449,3.25681081102903,10.5263157894737,0.86521542229052,0.782737417392753,0.343752692486,293.15,1,0,1,0,1,1,1.09883717879908,3.99146024261222,-9.60459188681488e-05,6.0408401054439e-05,0.00754542271372502,0.125816101732014,0
3000,0,0,200,210.526315789474,31.9132135829137,6.59683849269851,3.25784551060694,10.5263157894737,0.861902535886025,0.779855206220842,0.345565468816824,293.15,1,0,1,0,1,1,1.09947308211642,3.98915169786421,-9.61015011869885e-05,6.04433597392803e-05,0.00758978762619137,0.127618498055879,0
3030,0,0,200,210.526315789474,31.8947489870031,6.6006575526041,3.25901357422533,10.5263157894737,0.858587731944012,0.77697132679129,0.347379294403856,293.15,1,0,1,0,1,1,1.10010959210068,3.98684362337538,-9.61571365326857e-05,6.04783517755405e-05,0.0076350333781526,0.129421933733178,0
3060,0,0,200,210.526315789474,31.8762871936378,6.60448045629018,3.26031317601305,10.5263157894737,0.855271008585001,0.774085777468951,0.349194170275526,293.15,1,0,1,0,1,1,1.10074674271503,3.98453589920472,-9.62128278738536e-05,6.05133790303387e-05,0.00768116314422697,0.131226409237953,0
3090,0,0,200,210.526315789474,31.8578272231338,6.60830741264736,3.26174258703323,10.5263157894737,0.851952363825859,0.771198556528498,0.351010097516986,293.15,1,0,1,0,1,1,1.10138456877456,3.98222840289172,-9.62685782535709e-05,6.05484434176297e-05,0.00772818012063822,0.133031925087058,0
3120,0,0,200,210.526315789474,31.8393680763817,6.61213863555417,3.26330017055449,10.5263157894737,0.848631795577261,0.768309662152217,0.35282707727149,293.15,1,0,1,0,1,1,1.10202310592569,3.97992100954772,-9.632439078758e-05,6.05835468970696e-05,0.00777608752568745,0.134838481841885,0
3150,0,0,200,210.526315789474,31.8209087355296,6.61597434376255,3.26498437762685,10.5263157894737,0.845309301641213,0.765419092427856,0.35464511074176,293.15,1,0,1,0,1,1,1.10266239062709,3.9776135919412,-9.6380268662618e-05,6.06186914729678e-05,0.00782488860024516,0.136646080110028,0
3180,0,0,200,210.526315789474,31.8024481646201,6.61981476079198,3.26679374293962,10.5263157894737,0.841984879708633,0.762526845346511,0.356464199191299,293.15,1,0,1,0,1,1,1.103302460132,3.97530602057751,-9.64362151348744e-05,6.06538791933152e-05,0.00787458660826285,0.1384547205469,0
3210,0,0,200,210.526315789474,31.7839853101866,6.6236601148315,3.26872688094133,10.5263157894737,0.838658527356978,0.759632918800571,0.358284343945697,293.15,1,0,1,0,1,1,1.10394335247192,3.97299816377333,-9.64922335285645e-05,6.06891121488883e-05,0.0079251848373036,0.140264403857291,0
3240,0,0,200,210.526315789474,31.7655191018112,6.62751063864938,3.27078248220268,10.5263157894737,0.835330242047925,0.756737310581695,0.360105546393898,293.15,1,0,1,0,1,1,1.10458510644156,3.9706898877264,-9.65483272346123e-05,6.072439247242e-05,0.00797668659909109,0.142075130796891,0
3270,0,0,200,210.526315789474,31.7470484526454,6.63136656950959,3.27295931000561,10.5263157894737,0.832000021125089,0.753840018378828,0.361927807989447,293.15,1,0,1,0,1,1,1.10522776158493,3.96838105658067,-9.66044997094348e-05,6.07597223378352e-05,0.00802909523007681,0.143886902173757,0
3300,0,0,200,210.526315789474,31.7285722598985,6.63522814909502,3.27525619714262,10.5263157894737,0.828667861811787,0.750941039776254,0.363751130251718,293.15,1,0,1,0,1,1,1.1058713581825,3.96607153248731,-9.66607544738229e-05,6.07951039595473e-05,0.00808241409202496,0.145699718849755,0
3330,0,0,200,210.526315789474,31.710089405294,6.63909562343669,3.27767204291184,10.5263157894737,0.82533376120883,0.748040372251682,0.365575514767113,293.15,1,0,1,0,1,1,1.10651593723945,3.96376117566175,-9.67170951119101e-05,6.08305395918089e-05,0.00813664657261471,0.14751358174195,0
3360,0,0,200,210.526315789474,31.6915987554971,6.64296924284883,3.28020581029469,10.5263157894737,0.821997716292365,0.745138013174358,0.367400963190254,293.15,1,0,1,0,1,1,1.1071615404748,3.96144984443714,-9.6773525270227e-05,6.08660315281175e-05,0.00819179608605966,0.149328491823975,0
3390,0,0,200,210.526315789474,31.6730991625146,6.64684926186932,3.28285652330376,10.5263157894737,0.818659723911731,0.742233959803206,0.36922747724515,293.15,1,0,1,0,1,1,1.10780821031155,3.95913739531432,-9.68300486568335e-05,6.09015821006698e-05,0.00824786607374407,0.151144450127356,0
3420,0,0,200,210.526315789474,31.654589464069,6.65073593920532,3.28562326448954,10.5263157894737,0.815319780787353,0.739328209284997,0.371055058726348,293.15,1,0,1,0,1,1,1.10845598986755,3.95682368300862,-9.68866690405267e-05,6.09371936798634e-05,0.00830486000487585,0.152961457742818,0
3450,0,0,200,210.526315789474,31.6360684839496,6.65462953768364,3.28850517259572,10.5263157894737,0.811977883508661,0.736420758652535,0.372883709500077,293.15,1,0,1,0,1,1,1.10910492294727,3.9545085604937,-9.69433902501182e-05,6.09728686738421e-05,0.00836278137715597,0.154779515821557,0
3480,0,0,200,210.526315789474,31.61753503234,6.65853032420575,3.29150144035339,10.5263157894737,0.808634028532033,0.733511604822869,0.374713431505369,293.15,1,0,1,0,1,1,1.10975505403429,3.9521918790425,-9.70002161737785e-05,6.10086095280836e-05,0.00842163371746431,0.156598625576491,0
3510,0,0,200,210.526315789474,31.5989879061249,6.66243856970707,3.29461131240518,10.5263157894737,0.805288212178756,0.730600744595518,0.376544226755177,293.15,1,0,1,0,1,1,1.11040642828451,3.94987348826561,-9.70571507584435e-05,6.10444187250265e-05,0.00848142058256166,0.158418788283481,0
3540,0,0,200,210.526315789474,31.5804258891773,6.66635454912031,3.2978340833512,10.5263157894737,0.801940430633011,0.72768817465072,0.378376097337476,293.15,1,0,1,0,1,1,1.11105909152005,3.94755323614716,-9.71141980092814e-05,6.10802987837347e-05,0.0085421455598079,0.160240005282536,0
3570,0,0,200,210.526315789474,31.5618477526266,6.6702785413428,3.30116909590912,10.5263157894737,0.798590679939872,0.724773891547689,0.38020904541636,293.15,1,0,1,0,1,1,1.1117130902238,3.94523096907832,-9.71713619892158e-05,6.11162522595975e-05,0.00860381226789635,0.162062277978999,0
3600,0,0,200,210.526315789474,31.5432522551096,6.67421082920741,3.30461573918139,10.5263157894737,0.795238956003324,0.721857891722892,0.382043073233126,293.15,1,0,1,0,1,1,1.11236847153457,3.9429065318887,-9.72286468185028e-05,6.11522817440637e-05,0.00866642435760408,0.163885607844707,0
3630,0,0,200,210.526315789474,31.5246381430044,6.67815169945705,3.30817344702302,10.5263157894737,0.79188525458429,0.718940171488332,0.383878183107351,293.15,1,0,1,0,1,1,1.11302528324284,3.94057976787555,-9.72860566743592e-05,6.11883898644078e-05,0.00872998551255837,0.165709996419142,0
3660,0,0,200,210.526315789474,31.506004150649,6.68210144272253,3.31184169650398,10.5263157894737,0.788529571298673,0.716020727029845,0.385714377437966,293.15,1,0,1,0,1,1,1.11368357378709,3.93825051883112,-9.73435957906398e-05,6.12245792835269e-05,0.00879449945001915,0.167535445310563,0
3690,0,0,200,210.526315789474,31.4873490005448,6.68606035350359,3.3156200064604,10.5263157894737,0.785171901615409,0.713099554405406,0.387551658704322,293.15,1,0,1,0,1,1,1.1143433922506,3.93591862506811,-9.74012684575614e-05,6.12608526997671e-05,0.00885996992167762,0.169361956197121,0
3720,0,0,200.000000000001,210.526315789475,31.4686714035468,6.69002873015308,3.31950793612966,10.5263157894737,0.781812240854529,0.71017664954344,0.389390029467248,293.15,1,0,1,0,1,1,1.11500478835885,3.93358392544335,-9.74590790214722e-05,6.12972128467787e-05,0.008926400714471,0.171189530827964,0
3750,0,0,200.000000000042,210.526315789518,31.4499700590392,6.69400687486536,3.32350508386541,10.5263157894759,0.778450584185222,0.707252008241143,0.391229492370113,293.15,1,0,1,0,1,1,1.11566781247756,3.9312462573799,-9.75170318846827e-05,6.13336624934095e-05,0.00899379565141529,0.173018171024329,0
3780,0,0,200.000000000083,210.526315789561,31.4312436551004,6.69799509366212,3.32761108592208,10.526315789478,0.775086926623913,0.704325626162804,0.393070050139877,293.15,1,0,1,0,1,1,1.11633251561035,3.92890545688755,-9.75751315052593e-05,6.13702044435752e-05,0.00906215859244698,0.174847878680631,0
3800,0,0,200.000000000109,210.526315789588,31.4187448109852,6.70065965576002,3.33040873229647,10.5263157894794,0.772843374112049,0.702373735477482,0.394297698297371,293.15,1,0,1,0,1,1,1.11677660929334,3.92734310137316,-9.76139483442494e-05,6.13946184239401e-05,0.00910827358973825,0.176068277787218,0
3800,734.94,734.940000000099,200,-524.413684210626,33.2161492797209,-15.7879132765937,14.8743210086713,10.5263157894737,0.772843374112049,0.702373735477482,0.394297698297371,293.15,1,0,1,0,1,1,-2.63131887943229,4.15201865996511,0.000229995348252038,-0.000144656341483261,-0.0207380452852827,0.0479813400348865,0
3830,734.94,734.940000000022,200,-524.413684210549,33.2612041119458,-15.7665273465612,14.8855977286551,10.5263157894737,0.780768876446661,0.709268922508595,0.389960947413738,293.15,1,0,1,0,1,1,-2.62775455776021,4.15765051399323,0.000229683802049614,-0.000144460393460015,-0.020408198965109,0.0423494860067724,0
3860,734.94,734.94000000006,200,-524.413684210586,33.3063788842239,-15.7451425756458,14.8979734534081,10.5263157894737,0.788683636516447,0.716154763769309,0.385630074583571,293.15,1,0,1,0,1,1,-2.62419042927431,4.16329736052799,0.00022937227273299,-0.00014426445605715,-0.0200904433908482,0.0367026394720069,0
3890,734.94,734.94,200,-524.413684210526,33.3516951873259,-15.7237490108092,14.9115043182472,10.5263157894737,0.796587652404104,0.72303125759157,0.381305080856001,293.15,1,0,1,0,1,1,-2.62062483513487,4.16896189841574,0.000229060615308178,-0.000144068438080212,-0.0197846760240552,0.0310381015842625,0
3920,734.94,734.94,200,-524.413684210526,33.3971748808343,-15.7023366821208,14.9262529192878,10.5263157894737,0.804480917189075,0.729898397954495,0.37698597001788,293.15,1,0,1,0,1,1,-2.61705611368679,4.17464686010428,0.000228748684535104,-0.000143872248179974,-0.0194907953609693,0.0253531398957163,0
3950,734.94,734.94,200,-524.413684210526,33.4428401391889,-15.6808955826694,14.9422889735994,10.5263157894737,0.812363418934131,0.736756174472694,0.372672748601134,293.15,1,0,1,0,1,1,-2.61348259711157,4.18035501739861,0.000228436334634973,-0.000143675794668374,-0.0192087008046729,0.01964498260139,0
3980,734.94,734.94,200,-524.413684210526,33.4887135042372,-15.6594156459362,14.9596900755265,10.5263157894737,0.820235140661225,0.743604572375266,0.368365425895972,293.15,1,0,1,0,1,1,-2.60990260765603,4.18608918802965,0.000228123418960631,-0.000143478985311198,-0.0189382925368576,0.013910811970347,0
4010,734.94,734.94,200,-524.413684210526,33.5348179454406,-15.6378867201164,14.9785425656725,10.5263157894737,0.828096060315231,0.750443572474251,0.364064013970724,293.15,1,0,1,0,1,1,-2.60631445335273,4.19185224318008,0.0002278097896225,-0.0001432817270928,-0.0186794713884631,0.0081477568199233,0
4040,734.94,734.940000000004,200,-524.413684210531,33.5811769291303,-15.6162985388288,14.998942532579,10.5263157894737,0.835946150713919,0.75727315112111,0.359768527699219,293.15,1,0,1,0,1,1,-2.60271642313814,4.19764711614129,0.00022749529706187,-0.000143083925947733,-0.0184321387083981,0.00235288385871169,0
4070,734.94,722.776497155264,200,-512.250181365791,33.5999999999988,-15.2455411120776,14.3517817683503,10.5263157894737,0.843733179756614,0.764047866388255,0.355507547933393,293.15,1,0,1,0,1,2,-2.54092351867961,4.19999999999985,0.000222094172670777,-0.000139686870745315,-0.0177933034306366,1.49213974509621e-13,0
4100,734.94,703.014255567137,200,-492.487939777663,33.5999999999988,-14.65737916005,13.3145317947728,10.5263157894737,0.851242861795607,0.770581289762178,0.351398329508691,293.15,1,0,1,0,1,2,-2.442896526675,4.19999999999986,0.000213525940085807,-0.000134297852279771,-0.0169299388045407,1.4477308241112e-13,0
4130,734.94,684.044542865541,200,-473.518227076067,33.5999999999989,-14.0928043772644,12.3521273180317,10.5263157894737,0.858463055890826,0.776862858625019,0.347447515818851,293.15,1,0,1,0,1,2,-2.34880072954406,4.19999999999986,0.000205301320941641,-0.000129124950634019,-0.016120759234607,1.3944401189292e-13,0
4160,734.94,665.833067235863,200,-455.30675144639,33.5999999999989,-13.5507961740001,11.4590750132452,10.5263157894737,0.865405351955281,0.782902656201094,0.343648764986303,293.15,1,0,1,0,1,2,-2.25846602900002,4.19999999999987,0.000197405447479375,-0.000124158814681502,-0.015361295246075,1.33226762955019e-13,0
4190,734.94,648.34743861106,200,-437.821122821586,33.599999999999,-13.0303905601666,10.6303110066722,10.5263157894737,0.872080841665051,0.788710332248594,0.339996007763446,293.15,1,0,1,0,1,2,-2.17173176002777,4.19999999999987,0.000189824276472856,-0.000119390611888286,-0.0146475281806948,1.26121335597418e-13,0
4220,734.94,631.556997621296,200,-421.030681831822,33.599999999999,-12.5306750545189,9.86116169163559,10.5263157894737,0.878500145582976,0.794295126657189,0.336483432690848,293.15,1,0,1,0,1,2,-2.08844584241981,4.19999999999988,0.000182544515067098,-0.000114811981668887,-0.0139758390025116,1.19904086659517e-13,0
4250,734.94,615.432666723354,200,-404.90635093388,33.5999999999991,-12.0507842539848,9.14730910283202,10.5263157894737,0.884673437895146,0.799665890968777,0.333105472561707,293.15,1,0,1,0,1,2,-2.00846404233081,4.19999999999989,0.000175553556233076,-0.000110414994790346,-0.0133429633790278,1.12798659301916e-13,0
4280,734.94,599.946820317352,200,-389.420504527878,33.5999999999992,-11.5898959680919,8.48476018642811,10.5263157894737,0.890610469067301,0.804831108088552,0.329856792024506,293.15,1,0,1,0,1,2,-1.93164932801532,4.19999999999989,0.000168839422454777,-0.000106192117954013,-0.0127459522112371,1.05693231944315e-13,0
4310,734.94,585.073171120497,200,-374.546855331024,33.5999999999992,-11.1472278372331,7.8698194121578,10.5263157894737,0.896320586684072,0.809798910415143,0.326732276179997,293.15,1,0,1,0,1,2,-1.85787130620552,4.1999999999999,0.000162390716464741,-0.0001021361828105,-0.0121821369046926,1.00364161426114e-13,0
4340,734.94,570.78667046286,200,-360.260354673386,33.5999999999993,-10.7220343652796,7.29906426369883,10.5263157894737,0.901812754696207,0.8145770965857,0.323727020049333,293.15,1,0,1,0,1,2,-1.7870057275466,4.19999999999991,0.000156196578015714,-9.82403587710721e-05,-0.0116490987736075,9.32587340685131e-14,0
4370,734.94,557.063420508376,200,-346.537104718902,33.5999999999993,-10.3136043071104,6.76932321823029,10.5263157894737,0.907095571268602,0.819173147003683,0.320836318807804,293.15,1,0,1,0,1,2,-1.71893405118507,4.19999999999991,0.000150246645822681,-9.44981290709545e-05,-0.0111446420542932,8.70414851306123e-14,0
4400,734.94,543.880596693881,200,-333.354280904407,33.5999999999994,-9.9212583602504,6.27765588796738,10.5263157894737,0.912177285394339,0.823594238293075,0.318055658693818,293.15,1,0,1,0,1,2,-1.65354306004173,4.19999999999992,0.000144531023935074,-9.09032696190284e-05,-0.0106667700756802,7.99360577730113e-14,0
4430,734.94,531.216378926981,200,-320.690063137507,33.5999999999994,-9.54434711718787,5.82133504785651,10.5263157894737,0.917065812416296,0.827847256802178,0.315380708515637,293.15,1,0,1,0,1,2,-1.59072451953131,4.19999999999993,0.000139040251906525,-8.74498302359931e-05,-0.0102136641954183,7.37188088351104e-14,0
4460,734.94,519.04989029583,200,-308.523574506357,33.5999999999994,-9.18224924126076,5.3978303163068,10.5263157894737,0.921768748577714,0.831938811262612,0.312807311689466,293.15,1,0,1,0,1,2,-1.53037487354346,4.19999999999993,0.00013376527822152,-8.41321179409725e-05,-0.00978366516187672,7.105427357601e-14,0
4490,734.94,507.361142225895,200,-296.834826436421,33.5999999999995,-8.83436983441744,5.00479329135297,10.5263157894737,0.92629338470586,0.835875244694098,0.310331478751892,293.15,1,0,1,0,1,2,-1.47239497240291,4.19999999999993,0.000128697436517242,-8.09446819961647e-05,-0.00937525660672103,6.57252030578093e-14,0
4520,734.94,496.130985174419,200,-285.604669384945,33.5999999999995,-8.50013896979016,4.64004397420753,10.5263157894737,0.930646719118194,0.839662645632829,0.307949380297767,293.15,1,0,1,0,1,2,-1.41668982829836,4.19999999999994,0.000123828424206381,-7.78823004615861e-05,-0.00898705041081557,6.03961325396085e-14,0
4550,734.94,485.341064086925,200,-274.814748297451,33.5999999999995,-8.1790103659957,4.30155833681095,10.5263157894737,0.93483546982788,0.843306858750256,0.305657340301486,293.15,1,0,1,0,1,2,-1.36316839433262,4.19999999999994,0.000119150283164595,-7.49399680483847e-05,-0.00861777371897654,6.12843109593086e-14,0
4580,734.94,474.973777954298,200,-264.447462164825,33.5999999999995,-7.87046018347705,3.98745691055273,10.5263157894737,0.938866086114763,0.846813494919844,0.303451829785466,293.15,1,0,1,0,1,2,-1.31174336391284,4.19999999999994,0.000114655382195838,-7.2112885090353e-05,-0.00826625740739081,6.48370246381091e-14,0
4610,734.94,465.012242906398,200,-254.485927116925,33.5999999999995,-7.57398592609907,3.69599429050938,10.5263157894737,0.942744759518782,0.85018794078134,0.301329460804671,293.15,1,0,1,0,1,2,-1.26233098768318,4.19999999999993,0.000110336401031019,-6.93964474798268e-05,-0.00793142583197737,6.66133814775094e-14,0
4640,734.94,455.440258362489,200,-244.913942573015,33.5999999999995,-7.28910543372079,3.42554946395113,10.5263157894737,0.946477434305013,0.853435367845361,0.299286980720247,293.15,1,0,1,0,1,2,-1.21485090562013,4.19999999999993,0.000106186315651978,-6.67862374371554e-05,-0.00761228770721566,6.66133814775094e-14,0
4670,734.94,446.242275829745,200,-235.715960040271,33.5999999999995,-7.01535595357962,3.17461688391063,10.5263157894737,0.950069817442914,0.856560741175335,0.297321266738988,293.15,1,0,1,0,1,2,-1.16922599226327,4.19999999999993,0.000102198384763592,-6.42780150022833e-05,-0.00730792798339305,6.75015598972095e-14,0
4700,734.94,437.403370002542,200,-226.877054213068,33.5999999999995,-6.75229328015094,2.94179821875128,10.5263157894737,0.953527388136679,0.859568827678911,0.295429320698429,293.15,1,0,1,0,1,2,-1.12538221335849,4.19999999999993,9.83661372634087e-05,-6.18677101537372e-05,-0.00701750060629496,6.75015598972095e-14,0
4730,734.94,428.909211867336,200,-218.382896077862,33.5999999999995,-6.49949095469838,2.72579471720683,10.5263157894737,0.956855406938848,0.862464204036797,0.293608264079971,293.15,1,0,1,0,1,2,-1.08324849244973,4.19999999999993,9.46833605808444e-05,-5.95514154745256e-05,-0.00674022205736857,6.66133814775094e-14,0
4760,734.94,420.746043562547,200,-210.219727773073,33.5999999999995,-6.25653951705585,2.5254001355761,10.5263157894737,0.960058924475219,0.865251264293441,0.291855333234702,293.15,1,0,1,0,1,2,-1.04275658617597,4.19999999999994,9.11440897772881e-05,-5.73253792966116e-05,-0.00647536558463168,6.3948846218409e-14,0
4790,734.94,412.900654780826,200,-202.374338991352,33.5999999999995,-6.02304580331414,2.33949417986913,10.5263157894737,0.963142789805686,0.867934227130947,0.290167874808439,293.15,1,0,1,0,1,2,-1.00384096721902,4.19999999999994,8.77425973149308e-05,-5.51859992659846e-05,-0.0062222560453095,6.3948846218409e-14,0
4820,734.94,405.360360533424,200,-194.83404474395,33.5999999999995,-5.79863228404623,2.16703642089901,10.5263157894737,0.966111658442654,0.870517142845109,0.288543341354132,293.15,1,0,1,0,1,2,-0.966438714007705,4.19999999999994,8.44733834161562e-05,-5.31298162791673e-05,-0.00598026529056311,6.30606677987089e-14,0
4850,734.94,398.112980123832,200,-187.586664334359,33.5999999999995,-5.58293643852266,2.00706064475189,10.5263157894737,0.968970000046244,0.873003900040232,0.286979287121133,293.15,1,0,1,0,1,2,-0.930489406420443,4.19999999999994,8.13311669472287e-05,-5.11535087494803e-05,-0.00574880803090198,6.12843109593086e-14,0
4880,734.94,391.146817201294,200,-180.62050141182,33.5999999999995,-5.37561016106614,1.85866960487865,10.5263157894737,0.971722105813357,0.87539823205762,0.285473364011975,293.15,1,0,1,0,1,2,-0.895935026844357,4.19999999999994,7.83108767701789e-05,-4.92538871677817e-05,-0.00552733812810067,6.03961325396085e-14,0
4910,734.94,384.45064078451,200,-173.924324995036,33.5999999999995,-5.1763191962809,1.72103014533181,10.5263157894737,0.974372095575906,0.877703723151038,0.284023317698297,293.15,1,0,1,0,1,2,-0.862719866046817,4.19999999999994,7.54076435153307e-05,-4.7427888927771e-05,-0.00531534526578676,5.86197757002083e-14,0
4940,734.94,378.013667162604,200,-167.48735137313,33.5999999999996,-4.98474260039084,1.593368667516,10.5263157894737,0.97692392462201,0.879923814421149,0.282626983888357,293.15,1,0,1,0,1,2,-0.830790433398473,4.19999999999994,7.26167917341774e-05,-4.56725733905138e-05,-0.00511235195645154,5.59552404411079e-14,0
4970,734.94,371.825542594643,200,-161.29922680517,33.5999999999996,-4.8005722263444,1.4749669153,10.5263157894737,0.979381390252654,0.882061809519809,0.281282284739301,293.15,1,0,1,0,1,2,-0.8000953710574,4.19999999999995,6.99338323984863e-05,-4.39851171667291e-05,-0.00491791084755263,5.50670620214078e-14,0
5000,734.94,365.876326740865,200,-155.350010951391,33.5999999999996,-4.62351223069622,1.36515805550745,10.5263157894737,0.98174813808524,0.884120880134159,0.279987225407922,293.15,1,0,1,0,1,2,-0.770585371782704,4.19999999999995,6.73544557166432e-05,-4.23628095986048e-05,-0.0047316022937035,5.32907051820075e-14,0
5030,734.94,360.15647676874,200,-149.630160979266,33.5999999999996,-4.45327860057345,1.26332303271669,10.5263157894737,0.984027668114544,0.886104071259653,0.278739890734172,293.15,1,0,1,0,1,2,-0.742213100095575,4.19999999999995,6.48745242425869e-05,-4.08030484256395e-05,-0.00455303216575871,5.06261699229071e-14,0
5060,734.94,354.656832085631,200,-144.130516296158,33.5999999999996,-4.28959869929046,1.16888717899969,10.5263157894737,0.986223340540784,0.888014306270482,0.277538442052102,293.15,1,0,1,0,1,2,-0.714933116548409,4.19999999999995,6.24900662564101e-05,-3.93033356213487e-05,-0.00438182987097131,4.88498130835069e-14,0
5090,734.94,349.368599656603,200,-138.842283867129,33.5999999999996,-4.13221082937889,1.08131706073827,10.5263157894737,0.988338381373854,0.889854391795253,0.276381114123286,293.15,1,0,1,0,1,2,-0.688701804896481,4.19999999999995,6.0197269398663e-05,-3.78612733895398e-05,-0.00421764656135867,4.79616346638068e-14,0
5120,734.94,344.28333987198,200,-133.757024082507,33.5999999999996,-3.98086381197941,1.00011754601515,10.5263157894737,0.990375887822207,0.89162702240532,0.275266212188085,293.15,1,0,1,0,1,2,-0.663477301996568,4.19999999999995,5.79924745430118e-05,-3.64745603104991e-05,-0.00406015351003406,4.61852778244065e-14,0
5150,734.94,339.392952934125,200,-128.866637144651,33.5999999999997,-3.83531658168608,0.924829077299224,10.5263157894737,0.992338833474361,0.893334785122694,0.274192109130374,293.15,1,0,1,0,1,2,-0.639219430281013,4.19999999999996,5.58721698940078e-05,-3.51409876287649e-05,-0.00390904063757031,4.35207425653061e-14,0
5180,734.94,334.689665736934,200,-124.16334994746,33.5999999999997,-3.69533779605541,0.855025135252599,10.5263157894737,0.994230073280595,0.894980163754117,0.273157242751617,293.15,1,0,1,0,1,2,-0.615889632675901,4.19999999999996,5.38329852984885e-05,-3.38584356752637e-05,-0.00376401517250101,4.2632564145606e-14,0
5210,734.94,330.166019214952,200,-119.639703425478,33.5999999999997,-3.56070545909165,0.790309880496092,10.5263157894737,0.996052348342028,0.896565543057564,0.272160113150333,293.15,1,0,1,0,1,2,-0.593450909848609,4.19999999999996,5.18716867605829e-05,-3.26248704175047e-05,-0.00362480043186605,4.2632564145606e-14,0
5240,734.94,325.81485614175,200,-115.288540352276,33.5999999999997,-3.43120655810349,0.730315961092624,10.5263157894737,0.997808290513938,0.898093212747126,0.271199280203204,293.15,1,0,1,0,1,2,-0.571867759683914,4.19999999999996,4.99851711515071e-05,-3.14383401322882e-05,-0.00349113470929963,4.17443857259059e-14,0
5270,734.94,321.629309359552,200,-111.102993570078,33.5999999999997,-3.30663671339521,0.674702474355693,10.5263157894737,0.999500426829908,0.89956537134202,0.270273361144236,293.15,1,0,1,0,1,2,-0.551106118899202,4.19999999999996,4.81704611063324e-05,-3.02969721960105e-05,-0.00336277025956602,3.90798504668055e-14,0
5300,734.94,317.602790423871,200,-107.076474634397,33.5999999999997,-3.18679984030947,0.623153072369421,10.5263157894737,1.00113118375312,0.900984129865211,0.269381028238494,293.15,1,0,1,0,1,2,-0.531133306718246,4.19999999999996,4.64247001006869e-05,-2.91989699881394e-05,-0.00323947236968857,3.81916720471054e-14,0
5330,734.94,313.728978648558,200,-103.202662859084,33.5999999999997,-3.07150782318706,0.575374201329705,10.5263157894737,1.00270289126087,0.902351515396958,0.268521006547086,293.15,1,0,1,0,1,2,-0.511917970531176,4.19999999999996,4.47451477010634e-05,-2.81426099038793e-05,-0.00312101850791981,3.73034936274053e-14,0
5360,734.94,310.001810537802,200,-99.4754947483281,33.5999999999997,-2.96058020084312,0.531093465482691,10.5263157894737,1.00421778676827,0.903669474488399,0.267692071780181,293.15,1,0,1,0,1,2,-0.493430033473854,4.19999999999997,4.31291749828964e-05,-2.71262384723551e-05,-0.00300719754276852,3.46389583683049e-14,0
5390,734.94,306.415469592674,200,-95.8891538032005,33.5999999999997,-2.85384386319051,0.490058107058049,10.5263157894737,1.0056780188967,0.904939876440125,0.266893048234937,293.15,1,0,1,0,1,2,-0.475640643865085,4.19999999999997,4.1574260111027e-05,-2.61482695769319e-05,-0.00289780902516052,3.19744231092045e-14,0
5400,734.94,305.250346559503,200,-94.7240307700289,33.5999999999997,-2.81916758244136,0.477059813533346,10.5263157894737,1.00615297455314,0.905353087861228,0.266633157533277,293.15,1,0,1,0,1,2,-0.469861263740227,4.19999999999997,4.10691025815129e-05,-2.58305490636798e-05,-0.00286229798417571,3.37507799486048e-14,0
5400,734.94,305.250346559503,200,-94.7240307700289,33.5999999999997,-2.81916758244136,0.477059813533346,10.5263157894737,1.00615297455314,0.905353087861228,0.266633157533277,293.15,1,0,1,0,1,2,-0.469861263740227,4.19999999999997,4.10691025815129e-05,-2.58305490636798e-05,-0.00286229798417571,3.37507799486048e-14,0
5430,734.94,301.843135826819,200,-91.3168200373454,33.5999999999997,-2.71776250111149,0.439989757038271,10.5263157894737,1.00754351776338,0.906562860454138,0.265872267025504,293.15,1,0,1,0,1,2,-0.452960416851915,4.19999999999997,3.95918524480474e-05,-2.49014276645435e-05,-0.00275852481946231,3.28626015289046e-14,0
5460,734.94,298.564086409808,200,-88.0377706203341,33.5999999999997,-2.62017174465282,0.405643934892845,10.5263157894737,1.00888408579382,0.907729154640626,0.26513872240648,293.15,1,0,1,0,1,2,-0.43669529077547,4.19999999999997,3.81701686811897e-05,-2.4007254917039e-05,-0.00265875431401764,3.28626015289046e-14,0
5490,734.94,295.408136092881,200,-84.8818203034068,33.5999999999998,-2.52624465188713,0.373825402217583,10.5263157894737,1.01017655662155,0.908853604260744,0.264431496067058,293.15,1,0,1,0,1,2,-0.421040775314521,4.19999999999997,3.68018564772599e-05,-2.31466503920706e-05,-0.00256281713398108,3.01980662698043e-14,0
5520,734.94,292.370429543626,200,-81.8441137541518,33.5999999999998,-2.43583671887358,0.344351420375948,10.5263157894737,1.01142273409787,0.909937778665146,0.263749600958907,293.15,1,0,1,0,1,2,-0.40597278647893,4.19999999999997,3.54848107300538e-05,-2.23182900760691e-05,-0.00247055210944374,2.93098878501041e-14,0
5550,734.94,289.446309935096,200,-78.9199941456218,33.5999999999998,-2.34880934957209,0.317052432429115,10.5263157894737,1.01262435097838,0.910983185351187,0.263092088936537,293.15,1,0,1,0,1,2,-0.391468224928682,4.19999999999997,3.42170123985524e-05,-2.15209040864508e-05,-0.00238180576416614,2.93098878501041e-14,0
5580,734.94,286.631310877799,200,-76.1049950883249,33.5999999999998,-2.26502961572397,0.291771112019914,10.5263157894737,1.01378307182998,0.911991272492083,0.262458049166574,293.15,1,0,1,0,1,2,-0.377504935953995,4.19999999999997,3.29965250089092e-05,-2.07532744715302e-05,-0.00229643187904964,2.75335310107039e-14,0
5610,734.94,283.921148652384,200,-73.3948328629106,33.5999999999998,-2.18437002568188,0.268361480521592,10.5263157894737,1.01490049581964,0.912963431363083,0.261846606601809,293.15,1,0,1,0,1,2,-0.364061670946979,4.19999999999997,3.18214912868086e-05,-2.00142330924312e-05,-0.00221429108635519,2.75335310107039e-14,0
5640,734.94,281.311714734213,200,-70.7853989447391,33.5999999999998,-2.10670830192677,0.246688087637338,10.5263157894737,1.01597815938912,0.913900998668532,0.261256920517584,293.15,1,0,1,0,1,2,-0.351118050321129,4.19999999999997,3.0690129916374e-05,-1.93026595845914e-05,-0.00213525049197534,2.66453525910038e-14,0
5670,734.94,278.799068601159,200,-68.2727528116853,33.5999999999998,-2.03192716701446,0.226625250964191,10.5263157894737,1.01701753882017,0.914805258773548,0.260688183108175,293.15,1,0,1,0,1,2,-0.338654527835743,4.19999999999998,2.96007324218781e-05,-1.86174793965029e-05,-0.00205918332334267,2.39808173319034e-14,0
5700,734.94,276.379430816114,200,-65.85311502664,33.5999999999998,-1.95991413769763,0.208056350341156,10.5263157894737,1.01802005269419,0.915677445843942,0.260139618140879,293.15,1,0,1,0,1,2,-0.326652356282938,4.19999999999998,2.8551660168551e-05,-1.79576619033613e-05,-0.0019859686008032,2.48689957516035e-14,0
5730,734.94,274.049176375911,200,-63.5228605864371,33.5999999999998,-1.8905613269773,0.190873173089107,10.5263157894737,1.01898706425047,0.916518745897907,0.259610479665596,293.15,1,0,1,0,1,2,-0.315093554496217,4.19999999999998,2.75413414789034e-05,-1.73222185933669e-05,-0.00191549083050543,2.30926389122033e-14,0
5760,734.94,271.804828318291,200,-61.2785125288175,33.5999999999998,-1.82376525383386,0.174975306516104,10.5263157894737,1.019919883647,0.91733029877289,0.259100050777762,293.15,1,0,1,0,1,2,-0.303960875638977,4.19999999999998,2.65682688609235e-05,-1.67102013243904e-05,-0.00184763971704306,2.22044604925031e-14,0
5790,734.94,269.64305157897,200,-59.1167357894961,33.5999999999998,-1.75942666040168,0.160269574314977,10.5263157894737,1.02081977012751,0.91811320001093,0.258607642432557,293.15,1,0,1,0,1,2,-0.293237776733613,4.19999999999998,2.5630996344712e-05,-1.61207006488403e-05,-0.00178230989427197,2.22044604925031e-14,0
5820,734.94,267.560647090674,200,-57.0343313011999,33.5999999999998,-1.69745033634524,0.146669513711682,10.5263157894737,1.0216879340985,0.918868502665696,0.258132592308364,293.15,1,0,1,0,1,2,-0.282908389390874,4.19999999999998,2.47281369240264e-05,-1.55528442045135e-05,-0.00171940067286617,1.95399252334028e-14,0
5850,734.94,265.554546116361,200,-55.0282303268877,33.5999999999998,-1.637744950205,0.13409489044337,10.5263157894737,1.02252553911987,0.919597219034286,0.257674263717545,293.15,1,0,1,0,1,2,-0.272957491700833,4.19999999999998,2.38583600993585e-05,-1.50057951693065e-05,-0.0016588158033212,2.1316282072803e-14,0
5880,734.94,263.621804808928,200,-53.0954890194543,33.5999999999998,-1.58022288748377,0.122471248849045,10.5263157894737,1.02333370381243,0.920300322316811,0.257232044562645,293.15,1,0,1,0,1,2,-0.263370481247294,4.19999999999998,2.30203895192085e-05,-1.44787507776857e-05,-0.00160046325323431,1.95399252334028e-14,0
5910,734.94,261.759598989679,200,-51.2332832002048,33.5999999999999,-1.5248000952442,0.111729494545455,10.5263157894737,1.0241135036858,0.920978748206643,0.256805346336197,293.15,1,0,1,0,1,2,-0.254133349207366,4.19999999999998,2.22130007162095e-05,-1.39709408968163e-05,-0.00154425499779546,1.77635683940025e-14,0
5940,734.94,259.965219138227,200,-49.4389033487529,33.5999999999999,-1.4713959329986,0.101805507340317,10.5263157894737,1.0248659728898,0.921633396414128,0.256393603162375,293.15,1,0,1,0,1,2,-0.245232655499767,4.19999999999998,2.14350189349191e-05,-1.34816266603441e-05,-0.00149010682252733,1.77635683940025e-14,0
5970,734.94,258.236065586445,200,-47.7097497969709,33.5999999999999,-1.41993302967176,0.0926397821998122,10.5263157894737,1.0255921058925,0.922265132126476,0.255996270878801,293.15,1,0,1,0,1,2,-0.236655504945293,4.19999999999998,2.06853170480797e-05,-1.30100991578207e-05,-0.00143793813739474,1.77635683940025e-14,0
6000,734.94,256.569643909269,200,-46.0433281197957,33.5999999999999,-1.3703371464225,0.0841770962423321,10.5263157894737,1.02629285908783,0.922874787406415,0.255612826156844,293.15,1,0,1,0,1,2,-0.228389524403749,4.19999999999998,1.99628135582301e-05,-1.25556781778103e-05,-0.00138767180148254,1.77635683940025e-14,0
6030,734.94,254.963560505348,200,-44.4372447158743,33.5999999999999,-1.32253704511531,0.0763661998747942,10.5263157894737,1.0269691523358,0.923463162532146,0.25524276565886,293.15,1,0,1,0,1,2,-0.220422840852552,4.19999999999998,1.92664706816241e-05,-1.2117711002764e-05,-0.00133923395751181,1.59872115546023e-14,0
6060,734.94,253.415518360669,200,-42.8892025711951,33.5999999999999,-1.27646436223795,0.0691595303222578,10.5263157894737,1.02762187043794,0.924031027281008,0.254885605230826,293.15,1,0,1,0,1,2,-0.212744060372992,4.19999999999998,1.8595292511486e-05,-1.1695571253793e-05,-0.00129255387552699,1.59872115546023e-14,0
6090,734.94,251.923312988442,200,-41.3969971989686,33.5999999999999,-1.23205348806454,0.0625129459264527,10.5263157894737,1.02825186455079,0.924579122159191,0.254540879128901,293.15,1,0,1,0,1,2,-0.205342248010757,4.19999999999999,1.79483232576813e-05,-1.12886577835041e-05,-0.00124756380514179,1.4210854715202e-14,0
6120,734.94,250.484828538622,200,-39.9585127491486,33.5999999999999,-1.18924145086752,0.0563854797051911,10.5263157894737,1.02885995353995,0.925108159579761,0.254208139278513,293.15,1,0,1,0,1,2,-0.19820690847792,4.19999999999999,1.73246455599386e-05,-1.08963936150944e-05,-0.00120419883578083,1.50990331349021e-14,0
6150,734.94,249.098034070797,200,-38.5717182813235,33.5999999999999,-1.14796780599177,0.0507391107738155,10.5263157894737,1.02944692527716,0.925618824991132,0.253886954564594,293.15,1,0,1,0,1,2,-0.191327967665296,4.19999999999999,1.67233788719018e-05,-1.05182249259963e-05,-0.00116239676440536,1.33226762955019e-14,0
6180,734.94,247.760979984052,200,-37.2346641945782,33.5999999999999,-1.10817452960054,0.0455385523293046,10.5263157894737,1.03001353788288,0.92611177795811,0.25357691015166,293.15,1,0,1,0,1,2,-0.184695754933424,4.19999999999999,1.61436779132413e-05,-1.01536200743265e-05,-0.00112209797024301,1.33226762955019e-14,0
6210,734.94,246.471794597913,200,-35.9454788084396,33.5999999999999,-1.06980591691785,0.0407510549929516,10.5263157894737,1.03056052091663,0.926587653197468,0.253277606832479,293.15,1,0,1,0,1,2,-0.178300986152975,4.19999999999999,1.55847311872679e-05,-9.80206866653562e-06,-0.00108324529608936,1.33226762955019e-14,0
6240,734.94,245.228680878351,200,-34.7023650888776,33.5999999999999,-1.03280848478803,0.0363462243933303,10.5263157894737,1.03108857651726,0.927047061570014,0.252988660404108,293.15,1,0,1,0,1,2,-0.172134747464671,4.19999999999999,1.50457595614392e-05,-9.46308066461205e-06,-0.00104578393577322,1.24344978758018e-14,0
6270,734.94,244.029913303164,200,-33.5035975136903,33.5999999999999,-0.997130878383642,0.0322958519530818,10.5263157894737,1.03159838049538,0.927490591030982,0.252709701070143,293.15,1,0,1,0,1,2,-0.166188479730607,4.19999999999999,1.45260149082974e-05,-9.13618553129575e-06,-0.00100966132741337,1.24344978758018e-14,0
6300,734.94,242.873834861229,200,-32.3475190717549,33.5999999999999,-0.962723781897471,0.0285737579181697,10.5263157894737,1.03209058337991,0.927918807540521,0.252440372868058,293.15,1,0,1,0,1,2,-0.160453963649579,4.19999999999999,1.40247788044476e-05,-8.820931411796e-06,-0.000974827052121883,1.24344978758018e-14,0
6330,734.94,241.758854180178,200,-31.2325383907043,33.5999999999999,-0.929539833056677,0.0251556457378157,10.5263157894737,1.0325658114207,0.928332255936008,0.252180333120568,293.15,1,0,1,0,1,2,-0.154923305509446,4.19999999999999,1.35413612852159e-05,-8.51688435052961e-06,-0.00094123273783103,1.06581410364015e-14,0
6360,734.94,240.683442777316,200,-30.1571269878423,33.5999999999999,-0.897533541304832,0.0220189669685505,10.5263157894737,1.03302466754919,0.928731460767795,0.25192925190998,293.15,1,0,1,0,1,2,-0.149588923550805,4.19999999999999,1.30750996527406e-05,-8.22362754146595e-06,-0.000908831967946643,1.06581410364015e-14,0
6390,734.94,239.646132428755,200,-29.1198166392809,33.5999999999999,-0.86666120950241,0.0191427959360095,10.5263157894737,1.03346773229883,0.92911692709998,0.251686811574544,293.15,1,0,1,0,1,2,-0.144443534917068,4.19999999999999,1.26253573353201e-05,-7.94076061070971e-06,-0.000877580194551139,1.06581410364015e-14,0
6420,734.94,238.64551265183,200,-28.1191968623562,33.5999999999999,-0.836880858998699,0.0165077134437556,10.5263157894737,1.03389556468701,0.929489141277698,0.251452706225866,293.15,1,0,1,0,1,2,-0.13948014316645,4.19999999999999,1.21915227958738e-05,-7.66789892997431e-06,-0.000847434655896005,1.06581410364015e-14,0
6450,734.94,237.680228296177,200,-27.1539125067029,33.5999999999999,-0.808152157937588,0.0140956988707449,10.5263157894737,1.03430870306021,0.929848571662381,0.25122664128646,293.15,1,0,1,0,1,2,-0.134692026322931,4.19999999999999,1.17730084875152e-05,-7.40467295968553e-06,-0.000818354297945536,9.76996261670138e-15,0
6480,734.94,236.748977238846,200,-26.2226614493727,33.5999999999999,-0.780436352659905,0.0118900300467144,10.5263157894737,1.03470766590386,0.930195669336357,0.251008333046592,293.15,1,0,1,0,1,2,-0.130072725443317,4.19999999999999,1.13692498542336e-05,-7.1507276204572e-06,-0.000790299699744826,9.76996261670138e-15,0
6510,734.94,235.850508179102,200,-25.3241923896288,33.5999999999999,-0.753696202072287,0.00987519033966932,10.5263157894737,1.03509295261855,0.930530868778135,0.250797508239555,293.15,1,0,1,0,1,2,-0.125616033678715,4.19999999999999,1.09797043747921e-05,-6.90572169174774e-06,-0.000763233002402347,9.76996261670138e-15,0
6540,734.94,234.983618528676,200,-24.4573027392021,33.5999999999999,-0.727895914857207,0.0080367824310225,10.5263157894737,1.03546504426394,0.930854588509624,0.250593903634596,293.15,1,0,1,0,1,2,-0.121315985809534,4.19999999999999,1.06038506480154e-05,-6.66932723654865e-06,-0.000737117841490714,8.88178419700125e-15,0
6570,734.94,234.147152393423,200,-23.6208366039493,33.5999999999999,-0.703001089403255,0.00636144829229753,10.5263157894737,1.03582440427185,0.931167231716513,0.250397265646733,293.15,1,0,1,0,1,2,-0.117166848233876,4.19999999999999,1.02411875177052e-05,-6.4412290509973e-06,-0.00071191928268168,7.99360577730113e-15,0
6600,734.94,233.339998642408,200,-22.8136828529346,33.5999999999999,-0.678978656337341,0.00483679491275795,10.5263157894737,1.03617147912985,0.931469186842966,0.250207349962713,293.15,1,0,1,0,1,2,-0.113163109389557,4.19999999999999,9.89123323546022e-06,-6.22112413782974e-06,-0.000687603760440757,7.105427357601e-15,0
6630,734.94,232.561089060734,200,-22.0347732712607,33.5999999999999,-0.655796823549428,0.00345132536063315,10.5263157894737,1.03650669903651,0.931760828161761,0.250023921182423,293.15,1,0,1,0,1,2,-0.109299470591571,4.19999999999999,9.55352465980691e-06,-6.00872120267125e-06,-0.000664139019622131,8.88178419700125e-15,0
6660,734.94,231.809396582403,200,-21.2830807929298,33.5999999999999,-0.633425023599102,0.00219437479078149,10.5263157894737,1.03683047852978,0.932042516320912,0.249846752475092,293.15,1,0,1,0,1,2,-0.105570837266517,4.19999999999999,9.22761649002817e-06,-5.80374017215043e-06,-0.000641494059808602,7.99360577730113e-15,0
6690,734.94,231.083933599789,200,-20.5576178103156,33.5999999999999,-0.611833863402251,0.00105605104029771,10.5263157894737,1.03714321708945,0.932314598867824,0.24967562524962,293.15,1,0,1,0,1,2,-0.101972310567042,4.19999999999999,8.91308053320844e-06,-5.6059117329047e-06,-0.000619639082255233,7.99360577730113e-15,0
6720,734.94,230.383750346336,200,-19.8574345568624,33.5999999999999,-0.590995076097097,2.71794796149263e-05,10.5263157894737,1.03744529971486,0.932577410751927,0.249510328838447,293.15,1,0,1,0,1,2,-0.0984991793495161,4.19999999999999,8.60950500302709e-06,-5.4149768905541e-06,-0.000598545439300656,7.99360577730113e-15,0
6750,734.94,229.707933349327,200,-19.1816175598535,33.6,-0.570881474995641,-0.000900748188857072,10.5263157894737,1.03773709747901,0.932831274806737,0.249350660194355,293.15,1,0,1,0,1,2,-0.0951469124992734,4.19999999999999,8.31649384893174e-06,-5.23068654778259e-06,-0.000578185586120701,6.21724893790088e-15,0
6780,734.94,229.055603949561,200,-18.5292881600876,33.5999999999999,-0.551466909526417,-0.00173562147019152,10.5263157894737,1.03801896806004,0.933076502212232,0.249196423599659,293.15,1,0,1,0,1,2,-0.0919111515877362,4.19999999999999,8.03366611432061e-06,-5.05280110066471e-06,-0.000558533034702262,7.105427357601e-15,0
6810,734.94,228.425916885081,200,-17.8996010956076,33.5999999999999,-0.532726223083561,-0.00248475521898105,10.5263157894737,1.03829125625103,0.933313392938394,0.249047430387238,293.15,1,0,1,0,1,2,-0.0887877038472601,4.19999999999999,7.76065532249563e-06,-4.88109005245876e-06,-0.000539562309927553,7.105427357601e-15,0
6840,734.94,227.81805893605,200,-17.2917431465764,33.6,-0.514635212695727,-0.00315493062934146,10.5263157894737,1.03855429444911,0.933542236170724,0.248903498672907,293.15,1,0,1,0,1,2,-0.0857725354492878,4.19999999999999,7.4971088891269e-06,-4.71533164407432e-06,-0.000521248907660065,6.21724893790088e-15,0
6870,734.94,227.23124762807,200,-16.704931838596,33.5999999999999,-0.497170590434407,-0.0037524333002165,10.5263157894737,1.03880840312474,0.933763310718521,0.248764453098627,293.15,1,0,1,0,1,2,-0.0828617650724011,4.19999999999999,7.24268756005628e-06,-4.55531250047698e-06,-0.000503569254732079,7.105427357601e-15,0
6900,734.94,226.664729991413,200,-16.1384142019393,33.6,-0.480309946486291,-0.00428308858666948,10.5263157894737,1.03905389127202,0.933976885406659,0.248630124586097,293.15,1,0,1,0,1,2,-0.0800516577477151,4.19999999999999,6.99706487334254e-06,-4.4008272923398e-06,-0.000486500670740793,6.21724893790088e-15,0
6930,734.94,226.117781373586,200,-15.5914655841119,33.6,-0.464031713812853,-0.00475229443264625,10.5263157894737,1.03929105684089,0.934183219451572,0.248500350100276,293.15,1,0,1,0,1,2,-0.0773386189688089,4.2,6.75992664442881e-06,-4.25167841223772e-06,-0.000470021331560578,4.44089209850063e-15,0
6960,734.94,225.589704302909,200,-15.0633885134352,33.6,-0.44831513432843,-0.00516505186626103,10.5263157894737,1.03952018715188,0.934382562822134,0.248374972422408,293.15,1,0,1,0,1,2,-0.0747191890547383,4.2,6.53097047343123e-06,-4.10767566475505e-06,-0.000454110234488712,4.44089209850063e-15,0
6990,734.94,225.079827400832,200,-14.5535116113583,33.6,-0.433140226528522,-0.00552599332556381,10.5263157894737,1.03974155929433,0.934575156586069,0.248253839932142,293.15,1,0,1,0,1,2,-0.0721900377547536,4.19999999999999,6.30990527355413e-06,-3.96863596988069e-06,-0.000438747164943896,6.21724893790088e-15,0
7020,734.94,224.587504340766,200,-14.0611885512921,33.6,-0.41848775450274,-0.00583940897051803,10.5263157894737,1.03995544050866,0.934761233242531,0.24813680639836,293.15,1,0,1,0,1,2,-0.06974795908379,4.2,6.09645081967649e-06,-3.83438307909e-06,-0.000423912664640919,4.44089209850063e-15,0
7050,734.94,224.112112851392,200,-13.5857970619182,33.6,-0.404339198271376,-0.00610927112554664,10.5263157894737,1.04016208855335,0.934941017041416,0.248023730778343,293.15,1,0,1,0,1,2,-0.0673898663785626,4.19999999999999,5.89033731622062e-06,-3.70474730355444e-06,-0.000409588001170614,5.32907051820075e-15,0
7080,734.94,223.653053762463,200,-13.1267379729893,33.6,-0.390676725386586,-0.00633925698654151,10.5263157894737,1.04036175205748,0.935114724290005,0.247914477024904,293.15,1,0,1,0,1,2,-0.065112787564431,4.2,5.69130498344363e-06,-3.57956525393817e-06,-0.000395755138917322,4.44089209850063e-15,0
7110,734.94,223.209750091124,200,-12.6834343016504,33.6,-0.377483163739596,-0.00653276971654781,10.5263157894737,1.04055467085914,0.93528256364745,0.247808913901175,293.15,1,0,1,0,1,2,-0.062913860623266,4.19999999999999,5.49910366129785e-06,-3.45867959124474e-06,-0.000382396711247447,5.32907051820075e-15,0
7140,734.94,222.781646167074,200,-12.2553303776005,33.6,-0.364741975523825,-0.00669295804522379,10.5263157894737,1.04074107633061,0.935444736407634,0.247706914802693,293.15,1,0,1,0,1,2,-0.0607903292539708,4.19999999999999,5.31349243013056e-06,-3.34193878825493e-06,-0.000369495993912077,5.32907051820075e-15,0
7170,734.94,222.368206794655,200,-11.8418910051809,33.6,-0.352437232297051,-0.00682273447899284,10.5263157894737,1.04092119169069,0.935601436770899,0.247608357586509,293.15,1,0,1,0,1,2,-0.0587395387161752,4.2,5.13423924739428e-06,-3.22919690103448e-06,-0.000357036879600556,4.44089209850063e-15,0
7200,734.94,221.96891645038,200,-11.4426006609061,33.6,-0.340553591098397,-0.00692479222090498,10.5263157894737,1.04109523230471,0.935752852105097,0.247513124406986,293.15,1,0,1,0,1,2,-0.0567589318497328,4.2,4.96112059972355e-06,-3.12031335010659e-06,-0.000345003853595302,2.66453525910038e-15,0
7200,0,0,200,210.526315789474,32.9426698260428,6.39068772814044,3.54696722458179,10.5263157894737,1.04109523230471,0.935752852105097,0.247513124406986,293.15,1,0,1,0,1,1,1.06511462135674,4.11783372825534,-9.30983356605316e-05,5.85545087636952e-05,0.00637783811243347,0.00173678324553372,0
7230,0,0,200.000000000071,210.526315789548,32.9241923260884,6.39427426812631,3.52863487998625,10.5263157894774,1.03788404499044,0.932959119141682,0.249270252073438,293.15,1,0,1,0,1,1,1.06571237802105,4.11552404076105,-9.31505836998145e-05,5.8587370342287e-05,0.00637878324118007,0.00452349522389017,0
7260,0,0,200,210.526315789474,32.9056255050272,6.3978822027653,3.51141550076356,10.5263157894737,1.03467105053795,0.930163813968017,0.251028368586771,293.15,1,0,1,0,1,1,1.06631370046088,4.1132031881284,-9.32031434123762e-05,5.86204279488271e-05,0.00638048001016503,0.00731173753047654,0
7290,0,0,200,210.526315789474,32.8869821353237,6.40150911151403,3.49522088128447,10.5263157894737,1.03145623882096,0.927366927774233,0.252787479487981,293.15,1,0,1,0,1,1,1.06691818525234,4.11087276691546,-9.32559795361961e-05,5.86536594051502e-05,0.00638292851703218,0.0101015237136008,0
7320,0,0,200.000000000054,210.526315789531,32.8682734436711,6.40515286421496,3.47997271460665,10.5263157894765,1.02823960085432,0.92456845274326,0.254547589693641,293.15,1,0,1,0,1,1,1.06752547736916,4.10853418045889,-9.33090610395407e-05,5.86870451937439e-05,0.0063861291703218,0.012892865760312,0
7350,0,0,200,210.526315789474,32.8495093256939,6.40881158078079,3.46560121114729,10.5263157894737,1.02502112865862,0.921768381933001,0.256308703570007,293.15,1,0,1,0,1,1,1.06813526346347,4.10618866571174,-9.3362360533652e-05,5.87205680883573e-05,0.00639008264632291,0.0156857742931551,0
7380,0,0,200.000000000016,210.526315789491,32.8306985251198,6.41248359758201,3.4520439462585,10.5263157894746,1.02180081514322,0.918966709174599,0.258070824997,293.15,1,0,1,0,1,1,1.06874726626367,4.10383731563998,-9.34158537830883e-05,5.87542128460288e-05,0.00639478985307784,0.0184802587376953,0
7410,0,0,200.000000000073,210.52631578955,32.8118487841829,6.4161674392159,3.43924489308431,10.5263157894775,1.01857865400482,0.916163428984193,0.259833957423715,293.15,1,0,1,0,1,1,1.06936123986932,4.10148109802286,-9.34695192944606e-05,5.87879659484196e-05,0.00640025190014105,0.0212763274660324,0
7440,0,0,200.000000000006,210.52631578948,32.7929669705632,6.41986179470921,3.42715360649316,10.526315789474,1.01535463963907,0.913358536485992,0.261598103916795,293.15,1,0,1,0,1,1,1.06997696578487,4.0991208713204,-9.35233379697577e-05,5.88218153837717e-05,0.00640647007308271,0.0240739879203076,0
7470,0,0,200,210.526315789474,32.7740591850767,6.42356549735331,3.41572453093226,10.5263157894737,1.01212876706316,0.910552027344946,0.263363267202785,293.15,1,0,1,0,1,1,1.07059424955888,4.09675739813458,-9.35772928125876e-05,5.88557504621479e-05,0.00641344581188636,0.0268732467195114,0
7500,0,0,200,210.526315789474,32.7551308534793,6.42727750749044,3.40491641049453,10.5263157894737,1.00890103184777,0.90774389770756,0.265129449705354,293.15,1,0,1,0,1,1,1.07121291791507,4.09439135668491,-9.3631368677412e-05,5.88897616577111e-05,0.00642118069251983,0.0296741097523674,0
7530,0,0,200.000000000052,210.526315789528,32.7361868050816,6.43099689780755,3.39469178386193,10.5263157894764,1.00567143005707,0.904934144149654,0.26689665357815,293.15,1,0,1,0,1,1,1.07183281630126,4.0920233506352,-9.36855520553089e-05,5.89238404739799e-05,0.00642967641120191,0.032476582258355,0
7560,0,0,200.000000000095,210.526315789573,32.7172313403605,6.43472284067829,3.38501655000903,10.5263157894787,1.00243995819553,0.902122763630109,0.268664880733897,293.15,1,0,1,0,1,1,1.07245380677972,4.08965391754506,-9.37398308895735e-05,5.89579793278497e-05,0.00643893477087915,0.0352806688987501,0
7590,0,0,200.000000000034,210.526315789509,32.6982682893446,6.43845459724587,3.37585959325313,10.5263157894755,0.999206613160618,0.899309753449738,0.270434132870257,293.15,1,0,1,0,1,1,1.07307576620765,4.08728353616807,-9.3794194416679e-05,5.89921714495642e-05,0.00644895766958243,0.0380863738191202,0
7620,0,0,199.999999999957,210.526315789429,32.6793010622245,6.44219150796912,3.36719245828998,10.5263157894715,0.995971392200697,0.896495111214607,0.272204411492902,293.15,1,0,1,0,1,1,1.07369858466152,4.08491263277806,-9.38486330285541e-05,5.9026410796095e-05,0.0064597470903673,0.0408937007045111,0
7650,0,0,200,210.526315789474,32.6603326933868,6.44593298439063,3.35898906750581,10.5263157894737,0.992734292877255,0.893678834803212,0.273975717936159,293.15,1,0,1,0,1,1,1.0743221640651,4.08254158667335,-9.39031381526617e-05,5.90606919757163e-05,0.00647130509258136,0.0437026528283877,0
7680,0,0,200.000000000105,210.526315789584,32.6413658798574,6.44967850194949,3.35122547421707,10.5263157894792,0.989495313031059,0.890860922337021,0.275748053381537,293.15,1,0,1,0,1,1,1.07494641699158,4.08017073498218,-9.39577021472975e-05,5.90950101821527e-05,0.006483633804268,0.0465132330961586,0
7710,0,0,200,210.526315789474,32.6224030149742,6.453427593695,3.34387964656918,10.5263157894737,0.986254450751664,0.888041372153948,0.277521418874412,293.15,1,0,1,0,1,1,1.07557126561583,4.07780037687178,-9.40123182100115e-05,5.91293611369806e-05,0.00649673541555155,0.0493254440840099,0
7740,0,0,200,210.526315789474,32.6034462179724,6.45717984479269,3.33693127771109,10.5263157894737,0.983011704349887,0.885220182784401,0.279295815339087,293.15,1,0,1,0,1,1,1.07619664079878,4.07543077724655,-9.40669802975731e-05,5.91637410392899e-05,0.00651061217288622,0.0521392880736087,0
7770,0,0,200.000000000042,210.526315789518,32.5844973600621,6.46093488763014,3.33036161847443,10.5263157894759,0.979767072332881,0.882397352929606,0.281071243592431,293.15,1,0,1,0,1,1,1.07682248127169,4.07306217000777,-9.41216830546742e-05,5.91981465208418e-05,0.00652526637396804,0.0549547670833668,0
7800,0,0,200.00000000018,210.526315789664,32.565558087473,6.46469239753784,3.32415332955782,10.5263157894832,0.976520553381509,0.879572881441912,0.282847704356262,293.15,1,0,1,0,1,1,1.07744873292297,4.07069476093413,-9.417642175159e-05,5.92325746068599e-05,0.00654070036331817,0.0577718828965044,0
7830,0,0,200,210.526315789474,32.5466298418793,6.46845208896498,3.318290350515,10.5263157894737,0.973272146329754,0.876746767306886,0.284625198268614,293.15,1,0,1,0,1,1,1.07807534816083,4.06832873023491,-9.42311922284704e-05,5.92670226809928e-05,0.00655691652837167,0.0605906370864482,0
7860,0,0,200,210.526315789474,32.5277138785431,6.47221371214616,3.3127577834227,10.5263157894737,0.970021850145918,0.873919009626949,0.286403725894019,293.15,1,0,1,0,1,1,1.07870228535769,4.06596423481789,-9.428599084678e-05,5.93014884547715e-05,0.00657391729610305,0.063411031039714,0
7890,0,0,200.000000000007,210.526315789481,32.5088112824839,6.47597705004102,3.30754178918199,10.526315789474,0.966769663915435,0.871089607606428,0.288183287732919,293.15,1,0,1,0,1,1,1.07932950834017,4.06360141031049,-9.43408144447157e-05,5.93359699395694e-05,0.00659170512996527,0.066233065976852,0
7920,0,0,199.99999999996,210.526315789431,32.4899229829092,6.47974191567569,3.30262949500958,10.5263157894716,0.963515586825106,0.868258560537842,0.289963884230287,293.15,1,0,1,0,1,1,1.07995698594595,4.06124037286365,-9.43956602984772e-05,5.93704654222431e-05,0.0066102825272684,0.069056742971364,0
7950,0,0,200,210.526315789474,32.4710497661308,6.48350814974467,3.29800891163997,10.5263157894737,0.960259618148611,0.865425867789292,0.291745515783558,293.15,1,0,1,0,1,1,1.08058469162411,4.05888122076635,-9.44505260873321e-05,5.94049734431603e-05,0.00662965201685274,0.0718820629670016,0
7980,0,0,200,210.526315789474,32.4521922871516,6.48727561844334,3.29366885905627,10.5263157894737,0.957001757233169,0.862591528792857,0.293528182749927,293.15,1,0,1,0,1,1,1.08121260307389,4.05652403589395,-9.450540986204e-05,5.94394927763398e-05,0.00664981615702343,0.0747090267936217,0
8010,0,0,199.999999999921,210.52631578939,32.4333510800769,6.49104421154656,3.2895988997701,10.5263157894695,0.953742003487212,0.859755543033874,0.295311885453095,293.15,1,0,1,0,1,1,1.08184070192443,4.05416888500961,-9.45603100168615e-05,5.94740224118463e-05,0.00667077753376035,0.0775376351816639,0
8040,0,0,200.000000000042,210.526315789517,32.4145265674912,6.49481384067648,3.28578927873655,10.5263157894759,0.950480356368985,0.856917910041017,0.297096624189503,293.15,1,0,1,0,1,1,1.08246897344608,4.0518158209364,-9.46152252643251e-05,5.95085615399204e-05,0.00669253875914382,0.0794272156955078,0
8070,0,0,200,210.526315789474,32.3957190689235,6.49858443770205,3.28223086910436,10.5263157894737,0.947216815375984,0.854078629377106,0.298882399234116,293.15,1,0,1,0,1,1,1.08309740628368,4.04946488361543,-9.46701546119103e-05,5.95431095363131e-05,0.00671510246993567,0.0812027326756486,0
8100,0,0,200,210.526315789474,32.3769288084937,6.50235595336161,3.27891512324099,10.5263157894737,0.94395138003513,0.851237700630563,0.300669210845797,293.15,1,0,1,0,1,1,1.08372599222694,4.04711610106171,-9.47250973419824e-05,5.95776659496655e-05,0.00673847132640797,0.0829792837236767,0
8130,0,0,200,210.526315789474,32.3581559218442,6.50612835595345,3.27583402832054,10.5263157894737,0.940684049893632,0.84839512340746,0.30245705927231,293.15,1,0,1,0,1,1,1.08435472599224,4.04476949023053,-9.4780052992717e-05,5.96122304895117e-05,0.00676264801125977,0.0847568691736006,0
8160,0,0,200,210.526315789474,32.3394004624257,6.50990163018262,3.27298006606578,10.5263157894737,0.937414824510455,0.845550897324096,0.304245944754985,293.15,1,0,1,0,1,1,1.08498360503044,4.04242505780321,-9.48350213413001e-05,5.96468030157121e-05,0.006787635228711,0.0865354893083602,0
8190,0,0,200,210.526315789474,32.3206624072099,6.51367577610387,3.27034617615548,10.5263157894737,0.934143703448351,0.842705022000065,0.306035867533078,293.15,1,0,1,0,1,1,1.08561262935064,4.04008280090123,-9.48900023885294e-05,5.96813835287683e-05,0.0068134357037113,0.0883151443670647,0
8220,0,0,200,210.526315789474,32.30194166189,6.51745080816159,3.26792572291927,10.5263157894737,0.93087068626639,0.839857497051759,0.307826827847861,293.15,1,0,1,0,1,1,1.08624180136027,4.03774270773625,-9.4944996344828e-05,5.97159721610268e-05,0.00684005218126391,0.090095834551689,0
8250,0,0,200,210.526315789474,32.2832380656223,6.52122675431553,3.26571246497597,10.5263157894737,0.927595772512958,0.837008322086273,0.309618825946454,293.15,1,0,1,0,1,1,1.08687112571926,4.03540475820279,-9.50000036175082e-05,5.97505691686679e-05,0.00686748742585234,0.0918775600332858,0
8280,0,0,200,210.526315789474,32.2645513953543,6.52500365524334,3.26370052751344,10.5263157894737,0.924318961719169,0.834157496695677,0.311411862085426,293.15,1,0,1,0,1,1,1.08750060920722,4.03306892441929,-9.50550247991544e-05,5.97851749243995e-05,0.00689574422096031,0.0936603209577597,0
8310,0,0,200,210.526315789474,32.2458813697835,6.52878156361236,3.26188437694316,10.5263157894737,0.921040253392663,0.831305020451617,0.31320593653419,293.15,1,0,1,0,1,1,1.08813026060206,4.03073517122293,-9.51100606570144e-05,5.98197899107848e-05,0.00692482536867631,0.0954441174512411,0
8340,0,0,200,210.526315789474,32.227227652981,6.53256054341366,3.26025879769333,10.5263157894737,0.917759647011752,0.828450892900224,0.31500104957821,293.15,1,0,1,0,1,1,1.08876009056894,4.02840345662263,-9.51651121232981e-05,5.98544147141402e-05,0.0069547336893756,0.0972289496251024,0
8370,0,0,200,210.526315789474,32.2085898577153,6.53634066935234,3.25881887093101,10.5263157894737,0.914477142019887,0.825595113557301,0.316797201522022,293.15,1,0,1,0,1,1,1.08939011155872,4.02607373221441,-9.52201802862954e-05,5.98890500189494e-05,0.00698547202147264,0.0990148175806422,0
8400,0,0,200,210.526315789474,32.1899675485022,6.54012202628858,3.25755995502728,10.5263157894737,0.911192737820418,0.822737681903764,0.318594392692107,293.15,1,0,1,0,1,1,1.09002033771476,4.02374594356277,-9.52752663822334e-05,5.99236966027414e-05,0.00701704322123834,0.100801721413475,0
8430,0,0,200,210.526315789474,32.1713602444096,6.54390470872479,3.25647766759974,10.5263157894737,0.907906433771627,0.819878597381316,0.320392623439607,293.15,1,0,1,0,1,1,1.09065078478747,4.0214200305512,-9.53303717878055e-05,5.99583553313922e-05,0.00704945016267674,0.102589661217646,0
8460,0,0,200,210.526315789474,32.1527674216384,6.5476888203344,3.25556786898446,10.5263157894737,0.904618229181998,0.817017859388339,0.322191894142912,293.15,1,0,1,0,1,1,1.09128147005573,4.0190959277048,-9.53854980133066e-05,5.99930271548067e-05,0.0070826957374565,0.104378637089496,0
8490,0,0,200,210.526315789474,32.1341885159,6.55147447352856,3.25482664700564,10.5263157894737,0.901328123305727,0.814155467275982,0.323992205210117,293.15,1,0,1,0,1,1,1.09191241225476,4.01677356448751,-9.54406466963211e-05,6.00277131029493e-05,0.00711678285489296,0.106168649131303,0
8520,0,0,200,210.526315789474,32.1156229246106,6.55526178905733,3.25425030292461,10.5263157894737,0.898036115338428,0.811291420344432,0.325793557081375,293.15,1,0,1,0,1,1,1.09254363150956,4.01445286557633,-9.54958195959133e-05,6.00624142821892e-05,0.00715171444197714,0.107959697454713,0
8550,0,0,200,210.526315789474,32.0970700089161,6.55905089564227,3.25383533846256,10.5263157894737,0.894742204413043,0.808425717839347,0.327595950231131,293.15,1,0,1,0,1,1,1.09317514927371,4.01213375111451,-9.55510185872746e-05,6.00971318719343e-05,0.0071874934434483,0.109751782183978,0
8580,0,0,200,210.526315789474,32.0785290955648,6.56284192963764,3.25357844380175,10.5263157894737,0.89144638959592,0.80555835894845,0.329399385170267,293.15,1,0,1,0,1,1,1.09380698827294,4.0098161369456,-9.56062456567882e-05,6.01318671215269e-05,0.007224122821907,0.111544903459025,0
8610,0,0,200,210.526315789474,32.05999947864,6.56663503471785,3.25347648648005,10.5263157894737,0.88814866988306,0.802689342798262,0.331203862448163,293.15,1,0,1,0,1,1,1.09443917245297,4.00749993483001,-9.56615028974757e-05,6.016662134738e-05,0.00726160555796617,0.113339061438359,0
8640,0,0,200,210.526315789474,32.0414804211649,6.57043036158876,3.25352650110153,10.5263157894737,0.884849044196515,0.799818668450968,0.333009382654661,293.15,1,0,1,0,1,1,1.09507172693146,4.00518505264561,-9.5716792504792e-05,6.02013959303322e-05,0.00729994465043755,0.115134256301822,0
8670,0,0,200,210.526315789474,32.0229711565896,6.57422806772106,3.25372567979409,10.5263157894737,0.881547511380919,0.7969463349014,0.334815946421962,293.15,1,0,1,0,1,1,1.09570467795351,4.00287139457371,-9.57721167727402e-05,6.02361923132046e-05,0.00733914311655159,0.116930488253211,0
8700,0,0,200,210.526315789474,32.0044708901723,6.57802831710367,3.25407136335132,10.5263157894737,0.878244070200159,0.794072341074138,0.336623554426458,293.15,1,0,1,0,1,1,1.09633805285061,4.00055886127154,-9.58274780902801e-05,6.02710119985411e-05,0.00737920399220868,0.118727757522776,0
8730,0,0,200,210.526315789474,31.9859788002604,6.58183128001572,3.2545610330019,10.5263157894737,0.87493871933415,0.791196685820711,0.338432207390483,293.15,1,0,1,0,1,1,1.09697188000262,3.99824735003255,-9.58828789380059e-05,6.030585654652e-05,0.00742013033226,0.120526064369602,0
8760,0,0,200,210.526315789474,31.9674940394824,6.58563713281551,3.2551923027555,10.5263157894737,0.871631457375739,0.788319367916893,0.340241906084017,293.15,1,0,1,0,1,1,1.09760618880258,3.9959367549353,-9.59383218850724e-05,6.03407275730196e-05,0.00746192521081664,0.122325409083878,0
8790,0,0,200,210.526315789474,31.9490157358557,6.58944605774521,3.25596291227841,10.5263157894737,0.868322282827692,0.785440386060092,0.34205265132633,293.15,1,0,1,0,1,1,1.0982410096242,3.99362696698196,-9.5993809586349e-05,6.0375626747829e-05,0.00750459172158512,0.124125791989078,0
8820,0,0,200,210.526315789474,31.9305429938179,6.59325824275001,3.25687072025701,10.5263157894737,0.86501119409979,0.782559738866817,0.343864443987573,293.15,1,0,1,0,1,1,1.09887637379167,3.99131787422724,-9.60493447797858e-05,6.0410555792991e-05,0.00754813297822864,0.125927213444039,0
8850,0,0,200,210.526315789474,31.9120748951882,6.5970738813106,3.25791369821046,10.5263157894737,0.861698189506004,0.779677424870224,0.345677284990324,293.15,1,0,1,0,1,1,1.09951231355177,3.98900936189852,-9.61049302839734e-05,6.04455164812674e-05,0.00759255211475235,0.127729673844967,0
8880,0,0,200,210.526315789474,31.8936105000616,6.60089317228813,3.25908992471789,10.5263157894737,0.858383267261755,0.776793442517727,0.347491175311085,293.15,1,0,1,0,1,1,1.10014886204802,3.9867013125077,-9.6160568995883e-05,6.04805106347182e-05,0.00763785228591197,0.129533173627355,0
8910,0,0,200,210.526315789474,31.8751488476452,6.60471631978047,3.26039758002827,10.5263157894737,0.855066425481248,0.773907790168686,0.349306115981744,293.15,1,0,1,0,1,1,1.10078605329675,3.98439360595565,-9.62162638887745e-05,6.05155401233849e-05,0.0076840366676448,0.131337713267833,0
8940,0,0,200,210.526315789474,31.8566889570363,6.60854353298929,3.26183494102399,10.5263157894737,0.851747662174872,0.771020466092139,0.351122108090993,293.15,1,0,1,0,1,1,1.10142392216488,3.98208611962954,-9.62720180102582e-05,6.05506068640722e-05,0.00773110845752202,0.133143293285953,0
8970,0,0,200,210.526315789474,31.8382298279509,6.61237502609684,3.26340037651159,10.5263157894737,0.848426975246674,0.768131468464606,0.352939152785718,293.15,1,0,1,0,1,1,1.10206250434947,3.97977872849386,-9.63278344805008e-05,6.05857128192194e-05,0.00777907087522203,0.134949914245907,0
9000,0,0,200,210.526315789474,31.8197704414022,6.61621101815204,3.26509234281559,10.5263157894737,0.845104362491878,0.765240795367934,0.354757251272346,293.15,1,0,1,0,1,1,1.10270183635867,3.97747130517527,-9.63837164905658e-05,6.06208599958565e-05,0.00782792716302357,0.136757576758193,0
9030,0,0,200,210.526315789474,31.8013097603365,6.62005173296504,3.2669093796532,10.5263157894737,0.841779821594474,0.762348444787192,0.356576404818176,293.15,1,0,1,0,1,1,1.10334195549417,3.97516372004206,-9.64396673008774e-05,6.06560504446382e-05,0.00787768058631859,0.138566281481222,0
9060,0,0,200,210.526315789474,31.7828467302262,6.62389739900983,3.26885010626973,10.5263157894737,0.838453350124847,0.759454414608617,0.358396614752666,293.15,1,0,1,0,1,1,1.10398289983497,3.97285584127828,-9.64956902398014e-05,6.06912862589514e-05,0.0079283344341439,0.140376029122882,0
9090,0,0,200,210.526315789474,31.7643802796255,6.62774824933421,3.27091321781596,10.5263157894737,0.83512494553746,0.75655870261759,0.360217882468708,293.15,1,0,1,0,1,1,1.10462470822237,3.97054753495318,-9.65517887023344e-05,6.07265695740903e-05,0.0079798920197314,0.142186820442048,0
9120,0,0,200,210.526315789474,31.7459093206889,6.63160452147681,3.27309748195059,10.5263157894737,0.831794605168573,0.753661306496658,0.362040209423871,293.15,1,0,1,0,1,1,1.10526742024614,3.96823866508612,-9.66079661488946e-05,6.07619025664965e-05,0.00803235668107636,0.143998656250055,0
9150,0,0,200,210.526315789474,31.7274327496582,6.63546645739063,3.27540173565207,10.5263157894737,0.828462326234011,0.75076222382359,0.363863597141626,293.15,1,0,1,0,1,1,1.10591107623177,3.96592909370727,-9.66642261042075e-05,6.07972874530581e-05,0.00808573178152335,0.145811537412132,0
9180,0,0,200,210.526315789474,31.7089494473161,6.63933430337262,3.27782488222532,10.5263157894737,0.825128105826964,0.747861452069459,0.36568804721255,293.15,1,0,1,0,1,1,1.10655571722877,3.96361868091451,-9.67205721562808e-05,6.08327264904643e-05,0.00814002071036966,0.147625464848793,0
9200,0,0,200,210.526315789474,31.6966229466202,6.64191627429893,3.27950585212421,10.5263157894737,0.822904212134549,0.745926664557057,0.366904938272385,293.15,1,0,1,0,1,1,1.10698604571649,3.96207786832753,-9.67581858226325e-05,6.08563837313848e-05,0.00817672269778154,0.148835331550404,0
9200,734.94,734.940000000292,200,-524.413684210818,33.504333481766,-15.6521151061315,14.9659209843948,10.5263157894737,0.822904212134549,0.745926664557057,0.366904938272385,293.15,1,0,1,0,1,1,-2.60868585102192,4.18804168522075,0.000228017066071216,-0.000143412094306637,-0.0188491591632475,0.0119583147792461,0
9230,734.94,734.94,200,-524.413684210526,33.5505216525635,-15.6305672275727,14.9852873694635,10.5263157894737,0.830761459833324,0.752762470054992,0.362605535602124,293.15,1,0,1,0,1,1,-2.60509453792878,4.19381520657044,0.00022770316063315,-0.000143214662434265,-0.0185942480378735,0.00618479342956313,0
9260,734.94,734.94,200,-524.413684210526,33.5969724566673,-15.6089565774685,15.0062362578274,10.5263157894737,0.838607867875153,0.759588845051383,0.358312064277266,293.15,1,0,1,0,1,1,-2.60149276291142,4.19962155708341,0.000227388340751031,-0.000143016655419254,-0.0183507919944289,0.000378442916587396,0
9290,734.94,715.978688083464,200,-505.45237229399,33.5999999999988,-15.0432253658931,13.9910179521745,10.5263157894737,0.846314948941481,0.766294005579088,0.354094831196826,293.15,1,0,1,0,1,2,-2.50720422764885,4.19999999999985,0.000219146874969974,-0.000137833158025034,-0.0174939297290156,1.47437617670221e-13,0
9320,734.94,696.489378662109,200,-485.963062872636,33.5999999999989,-14.4631863950194,12.9798126772658,10.5263157894737,0.853725055488344,0.772740798274859,0.350040099426124,293.15,1,0,1,0,1,2,-2.41053106583657,4.19999999999986,0.000210696976445156,-0.000132518566161352,-0.0166494853272813,1.4299672557172e-13,0
9350,734.94,677.780735616597,200,-467.254419827123,33.5999999999989,-13.9063815424744,12.0415378337877,10.5263157894737,0.860849665029554,0.778939208575712,0.34614158859124,293.15,1,0,1,0,1,2,-2.31773025707906,4.19999999999986,0.000202585548181904,-0.000127416856297725,-0.0158576551662024,1.35891298214119e-13,0
9380,734.94,659.819133230969,200,-449.292817441495,33.599999999999,-13.3718100429021,11.170850547144,10.5263157894737,0.867700195187508,0.784899169813132,0.342393051090201,293.15,1,0,1,0,1,2,-2.22863500715034,4.19999999999987,0.000194798011218928,-0.000122518858947816,-0.0151141289320514,1.30562227695918e-13,0
9410,734.94,642.572786781316,200,-432.046470991843,33.599999999999,-12.8585259223766,10.3628235386369,10.5263157894737,0.874287574841404,0.790630190112022,0.338788506756134,293.15,1,0,1,0,1,2,-2.14308765372944,4.19999999999988,0.00018732058478617,-0.00011781590665033,-0.0144150289934093,1.24344978758018e-13,0
9440,734.94,626.011589402249,200,-415.485273612775,33.5999999999991,-12.3656331432377,9.61290757029934,10.5263157894737,0.880622270403312,0.796141375250881,0.335322228479276,293.15,1,0,1,0,1,2,-2.06093885720628,4.19999999999988,0.00018014021557569,-0.000113299789483696,-0.0137568614375463,1.18127729820117e-13,0
9470,734.94,610.106969993303,200,-399.580654203829,33.5999999999991,-11.8922813751143,8.91689820972696,10.5263157894737,0.886714309816669,0.801441449540502,0.331988729075254,293.15,1,0,1,0,1,2,-1.98204689585238,4.19999999999989,0.000173244516134735,-0.000108962716318183,-0.0131364730870587,1.10134124042816e-13,0
9500,734.94,594.831769137858,200,-384.305453348384,33.5999999999992,-11.4376623020355,8.27090629157412,10.5263157894737,0.89257330456853,0.806538774974621,0.328782749240213,293.15,1,0,1,0,1,2,-1.90627705033926,4.1999999999999,0.00016662171106842,-0.000104797280979899,-0.012551013712874,1.03916875104915e-13,0
9530,734.94,580.160130445332,200,-369.633814655858,33.5999999999992,-11.0010063885675,7.6713315544138,10.5263157894737,0.898208469965002,0.811441368869552,0.325699246456315,293.15,1,0,1,0,1,2,-1.83350106476124,4.1999999999999,0.000160260589929422,-0.000100796432620606,-0.0119979027715972,9.76996261670138e-14,0
9560,734.94,566.067405102477,200,-355.541089313004,33.5999999999993,-10.5815800390777,7.11483901615295,10.5263157894737,0.903628643883485,0.816156920178632,0.322733384730709,293.15,1,0,1,0,1,2,-1.76359667317962,4.19999999999991,0.000154150465834683,-9.69534496895547e-05,-0.0114748000894075,9.14823772291129e-14,0
9590,734.94,552.530067740254,200,-342.00375195078,33.5999999999993,-10.1786830937734,6.59833772121288,10.5263157894737,0.908842304184658,0.820692804640652,0.31988052506788,293.15,1,0,1,0,1,2,-1.69644718229557,4.19999999999992,0.000148281138988156,-9.32619169909993e-05,-0.010979579994375,8.43769498715119e-14,0
9620,734.94,539.525641997635,200,-328.999326208161,33.5999999999994,-9.79164661333831,6.11896155079228,10.5263157894737,0.913857584940984,0.825056098898656,0.317136216589579,293.15,1,0,1,0,1,2,-1.63194110222305,4.19999999999992,0.000142642864407823,-8.97157053859923e-05,-0.0105103084666667,7.8159700933611e-14,0
9650,734.94,527.032634398898,200,-316.506318609425,33.5999999999994,-9.41983091099495,5.67405183577609,10.5263157894737,0.918682291616091,0.829253593705999,0.314496188228832,293.15,1,0,1,0,1,2,-1.56997181849916,4.19999999999993,0.000137226323257143,-8.63089537612061e-05,-0.0100652229336446,7.28306304154103e-14,0
9680,734.94,515.030475362399,200,-304.504159572926,33.5999999999994,-9.06262379681341,5.26114155195836,10.5263157894737,0.923323915310244,0.833291806319912,0.311956340934964,293.15,1,0,1,0,1,2,-1.5104372994689,4.19999999999993,0.000132022597268473,-8.30360529424576e-05,-0.0096427143860037,6.92779167366098e-14,0
9710,734.94,503.499466331519,200,-292.973150542045,33.5999999999995,-8.71943900422766,4.87794091062085,10.5263157894737,0.927789646170797,0.837176992168593,0.309512740335543,293.15,1,0,1,0,1,2,-1.45323983403794,4.19999999999994,0.000127023145820853,-7.98916312777056e-05,-0.00924131153320083,5.86197757002083e-14,0
9740,734.94,492.420732166023,200,-281.894416376549,33.5999999999995,-8.3897147731117,4.52232418529106,10.5263157894737,0.932086386052537,0.840915155865707,0.307161609808775,293.15,1,0,1,0,1,2,-1.39828579551862,4.19999999999994,0.00012221978529853,-7.68705416545235e-05,-0.00885966675258952,6.03961325396085e-14,0
9770,734.94,481.776178059279,200,-271.249862269805,33.5999999999995,-8.07291256755385,4.19231763869939,10.5263157894737,0.936220760500925,0.844512061635805,0.3048993239264,293.15,1,0,1,0,1,2,-1.34548542792564,4.19999999999994,0.000117604670411731,-7.39678497517394e-05,-0.00849654361786682,6.3948846218409e-14,0
9800,734.94,471.548450354146,200,-261.022134564672,33.5999999999995,-7.76851590966298,3.8860884332662,10.5263157894737,0.940199130121095,0.847973243205353,0.3027224022327,293.15,1,0,1,0,1,2,-1.2947526516105,4.19999999999993,0.000113170277207776,-7.11788233542163e-05,-0.00815080581932825,6.57252030578093e-14,0
9830,734.94,461.720900724025,200,-251.194584934551,33.5999999999995,-7.47602931352843,3.60193442465773,10.5263157894737,0.944027601386791,0.851304013206508,0.300627503329956,293.15,1,0,1,0,1,2,-1.24600488558807,4.19999999999993,0.000108909387541201,-6.84989225852881e-05,-0.00782140731177226,6.57252030578093e-14,0
9860,734.94,452.277553264515,200,-241.751237475042,33.5999999999995,-7.19497730580492,3.33827475148067,10.5263157894737,0.947712036936075,0.854509472134385,0.298611419244754,293.15,1,0,1,0,1,2,-1.19916288430082,4.19999999999993,0.000104815074805829,-6.59237909328941e-05,-0.00750738354611617,6.75015598972095e-14,0
9890,734.94,443.203074108904,200,-232.676758319431,33.5999999999995,-6.92490352141173,3.09364114555115,10.5263157894737,0.951258065394347,0.857594516893082,0.296671070052925,293.15,1,0,1,0,1,2,-1.15415058690196,4.19999999999993,0.000100880690761084,-6.34492469639468e-05,-0.00720784365838073,6.57252030578093e-14,0
9920,734.94,434.48274323878,200,-223.956427449306,33.5999999999995,-6.66536986456278,2.86666989673508,10.5263157894737,0.954671090759883,0.860563848961098,0.294803498743885,293.15,1,0,1,0,1,2,-1.11089497742713,4.19999999999993,9.7099853310032e-05,-6.10712766372919e-05,-0.00692196350503408,6.66133814775094e-14,0
9950,734.94,426.102428210605,200,-215.576112421132,33.5999999999995,-6.4159557268195,2.65609441441833,10.5263157894737,0.957956301382571,0.863421982202837,0.29300586630756,293.15,1,0,1,0,1,2,-1.06932595446992,4.19999999999993,9.34664351081286e-05,-5.8786026139138e-05,-0.00664897944706884,6.57252030578093e-14,0
9980,734.94,418.048559561141,200,-207.522243771668,33.5999999999995,-6.17625725510925,2.46073833447536,10.5263157894737,0.961118678562669,0.866173250349522,0.291275447029242,293.15,1,0,1,0,1,2,-1.02937620918487,4.19999999999993,8.99745528998438e-05,-5.65897951762951e-05,-0.00638818279687664,6.57252030578093e-14,0
10010,734.94,410.308107690703,200,-199.781791901229,33.5999999999995,-5.94588666372715,2.27950912639199,10.5263157894737,0.964163004793129,0.868821814170022,0.289609623979471,293.15,1,0,1,0,1,2,-0.990981110621192,4.19999999999993,8.66185574960368e-05,-5.44790306724089e-05,-0.00613891485222733,6.57252030578093e-14,0
10040,734.94,402.868561053805,200,-192.342245264331,33.5999999999995,-5.72447158524803,2.11139216012107,10.5263157894737,0.967093871666292,0.871371668349674,0.288005884687578,293.15,1,0,1,0,1,2,-0.954078597541339,4.19999999999994,8.33930243181623e-05,-5.24503208207084e-05,-0.0059005624506308,6.21724893790088e-14,0
10070,734.94,395.717905512742,200,-185.191589723268,33.5999999999995,-5.51165445604972,1.95544519646198,10.5263157894737,0.969915687463378,0.873826648093138,0.286461816988801,293.15,1,0,1,0,1,2,-0.918609076008286,4.19999999999994,8.02927444466905e-05,-5.05003894538798e-05,-0.0056725539852324,6.03961325396085e-14,0
10100,734.94,388.844604731748,200,-178.318288942274,33.5999999999995,-5.30709193280586,1.81079326837409,10.5263157894737,0.972632684443207,0.87619043546559,0.284975105035964,293.15,1,0,1,0,1,2,-0.884515322134309,4.19999999999994,7.73127161206838e-05,-4.8626090697697e-05,-0.00545435583030748,5.95079541199084e-14,0
10130,734.94,382.237581508067,200,-171.711265718594,33.5999999999995,-5.11045433686298,1.67662392375889,10.5263157894737,0.975248925844945,0.878466565485102,0.283543525467659,293.15,1,0,1,0,1,2,-0.851742389477163,4.19999999999994,7.44481366435863e-05,-4.68244038801408e-05,-0.00524546913049846,5.86197757002083e-14,0
10160,734.94,375.886199952143,200,-165.359884162669,33.5999999999996,-4.92142512388902,1.55218280295924,10.5263157894737,0.97776831261817,0.880658431977808,0.282164943725618,293.15,1,0,1,0,1,2,-0.82023752064817,4.19999999999994,7.16943946571637e-05,-4.50924286720674e-05,-0.00504542691328679,5.59552404411079e-14,0
10190,734.94,369.780248442378,200,-159.253932652904,33.5999999999996,-4.73970037657459,1.43676952658964,10.5263157894737,0.980194589892405,0.882769293206393,0.280837310514657,293.15,1,0,1,0,1,2,-0.789950062762431,4.19999999999995,6.90470627512708e-05,-4.34273804390974e-05,-0.00485379148889583,5.32907051820075e-14,0
10220,734.94,363.909923291299,200,-153.383607501825,33.5999999999996,-4.56498831850675,1.32973387139251,10.5263157894737,0.982531353197208,0.884802277281571,0.279558658399107,293.15,1,0,1,0,1,2,-0.760831386417792,4.19999999999995,6.65018903820562e-05,-4.18265857874969e-05,-0.00467015210597119,5.32907051820075e-14,0
10250,734.94,358.26581306936,200,-147.739497279886,33.5999999999996,-4.39700884761571,1.23047221365066,10.5263157894737,0.984782054443032,0.886760387365437,0.278327098530152,293.15,1,0,1,0,1,2,-0.732834807935951,4.19999999999995,6.40547970753013e-05,-4.02874782893947e-05,-0.00449412283503843,4.9737991503207e-14,0
10280,734.94,352.838883540432,200,-142.312567750958,33.5999999999996,-4.23549308782618,1.13842422131348,10.5263157894737,0.986950007672349,0.888646506674944,0.277140817498872,293.15,1,0,1,0,1,2,-0.705915514637697,4.19999999999995,6.17018658949625e-05,-3.88075943748004e-05,-0.00432534065495603,4.79616346638068e-14,0
10310,734.94,347.62046316994,200,-137.094147380467,33.5999999999996,-4.08018295775203,1.05306977745729,10.5263157894737,0.98903839458988,0.890463403293195,0.275998074310164,293.15,1,0,1,0,1,2,-0.680030492958671,4.19999999999995,5.94393371599945e-05,-3.73845693797794e-05,-0.00416346372043325,4.70734562441066e-14,0
10340,734.94,342.602229171825,200,-132.075913382352,33.5999999999996,-3.93083075542718,0.973926119002602,10.5263157894737,0.991050269880218,0.89221373479579,0.274897197472991,293.15,1,0,1,0,1,2,-0.655138459237863,4.19999999999995,5.72636023947904e-05,-3.60161337415617e-05,-0.00400816979118112,4.70734562441066e-14,0
10370,734.94,337.776194065324,200,-127.24987827585,33.5999999999997,-3.78719875820986,0.900545175797086,10.5263157894737,0.992988566320707,0.893900052699015,0.273836582202672,293.15,1,0,1,0,1,2,-0.631199793034977,4.19999999999996,5.51711985006604e-05,-3.47001093326746e-05,-0.00385915480548567,4.2632564145606e-14,0
10400,734.94,333.13469271624,200,-122.608376926767,33.5999999999996,-3.64905883710619,0.83251109624389,10.5263157894737,0.994856099696972,0.895524806736365,0.272814687731156,293.15,1,0,1,0,1,2,-0.608176472851032,4.19999999999996,5.31588021373708e-05,-3.34344059271923e-05,-0.00371613158294367,4.44089209850063e-14,0
10430,734.94,328.670369840761,200,-118.144054051287,33.5999999999997,-3.51619208485978,0.769437946636628,10.5263157894737,0.996655573528204,0.897090348969538,0.271830034721391,293.15,1,0,1,0,1,2,-0.586032014143297,4.19999999999996,5.12232243052241e-05,-3.22170177931174e-05,-0.00357882864283483,4.17443857259059e-14,0
10460,734.94,324.37616795205,200,-113.849852162576,33.5999999999997,-3.38838845721956,0.710967572252291,10.5263157894737,0.998389583608952,0.898598937739788,0.270881202782112,293.15,1,0,1,0,1,2,-0.564731409536594,4.19999999999996,4.93614051191152e-05,-3.10460204055063e-05,-0.00344698912611816,3.90798504668055e-14,0
10490,734.94,320.245315732447,200,-109.718999942974,33.5999999999997,-3.26544642687424,0.656767609083868,10.5263157894737,1.0000606223739,0.900052741465296,0.269966828079472,293.15,1,0,1,0,1,2,-0.544241071145707,4.19999999999996,4.75704087671144e-05,-2.99195672756525e-05,-0.00332036981040169,3.90798504668055e-14,0
10520,734.94,316.271316815624,200,-105.745001026151,33.5999999999997,-3.14717264958784,0.606529635850629,10.5263157894737,1.00167108309191,0.901453842289966,0.269085601042115,293.15,1,0,1,0,1,2,-0.524528774931307,4.19999999999996,4.58474186467925e-05,-2.8835886892063e-05,-0.00319874020842047,3.64153152077051e-14,0
10550,734.94,312.447938964335,200,-101.921623174862,33.5999999999997,-3.033381642109,0.559967456625128,10.5263157894737,1.0032232638953,0.902804239588912,0.268236264156395,293.15,1,0,1,0,1,2,-0.505563607018167,4.19999999999996,4.41897326730643e-05,-2.779327976931e-05,-0.0030818817416072,3.64153152077051e-14,0
10580,734.94,308.769203630924,200,-98.2428878414499,33.5999999999997,-2.92389547147175,0.516815505072314,10.5263157894737,1.0047193716502,0.904105853335674,0.26741760984855,293.15,1,0,1,0,1,2,-0.487315911911958,4.19999999999996,4.25947587519806e-05,-2.67901156012577e-05,-0.00296958698128282,3.5527136788005e-14,0
10610,734.94,305.229375888306,200,-94.7030600988323,33.5999999999997,-2.81854345532241,0.476827361896647,10.5263157894737,1.00616152567365,0.905360527336074,0.266628478450757,293.15,1,0,1,0,1,2,-0.469757242553735,4.19999999999997,4.10600104151473e-05,-2.58248305153152e-05,-0.00286165895080702,3.46389583683049e-14,0
10640,734.94,301.822954720185,200,-91.2966389307114,33.5999999999997,-2.71716187293786,0.439774377660193,10.5263157894737,1.00755176130282,0.906570032333451,0.265867756248086,293.15,1,0,1,0,1,2,-0.45286031215631,4.19999999999997,3.95831026098931e-05,-2.48959244246493e-05,-0.00275791048276648,3.19744231092045e-14,0
10670,734.94,298.544663659725,200,-88.0183478702514,33.5999999999998,-2.61959368661464,0.405444393658329,10.5263157894737,1.0088920333217,0.907736068989883,0.265134373603451,293.15,1,0,1,0,1,2,-0.436598947769107,4.19999999999997,3.81617476405194e-05,-2.40019584754192e-05,-0.00265816362591988,3.01980662698043e-14,0
10700,734.94,295.389441766438,200,-84.8631259769642,33.5999999999998,-2.52568827312395,0.373640554030244,10.5263157894737,1.0101842192504,0.908860270747846,0.264427303157757,293.15,1,0,1,0,1,2,-0.420948045520659,4.19999999999997,3.67937512561864e-05,-2.31415525862397e-05,-0.00256224909719077,3.10862446895044e-14,0
10730,734.94,292.352434931489,200,-81.8261191420154,33.5999999999998,-2.43530116494095,0.344180202739954,10.5263157894737,1.01143012250192,0.909944206576671,0.263745558102511,293.15,1,0,1,0,1,2,-0.405883527490159,4.19999999999997,3.5477008881191e-05,-2.23133830772021e-05,-0.00247000577450718,3.10862446895044e-14,0
10760,734.94,289.428987501861,200,-78.9026717123872,33.5999999999998,-2.34829380096392,0.316893859490482,10.5263157894737,1.01263147541147,0.91098938360798,0.263088190522251,293.15,1,0,1,0,1,2,-0.391382300160654,4.19999999999997,3.42095019834899e-05,-2.15161803858446e-05,-0.00238128022673211,2.93098878501041e-14,0
10790,734.94,286.61463421419,200,-76.0883184247166,33.5999999999998,-2.26453328644991,0.291624269035233,10.5263157894737,1.01378994214277,0.911997249664209,0.262454289804227,293.15,1,0,1,0,1,2,-0.377422214408319,4.19999999999997,3.29892945774878e-05,-2.0748726867569e-05,-0.00229592627732948,2.66453525910038e-14,0
10800,734.94,285.700014269318,200,-75.173698479844,33.5999999999998,-2.23731245475728,0.283623709344721,10.5263157894737,1.01416684562195,0.912325155691097,0.262248052214813,293.15,1,0,1,0,1,2,-0.372885409126213,4.19999999999997,3.25927466262053e-05,-2.04993167108369e-05,-0.00226819993373764,2.75335310107039e-14,0
10800,734.94,285.700014269318,200,-75.173698479844,33.5999999999998,-2.23731245475728,0.283623709344721,10.5263157894737,1.01416684562195,0.912325155691097,0.262248052214813,293.15,1,0,1,0,1,2,-0.372885409126213,4.19999999999997,3.25927466262053e-05,-2.04993167108369e-05,-0.00226819993373764,2.75335310107039e-14,0
10830,734.94,283.024488437064,200,-72.4981726475903,33.5999999999998,-2.15768370974973,0.260817988708056,10.5263157894737,1.01527060686019,0.913285427968364,0.261644085762826,293.15,1,0,1,0,1,2,-0.359613951624954,4.19999999999998,3.14327300604926e-05,-1.97697204223411e-05,-0.00218712584599526,2.48689957516035e-14,0
10860,734.94,280.448335127327,200,-69.9220193378534,33.5999999999998,-2.08101248029327,0.239704795015379,10.5263157894737,1.01633511530585,0.914211550316092,0.261061598022937,293.15,1,0,1,0,1,2,-0.346835413382211,4.19999999999998,3.03157980245222e-05,-1.90672222925447e-05,-0.00210910826417892,2.48689957516035e-14,0
10890,734.94,277.967669247702,200,-67.4413534582282,33.5999999999998,-2.00718313863776,0.220161597814484,10.5263157894737,1.01736182738822,0.915104789827754,0.26049979205248,293.15,1,0,1,0,1,2,-0.334530523106293,4.19999999999998,2.9240266074999e-05,-1.83907628852184e-05,-0.00203402241739853,2.39808173319034e-14,0
10920,734.94,275.578764504164,200,-65.0524487146899,33.5999999999998,-1.93608478317531,0.202074701169693,10.5263157894737,1.01835214264773,0.915966364103522,0.259957902037766,293.15,1,0,1,0,1,2,-0.322680797195884,4.19999999999998,2.82045186181786e-05,-1.77393260672874e-05,-0.00196174922113251,2.22044604925031e-14,0
10950,734.94,273.278046838467,200,-62.7517310489932,33.5999999999998,-1.86761104312481,0.185338605335691,10.5263157894737,1.01930740606068,0.916797443272791,0.259435192022006,293.15,1,0,1,0,1,2,-0.311268507187468,4.19999999999998,2.72070060645479e-05,-1.71119372192586e-05,-0.00189217497700823,2.39808173319034e-14,0
10980,734.94,271.062088120946,200,-60.5357723314723,33.5999999999998,-1.80165989081764,0.169855414525318,10.5263157894737,1.02022891026784,0.917599151933018,0.258930954685881,293.15,1,0,1,0,1,2,-0.300276648469606,4.19999999999998,2.62462420942391e-05,-1.6507661515293e-05,-0.00182519109178373,2.1316282072803e-14,0
11010,734.94,268.927600090507,200,-58.4012843010334,33.5999999999998,-1.73813346134029,0.155534287476988,10.5263157894737,1.0211178977105,0.918372571008134,0.258444510178677,293.15,1,0,1,0,1,2,-0.289688910223381,4.19999999999998,2.53208010296171e-05,-1.59256022706865e-05,-0.00176069381399625,2.1316282072803e-14,0
11040,734.94,266.87142853409,200,-56.3451127446159,33.5999999999998,-1.67693787930405,0.142290927758932,10.5263157894737,1.02197556267782,0.919118739529701,0.257975204998028,293.15,1,0,1,0,1,2,-0.279489646550676,4.19999999999998,2.44293153116929e-05,-1.53648993546511e-05,-0.00169858398690141,1.95399252334028e-14,0
11070,734.94,264.89054769757,200,-54.364231908096,33.5999999999999,-1.61798309250287,0.130047110958018,10.5263157894737,1.02280305326883,0.91983865634388,0.257522410916309,293.15,1,0,1,0,1,2,-0.269663848750478,4.19999999999998,2.35704730768824e-05,-1.48247276662096e-05,-0.00163876681644622,1.86517468137026e-14,0
11100,734.94,262.982054920558,200,-52.4557391310839,33.5999999999999,-1.56118271223465,0.118730246103026,10.5263157894737,1.0236014732726,0.920533281747159,0.25708552395184,293.15,1,0,1,0,1,2,-0.260197118705774,4.19999999999998,2.2743015830838e-05,-1.43042956711441e-05,-0.00158115165314677,1.86517468137026e-14,0
11130,734.94,261.143165487477,200,-50.6168496980035,33.5999999999998,-1.50645386005963,0.108272968857136,10.5263157894737,1.02437188396979,0.921203539053715,0.256663963383091,293.15,1,0,1,0,1,2,-0.251075643343272,4.19999999999998,2.19457362160527e-05,-1.38028439979231e-05,-0.00152565178684057,1.95399252334028e-14,0
11160,734.94,259.371207687498,200,-48.8448918980244,33.5999999999999,-1.45371702077454,0.0986127641885141,10.5263157894737,1.02511530585881,0.921850316097166,0.256257170804145,293.15,1,0,1,0,1,2,-0.24228617012909,4.19999999999998,2.11774758700152e-05,-1.33196440905812e-05,-0.00147218425337852,1.86517468137026e-14,0
11190,734.94,257.663618076093,200,-47.1373022866196,33.5999999999999,-1.40289590138749,0.0896916163903279,10.5263157894737,1.02583272030965,0.922474466669397,0.255864609219749,293.15,1,0,1,0,1,2,-0.233815983564582,4.19999999999998,2.04371233707833e-05,-1.28539969165805e-05,-0.00142066965240709,1.68753899743024e-14,0
11220,734.94,256.01793693107,200,-45.4916211415968,33.5999999999999,-1.35391729588086,0.0814556844721545,10.5263157894737,1.02652507114829,0.923076811899009,0.255485762178329,293.15,1,0,1,0,1,2,-0.22565288264681,4.19999999999998,1.97236122668746e-05,-1.24052317277037e-05,-0.00137103197546429,1.68753899743024e-14,0
11250,734.94,254.431803896072,200,-43.9054881065982,33.5999999999999,-1.30671095555352,0.073855001085564,10.5263157894737,1.02719326617461,0.92365814157191,0.255120132941405,293.15,1,0,1,0,1,2,-0.21778515925892,4.19999999999998,1.90359191884368e-05,-1.19727048720685e-05,-0.00132319844367987,1.59872115546023e-14,0
11280,734.94,252.902953804762,200,-42.3766380152882,33.5999999999999,-1.26120946474073,0.0668431932781902,10.5263157894737,1.02783817861656,0.924219215396407,0.254767243687902,293.15,1,0,1,0,1,2,-0.210201577456788,4.19999999999998,1.83730620367579e-05,-1.1555798655414e-05,-0.00127709935443293,1.59872115546023e-14,0
11310,734.94,251.429212679008,200,-40.9028968895339,33.5999999999999,-1.21734812171232,0.0603772234923088,10.5263157894737,1.02846064852314,0.924760764215134,0.254426634751908,293.15,1,0,1,0,1,2,-0.202891353618721,4.19999999999999,1.77340982492144e-05,-1.11539202498341e-05,-0.00123266793637194,1.50990331349021e-14,0
11340,734.94,250.008493894558,200,-39.4821781050842,33.5999999999999,-1.17506482455608,0.0544171493378361,10.5263157894737,1.02906148409887,0.92528349116602,0.254097863892478,293.15,1,0,1,0,1,2,-0.195844137426013,4.19999999999999,1.71181231368408e-05,-1.07665006481861e-05,-0.00118984021225211,1.33226762955019e-14,0
11370,734.94,248.638794507878,200,-38.1124787184039,33.5999999999999,-1.13429996185726,0.0489259007753372,10.5263157894737,1.02964146298211,0.925788072794435,0.253780505594143,293.15,1,0,1,0,1,2,-0.189049993642877,4.19999999999999,1.65242682917701e-05,-1.03929936624452e-05,-0.0011485548690888,1.24344978758018e-14,0
11400,734.94,247.318191737982,200,-36.791875948508,33.5999999999999,-1.09499630799131,0.0438690734430931,10.5263157894737,1.03020133346963,0.926275160118582,0.253474150396834,293.15,1,0,1,0,1,2,-0.182499384665219,4.19999999999999,1.59517000618776e-05,-1.00328749643269e-05,-0.00110875313516571,1.4210854715202e-14,0
11430,734.94,246.044839597244,200,-35.5185238077705,33.5999999999999,-1.05709892285032,0.0392147369535781,10.5263157894737,1.03074181568977,0.926745379650098,0.253178404253966,293.15,1,0,1,0,1,2,-0.176183153808386,4.19999999999999,1.53996180900145e-05,-9.68564116653257e-06,-0.00107037866347148,1.24344978758018e-14,0
11460,734.94,244.81696566533,200,-34.2906498758565,33.5999999999999,-1.02055505582907,0.0349332570697539,10.5263157894737,1.03126360272617,0.927199334371771,0.252892887917504,293.15,1,0,1,0,1,2,-0.170092509304845,4.19999999999999,1.48672539152955e-05,-9.35080894302512e-06,-0.00103337742117066,1.33226762955019e-14,0
11490,734.94,243.632868000641,200,-33.1065522111673,33.5999999999999,-0.985314053903792,0.03099713075084,10.5263157894737,1.03176736169448,0.927637604674194,0.252617236348848,293.15,1,0,1,0,1,2,-0.164219008983965,4.19999999999999,1.43538696340067e-05,-9.02791418680217e-06,-0.000997697584746909,1.24344978758018e-14,0
11520,734.94,242.490912183737,200,-31.9645963942634,33.5999999999999,-0.951327273638793,0.0273808331302429,10.5263157894737,1.03225373477369,0.928060749253114,0.252351098154444,293.15,1,0,1,0,1,2,-0.158554545606466,4.19999999999999,1.38587566177348e-05,-8.71651120365943e-06,-0.000963289440479664,1.06581410364015e-14,0
11550,734.94,241.389528487389,200,-30.863212697915,33.5999999999999,-0.91854799696176,0.024060675556567,10.5263157894737,1.03272334019443,0.928469305969151,0.252094135045062,293.15,1,0,1,0,1,2,-0.15309133282696,4.19999999999999,1.33812342863979e-05,-8.41617194048416e-06,-0.000930105289940616,1.24344978758018e-14,0
11580,734.94,240.327209168231,200,-29.800893378757,33.5999999999999,-0.886931350558246,0.0210146738923959,10.5263157894737,1.03317677318564,0.928863792671506,0.251846021317718,293.15,1,0,1,0,1,2,-0.147821891759708,4.19999999999999,1.29206489339993e-05,-8.1264852467092e-06,-0.000898099360223023,1.15463194561016e-14,0
11610,734.94,239.302505874816,200,-28.7761900853421,33.5999999999999,-0.856434228730423,0.0182224263231649,10.5263157894737,1.03361460688184,0.9292447079872,0.251606443359285,293.15,1,0,1,0,1,2,-0.142739038121737,4.19999999999999,1.24763726048486e-05,-7.8470561675083e-06,-0.00086722771862655,9.76996261670138e-15,0
11640,734.94,238.314027167468,200,-27.7877113779943,33.5999999999999,-0.827015219583164,0.0156649999843328,10.5263157894737,1.03403739319235,0.929612532077342,0.251375099170833,293.15,1,0,1,0,1,2,-0.137835869930527,4.19999999999999,1.2047802018254e-05,-7.57750526747808e-06,-0.000837448191552059,8.88178419700125e-15,0
11670,734.94,237.360436145139,200,-26.8341203556652,33.5999999999999,-0.798634534394799,0.0133248257645128,10.5263157894737,1.03444566363428,0.929967727361823,0.251151697911826,293.15,1,0,1,0,1,2,-0.133105755732466,4.19999999999999,1.16343575396093e-05,-7.31746798349935e-06,-0.00080872028736678,1.06581410364015e-14,0
11700,734.94,236.440448174878,200,-25.9141323854046,33.5999999999999,-0.771253940041806,0.0111856006898475,10.5263157894737,1.03483993013084,0.93031073921383,0.250935959463315,293.15,1,0,1,0,1,2,-0.128542323340301,4.19999999999999,1.1235482195969e-05,-7.06659400558023e-06,-0.000781005123023092,8.88178419700125e-15,0
11730,734.94,235.55282871943,200,-25.0265129299564,33.5999999999999,-0.744836694343942,0.009232197337762,10.5263157894737,1.03522068577639,0.930641996625462,0.250727614009287,293.15,1,0,1,0,1,2,-0.124139449057324,4.19999999999999,1.08506407341688e-05,-6.82454668445751e-06,-0.000754265354220694,8.88178419700125e-15,0
11760,734.94,234.696391259026,200,-24.170075469552,33.5999999999999,-0.719347484212858,0.00745057976956116,10.5263157894737,1.03558840556977,0.930961912845704,0.250526401635415,293.15,1,0,1,0,1,2,-0.11989124736881,4.19999999999999,1.04793187197858e-05,-6.59100246488499e-06,-0.000728465108927143,9.76996261670138e-15,0
11790,734.94,233.869995303091,200,-23.3436795136171,33.5999999999999,-0.694752366476702,0.00582772550751378,10.5263157894737,1.03594354711721,0.93127088599197,0.250332071944423,293.15,1,0,1,0,1,2,-0.11579206107945,4.19999999999999,1.01210216750831e-05,-6.36565034344047e-06,-0.000703569924068445,8.88178419700125e-15,0
11820,734.94,233.072544488194,200,-22.5462286987206,33.5999999999999,-0.671018711271447,0.00435155311784844,10.5263157894737,1.03628655130613,0.931569299636336,0.250144383687374,293.15,1,0,1,0,1,2,-0.111836451878575,4.19999999999999,9.7752742543445e-06,-6.14819134985028e-06,-0.000679546685226522,7.99360577730113e-15,0
11850,734.94,232.30298475841,200,-21.7766689689367,33.5999999999999,-0.648115147885022,0.00301085499252323,10.5263157894737,1.03661784295124,0.931857523367582,0.249963104410173,293.15,1,0,1,0,1,2,-0.10801919131417,4.19999999999999,9.44161945494279e-06,-5.93833805078751e-06,-0.0006563635691815,7.99360577730113e-15,0
11880,734.94,231.560302624594,200,-21.0339868351203,33.6,-0.626011512950009,0.00179523495281496,10.5263157894737,1.03693783141389,0.932135913330082,0.249788010114628,293.15,1,0,1,0,1,2,-0.104335252158335,4.19999999999999,9.11961786262019e-06,-5.73581407518897e-06,-0.000633989989151822,6.21724893790088e-15,0
11910,734.94,230.843523499043,200,-20.3172077095694,33.5999999999999,-0.604678800880044,0.000695050325074092,10.5263157894737,1.03724691119602,0.93240481274054,0.249618884933447,293.15,1,0,1,0,1,2,-0.100779800146674,4.19999999999999,8.80884692945538e-06,-5.54035366013007e-06,-0.00061239654258921,7.105427357601e-15,0
11940,734.94,230.151710102368,200,-19.6253943128939,33.5999999999999,-0.584089116455177,-0.000298641835061671,10.5263157894737,1.03754546250982,0.932664552383548,0.249455520818559,293.15,1,0,1,0,1,2,-0.0973481860758628,4.19999999999999,8.50890028313592e-06,-5.35170121638934e-06,-0.000591554961399825,7.99360577730113e-15,0
11970,734.94,229.483960939256,200,-18.9576451497827,33.5999999999999,-0.56421562945782,-0.00119413467042844,10.5263157894737,1.03783385182398,0.932915451086862,0.249297717242182,293.15,1,0,1,0,1,2,-0.0940359382429701,4.19999999999999,8.21938706610325e-06,-5.16961091280155e-06,-0.000571438064463064,7.105427357601e-15,0
12000,734.94,228.839408840245,200,-18.3130930507718,33.5999999999999,-0.54503253127297,-0.0019991178800915,10.5263157894737,1.0381124323877,0.933157816177298,0.24914528091009,293.15,1,0,1,0,1,2,-0.0908387552121618,4.19999999999999,7.93993130331295e-06,-4.99384627860834e-06,-0.000552019712334798,8.88178419700125e-15,0
12030,734.94,228.217219566525,200,-17.6909037770516,33.5999999999999,-0.526514993364631,-0.00272072076508396,10.5263157894737,1.03838154473341,0.933391943918063,0.248998025486551,293.15,1,0,1,0,1,2,-0.0877524988941052,4.19999999999999,7.67017129732706e-06,-4.82417982299959e-06,-0.000533274764023067,7.105427357601e-15,0
12060,734.94,227.616590474901,200,-17.0902746854278,33.6,-0.508639127542495,-0.00336555220127976,10.5263157894737,1.03864151715901,0.933618119928338,0.248855771330428,293.15,1,0,1,0,1,2,-0.0847731879237491,4.19999999999999,7.40975904948653e-06,-4.66039267105789e-06,-0.000515179035728912,6.21724893790088e-15,0
12090,734.94,227.036749240408,200,-16.5104334509346,33.6,-0.491381947944483,-0.00393973776076125,10.5263157894737,1.03889266619066,0.933836619585873,0.248718345241968,293.15,1,0,1,0,1,2,-0.0818969913240805,4.19999999999999,7.15835970608014e-06,-4.50227421542456e-06,-0.000497709261459056,6.21724893790088e-15,0
12120,734.94,226.476952633912,200,-15.9506368444378,33.6,-0.474721334655888,-0.00444895418723097,10.5263157894737,1.03913529702681,0.934047708413325,0.248585580219809,293.15,1,0,1,0,1,2,-0.0791202224426481,4.19999999999999,6.9156510283549e-06,-4.34962178296101e-06,-0.000480843055414222,6.21724893790088e-15,0
12150,734.94,225.936485352236,200,-15.4101695627619,33.6,-0.458635998891725,-0.00489846141588853,10.5263157894737,1.03936970396442,0.934251642449048,0.248457315227774,293.15,1,0,1,0,1,2,-0.0764393331486208,4.19999999999999,6.68132288529913e-06,-4.20224031573296e-06,-0.000464558876064656,6.21724893790088e-15,0
12180,734.94,225.414658898549,200,-14.8883431090751,33.6,-0.443105449674853,-0.00529313231423515,10.5263157894737,1.03959617080803,0.934448668602984,0.248333394971032,293.15,1,0,1,0,1,2,-0.0738509082791422,4.2,6.45507676821567e-06,-4.05994206569955e-06,-0.000448835991832037,3.5527136788005e-15,0
12210,734.94,224.910810510669,200,-14.3844947211954,33.6,-0.42810996194034,-0.00563748030757235,10.5263157894737,1.03981497126244,0.93463902499832,0.24821366968121,293.15,1,0,1,0,1,2,-0.07135166032339,4.19999999999999,6.23662532607216e-06,-3.9225463024705e-06,-0.000433654448296271,5.32907051820075e-15,0
12240,734.94,224.424302135268,200,-13.8979863457947,33.6,-0.413630546005796,-0.00593568504086674,10.5263157894737,1.04002636930976,0.934822941299489,0.248097994910096,293.15,1,0,1,0,1,2,-0.0689384243342994,4.2,6.02569192075071e-06,-3.78987903357874e-06,-0.000418995036856322,4.44089209850063e-15,0
12270,734.94,223.954519445784,200,-13.4282036563104,33.6,-0.399648918342571,-0.00619161621782239,10.5263157894737,1.04023061957141,0.935000639027131,0.247986231331546,293.15,1,0,1,0,1,2,-0.0666081530570952,4.2,5.82201020124816e-06,-3.66177273667237e-06,-0.000404839264770462,3.5527136788005e-15,0
12300,734.94,223.500870902196,200,-12.974555112722,33.6,-0.386147473592916,-0.0064088557475855,10.5263157894737,1.0404279676558,0.935172331860544,0.247878244551251,293.15,1,0,1,0,1,2,-0.0643579122654861,4.2,5.62532369602735e-06,-3.53806610312259e-06,-0.000391169326512621,3.5527136788005e-15,0
12330,734.94,223.062786850721,200,-12.5364710612477,33.6,-0.37310925777523,-0.00659071832017483,10.5263157894737,1.04061865049215,0.935338225928173,0.24777390492404,293.15,1,0,1,0,1,2,-0.0621848762958717,4.2,5.43538542267619e-06,-3.41860379251743e-06,-0.000377968076379458,4.44089209850063e-15,0
12360,734.94,222.639718661706,200,-12.1134028722327,33.6,-0.360517942625975,-0.00674027052287181,10.5263157894737,1.0408028966513,0.935498520086634,0.247673087378379,293.15,1,0,1,0,1,2,-0.0600863237709958,4.2,5.25195751412557e-06,-3.30323619757033e-06,-0.00036521900229006,4.44089209850063e-15,0
12390,734.94,222.231137903918,200,-11.7048221144448,33.6,-0.348357801025143,-0.00686034860174534,10.5263157894737,1.04098092665376,0.935653406188767,0.247575671247786,293.15,1,0,1,0,1,2,-0.0580596335041904,4.2,5.07481086065214e-06,-3.19181921895653e-06,-0.000352906200719141,4.44089209850063e-15,0
12420,734.94,221.836535553691,200,-11.310219764217,33.6,-0.336613683458839,-0.00695357496488364,10.5263157894737,1.04115295326572,0.935803069341176,0.247481540108844,293.15,1,0,1,0,1,2,-0.0561022805764731,4.2,4.90372476698962e-06,-3.08421404965214e-06,-0.00034101435271207,4.44089209850063e-15,0
12450,734.94,221.455421237329,200,-10.9291054478556,33.6,-0.325270995471893,-0.0070223735169754,10.5263157894737,1.04131918178357,0.935947688151702,0.247390581625556,293.15,1,0,1,0,1,2,-0.0542118325786489,4.2,4.73848662386279e-06,-2.9802869683443e-06,-0.000329528700929861,3.5527136788005e-15,0
12480,734.94,221.087322505365,200,-10.5610067158909,33.6000000000002,-0.314315676068179,-0.00706898390839376,10.5263157894737,1.04147981030718,0.936087434967245,0.247302687399764,293.15,1,0,1,0,1,2,-0.0523859460113632,4.20000000000002,4.57889159332731e-06,-2.87990914152464e-06,-0.000318435027677657,-2.22044604925031e-14,0
12510,734.94,220.73178413686,200,-10.2054683473862,33.6000000000004,-0.303734177005539,-0.00709547477599207,10.5263157894737,1.0416350300027,0.936222476102352,0.247217752827379,293.15,1,0,1,0,1,2,-0.0506223628342565,4.20000000000005,4.42474230714212e-06,-2.78295643377957e-06,-0.000307719633859676,-4.9737991503207e-14,0
12540,734.94,220.388367472759,200,-9.86205168328489,33.5999999999994,-0.293513442954913,-0.00710375604711241,10.5263157894737,1.04178502535511,0.936352972058942,0.247135676960184,293.15,1,0,1,0,1,2,-0.0489189071591522,4.19999999999992,4.2758485777314e-06,-2.68930922599886e-06,-0.00029736931882703,7.99360577730113e-14,0
12570,734.94,220.056649778709,200,-9.53033398923526,33.5999999999995,-0.283640892536768,-0.00709559037335875,10.5263157894737,1.04192997441097,0.936479077737543,0.247056362372974,293.15,1,0,1,0,1,2,-0.0472734820894613,4.19999999999994,4.13202712192676e-06,-2.59885224162239e-06,-0.000287371361129251,6.12843109593086e-14,0
12600,734.94,219.73622363033,200,-9.20990784085595,33.5999999999996,-0.274104400025478,-0.00707260375589295,10.5263157894737,1.04207004901197,0.936600942640413,0.246979715035807,293.15,1,0,1,0,1,2,-0.045684066670913,4.19999999999995,3.99310129444018e-06,-2.51147437900701e-06,-0.000277713499955121,4.88498130835069e-14,0
12600,0,0,200.000000000004,210.526315789477,32.9482612255662,6.38960321299504,3.55276952579747,10.5263157894739,1.04207004901197,0.936600942640413,0.246979715035807,293.15,1,0,1,0,1,1,1.06493386883251,4.11853265319577,-9.30825366480731e-05,5.85445719221083e-05,0.00637769991325013,0.000890815749319707,0
12630,0,0,200,210.526315789474,32.9298136455087,6.39318272662582,3.5340800277396,10.5263157894737,1.03885940829176,0.93380768521383,0.248736543611782,293.15,1,0,1,0,1,1,1.06553045443764,4.11622670568859,-9.3134682328738e-05,5.85773691219059e-05,0.00637841674975205,0.00367706594558648,0
12660,0,0,200,210.526315789474,32.9112725216157,6.39678443460984,3.51653248533404,10.5263157894737,1.03564696375768,0.931012858469178,0.250494359215591,293.15,1,0,1,0,1,1,1.06613073910164,4.11390906520196,-9.31871513325622e-05,5.8610369676883e-05,0.00637988526602667,0.00646484201241582,0
12690,0,0,200.000000000012,210.526315789487,32.8926511447189,6.40040581901492,3.50003537193171,10.5263157894743,1.03243270490681,0.928216453268924,0.252253167594316,293.15,1,0,1,0,1,1,1.06673430316915,4.11158139308987,-9.32399069787839e-05,5.86435505165523e-05,0.00638210545546008,0.00925415801642449,0
12720,0,0,200.000000000042,210.526315789518,32.8739611863896,6.40404466610735,3.48450753247104,10.5263157894759,1.02921662242274,0.925418461507785,0.254012973845802,293.15,1,0,1,0,1,1,1.06734077768456,4.1092451482987,-9.32929170181475e-05,5.86768913576366e-05,0.00638507763711016,0.0120450263964866,0
12750,0,0,200,210.526315789474,32.8552129260408,6.40769902369472,3.46987672223766,10.5263157894737,1.02599870803378,0.92261887598939,0.255773782496231,293.15,1,0,1,0,1,1,1.06794983728245,4.1069016157551,-9.33461530114811e-05,5.87103743132242e-05,0.00638880241006311,0.0148374581705712,0
12780,0,0,200.000000000086,210.526315789564,32.836415440099,6.41136716562779,3.45607839003255,10.5263157894782,1.02277895439077,0.919817690319969,0.257535597566985,293.15,1,0,1,0,1,1,1.0685611942713,4.10455193001238,-9.33995898125677e-05,5.87439835675178e-05,0.00639328061542491,0.0176314631115448,0
12810,0,0,200,210.526315789474,32.8175767605241,6.41504756203429,3.44305465874604,10.5263157894737,1.01955735496122,0.917014898816257,0.259298422632573,293.15,1,0,1,0,1,1,1.06917459367238,4.10219709506552,-9.34532051345162e-05,5.87777051031031e-05,0.00639851330443901,0.0204270498975394,0
12840,0,0,200,210.526315789474,32.7987040083813,6.41873885430584,3.43075346661112,10.5263157894737,1.01633390393717,0.914210496425335,0.261062260871045,293.15,1,0,1,0,1,1,1.06978980905097,4.09983800104766,-9.35069791853753e-05,5.88115264717661e-05,0.00640450171168487,0.0232242262410771,0
12870,0,0,200.000000000051,210.526315789528,32.7798035069895,6.4224398338641,3.41912783990081,10.5263157894764,1.01310859615465,0.911404478654548,0.262827115108072,293.15,1,0,1,0,1,1,1.07040663897735,4.09747543837369,-9.35608943588034e-05,5.88454365999396e-05,0.00641124723233245,0.0260229990007159,0
12900,0,0,200,210.526315789474,32.7608808782364,6.426149424124,3.40813527398477,10.5263157894737,1.00988142702297,0.908596841509981,0.264592987855639,293.15,1,0,1,0,1,1,1.07102490402067,4.09511010977955,-9.3614934971312e-05,5.88794256234412e-05,0.00641875140282611,0.0288233742778867,0
12930,0,0,200,210.526315789474,32.7419411249441,6.42986666508562,3.39773720413445,10.5263157894737,1.00665239246233,0.90578758144223,0.266359881346157,293.15,1,0,1,0,1,1,1.07164444418094,4.09274264061801,-9.36690870378027e-05,5.89134847462967e-05,0.00642701588439517,0.0316253575012835,0
12960,0,0,200,210.526315789474,32.7229887016197,6.43359070007725,3.38789855104125,10.5263157894737,1.00342148884875,0.902976695298416,0.268127797562639,293.15,1,0,1,0,1,1,1.07226511667954,4.09037358770247,-9.37233380784435e-05,5.89476061192741e-05,0.0064360424488854,0.0344289535007969,0
12990,0,0,200,210.526315789474,32.7040275754745,6.4373207643499,3.37858732892889,10.5263157894737,1.00018871296504,0.900164180279586,0.269896738265495,293.15,1,0,1,0,1,1,1.07288679405832,4.08800344693431,-9.37776769525151e-05,5.89817827353807e-05,0.00644583296658701,0.03723416657245,0
13020,0,0,199.999999999902,210.526315789371,32.6850612792588,6.44105617519421,3.36977430628186,10.5263157894686,0.996954061957176,0.897350033902743,0.271666705016416,293.15,1,0,1,0,1,1,1.07350936253237,4.08563265990735,-9.38320937144362e-05,5.901600833931e-05,0.00645638939571119,0.0400410005357057,0
13050,0,0,200,210.526315789474,32.6660929571787,6.44479632337568,3.36143271106357,10.5263157894737,0.993717533295301,0.894534253966912,0.273437699199711,293.15,1,0,1,0,1,1,1.07413272056261,4.08326161964734,-9.3886579488993e-05,5.90502773489669e-05,0.00646771377329398,0.0428494587841712,0
13080,0,0,200.000000000022,210.526315789497,32.6471254049457,6.44854066562334,3.35353797362479,10.5263157894749,0.990479124738745,0.891716838522708,0.275209722041453,293.15,1,0,1,0,1,1,1.07475677760389,4.08089067561821,-9.39411263619165e-05,5.90845847866452e-05,0.00647980820724954,0.0456595443307368,0
13110,0,0,199.99999999989,210.526315789358,32.6281611048173,6.45228871811215,3.34606750182131,10.5263157894679,0.987238834304548,0.888897785844957,0.276982774626695,293.15,1,0,1,0,1,1,1.07538145301869,4.07852013810216,-9.39957272849345e-05,5.91189262193108e-05,0.00649267486950048,0.0484712598477068,0
13140,0,0,200,210.526315789474,32.6092022563593,6.45604005073194,3.33900048362039,10.5263157894737,0.983996660239084,0.886077094408003,0.278756857915005,293.15,1,0,1,0,1,1,1.07600667512199,4.07615028204491,-9.40503759922831e-05,5.91532977060905e-05,0.00650631598996894,0.0512846077027191,0
13170,0,0,200.000000000004,210.526315789478,32.5902508035359,6.45979428199542,3.33231771327329,10.5263157894739,0.980752600992374,0.883254762863365,0.280531972754513,293.15,1,0,1,0,1,1,1.07663238033257,4.07378135044198,-9.41050669265274e-05,5.9187695751617e-05,0.00652073385127239,0.054099589991051,0
13200,0,0,200.000000000156,210.526315789638,32.5713084586255,6.46355107462336,3.32600143791487,10.5263157894819,0.977506655194795,0.880430790019472,0.282308119894664,293.15,1,0,1,0,1,1,1.07725851243723,4.07141355732819,-9.41597951742467e-05,5.92221172655782e-05,0.00653593078415472,0.0569162085645301,0
13230,0,0,200,210.526315789474,32.5523767234051,6.46731013155502,3.32003522166696,10.5263157894737,0.974258821635896,0.87760517482323,0.284085299997802,293.15,1,0,1,0,1,1,1.07788502192584,4.06904709042564,-9.42145564079163e-05,5.92565595261629e-05,0.00655190916339491,0.0597344650577734,0
13260,0,0,200,210.526315789474,32.5334569079509,6.47107119249976,3.31440382508897,10.5263157894737,0.971009099245078,0.874777916343218,0.285863513649749,293.15,1,0,1,0,1,1,1.07851186541663,4.06668211349387,-9.42693468356714e-05,5.9291020148465e-05,0.00656867140430408,0.0625543609117438,0
13290,0,0,200.000000000007,210.526315789481,32.514550147381,6.47483403077125,3.30909309779803,10.5263157894741,0.967757487073932,0.871949013754321,0.287642761369463,293.15,1,0,1,0,1,1,1.07913900512854,4.06431876842263,-9.43241631551877e-05,5.93254970554767e-05,0.00658621995954708,0.0653758973953171,0
13320,0,0,199.999999999979,210.526315789452,32.4956574167881,6.47859845053292,3.30408988273888,10.5263157894726,0.964503984280064,0.869118466323656,0.289423043617895,293.15,1,0,1,0,1,1,1.07976640842215,4.06195717709851,-9.43790025135553e-05,5.93599884528508e-05,0.00660455731641415,0.0681990756247457,0
13350,0,0,200,210.526315789474,32.4767795445958,6.48236428431542,3.29938193056187,10.5263157894737,0.961248590112233,0.866286273397643,0.291204360806114,293.15,1,0,1,0,1,1,1.0803940473859,4.05959744307448,-9.44338624711123e-05,5.93944928061537e-05,0.00662368599439952,0.0710238965814447,0
13380,0,0,200,210.526315789474,32.4579172245312,6.48613139078317,3.29495782287961,10.5263157894737,0.957991303896671,0.863452434390104,0.292986713302799,293.15,1,0,1,0,1,1,1.08102189846386,4.0572396530664,-9.44887409689083e-05,5.94290088204018e-05,0.006643608543061,0.0738503611282695,0
13410,0,0,199.999999999976,210.526315789448,32.4390710263769,6.48989965274482,3.2908069033574,10.5263157894724,0.954732125024467,0.860616948771286,0.294770101441142,293.15,1,0,1,0,1,1,1.08164994212414,4.05488387829711,-9.45436362997218e-05,5.94635354218324e-05,0.00666432754015318,0.076678470024387,0
13440,0,0,200.000000000127,210.526315789607,32.4202414056493,6.49366897536186,3.28691921569519,10.5263157894804,0.951471052939894,0.857779816057707,0.296554525525228,293.15,1,0,1,0,1,1,1.08227816256031,4.05253017570616,-9.45985470819634e-05,5.94980717414903e-05,0.00668584558998595,0.0788882316844646,0
13470,0,0,200,210.526315789474,32.4014287123298,6.49743928450172,3.28328544767232,10.5263157894737,0.948208087129597,0.854941035802749,0.298339985835961,293.15,1,0,1,0,1,1,1.08290654741695,4.05017858904123,-9.46534722356837e-05,5.95326171001376e-05,0.00670816532195197,0.0806634347139301,0
13500,0,0,200,210.526315789474,32.382633198747,6.50121052532626,3.27989688066594,10.5263157894737,0.944943227112561,0.852100607587928,0.300126482636547,293.15,1,0,1,0,1,1,1.08353508755438,4.04782914984338,-9.4708410962011e-05,5.95671709953214e-05,0.00673128938931479,0.0824396716985626,0
13530,0,0,200,210.526315789474,32.3638550267199,6.50498266092407,3.27674534387266,10.5263157894737,0.94167647243076,0.849258531014761,0.301914016177612,293.15,1,0,1,0,1,1,1.08416377682068,4.04548187833999,-9.4763362723227e-05,5.96017330888419e-05,0.00675522046806044,0.084216942989407,0
13560,0,0,200,210.526315789474,32.34509427403,6.50875567113454,3.27382317286082,10.5263157894737,0.938407822640458,0.846414805697198,0.303702586701966,293.15,1,0,1,0,1,1,1.08479261185576,4.04313678425375,-9.48183272256353e-05,5.96363031959778e-05,0.00677996125596283,0.0859952488841196,0
13590,0,0,200,210.526315789474,32.3263509403016,6.51252955145668,3.27112317190243,10.5263157894737,0.935137277304066,0.843569431254538,0.30549219444905,293.15,1,0,1,0,1,1,1.08542159190945,4.0407938675377,-9.48733044036668e-05,5.96708812754892e-05,0.00680551447175291,0.0877745896343883,0
13620,0,0,200,210.526315789474,32.3076249523526,6.51630431206127,3.26863857970837,10.5263157894737,0.931864835982537,0.840722407304807,0.307282839659109,293.15,1,0,1,0,1,1,1.08605071867688,4.03845311904408,-9.49282944054872e-05,5.97054674205654e-05,0.00683188285440916,0.0895549654527869,0
13650,0,0,200,210.526315789474,32.2889161690693,6.52007997689139,3.26636303820649,10.5263157894737,0.928590498228213,0.837873733458546,0.309074522577094,293.15,1,0,1,0,1,1,1.08667999614857,4.03611452113367,-9.4983297579895e-05,5.97400618505844e-05,0.00685906916255423,0.0913363765191292,0
13680,0,0,200,210.526315789474,32.2702243858561,6.52385658284255,3.26429056404904,10.5263157894737,0.925314263578128,0.835023409312972,0.310867243456337,293.15,1,0,1,0,1,1,1.08730943047376,4.03377804823201,-9.50383144643768e-05,5.97746649036002e-05,0.00688707617394737,0.0931188229863703,0
13710,0,0,200,210.526315789474,32.2515493387019,6.52763417901421,3.26241552257239,10.5263157894737,0.922036131547684,0.832171434446485,0.312661002562003,293.15,1,0,1,0,1,1,1.0879390298357,4.03144366733774,-9.50933457742045e-05,5.98092770294853e-05,0.00691590668506425,0.0949023049861,0
13740,0,0,200,210.526315789474,32.2328907079022,6.5314128260256,3.26073260396396,10.5263157894737,0.918756101624699,0.829317808413488,0.314455800174355,293.15,1,0,1,0,1,1,1.0885688043376,4.02911133848778,-9.51483923924674e-05,5.98438987836619e-05,0.00694556351075606,0.0966868226336622,0
13770,0,0,200,210.526315789474,32.2142481214705,6.53519259538949,3.2592368014193,10.5263157894737,0.915474173263776,0.826462530739485,0.316251636591827,293.15,1,0,1,0,1,1,1.08919876589825,4.02678101518381,-9.52034553609504e-05,5.9878530821364e-05,0.00697604948398135,0.0984723760329375,0
13800,0,0,200,210.526315789474,32.1956211582686,6.53897356893845,3.25792339109631,10.5263157894737,0.912190345880983,0.823605600916455,0.31804851213394,293.15,1,0,1,0,1,1,1.08982892815641,4.02445264478357,-9.52585358717747e-05,5.99131738923801e-05,0.00700736745560403,0.10025896528082,0
13830,0,0,200,210.526315789474,32.1770093508833,6.54275583829839,3.25678791369512,10.5263157894737,0.908904618848796,0.820747018398453,0.31984642714407,293.15,1,0,1,0,1,1,1.09045930638306,4.02212616886042,-9.53136352597294e-05,5.99478288362303e-05,0.00703952029425265,0.102046590471411,0
13860,0,0,200,210.526315789474,32.158412188273,6.54653950440515,3.25582615751061,10.5263157894737,0.905616991491309,0.817886782597439,0.321645381992064,293.15,1,0,1,0,1,1,1.09108991740086,4.01980152353413,-9.53687549952289e-05,5.99824965777368e-05,0.00707251088623561,0.10383525169996,0
13890,0,0,200,210.526315789474,32.139829118205,6.55032467706012,3.25503414282104,10.5263157894737,0.902327463079665,0.815024892879309,0.323445377076745,293.15,1,0,1,0,1,1,1.09172077951002,4.01747863977563,-9.5423896677839e-05,6.00171781229516e-05,0.00710634213550833,0.105624949066569,0
13920,0,0,200,210.526315789474,32.1212595495032,6.55411147452123,3.25440810749067,10.5263157894737,0.899036032827711,0.812161348560109,0.325246412828289,293.15,1,0,1,0,1,1,1.0923519124202,4.01515744368791,-9.5479062030319e-05,6.00518745554101e-05,0.00714101696368835,0.107415682679689,0
13950,0,0,200,210.526315789474,32.1027028541234,6.55790002312633,3.2539444936769,10.5263157894737,0.895742699887843,0.809296148902424,0.327048489710494,293.15,1,0,1,0,1,1,1.09298333718772,4.01283785676543,-9.5534252893135e-05,6.00865870326795e-05,0.00717653831011502,0.109207452659411,0
13980,0,0,200,210.526315789474,32.0841583690704,6.561690456946,3.25363993554382,10.5263157894737,0.892447463347037,0.806429293111922,0.328851608222959,293.15,1,0,1,0,1,1,1.09361507615767,4.01051979613381,-9.5589471219402e-05,6.0121316783178e-05,0.00721290913195048,0.111000259140589,0
14010,0,0,200,210.526315789474,32.065625398172,6.56548291746324,3.25349124789395,10.5263157894737,0.889150322223044,0.803560780334049,0.330655768903159,293.15,1,0,1,0,1,1,1.09424715291054,4.0082031747715,-9.56447190702176e-05,6.01560651032399e-05,0.00725013240431956,0.112794102275787,0
14040,0,0,200,210.526315789474,32.047103213721,6.56927755327778,3.25349541563869,10.5263157894737,0.885851275460746,0.800690609650849,0.332460972328444,293.15,1,0,1,0,1,1,1.09487959221296,4.00588790171513,-9.56999986103547e-05,6.01908333544062e-05,0.00728821112048563,0.114588982238085,0
14070,0,0,200,210.526315789474,32.0285910579978,6.57307451983292,3.25364958403598,10.5263157894737,0.882550321928645,0.797818780077921,0.334267219117956,293.15,1,0,1,0,1,1,1.09551241997215,4.00357388224973,-9.5755312104282e-05,6.02256229609221e-05,0.00732714829206058,0.116384899223734,0
14100,0,0,200,210.526315789474,32.0100881446819,6.57687397916304,3.25395104963063,10.5263157894737,0.879247460415495,0.79494529056148,0.336074509934479,293.15,1,0,1,0,1,1,1.09614566319384,4.00126101808524,-9.58106619124861e-05,6.02604354074235e-05,0.00736694694924675,0.118181853454697,0
14130,0,0,200,210.526315789474,31.991593660163,6.58067609966015,3.25439725183884,10.5263157894737,0.875942689627044,0.792070139975528,0.337882845486212,293.15,1,0,1,0,1,1,1.09677934994336,3.99894920752037,-9.58660504880697e-05,6.02952722367977e-05,0.00740761014110897,0.119979845181056,0
14160,0,0,200,210.526315789474,31.973106764759,6.58448105585777,3.2549857651241,10.5263157894737,0.872636008182903,0.789193327119126,0.339692226528489,293.15,1,0,1,0,1,1,1.09741350930963,3.99663834559488,-9.59214803736045e-05,6.03301350482034e-05,0.00744914093587514,0.121778874683319,0
14190,0,0,200,210.526315789474,31.9546265938488,6.58828902823103,3.25571429171663,10.5263157894737,0.869327414613505,0.786314850713749,0.341502653865443,293.15,1,0,1,0,1,1,1.09804817137184,3.99432832423111,-9.59769541982182e-05,6.03650254952393e-05,0.00749154242126405,0.123578942274628,0
14220,0,0,200,210.526315789474,31.9361522589262,6.59210020301151,3.25658065483294,10.5263157894737,0.866016907357171,0.783434709400739,0.343314128351606,293.15,1,0,1,0,1,1,1.09868336716858,3.99201903236577,-9.60324746748973e-05,6.03999452842474e-05,0.00753481770483882,0.125380048302866,0
14250,0,0,200,210.526315789474,31.9176828485813,6.59591477201584,3.25758279235588,10.5263157894737,0.862704484757262,0.780552901738818,0.345126650893476,293.15,1,0,1,0,1,1,1.09931912866931,3.98971035607266,-9.60880445979906e-05,6.04348961727426e-05,0.00757896991438497,0.127182193152685,0
14280,0,0,200,210.526315789474,31.8992174294154,6.59973293248693,3.25871875093953,10.5263157894737,0.85939014505941,0.777669426201687,0.346940222451022,293.15,1,0,1,0,1,1,1.09995548874782,3.98740217867692,-9.61436668408953e-05,6.04698799679578e-05,0.00762400219831216,0.128985377247447,0
14310,0,0,200,210.526315789474,31.880755046894,6.6035548869469,3.25998668050601,10.5263157894737,0.856073886408837,0.774784281175688,0.348754844039161,293.15,1,0,1,0,1,1,1.10059248115782,3.98509438086175,-9.61993443539158e-05,6.05048985254967e-05,0.00766991772607838,0.130789601051099,0
14340,0,0,200,210.526315789474,31.8622947261422,6.60738084306095,3.26138482910451,10.5263157894737,0.852755706847728,0.771897464957523,0.350570516729187,293.15,1,0,1,0,1,1,1.10123014051016,3.98278684076777,-9.62550801622797e-05,6.05399537480862e-05,0.007716719688636,0.132594865069973,0
14370,0,0,200,210.526315789474,31.8438354726875,6.6112110135113,3.26291153810541,10.5263157894737,0.849435604312688,0.769008975752038,0.352387241650169,293.15,1,0,1,0,1,1,1.10186850225188,3.98047943408594,-9.63108773643013e-05,6.05750475844215e-05,0.00776441129889861,0.134401169854528,0
14400,0,0,200,210.526315789474,31.8253762731539,6.61504561588049,3.26456523770445,10.5263157894737,0.846113576632247,0.766118811670055,0.354205019990311,293.15,1,0,1,0,1,1,1.10250760264675,3.97817203414424,-9.63667391296821e-05,6.0610182028097e-05,0.00781299579222839,0.136208516001026,0
14430,0,0,200,210.526315789474,31.8069160959095,6.61888487254343,3.26634444271437,10.5263157894737,0.842789621524427,0.763226970726251,0.356023852998289,293.15,1,0,1,0,1,1,1.10314747875724,3.97586451198869,-9.6422668697938e-05,6.06453591166169e-05,0.0078624764269429,0.13801690415316,0
14460,0,0,200,210.526315789474,31.7884538916729,6.62272901056764,3.26824774862319,10.5263157894737,0.83946373659436,0.760333450837093,0.357843741984548,293.15,1,0,1,0,1,1,1.10378816842794,3.97355673645911,-9.64786693769459e-05,6.06805809304816e-05,0.00791285648484117,0.139826335003632,0
14490,0,0,200,210.526315789474,31.7699885940793,6.62657826162103,3.27027382789996,10.5263157894737,0.836135919331954,0.7574382498188,0.359664688322584,293.15,1,0,1,0,1,1,1.10442971027017,3.97124857425991,-9.65347445416003e-05,6.0715849592342e-05,0.00796413927174826,0.141636809295675,0
14520,0,0,200,210.526315789474,31.7515191202107,6.63043286188685,3.27242142653062,10.5263157894737,0.832806167109604,0.754541365385355,0.361486693450195,293.15,1,0,1,0,1,1,1.10507214364781,3.96893989002634,-9.65908976325742e-05,6.0751167266221e-05,0.00801632811807815,0.14344832782454,0
14550,0,0,200,210.526315789474,31.7330443710918,6.63429305198523,3.27468936076777,10.5263157894737,0.829474477179943,0.75164279514655,0.36330975887071,293.15,1,0,1,0,1,1,1.1057155086642,3.96663054638648,-9.66471321551765e-05,6.07865361567944e-05,0.00806942637941434,0.14526089143894,0
14580,0,0,200,210.526315789474,31.7145632321537,6.63815907690106,3.27707651407968,10.5263157894737,0.826140846673633,0.74874253660606,0.365133886154203,293.15,1,0,1,0,1,1,1.10635984615018,3.96432040401921,-9.6703451678301e-05,6.08219585087297e-05,0.00812343743710802,0.147074501042455,0
14600,0,0,200,210.526315789474,31.7022383656829,6.64073979133803,3.2787336602787,10.5263157894737,0.823917346764863,0.746808091685431,0.3663505617398,293.15,1,0,1,0,1,1,1.10678996522301,3.96277979571036,-9.67410470403524e-05,6.08456042370996e-05,0.00815995359971826,0.148284155688159,0
14600,734.94,734.94,200,-524.413684210526,33.5102716303413,-15.6493414913326,14.9683314093371,10.5263157894737,0.823917346764863,0.746808091685431,0.3663505617398,293.15,1,0,1,0,1,1,-2.60822358188877,4.18878395379266,0.000227976660573009,-0.000143386681133758,-0.01881566352926,0.0112160462073376,0
14630,734.94,734.94,200,-524.413684210526,33.5564923059421,-15.6277861055717,14.9878959042042,10.5263157894737,0.831773199340684,0.753642683426396,0.362051922466034,293.15,1,0,1,0,1,1,-2.60463101759529,4.19456153824276,0.000227662645771438,-0.000143189180476844,-0.0185622340880619,0.00543846175724294,0
14660,734.94,733.621106968024,200,-523.094791178551,33.5999999999988,-15.5682973565051,14.9358977918667,10.5263157894737,0.839617541960951,0.760467261506028,0.357759581317966,293.15,1,0,1,0,1,2,-2.59471622608418,4.19999999999985,0.000226796024874872,-0.000142644116373144,-0.0182761920573883,1.54543045027822e-13,0
14690,734.94,713.422725452868,200,-502.896409663394,33.5999999999988,-14.9671550495063,13.8564472240984,10.5263157894737,0.847286072078732,0.767138882708497,0.353563442908011,293.15,1,0,1,0,1,2,-2.49452584158438,4.19999999999985,0.00021803869692247,-0.000137136165745485,-0.0173820193952107,1.47437617670221e-13,0
14720,734.94,694.035950045413,200,-483.509634255939,33.5999999999989,-14.3901676861892,12.8549534396877,10.5263157894737,0.854658737756865,0.773553101848472,0.349529198383883,293.15,1,0,1,0,1,2,-2.39836128103153,4.19999999999986,0.000209633253642014,-0.000131849534156035,-0.0165446119996676,1.4122036873232e-13,0
14750,734.94,675.425399189475,200,-464.899083400001,33.5999999999989,-13.8362822440481,11.9256769720242,10.5263157894737,0.861747405841845,0.779720243082405,0.345650354332943,293.15,1,0,1,0,1,2,-2.30604704067468,4.19999999999986,0.000201564354799897,-0.000126774573313696,-0.0157592373579912,1.37667655053519e-13,0
14780,734.94,657.557694332294,200,-447.031378542821,33.599999999999,-13.3045053137748,11.0633307669796,10.5263157894737,0.868563429425776,0.785650183600425,0.341920698463512,293.15,1,0,1,0,1,2,-2.21741755229581,4.19999999999987,0.00019381752859634,-0.000121902181131723,-0.0150216438808337,1.29674049276218e-13,0
14810,734.94,640.401275596529,200,-429.874959807056,33.599999999999,-12.7938976133056,10.2630382606487,10.5263157894737,0.875117676382068,0.791352378452399,0.338334283990436,293.15,1,0,1,0,1,2,-2.13231626888427,4.19999999999988,0.000186379091747076,-0.000117223751462835,-0.0143280059866214,1.23456800338317e-13,0
14840,734.94,623.926241544528,200,-413.399925755054,33.5999999999991,-12.3035692189008,9.52029641982045,10.5263157894737,0.881420555330087,0.796835883137175,0.334885415427508,293.15,1,0,1,0,1,2,-2.05059486981679,4.19999999999988,0.000179236080010611,-0.000112731130404096,-0.0136748759568305,1.18127729820117e-13,0
14870,734.94,608.104209565322,200,-397.577893775848,33.5999999999991,-11.8326754099958,8.83094301570511,10.5263157894737,0.887482039362348,0.802109374245242,0.331568635604198,293.15,1,0,1,0,1,2,-1.97211256833263,4.19999999999989,0.000172376187656794,-0.000108416578225481,-0.0130591416635365,1.10134124042816e-13,0
14900,734.94,592.90819391741,200,-382.381878127936,33.5999999999992,-11.3804130395222,8.19112752184252,10.5263157894737,0.893311687819816,0.80718116840324,0.328378713750439,293.15,1,0,1,0,1,2,-1.89673550658703,4.1999999999999,0.000165787714590339,-0.000104272736113031,-0.0124779894008815,1.02140518265514e-13,0
14930,734.94,578.312498889773,200,-367.786183100299,33.5999999999992,-10.9460173541758,7.59728512669135,10.5263157894737,0.898918666359811,0.812059239733036,0.325310634515683,293.15,1,0,1,0,1,2,-1.82433622569597,4.1999999999999,0.000159459520029089,-0.000100292597034646,-0.011928871161489,9.59232693276135e-14,0
14960,734.94,564.29262491104,200,-353.766309121566,33.5999999999993,-10.5287592000468,7.04611343386088,10.5263157894737,0.904311765525895,0.816751236007528,0.322359587807654,293.15,1,0,1,0,1,2,-1.75479320000781,4.19999999999991,0.000153380981796163,-9.64694801367441e-05,-0.0114094757910582,9.05941988094128e-14,0
14990,734.94,550.825185751189,200,-340.298869961715,33.5999999999993,-10.1279425583846,6.53455149130604,10.5263157894737,0.909499417999099,0.821264493659216,0.31952095935266,293.15,1,0,1,0,1,2,-1.68799042639743,4.19999999999992,0.000147541960421439,-9.27970081657694e-05,-0.0109177035323487,8.26005930321116e-14,0
15020,734.94,537.887835229491,200,-327.361519440017,33.5999999999994,-9.74290236428641,6.05976084753011,10.5263157894737,0.914489714684158,0.825606051775217,0.316790321893378,293.15,1,0,1,0,1,2,-1.6238170607144,4.19999999999992,0.000141932767364625,-8.92690874819878e-05,-0.01045164353596,7.72715225139109e-14,0
15050,734.94,525.459202073037,200,-314.932886283563,33.5999999999994,-9.37300256796334,5.61910837995253,10.5263157894737,0.919290419762468,0.829782665193348,0.314163426952031,293.15,1,0,1,0,1,2,-1.56216709466056,4.19999999999993,0.000136544136772145,-8.5879890295883e-05,-0.0100095539716861,7.19424519957101e-14,0
15080,734.94,513.518831767534,200,-302.992515978061,33.5999999999995,-9.0176344041091,5.21015067975739,10.5263157894737,0.923908984824756,0.833800816797538,0.311636197097146,293.15,1,0,1,0,1,2,-1.50293906735152,4.19999999999993,0.000131367200265627,-8.26238388112963e-05,-0.00958984442237928,6.75015598972095e-14,0
15110,734.94,502.047134411487,200,-291.520818622014,33.5999999999995,-8.676214839941,4.830619810138,10.5263157894737,0.928352562180387,0.837666729096937,0.309204718660836,293.15,1,0,1,0,1,2,-1.44603580665683,4.19999999999994,0.000126393464333259,-7.94955910056419e-05,-0.00919106028355116,5.77315972805081e-14,0
15140,734.94,491.025337729416,200,-280.499021939942,33.5999999999995,-8.34818517678412,4.47841028198836,10.5263157894737,0.932628017426612,0.841386375161152,0.306865234861049,293.15,1,0,1,0,1,2,-1.39136419613069,4.19999999999994,0.00012161478995793,-7.64900278169583e-05,-0.00881186892740421,6.12843109593086e-14,0
15170,734.94,480.435444524469,200,-269.909128734995,33.5999999999995,-8.03300978377973,4.15156711375141,10.5263157894737,0.936741941349338,0.844965488973924,0.304614139289584,293.15,1,0,1,0,1,2,-1.33883496396329,4.19999999999994,0.000117023374170134,-7.36022415415449e-05,-0.00845104742059049,6.3948846218409e-14,0
15200,734.94,470.260193955967,200,-259.733878166494,33.5999999999995,-7.73017494543148,3.84827486100399,10.5263157894737,0.9407006612171,0.848409575258877,0.302447969732155,293.15,1,0,1,0,1,2,-1.28836249090525,4.19999999999994,0.000112611733259234,-7.08275252746346e-05,-0.00810747161138793,6.48370246381091e-14,0
15230,734.94,460.483026119468,200,-249.956710329995,33.5999999999995,-7.43918780744043,3.5668475172041,10.5263157894737,0.944510251521389,0.851723918823608,0.300363402291394,293.15,1,0,1,0,1,2,-1.23986463457341,4.19999999999993,0.000108372687416593,-6.81613632516348e-05,-0.0077801064249089,6.66133814775094e-14,0
15260,734.94,451.088049483939,200,-240.561733694465,33.5999999999995,-7.15957540757347,3.30571920024286,10.5263157894737,0.948176544209307,0.854913593462097,0.298357245787654,293.15,1,0,1,0,1,2,-1.19326256792891,4.19999999999993,0.000104299346617444,-6.55994219684841e-05,-0.00746799722480451,6.83897383169096e-14,0
15290,734.94,442.060010807395,200,-231.533695017921,33.5999999999995,-6.89088378029537,3.06343555056643,10.5263157894737,0.951705138448352,0.857983470450066,0.29642643641582,293.15,1,0,1,0,1,2,-1.14848063004923,4.19999999999993,0.000100385097577334,-6.31375419778676e-05,-0.00717026211722013,6.75015598972095e-14,0
15320,734.94,433.38426720906,200,-222.857951419586,33.5999999999995,-6.63267712558303,2.83864577597999,10.5263157894737,0.95510140995791,0.860938226663382,0.294568032639215,293.15,1,0,1,0,1,2,-1.10544618759717,4.19999999999993,9.66235916435768e-05,-6.07717302734992e-05,-0.00688608508781915,6.75015598972095e-14,0
15350,734.94,425.046760124719,200,-214.520444335245,33.5999999999995,-6.38453703378717,2.63009528613549,10.5263157894737,0.958370519937607,0.863782352345718,0.292779210304102,293.15,1,0,1,0,1,2,-1.06408950563119,4.19999999999993,9.30087335031731e-05,-5.84981531879368e-05,-0.00661470987584484,6.66133814775094e-14,0
15380,734.94,417.033990913132,200,-206.507675123659,33.5999999999995,-6.1460617596328,2.43661886637141,10.5263157894737,0.961517423618881,0.866520158548426,0.291057257960353,293.15,1,0,1,0,1,2,-1.02434362660547,4.19999999999993,8.95346706065932e-05,-5.63131297406309e-05,-0.00635543450068213,6.57252030578093e-14,0
15410,734.94,409.332997916713,200,-198.80668212724,33.5999999999995,-5.91686553950127,2.25713434623872,10.5263157894737,0.964546878462961,0.869155784262776,0.289399572375603,293.15,1,0,1,0,1,2,-0.986144256583545,4.19999999999994,8.61957832220677e-05,-5.42131253825393e-05,-0.00610760636644884,6.30606677987089e-14,0
15440,734.94,401.931334809583,200,-191.40501902011,33.5999999999995,-5.69657794702715,2.09063672287139,10.5263157894737,0.9674634520257,0.871693203262359,0.287803654231695,293.15,1,0,1,0,1,2,-0.949429657837859,4.19999999999994,8.29866750480445e-05,-5.21947460918003e-05,-0.00587061787896673,6.21724893790088e-14,0
15470,734.94,394.817050091676,200,-184.290734302202,33.5999999999995,-5.48484328280372,1.93619270349114,10.5263157894737,0.970271529507427,0.874136230671462,0.286267103993484,293.15,1,0,1,0,1,2,-0.914140547133953,4.19999999999994,7.99021643225331e-05,-5.0254732781925e-05,-0.00564390251720691,6.12843109593086e-14,0
15500,734.94,387.978667609061,200,-177.452351819588,33.5999999999995,-5.28131999463066,1.7929356348836,10.5263157894737,0.972975321004037,0.876488529273512,0.284787617941114,293.15,1,0,1,0,1,2,-0.88021999910511,4.19999999999994,7.69372753773829e-05,-4.83899559898327e-05,-0.00542693130810125,5.95079541199084e-14,0
15530,734.94,381.405167999011,200,-170.878852209537,33.5999999999995,-5.08568012528391,1.66006079075166,10.5263157894737,0.975578868473878,0.878753615572274,0.283362984357814,293.15,1,0,1,0,1,2,-0.847613354213985,4.19999999999994,7.40872305934976e-05,-4.65974108160559e-05,-0.00521920965959088,5.77315972805081e-14,0
15560,734.94,375.085970973941,200,-164.559655184467,33.5999999999996,-4.89760878525205,1.53682099051928,10.5263157894737,0.978086052433597,0.880934865617229,0.281991079865999,293.15,1,0,1,0,1,2,-0.816268130875342,4.19999999999995,7.13474427197586e-05,-4.48742120937018e-05,-0.0050202745120472,5.41788836017076e-14,0
15590,734.94,369.010918371123,200,-158.484602581649,33.5999999999996,-4.71680364826343,1.42252252547989,10.5263157894737,0.980500598394932,0.883035520603591,0.28066986590513,293.15,1,0,1,0,1,2,-0.786133941377238,4.19999999999995,6.87135075239587e-05,-4.32175897662326e-05,-0.00482969177282159,5.41788836017076e-14,0
15620,734.94,363.170257906451,200,-152.643942116977,33.5999999999996,-4.54297446776723,1.31652137023687,10.5263157894737,0.982826083053426,0.88505869225648,0.27939738534531,293.15,1,0,1,0,1,2,-0.757162411294539,4.19999999999995,6.61811967489901e-05,-4.16248844572357e-05,-0.00464705400277227,5.24025267623074e-14,0
15650,734.94,357.554627579425,200,-147.028311789951,33.5999999999996,-4.37584261279622,1.21821965918323,10.5263157894737,0.985065940239167,0.887007368008075,0.278171759231108,293.15,1,0,1,0,1,2,-0.729307102132703,4.19999999999995,6.37464513513792e-05,-4.00935432177788e-05,-0.00447197832720055,5.15143483426073e-14,0
15680,734.94,352.155040684549,200,-141.628724895075,33.5999999999996,-4.21514062187729,1.1270624093796,10.5263157894737,0.987223466638974,0.888884415975908,0.276991183650432,293.15,1,0,1,0,1,2,-0.702523436979548,4.19999999999995,6.14053750027403e-05,-3.86211154391265e-05,-0.00430410454680818,4.88498130835069e-14,0
15710,734.94,346.962871390619,200,-136.436555601145,33.5999999999996,-4.06061177384364,1.04253447262242,10.5263157894737,0.989301827298775,0.890692589749934,0.275853926723697,293.15,1,0,1,0,1,2,-0.67676862897394,4.19999999999995,5.9154227837448e-05,-3.72052489203188e-05,-0.00414309342707847,4.61852778244065e-14,0
15740,734.94,341.969840854929,200,-131.443525065455,33.5999999999996,-3.91200967456716,0.96415770078793,10.5263157894737,0.991304060914424,0.892434532995549,0.274758325708732,293.15,1,0,1,0,1,2,-0.65200161242786,4.19999999999995,5.69894204322319e-05,-3.58436860816162e-05,-0.00398862514695688,4.52970994047064e-14,0
15770,734.94,337.168003843831,200,-126.641688054358,33.5999999999997,-3.76909785876068,0.891488309703118,10.5263157894737,0.993233084918746,0.894112783879309,0.273702784217216,293.15,1,0,1,0,1,2,-0.628182976460114,4.19999999999996,5.49075080053078e-05,-3.45342603160248e-05,-0.00384039788988313,4.35207425653061e-14,0
15800,734.94,332.549735834789,200,-122.023420045315,33.5999999999997,-3.63164940611061,0.824114427854761,10.5263157894737,0.995091700372163,0.895729779323782,0.27268576953857,293.15,1,0,1,0,1,2,-0.605274901018434,4.19999999999996,5.29051848242687e-05,-3.32748924721203e-05,-0.0036981265621505,4.2632564145606e-14,0
15830,734.94,328.107720578231,200,-117.581404788758,33.5999999999997,-3.49944657109401,0.76165381721619,10.5263157894737,0.996882596663971,0.897287859097655,0.271705810067474,293.15,1,0,1,0,1,2,-0.583241095182335,4.19999999999996,5.09792788133314e-05,-3.20635874622576e-05,-0.00356154162527073,3.99680288865056e-14,0
15860,734.94,323.834938099961,200,-113.308622310487,33.5999999999997,-3.37228042590738,0.703751754356133,10.5263157894737,0.998608356030959,0.898789269746935,0.270761492831324,293.15,1,0,1,0,1,2,-0.562046737651231,4.19999999999996,4.91267463515888e-05,-3.08984309909145e-05,-0.00343038803052128,4.08562073062058e-14,0
15890,734.94,319.72465312703,200,-109.198337337556,33.5999999999997,-3.24995051599873,0.650079060810494,10.5263157894737,1.00027145789986,0.900236168372875,0.269851461114089,293.15,1,0,1,0,1,2,-0.541658419333121,4.19999999999996,4.73446672548665e-05,-2.97775863985137e-05,-0.00330442424518212,3.81916720471054e-14,0
15920,734.94,315.770403921559,200,-105.244088132085,33.5999999999997,-3.13226452774066,0.600330272447549,10.5263157894737,1.00187428305979,0.901630626262021,0.26897441217319,293.15,1,0,1,0,1,2,-0.522044087956776,4.19999999999996,4.56302399344473e-05,-2.86992916164862e-05,-0.00318342136113726,3.64153152077051e-14,0
15950,734.94,311.965991508595,200,-101.439675719122,33.5999999999997,-3.01903796783102,0.554221938256402,10.5263157894737,1.00341911767081,0.902974632373601,0.268129095046083,293.15,1,0,1,0,1,2,-0.503172994638504,4.19999999999996,4.39807767266398e-05,-2.76618562297878e-05,-0.00306716227756119,3.5527136788005e-14,0
15980,734.94,308.305469284957,200,-97.7791534954834,33.5999999999997,-2.91009385403227,0.511491039629818,10.5263157894737,1.00490815711412,0.904270096689287,0.267314308443425,293.15,1,0,1,0,1,2,-0.485015642338712,4.19999999999996,4.23936993875274e-05,-2.6663658643307e-05,-0.00295544095031871,3.5527136788005e-14,0
16010,734.94,304.783132997147,200,-94.2568172076736,33.5999999999997,-2.80526241689507,0.471893521815675,10.5263157894737,1.00634350968991,0.905518853430223,0.266528898725711,293.15,1,0,1,0,1,2,-0.467543736149178,4.19999999999997,4.08665347477345e-05,-2.57031433489152e-05,-0.00284806170152524,3.37507799486048e-14,0
16040,734.94,301.393511077038,200,-90.8671952875638,33.5999999999997,-2.7043808121299,0.435202929767954,10.5263157894737,1.00772720016784,0.906722664146019,0.265771757960435,293.15,1,0,1,0,1,2,-0.450730135354983,4.19999999999997,3.93969105223095e-05,-2.47788182900789e-05,-0.00274483858342864,3.28626015289046e-14,0
16070,734.94,298.131355324699,200,-87.6050395352249,33.5999999999998,-2.60729284331028,0.401209141149856,10.5263157894737,1.00906117319578,0.907883220680326,0.265041822056891,293.15,1,0,1,0,1,2,-0.434548807218381,4.19999999999997,3.79825512711186e-05,-2.38892523211356e-05,-0.00264559479141136,3.01980662698043e-14,0
16100,734.94,294.991631928123,200,-84.4653161386494,33.5999999999998,-2.51384869460268,0.369717189726319,10.5263157894737,1.01034729657174,0.909002148017412,0.264338068975802,293.15,1,0,1,0,1,2,-0.41897478243378,4.19999999999997,3.66212745053041e-05,-2.30330727584381e-05,-0.00255016212147117,2.93098878501041e-14,0
16130,734.94,291.969512810146,200,-81.4431970206727,33.5999999999998,-2.42390467323432,0.340546172839011,10.5263157894737,1.011587364384,0.910081007014081,0.263659517011075,293.15,1,0,1,0,1,2,-0.403984112205721,4.19999999999997,3.53109869356053e-05,-2.22089630207233e-05,-0.00245838046804134,3.01980662698043e-14,0
16160,734.94,289.060367293044,200,-78.5340515035704,33.5999999999998,-2.3373229614158,0.313528237079497,10.5263157894737,1.01278310002426,0.91112129702111,0.263005223141038,293.15,1,0,1,0,1,2,-0.389553826902634,4.19999999999997,3.40496808584127e-05,-2.14156603561087e-05,-0.00237009735844882,2.93098878501041e-14,0
16190,734.94,286.259754071561,200,-75.7334382820877,33.5999999999998,-2.2539713774431,0.288507636673345,10.5263157894737,1.01393615907849,0.912124458398283,0.262374281446599,293.15,1,0,1,0,1,2,-0.375661896240517,4.19999999999997,3.28354306755477e-05,-2.06519536531969e-05,-0.00228516752069963,2.8421709430404e-14,0
16200,734.94,285.349593293188,200,-74.8232775037142,33.5999999999998,-2.22688325903913,0.280586003724894,10.5263157894737,1.01431130514292,0.912450835474342,0.262169005495909,293.15,1,0,1,0,1,2,-0.371147209839855,4.19999999999997,3.24408160664688e-05,-2.04037594784927e-05,-0.00225757862414488,2.57571741713036e-14,0
