time_s,P_pv_max_W,P_pv_W,P_load_W,P_B_W,V_B_V,I_B_A,Q_B_W,Q_D_W,SOC,x_n,x_p,T_B_K,connected,latched,valid,event_required,can_supply,reason,i_A,v_cell_V,dx_n_dt,dx_p_dt,q_reversible_cell_W,min_margin,action
0,734.94000000000005,734.94000000000005,200,-524.4136842105263,32.554729518067006,-16.10867889163357,14.812893431319592,10.526315789473694,0.65517241379310343,0.59999999999999998,0.45868600071607596,293.14999999999998,1,0,1,0,1,1,-2.6847798152722615,4.0693411897583758,0.00023466820134198651,-0.00014759534802151437,-0.027046553689727512,0.1306588102416244,0
30,734.94000000000005,734.94000000000005,200,-524.4136842105263,32.600424886295571,-16.086099676295234,14.81156607697309,10.526315789473694,0.66325874284847997,0.60703510627817758,0.45426124715526961,293.14999999999998,1,0,1,0,1,1,-2.6810166127158723,4.0750531107869463,0.00023433927158388496,-0.00014738846655293876,-0.026526249380685651,0.12494688921305386,0
60,734.94000000000005,734.94000000000005,200,-524.4136842105263,32.645935604718765,-16.063674527824702,14.811001988024962,10.526315789473694,0.67133376866491434,0.61406037873847552,0.44984267860702148,293.14999999999998,1,0,1,0,1,1,-2.6772790879707835,4.0807419505898457,0.00023401258624290767,-0.0001471829967180002,-0.026019746917670596,0.1192580494101545,0
90,734.94000000000005,734.93999999999983,200,-524.41368421052618,32.691282301535715,-16.041392300659041,14.811203300269801,10.526315789473694,0.67939756583054445,0.62107588227257371,0.44543025425749322,293.14999999999998,1,0,1,0,1,1,-2.6735653834431736,4.0864102876919643,0.00023368798295259226,-0.00014697883639577054,-0.025526912840251232,0.11358971230803583,0
120,734.94000000000005,734.93999999999983,200,-524.41368421052618,32.736485563344729,-16.019241992112796,14.812174509948452,10.526315789473694,0.68745020337084284,0.62808167693263328,0.44102393633667758,293.14999999999998,1,0,1,0,1,1,-2.6698736653521324,4.0920606954180911,0.00023336530142788835,-0.0001467758847744327,-0.025047616822714402,0.10793930458190903,0
150,734.94000000000005,734.9399999997961,200,-524.41368421032246,32.781565945460606,-15.997212734827883,14.813922574806405,10.526315789473694,0.69549174481855025,0.63507781799213869,0.43662369008013224,293.14999999999998,1,0,1,0,1,1,-2.6662021224713137,4.0976957431825758,0.00023304438335516948,-0.00014657404228210326,-0.024581731507478579,0.10230425681742439,0
180,734.94000000000005,734.93999999979587,200,-524.41368421032212,32.826543983021878,-15.975293789122382,14.816457030275128,10.526315789473694,0.70352224827969922,0.64206435600333833,0.43222948369285197,293.14999999999998,1,0,1,0,1,1,-2.6625489648537304,4.1033179978777348,0.00023272507228077133,-0.00014637321051672814,-0.024129132343139511,0.096682002122265409,0
210,734.94000000000005,734.93999999979565,200,-524.41368421032189,32.871440202995551,-15.953474535093005,14.81979012211764,10.526315789473694,0.71154176649578649,0.64904133685133425,0.42784128831524859,293.14999999999998,1,0,1,0,1,1,-2.6589124225155008,4.1089300253744439,0.00023240721349594216,-0.00014617329217372183,-0.023689697426745288,0.091069974625556327,0
240,734.94000000000005,734.93999999979542,200,-524.41368421032166,32.91627513721847,-15.931744464529842,14.823936957521582,10.526315789473694,0.71955034690191466,0.65600880180466581,0.42345907799133675,293.14999999999998,1,0,1,0,1,1,-2.6552907440883069,4.1145343921523088,0.0002320906539190584,-0.0001459741909718866,-0.0232633073502291,0.085465607847691416,0
270,734.94000000000005,734.94000000000005,200,-524.4136842105263,32.961069336619012,-15.910093172490445,14.828915676526428,10.526315789473694,0.72754803168082482,0.66296678756231764,0.41908282963916771,293.14999999999998,1,0,1,0,1,1,-2.651682195415074,4.1201336670773765,0.00023177524197287735,-0.00014577581157621002,-0.02284984505061376,0.079866332922623684,0
300,734.94000000000005,734.93999999999983,200,-524.41368421052607,33.005843386791199,-15.888510348455275,14.834747646162825,10.526315789473694,0.7355348578125579,0.66991532629692541,0.41471252302365474,293.14999999999998,1,0,1,0,1,1,-2.6480850580758792,4.1257304233488998,0.00023146082745569159,-0.00014557805951682717,-0.022449195663739145,0.074269576651100344,0
330,734.94000000000005,734.93999999979451,200,-524.41368421032087,33.050617925126431,-15.866985767053999,14.841457680222256,10.526315789473694,0.74351085711952358,0.67685444569398556,0.41034814073191261,293.14999999999998,1,0,1,0,1,1,-2.6444976278423331,4.1313272406408039,0.00023114726140623112,-0.00014538084110405039,-0.022061246381359808,0.068672759359196256,0
360,734.94000000000005,734.93999999999983,200,-524.41368421052618,33.095413659728905,-15.845509278182622,14.849074287740612,10.526315789473694,0.75147605630690384,0.68378416898700634,0.40598966815114879,293.14999999999998,1,0,1,0,1,1,-2.6409182130304369,4.1369267074661131,0.00023083439595969192,-0.00014518406333781795,-0.021685886311222133,0.063073292533887049,0
390,734.94000000000005,734.93999999999983,200,-524.41368421052618,33.140251390378737,-15.824070796360154,14.857629953903093,10.526315789473694,0.75943047699781008,0.69070451498809482,0.40163709344942589,293.14999999999998,1,0,1,0,1,1,-2.6373451327266921,4.1425314237973421,0.00023052208419268571,-0.00014498763381017471,-0.021323006339810626,0.057468576202658106,0
420,734.94000000000005,734.9399999997936,200,-524.41368421031996,33.185152031868711,-15.802660289358011,14.867161458109774,10.526315789473694,0.76737413576286406,0.69761549811369172,0.39729040755947537,293.14999999999998,1,0,1,0,1,1,-2.6337767148930018,4.1481440039835888,0.00023021017995759527,-0.0001447914606010893,-0.020972498997690006,0.051855996016411332,0
450,734.94000000000005,734.94000000000005,200,-524.4136842105263,33.230136640068999,-15.781267765784229,14.877710234086884,10.526315789473694,0.77530704414392093,0.70451712840521119,0.39294960416571617,293.14999999999998,1,0,1,0,1,1,-2.6302112942973714,4.1537670800086248,0.00022989853770170348,-0.00014459545216469476,-0.020634258326897966,0.046232919991375354,0
480,734.94000000000005,734.93999999999983,200,-524.41368421052618,33.275226441148327,-15.759883261441413,14.889322778154741,10.526315789473694,0.78322920867122092,0.7114094115439622,0.38861467969487029,293.14999999999998,1,0,1,0,1,1,-2.6266472102402356,4.1594033051435408,0.00022958701226845861,-0.00014439951720429371,-0.020308179750062664,0.040596694856459337,0
510,734.94000000000005,734.93999999999983,200,-524.41368421052607,33.32044286447028,-15.738496824413772,14.902051113191186,10.526315789473694,0.79114063087331776,0.71829234885978643,0.38428563331052923,293.14999999999998,1,0,1,0,1,1,-2.6230828040689622,4.165055358058785,0.0002292754586802251,-0.00014420356453571863,-0.01999415994108435,0.03494464194121516,0
540,734.94000000000005,734.94000000000005,200,-524.4136842105263,33.36580757974852,-15.717098498428696,14.915953316458427,10.526315789473694,0.79904130727921807,0.72516593733291979,0.37996246691198365,293.14999999999998,1,0,1,0,1,1,-2.6195164164047826,4.170725947468565,0.00022896373189589794,-0.00014400750293488271,-0.019692096696692276,0.029274052531435224,0
570,734.94000000000005,734.94000000000005,200,-524.4136842105263,33.411342539179493,-15.695678304323675,14.93109412170913,10.526315789473694,0.80693122941154072,0.73203016958804046,0.37564518513796691,293.14999999999998,1,0,1,0,1,1,-2.6159463840539456,4.1764178173974367,0.0002286516865409165,-0.00014381124096797114,-0.01940188880858169,0.023582182602563506,0
600,734.94000000000005,734.93999999979224,200,-524.41368421031848,33.457070025398735,-15.674226219218028,14.947545607633895,10.526315789473694,0.81481038376997617,0.73888503387987925,0.37133379537570521,293.14999999999998,1,0,1,0,1,1,-2.612371036536338,4.1821337531748419,0.00022833917660384205,-0.00014361468680060242,-0.019123435935519507,0.01786624682515825,0
630,734.94000000000005,734.93999999979178,200,-524.41368421031802,33.50301270627714,-15.652732153012128,14.965387987303789,10.526315789473694,0.82267875180346084,0.74573051406901092,0.36702830777614392,293.14999999999998,1,0,1,0,1,1,-2.6087886921686878,4.1878765882846425,0.00022802605509400275,-0.00014341774798250326,-0.018856638474864081,0.01212341171535769,0
660,734.94000000000005,734.94000000000005,200,-524.4136842105263,33.549193697775394,-15.631185921624684,14.984710516002529,10.526315789473694,0.83053630986988158,0.75256658958679701,0.36272873527599675,293.14999999999998,1,0,1,0,1,1,-2.6051976536041139,4.1936492122219242,0.00022771217365161984,-0.00014322033120229581,-0.01860139743266449,0.0063507877780759614,0
690,734.94000000000005,734.94000000000005,200,-524.4136842105263,33.595636636340295,-15.609577216443329,15.005612538856843,10.526315789473694,0.83838302918138419,0.75939323538780423,0.35843509362767256,293.14999999999998,1,0,1,0,1,1,-2.6015962027405548,4.1994545795425369,0.000227397382102769,-0.00014302234200758954,-0.018357614291597994,0.00054542045746330814,0
720,734.94000000000005,716.54981010418567,200,-506.02349431471197,33.600000000000001,-15.060223045080713,14.021167794640881,10.526315789473694,0.84609798302200478,0.76610524522914414,0.35421355264857468,293.14999999999998,1,0,1,0,1,2,-2.5100371741801188,4.2000000000000002,0.00021939449396025733,-0.00013798889881496077,-0.017518984387145418,0,0
750,734.94000000000005,697.03758327350715,200,-486.51126748403351,33.599999999999994,-14.47950200845338,13.007786448827565,10.526315789473694,0.85351645556585998,0.77255931634229824,0.3501542430929806,293.14999999999998,1,0,1,0,1,2,-2.4132503347422301,4.1999999999999993,0.00021093465922995125,-0.00013266805754169272,-0.016672961863466906,8.8817841970012523e-16,0
780,734.94000000000005,678.30701669466362,200,-467.78070090518997,33.599999999999994,-13.922044669797323,12.067495394993259,10.526315789473694,0.86064909597831007,0.77876471350112975,0.34625133785046452,293.14999999999998,1,0,1,0,1,2,-2.320340778299554,4.1999999999999993,0.00020281372567187712,-0.00012756036929117946,-0.015879684191091883,8.8817841970012523e-16,0
810,734.94000000000005,660.3244291802514,200,-449.7981133907777,33.599999999999518,-13.386848612820957,11.194939230089616,10.526315789473694,0.86750733631936694,0.78473138259784925,0.3424985814189439,293.14999999999998,1,0,1,0,1,2,-2.2311414354701595,4.1999999999999398,0.00019501709027422217,-0.00012265664945042978,-0.015134827851321598,6.0396132539608516e-14,0
840,734.94000000000005,643.0579855613862,200,-432.53166977191256,33.600000000000001,-12.872966362259302,10.385179295537471,10.526315789473694,0.87410211911495928,0.79046884363001457,0.33888998616419852,293.14999999999998,1,0,1,0,1,2,-2.1454943937098836,4.2000000000000002,0.00018753095039570564,-0.00011794821680216838,-0.014434503509872019,0,0
870,734.94000000000005,626.4775328987223,200,-415.9512171092486,33.599999999999994,-12.379500509203829,9.6336559876198997,10.526315789473694,0.88044392370315483,0.79598621362174471,0.33541981790349701,293.14999999999998,1,0,1,0,1,2,-2.0632500848673048,4.1999999999999993,0.00018034223275230157,-0.00011342684886079835,-0.013775206868739802,8.8817841970012523e-16,0
900,734.94000000000005,610.55445783174366,200,-400.02814204226996,33.599999999999994,-11.905599465543752,8.936155407679097,10.526315789473694,0.88654279029369831,0.80129222755551754,0.33208258274047237,293.14999999999998,1,0,1,0,1,2,-1.9842665775906252,4.1999999999999993,0.00017343853156873897,-0.0001090847429725808,-0.01315377552281244,8.8817841970012523e-16,0
930,734.94000000000005,595.26156201748131,200,-384.73524622800755,33.599999999999518,-11.450453756786104,8.2887797251795057,10.526315789473694,0.8924083420336143,0.80639525756924446,0.32887301499105825,293.14999999999998,1,0,1,0,1,2,-1.9084089594643505,4.1999999999999398,0.00016680805457300256,-0.00010491448234869598,-0.012567351033573924,6.0396132539608516e-14,0
960,734.94000000000005,580.57295306398419,200,-370.04663727451049,33.600000000000001,-11.013292776027097,7.6879207299629568,10.526315789473694,0.89804980532933076,0.81130333063651783,0.3257860660634378,293.14999999999998,1,0,1,0,1,2,-1.8355487960045163,4.2000000000000002,0.00016043957570879876,-0.00010090900632359107,-0.012013345545132437,0,0
990,734.94000000000005,566.46394872796111,200,-355.93763293848741,33.599999999999511,-10.593381932693232,7.1302361343935523,10.526315789473694,0.90347602863999132,0.81602414491679243,0.32281689417454335,293.14999999999998,1,0,1,0,1,2,-1.7655636554488721,4.1999999999999389,0.00015432239359895275,-9.7061584230395166e-05,-0.011489412362084157,6.1284310959308641e-14,0
1020,734.94000000000005,552.91099248401565,200,-342.38467669454195,33.599999999999994,-10.190020139718513,6.6126282571720658,10.526315789473694,0.90869549992552212,0.8205650849352043,0.31996085480265762,293.14999999999998,1,0,1,0,1,2,-1.6983366899530856,4.1999999999999993,0.00014844629493907953,-9.3365792377246592e-05,-0.0109934199892807,8.8817841970012523e-16,0
1050,734.94000000000005,539.8915788270001,200,-329.3652630375264,33.599999999999504,-9.8025375904027161,6.1322247780947441,10.526315789473694,0.91371636290721903,0.82493323572928057,0.31721349178979424,293.14999999999998,1,0,1,0,1,2,-1.6337562650671194,4.199999999999938,0.0001428015221112735,-8.9815493677814943e-05,-0.010523429200774604,6.2172489379008766e-14,0
1080,734.94000000000005,527.38418693146036,200,-316.85787114198661,33.599999999999497,-9.4302937839878371,5.6863613026121271,10.526315789473694,0.91854643227542376,0.82913539607961873,0.3145705290202177,293.14999999999998,1,0,1,0,1,2,-1.5717156306646396,4.1999999999999371,0.00013737874442107796,-8.6404819560697093e-05,-0.010077672763859621,6.3060667798708891e-14,0
1110,734.94000000000005,515.36822146827785,200,-304.84190567880421,33.600000000000001,-9.0726757642501248,5.2725655143072743,10.526315789473694,0.92319320796047044,0.83317809092560935,0.31202786261153292,293.14999999999998,1,0,1,0,1,2,-1.5121126273750207,4.2000000000000002,0.00013216903243762544,-8.3128153830562852e-05,-0.0096545374926441645,0,0
1140,734.94000000000005,503.82395957273138,200,-293.29764378325768,33.59999999999949,-8.7290965411685164,4.8885427277822506,10.526315789473694,0.9276638885657762,0.83706758305222528,0.30958155356424016,293.14999999999998,1,0,1,0,1,2,-1.4548494235280862,4.1999999999999362,0.00012716383500080067,-7.998011820673344e-05,-0.0092525483485499938,6.3948846218409017e-14,0
1170,734.94000000000005,492.73250309783867,200,-282.20618730836497,33.599999999999987,-8.3989936698918175,4.5321626820131353,10.526315789473694,0.93196538404865814,0.8408098841223326,0.30722782082292677,293.14999999999998,1,0,1,0,1,2,-1.399832278315303,4.1999999999999984,0.00012235495851990182,-7.6955559303005451e-05,-0.0088703543411688037,1.7763568394002505e-15,0
1200,734.94000000000005,482.07573540762826,200,-271.54941961815456,33.599999999999497,-8.0818279648261502,4.2014474373344424,10.526315789473694,0.9361043277221025,0.84441076511822921,0.30496303470902603,293.14999999999998,1,0,1,0,1,2,-1.3469713274710251,4.1999999999999371,0.00011773454824070881,-7.4049536845510858e-05,-0.0085067160140204247,6.3060667798708891e-14,0
1230,734.94000000000005,471.83628209227646,200,-261.30996630280276,33.599999999999483,-7.7770823304406775,3.8945602592838213,10.526315789473694,0.94008708764054649,0.84787576624727545,0.30278371069063792,293.14999999999998,1,0,1,0,1,2,-1.2961803884067795,4.1999999999999353,0.00011329507121288102,-7.1257312960005132e-05,-0.0081604943273630472,6.4837024638109142e-14,0
1260,734.94000000000005,461.99747505698275,200,-251.47115926750905,33.59999999999949,-7.4842606924855017,3.6097953880130618,10.526315789473694,0.94391977742423594,0.85121020635908529,0.30068650345955578,293.14999999999998,1,0,1,0,1,2,-1.247376782080917,4.1999999999999362,0.00010902930072014094,-6.8574342379179232e-05,-0.0078306407728944566,6.3948846218409017e-14,0
1290,734.94000000000005,452.54331953688637,200,-242.01700374741267,33.600000000000001,-7.2028870162920438,3.3455686062754788,10.526315789473694,0.94760826656909958,0.85441919191511662,0.2986682012898117,293.14999999999998,1,0,1,0,1,2,-1.2004811693820072,4.2000000000000002,0.00010493030197905886,-6.5996263447862548e-05,-0.0075161885761435322,0,0
1320,734.94000000000005,443.45846364412819,200,-232.93214785465452,33.600000000000001,-6.9325044004361462,3.1004085299546453,10.526315789473694,0.95115819028275539,0.85750762554599724,0.29672572065551867,293.14999999999998,1,0,1,0,1,2,-1.1554174000726911,4.2000000000000002,0.00010099141893570768,-6.3518889818734873e-05,-0.0072162448595727794,0,0
1350,734.94000000000005,434.72817012066344,200,-224.20185433118976,33.599999999999994,-6.6726742360473157,2.8729485549959692,10.526315789473694,0.954574958882213,0.8604802142275253,0.29485610108854726,293.14999999999998,1,0,1,0,1,2,-1.1121123726745525,4.1999999999999993,9.7206262018638087e-05,-6.1138202749519373e-05,-0.0069299836550889586,8.8817841970012523e-16,0
1380,734.94000000000005,426.3382900127495,200,-215.8119742232758,33.600000000000001,-6.4229754233117795,2.6619194024808239,10.526315789473694,0.95786376678380791,0.86334147710191289,0.29305650025932867,293.14999999999998,1,0,1,0,1,2,-1.0704959038852966,4.2000000000000002,9.3568696725042781e-05,-5.8850343924212372e-05,-0.0066566396678670245,0,0
1410,734.94000000000005,418.27523803103765,200,-207.74892224156395,33.599999999999994,-6.183003638141785,2.4661422105971367,10.526315789473694,0.96102960111262936,0.86609575296798758,0.29132418926586717,293.14999999999998,1,0,1,0,1,2,-1.0305006063569642,4.1999999999999993,9.007283293773269e-05,-5.6651608733960059e-05,-0.0063955027053021274,8.8817841970012523e-16,0
1440,734.94000000000005,410.52596939400144,200,-199.99965360452771,33.599999999999461,-5.9523706429919914,2.2845221279972709,10.526315789473694,0.96407724995469013,0.86874720746058043,0.28965654811824043,293.14999999999998,1,0,1,0,1,2,-0.99206177383199856,4.1999999999999327,8.6713014885240076e-05,-5.4538439962431706e-05,-0.006145912695114197,6.7501559897209518e-14,0
1470,734.94000000000005,403.07795798407392,200,-192.55164219460022,33.600000000000001,-5.730703636744054,2.1160423680056364,10.526315789473694,0.96701131027302156,0.8712998399375288,0.28805106140699593,293.14999999999998,1,0,1,0,1,2,-0.95511727279067571,4.2000000000000002,8.3483811671059479e-05,-5.2507421829154252e-05,-0.00590725522565931,0,0
1500,734.94000000000005,395.91917566768905,200,-185.39285987821535,33.600000000000001,-5.5176446392325991,1.9597586872682924,10.526315789473694,0.96983619550600209,0.87375749009022186,0.28650531414542618,293.14999999999998,1,0,1,0,1,2,-0.91960743987209981,4.2000000000000002,8.038000830753798e-05,-5.0555274350247665e-05,-0.0056789575492760883,0,0
1530,734.94000000000005,389.03807266305279,200,-178.51175687357909,33.600000000000001,-5.3128499069517581,1.8147942563195554,10.526315789473694,0.97255614286454284,0.87612384429215229,0.28501698777662643,293.14999999999998,1,0,1,0,1,2,-0.8854749844919596,4.2000000000000002,7.7396597203998062e-05,-4.8678847984851395e-05,-0.0054604849967520696,0,0
1560,734.94000000000005,382.42355884473966,200,-171.89724305526599,33.600000000000001,-5.115989376644821,1.6803348923553019,10.526315789473694,0.97517522034278736,0.87840244169822501,0.28358385633731342,293.14999999999998,1,0,1,0,1,2,-0.85266489610747009,4.2000000000000002,7.4528770061056373e-05,-4.6875118537029138e-05,-0.0052513377566849734,0,0
1590,734.94000000000005,376.06498590050626,200,-165.53867011103259,33.599999999999454,-4.9267461342570025,1.5556246274763126,10.526315789473694,0.97769733345586129,0.88059668010659931,0.28220378277100094,293.14999999999998,1,0,1,0,1,2,-0.82112435570950038,4.1999999999999318,7.1771910134427636e-05,-4.5141182290062501e-05,-0.0050510479791959868,6.8389738316909643e-14,0
1620,734.94000000000005,369.95213026578318,200,-159.42581447630948,33.600000000000001,-4.7448159070330203,1.4399615879542815,10.526315789473694,0.98012623171673685,0.88270982159356104,0.28087471538392744,293.14999999999998,1,0,1,0,1,2,-0.79080265117217008,4.2000000000000002,6.9121584835897759e-05,-4.3474251352808356e-05,-0.0048591771680756681,0,0
1650,734.94000000000005,364.07517676828309,200,-153.54886097880942,33.599999999999994,-4.5699065767502809,1.3326941620781128,10.526315789473694,0.9824655148632826,0.88474499793105588,0.27959468443768115,293.14999999999998,1,0,1,0,1,2,-0.76165109612504678,4.1999999999999993,6.6573538642196534e-05,-4.1871649199710685e-05,-0.0046753138294729013,8.8817841970012523e-16,0
1680,734.94000000000005,358.42470293528936,200,-147.89838714581566,33.599999999999454,-4.4017377126731567,1.2332174361926707,10.526315789473694,0.98471863884591038,0.88670521579594208,0.27836179887282264,293.14999999999998,1,0,1,0,1,2,-0.73362295211219286,4.1999999999999318,6.4123686291163583e-05,-4.0330806391506394e-05,-0.0044990713492270478,6.8389738316909643e-14,0
1710,734.94000000000005,352.99166391219785,200,-142.46534812272412,33.599999999999994,-4.2400401227001234,1.1409698799356676,10.526315789473694,0.98688892158516051,0.88859336177908965,0.27717424315839517,293.14999999999998,1,0,1,0,1,2,-0.70667335378335394,4.1999999999999993,6.1768106242944125e-05,-3.8849256462622698e-05,-0.0043300860738152572,8.8817841970012523e-16,0
1740,734.94000000000005,347.76737795286112,200,-137.24106216338743,33.59999999999944,-4.0845554215294557,1.0554302632570653,10.526315789473694,0.98897954850807712,0.89041220720202707,0.27603027426247922,293.14999999999998,1,0,1,0,1,2,-0.68075923692157592,4.19999999999993,5.9503034389108399e-05,-3.7424631964506658e-05,-0.0041680155729007379,7.0166095156309893e-14,0
1770,734.94000000000005,342.74351245432172,200,-132.21719666484805,33.600000000000001,-3.9350356150252392,0.97611478922149453,10.526315789473694,0.99099357787191678,0.89216441274856761,0.27492821873911494,293.14999999999998,1,0,1,0,1,2,-0.65583926917087321,4.2000000000000002,5.7324857997773797e-05,-3.6054660657389659e-05,-0.0040125370641801803,0,0
1800,734.94000000000005,337.91207049623796,200,-127.38575470676426,33.599999999999447,-3.7912426996061415,0.90257442748674721,10.526315789473694,0.99293394588272643,0.89385253291797206,0.27386646992747143,293.14999999999998,1,0,1,0,1,2,-0.63187378326769028,4.1999999999999309,5.5230109877575955e-05,-3.4737161839697496e-05,-0.0038633459829407542,6.9277916736609768e-14,0
1800,0,0,199.99999999999997,210.52631578947367,32.661502258668136,6.4457021640393606,3.3594819281530062,10.526315789473692,0.99293394588272643,0.89385253291797206,0.27386646992747143,293.14999999999998,1,0,1,0,1,1,1.0742836940065601,4.082687782333517,-9.3899775605240518e-05,5.9058577090299277e-05,0.0064705701557790122,0.043529406565898654,0
1830,0,0,200,210.5263157894737,32.642535277048026,6.4494474464886693,3.3516918730410703,10.526315789473694,0.98969508204670109,0.89103472138063,0.27563874189331372,293.14999999999998,1,0,1,0,1,1,1.0749079077481116,4.0803169096310032,-9.3954336174844623e-05,5.9092893142550568e-05,0.0064828512829824105,0.046339886365069249,0
1860,0,0,200.00000000000003,210.52631578947373,32.623572104714917,6.4531963303628377,3.3443208903273591,10.526315789473696,0.98645433588860554,0.88821527222308683,0.27741204384584423,293.14999999999998,1,0,1,0,1,1,1.0755327217271395,4.0779465130893646,-9.4008949209328026e-05,5.912724219276271e-05,0.0064959051730622353,0.049151996734317915,0
1890,0,0,200.00000000000003,210.52631578947373,32.604614877018108,6.456948397751713,3.337348571842699,10.526315789473696,0.98321170570635907,0.8853941839645324,0.27918637671642338,293.14999999999998,1,0,1,0,1,1,1.0761580662919521,4.0755768596272635,-9.4063608620654346e-05,5.9161620411844903e-05,0.0065097340691434406,0.051965739972551939,0
1920,0,0,199.99999999999997,210.52631578947367,32.585665479765282,6.4607032782621605,3.3307560768356526,10.526315789473692,0.97996718999568599,0.88257145529624681,0.28096174132817475,293.14999999999998,1,0,1,0,1,1,1.0767838797103602,4.0732081849706603,-9.4118309013006111e-05,5.9196024406079758e-05,0.0065243402658979859,0.05478111811357067,0
1950,0,0,200,210.5263157894737,32.566725572442543,6.4644606446899839,3.3245259830214628,10.526315789473694,0.97672078742735535,0.87974708506179922,0.28273813840843964,293.14999999999998,1,0,1,0,1,1,1.0774101074483307,4.0708406965553179,-9.4173045619734167e-05,5.9230451177467376e-05,0.0065397261050759306,0.057598132954337133,0
1980,0,0,199.99999999999997,210.52631578947367,32.547796608789156,6.468220209186863,3.3186421546185461,10.526315789473692,0.9734724968264673,0.8769210722390266,0.28451556860011068,293.14999999999998,1,0,1,0,1,1,1.0780367015311438,4.0684745760986445,-9.4227814247518414e-05,5.9264898088605098e-05,0.0065558939715825767,0.060416786080504492,0
2010,0,0,200,210.5263157894737,32.528879855076113,6.4719817198568919,3.3130896251289652,10.526315789473694,0.970222317153555,0.87409341592359291,0.28629403247197316,293.14999999999998,1,0,1,0,1,1,1.0786636199761486,4.0661099818845141,-9.4282611226786703e-05,5.9299362831503275e-05,0.0065728462900307557,0.063237078889518239,0
2040,0,0,200.00000000000011,210.52631578947381,32.50997640638537,6.4757449577270005,3.3078544929545788,10.526315789473699,0.96697024748729965,0.87126411531395076,0.28807353052816292,293.14999999999998,1,0,1,0,1,1,1.0792908262878333,4.0637470507981712,-9.4337433367580579e-05,5.9333843399826909e-05,0.0065905855217086281,0.066059012611585644,0
2070,0,0,200.00000000000011,210.52631578947381,32.49108720114328,6.4795097340438002,3.3029238282201776,10.526315789473699,0.96371628700868361,0.8684331696975548,0.28985406321683771,293.14999999999998,1,0,1,0,1,1,1.0799182890073,4.06138590014291,-9.4392277920176212e-05,5.936833806412802e-05,0.0066091141619112996,0.068882588328754935,0
2100,0,0,200.00000000003595,210.52631578951153,32.472213034125055,6.4832758878573928,3.2982855894101126,10.526315789475586,0.96046043498642919,0.86560057843819338,0.2916356309381451,293.14999999999998,1,0,1,0,1,1,1.0805459813095655,4.0590266292656318,-9.4447142539885777e-05,5.9402845349707374e-05,0.0066284347375938531,0.071707806992311607,0
2130,0,0,200.00000000000003,210.52631578947373,32.453354568117511,6.4870432838488998,3.2939285486123824,10.526315789473696,0.95720269076358511,0.86276634096431903,0.29341823405156164,293.14999999999998,1,0,1,0,1,1,1.0811738806414832,4.0566693210146889,-9.4502025255409334e-05,5.9437364016709306e-05,0.0066485498052992519,0.074534669438702572,0
2160,0,0,200,210.5263157894737,32.434512344398705,6.4908118103964849,3.2898422243616512,10.526315789473694,0.95394305374514732,0.85993045675827817,0.29520187288266747,293.14999999999998,1,0,1,0,1,1,1.0818019683994142,4.0543140430498381,-9.4556924440661005e-05,5.9471893042401666e-05,0.0066694619493539537,0.077363176404091849,0
2190,0,0,200.00000000000006,210.52631578947376,32.415686792176771,6.4945813778124961,3.2860168211495795,10.526315789473697,0.95068152338660528,0.85709292534634662,0.29698654772941296,293.14999999999998,1,0,1,0,1,1,1.082430229635416,4.0519608490220964,-9.461183878908793e-05,5.9506431605023689e-05,0.0066911737802609799,0.079317771660211867,0
2220,0,0,200,210.5263157894737,32.396878237104886,6.4983519167705825,3.2824431748689697,10.526315789473694,0.94741809918332465,0.85425374628949247,0.29877225886792841,293.14999999999998,1,0,1,0,1,1,1.0830586527950972,4.0496097796381108,-9.466676729075691e-05,5.9540979069374506e-05,0.0067136879333079677,0.08109322489223042,0
2250,0,0,200.00000000000009,210.52631578947378,32.378086908979,6.502123376878429,3.2791127034962728,10.526315789473699,0.94415278066068442,0.85141291917479545,0.30055900655792167,293.14999999999998,1,0,1,0,1,1,1.0836872294797382,4.047260863622375,-9.4721709211562162e-05,5.9575534973735848e-05,0.0067370070673436859,0.082869712169700682,0
2280,0,0,200.00000000000009,210.52631578947378,32.359312948708961,6.505895725387246,3.2760173624351241,10.526315789473699,0.94088556736489426,0.84857044360745804,0.30234679104770179,293.14999999999998,1,0,1,0,1,1,1.0843159542312077,4.0449141185886202,-9.4776664074425497e-05,5.961009901804779e-05,0.0067611338637131018,0.084647233830026647,0
2310,0,0,200.00000000000003,210.52631578947373,32.340556414642357,6.5096689460221171,3.27314960400878,10.526315789473696,0.9376164588544309,0.84572631920335495,0.30413561257886573,293.14999999999998,1,0,1,0,1,1,1.0849448243370194,4.0425695518302946,-9.4831631642256986e-05,5.9644671053191835e-05,0.0067860710253333217,0.086425790159081417,0
2340,0,0,200,210.5263157894737,32.321817288311173,6.5134430379200303,3.2705023406539206,10.526315789473694,0.93434545469203301,0.84288054558206871,0.30592547139067838,293.14999999999998,1,0,1,0,1,1,1.0855738396533383,4.0402271610388967,-9.4886611902484451e-05,5.9679251071260661e-05,0.0068118212758964741,0.088205381398478055,0
2370,0,0,200.00000000000003,210.52631578947373,32.303095479662197,6.5172180146642482,3.268068911423204,10.526315789473696,0.9310725544372056,0.84003312236036887,0.30771636772417377,293.14999999999998,1,0,1,0,1,1,1.0862030024440414,4.0378869349577746,-9.4941605052986308e-05,5.9713839196710572e-05,0.0068383873591868951,0.089986007752296593,0
2400,0,0,200,210.5263157894737,32.284390831824943,6.5209939034049684,3.2658430514512471,10.526315789473694,0.92779775763918781,0.83718404914609346,0.30950830182600347,293.14999999999998,1,0,1,0,1,1,1.0868323172341614,4.0355488539781179,-9.4996611489281488e-05,5.9748435678304507e-05,0.0068657720385017313,0.091767669393325313,0
2430,0,0,200.00000000000003,210.52631578947373,32.265703125464704,6.524770744057407,3.2638188640796804,10.526315789473696,0.92452106383034216,0.8343333255323977,0.31130127395205404,293.14999999999998,1,0,1,0,1,1,1.0874617906762345,4.033212890683088,-9.5051631792847363e-05,5.9783040881764615e-05,0.0068939780961654075,0.093550366468859947,0
2460,0,0,200.00000000000006,210.52631578947376,32.247032082762431,6.5285485885694907,3.2619907953723901,10.526315789473697,0.92124247251992808,0.83148095109233744,0.3130952843708531,293.14999999999998,1,0,1,0,1,1,1.0880914314282484,4.0308790103453038,-9.510666672045156e-05,5.9817655283062397e-05,0.0069230083331292547,0.095334099106101633,0
2490,0,0,200.00000000000014,210.52631578947384,32.228377371058627,6.5323275002522578,3.2603536107830609,10.526315789473701,0.91796198318822919,0.82862692537375937,0.31489033336678418,293.14999999999998,1,0,1,0,1,1,1.0887212500420429,4.0285471713823284,-9.5161717194397369e-05,5.9852279462283585e-05,0.0069528655686487799,0.097118867417193278,0
2520,0,0,200.00000000000003,210.52631578947373,32.209738606193923,6.5361075531668416,3.2589023737640268,10.526315789473696,0.91467959528100062,0.82577124789447054,0.31668642124312407,293.14999999999998,1,0,1,0,1,1,1.0893512588611403,4.0262173257742404,-9.5216784293593426e-05,5.9886914098011384e-05,0.0069835526400320921,0.098904671503925956,0
2550,0,0,200.00000000000003,210.52631578947373,32.191115355575995,6.5398888315625676,3.257632426128934,10.526315789473696,0.91139530820421266,0.82291391813766501,0.31848354832491976,293.14999999999998,1,0,1,0,1,1,1.0899814719270946,4.0238894194469994,-9.527186924536803e-05,5.9921559962178017e-05,0.0070150724024532363,0.10069151146214222,0
2580,0,0,199.99999999999994,210.52631578947364,32.172507140998228,6.5436714293613356,3.2565393700023817,10.526315789473692,0.90810912131906318,0.82005493554758502,0.32028171496171659,293.14999999999998,1,0,1,0,1,1,1.0906119048935559,4.0215633926247785,-9.5326973417957759e-05,5.9956217915340422e-05,0.0070474277288253449,0.10247938738586942,0
2610,0,0,199.99999999999994,210.52631578947364,32.153913441233797,6.5474554496839934,3.2556190512077796,10.526315789473692,0.90482103393724078,0.81719429952539946,0.32208092153015172,293.14999999999998,1,0,1,0,1,1,1.0912425749473322,4.0192391801542247,-9.5382098313607691e-05,5.9990888902340684e-05,0.007080621509728895,0.10426829937120025,0
2640,0,0,200.00000000000006,210.52631578947376,32.13533369442559,6.5512410044148091,3.2548675439604677,10.526315789473697,0.90153104531641315,0.8143320094252795,0.32388116843642123,293.14999999999998,1,0,1,0,1,1,1.0918735007358016,4.0169167118031988,-9.5437245562226804e-05,6.0025573948315465e-05,0.0071146566533907768,0.10605824751994469,0
2670,0,0,200.00000000000011,210.52631578947381,32.116767300290654,6.5550282138006013,3.2542811367472235,10.526315789473699,0.8982391546559283,0.81146806455065768,0.32568245611863356,293.14999999999998,1,0,1,0,1,1,1.0925047023001002,4.0145959125363317,-9.5492416915548078e-05,6.0060274155023083e-05,0.0071495360857104558,0.107849231943075,0
2700,0,0,200.00000000000006,210.52631578947376,32.098213622155676,6.5588172060814856,3.2538563192856174,10.526315789473697,0.89494536109270684,0.80860246415065495,0.32748478504905654,293.14999999999998,1,0,1,0,1,1,1.093136201013581,4.0122767027694595,-9.5547614241749395e-05,6.0094990697460243e-05,0.0071852627503299757,0.10964125276397646,0
2730,0,0,199.99999999999991,210.52631578947361,32.079671988838477,6.5626081171503969,3.2535897704674861,10.52631578947369,0.89164966369731369,0.80573520741666294,0.3292881557362673,293.14999999999998,1,0,1,0,1,1,1.0937680195250661,4.0099589986048096,-9.560283952049343e-05,6.0129724820742387e-05,0.0072218396087445737,0.11143431012152388,0
2760,0,0,200.00000000000009,210.52631578947378,32.061141696388866,6.5664010902389647,3.2534783472006454,10.526315789473699,0.88835206147019363,0.80286629347906846,0.3310925687272116,293.14999999999998,1,0,1,0,1,1,1.0944001817064941,4.0076427120486082,-9.5658094838351634e-05,6.0164477837225587e-05,0.0072592696404514953,0.11322840417299534,0
2790,0,0,200.00000000000003,210.52631578947373,32.042622009700779,6.5701962756274348,3.2535190740712885,10.526315789473696,0.88505255333805866,0.79999572140411102,0.33289802460918144,293.14999999999998,1,0,1,0,1,1,1.0950327126045725,4.0053277512125973,-9.5713382384578303e-05,6.0199251123848635e-05,0.0072975558431343287,0.11502353509683966,0
2820,0,0,200.00000000000006,210.52631578947376,32.024112164007057,6.5739938303766978,3.25370913375742,10.526315789473697,0.8817511381504155,0.79712349019086148,0.33470452401171458,293.14999999999998,1,0,1,0,1,1,1.0956656383961163,4.0030140205008822,-9.5768704447206916e-05,6.0234046119677826e-05,0.0073367012328808727,0.11681970309530337,0
2850,0,0,200.00000000000003,210.52631578947373,32.00561136626596,6.5777939180805429,3.2540458581301888,10.526315789473696,0.87844781467622213,0.79424959876831325,0.33651206760842411,293.14999999999998,1,0,1,0,1,1,1.0962989863467572,4.000701420783245,-9.582406340944101e-05,6.0268864323636974e-05,0.0073767088444324875,0.11861690839693634,0
2880,0,0,200,210.5263157894737,31.987118796448957,6.5815967086365159,3.2545267199861896,10.526315789473694,0.8751425816006646,0.79137404599257821,0.33832065611876228,293.14999999999998,1,0,1,0,1,1,1.0969327847727526,3.9983898495561196,-9.5879461746316036e-05,6.0303707292407878e-05,0.0074175817314632263,0.12041515125897756,0
2910,0,0,199.99999999999994,210.52631578947364,31.96863360873742,6.5854023780338933,3.255149325359147,10.526315789473692,0.87183543752204451,0.78849683064417875,0.34013029030972364,293.14999999999998,1,0,1,0,1,1,1.0975670630056489,3.9960792010921775,-9.5934902021610664e-05,6.0338576638487682e-05,0.0074593229668871502,0.12221443196963516,0
2940,0,0,200.00000000000009,210.52631578947378,31.950154932635694,6.5892111081574223,3.255911406364203,10.526315789473699,0.86852638094876844,0.78561795142542856,0.34194097099749232,293.14999999999998,1,0,1,0,1,1,1.0982018513595704,3.9937693665794618,-9.5990386884987623e-05,6.0373474028390602e-05,0.0075019356431923531,0.12401475085026864,0
2970,0,0,200.00000000000006,210.52631578947376,31.931681874006955,6.5930230866056103,3.2568108145323915,10.526315789473697,0.8652154102964329,0.78273740695789662,0.34375269904903705,293.14999999999998,1,0,1,0,1,1,1.098837181100935,3.9914602342508694,-9.6045919069346662e-05,6.0408401180983048e-05,0.007545422872800603,0.1258161082574773,0
3000,0,0,200.00000000000011,210.52631578947381,31.913213516038233,6.5968385065224524,3.2578455145967098,10.526315789473699,0.86190252388499666,0.77985519577994711,0.34556547538365845,293.14999999999998,1,0,1,0,1,1,1.0994730844204088,3.9891516895047792,-9.6101501388373142e-05,6.0443359865941819e-05,0.0075897877884511678,0.12761850458510521,0
3030,0,0,200.00000000000003,210.52631578947373,31.894748920139556,6.6006575664415852,3.2590135786947028,10.526315789473696,0.85858771993603544,0.7769713163443509,0.34737930097449177,293.14999999999998,1,0,1,0,1,1,1.1001095944069308,3.9868436150174444,-9.6157136734267674e-05,6.0478351902326133e-05,0.0076350335436080729,0.1294219402661691,0
3060,0,0,199.99999999999997,210.52631578947367,31.876287126782639,6.604480470141965,3.2603131809556052,10.526315789473692,0.85527099657007022,0.7740857670159611,0.34919417684996784,293.14999999999998,1,0,1,0,1,1,1.1007467450236608,3.9845358908478299,-9.621282807564376e-05,6.0513379157255358e-05,0.0076811633128896625,0.13122641577471056,0
3090,0,0,200.00000000000009,210.52631578947378,31.857827156283424,6.6083074265142088,3.2617425924428631,10.526315789473699,0.85195235180396656,0.77119854606945093,0.35101010409523681,293.14999999999998,1,0,1,0,1,1,1.1013845710857015,3.982228394535428,-9.6268578455580589e-05,6.0548443544684295e-05,0.0077281802925197526,0.13303193162758425,0
3120,0,0,200,210.5263157894737,31.839368009532564,6.6121386494368561,3.263300176425445,10.526315789473694,0.84863178354839874,0.76830965168710696,0.3528270838535556,293.14999999999998,1,0,1,0,1,1,1.102023108239476,3.9799210011915704,-9.6324390989820417e-05,6.0583547024269441e-05,0.0077760877007994923,0.13483848838618157,0
3150,0,0,199.99999999999997,210.52631578947367,31.820908668677873,6.6159743576618872,3.2649843839536627,10.526315789473692,0.84530928960537299,0.76541908195667452,0.35464511732764309,293.14999999999998,1,0,1,0,1,1,1.1026623929436479,3.9776135835847342,-9.6380268865100941e-05,6.0618691600320085e-05,0.0078248887785994942,0.1366460866580978,0
3180,0,0,200.00000000000009,210.52631578947378,31.802448097761985,6.6198147747087752,3.266793749717138,10.526315789473699,0.84198486766580605,0.76252683486925132,0.35646420578100513,293.14999999999998,1,0,1,0,1,1,1.1033024624514625,3.9753060122202482,-9.6436215337611752e-05,6.065387932082754e-05,0.0078745867898713691,0.1384547270987449,0
3210,0,0,200.00000000000011,210.52631578947381,31.783985243318359,6.6236601287666002,3.2687268881646685,10.526315789473699,0.83865851530715574,0.75963290831722552,0.35828435053923113,293.14999999999998,1,0,1,0,1,1,1.1039433547944333,3.9729981554147948,-9.6492233731568412e-05,6.0689112276568272e-05,0.0079251850221782258,0.14026441041291443,0
3240,0,0,200.00000000000006,210.52631578947376,31.765519034928797,6.6275106526036227,3.2707824898672384,10.526315789473697,0.83533022999109796,0.75673730009225526,0.36010555299126518,293.14999999999998,1,0,1,0,1,1,1.1045851087672705,3.9706898793660996,-9.6548327437895114e-05,6.0724392600275372e-05,0.007976686787243871,0.14207513735629479,0
3270,0,0,200.00000000000011,210.52631578947381,31.747048385744915,6.6313665834838522,3.2729593181070396,10.526315789473699,0.83200000906124749,0.75384000788328531,0.3619278145906531,293.14999999999998,1,0,1,0,1,1,1.1052277639139754,3.9683810482181143,-9.6604499913009289e-05,6.0759722465874091e-05,0.0080290954215198728,0.14388690873694526,0
3300,0,0,200.00000000000003,210.52631578947373,31.728572192975903,6.6352281630901819,3.2752562056768038,10.526315789473696,0.82866784974091945,0.75094102927459994,0.36375113685676741,293.14999999999998,1,0,1,0,1,1,1.1058713605150303,3.9660715241219879,-9.6660754677701814e-05,6.0795104087777619e-05,0.0080824142867705288,0.14569972541673021,0
3330,0,0,199.99999999999991,210.52631578947361,31.710089338345266,6.6390956374536518,3.2776720518749087,10.52631578947369,0.82533374913092739,0.74804036174390687,0.36557552137601229,293.14999999999998,1,0,1,0,1,1,1.1065159395756086,3.9637611672931583,-9.6717095316106559e-05,6.0830539720238884e-05,0.0081366467706751027,0.14751358831271616,0
3360,0,0,200.00000000000003,210.52631578947373,31.691598688518095,6.6429692568885041,3.2802058196830171,10.526315789473696,0.82199770420741558,0.7451380026604516,0.36740096980300951,293.14999999999998,1,0,1,0,1,1,1.1071615428147508,3.9614498360647619,-9.6773525474754302e-05,6.0866031656755603e-05,0.0081917962874472859,0.14932849839853474,0
3390,0,0,200.00000000000006,210.52631578947376,31.673099095501033,6.646849275932639,3.282856533113907,10.526315789473697,0.81865971181972275,0.74223394928315878,0.36922748386176751,293.14999999999998,1,0,1,0,1,1,1.1078082126554398,3.9591373869376292,-9.6830048861705202e-05,6.0901582229524581e-05,0.0082478662784714381,0.15114445670571358,0
3420,0,0,200.00000000000006,210.52631578947376,31.654589397016757,6.6507359532932222,3.2856232747182825,10.526315789473697,0.81531976868827383,0.73932819875879829,0.37105506534683497,293.14999999999998,1,0,1,0,1,1,1.108455992215537,3.9568236746270946,-9.6886669245756585e-05,6.0937193808943459e-05,0.008304860212955574,0.15296146432497776,0
3450,0,0,200.00000000000009,210.52631578947378,31.636068416854378,6.6546295517970915,3.2885051832400443,10.526315789473699,0.811977871402499,0.73642074812017411,0.37288371612443966,293.14999999999998,1,0,1,0,1,1,1.1091049252995153,3.9545085521067973,-9.6943390455720338e-05,6.0972868803156254e-05,0.0083627815886007668,0.15477952240752385,0
3480,0,0,200.00000000000003,210.52631578947373,31.617534965197422,6.6585303383457237,3.2915014514104657,10.526315789473696,0.80863401641877453,0.73351159428433388,0.37471343813361468,293.14999999999998,1,0,1,0,1,1,1.109755056390954,3.9521918706496777,-9.7000216379766901e-05,6.1008609657640719e-05,0.0084216339322870162,0.15659863216626851,0
3510,0,0,200.00000000000006,210.52631578947376,31.59898783893059,6.6624385838745468,3.2946113238723678,10.526315789473697,0.80528820005838764,0.73060073405079728,0.37654423338731291,293.14999999999998,1,0,1,0,1,1,1.1104064306457577,3.9498734798663238,-9.7057150964832597e-05,6.1044418854835642e-05,0.0084814208007752048,0.15841879487707383,0
3540,0,0,200.00000000000006,210.52631578947376,31.580425821926806,6.6663545633163022,3.2978340952260337,10.526315789473697,0.80194041850551856,0.72768816409980119,0.3783761039735104,293.14999999999998,1,0,1,0,1,1,1.1110590938860503,3.9475532277408507,-9.7114198216085844e-05,6.1080298913805035e-05,0.0085421457814253456,0.16024001187994957,0
3570,0,0,200,210.5263157894737,31.561847685315524,6.6702785555683182,3.3011691081893,10.526315789473694,0.79859066780524157,0.72477388099056017,0.38020905205630084,293.14999999999998,1,0,1,0,1,1,1.1117130925947196,3.9452309606644405,-9.7171362196450412e-05,6.1116252389938378e-05,0.0086038124929308322,0.16206228458023814,0
3600,0,0,200.00000000000009,210.52631578947378,31.543252187733419,6.6742108434634879,3.3046157518647838,10.526315789473699,0.7952389438615397,0.72185788115953953,0.38204307987698088,293.14999999999998,1,0,1,0,1,1,1.1123684739105812,3.9429065234666774,-9.722864702618263e-05,6.1152281874684631e-05,0.0086664245860689059,0.16388561444977739,0
3630,0,0,200.00000000000003,210.52631578947373,31.524638075558535,6.6781517137447342,3.3081734601076636,10.526315789473696,0.79188524243533576,0.71894016091874213,0.38387818975512888,293.14999999999998,1,0,1,0,1,1,1.1130252856241223,3.9405797594448169,-9.7286056882499433e-05,6.1188389995318304e-05,0.008729985744466923,0.16571000302804989,0
3660,0,0,200.00000000000011,210.52631578947381,31.506004083128801,6.6821014570428776,3.3118417099880499,10.526315789473699,0.7885295591425332,0.71602071645400389,0.38571438408967607,293.14999999999998,1,0,1,0,1,1,1.1136835761738129,3.9382505103911001,-9.7343595999255881e-05,6.1224579414736671e-05,0.0087944996853849718,0.16753545192331382,0
3690,0,0,199.99999999999994,210.52631578947364,31.487348932945704,6.6860603678576664,3.3156200203422279,10.526315789473692,0.78517188945206773,0.71309954382329899,0.38755166535997271,293.14999999999998,1,0,1,0,1,1,1.1143433946429444,3.935918616618213,-9.740126866666888e-05,6.1260852831285958e-05,0.0088599701605143362,0.16936196281372068,0
3720,0,0,200.00000000000006,210.52631578947376,31.468671335864009,6.6900287445419568,3.3195079504076954,10.526315789473697,0.78181222868396816,0.71017663895505234,0.38939003612684936,293.14999999999998,1,0,1,0,1,1,1.1150047907569929,3.9335839169830011,-9.7459079231086661e-05,6.1297212978616398e-05,0.0089264009567923651,0.17118953744841975,0
3750,0,0,200.00000000000003,210.52631578947373,31.44996999126818,6.6940068892887528,3.3235050985369918,10.526315789473696,0.7784505720074244,0.7072519976464593,0.39122949903367416,293.14999999999998,1,0,1,0,1,1,1.1156678148814587,3.9312462489085225,-9.7517032094799971e-05,6.1333662625563432e-05,0.0089937958972333368,0.17301817764865063,0
3780,0,0,200,210.5263157894737,31.431243587236313,6.6979951081211695,3.3276111009859841,10.526315789473694,0.7750869144388608,0.70432561556180895,0.39307005680740692,293.14999999999998,1,0,1,0,1,1,1.1163325180201948,3.9289054484045391,-9.7575131715896003e-05,6.137020457605586e-05,0.0090621588417757349,0.17484788530882484,0
3800,0,0,200.00000000000006,210.52631578947376,31.4187447430565,6.7006596702435024,3.3304087476213153,10.526315789473697,0.77284336192215053,0.70237372487227101,0.39429770496755312,293.14999999999998,1,0,1,0,1,1,1.1167766117072504,3.9273430928820625,-9.7613948555241951e-05,6.1394618556644601e-05,0.0091082738414153663,0.17606828441799699,0
3800,734.94000000000005,734.93999999979337,200,-524.41368421031973,33.216149210551329,-15.78791330946142,14.874320992139971,10.526315789473694,0.77284336192215053,0.70237372487227101,0.39429770496755312,293.14999999999998,1,0,1,0,1,1,-2.6313188849102365,4.1520186513189161,0.00022999534873084849,-0.00014465634178441002,-0.020738045801595977,0.047981348681084057,0
3830,734.94000000000005,734.94000000000005,200,-524.4136842105263,33.261204042609002,-15.766527379427705,14.88559771049033,10.526315789473694,0.7807688642732733,0.70926891191774777,0.38996095407488551,293.14999999999998,1,0,1,0,1,1,-2.6277545632379509,4.1576505053261252,0.00022968380252840704,-0.00014446039376115352,-0.020408199462769824,0.042349494673874943,0
3860,734.94000000000005,734.93999999999983,200,-524.41368421052607,33.306378814686141,-15.745142608517103,14.897973433510531,10.526315789473694,0.78868362435956785,0.71615475319282407,0.38563008123568598,293.14999999999998,1,0,1,0,1,1,-2.6241904347528506,4.1632973518357677,0.00022937227321185287,-0.0001442644563583321,-0.020090443870003156,0.036702648164232521,0
3890,734.94000000000005,734.94000000000005,200,-524.4136842105263,33.351695117554051,-15.723749043703354,14.911504296531108,10.526315789473694,0.79658764026375706,0.72303124702946864,0.38130508749906861,293.14999999999998,1,0,1,0,1,1,-2.6206248406172254,4.1689618896942564,0.00022906061578737322,-0.00014406843838160366,-0.019784676484864018,0.031038110305743771,0
3920,734.94000000000005,734.94000000000005,200,-524.4136842105263,33.397174810794311,-15.70233671505143,14.926252895648407,10.526315789473694,0.80448090506525738,0.72989838740677393,0.37698597665190314,293.14999999999998,1,0,1,0,1,1,-2.6170561191752384,4.1746468513492889,0.00022874868501483172,-0.00014387224848169989,-0.019490795803585599,0.025353148650711255,0
3950,734.94000000000005,734.93999999979678,200,-524.41368421032314,33.442840068846053,-15.68089561564614,14.942288947912289,10.526315789473694,0.81236340682687214,0.73675616393937882,0.37267275522609727,293.14999999999998,1,0,1,0,1,1,-2.6134826026076898,4.1803550086057566,0.00022843633511537178,-0.00014367579497052266,-0.019208701229243459,0.019644991394243583,0
3980,734.94000000000005,734.94000000000005,200,-524.4136842105263,33.488713433557436,-15.659415678986235,14.959690047688577,10.526315789473694,0.82023512857054803,0.7436045618563768,0.36836543251186182,293.14999999999998,1,0,1,0,1,1,-2.6099026131643726,4.1860891791946795,0.00022812341944209846,-0.00014347898561401824,-0.018938292943549664,0.013910820805320689,0
4010,734.94000000000005,734.94000000000005,200,-524.4136842105263,33.534817874387755,-15.637886753249603,14.978542535532595,10.526315789473694,0.82809604824117655,0.75044356196982365,0.36406402057751819,293.14999999999998,1,0,1,0,1,1,-2.6063144588749338,4.1918522342984694,0.00022780979010517843,-0.00014328172739638267,-0.01867947177742146,0.0081477657015307514,0
4040,734.94000000000005,734.93999999999983,200,-524.41368421052618,33.581176857667934,-15.616298572060956,14.998942499981069,10.526315789473694,0.83594613865654177,0.75727314063119133,0.35976853429688727,293.14999999999998,1,0,1,0,1,1,-2.6027164286768261,4.1976471072084918,0.00022749529754598934,-0.0001430839262522215,-0.018432139079773684,0.0023528927915084097,0
4070,734.94000000000005,722.7772362196331,200,-512.25092043015934,33.599999999999994,-15.245563108040459,14.351821216746028,10.526315789473694,0.84373289914508531,0.76404762225622425,0.35550770148104721,293.14999999999998,1,0,1,0,1,2,-2.5409271846734098,4.1999999999999993,0.00022209449310382233,-0.00013968707228274779,-0.017793336116974253,8.8817841970012523e-16,0
4100,734.94000000000005,703.01496493926936,200,-492.48864914979566,33.599999999999994,-14.65740027231535,13.314568394474145,10.526315789473694,0.85124259200987118,0.77058105504858798,0.35139847713258598,293.14999999999998,1,0,1,0,1,2,-2.4429000453858918,4.1999999999999993,0.00021352624764531367,-0.00013429804572034887,-0.016929969417575626,8.8817841970012523e-16,0
4130,734.94000000000005,684.04522383908125,200,-473.51890804960749,33.599999999999987,-14.092824644333561,12.352161278713055,10.526315789473694,0.85846279649673163,0.77686263295215652,0.34744765775654995,293.14999999999998,1,0,1,0,1,2,-2.348804107388927,4.1999999999999984,0.00020530161618848952,-0.00012912513633050958,-0.016120787947053877,1.7763568394002505e-15,0
4160,734.94000000000005,665.83372103112515,200,-455.30740524165151,33.599999999999525,-13.550815632192201,11.459106528054582,10.526315789473694,0.86540510253746761,0.78290243920759683,0.34364890146508681,293.14999999999998,1,0,1,0,1,2,-2.2584692720320336,4.1999999999999407,0.00019740573094265346,-0.00012415899296667668,-0.015361322213100244,5.9507954119908391e-14,0
4190,734.94000000000005,648.34806638259056,200,-437.8217505931168,33.600000000000001,-13.030409243842762,10.630340253801517,10.526315789473694,0.87208060182589353,0.78871012358852743,0.3399961390008901,293.14999999999998,1,0,1,0,1,2,-2.1717348739737936,4.2000000000000002,0.00018982454865313191,-0.00011939078307697878,-0.014647553541946136,0,0
4220,734.94000000000005,631.55760046242676,200,-421.03128467295312,33.599999999999994,-12.530692996218844,9.8611888356047022,10.526315789473694,0.87849991494165658,0.79429492599924123,0.33648355889533321,293.14999999999998,1,0,1,0,1,2,-2.0884488327031407,4.1999999999999993,0.00018254477643840503,-0.0001148121460592427,-0.013975862883831364,8.8817841970012523e-16,0
4250,734.94000000000005,615.4332456721703,200,-404.9069298826966,33.600000000000001,-12.050801484604065,9.1473342957259067,10.526315789473694,0.88467321608676908,0.79966569799548914,0.33310559393290018,293.14999999999998,1,0,1,0,1,2,-2.0084669141006777,4.2000000000000002,0.00017555380724549271,-0.00011041515266544298,-0.013342985894023255,0,0
4280,734.94000000000005,599.94737636091645,200,-389.42106057144281,33.599999999999994,-11.589912517007228,8.4847835689475666,10.526315789473694,0.89061025574210284,0.80483092249562949,0.32985690875379287,293.14999999999998,1,0,1,0,1,2,-1.9316520861678714,4.1999999999999993,0.00016883966353625977,-0.00010619226958301577,-0.012745973462628476,8.8817841970012523e-16,0
4310,734.94000000000005,585.07370519873348,200,-374.54738940925972,33.599999999999994,-11.147243732418445,7.8698411145670821,10.526315789473694,0.89632038150669346,0.8097987319108233,0.3267323884508842,293.14999999999998,1,0,1,0,1,2,-1.8578739554030741,4.1999999999999993,0.00016239094802280785,-0.00010213632844971923,-0.012182156985505807,8.8817841970012523e-16,0
4340,734.94000000000005,570.78718347200561,200,-360.26086768253185,33.599999999999994,-10.722049633408687,7.2990844066772231,10.526315789473694,0.90181255734499854,0.81457692489014877,0.32372712803782239,293.14999999999998,1,0,1,0,1,2,-1.7870082722347813,4.1999999999999993,0.00015619680043894426,-9.8240498664904692e-05,-0.011649117768227525,8.8817841970012523e-16,0
4370,734.94000000000005,557.06391330397128,200,-346.53759751449758,33.600000000000001,-10.313618973645761,6.7693419136360991,10.526315789473694,0.90709538143501156,0.8191729818484601,0.32083642268273216,293.14999999999998,1,0,1,0,1,2,-1.718936495607627,4.2000000000000002,0.00015024685948200668,-9.4498263452700237e-05,-0.011144660039391208,0,0
4400,734.94000000000005,543.88107009343548,200,-333.35475430396184,33.599999999999994,-9.9212724495226752,6.2776732395293617,10.526315789473694,0.91217710278232167,0.82359407942061991,0.3180557586171775,293.14999999999998,1,0,1,0,1,2,-1.6535454082537793,4.1999999999999993,0.00014453122918493965,-9.090339871161618e-05,-0.010666787121033548,8.8817841970012523e-16,0
4430,734.94000000000005,531.2168337123851,200,-320.69051792291145,33.600000000000001,-9.5443606524676028,5.8213511518021193,10.526315789473694,0.9170656367417559,0.82784710396532768,0.31538080464288343,293.14999999999998,1,0,1,0,1,2,-1.5907267754112671,4.2000000000000002,0.00013904044908593177,-8.7449954252638804e-05,-0.010213680364637249,0,0
4460,734.94000000000005,519.05032721545035,200,-308.52401142597665,33.600000000000001,-9.1822622448207341,5.3978452619313027,10.526315789473694,0.92176857956799263,0.83193866422415363,0.31280740416979441,293.14999999999998,1,0,1,0,1,2,-1.5303770408034558,4.2000000000000002,0.00013376546765493305,-8.4132237085749769e-05,-0.0097836805130455048,0,0
4490,734.94000000000005,507.36156199641732,200,-296.83524620694362,33.599999999999987,-8.8343823275876119,5.0048071615376859,10.526315789473694,0.92629322209926801,0.83587510322636316,0.31033156772849541,293.14999999999998,1,0,1,0,1,2,-1.4723970545979355,4.1999999999999984,0.00012869761851539278,-8.0944796464508891e-05,-0.0093752711929652784,1.7763568394002505e-15,0
4520,734.94000000000005,496.13138848271319,200,-285.60507269323949,33.599999999999994,-8.5001509730130813,4.6400568459005385,10.526315789473694,0.93064656266350354,0.83966250951724808,0.30794946590811545,293.14999999999998,1,0,1,0,1,2,-1.4166918288355137,4.1999999999999993,0.00012382859906707308,-7.7882410440801433e-05,-0.008987064280811894,8.8817841970012523e-16,0
4550,734.94000000000005,485.34145159152808,200,-274.81513580205439,33.599999999999987,-8.1790218988706691,4.3015702814607417,10.526315789473694,0.93483531928392538,0.8433067277770151,0.30565742267754237,293.14999999999998,1,0,1,0,1,2,-1.363170316478445,4.1999999999999984,0.00011915045117334626,-7.4940073718049281e-05,-0.0086177869173981597,1.7763568394002505e-15,0
4580,734.94000000000005,474.97415028676642,200,-264.44783449729272,33.600000000000001,-7.8704712648003774,3.9874679945069733,10.526315789473694,0.9388659412500272,0.84681336888752368,0.30345190905391417,293.14999999999998,1,0,1,0,1,2,-1.3117452108000629,4.2000000000000002,0.00011465554362647032,-7.211298662268751e-05,-0.0082662699753036986,0,0
4610,734.94000000000005,465.01260067263797,200,-254.48628488316425,33.600000000000001,-7.5739965739036972,3.6960045753852193,10.526315789473694,0.94274462011099813,0.85018781949656841,0.30132953708713223,293.14999999999998,1,0,1,0,1,2,-1.2623327623172829,4.2000000000000002,0.00011033655614623195,-6.9396545040057572e-05,-0.0079314378071955894,0,0
4640,734.94000000000005,455.44060214377691,200,-244.91428635430324,33.599999999999476,-7.2891156653067579,3.4255590069705955,10.526315789473694,0.94647730014078191,0.85343525112248031,0.29928705413349155,293.14999999999998,1,0,1,0,1,2,-1.2148526108844597,4.1999999999999345,0.00010618646470379616,-6.6786331183793518e-05,-0.0076122991246113623,6.5725203057809267e-14,0
4670,734.94000000000005,446.24260618462358,200,-235.71629039514988,33.600000000000001,-7.0153657855699363,3.1746257382376903,10.526315789473694,0.95006968831735328,0.8565606288360974,0.29732133739512639,293.14999999999998,1,0,1,0,1,2,-1.1692276309283227,4.2000000000000002,0.00010219852799417624,-6.4278105087636804e-05,-0.0073079388752015943,0,0
4700,734.94000000000005,437.40368746660533,200,-226.87737167713163,33.600000000000001,-6.7523027284860602,2.9418064337471788,10.526315789473694,0.9535272638530824,0.85956871955218173,0.295429388705096,293.14999999999998,1,0,1,0,1,2,-1.12538378808101,4.2000000000000002,9.8366274904975994e-05,-6.1867796723860072e-05,-0.0070175110023275875,0,0
4730,734.94000000000005,428.90951695497893,200,-218.3832011655052,33.599999999999994,-6.4995000346876557,2.725802338722136,10.526315789473694,0.95685528730836844,0.86246409995828055,0.29360832954050115,293.14999999999998,1,0,1,0,1,2,-1.0832500057812759,4.1999999999999993,9.4683492856418778e-05,-5.9551498669689349e-05,-0.0067402319852601549,8.8817841970012523e-16,0
4760,734.94000000000005,420.74633676771793,200,-210.22002097824424,33.600000000000001,-6.2565482434001254,2.5254072061959949,10.526315789473694,0.96005880931653409,0.86525116410538472,0.29185539624831369,293.14999999999998,1,0,1,0,1,2,-1.0427580405666876,4.2000000000000002,9.1144216901028707e-05,-5.7325459251512271e-05,-0.0064753750700364578,0,0
4790,734.94000000000005,412.90093657778903,200,-202.3746207883153,33.600000000000001,-6.0230541901284314,2.3395007391428888,10.526315789473694,0.96314267894472205,0.86793413068190817,0.29016793547038333,293.14999999999998,1,0,1,0,1,2,-1.0038423650214052,4.2000000000000002,8.7742719492462382e-05,-5.5186076109950688e-05,-0.006222265112077162,0,0
4820,734.94000000000005,405.36063137739472,200,-194.834315587921,33.599999999999469,-5.7986403448786925,2.167042505551168,10.526315789473694,0.96611155171228236,0.87051704998968571,0.28854339975586041,293.14999999999998,1,0,1,0,1,2,-0.96644005747978212,4.1999999999999336,8.4473500844845864e-05,-5.3129890136333429e-05,-0.0059802739608941112,6.6613381477509392e-14,0
4850,734.94000000000005,398.11324045253889,200,-187.58692466306516,33.599999999999994,-5.5829441864007494,2.0070662889005813,10.526315789473694,0.96896989728600225,0.87300381063882193,0.28697934335044822,293.14999999999998,1,0,1,0,1,2,-0.93049069773345827,4.1999999999999993,8.1331279816858023e-05,-5.1153579739210146e-05,-0.0057488163255156504,8.8817841970012523e-16,0
4880,734.94000000000005,391.14706743449028,200,-180.62075164501655,33.599999999999994,-5.3756176084826368,1.8586748401929181,10.526315789473694,0.97172200686918497,0.87539814597619092,0.28547341815317712,293.14999999999998,1,0,1,0,1,2,-0.89593626808043947,4.1999999999999993,7.8310985262740251e-05,-4.9253955404540059e-05,-0.0055273460663272725,8.8817841970012523e-16,0
4910,734.94000000000005,384.45088132537649,200,-173.92456553590279,33.600000000000001,-5.1763263552352017,1.72103500122081,10.526315789473694,0.97437200029991522,0.87770364026092629,0.28402336983230886,293.14999999999998,1,0,1,0,1,2,-0.86272105920586695,4.2000000000000002,7.5407747805629125e-05,-4.7427954521502032e-05,-0.0053153528657050282,0,0
4940,734.94000000000005,378.01389839808087,200,-167.48758260860717,33.599999999999469,-4.9847494823991019,1.593373171282308,10.526315789473694,0.97692383287220808,0.87992373459882101,0.28262703409287632,293.14999999999998,1,0,1,0,1,2,-0.83079158039985035,4.1999999999999336,7.2616891989978134e-05,-4.5672636446734072e-05,-0.0051123592349831878,6.6613381477509392e-14,0
4970,734.94000000000005,371.82576489664643,200,-161.29944910717276,33.599999999999469,-4.8005788424754554,1.4749710923005726,10.526315789473694,0.97938130189271766,0.88206173264666443,0.28128233308892181,293.14999999999998,1,0,1,0,1,2,-0.8000964737459092,4.1999999999999336,6.9933928781037901e-05,-4.3985177786856404e-05,-0.0049179178205739898,6.6613381477509392e-14,0
5000,734.94000000000005,365.8765404662372,200,-155.3502246767635,33.599999999999461,-4.6235185915704164,1.3651619292788744,10.526315789473694,0.98174805298429269,0.8841208060963347,0.27998727197425866,293.14999999999998,1,0,1,0,1,2,-0.7705864319284027,4.1999999999999327,6.7354548380660901e-05,-4.2362867879947845e-05,-0.0047316089761105596,6.7501559897209518e-14,0
5030,734.94000000000005,360.15668226022825,200,-149.63036647075455,33.600000000000001,-4.4532847163915044,1.263326625111912,10.526315789473694,0.98402758614694807,0.88610399994784483,0.2787399355859716,293.14999999999998,1,0,1,0,1,2,-0.74221411939858406,4.2000000000000002,6.4874613336672929e-05,-4.0803104461662054e-05,-0.0045530385715555326,0,0
5060,734.94000000000005,354.65702967187519,200,-144.13071388240152,33.600000000000001,-4.2896045798333784,1.1688905102974994,10.526315789473694,0.98622326158590556,0.88801423757973785,0.27753848525537411,293.14999999999998,1,0,1,0,1,2,-0.7149340966388964,4.2000000000000002,6.2490151923052243e-05,-3.9303389501669097e-05,-0.0043818360133222054,0,0
5090,734.94000000000005,349.36878965326594,200,-138.84247386379224,33.600000000000001,-4.132216484041435,1.0813201497658536,10.526315789473694,0.98833830531586597,0.88985432562480338,0.2763811557414112,293.14999999999998,1,0,1,0,1,2,-0.68870274734023917,4.2000000000000002,6.0197351774722381e-05,-3.7861325200237143e-05,-0.0042176524526688795,0,0
5120,734.94000000000005,344.28352258196264,200,-133.75720679248894,33.600000000000001,-3.9808692497764566,1.0001204102463537,10.526315789473694,0.99037581454993229,0.8916269586584411,0.27526625228189688,293.14999999999998,1,0,1,0,1,2,-0.66347820829607607,4.2000000000000002,5.7992553759815458e-05,-3.6474610134172037e-05,-0.0040601591619973797,0,0
5150,734.94000000000005,339.39312864815236,200,-128.86681285867863,33.599999999999994,-3.8353218112701981,0.92483173295254684,10.526315789473694,0.99233876288104528,0.89333472370650946,0.27419214775828782,293.14999999999998,1,0,1,0,1,2,-0.63922030187836631,4.1999999999999993,5.5872246077604687e-05,-3.5141035544692299e-05,-0.0039090460612236262,8.8817841970012523e-16,0
5180,734.94000000000005,334.68983473398754,200,-124.16351894451384,33.599999999999994,-3.6953428257295791,0.85502759738010059,10.526315789473694,0.99423000526374694,0.89498010457945987,0.27315727996971534,293.14999999999998,1,0,1,0,1,2,-0.61589047095492988,4.1999999999999993,5.3833058569834974e-05,-3.3858481759521463e-05,-0.0037640203782697635,8.8817841970012523e-16,0
5210,734.94000000000005,330.16618176252985,200,-119.63986597305615,33.599999999999447,-3.5607102968172057,0.79031216306391328,10.526315789473694,0.99605228280324309,0.89656548603882147,0.27216014901246083,293.14999999999998,1,0,1,0,1,2,-0.59345171613620096,4.1999999999999309,5.1871757235657979e-05,-3.2624914743038259e-05,-0.0036248054296010839,6.9277916736609768e-14,0
5240,734.94000000000005,325.81501249712795,200,-115.28869670765424,33.600000000000001,-3.4312112115373283,0.7303180770703267,10.526315789473694,0.99780822735872421,0.89809315780209009,0.2711993147610674,293.14999999999998,1,0,1,0,1,2,-0.57186853525622139,4.2000000000000002,4.9985238941855204e-05,-3.1438382769253725e-05,-0.0034911395083409031,0,0
5270,734.94000000000005,321.6294597689689,200,-111.10314397949523,33.599999999999994,-3.30664118986593,0.67470443577027517,10.526315789473694,0.99950036596754022,0.89956531839176002,0.27027339444747861,293.14999999999998,1,0,1,0,1,2,-0.55110686497765504,4.1999999999999993,4.8170526318715018e-05,-3.0297013211556054e-05,-0.003362774868740741,8.8817841970012523e-16,0
5300,734.94000000000005,317.60293512376734,200,-107.07661933429362,33.600000000000001,-3.1868041468539769,0.62315489038426986,10.526315789473694,1.0011311250964798,0.90098407883393739,0.26938106033478321,293.14999999999998,1,0,1,0,1,2,-0.53113402447566282,4.2000000000000002,4.6424762837616447e-05,-2.9199009446740505e-05,-0.0032394767973688426,0,0
5330,734.94000000000005,313.72911786554812,200,-103.20280207607443,33.59999999999944,-3.0715119665498856,0.57537588630108261,10.526315789473694,1.0027028347263141,0.90235146621189333,0.26852103748219608,293.14999999999998,1,0,1,0,1,2,-0.51191866109164763,4.19999999999993,4.4745208060793067e-05,-2.8142647867332555e-05,-0.00312102276203977,7.0166095156309893e-14,0
5360,734.94000000000005,310.00194448965908,200,-99.475628700185396,33.59999999999944,-2.960584187505567,0.53109502702515443,10.526315789473694,1.0042177322754686,0.90366942707965769,0.26769210159806683,293.14999999999998,1,0,1,0,1,2,-0.49343069791759447,4.19999999999993,4.3129233059844257e-05,-2.7126275000045265e-05,-0.0030072016308699558,7.0166095156309893e-14,0
5390,734.94000000000005,306.41559848812756,200,-95.889282698653844,33.599999999999447,-2.8538476993647448,0.49005955409080659,10.526315789473694,1.005677966368494,0.90493983074058981,0.26689307697781239,293.14999999999998,1,0,1,0,1,2,-0.47564128322745747,4.1999999999999309,4.1574315995690964e-05,-2.6148304725777707e-05,-0.0028978129544009377,6.9277916736609768e-14,0
5400,734.94000000000005,305.25047381439629,200,-94.724158024922602,33.599999999999426,-2.8191713697894114,0.47706122426576775,10.526315789473694,1.0061529226631865,0.90535304271697226,0.26663318592690705,293.14999999999998,1,0,1,0,1,2,-0.46986189496490194,4.1999999999999282,4.1069157754886271e-05,-2.5830583765157018e-05,-0.0028623018619910682,7.1942451995710144e-14,0
5400,734.94000000000005,305.25047381439629,200,-94.724158024922602,33.599999999999426,-2.8191713697894114,0.47706122426576775,10.526315789473694,1.0061529226631865,0.90535304271697226,0.26663318592690705,293.14999999999998,1,0,1,0,1,2,-0.46986189496490194,4.1999999999999282,4.1069157754886271e-05,-2.5830583765157018e-05,-0.0028623018619910682,7.1942451995710144e-14,0
5430,734.94000000000005,301.84325829060828,200,-91.316942501134562,33.600000000000001,-2.7177661458670999,0.43999106416278555,10.526315789473694,1.007543467739906,0.90656281693371821,0.26587229439781629,293.14999999999998,1,0,1,0,1,2,-0.45296102431118329,4.2000000000000002,3.9591905544160931e-05,-2.4901461059521197e-05,-0.0027585285474157604,0,0
5460,734.94000000000005,298.56420427168553,200,-88.037888482211855,33.600000000000001,-2.6201752524467814,0.40564514589704637,10.526315789473694,1.0088840375666184,0.90772911268295797,0.26513874879589566,293.14999999999998,1,0,1,0,1,2,-0.43669587540779686,4.2000000000000002,3.817021978207164e-05,-2.4007287057109151e-05,-0.0026587578984637629,0,0
5490,734.94000000000005,295.40824953445139,200,-84.881933744977673,33.600000000000001,-2.5262480281243356,0.37382652405058803,10.526315789473694,1.0101765101231868,0.90885356380717253,0.26443152151046656,293.14999999999998,1,0,1,0,1,2,-0.42104133802072263,4.2000000000000002,3.6801905661647933e-05,-2.3146681326755537e-05,-0.002562820580970732,0,0
5520,734.94000000000005,292.37053873895496,200,-81.844222949481278,33.599999999999426,-2.4358399687346033,0.34435245948447724,10.526315789473694,1.0114226892635632,0.90993773965930003,0.26374962549176362,293.14999999999998,1,0,1,0,1,2,-0.40597332812243386,4.1999999999999282,3.548485807341728e-05,-2.2318319852835551e-05,-0.0024705554247340909,7.1942451995710144e-14,0
5550,734.94000000000005,289.44641505168011,200,-78.920099262206378,33.600000000000001,-2.3488124780418564,0.31705339480017047,10.526315789473694,1.0126243077458998,0.91098314773893296,0.26309211259288956,293.14999999999998,1,0,1,0,1,2,-0.39146874634030943,4.2000000000000002,3.4217057973510867e-05,-2.1520932750972943e-05,-0.0023818089532573125,0,0
5580,734.94000000000005,286.6314120756623,200,-76.105096286188584,33.600000000000001,-2.2650326275651365,0.29177200320270552,10.526315789473694,1.0137830301395694,0.91199123622142531,0.2624580719791248,293.14999999999998,1,0,1,0,1,2,-0.37750543792752272,4.2000000000000002,3.2996568884844282e-05,-2.0753302067445926e-05,-0.002296434947164229,0,0
5610,734.94000000000005,283.92124608505168,200,-73.394930295577964,33.599999999999426,-2.1843729254636672,0.26836230566564578,10.526315789473694,1.0149004556138528,0.91296339638405188,0.26184662860198643,293.14999999999998,1,0,1,0,1,2,-0.3640621542439445,4.1999999999999282,3.1821533530283761e-05,-2.0014259661605855e-05,-0.0022142940384735094,7.1942451995710144e-14,0
5640,734.94000000000005,281.31180854950355,200,-70.785492760029825,33.600000000000001,-2.1067110940485065,0.24668885152574538,10.526315789473694,1.015978120612786,0.91390096493312389,0.26125694173558112,293.14999999999998,1,0,1,0,1,2,-0.35111851567475111,4.2000000000000002,3.0690170591477792e-05,-1.9302685167333571e-05,-0.0021352533328645781,0,0
5670,734.94000000000005,278.79915894023861,200,-68.272843150764885,33.600000000000001,-2.031929855677526,0.22662595802994681,10.526315789473694,1.0170175014202782,0.91480522623564209,0.2606882035729996,293.14999999999998,1,0,1,0,1,2,-0.33865497594625438,4.2000000000000002,2.9600771589815482e-05,-1.8617504031307747e-05,-0.0020591860575330115,0,0
5700,734.94000000000005,276.37951781462795,200,-65.85320202515426,33.600000000000001,-1.9599167269391149,0.20805700469971691,10.526315789473694,1.0180200166197726,0.91567741445920214,0.26013963788041555,293.14999999999998,1,0,1,0,1,2,-0.3266527878231858,4.2000000000000002,2.8551697888133532e-05,-1.795768562721849e-05,-0.0019859712326261267,0,0
5730,734.94000000000005,274.04926016391983,200,-63.522944374446134,33.600000000000001,-1.8905638206680395,0.19087377855891344,10.526315789473694,1.0189870294525691,0.9165187156237351,0.25961049870663722,293.14999999999998,1,0,1,0,1,2,-0.31509397011133994,4.2000000000000002,2.7541377806520548e-05,-1.7322241441742844e-05,-0.0019154933640954139,0,0
5760,734.94000000000005,271.80490902052566,200,-61.278593231051943,33.599999999999994,-1.82376765568607,0.17497586664026382,10.526315789473694,1.0199198500785727,0.91733026956835828,0.25910006914604955,293.14999999999998,1,0,1,0,1,2,-0.30396127594767836,4.1999999999999993,2.6568303850654277e-05,-1.6710223331298253e-05,-0.00184764215634857,8.8817841970012523e-16,0
5790,734.94000000000005,269.64312931513825,200,-59.116813525664554,33.600000000000001,-1.7594289739781117,0.16027009238174539,10.526315789473694,1.0208197377433035,0.91811317183667407,0.25860766015284936,293.14999999999998,1,0,1,0,1,2,-0.2932381623296853,4.2000000000000002,2.5631030048457946e-05,-1.6120721846923667e-05,-0.0017823122430676143,0,0
5820,734.94000000000005,267.56072197536804,200,-57.034406185894319,33.599999999999419,-1.6974525650564078,0.14666999277083898,10.526315789473694,1.0216879028550399,0.91886847548388462,0.25813260940445459,293.14999999999998,1,0,1,0,1,2,-0.28290876084273464,4.1999999999999273,2.4728169391471022e-05,-1.5552864625021159e-05,-0.0017194029347524431,7.2830630415410269e-14,0
5850,734.94000000000005,265.55461825992654,200,-55.028302470452822,33.599999999999433,-1.6377470973349331,0.13409533332777912,10.526315789473694,1.0225255089753458,0.9195971928085509,0.25767428021230859,293.14999999999998,1,0,1,0,1,2,-0.2729578495558222,4.1999999999999291,2.3858391378343116e-05,-1.5005814842328229e-05,-0.0016588179817529311,7.1054273576010019e-14,0
5880,734.94000000000005,263.62187431694042,200,-53.095558527466721,33.599999999999419,-1.5802249561746322,0.12247165818575946,10.526315789473694,1.0233336747266788,0.9203002970122105,0.25723206047805797,293.14999999999998,1,0,1,0,1,2,-0.26337082602910539,4.1999999999999273,2.3020419655507515e-05,-1.4478769732011531e-05,-0.0016004653515070315,7.2830630415410269e-14,0
5910,734.94000000000005,261.75966596373718,200,-51.233350174263464,33.600000000000001,-1.524802088519746,0.11172987277420698,10.526315789473694,1.0241134756201629,0.92097872378954171,0.25680536169341361,293.14999999999998,1,0,1,0,1,2,-0.25413368141995768,4.2000000000000002,2.2213029753872433e-05,-1.3970959160151299e-05,-0.0015442570190710035,0,0
5940,734.94000000000005,259.96528367518249,200,-49.438967885708792,33.599999999999419,-1.4713978537413586,0.10180585672161679,10.526315789473694,1.0248659458071252,0.92163337285219893,0.25639361798172916,293.14999999999998,1,0,1,0,1,2,-0.24523297562355978,4.1999999999999273,2.1435046915937891e-05,-1.3481644259099261e-05,-0.0014901087698122395,7.2830630415410269e-14,0
5970,734.94000000000005,258.23612777997977,200,-47.709811990506068,33.599999999999994,-1.4199348806698238,0.092640104835696818,10.526315789473694,1.0255920797570559,0.9222651093886387,0.25599628517983897,293.14999999999998,1,0,1,0,1,2,-0.23665581344497064,4.1999999999999993,2.068534401307101e-05,-1.3010116117541978e-05,-0.0014379400135892263,8.8817841970012523e-16,0
6000,734.94000000000005,256.56970384869334,200,-46.04338805921963,33.599999999999994,-1.3703389303339177,0.084177394080425211,10.526315789473694,1.0262928338652597,0.92287476546277591,0.25561283995836831,293.14999999999998,1,0,1,0,1,2,-0.22838982172231961,4.1999999999999993,1.9962839545915829e-05,-1.2555694522851945e-05,-0.0013876736093455001,8.8817841970012523e-16,0
6030,734.94000000000005,254.96361827660274,200,-44.437302487129038,33.599999999999994,-1.3225387644978883,0.076366474723863612,10.526315789473694,1.0269691279930324,0.92346314135393814,0.25524277897896441,293.14999999999998,1,0,1,0,1,2,-0.2204231274163147,4.1999999999999993,1.9266495729265812e-05,-1.2117726756561743e-05,-0.0013392356996922152,8.8817841970012523e-16,0
6060,734.94000000000005,253.41557404617777,200,-42.889258256704068,33.599999999999994,-1.2764660195447641,0.069159783860702692,10.526315789473694,1.0276218469431946,0.92403100684057926,0.25488561808690097,293.14999999999998,1,0,1,0,1,2,-0.21274433659079403,4.1999999999999993,1.8595316654819611e-05,-1.1695586438823172e-05,-0.0012925555545603385,8.8817841970012523e-16,0
6090,734.94000000000005,251.92336666736327,200,-41.397050877889562,33.600000000000001,-1.2320550856514749,0.062513179712186118,10.526315789473694,1.0282518418734683,0.92457910242991737,0.25454089153769327,293.14999999999998,1,0,1,0,1,2,-0.20534251427524583,4.2000000000000002,1.7948346531026972e-05,-1.1288672421352446e-05,-0.0012475654234585707,0,0
6120,734.94000000000005,250.48488028667185,200,-39.958564497198154,33.599999999999426,-1.1892429909880606,0.056385695182967363,10.526315789473694,1.0288599316506344,0.92510814053605195,0.25420815125611679,293.14999999999998,1,0,1,0,1,2,-0.19820716516467676,4.1999999999999282,1.7324667996124627e-05,-1.0896407726408497e-05,-0.0012042003957020494,7.1942451995710144e-14,0
6150,734.94000000000005,249.09808396109636,200,-38.571768171622665,33.599999999999412,-1.1479692908221233,0.050739309286377307,10.526315789473694,1.0294469041475218,0.92561880660834395,0.25388696612650963,293.14999999999998,1,0,1,0,1,2,-0.19132821513702056,4.1999999999999265,1.6723400502630831e-05,-1.0518238530715419e-05,-0.0011623982681686731,7.3718808835110394e-14,0
6180,734.94000000000005,247.76102808677857,200,-37.234712297304867,33.599999999999994,-1.1081759612293116,0.045538735122686344,10.526315789473694,1.030013517485681,0.9261117602125426,0.25357692131279358,293.14999999999998,1,0,1,0,1,2,-0.18469599353821861,4.1999999999999993,1.6143698768939685e-05,-1.0153633191587557e-05,-0.0011220994199928715,8.8817841970012523e-16,0
6210,734.94000000000005,246.47184097986195,200,-35.945525190388246,33.599999999999412,-1.0698072973330022,0.040751223221352884,10.526315789473694,1.030560501225642,0.92658763606630856,0.25327761760717865,293.14999999999998,1,0,1,0,1,2,-0.17830121622216702,4.1999999999999265,1.5584751296895991e-05,-9.8020813145532746e-06,-0.0010832466938643292,7.3718808835110394e-14,0
6240,734.94000000000005,245.22872560442511,200,-34.702409814951409,33.599999999999994,-1.0328098159211732,0.036346379130825605,10.526315789473694,1.0310885575072524,0.92704704503130952,0.25298867080618159,293.14999999999998,1,0,1,0,1,2,-0.17213496932019551,4.1999999999999993,1.5045778953136208e-05,-9.4630928610845961e-06,-0.0010457852835513482,8.8817841970012523e-16,0
6270,734.94000000000005,244.02995643513876,200,-33.503640645665065,33.600000000000001,-0.99713216207336497,0.032295994194508848,10.526315789473694,1.0315983621420539,0.92749057506358701,0.25270971111288854,293.14999999999998,1,0,1,0,1,2,-0.16618869367889416,4.2000000000000002,1.4526033608847575e-05,-9.1361972930691892e-06,-0.0010096626270754232,0,0
6300,734.94000000000005,242.87387645857751,200,-32.347560669103828,33.600000000000001,-0.96272501991380444,0.028573888587348575,10.526315789473694,1.0320905656598847,0.92791879212409967,0.25244038256426671,293.14999999999998,1,0,1,0,1,2,-0.16045416998563408,4.2000000000000002,1.4024796839636436e-05,-8.8209427550881989e-06,-0.00097482830547652587,0,0
6330,734.94000000000005,241.7588943000485,200,-31.232578510574786,33.600000000000001,-0.92954102710044006,0.025155765692196019,10.526315789473694,1.0325657943114606,0.92833224105097067,0.25218034248256121,293.14999999999998,1,0,1,0,1,2,-0.15492350451674,4.2000000000000002,1.3541378679820602e-05,-8.5168952909242851e-06,-0.00094123394661449575,0,0
6360,734.94000000000005,240.68348147460367,200,-30.157165685129968,33.600000000000001,-0.89753469300982047,0.022019077003890424,10.526315789473694,1.0330246510290593,0.9287314463952816,0.25192926094961948,293.14999999999998,1,0,1,0,1,2,-0.14958911550163675,4.2000000000000002,1.3075116430562078e-05,-8.2236380939327073e-06,-0.0009088331338252347,0,0
6390,734.94000000000005,239.64616975593634,200,-29.119853966462642,33.599999999999405,-0.86666232043045111,0.019142896790078894,10.526315789473694,1.0334677163469499,0.92911691322184642,0.25168682030324202,293.14999999999998,1,0,1,0,1,2,-0.14444372007174186,4.1999999999999256,1.2625373519110598e-05,-7.9407707895587615e-06,-0.00087758131911646882,7.460698725481052e-14,0
6420,734.94000000000005,238.64554866001296,200,-28.119232870539271,33.599999999999994,-0.83688193067081174,0.016507805803086022,10.526315789473694,1.033895549283264,0.92948912787643967,0.25145271465463165,293.14999999999998,1,0,1,0,1,2,-0.13948032177846861,4.1999999999999993,1.2191538407791348e-05,-7.667908749141951e-06,-0.00084743574069682604,8.8817841970012523e-16,0
6450,734.94000000000005,237.6802630338,200,-27.153947244326297,33.600000000000001,-0.80815319179542544,0.01409578337062347,10.526315789473694,1.034308688185251,0.92984855872116845,0.25122664942587875,293.14999999999998,1,0,1,0,1,2,-0.1346921986325709,4.2000000000000002,1.1773023548561522e-05,-7.4046824323808601e-06,-0.00081835534444882037,0,0
6480,734.94000000000005,236.74901075270452,200,-26.222694963230818,33.599999999999994,-0.78043735009615545,0.011890107277291027,10.526315789473694,1.0347076515390357,0.9301956568389611,0.2510083409068708,293.14999999999998,1,0,1,0,1,2,-0.13007289168269257,4.1999999999999993,1.136926438469707e-05,-7.1507367594406926e-06,-0.00079030070936679042,8.8817841970012523e-16,0
6510,734.94000000000005,235.85054051411549,200,-25.324224724641798,33.600000000000001,-0.75369716442386303,0.0098752608484187245,10.526315789473694,1.0350929387459067,0.93053085670893876,0.25079751583051541,293.14999999999998,1,0,1,0,1,2,-0.12561619407064384,4.2000000000000002,1.0979718394148662e-05,-6.9057305092688222e-06,-0.00076323397650168148,0,0
6540,734.94000000000005,234.98364972806459,200,-24.457333938590903,33.599999999999994,-0.72789684341044369,0.0080368467260173767,10.526315789473694,1.0354650308661726,0.93085457685357009,0.25059391096570971,293.14999999999998,1,0,1,0,1,2,-0.12131614056840728,4.1999999999999993,1.0603864175004129e-05,-6.6693357443933366e-06,-0.0007371187813739982,8.8817841970012523e-16,0
6570,734.94000000000005,234.14718249870265,200,-23.620866709228945,33.599999999999994,-0.70300198539371872,0.0063615068448552685,10.526315789473694,1.0358243913323004,0.93116722045910139,0.2503972727271192,293.14999999999998,1,0,1,0,1,2,-0.11716699756561978,4.1999999999999993,1.0241200570325586e-05,-6.4412372604864353e-06,-0.00071192018960330615,8.8817841970012523e-16,0
6600,734.94000000000005,233.34002769328444,200,-22.813711903810741,33.599999999999397,-0.6789795209467604,0.004836848159753989,10.526315789473694,1.036171466632452,0.93146917597023315,0.2502073568011538,293.14999999999998,1,0,1,0,1,2,-0.11316325349112673,4.1999999999999247,9.8912458309274721e-06,-6.2211320597908797e-06,-0.00068760463559991826,7.5495165674510645e-14,0
6630,734.94000000000005,232.56111709599568,200,-22.034801306521995,33.600000000000001,-0.65579765793220224,0.0034513737084743527,10.526315789473694,1.0365066869657944,0.9317608176602411,0.25002392778738819,293.14999999999998,1,0,1,0,1,2,-0.10929960965536703,4.2000000000000002,9.5535368149380771e-06,-6.0087288476815463e-06,-0.00066413986418979785,0,0
6660,734.94000000000005,231.80942363853256,200,-21.283107849058876,33.599999999999412,-0.63342582884104903,0.0021944186149983232,10.526315789473694,1.0368304668708526,0.93204250617764184,0.2498467588547349,293.14999999999998,1,0,1,0,1,2,-0.10557097147350816,4.1999999999999265,9.2276282206412521e-06,-5.8037475501586585e-06,-0.00064149487488576545,7.3718808835110394e-14,0
6690,734.94000000000005,231.08395971267137,200,-20.557643923197684,33.599999999999987,-0.61183464057135983,0.0010560906905412067,10.526315789473694,1.03714320582793,0.93231458907029918,0.24967563141180571,293.14999999999998,1,0,1,0,1,2,-0.10197244009522664,4.1999999999999984,8.9130918548617033e-06,-5.6059188536962861e-06,-0.00061963986892444559,1.7763568394002505e-15,0
6720,734.94000000000005,230.38377554969429,200,-19.857459760220607,33.599999999999397,-0.59099582619705249,2.7215278919806227e-05,10.526315789473694,1.037445288836899,0.93257740128810207,0.24951033479075044,293.14999999999998,1,0,1,0,1,2,-0.098499304366175419,4.1999999999999247,8.609515930342028e-06,-5.4149837633252771e-06,-0.00059854619857895855,7.5495165674510645e-14,0
6750,734.94000000000005,229.70795767638975,200,-19.181641886916044,33.600000000000001,-0.57088219901535842,-0.00090071593976889103,10.526315789473694,1.0377370869712603,0.93283126566499652,0.24935066594408203,293.14999999999998,1,0,1,0,1,2,-0.095147033169226403,4.2000000000000002,8.3165043963146848e-06,-5.2306931815942702e-06,-0.00057818631900990786,0,0
6780,734.94000000000005,229.05562743148548,200,-18.529311642011766,33.599999999999397,-0.55146760839321718,-0.0017355924935912679,10.526315789473694,1.0380189579096437,0.93307649338138998,0.24919642915384532,293.14999999999998,1,0,1,0,1,2,-0.091911268065536192,4.1999999999999247,8.0336762952805796e-06,-5.0528075040134452e-06,-0.00055853374214153058,7.5495165674510645e-14,0
6810,734.94000000000005,228.4259395526629,200,-17.899623763189187,33.600000000000001,-0.53272689771396387,-0.0024847292563344153,10.526315789473694,1.0382912464455765,0.93331338440765155,0.24904743575267585,293.14999999999998,1,0,1,0,1,2,-0.088787816285660653,4.2000000000000002,7.7606651503843311e-06,-4.8810962337421448e-06,-0.00053956299284491939,0,0
6840,734.94000000000005,227.81808081829803,200,-17.29176502882434,33.599999999999987,-0.51463586395310557,-0.0031549074417528689,10.526315789473694,1.0385542849766469,0.93354222792968278,0.24890350385613635,293.14999999999998,1,0,1,0,1,2,-0.085772643992184261,4.1999999999999984,7.4971183765217811e-06,-4.7153376112029827e-06,-0.00052124956692954833,1.7763568394002505e-15,0
6870,734.94000000000005,227.2312687531313,200,-16.704952963657615,33.600000000000001,-0.49717121915647661,-0.003752412665988825,10.526315789473694,1.0388083939737285,0.93376330275714381,0.24876445810596093,293.14999999999998,1,0,1,0,1,2,-0.082861869859412768,4.2000000000000002,7.2426967191610275e-06,-4.5553182611264615e-06,-0.00050356989120157851,0,0
6900,734.94000000000005,226.66475038632746,200,-16.138434596853752,33.599999999999994,-0.48031055347779028,-0.0042830703004032482,10.526315789473694,1.0390538824313578,0.93397687771528137,0.24863012942361395,293.14999999999998,1,0,1,0,1,2,-0.080051758912965051,4.1999999999999993,6.9970737158804255e-06,-4.4008328538835002e-06,-0.00048650128522469848,8.8817841970012523e-16,0
6930,734.94000000000005,226.11780106441785,200,-15.591485274944134,33.599999999999994,-0.46403229984952787,-0.0047522783039899274,10.526315789473694,1.0392910482998401,0.93418321202086096,0.24850035477384616,293.14999999999998,1,0,1,0,1,2,-0.077338716641587979,4.1999999999999993,6.7599351817007536e-06,-4.2516837817833842e-06,-0.0004700219248438283,8.8817841970012523e-16,0
6960,734.94000000000005,225.58972331472586,200,-15.063407525252154,33.599999999999987,-0.44831570015631428,-0.0051650377188955663,10.526315789473694,1.0395201789001123,0.9343825556430978,0.24837497693768576,293.14999999999998,1,0,1,0,1,2,-0.074719283359385713,4.1999999999999984,6.5309787163053199e-06,-4.1076808491382069e-06,-0.00045411080732608546,1.7763568394002505e-15,0
6990,734.94000000000005,225.07984575778414,200,-14.553529968310432,33.599999999999994,-0.43314077286638197,-0.0055259809961669352,10.526315789473694,1.0397415513218717,0.93457514965002852,0.24825384429458694,293.14999999999998,1,0,1,0,1,2,-0.072190128811063667,4.1999999999999993,6.3099132325012217e-06,-3.9686409756870086e-06,-0.00043874771806250385,8.8817841970012523e-16,0
7020,734.94000000000005,224.58752206607002,200,-14.061206276596334,33.600000000000001,-0.41848828204155752,-0.0058393983078739841,10.526315789473694,1.0399554328058926,0.93476122654112659,0.24813681061323034,293.14999999999998,1,0,1,0,1,2,-0.069748047006926259,4.2000000000000002,6.0964585047626628e-06,-3.8343879126505834e-06,-0.00042391319873969733,0,0
7050,734.94000000000005,224.11212996739724,200,-13.585814177923551,33.599999999999994,-0.40433970767629623,-0.0061092619896578309,10.526315789473694,1.0401620811110199,0.9349410105665874,0.24802373485070758,293.14999999999998,1,0,1,0,1,2,-0.067389951279382701,4.1999999999999993,5.8903447371355949e-06,-3.7047519709636699e-06,-0.00040958851692230971,8.8817841970012523e-16,0
7080,734.94000000000005,223.65307029053656,200,-13.126754501062864,33.59999999999939,-0.39067721729354471,-0.006339249247897541,10.526315789473694,1.0403617448666169,0.93511471803395674,0.24791448095966623,293.14999999999998,1,0,1,0,1,2,-0.065112869548924118,4.1999999999999238,5.6913121494515939e-06,-3.5795697610227834e-06,-0.00039575563696507993,7.638334409421077e-14,0
7110,734.94000000000005,223.20976605241117,200,-12.683450262937482,33.600000000000001,-0.37748363877790125,-0.0065327632550376486,10.526315789473694,1.0405546639111227,0.93528255760267676,0.24780891770305388,293.14999999999998,1,0,1,0,1,2,-0.062913939796316876,4.2000000000000002,5.4991105815664479e-06,-3.458683943770758e-06,-0.00038239719222771636,0,0
7140,734.94000000000005,222.78166158135608,200,-12.255345791882382,33.600000000000001,-0.36474243428221376,-0.0066929527500055354,10.526315789473694,1.0407410696171153,0.93544473056689037,0.24770691847624809,293.14999999999998,1,0,1,0,1,2,-0.060790405713702297,4.2000000000000002,5.3134991132363964e-06,-3.3419429916166382e-06,-0.00036949645842020336,0,0
7170,734.94000000000005,222.36822168117766,200,-11.841905891703954,33.599999999999994,-0.35243767534833204,-0.0068227302474662879,10.526315789473694,1.0409211852036719,0.93560143112719463,0.24760836113613552,293.14999999999998,1,0,1,0,1,2,-0.058739612558055335,4.1999999999999993,5.1342457016819272e-06,-3.2292009604802198e-06,-0.00035703732821576906,8.8817841970012523e-16,0
7200,734.94000000000005,221.96893082769131,200,-11.442615038217623,33.599999999999994,-0.34055401899457216,-0.0069247889582089153,10.526315789473694,1.0410952260364184,0.93575284665168401,0.24751312783692808,293.14999999999998,1,0,1,0,1,2,-0.056759003165762024,4.1999999999999993,4.9611268332344673e-06,-3.1203172706940738e-06,-0.00034500428687577503,8.8817841970012523e-16,0
7200,0,0,200.00000000000009,210.52631578947378,32.942669790060641,6.3906877351207623,3.5469671876372884,10.526315789473699,1.0410952260364184,0.93575284665168401,0.24751312783692808,293.14999999999998,1,0,1,0,1,1,1.0651146225201271,4.1178337237575802,-9.3098335762219686e-05,5.8554508827652202e-05,0.0063778381135449844,0.0017367886852821535,0
7230,0,0,199.99999999999997,210.52631578947367,32.924192289918452,6.3942742751486676,3.5286348453058336,10.526315789473692,1.0378840387186299,0.93295911368520812,0.24927025550530479,293.14999999999998,1,0,1,0,1,1,1.0657123791914447,4.1155240362398064,-9.3150583802114914e-05,5.8587370406629156e-05,0.0063787832437570587,0.0045235006666173305,0
7260,0,0,200.00000000000003,210.52631578947373,32.905625468695696,6.3978822098292882,3.5114154681690755,10.526315789473696,1.0346710442626024,0.93016380850846414,0.25102837202057404,293.14999999999998,1,0,1,0,1,1,1.0663137016382147,4.113203183586962,-9.3203143515282973e-05,5.86204280135507e-05,0.0063804800142119086,0.0073117429762008523,0
7290,0,0,200.00000000000011,210.52631578947381,32.886982098854141,6.4015091186128945,3.4952208506114695,10.526315789473699,1.0314562325420518,0.92736692231158502,0.25278748292373115,293.14999999999998,1,0,1,0,1,1,1.0669181864354824,4.1108727623567676,-9.3255979639611105e-05,5.8653659470193408e-05,0.0063829285225471891,0.01010152916235163,0
7320,0,0,199.99999999999994,210.52631578947364,32.868273407084267,6.4051528713430326,3.4799726857091513,10.526315789473692,1.0282395945718434,0.92456844727750376,0.25454759313134645,293.14999999999998,1,0,1,0,1,1,1.0675254785571722,4.1085341758855334,-9.330906114338114e-05,5.8687045259054624e-05,0.0063861291773042407,0.012892871212114576,0
7350,0,0,200.00000000000003,210.52631578947373,32.849509289007507,6.4088115879381657,3.4656011839001595,10.526315789473696,1.0250211223725547,0.92176837646412257,0.25630870700967545,293.14999999999998,1,0,1,0,1,1,1.0681352646563609,4.1061886611259384,-9.3362360637919191e-05,5.8720568153936529e-05,0.0063900826547778544,0.015685779748022544,0
7380,0,0,199.99999999999989,210.52631578947359,32.830698488350208,6.4124836047633185,3.4520439205440399,10.526315789473689,1.0218008088535493,0.91896670370258782,0.25807082843863943,293.14999999999998,1,0,1,0,1,1,1.0687472674605532,4.103837311043776,-9.3415853887704169e-05,5.8754212911827315e-05,0.0063947898630049831,0.018480264195648965,0
7410,0,0,200.00000000000003,210.52631578947373,32.811848747344392,6.4161674464171288,3.4392448687975268,10.526315789473696,1.0185786477115379,0.91616342350903801,0.25983396086733107,293.14999999999998,1,0,1,0,1,1,1.0693612410695215,4.101481093418049,-9.3469519399366787e-05,5.8787966014400645e-05,0.0064002519115414552,0.021276332927089969,0
7440,0,0,200,210.5263157894737,32.792966933668069,6.4198618019319671,3.427153583544571,10.526315789473694,1.0153546333421668,0.91335853100768516,0.26159810736239364,293.14999999999998,1,0,1,0,1,1,1.0699769669886612,4.0991208667085086,-9.3523338074977442e-05,5.8821815449950015e-05,0.0064064700859630137,0.024073993384474912,0
7470,0,0,200,210.5263157894737,32.774059148136296,6.4235655045934497,3.4157245092352859,10.526315789473694,1.0121287607626221,0.91055202186348139,0.26336327065037002,293.14999999999998,1,0,1,0,1,1,1.070594250765575,4.0967573935170369,-9.3577292918060632e-05,5.8855750528485455e-05,0.0064134458262475368,0.026873252186803365,0
7500,0,0,200,210.5263157894737,32.75513081650373,6.4272775147458621,3.4049163899722754,10.526315789473694,1.008901025543594,0.90774389222292673,0.26512945315493175,293.14999999999998,1,0,1,0,1,1,1.0712129191243103,4.0943913520629662,-9.3631368783107647e-05,5.8889761724188728e-05,0.0064211807083648896,0.029674115222797504,0
7530,0,0,199.99999999999997,210.52631578947367,32.736186768079818,6.4309969050748528,3.3946917644429875,10.526315789473692,1.0056714237492494,0.90493413866184713,0.26689665702972459,293.14999999999998,1,0,1,0,1,1,1.0718328175124754,4.0920233460099773,-9.3685552161177615e-05,5.8923840540566428e-05,0.006429676428532617,0.03247658773193618,0
7560,0,0,200.00000000000003,210.52631578947373,32.717231303340462,6.4347228479562322,3.3850165316301331,10.526315789473696,1.0024399518840492,0.9021227581391229,0.26866488418747109,293.14999999999998,1,0,1,0,1,1,1.0724538079927053,4.0896539129175578,-9.3739830995597141e-05,5.8957979394533591e-05,0.0064389347896993904,0.035280674375488985,0
7590,0,0,200.00000000000003,210.52631578947373,32.698268252312992,6.4384546045364841,3.3758595758595722,10.526315789473696,0.99920660684547946,0.89930974795556717,0.27043413632583357,293.14999999999998,1,0,1,0,1,1,1.0730757674227474,4.087283531539124,-9.3794194522887303e-05,5.8992171516364263e-05,0.006448957689899352,0.03808637929901848,0
7620,0,0,200,210.5263157894737,32.679301025187613,6.4421915152717091,3.3671924418290904,10.526315789473694,0.9959713858818926,0.89649510571724655,0.27220441495048436,293.14999999999998,1,0,1,0,1,1,1.0736985858786181,4.0849126281484516,-9.3848633134936758e-05,5.9026410863004745e-05,0.0064597471121853852,0.040893706187575818,0
7650,0,0,199.99999999999997,210.52631578947367,32.660332656350576,6.445932991700202,3.3589890519250147,10.526315789473692,0.99273428655478069,0.89367882930265918,0.27397572139574944,293.14999999999998,1,0,1,0,1,1,1.074322165283367,4.082541582043822,-9.3903138259146169e-05,5.9060692042690101e-05,0.0064713051159008151,0.043702658314631382,0
7680,0,0,200,210.5263157894737,32.641365842826936,6.4496785092630446,3.3512254594695565,10.526315789473694,0.9894953067049107,0.89086091683327229,0.27574805684313791,293.14999999999998,1,0,1,0,1,1,1.0749464182105075,4.080170730353367,-9.3957702253839967e-05,5.9095010249162985e-05,0.0064836338290909998,0.046513238585590644,0
7710,0,0,200,210.5263157894737,32.622402977953328,6.4534276010185483,3.3438796326203746,10.526315789473694,0.98625444442183863,0.88804136664699962,0.27752142233802474,293.14999999999998,1,0,1,0,1,1,1.0755712668364248,4.077800372244166,-9.4012318316699531e-05,5.9129361204082421e-05,0.0064967354418893012,0.049325449576621549,0
7740,0,0,199.99999999999997,210.52631578947367,32.603446180965257,6.4571798521220263,3.3369312645195537,10.526315789473692,0.98301169801638089,0.8852201772742514,0.27929581880471327,293.14999999999998,1,0,1,0,1,1,1.0761966420203377,4.0754307726206571,-9.4066980404345588e-05,5.9163741106444838e-05,0.0065106122007397189,0.052139293569410938,0
7770,0,0,200.00000000000009,210.52631578947378,32.584497323072299,6.4609348949632306,3.3303616060036507,10.526315789473699,0.97976706599569174,0.88239734741625186,0.28107124706007275,293.14999999999998,1,0,1,0,1,1,1.0768224824938717,4.0730621653840373,-9.4121683161501235e-05,5.9198146588030978e-05,0.0065252664033404401,0.054954772582366251,0
7800,0,0,200.00000000000011,210.52631578947381,32.565558050503739,6.4646924048708971,3.3241533177721836,10.526315789473699,0.97652054704063618,0.87957287592535349,0.28284770782592006,293.14999999999998,1,0,1,0,1,1,1.0774487341451495,4.0706947563129674,-9.4176421858416649e-05,5.9232574674048912e-05,0.0065407003942108835,0.057771888398708171,0
7830,0,0,200.00000000000006,210.52631578947376,32.546629804932309,6.468452096307967,3.3182903393944194,10.526315789473697,0.97327213998519457,0.8767467617871193,0.28462520174028871,293.14999999999998,1,0,1,0,1,1,1.0780753493846611,4.0683287256165386,-9.4231192335441694e-05,5.9267022748272796e-05,0.0065569165607999346,0.060590642591840105,0
7860,0,0,200.00000000000003,210.52631578947373,32.527713841621271,6.4722137194926983,3.3127577729334297,10.526315789473696,0.97002184379766954,0.8739190041039725,0.28640372936771241,293.14999999999998,1,0,1,0,1,1,1.0787022865821163,4.0659642302026588,-9.4285990953802979e-05,5.9301488522083992e-05,0.0065739173300656826,0.063411036548308486,0
7890,0,0,200,210.5263157894737,32.508811245589165,6.4759770573904998,3.3075417792977695,10.526315789473694,0.96676965756349509,0.87108960208024078,0.28818329120863218,293.14999999999998,1,0,1,0,1,1,1.0793295095650832,4.0636014056986456,-9.4340814551781461e-05,5.933597000690874e-05,0.0065917051654669073,0.066233071488652095,0
7920,0,0,199.99999999999994,210.52631578947364,32.489922946042981,6.4797419230295255,3.3026294857078433,10.526315789473692,0.96351558046947283,0.8682585550084414,0.28996388770802151,293.14999999999998,1,0,1,0,1,1,1.0799569871715875,4.0612403682553726,-9.4395660405606455e-05,5.9370465489622395e-05,0.0066102825643157351,0.069056748486368003,0
7950,0,0,200.00000000000961,210.52631578948382,32.471049729294798,6.4835081571000384,3.29800890289569,10.5263157894742,0.96025961178928476,0.86542586225667772,0.29174551926331382,293.14999999999998,1,0,1,0,1,1,1.0805846928500065,4.0588812161618497,-9.4450526194483743e-05,5.9404973510553694e-05,0.0066296520554481589,0.071882068485216832,0
7980,0,0,200,210.5263157894737,32.452192250346954,6.4872756258006854,3.2936688508490151,10.526315789473694,0.9570017508701476,0.86259152325702848,0.29352818623170529,293.14999999999998,1,0,1,0,1,1,1.0812126043001142,4.0565240312933692,-9.450540996922036e-05,5.9439492843751207e-05,0.006649816197172637,0.074709032315047663,0
8010,0,0,200.00000000000003,210.52631578947373,32.433351043304242,6.4910442189086162,3.2895988920829762,10.526315789473696,0.95374199712049301,0.85975553749482891,0.29531188893689575,293.14999999999998,1,0,1,0,1,1,1.0818407031514361,4.0541688804130303,-9.4560310124110612e-05,5.9474022479300993e-05,0.0066707775754714345,0.077537640706297539,0
8040,0,0,199.99999999999997,210.52631578947367,32.414526530751864,6.4948138480364976,3.2857892715448438,10.526315789473692,0.95048034999856856,0.85691790449875471,0.29709662767532657,293.14999999999998,1,0,1,0,1,1,1.0824689746727496,4.051815816343983,-9.4615225371544453e-05,5.9508561607356404e-05,0.0066925388024151418,0.079427219161308626,0
8070,0,0,200.00000000000003,210.52631578947373,32.395719032217443,6.4985844450652861,3.2822308623959451,10.526315789473696,0.94721680900186866,0.8540786238316258,0.29888240272196331,293.14999999999998,1,0,1,0,1,1,1.083097407510881,4.0494648790271803,-9.4670154719176476e-05,5.9543109603778502e-05,0.0067151025147779006,0.08120273614346446,0
8100,0,0,200.00000000000006,210.52631578947376,32.37692877182144,6.5023559607266019,3.2789151169984008,10.526315789473697,0.94395137365731563,0.85123769508186464,0.30066921433566912,293.14999999999998,1,0,1,0,1,1,1.0837259934544337,4.04711609647768,-9.4725097449274207e-05,5.9577666017147055e-05,0.0067384713728249092,0.082979287193512052,0
8130,0,0,200.00000000000009,210.52631578947378,32.358155885206017,6.5061283633201521,3.2758340225286293,10.526315789473699,0.94068404351211765,0.84839511785554234,0.30245706276420703,293.14999999999998,1,0,1,0,1,1,1.0843547272200253,4.0447694856507521,-9.4780053100033753e-05,5.9612230557008941e-05,0.0067626480592566781,0.084756872645456005,0
8160,0,0,200.00000000000006,210.52631578947376,32.33940042582153,6.509901637551021,3.2729800607103217,10.526315789473697,0.93741481812523975,0.84555089176895859,0.30424594824890644,293.14999999999998,1,0,1,0,1,1,1.0849836062585034,4.0424250532276913,-9.4835021448641646e-05,5.9646803083224912e-05,0.0067876352782931717,0.086535492782236101,0
8190,0,0,200.00000000000006,210.52631578947376,32.320662370639582,6.51367578347398,3.2703461712231201,10.526315789473697,0.93414369705943345,0.84270501644170714,0.30603587102902519,293.14999999999998,1,0,1,0,1,1,1.0856126305789966,4.0400827963299477,-9.4890002495895805e-05,5.968138359629681e-05,0.0068134357548840828,0.088315147842961461,0
8220,0,0,200.00000000000006,210.52631578947376,32.301941625353408,6.5174508155334587,3.2679257183974415,10.526315789473697,0.93087067987376981,0.83985749149017974,0.30782683134583499,293.14999999999998,1,0,1,0,1,1,1.0862418025889098,4.0377427031691759,-9.4944996452219963e-05,5.9715972228571338e-05,0.0068400522340326762,0.090095838029606912,0
8250,0,0,200.00000000000006,210.52631578947376,32.283238029118962,6.5212267616892206,3.2657124608528463,10.526315789473697,0.9275957661166343,0.8370083165214719,0.30961882944645447,293.14999999999998,1,0,1,0,1,1,1.0868711269482034,4.0354047536398703,-9.5000003724926663e-05,5.9750569236229099e-05,0.0068674874802225234,0.091877563513225569,0
8280,0,0,200.00000000000003,210.52631578947373,32.264551358883786,6.5250036626189436,3.2637005237778958,10.526315789473696,0.9243189553191411,0.83415749112765281,0.3114118655874531,293.14999999999998,1,0,1,0,1,1,1.0875006104364906,4.0330689198604732,-9.5055024906600684e-05,5.9785174991978242e-05,0.006895744276937333,0.093660324439721387,0
8310,0,0,200.00000000000003,210.52631578947373,32.245881333345125,6.5287815709899881,3.2618843735847181,10.526315789473696,0.9210402469889295,0.83130501488036868,0.3132059400382452,293.14999999999998,1,0,1,0,1,1,1.0881302618316646,4.0307351666681406,-9.5110060764490203e-05,5.9819789978382071e-05,0.0069248254262656902,0.09544412093522503,0
8340,0,0,200.00000000000006,210.52631578947376,32.22722761657419,6.5325605507934492,3.2602587947020947,10.526315789473697,0.91775964060431148,0.82845088732575101,0.31500105308429305,293.14999999999998,1,0,1,0,1,1,1.0887600917989082,4.0284034520717737,-9.5165112230805447e-05,5.9854414781757342e-05,0.0069547337485828522,0.097228953111108518,0
8370,0,0,200.00000000000003,210.52631578947373,32.208589821339118,6.5363406767344401,3.2588188682976491,10.526315789473696,0.91447713560873845,0.82559510797960245,0.31679720503013425,293.14999999999998,1,0,1,0,1,1,1.0893901127890733,4.0260737276673897,-9.5220180393836451e-05,5.9889050086587678e-05,0.0069854720823033156,0.099014821068670933,0
8400,0,0,200.00000000000003,210.52631578947373,32.189967512155789,6.5401220336731738,3.2575599527429961,10.526315789473696,0.91119273140556112,0.82273767632283823,0.31859439620224872,293.14999999999998,1,0,1,0,1,1,1.090020338945529,4.0237459390194736,-9.5275266489810808e-05,5.9923696670402562e-05,0.0070170432836980396,0.10080172490352662,0
8430,0,0,200.00000000000009,210.52631578947378,32.171360208092032,6.5439047161120749,3.2564776656562113,10.526315789473699,0.9079064273530596,0.81987859179716183,0.320392626951779,293.14999999999998,1,0,1,0,1,1,1.0906507860186792,4.0214200260115041,-9.5330371895422061e-05,5.9958355399077969e-05,0.0070494502267711033,0.10258966470972025,0
8460,0,0,200.00000000000014,210.52631578947384,32.152767385348525,6.5476888277245813,3.2555678673738395,10.526315789473701,0.90461822275971948,0.81701785380095593,0.32219189765711442,293.14999999999998,1,0,1,0,1,1,1.0912814712874301,4.0190959231685657,-9.5385498120965315e-05,5.9993027222519072e-05,0.0070826958031911811,0.10437864058359364,0
8490,0,0,200.00000000000011,210.52631578947381,32.134188479636791,6.5514744809218648,3.2548266457204962,10.526315789473699,0.9013281168797348,0.81415546168536934,0.32399220872635198,293.14999999999998,1,0,1,0,1,1,1.0919124134869775,4.0167735599545988,-9.54406468040254e-05,6.0027713170690288e-05,0.0071167829222736493,0.10616865262742409,0
8520,0,0,200,210.5263157894737,32.115622888372748,6.5552617964540048,3.254250301957923,10.526315789473694,0.8980361089087211,0.81129141475058741,0.32579356059964254,293.14999999999998,1,0,1,0,1,1,1.0925436327423341,4.0144528610465935,-9.5495819703666685e-05,6.0062414349961028e-05,0.007151714511009581,0.10795970095285695,0
8550,0,0,200.00000000000014,210.52631578947384,32.097069972702315,6.559050903042575,3.2538353378076836,10.526315789473701,0.89474219797961929,0.80842571224226878,0.32759595375143147,293.14999999999998,1,0,1,0,1,1,1.0931751505070959,4.0121337465877893,-9.555101869508085e-05,6.0097131939739364e-05,0.0071874935141382594,0.10975178568414573,0
8580,0,0,200.00000000000003,210.52631578947373,32.078529059373757,6.5628419370418491,3.2535784434524073,10.526315789473696,0.89144638315877756,0.80555835334813652,0.32939938869260305,293.14999999999998,1,0,1,0,1,1,1.0938069895069749,4.0098161324217196,-9.5606245764651284e-05,6.0131867189367743e-05,0.007224122894260279,0.11154490696121683,0
8610,0,0,200,210.5263157894737,32.059999442470371,6.5666350421262409,3.2534764864302792,10.526315789473694,0.88814866344219767,0.80268933719471203,0.33120386597253471,293.14999999999998,1,0,1,0,1,1,1.0944391736877068,4.0074999303087964,-9.5661503005399788e-05,6.0166621415259209e-05,0.0072616056319886003,0.11333906494257567,0
8640,0,0,200.00000000000009,210.52631578947378,32.041480385015099,6.570430369001647,3.2535265013457013,10.526315789473699,0.88484903775193002,0.79981866284417913,0.33300938618106896,293.14999999999998,1,0,1,0,1,1,1.0950717281669411,4.0051850481268874,-9.5716792612781482e-05,6.0201395998252596e-05,0.007299944726135015,0.11513425980806319,0
8670,0,0,200.00000000000006,210.52631578947376,32.022971120458209,6.5742280751387501,3.2537256803268768,10.526315789473697,0.88154750493260958,0.79694632929137033,0.33481594995040914,293.14999999999998,1,0,1,0,1,1,1.0957046791897918,4.0028713900572761,-9.5772116880799666e-05,6.0236192381168915e-05,0.0073391431939299921,0.11693049176147713,0
8700,0,0,200.00000000000011,210.52631578947381,32.004470854057665,6.5780283245264899,3.2540713641676584,10.526315789473699,0.87824406374812125,0.79407233546086553,0.33662355795694449,293.14999999999998,1,0,1,0,1,1,1.0963380540877483,4.0005588567572081,-9.58274781984143e-05,6.0271012066552502e-05,0.0073792040712739575,0.11872776103306831,0
8730,0,0,200.00000000000009,210.52631578947378,31.985978764160919,6.5818312874440021,3.2545610340970121,10.526315789473699,0.87493871287838276,0.79119668020419298,0.33843221092301018,293.14999999999998,1,0,1,0,1,1,1.096971881240667,3.9982473455201148,-9.5882879046219782e-05,6.0305856614581493e-05,0.0074201304130181549,0.12052606788192027,0
8760,0,0,200,210.5263157894737,31.967494003396354,6.5856371402496094,3.255192304124841,10.526315789473694,0.87163145091623828,0.78831936229712729,0.34024190961858664,293.14999999999998,1,0,1,0,1,1,1.0976061900416016,3.9959367504245442,-9.5938321993370974e-05,6.0340727641134393e-05,0.0074619252932736756,0.12232541259822344,0
8790,0,0,200.00000000000011,210.52631578947381,31.949015699781341,6.5894460651854967,3.2559629139176991,10.526315789473699,0.86832227636445536,0.7854403804370762,0.34205265486294389,293.14999999999998,1,0,1,0,1,1,1.0982410108642495,3.9936269624726677,-9.5993809694737691e-05,6.0375626816000441e-05,0.0075045918057471154,0.12412579550545039,0
8820,0,0,200.00000000000003,210.52631578947373,31.930542957753602,6.593258250196846,3.256870722162172,10.526315789473696,0.86501118763281404,0.78255973324054828,0.34386444752623324,293.14999999999998,1,0,1,0,1,1,1.0988763750328077,3.9913178697192002,-9.6049344888269963e-05,6.0410555861222434e-05,0.0075481330641016834,0.12592721696244008,0
8850,0,0,200.00000000000009,210.52631578947378,31.912074859131977,6.5970738887643794,3.2579137003776393,10.526315789473699,0.86169818303528556,0.77967741924069844,0.34567728853103197,293.14999999999998,1,0,1,0,1,1,1.0995123147940633,3.9890093573914971,-9.6104930392558555e-05,6.044551654956243e-05,0.0075925522023425843,0.12772967736539714,0
8880,0,0,200.00000000000006,210.52631578947376,31.893610464011743,6.600893179749229,3.2590899271434317,10.526315789473697,0.85838326078729055,0.77679343688494285,0.34749117885384279,293.14999999999998,1,0,1,0,1,1,1.1001488632915382,3.9867013080014679,-9.6160569104574949e-05,6.048051070308032e-05,0.0076378523752255838,0.12953317714981477,0
8910,0,0,200.00000000000011,210.52631578947381,31.875148811599701,6.6047163272493048,3.2603975827087304,10.526315789473699,0.85506641900303315,0.77390778453263886,0.34930611952655338,293.14999999999998,1,0,1,0,1,1,1.1007860545415509,3.9843936014499626,-9.6216263997579116e-05,6.0515540191817878e-05,0.0076840367586879892,0.13133771679232359,0
8940,0,0,200.00000000000006,210.52631578947376,31.856688920993331,6.6085435404662665,3.2618349439560865,10.526315789473697,0.85174765569290367,0.77102046045282624,0.35112211163785689,293.14999999999998,1,0,1,0,1,1,1.1014239234110443,3.9820861151241664,-9.627201811918141e-05,6.0550606932579791e-05,0.0077311085503010829,0.13314329681247511,0
8970,0,0,200.00000000000006,210.52631578947376,31.838229791908354,6.6123750335823868,3.263400379692222,10.526315789473697,0.84842696876094703,0.76813146282202394,0.3529391563346379,293.14999999999998,1,0,1,0,1,1,1.1020625055970645,3.9797787239885443,-9.6327834589548907e-05,6.058571288780556e-05,0.0077790709697432413,0.13494991777446214,0
9000,0,0,200.00000000000003,210.52631578947373,31.819770405358174,6.6162110256465869,3.2650923462418215,10.526315789473696,0.84510435600238853,0.7652407897220781,0.3547572548233256,293.14999999999998,1,0,1,0,1,1,1.1027018376077644,3.9774713006697717,-9.6383716599744986e-05,6.0620860064525138e-05,0.007827927259293304,0.13675758028878254,0
9030,0,0,200,210.5263157894737,31.801309724288902,6.6200517404690382,3.2669093833222753,10.526315789473694,0.84177981510121769,0.76234843913805939,0.35657640837121662,293.14999999999998,1,0,1,0,1,1,1.1033419567448397,3.9751637155361128,-9.6439667410194157e-05,6.0656050513393398e-05,0.0078776806843432398,0.13856628501384799,0
9060,0,0,200,210.5263157894737,31.782846694173042,6.6238974065237173,3.2688501101790166,10.526315789473694,0.83845334362781909,0.75945440895620264,0.35839661830777053,293.14999999999998,1,0,1,0,1,1,1.1039829010872861,3.9728558367716302,-9.6495690349262243e-05,6.0691286327797124e-05,0.0079283345339299146,0.140376032657545,0
9090,0,0,200.00000000000006,210.52631578947376,31.764380243564528,6.6277482568584487,3.2709132219629797,10.526315789473697,0.8351249390366543,0.75655869696188927,0.36021788602587895,293.14999999999998,1,0,1,0,1,1,1.1046247094764081,3.970547530445566,-9.6551788811946105e-05,6.0726569643030921e-05,0.0079798921212852758,0.14218682397874932,0
9120,0,0,200.00000000000009,210.52631578947378,31.74590928461814,6.6316045290118746,3.273097486333012,10.526315789473699,0.83179459866398475,0.7536613008376668,0.36204021298311162,293.14999999999998,1,0,1,0,1,1,1.1052674215019791,3.9682386605772675,-9.6607966258663961e-05,6.0761902635536353e-05,0.0080323567844046134,0.14399865978879672,0
9150,0,0,200,210.5263157894737,31.727432713575315,6.6354664649369868,3.2754017402676889,10.526315789473694,0.82846231972563544,0.75076221816130284,0.36386360070293955,293.14999999999998,1,0,1,0,1,1,1.1059110774894978,3.9659290891969143,-9.6664226214141421e-05,6.0797287522201381e-05,0.0080857318866326012,0.14581154095291554,0
9180,0,0,200.00000000000003,210.52631578947373,31.70894941121897,6.6393343109307565,3.2778248870720557,10.526315789473696,0.82512809931479469,0.74786144640387142,0.36568805077593913,293.14999999999998,1,0,1,0,1,1,1.1065557184884594,3.9636186764023713,-9.6720572266386401e-05,6.0832726559715532e-05,0.0081400208172665352,0.14762546839162066,0
9200,0,0,200.00000000000003,210.52631578947373,31.696622910512374,6.6419162818652016,3.2795058571239237,10.526315789473696,0.82290420561984645,0.74592665888926646,0.36690494183715977,293.14999999999998,1,0,1,0,1,1,1.1069860469775337,3.9620778638140468,-9.6758185932856498e-05,6.0856383800710561e-05,0.0081767228058738997,0.14883533509459485,0
9200,734.94000000000005,734.94000000000005,200,-524.4136842105263,33.50433344359783,-15.652115123953728,14.96592096895967,10.526315789473694,0.82290420561984645,0.74592665888926646,0.36690494183715977,293.14999999999998,1,0,1,0,1,1,-2.6086858539922879,4.1880416804497287,0.00022801706633084694,-0.00014341209446993238,-0.018849159379220062,0.01195831955027149,0
9230,734.94000000000005,734.93999999999983,200,-524.41368421052607,33.550521614188156,-15.630567245451026,14.985287352776123,10.526315789473694,0.83076145332757789,0.75276246439499284,0.36260553916199834,293.14999999999998,1,0,1,0,1,1,-2.6050945409085045,4.1938152017735195,0.00022770316089359901,-0.00014321466259807459,-0.018594248244324499,0.0061847982264806589,0
9260,734.94000000000005,734.93999999999983,200,-524.41368421052607,33.596972418064375,-15.608956595403223,15.006236239784419,10.526315789473694,0.8386078613783996,0.75958883939920763,0.35831206783222003,293.14999999999998,1,0,1,0,1,1,-2.6014927659005371,4.1996215522580469,0.00022738834101229991,-0.00014301665558358047,-0.018350792191429328,0.00037844774195328057,0
9290,734.94000000000005,715.97922269457831,200,-505.45290690510456,33.600000000000001,-15.043241276937636,13.991046160854827,10.526315789473694,0.84631474584115618,0.76629382888180586,0.35409494233117061,293.14999999999998,1,0,1,0,1,2,-2.5072068794896061,4.2000000000000002,0.00021914710675907523,-0.00013783330380956279,-0.017493953173644126,0,0
9320,734.94000000000005,696.48989182177161,200,-485.96357603229785,33.599999999999525,-14.463201667628116,12.97983885001242,10.526315789473694,0.85372486021920035,0.77274062839070434,0.35004020627532934,293.14999999999998,1,0,1,0,1,2,-2.4105336112713527,4.1999999999999407,0.00021069719893364398,-0.00013251870609622913,-0.016649507295646956,5.9507954119908391e-14,0
9350,734.94000000000005,677.78122825510718,200,-467.25491246563342,33.599999999999525,-13.906396204334525,12.041562120163784,10.526315789473694,0.86084947727790839,0.77893904523178037,0.34614169132694994,293.14999999999998,1,0,1,0,1,2,-2.3177327007224209,4.1999999999999407,0.00020258576177312288,-0.00012741699063663415,-0.015857675780456194,5.9507954119908391e-14,0
9380,734.94000000000005,659.81960622673887,200,-449.29329043726523,33.599999999999994,-13.371824120156706,11.170873084993413,10.526315789473694,0.86770001465319335,0.78489901274827822,0.34239314987666425,293.14999999999998,1,0,1,0,1,2,-2.228637353359451,4.1999999999999993,0.00019479821629372296,-0.0001225189879302924,-0.015114148301997522,8.8817841970012523e-16,0
9410,734.94000000000005,642.57324096523735,200,-432.04692517576365,33.600000000000001,-12.858539439754869,10.362844455142458,10.526315789473694,0.87428740123699034,0.79063003907618157,0.33878860175062886,293.14999999999998,1,0,1,0,1,2,-2.1430899066258116,4.2000000000000002,0.00018732078170479122,-0.0001178160305029538,-0.014415047217899303,0,0
9440,734.94000000000005,626.01202556225007,200,-415.48570977277632,33.599999999999994,-12.365646124189773,9.6129269829549244,10.526315789473694,0.88062210345349534,0.79614123000454096,0.33532231983244598,293.14999999999998,1,0,1,0,1,2,-2.0609410206982957,4.1999999999999993,0.00018014040467975639,-0.00011329990842132907,-0.013756878605725094,8.8817841970012523e-16,0
9470,734.94000000000005,610.107388877738,200,-399.58107308826436,33.600000000000001,-11.892293841912629,8.9169162271697218,10.526315789473694,0.88671414925764713,0.80144130985415307,0.33198881693144877,293.14999999999998,1,0,1,0,1,2,-1.9820489736521048,4.2000000000000002,0.00017324469774870606,-0.00010896283054489569,-0.013136489279441211,0,0
9500,734.94000000000005,594.83217145876267,200,-384.30585566928897,33.599999999999994,-11.437674275871698,8.2709230143397257,10.526315789473694,0.89257315014736804,0.80653864062821023,0.3287828337378359,293.14999999999998,1,0,1,0,1,2,-1.9062790459786163,4.1999999999999993,0.00016662188550101086,-0.00010479739068985886,-0.012551029002302821,8.8817841970012523e-16,0
9530,734.94000000000005,580.16051688102311,200,-369.63420109154941,33.600000000000001,-11.001017889629447,7.6713470756004263,10.526315789473694,0.8982083214391744,0.8114412396520817,0.32569932772807303,293.14999999999998,1,0,1,0,1,2,-1.8335029816049078,4.2000000000000002,0.00016026075747472806,-0.00010079653799878468,-0.011997917224075678,0,0
9560,734.94000000000005,566.06777629992962,200,-355.54146051045586,33.599999999999994,-10.581591086620712,7.1148534220218727,10.526315789473694,0.90362850102039005,0.81615679588773937,0.32273346290387966,293.14999999999998,1,0,1,0,1,2,-1.7635985144367854,4.1999999999999993,0.00015415062677320916,-9.6953550912377666e-05,-0.0114748137648382,8.8817841970012523e-16,0
9590,734.94000000000005,552.5304243173116,200,-342.0041085278379,33.600000000000001,-10.178693706185651,6.5983510917343882,10.526315789473694,0.90884216676114038,0.82069268508219217,0.31988060026457116,293.14999999999998,1,0,1,0,1,2,-1.6964489510309417,4.2000000000000002,0.00014828129358777957,-9.326201422694814e-05,-0.010979592947216291,0,0
9620,734.94000000000005,539.52598454471922,200,-328.99966875524547,33.599999999999504,-9.7916568081919735,6.1189739601293649,10.526315789473694,0.9138574527429032,0.82505598388632584,0.31713628892696705,293.14999999999998,1,0,1,0,1,2,-1.631942801365329,4.199999999999938,0.00014264301292453226,-8.9715798796071732e-05,-0.010510320746503947,6.2172489379008766e-14,0
9650,734.94000000000005,527.03296348123831,200,-316.50664769176461,33.599999999999497,-9.4198407051121826,5.6740633527503981,10.526315789473694,0.91868216443794037,0.8292534830610081,0.31449625781936758,293.14999999999998,1,0,1,0,1,2,-1.5699734508520304,4.1999999999999371,0.00013722646593599934,-8.6309043499548476e-05,-0.010065234585717862,6.3060667798708891e-14,0
9680,734.94000000000005,515.03079152090231,200,-304.50447573142856,33.59999999999949,-9.062633206292654,5.2611522404316133,10.526315789473694,0.92332379295479472,0.83329169987067142,0.3119564078865682,293.14999999999998,1,0,1,0,1,2,-1.5104388677154423,4.1999999999999362,0.00013202273434399493,-8.3036139156564428e-05,-0.0096427254516401068,6.3948846218409017e-14,0
9710,734.94000000000005,503.49977008457637,200,-292.97345429510267,33.599999999999987,-8.7194480444971063,4.8779508298812999,10.526315789473694,0.92778952844871387,0.83717688975038107,0.30951280475181825,293.14999999999998,1,0,1,0,1,2,-1.4532413407495177,4.1999999999999984,0.00012702327751779627,-7.9891714108937386e-05,-0.0092413220502297801,1.7763568394002505e-15,0
9740,734.94000000000005,492.42102401007213,200,-281.89470822059843,33.599999999999994,-8.3897234589463832,4.5223333903700045,10.526315789473694,0.93208627278209777,0.84091505732042504,0.30716167178915782,293.14999999999998,1,0,1,0,1,2,-1.3982872431577305,4.1999999999999993,0.00012221991183213426,-7.687062123825607e-05,-0.0088596767556775331,8.8817841970012523e-16,0
9770,734.94000000000005,481.7764584703238,200,-271.2501426808501,33.599999999999497,-8.0729209131206598,4.1923261806968535,10.526315789473694,0.93622065150766876,0.84451196681167184,0.30489938356635432,293.14999999999998,1,0,1,0,1,2,-1.3454868188534432,4.1999999999999371,0.00011760479198837745,-7.3967926217776485e-05,-0.0084965531388466343,6.3060667798708891e-14,0
9800,734.94000000000005,471.54871978934142,200,-261.02240399986772,33.599999999999994,-7.7685239285674932,3.886096359654394,10.526315789473694,0.94019902523753762,0.84797315195665779,0.30272245962386995,293.14999999999998,1,0,1,0,1,2,-1.2947539880945822,4.1999999999999993,0.00011317039402566704,-7.1178896827218691e-05,-0.0081508148874970873,8.8817841970012523e-16,0
9830,734.94000000000005,461.72115962143903,200,-251.1948438319653,33.599999999999994,-7.4760370188084924,3.6019417795076998,10.526315789473694,0.94402750045213291,0.85130392539335564,0.30062755856033052,293.14999999999998,1,0,1,0,1,2,-1.2460061698014153,4.1999999999999993,0.00010890949979027017,-6.8498993184714626e-05,-0.0078214159541057093,8.8817841970012523e-16,0
9860,734.94000000000005,452.27780204479416,200,-241.75148625532043,33.599999999999994,-7.1949847099797761,3.3382815757308624,10.526315789473694,0.94771193979592683,0.85450938762245632,0.29861147239881236,293.14999999999998,1,0,1,0,1,2,-1.1991641183299626,4.1999999999999993,0.00010481518266845441,-6.5923858773452062e-05,-0.007507391787515718,8.8817841970012523e-16,0
9890,734.94000000000005,443.20331317576722,200,-232.67699738629349,33.599999999999994,-6.9249106364968309,3.0936474772229898,10.526315789473694,0.9512579719005001,0.85759443555343506,0.29667112121176648,293.14999999999998,1,0,1,0,1,2,-1.1541517727494719,4.1999999999999993,0.0001008807944123037,-6.3449312155727477e-05,-0.0072078515218626472,8.8817841970012523e-16,0
9920,734.94000000000005,434.48297297985675,200,-223.95665719038305,33.599999999999994,-6.6653767020947345,2.8666757711436652,10.526315789473694,0.95467100077002842,0.86056377066992473,0.29480354798537906,293.14999999999998,1,0,1,0,1,2,-1.1108961170157892,4.1999999999999993,9.7099952917910188e-05,-6.1071339285999142e-05,-0.0069219710119096918,8.8817841970012523e-16,0
9950,734.94000000000005,426.10264899806185,200,-215.57633320858815,33.600000000000001,-6.4159622978746471,2.6560998643631937,10.526315789473694,0.95795621476008408,0.86342190684127318,0.29300591370646673,293.14999999999998,1,0,1,0,1,2,-1.0693270496457745,4.2000000000000002,9.3466530834022859e-05,-5.8786086346258562e-05,-0.0066489866171003638,0,0
9980,734.94000000000005,418.04877175230808,200,-207.52245596283436,33.600000000000001,-6.1762635703224511,2.4607433904186076,10.526315789473694,0.96111859517637777,0.86617317780344871,0.29127549265733604,293.14999999999998,1,0,1,0,1,2,-1.0293772617204084,4.2000000000000002,8.9974644898680793e-05,-5.6589853039270538e-05,-0.0063881896484179876,0,0
10010,734.94000000000005,410.30831162871459,200,-199.78199583924089,33.600000000000001,-5.9458927333107408,2.2795138166246574,10.526315789473694,0.96416292451709673,0.86882174432987413,0.28960966790566378,293.14999999999998,1,0,1,0,1,2,-0.99098212221845672,4.2000000000000002,8.6618645916587743e-05,-5.447908628480934e-05,-0.0061389214023513565,0,0
10040,734.94000000000005,402.86875706795684,200,-192.34244127848316,33.599999999999469,-5.7244774190025653,2.1113965109117956,10.526315789473694,0.96709379437960852,0.87137160111025946,0.28800592697803151,293.14999999999998,1,0,1,0,1,2,-0.95407956983376085,4.1999999999999336,8.3393109303200015e-05,-5.2450374272331322e-05,-0.0059005687152358776,6.6613381477509392e-14,0
10070,734.94000000000005,395.71809391981691,200,-185.19177813034321,33.599999999999994,-5.511660063403073,1.9554492322177917,10.526315789473694,0.96991561304996388,0.87382658335346863,0.28646185770703114,293.14999999999998,1,0,1,0,1,2,-0.91861001056717884,4.1999999999999993,8.0292826133558531e-05,-5.0500440831107946e-05,-0.0056725599791676547,8.8817841970012523e-16,0
10100,734.94000000000005,388.84478583537566,200,-178.31847004590199,33.600000000000001,-5.3070973227947018,1.8107970117463741,10.526315789473694,0.97263261279160895,0.87619037312869985,0.284975144242958,293.14999999999998,1,0,1,0,1,2,-0.8845162204657836,4.2000000000000002,7.7312794641026504e-05,-4.8626140083328528e-05,-0.0054543615674287295,0,0
10130,734.94000000000005,382.23775559994073,200,-171.71143981046703,33.600000000000001,-5.1104595181686614,1.6766273957834723,10.526315789473694,0.97524885684817286,0.87846650545791038,0.28354356322196045,293.14999999999998,1,0,1,0,1,2,-0.85174325302811027,4.2000000000000002,7.4448212123871978e-05,-4.6824451353718267e-05,-0.0052454746237720349,0,0
10160,734.94000000000005,375.88636731231583,200,-165.36005152284213,33.600000000000001,-4.9214301048464915,1.5521860231670628,10.526315789473694,0.97776824617351155,0.88065837417095505,0.28216498008343016,293.14999999999998,1,0,1,0,1,2,-0.82023835080774865,4.2000000000000002,7.16944672188144e-05,-4.509247430995965e-05,-0.005045432174857937,0,0
10190,734.94000000000005,369.78040933956902,200,-159.25409355009535,33.599999999999461,-4.7397051651814852,1.436772513110482,10.526315789473694,0.98019452590123135,0.88276923753407133,0.28083734552994843,293.14999999999998,1,0,1,0,1,2,-0.78995086086358079,4.1999999999999327,6.9047132510794551e-05,-4.3427424314582564e-05,-0.0048537965301506912,6.7501559897209518e-14,0
10220,734.94000000000005,363.91007798406667,200,-153.38376219459295,33.599999999999994,-4.5649929224581243,1.3297366410684521,10.526315789473694,0.98253129156484176,0.88480222366141237,0.27955869212368434,293.14999999999998,1,0,1,0,1,2,-0.76083215374302071,4.1999999999999993,6.6501957451553051e-05,-4.1826627971080635e-05,-0.0046701569376191784,8.8817841970012523e-16,0
10250,734.94000000000005,358.26596180530942,200,-147.73964601583569,33.599999999999994,-4.397013274280825,1.2304747821050008,10.526315789473694,0.98478199507857356,0.88676033571835899,0.27832713101375367,293.14999999999998,1,0,1,0,1,2,-0.73283554571347087,4.1999999999999993,6.4054861562125401e-05,-4.0287518848597796e-05,-0.0044941274671297521,8.8817841970012523e-16,0
10280,734.94000000000005,352.83902655744521,200,-142.31271076797154,33.600000000000001,-4.2354973442848669,1.1384266030524848,10.526315789473694,0.98694995048852918,0.88864645692502042,0.27714084878925127,293.14999999999998,1,0,1,0,1,2,-0.70591622404747778,4.2000000000000002,6.1701927902251195e-05,-3.8807633374491448e-05,-0.004325345096955811,0,0
10310,734.94000000000005,347.62060069628103,200,-137.0942849068073,33.599999999999994,-4.0801870507978375,1.0530719859447986,10.526315789473694,0.98903833950293629,0.89046335536755461,0.27599810445315437,293.14999999999998,1,0,1,0,1,2,-0.68003117513297284,4.1999999999999993,5.9439396786715299e-05,-3.738460688220428e-05,-0.0041634679812574292,8.8817841970012523e-16,0
10340,734.94000000000005,342.60236142667827,200,-132.07604563720457,33.599999999999994,-3.9308346915834704,0.97392816673692639,10.526315789473694,0.99105021680968897,0.8922136886244294,0.27489722651262083,293.14999999999998,1,0,1,0,1,2,-0.65513911526391178,4.1999999999999993,5.7263659735974236e-05,-3.6016169806490546e-05,-0.0040081738792419504,8.8817841970012523e-16,0
10370,734.94000000000005,337.77632125896992,200,-127.25000546949624,33.600000000000001,-3.787202543735007,0.90054707437704451,10.526315789473694,0.99298851518936038,0.89390000821474358,0.2738366101812022,293.14999999999998,1,0,1,0,1,2,-0.63120042395583453,4.2000000000000002,5.5171253647477978e-05,-3.4700144017449458e-05,-0.0038591587287227021,0,0
10400,734.94000000000005,333.13481505045502,200,-122.60849926098132,33.600000000000001,-3.6490624780053964,0.83251285643389128,10.526315789473694,0.99485605043067082,0.8955247638746836,0.27281471468915253,293.14999999999998,1,0,1,0,1,2,-0.60817707966756607,4.2000000000000002,5.3158855177304976e-05,-3.3434439286835808e-05,-0.0037161353488587173,0,0
10430,734.94000000000005,328.67048750896288,200,-118.14417171948915,33.599999999999447,-3.5161955868896158,0.76943957842368527,10.526315789473694,0.99665552605575702,0.89709030766850861,0.27183006069781029,293.14999999999998,1,0,1,0,1,2,-0.586032597814936,4.1999999999999309,5.1223275322135371e-05,-3.2217049880373967e-05,-0.0035788322585168847,6.9277916736609768e-14,0
10460,734.94000000000005,324.37628114043855,200,-113.84996535096488,33.599999999999994,-3.3883918259215742,0.71096908491316524,10.526315789473694,0.9983895378619938,0.89859889793993464,0.2708812278143618,293.14999999999998,1,0,1,0,1,2,-0.56473197098692907,4.1999999999999993,4.936145419373183e-05,-3.1046051271150114e-05,-0.003446992598295796,8.8817841970012523e-16,0
10490,734.94000000000005,320.24542461908328,200,-109.71910882960958,33.600000000000001,-3.2654496675479039,0.65676901121895959,10.526315789473694,1.0000605782867931,0.90005270310951002,0.26996685220347005,293.14999999999998,1,0,1,0,1,2,-0.54424161125798398,4.2000000000000002,4.7570455976638114e-05,-2.9919596968239994e-05,-0.0033203731454313091,0,0
10520,734.94000000000005,316.27142157149837,200,-105.74510578202468,33.600000000000001,-3.147175767322163,0.60653093544299141,10.526315789473694,1.00167104060163,0.90145380532341812,0.2690856242923475,293.14999999999998,1,0,1,0,1,2,-0.52452929455369379,4.2000000000000002,4.5847464065359067e-05,-2.8835915458222019e-05,-0.0031987434123328176,0,0
10550,734.94000000000005,312.44803975329933,200,-101.92172396382564,33.599999999999433,-3.0333846417805761,0.55996866108020804,10.526315789473694,1.0032232229413169,0.90280420395894567,0.26823628656598036,293.14999999999998,1,0,1,0,1,2,-0.50556410696342935,4.1999999999999291,4.4189776371715038e-05,-2.7793307253722193e-05,-0.0030818848201179831,7.1054273576010019e-14,0
10580,734.94000000000005,308.76930061075069,200,-98.242984821276977,33.600000000000001,-2.9238983577761002,0.5168166212689439,10.526315789473694,1.004719332174393,0.90410581899172193,0.26741763144929204,293.14999999999998,1,0,1,0,1,2,-0.48731639296268336,4.2000000000000002,4.2594800799119039e-05,-2.6790142046945623e-05,-0.0029695899398358562,0,0
10610,734.94000000000005,305.22946920973362,200,-94.703153420259937,33.599999999999994,-2.8185462327458319,0.47682839621038253,10.526315789473694,1.0061614876202085,0.90536049422958143,0.26662849927319476,293.14999999999998,1,0,1,0,1,2,-0.46975770545763862,4.1999999999999993,4.10600508761288e-05,-2.5824855963384508e-05,-0.0028616617945554051,8.8817841970012523e-16,0
10640,734.94000000000005,301.82304452800025,200,-91.296728738526554,33.600000000000001,-2.7171645457894806,0.43977533600917995,10.526315789473694,1.0075517246181394,0.90657000041778124,0.26586777632155217,293.14999999999998,1,0,1,0,1,2,-0.45286075763158007,4.2000000000000002,3.9583141547492311e-05,-2.489594891458223e-05,-0.0027579132166141457,0,0
10670,734.94000000000005,298.5447500926021,200,-88.018434303128416,33.599999999999419,-2.6195962590217245,0.40544528153174553,10.526315789473694,1.0088919979543043,0.90773603822024473,0.26513439295611685,293.14999999999998,1,0,1,0,1,2,-0.43659937650362074,4.1999999999999273,3.8161785114861445e-05,-2.4001982045031604e-05,-0.0026581662545245815,7.2830630415410269e-14,0
10700,734.94000000000005,295.38952495798793,200,-84.863209168514246,33.600000000000001,-2.5256907490629237,0.37364137652763468,10.526315789473694,1.0101841851508224,0.90886024108121544,0.2644273218166831,293.14999999999998,1,0,1,0,1,2,-0.42094845817715393,4.2000000000000002,3.6793787325199182e-05,-2.3141575271965597e-05,-0.0025622516250026926,0,0
10730,734.94000000000005,292.35251500928138,200,-81.826199219807691,33.599999999999987,-2.4353035482085632,0.34418096458698977,10.526315789473694,1.0114300896226631,0.90994417797171701,0.26374557609369192,293.14999999999998,1,0,1,0,1,2,-0.4058839247014272,4.1999999999999984,3.5477043600184836e-05,-2.2313404913829108e-05,-0.0024700082057456745,1.7763568394002505e-15,0
10760,734.94000000000005,289.42906458820732,200,-78.902748798733626,33.599999999999433,-2.3482960952004452,0.31689456507172198,10.526315789473694,1.0126314437069095,0.9109893560250113,0.26308820787065085,293.14999999999998,1,0,1,0,1,2,-0.39138268253340758,4.1999999999999291,3.4209535405495638e-05,-2.1516201406726585e-05,-0.0023812825654148033,7.1054273576010019e-14,0
10790,734.94000000000005,286.6147084270209,200,-76.088392637547216,33.600000000000001,-2.2645354951650956,0.29162492242476357,10.526315789473694,1.0137899115690636,0.91199722306508546,0.26245430653383367,293.14999999999998,1,0,1,0,1,2,-0.37742258252751593,4.2000000000000002,3.2989326753634694e-05,-2.0748747104863928e-05,-0.002295928527303581,0,0
10800,734.94000000000005,285.70008754953051,200,-75.173771760056823,33.599999999999994,-2.2373146357159772,0.28362434618958754,10.526315789473694,1.0141668154157524,0.91232512941170452,0.26224806874332379,293.14999999999998,1,0,1,0,1,2,-0.37288577261932954,4.1999999999999993,3.2592778398001053e-05,-2.0499336693813768e-05,-0.0022682021549614343,8.8817841970012523e-16,0
10800,734.94000000000005,285.70008754953051,200,-75.173771760056823,33.599999999999994,-2.2373146357159772,0.28362434618958754,10.526315789473694,1.0141668154157524,0.91232512941170452,0.26224806874332379,293.14999999999998,1,0,1,0,1,2,-0.37288577261932954,4.1999999999999993,3.2592778398001053e-05,-2.0499336693813768e-05,-0.0022682021549614343,8.8817841970012523e-16,0
10830,734.94000000000005,283.02455899261372,200,-72.498243203140035,33.599999999999426,-2.1576858096172997,0.26081857833163241,10.526315789473694,1.0152705777290636,0.91328540262428537,0.2616441017030684,293.14999999999998,1,0,1,0,1,2,-0.35961430160288327,4.1999999999999282,3.1432760650968068e-05,-1.9769739662322683e-05,-0.0021871279833350545,7.1942451995710144e-14,0
10860,734.94000000000005,280.44840306502198,200,-69.922087275548265,33.599999999999426,-2.0810145022484958,0.23970534083738188,10.526315789473694,1.0163350872098749,0.91421152587259114,0.26106161339675849,293.14999999999998,1,0,1,0,1,2,-0.34683575037474929,4.1999999999999282,3.0315827479985283e-05,-1.9067240818656458e-05,-0.0021091103210732704,7.1942451995710144e-14,0
10890,734.94000000000005,277.96773466997445,200,-67.441418880500777,33.600000000000001,-2.0071850857291897,0.22016210300784375,10.526315789473694,1.0173618002890339,0.91510476625145942,0.26049980688086932,293.14999999999998,1,0,1,0,1,2,-0.33453084762153162,4.2000000000000002,2.9240294439860417e-05,-1.8390780725392581e-05,-0.0020340243971284158,0,0
10920,734.94000000000005,275.57882750892293,200,-65.052511719449214,33.599999999999987,-1.9360866583169418,0.20207516867587716,10.526315789473694,1.0183521165084357,0.91596634136233912,0.25995791634090781,293.14999999999998,1,0,1,0,1,2,-0.32268110971949032,4.1999999999999984,2.8204545934888886e-05,-1.7739343248223468e-05,-0.0019617511268198357,1.7763568394002505e-15,0
10950,734.94000000000005,273.27810751978012,200,-62.751791730306422,33.600000000000001,-1.8676128491162625,0.18533903788541073,10.526315789473694,1.019307380845859,0.91679742133589737,0.25943520581928808,293.14999999999998,1,0,1,0,1,2,-0.31126880818604374,4.2000000000000002,2.7207032373891435e-05,-1.7111953766607934e-05,-0.0018921768116389075,0,0
10980,734.94000000000005,271.06214656901858,200,-60.535830779544874,33.600000000000001,-1.8016616303435973,0.16985581465232794,10.526315789473694,1.0202288859434343,0.91759913077078792,0.25893096799593529,293.14999999999998,1,0,1,0,1,2,-0.30027693839059955,4.2000000000000002,2.6246267435325844e-05,-1.650767745365404e-05,-0.0018251928582094308,0,0
11010,734.94000000000005,268.92765639187354,200,-58.401340602399827,33.600000000000001,-1.7381351369761853,0.15553465753254453,10.526315789473694,1.0211178742437843,0.91837255059209244,0.25844452301941367,293.14999999999998,1,0,1,0,1,2,-0.2896891894960309,4.2000000000000002,2.5320825439965391e-05,-1.5925617623656476e-05,-0.0017606955149421543,0,0
11040,734.94000000000005,266.87148277183036,200,-56.345166982356645,33.599999999999994,-1.6769394935225195,0.14229126992537253,10.526315789473694,1.0219755400372994,0.91911871983245053,0.25797521738667872,293.14999999999998,1,0,1,0,1,2,-0.27948991558708658,4.1999999999999993,2.4429338827323565e-05,-1.5364914144885451e-05,-0.0016985856249745947,8.8817841970012523e-16,0
11070,734.94000000000005,264.89059995133096,200,-54.364284161857242,33.59999999999998,-1.6179846476743236,0.13004742726014945,10.526315789473694,1.0228030314242527,0.91983863733909976,0.25752242286942828,293.14999999999998,1,0,1,0,1,2,-0.2696641079457206,4.1999999999999975,2.3570495732327383e-05,-1.4824741915427298e-05,-0.001638768394137837,2.6645352591003757e-15,0
11100,734.94000000000005,262.98210526672648,200,-52.455789477252779,33.599999999999987,-1.5611842106325238,0.11873053841973012,10.526315789473694,1.0236014521948866,0.92053326340955144,0.25708553548533947,293.14999999999998,1,0,1,0,1,2,-0.26019736843875396,4.1999999999999984,2.2743037659216202e-05,-1.4304309400175367e-05,-0.0015811531728387772,1.7763568394002505e-15,0
11130,734.94000000000005,261.14321399915889,200,-50.616898209685218,33.599999999999419,-1.5064553038597051,0.10827323893100589,10.526315789473694,1.0243718636309733,0.92120352135894679,0.25666397451227435,293.14999999999998,1,0,1,0,1,2,-0.25107588397661751,4.1999999999999273,2.1945757249060343e-05,-1.3802857226703427e-05,-0.0015256532508062951,7.2830630415410269e-14,0
11160,734.94000000000005,259.37125443542237,200,-48.844938645948673,33.599999999999994,-1.4537184120818061,0.098613013640037606,10.526315789473694,1.0251152862319974,0.92185029902183779,0.25625718154372962,293.14999999999998,1,0,1,0,1,2,-0.24228640201363436,4.1999999999999993,2.1177496138317479e-05,-1.3319656838397557e-05,-0.0014721856638110768,8.8817841970012523e-16,0
11190,734.94000000000005,257.66366312754627,200,-47.137347338072551,33.600000000000001,-1.4028972422045403,0.08969184672013962,10.526315789473694,1.0258327013689734,0.92247445019100682,0.25586461958388707,293.14999999999998,1,0,1,0,1,2,-0.23381620703409006,4.2000000000000002,2.0437142903553602e-05,-1.2854009201781536e-05,-0.0014206710113882409,0,0
11220,734.94000000000005,256.01798035078957,200,-45.491664561315886,33.600000000000001,-1.3539185881344014,0.081455897073872491,10.526315789473694,1.0265250528688752,0.92307679599592141,0.2554857721806289,293.14999999999998,1,0,1,0,1,2,-0.22565309802240024,4.2000000000000002,1.9723631092180888e-05,-1.2405243567942868e-05,-0.001371033284992254,0,0
11250,734.94000000000005,254.43184574597583,200,-43.905529956502136,33.599999999999419,-1.3067122010863956,0.073855197251570304,10.526315789473694,1.0271932485325443,0.92365812622331356,0.25512014259495552,293.14999999999998,1,0,1,0,1,2,-0.21778536684773261,4.1999999999999273,1.9035937333125159e-05,-1.1972716284230767e-05,-0.0013231997056620008,7.2830630415410269e-14,0
11280,734.94000000000005,252.90299414491213,200,-42.376678355438429,33.599999999999994,-1.2612106653404296,0.066843374210932407,10.526315789473694,1.0278381615888177,0.92421920058227136,0.25476725300530201,293.14999999999998,1,0,1,0,1,2,-0.21020177755673827,4.1999999999999993,1.8373079526868328e-05,-1.1555809655877323e-05,-0.0012771005707153591,8.8817841970012523e-16,0
11310,734.94000000000005,251.42925156643525,200,-40.902935776961549,33.600000000000001,-1.2173492790762366,0.060377390304867926,10.526315789473694,1.0284606320875802,0.92476074991619472,0.25442664374527385,293.14999999999998,1,0,1,0,1,2,-0.20289154651270611,4.2000000000000002,1.7734115109474039e-05,-1.1153930854150638e-05,-0.0012326691087048633,0,0
11340,734.94000000000005,250.00853138421755,200,-39.482215594743842,33.599999999999994,-1.1750659403197574,0.054417303064226326,10.526315789473694,1.029061468234177,0.92528347736373406,0.25409787257347138,293.14999999999998,1,0,1,0,1,2,-0.19584432338662625,4.1999999999999993,1.7118139391076028e-05,-1.0766510871341531e-05,-0.0011898413423190681,8.8817841970012523e-16,0
11370,734.94000000000005,248.63883065228168,200,-38.11251486280797,33.599999999999419,-1.1343010375835902,0.048926042374251313,10.526315789473694,1.0296414476677931,0.92578805947098008,0.25378051397397416,293.14999999999998,1,0,1,0,1,2,-0.18905017293059836,4.1999999999999273,1.6524283962748765e-05,-1.0393003518759518e-05,-0.0011485559584961469,7.2830630415410269e-14,0
11400,734.94000000000005,247.31822658816679,200,-36.791910798693095,33.599999999999994,-1.0949973451991994,0.043869203806759766,10.526315789473694,1.0302013186859675,0.92627514725679183,0.25347415848629928,293.14999999999998,1,0,1,0,1,2,-0.18249955753319991,4.1999999999999993,1.5951715171726798e-05,-1.0032884467716939e-05,-0.0011087541854721526,8.8817841970012523e-16,0
11430,734.94000000000005,246.04487320166797,200,-35.518557412194269,33.600000000000001,-1.0570999229819722,0.039214856907924193,10.526315789473694,1.0307418014177452,0.92674536723343837,0.25317841206346509,293.14999999999998,1,0,1,0,1,2,-0.17618332049699537,4.2000000000000002,1.5399632659744173e-05,-9.6856503302126513e-06,-0.0010703796761552232,0,0
11460,734.94000000000005,244.8169980706264,200,-34.290682281152691,33.599999999999994,-1.0205560202724018,0.034933367381740403,10.526315789473694,1.031263588947537,0.92719932238435721,0.25289289545702737,293.14999999999998,1,0,1,0,1,2,-0.1700926700454003,4.1999999999999993,1.4867267965124465e-05,-9.3508177797118919e-06,-0.0010333783976525137,8.8817841970012523e-16,0
11490,734.94000000000005,243.63289925145943,200,-33.106583461985721,33.599999999999405,-0.9853149839876878,0.030997232131843036,10.526315789473694,1.0317673483916265,0.92763759310071503,0.25261724362802568,293.14999999999998,1,0,1,0,1,2,-0.16421916399794798,4.1999999999999256,1.4353883183293803e-05,-9.0279227086714813e-06,-0.00099769852638573815,7.460698725481052e-14,0
11520,734.94000000000005,242.49094232330941,200,-31.964626533835723,33.599999999999405,-0.95132817064988962,0.027380926241639882,10.526315789473694,1.0322537219296992,0.92806073807883838,0.25235110518254178,293.14999999999998,1,0,1,0,1,2,-0.15855469510831494,4.1999999999999256,1.3858769685223561e-05,-8.7165194225000805e-06,-0.0009632903485897017,7.460698725481052e-14,0
11550,734.94000000000005,241.38955755730183,200,-30.863241767828143,33.600000000000001,-0.91854886213774234,0.024060761012278692,10.526315789473694,1.0327233277929715,0.9284692951798853,0.25209414183100615,293.14999999999998,1,0,1,0,1,2,-0.15309147702295706,4.2000000000000002,1.3381246890118692e-05,-8.4161798676364139e-06,-0.00093010616578487995,0,0
11580,734.94000000000005,240.32723720793007,200,-29.800921418456355,33.599999999999994,-0.88693218507310589,0.021014752260655467,10.526315789473694,1.0331767612110527,0.92886378225361599,0.25184602787008459,293.14999999999998,1,0,1,0,1,2,-0.14782203084551765,4.1999999999999993,1.2920661091054678e-05,-8.1264928929297246e-06,-0.00089810020499855577,8.8817841970012523e-16,0
11610,734.94000000000005,239.30253292243336,200,-28.776217132959665,33.600000000000001,-0.85643503371903762,0.018222498132029398,10.526315789473694,1.033614595319015,0.92924469792754305,0.25160644968634005,293.14999999999998,1,0,1,0,1,2,-0.14273917228650626,4.2000000000000002,1.2476384331771175e-05,-7.8470635431953802e-06,-0.00086722853348954328,0,0
11640,734.94000000000005,238.31405325948148,200,-27.787737470007794,33.599999999999412,-0.82701599613119881,0.015665065723430335,10.526315789473694,1.0340373820267175,0.92961252236324421,0.25137510528054635,293.14999999999998,1,0,1,0,1,2,-0.1378359993551998,4.1999999999999265,1.2047813330859608e-05,-7.5775123825790835e-06,-0.00083744897760775372,7.3718808835110394e-14,0
11670,734.94000000000005,237.36046131718447,200,-26.834145527710785,33.600000000000001,-0.79863528356282099,0.013324885889678974,10.526315789473694,1.0344456528518229,0.92996771798108591,0.25115170381187168,293.14999999999998,1,0,1,0,1,2,-0.13310588059380349,4.2000000000000002,1.1634368453348007e-05,-7.3174748477317108e-06,-0.00080872104569407882,0,0
11700,734.94000000000005,236.44047246060578,200,-25.914156671132083,33.599999999999994,-0.77125466283131217,0.011185655622561012,10.526315789473694,1.0348399197180458,0.93031073015469978,0.25093596516108457,293.14999999999998,1,0,1,0,1,2,-0.1285424438052187,4.1999999999999993,1.1235492725430467e-05,-7.06660062812013e-06,-0.00078100585464020949,8.8817841970012523e-16,0
11730,734.94000000000005,235.55285215135734,200,-25.026536361883657,33.600000000000001,-0.74483739172272789,0.0092322474695480349,10.526315789473694,1.0352206757202631,0.930641987876629,0.2507276195118941,293.14999999999998,1,0,1,0,1,2,-0.12413956528712132,4.2000000000000002,1.0850650893451629e-05,-6.8245530741723463e-06,-0.00075426606011100706,0,0
11760,734.94000000000005,234.69641386820135,200,-24.170098078727641,33.599999999999419,-0.71934815710500177,0.0074506254632624967,10.526315789473694,1.0355883958577856,0.93096190439627358,0.25052640694971168,293.14999999999998,1,0,1,0,1,2,-0.1198913595175003,4.1999999999999273,1.0479328522351889e-05,-6.5910086302416122e-06,-0.00072846579002911957,7.2830630415410269e-14,0
11790,734.94000000000005,233.87001711998093,200,-23.34370133050723,33.600000000000001,-0.69475301578890558,0.0058277671010274878,10.526315789473694,1.0359435377372785,0.93127087783143236,0.25033207707701965,293.14999999999998,1,0,1,0,1,2,-0.11579216929815093,4.2000000000000002,1.0121031134140996e-05,-6.3656562927465157e-06,-0.00070357058130244535,0,0
11820,734.94000000000005,233.07256554150266,200,-22.546249752028956,33.600000000000001,-0.67101933785800461,0.0043515909234621303,10.526315789473694,1.036286542246629,0.93156929175456715,0.25014438864463873,293.14999999999998,1,0,1,0,1,2,-0.11183655630966743,4.2000000000000002,9.7752833823394996e-06,-6.1481970909331865e-06,-0.00067954731945933861,0,0
11850,734.94000000000005,232.30300507585414,200,-21.776689286380435,33.599999999999994,-0.64811575257084642,0.0030108893001820625,10.526315789473694,1.036617834200982,0.93185751575485443,0.24996310919822334,293.14999999999998,1,0,1,0,1,2,-0.10801929209514106,4.1999999999999993,9.4416282638920334e-06,-5.9383435912055163e-06,-0.00065636418124978254,8.8817841970012523e-16,0
11880,734.94000000000005,231.56032223295489,200,-21.034006443481179,33.599999999999994,-0.62601209653217804,0.0017952660316819368,10.526315789473694,1.0369378229620385,0.93213590597697349,0.24978801473938975,293.14999999999998,1,0,1,0,1,2,-0.10433534942202968,4.1999999999999993,9.1196263641353603e-06,-5.7358194222452979e-06,-0.00063399057986369012,8.8817841970012523e-16,0
11910,734.94000000000005,230.84354242398905,200,-20.317226634515347,33.600000000000001,-0.60467936412248058,0.00069507842464472565,10.526315789473694,1.0372469030321867,0.93240480563800254,0.2496188894006115,293.14999999999998,1,0,1,0,1,2,-0.10077989402041343,4.2000000000000002,8.8088551346651603e-06,-5.5403588208241313e-06,-0.00061239711271891264,0,0
11940,734.94000000000005,230.15172836859341,200,-19.625412579119704,33.600000000000001,-0.58408966009284835,-0.00029861648339319855,10.526315789473694,1.0375454546239689,0.93266454552285294,0.24945552513361521,293.14999999999998,1,0,1,0,1,2,-0.097348276682141396,4.2000000000000002,8.5089082027471659e-06,-5.3517061974552534e-06,-0.00059155551169204465,0,0
11970,734.94000000000005,229.4839785703202,200,-18.957662780846512,33.599999999999405,-0.56421615419187043,-0.0011941118523483389,10.526315789473694,1.0378338442064379,0.93291544445960106,0.24929772141041873,293.14999999999998,1,0,1,0,1,2,-0.094036025698645082,4.1999999999999256,8.2193947103301049e-06,-5.1696157206635223e-06,-0.00057143859562801204,7.460698725481052e-14,0
12000,734.94000000000005,228.83942585939957,200,-18.31311006992588,33.599999999999994,-0.54503303779541323,-0.0019990973961218333,10.526315789473694,1.0381124250291562,0.93315780977536589,0.24914528493660559,293.14999999999998,1,0,1,0,1,2,-0.090838839632568877,4.1999999999999993,7.9399386822365385e-06,-4.9938509196069416e-06,-0.00055202022507329178,8.8817841970012523e-16,0
12030,734.94000000000005,228.21723599538862,200,-17.690920205914914,33.599999999999412,-0.52651548231890544,-0.0027207024312389588,10.526315789473694,1.0383815376248624,0.93339193773363027,0.24899802937626983,293.14999999999998,1,0,1,0,1,2,-0.087752580386484244,4.1999999999999265,7.6701784203208653e-06,-4.8241843030303101e-06,-0.00053327525898655371,7.3718808835110394e-14,0
12060,734.94000000000005,227.61660633497638,200,-17.090290545502683,33.599999999999994,-0.50863959956853233,-0.003365535846197411,10.526315789473694,1.0386415102918229,0.93361811395388605,0.2488557750880793,293.14999999999998,1,0,1,0,1,2,-0.084773266594755384,4.1999999999999993,7.409765925872979e-06,-4.66039699598408e-06,-0.00051517951356520072,8.8817841970012523e-16,0
12090,734.94000000000005,227.03676455189665,200,-16.510448762422957,33.599999999999994,-0.49138240364354047,-0.0039397232261700142,10.526315789473694,1.0388926595564629,0.93383661381412286,0.24871834887212893,293.14999999999998,1,0,1,0,1,2,-0.081897067273923416,4.1999999999999993,7.1583663446182178e-06,-4.5022783907552229e-06,-0.0004977097227766669,8.8817841970012523e-16,0
12120,734.94000000000005,226.47696741617804,200,-15.95065162670433,33.59999999999939,-0.47472177460430415,-0.004448941326503743,10.526315789473694,1.039135290617563,0.93404770283727978,0.24858558372688042,293.14999999999998,1,0,1,0,1,2,-0.079120295767384025,4.1999999999999238,6.9156574374405929e-06,-4.3496258139768384e-06,-0.0004808435007963644,7.638334409421077e-14,0
12150,734.94000000000005,225.93649962459267,200,-15.410183835118957,33.600000000000001,-0.45863642366425467,-0.0048984500925850754,10.526315789473694,1.039369697772333,0.93425163706192971,0.24845731861601922,293.14999999999998,1,0,1,0,1,2,-0.076439403944042444,4.2000000000000002,6.6813290733053729e-06,-4.202244207700122e-06,-0.00046455930609289682,0,0
12180,734.94000000000005,225.41467267895393,200,-14.888356889480244,33.599999999999994,-0.44310585980595973,-0.0052931224025179304,10.526315789473694,1.039596164825604,0.93444866339827548,0.24833339824454986,293.14999999999998,1,0,1,0,1,2,-0.073850976634326618,4.1999999999999993,6.4550827429284096e-06,-4.0599458235150644e-06,-0.00044883640704706742,8.8817841970012523e-16,0
12210,734.94000000000005,224.91082381635815,200,-14.384508026884442,33.599999999999405,-0.4281103579429969,-0.0056374716908952844,10.526315789473694,1.0398149654824738,0.93463901996975218,0.24821367284394327,293.14999999999998,1,0,1,0,1,2,-0.071351726323832812,4.1999999999999256,6.2366310949643081e-06,-3.922549930834456e-06,-0.00043365484921698748,7.460698725481052e-14,0
12240,734.94000000000005,224.42431498324271,200,-13.897999193769023,33.599999999999397,-0.41363092838599025,-0.0059356776110292102,10.526315789473694,1.0400263637252971,0.93482293644100845,0.24809799796585275,293.14999999999998,1,0,1,0,1,2,-0.068938488064331713,4.1999999999999247,6.0256974911933929e-06,-3.7898825371272451e-06,-0.00041899542399453774,7.5495165674510645e-14,0
12270,734.94000000000005,223.95453185229167,200,-13.428216062817969,33.599999999999405,-0.39964928758387519,-0.0061916098747546019,10.526315789473694,1.0402306141757165,0.93500063433287339,0.24798623428401378,293.14999999999998,1,0,1,0,1,2,-0.066608214597312532,4.1999999999999256,5.8220155802859648e-06,-3.6617761198361428e-06,-0.00040483963861526407,7.460698725481052e-14,0
12300,734.94000000000005,223.50088288301936,200,-12.974567093545653,33.600000000000001,-0.38614783016504917,-0.0064088503986161529,10.526315789473694,1.0404279624423864,0.93517232732487621,0.24787824740397379,293.14999999999998,1,0,1,0,1,2,-0.064357971694174856,4.2000000000000002,5.6253288905030492e-06,-3.5380693702054035e-06,-0.00039116968753906823,0,0
12330,734.94000000000005,223.06279842051214,200,-12.536482631038442,33.599999999999397,-0.37310960211424604,-0.0065907138798060412,10.526315789473694,1.040618645454763,0.93533822154564383,0.24777390768044533,293.14999999999998,1,0,1,0,1,2,-0.062184933685707676,4.1999999999999247,5.4353904389421521e-06,-3.4186069475146374e-06,-0.00037796842502849527,7.5495165674510645e-14,0
12360,734.94000000000005,222.63972983512753,200,-12.113414045653826,33.599999999999469,-0.36051827516827434,-0.0067402669117696042,10.526315789473694,1.0408028917839152,0.93549851585200627,0.24767309004176175,293.14999999999998,1,0,1,0,1,2,-0.060086379194712387,4.1999999999999336,5.2519623585391889e-06,-3.3032392444804308e-06,-0.0003652193390030058,6.6613381477509392e-14,0
12390,734.94000000000005,222.23114869506699,200,-11.704832905593298,33.600000000000001,-0.34835812219027673,-0.0068603457465847145,10.526315789473694,1.040980921950541,0.93565340209697079,0.24757567382133411,293.14999999999998,1,0,1,0,1,2,-0.058059687031712784,4.2000000000000002,5.0748155393253435e-06,-3.1918221616236499e-06,-0.00035290652592025786,0,0
12420,734.94000000000005,221.8365459758279,200,-11.310230186354213,33.599999999999987,-0.33661399364149458,-0.0069535727979733496,10.526315789473694,1.0411529487210602,0.93580306538732239,0.24748154259563263,293.14999999999998,1,0,1,0,1,2,-0.056102332273582425,4.1999999999999984,4.9037292856721549e-06,-3.084216891692596e-06,-0.00034101466680043973,1.7763568394002505e-15,0
12450,734.94000000000005,221.45543130316969,200,-10.929115513695981,33.599999999999405,-0.32527129505048141,-0.0070223719757432869,10.526315789473694,1.0413191773920532,0.93594768433108622,0.24739058402854397,293.14999999999998,1,0,1,0,1,2,-0.054211882508413571,4.1999999999999256,4.7384909880672667e-06,-2.9802897132252654e-06,-0.00032952900428809837,7.460698725481052e-14,0
12480,734.94000000000005,221.08733222770937,200,-10.561016438235677,33.599999999999994,-0.31431596542368095,-0.0070689829349417019,10.526315789473694,1.0414798060635753,0.93608743127531058,0.24730268972181735,293.14999999999998,1,0,1,0,1,2,-0.052385994237280159,4.1999999999999993,4.5788958086037858e-06,-2.8799117927368367e-06,-0.00031843532069101286,8.8817841970012523e-16,0
12510,734.94000000000005,220.73179352754252,200,-10.205477738068819,33.600000000000001,-0.30373445649014341,-0.0070954743169316216,10.526315789473694,1.0416350259019536,0.9362224725346997,0.24721775507126476,293.14999999999998,1,0,1,0,1,2,-0.050622409415023904,4.2000000000000002,4.4247463786212255e-06,-2.7829589945499298e-06,-0.00030771991688424396,0,0
12540,734.94000000000005,220.38837654374387,200,-9.8620607542701695,33.599999999999994,-0.29351371292470746,-0.007103756053132116,10.526315789473694,1.0417850213923465,0.93635296861134154,0.24713567912856238,293.14999999999998,1,0,1,0,1,2,-0.048918952154117908,4.1999999999999993,4.2758525106005369e-06,-2.6893116995900266e-06,-0.00029736959222289466,8.8817841970012523e-16,0
12570,734.94000000000005,220.05665854075551,200,-9.5303427512818182,33.599999999999994,-0.28364115331195894,-0.0070955907989835709,10.526315789473694,1.0419299705815013,0.93647907440590616,0.24705636446841739,293.14999999999998,1,0,1,0,1,2,-0.047273525551993156,4.1999999999999993,4.1320309208506472e-06,-2.5988546309682435e-06,-0.00028737162522015231,8.8817841970012523e-16,0
12600,734.94000000000005,219.73623209420234,200,-9.2099163047286439,33.600000000000001,-0.27410465192644773,-0.0070726045591638573,10.526315789473694,1.0420700453112586,0.93660093942079492,0.2469797170607955,293.14999999999998,1,0,1,0,1,2,-0.045684108654407952,4.2000000000000002,3.9931049640860862e-06,-2.5114766870430456e-06,-0.00027771375506501433,0,0
12600,0,0,200.0000000000058,210.52631578947981,32.948261204356378,6.3896032171082915,3.5527695035524003,10.526315789473999,1.0420700453112586,0.93660093942079492,0.2469797170607955,293.14999999999998,1,0,1,0,1,1,1.0649338695180486,4.1185326505445472,-9.3082536707994211e-05,5.8544571959795864e-05,0.0063776999136432597,0.00089081896088560875,0
12630,0,0,200.000000000005,210.52631578947896,32.929813624182692,6.3931827307663411,3.5340800068684901,10.526315789473957,1.0388594045889756,0.93380768199240882,0.24873654563790434,293.14999999999998,1,0,1,0,1,1,1.0655304551277236,4.1162267030228366,-9.3134682389056238e-05,5.8577369159843229e-05,0.0063784167510120794,0.0036770691589025351,0
12660,0,0,200.00000000000003,210.52631578947373,32.91127250018981,6.3967844387742696,3.5165324657244783,10.526315789473696,1.0356469600528062,0.93101285524594146,0.25049436124285512,293.14999999999998,1,0,1,0,1,1,1.0661307397957116,4.1139090625237262,-9.3187151393228792e-05,5.8610369715039484e-05,0.0063798852681531152,0.0064648452275000157,0
12690,0,0,200,210.5263157894737,32.892651123207621,6.4004058232002929,3.500035353484217,10.526315789473694,1.0324327011998427,0.92821645004386311,0.25225316962272781,293.14999999999998,1,0,1,0,1,1,1.0667343038667154,4.1115813904009526,-9.3239907039755716e-05,5.8643550554900667e-05,0.0063821054584529092,0.0092541612332925904,0
12720,0,0,199.99999999999997,210.52631578947367,32.873961164805429,6.4040446703107161,3.4845075150968619,10.526315789473692,1.0292166187136675,0.92541845828089087,0.25401297587536692,293.14999999999998,1,0,1,0,1,1,1.0673407783851194,4.1092451456006787,-9.3292917079381321e-05,5.8676891396149851e-05,0.0063850776409693421,0.012045029615152858,0
12750,0,0,200.00000000000006,210.52631578947376,32.855212904394769,6.4076990279163102,3.4698767058605409,10.526315789473697,1.0259987043225913,0.92261887276065446,0.25577378452695376,293.14999999999998,1,0,1,0,1,1,1.0679498379860517,4.1069016130493461,-9.3346153072980436e-05,5.8710374351904393e-05,0.0063888024147918058,0.014837461391042694,0
12780,0,0,200,210.5263157894737,32.83641541840128,6.4113671698615535,3.4560783745778636,10.526315789473694,1.0227789506774545,0.91981768708938549,0.25753559959887018,293.14999999999998,1,0,1,0,1,1,1.0685611949769256,4.1045519273001601,-9.3399589874244398e-05,5.8743983606309591e-05,0.0063932806210200838,0.017631466333840384,0
12810,0,0,199.99999999999994,210.52631578947364,32.817576738782947,6.4150475662841737,3.4430546441561996,10.526315789473692,1.0195573512457696,0.91701489558381954,0.25929842466562431,293.14999999999998,1,0,1,0,1,1,1.0691745943806956,4.1021970923478683,-9.3453205196427668e-05,5.877770514204247e-05,0.0063985133109075009,0.020427053121657712,0
12840,0,0,200.00000000000003,210.52631578947373,32.798703986604608,6.4187388585675595,3.4307534528263526,10.526315789473696,1.0163339002195839,0.91421049319103798,0.26106226290526613,293.14999999999998,1,0,1,0,1,1,1.0697898097612599,4.0998379983255759,-9.3506979247459226e-05,5.8811526510813961e-05,0.0064045017190254563,0.023224229467031288,0
12870,0,0,199.99999999999997,210.52631578947367,32.779803485184388,6.4224398381346628,3.4191278268679617,10.526315789473692,1.0131085924349268,0.91140447541838632,0.26282711714346568,293.14999999999998,1,0,1,0,1,1,1.0704066396891105,4.0974754356480485,-9.3560894421016179e-05,5.8845436639068546e-05,0.0064112472405451707,0.0260230022285175,0
12900,0,0,199.99999999999997,210.52631578947367,32.760880856408548,6.4261494284055978,3.4081352616605471,10.526315789473692,1.0098814233010924,0.90859683827195048,0.26459298989220853,293.14999999999998,1,0,1,0,1,1,1.0710249047342664,4.0951101070510685,-9.3614935033685436e-05,5.8879425662671238e-05,0.0064187514119161031,0.028823377507535719,0
12930,0,0,199.99999999999989,210.52631578947359,32.741941103099158,6.4298666693755191,3.3977371924748079,10.526315789473689,1.0066523887383061,0.90578757820232636,0.26635988338390443,293.14999999999998,1,0,1,0,1,1,1.0716444448959199,4.0927426378873948,-9.3669087100297122e-05,5.8913484785602805e-05,0.0064270158943627769,0.031625360732788765,0
12960,0,0,200,210.5263157894737,32.722988679762615,6.4335907043745291,3.3878985400075896,10.526315789473694,1.0034214851225711,0.90297669205663689,0.26812779960156569,293.14999999999998,1,0,1,0,1,1,1.0722651173957549,4.0903735849703269,-9.3723338141045489e-05,5.8947606158647781e-05,0.0064360424597327192,0.03442895673416424,0
12990,0,0,199.99999999999991,210.52631578947361,32.704027553609464,6.4373207686537173,3.3785873184859883,10.52631578947369,1.0001887092366979,0.9001641770359271,0.2698967403056044,293.14999999999998,1,0,1,0,1,1,1.0728867947756195,4.088003444201183,-9.3777677015212358e-05,5.8981782774814318e-05,0.0064458329783162547,0.037234169807683903,0
13020,0,0,200,210.5263157894737,32.685061257389378,6.4410561795070311,3.3697742964006223,10.526315789473694,0.99695405822666816,0.89735003065720131,0.27166670705770901,293.14999999999998,1,0,1,0,1,1,1.0735093632511719,4.0856326571736723,-9.383209377726451e-05,5.9016008378826115e-05,0.006456389408327835,0.040041003772804284,0
13050,0,0,199.99999999999997,210.52631578947367,32.666092935308932,6.4447963276904412,3.3614327017081633,10.526315789473692,0.99371752956262727,0.89453425071948578,0.27343770124218941,293.14999999999998,1,0,1,0,1,1,1.0741327212817402,4.0832616169136164,-9.3886579551849615e-05,5.9050277388500718e-05,0.0064677137867940665,0.042849462023150986,0
13080,0,0,200,210.5263157894737,32.647125383078333,6.4485406699419165,3.3535379647704997,10.526315789473694,0.99047912100390167,0.89171683527339451,0.27520972408511818,293.14999999999998,1,0,1,0,1,1,1.0747567783236527,4.0808906728847916,-9.3941126424828669e-05,5.9084584826214005e-05,0.0064798082216379867,0.04565954757159596,0
13110,0,0,200.00000000000003,210.52631578947373,32.62816108295462,6.4522887224390786,3.346067493448075,10.526315789473696,0.98723883056753414,0.88889778259375474,0.2769827766715488,293.14999999999998,1,0,1,0,1,1,1.0753814537398465,4.0785201353693274,-9.3995727347968391e-05,5.9118926258956138e-05,0.0064926748847848629,0.048471263090438699,0
13140,0,0,199.99999999999994,210.52631578947364,32.609202234504352,6.4560400550588195,3.3390004756974534,10.526315789473692,0.98399665649989687,0.88607709115491029,0.27875685996104749,293.14999999999998,1,0,1,0,1,1,1.0760066758431366,4.076150279313044,-9.4050376055316277e-05,5.9153297745735396e-05,0.006506316006143968,0.051284610947341713,0
13170,0,0,200.00000000000006,210.52631578947376,32.590250781690557,6.4597942863253142,3.332317705782744,10.526315789473697,0.98075259725101227,0.88325475960838074,0.2805319748017458,293.14999999999998,1,0,1,0,1,1,1.0766323810542191,4.0737813477113196,-9.4105066989604369e-05,5.9187695791289549e-05,0.0065207338683441786,0.054099593237559418,0
13200,0,0,200,210.5263157894737,32.571308436792023,6.4635510789510251,3.3260014308323411,10.526315789473694,0.97750665145125881,0.88043078676259523,0.28230812194308602,293.14999999999998,1,0,1,0,1,1,1.0772585131585042,4.0714135545990029,-9.4159795237291292e-05,5.9222117305230359e-05,0.0065359308021210811,0.056916211812934714,0
13230,0,0,199.99999999999994,210.52631578947364,32.552376701584237,6.4673101358902585,3.3200352149839878,10.526315789473692,0.97425881789018443,0.8776051715644605,0.28408530204741467,293.14999999999998,1,0,1,0,1,1,1.0778850226483765,4.0690470876980296,-9.421455647107132e-05,5.9256559565884463e-05,0.0065519091822687737,0.0597344683080554,0
13260,0,0,199.99999999999994,210.52631578947364,32.533456886144471,6.4710711968371779,3.3144038187836693,10.526315789473692,0.97100909549718839,0.87477791308255393,0.28586351570055324,293.14999999999998,1,0,1,0,1,1,1.0785118661395297,4.0666821107680589,-9.4269346898858002e-05,5.9291020188206438e-05,0.0065686714240831071,0.06255436416391702,0
13290,0,0,199.99999999999994,210.52631578947364,32.514550125590219,6.4748340351103684,3.3090930918544634,10.526315789473692,0.96775748332386335,0.8719490104917611,0.28764276342146011,293.14999999999998,1,0,1,0,1,1,1.0791390058517281,4.0643187656987774,-9.4324163218399205e-05,5.9325497095233783e-05,0.0065862199802338888,0.065375900649383256,0
13320,0,0,199.99999999999994,210.52631578947364,32.495657395013879,6.4785984548746729,3.3040898771435145,10.526315789473692,0.96450398052781483,0.86911846305919893,0.28942304567108451,293.14999999999998,1,0,1,0,1,1,1.0797664091457788,4.0619571743767349,-9.437900257680521e-05,5.9359988492631999e-05,0.0066045573380127919,0.068199078880703201,0
13350,0,0,199.99999999999841,210.52631578947202,32.476779522839259,6.4823642886579815,3.299381925299484,10.52631578947361,0.96124858635780219,0.86628627013128789,0.29120436286049745,293.14999999999998,1,0,1,0,1,1,1.0803940481096637,4.0595974403549073,-9.4433862534373862e-05,5.9394492845942274e-05,0.0066236860169112486,0.071023899839298688,0
13380,0,0,200.00000000000003,210.52631578947373,32.457917202792906,6.4861313951271828,3.294957817938255,10.526315789473696,0.95799130014005884,0.86345243112185122,0.29298671535837695,293.14999999999998,1,0,1,0,1,1,1.0810218991878637,4.0572396503491133,-9.448874103219098e-05,5.9429008860203664e-05,0.0066436085664895615,0.073850364388018397,0
13410,0,0,200.00000000000006,210.52631578947376,32.439071004657372,6.4898996570909162,3.2908068987259265,10.526315789473697,0.95473212126567208,0.86061694550113477,0.29477010349791338,293.14999999999998,1,0,1,0,1,1,1.081649942848486,4.0548838755821714,-9.4543636363034905e-05,5.946353546165342e-05,0.0066643275645023401,0.076678473286030835,0
13440,0,0,199.99999999999994,210.52631578947364,32.420241383949559,6.4936689797041396,3.2869192113569756,10.526315789473692,0.95147104917891523,0.85777981278565629,0.29655452758319467,293.14999999999998,1,0,1,0,1,1,1.0822781632840233,4.0525301729936949,-9.4598547145220913e-05,5.9498071781276315e-05,0.0066858456152527812,0.078888233730617652,0
13470,0,0,199.99999999999994,210.52631578947364,32.401428690649389,6.4974392888492805,3.2832854436257053,10.526315789473692,0.94820808336643558,0.85494103252879894,0.29833998789512195,293.14999999999998,1,0,1,0,1,1,1.0829065481415467,4.0501785863311737,-9.4653472299018163e-05,5.9532617139972045e-05,0.0067081653481489137,0.080663436761263585,0
13500,0,0,199.99999999999994,210.52631578947364,32.382633177086518,6.5012105296748697,3.2798968768972223,10.526315789473692,0.9449432233472147,0.85210060431207679,0.30012648469690317,293.14999999999998,1,0,1,0,1,1,1.083535088279145,4.0478291471358148,-9.4708411025360776e-05,5.9567171035165456e-05,0.006731289416440649,0.082439673747088327,0
13530,0,0,200.00000000000003,210.52631578947373,32.363855005079508,6.5049826652737019,3.2767453403727194,10.526315789473696,0.9416764686632294,0.84925852773700961,0.30191401823916408,293.14999999999998,1,0,1,0,1,1,1.084163777545617,4.0454818756349384,-9.4763362786591526e-05,5.9601733128695244e-05,0.0067552204961182942,0.084216945039125357,0
13560,0,0,200.00000000000003,210.52631578947373,32.345094252409623,6.5087556754851654,3.273823169621088,10.526315789473696,0.93840781887074165,0.8464148024175453,0.30370258876471329,293.14999999999998,1,0,1,0,1,1,1.0847926125808609,4.0431367815512029,-9.4818327289014439e-05,5.9636303235840337e-05,0.006779961284955816,0.085995250935031076,0
13590,0,0,199.99999999999997,210.52631578947367,32.326350918701309,6.5125295558083192,3.2711231689148774,10.526315789473692,0.93513727353216503,0.84356942797298362,0.30549219651299347,293.14999999999998,1,0,1,0,1,1,1.0854215926347199,4.0407938648376636,-9.4873304467060651e-05,5.9670881315360984e-05,0.0068055145016841555,0.087774591686492986,0
13620,0,0,200.00000000000003,210.52631578947373,32.307624930772242,6.5163043164139385,3.2686385769654382,10.526315789473696,0.93186483220844896,0.84072240402135057,0.30728284172424852,293.14999999999998,1,0,1,0,1,1,1.086050719402323,4.0384531163465303,-9.4928294468896068e-05,5.9705467460446632e-05,0.0068318828852818574,0.089554967506085104,0
13650,0,0,200.00000000000003,210.52631578947373,32.288916147508701,6.520079981245118,3.2663630357010653,10.526315789473696,0.92859049445193897,0.83787373017318689,0.30907452464343022,293.14999999999998,1,0,1,0,1,1,1.0866799968741863,4.0361145184385876,-9.498329764331922e-05,5.9740061890475276e-05,0.0068590691943715551,0.091336378573621035,0
13680,0,0,200.00000000000009,210.52631578947378,32.270224364314949,6.5238565871973897,3.264290561774434,10.526315789473699,0.92531425979966664,0.83502340602571001,0.3108672455238698,293.14999999999998,1,0,1,0,1,1,1.087309431199565,4.0337780455393686,-9.5038314527817278e-05,5.9774664943501262e-05,0.0068870762067125392,0.093118825042055986,0
13710,0,0,200.00000000000003,210.52631578947373,32.25154931717983,6.5276341833702256,3.2624155205222891,10.526315789473696,0.92203612776703481,0.83217143115732028,0.31266100463073382,293.14999999999998,1,0,1,0,1,1,1.0879390305617043,4.0314436646474787,-9.5093345837662062e-05,5.98092770693972e-05,0.0069159067187804946,0.094902307042979861,0
13740,0,0,200.00000000000014,210.52631578947384,32.232890686398875,6.5314128303828616,3.2607326021324292,10.526315789473701,0.91875609784186063,0.82931780512241882,0.31445580224428327,293.14999999999998,1,0,1,0,1,1,1.0885688050638103,4.0291113357998594,-9.5148392455943223e-05,5.9843898823585252e-05,0.0069455635454266605,0.096686824691736006,0
13770,0,0,200.00000000000003,210.52631578947373,32.214248099985411,6.5351925997480933,3.2592367998007266,10.526315789473696,0.91547416947874893,0.82646252744651161,0.31625163866295269,293.14999999999998,1,0,1,0,1,1,1.0891987666246823,4.0267810124981764,-9.5203455424445704e-05,5.9878530861299545e-05,0.0069760495196095505,0.098472378092205715,0
13800,0,0,200.00000000000011,210.52631578947381,32.195621136801257,6.5389735732984935,3.257923389685411,10.526315789473699,0.9121903420937657,0.82360559762157615,0.31804851420626445,293.14999999999998,1,0,1,0,1,1,1.0898289288830822,4.0244526421001572,-9.5258535935290994e-05,5.9913173932328867e-05,0.0070073674921931539,0.10025896734128242,0
13830,0,0,200.00000000000017,210.52631578947387,32.177009329433218,6.5427558426599797,3.2567879124868959,10.526315789473703,0.90890461505938835,0.82074701510166792,0.31984642921759232,293.14999999999998,1,0,1,0,1,1,1.0904593071099966,4.0221261661791523,-9.5313635323268224e-05,5.9947828876193295e-05,0.0070395203318059972,0.10204659253306775,0
13860,0,0,200.00000000000003,210.52631578947373,32.158412166839504,6.5465395087684159,3.2558261565003397,10.526315789473696,0.90561698769970989,0.81788677929874765,0.32164538406678556,293.14999999999998,1,0,1,0,1,1,1.0910899181280693,4.019801520854938,-9.5368755058792073e-05,5.9982496617715039e-05,0.007072510924756515,0.10383525376281116,0
13890,0,0,200.00000000000009,210.52631578947378,32.139829096787381,6.5503246814251881,3.2550341420042681,10.526315789473699,0.90232745928587388,0.81502488957871033,0.32344537915266647,293.14999999999998,1,0,1,0,1,1,1.0917207802375313,4.0174786370984226,-9.5423896741428439e-05,6.0017178162946403e-05,0.0071063421750001635,0.10562495113061526,0
13920,0,0,200.00000000000009,210.52631578947378,32.121259528100822,6.5541114788882382,3.2544081068631732,10.526315789473699,0.89903602903172686,0.81216134525760242,0.32524641490541006,293.14999999999998,1,0,1,0,1,1,1.0923519131480397,4.0151574410126027,-9.5479062093936762e-05,6.00518745954227e-05,0.007141017004154494,0.10741568474492941,0
13950,0,0,200.00000000000009,210.52631578947378,32.102702832735481,6.5579000274954344,3.2539444932346884,10.526315789473699,0.89574269608966461,0.80929614559800822,0.32704849178881634,293.14999999999998,1,0,1,0,1,1,1.0929833379159057,4.0128378540919352,-9.5534252956783325e-05,6.0086587072711327e-05,0.0071765383515588659,0.10920745472584675,0
13980,0,0,200.00000000000009,210.52631578947378,32.084158347696174,6.5616904613173617,3.2536399352831311,10.526315789473699,0.89244745954666294,0.80642928980559681,0.32885161030248244,293.14999999999998,1,0,1,0,1,1,1.0936150768862269,4.0105197934620218,-9.5589471283083165e-05,6.0121316823230495e-05,0.0072129091743754533,0.11100026120821965,0
14010,0,0,200.00000000000003,210.52631578947373,32.065625376810594,6.5654829218370203,3.2534912478112057,10.526315789473696,0.88915031842047398,0.80356077702581241,0.33065577098388399,293.14999999999998,1,0,1,0,1,1,1.0942471536395033,4.0082031721013243,-9.5644719133933983e-05,6.0156065143314494e-05,0.0072501324477290928,0.11279410434461329,0
14040,0,0,200.00000000000014,210.52631578947384,32.04710319237163,6.5692775576541571,3.2534954157305043,10.526315789473701,0.88585127165597799,0.80069060634070088,0.33246097441037142,293.14999999999998,1,0,1,0,1,1,1.0948795929423596,4.0058878990464537,-9.5699998674108938e-05,6.0190833394504616e-05,0.0072882111648831759,0.11458898430810643,0
14070,0,0,200,210.5263157894737,32.028591036659513,6.5730745242120703,3.253649584299148,10.526315789473694,0.88255031812167828,0.7978187767658601,0.33426722120108771,293.14999999999998,1,0,1,0,1,1,1.0955124207020117,4.0035738795824392,-9.5755312168076701e-05,6.0225623001045982e-05,0.0073271483374496337,0.11638490129495221,0
14100,0,0,200.00000000000006,210.52631578947376,32.010088123353789,6.5768739835451697,3.2539510500621263,10.526315789473697,0.87924745660632686,0.79494528724750435,0.33607451201881466,293.14999999999998,1,0,1,0,1,1,1.0961456639241949,4.0012610154192236,-9.5810661976324077e-05,6.0260435447574641e-05,0.0073669469956308192,0.11818185552711108,0
14130,0,0,200.00000000000003,210.52631578947373,31.991593638844108,6.5806761040454465,3.2543972524357905,10.526315789473696,0.87594268581567403,0.79207013665963644,0.33788284757175213,293.14999999999998,1,0,1,0,1,1,1.0967793506742411,3.9989492048555135,-9.5866050551953892e-05,6.0295272276977804e-05,0.0074076101884915724,0.11997984725466554,0
14160,0,0,200.00000000000009,210.52631578947378,31.973106743448412,6.5844810602464392,3.2549857658837782,10.526315789473699,0.8726360043693292,0.78919332380131646,0.33969222861523551,293.14999999999998,1,0,1,0,1,1,1.0974135100410731,3.9966383429310515,-9.5921480437537835e-05,6.033013508841442e-05,0.0074491409842598446,0.12177887675812543,0
14190,0,0,200.00000000000003,210.52631578947373,31.954626572545493,6.5882890326232744,3.2557142926364642,10.526315789473696,0.8693274107977258,0.78631484739402147,0.3415026559533958,293.14999999999998,1,0,1,0,1,1,1.0980481721038791,3.9943283215681866,-9.597695426220363e-05,6.0365025535483134e-05,0.0074915424706544194,0.1235789443506316,0
14220,0,0,200.00000000000014,210.52631578947384,31.936152237629045,6.5921002074075599,3.256580655910482,10.526315789473701,0.86601690353918459,0.7834347060790906,0.3433141304407672,293.14999999999998,1,0,1,0,1,1,1.09868336790126,3.9920190297036307,-9.6032474738938229e-05,6.0399945324526139e-05,0.0075348177552384326,0.12538005038006755,0
14250,0,0,200,210.5263157894737,31.917682827289241,6.5959147764159178,3.2575827935888184,10.526315789473694,0.86270448093706575,0.78055289841524722,0.34512665298384565,293.14999999999998,1,0,1,0,1,1,1.099319129402653,3.9897103534111551,-9.6088044662090099e-05,6.0434896213058231e-05,0.0075789699657974521,0.12718219523108426,0
14280,0,0,200.00000000000006,210.52631578947376,31.899217408127441,6.5997329368912609,3.2587187523256747,10.526315789473697,0.85939014123700319,0.77766942287619278,0.34694022454260176,293.14999999999998,1,0,1,0,1,1,1.0999554894818768,3.9874021760159302,-9.6143666905056858e-05,6.0469880008312409e-05,0.0076240022507411539,0.12898537932704474,0
14310,0,0,200.00000000000009,210.52631578947378,31.880755025608991,6.6035548913557225,3.2599866820432757,10.526315789473699,0.85607388258421591,0.77478427784826787,0.34875484613195196,293.14999999999998,1,0,1,0,1,1,1.1005924818926205,3.9850943782011239,-9.6199344418142801e-05,6.0504898565892424e-05,0.0076699177795275684,0.13078960313189575,0
14340,0,0,200.00000000000006,210.52631578947376,31.862294704858961,6.6073808474745155,3.2613848307909437,10.526315789473697,0.85275570302089099,0.77189746162817519,0.35057051882319051,293.14999999999998,1,0,1,0,1,1,1.1012301412457526,3.9827868381073701,-9.625508022657566e-05,6.053995378852533e-05,0.0077167197431090486,0.1325948671519695,0
14370,0,0,200.00000000000006,210.52631578947376,31.843835451404964,6.6112110179298531,3.2629115399391493,10.526315789473697,0.84943560048363276,0.76900897242076049,0.35238724374538599,293.14999999999998,1,0,1,0,1,1,1.1018685029883089,3.9804794314256204,-9.6310877428669873e-05,6.0575047624906347e-05,0.0077644113543992518,0.13440117193772433,0
14400,0,0,200.00000000000011,210.52631578947381,31.825376251870818,6.6150456203042776,3.2645652396837308,10.526315789473699,0.84611357280097099,0.76611880833684476,0.3542050220867437,293.14999999999998,1,0,1,0,1,1,1.1025076033840462,3.9781720314838522,-9.6366739194126948e-05,6.0610182068629796e-05,0.0078129958487603603,0.13620851808542295,0
14430,0,0,200.00000000000011,210.52631578947381,31.806916074624709,6.6188848769727144,3.2663444448375309,10.526315789473699,0.84278961769092742,0.76322696739110685,0.35602385509593792,293.14999999999998,1,0,1,0,1,1,1.1031474794954523,3.9758645093280887,-9.6422668762462948e-05,6.0645359157200121e-05,0.0078624764845099827,0.13801690623875967,0
14460,0,0,200.00000000000014,210.52631578947384,31.788453870385105,6.622729015002685,3.2682477508886536,10.526315789473701,0.83946373275863406,0.76033344750001164,0.35784374408341518,293.14999999999998,1,0,1,0,1,1,1.1037881691671141,3.9735567337981381,-9.6478669441554769e-05,6.0680580971117516e-05,0.0079128565434471426,0.13982633709043429,0
14490,0,0,200.00000000000009,210.52631578947378,31.769988572787316,6.6265782660621024,3.2702738303062393,10.526315789473699,0.83613591549399879,0.75743824647977898,0.35966469042267113,293.14999999999998,1,0,1,0,1,1,1.1044297110103505,3.9712485715984145,-9.6534744606296957e-05,6.0715849633033183e-05,0.0079641393313969466,0.14163681138368028,0
14520,0,0,200.00000000000006,210.52631578947376,31.751519098913338,6.630432866334222,3.2724214290763101,10.526315789473697,0.83280616326941626,0.75454136204439215,0.3614866955515037,293.14999999999998,1,0,1,0,1,1,1.105072144389037,3.9689398873641673,-9.6590897697362689e-05,6.0751167306969977e-05,0.0080163281787734159,0.14344832991374962,0
14550,0,0,200.00000000000003,210.52631578947373,31.733044349787736,6.6342930564391924,3.2746893634515448,10.526315789473696,0.82947447333751967,0.75164279180364213,0.36330976097324297,293.14999999999998,1,0,1,0,1,1,1.1057155094065321,3.966630543723467,-9.6647132220061016e-05,6.0786536197603723e-05,0.008069426441160087,0.14526089352935517,0
14580,0,0,200.00000000000006,210.52631578947376,31.714563210841554,6.6381590813618958,3.2770765169002969,10.526315789473697,0.82614084282897038,0.74874253326120421,0.3651338882579605,293.14999999999998,1,0,1,0,1,1,1.1063598468936493,3.9643204013551943,-9.6703451743285559e-05,6.0821958549601976e-05,0.0081234374999081312,0.14707450313407705,0
14600,0,0,200.00000000000006,210.52631578947376,31.702238344364709,6.6407397958036061,3.2787336631898745,10.526315789473697,0.82391734291870589,0.74680808833927415,0.36635056384437548,293.14999999999998,1,0,1,0,1,1,1.1067899659672678,3.9627797930455886,-9.6741047105406043e-05,6.0845604278015265e-05,0.0081599536632234754,0.14828415778058596,0
14600,734.94000000000005,734.93999999979155,200,-524.4136842103178,33.510271607788283,-15.649341501858682,14.968331400127045,10.526315789473694,0.82391734291870589,0.74680808833927415,0.36635056384437548,293.14999999999998,1,0,1,0,1,1,-2.6082235836431136,4.1887839509735354,0.00022797666072635103,-0.0001433866812302029,-0.018815663656059495,0.011216049026464781,0
14630,734.94000000000005,734.94000000000005,200,-524.4136842105263,33.556492283265307,-15.627786116132661,14.987895894250329,10.526315789473694,0.83177319549981543,0.75364268008483948,0.36205192456771607,293.14999999999998,1,0,1,0,1,1,-2.6046310193554434,4.1945615354081633,0.00022766264592528716,-0.00014318918057360823,-0.018562234209246468,0.0054384645918368335,0
14660,734.94000000000005,733.62096879510796,200,-523.0946530056342,33.599999999999547,-15.568293244215514,14.935890282460356,10.526315789473694,0.83961759437480066,0.76046730710607657,0.3577595526376624,293.14999999999998,1,0,1,0,1,2,-2.5947155407025857,4.1999999999999433,0.0002267959649678117,-0.00014264407869439883,-0.018276185862914376,5.6843418860808015e-14,0
14690,734.94000000000005,713.4225811003912,200,-502.89626531091744,33.600000000000001,-14.967150753301114,13.856439640603808,10.526315789473694,0.84728612693071137,0.76713893042971892,0.35356341289358856,293.14999999999998,1,0,1,0,1,2,-2.4945251255501857,4.2000000000000002,0.00021803863433616122,-0.00013713612638161711,-0.017382013084901816,0,0
14720,734.94000000000005,694.03581148234514,200,-483.50949569287144,33.599999999999987,-14.390163562287846,12.854946403410866,10.526315789473694,0.85465879049430116,0.77355314773004202,0.34952916952651575,293.14999999999998,1,0,1,0,1,2,-2.3983605937146408,4.1999999999999984,0.00020963319356579659,-0.00013184949637089726,-0.016544606085604565,1.7763568394002505e-15,0
14750,734.94000000000005,675.42526616504847,200,-464.89895037557477,33.599999999999525,-13.836278284987539,11.925670442788125,10.526315789473694,0.86174745654939955,0.77972028719797759,0.34565032658630573,293.14999999999998,1,0,1,0,1,2,-2.3060463808312566,4.1999999999999407,0.00020156429712504763,-0.00012677453703890693,-0.015759231807467536,5.9507954119908391e-14,0
14780,734.94000000000005,657.55756661026999,200,-447.03125082079623,33.599999999999994,-13.3045015125237,11.063324707779405,10.526315789473694,0.86856347818446034,0.78565022602048051,0.34192067178327551,293.14999999999998,1,0,1,0,1,2,-2.2174169187539499,4.1999999999999993,0.00019381747322042876,-0.00012190214630285949,-0.015021638664462666,8.8817841970012523e-16,0
14810,734.94000000000005,640.40115295266241,200,-429.87483716318877,33.599999999999987,-12.793893963190147,10.263032637300672,10.526315789473694,0.87511772326947646,0.79135241924444455,0.33833425833414188,293.14999999999998,1,0,1,0,1,2,-2.1323156605316913,4.1999999999999984,0.00018637903857288127,-0.00011722371801874739,-0.014328001077918836,1.7763568394002505e-15,0
14840,734.94000000000005,623.92612376638704,200,-413.39980797691328,33.599999999999994,-12.303565713598612,9.5202912007541372,10.526315789473694,0.88142060042053139,0.79683592236586231,0.33488539075449375,293.14999999999998,1,0,1,0,1,2,-2.0505942855997685,4.1999999999999993,0.00017923602894602899,-0.00011273109828685678,-0.013674871331916362,8.8817841970012523e-16,0
14870,734.94000000000005,608.10409645087293,200,-397.57778066139917,33.599999999999518,-11.832672043494192,8.8309381717164541,10.526315789473694,0.8874820827270512,0.8021094119725346,0.33156861187549119,293.14999999999998,1,0,1,0,1,2,-1.9721120072490321,4.1999999999999398,0.00017237613861423255,-0.00010841654737999829,-0.013059137300830763,6.0396132539608516e-14,0
14900,734.94000000000005,592.90808527502259,200,-382.38176948554894,33.599999999999994,-11.38040980611753,8.1911230259304961,10.526315789473694,0.89331172952705651,0.80718120468853916,0.32837869092867844,293.14999999999998,1,0,1,0,1,2,-1.896734967686255,4.1999999999999993,0.00016578766748670849,-0.00010427270648704545,-0.012477985280876564,8.8817841970012523e-16,0
14930,734.94000000000005,578.31239453623482,200,-367.78607874676112,33.599999999999994,-10.946014248415512,7.5972809538233204,10.526315789473694,0.89891870647507288,0.8120592746333134,0.32531061256503602,293.14999999999998,1,0,1,0,1,2,-1.8243357080692522,4.1999999999999993,0.00015945947478495777,-0.00010029256857819877,-0.011928867266485657,8.8817841970012523e-16,0
14960,734.94000000000005,564.29252467176434,200,-353.7662088822907,33.600000000000001,-10.528756216734841,7.046109560848981,10.526315789473694,0.90431180411198708,0.81675126957742883,0.3223595666937521,293.14999999999998,1,0,1,0,1,2,-1.7547927027891401,4.2000000000000002,0.00015338093833583552,-9.6469452802226189e-05,-0.0114094721049954,0,0
14990,734.94000000000005,550.8250894594612,200,-340.29877366998744,33.599999999999994,-10.127939692559151,6.5345478966534625,10.526315789473694,0.90949945511626429,0.82126452595114996,0.31952093904253948,293.14999999999998,1,0,1,0,1,2,-1.6879899487598584,4.1999999999999993,0.00014754191867263346,-9.2796981907719125e-05,-0.010917700040623115,8.8817841970012523e-16,0
15020,734.94000000000005,537.88774272568639,200,-327.36142693621269,33.59999999999949,-9.7428996111969539,6.0597575112893409,10.526315789473694,0.91448975039022795,0.82560608283949832,0.31679030235539357,293.14999999999998,1,0,1,0,1,2,-1.6238166018661588,4.1999999999999362,0.00014193272725813655,-8.9269062256877864e-05,-0.010451640225263093,6.3948846218409017e-14,0
15050,734.94000000000005,525.45911320510527,200,-314.93279741563151,33.599999999999994,-9.3729999230842722,5.6191052836405841,10.526315789473694,0.91929045411291366,0.82978269507823488,0.31416340815583021,293.14999999999998,1,0,1,0,1,2,-1.5621666538473786,4.1999999999999993,0.00013654409824204457,-8.5879866062247887e-05,-0.010009550829897037,8.8817841970012523e-16,0
15080,734.94000000000005,513.51874638907157,200,-302.99243059959787,33.599999999999504,-9.0176318630834036,5.2101478061907862,10.526315789473694,0.92390901787282853,0.83380084554936085,0.31163617901358964,293.14999999999998,1,0,1,0,1,2,-1.5029386438472339,4.199999999999938,0.00013136716324844261,-8.2623815529215026e-05,-0.0095898414383962325,6.2172489379008766e-14,0
15110,734.94000000000005,502.04705238295082,200,-291.52073659347712,33.600000000000001,-8.676212398615391,4.8306171433905734,10.526315789473694,0.92835259397722347,0.83766675676018443,0.30920470126194383,293.14999999999998,1,0,1,0,1,2,-1.4460353997692317,4.2000000000000002,0.0001263934287684869,-7.949556863706003e-05,-0.009191057447233161,0,0
15140,734.94000000000005,491.02525891659212,200,-280.49894312711842,33.599999999999987,-8.3481828311642428,4.4784078072575539,10.526315789473694,0.9326280480212733,0.84138640177850776,0.30686521811997414,293.14999999999998,1,0,1,0,1,2,-1.3913638051940405,4.1999999999999984,0.0001216147557873816,-7.6490006325277617e-05,-0.0088118662294390665,1.7763568394002505e-15,0
15170,734.94000000000005,480.43536879881469,200,-269.90905300934099,33.600000000000001,-8.0330075300399102,4.1515648172971282,10.526315789473694,0.93674197078892485,0.8449655145863646,0.30461412318055353,293.14999999999998,1,0,1,0,1,2,-1.338834588339985,4.2000000000000002,0.00011702334133807627,-7.3602220891712857e-05,-0.0084510448524299352,0,0
15200,734.94000000000005,470.26012119411217,200,-259.73380540463847,33.600000000000001,-7.730172779899954,3.8482727300642163,10.526315789473694,0.94070068954685149,0.84840959990576081,0.30244795423041415,293.14999999999998,1,0,1,0,1,2,-1.2883621299833257,4.2000000000000002,0.00011261170171217851,-7.0827505433008819e-05,-0.0081074691651653128,0,0
15230,734.94000000000005,460.48295620307522,200,-249.95664041360155,33.600000000000001,-7.4391857265952837,3.5668455399276109,10.526315789473694,0.94451027878472471,0.85172394254271055,0.30036338737318474,293.14999999999998,1,0,1,0,1,2,-1.2398642877658805,4.2000000000000002,0.00010837265710323311,-6.8161344185945654e-05,-0.0077801040933761613,0,0
15260,734.94000000000005,451.0879822994541,200,-240.56166650998037,33.600000000000001,-7.1595734080351301,3.3057173656231402,10.526315789473694,0.9481765704479076,0.85491361628967966,0.29835723143016918,293.14999999999998,1,0,1,0,1,2,-1.1932622346725217,4.2000000000000002,0.00010429931748854548,-6.5599403647766409e-05,-0.0074679950012718878,0,0
15290,734.94000000000005,442.05994624557582,200,-231.53363045610214,33.599999999999476,-6.890881858812671,3.0634338483741681,10.526315789473694,0.95170516370224312,0.85798349242095151,0.29642642259715773,293.14999999999998,1,0,1,0,1,2,-1.1484803098021119,4.1999999999999345,0.00010038506958553621,-6.3137524372332721e-05,-0.0071702599954951282,6.5725203057809267e-14,0
15320,734.94000000000005,433.38420516563986,200,-222.85788937616616,33.599999999999987,-6.6326752790525667,2.838644196730864,10.526315789473694,0.95510143426552008,0.86093824781100248,0.29456801933834781,293.14999999999998,1,0,1,0,1,2,-1.1054458798420945,4.1999999999999984,9.6623564743668632e-05,-6.0771713354712226e-05,-0.0068860830621856797,1.7763568394002505e-15,0
15350,734.94000000000005,425.04670049898732,200,-214.52038470951365,33.599999999999937,-6.3845352592117273,2.6300938210047327,10.526315789473694,0.95837054333582494,0.86378237270216773,0.29277919750084447,293.14999999999998,1,0,1,0,1,2,-1.0640892098686212,4.1999999999999922,9.3008707651492175e-05,-5.8498136928435829e-05,-0.0066147079409832497,7.9936057773011271e-15,0
15380,734.94000000000005,417.03393360862867,200,-206.50761781915497,33.600000000000001,-6.1460600541415165,2.4366175071693763,10.526315789473694,0.96151744614313084,0.86652017814452387,0.29105724563532159,293.14999999999998,1,0,1,0,1,2,-1.0243433423569195,4.2000000000000002,8.9534645761317358e-05,-5.631311411411177e-05,-0.006355432651657885,0,0
15410,734.94000000000005,409.33294284074805,200,-198.80662705127432,33.599999999999994,-5.9168639003355459,2.2571330853579852,10.526315789473694,0.96454690014725308,0.86915580312811025,0.28939956051018728,293.14999999999998,1,0,1,0,1,2,-0.98614398338925768,4.1999999999999993,8.6195759343010085e-05,-5.4213110363726361e-05,-0.0061076045986690926,8.8817841970012523e-16,0
15440,734.94000000000005,401.93128187319542,200,-191.40496608372175,33.599999999999994,-5.6965763715393383,2.0906355532481955,10.526315789473694,0.96746347290267543,0.87169322142532768,0.28780364280803478,293.14999999999998,1,0,1,0,1,2,-0.94942939525655634,4.1999999999999993,8.2986652096634592e-05,-5.2194731656434463e-05,-0.0058706161881535036,8.8817841970012523e-16,0
15470,734.94000000000005,394.81699920920914,200,-184.29068341973547,33.599999999999461,-5.4848417684445963,1.9361916185608101,10.526315789473694,0.97027154960844042,0.87413624815934321,0.28626709299442193,293.14999999999998,1,0,1,0,1,2,-0.91414029474076608,4.1999999999999327,7.9902142261634474e-05,-5.0254718906649214e-05,-0.0056439008993614025,6.7501559897209518e-14,0
15500,734.94000000000005,387.97861869887686,200,-177.45230290940319,33.600000000000001,-5.281318538970333,1.792934628563692,10.526315789473694,0.97297534035918309,0.87648854611248928,0.28478760735018288,293.14999999999998,1,0,1,0,1,2,-0.88021975649505546,4.2000000000000002,7.6937254171597288e-05,-4.8389942652383072e-05,-0.0054269297595054651,0,0
15530,734.94000000000005,381.40512098194495,200,-170.87880519247128,33.599999999999461,-5.0856787259664884,1.6600598573779477,10.526315789473694,0.9755788871120461,0.87875363178748012,0.28336297415920519,293.14999999999998,1,0,1,0,1,2,-0.84761312099441477,4.1999999999999327,7.4087210208504856e-05,-4.6597397994846723e-05,-0.0052192081767428759,6.7501559897209518e-14,0
15560,734.94000000000005,375.08592577477907,200,-164.5596099853054,33.600000000000001,-4.8976074400388514,1.536820124849049,10.526315789473694,0.97808607038251816,0.88093488123279085,0.28199107004453905,293.14999999999998,1,0,1,0,1,2,-0.81626790667314186,4.2000000000000002,7.1347423122945948e-05,-4.4874199768221169e-05,-0.0050202730916899157,0,0
15590,734.94000000000005,369.0108749170775,200,-158.4845591276038,33.599999999999994,-4.716802354988209,1.4225217226341309,10.526315789473694,0.98050061568122715,0.88303553564266768,0.28066985644625153,293.14999999999998,1,0,1,0,1,2,-0.78613372583136809,4.1999999999999993,6.871348868376883e-05,-4.3217577916632264e-05,-0.0048296904118825777,8.8817841970012523e-16,0
15620,734.94000000000005,363.17021612758037,200,-152.64390033810668,33.599999999999454,-4.5429732243484864,1.3165206256852575,10.526315789473694,0.98282609970267443,0.88505870674132681,0.27939737623501704,293.14999999999998,1,0,1,0,1,2,-0.7571622040580811,4.1999999999999318,6.6181178635099899e-05,-4.162487306444403e-05,-0.0046470526983639028,6.8389738316909643e-14,0
15650,734.94000000000005,357.55458740927679,200,-147.02827161980312,33.599999999999994,-4.375841417256046,1.2182189687327529,10.526315789473694,0.98506595627589233,0.88700738196002638,0.27817175045598064,293.14999999999998,1,0,1,0,1,2,-0.72930690287600775,4.1999999999999993,6.3746433934974985e-05,-4.0093532263673258e-05,-0.0044719770766284764,8.8817841970012523e-16,0
15680,734.94000000000005,352.15500205864402,200,-141.62868626917032,33.600000000000001,-4.2151394722967357,1.1270617691256786,10.526315789473694,0.98722348208675681,0.88888442941547841,0.27699117519756877,293.14999999999998,1,0,1,0,1,2,-0.70252324538278932,4.2000000000000002,6.1405358255867205e-05,-3.8621104906124859e-05,-0.0043041033475153976,0,0
15710,734.94000000000005,346.96283424727613,200,-136.43651845780244,33.59999999999993,-4.0606106683869854,1.042533878944542,10.526315789473694,0.98930184218023998,0.89069260269680883,0.27585391858071578,293.14999999999998,1,0,1,0,1,2,-0.67676844473116415,4.1999999999999913,5.9154211733363498e-05,-3.7205238791601103e-05,-0.0041430922766616781,8.8817841970012523e-15,0
15740,734.94000000000005,341.96980513506867,200,-131.44348934559494,33.600000000000001,-3.9120086114760397,0.96415715032759741,10.526315789473694,0.99130407525128339,0.89243454546861656,0.27475831786375354,293.14999999999998,1,0,1,0,1,2,-0.65200143524600662,4.2000000000000002,5.6989404945320642e-05,-3.5843676341071706e-05,-0.0039886240431527475,0,0
15770,734.94000000000005,337.16796949042407,200,-126.64165370095036,33.599999999999454,-3.7690968363378694,0.89148779933809918,10.526315789473694,0.99323309873186127,0.89411279589671933,0.27370277665882442,293.14999999999998,1,0,1,0,1,2,-0.6281828060563116,4.1999999999999318,5.4907493110844693e-05,-3.4534250948102588e-05,-0.0038403968305446589,6.8389738316909643e-14,0
15800,734.94000000000005,332.54970279355581,200,-122.02338700408212,33.599999999999447,-3.6316484227405992,0.82411395469429882,10.526315789473694,0.99509171368155391,0.89572979090295191,0.27268576225581148,293.14999999999998,1,0,1,0,1,2,-0.60527473712343316,4.1999999999999309,5.2905170498719549e-05,-3.3274883462018386e-05,-0.0036981255452621315,6.9277916736609768e-14,0
15830,734.94000000000005,328.10768879689624,200,-117.58137300742254,33.59999999999944,-3.4994456252209671,0.76165337857456583,10.526315789473694,0.9968826094888581,0.89728787025530654,0.27170580304983127,293.14999999999998,1,0,1,0,1,2,-0.58324093753682782,4.19999999999993,5.0979265034030951e-05,-3.2063578795720629e-05,-0.003561540648920281,7.0166095156309893e-14,0
15860,734.94000000000005,323.83490752837019,200,-113.30859173889652,33.59999999999944,-3.3722795160386432,0.70375134774105774,10.526315789473694,0.99860836838980138,0.89878928049912721,0.27076148606869577,293.14999999999998,1,0,1,0,1,2,-0.56204658600644053,4.19999999999993,4.9126733096792226e-05,-3.0898422654266025e-05,-0.0034303870928987256,7.0166095156309893e-14,0
15890,734.94000000000005,319.72462371701675,200,-109.19830792754304,33.599999999999447,-3.2499496407007391,0.65007868390854395,10.526315789473694,1.0002714698103898,0.90023617873503914,0.26985145459677129,293.14999999999998,1,0,1,0,1,2,-0.54165827345012318,4.1999999999999309,4.734465450369015e-05,-2.9777578378618826e-05,-0.0033044233445711866,6.9277916736609768e-14,0
15920,734.94000000000005,315.77037562717356,200,-105.24405983769988,33.599999999999994,-3.1322636856458304,0.60032992311533384,10.526315789473694,1.0018742945390318,0.90163063624895767,0.26897440589187205,293.14999999999998,1,0,1,0,1,2,-0.52204394760763839,4.1999999999999993,4.563022766696843e-05,-2.8699283900814378e-05,-0.0031834204959186323,8.8817841970012523e-16,0
15950,734.94000000000005,311.9659642851712,200,-101.43964849569748,33.599999999999447,-3.0190371576100938,0.55422161449758667,10.526315789473694,1.0034191287350804,0.90297464199952004,0.26812908899182875,293.14999999999998,1,0,1,0,1,2,-0.50317285960168234,4.1999999999999309,4.3980764923493892e-05,-2.7661848806159787e-05,-0.0030671614461809152,6.9277916736609768e-14,0
15980,734.94000000000005,308.30544309021099,200,-97.779127300737272,33.599999999999532,-2.910093074426745,0.51149073959903579,10.526315789473694,1.0049081677791436,0.90427010596785495,0.26731430260763905,293.14999999999998,1,0,1,0,1,2,-0.48501551240445751,4.1999999999999416,4.2393688030380925e-05,-2.666365150019185e-05,-0.0029554401513183577,5.8619775700208265e-14,0
16010,734.94000000000005,304.7831077902681,200,-94.256792000794377,33.599999999999419,-2.8052616666903574,0.47189324379755265,10.526315789473694,1.0063435199707402,0.90551886237454404,0.26652889310014999,293.14999999999998,1,0,1,0,1,2,-0.46754361111505954,4.1999999999999273,4.0866523818893451e-05,-2.5703136475184213e-05,-0.0028480609335117995,7.2830630415410269e-14,0
16040,734.94000000000005,301.39348681918193,200,-90.86717102970826,33.600000000000001,-2.7043800901698885,0.43520267217419595,10.526315789473694,1.0077272100789494,0.9067226727686859,0.26577175253717977,293.14999999999998,1,0,1,0,1,2,-0.45073001502831472,4.2000000000000002,3.9396900004932024e-05,-2.4778811675139253e-05,-0.0027448378450870511,0,0
16070,734.94000000000005,298.1313319781508,200,-87.60501618867707,33.599999999999994,-2.6072921484725322,0.40120890250167845,10.526315789473694,1.0090611827510785,0.90788322899343832,0.26504181682833078,293.14999999999998,1,0,1,0,1,2,-0.43454869141208874,4.1999999999999993,3.7982541148853067e-05,-2.3889245954702908e-05,-0.0026455940814771213,8.8817841970012523e-16,0
16100,734.94000000000005,294.99160945691534,200,-84.465293667441657,33.599999999999987,-2.5138480258167171,0.36971696865388542,10.526315789473694,1.0103473057845853,0.90900215603258916,0.26433806393462922,293.14999999999998,1,0,1,0,1,2,-0.41897467096945284,4.1999999999999984,3.6621264762556159e-05,-2.3033066630704258e-05,-0.0025501614387471324,1.7763568394002505e-15,0
16130,734.94000000000005,291.96949117980671,200,-81.44317539033301,33.600000000000001,-2.4239040294741967,0.34054596807154514,10.526315789473694,1.0115873732672194,0.91008101474248082,0.263659512150272,293.14999999999998,1,0,1,0,1,2,-0.40398400491236613,4.2000000000000002,3.5310977557429e-05,-2.2208957122287962e-05,-0.0024583798113884964,0,0
16160,734.94000000000005,289.06034647046425,200,-78.534030680990554,33.600000000000001,-2.3373223416961473,0.31352804743744722,10.526315789473694,1.0127831085901799,0.91112130447345663,0.26300521845385921,293.14999999999998,1,0,1,0,1,2,-0.38955372361602458,4.2000000000000002,3.4049671830453403e-05,-2.1415654677943605e-05,-0.00237009672678079,0,0
16190,734.94000000000005,286.25973402503098,200,-75.733418235557252,33.600000000000001,-2.2539707808201563,0.28850746106264441,10.526315789473694,1.0139361673389302,0.91212446558486926,0.26237427692657139,293.14999999999998,1,0,1,0,1,2,-0.37566179680335937,4.2000000000000002,3.2835421984056944e-05,-2.0651948186654748e-05,-0.0022851669129824483,0,0
16200,734.94000000000005,285.34957349851754,200,-74.82325770904383,33.600000000000001,-2.2268826699120186,0.28058583256197173,10.526315789473694,1.0143113133040891,0.91245084257455755,0.26216900103020457,293.14999999999998,1,0,1,0,1,2,-0.37114711165200309,4.2000000000000002,3.2440807484175988e-05,-2.0403754080631038e-05,-0.0022575780241898937,0,0
