t_s,illum,cos_zenith_sun,S_W_m2,F_nadir,q_sun_zenith_W_m2,q_sun_nadir_W_m2,q_albedo_nadir_W_m2,q_ir_nadir_W_m2,T_eq_K,T_lumped_K
0.0,1.0,0.6017,1330.62,0.87893,64.05,0.0,16.89,191.64,293.35,293.35
60.0,1.0,0.6434,1330.62,0.87911,68.49,0.0,18.06,191.68,293.885,293.396
120.0,1.0,0.6821,1330.62,0.87929,72.61,0.0,19.15,191.72,294.38,293.482
180.0,1.0,0.7178,1330.62,0.87947,76.41,0.0,20.16,191.76,294.833,293.6
240.0,1.0,0.7501,1330.63,0.87966,79.85,0.0,21.07,191.8,295.244,293.744
300.0,1.0,0.7791,1330.63,0.87984,82.93,0.0,21.89,191.84,295.609,293.908
360.0,1.0,0.8044,1330.63,0.88003,85.63,0.0,22.61,191.88,295.93,294.086
420.0,1.0,0.8261,1330.63,0.88022,87.94,0.0,23.22,191.92,296.203,294.273
480.0,1.0,0.844,1330.63,0.8804,89.84,0.0,23.73,191.96,296.429,294.464
540.0,1.0,0.858,1330.63,0.88058,91.34,0.0,24.13,192.0,296.607,294.654
600.0,1.0,0.8681,1330.63,0.88075,92.41,0.0,24.42,192.04,296.735,294.839
660.0,1.0,0.8742,1330.63,0.88092,93.06,0.0,24.59,192.08,296.815,295.015
720.0,1.0,0.8763,1330.63,0.88108,93.29,0.0,24.66,192.11,296.844,295.177
780.0,1.0,0.8744,1330.63,0.88123,93.08,0.0,24.61,192.14,296.824,295.324
840.0,1.0,0.8685,1330.63,0.88137,92.45,0.0,24.45,192.17,296.754,295.451
900.0,1.0,0.8586,1330.63,0.8815,91.4,0.0,24.17,192.2,296.634,295.557
960.0,1.0,0.8447,1330.63,0.88162,89.92,0.0,23.78,192.23,296.466,295.638
1020.0,1.0,0.827,1330.63,0.88172,88.03,0.0,23.29,192.25,296.248,295.692
1080.0,1.0,0.8054,1330.63,0.88181,85.74,0.0,22.68,192.27,295.983,295.718
1140.0,1.0,0.7802,1330.63,0.88189,83.05,0.0,21.97,192.29,295.67,295.714
1200.0,1.0,0.7514,1330.63,0.88195,79.98,0.0,21.16,192.3,295.311,295.678
1260.0,1.0,0.7191,1330.63,0.88199,76.55,0.0,20.25,192.31,294.907,295.61
1320.0,1.0,0.6835,1330.63,0.88202,72.76,0.0,19.25,192.32,294.459,295.508
1380.0,1.0,0.6448,1330.63,0.88203,68.64,0.0,18.16,192.32,293.969,295.373
1440.0,1.0,0.6031,1330.63,0.88203,64.2,0.0,16.99,192.32,293.438,295.203
1500.0,1.0,0.5587,1330.63,0.88201,59.47,0.0,15.74,192.31,292.868,294.999
1560.0,1.0,0.5117,1330.63,0.88197,54.47,0.0,14.41,192.3,292.262,294.761
1620.0,1.0,0.4623,1330.63,0.88192,49.21,0.0,13.02,192.29,291.621,294.489
1680.0,1.0,0.4108,1330.63,0.88185,43.73,0.0,11.57,192.28,290.947,294.184
1740.0,1.0,0.3574,1330.63,0.88176,38.05,0.0,10.07,192.26,290.244,293.847
1800.0,1.0,0.3024,1330.64,0.88166,32.2,0.0,8.52,192.24,289.513,293.477
1860.0,1.0,0.2461,1330.64,0.88155,26.19,0.0,6.93,192.21,288.758,293.077
1920.0,1.0,0.1886,1330.64,0.88143,20.07,0.0,5.31,192.19,287.982,292.648
1980.0,1.0,0.1302,1330.64,0.88129,13.86,0.0,3.66,192.16,287.187,292.191
2040.0,1.0,0.0712,1330.64,0.88114,7.58,0.0,2.0,192.12,286.378,291.708
2100.0,1.0,0.012,1330.64,0.88099,1.28,0.0,0.34,192.09,285.557,291.2
2160.0,1.0,-0.0473,1330.64,0.88082,0.0,5.04,0.0,192.05,285.905,290.763
2220.0,1.0,-0.1064,1330.64,0.88065,0.0,11.33,0.0,192.02,286.544,290.414
2280.0,1.0,-0.165,1330.64,0.88048,0.0,17.57,0.0,191.98,287.174,290.146
2340.0,1.0,-0.2228,1330.64,0.8803,0.0,23.72,0.0,191.94,287.79,289.951
2400.0,1.0,-0.2796,1330.64,0.88011,0.0,29.77,0.0,191.9,288.392,289.821
2460.0,1.0,-0.3351,1330.64,0.87993,0.0,35.67,0.0,191.86,288.977,289.751
2520.0,0.0,-0.3891,1330.64,0.87974,0.0,0.0,0.0,191.82,285.363,289.393
2580.0,0.0,-0.4412,1330.64,0.87955,0.0,0.0,0.0,191.78,285.359,289.064
2640.0,0.0,-0.4913,1330.64,0.87937,0.0,0.0,0.0,191.74,285.355,288.762
2700.0,0.0,-0.5392,1330.64,0.87919,0.0,0.0,0.0,191.7,285.351,288.485
2760.0,0.0,-0.5846,1330.64,0.87901,0.0,0.0,0.0,191.66,285.347,288.23
2820.0,0.0,-0.6273,1330.64,0.87884,0.0,0.0,0.0,191.62,285.343,287.996
2880.0,0.0,-0.6671,1330.64,0.87867,0.0,0.0,0.0,191.59,285.339,287.781
2940.0,0.0,-0.7039,1330.64,0.87851,0.0,0.0,0.0,191.55,285.335,287.584
3000.0,0.0,-0.7374,1330.64,0.87835,0.0,0.0,0.0,191.52,285.332,287.402
3060.0,0.0,-0.7676,1330.64,0.8782,0.0,0.0,0.0,191.48,285.329,287.235
3120.0,0.0,-0.7943,1330.64,0.87806,0.0,0.0,0.0,191.45,285.325,287.081
3180.0,0.0,-0.8173,1330.64,0.87793,0.0,0.0,0.0,191.42,285.322,286.939
3240.0,0.0,-0.8366,1330.64,0.8778,0.0,0.0,0.0,191.4,285.32,286.809
3300.0,0.0,-0.8521,1330.64,0.87769,0.0,0.0,0.0,191.37,285.317,286.689
3360.0,0.0,-0.8637,1330.64,0.87758,0.0,0.0,0.0,191.35,285.314,286.578
3420.0,0.0,-0.8713,1330.65,0.87748,0.0,0.0,0.0,191.32,285.312,286.477
3480.0,0.0,-0.875,1330.65,0.87738,0.0,0.0,0.0,191.3,285.31,286.383
3540.0,0.0,-0.8748,1330.65,0.8773,0.0,0.0,0.0,191.29,285.308,286.297
3600.0,0.0,-0.8705,1330.65,0.87722,0.0,0.0,0.0,191.27,285.307,286.218
3660.0,0.0,-0.8623,1330.65,0.87716,0.0,0.0,0.0,191.26,285.305,286.144
3720.0,0.0,-0.8501,1330.65,0.8771,0.0,0.0,0.0,191.24,285.304,286.077
3780.0,0.0,-0.8341,1330.65,0.87705,0.0,0.0,0.0,191.23,285.302,286.015
3840.0,0.0,-0.8143,1330.65,0.877,0.0,0.0,0.0,191.22,285.301,285.958
3900.0,0.0,-0.7909,1330.65,0.87696,0.0,0.0,0.0,191.21,285.301,285.905
3960.0,0.0,-0.7638,1330.65,0.87693,0.0,0.0,0.0,191.21,285.3,285.857
4020.0,0.0,-0.7332,1330.65,0.87691,0.0,0.0,0.0,191.2,285.299,285.812
4080.0,0.0,-0.6994,1330.65,0.8769,0.0,0.0,0.0,191.2,285.299,285.771
4140.0,0.0,-0.6623,1330.65,0.87689,0.0,0.0,0.0,191.2,285.299,285.733
4200.0,0.0,-0.6223,1330.65,0.87689,0.0,0.0,0.0,191.2,285.299,285.699
4260.0,0.0,-0.5794,1330.65,0.87689,0.0,0.0,0.0,191.2,285.299,285.667
4320.0,0.0,-0.5339,1330.65,0.87691,0.0,0.0,0.0,191.2,285.299,285.637
4380.0,0.0,-0.486,1330.65,0.87693,0.0,0.0,0.0,191.21,285.3,285.61
4440.0,0.0,-0.4358,1330.65,0.87695,0.0,0.0,0.0,191.21,285.3,285.586
4500.0,0.0,-0.3837,1330.65,0.87699,0.0,0.0,0.0,191.22,285.301,285.563
4560.0,1.0,-0.3298,1330.65,0.87703,0.0,35.11,0.0,191.23,288.858,285.831
4620.0,1.0,-0.2745,1330.65,0.87708,0.0,29.22,0.0,191.24,288.271,286.029
4680.0,1.0,-0.2178,1330.65,0.87714,0.0,23.19,0.0,191.25,287.668,286.162
4740.0,1.0,-0.1602,1330.65,0.8772,0.0,17.06,0.0,191.27,287.05,286.234
4800.0,1.0,-0.1019,1330.65,0.87728,0.0,10.85,0.0,191.28,286.42,286.249
4860.0,1.0,-0.0431,1330.65,0.87736,0.0,4.58,0.0,191.3,285.781,286.211
4920.0,1.0,0.016,1330.65,0.87745,1.7,0.0,0.45,191.32,285.533,286.157
4980.0,1.0,0.0749,1330.66,0.87754,7.97,0.0,2.1,191.34,286.347,286.172
5040.0,1.0,0.1335,1330.66,0.87765,14.21,0.0,3.74,191.36,287.151,286.251
5100.0,1.0,0.1915,1330.66,0.87777,20.39,0.0,5.37,191.39,287.94,286.389
5160.0,1.0,0.2487,1330.66,0.87789,26.48,0.0,6.97,191.41,288.711,286.578
5220.0,1.0,0.3047,1330.66,0.87802,32.44,0.0,8.54,191.44,289.462,286.815
5280.0,1.0,0.3594,1330.66,0.87816,38.26,0.0,10.08,191.47,290.188,287.093
5340.0,1.0,0.4124,1330.66,0.87831,43.9,0.0,11.57,191.51,290.888,287.408
5400.0,1.0,0.4635,1330.66,0.87846,49.35,0.0,13.0,191.54,291.559,287.754
5460.0,1.0,0.5126,1330.66,0.87862,54.56,0.0,14.38,191.57,292.198,288.126
5520.0,1.0,0.5593,1330.66,0.87879,59.54,0.0,15.7,191.61,292.804,288.52
5580.0,1.0,0.6034,1330.66,0.87896,64.24,0.0,16.94,191.65,293.373,288.93
5640.0,1.0,0.6448,1330.66,0.87914,68.64,0.0,18.1,191.69,293.904,289.353
5700.0,1.0,0.6833,1330.66,0.87932,72.74,0.0,19.19,191.73,294.395,289.784
5760.0,1.0,0.7186,1330.66,0.8795,76.5,0.0,20.18,191.77,294.845,290.218
5820.0,1.0,0.7507,1330.66,0.87969,79.91,0.0,21.09,191.81,295.251,290.652
5880.0,1.0,0.7793,1330.66,0.87987,82.96,0.0,21.9,191.85,295.613,291.081
5940.0,1.0,0.8043,1330.66,0.88006,85.62,0.0,22.61,191.89,295.93,291.502
6000.0,1.0,0.8257,1330.66,0.88024,87.9,0.0,23.21,191.93,296.199,291.911
6060.0,1.0,0.8433,1330.66,0.88042,89.77,0.0,23.71,191.97,296.421,292.306
6120.0,1.0,0.857,1330.66,0.8806,91.23,0.0,24.1,192.01,296.595,292.682
6180.0,1.0,0.8668,1330.66,0.88077,92.28,0.0,24.38,192.04,296.72,293.037
6240.0,1.0,0.8727,1330.66,0.88094,92.9,0.0,24.55,192.08,296.796,293.368
6300.0,1.0,0.8745,1330.66,0.8811,93.09,0.0,24.61,192.11,296.822,293.673
6360.0,1.0,0.8723,1330.66,0.88125,92.86,0.0,24.55,192.15,296.798,293.949
6420.0,1.0,0.8661,1330.66,0.88139,92.2,0.0,24.38,192.18,296.725,294.195
6480.0,1.0,0.8559,1330.66,0.88152,91.11,0.0,24.1,192.21,296.602,294.408
6540.0,1.0,0.8418,1330.67,0.88163,89.61,0.0,23.7,192.23,296.43,294.587
6600.0,1.0,0.8238,1330.67,0.88174,87.7,0.0,23.2,192.25,296.209,294.731
6660.0,1.0,0.8021,1330.67,0.88182,85.38,0.0,22.59,192.27,295.941,294.838
6720.0,1.0,0.7766,1330.67,0.8819,82.67,0.0,21.87,192.29,295.626,294.907
6780.0,1.0,0.7476,1330.67,0.88196,79.59,0.0,21.06,192.3,295.264,294.939
6840.0,1.0,0.7152,1330.67,0.882,76.13,0.0,20.14,192.31,294.858,294.932
6900.0,1.0,0.6794,1330.67,0.88202,72.33,0.0,19.14,192.32,294.408,294.886
6960.0,1.0,0.6406,1330.67,0.88203,68.19,0.0,18.04,192.32,293.915,294.801
7020.0,1.0,0.5988,1330.67,0.88203,63.74,0.0,16.87,192.32,293.383,294.677
7080.0,1.0,0.5543,1330.67,0.882,59.0,0.0,15.61,192.31,292.812,294.514
7140.0,1.0,0.5072,1330.67,0.88196,53.99,0.0,14.29,192.3,292.204,294.314
7200.0,1.0,0.4578,1330.67,0.88191,48.73,0.0,12.89,192.29,291.562,294.076
7260.0,1.0,0.4062,1330.67,0.88184,43.25,0.0,11.44,192.28,290.887,293.802
7320.0,1.0,0.3529,1330.67,0.88175,37.56,0.0,9.94,192.26,290.183,293.493
7380.0,1.0,0.2979,1330.67,0.88165,31.71,0.0,8.39,192.23,289.452,293.149
7440.0,1.0,0.2415,1330.67,0.88154,25.71,0.0,6.8,192.21,288.697,292.773
7500.0,1.0,0.1841,1330.67,0.88141,19.6,0.0,5.18,192.18,287.921,292.365
7560.0,1.0,0.1258,1330.67,0.88127,13.39,0.0,3.54,192.15,287.127,291.927
7620.0,1.0,0.0669,1330.67,0.88112,7.13,0.0,1.88,192.12,286.319,291.461
7680.0,1.0,0.0078,1330.67,0.88097,0.83,0.0,0.22,192.09,285.499,290.97
7740.0,1.0,-0.0514,1330.67,0.8808,0.0,5.47,0.0,192.05,285.949,290.556
7800.0,1.0,-0.1103,1330.67,0.88063,0.0,11.74,0.0,192.01,286.586,290.228
7860.0,1.0,-0.1687,1330.67,0.88045,0.0,17.96,0.0,191.97,287.213,289.979
7920.0,1.0,-0.2264,1330.67,0.88027,0.0,24.1,0.0,191.93,287.828,289.801
7980.0,1.0,-0.2829,1330.67,0.88009,0.0,30.12,0.0,191.89,288.427,289.687
8040.0,1.0,-0.3382,1330.67,0.8799,0.0,36.0,0.0,191.85,289.009,289.63
8100.0,0.0,-0.3919,1330.68,0.87972,0.0,0.0,0.0,191.81,285.363,289.282
8160.0,0.0,-0.4438,1330.68,0.87953,0.0,0.0,0.0,191.77,285.358,288.962
8220.0,0.0,-0.4937,1330.68,0.87935,0.0,0.0,0.0,191.73,285.354,288.669
8280.0,0.0,-0.5413,1330.68,0.87917,0.0,0.0,0.0,191.69,285.35,288.399
8340.0,0.0,-0.5864,1330.68,0.87899,0.0,0.0,0.0,191.65,285.346,288.152
8400.0,0.0,-0.6288,1330.68,0.87882,0.0,0.0,0.0,191.62,285.342,287.924
8460.0,0.0,-0.6683,1330.68,0.87865,0.0,0.0,0.0,191.58,285.339,287.715
8520.0,0.0,-0.7048,1330.68,0.87849,0.0,0.0,0.0,191.55,285.335,287.523
8580.0,0.0,-0.7381,1330.68,0.87833,0.0,0.0,0.0,191.51,285.331,287.346
8640.0,0.0,-0.7679,1330.68,0.87819,0.0,0.0,0.0,191.48,285.328,287.183
8700.0,0.0,-0.7943,1330.68,0.87805,0.0,0.0,0.0,191.45,285.325,287.034
8760.0,0.0,-0.817,1330.68,0.87791,0.0,0.0,0.0,191.42,285.322,286.896
8820.0,0.0,-0.836,1330.68,0.87779,0.0,0.0,0.0,191.39,285.319,286.769
8880.0,0.0,-0.8512,1330.68,0.87767,0.0,0.0,0.0,191.37,285.317,286.652
8940.0,0.0,-0.8625,1330.68,0.87757,0.0,0.0,0.0,191.34,285.314,286.545
9000.0,0.0,-0.8699,1330.68,0.87747,0.0,0.0,0.0,191.32,285.312,286.446
9060.0,0.0,-0.8733,1330.68,0.87737,0.0,0.0,0.0,191.3,285.31,286.355
9120.0,0.0,-0.8727,1330.68,0.87729,0.0,0.0,0.0,191.28,285.308,286.271
9180.0,0.0,-0.8682,1330.68,0.87722,0.0,0.0,0.0,191.27,285.306,286.193
9240.0,0.0,-0.8597,1330.68,0.87715,0.0,0.0,0.0,191.25,285.305,286.122
9300.0,0.0,-0.8473,1330.68,0.87709,0.0,0.0,0.0,191.24,285.304,286.057
9360.0,0.0,-0.8311,1330.68,0.87704,0.0,0.0,0.0,191.23,285.302,285.996
9420.0,0.0,-0.8111,1330.68,0.877,0.0,0.0,0.0,191.22,285.301,285.941
9480.0,0.0,-0.7874,1330.68,0.87696,0.0,0.0,0.0,191.21,285.301,285.889
9540.0,0.0,-0.7601,1330.68,0.87693,0.0,0.0,0.0,191.21,285.3,285.842
9600.0,0.0,-0.7294,1330.68,0.87691,0.0,0.0,0.0,191.2,285.299,285.799
9660.0,0.0,-0.6954,1330.69,0.8769,0.0,0.0,0.0,191.2,285.299,285.759
9720.0,0.0,-0.6582,1330.69,0.87689,0.0,0.0,0.0,191.2,285.299,285.722
9780.0,0.0,-0.618,1330.69,0.87689,0.0,0.0,0.0,191.2,285.299,285.688
9840.0,0.0,-0.5751,1330.69,0.8769,0.0,0.0,0.0,191.2,285.299,285.657
9900.0,0.0,-0.5295,1330.69,0.87691,0.0,0.0,0.0,191.2,285.299,285.629
9960.0,0.0,-0.4815,1330.69,0.87693,0.0,0.0,0.0,191.21,285.3,285.602
10020.0,0.0,-0.4313,1330.69,0.87696,0.0,0.0,0.0,191.21,285.301,285.578
10080.0,0.0,-0.3792,1330.69,0.87699,0.0,0.0,0.0,191.22,285.301,285.556
10140.0,1.0,-0.3253,1330.69,0.87704,0.0,34.63,0.0,191.23,288.811,285.821
10200.0,1.0,-0.27,1330.69,0.87709,0.0,28.74,0.0,191.24,288.224,286.016
10260.0,1.0,-0.2134,1330.69,0.87715,0.0,22.72,0.0,191.25,287.62,286.146
10320.0,1.0,-0.1558,1330.69,0.87721,0.0,16.59,0.0,191.27,287.003,286.215
10380.0,1.0,-0.0976,1330.69,0.87729,0.0,10.39,0.0,191.28,286.374,286.228
10440.0,1.0,-0.0389,1330.69,0.87737,0.0,4.14,0.0,191.3,285.736,286.189
10500.0,1.0,0.02,1330.69,0.87746,2.13,0.0,0.56,191.32,285.589,286.14
10560.0,1.0,0.0788,1330.69,0.87756,8.39,0.0,2.21,191.34,286.402,286.161
10620.0,1.0,0.1373,1330.69,0.87767,14.62,0.0,3.85,191.37,287.203,286.246
10680.0,1.0,0.1952,1330.69,0.87778,20.77,0.0,5.47,191.39,287.989,286.387
10740.0,1.0,0.2521,1330.69,0.87791,26.84,0.0,7.07,191.42,288.757,286.581
10800.0,1.0,0.3079,1330.69,0.87804,32.78,0.0,8.63,191.45,289.505,286.821
10860.0,1.0,0.3624,1330.69,0.87818,38.58,0.0,10.16,191.48,290.228,287.102
10920.0,1.0,0.4151,1330.69,0.87833,44.19,0.0,11.65,191.51,290.925,287.419
10980.0,1.0,0.466,1330.69,0.87848,49.61,0.0,13.07,191.54,291.592,287.767
11040.0,1.0,0.5148,1330.69,0.87864,54.8,0.0,14.45,191.58,292.228,288.141
11100.0,1.0,0.5612,1330.69,0.87881,59.75,0.0,15.75,191.62,292.83,288.535
11160.0,1.0,0.6051,1330.69,0.87898,64.42,0.0,16.99,191.65,293.395,288.947
11220.0,1.0,0.6462,1330.69,0.87916,68.79,0.0,18.14,191.69,293.922,289.37
11280.0,1.0,0.6844,1330.7,0.87934,72.86,0.0,19.22,191.73,294.41,289.8
11340.0,1.0,0.7194,1330.7,0.87953,76.59,0.0,20.21,191.77,294.856,290.234
11400.0,1.0,0.7512,1330.7,0.87971,79.97,0.0,21.1,191.81,295.258,290.667
11460.0,1.0,0.7795,1330.7,0.8799,82.98,0.0,21.9,191.85,295.616,291.095
11520.0,1.0,0.8042,1330.7,0.88008,85.62,0.0,22.6,191.89,295.929,291.515
11580.0,1.0,0.8253,1330.7,0.88027,87.86,0.0,23.2,191.93,296.195,291.923
11640.0,1.0,0.8426,1330.7,0.88045,89.7,0.0,23.69,191.97,296.413,292.316
11700.0,1.0,0.856,1330.7,0.88063,91.13,0.0,24.07,192.01,296.583,292.69
11760.0,1.0,0.8655,1330.7,0.8808,92.14,0.0,24.35,192.05,296.705,293.043
11820.0,1.0,0.871,1330.7,0.88096,92.73,0.0,24.51,192.09,296.777,293.372
11880.0,1.0,0.8726,1330.7,0.88112,92.89,0.0,24.55,192.12,296.799,293.674
11940.0,1.0,0.8701,1330.7,0.88127,92.63,0.0,24.49,192.15,296.772,293.948
12000.0,1.0,0.8636,1330.7,0.88141,91.94,0.0,24.31,192.18,296.695,294.191
12060.0,1.0,0.8532,1330.7,0.88153,90.83,0.0,24.02,192.21,296.569,294.402
12120.0,1.0,0.8389,1330.7,0.88165,89.3,0.0,23.62,192.23,296.394,294.578
12180.0,1.0,0.8207,1330.7,0.88175,87.36,0.0,23.11,192.26,296.171,294.719
12240.0,1.0,0.7987,1330.7,0.88184,85.02,0.0,22.49,192.28,295.9,294.823
12300.0,1.0,0.773,1330.7,0.88191,82.3,0.0,21.77,192.29,295.581,294.89
12360.0,1.0,0.7439,1330.7,0.88196,79.19,0.0,20.95,192.3,295.217,294.919
12420.0,1.0,0.7112,1330.7,0.882,75.72,0.0,20.03,192.31,294.809,294.909
12480.0,1.0,0.6754,1330.7,0.88203,71.9,0.0,19.02,192.32,294.356,294.861
12540.0,1.0,0.6364,1330.7,0.88204,67.75,0.0,17.93,192.32,293.862,294.773
12600.0,1.0,0.5945,1330.7,0.88203,63.29,0.0,16.75,192.32,293.328,294.647
12660.0,1.0,0.5499,1330.7,0.882,58.54,0.0,15.49,192.31,292.755,294.483
12720.0,1.0,0.5027,1330.7,0.88196,53.52,0.0,14.16,192.3,292.146,294.28
12780.0,1.0,0.4532,1330.7,0.8819,48.25,0.0,12.77,192.29,291.503,294.04
12840.0,1.0,0.4017,1330.71,0.88183,42.76,0.0,11.31,192.27,290.828,293.764
12900.0,1.0,0.3483,1330.71,0.88174,37.08,0.0,9.81,192.25,290.123,293.453
12960.0,1.0,0.2934,1330.71,0.88164,31.23,0.0,8.26,192.23,289.392,293.108
13020.0,1.0,0.237,1330.71,0.88152,25.24,0.0,6.67,192.21,288.637,292.73
13080.0,1.0,0.1797,1330.71,0.88139,19.13,0.0,5.06,192.18,287.861,292.321
13140.0,1.0,0.1214,1330.71,0.88125,12.93,0.0,3.42,192.15,287.067,291.882
13200.0,1.0,0.0627,1330.71,0.8811,6.67,0.0,1.76,192.12,286.26,291.416
13260.0,1.0,0.0037,1330.71,0.88094,0.39,0.0,0.1,192.08,285.441,290.923
13320.0,1.0,-0.0554,1330.71,0.88078,0.0,5.9,0.0,192.05,285.992,290.517
13380.0,1.0,-0.1142,1330.71,0.88061,0.0,12.15,0.0,192.01,286.627,290.196
13440.0,1.0,-0.1724,1330.71,0.88043,0.0,18.35,0.0,191.97,287.252,289.952
13500.0,1.0,-0.2299,1330.71,0.88025,0.0,24.47,0.0,191.93,287.865,289.779
13560.0,1.0,-0.2862,1330.71,0.88006,0.0,30.47,0.0,191.89,288.462,289.67
13620.0,0.8355,-0.3413,1330.71,0.87988,0.0,30.35,0.0,191.85,288.446,289.568
13680.0,0.0,-0.3948,1330.71,0.87969,0.0,0.0,0.0,191.81,285.362,289.225
13740.0,0.0,-0.4464,1330.71,0.87951,0.0,0.0,0.0,191.77,285.358,288.91
13800.0,0.0,-0.496,1330.71,0.87932,0.0,0.0,0.0,191.73,285.354,288.621
13860.0,0.0,-0.5434,1330.71,0.87914,0.0,0.0,0.0,191.69,285.35,288.355
13920.0,0.0,-0.5882,1330.71,0.87897,0.0,0.0,0.0,191.65,285.346,288.111
13980.0,0.0,-0.6303,1330.71,0.87879,0.0,0.0,0.0,191.61,285.342,287.887
14040.0,0.0,-0.6695,1330.71,0.87863,0.0,0.0,0.0,191.58,285.338,287.681
14100.0,0.0,-0.7057,1330.71,0.87847,0.0,0.0,0.0,191.54,285.335,287.492
14160.0,0.0,-0.7387,1330.71,0.87831,0.0,0.0,0.0,191.51,285.331,287.317
14220.0,0.0,-0.7682,1330.71,0.87817,0.0,0.0,0.0,191.48,285.328,287.157
14280.0,0.0,-0.7943,1330.71,0.87803,0.0,0.0,0.0,191.45,285.325,287.009
14340.0,0.0,-0.8167,1330.71,0.8779,0.0,0.0,0.0,191.42,285.322,286.873
14400.0,0.0,-0.8354,1330.72,0.87778,0.0,0.0,0.0,191.39,285.319,286.748
14460.0,0.0,-0.8503,1330.72,0.87766,0.0,0.0,0.0,191.37,285.316,286.633
14520.0,0.0,-0.8613,1330.72,0.87755,0.0,0.0,0.0,191.34,285.314,286.527
14580.0,0.0,-0.8684,1330.72,0.87746,0.0,0.0,0.0,191.32,285.312,286.43
14640.0,0.0,-0.8715,1330.72,0.87737,0.0,0.0,0.0,191.3,285.31,286.34
14700.0,0.0,-0.8707,1330.72,0.87728,0.0,0.0,0.0,191.28,285.308,286.257
14760.0,0.0,-0.8659,1330.72,0.87721,0.0,0.0,0.0,191.27,285.306,286.181
14820.0,0.0,-0.8571,1330.72,0.87714,0.0,0.0,0.0,191.25,285.305,286.111
14880.0,0.0,-0.8445,1330.72,0.87709,0.0,0.0,0.0,191.24,285.303,286.046
14940.0,0.0,-0.828,1330.72,0.87704,0.0,0.0,0.0,191.23,285.302,285.986
15000.0,0.0,-0.8078,1330.72,0.87699,0.0,0.0,0.0,191.22,285.301,285.932
15060.0,0.0,-0.7839,1330.72,0.87696,0.0,0.0,0.0,191.21,285.301,285.881
15120.0,0.0,-0.7565,1330.72,0.87693,0.0,0.0,0.0,191.21,285.3,285.835
15180.0,0.0,-0.7256,1330.72,0.87691,0.0,0.0,0.0,191.2,285.299,285.792
15240.0,0.0,-0.6914,1330.72,0.8769,0.0,0.0,0.0,191.2,285.299,285.752
15300.0,0.0,-0.6541,1330.72,0.87689,0.0,0.0,0.0,191.2,285.299,285.716
15360.0,0.0,-0.6138,1330.72,0.87689,0.0,0.0,0.0,191.2,285.299,285.683
15420.0,0.0,-0.5708,1330.72,0.8769,0.0,0.0,0.0,191.2,285.299,285.652
15480.0,0.0,-0.5251,1330.72,0.87691,0.0,0.0,0.0,191.2,285.3,285.624
15540.0,0.0,-0.477,1330.72,0.87693,0.0,0.0,0.0,191.21,285.3,285.598
15600.0,0.0,-0.4268,1330.72,0.87696,0.0,0.0,0.0,191.21,285.301,285.574
15660.0,0.0,-0.3747,1330.72,0.877,0.0,0.0,0.0,191.22,285.301,285.553
15720.0,1.0,-0.3208,1330.72,0.87704,0.0,34.15,0.0,191.23,288.763,285.814
15780.0,1.0,-0.2655,1330.72,0.8771,0.0,28.27,0.0,191.24,288.176,286.006
15840.0,1.0,-0.209,1330.72,0.87715,0.0,22.25,0.0,191.25,287.573,286.133
15900.0,1.0,-0.1515,1330.72,0.87722,0.0,16.13,0.0,191.27,286.956,286.199
15960.0,1.0,-0.0933,1330.73,0.8773,0.0,9.93,0.0,191.29,286.328,286.209
16020.0,1.0,-0.0347,1330.73,0.87738,0.0,3.69,0.0,191.3,285.69,286.168
16080.0,1.0,0.0241,1330.73,0.87747,2.56,0.0,0.67,191.32,285.646,286.126
16140.0,1.0,0.0827,1330.73,0.87757,8.81,0.0,2.32,191.35,286.456,286.152
16200.0,1.0,0.141,1330.73,0.87768,15.02,0.0,3.95,191.37,287.254,286.242
16260.0,1.0,0.1987,1330.73,0.8778,21.15,0.0,5.57,191.4,288.038,286.388
16320.0,1.0,0.2555,1330.73,0.87792,27.2,0.0,7.16,191.42,288.803,286.585
16380.0,1.0,0.3111,1330.73,0.87806,33.12,0.0,8.72,191.45,289.547,286.828
16440.0,1.0,0.3653,1330.73,0.8782,38.89,0.0,10.25,191.48,290.267,287.112
16500.0,1.0,0.4178,1330.73,0.87835,44.48,0.0,11.72,191.51,290.961,287.431
16560.0,1.0,0.4685,1330.73,0.8785,49.87,0.0,13.14,191.55,291.625,287.781
16620.0,1.0,0.517,1330.73,0.87867,55.04,0.0,14.51,191.58,292.257,288.156
16680.0,1.0,0.5632,1330.73,0.87883,59.95,0.0,15.81,191.62,292.855,288.552
16740.0,1.0,0.6068,1330.73,0.87901,64.59,0.0,17.03,191.66,293.417,288.963
16800.0,1.0,0.6476,1330.73,0.87919,68.94,0.0,18.18,191.7,293.94,289.387
16860.0,1.0,0.6854,1330.73,0.87937,72.97,0.0,19.25,191.74,294.424,289.817
16920.0,1.0,0.7202,1330.73,0.87955,76.67,0.0,20.23,191.78,294.866,290.25
16980.0,1.0,0.7516,1330.73,0.87974,80.02,0.0,21.12,191.82,295.265,290.682
17040.0,1.0,0.7796,1330.73,0.87992,83.0,0.0,21.91,191.86,295.619,291.11
17100.0,1.0,0.8041,1330.73,0.88011,85.6,0.0,22.6,191.9,295.928,291.528
17160.0,1.0,0.8248,1330.73,0.88029,87.81,0.0,23.19,191.94,296.19,291.935
17220.0,1.0,0.8418,1330.73,0.88048,89.62,0.0,23.67,191.98,296.405,292.325
17280.0,1.0,0.8549,1330.73,0.88065,91.02,0.0,24.05,192.02,296.571,292.698
17340.0,1.0,0.8642,1330.73,0.88082,92.0,0.0,24.31,192.05,296.689,293.049
17400.0,1.0,0.8694,1330.73,0.88099,92.55,0.0,24.46,192.09,296.757,293.375
17460.0,1.0,0.8706,1330.73,0.88114,92.69,0.0,24.5,192.12,296.776,293.675
17520.0,1.0,0.8679,1330.74,0.88129,92.4,0.0,24.43,192.16,296.746,293.947
17580.0,1.0,0.8612,1330.74,0.88143,91.68,0.0,24.24,192.19,296.666,294.187
17640.0,1.0,0.8505,1330.74,0.88155,90.54,0.0,23.95,192.21,296.536,294.395
17700.0,1.0,0.8359,1330.74,0.88167,88.99,0.0,23.54,192.24,296.358,294.569
17760.0,1.0,0.8175,1330.74,0.88176,87.03,0.0,23.02,192.26,296.132,294.707
17820.0,1.0,0.7953,1330.74,0.88185,84.67,0.0,22.4,192.28,295.858,294.809
17880.0,1.0,0.7695,1330.74,0.88192,81.92,0.0,21.67,192.29,295.537,294.873
17940.0,1.0,0.7401,1330.74,0.88197,78.79,0.0,20.85,192.31,295.171,294.9
18000.0,1.0,0.7073,1330.74,0.88201,75.3,0.0,19.92,192.31,294.76,294.887
18060.0,1.0,0.6713,1330.74,0.88203,71.47,0.0,18.91,192.32,294.305,294.836
18120.0,1.0,0.6322,1330.74,0.88204,67.3,0.0,17.81,192.32,293.809,294.746
18180.0,1.0,0.5902,1330.74,0.88202,62.83,0.0,16.63,192.32,293.273,294.618
18240.0,1.0,0.5455,1330.74,0.882,58.07,0.0,15.37,192.31,292.699,294.451
18300.0,1.0,0.4983,1330.74,0.88195,53.04,0.0,14.03,192.3,292.089,294.246
18360.0,1.0,0.4488,1330.74,0.88189,47.77,0.0,12.64,192.29,291.444,294.004
18420.0,1.0,0.3972,1330.74,0.88182,42.29,0.0,11.19,192.27,290.768,293.727
18480.0,1.0,0.3438,1330.74,0.88173,36.6,0.0,9.68,192.25,290.063,293.414
18540.0,1.0,0.2889,1330.74,0.88162,30.75,0.0,8.13,192.23,289.332,293.067
18600.0,1.0,0.2326,1330.74,0.8815,24.76,0.0,6.55,192.2,288.577,292.687
18660.0,1.0,0.1753,1330.74,0.88137,18.66,0.0,4.93,192.17,287.801,292.277
18720.0,1.0,0.1171,1330.74,0.88123,12.47,0.0,3.3,192.14,287.008,291.837
18780.0,1.0,0.0585,1330.74,0.88108,6.22,0.0,1.65,192.11,286.201,291.37
18840.0,1.0,-0.0005,1330.74,0.88092,0.0,0.05,0.0,192.08,285.395,290.878
18900.0,1.0,-0.0594,1330.74,0.88076,0.0,6.32,0.0,192.04,286.035,290.478
18960.0,1.0,-0.118,1330.74,0.88058,0.0,12.56,0.0,192.0,286.668,290.164
19020.0,1.0,-0.176,1330.74,0.88041,0.0,18.74,0.0,191.96,287.291,289.926
19080.0,1.0,-0.2333,1330.75,0.88022,0.0,24.84,0.0,191.92,287.901,289.759
19140.0,1.0,-0.2895,1330.75,0.88004,0.0,30.82,0.0,191.88,288.496,289.654
19200.0,0.4151,-0.3443,1330.75,0.87985,0.0,15.21,0.0,191.84,286.922,289.429
19260.0,0.0,-0.3975,1330.75,0.87967,0.0,0.0,0.0,191.8,285.361,289.097
19320.0,0.0,-0.449,1330.75,0.87948,0.0,0.0,0.0,191.76,285.357,288.793
19380.0,0.0,-0.4983,1330.75,0.8793,0.0,0.0,0.0,191.72,285.353,288.513
19440.0,0.0,-0.5454,1330.75,0.87912,0.0,0.0,0.0,191.68,285.349,288.257
19500.0,0.0,-0.5899,1330.75,0.87894,0.0,0.0,0.0,191.65,285.345,288.021
19560.0,0.0,-0.6318,1330.75,0.87877,0.0,0.0,0.0,191.61,285.341,287.804
19620.0,0.0,-0.6707,1330.75,0.87861,0.0,0.0,0.0,191.57,285.338,287.605
19680.0,0.0,-0.7066,1330.75,0.87845,0.0,0.0,0.0,191.54,285.334,287.421
19740.0,0.0,-0.7392,1330.75,0.8783,0.0,0.0,0.0,191.5,285.331,287.253
19800.0,0.0,-0.7685,1330.75,0.87815,0.0,0.0,0.0,191.47,285.327,287.097
19860.0,0.0,-0.7942,1330.75,0.87801,0.0,0.0,0.0,191.44,285.324,286.955
19920.0,0.0,-0.8163,1330.75,0.87788,0.0,0.0,0.0,191.41,285.321,286.823
19980.0,0.0,-0.8347,1330.75,0.87776,0.0,0.0,0.0,191.39,285.319,286.702
20040.0,0.0,-0.8493,1330.75,0.87765,0.0,0.0,0.0,191.36,285.316,286.591
20100.0,0.0,-0.86,1330.75,0.87754,0.0,0.0,0.0,191.34,285.314,286.488
20160.0,0.0,-0.8668,1330.75,0.87744,0.0,0.0,0.0,191.32,285.311,286.394
20220.0,0.0,-0.8697,1330.75,0.87736,0.0,0.0,0.0,191.3,285.309,286.307
20280.0,0.0,-0.8686,1330.75,0.87728,0.0,0.0,0.0,191.28,285.308,286.227
20340.0,0.0,-0.8635,1330.75,0.8772,0.0,0.0,0.0,191.27,285.306,286.153
20400.0,0.0,-0.8545,1330.75,0.87714,0.0,0.0,0.0,191.25,285.305,286.085
20460.0,0.0,-0.8417,1330.75,0.87708,0.0,0.0,0.0,191.24,285.303,286.022
20520.0,0.0,-0.825,1330.75,0.87703,0.0,0.0,0.0,191.23,285.302,285.965
20580.0,0.0,-0.8045,1330.75,0.87699,0.0,0.0,0.0,191.22,285.301,285.912
20640.0,0.0,-0.7805,1330.76,0.87696,0.0,0.0,0.0,191.21,285.3,285.863
20700.0,0.0,-0.7528,1330.76,0.87693,0.0,0.0,0.0,191.21,285.3,285.818
20760.0,0.0,-0.7218,1330.76,0.87691,0.0,0.0,0.0,191.2,285.299,285.776
20820.0,0.0,-0.6875,1330.76,0.8769,0.0,0.0,0.0,191.2,285.299,285.738
20880.0,0.0,-0.65,1330.76,0.87689,0.0,0.0,0.0,191.2,285.299,285.703
20940.0,0.0,-0.6096,1330.76,0.87689,0.0,0.0,0.0,191.2,285.299,285.671
21000.0,0.0,-0.5665,1330.76,0.8769,0.0,0.0,0.0,191.2,285.299,285.641
21060.0,0.0,-0.5207,1330.76,0.87692,0.0,0.0,0.0,191.2,285.3,285.614
21120.0,0.0,-0.4726,1330.76,0.87694,0.0,0.0,0.0,191.21,285.3,285.589
21180.0,0.0,-0.4224,1330.76,0.87697,0.0,0.0,0.0,191.21,285.301,285.566
21240.0,0.0,-0.3702,1330.76,0.87701,0.0,0.0,0.0,191.22,285.302,285.545
21300.0,1.0,-0.3164,1330.76,0.87705,0.0,33.68,0.0,191.23,288.716,285.802
21360.0,1.0,-0.2611,1330.76,0.8771,0.0,27.79,0.0,191.24,288.129,285.991
21420.0,1.0,-0.2046,1330.76,0.87716,0.0,21.78,0.0,191.26,287.527,286.116
21480.0,1.0,-0.1472,1330.76,0.87723,0.0,15.67,0.0,191.27,286.91,286.18
21540.0,1.0,-0.0891,1330.76,0.87731,0.0,9.48,0.0,191.29,286.282,286.188
21600.0,1.0,-0.0306,1330.76,0.87739,0.0,3.26,0.0,191.31,285.646,286.145
21660.0,1.0,0.0281,1330.76,0.87749,2.99,0.0,0.79,191.33,285.701,286.109
21720.0,1.0,0.0866,1330.76,0.87759,9.22,0.0,2.43,191.35,286.509,286.141
21780.0,1.0,0.1447,1330.76,0.8777,15.41,0.0,4.06,191.37,287.305,286.235
21840.0,1.0,0.2022,1330.76,0.87782,21.53,0.0,5.67,191.4,288.085,286.386
21900.0,1.0,0.2588,1330.76,0.87794,27.55,0.0,7.26,191.43,288.848,286.587
21960.0,1.0,0.3142,1330.76,0.87808,33.45,0.0,8.81,191.46,289.589,286.834
22020.0,1.0,0.3682,1330.76,0.87822,39.2,0.0,10.33,191.49,290.306,287.12
22080.0,1.0,0.4205,1330.76,0.87837,44.77,0.0,11.8,191.52,290.996,287.442
22140.0,1.0,0.4709,1330.76,0.87853,50.13,0.0,13.21,191.55,291.657,287.793
22200.0,1.0,0.5191,1330.76,0.87869,55.27,0.0,14.57,191.59,292.285,288.17
22260.0,1.0,0.565,1330.77,0.87886,60.15,0.0,15.86,191.63,292.88,288.566
22320.0,1.0,0.6083,1330.77,0.87903,64.77,0.0,17.08,191.66,293.438,288.979
22380.0,1.0,0.6489,1330.77,0.87921,69.08,0.0,18.22,191.7,293.958,289.402
22440.0,1.0,0.6865,1330.77,0.87939,73.08,0.0,19.28,191.74,294.438,289.832
22500.0,1.0,0.7209,1330.77,0.87958,76.75,0.0,20.25,191.78,294.876,290.265
22560.0,1.0,0.7521,1330.77,0.87976,80.06,0.0,21.13,191.82,295.271,290.697
22620.0,1.0,0.7798,1330.77,0.87995,83.01,0.0,21.91,191.86,295.622,291.123
22680.0,1.0,0.8039,1330.77,0.88014,85.58,0.0,22.6,191.91,295.927,291.54
22740.0,1.0,0.8244,1330.77,0.88032,87.76,0.0,23.18,191.95,296.185,291.945
22800.0,1.0,0.841,1330.77,0.8805,89.54,0.0,23.65,191.98,296.396,292.334
22860.0,1.0,0.8539,1330.77,0.88068,90.9,0.0,24.02,192.02,296.559,292.705
22920.0,1.0,0.8628,1330.77,0.88085,91.85,0.0,24.27,192.06,296.673,293.054
22980.0,1.0,0.8677,1330.77,0.88101,92.38,0.0,24.42,192.1,296.738,293.378
23040.0,1.0,0.8687,1330.77,0.88117,92.48,0.0,24.45,192.13,296.753,293.676
23100.0,1.0,0.8657,1330.77,0.88131,92.16,0.0,24.37,192.16,296.719,293.945
23160.0,1.0,0.8587,1330.77,0.88145,91.42,0.0,24.17,192.19,296.636,294.183
23220.0,1.0,0.8478,1330.77,0.88157,90.26,0.0,23.87,192.22,296.503,294.388
23280.0,1.0,0.833,1330.77,0.88168,88.68,0.0,23.46,192.24,296.322,294.559
23340.0,1.0,0.8143,1330.77,0.88178,86.69,0.0,22.93,192.26,296.093,294.695
23400.0,1.0,0.7919,1330.77,0.88186,84.31,0.0,22.3,192.28,295.816,294.794
23460.0,1.0,0.7659,1330.77,0.88193,81.54,0.0,21.57,192.3,295.493,294.856
23520.0,1.0,0.7363,1330.77,0.88198,78.39,0.0,20.74,192.31,295.124,294.879
23580.0,1.0,0.7034,1330.77,0.88202,74.89,0.0,19.82,192.31,294.711,294.865
23640.0,1.0,0.6673,1330.77,0.88203,71.04,0.0,18.8,192.32,294.254,294.811
23700.0,1.0,0.628,1330.77,0.88204,66.86,0.0,17.69,192.32,293.756,294.719
23760.0,1.0,0.5859,1330.77,0.88202,62.38,0.0,16.51,192.32,293.219,294.588
23820.0,1.0,0.5411,1330.78,0.88199,57.61,0.0,15.24,192.31,292.643,294.419
23880.0,1.0,0.4938,1330.78,0.88195,52.57,0.0,13.91,192.3,292.031,294.212
23940.0,1.0,0.4443,1330.78,0.88188,47.3,0.0,12.51,192.29,291.386,293.968
24000.0,1.0,0.3927,1330.78,0.88181,41.81,0.0,11.06,192.27,290.709,293.689
24060.0,1.0,0.3393,1330.78,0.88171,36.13,0.0,9.56,192.25,290.004,293.374
24120.0,1.0,0.2844,1330.78,0.88161,30.28,0.0,8.01,192.23,289.272,293.026
24180.0,1.0,0.2282,1330.78,0.88149,24.29,0.0,6.42,192.2,288.517,292.645
24240.0,1.0,0.1709,1330.78,0.88136,18.19,0.0,4.81,192.17,287.742,292.233
24300.0,1.0,0.1128,1330.78,0.88121,12.01,0.0,3.18,192.14,286.949,291.793
24360.0,1.0,0.0543,1330.78,0.88106,5.78,0.0,1.53,192.11,286.143,291.324
24420.0,1.0,-0.0045,1330.78,0.8809,0.0,0.48,0.0,192.07,285.439,290.839
24480.0,1.0,-0.0633,1330.78,0.88073,0.0,6.74,0.0,192.04,286.078,290.447
24540.0,1.0,-0.1217,1330.78,0.88056,0.0,12.96,0.0,192.0,286.709,290.138
24600.0,1.0,-0.1796,1330.78,0.88038,0.0,19.13,0.0,191.96,287.329,289.906
24660.0,1.0,-0.2367,1330.78,0.8802,0.0,25.2,0.0,191.92,287.937,289.743
24720.0,1.0,-0.2927,1330.78,0.88001,0.0,31.16,0.0,191.88,288.529,289.642
24780.0,0.0461,-0.3473,1330.78,0.87983,0.0,1.7,0.0,191.84,285.541,289.307
24840.0,0.0,-0.4003,1330.78,0.87964,0.0,0.0,0.0,191.8,285.361,288.986
24900.0,0.0,-0.4515,1330.78,0.87946,0.0,0.0,0.0,191.76,285.357,288.69
24960.0,0.0,-0.5005,1330.78,0.87928,0.0,0.0,0.0,191.72,285.353,288.419
25020.0,0.0,-0.5473,1330.78,0.8791,0.0,0.0,0.0,191.68,285.349,288.17
25080.0,0.0,-0.5916,1330.78,0.87892,0.0,0.0,0.0,191.64,285.345,287.941
25140.0,0.0,-0.6332,1330.78,0.87875,0.0,0.0,0.0,191.6,285.341,287.731
25200.0,0.0,-0.6718,1330.78,0.87859,0.0,0.0,0.0,191.57,285.337,287.538
25260.0,0.0,-0.7074,1330.78,0.87843,0.0,0.0,0.0,191.53,285.334,287.36
25320.0,0.0,-0.7397,1330.78,0.87828,0.0,0.0,0.0,191.5,285.33,287.196
25380.0,0.0,-0.7687,1330.79,0.87813,0.0,0.0,0.0,191.47,285.327,287.045
25440.0,0.0,-0.7941,1330.79,0.878,0.0,0.0,0.0,191.44,285.324,286.907
25500.0,0.0,-0.816,1330.79,0.87787,0.0,0.0,0.0,191.41,285.321,286.779
25560.0,0.0,-0.8341,1330.79,0.87775,0.0,0.0,0.0,191.38,285.318,286.662
25620.0,0.0,-0.8483,1330.79,0.87764,0.0,0.0,0.0,191.36,285.316,286.554
25680.0,0.0,-0.8588,1330.79,0.87753,0.0,0.0,0.0,191.34,285.313,286.454
25740.0,0.0,-0.8653,1330.79,0.87743,0.0,0.0,0.0,191.32,285.311,286.362
25800.0,0.0,-0.8679,1330.79,0.87735,0.0,0.0,0.0,191.3,285.309,286.278
25860.0,0.0,-0.8665,1330.79,0.87727,0.0,0.0,0.0,191.28,285.307,286.2
25920.0,0.0,-0.8612,1330.79,0.8772,0.0,0.0,0.0,191.26,285.306,286.128
25980.0,0.0,-0.8519,1330.79,0.87713,0.0,0.0,0.0,191.25,285.304,286.062
26040.0,0.0,-0.8388,1330.79,0.87708,0.0,0.0,0.0,191.24,285.303,286.002
26100.0,0.0,-0.8219,1330.79,0.87703,0.0,0.0,0.0,191.23,285.302,285.946
26160.0,0.0,-0.8013,1330.79,0.87699,0.0,0.0,0.0,191.22,285.301,285.894
26220.0,0.0,-0.777,1330.79,0.87695,0.0,0.0,0.0,191.21,285.3,285.847
26280.0,0.0,-0.7492,1330.79,0.87693,0.0,0.0,0.0,191.21,285.3,285.803
26340.0,0.0,-0.718,1330.79,0.87691,0.0,0.0,0.0,191.2,285.299,285.763
26400.0,0.0,-0.6835,1330.79,0.8769,0.0,0.0,0.0,191.2,285.299,285.726
26460.0,0.0,-0.6459,1330.79,0.87689,0.0,0.0,0.0,191.2,285.299,285.691
26520.0,0.0,-0.6054,1330.79,0.87689,0.0,0.0,0.0,191.2,285.299,285.66
26580.0,0.0,-0.5622,1330.79,0.8769,0.0,0.0,0.0,191.2,285.299,285.631
26640.0,0.0,-0.5164,1330.79,0.87692,0.0,0.0,0.0,191.2,285.3,285.605
26700.0,0.0,-0.4682,1330.79,0.87694,0.0,0.0,0.0,191.21,285.3,285.58
26760.0,0.0,-0.418,1330.79,0.87697,0.0,0.0,0.0,191.22,285.301,285.558
26820.0,0.0,-0.3658,1330.79,0.87701,0.0,0.0,0.0,191.22,285.302,285.538
26880.0,1.0,-0.3119,1330.79,0.87706,0.0,33.21,0.0,191.23,288.67,285.792
26940.0,1.0,-0.2567,1330.8,0.87711,0.0,27.33,0.0,191.25,288.083,285.978
27000.0,1.0,-0.2002,1330.8,0.87717,0.0,21.32,0.0,191.26,287.48,286.1
27060.0,1.0,-0.1429,1330.8,0.87724,0.0,15.21,0.0,191.27,286.864,286.161
27120.0,1.0,-0.0849,1330.8,0.87732,0.0,9.04,0.0,191.29,286.237,286.167
27180.0,1.0,-0.0265,1330.8,0.87741,0.0,2.82,0.0,191.31,285.601,286.122
27240.0,1.0,0.032,1330.8,0.8775,3.41,0.0,0.9,191.33,285.756,286.093
27300.0,1.0,0.0904,1330.8,0.8776,9.62,0.0,2.53,191.35,286.561,286.13
27360.0,1.0,0.1484,1330.8,0.87771,15.8,0.0,4.16,191.38,287.355,286.23
27420.0,1.0,0.2057,1330.8,0.87783,21.9,0.0,5.77,191.4,288.133,286.384
27480.0,1.0,0.2621,1330.8,0.87796,27.9,0.0,7.35,191.43,288.892,286.589
27540.0,1.0,0.3173,1330.8,0.8781,33.78,0.0,8.9,191.46,289.63,286.839
27600.0,1.0,0.371,1330.8,0.87824,39.5,0.0,10.41,191.49,290.344,287.129
27660.0,1.0,0.4231,1330.8,0.87839,45.05,0.0,11.87,191.52,291.031,287.452
27720.0,1.0,0.4733,1330.8,0.87855,50.38,0.0,13.28,191.56,291.688,287.806
27780.0,1.0,0.5212,1330.8,0.87871,55.49,0.0,14.63,191.59,292.313,288.183
27840.0,1.0,0.5669,1330.8,0.87888,60.35,0.0,15.91,191.63,292.904,288.581
27900.0,1.0,0.6099,1330.8,0.87906,64.93,0.0,17.12,191.67,293.458,288.994
27960.0,1.0,0.6502,1330.8,0.87924,69.22,0.0,18.26,191.71,293.975,289.418
28020.0,1.0,0.6874,1330.8,0.87942,73.19,0.0,19.31,191.75,294.451,289.848
28080.0,1.0,0.7216,1330.8,0.8796,76.82,0.0,20.27,191.79,294.885,290.28
28140.0,1.0,0.7524,1330.8,0.87979,80.11,0.0,21.14,191.83,295.277,290.711
28200.0,1.0,0.7798,1330.8,0.87998,83.03,0.0,21.92,191.87,295.624,291.136
28260.0,1.0,0.8037,1330.8,0.88016,85.56,0.0,22.59,191.91,295.925,291.552
28320.0,1.0,0.8238,1330.8,0.88035,87.71,0.0,23.16,191.95,296.179,291.956
28380.0,1.0,0.8402,1330.8,0.88053,89.45,0.0,23.63,191.99,296.387,292.343
28440.0,1.0,0.8528,1330.8,0.8807,90.79,0.0,23.99,192.03,296.546,292.711
28500.0,1.0,0.8614,1330.81,0.88087,91.71,0.0,24.23,192.07,296.656,293.058
28560.0,1.0,0.866,1330.81,0.88103,92.2,0.0,24.37,192.1,296.718,293.381
28620.0,1.0,0.8667,1330.81,0.88119,92.28,0.0,24.39,192.13,296.73,293.676
28680.0,1.0,0.8635,1330.81,0.88133,91.93,0.0,24.31,192.17,296.692,293.942
28740.0,1.0,0.8562,1330.81,0.88147,91.16,0.0,24.11,192.19,296.606,294.178
28800.0,1.0,0.845,1330.81,0.88159,89.97,0.0,23.79,192.22,296.47,294.381
28860.0,1.0,0.83,1330.81,0.8817,88.36,0.0,23.37,192.25,296.286,294.549
28920.0,1.0,0.8111,1330.81,0.88179,86.36,0.0,22.84,192.27,296.054,294.682
28980.0,1.0,0.7885,1330.81,0.88187,83.95,0.0,22.21,192.28,295.775,294.779
29040.0,1.0,0.7623,1330.81,0.88194,81.16,0.0,21.47,192.3,295.449,294.838
29100.0,1.0,0.7326,1330.81,0.88199,77.99,0.0,20.64,192.31,295.077,294.859
29160.0,1.0,0.6995,1330.81,0.88202,74.47,0.0,19.71,192.32,294.662,294.842
29220.0,1.0,0.6632,1330.81,0.88204,70.61,0.0,18.68,192.32,294.203,294.786
29280.0,1.0,0.6239,1330.81,0.88204,66.42,0.0,17.58,192.32,293.704,294.691
29340.0,1.0,0.5817,1330.81,0.88202,61.93,0.0,16.39,192.32,293.164,294.558
29400.0,1.0,0.5368,1330.81,0.88199,57.15,0.0,15.12,192.31,292.587,294.387
29460.0,1.0,0.4894,1330.81,0.88194,52.11,0.0,13.79,192.3,291.974,294.178
29520.0,1.0,0.4398,1330.81,0.88187,46.83,0.0,12.39,192.28,291.328,293.932
29580.0,1.0,0.3882,1330.81,0.88179,41.33,0.0,10.93,192.27,290.651,293.651
29640.0,1.0,0.3349,1330.81,0.8817,35.65,0.0,9.43,192.25,289.945,293.334
29700.0,1.0,0.28,1330.81,0.88159,29.81,0.0,7.88,192.22,289.213,292.985
29760.0,1.0,0.2238,1330.81,0.88147,23.82,0.0,6.3,192.2,288.458,292.603
29820.0,1.0,0.1666,1330.81,0.88134,17.73,0.0,4.69,192.17,287.683,292.19
29880.0,1.0,0.1086,1330.81,0.88119,11.56,0.0,3.06,192.14,286.891,291.748
29940.0,1.0,0.0501,1330.81,0.88104,5.34,0.0,1.41,192.1,286.086,291.279
30000.0,1.0,-0.0085,1330.81,0.88088,0.0,0.91,0.0,192.07,285.482,290.801
30060.0,1.0,-0.0672,1330.82,0.88071,0.0,7.15,0.0,192.03,286.119,290.415
30120.0,1.0,-0.1255,1330.82,0.88054,0.0,13.36,0.0,191.99,286.748,290.113
30180.0,1.0,-0.1832,1330.82,0.88036,0.0,19.5,0.0,191.95,287.367,289.886
30240.0,1.0,-0.2401,1330.82,0.88018,0.0,25.56,0.0,191.91,287.972,289.727
30300.0,1.0,-0.2958,1330.82,0.87999,0.0,31.49,0.0,191.87,288.562,289.63
30360.0,0.0,-0.3502,1330.82,0.87981,0.0,0.0,0.0,191.83,285.365,289.282
30420.0,0.0,-0.403,1330.82,0.87962,0.0,0.0,0.0,191.79,285.36,288.963
30480.0,0.0,-0.4539,1330.82,0.87944,0.0,0.0,0.0,191.75,285.356,288.669
30540.0,0.0,-0.5027,1330.82,0.87925,0.0,0.0,0.0,191.71,285.352,288.4
30600.0,0.0,-0.5493,1330.82,0.87908,0.0,0.0,0.0,191.67,285.348,288.153
30660.0,0.0,-0.5933,1330.82,0.8789,0.0,0.0,0.0,191.64,285.344,287.925
30720.0,0.0,-0.6345,1330.82,0.87873,0.0,0.0,0.0,191.6,285.34,287.716
30780.0,0.0,-0.6729,1330.82,0.87857,0.0,0.0,0.0,191.56,285.337,287.524
30840.0,0.0,-0.7082,1330.82,0.87841,0.0,0.0,0.0,191.53,285.333,287.347
30900.0,0.0,-0.7402,1330.82,0.87826,0.0,0.0,0.0,191.5,285.33,287.184
30960.0,0.0,-0.7689,1330.82,0.87812,0.0,0.0,0.0,191.46,285.327,287.035
31020.0,0.0,-0.794,1330.82,0.87798,0.0,0.0,0.0,191.44,285.324,286.897
31080.0,0.0,-0.8155,1330.82,0.87785,0.0,0.0,0.0,191.41,285.321,286.77
31140.0,0.0,-0.8333,1330.82,0.87773,0.0,0.0,0.0,191.38,285.318,286.653
31200.0,0.0,-0.8473,1330.82,0.87762,0.0,0.0,0.0,191.36,285.315,286.546
31260.0,0.0,-0.8575,1330.82,0.87752,0.0,0.0,0.0,191.33,285.313,286.447
31320.0,0.0,-0.8637,1330.82,0.87742,0.0,0.0,0.0,191.31,285.311,286.356
31380.0,0.0,-0.866,1330.82,0.87734,0.0,0.0,0.0,191.29,285.309,286.272
31440.0,0.0,-0.8644,1330.82,0.87726,0.0,0.0,0.0,191.28,285.307,286.195
31500.0,0.0,-0.8588,1330.82,0.87719,0.0,0.0,0.0,191.26,285.306,286.123
31560.0,0.0,-0.8493,1330.82,0.87713,0.0,0.0,0.0,191.25,285.304,286.058
31620.0,0.0,-0.836,1330.83,0.87707,0.0,0.0,0.0,191.24,285.303,285.997
31680.0,0.0,-0.8188,1330.83,0.87702,0.0,0.0,0.0,191.23,285.302,285.942
31740.0,0.0,-0.798,1330.83,0.87698,0.0,0.0,0.0,191.22,285.301,285.89
31800.0,0.0,-0.7735,1330.83,0.87695,0.0,0.0,0.0,191.21,285.3,285.843
31860.0,0.0,-0.7455,1330.83,0.87693,0.0,0.0,0.0,191.21,285.3,285.8
31920.0,0.0,-0.7142,1330.83,0.87691,0.0,0.0,0.0,191.2,285.299,285.76
31980.0,0.0,-0.6796,1330.83,0.8769,0.0,0.0,0.0,191.2,285.299,285.723
32040.0,0.0,-0.6419,1330.83,0.87689,0.0,0.0,0.0,191.2,285.299,285.689
32100.0,0.0,-0.6013,1330.83,0.8769,0.0,0.0,0.0,191.2,285.299,285.658
32160.0,0.0,-0.5579,1330.83,0.87691,0.0,0.0,0.0,191.2,285.299,285.629
32220.0,0.0,-0.512,1330.83,0.87692,0.0,0.0,0.0,191.2,285.3,285.603
32280.0,0.0,-0.4639,1330.83,0.87695,0.0,0.0,0.0,191.21,285.3,285.579
32340.0,0.0,-0.4136,1330.83,0.87698,0.0,0.0,0.0,191.22,285.301,285.557
32400.0,0.0,-0.3614,1330.83,0.87702,0.0,0.0,0.0,191.23,285.302,285.536
32460.0,1.0,-0.3075,1330.83,0.87707,0.0,32.74,0.0,191.24,288.623,285.787
32520.0,1.0,-0.2523,1330.83,0.87712,0.0,26.86,0.0,191.25,288.036,285.97
32580.0,1.0,-0.1959,1330.83,0.87718,0.0,20.86,0.0,191.26,287.434,286.088
32640.0,1.0,-0.1387,1330.83,0.87725,0.0,14.76,0.0,191.28,286.818,286.147
32700.0,1.0,-0.0807,1330.83,0.87733,0.0,8.6,0.0,191.29,286.192,286.151
32760.0,1.0,-0.0225,1330.83,0.87742,0.0,2.39,0.0,191.31,285.557,286.103
32820.0,1.0,0.0359,1330.83,0.87751,3.83,0.0,1.01,191.33,285.81,286.08
32880.0,1.0,0.0942,1330.83,0.87762,10.03,0.0,2.64,191.36,286.613,286.123
32940.0,1.0,0.152,1330.83,0.87773,16.18,0.0,4.26,191.38,287.404,286.226
33000.0,1.0,0.2091,1330.83,0.87785,22.26,0.0,5.86,191.41,288.179,286.385
33060.0,1.0,0.2653,1330.83,0.87798,28.25,0.0,7.44,191.43,288.936,286.594
33120.0,1.0,0.3203,1330.83,0.87812,34.1,0.0,8.98,191.46,289.671,286.847
33180.0,1.0,0.3738,1330.84,0.87826,39.8,0.0,10.49,191.5,290.382,287.139
33240.0,1.0,0.4257,1330.84,0.87841,45.32,0.0,11.94,191.53,291.065,287.464
33300.0,1.0,0.4756,1330.84,0.87857,50.63,0.0,13.35,191.56,291.719,287.819
33360.0,1.0,0.5233,1330.84,0.87874,55.71,0.0,14.69,191.6,292.34,288.198
33420.0,1.0,0.5687,1330.84,0.87891,60.54,0.0,15.96,191.64,292.928,288.597
33480.0,1.0,0.6114,1330.84,0.87908,65.1,0.0,17.17,191.68,293.479,289.01
33540.0,1.0,0.6514,1330.84,0.87926,69.35,0.0,18.29,191.71,293.991,289.434
33600.0,1.0,0.6884,1330.84,0.87945,73.29,0.0,19.34,191.75,294.464,289.864
33660.0,1.0,0.7222,1330.84,0.87963,76.89,0.0,20.29,191.79,294.894,290.296
33720.0,1.0,0.7528,1330.84,0.87982,80.15,0.0,21.15,191.84,295.282,290.726
33780.0,1.0,0.7799,1330.84,0.88,83.03,0.0,21.92,191.88,295.625,291.15
33840.0,1.0,0.8034,1330.84,0.88019,85.54,0.0,22.59,191.92,295.923,291.564
33900.0,1.0,0.8233,1330.84,0.88037,87.65,0.0,23.15,191.96,296.174,291.966
33960.0,1.0,0.8394,1330.84,0.88055,89.37,0.0,23.61,192.0,296.377,292.352
34020.0,1.0,0.8516,1330.84,0.88073,90.67,0.0,23.96,192.03,296.533,292.718
34080.0,1.0,0.8599,1330.84,0.8809,91.56,0.0,24.2,192.07,296.639,293.063
34140.0,1.0,0.8643,1330.84,0.88106,92.02,0.0,24.32,192.11,296.697,293.383
34200.0,1.0,0.8648,1330.84,0.88121,92.07,0.0,24.34,192.14,296.706,293.676
34260.0,1.0,0.8612,1330.84,0.88135,91.69,0.0,24.24,192.17,296.665,293.94
34320.0,1.0,0.8537,1330.84,0.88148,90.89,0.0,24.04,192.2,296.576,294.173
34380.0,1.0,0.8423,1330.84,0.8816,89.68,0.0,23.72,192.23,296.437,294.373
34440.0,1.0,0.827,1330.84,0.88171,88.05,0.0,23.29,192.25,296.25,294.539
34500.0,1.0,0.8079,1330.84,0.8818,86.02,0.0,22.76,192.27,296.015,294.67
34560.0,1.0,0.7851,1330.84,0.88188,83.59,0.0,22.12,192.29,295.733,294.764
34620.0,1.0,0.7587,1330.84,0.88195,80.78,0.0,21.37,192.3,295.404,294.82
34680.0,1.0,0.7288,1330.84,0.88199,77.6,0.0,20.53,192.31,295.031,294.839
34740.0,1.0,0.6956,1330.85,0.88202,74.06,0.0,19.6,192.32,294.613,294.819
34800.0,1.0,0.6592,1330.85,0.88204,70.18,0.0,18.57,192.32,294.152,294.761
34860.0,1.0,0.6197,1330.85,0.88204,65.98,0.0,17.46,192.32,293.651,294.664
34920.0,1.0,0.5774,1330.85,0.88202,61.48,0.0,16.27,192.32,293.11,294.528
34980.0,1.0,0.5325,1330.85,0.88198,56.69,0.0,15.0,192.31,292.531,294.355
35040.0,1.0,0.4851,1330.85,0.88193,51.64,0.0,13.66,192.3,291.918,294.144
35100.0,1.0,0.4354,1330.85,0.88186,46.36,0.0,12.26,192.28,291.27,293.896
35160.0,1.0,0.3838,1330.85,0.88178,40.86,0.0,10.81,192.26,290.592,293.613
35220.0,1.0,0.3304,1330.85,0.88169,35.18,0.0,9.31,192.24,289.886,293.295
35280.0,1.0,0.2756,1330.85,0.88158,29.34,0.0,7.76,192.22,289.154,292.944
35340.0,1.0,0.2194,1330.85,0.88145,23.36,0.0,6.18,192.19,288.399,292.56
35400.0,1.0,0.1623,1330.85,0.88132,17.28,0.0,4.57,192.16,287.624,292.146
35460.0,1.0,0.1044,1330.85,0.88117,11.11,0.0,2.94,192.13,286.833,291.704
35520.0,1.0,0.046,1330.85,0.88102,4.9,0.0,1.3,192.1,286.028,291.234
35580.0,1.0,-0.0125,1330.85,0.88086,0.0,1.33,0.0,192.06,285.526,290.763
35640.0,1.0,-0.071,1330.85,0.88069,0.0,7.56,0.0,192.03,286.161,290.384
35700.0,1.0,-0.1292,1330.85,0.88051,0.0,13.75,0.0,191.99,286.788,290.087
35760.0,1.0,-0.1867,1330.85,0.88033,0.0,19.88,0.0,191.95,287.404,289.865
35820.0,1.0,-0.2434,1330.85,0.88015,0.0,25.91,0.0,191.91,288.007,289.711
35880.0,1.0,-0.2989,1330.85,0.87997,0.0,31.83,0.0,191.87,288.595,289.619
35940.0,0.0,-0.3531,1330.85,0.87978,0.0,0.0,0.0,191.83,285.364,289.271
36000.0,0.0,-0.4056,1330.85,0.8796,0.0,0.0,0.0,191.79,285.36,288.953
36060.0,0.0,-0.4563,1330.85,0.87941,0.0,0.0,0.0,191.75,285.356,288.66
36120.0,0.0,-0.5049,1330.85,0.87923,0.0,0.0,0.0,191.71,285.352,288.392
36180.0,0.0,-0.5511,1330.85,0.87905,0.0,0.0,0.0,191.67,285.348,288.145
36240.0,0.0,-0.5949,1330.85,0.87888,0.0,0.0,0.0,191.63,285.344,287.918
36300.0,0.0,-0.6359,1330.86,0.87871,0.0,0.0,0.0,191.59,285.34,287.709
36360.0,0.0,-0.6739,1330.86,0.87855,0.0,0.0,0.0,191.56,285.336,287.518
36420.0,0.0,-0.7089,1330.86,0.87839,0.0,0.0,0.0,191.52,285.333,287.341
36480.0,0.0,-0.7407,1330.86,0.87824,0.0,0.0,0.0,191.49,285.329,287.179
36540.0,0.0,-0.769,1330.86,0.8781,0.0,0.0,0.0,191.46,285.326,287.03
36600.0,0.0,-0.7939,1330.86,0.87797,0.0,0.0,0.0,191.43,285.323,286.892
36660.0,0.0,-0.8151,1330.86,0.87784,0.0,0.0,0.0,191.4,285.32,286.766
36720.0,0.0,-0.8326,1330.86,0.87772,0.0,0.0,0.0,191.38,285.318,286.65
36780.0,0.0,-0.8463,1330.86,0.87761,0.0,0.0,0.0,191.35,285.315,286.542
36840.0,0.0,-0.8562,1330.86,0.87751,0.0,0.0,0.0,191.33,285.313,286.444
36900.0,0.0,-0.8621,1330.86,0.87741,0.0,0.0,0.0,191.31,285.311,286.353
36960.0,0.0,-0.8641,1330.86,0.87733,0.0,0.0,0.0,191.29,285.309,286.269
37020.0,0.0,-0.8622,1330.86,0.87725,0.0,0.0,0.0,191.28,285.307,286.192
37080.0,0.0,-0.8564,1330.86,0.87718,0.0,0.0,0.0,191.26,285.306,286.121
37140.0,0.0,-0.8467,1330.86,0.87712,0.0,0.0,0.0,191.25,285.304,286.055
37200.0,0.0,-0.8331,1330.86,0.87707,0.0,0.0,0.0,191.24,285.303,285.995
37260.0,0.0,-0.8158,1330.86,0.87702,0.0,0.0,0.0,191.23,285.302,285.94
37320.0,0.0,-0.7947,1330.86,0.87698,0.0,0.0,0.0,191.22,285.301,285.889
37380.0,0.0,-0.77,1330.86,0.87695,0.0,0.0,0.0,191.21,285.3,285.842
37440.0,0.0,-0.7419,1330.86,0.87693,0.0,0.0,0.0,191.2,285.3,285.798
37500.0,0.0,-0.7104,1330.86,0.87691,0.0,0.0,0.0,191.2,285.299,285.758
37560.0,0.0,-0.6756,1330.86,0.8769,0.0,0.0,0.0,191.2,285.299,285.722
37620.0,0.0,-0.6378,1330.86,0.87689,0.0,0.0,0.0,191.2,285.299,285.688
37680.0,0.0,-0.5971,1330.86,0.8769,0.0,0.0,0.0,191.2,285.299,285.657
37740.0,0.0,-0.5537,1330.86,0.87691,0.0,0.0,0.0,191.2,285.299,285.628
37800.0,0.0,-0.5077,1330.86,0.87693,0.0,0.0,0.0,191.21,285.3,285.602
37860.0,0.0,-0.4595,1330.87,0.87695,0.0,0.0,0.0,191.21,285.3,285.578
37920.0,0.0,-0.4092,1330.87,0.87699,0.0,0.0,0.0,191.22,285.301,285.556
37980.0,0.0,-0.357,1330.87,0.87703,0.0,0.0,0.0,191.23,285.302,285.536
38040.0,1.0,-0.3032,1330.87,0.87707,0.0,32.28,0.0,191.24,288.577,285.783
38100.0,1.0,-0.248,1330.87,0.87713,0.0,26.4,0.0,191.25,287.99,285.962
38160.0,1.0,-0.1916,1330.87,0.87719,0.0,20.4,0.0,191.26,287.388,286.077
38220.0,1.0,-0.1344,1330.87,0.87726,0.0,14.31,0.0,191.28,286.773,286.133
38280.0,1.0,-0.0766,1330.87,0.87734,0.0,8.16,0.0,191.3,286.147,286.134
38340.0,1.0,-0.0185,1330.87,0.87743,0.0,1.96,0.0,191.31,285.514,286.085
38400.0,1.0,0.0398,1330.87,0.87753,4.24,0.0,1.12,191.34,285.864,286.067
38460.0,1.0,0.0979,1330.87,0.87763,10.42,0.0,2.74,191.36,286.665,286.115
38520.0,1.0,0.1556,1330.87,0.87775,16.56,0.0,4.36,191.38,287.453,286.224
38580.0,1.0,0.2125,1330.87,0.87787,22.63,0.0,5.96,191.41,288.225,286.386
38640.0,1.0,0.2685,1330.87,0.878,28.59,0.0,7.53,191.44,288.979,286.598
38700.0,1.0,0.3233,1330.87,0.87814,34.42,0.0,9.07,191.47,289.711,286.854
38760.0,1.0,0.3766,1330.87,0.87828,40.1,0.0,10.56,191.5,290.418,287.149
38820.0,1.0,0.4282,1330.87,0.87843,45.59,0.0,12.01,191.53,291.099,287.477
38880.0,1.0,0.4778,1330.87,0.87859,50.88,0.0,13.41,191.57,291.749,287.833
38940.0,1.0,0.5253,1330.87,0.87876,55.93,0.0,14.74,191.6,292.367,288.213
39000.0,1.0,0.5704,1330.87,0.87893,60.73,0.0,16.01,191.64,292.951,288.613
39060.0,1.0,0.6129,1330.87,0.87911,65.25,0.0,17.21,191.68,293.498,289.026
39120.0,1.0,0.6526,1330.87,0.87929,69.48,0.0,18.33,191.72,294.007,289.45
39180.0,1.0,0.6893,1330.87,0.87947,73.39,0.0,19.36,191.76,294.476,289.88
39240.0,1.0,0.7228,1330.87,0.87966,76.96,0.0,20.31,191.8,294.903,290.311
39300.0,1.0,0.7531,1330.87,0.87984,80.18,0.0,21.16,191.84,295.287,290.74
39360.0,1.0,0.7799,1330.87,0.88003,83.04,0.0,21.92,191.88,295.626,291.163
39420.0,1.0,0.8031,1330.88,0.88022,85.51,0.0,22.58,191.92,295.92,291.576
39480.0,1.0,0.8227,1330.88,0.8804,87.59,0.0,23.14,191.96,296.167,291.976
39540.0,1.0,0.8385,1330.88,0.88058,89.28,0.0,23.58,192.0,296.367,292.36
39600.0,1.0,0.8504,1330.88,0.88075,90.55,0.0,23.92,192.04,296.519,292.725
39660.0,1.0,0.8585,1330.88,0.88092,91.4,0.0,24.16,192.08,296.622,293.068
39720.0,1.0,0.8626,1330.88,0.88108,91.84,0.0,24.28,192.11,296.677,293.385
39780.0,1.0,0.8628,1330.88,0.88123,91.86,0.0,24.28,192.14,296.682,293.676
39840.0,1.0,0.859,1330.88,0.88137,91.45,0.0,24.18,192.17,296.638,293.938
39900.0,1.0,0.8512,1330.88,0.8815,90.63,0.0,23.97,192.2,296.545,294.168
39960.0,1.0,0.8396,1330.88,0.88162,89.39,0.0,23.64,192.23,296.404,294.366
40020.0,1.0,0.824,1330.88,0.88173,87.74,0.0,23.21,192.25,296.214,294.529
40080.0,1.0,0.8047,1330.88,0.88182,85.68,0.0,22.67,192.27,295.976,294.657
40140.0,1.0,0.7817,1330.88,0.88189,83.23,0.0,22.02,192.29,295.691,294.749
40200.0,1.0,0.7552,1330.88,0.88195,80.4,0.0,21.27,192.3,295.36,294.802
40260.0,1.0,0.7251,1330.88,0.882,77.2,0.0,20.43,192.31,294.984,294.818
40320.0,1.0,0.6917,1330.88,0.88203,73.65,0.0,19.49,192.32,294.564,294.796
40380.0,1.0,0.6552,1330.88,0.88204,69.75,0.0,18.46,192.32,294.102,294.735
40440.0,1.0,0.6156,1330.88,0.88204,65.54,0.0,17.34,192.32,293.598,294.636
40500.0,1.0,0.5732,1330.88,0.88202,61.03,0.0,16.15,192.31,293.056,294.498
40560.0,1.0,0.5282,1330.88,0.88198,56.23,0.0,14.88,192.31,292.476,294.323
40620.0,1.0,0.4807,1330.88,0.88192,51.18,0.0,13.54,192.29,291.861,294.11
40680.0,1.0,0.431,1330.88,0.88186,45.89,0.0,12.14,192.28,291.213,293.86
40740.0,1.0,0.3794,1330.88,0.88177,40.4,0.0,10.69,192.26,290.534,293.575
40800.0,1.0,0.326,1330.88,0.88167,34.71,0.0,9.18,192.24,289.827,293.256
40860.0,1.0,0.2712,1330.88,0.88156,28.87,0.0,7.64,192.22,289.095,292.903
40920.0,1.0,0.2151,1330.88,0.88144,22.9,0.0,6.06,192.19,288.34,292.518
40980.0,1.0,0.158,1330.88,0.8813,16.82,0.0,4.45,192.16,287.566,292.103
41040.0,1.0,0.1002,1330.89,0.88116,10.67,0.0,2.82,192.13,286.775,291.659
41100.0,1.0,0.042,1330.89,0.881,4.47,0.0,1.18,192.09,285.972,291.189
41160.0,1.0,-0.0165,1330.89,0.88084,0.0,1.75,0.0,192.06,285.568,290.726
41220.0,1.0,-0.0748,1330.89,0.88067,0.0,7.97,0.0,192.02,286.202,290.353
41280.0,1.0,-0.1328,1330.89,0.88049,0.0,14.14,0.0,191.98,286.827,290.062
41340.0,1.0,-0.1902,1330.89,0.88031,0.0,20.25,0.0,191.94,287.441,289.845
41400.0,1.0,-0.2467,1330.89,0.88013,0.0,26.26,0.0,191.9,288.042,289.696
41460.0,1.0,-0.302,1330.89,0.87994,0.0,32.15,0.0,191.86,288.627,289.607
41520.0,0.0,-0.3559,1330.89,0.87976,0.0,0.0,0.0,191.82,285.363,289.261
41580.0,0.0,-0.4082,1330.89,0.87957,0.0,0.0,0.0,191.78,285.359,288.943
41640.0,0.0,-0.4587,1330.89,0.87939,0.0,0.0,0.0,191.74,285.355,288.651
41700.0,0.0,-0.507,1330.89,0.87921,0.0,0.0,0.0,191.7,285.351,288.383
41760.0,0.0,-0.553,1330.89,0.87903,0.0,0.0,0.0,191.66,285.347,288.137
41820.0,0.0,-0.5964,1330.89,0.87886,0.0,0.0,0.0,191.63,285.343,287.911
41880.0,0.0,-0.6371,1330.89,0.87869,0.0,0.0,0.0,191.59,285.34,287.703
41940.0,0.0,-0.6749,1330.89,0.87853,0.0,0.0,0.0,191.55,285.336,287.511
42000.0,0.0,-0.7096,1330.89,0.87837,0.0,0.0,0.0,191.52,285.332,287.336
42060.0,0.0,-0.7411,1330.89,0.87822,0.0,0.0,0.0,191.49,285.329,287.174
42120.0,0.0,-0.7691,1330.89,0.87808,0.0,0.0,0.0,191.46,285.326,287.025
42180.0,0.0,-0.7937,1330.89,0.87795,0.0,0.0,0.0,191.43,285.323,286.888
42240.0,0.0,-0.8146,1330.89,0.87783,0.0,0.0,0.0,191.4,285.32,286.762
42300.0,0.0,-0.8318,1330.89,0.87771,0.0,0.0,0.0,191.38,285.317,286.646
42360.0,0.0,-0.8452,1330.89,0.8776,0.0,0.0,0.0,191.35,285.315,286.539
42420.0,0.0,-0.8548,1330.89,0.8775,0.0,0.0,0.0,191.33,285.313,286.44
42480.0,0.0,-0.8605,1330.89,0.87741,0.0,0.0,0.0,191.31,285.311,286.35
42540.0,0.0,-0.8622,1330.89,0.87732,0.0,0.0,0.0,191.29,285.309,286.266
42600.0,0.0,-0.8601,1330.9,0.87724,0.0,0.0,0.0,191.27,285.307,286.189
42660.0,0.0,-0.854,1330.9,0.87718,0.0,0.0,0.0,191.26,285.305,286.118
42720.0,0.0,-0.844,1330.9,0.87712,0.0,0.0,0.0,191.25,285.304,286.053
42780.0,0.0,-0.8302,1330.9,0.87706,0.0,0.0,0.0,191.23,285.303,285.993
42840.0,0.0,-0.8127,1330.9,0.87702,0.0,0.0,0.0,191.22,285.302,285.938
42900.0,0.0,-0.7914,1330.9,0.87698,0.0,0.0,0.0,191.22,285.301,285.887
42960.0,0.0,-0.7666,1330.9,0.87695,0.0,0.0,0.0,191.21,285.3,285.84
43020.0,0.0,-0.7383,1330.9,0.87692,0.0,0.0,0.0,191.2,285.3,285.797
43080.0,0.0,-0.7066,1330.9,0.87691,0.0,0.0,0.0,191.2,285.299,285.757
43140.0,0.0,-0.6717,1330.9,0.8769,0.0,0.0,0.0,191.2,285.299,285.72
43200.0,0.0,-0.6338,1330.9,0.8769,0.0,0.0,0.0,191.2,285.299,285.687
43260.0,0.0,-0.593,1330.9,0.8769,0.0,0.0,0.0,191.2,285.299,285.656
43320.0,0.0,-0.5495,1330.9,0.87691,0.0,0.0,0.0,191.2,285.3,285.627
43380.0,0.0,-0.5035,1330.9,0.87693,0.0,0.0,0.0,191.21,285.3,285.601
43440.0,0.0,-0.4552,1330.9,0.87696,0.0,0.0,0.0,191.21,285.301,285.577
43500.0,0.0,-0.4048,1330.9,0.87699,0.0,0.0,0.0,191.22,285.301,285.555
43560.0,0.0,-0.3526,1330.9,0.87703,0.0,0.0,0.0,191.23,285.302,285.535
43620.0,1.0,-0.2988,1330.9,0.87708,0.0,31.82,0.0,191.24,288.531,285.778
43680.0,1.0,-0.2437,1330.9,0.87714,0.0,25.94,0.0,191.25,287.945,285.954
43740.0,1.0,-0.1874,1330.9,0.8772,0.0,19.95,0.0,191.26,287.343,286.066
43800.0,1.0,-0.1303,1330.9,0.87727,0.0,13.87,0.0,191.28,286.728,286.12
43860.0,1.0,-0.0726,1330.9,0.87735,0.0,7.72,0.0,191.3,286.103,286.118
43920.0,1.0,-0.0145,1330.9,0.87744,0.0,1.54,0.0,191.32,285.47,286.066
43980.0,1.0,0.0436,1330.9,0.87754,4.65,0.0,1.22,191.34,285.917,286.054
44040.0,1.0,0.1016,1330.9,0.87765,10.82,0.0,2.85,191.36,286.716,286.108
44100.0,1.0,0.1591,1330.9,0.87776,16.94,0.0,4.46,191.39,287.501,286.221
44160.0,1.0,0.2159,1330.91,0.87788,22.98,0.0,6.05,191.41,288.271,286.388
44220.0,1.0,0.2717,1330.91,0.87802,28.92,0.0,7.62,191.44,289.022,286.603
44280.0,1.0,0.3262,1330.91,0.87816,34.73,0.0,9.15,191.47,289.751,286.862
44340.0,1.0,0.3793,1330.91,0.8783,40.39,0.0,10.64,191.5,290.455,287.159
44400.0,1.0,0.4307,1330.91,0.87846,45.85,0.0,12.08,191.54,291.132,287.488
44460.0,1.0,0.4801,1330.91,0.87862,51.11,0.0,13.47,191.57,291.779,287.846
44520.0,1.0,0.5273,1330.91,0.87878,56.14,0.0,14.8,191.61,292.393,288.228
44580.0,1.0,0.5721,1330.91,0.87896,60.91,0.0,16.06,191.65,292.973,288.628
44640.0,1.0,0.6143,1330.91,0.87913,65.41,0.0,17.25,191.69,293.517,289.042
44700.0,1.0,0.6537,1330.91,0.87931,69.6,0.0,18.36,191.73,294.022,289.466
44760.0,1.0,0.6901,1330.91,0.8795,73.48,0.0,19.39,191.77,294.487,289.895
44820.0,1.0,0.7234,1330.91,0.87968,77.02,0.0,20.33,191.81,294.911,290.326
44880.0,1.0,0.7534,1330.91,0.87987,80.21,0.0,21.17,191.85,295.291,290.754
44940.0,1.0,0.7799,1330.91,0.88006,83.04,0.0,21.92,191.89,295.627,291.176
45000.0,1.0,0.8028,1330.91,0.88024,85.48,0.0,22.57,191.93,295.917,291.588
45060.0,1.0,0.8221,1330.91,0.88043,87.53,0.0,23.12,191.97,296.16,291.986
45120.0,1.0,0.8376,1330.91,0.8806,89.18,0.0,23.56,192.01,296.357,292.369
45180.0,1.0,0.8493,1330.91,0.88078,90.42,0.0,23.89,192.04,296.505,292.731
45240.0,1.0,0.857,1330.91,0.88094,91.25,0.0,24.12,192.08,296.605,293.072
45300.0,1.0,0.8609,1330.91,0.8811,91.66,0.0,24.23,192.12,296.656,293.387
45360.0,1.0,0.8608,1330.91,0.88125,91.65,0.0,24.23,192.15,296.658,293.676
45420.0,1.0,0.8567,1330.91,0.88139,91.21,0.0,24.12,192.18,296.611,293.935
45480.0,1.0,0.8487,1330.91,0.88152,90.36,0.0,23.9,192.21,296.515,294.163
45540.0,1.0,0.8368,1330.91,0.88164,89.1,0.0,23.57,192.23,296.37,294.358
45600.0,1.0,0.8211,1330.91,0.88174,87.42,0.0,23.12,192.25,296.177,294.519
45660.0,1.0,0.8015,1330.91,0.88183,85.34,0.0,22.58,192.27,295.937,294.644
45720.0,1.0,0.7784,1330.92,0.8819,82.87,0.0,21.93,192.29,295.649,294.733
45780.0,1.0,0.7516,1330.92,0.88196,80.02,0.0,21.17,192.3,295.316,294.784
45840.0,1.0,0.7214,1330.92,0.88201,76.81,0.0,20.32,192.31,294.937,294.798
45900.0,1.0,0.6878,1330.92,0.88203,73.24,0.0,19.38,192.32,294.515,294.773
45960.0,1.0,0.6511,1330.92,0.88204,69.33,0.0,18.35,192.32,294.051,294.71
46020.0,1.0,0.6115,1330.92,0.88204,65.1,0.0,17.23,192.32,293.546,294.608
46080.0,1.0,0.569,1330.92,0.88201,60.58,0.0,16.03,192.31,293.002,294.468
46140.0,1.0,0.5239,1330.92,0.88197,55.78,0.0,14.76,192.31,292.421,294.29
46200.0,1.0,0.4764,1330.92,0.88192,50.72,0.0,13.42,192.29,291.805,294.076
46260.0,1.0,0.4267,1330.92,0.88185,45.43,0.0,12.02,192.28,291.156,293.824
46320.0,1.0,0.375,1330.92,0.88176,39.93,0.0,10.56,192.26,290.476,293.538
46380.0,1.0,0.3217,1330.92,0.88166,34.25,0.0,9.06,192.24,289.769,293.216
46440.0,1.0,0.2668,1330.92,0.88155,28.41,0.0,7.51,192.21,289.037,292.862
46500.0,1.0,0.2108,1330.92,0.88142,22.44,0.0,5.93,192.18,288.282,292.476
46560.0,1.0,0.1538,1330.92,0.88128,16.37,0.0,4.33,192.15,287.508,292.06
46620.0,1.0,0.0961,1330.92,0.88114,10.23,0.0,2.7,192.12,286.718,291.615
46680.0,1.0,0.0379,1330.92,0.88098,4.04,0.0,1.07,192.09,285.916,291.144
46740.0,1.0,-0.0204,1330.92,0.88081,0.0,2.17,0.0,192.05,285.611,290.688
46800.0,1.0,-0.0786,1330.92,0.88064,0.0,8.37,0.0,192.02,286.242,290.322
46860.0,1.0,-0.1364,1330.92,0.88047,0.0,14.52,0.0,191.98,286.865,290.036
46920.0,1.0,-0.1936,1330.92,0.88029,0.0,20.61,0.0,191.94,287.477,289.825
46980.0,1.0,-0.2499,1330.92,0.8801,0.0,26.61,0.0,191.9,288.076,289.68
47040.0,1.0,-0.305,1330.92,0.87992,0.0,32.48,0.0,191.86,288.659,289.595
47100.0,0.0,-0.3587,1330.92,0.87973,0.0,0.0,0.0,191.82,285.363,289.25
47160.0,0.0,-0.4108,1330.92,0.87955,0.0,0.0,0.0,191.78,285.359,288.933
47220.0,0.0,-0.461,1330.92,0.87937,0.0,0.0,0.0,191.74,285.355,288.642
47280.0,0.0,-0.5091,1330.93,0.87919,0.0,0.0,0.0,191.7,285.351,288.374
47340.0,0.0,-0.5548,1330.93,0.87901,0.0,0.0,0.0,191.66,285.347,288.129
47400.0,0.0,-0.5979,1330.93,0.87884,0.0,0.0,0.0,191.62,285.343,287.903
47460.0,0.0,-0.6384,1330.93,0.87867,0.0,0.0,0.0,191.59,285.339,287.696
47520.0,0.0,-0.6759,1330.93,0.87851,0.0,0.0,0.0,191.55,285.335,287.505
47580.0,0.0,-0.7103,1330.93,0.87835,0.0,0.0,0.0,191.52,285.332,287.33
47640.0,0.0,-0.7415,1330.93,0.87821,0.0,0.0,0.0,191.48,285.329,287.169
47700.0,0.0,-0.7692,1330.93,0.87807,0.0,0.0,0.0,191.45,285.325,287.02
47760.0,0.0,-0.7935,1330.93,0.87794,0.0,0.0,0.0,191.43,285.323,286.883
47820.0,0.0,-0.8141,1330.93,0.87781,0.0,0.0,0.0,191.4,285.32,286.758
47880.0,0.0,-0.831,1330.93,0.87769,0.0,0.0,0.0,191.37,285.317,286.642
47940.0,0.0,-0.8442,1330.93,0.87759,0.0,0.0,0.0,191.35,285.315,286.535
48000.0,0.0,-0.8534,1330.93,0.87749,0.0,0.0,0.0,191.33,285.312,286.437
48060.0,0.0,-0.8588,1330.93,0.8774,0.0,0.0,0.0,191.31,285.31,286.347
48120.0,0.0,-0.8603,1330.93,0.87731,0.0,0.0,0.0,191.29,285.309,286.263
48180.0,0.0,-0.8579,1330.93,0.87724,0.0,0.0,0.0,191.27,285.307,286.187
48240.0,0.0,-0.8516,1330.93,0.87717,0.0,0.0,0.0,191.26,285.305,286.116
48300.0,0.0,-0.8414,1330.93,0.87711,0.0,0.0,0.0,191.25,285.304,286.051
48360.0,0.0,-0.8274,1330.93,0.87706,0.0,0.0,0.0,191.23,285.303,285.991
48420.0,0.0,-0.8096,1330.93,0.87701,0.0,0.0,0.0,191.22,285.302,285.936
48480.0,0.0,-0.7881,1330.93,0.87698,0.0,0.0,0.0,191.22,285.301,285.885
48540.0,0.0,-0.7631,1330.93,0.87695,0.0,0.0,0.0,191.21,285.3,285.838
48600.0,0.0,-0.7346,1330.93,0.87692,0.0,0.0,0.0,191.2,285.3,285.795
48660.0,0.0,-0.7028,1330.93,0.87691,0.0,0.0,0.0,191.2,285.299,285.756
48720.0,0.0,-0.6678,1330.93,0.8769,0.0,0.0,0.0,191.2,285.299,285.719
48780.0,0.0,-0.6297,1330.93,0.8769,0.0,0.0,0.0,191.2,285.299,285.686
48840.0,0.0,-0.5888,1330.94,0.8769,0.0,0.0,0.0,191.2,285.299,285.655
48900.0,0.0,-0.5452,1330.94,0.87692,0.0,0.0,0.0,191.2,285.3,285.626
48960.0,0.0,-0.4992,1330.94,0.87694,0.0,0.0,0.0,191.21,285.3,285.6
49020.0,0.0,-0.4509,1330.94,0.87696,0.0,0.0,0.0,191.21,285.301,285.576
49080.0,0.0,-0.4005,1330.94,0.877,0.0,0.0,0.0,191.22,285.301,285.554
49140.0,0.4264,-0.3483,1330.94,0.87704,0.0,15.81,0.0,191.23,286.92,285.664
49200.0,1.0,-0.2945,1330.94,0.87709,0.0,31.36,0.0,191.24,288.486,285.894
49260.0,1.0,-0.2394,1330.94,0.87715,0.0,25.49,0.0,191.25,287.899,286.056
49320.0,1.0,-0.1832,1330.94,0.87721,0.0,19.51,0.0,191.27,287.298,286.157
49380.0,1.0,-0.1261,1330.94,0.87728,0.0,13.43,0.0,191.28,286.684,286.199
49440.0,1.0,-0.0685,1330.94,0.87737,0.0,7.29,0.0,191.3,286.059,286.188
49500.0,1.0,-0.0106,1330.94,0.87746,0.0,1.12,0.0,191.32,285.428,286.127
49560.0,1.0,0.0474,1330.94,0.87756,5.05,0.0,1.33,191.34,285.97,286.114
49620.0,1.0,0.1052,1330.94,0.87766,11.21,0.0,2.95,191.37,286.766,286.167
49680.0,1.0,0.1626,1330.94,0.87778,17.31,0.0,4.56,191.39,287.549,286.279
49740.0,1.0,0.2192,1330.94,0.8779,23.33,0.0,6.15,191.42,288.316,286.445
49800.0,1.0,0.2748,1330.94,0.87803,29.25,0.0,7.71,191.45,289.064,286.659
49860.0,1.0,0.3291,1330.94,0.87818,35.04,0.0,9.23,191.48,289.789,286.917
49920.0,1.0,0.382,1330.94,0.87832,40.67,0.0,10.72,191.51,290.49,287.212
49980.0,1.0,0.4331,1330.94,0.87848,46.11,0.0,12.15,191.54,291.164,287.54
50040.0,1.0,0.4823,1330.94,0.87864,51.35,0.0,13.54,191.58,291.808,287.897
50100.0,1.0,0.5292,1330.94,0.87881,56.35,0.0,14.86,191.62,292.419,288.276
50160.0,1.0,0.5738,1330.94,0.87898,61.09,0.0,16.11,191.65,292.995,288.674
50220.0,1.0,0.6157,1330.94,0.87916,65.56,0.0,17.29,191.69,293.536,289.086
50280.0,1.0,0.6548,1330.94,0.87934,69.72,0.0,18.39,191.73,294.037,289.508
50340.0,1.0,0.691,1330.94,0.87952,73.57,0.0,19.41,191.77,294.499,289.934
50400.0,1.0,0.7239,1330.95,0.87971,77.08,0.0,20.34,191.81,294.918,290.362
50460.0,1.0,0.7536,1330.95,0.8799,80.24,0.0,21.18,191.85,295.295,290.788
50520.0,1.0,0.7798,1330.95,0.88008,83.03,0.0,21.92,191.89,295.627,291.207
50580.0,1.0,0.8025,1330.95,0.88027,85.44,0.0,22.56,191.93,295.913,291.616
50640.0,1.0,0.8215,1330.95,0.88045,87.47,0.0,23.1,191.97,296.153,292.011
50700.0,1.0,0.8367,1330.95,0.88063,89.09,0.0,23.54,192.01,296.346,292.39
50760.0,1.0,0.848,1330.95,0.8808,90.3,0.0,23.86,192.05,296.491,292.75
50820.0,1.0,0.8555,1330.95,0.88097,91.09,0.0,24.08,192.09,296.587,293.087
50880.0,1.0,0.8591,1330.95,0.88113,91.47,0.0,24.18,192.12,296.635,293.4
50940.0,1.0,0.8587,1330.95,0.88127,91.43,0.0,24.17,192.15,296.634,293.685
51000.0,1.0,0.8544,1330.95,0.88141,90.97,0.0,24.06,192.18,296.583,293.941
51060.0,1.0,0.8462,1330.95,0.88154,90.1,0.0,23.83,192.21,296.484,294.166
51120.0,1.0,0.834,1330.95,0.88165,88.8,0.0,23.49,192.24,296.336,294.357
51180.0,1.0,0.8181,1330.95,0.88176,87.1,0.0,23.04,192.26,296.141,294.515
51240.0,1.0,0.7983,1330.95,0.88184,85.01,0.0,22.49,192.28,295.897,294.637
51300.0,1.0,0.775,1330.95,0.88192,82.52,0.0,21.83,192.29,295.607,294.723
51360.0,1.0,0.748,1330.95,0.88197,79.65,0.0,21.07,192.31,295.271,294.771
51420.0,1.0,0.7176,1330.95,0.88201,76.41,0.0,20.22,192.31,294.891,294.782
51480.0,1.0,0.684,1330.95,0.88204,72.83,0.0,19.27,192.32,294.467,294.754
51540.0,1.0,0.6471,1330.95,0.88204,68.91,0.0,18.23,192.32,294.001,294.688
51600.0,1.0,0.6074,1330.95,0.88203,64.67,0.0,17.11,192.32,293.494,294.584
51660.0,1.0,0.5648,1330.95,0.88201,60.14,0.0,15.91,192.31,292.948,294.441
51720.0,1.0,0.5196,1330.95,0.88197,55.33,0.0,14.64,192.3,292.366,294.261
51780.0,1.0,0.4721,1330.95,0.88191,50.26,0.0,13.3,192.29,291.749,294.044
51840.0,1.0,0.4223,1330.95,0.88184,44.97,0.0,11.9,192.28,291.099,293.791
51900.0,1.0,0.3707,1330.95,0.88175,39.47,0.0,10.44,192.26,290.419,293.502
51960.0,1.0,0.3173,1330.96,0.88165,33.79,0.0,8.94,192.23,289.711,293.179
52020.0,1.0,0.2625,1330.96,0.88153,27.95,0.0,7.39,192.21,288.979,292.823
52080.0,1.0,0.2065,1330.96,0.8814,21.99,0.0,5.81,192.18,288.224,292.436
52140.0,1.0,0.1496,1330.96,0.88126,15.93,0.0,4.21,192.15,287.451,292.019
52200.0,1.0,0.092,1330.96,0.88111,9.79,0.0,2.59,192.12,286.662,291.573
52260.0,1.0,0.0339,1330.96,0.88096,3.61,0.0,0.96,192.08,285.86,291.101
52320.0,1.0,-0.0242,1330.96,0.88079,0.0,2.58,0.0,192.05,285.652,290.652
52380.0,1.0,-0.0823,1330.96,0.88062,0.0,8.76,0.0,192.01,286.282,290.292
52440.0,1.0,-0.14,1330.96,0.88044,0.0,14.9,0.0,191.97,286.903,290.012
52500.0,1.0,-0.197,1330.96,0.88026,0.0,20.97,0.0,191.93,287.513,289.805
52560.0,1.0,-0.2531,1330.96,0.88008,0.0,26.95,0.0,191.89,288.109,289.665
52620.0,1.0,-0.308,1330.96,0.87989,0.0,32.79,0.0,191.85,288.69,289.584
52680.0,0.0,-0.3615,1330.96,0.87971,0.0,0.0,0.0,191.81,285.362,289.239
52740.0,0.0,-0.4133,1330.96,0.87952,0.0,0.0,0.0,191.77,285.358,288.923
52800.0,0.0,-0.4633,1330.96,0.87934,0.0,0.0,0.0,191.73,285.354,288.633
52860.0,0.0,-0.5111,1330.96,0.87916,0.0,0.0,0.0,191.69,285.35,288.366
52920.0,0.0,-0.5565,1330.96,0.87899,0.0,0.0,0.0,191.65,285.346,288.122
52980.0,0.0,-0.5994,1330.96,0.87882,0.0,0.0,0.0,191.62,285.342,287.896
53040.0,0.0,-0.6396,1330.96,0.87865,0.0,0.0,0.0,191.58,285.339,287.69
53100.0,0.0,-0.6768,1330.96,0.87849,0.0,0.0,0.0,191.55,285.335,287.499
53160.0,0.0,-0.7109,1330.96,0.87834,0.0,0.0,0.0,191.51,285.332,287.324
53220.0,0.0,-0.7418,1330.96,0.87819,0.0,0.0,0.0,191.48,285.328,287.164
53280.0,0.0,-0.7693,1330.96,0.87805,0.0,0.0,0.0,191.45,285.325,287.015
53340.0,0.0,-0.7932,1330.96,0.87792,0.0,0.0,0.0,191.42,285.322,286.879
53400.0,0.0,-0.8136,1330.96,0.8778,0.0,0.0,0.0,191.39,285.319,286.754
53460.0,0.0,-0.8302,1330.96,0.87768,0.0,0.0,0.0,191.37,285.317,286.638
53520.0,0.0,-0.8431,1330.97,0.87758,0.0,0.0,0.0,191.35,285.314,286.532
53580.0,0.0,-0.8521,1330.97,0.87748,0.0,0.0,0.0,191.32,285.312,286.434
53640.0,0.0,-0.8572,1330.97,0.87739,0.0,0.0,0.0,191.31,285.31,286.344
53700.0,0.0,-0.8584,1330.97,0.8773,0.0,0.0,0.0,191.29,285.308,286.261
53760.0,0.0,-0.8557,1330.97,0.87723,0.0,0.0,0.0,191.27,285.307,286.184
53820.0,0.0,-0.8492,1330.97,0.87716,0.0,0.0,0.0,191.26,285.305,286.114
53880.0,0.0,-0.8387,1330.97,0.8771,0.0,0.0,0.0,191.24,285.304,286.049
53940.0,0.0,-0.8245,1330.97,0.87705,0.0,0.0,0.0,191.23,285.303,285.989
54000.0,0.0,-0.8065,1330.97,0.87701,0.0,0.0,0.0,191.22,285.302,285.934
54060.0,0.0,-0.7849,1330.97,0.87697,0.0,0.0,0.0,191.22,285.301,285.883
54120.0,0.0,-0.7597,1330.97,0.87694,0.0,0.0,0.0,191.21,285.3,285.837
54180.0,0.0,-0.731,1330.97,0.87692,0.0,0.0,0.0,191.2,285.3,285.794
54240.0,0.0,-0.699,1330.97,0.87691,0.0,0.0,0.0,191.2,285.299,285.754
54300.0,0.0,-0.6639,1330.97,0.8769,0.0,0.0,0.0,191.2,285.299,285.718
54360.0,0.0,-0.6257,1330.97,0.8769,0.0,0.0,0.0,191.2,285.299,285.684
54420.0,0.0,-0.5847,1330.97,0.87691,0.0,0.0,0.0,191.2,285.299,285.654
54480.0,0.0,-0.5411,1330.97,0.87692,0.0,0.0,0.0,191.2,285.3,285.625
54540.0,0.0,-0.495,1330.97,0.87694,0.0,0.0,0.0,191.21,285.3,285.599
54600.0,0.0,-0.4466,1330.97,0.87697,0.0,0.0,0.0,191.21,285.301,285.576
54660.0,0.0,-0.3962,1330.97,0.877,0.0,0.0,0.0,191.22,285.302,285.554
54720.0,0.9746,-0.344,1330.97,0.87705,0.0,35.7,0.0,191.23,288.917,285.827
54780.0,1.0,-0.2903,1330.97,0.8771,0.0,30.91,0.0,191.24,288.441,286.04
54840.0,1.0,-0.2352,1330.97,0.87715,0.0,25.04,0.0,191.25,287.854,286.187
54900.0,1.0,-0.179,1330.97,0.87722,0.0,19.06,0.0,191.27,287.253,286.273
54960.0,1.0,-0.122,1330.97,0.8773,0.0,13.0,0.0,191.29,286.64,286.303
55020.0,1.0,-0.0645,1330.98,0.87738,0.0,6.87,0.0,191.3,286.016,286.28
55080.0,1.0,-0.0067,1330.98,0.87747,0.0,0.71,0.0,191.32,285.385,286.208
55140.0,1.0,0.0512,1330.98,0.87757,5.45,0.0,1.44,191.35,286.022,286.193
55200.0,1.0,0.1088,1330.98,0.87768,11.59,0.0,3.05,191.37,286.815,286.243
55260.0,1.0,0.166,1330.98,0.8778,17.68,0.0,4.65,191.39,287.596,286.353
55320.0,1.0,0.2224,1330.98,0.87792,23.68,0.0,6.24,191.42,288.36,286.517
55380.0,1.0,0.2778,1330.98,0.87805,29.58,0.0,7.79,191.45,289.105,286.729
55440.0,1.0,0.332,1330.98,0.8782,35.35,0.0,9.31,191.48,289.828,286.984
55500.0,1.0,0.3846,1330.98,0.87834,40.95,0.0,10.79,191.51,290.526,287.277
55560.0,1.0,0.4355,1330.98,0.8785,46.37,0.0,12.22,191.55,291.196,287.602
55620.0,1.0,0.4844,1330.98,0.87866,51.58,0.0,13.6,191.58,291.836,287.956
55680.0,1.0,0.5311,1330.98,0.87883,56.55,0.0,14.91,191.62,292.444,288.333
55740.0,1.0,0.5754,1330.98,0.87901,61.27,0.0,16.16,191.66,293.017,288.728
55800.0,1.0,0.6171,1330.98,0.87918,65.7,0.0,17.33,191.7,293.554,289.137
55860.0,1.0,0.6559,1330.98,0.87937,69.84,0.0,18.42,191.74,294.052,289.555
55920.0,1.0,0.6918,1330.98,0.87955,73.66,0.0,19.44,191.78,294.509,289.979
55980.0,1.0,0.7244,1330.98,0.87974,77.14,0.0,20.36,191.82,294.925,290.404
56040.0,1.0,0.7538,1330.98,0.87993,80.27,0.0,21.19,191.86,295.298,290.826
56100.0,1.0,0.7797,1330.98,0.88011,83.03,0.0,21.92,191.9,295.627,291.242
56160.0,1.0,0.8021,1330.98,0.8803,85.41,0.0,22.56,191.94,295.91,291.648
56220.0,1.0,0.8208,1330.98,0.88048,87.4,0.0,23.09,191.98,296.146,292.04
56280.0,1.0,0.8357,1330.98,0.88066,88.99,0.0,23.51,192.02,296.335,292.416
56340.0,1.0,0.8468,1330.98,0.88083,90.17,0.0,23.83,192.06,296.476,292.772
56400.0,1.0,0.854,1330.98,0.88099,90.93,0.0,24.03,192.09,296.569,293.105
56460.0,1.0,0.8573,1330.98,0.88115,91.29,0.0,24.13,192.13,296.614,293.414
56520.0,1.0,0.8567,1330.98,0.8813,91.22,0.0,24.12,192.16,296.609,293.696
56580.0,1.0,0.8521,1330.99,0.88143,90.73,0.0,23.99,192.19,296.556,293.949
56640.0,1.0,0.8436,1330.99,0.88156,89.83,0.0,23.76,192.21,296.453,294.17
56700.0,1.0,0.8312,1330.99,0.88167,88.51,0.0,23.41,192.24,296.303,294.358
56760.0,1.0,0.8151,1330.99,0.88177,86.79,0.0,22.96,192.26,296.104,294.513
56820.0,1.0,0.7952,1330.99,0.88186,84.67,0.0,22.4,192.28,295.858,294.632
56880.0,1.0,0.7716,1330.99,0.88193,82.16,0.0,21.74,192.29,295.565,294.714
56940.0,1.0,0.7445,1330.99,0.88198,79.27,0.0,20.97,192.31,295.227,294.759
57000.0,1.0,0.7139,1330.99,0.88202,76.02,0.0,20.11,192.32,294.844,294.767
57060.0,1.0,0.6801,1330.99,0.88204,72.42,0.0,19.16,192.32,294.418,294.736
57120.0,1.0,0.6432,1330.99,0.88204,68.48,0.0,18.12,192.32,293.95,294.667
57180.0,1.0,0.6033,1330.99,0.88203,64.24,0.0,17.0,192.32,293.442,294.56
57240.0,1.0,0.5606,1330.99,0.882,59.69,0.0,15.79,192.31,292.895,294.415
57300.0,1.0,0.5154,1330.99,0.88196,54.88,0.0,14.52,192.3,292.311,294.233
57360.0,1.0,0.4678,1330.99,0.8819,49.81,0.0,13.18,192.29,291.693,294.013
57420.0,1.0,0.418,1330.99,0.88182,44.51,0.0,11.78,192.27,291.042,293.758
57480.0,1.0,0.3664,1330.99,0.88173,39.01,0.0,10.32,192.25,290.362,293.467
57540.0,1.0,0.313,1330.99,0.88163,33.33,0.0,8.82,192.23,289.654,293.143
57600.0,1.0,0.2583,1330.99,0.88151,27.5,0.0,7.27,192.21,288.921,292.785
57660.0,1.0,0.2023,1330.99,0.88138,21.54,0.0,5.7,192.18,288.167,292.397
57720.0,1.0,0.1454,1330.99,0.88124,15.49,0.0,4.09,192.15,287.394,291.978
57780.0,1.0,0.0879,1330.99,0.88109,9.36,0.0,2.47,192.11,286.606,291.531
57840.0,1.0,0.03,1330.99,0.88094,3.19,0.0,0.84,192.08,285.805,291.058
57900.0,1.0,-0.0281,1330.99,0.88077,0.0,2.99,0.0,192.04,285.694,290.616
57960.0,1.0,-0.086,1330.99,0.8806,0.0,9.15,0.0,192.01,286.321,290.262
58020.0,1.0,-0.1435,1330.99,0.88042,0.0,15.28,0.0,191.97,286.941,289.988
58080.0,1.0,-0.2003,1330.99,0.88024,0.0,21.33,0.0,191.93,287.548,289.786
58140.0,1.0,-0.2562,1331.0,0.88005,0.0,27.28,0.0,191.89,288.143,289.65
58200.0,1.0,-0.3109,1331.0,0.87987,0.0,33.11,0.0,191.85,288.72,289.573
58260.0,0.0,-0.3642,1331.0,0.87968,0.0,0.0,0.0,191.81,285.362,289.229
58320.0,0.0,-0.4158,1331.0,0.8795,0.0,0.0,0.0,191.77,285.358,288.914
58380.0,0.0,-0.4655,1331.0,0.87932,0.0,0.0,0.0,191.73,285.354,288.624
58440.0,0.0,-0.513,1331.0,0.87914,0.0,0.0,0.0,191.69,285.35,288.358
58500.0,0.0,-0.5582,1331.0,0.87896,0.0,0.0,0.0,191.65,285.346,288.114
58560.0,0.0,-0.6009,1331.0,0.87879,0.0,0.0,0.0,191.61,285.342,287.89
58620.0,0.0,-0.6407,1331.0,0.87863,0.0,0.0,0.0,191.58,285.338,287.683
58680.0,0.0,-0.6777,1331.0,0.87847,0.0,0.0,0.0,191.54,285.335,287.494
58740.0,0.0,-0.7115,1331.0,0.87832,0.0,0.0,0.0,191.51,285.331,287.319
58800.0,0.0,-0.7421,1331.0,0.87817,0.0,0.0,0.0,191.48,285.328,287.159
58860.0,0.0,-0.7693,1331.0,0.87804,0.0,0.0,0.0,191.45,285.325,287.011
58920.0,0.0,-0.793,1331.0,0.87791,0.0,0.0,0.0,191.42,285.322,286.875
58980.0,0.0,-0.813,1331.0,0.87778,0.0,0.0,0.0,191.39,285.319,286.75
59040.0,0.0,-0.8294,1331.0,0.87767,0.0,0.0,0.0,191.37,285.317,286.635
59100.0,0.0,-0.8419,1331.0,0.87756,0.0,0.0,0.0,191.34,285.314,286.528
59160.0,0.0,-0.8506,1331.0,0.87747,0.0,0.0,0.0,191.32,285.312,286.431
59220.0,0.0,-0.8555,1331.0,0.87738,0.0,0.0,0.0,191.3,285.31,286.341
59280.0,0.0,-0.8565,1331.0,0.8773,0.0,0.0,0.0,191.29,285.308,286.258
59340.0,0.0,-0.8535,1331.0,0.87722,0.0,0.0,0.0,191.27,285.306,286.182
59400.0,0.0,-0.8467,1331.0,0.87716,0.0,0.0,0.0,191.26,285.305,286.112
59460.0,0.0,-0.8361,1331.0,0.8771,0.0,0.0,0.0,191.24,285.304,286.047
59520.0,0.0,-0.8216,1331.0,0.87705,0.0,0.0,0.0,191.23,285.303,285.987
59580.0,0.0,-0.8034,1331.0,0.87701,0.0,0.0,0.0,191.22,285.302,285.932
59640.0,0.0,-0.7816,1331.0,0.87697,0.0,0.0,0.0,191.21,285.301,285.882
59700.0,0.0,-0.7562,1331.01,0.87694,0.0,0.0,0.0,191.21,285.3,285.835
59760.0,0.0,-0.7274,1331.01,0.87692,0.0,0.0,0.0,191.2,285.3,285.792
59820.0,0.0,-0.6953,1331.01,0.87691,0.0,0.0,0.0,191.2,285.299,285.753
59880.0,0.0,-0.66,1331.01,0.8769,0.0,0.0,0.0,191.2,285.299,285.717
59940.0,0.0,-0.6217,1331.01,0.8769,0.0,0.0,0.0,191.2,285.299,285.683
60000.0,0.0,-0.5806,1331.01,0.87691,0.0,0.0,0.0,191.2,285.299,285.653
60060.0,0.0,-0.5369,1331.01,0.87692,0.0,0.0,0.0,191.2,285.3,285.624
60120.0,0.0,-0.4907,1331.01,0.87694,0.0,0.0,0.0,191.21,285.3,285.599
60180.0,0.0,-0.4423,1331.01,0.87697,0.0,0.0,0.0,191.22,285.301,285.575
60240.0,0.0,-0.3919,1331.01,0.87701,0.0,0.0,0.0,191.22,285.302,285.553
60300.0,1.0,-0.3397,1331.01,0.87705,0.0,36.18,0.0,191.23,288.964,285.831
60360.0,1.0,-0.286,1331.01,0.8771,0.0,30.45,0.0,191.24,288.396,286.039
60420.0,1.0,-0.231,1331.01,0.87716,0.0,24.59,0.0,191.26,287.81,286.183
60480.0,1.0,-0.1749,1331.01,0.87723,0.0,18.62,0.0,191.27,287.209,286.266
60540.0,1.0,-0.118,1331.01,0.87731,0.0,12.56,0.0,191.29,286.596,286.293
60600.0,1.0,-0.0605,1331.01,0.87739,0.0,6.45,0.0,191.31,285.973,286.267
60660.0,1.0,-0.0028,1331.01,0.87748,0.0,0.3,0.0,191.33,285.343,286.193
60720.0,1.0,0.0549,1331.01,0.87758,5.85,0.0,1.54,191.35,286.074,286.183
60780.0,1.0,0.1124,1331.01,0.87769,11.97,0.0,3.15,191.37,286.864,286.238
60840.0,1.0,0.1694,1331.01,0.87781,18.04,0.0,4.75,191.4,287.642,286.352
60900.0,1.0,0.2256,1331.01,0.87794,24.02,0.0,6.33,191.43,288.404,286.519
60960.0,1.0,0.2808,1331.01,0.87807,29.9,0.0,7.88,191.46,289.146,286.735
61020.0,1.0,0.3348,1331.01,0.87822,35.65,0.0,9.39,191.49,289.865,286.992
61080.0,1.0,0.3872,1331.01,0.87837,41.23,0.0,10.86,191.52,290.56,287.287
61140.0,1.0,0.4378,1331.01,0.87852,46.62,0.0,12.29,191.55,291.227,287.615
61200.0,1.0,0.4865,1331.01,0.87869,51.8,0.0,13.66,191.59,291.864,287.97
61260.0,1.0,0.533,1331.02,0.87886,56.75,0.0,14.96,191.63,292.468,288.348
61320.0,1.0,0.577,1331.02,0.87903,61.44,0.0,16.2,191.66,293.038,288.743
61380.0,1.0,0.6184,1331.02,0.87921,65.84,0.0,17.37,191.7,293.571,289.153
61440.0,1.0,0.6569,1331.02,0.87939,69.95,0.0,18.45,191.74,294.065,289.571
61500.0,1.0,0.6925,1331.02,0.87958,73.74,0.0,19.46,191.78,294.52,289.994
61560.0,1.0,0.7249,1331.02,0.87976,77.19,0.0,20.37,191.82,294.932,290.419
61620.0,1.0,0.754,1331.02,0.87995,80.29,0.0,21.19,191.86,295.301,290.84
61680.0,1.0,0.7796,1331.02,0.88014,83.02,0.0,21.92,191.91,295.626,291.255
61740.0,1.0,0.8017,1331.02,0.88032,85.37,0.0,22.54,191.95,295.905,291.659
61800.0,1.0,0.8201,1331.02,0.8805,87.32,0.0,23.07,191.99,296.138,292.049
61860.0,1.0,0.8347,1331.02,0.88068,88.88,0.0,23.48,192.02,296.324,292.423
61920.0,1.0,0.8455,1331.02,0.88085,90.04,0.0,23.79,192.06,296.462,292.777
61980.0,1.0,0.8525,1331.02,0.88102,90.77,0.0,23.99,192.1,296.551,293.109
62040.0,1.0,0.8555,1331.02,0.88117,91.1,0.0,24.08,192.13,296.592,293.416
62100.0,1.0,0.8546,1331.02,0.88132,91.0,0.0,24.06,192.16,296.584,293.695
62160.0,1.0,0.8498,1331.02,0.88145,90.49,0.0,23.93,192.19,296.528,293.945
62220.0,1.0,0.8411,1331.02,0.88158,89.56,0.0,23.69,192.22,296.422,294.164
62280.0,1.0,0.8285,1331.02,0.88169,88.22,0.0,23.33,192.24,296.269,294.35
62340.0,1.0,0.8121,1331.02,0.88178,86.47,0.0,22.87,192.26,296.067,294.502
62400.0,1.0,0.792,1331.02,0.88187,84.33,0.0,22.31,192.28,295.819,294.618
62460.0,1.0,0.7682,1331.02,0.88193,81.8,0.0,21.64,192.3,295.524,294.698
62520.0,1.0,0.7409,1331.02,0.88199,78.89,0.0,20.87,192.31,295.183,294.741
62580.0,1.0,0.7102,1331.02,0.88202,75.62,0.0,20.01,192.32,294.798,294.746
62640.0,1.0,0.6763,1331.02,0.88204,72.01,0.0,19.05,192.32,294.37,294.713
62700.0,1.0,0.6392,1331.02,0.88204,68.06,0.0,18.01,192.32,293.9,294.642
62760.0,1.0,0.5992,1331.02,0.88203,63.8,0.0,16.88,192.32,293.39,294.532
62820.0,1.0,0.5564,1331.03,0.882,59.25,0.0,15.68,192.31,292.842,294.385
62880.0,1.0,0.5111,1331.03,0.88195,54.43,0.0,14.4,192.3,292.257,294.201
62940.0,1.0,0.4635,1331.03,0.88189,49.35,0.0,13.06,192.29,291.637,293.979
63000.0,1.0,0.4137,1331.03,0.88181,44.05,0.0,11.65,192.27,290.986,293.722
63060.0,1.0,0.3621,1331.03,0.88172,38.55,0.0,10.2,192.25,290.305,293.43
63120.0,1.0,0.3087,1331.03,0.88162,32.88,0.0,8.7,192.23,289.597,293.104
63180.0,1.0,0.254,1331.03,0.8815,27.05,0.0,7.15,192.2,288.864,292.745
63240.0,1.0,0.1981,1331.03,0.88137,21.1,0.0,5.58,192.17,288.11,292.355
63300.0,1.0,0.1413,1331.03,0.88123,15.05,0.0,3.98,192.14,287.338,291.935
63360.0,1.0,0.0839,1331.03,0.88107,8.93,0.0,2.36,192.11,286.55,291.488
63420.0,1.0,0.0261,1331.03,0.88091,2.78,0.0,0.73,192.07,285.751,291.014
63480.0,1.0,-0.0318,1331.03,0.88075,0.0,3.39,0.0,192.04,285.735,290.579
63540.0,1.0,-0.0896,1331.03,0.88057,0.0,9.54,0.0,192.0,286.36,290.231
63600.0,1.0,-0.1469,1331.03,0.8804,0.0,15.65,0.0,191.96,286.978,289.963
63660.0,1.0,-0.2036,1331.03,0.88021,0.0,21.68,0.0,191.92,287.583,289.766
63720.0,1.0,-0.2593,1331.03,0.88003,0.0,27.61,0.0,191.88,288.175,289.634
63780.0,1.0,-0.3138,1331.03,0.87985,0.0,33.42,0.0,191.84,288.751,289.561
63840.0,0.0,-0.3669,1331.03,0.87966,0.0,0.0,0.0,191.8,285.361,289.218
63900.0,0.0,-0.4182,1331.03,0.87948,0.0,0.0,0.0,191.76,285.357,288.904
63960.0,0.0,-0.4677,1331.03,0.8793,0.0,0.0,0.0,191.72,285.353,288.615
64020.0,0.0,-0.515,1331.03,0.87912,0.0,0.0,0.0,191.68,285.349,288.35
64080.0,0.0,-0.5599,1331.03,0.87894,0.0,0.0,0.0,191.64,285.345,288.106
64140.0,0.0,-0.6023,1331.03,0.87877,0.0,0.0,0.0,191.61,285.341,287.882
64200.0,0.0,-0.6419,1331.03,0.87861,0.0,0.0,0.0,191.57,285.338,287.677
64260.0,0.0,-0.6785,1331.03,0.87845,0.0,0.0,0.0,191.54,285.334,287.487
64320.0,0.0,-0.7121,1331.03,0.8783,0.0,0.0,0.0,191.5,285.331,287.313
64380.0,0.0,-0.7424,1331.04,0.87816,0.0,0.0,0.0,191.47,285.327,287.153
64440.0,0.0,-0.7693,1331.04,0.87802,0.0,0.0,0.0,191.44,285.324,287.006
64500.0,0.0,-0.7926,1331.04,0.87789,0.0,0.0,0.0,191.42,285.322,286.87
64560.0,0.0,-0.8124,1331.04,0.87777,0.0,0.0,0.0,191.39,285.319,286.746
64620.0,0.0,-0.8285,1331.04,0.87766,0.0,0.0,0.0,191.36,285.316,286.631
64680.0,0.0,-0.8408,1331.04,0.87755,0.0,0.0,0.0,191.34,285.314,286.525
64740.0,0.0,-0.8492,1331.04,0.87746,0.0,0.0,0.0,191.32,285.312,286.427
64800.0,0.0,-0.8538,1331.04,0.87737,0.0,0.0,0.0,191.3,285.31,286.338
64860.0,0.0,-0.8545,1331.04,0.87729,0.0,0.0,0.0,191.28,285.308,286.255
64920.0,0.0,-0.8513,1331.04,0.87722,0.0,0.0,0.0,191.27,285.306,286.179
64980.0,0.0,-0.8443,1331.04,0.87715,0.0,0.0,0.0,191.25,285.305,286.109
65040.0,0.0,-0.8334,1331.04,0.87709,0.0,0.0,0.0,191.24,285.304,286.045
65100.0,0.0,-0.8187,1331.04,0.87704,0.0,0.0,0.0,191.23,285.302,285.985
65160.0,0.0,-0.8003,1331.04,0.877,0.0,0.0,0.0,191.22,285.302,285.93
65220.0,0.0,-0.7783,1331.04,0.87697,0.0,0.0,0.0,191.21,285.301,285.88
65280.0,0.0,-0.7527,1331.04,0.87694,0.0,0.0,0.0,191.21,285.3,285.834
65340.0,0.0,-0.7238,1331.04,0.87692,0.0,0.0,0.0,191.2,285.3,285.791
65400.0,0.0,-0.6915,1331.04,0.87691,0.0,0.0,0.0,191.2,285.299,285.752
65460.0,0.0,-0.6561,1331.04,0.8769,0.0,0.0,0.0,191.2,285.299,285.715
65520.0,0.0,-0.6177,1331.04,0.8769,0.0,0.0,0.0,191.2,285.299,285.682
65580.0,0.0,-0.5766,1331.04,0.87691,0.0,0.0,0.0,191.2,285.299,285.652
65640.0,0.0,-0.5328,1331.04,0.87693,0.0,0.0,0.0,191.2,285.3,285.623
65700.0,0.0,-0.4865,1331.04,0.87695,0.0,0.0,0.0,191.21,285.3,285.598
65760.0,0.0,-0.4381,1331.04,0.87698,0.0,0.0,0.0,191.22,285.301,285.574
65820.0,0.0,-0.3877,1331.04,0.87701,0.0,0.0,0.0,191.22,285.302,285.552
65880.0,1.0,-0.3355,1331.04,0.87706,0.0,35.73,0.0,191.23,288.92,285.826
65940.0,1.0,-0.2818,1331.05,0.87711,0.0,30.01,0.0,191.25,288.351,286.032
66000.0,1.0,-0.2268,1331.05,0.87717,0.0,24.15,0.0,191.26,287.765,286.172
66060.0,1.0,-0.1708,1331.05,0.87724,0.0,18.18,0.0,191.27,287.165,286.253
66120.0,1.0,-0.114,1331.05,0.87732,0.0,12.13,0.0,191.29,286.553,286.277
66180.0,1.0,-0.0566,1331.05,0.8774,0.0,6.03,0.0,191.31,285.931,286.249
66240.0,1.0,0.001,1331.05,0.8775,0.1,0.0,0.03,191.33,285.326,286.175
66300.0,1.0,0.0586,1331.05,0.8776,6.24,0.0,1.64,191.35,286.125,286.171
66360.0,1.0,0.1159,1331.05,0.87771,12.34,0.0,3.25,191.38,286.913,286.231
66420.0,1.0,0.1728,1331.05,0.87783,18.4,0.0,4.84,191.4,287.688,286.349
66480.0,1.0,0.2288,1331.05,0.87796,24.36,0.0,6.42,191.43,288.447,286.52
66540.0,1.0,0.2838,1331.05,0.87809,30.22,0.0,7.96,191.46,289.186,286.739
66600.0,1.0,0.3375,1331.05,0.87824,35.94,0.0,9.47,191.49,289.903,286.999
66660.0,1.0,0.3897,1331.05,0.87839,41.5,0.0,10.94,191.52,290.594,287.296
66720.0,1.0,0.4401,1331.05,0.87855,46.87,0.0,12.35,191.56,291.258,287.626
66780.0,1.0,0.4886,1331.05,0.87871,52.02,0.0,13.71,191.59,291.891,287.982
66840.0,1.0,0.5348,1331.05,0.87888,56.94,0.0,15.01,191.63,292.492,288.361
66900.0,1.0,0.5785,1331.05,0.87906,61.6,0.0,16.25,191.67,293.059,288.757
66960.0,1.0,0.6196,1331.05,0.87924,65.98,0.0,17.4,191.71,293.588,289.167
67020.0,1.0,0.6579,1331.05,0.87942,70.06,0.0,18.48,191.75,294.079,289.585
67080.0,1.0,0.6932,1331.05,0.8796,73.82,0.0,19.48,191.79,294.529,290.009
67140.0,1.0,0.7253,1331.05,0.87979,77.24,0.0,20.39,191.83,294.938,290.432
67200.0,1.0,0.7541,1331.05,0.87998,80.3,0.0,21.2,191.87,295.304,290.853
67260.0,1.0,0.7795,1331.05,0.88017,83.0,0.0,21.92,191.91,295.625,291.266
67320.0,1.0,0.8013,1331.05,0.88035,85.32,0.0,22.53,191.95,295.901,291.669
67380.0,1.0,0.8194,1331.05,0.88053,87.25,0.0,23.05,191.99,296.13,292.058
67440.0,1.0,0.8337,1331.05,0.88071,88.78,0.0,23.46,192.03,296.312,292.43
67500.0,1.0,0.8443,1331.06,0.88088,89.9,0.0,23.76,192.07,296.447,292.782
67560.0,1.0,0.8509,1331.06,0.88104,90.61,0.0,23.95,192.1,296.533,293.112
67620.0,1.0,0.8537,1331.06,0.88119,90.9,0.0,24.03,192.14,296.57,293.416
67680.0,1.0,0.8525,1331.06,0.88134,90.78,0.0,24.0,192.17,296.559,293.693
67740.0,1.0,0.8475,1331.06,0.88147,90.24,0.0,23.86,192.2,296.5,293.941
67800.0,1.0,0.8385,1331.06,0.88159,89.29,0.0,23.61,192.22,296.391,294.157
67860.0,1.0,0.8257,1331.06,0.8817,87.92,0.0,23.26,192.25,296.235,294.341
67920.0,1.0,0.8091,1331.06,0.8818,86.15,0.0,22.79,192.27,296.031,294.49
67980.0,1.0,0.7888,1331.06,0.88188,83.99,0.0,22.22,192.28,295.779,294.604
68040.0,1.0,0.7648,1331.06,0.88194,81.44,0.0,21.55,192.3,295.482,294.681
68100.0,1.0,0.7373,1331.06,0.88199,78.52,0.0,20.78,192.31,295.139,294.722
68160.0,1.0,0.7065,1331.06,0.88203,75.23,0.0,19.91,192.32,294.752,294.724
68220.0,1.0,0.6724,1331.06,0.88204,71.6,0.0,18.95,192.32,294.322,294.689
68280.0,1.0,0.6352,1331.06,0.88204,67.64,0.0,17.9,192.32,293.85,294.616
68340.0,1.0,0.5951,1331.06,0.88203,63.37,0.0,16.77,192.32,293.338,294.504
68400.0,1.0,0.5523,1331.06,0.882,58.81,0.0,15.56,192.31,292.788,294.355
68460.0,1.0,0.5069,1331.06,0.88195,53.98,0.0,14.28,192.3,292.202,294.168
68520.0,1.0,0.4593,1331.06,0.88188,48.9,0.0,12.94,192.29,291.582,293.945
68580.0,1.0,0.4095,1331.06,0.8818,43.6,0.0,11.53,192.27,290.93,293.686
68640.0,1.0,0.3578,1331.06,0.88171,38.1,0.0,10.08,192.25,290.249,293.392
68700.0,1.0,0.3045,1331.06,0.8816,32.42,0.0,8.58,192.22,289.54,293.065
68760.0,1.0,0.2498,1331.06,0.88148,26.6,0.0,7.03,192.2,288.808,292.705
68820.0,1.0,0.194,1331.06,0.88135,20.65,0.0,5.46,192.17,288.054,292.314
68880.0,1.0,0.1372,1331.06,0.88121,14.61,0.0,3.86,192.14,287.282,291.893
68940.0,1.0,0.0799,1331.06,0.88105,8.51,0.0,2.25,192.1,286.495,291.445
69000.0,1.0,0.0222,1331.06,0.88089,2.37,0.0,0.63,192.07,285.697,290.97
69060.0,1.0,-0.0356,1331.07,0.88072,0.0,3.79,0.0,192.03,285.775,290.542
69120.0,1.0,-0.0932,1331.07,0.88055,0.0,9.92,0.0,192.0,286.399,290.201
69180.0,1.0,-0.1504,1331.07,0.88037,0.0,16.01,0.0,191.96,287.014,289.937
69240.0,1.0,-0.2068,1331.07,0.88019,0.0,22.03,0.0,191.92,287.618,289.746
69300.0,1.0,-0.2624,1331.07,0.88001,0.0,27.94,0.0,191.88,288.207,289.618
69360.0,1.0,-0.3167,1331.07,0.87982,0.0,33.72,0.0,191.84,288.78,289.548
69420.0,0.0,-0.3695,1331.07,0.87964,0.0,0.0,0.0,191.8,285.361,289.207
69480.0,0.0,-0.4206,1331.07,0.87945,0.0,0.0,0.0,191.76,285.357,288.893
69540.0,0.0,-0.4698,1331.07,0.87927,0.0,0.0,0.0,191.72,285.353,288.605
69600.0,0.0,-0.5169,1331.07,0.87909,0.0,0.0,0.0,191.68,285.349,288.341
69660.0,0.0,-0.5615,1331.07,0.87892,0.0,0.0,0.0,191.64,285.345,288.098
69720.0,0.0,-0.6036,1331.07,0.87875,0.0,0.0,0.0,191.6,285.341,287.875
69780.0,0.0,-0.643,1331.07,0.87859,0.0,0.0,0.0,191.57,285.337,287.67
69840.0,0.0,-0.6793,1331.07,0.87843,0.0,0.0,0.0,191.53,285.334,287.481
69900.0,0.0,-0.7126,1331.07,0.87828,0.0,0.0,0.0,191.5,285.33,287.307
69960.0,0.0,-0.7426,1331.07,0.87814,0.0,0.0,0.0,191.47,285.327,287.148
70020.0,0.0,-0.7692,1331.07,0.878,0.0,0.0,0.0,191.44,285.324,287.001
70080.0,0.0,-0.7923,1331.07,0.87788,0.0,0.0,0.0,191.41,285.321,286.866
70140.0,0.0,-0.8118,1331.07,0.87776,0.0,0.0,0.0,191.39,285.318,286.741
70200.0,0.0,-0.8276,1331.07,0.87764,0.0,0.0,0.0,191.36,285.316,286.627
70260.0,0.0,-0.8396,1331.07,0.87754,0.0,0.0,0.0,191.34,285.314,286.521
70320.0,0.0,-0.8478,1331.07,0.87745,0.0,0.0,0.0,191.32,285.312,286.424
70380.0,0.0,-0.8521,1331.07,0.87736,0.0,0.0,0.0,191.3,285.31,286.335
70440.0,0.0,-0.8525,1331.07,0.87728,0.0,0.0,0.0,191.28,285.308,286.252
70500.0,0.0,-0.8491,1331.07,0.87721,0.0,0.0,0.0,191.27,285.306,286.176
70560.0,0.0,-0.8418,1331.07,0.87714,0.0,0.0,0.0,191.25,285.305,286.107
70620.0,0.0,-0.8307,1331.08,0.87709,0.0,0.0,0.0,191.24,285.303,286.042
70680.0,0.0,-0.8158,1331.08,0.87704,0.0,0.0,0.0,191.23,285.302,285.983
70740.0,0.0,-0.7972,1331.08,0.877,0.0,0.0,0.0,191.22,285.301,285.928
70800.0,0.0,-0.775,1331.08,0.87697,0.0,0.0,0.0,191.21,285.301,285.878
70860.0,0.0,-0.7493,1331.08,0.87694,0.0,0.0,0.0,191.21,285.3,285.832
70920.0,0.0,-0.7202,1331.08,0.87692,0.0,0.0,0.0,191.2,285.3,285.789
70980.0,0.0,-0.6878,1331.08,0.87691,0.0,0.0,0.0,191.2,285.299,285.75
71040.0,0.0,-0.6522,1331.08,0.8769,0.0,0.0,0.0,191.2,285.299,285.714
71100.0,0.0,-0.6138,1331.08,0.8769,0.0,0.0,0.0,191.2,285.299,285.681
71160.0,0.0,-0.5725,1331.08,0.87691,0.0,0.0,0.0,191.2,285.3,285.651
71220.0,0.0,-0.5286,1331.08,0.87693,0.0,0.0,0.0,191.21,285.3,285.623
71280.0,0.0,-0.4824,1331.08,0.87695,0.0,0.0,0.0,191.21,285.3,285.597
71340.0,0.0,-0.4339,1331.08,0.87698,0.0,0.0,0.0,191.22,285.301,285.573
71400.0,0.0,-0.3835,1331.08,0.87702,0.0,0.0,0.0,191.23,285.302,285.551
71460.0,1.0,-0.3313,1331.08,0.87707,0.0,35.28,0.0,191.24,288.876,285.822
71520.0,1.0,-0.2776,1331.08,0.87712,0.0,29.56,0.0,191.25,288.307,286.024
71580.0,1.0,-0.2227,1331.08,0.87718,0.0,23.71,0.0,191.26,287.721,286.162
71640.0,1.0,-0.1667,1331.08,0.87725,0.0,17.75,0.0,191.28,287.121,286.239
71700.0,1.0,-0.11,1331.08,0.87733,0.0,11.71,0.0,191.29,286.51,286.261
71760.0,1.0,-0.0527,1331.08,0.87742,0.0,5.62,0.0,191.31,285.888,286.231
71820.0,1.0,0.0047,1331.08,0.87751,0.51,0.0,0.13,191.33,285.379,286.163
71880.0,1.0,0.0622,1331.08,0.87761,6.63,0.0,1.74,191.35,286.175,286.164
71940.0,1.0,0.1194,1331.08,0.87773,12.72,0.0,3.35,191.38,286.961,286.228
72000.0,1.0,0.1761,1331.08,0.87785,18.75,0.0,4.94,191.41,287.733,286.35
72060.0,1.0,0.2319,1331.08,0.87798,24.7,0.0,6.51,191.43,288.489,286.525
72120.0,1.0,0.2867,1331.08,0.87811,30.53,0.0,8.04,191.46,289.226,286.746
72180.0,1.0,0.3403,1331.09,0.87826,36.23,0.0,9.55,191.5,289.939,287.009
72240.0,1.0,0.3922,1331.09,0.87841,41.77,0.0,11.01,191.53,290.628,287.308
72300.0,1.0,0.4424,1331.09,0.87857,47.11,0.0,12.42,191.56,291.288,287.639
72360.0,1.0,0.4906,1331.09,0.87873,52.24,0.0,13.77,191.6,291.918,287.997
72420.0,1.0,0.5365,1331.09,0.8789,57.13,0.0,15.06,191.64,292.516,288.377
72480.0,1.0,0.58,1331.09,0.87908,61.76,0.0,16.29,191.67,293.079,288.773
72540.0,1.0,0.6209,1331.09,0.87926,66.11,0.0,17.44,191.71,293.605,289.183
72600.0,1.0,0.6589,1331.09,0.87945,70.16,0.0,18.51,191.75,294.092,289.601
72660.0,1.0,0.6939,1331.09,0.87963,73.89,0.0,19.5,191.79,294.539,290.024
72720.0,1.0,0.7257,1331.09,0.87982,77.28,0.0,20.4,191.84,294.944,290.447
72780.0,1.0,0.7542,1331.09,0.88001,80.32,0.0,21.2,191.88,295.306,290.866
72840.0,1.0,0.7793,1331.09,0.88019,82.99,0.0,21.91,191.92,295.624,291.278
72900.0,1.0,0.8008,1331.09,0.88038,85.27,0.0,22.52,191.96,295.896,291.68
72960.0,1.0,0.8186,1331.09,0.88056,87.17,0.0,23.03,192.0,296.122,292.067
73020.0,1.0,0.8327,1331.09,0.88073,88.67,0.0,23.43,192.03,296.3,292.437
73080.0,1.0,0.843,1331.09,0.8809,89.76,0.0,23.72,192.07,296.431,292.787
73140.0,1.0,0.8494,1331.09,0.88106,90.45,0.0,23.91,192.11,296.514,293.115
73200.0,1.0,0.8519,1331.09,0.88121,90.71,0.0,23.98,192.14,296.548,293.417
73260.0,1.0,0.8504,1331.09,0.88136,90.56,0.0,23.94,192.17,296.534,293.692
73320.0,1.0,0.8451,1331.09,0.88149,89.99,0.0,23.8,192.2,296.471,293.937
73380.0,1.0,0.8359,1331.09,0.88161,89.02,0.0,23.54,192.23,296.36,294.151
73440.0,1.0,0.8229,1331.09,0.88172,87.63,0.0,23.18,192.25,296.201,294.332
73500.0,1.0,0.8061,1331.09,0.88181,85.84,0.0,22.71,192.27,295.994,294.479
73560.0,1.0,0.7856,1331.09,0.88189,83.65,0.0,22.13,192.29,295.74,294.59
73620.0,1.0,0.7614,1331.09,0.88195,81.08,0.0,21.45,192.3,295.44,294.665
73680.0,1.0,0.7338,1331.1,0.882,78.14,0.0,20.68,192.31,295.095,294.703
73740.0,1.0,0.7028,1331.1,0.88203,74.84,0.0,19.8,192.32,294.706,294.703
73800.0,1.0,0.6686,1331.1,0.88205,71.2,0.0,18.84,192.32,294.273,294.666
73860.0,1.0,0.6313,1331.1,0.88204,67.22,0.0,17.79,192.32,293.8,294.59
73920.0,1.0,0.5911,1331.1,0.88203,62.94,0.0,16.66,192.32,293.287,294.476
73980.0,1.0,0.5482,1331.1,0.88199,58.38,0.0,15.45,192.31,292.736,294.325
74040.0,1.0,0.5028,1331.1,0.88194,53.54,0.0,14.17,192.3,292.148,294.136
74100.0,1.0,0.455,1331.1,0.88187,48.46,0.0,12.82,192.28,291.527,293.911
74160.0,1.0,0.4052,1331.1,0.88179,43.15,0.0,11.42,192.27,290.875,293.651
74220.0,1.0,0.3536,1331.1,0.8817,37.65,0.0,9.96,192.24,290.193,293.355
74280.0,1.0,0.3003,1331.1,0.88159,31.98,0.0,8.46,192.22,289.484,293.026
74340.0,1.0,0.2456,1331.1,0.88146,26.16,0.0,6.92,192.19,288.752,292.665
74400.0,1.0,0.1898,1331.1,0.88133,20.22,0.0,5.35,192.17,287.998,292.272
74460.0,1.0,0.1332,1331.1,0.88119,14.18,0.0,3.75,192.13,287.227,291.851
74520.0,1.0,0.076,1331.1,0.88103,8.09,0.0,2.14,192.1,286.441,291.402
74580.0,1.0,0.0184,1331.1,0.88087,1.96,0.0,0.52,192.06,285.643,290.926
74640.0,1.0,-0.0393,1331.1,0.8807,0.0,4.18,0.0,192.03,285.815,290.505
74700.0,1.0,-0.0967,1331.1,0.88053,0.0,10.3,0.0,191.99,286.437,290.17
74760.0,1.0,-0.1538,1331.1,0.88035,0.0,16.37,0.0,191.95,287.05,289.912
74820.0,1.0,-0.21,1331.1,0.88017,0.0,22.37,0.0,191.91,287.652,289.725
74880.0,1.0,-0.2654,1331.1,0.87998,0.0,28.26,0.0,191.87,288.239,289.602
74940.0,1.0,-0.3195,1331.1,0.8798,0.0,34.02,0.0,191.83,288.81,289.536
75000.0,0.0,-0.3721,1331.1,0.87961,0.0,0.0,0.0,191.79,285.36,289.196
75060.0,0.0,-0.423,1331.1,0.87943,0.0,0.0,0.0,191.75,285.356,288.883
75120.0,0.0,-0.4719,1331.1,0.87925,0.0,0.0,0.0,191.71,285.352,288.596
75180.0,0.0,-0.5187,1331.1,0.87907,0.0,0.0,0.0,191.67,285.348,288.332
75240.0,0.0,-0.5631,1331.11,0.8789,0.0,0.0,0.0,191.64,285.344,288.09
75300.0,0.0,-0.605,1331.11,0.87873,0.0,0.0,0.0,191.6,285.34,287.867
75360.0,0.0,-0.644,1331.11,0.87857,0.0,0.0,0.0,191.56,285.337,287.663
75420.0,0.0,-0.6801,1331.11,0.87841,0.0,0.0,0.0,191.53,285.333,287.475
75480.0,0.0,-0.7131,1331.11,0.87826,0.0,0.0,0.0,191.5,285.33,287.302
75540.0,0.0,-0.7428,1331.11,0.87812,0.0,0.0,0.0,191.47,285.327,287.142
75600.0,0.0,-0.7691,1331.11,0.87799,0.0,0.0,0.0,191.44,285.324,286.996
75660.0,0.0,-0.7919,1331.11,0.87786,0.0,0.0,0.0,191.41,285.321,286.861
75720.0,0.0,-0.8111,1331.11,0.87774,0.0,0.0,0.0,191.38,285.318,286.737
75780.0,0.0,-0.8266,1331.11,0.87763,0.0,0.0,0.0,191.36,285.316,286.623
75840.0,0.0,-0.8384,1331.11,0.87753,0.0,0.0,0.0,191.34,285.313,286.518
75900.0,0.0,-0.8463,1331.11,0.87744,0.0,0.0,0.0,191.32,285.311,286.421
75960.0,0.0,-0.8504,1331.11,0.87735,0.0,0.0,0.0,191.3,285.309,286.332
76020.0,0.0,-0.8506,1331.11,0.87727,0.0,0.0,0.0,191.28,285.308,286.249
76080.0,0.0,-0.8469,1331.11,0.8772,0.0,0.0,0.0,191.27,285.306,286.174
76140.0,0.0,-0.8394,1331.11,0.87714,0.0,0.0,0.0,191.25,285.305,286.104
76200.0,0.0,-0.828,1331.11,0.87708,0.0,0.0,0.0,191.24,285.303,286.04
76260.0,0.0,-0.8129,1331.11,0.87704,0.0,0.0,0.0,191.23,285.302,285.981
76320.0,0.0,-0.7941,1331.11,0.877,0.0,0.0,0.0,191.22,285.301,285.927
76380.0,0.0,-0.7717,1331.11,0.87696,0.0,0.0,0.0,191.21,285.301,285.876
76440.0,0.0,-0.7458,1331.11,0.87694,0.0,0.0,0.0,191.21,285.3,285.83
76500.0,0.0,-0.7166,1331.11,0.87692,0.0,0.0,0.0,191.2,285.3,285.788
76560.0,0.0,-0.684,1331.11,0.87691,0.0,0.0,0.0,191.2,285.299,285.749
76620.0,0.0,-0.6484,1331.11,0.8769,0.0,0.0,0.0,191.2,285.299,285.713
76680.0,0.0,-0.6098,1331.11,0.87691,0.0,0.0,0.0,191.2,285.299,285.68
76740.0,0.0,-0.5685,1331.11,0.87692,0.0,0.0,0.0,191.2,285.3,285.649
76800.0,0.0,-0.5245,1331.12,0.87693,0.0,0.0,0.0,191.21,285.3,285.622
76860.0,0.0,-0.4782,1331.12,0.87696,0.0,0.0,0.0,191.21,285.301,285.596
76920.0,0.0,-0.4297,1331.12,0.87699,0.0,0.0,0.0,191.22,285.301,285.572
76980.0,0.0,-0.3793,1331.12,0.87703,0.0,0.0,0.0,191.23,285.302,285.551
77040.0,1.0,-0.3271,1331.12,0.87707,0.0,34.84,0.0,191.24,288.832,285.818
77100.0,1.0,-0.2735,1331.12,0.87713,0.0,29.12,0.0,191.25,288.263,286.016
77160.0,1.0,-0.2186,1331.12,0.87719,0.0,23.28,0.0,191.26,287.678,286.151
77220.0,1.0,-0.1627,1331.12,0.87726,0.0,17.32,0.0,191.28,287.078,286.226
77280.0,1.0,-0.106,1331.12,0.87734,0.0,11.29,0.0,191.3,286.467,286.245
77340.0,1.0,-0.0489,1331.12,0.87743,0.0,5.21,0.0,191.31,285.847,286.213
77400.0,1.0,0.0085,1331.12,0.87752,0.9,0.0,0.24,191.34,285.431,286.151
77460.0,1.0,0.0658,1331.12,0.87763,7.01,0.0,1.85,191.36,286.225,286.157
77520.0,1.0,0.1228,1331.12,0.87774,13.08,0.0,3.44,191.38,287.008,286.225
77580.0,1.0,0.1793,1331.12,0.87786,19.1,0.0,5.03,191.41,287.778,286.351
77640.0,1.0,0.235,1331.12,0.87799,25.03,0.0,6.59,191.44,288.531,286.529
77700.0,1.0,0.2896,1331.12,0.87813,30.84,0.0,8.13,191.47,289.265,286.753
77760.0,1.0,0.3429,1331.12,0.87828,36.52,0.0,9.62,191.5,289.975,287.019
77820.0,1.0,0.3947,1331.12,0.87843,42.03,0.0,11.08,191.53,290.661,287.32
77880.0,1.0,0.4446,1331.12,0.87859,47.35,0.0,12.48,191.57,291.318,287.653
77940.0,1.0,0.4926,1331.12,0.87876,52.45,0.0,13.83,191.6,291.945,288.012
78000.0,1.0,0.5382,1331.12,0.87893,57.32,0.0,15.11,191.64,292.539,288.392
78060.0,1.0,0.5815,1331.12,0.87911,61.92,0.0,16.33,191.68,293.098,288.789
78120.0,1.0,0.6221,1331.12,0.87929,66.24,0.0,17.47,191.72,293.621,289.199
78180.0,1.0,0.6598,1331.12,0.87947,70.26,0.0,18.54,191.76,294.104,289.617
78240.0,1.0,0.6945,1331.12,0.87966,73.96,0.0,19.52,191.8,294.548,290.039
78300.0,1.0,0.7261,1331.12,0.87985,77.32,0.0,20.41,191.84,294.949,290.461
78360.0,1.0,0.7543,1331.13,0.88003,80.33,0.0,21.21,191.88,295.308,290.879
78420.0,1.0,0.7791,1331.13,0.88022,82.97,0.0,21.91,191.92,295.622,291.29
78480.0,1.0,0.8003,1331.13,0.8804,85.22,0.0,22.51,191.96,295.891,291.69
78540.0,1.0,0.8179,1331.13,0.88058,87.09,0.0,23.01,192.0,296.113,292.076
78600.0,1.0,0.8317,1331.13,0.88076,88.56,0.0,23.4,192.04,296.288,292.444
78660.0,1.0,0.8416,1331.13,0.88092,89.63,0.0,23.69,192.08,296.416,292.792
78720.0,1.0,0.8478,1331.13,0.88108,90.28,0.0,23.86,192.11,296.495,293.118
78780.0,1.0,0.85,1331.13,0.88124,90.52,0.0,23.93,192.14,296.526,293.418
78840.0,1.0,0.8483,1331.13,0.88138,90.34,0.0,23.89,192.18,296.509,293.69
78900.0,1.0,0.8428,1331.13,0.88151,89.75,0.0,23.73,192.2,296.443,293.933
78960.0,1.0,0.8333,1331.13,0.88163,88.74,0.0,23.47,192.23,296.329,294.145
79020.0,1.0,0.8201,1331.13,0.88173,87.33,0.0,23.1,192.25,296.167,294.323
79080.0,1.0,0.8031,1331.13,0.88182,85.52,0.0,22.62,192.27,295.957,294.467
79140.0,1.0,0.7824,1331.13,0.8819,83.31,0.0,22.04,192.29,295.701,294.576
79200.0,1.0,0.7581,1331.13,0.88196,80.73,0.0,21.36,192.3,295.398,294.649
79260.0,1.0,0.7303,1331.13,0.88201,77.77,0.0,20.58,192.31,295.051,294.684
79320.0,1.0,0.6991,1331.13,0.88204,74.45,0.0,19.7,192.32,294.659,294.682
79380.0,1.0,0.6648,1331.13,0.88205,70.79,0.0,18.73,192.32,294.225,294.642
79440.0,1.0,0.6274,1331.13,0.88204,66.81,0.0,17.68,192.32,293.75,294.564
79500.0,1.0,0.5871,1331.13,0.88202,62.52,0.0,16.54,192.32,293.236,294.448
79560.0,1.0,0.5441,1331.13,0.88199,57.94,0.0,15.33,192.31,292.683,294.295
79620.0,1.0,0.4986,1331.13,0.88193,53.1,0.0,14.05,192.3,292.095,294.104
79680.0,1.0,0.4509,1331.13,0.88186,48.01,0.0,12.7,192.28,291.473,293.877
79740.0,1.0,0.401,1331.13,0.88178,42.71,0.0,11.3,192.26,290.819,293.615
79800.0,1.0,0.3494,1331.13,0.88168,37.2,0.0,9.84,192.24,290.137,293.318
79860.0,1.0,0.2961,1331.13,0.88157,31.53,0.0,8.34,192.22,289.428,292.987
79920.0,1.0,0.2415,1331.14,0.88145,25.72,0.0,6.8,192.19,288.696,292.625
79980.0,1.0,0.1858,1331.14,0.88131,19.78,0.0,5.23,192.16,287.943,292.231
80040.0,1.0,0.1292,1331.14,0.88117,13.76,0.0,3.64,192.13,287.172,291.809
80100.0,1.0,0.0721,1331.14,0.88101,7.67,0.0,2.03,192.1,286.387,291.359
80160.0,1.0,0.0146,1331.14,0.88085,1.55,0.0,0.41,192.06,285.59,290.883
80220.0,1.0,-0.0429,1331.14,0.88068,0.0,4.57,0.0,192.02,285.854,290.469
80280.0,1.0,-0.1003,1331.14,0.8805,0.0,10.68,0.0,191.99,286.475,290.14
80340.0,1.0,-0.1571,1331.14,0.88032,0.0,16.73,0.0,191.95,287.086,289.887
80400.0,1.0,-0.2132,1331.14,0.88014,0.0,22.71,0.0,191.91,287.685,289.705
80460.0,1.0,-0.2683,1331.14,0.87996,0.0,28.58,0.0,191.87,288.27,289.586
80520.0,1.0,-0.3222,1331.14,0.87977,0.0,34.31,0.0,191.83,288.838,289.524
80580.0,0.0,-0.3746,1331.14,0.87959,0.0,0.0,0.0,191.79,285.36,289.184
80640.0,0.0,-0.4253,1331.14,0.87941,0.0,0.0,0.0,191.75,285.356,288.873
80700.0,0.0,-0.474,1331.14,0.87923,0.0,0.0,0.0,191.71,285.352,288.586
80760.0,0.0,-0.5205,1331.14,0.87905,0.0,0.0,0.0,191.67,285.348,288.323
80820.0,0.0,-0.5647,1331.14,0.87888,0.0,0.0,0.0,191.63,285.344,288.082
80880.0,0.0,-0.6062,1331.14,0.87871,0.0,0.0,0.0,191.59,285.34,287.86
80940.0,0.0,-0.645,1331.14,0.87855,0.0,0.0,0.0,191.56,285.336,287.656
81000.0,0.0,-0.6808,1331.14,0.87839,0.0,0.0,0.0,191.53,285.333,287.468
81060.0,0.0,-0.7135,1331.14,0.87825,0.0,0.0,0.0,191.49,285.33,287.296
81120.0,0.0,-0.743,1331.14,0.87811,0.0,0.0,0.0,191.46,285.326,287.137
81180.0,0.0,-0.769,1331.14,0.87797,0.0,0.0,0.0,191.43,285.323,286.991
81240.0,0.0,-0.7916,1331.14,0.87785,0.0,0.0,0.0,191.41,285.321,286.856
81300.0,0.0,-0.8105,1331.14,0.87773,0.0,0.0,0.0,191.38,285.318,286.733
81360.0,0.0,-0.8257,1331.14,0.87762,0.0,0.0,0.0,191.36,285.315,286.619
81420.0,0.0,-0.8372,1331.14,0.87752,0.0,0.0,0.0,191.33,285.313,286.514
81480.0,0.0,-0.8448,1331.15,0.87743,0.0,0.0,0.0,191.31,285.311,286.417
81540.0,0.0,-0.8486,1331.15,0.87734,0.0,0.0,0.0,191.3,285.309,286.328
81600.0,0.0,-0.8486,1331.15,0.87726,0.0,0.0,0.0,191.28,285.307,286.247
81660.0,0.0,-0.8446,1331.15,0.87719,0.0,0.0,0.0,191.26,285.306,286.171
81720.0,0.0,-0.8369,1331.15,0.87713,0.0,0.0,0.0,191.25,285.304,286.102
81780.0,0.0,-0.8253,1331.15,0.87708,0.0,0.0,0.0,191.24,285.303,286.038
81840.0,0.0,-0.81,1331.15,0.87703,0.0,0.0,0.0,191.23,285.302,285.979
81900.0,0.0,-0.791,1331.15,0.87699,0.0,0.0,0.0,191.22,285.301,285.925
81960.0,0.0,-0.7685,1331.15,0.87696,0.0,0.0,0.0,191.21,285.301,285.875
82020.0,0.0,-0.7424,1331.15,0.87694,0.0,0.0,0.0,191.21,285.3,285.829
82080.0,0.0,-0.713,1331.15,0.87692,0.0,0.0,0.0,191.2,285.3,285.786
82140.0,0.0,-0.6803,1331.15,0.87691,0.0,0.0,0.0,191.2,285.299,285.747
82200.0,0.0,-0.6446,1331.15,0.87691,0.0,0.0,0.0,191.2,285.299,285.712
82260.0,0.0,-0.6059,1331.15,0.87691,0.0,0.0,0.0,191.2,285.299,285.679
82320.0,0.0,-0.5645,1331.15,0.87692,0.0,0.0,0.0,191.2,285.3,285.648
82380.0,0.0,-0.5205,1331.15,0.87694,0.0,0.0,0.0,191.21,285.3,285.621
82440.0,0.0,-0.4741,1331.15,0.87696,0.0,0.0,0.0,191.21,285.301,285.595
82500.0,0.0,-0.4256,1331.15,0.87699,0.0,0.0,0.0,191.22,285.301,285.572
82560.0,0.0,-0.3751,1331.15,0.87703,0.0,0.0,0.0,191.23,285.302,285.55
82620.0,1.0,-0.323,1331.15,0.87708,0.0,34.4,0.0,191.24,288.788,285.813
82680.0,1.0,-0.2694,1331.15,0.87714,0.0,28.69,0.0,191.25,288.219,286.009
82740.0,1.0,-0.2145,1331.15,0.8772,0.0,22.84,0.0,191.26,287.634,286.141
82800.0,1.0,-0.1587,1331.15,0.87727,0.0,16.9,0.0,191.28,287.035,286.213
82860.0,1.0,-0.1021,1331.15,0.87735,0.0,10.87,0.0,191.3,286.425,286.23
82920.0,1.0,-0.0451,1331.15,0.87744,0.0,4.8,0.0,191.32,285.805,286.196
82980.0,1.0,0.0122,1331.15,0.87754,1.3,0.0,0.34,191.34,285.482,286.139
83040.0,1.0,0.0694,1331.16,0.87764,7.39,0.0,1.94,191.36,286.274,286.15
83100.0,1.0,0.1262,1331.16,0.87776,13.44,0.0,3.54,191.39,287.055,286.223
83160.0,1.0,0.1826,1331.16,0.87788,19.44,0.0,5.12,191.41,287.822,286.353
83220.0,1.0,0.2381,1331.16,0.87801,25.35,0.0,6.68,191.44,288.573,286.534
83280.0,1.0,0.2925,1331.16,0.87815,31.15,0.0,8.21,191.47,289.303,286.761
83340.0,1.0,0.3456,1331.16,0.8783,36.8,0.0,9.7,191.5,290.011,287.029
83400.0,1.0,0.3971,1331.16,0.87845,42.29,0.0,11.14,191.54,290.693,287.332
83460.0,1.0,0.4468,1331.16,0.87861,47.58,0.0,12.54,191.57,291.347,287.666
83520.0,1.0,0.4945,1331.16,0.87878,52.66,0.0,13.88,191.61,291.971,288.026
83580.0,1.0,0.5399,1331.16,0.87895,57.5,0.0,15.16,191.65,292.561,288.407
83640.0,1.0,0.5829,1331.16,0.87913,62.08,0.0,16.37,191.69,293.117,288.805
83700.0,1.0,0.6232,1331.16,0.87931,66.37,0.0,17.51,191.73,293.636,289.215
83760.0,1.0,0.6607,1331.16,0.8795,70.36,0.0,18.56,191.77,294.116,289.632
83820.0,1.0,0.6951,1331.16,0.87968,74.03,0.0,19.54,191.81,294.556,290.054
83880.0,1.0,0.7264,1331.16,0.87987,77.36,0.0,20.42,191.85,294.954,290.475
83940.0,1.0,0.7544,1331.16,0.88006,80.33,0.0,21.21,191.89,295.309,290.892
84000.0,1.0,0.7789,1331.16,0.88025,82.94,0.0,21.9,191.93,295.62,291.302
84060.0,1.0,0.7998,1331.16,0.88043,85.17,0.0,22.5,191.97,295.885,291.7
84120.0,1.0,0.8171,1331.16,0.88061,87.01,0.0,22.99,192.01,296.104,292.084
84180.0,1.0,0.8306,1331.16,0.88078,88.45,0.0,23.37,192.05,296.276,292.451
84240.0,1.0,0.8403,1331.16,0.88095,89.49,0.0,23.65,192.08,296.4,292.797
84300.0,1.0,0.8462,1331.16,0.88111,90.11,0.0,23.82,192.12,296.476,293.12
84360.0,1.0,0.8481,1331.16,0.88126,90.32,0.0,23.88,192.15,296.504,293.418
84420.0,1.0,0.8462,1331.16,0.8814,90.12,0.0,23.83,192.18,296.483,293.688
84480.0,1.0,0.8404,1331.16,0.88153,89.5,0.0,23.67,192.21,296.415,293.929
84540.0,1.0,0.8308,1331.17,0.88164,88.47,0.0,23.4,192.23,296.297,294.138
84600.0,1.0,0.8173,1331.17,0.88175,87.04,0.0,23.02,192.26,296.133,294.314
84660.0,1.0,0.8001,1331.17,0.88184,85.2,0.0,22.54,192.28,295.92,294.456
84720.0,1.0,0.7792,1331.17,0.88191,82.98,0.0,21.95,192.29,295.661,294.562
84780.0,1.0,0.7547,1331.17,0.88197,80.37,0.0,21.26,192.3,295.356,294.632
84840.0,1.0,0.7267,1331.17,0.88201,77.39,0.0,20.48,192.31,295.007,294.665
84900.0,1.0,0.6955,1331.17,0.88204,74.06,0.0,19.6,192.32,294.613,294.661
84960.0,1.0,0.661,1331.17,0.88205,70.39,0.0,18.63,192.32,294.178,294.618
85020.0,1.0,0.6235,1331.17,0.88204,66.39,0.0,17.57,192.32,293.701,294.538
85080.0,1.0,0.5831,1331.17,0.88202,62.09,0.0,16.43,192.32,293.184,294.42
85140.0,1.0,0.54,1331.17,0.88198,57.51,0.0,15.22,192.31,292.631,294.265
85200.0,1.0,0.4945,1331.17,0.88192,52.66,0.0,13.93,192.29,292.041,294.072
85260.0,1.0,0.4467,1331.17,0.88185,47.57,0.0,12.59,192.28,291.418,293.844
85320.0,1.0,0.3969,1331.17,0.88177,42.26,0.0,11.18,192.26,290.764,293.579
85380.0,1.0,0.3452,1331.17,0.88167,36.76,0.0,9.72,192.24,290.082,293.281
85440.0,1.0,0.292,1331.17,0.88156,31.09,0.0,8.22,192.21,289.373,292.949
85500.0,1.0,0.2374,1331.17,0.88143,25.28,0.0,6.68,192.19,288.64,292.585
85560.0,1.0,0.1817,1331.17,0.88129,19.35,0.0,5.12,192.16,287.888,292.19
85620.0,1.0,0.1252,1331.17,0.88115,13.34,0.0,3.53,192.13,287.117,291.767
85680.0,1.0,0.0682,1331.17,0.88099,7.26,0.0,1.92,192.09,286.333,291.316
85740.0,1.0,0.0108,1331.17,0.88083,1.15,0.0,0.3,192.06,285.538,290.84
85800.0,1.0,-0.0466,1331.17,0.88066,0.0,4.96,0.0,192.02,285.893,290.433
85860.0,1.0,-0.1037,1331.17,0.88048,0.0,11.05,0.0,191.98,286.512,290.109
85920.0,1.0,-0.1604,1331.17,0.8803,0.0,17.08,0.0,191.94,287.121,289.862
85980.0,1.0,-0.2163,1331.17,0.88012,0.0,23.04,0.0,191.9,287.718,289.685
86040.0,1.0,-0.2713,1331.17,0.87993,0.0,28.89,0.0,191.86,288.301,289.57
86100.0,1.0,-0.3249,1331.18,0.87975,0.0,34.6,0.0,191.82,288.867,289.512
86160.0,0.0,-0.3771,1331.18,0.87957,0.0,0.0,0.0,191.78,285.359,289.173
86220.0,0.0,-0.4276,1331.18,0.87938,0.0,0.0,0.0,191.74,285.355,288.862
86280.0,0.0,-0.476,1331.18,0.8792,0.0,0.0,0.0,191.7,285.351,288.577
86340.0,0.0,-0.5223,1331.18,0.87903,0.0,0.0,0.0,191.66,285.347,288.315
86400.0,0.0,-0.5662,1331.18,0.87886,0.0,0.0,0.0,191.63,285.343,288.074
