t,sun_ux,sun_uy,sun_uz,beta_deg
0.0,-0.8650207483525851,0.4603450246196549,0.19955340946088315,-28.795133356577487
60.0,-0.8650266076002047,0.46033575617311434,0.1995493917109457,-28.795558229515144
120.0,-0.8650324667315156,0.46032648766116674,0.19954537393265523,-28.795752759563378
180.0,-0.8650383257465318,0.4603172190837892,0.19954135612600196,-28.795757191436213
240.0,-0.8650441846452532,0.46030795044098183,0.19953733829098574,-28.795615286370953
300.0,-0.8650500434276953,0.46029868173272087,0.1995333204275964,-28.795373522586477
360.0,-0.8650559020977475,0.4602894129528516,0.19952930253316573,-28.79508024463484
420.0,-0.8650617606475947,0.46028014411373824,0.19952528461305383,-28.794784775193623
480.0,-0.8650676190811277,0.46027087520922466,0.19952126666459188,-28.794536511100635
540.0,-0.8650734773983768,0.4602616062392636,0.19951724868775936,-28.794384013220615
600.0,-0.86507933559931,0.4602523372039048,0.19951323068257792,-28.79437411240196
660.0,-0.8650851936839422,0.4602430681031246,0.19950921264903726,-28.79455104601093
720.0,-0.8650910516522881,0.4602337989368998,0.19950519458712737,-28.794955641425798
780.0,-0.8650969095043157,0.4602245297052804,0.19950117649686988,-28.79562456169585
840.0,-0.8651027672400387,0.46021526040824484,0.19949715837825552,-28.796589627419678
900.0,-0.8651086248594575,0.46020599104579235,0.19949314023128373,-28.797877227447195
960.0,-0.8651144823625867,0.4601967216178991,0.19948912205594446,-28.799507829414026
1020.0,-0.8651203397533157,0.4601874521184101,0.19948510384956947,-28.801495599595686
1080.0,-0.8651261970238311,0.4601781825596903,0.1994810856175188,-28.803848137058313
1140.0,-0.8651320541780225,0.4601689129355837,0.19947706735712392,-28.806566332485218
1200.0,-0.8651379112159203,0.4601596432460418,0.19947304906836386,-28.809644347225785
1260.0,-0.8651437681374923,0.46015037349111604,0.1994690307512608,-28.813069718414653
1320.0,-0.865149624942754,0.46014110367078126,0.19946501240580392,-28.816823586195706
1380.0,-0.8651554816317196,0.46013183378501477,0.19946099403198336,-28.820881039273992
1440.0,-0.8651613382043567,0.4601225638338676,0.19945697562982123,-28.82521157251257
1500.0,-0.8651671946606801,0.46011329381731636,0.19945295719930742,-28.829779648205534
1560.0,-0.8651730510006895,0.4601040237353612,0.19944893874044198,-28.83454535068235
1620.0,-0.8651789072243994,0.46009475358797886,0.1994449202532149,-28.839465122197755
1680.0,-0.8651847633317771,0.46008548337522076,0.19944090173764828,-28.84449256648869
1740.0,-0.8651906193267758,0.460076213090829,0.19943688319102956,-28.849579305495407
1800.0,-0.8651964752015187,0.46006694274727217,0.1994328646187637,-28.854675871134717
1860.0,-0.8652023309599588,0.4600576723382926,0.19942884601813804,-28.85973262098041
1920.0,-0.8652081866020638,0.4600484018639414,0.19942482738917483,-28.864700653533163
1980.0,-0.865214042127847,0.46003913132419655,0.1994208087318643,-28.8695327114401
2040.0,-0.86521989753731,0.4600298607190563,0.19941679004620588,-28.874184053578094
2100.0,-0.8652257528304663,0.4600205900484982,0.19941277133218985,-28.878613280073477
2160.0,-0.8652316080072839,0.46001131931257355,0.19940875258983828,-28.88278309481156
2220.0,-0.8652374630677772,0.4600020485112587,0.19940473381914117,-28.886660991206778
2280.0,-0.8652433180119612,0.4599927776445299,0.1994007150200879,-28.890219848418074
2340.0,-0.8652491728398037,0.45998350671243776,0.19939669619270073,-28.893438426944485
2400.0,-0.8652550275552562,0.4599742357087252,0.19939267733426716,-28.896301754830922
2460.0,-0.8652608821504444,0.45996496464586023,0.1993886584501918,-28.89880139523538
2520.0,-0.86526673662932,0.459955693517586,0.19938463953776261,-28.900935596036707
2580.0,-0.8652725909918506,0.459946422323953,0.19938062059700135,-28.902709311729964
2640.0,-0.8652784452380506,0.4599371510649386,0.1993766016278982,-28.90413410299029
2700.0,-0.8652842993679202,0.45992787974054217,0.19937258263045285,-28.905227913961912
2760.0,-0.8652901533814733,0.45991860835074166,0.19936856360465588,-28.906014732227227
2820.0,-0.8652960072786778,0.459909336895587,0.19936454455052877,-28.90652413820569
2880.0,-0.8653018610595643,0.4599000653750301,0.19936052546805086,-28.90679075281817
2940.0,-0.8653077147241003,0.4598907937891223,0.19935650635724425,-28.906853594049576
3000.0,-0.865313568272301,0.4598815221378391,0.19935248721809842,-28.906755354753898
3060.0,-0.8653194217081006,0.45987225041494845,0.1993484680479117,-28.906541615706228
3120.0,-0.8653252750236438,0.45986297863289294,0.19934444885207805,-28.906260006525688
3180.0,-0.865331128222833,0.4598537067854908,0.19934042962791756,-28.905959335490355
3240.0,-0.8653369813056826,0.4598444348727194,0.19933641037542044,-28.905688697091392
3300.0,-0.8653428342721922,0.45983516289457926,0.19933239109458692,-28.905496579042044
3360.0,-0.8653486871223617,0.45982589085106945,0.19932837178541665,-28.90542998277403
3420.0,-0.8653545398562049,0.45981661874216856,0.19932435244790028,-28.905533573576985
3480.0,-0.8653603924736898,0.45980734656792754,0.19932033308205999,-28.905848875504
3540.0,-0.8653662449748475,0.45979807432829617,0.1993163136878739,-28.906413525267737
3600.0,-0.865372097359645,0.45978880202332645,0.19931229426536465,-28.907260598130517
3660.0,-0.8653779496280973,0.45977952965299496,0.19930827481452199,-28.908418017502044
3720.0,-0.8653838017841381,0.45977025721106823,0.19930425533264393,-28.90990805868955
3780.0,-0.865389653819913,0.45976098470999144,0.1993002358251251,-28.911746953063073
3840.0,-0.8653955057393243,0.4597517121435805,0.19929621628928493,-28.913944604664167
3900.0,-0.8654013575423869,0.45974243951181243,0.19929219672511342,-28.91650441670127
3960.0,-0.8654072092291002,0.4597331668146878,0.19928817713261082,-28.91942323606857
4020.0,-0.865413060799463,0.45972389405220804,0.1992841575117778,-28.922691414449364
4080.0,-0.8654189122534899,0.45971462122435036,0.19928013786260435,-28.926292985084967
4140.0,-0.8654247635911491,0.4597053483311642,0.19927611818511193,-28.930205951960904
4200.0,-0.8654306148124711,0.4596960753726014,0.1992720984792797,-28.934402686287115
4260.0,-0.8654364659174234,0.45968680234871334,0.19926807874513,-28.93885042326869
4320.0,-0.8654423169060361,0.4596775292594519,0.19926405898264196,-28.943511850536524
4380.0,-0.8654481677782778,0.4596682561048669,0.199260039191837,-28.948345777945644
4440.0,-0.8654540185380806,0.45965898287872564,0.19925601937001353,-28.953307877488584
4500.0,-0.8654598691776241,0.4596497095934228,0.1992519995225444,-28.95835147823276
4560.0,-0.865465719700793,0.45964043624280115,0.19924797964676053,-28.963428407804955
4620.0,-0.8654715701076029,0.4596311628268359,0.19924395974265116,-28.96848985849062
4680.0,-0.8654774203980682,0.4596218893455042,0.1992399398102064,-28.973487268060815
4740.0,-0.8654832705721568,0.45961261579885637,0.19923591984944808,-28.978373197576428
4800.0,-0.8654891206298837,0.45960334218686866,0.19923189986036588,-28.98310219089652
4860.0,-0.8654949705712631,0.45959406850951795,0.19922787984294982,-28.987631600436014
4920.0,-0.8655008203962637,0.45958479476685415,0.1992238597972215,-28.991922364246925
4980.0,-0.8655066701049156,0.4595755209588292,0.1992198397231601,-28.995939720257454
5040.0,-0.8655125196971861,0.4595662470854946,0.1992158196207879,-28.999653844476306
5100.0,-0.8655183691770072,0.4595569731406159,0.19921179948740245,-29.00304040168185
5160.0,-0.8655242185365601,0.45954769913658944,0.19920777932837724,-29.0060809960127
5220.0,-0.8655300677797286,0.45953842506725767,0.19920375914104313,-29.00876351823193
5280.0,-0.8655359169065286,0.45952915093259467,0.199199738925389,-29.011082375682978
5340.0,-0.8655417659169748,0.4595198767325776,0.19919571868140487,-29.013038605611005
5400.0,-0.8655476148110344,0.4595106024672578,0.19919169840911288,-29.01463986713176
5460.0,-0.8655534635887222,0.45950132813661154,0.1991876781085029,-29.015900311886696
5520.0,-0.8655593122500533,0.45949205374061486,0.19918365777956443,-29.016840335279902
5580.0,-0.8655651607949957,0.4594827792793181,0.1991796374223194,-29.01748621247061
5640.0,-0.8655710092235794,0.45947350475267373,0.1991756170367471,-29.01786962547427
5700.0,-0.8655768575357725,0.45946423016073185,0.19917159662286935,-29.018027089745633
5760.0,-0.8655827057355056,0.45945495549725895,0.1991675761779839,-29.01799929097948
5820.0,-0.8655885538149616,0.4594456807746515,0.19916355570746455,-29.017830341988102
5880.0,-0.8655944017780233,0.45943640598675206,0.19915953520864207,-29.01756697866356
5940.0,-0.8656002496247074,0.45942713113353373,0.19915551468150486,-29.017257702632207
6000.0,-0.8656060973550272,0.45941785621497516,0.1991514941260435,-29.016951891789628
6060.0,-0.8656119449689513,0.45940858123112605,0.19914747354227985,-29.016698893025193
6120.0,-0.8656177924665094,0.45939930618193914,0.1991434529301931,-29.016547114328066
6180.0,-0.86562363984767,0.4593900310674639,0.1991394322898049,-29.016543133093524
6240.0,-0.8656294871124476,0.45938075588767757,0.19913541162110518,-29.016730837240015
6300.0,-0.8656353342608566,0.4593714806425566,0.199131390924084,-29.017150615072048
6360.0,-0.8656411812928656,0.4593622053321508,0.19912737019876278,-29.017838608975183
6420.0,-0.8656470282124044,0.45935292995022586,0.19912334944243903,-29.018826047208854
6480.0,-0.8656528750116569,0.45934365450918047,0.1991193286604875,-29.020138664057708
6540.0,-0.865658721694506,0.45933437900285534,0.19911530785023812,-29.021796224558244
6600.0,-0.8656645682609674,0.4593251034312251,0.19911128701168,-29.023812155506523
6660.0,-0.8656704147110544,0.45931582779426766,0.19910726614480348,-29.02619329502718
6720.0,-0.865676261044736,0.4593065520920331,0.19910324524963025,-29.02893976328219
6780.0,-0.8656821072620431,0.45929727632447187,0.19909922432613897,-29.03204495718127
6840.0,-0.8656879533629422,0.45928800049163665,0.1990952033743523,-29.035495669257607
6900.0,-0.8656937993474482,0.45927872459350383,0.1990911823942601,-29.039272328655148
6960.0,-0.8656996452155773,0.4592694486300474,0.1990871613858511,-29.043349359834068
7020.0,-0.8657054909672953,0.459260172601321,0.19908314034914862,-29.04769565246717
7080.0,-0.8657113366026188,0.45925089650729917,0.1990791192841414,-29.05227513393183
7140.0,-0.8657171821254758,0.45924162034174726,0.19907509818812702,-29.057047434202904
7200.0,-0.8657230275280057,0.459232344117139,0.19907107706651264,-29.06196862874086
7260.0,-0.8657288728141374,0.4592230678272402,0.1990670559165957,-29.066992051039424
7320.0,-0.8657347179838861,0.4592137914720263,0.19906303473836562,-29.07206915256819
7380.0,-0.8657405630372192,0.45920451505154825,0.1990590135318445,-29.077150399537363
7440.0,-0.8657464079741679,0.459195238565757,0.19905499229701118,-29.082186187648574
7500.0,-0.8657522527946995,0.45918596201470385,0.19905097103388775,-29.08712775809957
7560.0,-0.865758097498828,0.4591766853983666,0.1990469497424646,-29.09192809777972
7620.0,-0.8657639420865695,0.4591674087167194,0.1990429284227305,-29.096542806791092
7680.0,-0.865769786557891,0.4591581319698143,0.19903890707470814,-29.100930917080287
7740.0,-0.8657756309128076,0.4591488551576275,0.19903488569838718,-29.105055646883066
7800.0,-0.8657814751552478,0.45913957827392216,0.19903086429106395,-29.108885077218456
7860.0,-0.8657873192773519,0.45913030133117483,0.19902684285814684,-29.112392735674067
7920.0,-0.8657931632830637,0.45912102432312474,0.19902282139692198,-29.115558082045556
7980.0,-0.8657990071723514,0.459111747249822,0.19901879990741111,-29.118366879660826
8040.0,-0.8658048509452299,0.45910247011124333,0.19901477838960405,-29.120811451058252
8100.0,-0.8658106946017132,0.45909319290736544,0.19901075684349082,-29.122890811285576
8160.0,-0.8658165381417707,0.4590839156382381,0.19900673526909282,-29.124610677000508
8220.0,-0.8658223815654158,0.45907463830383866,0.19900271366640035,-29.125983351564088
8280.0,-0.8658282248726636,0.459065360904143,0.19899869203540296,-29.12702748863697
8340.0,-0.8658340680634817,0.45905608343920273,0.19899467037612306,-29.127767739118685
8400.0,-0.8658399111378854,0.4590468059089931,0.19899064868854974,-29.128234288452756
8460.0,-0.865845754099802,0.45903752830727823,0.19898662696998,-29.128462293668033
8520.0,-0.8658515969413737,0.45902825064653435,0.19898260522582215,-29.1284912288721
8580.0,-0.8658574396665438,0.45901897292050026,0.19897858345336186,-29.12836415709708
8640.0,-0.8658632822752802,0.4590096951292267,0.19897456165262123,-29.128126935060546
8700.0,-0.8658691247676128,0.4590004172726661,0.19897053982357968,-29.127827371186097
8760.0,-0.8658749671435101,0.4589911393508679,0.1989665179662586,-29.127514350330788
8820.0,-0.8658808094029864,0.4589818613638096,0.1989624960806482,-29.127236941752255
8880.0,-0.8658866515460412,0.45897258331149143,0.19895847416674864,-29.127043506573216
8940.0,-0.8658924935726892,0.4589633051938901,0.1989544522245498,-29.12698082092562
9000.0,-0.8658983354828974,0.4589540270110575,0.19895043025407413,-29.127093230491447
9060.0,-0.865904177276682,0.45894474876296815,0.19894640825531063,-29.127421851496727
9120.0,-0.8659100189579685,0.4589354704433862,0.19894238622555624,-29.12800383257064
9180.0,-0.8659158605189019,0.45892619206478813,0.19893836417021918,-29.128871688211014
9240.0,-0.8659217019634237,0.45891691362091347,0.1989343420865857,-29.130052720782235
9300.0,-0.8659275432915018,0.45890763511181276,0.19893031997467767,-29.131568533725783
9360.0,-0.8659333845031669,0.4588983565374368,0.1989262978344738,-29.133434649655243
9420.0,-0.8659392255983867,0.4588890778978376,0.19892227566599663,-29.135660237508223
9480.0,-0.8659450665771762,0.4588797991929902,0.19891825346923533,-29.138247953625402
9540.0,-0.865950907439534,0.45887052042289683,0.19891423124419086,-29.14119389921057
9600.0,-0.8659567481854756,0.4588612415875328,0.19891020899085252,-29.14448769469017
9660.0,-0.8659625888149685,0.45885196268694994,0.19890618670924282,-29.148112669454978
9720.0,-0.865968429328027,0.4588426837211242,0.19890216439935124,-29.15204616354935
9780.0,-0.8659742697246664,0.4588334046900317,0.19889814206116752,-29.15625993592387
9840.0,-0.8659801100087657,0.4588241255875092,0.19889411969202,-29.160720672460155
9900.0,-0.8659859501725328,0.458814846425937,0.19889009729727528,-29.16539058275957
9960.0,-0.8659917902198465,0.4588055671991514,0.1988860748742615,-29.170228080653825
10020.0,-0.8659976301507377,0.4587962879071037,0.1988820524229576,-29.17518852946362
10080.0,-0.8660034699651741,0.45878700854984505,0.1988780299433857,-29.180225044353673
10140.0,-0.8660093096631697,0.4587777291273527,0.19887400743553593,-29.185289335649127
10200.0,-0.8660151492447249,0.4587684496396261,0.1988699848994081,-29.190332578642376
10260.0,-0.8660209887098379,0.45875917008666756,0.1988659623350032,-29.195306294580035
10320.0,-0.8660268280585242,0.4587498904684526,0.19886193974231064,-29.200163227207266
10380.0,-0.866032667290751,0.4587406107850325,0.19885791712135256,-29.204858199223285
10440.0,-0.8660385064065487,0.45873133103635944,0.19885389447210833,-29.209348933282236
10500.0,-0.8660443454097956,0.45872205121626886,0.1988498717919057,-29.21359682299425
10560.0,-0.8660501842927015,0.458712771337142,0.1988458490861116,-29.217567637729818
10620.0,-0.8660560230591448,0.4587034913928144,0.19884182635205402,-29.221232153562013
10680.0,-0.8660618617091558,0.45869421138323746,0.1988378035897119,-29.224566691457788
10740.0,-0.866067700242702,0.4586849313084633,0.19883378079910763,-29.227553557884516
10800.0,-0.866073538659798,0.4586756511684681,0.198829757980231,-29.230181377257193
10860.0,-0.8660793769604435,0.45866637096325197,0.19882573513308216,-29.232445310009435
10920.0,-0.8660852151446532,0.4586570906927916,0.1988217122576509,-29.234347151833436
10980.0,-0.8660910532123951,0.4586478103571375,0.19881768935395908,-29.235895311760842
11040.0,-0.8660968911636835,0.4586385299562669,0.19881366642199685,-29.237104669030817
11100.0,-0.8661027289985335,0.4586292494901554,0.19880964346175367,-29.23799631089851
11160.0,-0.8661085667208375,0.4586199689526149,0.19880562047054703,-29.23859715617357
11220.0,-0.8661144043227605,0.45861068835610064,0.19880159745377626,-29.238939468913813
11280.0,-0.866120241808227,0.4586014076943737,0.19879757440873674,-29.23906027631329
11340.0,-0.8661260791772507,0.4585921269674121,0.19879355133541887,-29.23900069411124
11400.0,-0.8661319164298008,0.45858284617526446,0.1987895282338439,-29.23880517718226
11460.0,-0.8661377535658911,0.4585735653179089,0.19878550510400222,-29.238520706887382
11520.0,-0.8661435905855213,0.45856428439534536,0.19878148194589396,-29.23819593046958
11580.0,-0.8661494274887055,0.45855500340755134,0.19877745875950917,-29.237880268400918
11640.0,-0.8661552642754122,0.4585457223545766,0.19877343554486945,-29.237623006184123
11700.0,-0.866161100945656,0.4585364412363979,0.19876941230196485,-29.237472387468166
11760.0,-0.8661669374994516,0.4585271600529915,0.198765389030785,-29.23747472528694
11820.0,-0.8661727739406907,0.45851787879816874,0.19876136572864722,-29.237673548309882
11880.0,-0.8661786102615402,0.45850859748438544,0.19875734240095086,-29.23810879582838
11940.0,-0.8661844464659229,0.45849931610540334,0.1987533190449919,-29.238816081826773
12000.0,-0.8661902825538543,0.4584900346611975,0.19874929566075933,-29.239826034665292
12060.0,-0.8661961185253015,0.4584807531518204,0.19874527224827604,-29.241163730056773
12120.0,-0.8662019543802796,0.4584714715772474,0.19874124880753127,-29.24284822577122
12180.0,-0.8662077901187878,0.45846218993748017,0.19873722533852578,-29.244892207094164
12240.0,-0.8662136257408406,0.45845290823249474,0.19873320184124918,-29.247301749709905
12300.0,-0.8662194612464058,0.4584436264623425,0.1987291783157237,-29.250076204471398
12360.0,-0.8662252966355142,0.4584343446269738,0.19872515476192784,-29.253208206310873
12420.0,-0.8662311319081335,0.45842506272644096,0.1987211311798843,-29.256683807190257
12480.0,-0.8662369670642783,0.4584157807607188,0.1987171075695822,-29.260482730778534
12540.0,-0.8662428021078715,0.45840649872356815,0.19871308392831688,-29.264578744570258
12600.0,-0.8662486370310641,0.4583972166274739,0.19870906026150037,-29.2689401405159
12660.0,-0.8662544718377965,0.4583879344661678,0.19870503656641555,-29.273530320743795
12720.0,-0.8662603065280348,0.45837865223970375,0.19870101284308564,-29.278308470400557
12780.0,-0.8662661411017941,0.45836936994805716,0.19869698909150013,-29.283230310617927
12840.0,-0.8662719755590738,0.4583600875912291,0.19869296531165936,-29.28824891548706
12900.0,-0.8662778098998892,0.4583508051691948,0.19868894150355274,-29.293315578279795
12960.0,-0.866283644124207,0.4583415226820073,0.19868491766720311,-29.298380710804395
13020.0,-0.8662894782320582,0.4583322401296168,0.19868089380258896,-29.30339475917656
13080.0,-0.8662953122234104,0.4583229575120748,0.1986768699097326,-29.308309118887284
13140.0,-0.8663011460982788,0.45831367482935675,0.1986728459886234,-29.313077032118837
13200.0,-0.8663069798605845,0.4583043920752232,0.19866882203655664,-29.317654450854192
13260.0,-0.8663128135024818,0.45829510926215805,0.19866479805894383,-29.322000847494955
13320.0,-0.8663186470278927,0.4582858263839201,0.19866077405307972,-29.326079963209803
13380.0,-0.8663244804368314,0.4582765434404869,0.19865675001895436,-29.32986047284897
13440.0,-0.8663303137292662,0.4582672604319091,0.1986527259565898,-29.333316559417284
13500.0,-0.8663361469052113,0.4582579773581631,0.19864870186597575,-29.33642838530647
13560.0,-0.8663419799646823,0.4582486942192242,0.19864467774710162,-29.339182451942314
13620.0,-0.8663478129076467,0.45823941101514415,0.1986406535999897,-29.341571841324697
13680.0,-0.8663536457341343,0.45823012774587457,0.19863662942461913,-29.343596335208417
13740.0,-0.8663594784441137,0.45822084441146615,0.1986326052210118,-29.345262409966253
13800.0,-0.8663653110375987,0.4582115610118959,0.19862858098915775,-29.346583107628316
13860.0,-0.8663711435185113,0.45820227754092147,0.1986245567263511,-29.34757778622535
13920.0,-0.8663769758790067,0.45819299401102875,0.1986205324380043,-29.3482717523746
13980.0,-0.8663828081230057,0.458183710415977,0.19861650812141202,-29.348695788771714
14040.0,-0.8663886402505232,0.4581744267557429,0.19861248377656404,-29.34888557861977
14100.0,-0.8663944722615265,0.45816514303037725,0.1986084594034826,-29.348881043471053
14160.0,-0.8664003041560472,0.45815585923983027,0.198604435002146,-29.348725604975026
14220.0,-0.8664061359340517,0.4581465753841552,0.1986004105725773,-29.348465384809217
14280.0,-0.8664119675955558,0.45813729146332605,0.1985963861147653,-29.34814835782455
14340.0,-0.866417799140574,0.4581280074773201,0.19859236162870014,-29.347823474093058
14400.0,-0.8664236305690737,0.45811872342618903,0.1985883371144042,-29.347539766033975
14460.0,-0.8664294618810701,0.4581094393099082,0.19858431257186687,-29.347345456921154
14520.0,-0.8664352930804834,0.45810015512223573,0.1985802879983822,-29.34728708722763
14580.0,-0.8664411241594704,0.4580908708756592,0.19857626339936352,-29.34740867232575
14640.0,-0.8664469551219509,0.4580815865639373,0.1985722387721054,-29.34775091188887
14700.0,-0.866452785967941,0.4580723021870445,0.19856821411659653,-29.348350457723562
14760.0,-0.8664586166974074,0.45806301774503316,0.19856418943285983,-29.34923925818451
14820.0,-0.8664644473103802,0.4580537332378557,0.1985601647208745,-29.35044398835757
14880.0,-0.8664702778068286,0.4580444486655601,0.19855613998066143,-29.351985576076057
14940.0,-0.8664761081867823,0.45803516402809996,0.1985521152122006,-29.35387883182727
15000.0,-0.8664819384502085,0.45802587932552674,0.19854809041551416,-29.356132188673076
15060.0,-0.8664877685971228,0.45801659455781496,0.19854406559059118,-29.35874755647236
15120.0,-0.866493598627524,0.45800730972496717,0.19854004073743256,-29.361720292633958
15180.0,-0.8664994285414271,0.45799802482695856,0.1985360158560278,-29.36503928969397
15240.0,-0.8665052583427033,0.45798873985762345,0.19853199094370402,-29.368687178336206
15300.0,-0.8665110880235605,0.45797945482937236,0.19852796600584097,-29.372640640047404
15360.0,-0.8665169175879163,0.4579701697359649,0.1985239410397338,-29.376870829206915
15420.0,-0.8665227470357393,0.45796088457745154,0.198519916045404,-29.38134389007288
15480.0,-0.8665285763670594,0.4579515993537843,0.19851589102283104,-29.386021565028773
15540.0,-0.8665344055818446,0.4579423140650136,0.19851186597203666,-29.390861881318102
15600.0,-0.8665402346801253,0.4579330287110907,0.19850784089299975,-29.395819904717325
15660.0,-0.8665460636618697,0.45792374329206686,0.19850381578574267,-29.40084854696246
15720.0,-0.8665518925270924,0.45791445780791795,0.19849979065025478,-29.405899412856744
15780.0,-0.8665577212757921,0.4579051722586459,0.1984957654865369,-29.410923672153366
15840.0,-0.8665635499079841,0.45789588664422654,0.19849174029457872,-29.41587294085794
15900.0,-0.866569378427539,0.4578866009584925,0.1984877150717066,-29.42070015665828
15960.0,-0.866575206826681,0.45787731521383196,0.1984836898232908,-29.425360430724098
16020.0,-0.8665810351092813,0.45786802940407717,0.19847966454665755,-29.429811865883803
16080.0,-0.8665868632753541,0.45785874352920547,0.1984756392417972,-29.43401631923945
16140.0,-0.8665926913249153,0.4578494575891912,0.19847161390869839,-29.43794010060175
16200.0,-0.8665985192579314,0.45784017158408763,0.19846758854738433,-29.441554591708822
16260.0,-0.8666043470744335,0.4578308855138452,0.19846356315783356,-29.444836775040848
16320.0,-0.8666101747743897,0.4578215993785137,0.1984595377400677,-29.447769662184985
16380.0,-0.8666160023578142,0.45781231317807114,0.19845551229407718,-29.450342613547882
16440.0,-0.8666218298247064,0.4578030269125182,0.19845148681986216,-29.452551543066484
16500.0,-0.8666276571750812,0.45779374058183037,0.1984474613174122,-29.454399003705483
16560.0,-0.8666334844128081,0.4577844541798412,0.19844343578405416,-29.455894152025163
16620.0,-0.8666393115301134,0.45777516771893867,0.19843941022515807,-29.45705258987091
16680.0,-0.8666451385308673,0.4577658811929552,0.1984353846380503,-29.457896090974785
16740.0,-0.8666509654151003,0.4577565946018417,0.1984313590227097,-29.4584522099958
16800.0,-0.86665679218278,0.45774730794565016,0.19842733337915872,-29.45875378616892
16860.0,-0.8666626188339214,0.45773802122435586,0.19842330770738664,-29.458838348316853
16920.0,-0.8666684453685386,0.45772873443793627,0.19841928200738373,-29.458747432295567
16980.0,-0.8666742717866001,0.45771944758644134,0.19841525627917164,-29.458525823319835
17040.0,-0.8666800980881202,0.4577101606698481,0.19841123052274037,-29.458220737062973
17100.0,-0.8666859242730987,0.45770087368815704,0.19840720473809018,-29.457880954575526
17160.0,-0.8666917503415501,0.4576915866413441,0.1984031789252106,-29.457555927018355
17220.0,-0.8666975762973431,0.45768229952324224,0.19839915308142833,-29.457294867123164
17280.0,-0.8667034021327057,0.45767301234624097,0.19839512721211405,-29.457145842102232
17340.0,-0.8667092278515074,0.4576637251041714,0.19839110131459362,-29.457154890172752
17400.0,-0.8667150534537783,0.45765443779698517,0.19838707538884606,-29.45736517001129
17460.0,-0.8667208789394866,0.4576451504247331,0.1983830494348935,-29.457816164270593
17520.0,-0.8667267043086458,0.45763586298739306,0.19837902345272615,-29.458542949871344
17580.0,-0.8667325295612724,0.45762657548493885,0.1983749974423329,-29.459575548976375
17640.0,-0.8667383546973332,0.4576172879174232,0.19837097140373638,-29.460938372750743
17700.0,-0.866744179716843,0.457608000284822,0.19836694533692636,-29.46264976829658
17760.0,-0.8667500046198018,0.4575987125871357,0.19836291924190286,-29.464721677201904
17820.0,-0.8667558294062234,0.4575894248243413,0.19835889311865587,-29.46715941213255
17880.0,-0.8667616540760759,0.4575801369964901,0.19835486696720786,-29.469961555677166
17940.0,-0.8667674786332902,0.4575708490973125,0.19835084078484086,-29.4731199837986
18000.0,-0.8667733030700333,0.45756156113929997,0.19834681457696982,-29.476620011375253
18060.0,-0.8667791273902355,0.45755227311618457,0.19834278834087757,-29.480440662648455
18120.0,-0.8667849515938658,0.45754298502801594,0.19833876207658574,-29.484555054487082
18180.0,-0.866790775680938,0.45753369687477147,0.19833473578408456,-29.48893089087671
18240.0,-0.8667965996514676,0.4575244086564261,0.1983307094633631,-29.49353105738263
18300.0,-0.8668024235054215,0.4575151203730329,0.19832668311444424,-29.498314305021662
18360.0,-0.8668082472428152,0.4575058320245664,0.19832265673731725,-29.5032360109367
18420.0,-0.8668140708636471,0.457496543611029,0.19831863033198288,-29.508249001773617
18480.0,-0.866819894367933,0.45748725513239596,0.1983146038984306,-29.513304424515226
18540.0,-0.8668257177556402,0.45747796658871853,0.19831057743668246,-29.518352648568882
18600.0,-0.8668315410306989,0.45746867797372753,0.19830655094402097,-29.523344182692174
18660.0,-0.8668373641852776,0.45745938929991503,0.19830252442586124,-29.52823058746663
18720.0,-0.8668431872233059,0.4574501005610122,0.1982984978794858,-29.532965371672358
18780.0,-0.8668490101447517,0.4574408117570707,0.19829447130491704,-29.53750484861813
18840.0,-0.8668548329496303,0.4574315228880651,0.19829044470214408,-29.541808941805673
18900.0,-0.8668606556379568,0.4574222339539721,0.19828641807115657,-29.545841922677226
18960.0,-0.8668664782096976,0.457412944954844,0.1982823914119774,-29.549573067038725
19020.0,-0.8668723006648688,0.45740365589065585,0.19827836472459565,-29.552977217943244
19080.0,-0.8668781230034689,0.4573943667614092,0.1982743380090119,-29.556035244569053
19140.0,-0.8668839452255126,0.4573850775670808,0.19827031126521624,-29.55873438867599
19200.0,-0.8668897673309687,0.45737578830772024,0.19826628449323017,-29.561068492342077
19260.0,-0.8668955893237654,0.4573664989770591,0.19826225769033629,-29.56303810336263
19320.0,-0.8669014111960728,0.4573572095875906,0.19825823086195024,-29.564650454471515
19380.0,-0.8669072329518205,0.45734792013304437,0.19825420400535404,-29.565919322534764
19440.0,-0.8669130545909766,0.4573386306134712,0.19825017712056958,-29.566864763562496
19500.0,-0.8669188761135554,0.45732934102884837,0.19824615020758715,-29.567512734307098
19560.0,-0.8669246975195724,0.4573200513791509,0.19824212326639573,-29.56789460574733
19620.0,-0.8669305188089945,0.45731076166443074,0.19823809629701805,-29.5680465783053
19680.0,-0.8669363399818368,0.4573014718846642,0.1982340692994436,-29.56800901006507
19740.0,-0.866942161038099,0.45729218203985167,0.1982300422736728,-29.56782567076656
19800.0,-0.8669479819777948,0.45728289212997053,0.19822601521969563,-29.567542935682553
19860.0,-0.8669538028008928,0.4572736021550709,0.19822198813753394,-29.567208934446693
19920.0,-0.8669596235113214,0.45726431210888274,0.19821796102446973,-29.566872671003527
19980.0,-0.8669654441012677,0.45725502200387486,0.19821393388590802,-29.56658312867982
20040.0,-0.8669712645746136,0.45724573183385303,0.19820990671916375,-29.566388382077704
20100.0,-0.8669770849313737,0.45723644159879206,0.19820587952422603,-29.566334724678647
20160.0,-0.8669829051715462,0.45722715129869546,0.19820185230109624,-29.566465833126298
20220.0,-0.8669887252951478,0.4572178609335361,0.19819782504976283,-29.5668219808837
20280.0,-0.8669945453021446,0.457208570503368,0.19819379777024893,-29.56743931542922
20340.0,-0.8670003651925526,0.45719928000816523,0.19818977046254357,-29.5683492116056
20400.0,-0.8670061849663858,0.4571899894479055,0.19818574312663698,-29.569577712247906
20460.0,-0.8670120046236122,0.45718069882263945,0.1981817157625511,-29.5711450656569
20520.0,-0.8670178241642466,0.45717140813234325,0.19817768837027563,-29.573065367737534
20580.0,-0.8670236435883036,0.4571621173769936,0.1981736609498004,-29.57534631473168
20640.0,-0.8670294628996643,0.4571528265503933,0.19816963349843916,-29.57798907094052
20700.0,-0.8670352820905176,0.45714353566501353,0.19816560602159783,-29.58098825133065
20760.0,-0.8670411011647748,0.4571342447146091,0.19816157851656932,-29.584332024440574
20820.0,-0.8670469201224362,0.45712495369917994,0.19815755098335347,-29.588002326464757
20880.0,-0.8670527389635159,0.45711566261870273,0.19815352342194037,-29.591975188015873
20940.0,-0.8670585576879819,0.4571063714732286,0.19814949583235203,-29.596221165628076
21000.0,-0.8670643762958488,0.45709708026273405,0.19814546821457824,-29.600705870824434
21060.0,-0.8670701947871318,0.45708778898719454,0.19814144056860844,-29.60539058749923
21120.0,-0.8670760131617979,0.4570784976466623,0.19813741289446535,-29.610232966883945
21180.0,-0.8670818314198782,0.4570692062410879,0.19813338519212734,-29.615187788014683
21240.0,-0.8670876495613402,0.45705991477052244,0.1981293574616168,-29.620207770403148
21300.0,-0.8670934675901109,0.457050623228695,0.19812532970021512,-29.625244425100597
21360.0,-0.8670992854983653,0.45704133162810096,0.19812130191333904,-29.63024892701732
21420.0,-0.8671051032900148,0.45703203996249475,0.19811727409828112,-29.635172998494312
21480.0,-0.8671109209650584,0.45702274823187694,0.1981132462550417,-29.639969781274274
21540.0,-0.8671167385234949,0.4570134564362494,0.19810921838362142,-29.644594686659357
21600.0,-0.8671225559653392,0.45700416457558823,0.19810519048401015,-29.649006206400063
21660.0,-0.8671283732905591,0.4569948726499445,0.1981011625562298,-29.65316666994875
21720.0,-0.8671341904991856,0.45698558065926853,0.1980971346002591,-29.657042934235353
21780.0,-0.8671400075911858,0.45697628860361295,0.1980931066161205,-29.66060699317245
21840.0,-0.8671458245665902,0.4569669964829285,0.19808907860379296,-29.663836495534664
21900.0,-0.867151641425367,0.45695770429726557,0.19808505056329825,-29.66671516134854
21960.0,-0.8671574581714417,0.45694841204035347,0.198081022491918,-29.669233089161565
22020.0,-0.8671632747969916,0.45693911972468815,0.19807699439506915,-29.671386945913504
22080.0,-0.8671690913059266,0.45692982734402404,0.19807296627004425,-29.67318004083599
22140.0,-0.8671749076982461,0.4569205348983611,0.1980689381168433,-29.674622274374357
22200.0,-0.8671807239739645,0.45691124238767683,0.19806490993545664,-29.67572996796955
22260.0,-0.8671865401330497,0.4569019498120215,0.198060881725906,-29.676525575230475
22320.0,-0.8671923561755173,0.4568926571713712,0.19805685348818095,-29.677037279798185
22380.0,-0.867198172101381,0.4568833644657028,0.19805282522227155,-29.677298486940753
22440.0,-0.8672039879106088,0.45687407169506716,0.19804879692819977,-29.677347217983385
22500.0,-0.8672098036032321,0.4568647788594145,0.1980447686059441,-29.677225418538733
22560.0,-0.8672156191792172,0.45685548595879805,0.19804074025552762,-29.67697819311151
22620.0,-0.8672214346424898,0.4568461929869444,0.19803671187423086,-29.67665298051322
22680.0,-0.867227249985229,0.45683689995635135,0.19803268346747144,-29.676298683079075
22740.0,-0.8672330652113435,0.45682760686077223,0.19802865503254152,-29.675964771163148
22800.0,-0.8672388803208329,0.4568183137002077,0.1980246265694414,-29.67570037232748
22860.0,-0.8672446953137122,0.4568090204746335,0.1980205980781605,-29.675553367486636
22920.0,-0.8672505101899485,0.456799727184102,0.19801656955872163,-29.6755695086296
22980.0,-0.8672563249495723,0.4567904338285643,0.19801254101110355,-29.67579157489632
23040.0,-0.8672621395925518,0.4567811404080708,0.19800851243532808,-29.676258582663067
23100.0,-0.8672679541189017,0.4567718469225982,0.19800448383138514,-29.677005064375624
23160.0,-0.8672737685286369,0.45676255337212196,0.19800045519926404,-29.678060429518727
23220.0,-0.8672795828217248,0.4567532597566942,0.19799642653898747,-29.67944841964084
23280.0,-0.8672853969981803,0.4567439660762912,0.19799239785054507,-29.681186667613222
23340.0,-0.8672912110619123,0.45673467232466397,0.19798836913122805,-29.68328636969507
23400.0,-0.8672970250051002,0.4567253785143134,0.19798434038645527,-29.685752074432678
23460.0,-0.8673028388316535,0.45671608463899027,0.1979803116135179,-29.688581597750265
23520.0,-0.8673086525415873,0.4567067906986702,0.19797628281240534,-29.69176605875561
23580.0,-0.8673144661348683,0.45669749669340565,0.19797225398314033,-29.695290041059305
23640.0,-0.867320279611527,0.4566882026231484,0.19796822512570192,-29.699131874601427
23700.0,-0.8673260929715323,0.4566789084879481,0.19796419624011166,-29.70326403319558
23760.0,-0.8673319062148978,0.4566696142877818,0.19796016732635963,-29.707653640572463
23820.0,-0.8673377193416392,0.45666032002262513,0.19795613838443513,-29.71226307560491
23880.0,-0.8673435323517236,0.45665102569252985,0.19795210941436078,-29.71705066558791
23940.0,-0.8673493452451662,0.4566417312974718,0.19794808041612608,-29.721971454791245
24000.0,-0.8673551580258742,0.456632436831203,0.1979440513870225,-29.726978034392776
24060.0,-0.8673609706860302,0.45662314230622314,0.19794002233246863,-29.732021416270655
24120.0,-0.8673667832295419,0.45661384771628377,0.19793599324975567,-29.73705193976264
24180.0,-0.8673725956564236,0.4566045530613618,0.1979319641388738,-29.742020187359667
24240.0,-0.8673784079666432,0.4565952583415082,0.19792793499984496,-29.7468778975999
24300.0,-0.8673842201602316,0.45658596355667347,0.1979239058326478,-29.751578855978483
24360.0,-0.867390032237156,0.45657666870690977,0.19791987663730493,-29.756079747531935
24420.0,-0.8673958441974315,0.45656737379219314,0.19791584741380594,-29.760340955188358
24480.0,-0.8674016560410729,0.4565580788124992,0.1979118181621402,-29.764327288915783
24540.0,-0.8674074677680482,0.45654878376787905,0.19790778888232993,-29.768008632066536
24600.0,-0.8674132793783716,0.45653948865830946,0.19790375957436504,-29.771360492893557
24660.0,-0.8674190908759503,0.4565301934775417,0.19789973023553678,-29.774364451353108
24720.0,-0.8674249022529683,0.456520898238076,0.1978957008712639,-29.777008490858215
24780.0,-0.8674307135133469,0.4565116029336404,0.1978916714788275,-29.779287214339913
24840.0,-0.8674365246570556,0.4565023075642836,0.19788764205824874,-29.78120193369133
24900.0,-0.8674423356841081,0.4564930121299835,0.197883612609518,-29.7827606366243
24960.0,-0.8674481465945199,0.45648371663071524,0.19787958313262452,-29.78397782975227
25020.0,-0.8674539573882579,0.4564744210665311,0.19787555362759096,-29.78487426160434
25080.0,-0.8674597680653372,0.45646512543740736,0.19787152409440706,-29.78547653117746
25140.0,-0.8674655786257731,0.45645582974331844,0.19786749453306177,-29.78581658972591
25200.0,-0.8674713890695325,0.45644653398431795,0.1978634649435782,-29.785931145488554
25260.0,-0.867477199396631,0.45643723816038034,0.19785943532594533,-29.785860982811887
25320.0,-0.8674830096109745,0.4564279422652562,0.19785540567745422,-29.785650208959865
25380.0,-0.8674888197047481,0.4564186463114482,0.1978513760035246,-29.78534544069035
25440.0,-0.8674946296818733,0.45640935029268287,0.19784734630143683,-29.784994951156055
25500.0,-0.8675004395423183,0.45640005420901036,0.19784331657121276,-29.78464778578675
25560.0,-0.8675062492860975,0.4563907580604072,0.1978392868128422,-29.784352868772714
25620.0,-0.8675120589132261,0.45638146184684947,0.19783525702631485,-29.78415811424063
25680.0,-0.867517868423672,0.4563721655683879,0.19783122721165267,-29.784109558530343
25740.0,-0.8675236778174494,0.4563628692249995,0.19782719736884571,-29.784250529101573
25800.0,-0.8675294870945736,0.45635357281666,0.1978231674978833,-29.78462086477274
25860.0,-0.8675352962550119,0.45634427634342106,0.197819137598788,-29.78525620099613
25920.0,-0.8675411052987797,0.45633497980525795,0.19781510767154903,-29.786187332616503
25980.0,-0.8675469142258757,0.45632568320217265,0.19781107771616727,-29.787439665065694
26040.0,-0.8675527230402044,0.4563163865279158,0.1978070477299336,-29.789032763733797
26100.0,-0.86755853173397,0.4563070897949638,0.19780301771825662,-29.790980006958588
26160.0,-0.8675643403110456,0.4562977929971183,0.1977989876784492,-29.79328835374891
26220.0,-0.8675701487714617,0.45628849613433,0.19779495761048999,-29.79595822288809
26280.0,-0.8675759571151859,0.4562791992066502,0.19779092751440136,-29.798983490580003
26340.0,-0.8675817653422333,0.4562699022140549,0.19778689739017277,-29.802351604346935
26400.0,-0.8675875734526026,0.45626060515654604,0.1977828672378051,-29.80604381133523
26460.0,-0.8675933814463095,0.45625130803409797,0.19777883705728733,-29.810035496946778
26520.0,-0.8675991893233206,0.4562420108467643,0.19777480684864257,-29.81429662780224
26580.0,-0.8676049970836515,0.4562327135945195,0.1977707766118598,-29.81879229130863
26640.0,-0.8676108047273164,0.4562234162773408,0.19776674634692915,-29.823483322402073
26700.0,-0.8676166122581727,0.45621411888905256,0.1977627160511735,-29.82832700693137
26760.0,-0.8676224196684726,0.45620482144205765,0.19775868572996946,-29.833277847314157
26820.0,-0.8676282269620732,0.45619552393018203,0.19775465538064066,-29.838288382408408
26880.0,-0.867634034139004,0.45618622635337747,0.19775062500316598,-29.843310040189596
26940.0,-0.8676398411992337,0.456176928711694,0.19774659459756735,-29.848294013537025
27000.0,-0.8676456481427763,0.4561676310051089,0.1977425641638348,-29.85319214156625
27060.0,-0.8676514549696324,0.4561583332336215,0.1977385337019681,-29.857957781168377
27120.0,-0.8676572616798155,0.45614903539720936,0.19773450321195746,-29.862546653188456
27180.0,-0.8676630682732934,0.4561397374959241,0.19773047269382527,-29.866917647978227
27240.0,-0.8676688747500817,0.45613043952974064,0.1977264421475607,-29.871033575709085
27300.0,-0.8676746811101942,0.45612114149863625,0.1977224115731539,-29.874861847663446
27360.0,-0.8676804873574879,0.4561118433964347,0.19771838096792743,-29.87837507626004
27420.0,-0.8676862934842162,0.4561025452355406,0.19771435033725865,-29.88155158045152
27480.0,-0.8676920994942349,0.45609324700977943,0.19771031967847105,-29.884375792190642
27540.0,-0.8676979053875755,0.4560839487191001,0.19770628899154236,-29.8868385490448
27600.0,-0.8677037111642045,0.4560746503635567,0.19770225827649593,-29.888937272419103
27660.0,-0.8677095168241373,0.4560653519431238,0.19769822753332103,-29.890676025544682
27720.0,-0.8677153223673731,0.45605605345780276,0.19769419676201797,-29.89206545000056
27780.0,-0.8677211277939271,0.45604675490756896,0.1976901659625763,-29.893122581492825
27840.0,-0.8677269331037663,0.45603745629247516,0.1976861351350187,-29.89387054782734
27900.0,-0.8677327382969057,0.45602815761249665,0.19768210427933455,-29.894338154270216
27960.0,-0.8677385433733598,0.4560188588676105,0.1976780733955139,-29.89455936357388
28020.0,-0.8677443483370003,0.45600956005161414,0.197674042480868,-29.894572680353704
28080.0,-0.8677501531800356,0.45600026117698866,0.19767001154080727,-29.894420448828257
28140.0,-0.8677559579063673,0.45599096223748403,0.1976659805726225,-29.89414808206088
28200.0,-0.867761762516011,0.45598166323307493,0.19766194957630254,-29.893803229731674
28260.0,-0.8677675670089336,0.4559723641638143,0.19765791855187032,-29.893434905103494
28320.0,-0.8677733713851506,0.45596306502967704,0.19765388749931512,-29.893092585191035
28380.0,-0.8677791756446607,0.45595376583066516,0.19764985641863775,-29.892825301123178
28440.0,-0.8677849797874789,0.45594446656675414,0.1976458253098275,-29.892680735592883
28500.0,-0.8677907838135732,0.4559351672379952,0.19764179417290673,-29.89270434413506
28560.0,-0.8677965877229585,0.45592586784436423,0.19763776300786484,-29.892938516584344
28620.0,-0.8678023915156489,0.4559165683858384,0.197633731814692,-29.893421794277465
28680.0,-0.8678081951916127,0.45590726886246835,0.19762970059341015,-29.894188157576465
28740.0,-0.8678139987547665,0.4558979692679776,0.19762566934129855,-29.895266397345793
28800.0,-0.8678198021973048,0.45588866961487384,0.197621638063779,-29.896679579923546
28860.0,-0.8678256055231458,0.455879369896878,0.19761760675812984,-29.898444620940598
28920.0,-0.8678314087322565,0.4558700701140429,0.19761357542437374,-29.900571968812105
28980.0,-0.8678372118246518,0.4558607702663447,0.19760954406250048,-29.903065409221117
29040.0,-0.8678430148003304,0.455851470353785,0.1976055126725106,-29.905921992133965
29100.0,-0.8678488176593075,0.4558421703763393,0.19760148125439372,-29.909132083180644
29160.0,-0.8678546204015513,0.4558328703340582,0.19759744980817173,-29.91267953853678
29220.0,-0.8678604230270919,0.4558235702268937,0.19759341833382368,-29.916542000202544
29280.0,-0.8678662255358965,0.45581427005489716,0.1975893868313719,-29.920691306280954
29340.0,-0.8678720279279805,0.4558049698180451,0.1975853553008061,-29.925094008801
29400.0,-0.8678778302072444,0.4557956695100839,0.19758132373941567,-29.929711989904312
29460.0,-0.8678836323658841,0.45578636914352316,0.19757729215262318,-29.934503162930532
29520.0,-0.8678894344078166,0.4557770687120838,0.19757326053770682,-29.939422250796305
29580.0,-0.867895236333009,0.4557677682158187,0.1975692288946894,-29.94442162012699
29640.0,-0.8679010381414763,0.45575846765470324,0.19756519722356028,-29.949452161032376
29700.0,-0.8679068398332183,0.4557491670287383,0.19756116552431993,-29.95446419399324
29760.0,-0.8679126414082484,0.45573986633790103,0.19755713379695838,-29.959408387343032
29820.0,-0.8679184428665354,0.455730565582242,0.1975531020414976,-29.96423666820222
29880.0,-0.8679242442081094,0.45572126476171254,0.1975490702579164,-29.96890310986457
29940.0,-0.8679300454329382,0.4557119638763641,0.1975450384462372,-29.973364778999017
30000.0,-0.867935846541037,0.45570266292617206,0.19754100660644916,-29.977582526857514
30060.0,-0.8679416475363052,0.45569336190488363,0.19753697473584195,-29.981521710013606
30120.0,-0.8679474484109402,0.45568406082500984,0.19753294283983885,-29.98515282505565
30180.0,-0.8679532491688583,0.45567475968027044,0.1975289109157175,-29.988452050758514
30240.0,-0.8679590498100266,0.4556654584707186,0.19752487896350088,-29.991401680566813
30300.0,-0.867964850334461,0.45565615719632807,0.19752084698317768,-29.993990442824277
30360.0,-0.8679706507421592,0.45564685585710274,0.19751681497474946,-29.996213700803207
30420.0,-0.8679764510331367,0.45563755445301707,0.19751278293820537,-29.99807352944989
30480.0,-0.8679822512073615,0.45562825298412274,0.19750875087356765,-29.999578667720602
30540.0,-0.8679880512648634,0.4556189514503713,0.19750471878081535,-30.00074434779851
30600.0,-0.867993851205611,0.45560964985181324,0.19750068665997034,-30.001592004751508
30660.0,-0.8679996510296342,0.45560034818840006,0.19749665451101156,-30.002148872519935
30720.0,-0.8680054507407845,0.45559104645395454,0.1974926223312613,-30.002447474503402
30780.0,-0.8680112503313091,0.4555817446609103,0.19748859012610945,-30.002525016551022
30840.0,-0.8680170498051074,0.45557244280301373,0.19748455789284503,-30.002422699297114
30900.0,-0.8680228491621461,0.45556314088031763,0.19748052563149093,-30.002184955840256
30960.0,-0.8680286484024409,0.45555383889279694,0.1974764933420364,-30.0018586344638
31020.0,-0.8680344475260062,0.45554453684042795,0.19747246102447105,-30.001492139499
31080.0,-0.8680402465328094,0.45553523472326296,0.19746842867881761,-30.001134546602376
31140.0,-0.868046045422866,0.45552593254127666,0.19746439630506515,-30.00083470869124
31200.0,-0.8680518441961901,0.45551663029444667,0.1974603639032039,-30.00064036876883
31260.0,-0.8680576428527503,0.455507327982823,0.19745633147325548,-30.000597295642017
31320.0,-0.8680634413925761,0.4554980256063576,0.1974522990151992,-30.000748457981334
31380.0,-0.8680692398156361,0.4554887231651011,0.19744826652905695,-30.00113325130873
31440.0,-0.8680750381258279,0.4554794206528001,0.1974442340121179,-30.00178679186844
31500.0,-0.8680808363153999,0.4554701180818904,0.19744020146977287,-30.002739287484037
31560.0,-0.8680866343882033,0.4554608154461936,0.19743616889934357,-30.004015501565828
31620.0,-0.8680924323442528,0.4554515127456855,0.19743213630081963,-30.005634312318094
31680.0,-0.8680982301835629,0.4554422099803428,0.19742810367419078,-30.007608379864354
31740.0,-0.868104027906102,0.45543290715021617,0.19742407101947904,-30.009943924687988
31800.0,-0.8681098255118846,0.4554236042552816,0.19742003833667407,-30.01264062133668
31860.0,-0.8681156230009257,0.45541430129551536,0.19741600562576547,-30.0156916089576
31920.0,-0.8681214203731923,0.4554049982709698,0.1974119728867761,-30.01908361827131
31980.0,-0.8681272176287155,0.45539569518159495,0.1974079401196841,-30.02279721261286
32040.0,-0.8681330147674629,0.4553863920274426,0.19740390732451207,-30.02680713868444
32100.0,-0.8681388117933315,0.45537708880225836,0.1973998744985487,-30.03108278123782
32160.0,-0.8681446086985724,0.4553677855184776,0.1973958416471847,-30.0355887115713
32220.0,-0.8681504054870345,0.45535848216992364,0.19739180876774243,-30.040285325619738
32280.0,-0.8681562021587329,0.4553491787565717,0.19738777586021122,-30.04512955346374
32340.0,-0.8681619987136826,0.45533987527839775,0.1973837429245806,-30.05007563319598
32400.0,-0.8681677951518516,0.4553305717354529,0.1973797099608728,-30.055075933524865
32460.0,-0.8681735914732704,0.4553212681276877,0.19737567696906633,-30.060081811084046
32520.0,-0.8681793876779058,0.4553119644551554,0.19737164394918424,-30.065044487337587
32580.0,-0.8681851837657738,0.45530266071783054,0.19736761090121555,-30.06991592962328
32640.0,-0.8681909797368726,0.45529335691571504,0.19736357782516112,-30.074649720627985
32700.0,-0.8681967755912181,0.45528405304878367,0.19735954472101,-30.079201900752608
32760.0,-0.8682025713326578,0.4552747491108595,0.19735551158608453,-30.083531768508564
32820.0,-0.8682083669534609,0.45526544511435263,0.19735147842576423,-30.087602622283857
32880.0,-0.8682141624574762,0.45525614105308454,0.197347445237371,-30.091382435139973
32940.0,-0.868219957844718,0.4552468369270316,0.19734341202089445,-30.094844443091443
33000.0,-0.8682257531152018,0.4552375327361696,0.19733937877632426,-30.097967641110152
33060.0,-0.8682315482688948,0.45522822848055017,0.19733534550368256,-30.10073717530099
33120.0,-0.8682373433058277,0.45521892416012427,0.1973313122029482,-30.103144624014014
33180.0,-0.8682431382259682,0.45520961977494295,0.1973272788741434,-30.1051881622396
33240.0,-0.8682489330293315,0.45520031532498245,0.19732324551725774,-30.10687260582936
33300.0,-0.8682547277159163,0.455191010810244,0.19731921213229192,-30.10820933421066
33360.0,-0.8682605222857376,0.45518170623070353,0.19731517871923526,-30.10921609257561
33420.0,-0.8682663167426429,0.45517240158018246,0.19731114527540958,-30.10991667709304
33480.0,-0.8682721110789027,0.45516309687109185,0.1973071118061949,-30.110340506452438
33540.0,-0.8682779052983652,0.4551537920972537,0.19730307830891314,-30.110522092585317
33600.0,-0.8682836994010449,0.4551444872586434,0.19729904478355353,-30.110500413019174
33660.0,-0.8682894933869567,0.4551351823552367,0.19729501123010573,-30.110318201519043
33720.0,-0.8682952872560682,0.4551258773870858,0.19729097764859224,-30.110021167851652
33780.0,-0.8683010810084097,0.4551165723541417,0.19728694403899188,-30.10965716136382
33840.0,-0.8683068746439496,0.4551072672564551,0.19728291040132662,-30.109275293751207
33900.0,-0.8683126681627026,0.45509796209400205,0.19727887673558608,-30.10892503727186
33960.0,-0.8683184615646672,0.4550886568667847,0.19727484304177112,-30.108655315068656
34020.0,-0.868324254849859,0.4550793515747779,0.19727080931987095,-30.108513600497478
34080.0,-0.8683300480182446,0.4550700462180346,0.1972667755699084,-30.108545042167695
34140.0,-0.8683358410737353,0.45506074079027264,0.19726274178916037,-30.1087916313353
34200.0,-0.8683416340085391,0.45505143530400755,0.19725870798305206,-30.109291424962922
34260.0,-0.8683474268265664,0.45504212975295777,0.1972546741488606,-30.110077844258427
34320.0,-0.868353219527785,0.45503282413717533,0.19725064028660846,-30.111179054624827
34380.0,-0.8683590121122091,0.45502351845663663,0.19724660639628544,-30.112617443931793
34440.0,-0.8683648045798535,0.4550142127113179,0.1972425724778813,-30.114409206679557
34500.0,-0.8683705969306871,0.45500490690126916,0.19723853853141762,-30.116564042205063
34560.0,-0.8683763891647234,0.4549956010264682,0.1972345045568848,-30.11908497261781
34620.0,-0.8683821812819625,0.4549862950869147,0.19723047055428272,-30.121968283904167
34680.0,-0.8683879732824187,0.4549769890825854,0.19722643652360133,-30.125203591413786
34740.0,-0.86839376516606,0.45496768301353163,0.19722240246486283,-30.128774028606795
34800.0,-0.8683995569367949,0.4549583768734729,0.19721836837534468,-30.132656556055085
34860.0,-0.8684053485868346,0.45494907067492407,0.197214334260472,-30.13682238292036
34920.0,-0.8684111401200878,0.45493976441160433,0.19721030011752205,-30.14123749855509
34980.0,-0.8684169315365228,0.4549304580835645,0.19720626594651694,-30.145863297349226
35040.0,-0.8684227228361698,0.4549211516907558,0.19720223174743545,-30.15065729066755
35100.0,-0.8684285140189966,0.4549118452332299,0.19719819752030007,-30.155573890556603
35160.0,-0.8684343050850177,0.45490253871096303,0.19719416326510036,-30.16056525110837
35220.0,-0.8684400960342322,0.45489323212395677,0.19719012898183713,-30.165582151827522
35280.0,-0.86844588686664,0.4548839254722106,0.19718609467051018,-30.170574906592698
35340.0,-0.868451677582255,0.45487461875570223,0.19718206033110972,-30.1754942812635
35400.0,-0.8684574681810456,0.4548653119744824,0.1971780259636578,-30.18029240279574
35460.0,-0.8684632586669195,0.4548560051222701,0.19717399156543167,-30.184923643248208
35520.0,-0.8684690490320893,0.4548466982115807,0.19716995714185662,-30.18934545998006
35580.0,-0.868474839280463,0.45483739123613404,0.1971659226902102,-30.193519181666897
35640.0,-0.8684806294120091,0.4548280841959798,0.19716188821051409,-30.19741071832241
35700.0,-0.8684864194267414,0.4548187770910957,0.1971578537027585,-30.200991187421465
35760.0,-0.8684922093246756,0.4548094699214564,0.19715381916693253,-30.204237442315048
35820.0,-0.8684979991057791,0.4548001626871145,0.19714978460305893,-30.20713249353168
35880.0,-0.8685037887700661,0.4547908553880459,0.19714575001112727,-30.20966581526325
35940.0,-0.8685095783175364,0.45478154802425164,0.19714171539113798,-30.211833531498204
36000.0,-0.8685153677482045,0.4547722405957077,0.19713768074308063,-30.21363847862639
36060.0,-0.8685211570620389,0.45476293310246485,0.1971336460669773,-30.215090143663215
36120.0,-0.8685269462629462,0.4547536255382415,0.197129611360105,-30.21620448000722
36180.0,-0.868532735343141,0.4547443179155549,0.1971255766278898,-30.21700360242143
36240.0,-0.8685385243065296,0.4547350102281244,0.19712154186760897,-30.217515372707783
36300.0,-0.8685443131530806,0.4547257024760001,0.19711750707928435,-30.217772877108942
36360.0,-0.8685501018828082,0.454716394659159,0.197113472262906,-30.21781381092096
36420.0,-0.8685558904957283,0.4547070867775752,0.19710943741846268,-30.21767977995955
36480.0,-0.8685616789918083,0.45469777883130164,0.19710540254597725,-30.217415532515727
36540.0,-0.8685674673710624,0.45468847082031427,0.19710136764543937,-30.217068136269784
36600.0,-0.8685732556334901,0.45467916274461434,0.19709733271684954,-30.216686115488322
36660.0,-0.868579043779106,0.45466985460417775,0.19709329776019735,-30.216318564479035
36720.0,-0.8685848318078783,0.4546605463990556,0.19708926277550493,-30.216014253533334
36780.0,-0.868590619719837,0.45465123812919933,0.19708522776275125,-30.215820743619634
36840.0,-0.8685964075188418,0.4546419297884014,0.19708119271924532,-30.21578352608477
36900.0,-0.8686021951971242,0.4546326213891554,0.1970771576504031,-30.215945200619714
36960.0,-0.868607982758575,0.4546233129252035,0.19707312255351186,-30.216344711313496
37020.0,-0.8686137702031931,0.45461400439654753,0.1970690874285723,-30.217016647102174
37080.0,-0.8686195575309935,0.4546046958031631,0.19706505227557392,-30.21799062407566
37140.0,-0.8686253447419442,0.4545953871451013,0.1970610170945389,-30.219290758118458
37200.0,-0.8686311318360594,0.45458607842233895,0.19705698188545717,-30.220935237234315
37260.0,-0.8686369188133539,0.4545767696348525,0.19705294664831846,-30.22293600071702
37320.0,-0.8686427056737965,0.45456746078269156,0.19704891138314437,-30.225298530487397
37380.0,-0.8686484924174013,0.4545581518658335,0.19704487608992494,-30.228021757966545
37440.0,-0.8686542790441829,0.4545488428842542,0.1970408407686499,-30.231098087828453
37500.0,-0.8686600655580001,0.4545395338317458,0.19703680541662813,-30.2345135383727
37560.0,-0.8686658519510859,0.45453022472080323,0.197032770039276,-30.23824799378586
37620.0,-0.8686716382273307,0.45452091554516755,0.19702873463388035,-30.242275569080494
37680.0,-0.868677424386733,0.4545116063048413,0.19702469920044238,-30.246565074218243
37740.0,-0.8686832104293084,0.45450229699979866,0.19702066373895072,-30.251080574626492
37800.0,-0.8686889963550237,0.4544929876300931,0.1970166282494287,-30.255782036207908
37860.0,-0.8686947821638948,0.45448367819569896,0.19701259273186517,-30.260626044002205
37920.0,-0.8687005678559356,0.45447436869659336,0.19700855718625013,-30.26556658195609
37980.0,-0.8687063534311145,0.4544650591328271,0.19700452161260565,-30.270555860206297
38040.0,-0.868712138889446,0.4544557495043765,0.19700048601092154,-30.27554517539656
38100.0,-0.8687179242309445,0.4544464398112183,0.19699645038118757,-30.28048578886668
38160.0,-0.8687237094594686,0.45443713004714276,0.196992414720712,-30.28532980754819
38220.0,-0.8687294945672519,0.45442782022464767,0.19698837903491243,-30.290031049768167
38280.0,-0.8687352795581854,0.4544185103374713,0.19698434332107448,-30.294545885739417
38340.0,-0.8687410644322665,0.45440920038561755,0.19698030757919988,-30.298834030489854
38400.0,-0.8687468491895112,0.45439989036906064,0.19697627180927735,-30.302859280108574
38460.0,-0.8687526338298861,0.4543905802878539,0.19697223601133015,-30.306590175637748
38520.0,-0.8687584183534072,0.45438127014197155,0.19696820018534703,-30.310000582665108
38580.0,-0.8687642027600884,0.45437195993139085,0.1969641643313181,-30.313070175698446
38640.0,-0.8687699870498982,0.4543626496561626,0.19696012844926541,-30.315784818102664
38700.0,-0.8687757712228662,0.45435333931623817,0.19695609253916796,-30.318136830224056
38760.0,-0.8687815552789608,0.45434402891166903,0.19695205660104792,-30.320125140284574
38820.0,-0.8687873392220854,0.45433471843617107,0.19694802063218128,-30.321755315191325
38880.0,-0.8687931230444622,0.45432540790226444,0.19694398463799545,-30.32303946804669
38940.0,-0.8687989067499778,0.4543160973036923,0.196939948615778,-30.323996048941062
39000.0,-0.8688046903386327,0.4543067866404542,0.19693591256552884,-30.324649515358985
39060.0,-0.8688104738104402,0.45429747591252756,0.19693187648723812,-30.325029893213678
39120.0,-0.8688162571653695,0.45428816511996256,0.19692784038092767,-30.325172234142038
39180.0,-0.8688220404034347,0.4542788542627361,0.19692380424658745,-30.32511597918708
39240.0,-0.8688278235246506,0.45426954334082387,0.19691976808420691,-30.32490424038599
39300.0,-0.8688336065289852,0.4542602323542775,0.19691573189380834,-30.324583013402606
39360.0,-0.8688393894164693,0.454250921303047,0.1969116956753703,-30.324200335677364
39420.0,-0.8688451721870701,0.4542416101871852,0.19690765942891544,-30.323805405577644
39480.0,-0.8688509548408021,0.4542322990066683,0.19690362315443352,-30.323447678873837
39540.0,-0.8688567373815536,0.45422298775523484,0.19689958684921052,-30.323175959596096
39600.0,-0.8688625198015467,0.454213676445409,0.19689555051867516,-30.323037500027617
39660.0,-0.8688683021046685,0.45420436507093137,0.19689151416011422,-30.32307713185692
39720.0,-0.8688740842909347,0.4541950536317768,0.19688747777351678,-30.32333643755128
39780.0,-0.8688798663603124,0.45418574212799767,0.1968834413589055,-30.32385298266757
39840.0,-0.8688856483128162,0.4541764305595704,0.1968794049162703,-30.324659621273696
39900.0,-0.8688914301484615,0.45416711892647005,0.19687536844560033,-30.325783887739362
39960.0,-0.868897211867216,0.4541578072287481,0.19687133194691778,-30.32724748624251
40020.0,-0.8689029934691098,0.4541484954663564,0.19686729542020182,-30.329065887533925
40080.0,-0.8689087749541109,0.45413918363934586,0.19686325886547454,-30.331248040471344
40140.0,-0.868914556322234,0.4541298717476926,0.19685922228272565,-30.333796203794698
40200.0,-0.8689203375773658,0.45412055978513616,0.1968551856692413,-30.33670590167231
40260.0,-0.8689261187117302,0.4541112477642009,0.19685114903045067,-30.339966001836423
40320.0,-0.8689318997292141,0.4541019356786265,0.19684711236363978,-30.343558920276333
40380.0,-0.868937680629833,0.4540926235283879,0.19684307566879802,-30.347460941729942
40440.0,-0.8689434614135533,0.4540833113135387,0.19683903894594845,-30.3516426554529
40500.0,-0.8689492420804061,0.4540739990340284,0.19683500219506933,-30.356069496188606
40560.0,-0.8689550226303594,0.4540646866899088,0.196830965416183,-30.360702380722365
40620.0,-0.8689608030634279,0.45405537428115555,0.19682692860927892,-30.365498428335723
40680.0,-0.8689665833796262,0.4540460618077453,0.19682289177434706,-30.37041175181434
40740.0,-0.8689723635789222,0.4540367492697293,0.1968188549114095,-30.375394304372556
40800.0,-0.8689781436613305,0.4540274366670838,0.19681481802045606,-30.380396766782358
40860.0,-0.8689839236307368,0.45401812399354796,0.19681078109877265,-30.38536945852926
40920.0,-0.8689897034793679,0.45400881126164583,0.1968067441517884,-30.390263253901658
40980.0,-0.8689954832111082,0.45399949846511845,0.19680270717679002,-30.395030491208985
41040.0,-0.8690012628259738,0.4539901856039401,0.19679867017376643,-30.39962585105696
41100.0,-0.8690070423239314,0.45398087267816367,0.19679463314274045,-30.404007192547876
41160.0,-0.8690128217050123,0.4539715596877389,0.19679059608369048,-30.408136329655058
41220.0,-0.8690186009691838,0.4539622466327183,0.1967865589966391,-30.411979733573276
41280.0,-0.8690243801164761,0.45395293351305244,0.19678252188156503,-30.415509147982807
41340.0,-0.8690301591468576,0.4539436203287927,0.19677848473849044,-30.41870210574184
41400.0,-0.869035938060343,0.4539343070799148,0.1967744475674048,-30.4215423375021
41460.0,-0.8690417168569315,0.45392499376641976,0.19677041036830867,-30.424020064740315
41520.0,-0.869047495540507,0.45391568038204794,0.19676637313848847,-30.426132172334032
41580.0,-0.8690532741032986,0.45390636693932335,0.19676233588337322,-30.42788225560826
41640.0,-0.8690590525491902,0.45389705343198583,0.19675829860024918,-30.429280546626366
41700.0,-0.8690648308781965,0.4538877398600121,0.19675426128910634,-30.4303437144153
41760.0,-0.8690706090902861,0.45387842622345176,0.19675022394996614,-30.43109454857327
41820.0,-0.8690763871854891,0.45386911252225665,0.19674618658280776,-30.43156153048733
41880.0,-0.8690821651637733,0.4538597987564782,0.19674214918765343,-30.43177830089836
41940.0,-0.8690879430251688,0.45385048492606794,0.19673811176448228,-30.43178303416862
42000.0,-0.8690937207696439,0.45384117103107663,0.19673407431331608,-30.4316177311956
42060.0,-0.8690994983972131,0.45383185707148044,0.19673003683414464,-30.43132744443048
42120.0,-0.8691052759078752,0.45382254304728137,0.19672599932696883,-30.43095944953473
42180.0,-0.86911105330163,0.4538132289584794,0.19672196179178866,-30.43056237913115
42240.0,-0.8691168305823612,0.45380391479881305,0.19671792422588974,-30.430185334994793
42300.0,-0.8691226077423139,0.45379460058078447,0.19671388663469178,-30.429876992810335
42360.0,-0.869128384785341,0.4537852862981816,0.1967098490155018,-30.42968472104041
42420.0,-0.8691341617114569,0.45377597195098174,0.19670581136830986,-30.429653722693132
42480.0,-0.8691399385206764,0.4537666575391599,0.19670177369310535,-30.429826220567577
42540.0,-0.8691457152129675,0.4537573430627681,0.19669773598991072,-30.430240698249005
42600.0,-0.8691514917883605,0.45374802852175705,0.19669369825870459,-30.430931210506685
42660.0,-0.8691572682468238,0.4537387139161773,0.19668966049950895,-30.431926775013366
42720.0,-0.8691630445883709,0.4537293992460072,0.1966856227123143,-30.433250855873695
42780.0,-0.8691688208130022,0.45372008451124596,0.19668158489712034,-30.434920947700792
42840.0,-0.8691745969207164,0.4537107697118949,0.19667754705392765,-30.43694826724371
42900.0,-0.8691803729153963,0.4537014548416926,0.196673509180022,-30.439337558004887
42960.0,-0.8691861487892888,0.4536921399131417,0.19666947128082307,-30.44208700885204
43020.0,-0.8691919245462462,0.45368282492002987,0.19666543335363798,-30.445188293093363
43080.0,-0.8691977001862984,0.4536735098623084,0.1966613953984456,-30.44862672007734
43140.0,-0.8692034757094134,0.4536641947400288,0.19665735741526819,-30.4523815017895
43200.0,-0.8692092511156064,0.45365487955316613,0.196653319404095,-30.456426127612534
43260.0,-0.8692150264048915,0.4536455643016978,0.19664928136491616,-30.46072884098401
43320.0,-0.869220801577237,0.45363624898567423,0.19664524329775362,-30.465253209646793
43380.0,-0.8692265766326571,0.45362693360507306,0.19664120520259773,-30.469958779577972
43440.0,-0.8692323515711519,0.4536176181598934,0.1966371670794479,-30.474801801195365
43500.0,-0.8692381263927348,0.4536083026501131,0.19663312892829474,-30.479736015214673
43560.0,-0.8692439011012423,0.4535989870695434,0.19662909074645535,-30.484713484774385
43620.0,-0.8692496756889697,0.45358967143061313,0.19662505253931759,-30.48968545715169
43680.0,-0.8692554501597519,0.45358035572713573,0.1966210143041996,-30.494603245144706
43740.0,-0.8692612245136194,0.45357103995906123,0.19661697604107975,-30.499419105523124
43800.0,-0.8692669987505403,0.45356172412644175,0.19661293774998054,-30.50408710413544
43860.0,-0.8692727728705294,0.4535524082292526,0.19660889943089133,-30.508563950082085
43920.0,-0.8692785468735856,0.4535430922674955,0.19660486108381298,-30.512809784192694
43980.0,-0.8692843207597233,0.4535337762411472,0.19660082270873516,-30.51678890745908
44040.0,-0.869290094528911,0.45352446015025794,0.19659678430567995,-30.520470436005063
44100.0,-0.8692958681811634,0.45351514399480375,0.19659274587463663,-30.523828870439345
44160.0,-0.8693016417164952,0.45350582777476156,0.1965887074155955,-30.52684456885125
44220.0,-0.8693074151387402,0.4534965114839436,0.19658466892587403,-30.529504114780824
44280.0,-0.8693131884401966,0.4534871951347781,0.19658063041085982,-30.531800570886237
44340.0,-0.8693189616246983,0.4534778787210779,0.19657659186787083,-30.53373361843288
44400.0,-0.8693247346922757,0.45346856224279475,0.19657255329688608,-30.53530957256797
44460.0,-0.869330507642897,0.45345924569997875,0.19656851469792724,-30.53654127785731
44520.0,-0.8693362804765762,0.45344992909260756,0.1965644760709847,-30.537447883476645
44580.0,-0.8693420531933136,0.45344061242068057,0.19656043741605814,-30.53805450209604
44640.0,-0.8693478257931231,0.4534312956841749,0.1965563987331377,-30.538391758394418
44700.0,-0.8693535982759732,0.45342197888314073,0.19655236002224524,-30.538495235198525
44760.0,-0.8693593706418781,0.4534126620175562,0.19654832128337107,-30.538404827233222
44820.0,-0.869365142890852,0.45340334508739677,0.1965442825165046,-30.53816401419334
44880.0,-0.869370915022864,0.4533940280927127,0.1965402437216677,-30.537819066439987
44940.0,-0.8693766870418091,0.4533847110272167,0.19653620489613485,-30.53741819828377
45000.0,-0.869382458939925,0.453375393903438,0.19653216604533733,-30.537010682316893
45060.0,-0.8693882307211072,0.4533660767150886,0.19652812716654938,-30.53664594649362
45120.0,-0.8693940023853233,0.4533567594622203,0.19652408825979342,-30.536372663605515
45180.0,-0.8693997739325877,0.45334744214480976,0.1965200493250594,-30.53623785536671
45240.0,-0.8694055453629012,0.4533381247628559,0.19651601036234675,-30.536286025593807
45300.0,-0.8694113166762768,0.4533288073163365,0.19651197137164594,-30.536558338966035
45360.0,-0.8694170878726831,0.4533194898053031,0.19650793235297928,-30.537091860619327
45420.0,-0.8694228589521343,0.4533101722297318,0.1965038933063364,-30.537918870742867
45480.0,-0.8694286299146463,0.4533008545895973,0.19649985423170632,-30.539066266911536
45540.0,-0.8694344007601863,0.45329153688495183,0.1964958151291117,-30.540555065304755
45600.0,-0.8694401714926487,0.45328221910950733,0.19649177599582676,-30.54240001049132
45660.0,-0.8694459421042731,0.453272901275794,0.1964877368372831,-30.5446092989369
45720.0,-0.8694517125989542,0.45326358337752265,0.19648369765075457,-30.547184426762954
45780.0,-0.8694574829766597,0.4532542654147455,0.1964796584362637,-30.55012015759689
45840.0,-0.8694632532374041,0.4532449473874391,0.19647561919380035,-30.553404616533484
45900.0,-0.8694690233811876,0.4532356292956027,0.19647157992336417,-30.557019506425895
45960.0,-0.8694747934080237,0.4532263111392142,0.19646754062494567,-30.56094044298951
46020.0,-0.8694805633178809,0.45321699291832446,0.1964635012985668,-30.565137402605416
46080.0,-0.8694863331107746,0.4532076746329081,0.19645946194421668,-30.569575274650433
46140.0,-0.8694921027867184,0.4531983562829432,0.1964554225618857,-30.57421450818113
46200.0,-0.8694978723456803,0.4531890378684813,0.19645138315159616,-30.579011841065793
46260.0,-0.8695036417915547,0.45317971938323165,0.19644734371062128,-30.583921098456972
46320.0,-0.869509411116582,0.4531704008397275,0.19644330424439382,-30.588894043661632
46380.0,-0.8695151803246568,0.45316108223167784,0.1964392647501869,-30.59388127092318
46440.0,-0.8695209494157466,0.45315176355913517,0.19643522522802323,-30.598833116427457
46500.0,-0.8695267183898658,0.453142444822076,0.1964311856778926,-30.603700575861605
46560.0,-0.8695324872470138,0.45313312602050115,0.19642714609979545,-30.608436209238008
46620.0,-0.8695382559872054,0.45312380715438644,0.19642310649372116,-30.612995016441122
46680.0,-0.8695440246104087,0.4531144882237831,0.19641906685969196,-30.61733526709666
46740.0,-0.8695497931166537,0.4531051692286425,0.19641502719768686,-30.621419269259377
46800.0,-0.8695555615059085,0.4530958501690158,0.19641098750772806,-30.625214062511827
46860.0,-0.8695613297781871,0.45308653104488045,0.1964069477898057,-30.628692022586762
46920.0,-0.8695670979373685,0.45307721184996896,0.1964029080412029,-30.631831366595353
46980.0,-0.8695728659756937,0.45306789259681707,0.1963988682673537,-30.634616547434334
47040.0,-0.8695786338970566,0.45305857327913296,0.1963948284655308,-30.63703853546227
47100.0,-0.8695844017014251,0.45304925389696876,0.19639078863575674,-30.639094975353583
47160.0,-0.8695901693888136,0.453039934450301,0.19638674877802137,-30.64079022081035
47220.0,-0.8695959369592212,0.45303061493913016,0.19638270889232487,-30.64213524468242
47280.0,-0.8696017044126624,0.4530212953634338,0.1963786689786574,-30.643147426943962
47340.0,-0.8696074717491059,0.45301197572326124,0.19637462903704056,-30.643850224888787
47400.0,-0.8696132389685816,0.45300265601856454,0.19637058906745347,-30.644272732152796
47460.0,-0.8696190060710575,0.45299333624939503,0.19636654906991832,-30.644449135169566
47520.0,-0.8696247730565639,0.45298401641570335,0.19636250904441388,-30.644418077617065
47580.0,-0.8696305399250688,0.4529746965175413,0.19635846899096238,-30.644221944972273
47640.0,-0.8696363066804486,0.4529653765486435,0.196354428906848,-30.643906083130158
47700.0,-0.8696420733149943,0.4529560565214686,0.1963503887974714,-30.643517963613114
47760.0,-0.8696478398325355,0.45294673642982763,0.1963463486601497,-30.64310631619394
47820.0,-0.8696536062330877,0.4529374162736947,0.19634230849487172,-30.64272023792187
47880.0,-0.8696593725166496,0.4529280960530723,0.1963382683016385,-30.642408300087734
47940.0,-0.8696651386832359,0.4529187757679361,0.1963342280804395,-30.642217667223253
48000.0,-0.8696709047328143,0.4529094554183383,0.1963301878312973,-30.642193244293328
48060.0,-0.869676670665415,0.4529001350042294,0.1963261475541905,-30.642376867286313
48120.0,-0.869682436481007,0.4528908145256603,0.19632210724914126,-30.642806551442455
48180.0,-0.8696882021796196,0.45288149398258226,0.19631806691612833,-30.64351581030467
48240.0,-0.8696939677612214,0.4528721733750463,0.19631402655517385,-30.644533057339288
48300.0,-0.8696997332296871,0.45286285269678833,0.1963099861635624,-30.645881100784596
48360.0,-0.8697054985773105,0.4528535319602662,0.19630594574669424,-30.647576738153827
48420.0,-0.8697112638079196,0.4528442111592907,0.19630190530188665,-30.64963046247255
48480.0,-0.8697170289215304,0.4528348902938367,0.19629786482912845,-30.65204627807907
48540.0,-0.8697227939181567,0.45282556936388096,0.1962938243284098,-30.6548216341688
48600.0,-0.8697285587977666,0.45281624836947504,0.1962897837997529,-30.657947474899803
48660.0,-0.8697343235603745,0.4528069273105955,0.19628574324314765,-30.661408405351132
48720.0,-0.8697400882059956,0.45279760618721754,0.1962817026585833,-30.665182970268237
48780.0,-0.869745852734598,0.45278828499939233,0.19627766204608207,-30.669244040654107
48840.0,-0.8697516171462114,0.452778963747072,0.1962736214056231,-30.673559301436295
48900.0,-0.8697573814408043,0.45276964243030693,0.1962695807372283,-30.678091831667725
48960.0,-0.8697631456222512,0.45276032104283126,0.19626554003818156,-30.68280076755987
49020.0,-0.8697689096828468,0.4527509995971056,0.19626149931388429,-30.687642034669626
49080.0,-0.8697746736264187,0.4527416780869393,0.19625745856165297,-30.69256914176466
49140.0,-0.8697804374529825,0.4527323565123078,0.1962534177814769,-30.69753401549699
49200.0,-0.8697862011625519,0.45272303487318843,0.19624937697334632,-30.702487866489395
49260.0,-0.8697919647550952,0.452713713169632,0.19624533613728318,-30.707382069480325
49320.0,-0.8697977282306438,0.45270439140158786,0.19624129527326564,-30.712169042300594
49380.0,-0.8698034915891643,0.45269506956910954,0.19623725438131684,-30.71680310797549
49440.0,-0.8698092548306715,0.4526857476721729,0.19623321346142628,-30.721241324516814
49500.0,-0.8698150179551806,0.45267642571075345,0.1962291725135834,-30.725444267353055
49560.0,-0.8698207809626596,0.4526671036849022,0.19622513153781038,-30.72937675013497
49620.0,-0.8698265438569819,0.45265778158835346,0.19622109053139095,-30.733008471003327
49680.0,-0.8698323066304444,0.45264845943356785,0.19621704949972665,-30.736314570154107
49740.0,-0.8698380692868739,0.4526391372143548,0.1962130084401341,-30.73927609346744
49800.0,-0.8698438318262851,0.45262981493069016,0.1962089673526027,-30.741880346328024
49860.0,-0.8698495942486928,0.45262049258255,0.19620492623712216,-30.74412113595281
49920.0,-0.8698553565540653,0.4526111701699849,0.19620088509371442,-30.745998895214395
49980.0,-0.8698611187424325,0.45260184769294676,0.19619684392235845,-30.74752068557034
50040.0,-0.8698668808137625,0.45259252515148707,0.19619280272307676,-30.748700078534455
50100.0,-0.8698726427680695,0.45258320254558215,0.196188761495859,-30.74955691746142
50160.0,-0.869878404605369,0.45257387987520703,0.19618472024069447,-30.75011696358279
50220.0,-0.8698841663256287,0.45256455714041377,0.1961806789576055,-30.750411432467978
50280.0,-0.8698899279288629,0.45255523434117884,0.19617663764658208,-30.750476429164152
50340.0,-0.8698956894189455,0.4525459114712336,0.19617259630490677,-30.750352292518382
50400.0,-0.869901450788127,0.45253658854311746,0.19616855493801527,-30.750082858504626
50460.0,-0.8699072120402809,0.4525272655505626,0.19616451354319045,-30.74971466131024
50520.0,-0.8699129731754212,0.45251794249354577,0.19616047212042237,-30.749296079828067
50580.0,-0.8699187341935168,0.4525086193721172,0.19615643066973285,-30.74887645057528
50640.0,-0.8699244950945975,0.4524992961862288,0.19615238919110098,-30.748505161348216
50700.0,-0.8699302558786316,0.45248997293593146,0.19614834768454864,-30.748230742724726
50760.0,-0.8699360165456336,0.4524806496212015,0.19614430615006573,-30.748099974310712
50820.0,-0.8699417770956182,0.45247132624201464,0.1961402645876418,-30.748157022293995
50880.0,-0.8699475375285535,0.45246200279842275,0.1961362229972992,-30.748442624345948
50940.0,-0.8699532978444534,0.4524526792904025,0.1961321813790279,-30.74899333703986
51000.0,-0.8699590580471911,0.452443355711685,0.19612813973011037,-30.749840860114062
51060.0,-0.8699648181290194,0.4524340320748094,0.19612409805598213,-30.75101144806452
51120.0,-0.8699705780938262,0.4524247083734828,0.19612005635391536,-30.752525425308942
51180.0,-0.869976337941579,0.4524153846077574,0.19611601462393266,-30.754396806930423
51240.0,-0.8699820976722924,0.45240606077760925,0.1961119728660237,-30.75663303740892
51300.0,-0.8699878572859816,0.45239673688301374,0.1961079310801777,-30.759234850124553
51360.0,-0.8699936167826144,0.45238741292402257,0.19610388926641725,-30.76219625069932
51420.0,-0.8699993761622061,0.45237808890061115,0.19609984742473144,-30.765504624604162
51480.0,-0.8700051354247704,0.4523687648127565,0.19609580555511058,-30.769140967124013
51540.0,-0.8700108945702756,0.4523594406605106,0.19609176365757697,-30.773080231547585
51600.0,-0.8700166535987363,0.4523501164438484,0.19608772173211986,-30.77729178925403
51660.0,-0.8700224125140242,0.45234079215650164,0.19608367977602215,-30.781739993600823
51720.0,-0.870028171308394,0.4523314678110105,0.19607963779471962,-30.7863848351565
51780.0,-0.8700339299857328,0.4523221434010814,0.1960755957854842,-30.791182681468367
51840.0,-0.8700396885460078,0.45231281892676684,0.19607155374833862,-30.79608708065055
51900.0,-0.8700454469892343,0.452303494388042,0.19606751168327213,-30.80104961919714
51960.0,-0.8700512053154266,0.4522941697848833,0.19606346959027465,-30.806020815941906
52020.0,-0.8700569635245533,0.45228484511734157,0.19605942746936803,-30.810951035889
52080.0,-0.8700627216166283,0.45227552038539426,0.19605538532054245,-30.81579140688078
52140.0,-0.8700684795916513,0.45226619558904135,0.1960513431437981,-30.820494721953043
52200.0,-0.8700742374496373,0.4522568707282582,0.19604730093912415,-30.82501631052243
52260.0,-0.8700799951905539,0.4522475458030977,0.19604325870654357,-30.829314862087077
52320.0,-0.8700857528182867,0.45223822080726583,0.19603921644332806,-30.833353187403784
52380.0,-0.8700915103250927,0.452228895753303,0.1960351741549136,-30.837098900771238
52440.0,-0.8700972677148576,0.45221957063491597,0.1960311318385722,-30.84052501599374
52500.0,-0.8701030249875499,0.4522102454521555,0.19602708949432587,-30.84361043791064
52560.0,-0.8701087821431995,0.45220092020497293,0.19602304712215354,-30.846340345726315
52620.0,-0.8701145391817748,0.4521915948934189,0.19601900472207714,-30.848706459007932
52680.0,-0.8701202961032896,0.45218226951747154,0.1960149622940872,-30.850707182017672
52740.0,-0.8701260529077434,0.45217294407713077,0.19601091983818367,-30.852347623950354
52800.0,-0.8701318095951364,0.4521636185723966,0.1960068773543665,-30.853639495075722
52860.0,-0.8701375661654817,0.4521542930032469,0.1960028348426262,-30.854600881116077
52920.0,-0.8701433226187485,0.4521449673697321,0.1959987923029846,-30.855255900489446
52980.0,-0.8701490789549661,0.45213564167180403,0.19599474973542078,-30.855634251265506
53040.0,-0.870154835177958,0.4521263159032678,0.1959907071372494,-30.855770657016652
53100.0,-0.8701605912800443,0.4521169900765661,0.19598666451386412,-30.855704220206732
53160.0,-0.8701663472650485,0.4521076641855038,0.19598262186257945,-30.855477700686766
53220.0,-0.8701721031330002,0.4520983382300325,0.19597857918337447,-30.85513672600025
53280.0,-0.8701778588838683,0.45208901221020314,0.19597453647627128,-30.85472895352235
53340.0,-0.8701836145176661,0.45207968612599325,0.19597049374126005,-30.854303197947246
53400.0,-0.8701893700343941,0.4520703599774021,0.1959664509783405,-30.85390854051907
53460.0,-0.8701951254340506,0.4520610337644322,0.19596240818751373,-30.853593436296627
53520.0,-0.8702008807166507,0.45205170748705886,0.19595836536876904,-30.853404835607147
53580.0,-0.8702066358821621,0.45204238114533424,0.19595432252212894,-30.853387335442438
53640.0,-0.8702123909306155,0.4520330547392083,0.1959502796475719,-30.85358237590865
53700.0,-0.8702181458658326,0.45202372826248705,0.1959462367424128,-30.854027496202885
53760.0,-0.8702239006801352,0.45201440172761437,0.19594219381204592,-30.85475566104541
53820.0,-0.8702296553773458,0.4520050751283942,0.1959381508537854,-30.85579467442748
53880.0,-0.8702354099574946,0.4519957484647781,0.1959341078676102,-30.857166683760394
53940.0,-0.87024116442055,0.45198642173681713,0.19593006485354242,-30.85888778804
54000.0,-0.870246918766526,0.4519770949444881,0.19592602181157204,-30.8609677545217
54060.0,-0.8702526729954225,0.45196776808779116,0.19592197874169917,-30.863409848877914
54120.0,-0.8702584271072382,0.4519584411667282,0.19591793564392454,-30.86621078155167
54180.0,-0.8702641811019871,0.45194911418127587,0.19591389251823815,-30.869360770997307
54240.0,-0.8702699349796386,0.4519397871314843,0.19590984936466158,-30.872843722506904
54300.0,-0.870275688740222,0.45193046001730514,0.19590580618317396,-30.87663751938683
54360.0,-0.870281442387574,0.4519211328325185,0.19590176297107906,-30.880714421639414
54420.0,-0.8702871959139723,0.45191180558964306,0.19589771973380357,-30.885041563091434
54480.0,-0.8702929493232846,0.4519024782824085,0.19589367646862937,-30.889581543535826
54540.0,-0.8702987026155253,0.4518931509107915,0.19588963317554625,-30.894293098586957
54600.0,-0.8703044557906632,0.4518838234748422,0.19588558985457608,-30.899131840849307
54660.0,-0.8703102088487122,0.45187449597453794,0.19588154650570896,-30.904051057396376
54720.0,-0.8703159617896717,0.4518651684098794,0.1958775031289453,-30.90900254994942
54780.0,-0.8703217146135563,0.45185584078084284,0.19587345972427467,-30.91393750303904
54840.0,-0.8703274673203343,0.4518465130874794,0.19586941629171928,-30.91880736482807
54900.0,-0.8703332199100202,0.45183718532976513,0.19586537283126876,-30.92356472500124
54960.0,-0.8703389723826286,0.45182785750767623,0.19586132934291287,-30.92816417402996
55020.0,-0.8703447247419954,0.4518185296149924,0.19585728582395498,-30.93256312873487
55080.0,-0.8703504769803997,0.4518092016642334,0.19585324227982248,-30.936722607094442
55140.0,-0.8703562291017078,0.4517998736491292,0.19584919870779732,-30.94060794338485
55200.0,-0.8703619811059203,0.4517905455696792,0.19584515510787914,-30.94418942346494
55260.0,-0.8703677329930507,0.45178121742586086,0.19584111148005826,-30.94744283362236
55320.0,-0.870373484763067,0.451771889217726,0.19583706782435711,-30.950349910503842
55380.0,-0.8703792364159849,0.4517625609452491,0.19583302414076464,-30.952898683872707
55440.0,-0.8703849879518183,0.45175323260840694,0.19582898042927085,-30.95508370544322
55500.0,-0.8703907393705352,0.4517439042072514,0.19582493668989812,-30.956906159134366
55560.0,-0.8703964906721656,0.4517345757417339,0.19582089292262547,-30.95837385025033
55620.0,-0.8704022418566785,0.4517252472119044,0.1958168491274744,-30.95950107327902
55680.0,-0.8704079929240878,0.4517159186177398,0.19581280530443518,-30.96030836033675
55740.0,-0.8704137438782594,0.4517065899529691,0.19580876145078913,-30.96082211480197
55800.0,-0.8704194947114594,0.4516972612301373,0.19580471757197462,-30.961074134444985
55860.0,-0.8704252454275534,0.451687932442974,0.19580067366527323,-30.96110103780811
55920.0,-0.8704309960265558,0.45167860359145523,0.19579662973067474,-30.96094359716735
55980.0,-0.8704367465084346,0.45166927467563317,0.19579258576820177,-30.960645995471378
56040.0,-0.8704424968732055,0.4516599456954816,0.19578854177784286,-30.960255018771676
56100.0,-0.8704482471208823,0.45165061665097844,0.19578449775958848,-30.959819199321316
56160.0,-0.8704539972514331,0.45164128754217475,0.19578045371346084,-30.959387925168105
56220.0,-0.870459747264888,0.451631958369022,0.19577640963943876,-30.959010532725333
56280.0,-0.8704654971612154,0.4516226291315708,0.19577236553754435,-30.958735399101375
56340.0,-0.8704712469404297,0.4516132998297977,0.1957683214077673,-30.958609051070958
56400.0,-0.8704769966063962,0.4516039704574302,0.1957642772473886,-30.958675307552078
56460.0,-0.8704827461513823,0.4515946410270158,0.19576023306184745,-30.95897446943667
56520.0,-0.8704884955792526,0.45158531153228293,0.19575618884842524,-30.9595425770956
56580.0,-0.8704942448900216,0.4515759819732083,0.19575214460711185,-30.960410742358974
56640.0,-0.8704999940836585,0.45156665234984167,0.1957481003379287,-30.961604572665983
56700.0,-0.8705057431601769,0.4515573226621603,0.1957440560408662,-30.9631436960286
56760.0,-0.8705114921195917,0.4515479929101404,0.19574001171591385,-30.96504139600987
56820.0,-0.870517240961871,0.45153866309383256,0.1957359673630937,-30.96730436356966
56880.0,-0.8705229896870453,0.45152933321318794,0.19573192298238448,-30.96993257047945
56940.0,-0.8705287382950825,0.45152000326825853,0.1957278785738087,-30.9729192667146
57000.0,-0.8705344867859969,0.45151067325902067,0.19572383413735617,-30.97625110202131
57060.0,-0.8705402351636534,0.45150134317920027,0.19571978967030718,-30.979908369835577
57120.0,-0.8705459834203196,0.45149201304134795,0.19571574517810225,-30.983865367063206
57180.0,-0.8705517315598614,0.4514826828391892,0.1957117006580214,-30.988090868420073
57240.0,-0.8705574795822927,0.45147335257270116,0.1957076561100548,-30.99254869963518
57300.0,-0.8705632274875817,0.45146402224193494,0.1957036115342245,-30.99719840423371
57360.0,-0.8705689752757583,0.4514546918468421,0.19569956693050966,-31.00199598951557
57420.0,-0.8705747229467907,0.4514453613874735,0.19569552229893217,-31.00689473825164
57480.0,-0.8705804705006938,0.4514360308638055,0.19569147763948178,-31.011846071090257
57540.0,-0.8705862179374823,0.4514267002758136,0.1956874329521481,-31.016800443613345
57600.0,-0.8705919652571239,0.45141736962354995,0.19568338823695347,-31.02170826135006
57660.0,-0.8705977124596328,0.451408038906991,0.1956793434938878,-31.026520795690168
57720.0,-0.8706034595488739,0.45139870811986244,0.19567529872023118,-31.031191083907974
57780.0,-0.870609206517116,0.45138937727471506,0.19567125392142437,-31.035674794375797
57840.0,-0.8706149533682243,0.45138004636527435,0.19566720909474727,-31.039931046024616
57900.0,-0.8706207001022123,0.4513707153915173,0.1956631642401901,-31.043923159714996
57960.0,-0.8706264467190484,0.45136138435349554,0.19565911935777502,-31.04761933272682
58020.0,-0.8706321932187626,0.4513520532511599,0.19565507444748093,-31.05099322170824
58080.0,-0.870637939601323,0.4513427220845623,0.19565102950933017,-31.054024423581208
58140.0,-0.8706436858667448,0.4513333908536771,0.19564698454331175,-31.056698845587018
58200.0,-0.8706494320150417,0.4513240595584827,0.1956429395494162,-31.059008957709736
58260.0,-0.8706551780461829,0.4513147281990283,0.19563889452766492,-31.06095392302703
58320.0,-0.8706609239601819,0.45130539677529197,0.19563484947804835,-31.062539603874594
58380.0,-0.8706666697570543,0.45129606528724814,0.19563080440055547,-31.06377844404818
58440.0,-0.8706724154406154,0.4512867337287001,0.19562675929250004,-31.064689230008387
58500.0,-0.8706781610031848,0.4512774021121212,0.1956227141592891,-31.06529673388825
58560.0,-0.8706839064486241,0.4512680704312402,0.19561866899820418,-31.06563125060625
58620.0,-0.8706896517769022,0.45125873868610666,0.19561462380926675,-31.06572803116637
58680.0,-0.8706953969880492,0.45124940687667164,0.1956105785924555,-31.065626628328204
58740.0,-0.8707011420820329,0.45124007500298796,0.1956065333477935,-31.065370165007586
58800.0,-0.8707068870588833,0.45123074306500566,0.19560248807525896,-31.065004539636867
58860.0,-0.8707126319185688,0.45122141106277647,0.19559844277487431,-31.064577583331236
58920.0,-0.8707183766611042,0.451212078996276,0.19559439744662913,-31.064138184556732
58980.0,-0.8707241212864884,0.4512027468655057,0.1955903520905239,-31.063735397376988
59040.0,-0.8707298657947361,0.4511934146704415,0.1955863067065482,-31.063417549571252
59100.0,-0.8707356101896618,0.451184082404886,0.1955822612920155,-31.063231367084523
59160.0,-0.8707413544636026,0.45117475008128854,0.19557821585232252,-31.06322112842599
59220.0,-0.870747098620373,0.4511654176934513,0.1955741703847826,-31.0634278692326
59280.0,-0.8707528426599884,0.4511560852413495,0.19557012488938488,-31.06388864406184
59340.0,-0.8707585865824629,0.4511467527249601,0.19556607936611942,-31.064635863489105
59400.0,-0.8707643303877645,0.45113742014433433,0.19556203381500856,-31.065696715879508
59460.0,-0.870770074075923,0.45112808749942374,0.19555798823603118,-31.067092684091733
59520.0,-0.8707758176469076,0.4511187547902787,0.195553942629209,-31.068839165260783
59580.0,-0.870781561100732,0.45110942201687604,0.19554989699453224,-31.070945200053885
59640.0,-0.8707873044373956,0.45110008917921685,0.1955458513320011,-31.073413315802604
59700.0,-0.8707930476569138,0.45109075627727585,0.19554180564160487,-31.076239486004074
59760.0,-0.8707987907630993,0.4510814233048568,0.19553775992065733,-31.07941320699991
59820.0,-0.8708045337482914,0.45107209027440864,0.1955337141745551,-31.082917688239434
59880.0,-0.8708102766163035,0.45106275717973393,0.1955296684006116,-31.086730157873482
59940.0,-0.8708160193671507,0.45105342402080867,0.1955256225988165,-31.090822271343328
60000.0,-0.8708217620008473,0.4510440907976087,0.19552157676915916,-31.09516062100717
60060.0,-0.8708275045173617,0.45103475751018535,0.19551753091166205,-31.099707335841345
60120.0,-0.8708332469167241,0.4510254241584893,0.19551348502630356,-31.104420761150312
60180.0,-0.8708389891989023,0.45101609074257265,0.19550943911310656,-31.109256206424707
60240.0,-0.8708447313639112,0.45100675726241135,0.19550539317206037,-31.114166748356116
60300.0,-0.8708504734117496,0.4509974237180065,0.1955013472031656,-31.119104074933453
60360.0,-0.8708562153424327,0.45098809010933333,0.19549730120641134,-31.124019355829038
60420.0,-0.8708619571597731,0.45097875643019414,0.19549325517911118,-31.128864124052672
60480.0,-0.8708676988561107,0.4509694226930407,0.19548920912666268,-31.133591151159496
60540.0,-0.8708734404352599,0.4509600888916723,0.195485163046378,-31.13815530557168
60600.0,-0.8708791818972491,0.4509507550260421,0.19548111693823683,-31.142514371650297
60660.0,-0.8708849232420478,0.4509414210962,0.1954770708022607,-31.146629819849995
60720.0,-0.8708906644696701,0.4509320871021228,0.1954730246384396,-31.15046751181707
60780.0,-0.8708964055801308,0.45092275304378593,0.19546897844676292,-31.153998327727766
60840.0,-0.870902146573398,0.4509134189212413,0.19546493222725309,-31.1571987041688
60900.0,-0.8709078874494858,0.4509040847344657,0.1954608859799001,-31.16005107240242
60960.0,-0.870913628208394,0.4508947504834592,0.195456839704704,-31.162544188565796
61020.0,-0.8709193688501369,0.45088541616819827,0.19545279340165453,-31.16467334932754
61080.0,-0.8709251093746831,0.45087608178873373,0.19544874707077375,-31.16644048855471
61140.0,-0.8709308497859064,0.45086674733876625,0.195444700709331,-31.16785415310751
61200.0,-0.8709365900760867,0.45085741283084924,0.195440654322768,-31.168929355606497
61260.0,-0.8709423302490982,0.4508480782586826,0.19543660790835374,-31.16968731171149
61320.0,-0.8709480703049091,0.45083874362231807,0.19543256146611068,-31.170155059339784
61380.0,-0.8709538102435339,0.4508294089217311,0.1954285149960281,-31.17036497176457
61440.0,-0.8709595500649882,0.4508200741568971,0.19542446849809542,-31.170354171152653
61500.0,-0.870965289769239,0.4508107393278691,0.19542042197233547,-31.170163853497808
61560.0,-0.8709710293563011,0.45080140443462235,0.19541637541873783,-31.169838537256165
61620.0,-0.8709767688261741,0.45079206947715816,0.19541232883730278,-31.16942524942075
61680.0,-0.8709825081788723,0.4507827344554524,0.19540828222802006,-31.168972664033028
61740.0,-0.870988247414364,0.45077339936955696,0.19540423559091194,-31.168530209016172
61800.0,-0.8709939865365226,0.4507640642131704,0.19540018892324706,-31.168147158228713
61860.0,-0.8709997255376289,0.4507547289988489,0.1953961422304682,-31.167871723435105
61920.0,-0.8710054644215576,0.4507453937202898,0.1953920955098433,-31.167750168312068
61980.0,-0.8710112031882761,0.4507360583775454,0.19538804876139498,-31.167825953935477
62040.0,-0.8710169418377992,0.4507267229705925,0.19538400198511338,-31.168138936898337
62100.0,-0.8710226803701413,0.4507173874994065,0.19537995518098755,-31.168724632839794
62160.0,-0.8710284187852709,0.4507080519640383,0.19537590834903976,-31.169613559451076
62220.0,-0.8710341570832026,0.4506987163644647,0.19537186148925986,-31.170830671204396
62280.0,-0.8710398952639351,0.4506893807006871,0.19536781460164843,-31.172394896316472
62340.0,-0.8710456333274834,0.45068004497268105,0.195363767686195,-31.174318784620336
62400.0,-0.8710513712738158,0.4506707091804976,0.19535972074292166,-31.17660827293303
62460.0,-0.8710571091068041,0.4506613733178373,0.1953556737690975,-31.179262572730224
62520.0,-0.8710628468187326,0.4506520373972536,0.19535162677016452,-31.1822741801802
62580.0,-0.8710685844134732,0.4506427014124461,0.19534757974339148,-31.18562901372473
62640.0,-0.8710743218909943,0.4506333653634668,0.19534353268880086,-31.18930666976937
62700.0,-0.87108005925131,0.45062402925029205,0.19533948560638256,-31.19328079712686
62760.0,-0.8710857964944356,0.4506146930728969,0.19533543849612559,-31.197519581258966
62820.0,-0.8710915336203386,0.45060535683133385,0.19533139135805275,-31.20198632980781
62880.0,-0.8710972706290347,0.4505960205255771,0.19532734419215303,-31.206640148661915
62940.0,-0.8711030075205223,0.4505866841556295,0.1953232969984275,-31.21143669605669
63000.0,-0.8711087442948157,0.4505773477214671,0.1953192497768657,-31.216329000783848
63060.0,-0.8711144809518838,0.4505680112231402,0.19531520252748966,-31.22126832931753
63120.0,-0.8711202174955978,0.4505586746543483,0.19531115524756798,-31.226205086112255
63180.0,-0.871125953918258,0.4505493380276226,0.19530710794253295,-31.23108972817631
63240.0,-0.8711316902236901,0.45054000133673633,0.19530306060968528,-31.235873682105034
63300.0,-0.8711374264119084,0.45053066458166624,0.19529901324901486,-31.24051023946663
63360.0,-0.8711431624829123,0.4505213277624132,0.19529496586052197,-31.24495541900295
63420.0,-0.871148898436701,0.45051199087897814,0.1952909184442073,-31.249168777429457
63480.0,-0.8711546342732884,0.4505026539313379,0.19528687100006054,-31.253114154008827
63540.0,-0.8711603699926437,0.4504933169195428,0.19528282352810364,-31.25676033497851
63600.0,-0.8711661055947966,0.4504839798435442,0.19527877602831548,-31.260081625473838
63660.0,-0.8711718410797148,0.4504746427033942,0.19527472850071861,-31.263058318302985
63720.0,-0.8711775764474136,0.45046530549906816,0.19527068094530242,-31.265677050991716
63780.0,-0.871183311697907,0.4504559682305426,0.19526663336205666,-31.267931044587122
63840.0,-0.8711890468350195,0.4504466308915906,0.1952625857482821,-31.269820220382602
63900.0,-0.8711947818510537,0.45043729349474443,0.1952585381094113,-31.271351190614865
63960.0,-0.8712005167498645,0.45042795603372743,0.19525449044272333,-31.272537128888445
64020.0,-0.8712062515314518,0.45041861850853965,0.19525044274821834,-31.27339751619592
64080.0,-0.8712119861958139,0.4504092809191838,0.1952463950258974,-31.27395777293452
64140.0,-0.8712177207429652,0.4503999432656358,0.19524234727575018,-31.27424878212065
64200.0,-0.8712234551728746,0.4503906055479463,0.19523829949779847,-31.274306313445386
64260.0,-0.8712291894855722,0.4503812677660665,0.19523425169202133,-31.274170359292455
64320.0,-0.8712349236810261,0.4503719299200476,0.19523020385844084,-31.27388439534589
64380.0,-0.8712406577592663,0.4503625920098404,0.1952261559970357,-31.27349457979772
64440.0,-0.8712463917202605,0.4503532540354978,0.1952221081078287,-31.27304890610083
64500.0,-0.871252125567879,0.450343915990716,0.1952180601880874,-31.272596325379272
64560.0,-0.8712578592944101,0.450334577888054,0.1952140122432559,-31.272185852496186
64620.0,-0.871263592903709,0.45032523972123345,0.19520996427061268,-31.271865677332016
64680.0,-0.8712693263957739,0.4503159014902562,0.1952059162701584,-31.271682290334248
64740.0,-0.8712750597706043,0.4503065631951241,0.19520186824189398,-31.271679643232883
64800.0,-0.8712807930282152,0.4502972248358114,0.19519782018580828,-31.271898357711382
64860.0,-0.8712865261685745,0.45028788641237066,0.195193772101924,-31.272374996287475
64920.0,-0.8712922591917116,0.45027854792475386,0.1951897239902203,-31.27314140812758
64980.0,-0.8712979920975957,0.4502692093730105,0.19518567585071872,-31.27422416104886
65040.0,-0.8713037248862566,0.4502598707570925,0.19518162768339836,-31.275644069459247
65100.0,-0.8713094575576623,0.4502505320770512,0.19517757948828163,-31.277415826171893
65160.0,-0.8713151901156817,0.4502411933265838,0.19517353126263612,-31.279547744630097
65220.0,-0.8713209225526055,0.450231854518249,0.19516948301190595,-31.282041613623147
65280.0,-0.8713266548722866,0.45022251564577015,0.19516543473337028,-31.284892672023318
65340.0,-0.8713323870747249,0.4502131767091471,0.19516138642702913,-31.288089696774865
65400.0,-0.8713381191599348,0.4502038377083561,0.19515733809287206,-31.291615207662385
65460.0,-0.8713438511278843,0.4501944986434489,0.19515328973092164,-31.29544578305925
65520.0,-0.8713495829785878,0.4501851595144023,0.19514924134116765,-31.299552481452338
65580.0,-0.8713553147120603,0.45017582032119147,0.19514519292359947,-31.303901361342184
65640.0,-0.87136104632827,0.4501664810638677,0.1951411444782393,-31.30845409047689
65700.0,-0.8713667778272465,0.4501571417423827,0.19513709600506618,-31.313168633838544
65760.0,-0.8713725092089585,0.4501478023567875,0.1951330475041022,-31.31800000837714
65820.0,-0.871378240477259,0.4501384629008028,0.19512899897262548,-31.322901091725065
65880.0,-0.8713839716244857,0.4501291233869146,0.1951249504160484,-31.327823468625233
65940.0,-0.8713897026544443,0.4501197838089212,0.19512090183168276,-31.33271830543274
66000.0,-0.8713954335671512,0.45011044416679574,0.19511685321951674,-31.337537230320354
66060.0,-0.8714011643626197,0.4501011044605161,0.1951128045795409,-31.34223320874254
66120.0,-0.871406895040818,0.4500917646901341,0.19510875591177754,-31.34676139643473
66180.0,-0.8714126256017617,0.4500824248556242,0.19510470721621578,-31.35107995494865
66240.0,-0.8714183560454645,0.4500730849569636,0.19510065849284558,-31.355150814895357
66300.0,-0.8714240863718948,0.45006374499420343,0.19509660974168921,-31.358940372934377
66360.0,-0.8714298165810825,0.45005440496729493,0.19509256096272554,-31.362420109635067
66420.0,-0.8714355466729964,0.4500450648762892,0.19508851215597656,-31.36556711662603
66480.0,-0.8714412766476506,0.45003572472116227,0.19508446332143212,-31.36836452308892
66540.0,-0.8714470065088968,0.4500263844956355,0.19508041445637028,-31.370801813696183
66600.0,-0.8714527362490289,0.45001704421227046,0.19507636556623645,-31.372875029638884
66660.0,-0.8714584658718989,0.4500077038647878,0.19507231664830865,-31.37458685380428
66720.0,-0.8714641953775212,0.44999836345316374,0.19506826770257646,-31.375946571090914
66780.0,-0.8714699247658642,0.44998902297744964,0.1950642187290622,-31.37696990934807
66840.0,-0.8714756540369581,0.44997968243759584,0.19506016972774434,-31.377678761357043
66900.0,-0.8714813831907708,0.4499703418336549,0.1950561206986456,-31.378100792895527
66960.0,-0.8714871122273171,0.4499610011656022,0.19505207164175548,-31.378268943810827
67020.0,-0.871492841146611,0.44995166043341484,0.19504802255706383,-31.378220830985907
67080.0,-0.8714985699486212,0.44994231963714293,0.19504397344459248,-31.377998064008768
67140.0,-0.8715042986333625,0.44993297877676364,0.1950399243043316,-31.37764548602921
67200.0,-0.8715100272046855,0.4499236378459965,0.19503587513355858,-31.377210354042603
67260.0,-0.8715157556548859,0.449914296857404,0.19503182593771917,-31.376741471613247
67320.0,-0.8715214839878147,0.44990495580470735,0.19502777671409158,-31.37628829527233
67380.0,-0.8715272122034863,0.4498956146878823,0.19502372746266525,-31.37590002416016
67440.0,-0.8715329403018688,0.44988627350698074,0.19501967818346272,-31.37562469500832
67500.0,-0.8715386682829928,0.4498769322619526,0.19501562887646226,-31.37550829718218
67560.0,-0.8715443961468254,0.44986759095285106,0.19501157954168696,-31.37559392453334
67620.0,-0.8715501238933824,0.44985824957965054,0.1950075301791257,-31.37592097986599
67680.0,-0.8715558515226782,0.44984890814232714,0.19500348078876806,-31.376524446773512
67740.0,-0.8715615790346806,0.4498395666409332,0.19499943137063686,-31.377434242407247
67800.0,-0.8715673064294039,0.44983022507544485,0.19499538192472163,-31.378674663242474
67860.0,-0.8715730337106994,0.4498208834395806,0.19499133244829955,-31.380263934499087
67920.0,-0.8715787608708628,0.449811541745906,0.19498728294681755,-31.382213869564442
67980.0,-0.8715844879137454,0.4498021999881396,0.19498323341755264,-31.38452965102957
68040.0,-0.871590214839361,0.4497928581662583,0.19497918386049493,-31.38720973052389
68100.0,-0.8715959416476786,0.4497835162803127,0.19497513427566632,-31.390245854525716
68160.0,-0.8716016683387272,0.4497741743302551,0.19497108466304605,-31.393623213707393
68220.0,-0.871607394912476,0.4497648323161357,0.19496703502265597,-31.397320713477917
68280.0,-0.8716131213689392,0.4497554902379307,0.19496298535448578,-31.40131136086765
68340.0,-0.8716188477081315,0.44974614809561647,0.19495893565852512,-31.405562760663525
68400.0,-0.8716245739300208,0.44973680588924475,0.19495488593479654,-31.410037711713585
68460.0,-0.8716303000346219,0.44972746361879123,0.19495083618328937,-31.414694892443286
68520.0,-0.8716360260257838,0.4497181212779759,0.19494678640128146,-31.419489623256254
68580.0,-0.8716417518958062,0.449708778879362,0.1949427365942188,-31.42437468964012
68640.0,-0.8716474776485531,0.44969943641664484,0.19493868675936826,-31.429301215922507
68700.0,-0.8716532032839932,0.4496900938898756,0.19493463689675206,-31.43421956646558
68760.0,-0.8716589288021401,0.4496807512990314,0.19493058700636037,-31.43908026274982
68820.0,-0.8716646542030096,0.44967140864408683,0.19492653708818214,-31.44383489711047
68880.0,-0.871670379486569,0.44966206592509445,0.19492248714224014,-31.4484370264079
68940.0,-0.8716761046528336,0.44965272314202953,0.1949184371685236,-31.45284302892508
69000.0,-0.8716818297018173,0.44964338029486894,0.19491438716702256,-31.45701290842737
69060.0,-0.8716875546334891,0.4496340373836628,0.19491033713775877,-31.460911030355938
69120.0,-0.8716932794478631,0.4496246944083884,0.19490628708072227,-31.464506776413366
69180.0,-0.8716990041449384,0.44961535136904646,0.19490223699591347,-31.467775105323554
69240.0,-0.8717047287285635,0.44960600825935637,0.19489818688060973,-31.470697009744033
69300.0,-0.8717104531910543,0.4495966650918582,0.1948941367402472,-31.473259858836276
69360.0,-0.8717161775362292,0.44958732186032035,0.19489008657212437,-31.475457625511837
69420.0,-0.8717219017641169,0.44957797856469556,0.19488603637622076,-31.477290987439865
69480.0,-0.8717276258746861,0.44956863520503443,0.1948819861525584,-31.478767305441323
69540.0,-0.8717333498679517,0.44955929178131293,0.1948779359011267,-31.479900477997496
69600.0,-0.8717390737439126,0.44954994829353245,0.1948738856219265,-31.480710675316917
69660.0,-0.8717447975025839,0.4495406047416679,0.19486983531494684,-31.481223958380347
69720.0,-0.871750521143933,0.4495312611257726,0.1948657849802107,-31.481471790485223
69780.0,-0.8717562446679747,0.4495219174458219,0.1948617346177075,-31.481490450827433
69840.0,-0.8717619680747241,0.4495125737017912,0.19485768422742664,-31.481320361380593
69900.0,-0.8717676913679818,0.449503229887475,0.19485363380667803,-31.481005340256527
69960.0,-0.871773414540112,0.4494938860153396,0.1948495833608657,-31.480591793566646
70020.0,-0.8717791375949163,0.4494845420791782,0.194845532887299,-31.480127866059664
70080.0,-0.8717848605324245,0.44947519807894176,0.19484148238595675,-31.47966255938931
70140.0,-0.871790583352605,0.44946585401468225,0.19483743185686142,-31.479244839362618
70200.0,-0.8717963060554721,0.44945650988637537,0.19483338130000252,-31.4789227463791
70260.0,-0.8718020286410244,0.4494471656940237,0.19482933071538117,-31.47874252542109
70320.0,-0.871807751109278,0.44943782143760036,0.19482528010298572,-31.47874779117564
70380.0,-0.8718134734601998,0.4494284771171595,0.1948212294628396,-31.478978743063074
70440.0,-0.8718191956938047,0.4494191327326762,0.19481717879493202,-31.479471443981208
70500.0,-0.8718249178101078,0.449409788284126,0.1948131280992524,-31.480257175287182
70560.0,-0.8718306398129086,0.4494004437653034,0.1948090773731108,-31.481361879498074
70620.0,-0.8718363616945736,0.4493910991886746,0.19480502662191096,-31.48280569815486
70680.0,-0.8718420834589029,0.4493817545480333,0.19480097584296277,-31.48460261781658
70740.0,-0.871847805105927,0.4493724098433296,0.19479692503624443,-31.48676022319533
70800.0,-0.8718535266356136,0.449363065074616,0.19479287420177877,-31.4892795666128
70860.0,-0.8718592480479765,0.44935372024186937,0.1947888233395557,-31.4921551537589
70920.0,-0.8718649693430163,0.4493443753450893,0.19478477244957512,-31.495375046094896
70980.0,-0.8718706905207474,0.44933503038425143,0.19478072153182646,-31.49892107797001
71040.0,-0.8718764115811369,0.4493256853594095,0.194776670586333,-31.50276918453472
71100.0,-0.8718821325242005,0.4493163402705374,0.19477261961308331,-31.506889834693087
71160.0,-0.8718878533499527,0.4493069951176119,0.19476856861206754,-31.51124856149975
71220.0,-0.8718935740622075,0.4492976498944016,0.19476451758058425,-31.515806581130857
71280.0,-0.8718992946532867,0.44928830461344904,0.19476046652407067,-31.52052148758805
71340.0,-0.8719050151270367,0.4492789592684715,0.19475641543980315,-31.52534801623576
71400.0,-0.8719107354834712,0.4492696138594455,0.19475236432777154,-31.530238855929333
71460.0,-0.8719164557225587,0.4492602683864227,0.19474831318799832,-31.53514550072265
71520.0,-0.8719221758443141,0.4492509228493786,0.19474426202047282,-31.540019124120125
71580.0,-0.8719278958487364,0.44924157724831454,0.1947402108251956,-31.544811460749997
71640.0,-0.8719336157358396,0.4492322315832075,0.1947361596021567,-31.549475679812808
71700.0,-0.8719393355055929,0.44922288585410736,0.1947321083513778,-31.553967234660412
71760.0,-0.8719450551580102,0.4492135400609913,0.19472805707284885,-31.558244673214606
71820.0,-0.8719507746931064,0.4492041942038346,0.19472400576655935,-31.56227039447438
71880.0,-0.8719564941108493,0.44919484828269024,0.19471995443253204,-31.566011337255215
71940.0,-0.8719622134150996,0.4491855022912484,0.19471590306803185,-31.56943958877266
72000.0,-0.871967932598165,0.44917615624207935,0.1947118516785078,-31.57253289956191
72060.0,-0.8719736516639056,0.4491668101288747,0.1947078002612253,-31.575275100197448
72120.0,-0.8719793706122898,0.44915746395168643,0.1947037488162068,-31.577656404806376
72180.0,-0.8719850894433324,0.4491481177104895,0.1946996973434415,-31.57967360059194
72240.0,-0.8719908081570321,0.44913877140528646,0.1946956458429305,-31.581330117295803
72300.0,-0.8719965267534032,0.449129425036053,0.1946915943146633,-31.582635975217656
72360.0,-0.872002245232415,0.4491200786028401,0.19468754275866199,-31.583607612268366
72420.0,-0.8720079635940967,0.4491107321055991,0.19468349117490533,-31.584267592833292
72480.0,-0.8720136818384168,0.44910138554438106,0.19467943956341568,-31.584644203386304
72540.0,-0.8720193999653901,0.4490920389191619,0.1946753879241825,-31.584770942016796
72600.0,-0.8720251179788598,0.4490826922236591,0.19467133625448238,-31.584685911323742
72660.0,-0.8720308358711361,0.44907334547044264,0.19466728455976423,-31.584431123600982
72720.0,-0.8720365536460782,0.4490639986532035,0.1946632328372932,-31.58405173619206
72780.0,-0.8720422713036543,0.44905465177199355,0.19465918108709176,-31.58359522408596
72840.0,-0.8720479888438792,0.4490453048267889,0.19465512930914966,-31.583110510223133
72900.0,-0.8720537062667515,0.4490359578175911,0.19465107750346744,-31.58264706745655
72960.0,-0.8720594235722866,0.44902661074437467,0.19464702567003409,-31.582254009161353
73020.0,-0.872065140760452,0.449017263607193,0.19464297380887266,-31.581979185333125
73080.0,-0.872070857831278,0.449007916405996,0.1946389219199617,-31.581868300974026
73140.0,-0.8720765747847331,0.44899856914083497,0.19463487000332325,-31.58196407310337
73200.0,-0.8720822916208315,0.4489892218116866,0.19463081805894722,-31.582305442100637
73260.0,-0.8720880083434162,0.44897987441226694,0.19462676608410953,-31.58292685235825
73320.0,-0.8720937249447984,0.44897052695514744,0.19462271408425993,-31.58385761356192
73380.0,-0.8720994414288377,0.44896117943401714,0.19461866205666253,-31.585121359696654
73440.0,-0.8721051577955008,0.44895183184893067,0.1946146100013412,-31.586735608917788
73500.0,-0.8721108740448034,0.44894248419986194,0.19461055791828444,-31.588711437748124
73560.0,-0.872116590176744,0.4489331364868127,0.19460650580749306,-31.59105327360251
73620.0,-0.8721223061913378,0.44892378870975874,0.1946024536689566,-31.59375880995067
73680.0,-0.8721280220885524,0.44891444086875193,0.19459840150269758,-31.596819045775312
73740.0,-0.8721337378684181,0.4489050929637433,0.1945943493086947,-31.600218448730537
73800.0,-0.872139453530903,0.4488957449947844,0.19459029708697026,-31.603935239057247
73860.0,-0.8721451690760373,0.44888639696182553,0.19458624483750286,-31.60794178915538
73920.0,-0.8721508845076169,0.44887704885865815,0.19458219255760106,-31.61220513182178
73980.0,-0.8721565998180011,0.4488677006977788,0.19457814025268205,-31.61668756579983
74040.0,-0.8721623150110323,0.44885835247290296,0.19457408792002143,-31.621347352645216
74100.0,-0.8721680300866778,0.44884900418408363,0.19457003555964233,-31.626139485149782
74160.0,-0.872173745044953,0.44883965583129537,0.19456598317153365,-31.631016518296654
74220.0,-0.8721794598858578,0.4488303074145388,0.1945619307556956,-31.635929445221677
74280.0,-0.872185174609405,0.4488209589337919,0.19455787831211874,-31.640828602259205
74340.0,-0.8721908892155642,0.44881161038910466,0.1945538258408247,-31.645664586187497
74400.0,-0.8721966037043651,0.4488022617804282,0.19454977334179233,-31.650389166571408
74460.0,-0.8722023180757754,0.4487929131078149,0.1945457208150442,-31.65495617610999
74520.0,-0.8722080323298101,0.44878356437124034,0.19454166826056987,-31.659322362369863
74580.0,-0.8722137464664843,0.4487742155706797,0.19453761567835848,-31.66344818492735
74640.0,-0.8722194604895916,0.44876486669992516,0.1945335630657191,-31.667298543368766
74700.0,-0.8722251743914944,0.4487555177714733,0.19452951042806874,-31.670843420488815
74760.0,-0.8722308881760338,0.44874616877903906,0.19452545776268304,-31.674058433868375
74820.0,-0.872236601843178,0.44873681972267443,0.19452140506958449,-31.676925278726547
74880.0,-0.8722423153929562,0.4487274706023313,0.19451735234875217,-31.67943205911741
74940.0,-0.8722480288253377,0.44871812141805967,0.1945132996002078,-31.681573499384577
75000.0,-0.8722537421403369,0.44870877216983607,0.19450924682394116,-31.683351032586533
75060.0,-0.8722594553379678,0.4486994228576368,0.19450519401994212,-31.684772764540337
75120.0,-0.8722651684181993,0.4486900734815128,0.19450114118823264,-31.68585331455148
75180.0,-0.8722708813810454,0.4486807240414415,0.1944970883288029,-31.68661353623307
75240.0,-0.8722765942265213,0.44867137453739697,0.1944930354416417,-31.68708012403545
75300.0,-0.8722823069584198,0.44866202496317165,0.19448898252405825,-31.687285113615783
75360.0,-0.8722880195691057,0.4486526753312615,0.19448492958146926,-31.687265283703727
75420.0,-0.8722937320624183,0.44864332563538295,0.19448087661115085,-31.687061476116348
75480.0,-0.8722994444383259,0.44863397587558745,0.1944768236131255,-31.686717839971358
75540.0,-0.8723051566968586,0.4486246260518257,0.19447277058737167,-31.68628101953925
75600.0,-0.8723108688379849,0.4486152761641489,0.19446871753391165,-31.685799298792222
75660.0,-0.872316580861734,0.44860592621250894,0.1944646644527245,-31.68532171887571
75720.0,-0.8723222927680755,0.44859657619695564,0.19446061134383189,-31.68489718464925
75780.0,-0.8723280045570231,0.4485872261174661,0.19445655820722385,-31.684573576584864
75840.0,-0.8723337162285761,0.44857787597404153,0.19445250504290104,-31.684396883992076
75900.0,-0.8723394277827492,0.4485685257666577,0.19444845185085274,-31.684410375072723
75960.0,-0.8723451392233347,0.4485591754891049,0.19444439862838725,-31.68465381882595
76020.0,-0.8723508505426985,0.4485498251538819,0.1944403453809226,-31.685162770398286
76080.0,-0.8723565617446795,0.44854047475470354,0.19443629210573424,-31.685967937454404
76140.0,-0.8723622728292463,0.4485311242916208,0.19443223880284427,-31.68709463158861
76200.0,-0.872367983796429,0.4485217737645844,0.19442818547223142,-31.688562319325992
76260.0,-0.8723736946461951,0.4485124231736472,0.1944241321139184,-31.69038427817385
76320.0,-0.8723794053785753,0.44850307251875876,0.19442007872788356,-31.6925673638328
76380.0,-0.8723851159935379,0.44849372179997093,0.19441602531414923,-31.69511189230654
76440.0,-0.8723908264910968,0.44848437101726024,0.1944119718727053,-31.698011638758757
76500.0,-0.8723965368712518,0.4484750201706273,0.1944079184035521,-31.701253952890212
76560.0,-0.8724022471340174,0.44846566926004794,0.19440386490667902,-31.704819988686463
76620.0,-0.8724079572831852,0.44845631827931254,0.19439981137939433,-31.708685044753913
76680.0,-0.8724136673111378,0.4484469672408954,0.19439575782710553,-31.712819007204047
76740.0,-0.8724193772216676,0.44843761613858596,0.19439170424712024,-31.717186892491966
76800.0,-0.872425087014789,0.44842826497236027,0.1943876506394283,-31.721749473905778
76860.0,-0.8724307966905166,0.4484189137421943,0.19438359700401925,-31.726463985956617
76920.0,-0.8724365062488186,0.4484095624481401,0.19437954334091548,-31.731284892348953
76980.0,-0.8724422156897246,0.44840021109014827,0.1943754896500958,-31.736164704495604
77040.0,-0.8724479250132033,0.4483908596682705,0.19437143593158243,-31.741054836213706
77100.0,-0.8724536342192692,0.4483815081824827,0.1943673821853651,-31.745906479614376
77160.0,-0.8724593433079219,0.4483721566327853,0.19436332841144385,-31.750671486665414
77220.0,-0.8724650522791754,0.4483628050191548,0.1943592746098086,-31.755303240770935
77280.0,-0.872470761132998,0.4483534533416435,0.19435522078048192,-31.759757502743117
77340.0,-0.8724764698732426,0.44834410159393906,0.19435116692072757,-31.763993216273477
77400.0,-0.8724821784922319,0.4483347497886179,0.19434711303599725,-31.767973256143065
77460.0,-0.8724878869938182,0.44832539791936915,0.19434305912355526,-31.771665110655782
77520.0,-0.872493595377971,0.44831604598624275,0.19433900518342323,-31.77504147870903
77580.0,-0.8724993036447036,0.4483066939892163,0.19433495121559158,-31.77808077552217
77640.0,-0.8725050117940316,0.44829734192826465,0.19433089722004926,-31.780767535304552
77700.0,-0.8725107198259223,0.4482879898034408,0.19432684319681928,-31.783092703428782
77760.0,-0.8725164277403908,0.44827863761471953,0.19432278914589068,-31.78505381230868
77820.0,-0.8725221355374362,0.44826928536210264,0.1943187350672643,-31.786655037249716
77880.0,-0.8725278432170731,0.44825993304556555,0.19431468096092952,-31.78790713079299
77940.0,-0.8725335507792695,0.44825058066516044,0.1943106268269089,-31.788827236284742
78000.0,-0.8725392582278778,0.44824122821457507,0.19430657266246606,-31.789438584048956
78060.0,-0.872544965555222,0.4482318757063863,0.19430251847305308,-31.78977007327114
78120.0,-0.8725506727651539,0.448222523134283,0.19429846425593414,-31.78985575219152
78180.0,-0.8725563798576425,0.4482131704983156,0.194294410011131,-31.789734198992406
78240.0,-0.8725620868327015,0.44820381779846097,0.19429035573863376,-31.78944781981507
78300.0,-0.8725677936903461,0.4481944650346949,0.19428630143843187,-31.78904207461282
78360.0,-0.8725735004305447,0.4481851122070686,0.19428224711054748,-31.788564645406176
78420.0,-0.8725792070533105,0.4481757593155595,0.1942781927549708,-31.788064562273696
78480.0,-0.8725849135586442,0.44816640636016714,0.1942741383717017,-31.787591303199374
78540.0,-0.8725906199465597,0.4481570533408681,0.19427008396073006,-31.78719388446038
78600.0,-0.872596326217026,0.44814770025771294,0.19426602952207778,-31.786919958403477
78660.0,-0.8726020323738933,0.4481383471043903,0.19426197505300885,-31.78681493572353
78720.0,-0.8726077384094879,0.4481289938934785,0.1942579205589759,-31.786921146437937
78780.0,-0.8726134443276606,0.4481196406186653,0.19425386603724262,-31.78727706036263
78840.0,-0.8726191501283801,0.4481102872800017,0.19424981148783116,-31.78791657465033
78900.0,-0.8726248558116609,0.44810093387746364,0.1942457569107311,-31.788868386860386
78960.0,-0.8726305613775177,0.44809158041102715,0.194241702305932,-31.790155463130137
79020.0,-0.872636266825919,0.44808222688074323,0.19423764767345603,-31.791794611728132
79080.0,-0.8726419721568786,0.4480728732865892,0.1942335930132933,-31.7937961699776
79140.0,-0.8726476773703966,0.4480635196285647,0.19422953832544365,-31.7961638104092
79200.0,-0.872653382466486,0.4480541659066481,0.19422548360989764,-31.798894469850904
79260.0,-0.8726590874451171,0.44804481212088815,0.19422142886667662,-31.801978402858417
79320.0,-0.8726647923101386,0.4480354582649737,0.19421737409304465,-31.805399358977116
79380.0,-0.8726704970538789,0.4480261043514832,0.1942133192944543,-31.809134878564198
79440.0,-0.8726762016801883,0.44801675037410377,0.19420926446816902,-31.813156707014258
79500.0,-0.8726819061890346,0.44800739633288766,0.19420520961421153,-31.81743131289538
79560.0,-0.872687610580433,0.44799804222781,0.194201154732571,-31.82192050569938
79620.0,-0.8726933148543978,0.4479886880588465,0.19419709982323693,-31.82658213972764
79680.0,-0.8726990190108973,0.4479793338260499,0.1941930448862321,-31.831370891474943
79740.0,-0.8727047230499456,0.4479699795293958,0.19418898992154604,-31.83623909612914
79800.0,-0.8727104269715427,0.44796062516888463,0.19418493492917885,-31.841137627632598
79860.0,-0.8727161307757023,0.44795127074449387,0.19418087990912086,-31.846016805954008
79920.0,-0.8727218344623933,0.4479419162562739,0.19417682486139382,-31.850827314640362
79980.0,-0.8727275380316453,0.447932561704176,0.1941727697859767,-31.85552111153747
80040.0,-0.8727332414872464,0.4479232070819864,0.19416871468017582,-31.860052315959194
80100.0,-0.8727389448215876,0.4479138524021855,0.19416465954940132,-31.86437805367677
80160.0,-0.8727446480384565,0.4479044976585607,0.19416060439096014,-31.868459249030426
80220.0,-0.8727503511378676,0.44789514285108817,0.19415654920484182,-31.87226134251079
80280.0,-0.8727560541198356,0.44788578797974327,0.1941524939910359,-31.875754925539937
80340.0,-0.8727617569843281,0.4478764330445786,0.194148438749565,-31.87891627858546
80400.0,-0.8727674597313614,0.447867078045568,0.19414438348041788,-31.88172780301013
80460.0,-0.8727731623609488,0.4478577229826892,0.19414032818358481,-31.88417833872048
80520.0,-0.8727788648730584,0.44784836785599347,0.19413627285908797,-31.88626336191366
80580.0,-0.8727845672677051,0.4478390126654572,0.19413221750691734,-31.887985059522933
80640.0,-0.8727902695449037,0.4478296574110557,0.19412816212706208,-31.88935227928768
80700.0,-0.8727959717084559,0.44782030208655127,0.19412410671681815,-31.890380357128674
80760.0,-0.872801673750709,0.4478109467044982,0.19412005128162782,-31.891090823408824
80820.0,-0.8728073756754956,0.4478015912586101,0.19411599581876582,-31.89151099915426
80880.0,-0.8728130774828151,0.4477922357488863,0.19411194032823217,-31.891673483311962
80940.0,-0.8728187791726821,0.44778288017530343,0.19410788481001648,-31.891615546178343
81000.0,-0.8728244807450641,0.44777352453791436,0.19410382926414171,-31.89137843856261
81060.0,-0.872830182199977,0.44776416883669257,0.19409977369059647,-31.891006630183046
81120.0,-0.8728358835374345,0.44775481307161574,0.19409571808937104,-31.890546991609725
81180.0,-0.8728415847574049,0.4477454572427352,0.19409166246048762,-31.89004793502976
81240.0,-0.8728472858599035,0.44773610135002617,0.1940876068039355,-31.889558529734934
81300.0,-0.8728529868449434,0.44772674539346635,0.194083551119705,-31.889127608515768
81360.0,-0.8728586877163272,0.44771738936681504,0.19407949540509092,-31.88880288155345
81420.0,-0.8728643884664031,0.4477080332826301,0.19407543966553678,-31.88863007169332
81480.0,-0.8728700890990031,0.4476986771346221,0.1940713838983164,-31.888652091685394
81540.0,-0.8728757896141267,0.44768932092279184,0.19406732810343003,-31.88890827105044
81600.0,-0.8728814900117879,0.44767996464711585,0.1940632722808674,-31.889433651294933
81660.0,-0.8728871902919549,0.4476706083076463,0.19405921643065124,-31.890258359627982
81720.0,-0.8728928904546427,0.4476612519043584,0.19405516055277078,-31.891407072320405
81780.0,-0.872898590499866,0.4476518954372277,0.19405110464721545,-31.892898576819572
81840.0,-0.8729042904275932,0.44764253890630584,0.19404704871400752,-31.894745440006982
81900.0,-0.8729099902378534,0.4476331823115449,0.1940429927531264,-31.896953788118648
81960.0,-0.872915689930616,0.44762382565299486,0.19403893676459358,-31.899523201859974
82020.0,-0.8729213895097269,0.4476144689243418,0.19403488074567213,-31.902446728686
82080.0,-0.872927088967521,0.4476051121381688,0.19403082470181673,-31.905711009719095
82140.0,-0.8729327883078296,0.44759575528818596,0.19402676863030066,-31.909296524138927
82200.0,-0.8729384875306522,0.4475863983743944,0.19402271253112444,-31.9131779397744
82260.0,-0.8729441866360036,0.44757704139676907,0.19401865640427726,-31.917324568918986
82320.0,-0.8729498856238511,0.44756768435536365,0.19401460024978237,-31.921700919331197
82380.0,-0.8729555844942102,0.4475583272501526,0.19401054406762872,-31.92626733120288
82440.0,-0.8729612832470947,0.44754897008111266,0.1940064878578061,-31.93098068899372
82500.0,-0.8729669818824736,0.44753961284829474,0.19400243162033678,-31.93579519575401
82560.0,-0.8729726804003769,0.44753025555164944,0.19399837535519918,-31.94066319643701
82620.0,-0.8729783788007719,0.4475208981912301,0.1939943190624165,-31.945536035746283
82680.0,-0.8729840770836738,0.4475115407670116,0.1939902627419778,-31.950364935466276
82740.0,-0.8729897752529134,0.4475021832727025,0.19398620639115594,-31.955101876064656
82800.0,-0.8729954733008267,0.44749282572088916,0.19398215001540678,-31.959700464821527
82860.0,-0.8730011712312441,0.4474834681052799,0.19397809361200305,-31.964116780092787
82920.0,-0.8730068690441808,0.44747411042585017,0.19397403718093403,-31.968310169566095
82980.0,-0.8730125667396044,0.4474647526826534,0.19396998072222307,-31.97224399314095
83040.0,-0.87301826431753,0.4474553948756638,0.19396592423585884,-31.9758862947311
83100.0,-0.8730239617779715,0.4474460370048587,0.1939618677218315,-31.979210390839608
83160.0,-0.8730296591208978,0.4474366790702893,0.1939578111801633,-31.98219536487018
83220.0,-0.8730353563463386,0.4474273210719061,0.19395375461083278,-31.984826457774584
83280.0,-0.8730410534542623,0.4474179630097606,0.19394969801386228,-31.987095347423956
83340.0,-0.8730467504446836,0.4474086048838286,0.19394564138924125,-31.989000311160588
83400.0,-0.873052447321432,0.44739924668782,0.193941584734243,-31.99054626838169
83460.0,-0.8730581440768449,0.44738988843432037,0.19393752805432335,-31.991744699846386
83520.0,-0.8730638407147533,0.44738053011703777,0.1939334713467547,-31.992613449903107
83580.0,-0.8730695372351704,0.4473711717359488,0.19392941461152696,-31.993176407965947
83640.0,-0.8730752336380658,0.4473618132911046,0.19392535784866222,-31.99346307990291
83700.0,-0.8730809299234691,0.4473524547824556,0.19392130105813904,-31.9935080548678
83760.0,-0.8730866260913478,0.44734309621005525,0.19391724423998066,-31.993350377463457
83820.0,-0.8730923221417173,0.447333737573878,0.19391318739417587,-31.993032836667414
83880.0,-0.8730980180745914,0.44732437887390036,0.19390913052071465,-31.992601184474008
83940.0,-0.8731037138899396,0.4473150201101732,0.19390507361961898,-31.992103298612676
84000.0,-0.873109409587775,0.447305661282674,0.19390101669087892,-31.991588304783455
84060.0,-0.8731151051719276,0.44729630238510965,0.1938969597317668,-31.991105674950642
84120.0,-0.8731208006347365,0.4472869434300679,0.1938929027477391,-31.99070431633522
84180.0,-0.8731264959800309,0.44727758441125615,0.1938888457360679,-31.99043167316381
84240.0,-0.8731321912078249,0.4472682253286514,0.19388478869674355,-31.990332850953173
84300.0,-0.8731378863180873,0.44725886618230487,0.193880731629788,-31.990449784761108
84360.0,-0.8731435813108481,0.4472495069721669,0.19387667453517982,-31.990820464809243
84420.0,-0.8731492761860751,0.4472401476982901,0.19387261741294182,-31.991478234187397
84480.0,-0.8731549709437983,0.4472307883606246,0.19386856026305244,-31.992451171750556
84540.0,-0.8731606655839865,0.4472214289592221,0.19386450308553388,-31.993761571657867
84600.0,-0.8731663601066543,0.44721206949405834,0.19386044588037585,-31.995425529307372
84660.0,-0.8731720545117997,0.44720270996513584,0.1938563886475793,-31.99745264137793
84720.0,-0.8731777488032522,0.4471933503661603,0.19385233138441585,-31.999845825990576
84780.0,-0.8731834429733528,0.4471839907097201,0.19384827409634225,-32.00260126433695
84840.0,-0.8731891370259289,0.4471746309895244,0.19384421678063174,-32.00570847013502
84900.0,-0.873194830960995,0.44716527120554855,0.19384015943727337,-32.009150478851645
84960.0,-0.8732005247785202,0.447155911357844,0.19383610206628957,-32.01290415846597
85020.0,-0.8732062184785337,0.4471465514463617,0.1938320446676591,-32.01694063408258
85080.0,-0.8732119120610047,0.4471371914711529,0.19382798724140404,-32.02122581894676
85140.0,-0.8732176055259625,0.44712783143216833,0.19382392978750326,-32.0257210421581
85200.0,-0.8732232988733756,0.4471184713294602,0.19381987230597922,-32.03038376147774
85260.0,-0.8732289921032586,0.44710911116300395,0.19381581479682133,-32.03516834810519
85320.0,-0.8732346852156101,0.4470997509328017,0.19381175726003044,-32.04002692885208
85380.0,-0.8732403782104301,0.44709039063885325,0.19380769969560654,-32.044910270097915
85440.0,-0.8732460710915451,0.4470810302748671,0.19380364210082238,-32.04976868741423
85500.0,-0.8732517638513138,0.44707166985340613,0.19379958448112378,-32.05455296182813
85560.0,-0.8732574564935328,0.4470623093682284,0.1937955268338048,-32.05921525076762
85620.0,-0.8732631490182166,0.44705294881930996,0.19379146915885526,-32.0637099697896
85680.0,-0.873268841425379,0.4470435882066275,0.19378741145626488,-32.06799463372754
85740.0,-0.8732745337149894,0.4470342275302308,0.19378335372605546,-32.072030639457
85800.0,-0.8732802258870616,0.4470248667900979,0.19377929596821725,-32.07578397599724
85860.0,-0.8732859179416108,0.4470155059862028,0.19377523818273915,-32.07922584867129
85920.0,-0.8732916098786041,0.4470061451185997,0.1937711803696445,-32.08233320572692
85980.0,-0.8732973016980577,0.44699678418726174,0.1937671225289217,-32.08508915769939
86040.0,-0.8733029933999695,0.44698742319219187,0.1937630646605722,-32.08748328181721
86100.0,-0.8733086849881659,0.44697806212709684,0.1937590067618677,-32.08951180636188
86160.0,-0.873314376455008,0.4469687010045401,0.19375494883825445,-32.0911776697502
86220.0,-0.8733200678042904,0.44695933981828023,0.1937508908870269,-32.09249045874266
86280.0,-0.8733257590360284,0.44694997856829227,0.19374683290817415,-32.09346622046528
86340.0,-0.8733314501502354,0.44694061725455353,0.1937427749016864,-32.094127157317764
86400.0,-0.8733371411468808,0.4469312558771145,0.19373871686758543,-32.094501208842956
