t,sun_ux,sun_uy,sun_uz,beta_deg
0.0,-0.8650207483525851,0.4603450246196549,0.19955340946088315,11.456428615723308
60.0,-0.8650266076002047,0.46033575617311434,0.1995493917109457,11.456193282001026
120.0,-0.8650324667315156,0.46032648766116674,0.19954537393265523,11.45595794658245
180.0,-0.8650383257465318,0.4603172190837892,0.19954135612600196,11.455722609466571
240.0,-0.8650441846452532,0.46030795044098183,0.19953733829098574,11.455487270652943
300.0,-0.8650500434276953,0.46029868173272087,0.1995333204275964,11.455251930140513
360.0,-0.8650559020977475,0.4602894129528516,0.19952930253316573,11.455016587772505
420.0,-0.8650617606475947,0.46028014411373824,0.19952528461305383,11.454781243862488
480.0,-0.8650676190811277,0.46027087520922466,0.19952126666459188,11.454545898253638
540.0,-0.8650734773983768,0.4602616062392636,0.19951724868775936,11.454310550944268
600.0,-0.86507933559931,0.4602523372039048,0.19951323068257792,11.454075201935169
660.0,-0.8650851936839422,0.4602430681031246,0.19950921264903726,11.453839851225244
720.0,-0.8650910516522881,0.4602337989368998,0.19950519458712737,11.453604498813407
780.0,-0.8650969095043157,0.4602245297052804,0.19950117649686988,11.453369144700424
840.0,-0.8651027672400387,0.46021526040824484,0.19949715837825552,11.453133788885241
900.0,-0.8651086248594575,0.46020599104579235,0.19949314023128373,11.452898431367307
960.0,-0.8651144823625867,0.4601967216178991,0.19948912205594446,11.452663072145512
1020.0,-0.8651203397533157,0.4601874521184101,0.19948510384956947,11.452427711062995
1080.0,-0.8651261970238311,0.4601781825596903,0.1994810856175188,11.452192348433252
1140.0,-0.8651320541780225,0.4601689129355837,0.19947706735712392,11.451956984099398
1200.0,-0.8651379112159203,0.4601596432460418,0.19947304906836386,11.451721618059652
1260.0,-0.8651437681374923,0.46015037349111604,0.1994690307512608,11.451486250314758
1320.0,-0.865149624942754,0.46014110367078126,0.19946501240580392,11.451250880863517
1380.0,-0.8651554816317196,0.46013183378501477,0.19946099403198336,11.451015509704781
1440.0,-0.8651613382043567,0.4601225638338676,0.19945697562982123,11.450780136839274
1500.0,-0.8651671946606801,0.46011329381731636,0.19945295719930742,11.450544762265816
1560.0,-0.8651730510006895,0.4601040237353612,0.19944893874044198,11.45030938598382
1620.0,-0.8651789072243994,0.46009475358797886,0.1994449202532149,11.450074007992109
1680.0,-0.8651847633317771,0.46008548337522076,0.19944090173764828,11.449838628291376
1740.0,-0.8651906193267758,0.460076213090829,0.19943688319102956,11.449603246722088
1800.0,-0.8651964752015187,0.46006694274727217,0.1994328646187637,11.449367863600296
1860.0,-0.8652023309599588,0.4600576723382926,0.19942884601813804,11.449132478766451
1920.0,-0.8652081866020638,0.4600484018639414,0.19942482738917483,11.448897092221227
1980.0,-0.865214042127847,0.46003913132419655,0.1994208087318643,11.448661703963428
2040.0,-0.86521989753731,0.4600298607190563,0.19941679004620588,11.448426313992373
2100.0,-0.8652257528304663,0.4600205900484982,0.19941277133218985,11.448190922306852
2160.0,-0.8652316080072839,0.46001131931257355,0.19940875258983828,11.447955528907508
2220.0,-0.8652374630677772,0.4600020485112587,0.19940473381914117,11.447720133793098
2280.0,-0.8652433180119612,0.4599927776445299,0.1994007150200879,11.447484736962336
2340.0,-0.8652491728398037,0.45998350671243776,0.19939669619270073,11.447249338415862
2400.0,-0.8652550275552562,0.4599742357087252,0.19939267733426716,11.447013937994083
2460.0,-0.8652608821504444,0.45996496464586023,0.1993886584501918,11.446778536012955
2520.0,-0.86526673662932,0.459955693517586,0.19938463953776261,11.446543132312906
2580.0,-0.8652725909918506,0.459946422323953,0.19938062059700135,11.44630772689452
2640.0,-0.8652784452380506,0.4599371510649386,0.1993766016278982,11.44607231975652
2700.0,-0.8652842993679202,0.45992787974054217,0.19937258263045285,11.44583691089819
2760.0,-0.8652901533814733,0.45991860835074166,0.19936856360465588,11.445601500318272
2820.0,-0.8652960072786778,0.459909336895587,0.19936454455052877,11.445366088017304
2880.0,-0.8653018610595643,0.4599000653750301,0.19936052546805086,11.445130673993356
2940.0,-0.8653077147241003,0.4598907937891223,0.19935650635724425,11.44489525824701
3000.0,-0.865313568272301,0.4598815221378391,0.19935248721809842,11.444659840776904
3060.0,-0.8653194217081006,0.45987225041494845,0.1993484680479117,11.444424421424033
3120.0,-0.8653252750236438,0.45986297863289294,0.19934444885207805,11.444189000503659
3180.0,-0.865331128222833,0.4598537067854908,0.19934042962791756,11.443953577858037
3240.0,-0.8653369813056826,0.4598444348727194,0.19933641037542044,11.44371815348584
3300.0,-0.8653428342721922,0.45983516289457926,0.19933239109458692,11.443482727386323
3360.0,-0.8653486871223617,0.45982589085106945,0.19932837178541665,11.443247299558704
3420.0,-0.8653545398562049,0.45981661874216856,0.19932435244790028,11.443011870001671
3480.0,-0.8653603924736898,0.45980734656792754,0.19932033308205999,11.442776438715748
3540.0,-0.8653662449748475,0.45979807432829617,0.1993163136878739,11.442541005698878
3600.0,-0.865372097359645,0.45978880202332645,0.19931229426536465,11.44230557095161
3660.0,-0.8653779496280973,0.45977952965299496,0.19930827481452199,11.442070134472548
3720.0,-0.8653838017841381,0.45977025721106823,0.19930425533264393,11.44183469610261
3780.0,-0.865389653819913,0.45976098470999144,0.1993002358251251,11.441599256157042
3840.0,-0.8653955057393243,0.4597517121435805,0.19929621628928493,11.441363814478004
3900.0,-0.8654013575423869,0.45974243951181243,0.19929219672511342,11.4411283710641
3960.0,-0.8654072092291002,0.4597331668146878,0.19928817713261082,11.440892925914536
4020.0,-0.865413060799463,0.45972389405220804,0.1992841575117778,11.440657479028536
4080.0,-0.8654189122534899,0.45971462122435036,0.19928013786260435,11.440422030404694
4140.0,-0.8654247635911491,0.4597053483311642,0.19927611818511193,11.440186580043441
4200.0,-0.8654306148124711,0.4596960753726014,0.1992720984792797,11.439951127942729
4260.0,-0.8654364659174234,0.45968680234871334,0.19926807874513,11.439715674103036
4320.0,-0.8654423169060361,0.4596775292594519,0.19926405898264196,11.439480218522295
4380.0,-0.8654481677782778,0.4596682561048669,0.199260039191837,11.439244761200923
4440.0,-0.8654540185380806,0.45965898287872564,0.19925601937001353,11.439009301979809
4500.0,-0.8654598691776241,0.4596497095934228,0.1992519995225444,11.438773841172855
4560.0,-0.865465719700793,0.45964043624280115,0.19924797964676053,11.438538378622848
4620.0,-0.8654715701076029,0.4596311628268359,0.19924395974265116,11.438302914328299
4680.0,-0.8654774203980682,0.4596218893455042,0.1992399398102064,11.438067448287761
4740.0,-0.8654832705721568,0.45961261579885637,0.19923591984944808,11.43783198050165
4800.0,-0.8654891206298837,0.45960334218686866,0.19923189986036588,11.437596510968493
4860.0,-0.8654949705712631,0.45959406850951795,0.19922787984294982,11.437361039686825
4920.0,-0.8655008203962637,0.45958479476685415,0.1992238597972215,11.437125566657038
4980.0,-0.8655066701049156,0.4595755209588292,0.1992198397231601,11.436890091877029
5040.0,-0.8655125196971861,0.4595662470854946,0.1992158196207879,11.436654615347216
5100.0,-0.8655183691770072,0.4595569731406159,0.19921179948740245,11.436419136908388
5160.0,-0.8655242185365601,0.45954769913658944,0.19920777932837724,11.436183656874457
5220.0,-0.8655300677797286,0.45953842506725767,0.19920375914104313,11.435948175088154
5280.0,-0.8655359169065286,0.45952915093259467,0.199199738925389,11.435712691547925
5340.0,-0.8655417659169748,0.4595198767325776,0.19919571868140487,11.435477206252287
5400.0,-0.8655476148110344,0.4595106024672578,0.19919169840911288,11.435241719201628
5460.0,-0.8655534635887222,0.45950132813661154,0.1991876781085029,11.435006230394444
5520.0,-0.8655593122500533,0.45949205374061486,0.19918365777956443,11.434770739829208
5580.0,-0.8655651607949957,0.4594827792793181,0.1991796374223194,11.434535247506282
5640.0,-0.8655710092235794,0.45947350475267373,0.1991756170367471,11.434299753423542
5700.0,-0.8655768575357725,0.45946423016073185,0.19917159662286935,11.434064257581335
5760.0,-0.8655827057355056,0.45945495549725895,0.1991675761779839,11.433828759820438
5820.0,-0.8655885538149616,0.4594456807746515,0.19916355570746455,11.433593260454726
5880.0,-0.8655944017780233,0.45943640598675206,0.19915953520864207,11.433357759326901
5940.0,-0.8656002496247074,0.45942713113353373,0.19915551468150486,11.433122256435347
6000.0,-0.8656060973550272,0.45941785621497516,0.1991514941260435,11.432886751778573
6060.0,-0.8656119449689513,0.45940858123112605,0.19914747354227985,11.432651245356926
6120.0,-0.8656177924665094,0.45939930618193914,0.1991434529301931,11.432415737168235
6180.0,-0.86562363984767,0.4593900310674639,0.1991394322898049,11.43218022721283
6240.0,-0.8656294871124476,0.45938075588767757,0.19913541162110518,11.431944715489168
6300.0,-0.8656353342608566,0.4593714806425566,0.199131390924084,11.43170920199572
6360.0,-0.8656411812928656,0.4593622053321508,0.19912737019876278,11.431473686732783
6420.0,-0.8656470282124044,0.45935292995022586,0.19912334944243903,11.43123816954109
6480.0,-0.8656528750116569,0.45934365450918047,0.1991193286604875,11.431002650734545
6540.0,-0.865658721694506,0.45933437900285534,0.19911530785023812,11.430767130155765
6600.0,-0.8656645682609674,0.4593251034312251,0.19911128701168,11.43053160780316
6660.0,-0.8656704147110544,0.45931582779426766,0.19910726614480348,11.430296083675191
6720.0,-0.865676261044736,0.4593065520920331,0.19910324524963025,11.430060557772167
6780.0,-0.8656821072620431,0.45929727632447187,0.19909922432613897,11.429825030091866
6840.0,-0.8656879533629422,0.45928800049163665,0.1990952033743523,11.42958950063465
6900.0,-0.8656937993474482,0.45927872459350383,0.1990911823942601,11.42935396939895
6960.0,-0.8656996452155773,0.4592694486300474,0.1990871613858511,11.429118436383133
7020.0,-0.8657054909672953,0.459260172601321,0.19908314034914862,11.428882901587587
7080.0,-0.8657113366026188,0.45925089650729917,0.1990791192841414,11.428647365010676
7140.0,-0.8657171821254758,0.45924162034174726,0.19907509818812702,11.428411826493111
7200.0,-0.8657230275280057,0.459232344117139,0.19907107706651264,11.42817628635067
7260.0,-0.8657288728141374,0.4592230678272402,0.1990670559165957,11.427940744424053
7320.0,-0.8657347179838861,0.4592137914720263,0.19906303473836562,11.427705200711651
7380.0,-0.8657405630372192,0.45920451505154825,0.1990590135318445,11.427469655213782
7440.0,-0.8657464079741679,0.459195238565757,0.19905499229701118,11.427234107928212
7500.0,-0.8657522527946995,0.45918596201470385,0.19905097103388775,11.426998558855253
7560.0,-0.865758097498828,0.4591766853983666,0.1990469497424646,11.426763007993351
7620.0,-0.8657639420865695,0.4591674087167194,0.1990429284227305,11.426527455340866
7680.0,-0.865769786557891,0.4591581319698143,0.19903890707470814,11.426291900898127
7740.0,-0.8657756309128076,0.4591488551576275,0.19903488569838718,11.426056344663536
7800.0,-0.8657814751552478,0.45913957827392216,0.19903086429106395,11.425820786477725
7860.0,-0.8657873192773519,0.45913030133117483,0.19902684285814684,11.425585226656525
7920.0,-0.8657931632830637,0.45912102432312474,0.19902282139692198,11.42534966503996
7980.0,-0.8657990071723514,0.459111747249822,0.19901879990741111,11.425114101628312
8040.0,-0.8658048509452299,0.45910247011124333,0.19901477838960405,11.424878536419984
8100.0,-0.8658106946017132,0.45909319290736544,0.19901075684349082,11.424642969413396
8160.0,-0.8658165381417707,0.4590839156382381,0.19900673526909282,11.424407400608809
8220.0,-0.8658223815654158,0.45907463830383866,0.19900271366640035,11.424171830004655
8280.0,-0.8658282248726636,0.459065360904143,0.19899869203540296,11.423936257599324
8340.0,-0.8658340680634817,0.45905608343920273,0.19899467037612306,11.423700683393132
8400.0,-0.8658399111378854,0.4590468059089931,0.19899064868854974,11.423465107384443
8460.0,-0.865845754099802,0.45903752830727823,0.19898662696998,11.423229529413911
8520.0,-0.8658515969413737,0.45902825064653435,0.19898260522582215,11.422993949797359
8580.0,-0.8658574396665438,0.45901897292050026,0.19897858345336186,11.422758368374788
8640.0,-0.8658632822752802,0.4590096951292267,0.19897456165262123,11.422522785146489
8700.0,-0.8658691247676128,0.4590004172726661,0.19897053982357968,11.422287200110258
8760.0,-0.8658749671435101,0.4589911393508679,0.1989665179662586,11.422051613266355
8820.0,-0.8658808094029864,0.4589818613638096,0.1989624960806482,11.421816024613195
8880.0,-0.8658866515460412,0.45897258331149143,0.19895847416674864,11.421580434149801
8940.0,-0.8658924935726892,0.4589633051938901,0.1989544522245498,11.421344841874584
9000.0,-0.8658983354828974,0.4589540270110575,0.19895043025407413,11.421109247787854
9060.0,-0.865904177276682,0.45894474876296815,0.19894640825531063,11.420873651887971
9120.0,-0.8659100189579685,0.4589354704433862,0.19894238622555624,11.420638054015594
9180.0,-0.8659158605189019,0.45892619206478813,0.19893836417021918,11.420402454486545
9240.0,-0.8659217019634237,0.45891691362091347,0.1989343420865857,11.420166853140852
9300.0,-0.8659275432915018,0.45890763511181276,0.19893031997467767,11.419931249978807
9360.0,-0.8659333845031669,0.4588983565374368,0.1989262978344738,11.419695644998164
9420.0,-0.8659392255983867,0.4588890778978376,0.19892227566599663,11.41946003819925
9480.0,-0.8659450665771762,0.4588797991929902,0.19891825346923533,11.419224429580444
9540.0,-0.865950907439534,0.45887052042289683,0.19891423124419086,11.418988819140807
9600.0,-0.8659567481854756,0.4588612415875328,0.19891020899085252,11.418753206878723
9660.0,-0.8659625888149685,0.45885196268694994,0.19890618670924282,11.41851759279452
9720.0,-0.865968429328027,0.4588426837211242,0.19890216439935124,11.418281976886597
9780.0,-0.8659742697246664,0.4588334046900317,0.19889814206116752,11.418046359153363
9840.0,-0.8659801100087657,0.4588241255875092,0.19889411969202,11.417810739437332
9900.0,-0.8659859501725328,0.458814846425937,0.19889009729727528,11.417575118051888
9960.0,-0.8659917902198465,0.4588055671991514,0.1988860748742615,11.417339494839537
10020.0,-0.8659976301507377,0.4587962879071037,0.1988820524229576,11.417103869798058
10080.0,-0.8660034699651741,0.45878700854984505,0.1988780299433857,11.416868242927777
10140.0,-0.8660093096631697,0.4587777291273527,0.19887400743553593,11.416632614227131
10200.0,-0.8660151492447249,0.4587684496396261,0.1988699848994081,11.416396983695133
10260.0,-0.8660209887098379,0.45875917008666756,0.1988659623350032,11.416161351330866
10320.0,-0.8660268280585242,0.4587498904684526,0.19886193974231064,11.415925717132739
10380.0,-0.866032667290751,0.4587406107850325,0.19885791712135256,11.415690081101072
10440.0,-0.8660385064065487,0.45873133103635944,0.19885389447210833,11.415454443233696
10500.0,-0.8660443454097956,0.45872205121626886,0.1988498717919057,11.4152188033731
10560.0,-0.8660501842927015,0.458712771337142,0.1988458490861116,11.414983161832714
10620.0,-0.8660560230591448,0.4587034913928144,0.19884182635205402,11.414747518455046
10680.0,-0.8660618617091558,0.45869421138323746,0.1988378035897119,11.414511873237903
10740.0,-0.866067700242702,0.4586849313084633,0.19883378079910763,11.414276226181636
10800.0,-0.866073538659798,0.4586756511684681,0.198829757980231,11.414040577284695
10860.0,-0.8660793769604435,0.45866637096325197,0.19882573513308216,11.413804926546133
10920.0,-0.8660852151446532,0.4586570906927916,0.1988217122576509,11.413569273964399
10980.0,-0.8660910532123951,0.4586478103571375,0.19881768935395908,11.413333619539825
11040.0,-0.8660968911636835,0.4586385299562669,0.19881366642199685,11.41309796327089
11100.0,-0.8661027289985335,0.4586292494901554,0.19880964346175367,11.412862305156027
11160.0,-0.8661085667208375,0.4586199689526149,0.19880562047054703,11.412626645037165
11220.0,-0.8661144043227605,0.45861068835610064,0.19880159745377626,11.412390983229642
11280.0,-0.866120241808227,0.4586014076943737,0.19879757440873674,11.412155319574094
11340.0,-0.8661260791772507,0.4585921269674121,0.19879355133541887,11.411919654069024
11400.0,-0.8661319164298008,0.45858284617526446,0.1987895282338439,11.411683986714747
11460.0,-0.8661377535658911,0.4585735653179089,0.19878550510400222,11.411448317509773
11520.0,-0.8661435905855213,0.45856428439534536,0.19878148194589396,11.411212646453187
11580.0,-0.8661494274887055,0.45855500340755134,0.19877745875950917,11.410976973543486
11640.0,-0.8661552642754122,0.4585457223545766,0.19877343554486945,11.410741298781012
11700.0,-0.866161100945656,0.4585364412363979,0.19876941230196485,11.410505622164273
11760.0,-0.8661669374994516,0.4585271600529915,0.198765389030785,11.41026994369175
11820.0,-0.8661727739406907,0.45851787879816874,0.19876136572864722,11.41003426320538
11880.0,-0.8661786102615402,0.45850859748438544,0.19875734240095086,11.409798581020551
11940.0,-0.8661844464659229,0.45849931610540334,0.1987533190449919,11.40956289697796
12000.0,-0.8661902825538543,0.4584900346611975,0.19874929566075933,11.409327211076066
12060.0,-0.8661961185253015,0.4584807531518204,0.19874527224827604,11.40909152331532
12120.0,-0.8662019543802796,0.4584714715772474,0.19874124880753127,11.408855833694194
12180.0,-0.8662077901187878,0.45846218993748017,0.19873722533852578,11.408620142211847
12240.0,-0.8662136257408406,0.45845290823249474,0.19873320184124918,11.408384448866789
12300.0,-0.8662194612464058,0.4584436264623425,0.1987291783157237,11.408148753659438
12360.0,-0.8662252966355142,0.4584343446269738,0.19872515476192784,11.407913056587665
12420.0,-0.8662311319081335,0.45842506272644096,0.1987211311798843,11.407677357651925
12480.0,-0.8662369670642783,0.4584157807607188,0.1987171075695822,11.40744165685071
12540.0,-0.8662428021078715,0.45840649872356815,0.19871308392831688,11.407205954024729
12600.0,-0.8662486370310641,0.4583972166274739,0.19870906026150037,11.40697024949014
12660.0,-0.8662544718377965,0.4583879344661678,0.19870503656641555,11.406734543086928
12720.0,-0.8662603065280348,0.45837865223970375,0.19870101284308564,11.406498834815599
12780.0,-0.8662661411017941,0.45836936994805716,0.19869698909150013,11.406263124674693
12840.0,-0.8662719755590738,0.4583600875912291,0.19869296531165936,11.406027412663382
12900.0,-0.8662778098998892,0.4583508051691948,0.19868894150355274,11.405791698780211
12960.0,-0.866283644124207,0.4583415226820073,0.19868491766720311,11.40555598302568
13020.0,-0.8662894782320582,0.4583322401296168,0.19868089380258896,11.405320265397703
13080.0,-0.8662953122234104,0.4583229575120748,0.1986768699097326,11.405084545896758
13140.0,-0.8663011460982788,0.45831367482935675,0.1986728459886234,11.4048488245214
13200.0,-0.8663069798605845,0.4583043920752232,0.19866882203655664,11.404613101112382
13260.0,-0.8663128135024818,0.45829510926215805,0.19866479805894383,11.404377375985876
13320.0,-0.8663186470278927,0.4582858263839201,0.19866077405307972,11.404141648982618
13380.0,-0.8663244804368314,0.4582765434404869,0.19865675001895436,11.403905920101208
13440.0,-0.8663303137292662,0.4582672604319091,0.1986527259565898,11.403670189342156
13500.0,-0.8663361469052113,0.4582579773581631,0.19864870186597575,11.403434456704058
13560.0,-0.8663419799646823,0.4582486942192242,0.19864467774710162,11.403198722185504
13620.0,-0.8663478129076467,0.45823941101514415,0.1986406535999897,11.402962985787019
13680.0,-0.8663536457341343,0.45823012774587457,0.19863662942461913,11.402727247506604
13740.0,-0.8663594784441137,0.45822084441146615,0.1986326052210118,11.402491507344767
13800.0,-0.8663653110375987,0.4582115610118959,0.19862858098915775,11.402255765300154
13860.0,-0.8663711435185113,0.45820227754092147,0.1986245567263511,11.402020021213508
13920.0,-0.8663769758790067,0.45819299401102875,0.1986205324380043,11.401784275401104
13980.0,-0.8663828081230057,0.458183710415977,0.19861650812141202,11.401548527703726
14040.0,-0.8663886402505232,0.4581744267557429,0.19861248377656404,11.401312778120026
14100.0,-0.8663944722615265,0.45816514303037725,0.1986084594034826,11.401077026650569
14160.0,-0.8664003041560472,0.45815585923983027,0.198604435002146,11.400841273293338
14220.0,-0.8664061359340517,0.4581465753841552,0.1986004105725773,11.40060551804896
14280.0,-0.8664119675955558,0.45813729146332605,0.1985963861147653,11.400369760916051
14340.0,-0.866417799140574,0.4581280074773201,0.19859236162870014,11.400134001893312
14400.0,-0.8664236305690737,0.45811872342618903,0.1985883371144042,11.399898240981342
14460.0,-0.8664294618810701,0.4581094393099082,0.19858431257186687,11.399662478178808
14520.0,-0.8664352930804834,0.45810015512223573,0.1985802879983822,11.3994267133265
14580.0,-0.8664411241594704,0.4580908708756592,0.19857626339936352,11.399190946740813
14640.0,-0.8664469551219509,0.4580815865639373,0.1985722387721054,11.39895517826258
14700.0,-0.866452785967941,0.4580723021870445,0.19856821411659653,11.398719407890459
14760.0,-0.8664586166974074,0.45806301774503316,0.19856418943285983,11.398483635625102
14820.0,-0.8664644473103802,0.4580537332378557,0.1985601647208745,11.398247861464622
14880.0,-0.8664702778068286,0.4580444486655601,0.19855613998066143,11.398012085409572
14940.0,-0.8664761081867823,0.45803516402809996,0.1985521152122006,11.39777630745811
15000.0,-0.8664819384502085,0.45802587932552674,0.19854809041551416,11.397540527610888
15060.0,-0.8664877685971228,0.45801659455781496,0.19854406559059118,11.397304745866604
15120.0,-0.866493598627524,0.45800730972496717,0.19854004073743256,11.397068962224669
15180.0,-0.8664994285414271,0.45799802482695856,0.1985360158560278,11.39683317668383
15240.0,-0.8665052583427033,0.45798873985762345,0.19853199094370402,11.396597389086889
15300.0,-0.8665110880235605,0.45797945482937236,0.19852796600584097,11.396361599748333
15360.0,-0.8665169175879163,0.4579701697359649,0.1985239410397338,11.396125808509112
15420.0,-0.8665227470357393,0.45796088457745154,0.198519916045404,11.395890015369869
15480.0,-0.8665285763670594,0.4579515993537843,0.19851589102283104,11.39565422032879
15540.0,-0.8665344055818446,0.4579423140650136,0.19851186597203666,11.395418423386545
15600.0,-0.8665402346801253,0.4579330287110907,0.19850784089299975,11.395182624541302
15660.0,-0.8665460636618697,0.45792374329206686,0.19850381578574267,11.394946823793786
15720.0,-0.8665518925270924,0.45791445780791795,0.19849979065025478,11.39471102114279
15780.0,-0.8665577212757921,0.4579051722586459,0.1984957654865369,11.39447521658778
15840.0,-0.8665635499079841,0.45789588664422654,0.19849174029457872,11.394239410127584
15900.0,-0.866569378427539,0.4578866009584925,0.1984877150717066,11.394003601605034
15960.0,-0.866575206826681,0.45787731521383196,0.1984836898232908,11.39376779133413
16020.0,-0.8665810351092813,0.45786802940407717,0.19847966454665755,11.393531979157709
16080.0,-0.8665868632753541,0.45785874352920547,0.1984756392417972,11.393296165074661
16140.0,-0.8665926913249153,0.4578494575891912,0.19847161390869839,11.39306034908378
16200.0,-0.8665985192579314,0.45784017158408763,0.19846758854738433,11.392824531185898
16260.0,-0.8666043470744335,0.4578308855138452,0.19846356315783356,11.392588711379235
16320.0,-0.8666101747743897,0.4578215993785137,0.1984595377400677,11.392352889664531
16380.0,-0.8666160023578142,0.45781231317807114,0.19845551229407718,11.39211706604073
16440.0,-0.8666218298247064,0.4578030269125182,0.19845148681986216,11.391881240507322
16500.0,-0.8666276571750812,0.45779374058183037,0.1984474613174122,11.39164541306321
16560.0,-0.8666334844128081,0.4577844541798412,0.19844343578405416,11.391409583551319
16620.0,-0.8666393115301134,0.45777516771893867,0.19843941022515807,11.391173752285713
16680.0,-0.8666451385308673,0.4577658811929552,0.1984353846380503,11.390937919109312
16740.0,-0.8666509654151003,0.4577565946018417,0.1984313590227097,11.390702084020404
16800.0,-0.86665679218278,0.45774730794565016,0.19842733337915872,11.39046624701984
16860.0,-0.8666626188339214,0.45773802122435586,0.19842330770738664,11.39023040810654
16920.0,-0.8666684453685386,0.45772873443793627,0.19841928200738373,11.389994567279482
16980.0,-0.8666742717866001,0.45771944758644134,0.19841525627917164,11.389758724539494
17040.0,-0.8666800980881202,0.4577101606698481,0.19841123052274037,11.389522879885558
17100.0,-0.8666859242730987,0.45770087368815704,0.19840720473809018,11.38928703331725
17160.0,-0.8666917503415501,0.4576915866413441,0.1984031789252106,11.389051184833551
17220.0,-0.8666975762973431,0.45768229952324224,0.19839915308142833,11.38881533427745
17280.0,-0.8667034021327057,0.45767301234624097,0.19839512721211405,11.388579481963129
17340.0,-0.8667092278515074,0.4576637251041714,0.19839110131459362,11.38834362773355
17400.0,-0.8667150534537783,0.45765443779698517,0.19838707538884606,11.388107771587093
17460.0,-0.8667208789394866,0.4576451504247331,0.1983830494348935,11.387871913524664
17520.0,-0.8667267043086458,0.45763586298739306,0.19837902345272615,11.387636053545316
17580.0,-0.8667325295612724,0.45762657548493885,0.1983749974423329,11.387400191648029
17640.0,-0.8667383546973332,0.4576172879174232,0.19837097140373638,11.387164327833762
17700.0,-0.866744179716843,0.457608000284822,0.19836694533692636,11.386928462101562
17760.0,-0.8667500046198018,0.4575987125871357,0.19836291924190286,11.386692594451075
17820.0,-0.8667558294062234,0.4575894248243413,0.19835889311865587,11.386456724881379
17880.0,-0.8667616540760759,0.4575801369964901,0.19835486696720786,11.386220853393448
17940.0,-0.8667674786332902,0.4575708490973125,0.19835084078484086,11.385984979827763
18000.0,-0.8667733030700333,0.45756156113929997,0.19834681457696982,11.38574910450117
18060.0,-0.8667791273902355,0.45755227311618457,0.19834278834087757,11.385513227254204
18120.0,-0.8667849515938658,0.45754298502801594,0.19833876207658574,11.385277348087824
18180.0,-0.866790775680938,0.45753369687477147,0.19833473578408456,11.38504146700116
18240.0,-0.8667965996514676,0.4575244086564261,0.1983307094633631,11.384805583993284
18300.0,-0.8668024235054215,0.4575151203730329,0.19832668311444424,11.384569699065253
18360.0,-0.8668082472428152,0.4575058320245664,0.19832265673731725,11.384333812216157
18420.0,-0.8668140708636471,0.457496543611029,0.19831863033198288,11.384097923445774
18480.0,-0.866819894367933,0.45748725513239596,0.1983146038984306,11.38386203275323
18540.0,-0.8668257177556402,0.45747796658871853,0.19831057743668246,11.383626140139555
18600.0,-0.8668315410306989,0.45746867797372753,0.19830655094402097,11.383390245445337
18660.0,-0.8668373641852776,0.45745938929991503,0.19830252442586124,11.383154348987517
18720.0,-0.8668431872233059,0.4574501005610122,0.1982984978794858,11.382918450606686
18780.0,-0.8668490101447517,0.4574408117570707,0.19829447130491704,11.382682550303937
18840.0,-0.8668548329496303,0.4574315228880651,0.19829044470214408,11.382446648078416
18900.0,-0.8668606556379568,0.4574222339539721,0.19828641807115657,11.382210743929303
18960.0,-0.8668664782096976,0.457412944954844,0.1982823914119774,11.381974837857738
19020.0,-0.8668723006648688,0.45740365589065585,0.19827836472459565,11.381738929862891
19080.0,-0.8668781230034689,0.4573943667614092,0.1982743380090119,11.38150301994461
19140.0,-0.8668839452255126,0.4573850775670808,0.19827031126521624,11.381267108102127
19200.0,-0.8668897673309687,0.45737578830772024,0.19826628449323017,11.381031194336535
19260.0,-0.8668955893237654,0.4573664989770591,0.19826225769033629,11.38079527848851
19320.0,-0.8669014111960728,0.4573572095875906,0.19825823086195024,11.380559360875091
19380.0,-0.8669072329518205,0.45734792013304437,0.19825420400535404,11.380323441336936
19440.0,-0.8669130545909766,0.4573386306134712,0.19825017712056958,11.380087519875184
19500.0,-0.8669188761135554,0.45732934102884837,0.19824615020758715,11.379851596489129
19560.0,-0.8669246975195724,0.4573200513791509,0.19824212326639573,11.379615671178003
19620.0,-0.8669305188089945,0.45731076166443074,0.19823809629701805,11.379379743943014
19680.0,-0.8669363399818368,0.4573014718846642,0.1982340692994436,11.37914381478344
19740.0,-0.866942161038099,0.45729218203985167,0.1982300422736728,11.378907883699195
19800.0,-0.8669479819777948,0.45728289212997053,0.19822601521969563,11.378671950689595
19860.0,-0.8669538028008928,0.4572736021550709,0.19822198813753394,11.378436015755833
19920.0,-0.8669596235113214,0.45726431210888274,0.19821796102446973,11.37820007873863
19980.0,-0.8669654441012677,0.45725502200387486,0.19821393388590802,11.37796413995449
20040.0,-0.8669712645746136,0.45724573183385303,0.19820990671916375,11.377728199246075
20100.0,-0.8669770849313737,0.45723644159879206,0.19820587952422603,11.377492256612689
20160.0,-0.8669829051715462,0.45722715129869546,0.19820185230109624,11.377256312054365
20220.0,-0.8669887252951478,0.4572178609335361,0.19819782504976283,11.37702036557037
20280.0,-0.8669945453021446,0.457208570503368,0.19819379777024893,11.376784417162035
20340.0,-0.8670003651925526,0.45719928000816523,0.19818977046254357,11.376548466828678
20400.0,-0.8670061849663858,0.4571899894479055,0.19818574312663698,11.376312514569708
20460.0,-0.8670120046236122,0.45718069882263945,0.1981817157625511,11.37607656038639
20520.0,-0.8670178241642466,0.45717140813234325,0.19817768837027563,11.37584060427812
20580.0,-0.8670236435883036,0.4571621173769936,0.1981736609498004,11.375604646244298
20640.0,-0.8670294628996643,0.4571528265503933,0.19816963349843916,11.375368686127597
20700.0,-0.8670352820905176,0.45714353566501353,0.19816560602159783,11.375132724244656
20760.0,-0.8670411011647748,0.4571342447146091,0.19816157851656932,11.37489676043694
20820.0,-0.8670469201224362,0.45712495369917994,0.19815755098335347,11.374660794704472
20880.0,-0.8670527389635159,0.45711566261870273,0.19815352342194037,11.374424827046708
20940.0,-0.8670585576879819,0.4571063714732286,0.19814949583235203,11.37418885746498
21000.0,-0.8670643762958488,0.45709708026273405,0.19814546821457824,11.373952885958738
21060.0,-0.8670701947871318,0.45708778898719454,0.19814144056860844,11.373716912527424
21120.0,-0.8670760131617979,0.4570784976466623,0.19813741289446535,11.373480937172435
21180.0,-0.8670818314198782,0.4570692062410879,0.19813338519212734,11.373244959892576
21240.0,-0.8670876495613402,0.45705991477052244,0.1981293574616168,11.373008980689237
21300.0,-0.8670934675901109,0.457050623228695,0.19812532970021512,11.372772999403278
21360.0,-0.8670992854983653,0.45704133162810096,0.19812130191333904,11.372537016352052
21420.0,-0.8671051032900148,0.45703203996249475,0.19811727409828112,11.37230103137708
21480.0,-0.8671109209650584,0.45702274823187694,0.1981132462550417,11.3720650444785
21540.0,-0.8671167385234949,0.4570134564362494,0.19810921838362142,11.371829055656459
21600.0,-0.8671225559653392,0.45700416457558823,0.19810519048401015,11.371593064910488
21660.0,-0.8671283732905591,0.4569948726499445,0.1981011625562298,11.371357072242
21720.0,-0.8671341904991856,0.45698558065926853,0.1980971346002591,11.371121077649885
21780.0,-0.8671400075911858,0.45697628860361295,0.1980931066161205,11.370885081135611
21840.0,-0.8671458245665902,0.4569669964829285,0.19808907860379296,11.370649082698082
21900.0,-0.867151641425367,0.45695770429726557,0.19808505056329825,11.370413082338743
21960.0,-0.8671574581714417,0.45694841204035347,0.198081022491918,11.370177079898545
22020.0,-0.8671632747969916,0.45693911972468815,0.19807699439506915,11.369941075694921
22080.0,-0.8671690913059266,0.45692982734402404,0.19807296627004425,11.36970506956948
22140.0,-0.8671749076982461,0.4569205348983611,0.1980689381168433,11.369469061522413
22200.0,-0.8671807239739645,0.45691124238767683,0.19806490993545664,11.369233051553339
22260.0,-0.8671865401330497,0.4569019498120215,0.198060881725906,11.368997039663734
22320.0,-0.8671923561755173,0.4568926571713712,0.19805685348818095,11.368761025853198
22380.0,-0.867198172101381,0.4568833644657028,0.19805282522227155,11.368525010121358
22440.0,-0.8672039879106088,0.45687407169506716,0.19804879692819977,11.368288992469722
22500.0,-0.8672098036032321,0.4568647788594145,0.1980447686059441,11.368052972897262
22560.0,-0.8672156191792172,0.45685548595879805,0.19804074025552762,11.367816951405556
22620.0,-0.8672214346424898,0.4568461929869444,0.19803671187423086,11.367580927835572
22680.0,-0.867227249985229,0.45683689995635135,0.19803268346747144,11.367344902504863
22740.0,-0.8672330652113435,0.45682760686077223,0.19802865503254152,11.367108875255086
22800.0,-0.8672388803208329,0.4568183137002077,0.1980246265694414,11.366872846086522
22860.0,-0.8672446953137122,0.4568090204746335,0.1980205980781605,11.366636814998815
22920.0,-0.8672505101899485,0.456799727184102,0.19801656955872163,11.366400781993578
22980.0,-0.8672563249495723,0.4567904338285643,0.19801254101110355,11.366164747069845
23040.0,-0.8672621395925518,0.4567811404080708,0.19800851243532808,11.365928710229186
23100.0,-0.8672679541189017,0.4567718469225982,0.19800448383138514,11.3656926714713
23160.0,-0.8672737685286369,0.45676255337212196,0.19800045519926404,11.365456630795858
23220.0,-0.8672795828217248,0.4567532597566942,0.19799642653898747,11.3652205882045
23280.0,-0.8672853969981803,0.4567439660762912,0.19799239785054507,11.364984543696929
23340.0,-0.8672912110619123,0.45673467232466397,0.19798836913122805,11.364748497114823
23400.0,-0.8672970250051002,0.4567253785143134,0.19798434038645527,11.36451244877587
23460.0,-0.8673028388316535,0.45671608463899027,0.1979803116135179,11.364276398521755
23520.0,-0.8673086525415873,0.4567067906986702,0.19797628281240534,11.364040346352196
23580.0,-0.8673144661348683,0.45669749669340565,0.19797225398314033,11.363804292268867
23640.0,-0.867320279611527,0.4566882026231484,0.19796822512570192,11.363568236270895
23700.0,-0.8673260929715323,0.4566789084879481,0.19796419624011166,11.36333217835989
23760.0,-0.8673319062148978,0.4566696142877818,0.19796016732635963,11.363096118535642
23820.0,-0.8673377193416392,0.45666032002262513,0.19795613838443513,11.362860056797892
23880.0,-0.8673435323517236,0.45665102569252985,0.19795210941436078,11.362623993148336
23940.0,-0.8673493452451662,0.4566417312974718,0.19794808041612608,11.362387927586742
24000.0,-0.8673551580258742,0.456632436831203,0.1979440513870225,11.362151859954865
24060.0,-0.8673609706860302,0.45662314230622314,0.19794002233246863,11.361915790570448
24120.0,-0.8673667832295419,0.45661384771628377,0.19793599324975567,11.361679719275246
24180.0,-0.8673725956564236,0.4566045530613618,0.1979319641388738,11.361443646069084
24240.0,-0.8673784079666432,0.4565952583415082,0.19792793499984496,11.361207570953656
24300.0,-0.8673842201602316,0.45658596355667347,0.1979239058326478,11.360971493928133
24360.0,-0.867390032237156,0.45657666870690977,0.19791987663730493,11.36073541499426
24420.0,-0.8673958441974315,0.45656737379219314,0.19791584741380594,11.360499334151847
24480.0,-0.8674016560410729,0.4565580788124992,0.1979118181621402,11.360263251400708
24540.0,-0.8674074677680482,0.45654878376787905,0.19790778888232993,11.360027166742585
24600.0,-0.8674132793783716,0.45653948865830946,0.19790375957436504,11.359791080177327
24660.0,-0.8674190908759503,0.4565301934775417,0.19789973023553678,11.359554991546746
24720.0,-0.8674249022529683,0.456520898238076,0.1978957008712639,11.35931890116865
24780.0,-0.8674307135133469,0.4565116029336404,0.1978916714788275,11.359082808884263
24840.0,-0.8674365246570556,0.4565023075642836,0.19788764205824874,11.358846714695291
24900.0,-0.8674423356841081,0.4564930121299835,0.197883612609518,11.35861061860164
24960.0,-0.8674481465945199,0.45648371663071524,0.19787958313262452,11.358374520603157
25020.0,-0.8674539573882579,0.4564744210665311,0.19787555362759096,11.358138420701648
25080.0,-0.8674597680653372,0.45646512543740736,0.19787152409440706,11.357902318897
25140.0,-0.8674655786257731,0.45645582974331844,0.19786749453306177,11.357666215189058
25200.0,-0.8674713890695325,0.45644653398431795,0.1978634649435782,11.357430109579669
25260.0,-0.867477199396631,0.45643723816038034,0.19785943532594533,11.357194002068693
25320.0,-0.8674830096109745,0.4564279422652562,0.19785540567745422,11.35695789249798
25380.0,-0.8674888197047481,0.4564186463114482,0.1978513760035246,11.35672178118546
25440.0,-0.8674946296818733,0.45640935029268287,0.19784734630143683,11.356485667972363
25500.0,-0.8675004395423183,0.45640005420901036,0.19784331657121276,11.356249552860493
25560.0,-0.8675062492860975,0.4563907580604072,0.1978392868128422,11.356013435849786
25620.0,-0.8675120589132261,0.45638146184684947,0.19783525702631485,11.355777316940156
25680.0,-0.867517868423672,0.4563721655683879,0.19783122721165267,11.355541196133434
25740.0,-0.8675236778174494,0.4563628692249995,0.19782719736884571,11.355305073429573
25800.0,-0.8675294870945736,0.45635357281666,0.1978231674978833,11.355068948828492
25860.0,-0.8675352962550119,0.45634427634342106,0.197819137598788,11.354832822332066
25920.0,-0.8675411052987797,0.45633497980525795,0.19781510767154903,11.35459669394021
25980.0,-0.8675469142258757,0.45632568320217265,0.19781107771616727,11.354360563653538
26040.0,-0.8675527230402044,0.4563163865279158,0.1978070477299336,11.354124431313952
26100.0,-0.86755853173397,0.4563070897949638,0.19780301771825662,11.353888297238775
26160.0,-0.8675643403110456,0.4562977929971183,0.1977989876784492,11.353652161271203
26220.0,-0.8675701487714617,0.45628849613433,0.19779495761048999,11.353416023410562
26280.0,-0.8675759571151859,0.4562791992066502,0.19779092751440136,11.353179883658738
26340.0,-0.8675817653422333,0.4562699022140549,0.19778689739017277,11.3529437420157
26400.0,-0.8675875734526026,0.45626060515654604,0.1977828672378051,11.352707598482086
26460.0,-0.8675933814463095,0.45625130803409797,0.19777883705728733,11.352471453057841
26520.0,-0.8675991893233206,0.4562420108467643,0.19777480684864257,11.352235305744914
26580.0,-0.8676049970836515,0.4562327135945195,0.1977707766118598,11.351999156543261
26640.0,-0.8676108047273164,0.4562234162773408,0.19776674634692915,11.3517630054529
26700.0,-0.8676166122581727,0.45621411888905256,0.1977627160511735,11.351526852317658
26760.0,-0.8676224196684726,0.45620482144205765,0.19775868572996946,11.351290697453026
26820.0,-0.8676282269620732,0.45619552393018203,0.19775465538064066,11.351054540702874
26880.0,-0.867634034139004,0.45618622635337747,0.19775062500316598,11.350818382066587
26940.0,-0.8676398411992337,0.456176928711694,0.19774659459756735,11.350582221546063
27000.0,-0.8676456481427763,0.4561676310051089,0.1977425641638348,11.350346059141344
27060.0,-0.8676514549696324,0.4561583332336215,0.1977385337019681,11.350109894853052
27120.0,-0.8676572616798155,0.45614903539720936,0.19773450321195746,11.349873728681237
27180.0,-0.8676630682732934,0.4561397374959241,0.19773047269382527,11.349637560627848
27240.0,-0.8676688747500817,0.45613043952974064,0.1977264421475607,11.349401390692888
27300.0,-0.8676746811101942,0.45612114149863625,0.1977224115731539,11.349165218876418
27360.0,-0.8676804873574879,0.4561118433964347,0.19771838096792743,11.348929045022286
27420.0,-0.8676862934842162,0.4561025452355406,0.19771435033725865,11.348692869446056
27480.0,-0.8676920994942349,0.45609324700977943,0.19771031967847105,11.34845669199163
27540.0,-0.8676979053875755,0.4560839487191001,0.19770628899154236,11.34822051265836
27600.0,-0.8677037111642045,0.4560746503635567,0.19770225827649593,11.347984331448265
27660.0,-0.8677095168241373,0.4560653519431238,0.19769822753332103,11.34774814836138
27720.0,-0.8677153223673731,0.45605605345780276,0.19769419676201797,11.34751196339838
27780.0,-0.8677211277939271,0.45604675490756896,0.1976901659625763,11.347275776559323
27840.0,-0.8677269331037663,0.45603745629247516,0.1976861351350187,11.347039587846199
27900.0,-0.8677327382969057,0.45602815761249665,0.19768210427933455,11.346803397259057
27960.0,-0.8677385433733598,0.4560188588676105,0.1976780733955139,11.346567204797987
28020.0,-0.8677443483370003,0.45600956005161414,0.197674042480868,11.346331010306198
28080.0,-0.8677501531800356,0.45600026117698866,0.19767001154080727,11.346094814101223
28140.0,-0.8677559579063673,0.45599096223748403,0.1976659805726225,11.34585861602508
28200.0,-0.867761762516011,0.45598166323307493,0.19766194957630254,11.345622416077799
28260.0,-0.8677675670089336,0.4559723641638143,0.19765791855187032,11.345386214261405
28320.0,-0.8677733713851506,0.45596306502967704,0.19765388749931512,11.345150010575955
28380.0,-0.8677791756446607,0.45595376583066516,0.19764985641863775,11.344913805022182
28440.0,-0.8677849797874789,0.45594446656675414,0.1976458253098275,11.344677597600153
28500.0,-0.8677907838135732,0.4559351672379952,0.19764179417290673,11.344441388311868
28560.0,-0.8677965877229585,0.45592586784436423,0.19763776300786484,11.344205177157404
28620.0,-0.8678023915156489,0.4559165683858384,0.197633731814692,11.34396896413687
28680.0,-0.8678081951916127,0.45590726886246835,0.19762970059341015,11.34373274925226
28740.0,-0.8678139987547665,0.4558979692679776,0.19762566934129855,11.343496532344933
28800.0,-0.8678198021973048,0.45588866961487384,0.197621638063779,11.343260313733104
28860.0,-0.8678256055231458,0.455879369896878,0.19761760675812984,11.343024093258094
28920.0,-0.8678314087322565,0.4558700701140429,0.19761357542437374,11.342787870921926
28980.0,-0.8678372118246518,0.4558607702663447,0.19760954406250048,11.342551646724717
29040.0,-0.8678430148003304,0.455851470353785,0.1976055126725106,11.342315420667196
29100.0,-0.8678488176593075,0.4558421703763393,0.19760148125439372,11.342079192749468
29160.0,-0.8678546204015513,0.4558328703340582,0.19759744980817173,11.341842962973518
29220.0,-0.8678604230270919,0.4558235702268937,0.19759341833382368,11.34160673133884
29280.0,-0.8678662255358965,0.45581427005489716,0.1975893868313719,11.341370497847445
29340.0,-0.8678720279279805,0.4558049698180451,0.1975853553008061,11.341134262499446
29400.0,-0.8678778302072444,0.4557956695100839,0.19758132373941567,11.340898025136816
29460.0,-0.8678836323658841,0.45578636914352316,0.19757729215262318,11.34066178607783
29520.0,-0.8678894344078166,0.4557770687120838,0.19757326053770682,11.340425545163805
29580.0,-0.867895236333009,0.4557677682158187,0.1975692288946894,11.340189302396796
29640.0,-0.8679010381414763,0.45575846765470324,0.19756519722356028,11.339953057776897
29700.0,-0.8679068398332183,0.4557491670287383,0.19756116552431993,11.339716811304854
29760.0,-0.8679126414082484,0.45573986633790103,0.19755713379695838,11.339480562980793
29820.0,-0.8679184428665354,0.455730565582242,0.1975531020414976,11.33924431280673
29880.0,-0.8679242442081094,0.45572126476171254,0.1975490702579164,11.339008060782142
29940.0,-0.8679300454329382,0.4557119638763641,0.1975450384462372,11.338771806909053
30000.0,-0.867935846541037,0.45570266292617206,0.19754100660644916,11.33853555118756
30060.0,-0.8679416475363052,0.45569336190488363,0.19753697473584195,11.338299293459656
30120.0,-0.8679474484109402,0.45568406082500984,0.19753294283983885,11.338063034043657
30180.0,-0.8679532491688583,0.45567475968027044,0.1975289109157175,11.337826772780858
30240.0,-0.8679590498100266,0.4556654584707186,0.19752487896350088,11.33759050967333
30300.0,-0.867964850334461,0.45565615719632807,0.19752084698317768,11.33735424472113
30360.0,-0.8679706507421592,0.45564685585710274,0.19751681497474946,11.33711797792507
30420.0,-0.8679764510331367,0.45563755445301707,0.19751278293820537,11.336881709285235
30480.0,-0.8679822512073615,0.45562825298412274,0.19750875087356765,11.336645438803648
30540.0,-0.8679880512648634,0.4556189514503713,0.19750471878081535,11.3364091664798
30600.0,-0.867993851205611,0.45560964985181324,0.19750068665997034,11.336172892315698
30660.0,-0.8679996510296342,0.45560034818840006,0.19749665451101156,11.335936616310823
30720.0,-0.8680054507407845,0.45559104645395454,0.1974926223312613,11.335700338309087
30780.0,-0.8680112503313091,0.4555817446609103,0.19748859012610945,11.33546405862685
30840.0,-0.8680170498051074,0.45557244280301373,0.19748455789284503,11.335227777106066
30900.0,-0.8680228491621461,0.45556314088031763,0.19748052563149093,11.3349914937488
30960.0,-0.8680286484024409,0.45555383889279694,0.1974764933420364,11.334755208555134
31020.0,-0.8680344475260062,0.45554453684042795,0.19747246102447105,11.334518921525179
31080.0,-0.8680402465328094,0.45553523472326296,0.19746842867881761,11.334282632660981
31140.0,-0.868046045422866,0.45552593254127666,0.19746439630506515,11.334046341962612
31200.0,-0.8680518441961901,0.45551663029444667,0.1974603639032039,11.333810049430223
31260.0,-0.8680576428527503,0.455507327982823,0.19745633147325548,11.333573755065776
31320.0,-0.8680634413925761,0.4554980256063576,0.1974522990151992,11.333337458868789
31380.0,-0.8680692398156361,0.4554887231651011,0.19744826652905695,11.333101160841242
31440.0,-0.8680750381258279,0.4554794206528001,0.1974442340121179,11.3328648608251
31500.0,-0.8680808363153999,0.4554701180818904,0.19744020146977287,11.332628559136767
31560.0,-0.8680866343882033,0.4554608154461936,0.19743616889934357,11.3323922556201
31620.0,-0.8680924323442528,0.4554515127456855,0.19743213630081963,11.332155950275196
31680.0,-0.8680982301835629,0.4554422099803428,0.19742810367419078,11.331919643102168
31740.0,-0.868104027906102,0.45543290715021617,0.19742407101947904,11.331683334102998
31800.0,-0.8681098255118846,0.4554236042552816,0.19742003833667407,11.33144702327778
31860.0,-0.8681156230009257,0.45541430129551536,0.19741600562576547,11.331210710626612
31920.0,-0.8681214203731923,0.4554049982709698,0.1974119728867761,11.330974396151527
31980.0,-0.8681272176287155,0.45539569518159495,0.1974079401196841,11.330738079851937
32040.0,-0.8681330147674629,0.4553863920274426,0.19740390732451207,11.330501761729865
32100.0,-0.8681388117933315,0.45537708880225836,0.1973998744985487,11.33026544162723
32160.0,-0.8681446086985724,0.4553677855184776,0.1973958416471847,11.330029119860395
32220.0,-0.8681504054870345,0.45535848216992364,0.19739180876774243,11.329792796273246
32280.0,-0.8681562021587329,0.4553491787565717,0.19738777586021122,11.329556470865853
32340.0,-0.8681619987136826,0.45533987527839775,0.1973837429245806,11.329320143638277
32400.0,-0.8681677951518516,0.4553305717354529,0.1973797099608728,11.329083814592506
32460.0,-0.8681735914732704,0.4553212681276877,0.19737567696906633,11.328847483727962
32520.0,-0.8681793876779058,0.4553119644551554,0.19737164394918424,11.328611151046665
32580.0,-0.8681851837657738,0.45530266071783054,0.19736761090121555,11.328374816548656
32640.0,-0.8681909797368726,0.45529335691571504,0.19736357782516112,11.328138480234651
32700.0,-0.8681967755912181,0.45528405304878367,0.19735954472101,11.327902142104682
32760.0,-0.8682025713326578,0.4552747491108595,0.19735551158608453,11.327665802002612
32820.0,-0.8682083669534609,0.45526544511435263,0.19735147842576423,11.327429460244126
32880.0,-0.8682141624574762,0.45525614105308454,0.197347445237371,11.327193116673065
32940.0,-0.868219957844718,0.4552468369270316,0.19734341202089445,11.326956771289467
33000.0,-0.8682257531152018,0.4552375327361696,0.19733937877632426,11.326720424093397
33060.0,-0.8682315482688948,0.45522822848055017,0.19733534550368256,11.326484075086796
33120.0,-0.8682373433058277,0.45521892416012427,0.1973313122029482,11.326247724269079
33180.0,-0.8682431382259682,0.45520961977494295,0.1973272788741434,11.326011371642194
33240.0,-0.8682489330293315,0.45520031532498245,0.19732324551725774,11.325775017206176
33300.0,-0.8682547277159163,0.455191010810244,0.19731921213229192,11.325538660961705
33360.0,-0.8682605222857376,0.45518170623070353,0.19731517871923526,11.325302302908796
33420.0,-0.8682663167426429,0.45517240158018246,0.19731114527540958,11.325065942891248
33480.0,-0.8682721110789027,0.45516309687109185,0.1973071118061949,11.324829581224748
33540.0,-0.8682779052983652,0.4551537920972537,0.19730307830891314,11.324593217753096
33600.0,-0.8682836994010449,0.4551444872586434,0.19729904478355353,11.324356852476281
33660.0,-0.8682894933869567,0.4551351823552367,0.19729501123010573,11.324120485394326
33720.0,-0.8682952872560682,0.4551258773870858,0.19729097764859224,11.323884116509161
33780.0,-0.8683010810084097,0.4551165723541417,0.19728694403899188,11.323647745820168
33840.0,-0.8683068746439496,0.4551072672564551,0.19728291040132662,11.32341137332924
33900.0,-0.8683126681627026,0.45509796209400205,0.19727887673558608,11.323174999036368
33960.0,-0.8683184615646672,0.4550886568667847,0.19727484304177112,11.322938622942216
34020.0,-0.868324254849859,0.4550793515747779,0.19727080931987095,11.322702245046749
34080.0,-0.8683300480182446,0.4550700462180346,0.1972667755699084,11.322465865351898
34140.0,-0.8683358410737353,0.45506074079027264,0.19726274178916037,11.322229483698791
34200.0,-0.8683416340085391,0.45505143530400755,0.19725870798305206,11.321993100405717
34260.0,-0.8683474268265664,0.45504212975295777,0.1972546741488606,11.321756715313805
34320.0,-0.868353219527785,0.45503282413717533,0.19725064028660846,11.321520328424953
34380.0,-0.8683590121122091,0.45502351845663663,0.19724660639628544,11.321283939739136
34440.0,-0.8683648045798535,0.4550142127113179,0.1972425724778813,11.321047549256331
34500.0,-0.8683705969306871,0.45500490690126916,0.19723853853141762,11.320811156978367
34560.0,-0.8683763891647234,0.4549956010264682,0.1972345045568848,11.320574762905238
34620.0,-0.8683821812819625,0.4549862950869147,0.19723047055428272,11.320338367037502
34680.0,-0.8683879732824187,0.4549769890825854,0.19722643652360133,11.320101969375127
34740.0,-0.86839376516606,0.45496768301353163,0.19722240246486283,11.319865569919957
34800.0,-0.8683995569367949,0.4549583768734729,0.19721836837534468,11.319629168513114
34860.0,-0.8684053485868346,0.45494907067492407,0.197214334260472,11.319392765472818
34920.0,-0.8684111401200878,0.45493976441160433,0.19721030011752205,11.319156360640173
34980.0,-0.8684169315365228,0.4549304580835645,0.19720626594651694,11.318919954017005
35040.0,-0.8684227228361698,0.4549211516907558,0.19720223174743545,11.318683545602592
35100.0,-0.8684285140189966,0.4549118452332299,0.19719819752030007,11.318447135398777
35160.0,-0.8684343050850177,0.45490253871096303,0.19719416326510036,11.318210723405466
35220.0,-0.8684400960342322,0.45489323212395677,0.19719012898183713,11.317974309623217
35280.0,-0.86844588686664,0.4548839254722106,0.19718609467051018,11.317737894052527
35340.0,-0.868451677582255,0.45487461875570223,0.19718206033110972,11.317501476693323
35400.0,-0.8684574681810456,0.4548653119744824,0.1971780259636578,11.317265057547399
35460.0,-0.8684632586669195,0.4548560051222701,0.19717399156543167,11.317028636455802
35520.0,-0.8684690490320893,0.4548466982115807,0.19716995714185662,11.316792213736719
35580.0,-0.868474839280463,0.45483739123613404,0.1971659226902102,11.316555789231206
35640.0,-0.8684806294120091,0.4548280841959798,0.19716188821051409,11.316319362941012
35700.0,-0.8684864194267414,0.4548187770910957,0.1971578537027585,11.316082934866039
35760.0,-0.8684922093246756,0.4548094699214564,0.19715381916693253,11.315846505006109
35820.0,-0.8684979991057791,0.4548001626871145,0.19714978460305893,11.315610073363018
35880.0,-0.8685037887700661,0.4547908553880459,0.19714575001112727,11.31537363993661
35940.0,-0.8685095783175364,0.45478154802425164,0.19714171539113798,11.315137204727362
36000.0,-0.8685153677482045,0.4547722405957077,0.19713768074308063,11.314900767735107
36060.0,-0.8685211570620389,0.45476293310246485,0.1971336460669773,11.314664328961582
36120.0,-0.8685269462629462,0.4547536255382415,0.197129611360105,11.314427888247765
36180.0,-0.868532735343141,0.4547443179155549,0.1971255766278898,11.31419144591182
36240.0,-0.8685385243065296,0.4547350102281244,0.19712154186760897,11.313955001794739
36300.0,-0.8685443131530806,0.4547257024760001,0.19711750707928435,11.313718555898214
36360.0,-0.8685501018828082,0.454716394659159,0.197113472262906,11.313482108222074
36420.0,-0.8685558904957283,0.4547070867775752,0.19710943741846268,11.313245658766068
36480.0,-0.8685616789918083,0.45469777883130164,0.19710540254597725,11.31300920753193
36540.0,-0.8685674673710624,0.45468847082031427,0.19710136764543937,11.31277275451946
36600.0,-0.8685732556334901,0.45467916274461434,0.19709733271684954,11.312536299729064
36660.0,-0.868579043779106,0.45466985460417775,0.19709329776019735,11.31229984316052
36720.0,-0.8685848318078783,0.4546605463990556,0.19708926277550493,11.312063384815499
36780.0,-0.868590619719837,0.45465123812919933,0.19708522776275125,11.311826924693138
36840.0,-0.8685964075188418,0.4546419297884014,0.19708119271924532,11.311590462636229
36900.0,-0.8686021951971242,0.4546326213891554,0.1970771576504031,11.31135399896227
36960.0,-0.868607982758575,0.4546233129252035,0.19707312255351186,11.311117533512764
37020.0,-0.8686137702031931,0.45461400439654753,0.1970690874285723,11.3108810662881
37080.0,-0.8686195575309935,0.4546046958031631,0.19706505227557392,11.310644597287997
37140.0,-0.8686253447419442,0.4545953871451013,0.1970610170945389,11.310408126514096
37200.0,-0.8686311318360594,0.45458607842233895,0.19705698188545717,11.310171653966128
37260.0,-0.8686369188133539,0.4545767696348525,0.19705294664831846,11.309935179643817
37320.0,-0.8686427056737965,0.45456746078269156,0.19704891138314437,11.309698703548742
37380.0,-0.8686484924174013,0.4545581518658335,0.19704487608992494,11.309462225680626
37440.0,-0.8686542790441829,0.4545488428842542,0.1970408407686499,11.309225746039171
37500.0,-0.8686600655580001,0.4545395338317458,0.19703680541662813,11.308989264467094
37560.0,-0.8686658519510859,0.45453022472080323,0.197032770039276,11.308752781281841
37620.0,-0.8686716382273307,0.45452091554516755,0.19702873463388035,11.308516296324825
37680.0,-0.868677424386733,0.4545116063048413,0.19702469920044238,11.308279809596392
37740.0,-0.8686832104293084,0.45450229699979866,0.19702066373895072,11.308043321096148
37800.0,-0.8686889963550237,0.4544929876300931,0.1970166282494287,11.307806830825722
37860.0,-0.8686947821638948,0.45448367819569896,0.19701259273186517,11.307570338784718
37920.0,-0.8687005678559356,0.45447436869659336,0.19700855718625013,11.307333844972796
37980.0,-0.8687063534311145,0.4544650591328271,0.19700452161260565,11.307097349391498
38040.0,-0.868712138889446,0.4544557495043765,0.19700048601092154,11.306860852040458
38100.0,-0.8687179242309445,0.4544464398112183,0.19699645038118757,11.306624352919311
38160.0,-0.8687237094594686,0.45443713004714276,0.196992414720712,11.306387851870664
38220.0,-0.8687294945672519,0.45442782022464767,0.19698837903491243,11.306151349211964
38280.0,-0.8687352795581854,0.4544185103374713,0.19698434332107448,11.305914844784475
38340.0,-0.8687410644322665,0.45440920038561755,0.19698030757919988,11.305678338588509
38400.0,-0.8687468491895112,0.45439989036906064,0.19697627180927735,11.305441830623595
38460.0,-0.8687526338298861,0.4543905802878539,0.19697223601133015,11.305205320891286
38520.0,-0.8687584183534072,0.45438127014197155,0.19696820018534703,11.304968809391106
38580.0,-0.8687642027600884,0.45437195993139085,0.1969641643313181,11.30473229612265
38640.0,-0.8687699870498982,0.4543626496561626,0.19696012844926541,11.30449578108738
38700.0,-0.8687757712228662,0.45435333931623817,0.19695609253916796,11.304259264284227
38760.0,-0.8687815552789608,0.45434402891166903,0.19695205660104792,11.304022745714644
38820.0,-0.8687873392220854,0.45433471843617107,0.19694802063218128,11.303786225219271
38880.0,-0.8687931230444622,0.45432540790226444,0.19694398463799545,11.303549703116056
38940.0,-0.8687989067499778,0.4543160973036923,0.196939948615778,11.3033131792463
39000.0,-0.8688046903386327,0.4543067866404542,0.19693591256552884,11.303076653610137
39060.0,-0.8688104738104402,0.45429747591252756,0.19693187648723812,11.302840126207094
39120.0,-0.8688162571653695,0.45428816511996256,0.19692784038092767,11.302603597038573
39180.0,-0.8688220404034347,0.4542788542627361,0.19692380424658745,11.302367066104082
39240.0,-0.8688278235246506,0.45426954334082387,0.19691976808420691,11.30213053340311
39300.0,-0.8688336065289852,0.4542602323542775,0.19691573189380834,11.301893998937048
39360.0,-0.8688393894164693,0.454250921303047,0.1969116956753703,11.301657462704727
39420.0,-0.8688451721870701,0.4542416101871852,0.19690765942891544,11.301420924707548
39480.0,-0.8688509548408021,0.4542322990066683,0.19690362315443352,11.30118438494498
39540.0,-0.8688567373815536,0.45422298775523484,0.19689958684921052,11.300947843258175
39600.0,-0.8688625198015467,0.454213676445409,0.19689555051867516,11.300711299965053
39660.0,-0.8688683021046685,0.45420436507093137,0.19689151416011422,11.300474754906798
39720.0,-0.8688740842909347,0.4541950536317768,0.19688747777351678,11.300238208082808
39780.0,-0.8688798663603124,0.45418574212799767,0.1968834413589055,11.300001659494448
39840.0,-0.8688856483128162,0.4541764305595704,0.1968794049162703,11.299765109141145
39900.0,-0.8688914301484615,0.45416711892647005,0.19687536844560033,11.29952855702229
39960.0,-0.868897211867216,0.4541578072287481,0.19687133194691778,11.299292003139193
40020.0,-0.8689029934691098,0.4541484954663564,0.19686729542020182,11.299055447490634
40080.0,-0.8689087749541109,0.45413918363934586,0.19686325886547454,11.298818890077907
40140.0,-0.868914556322234,0.4541298717476926,0.19685922228272565,11.2985823309004
40200.0,-0.8689203375773658,0.45412055978513616,0.1968551856692413,11.298345769799186
40260.0,-0.8689261187117302,0.4541112477642009,0.19685114903045067,11.298109207092141
40320.0,-0.8689318997292141,0.4541019356786265,0.19684711236363978,11.297872642620318
40380.0,-0.868937680629833,0.4540926235283879,0.19684307566879802,11.297636076383059
40440.0,-0.8689434614135533,0.4540833113135387,0.19683903894594845,11.297399508381663
40500.0,-0.8689492420804061,0.4540739990340284,0.19683500219506933,11.297162938614804
40560.0,-0.8689550226303594,0.4540646866899088,0.196830965416183,11.296926367083726
40620.0,-0.8689608030634279,0.45405537428115555,0.19682692860927892,11.296689793787747
40680.0,-0.8689665833796262,0.4540460618077453,0.19682289177434706,11.296453218726201
40740.0,-0.8689723635789222,0.4540367492697293,0.1968188549114095,11.296216641900294
40800.0,-0.8689781436613305,0.4540274366670838,0.19681481802045606,11.295980063309347
40860.0,-0.8689839236307368,0.45401812399354796,0.19681078109877265,11.295743482794334
40920.0,-0.8689897034793679,0.45400881126164583,0.1968067441517884,11.295506900673047
40980.0,-0.8689954832111082,0.45399949846511845,0.19680270717679002,11.295270316786496
41040.0,-0.8690012628259738,0.4539901856039401,0.19679867017376643,11.295033731133916
41100.0,-0.8690070423239314,0.45398087267816367,0.19679463314274045,11.294797143716513
41160.0,-0.8690128217050123,0.4539715596877389,0.19679059608369048,11.294560554532888
41220.0,-0.8690186009691838,0.4539622466327183,0.1967865589966391,11.294323963584215
41280.0,-0.8690243801164761,0.45395293351305244,0.19678252188156503,11.294087370869102
41340.0,-0.8690301591468576,0.4539436203287927,0.19677848473849044,11.29385077638869
41400.0,-0.869035938060343,0.4539343070799148,0.1967744475674048,11.293614180142198
41460.0,-0.8690417168569315,0.45392499376641976,0.19677041036830867,11.293377582129478
41520.0,-0.869047495540507,0.45391568038204794,0.19676637313848847,11.293140982191474
41580.0,-0.8690532741032986,0.45390636693932335,0.19676233588337322,11.292904380645876
41640.0,-0.8690590525491902,0.45389705343198583,0.19675829860024918,11.292667777333595
41700.0,-0.8690648308781965,0.4538877398600121,0.19675426128910634,11.292431172253837
41760.0,-0.8690706090902861,0.45387842622345176,0.19675022394996614,11.292194565407657
41820.0,-0.8690763871854891,0.45386911252225665,0.19674618658280776,11.291957956793615
41880.0,-0.8690821651637733,0.4538597987564782,0.19674214918765343,11.291721346412784
41940.0,-0.8690879430251688,0.45385048492606794,0.19673811176448228,11.291484734263719
42000.0,-0.8690937207696439,0.45384117103107663,0.19673407431331608,11.291248120347449
42060.0,-0.8690994983972131,0.45383185707148044,0.19673003683414464,11.291011504663137
42120.0,-0.8691052759078752,0.45382254304728137,0.19672599932696883,11.290774887210581
42180.0,-0.86911105330163,0.4538132289584794,0.19672196179178866,11.290538267989517
42240.0,-0.8691168305823612,0.45380391479881305,0.19671792422588974,11.290301646840742
42300.0,-0.8691226077423139,0.45379460058078447,0.19671388663469178,11.290065024081322
42360.0,-0.869128384785341,0.4537852862981816,0.1967098490155018,11.28982839955329
42420.0,-0.8691341617114569,0.45377597195098174,0.19670581136830986,11.28959177325578
42480.0,-0.8691399385206764,0.4537666575391599,0.19670177369310535,11.289355145187868
42540.0,-0.8691457152129675,0.4537573430627681,0.19669773598991072,11.289118515350571
42600.0,-0.8691514917883605,0.45374802852175705,0.19669369825870459,11.28888188374232
42660.0,-0.8691572682468238,0.4537387139161773,0.19668966049950895,11.288645250364086
42720.0,-0.8691630445883709,0.4537293992460072,0.1966856227123143,11.288408615214989
42780.0,-0.8691688208130022,0.45372008451124596,0.19668158489712034,11.288171978294676
42840.0,-0.8691745969207164,0.4537107697118949,0.19667754705392765,11.287935339602841
42900.0,-0.8691803729153963,0.4537014548416926,0.196673509180022,11.287698698980217
42960.0,-0.8691861487892888,0.4536921399131417,0.19666947128082307,11.28746205674378
43020.0,-0.8691919245462462,0.45368282492002987,0.19666543335363798,11.287225412735495
43080.0,-0.8691977001862984,0.4536735098623084,0.1966613953984456,11.286988766953757
43140.0,-0.8692034757094134,0.4536641947400288,0.19665735741526819,11.286752119399495
43200.0,-0.8692092511156064,0.45365487955316613,0.196653319404095,11.286515470071697
43260.0,-0.8692150264048915,0.4536455643016978,0.19664928136491616,11.286278818969397
43320.0,-0.869220801577237,0.45363624898567423,0.19664524329775362,11.286042166093479
43380.0,-0.8692265766326571,0.45362693360507306,0.19664120520259773,11.28580551144298
43440.0,-0.8692323515711519,0.4536176181598934,0.1966371670794479,11.285568855017452
43500.0,-0.8692381263927348,0.4536083026501131,0.19663312892829474,11.285332196815927
43560.0,-0.8692439011012423,0.4535989870695434,0.19662909074645535,11.2850955366809
43620.0,-0.8692496756889697,0.45358967143061313,0.19662505253931759,11.284858874927403
43680.0,-0.8692554501597519,0.45358035572713573,0.1966210143041996,11.284622211397966
43740.0,-0.8692612245136194,0.45357103995906123,0.19661697604107975,11.284385546090883
43800.0,-0.8692669987505403,0.45356172412644175,0.19661293774998054,11.284148879007024
43860.0,-0.8692727728705294,0.4535524082292526,0.19660889943089133,11.2839122101453
43920.0,-0.8692785468735856,0.4535430922674955,0.19660486108381298,11.283675539505301
43980.0,-0.8692843207597233,0.4535337762411472,0.19660082270873516,11.283438867085946
44040.0,-0.869290094528911,0.45352446015025794,0.19659678430567995,11.283202192888059
44100.0,-0.8692958681811634,0.45351514399480375,0.19659274587463663,11.282965516910513
44160.0,-0.8693016417164952,0.45350582777476156,0.1965887074155955,11.282728839152263
44220.0,-0.8693074151387402,0.4534965114839436,0.19658466892587403,11.282492159455739
44280.0,-0.8693131884401966,0.4534871951347781,0.19658063041085982,11.28225547813588
44340.0,-0.8693189616246983,0.4534778787210779,0.19657659186787083,11.28201879503515
44400.0,-0.8693247346922757,0.45346856224279475,0.19657255329688608,11.28178211015179
44460.0,-0.869330507642897,0.45345924569997875,0.19656851469792724,11.281545423486557
44520.0,-0.8693362804765762,0.45344992909260756,0.1965644760709847,11.28130873503835
44580.0,-0.8693420531933136,0.45344061242068057,0.19656043741605814,11.281072044806612
44640.0,-0.8693478257931231,0.4534312956841749,0.1965563987331377,11.280835352790225
44700.0,-0.8693535982759732,0.45342197888314073,0.19655236002224524,11.280598658989918
44760.0,-0.8693593706418781,0.4534126620175562,0.19654832128337107,11.280361963404566
44820.0,-0.869365142890852,0.45340334508739677,0.1965442825165046,11.28012526603299
44880.0,-0.869370915022864,0.4533940280927127,0.1965402437216677,11.279888566875895
44940.0,-0.8693766870418091,0.4533847110272167,0.19653620489613485,11.279651865773133
45000.0,-0.869382458939925,0.453375393903438,0.19653216604533733,11.279415163042119
45060.0,-0.8693882307211072,0.4533660767150886,0.19652812716654938,11.279178458522674
45120.0,-0.8693940023853233,0.4533567594622203,0.19652408825979342,11.27894175221552
45180.0,-0.8693997739325877,0.45334744214480976,0.1965200493250594,11.278705044119464
45240.0,-0.8694055453629012,0.4533381247628559,0.19651601036234675,11.278468334233871
45300.0,-0.8694113166762768,0.4533288073163365,0.19651197137164594,11.278231622557568
45360.0,-0.8694170878726831,0.4533194898053031,0.19650793235297928,11.277994909091241
45420.0,-0.8694228589521343,0.4533101722297318,0.1965038933063364,11.277758193833664
45480.0,-0.8694286299146463,0.4533008545895973,0.19649985423170632,11.277521476783564
45540.0,-0.8694344007601863,0.45329153688495183,0.1964958151291117,11.27728475794163
45600.0,-0.8694401714926487,0.45328221910950733,0.19649177599582676,11.277048037147628
45660.0,-0.8694459421042731,0.453272901275794,0.1964877368372831,11.276811314718932
45720.0,-0.8694517125989542,0.45326358337752265,0.19648369765075457,11.276574590495267
45780.0,-0.8694574829766597,0.4532542654147455,0.1964796584362637,11.276337864477298
45840.0,-0.8694632532374041,0.4532449473874391,0.19647561919380035,11.276101136663767
45900.0,-0.8694690233811876,0.4532356292956027,0.19647157992336417,11.275864407053984
45960.0,-0.8694747934080237,0.4532263111392142,0.19646754062494567,11.275627675646716
46020.0,-0.8694805633178809,0.45321699291832446,0.1964635012985668,11.275390942442568
46080.0,-0.8694863331107746,0.4532076746329081,0.19645946194421668,11.275154207440218
46140.0,-0.8694921027867184,0.4531983562829432,0.1964554225618857,11.27491747063841
46200.0,-0.8694978723456803,0.4531890378684813,0.19645138315159616,11.274680732037755
46260.0,-0.8695036417915547,0.45317971938323165,0.19644734371062128,11.274443991477893
46320.0,-0.869509411116582,0.4531704008397275,0.19644330424439382,11.274207249276204
46380.0,-0.8695151803246568,0.45316108223167784,0.1964392647501869,11.27397050527232
46440.0,-0.8695209494157466,0.45315176355913517,0.19643522522802323,11.273733759466852
46500.0,-0.8695267183898658,0.453142444822076,0.1964311856778926,11.273497011858478
46560.0,-0.8695324872470138,0.45313312602050115,0.19642714609979545,11.27326026244649
46620.0,-0.8695382559872054,0.45312380715438644,0.19642310649372116,11.273023511229537
46680.0,-0.8695440246104087,0.4531144882237831,0.19641906685969196,11.272786758208182
46740.0,-0.8695497931166537,0.4531051692286425,0.19641502719768686,11.272550003380452
46800.0,-0.8695555615059085,0.4530958501690158,0.19641098750772806,11.272313246746899
46860.0,-0.8695613297781871,0.45308653104488045,0.1964069477898057,11.272076488306185
46920.0,-0.8695670979373685,0.45307721184996896,0.1964029080412029,11.271839727898493
46980.0,-0.8695728659756937,0.45306789259681707,0.1963988682673537,11.271602965841208
47040.0,-0.8695786338970566,0.45305857327913296,0.1963948284655308,11.271366201973885
47100.0,-0.8695844017014251,0.45304925389696876,0.19639078863575674,11.271129436297068
47160.0,-0.8695901693888136,0.453039934450301,0.19638674877802137,11.270892668809386
47220.0,-0.8695959369592212,0.45303061493913016,0.19638270889232487,11.270655899510073
47280.0,-0.8696017044126624,0.4530212953634338,0.1963786689786574,11.270419128397762
47340.0,-0.8696074717491059,0.45301197572326124,0.19637462903704056,11.270182355472926
47400.0,-0.8696132389685816,0.45300265601856454,0.19637058906745347,11.269945580733546
47460.0,-0.8696190060710575,0.45299333624939503,0.19636654906991832,11.26970880418013
47520.0,-0.8696247730565639,0.45298401641570335,0.19636250904441388,11.26947202581062
47580.0,-0.8696305399250688,0.4529746965175413,0.19635846899096238,11.269235245625515
47640.0,-0.8696363066804486,0.4529653765486435,0.196354428906848,11.268998463465
47700.0,-0.8696420733149943,0.4529560565214686,0.1963503887974714,11.268761679644445
47760.0,-0.8696478398325355,0.45294673642982763,0.1963463486601497,11.268524894005964
47820.0,-0.8696536062330877,0.4529374162736947,0.19634230849487172,11.26828810654807
47880.0,-0.8696593725166496,0.4529280960530723,0.1963382683016385,11.268051317269997
47940.0,-0.8696651386832359,0.4529187757679361,0.1963342280804395,11.267814526170293
48000.0,-0.8696709047328143,0.4529094554183383,0.1963301878312973,11.26757773324945
48060.0,-0.869676670665415,0.4529001350042294,0.1963261475541905,11.267340938505367
48120.0,-0.869682436481007,0.4528908145256603,0.19632210724914126,11.267104141938502
48180.0,-0.8696882021796196,0.45288149398258226,0.19631806691612833,11.266867343546757
48240.0,-0.8696939677612214,0.4528721733750463,0.19631402655517385,11.266630543330583
48300.0,-0.8696997332296871,0.45286285269678833,0.1963099861635624,11.266393741130143
48360.0,-0.8697054985773105,0.4528535319602662,0.19630594574669424,11.266156937260746
48420.0,-0.8697112638079196,0.4528442111592907,0.19630190530188665,11.265920131564462
48480.0,-0.8697170289215304,0.4528348902938367,0.19629786482912845,11.265683324039777
48540.0,-0.8697227939181567,0.45282556936388096,0.1962938243284098,11.265446514685237
48600.0,-0.8697285587977666,0.45281624836947504,0.1962897837997529,11.265209703501279
48660.0,-0.8697343235603745,0.4528069273105955,0.19628574324314765,11.264972890486426
48720.0,-0.8697400882059956,0.45279760618721754,0.1962817026585833,11.264736075639176
48780.0,-0.869745852734598,0.45278828499939233,0.19627766204608207,11.264499258959946
48840.0,-0.8697516171462114,0.452778963747072,0.1962736214056231,11.264262440446629
48900.0,-0.8697573814408043,0.45276964243030693,0.1962695807372283,11.264025620099618
48960.0,-0.8697631456222512,0.45276032104283126,0.19626554003818156,11.263788797759007
49020.0,-0.8697689096828468,0.4527509995971056,0.19626149931388429,11.26355197374013
49080.0,-0.8697746736264187,0.4527416780869393,0.19625745856165297,11.263315147884983
49140.0,-0.8697804374529825,0.4527323565123078,0.1962534177814769,11.26307832019204
49200.0,-0.8697862011625519,0.45272303487318843,0.19624937697334632,11.262841490659822
49260.0,-0.8697919647550952,0.452713713169632,0.19624533613728318,11.262604659288714
49320.0,-0.8697977282306438,0.45270439140158786,0.19624129527326564,11.262367826076527
49380.0,-0.8698034915891643,0.45269506956910954,0.19623725438131684,11.262130991023708
49440.0,-0.8698092548306715,0.4526857476721729,0.19623321346142628,11.261894154128726
49500.0,-0.8698150179551806,0.45267642571075345,0.1962291725135834,11.261657315390046
49560.0,-0.8698207809626596,0.4526671036849022,0.19622513153781038,11.261420474808052
49620.0,-0.8698265438569819,0.45265778158835346,0.19622109053139095,11.2611836322228
49680.0,-0.8698323066304444,0.45264845943356785,0.19621704949972665,11.2609467879496
49740.0,-0.8698380692868739,0.4526391372143548,0.1962130084401341,11.260709941830426
49800.0,-0.8698438318262851,0.45262981493069016,0.1962089673526027,11.260473093863734
49860.0,-0.8698495942486928,0.45262049258255,0.19620492623712216,11.260236244047995
49920.0,-0.8698553565540653,0.4526111701699849,0.19620088509371442,11.259999392383557
49980.0,-0.8698611187424325,0.45260184769294676,0.19619684392235845,11.259762538868259
50040.0,-0.8698668808137625,0.45259252515148707,0.19619280272307676,11.259525683502488
50100.0,-0.8698726427680695,0.45258320254558215,0.196188761495859,11.259288826284696
50160.0,-0.869878404605369,0.45257387987520703,0.19618472024069447,11.25905196721332
50220.0,-0.8698841663256287,0.45256455714041377,0.1961806789576055,11.258815106288727
50280.0,-0.8698899279288629,0.45255523434117884,0.19617663764658208,11.258578243509394
50340.0,-0.8698956894189455,0.4525459114712336,0.19617259630490677,11.258341378715278
50400.0,-0.869901450788127,0.45253658854311746,0.19616855493801527,11.258104512223674
50460.0,-0.8699072120402809,0.4525272655505626,0.19616451354319045,11.257867643874558
50520.0,-0.8699129731754212,0.45251794249354577,0.19616047212042237,11.257630773666403
50580.0,-0.8699187341935168,0.4525086193721172,0.19615643066973285,11.257393901599537
50640.0,-0.8699244950945975,0.4524992961862288,0.19615238919110098,11.257157027671786
50700.0,-0.8699302558786316,0.45248997293593146,0.19614834768454864,11.256920151883481
50760.0,-0.8699360165456336,0.4524806496212015,0.19614430615006573,11.256683274233074
50820.0,-0.8699417770956182,0.45247132624201464,0.1961402645876418,11.25644639471901
50880.0,-0.8699475375285535,0.45246200279842275,0.1961362229972992,11.25620951334163
50940.0,-0.8699532978444534,0.4524526792904025,0.1961321813790279,11.255972630099407
51000.0,-0.8699590580471911,0.452443355711685,0.19612813973011037,11.255735744832275
51060.0,-0.8699648181290194,0.4524340320748094,0.19612409805598213,11.255498857857505
51120.0,-0.8699705780938262,0.4524247083734828,0.19612005635391536,11.255261969014438
51180.0,-0.869976337941579,0.4524153846077574,0.19611601462393266,11.25502507830344
51240.0,-0.8699820976722924,0.45240606077760925,0.1961119728660237,11.254788185722944
51300.0,-0.8699878572859816,0.45239673688301374,0.1961079310801777,11.254551291271369
51360.0,-0.8699936167826144,0.45238741292402257,0.19610388926641725,11.254314394949068
51420.0,-0.8699993761622061,0.45237808890061115,0.19609984742473144,11.254077496754448
51480.0,-0.8700051354247704,0.4523687648127565,0.19609580555511058,11.25384059668598
51540.0,-0.8700108945702756,0.4523594406605106,0.19609176365757697,11.253603694744008
51600.0,-0.8700166535987363,0.4523501164438484,0.19608772173211986,11.25336679092694
51660.0,-0.8700224125140242,0.45234079215650164,0.19608367977602215,11.25312988507475
51720.0,-0.870028171308394,0.4523314678110105,0.19607963779471962,11.252892977504708
51780.0,-0.8700339299857328,0.4523221434010814,0.1960755957854842,11.252656068056138
51840.0,-0.8700396885460078,0.45231281892676684,0.19607155374833862,11.252419156729413
51900.0,-0.8700454469892343,0.452303494388042,0.19606751168327213,11.25218224352294
51960.0,-0.8700512053154266,0.4522941697848833,0.19606346959027465,11.25194532843517
52020.0,-0.8700569635245533,0.45228484511734157,0.19605942746936803,11.251708411466424
52080.0,-0.8700627216166283,0.45227552038539426,0.19605538532054245,11.251471492615162
52140.0,-0.8700684795916513,0.45226619558904135,0.1960513431437981,11.25123457188044
52200.0,-0.8700742374496373,0.4522568707282582,0.19604730093912415,11.250997649260658
52260.0,-0.8700799951905539,0.4522475458030977,0.19604325870654357,11.25076072475621
52320.0,-0.8700857528182867,0.45223822080726583,0.19603921644332806,11.25052379820641
52380.0,-0.8700915103250927,0.452228895753303,0.1960351741549136,11.250286869928543
52440.0,-0.8700972677148576,0.45221957063491597,0.1960311318385722,11.250049939761947
52500.0,-0.8701030249875499,0.4522102454521555,0.19602708949432587,11.249813007706953
52560.0,-0.8701087821431995,0.45220092020497293,0.19602304712215354,11.249576073761371
52620.0,-0.8701145391817748,0.4521915948934189,0.19601900472207714,11.24933913792553
52680.0,-0.8701202961032896,0.45218226951747154,0.1960149622940872,11.249102200197926
52740.0,-0.8701260529077434,0.45217294407713077,0.19601091983818367,11.248865260577604
52800.0,-0.8701318095951364,0.4521636185723966,0.1960068773543665,11.248628319063604
52860.0,-0.8701375661654817,0.4521542930032469,0.1960028348426262,11.24839137565443
52920.0,-0.8701433226187485,0.4521449673697321,0.1959987923029846,11.248154430350402
52980.0,-0.8701490789549661,0.45213564167180403,0.19599474973542078,11.247917483149354
53040.0,-0.870154835177958,0.4521263159032678,0.1959907071372494,11.247680533893124
53100.0,-0.8701605912800443,0.4521169900765661,0.19598666451386412,11.247443582896544
53160.0,-0.8701663472650485,0.4521076641855038,0.19598262186257945,11.247206630001438
53220.0,-0.8701721031330002,0.4520983382300325,0.19597857918337447,11.246969675205648
53280.0,-0.8701778588838683,0.45208901221020314,0.19597453647627128,11.246732718509524
53340.0,-0.8701836145176661,0.45207968612599325,0.19597049374126005,11.246495759911555
53400.0,-0.8701893700343941,0.4520703599774021,0.1959664509783405,11.246258799410787
53460.0,-0.8701951254340506,0.4520610337644322,0.19596240818751373,11.246021837006353
53520.0,-0.8702008807166507,0.45205170748705886,0.19595836536876904,11.245784872696687
53580.0,-0.8702066358821621,0.45204238114533424,0.19595432252212894,11.245547906482177
53640.0,-0.8702123909306155,0.4520330547392083,0.1959502796475719,11.245310938360639
53700.0,-0.8702181458658326,0.45202372826248705,0.1959462367424128,11.245073968173948
53760.0,-0.8702239006801352,0.45201440172761437,0.19594219381204592,11.244836996236977
53820.0,-0.8702296553773458,0.4520050751283942,0.1959381508537854,11.244600022391563
53880.0,-0.8702354099574946,0.4519957484647781,0.1959341078676102,11.244363046635556
53940.0,-0.87024116442055,0.45198642173681713,0.19593006485354242,11.244126068969331
54000.0,-0.870246918766526,0.4519770949444881,0.19592602181157204,11.243889089391384
54060.0,-0.8702526729954225,0.45196776808779116,0.19592197874169917,11.243652107900811
54120.0,-0.8702584271072382,0.4519584411667282,0.19591793564392454,11.243415124496744
54180.0,-0.8702641811019871,0.45194911418127587,0.19591389251823815,11.243178139177685
54240.0,-0.8702699349796386,0.4519397871314843,0.19590984936466158,11.242941151944
54300.0,-0.870275688740222,0.45193046001730514,0.19590580618317396,11.242704162793556
54360.0,-0.870281442387574,0.4519211328325185,0.19590176297107906,11.242467171567615
54420.0,-0.8702871959139723,0.45191180558964306,0.19589771973380357,11.242230178582968
54480.0,-0.8702929493232846,0.4519024782824085,0.19589367646862937,11.241993183679593
54540.0,-0.8702987026155253,0.4518931509107915,0.19588963317554625,11.241756186856005
54600.0,-0.8703044557906632,0.4518838234748422,0.19588558985457608,11.241519188112592
54660.0,-0.8703102088487122,0.45187449597453794,0.19588154650570896,11.241282187447892
54720.0,-0.8703159617896717,0.4518651684098794,0.1958775031289453,11.241045184861045
54780.0,-0.8703217146135563,0.45185584078084284,0.19587345972427467,11.24080818035056
54840.0,-0.8703274673203343,0.4518465130874794,0.19586941629171928,11.240571173916864
54900.0,-0.8703332199100202,0.45183718532976513,0.19586537283126876,11.240334165558478
54960.0,-0.8703389723826286,0.45182785750767623,0.19586132934291287,11.240097155273927
55020.0,-0.8703447247419954,0.4518185296149924,0.19585728582395498,11.239860142904487
55080.0,-0.8703504769803997,0.4518092016642334,0.19585324227982248,11.239623128767017
55140.0,-0.8703562291017078,0.4517998736491292,0.19584919870779732,11.23938611270154
55200.0,-0.8703619811059203,0.4517905455696792,0.19584515510787914,11.239149094707187
55260.0,-0.8703677329930507,0.45178121742586086,0.19584111148005826,11.238912074782528
55320.0,-0.870373484763067,0.451771889217726,0.19583706782435711,11.238675052928034
55380.0,-0.8703792364159849,0.4517625609452491,0.19583302414076464,11.238438029142214
55440.0,-0.8703849879518183,0.45175323260840694,0.19582898042927085,11.238201003423642
55500.0,-0.8703907393705352,0.4517439042072514,0.19582493668989812,11.23796397577279
55560.0,-0.8703964906721656,0.4517345757417339,0.19582089292262547,11.237726946187594
55620.0,-0.8704022418566785,0.4517252472119044,0.1958168491274744,11.237489914668489
55680.0,-0.8704079929240878,0.4517159186177398,0.19581280530443518,11.237252881214076
55740.0,-0.8704137438782594,0.4517065899529691,0.19580876145078913,11.237015845664382
55800.0,-0.8704194947114594,0.4516972612301373,0.19580471757197462,11.23677880833696
55860.0,-0.8704252454275534,0.451687932442974,0.19580067366527323,11.236541769071854
55920.0,-0.8704309960265558,0.45167860359145523,0.19579662973067474,11.236304727867664
55980.0,-0.8704367465084346,0.45166927467563317,0.19579258576820177,11.2360676847249
56040.0,-0.8704424968732055,0.4516599456954816,0.19578854177784286,11.235830639642097
56100.0,-0.8704482471208823,0.45165061665097844,0.19578449775958848,11.235593592617905
56160.0,-0.8704539972514331,0.45164128754217475,0.19578045371346084,11.235356543652829
56220.0,-0.870459747264888,0.451631958369022,0.19577640963943876,11.235119492744843
56280.0,-0.8704654971612154,0.4516226291315708,0.19577236553754435,11.234882439894461
56340.0,-0.8704712469404297,0.4516132998297977,0.1957683214077673,11.234645385100302
56400.0,-0.8704769966063962,0.4516039704574302,0.1957642772473886,11.23440832820242
56460.0,-0.8704827461513823,0.4515946410270158,0.19576023306184745,11.234171269518464
56520.0,-0.8704884955792526,0.45158531153228293,0.19575618884842524,11.23393420888852
56580.0,-0.8704942448900216,0.4515759819732083,0.19575214460711185,11.233697146311235
56640.0,-0.8704999940836585,0.45156665234984167,0.1957481003379287,11.233460081787111
56700.0,-0.8705057431601769,0.4515573226621603,0.1957440560408662,11.233223015314842
56760.0,-0.8705114921195917,0.4515479929101404,0.19574001171591385,11.232985946893065
56820.0,-0.870517240961871,0.45153866309383256,0.1957359673630937,11.232748876522333
56880.0,-0.8705229896870453,0.45152933321318794,0.19573192298238448,11.232511804200671
56940.0,-0.8705287382950825,0.45152000326825853,0.1957278785738087,11.232274729928664
57000.0,-0.8705344867859969,0.45151067325902067,0.19572383413735617,11.232037653704996
57060.0,-0.8705402351636534,0.45150134317920027,0.19571978967030718,11.231800575369734
57120.0,-0.8705459834203196,0.45149201304134795,0.19571574517810225,11.231563495240659
57180.0,-0.8705517315598614,0.4514826828391892,0.1957117006580214,11.231326413157827
57240.0,-0.8705574795822927,0.45147335257270116,0.1957076561100548,11.23108932911997
57300.0,-0.8705632274875817,0.45146402224193494,0.1957036115342245,11.230852243127675
57360.0,-0.8705689752757583,0.4514546918468421,0.19569956693050966,11.230615155179033
57420.0,-0.8705747229467907,0.4514453613874735,0.19569552229893217,11.230378065274639
57480.0,-0.8705804705006938,0.4514360308638055,0.19569147763948178,11.230140973413214
57540.0,-0.8705862179374823,0.4514267002758136,0.1956874329521481,11.229903879593481
57600.0,-0.8705919652571239,0.45141736962354995,0.19568338823695347,11.229666783816066
57660.0,-0.8705977124596328,0.451408038906991,0.1956793434938878,11.229429686079726
57720.0,-0.8706034595488739,0.45139870811986244,0.19567529872023118,11.229192586224576
57780.0,-0.870609206517116,0.45138937727471506,0.19567125392142437,11.228955484568464
57840.0,-0.8706149533682243,0.45138004636527435,0.19566720909474727,11.228718380951513
57900.0,-0.8706207001022123,0.4513707153915173,0.1956631642401901,11.228481275372506
57960.0,-0.8706264467190484,0.45136138435349554,0.19565911935777502,11.22824416783211
58020.0,-0.8706321932187626,0.4513520532511599,0.19565507444748093,11.228007058328455
58080.0,-0.870637939601323,0.4513427220845623,0.19565102950933017,11.227769946862235
58140.0,-0.8706436858667448,0.4513333908536771,0.19564698454331175,11.227532833432184
58200.0,-0.8706494320150417,0.4513240595584827,0.1956429395494162,11.227295718037139
58260.0,-0.8706551780461829,0.4513147281990283,0.19563889452766492,11.227058600677747
58320.0,-0.8706609239601819,0.45130539677529197,0.19563484947804835,11.226821481352854
58380.0,-0.8706666697570543,0.45129606528724814,0.19563080440055547,11.226584360061215
58440.0,-0.8706724154406154,0.4512867337287001,0.19562675929250004,11.226347236645003
58500.0,-0.8706781610031848,0.4512774021121212,0.1956227141592891,11.226110111420155
58560.0,-0.8706839064486241,0.4512680704312402,0.19561866899820418,11.22587298422696
58620.0,-0.8706896517769022,0.45125873868610666,0.19561462380926675,11.225635855066113
58680.0,-0.8706953969880492,0.45124940687667164,0.1956105785924555,11.225398723935804
58740.0,-0.8707011420820329,0.45124007500298796,0.1956065333477935,11.225161590836827
58800.0,-0.8707068870588833,0.45123074306500566,0.19560248807525896,11.224924455767358
58860.0,-0.8707126319185688,0.45122141106277647,0.19559844277487431,11.224687318728169
58920.0,-0.8707183766611042,0.451212078996276,0.19559439744662913,11.224450179718113
58980.0,-0.8707241212864884,0.4512027468655057,0.1955903520905239,11.22421303873669
59040.0,-0.8707298657947361,0.4511934146704415,0.1955863067065482,11.223975895782774
59100.0,-0.8707356101896618,0.451184082404886,0.1955822612920155,11.223738750698578
59160.0,-0.8707413544636026,0.45117475008128854,0.19557821585232252,11.223501603799507
59220.0,-0.870747098620373,0.4511654176934513,0.1955741703847826,11.22326445492779
59280.0,-0.8707528426599884,0.4511560852413495,0.19557012488938488,11.223027304082295
59340.0,-0.8707585865824629,0.4511467527249601,0.19556607936611942,11.222790151261947
59400.0,-0.8707643303877645,0.45113742014433433,0.19556203381500856,11.222552996467575
59460.0,-0.870770074075923,0.45112808749942374,0.19555798823603118,11.222315839697467
59520.0,-0.8707758176469076,0.4511187547902787,0.195553942629209,11.222078680952421
59580.0,-0.870781561100732,0.45110942201687604,0.19554989699453224,11.22184152023141
59640.0,-0.8707873044373956,0.45110008917921685,0.1955458513320011,11.221604357533982
59700.0,-0.8707930476569138,0.45109075627727585,0.19554180564160487,11.22136719285907
59760.0,-0.8707987907630993,0.4510814233048568,0.19553775992065733,11.221130026048982
59820.0,-0.8708045337482914,0.45107209027440864,0.1955337141745551,11.220892857419193
59880.0,-0.8708102766163035,0.45106275717973393,0.1955296684006116,11.220655686812004
59940.0,-0.8708160193671507,0.45105342402080867,0.1955256225988165,11.220418514226399
60000.0,-0.8708217620008473,0.4510440907976087,0.19552157676915916,11.220181339661329
60060.0,-0.8708275045173617,0.45103475751018535,0.19551753091166205,11.219944163117706
60120.0,-0.8708332469167241,0.4510254241584893,0.19551348502630356,11.219706984593872
60180.0,-0.8708389891989023,0.45101609074257265,0.19550943911310656,11.219469804090771
60240.0,-0.8708447313639112,0.45100675726241135,0.19550539317206037,11.219232621607388
60300.0,-0.8708504734117496,0.4509974237180065,0.1955013472031656,11.21899543714338
60360.0,-0.8708562153424327,0.45098809010933333,0.19549730120641134,11.21875825069775
60420.0,-0.8708619571597731,0.45097875643019414,0.19549325517911118,11.218521062112863
60480.0,-0.8708676988561107,0.4509694226930407,0.19548920912666268,11.218283871704326
60540.0,-0.8708734404352599,0.4509600888916723,0.195485163046378,11.218046679314451
60600.0,-0.8708791818972491,0.4509507550260421,0.19548111693823683,11.217809484941707
60660.0,-0.8708849232420478,0.4509414210962,0.1954770708022607,11.217572288587018
60720.0,-0.8708906644696701,0.4509320871021228,0.1954730246384396,11.217335090249472
60780.0,-0.8708964055801308,0.45092275304378593,0.19546897844676292,11.217097889928121
60840.0,-0.870902146573398,0.4509134189212413,0.19546493222725309,11.216860687623972
60900.0,-0.8709078874494858,0.4509040847344657,0.1954608859799001,11.216623483336132
60960.0,-0.870913628208394,0.4508947504834592,0.195456839704704,11.216386277064302
61020.0,-0.8709193688501369,0.45088541616819827,0.19545279340165453,11.216149068807585
61080.0,-0.8709251093746831,0.45087608178873373,0.19544874707077375,11.215911858567
61140.0,-0.8709308497859064,0.45086674733876625,0.195444700709331,11.215674646182421
61200.0,-0.8709365900760867,0.45085741283084924,0.195440654322768,11.215437431972116
61260.0,-0.8709423302490982,0.4508480782586826,0.19543660790835374,11.21520021577596
61320.0,-0.8709480703049091,0.45083874362231807,0.19543256146611068,11.214962997595013
61380.0,-0.8709538102435339,0.4508294089217311,0.1954285149960281,11.2147257774284
61440.0,-0.8709595500649882,0.4508200741568971,0.19542446849809542,11.214488555275263
61500.0,-0.870965289769239,0.4508107393278691,0.19542042197233547,11.21425133113671
61560.0,-0.8709710293563011,0.45080140443462235,0.19541637541873783,11.214014105011893
61620.0,-0.8709767688261741,0.45079206947715816,0.19541232883730278,11.213776876900624
61680.0,-0.8709825081788723,0.4507827344554524,0.19540828222802006,11.213539646802088
61740.0,-0.870988247414364,0.45077339936955696,0.19540423559091194,11.213302414717386
61800.0,-0.8709939865365226,0.4507640642131704,0.19540018892324706,11.213065180486437
61860.0,-0.8709997255376289,0.4507547289988489,0.1953961422304682,11.212827944427655
61920.0,-0.8710054644215576,0.4507453937202898,0.1953920955098433,11.212590706380931
61980.0,-0.8710112031882761,0.4507360583775454,0.19538804876139498,11.212353466347427
62040.0,-0.8710169418377992,0.4507267229705925,0.19538400198511338,11.212116224326392
62100.0,-0.8710226803701413,0.4507173874994065,0.19537995518098755,11.211878980317028
62160.0,-0.8710284187852709,0.4507080519640383,0.19537590834903976,11.21164173432049
62220.0,-0.8710341570832026,0.4506987163644647,0.19537186148925986,11.211404486336043
62280.0,-0.8710398952639351,0.4506893807006871,0.19536781460164843,11.211167236363584
62340.0,-0.8710456333274834,0.45068004497268105,0.195363767686195,11.210929984402371
62400.0,-0.8710513712738158,0.4506707091804976,0.19535972074292166,11.21069273045358
62460.0,-0.8710571091068041,0.4506613733178373,0.1953556737690975,11.210455474357243
62520.0,-0.8710628468187326,0.4506520373972536,0.19535162677016452,11.210218216431803
62580.0,-0.8710685844134732,0.4506427014124461,0.19534757974339148,11.209980956517288
62640.0,-0.8710743218909943,0.4506333653634668,0.19534353268880086,11.209743694614927
62700.0,-0.87108005925131,0.45062402925029205,0.19533948560638256,11.20950643072404
62760.0,-0.8710857964944356,0.4506146930728969,0.19533543849612559,11.209269164843915
62820.0,-0.8710915336203386,0.45060535683133385,0.19533139135805275,11.20903189697582
62880.0,-0.8710972706290347,0.4505960205255771,0.19532734419215303,11.208794627119046
62940.0,-0.8711030075205223,0.4505866841556295,0.1953232969984275,11.208557355273605
63000.0,-0.8711087442948157,0.4505773477214671,0.1953192497768657,11.208320081438842
63060.0,-0.8711144809518838,0.4505680112231402,0.19531520252748966,11.208082805616007
63120.0,-0.8711202174955978,0.4505586746543483,0.19531115524756798,11.207845527645189
63180.0,-0.871125953918258,0.4505493380276226,0.19530710794253295,11.207608247844345
63240.0,-0.8711316902236901,0.45054000133673633,0.19530306060968528,11.207370966055452
63300.0,-0.8711374264119084,0.45053066458166624,0.19529901324901486,11.207133682277918
63360.0,-0.8711431624829123,0.4505213277624132,0.19529496586052197,11.206896396511759
63420.0,-0.871148898436701,0.45051199087897814,0.1952909184442073,11.20665910875702
63480.0,-0.8711546342732884,0.4505026539313379,0.19528687100006054,11.206421819013114
63540.0,-0.8711603699926437,0.4504933169195428,0.19528282352810364,11.20618452728135
63600.0,-0.8711661055947966,0.4504839798435442,0.19527877602831548,11.20594723356052
63660.0,-0.8711718410797148,0.4504746427033942,0.19527472850071861,11.205709937851982
63720.0,-0.8711775764474136,0.45046530549906816,0.19527068094530242,11.205472640155158
63780.0,-0.871183311697907,0.4504559682305426,0.19526663336205666,11.205235340469503
63840.0,-0.8711890468350195,0.4504466308915906,0.1952625857482821,11.20499803863708
63900.0,-0.8711947818510537,0.45043729349474443,0.1952585381094113,11.204760734975949
63960.0,-0.8712005167498645,0.45042795603372743,0.19525449044272333,11.204523429326914
64020.0,-0.8712062515314518,0.45041861850853965,0.19525044274821834,11.204286121690062
64080.0,-0.8712119861958139,0.4504092809191838,0.1952463950258974,11.204048812065551
64140.0,-0.8712177207429652,0.4503999432656358,0.19524234727575018,11.203811500452868
64200.0,-0.8712234551728746,0.4503906055479463,0.19523829949779847,11.203574186853402
64260.0,-0.8712291894855722,0.4503812677660665,0.19523425169202133,11.203336871266028
64320.0,-0.8712349236810261,0.4503719299200476,0.19523020385844084,11.203099553692162
64380.0,-0.8712406577592663,0.4503625920098404,0.1952261559970357,11.202862234130686
64440.0,-0.8712463917202605,0.4503532540354978,0.1952221081078287,11.202624912583062
64500.0,-0.871252125567879,0.450343915990716,0.1952180601880874,11.202387588889497
64560.0,-0.8712578592944101,0.450334577888054,0.1952140122432559,11.202150263368795
64620.0,-0.871263592903709,0.45032523972123345,0.19520996427061268,11.201912935861815
64680.0,-0.8712693263957739,0.4503159014902562,0.1952059162701584,11.201675606368752
64740.0,-0.8712750597706043,0.4503065631951241,0.19520186824189398,11.201438274889838
64800.0,-0.8712807930282152,0.4502972248358114,0.19519782018580828,11.201200941424595
64860.0,-0.8712865261685745,0.45028788641237066,0.195193772101924,11.200963605974533
64920.0,-0.8712922591917116,0.45027854792475386,0.1951897239902203,11.200726268538622
64980.0,-0.8712979920975957,0.4502692093730105,0.19518567585071872,11.200488929118324
65040.0,-0.8713037248862566,0.4502598707570925,0.19518162768339836,11.200251587712618
65100.0,-0.8713094575576623,0.4502505320770512,0.19517757948828163,11.200014244323029
65160.0,-0.8713151901156817,0.4502411933265838,0.19517353126263612,11.19977689878984
65220.0,-0.8713209225526055,0.450231854518249,0.19516948301190595,11.199539551431945
65280.0,-0.8713266548722866,0.45022251564577015,0.19516543473337028,11.199302202090303
65340.0,-0.8713323870747249,0.4502131767091471,0.19516138642702913,11.19906485076517
65400.0,-0.8713381191599348,0.4502038377083561,0.19515733809287206,11.198827497456172
65460.0,-0.8713438511278843,0.4501944986434489,0.19515328973092164,11.198590142164887
65520.0,-0.8713495829785878,0.4501851595144023,0.19514924134116765,11.19835278489098
65580.0,-0.8713553147120603,0.45017582032119147,0.19514519292359947,11.198115425634093
65640.0,-0.87136104632827,0.4501664810638677,0.1951411444782393,11.197878064395805
65700.0,-0.8713667778272465,0.4501571417423827,0.19513709600506618,11.197640701175168
65760.0,-0.8713725092089585,0.4501478023567875,0.1951330475041022,11.197403335973759
65820.0,-0.871378240477259,0.4501384629008028,0.19512899897262548,11.19716596863256
65880.0,-0.8713839716244857,0.4501291233869146,0.1951249504160484,11.19692859946867
65940.0,-0.8713897026544443,0.4501197838089212,0.19512090183168276,11.196691228325054
66000.0,-0.8713954335671512,0.45011044416679574,0.19511685321951674,11.19645385520133
66060.0,-0.8714011643626197,0.4501011044605161,0.1951128045795409,11.196216480097268
66120.0,-0.871406895040818,0.4500917646901341,0.19510875591177754,11.195979103014507
66180.0,-0.8714126256017617,0.4500824248556242,0.19510470721621578,11.195741723952736
66240.0,-0.8714183560454645,0.4500730849569636,0.19510065849284558,11.195504342911711
66300.0,-0.8714240863718948,0.45006374499420343,0.19509660974168921,11.195266959893088
66360.0,-0.8714298165810825,0.45005440496729493,0.19509256096272554,11.195029574895983
66420.0,-0.8714355466729964,0.4500450648762892,0.19508851215597656,11.19479218792204
66480.0,-0.8714412766476506,0.45003572472116227,0.19508446332143212,11.19455479897103
66540.0,-0.8714470065088968,0.4500263844956355,0.19508041445637028,11.194317407884016
66600.0,-0.8714527362490289,0.45001704421227046,0.19507636556623645,11.194080014980099
66660.0,-0.8714584658718989,0.4500077038647878,0.19507231664830865,11.193842620100344
66720.0,-0.8714641953775212,0.44999836345316374,0.19506826770257646,11.193605223244537
66780.0,-0.8714699247658642,0.44998902297744964,0.1950642187290622,11.19336782441438
66840.0,-0.8714756540369581,0.44997968243759584,0.19506016972774434,11.193130423609016
66900.0,-0.8714813831907708,0.4499703418336549,0.1950561206986456,11.192893020830187
66960.0,-0.8714871122273171,0.4499610011656022,0.19505207164175548,11.192655616077694
67020.0,-0.871492841146611,0.44995166043341484,0.19504802255706383,11.192418209351365
67080.0,-0.8714985699486212,0.44994231963714293,0.19504397344459248,11.192180800652913
67140.0,-0.8715042986333625,0.44993297877676364,0.1950399243043316,11.19194338998219
67200.0,-0.8715100272046855,0.4499236378459965,0.19503587513355858,11.191705977180286
67260.0,-0.8715157556548859,0.449914296857404,0.19503182593771917,11.191468562566389
67320.0,-0.8715214839878147,0.44990495580470735,0.19502777671409158,11.191231145981641
67380.0,-0.8715272122034863,0.4498956146878823,0.19502372746266525,11.190993727425885
67440.0,-0.8715329403018688,0.44988627350698074,0.19501967818346272,11.190756306900907
67500.0,-0.8715386682829928,0.4498769322619526,0.19501562887646226,11.190518884405899
67560.0,-0.8715443961468254,0.44986759095285106,0.19501157954168696,11.190281459942694
67620.0,-0.8715501238933824,0.44985824957965054,0.1950075301791257,11.190044033511118
67680.0,-0.8715558515226782,0.44984890814232714,0.19500348078876806,11.189806605111048
67740.0,-0.8715615790346806,0.4498395666409332,0.19499943137063686,11.189569174744314
67800.0,-0.8715673064294039,0.44983022507544485,0.19499538192472163,11.189331742410806
67860.0,-0.8715730337106994,0.4498208834395806,0.19499133244829955,11.189094307951645
67920.0,-0.8715787608708628,0.449811541745906,0.19498728294681755,11.188856871686166
67980.0,-0.8715844879137454,0.4498021999881396,0.19498323341755264,11.188619433455498
68040.0,-0.871590214839361,0.4497928581662583,0.19497918386049493,11.188381993259584
68100.0,-0.8715959416476786,0.4497835162803127,0.19497513427566632,11.188144551100232
68160.0,-0.8716016683387272,0.4497741743302551,0.19497108466304605,11.187907106976754
68220.0,-0.871607394912476,0.4497648323161357,0.19496703502265597,11.187669660890963
68280.0,-0.8716131213689392,0.4497554902379307,0.19496298535448578,11.187432212842802
68340.0,-0.8716188477081315,0.44974614809561647,0.19495893565852512,11.187194762832204
68400.0,-0.8716245739300208,0.44973680588924475,0.19495488593479654,11.186957310861047
68460.0,-0.8716303000346219,0.44972746361879123,0.19495083618328937,11.186719856929255
68520.0,-0.8716360260257838,0.4497181212779759,0.19494678640128146,11.186482400878061
68580.0,-0.8716417518958062,0.449708778879362,0.1949427365942188,11.18624494302679
68640.0,-0.8716474776485531,0.44969943641664484,0.19493868675936826,11.18600748321604
68700.0,-0.8716532032839932,0.4496900938898756,0.19493463689675206,11.185770021447684
68760.0,-0.8716589288021401,0.4496807512990314,0.19493058700636037,11.185532557721729
68820.0,-0.8716646542030096,0.44967140864408683,0.19492653708818214,11.185295092038112
68880.0,-0.871670379486569,0.44966206592509445,0.19492248714224014,11.185057624398754
68940.0,-0.8716761046528336,0.44965272314202953,0.1949184371685236,11.184820154803623
69000.0,-0.8716818297018173,0.44964338029486894,0.19491438716702256,11.184582683252726
69060.0,-0.8716875546334891,0.4496340373836628,0.19491033713775877,11.184345209747947
69120.0,-0.8716932794478631,0.4496246944083884,0.19490628708072227,11.184107734289306
69180.0,-0.8716990041449384,0.44961535136904646,0.19490223699591347,11.183870256877439
69240.0,-0.8717047287285635,0.44960600825935637,0.19489818688060973,11.18363277735361
69300.0,-0.8717104531910543,0.4495966650918582,0.1948941367402472,11.183395296036613
69360.0,-0.8717161775362292,0.44958732186032035,0.19489008657212437,11.183157812768954
69420.0,-0.8717219017641169,0.44957797856469556,0.19488603637622076,11.182920327550061
69480.0,-0.8717276258746861,0.44956863520503443,0.1948819861525584,11.182682840381863
69540.0,-0.8717333498679517,0.44955929178131293,0.1948779359011267,11.182445351264368
69600.0,-0.8717390737439126,0.44954994829353245,0.1948738856219265,11.182207860198274
69660.0,-0.8717447975025839,0.4495406047416679,0.19486983531494684,11.181970367183576
69720.0,-0.871750521143933,0.4495312611257726,0.1948657849802107,11.181732872222279
69780.0,-0.8717562446679747,0.4495219174458219,0.1948617346177075,11.181495375314405
69840.0,-0.8717619680747241,0.4495125737017912,0.19485768422742664,11.181257876459997
69900.0,-0.8717676913679818,0.449503229887475,0.19485363380667803,11.181020375502266
69960.0,-0.871773414540112,0.4494938860153396,0.1948495833608657,11.180782872758165
70020.0,-0.8717791375949163,0.4494845420791782,0.194845532887299,11.180545368070886
70080.0,-0.8717848605324245,0.44947519807894176,0.19484148238595675,11.180307861439855
70140.0,-0.871790583352605,0.44946585401468225,0.19483743185686142,11.180070352867064
70200.0,-0.8717963060554721,0.44945650988637537,0.19483338130000252,11.179832842352575
70260.0,-0.8718020286410244,0.4494471656940237,0.19482933071538117,11.179595329897136
70320.0,-0.871807751109278,0.44943782143760036,0.19482528010298572,11.179357815500751
70380.0,-0.8718134734601998,0.4494284771171595,0.1948212294628396,11.179120299165481
70440.0,-0.8718191956938047,0.4494191327326762,0.19481717879493202,11.178882780891378
70500.0,-0.8718249178101078,0.449409788284126,0.1948131280992524,11.178645260678525
70560.0,-0.8718306398129086,0.4494004437653034,0.1948090773731108,11.178407738370177
70620.0,-0.8718363616945736,0.4493910991886746,0.19480502662191096,11.178170214283309
70680.0,-0.8718420834589029,0.4493817545480333,0.19480097584296277,11.177932688261174
70740.0,-0.871847805105927,0.4493724098433296,0.19479692503624443,11.177695160303204
70800.0,-0.8718535266356136,0.449363065074616,0.19479287420177877,11.177457630411444
70860.0,-0.8718592480479765,0.44935372024186937,0.1947888233395557,11.177220098586018
70920.0,-0.8718649693430163,0.4493443753450893,0.19478477244957512,11.17698256482763
70980.0,-0.8718706905207474,0.44933503038425143,0.19478072153182646,11.176745029136379
71040.0,-0.8718764115811369,0.4493256853594095,0.194776670586333,11.176507491514352
71100.0,-0.8718821325242005,0.4493163402705374,0.19477261961308331,11.176269951961597
71160.0,-0.8718878533499527,0.4493069951176119,0.19476856861206754,11.176032410478266
71220.0,-0.8718935740622075,0.4492976498944016,0.19476451758058425,11.175794866906974
71280.0,-0.8718992946532867,0.44928830461344904,0.19476046652407067,11.175557321566684
71340.0,-0.8719050151270367,0.4492789592684715,0.19475641543980315,11.175319774298714
71400.0,-0.8719107354834712,0.4492696138594455,0.19475236432777154,11.175082225103207
71460.0,-0.8719164557225587,0.4492602683864227,0.19474831318799832,11.17484467398221
71520.0,-0.8719221758443141,0.4492509228493786,0.19474426202047282,11.17460712093585
71580.0,-0.8719278958487364,0.44924157724831454,0.1947402108251956,11.174369565964884
71640.0,-0.8719336157358396,0.4492322315832075,0.1947361596021567,11.174132009069485
71700.0,-0.8719393355055929,0.44922288585410736,0.1947321083513778,11.173894450251655
71760.0,-0.8719450551580102,0.4492135400609913,0.19472805707284885,11.173656889511562
71820.0,-0.8719507746931064,0.4492041942038346,0.19472400576655935,11.17341932684933
71880.0,-0.8719564941108493,0.44919484828269024,0.19471995443253204,11.173181762267049
71940.0,-0.8719622134150996,0.4491855022912484,0.19471590306803185,11.172944195605389
72000.0,-0.871967932598165,0.44917615624207935,0.1947118516785078,11.172706627184018
72060.0,-0.8719736516639056,0.4491668101288747,0.1947078002612253,11.172469056843644
72120.0,-0.8719793706122898,0.44915746395168643,0.1947037488162068,11.172231484586339
72180.0,-0.8719850894433324,0.4491481177104895,0.1946996973434415,11.171993910412226
72240.0,-0.8719908081570321,0.44913877140528646,0.1946956458429305,11.171756334322131
72300.0,-0.8719965267534032,0.449129425036053,0.1946915943146633,11.171518756316193
72360.0,-0.872002245232415,0.4491200786028401,0.19468754275866199,11.171281176396475
72420.0,-0.8720079635940967,0.4491107321055991,0.19468349117490533,11.171043594562487
72480.0,-0.8720136818384168,0.44910138554438106,0.19467943956341568,11.170806010816312
72540.0,-0.8720193999653901,0.4490920389191619,0.1946753879241825,11.170568425158088
72600.0,-0.8720251179788598,0.4490826922236591,0.19467133625448238,11.170330837429193
72660.0,-0.8720308358711361,0.44907334547044264,0.19466728455976423,11.1700932479493
72720.0,-0.8720365536460782,0.4490639986532035,0.1946632328372932,11.169855656559113
72780.0,-0.8720422713036543,0.44905465177199355,0.19465918108709176,11.169618063260714
72840.0,-0.8720479888438792,0.4490453048267889,0.19465512930914966,11.169380468054273
72900.0,-0.8720537062667515,0.4490359578175911,0.19465107750346744,11.169142870940592
72960.0,-0.8720594235722866,0.44902661074437467,0.19464702567003409,11.168905271919794
73020.0,-0.872065140760452,0.449017263607193,0.19464297380887266,11.168667670994003
73080.0,-0.872070857831278,0.449007916405996,0.1946389219199617,11.16843006816273
73140.0,-0.8720765747847331,0.44899856914083497,0.19463487000332325,11.168192463428037
73200.0,-0.8720822916208315,0.4489892218116866,0.19463081805894722,11.167954856790107
73260.0,-0.8720880083434162,0.44897987441226694,0.19462676608410953,11.167717248090277
73320.0,-0.8720937249447984,0.44897052695514744,0.19462271408425993,11.167479637648276
73380.0,-0.8720994414288377,0.44896117943401714,0.19461866205666253,11.167242025304757
73440.0,-0.8721051577955008,0.44895183184893067,0.1946146100013412,11.167004411061882
73500.0,-0.8721108740448034,0.44894248419986194,0.19461055791828444,11.166766794919754
73560.0,-0.872116590176744,0.4489331364868127,0.19460650580749306,11.166529176879193
73620.0,-0.8721223061913378,0.44892378870975874,0.1946024536689566,11.166291556940356
73680.0,-0.8721280220885524,0.44891444086875193,0.19459840150269758,11.166053935105335
73740.0,-0.8721337378684181,0.4489050929637433,0.1945943493086947,11.165816311373655
73800.0,-0.872139453530903,0.4488957449947844,0.19459029708697026,11.16557868574739
73860.0,-0.8721451690760373,0.44888639696182553,0.19458624483750286,11.165341058226057
73920.0,-0.8721508845076169,0.44887704885865815,0.19458219255760106,11.16510342865291
73980.0,-0.8721565998180011,0.4488677006977788,0.19457814025268205,11.164865797345767
74040.0,-0.8721623150110323,0.44885835247290296,0.19457408792002143,11.16462816414594
74100.0,-0.8721680300866778,0.44884900418408363,0.19457003555964233,11.164390529055556
74160.0,-0.872173745044953,0.44883965583129537,0.19456598317153365,11.164152892074735
74220.0,-0.8721794598858578,0.4488303074145388,0.1945619307556956,11.163915253204253
74280.0,-0.872185174609405,0.4488209589337919,0.19455787831211874,11.163677612444326
74340.0,-0.8721908892155642,0.44881161038910466,0.1945538258408247,11.163439969796979
74400.0,-0.8721966037043651,0.4488022617804282,0.19454977334179233,11.163202325261745
74460.0,-0.8722023180757754,0.4487929131078149,0.1945457208150442,11.162964678840703
74520.0,-0.8722080323298101,0.44878356437124034,0.19454166826056987,11.162727030534006
74580.0,-0.8722137464664843,0.4487742155706797,0.19453761567835848,11.162489380341775
74640.0,-0.8722194604895916,0.44876486669992516,0.1945335630657191,11.16225172810729
74700.0,-0.8722251743914944,0.4487555177714733,0.19452951042806874,11.162014074148333
74760.0,-0.8722308881760338,0.44874616877903906,0.19452545776268304,11.161776418306218
74820.0,-0.872236601843178,0.44873681972267443,0.19452140506958449,11.161538760583019
74880.0,-0.8722423153929562,0.4487274706023313,0.19451735234875217,11.161301100978266
74940.0,-0.8722480288253377,0.44871812141805967,0.1945132996002078,11.161063439493976
75000.0,-0.8722537421403369,0.44870877216983607,0.19450924682394116,11.160825776130306
75060.0,-0.8722594553379678,0.4486994228576368,0.19450519401994212,11.160588110887412
75120.0,-0.8722651684181993,0.4486900734815128,0.19450114118823264,11.160350443767328
75180.0,-0.8722708813810454,0.4486807240414415,0.1944970883288029,11.160112774770214
75240.0,-0.8722765942265213,0.44867137453739697,0.1944930354416417,11.15987510389617
75300.0,-0.8722823069584198,0.44866202496317165,0.19448898252405825,11.15963743098845
75360.0,-0.8722880195691057,0.4486526753312615,0.19448492958146926,11.159399756364817
75420.0,-0.8722937320624183,0.44864332563538295,0.19448087661115085,11.159162079866578
75480.0,-0.8722994444383259,0.44863397587558745,0.1944768236131255,11.158924401495794
75540.0,-0.8723051566968586,0.4486246260518257,0.19447277058737167,11.158686721251934
75600.0,-0.8723108688379849,0.4486152761641489,0.19446871753391165,11.158449039137036
75660.0,-0.872316580861734,0.44860592621250894,0.1944646644527245,11.158211355150597
75720.0,-0.8723222927680755,0.44859657619695564,0.19446061134383189,11.157973669294613
75780.0,-0.8723280045570231,0.4485872261174661,0.19445655820722385,11.157735981569227
75840.0,-0.8723337162285761,0.44857787597404153,0.19445250504290104,11.157498291975196
75900.0,-0.8723394277827492,0.4485685257666577,0.19444845185085274,11.157260600512611
75960.0,-0.8723451392233347,0.4485591754891049,0.19444439862838725,11.157022907024656
76020.0,-0.8723508505426985,0.4485498251538819,0.1944403453809226,11.156785211829133
76080.0,-0.8723565617446795,0.44854047475470354,0.19443629210573424,11.1565475147673
76140.0,-0.8723622728292463,0.4485311242916208,0.19443223880284427,11.156309815841155
76200.0,-0.872367983796429,0.4485217737645844,0.19442818547223142,11.15607211505016
76260.0,-0.8723736946461951,0.4485124231736472,0.1944241321139184,11.155834412396345
76320.0,-0.8723794053785753,0.44850307251875876,0.19442007872788356,11.155596707879141
76380.0,-0.8723851159935379,0.44849372179997093,0.19441602531414923,11.155359001500546
76440.0,-0.8723908264910968,0.44848437101726024,0.1944119718727053,11.155121293260668
76500.0,-0.8723965368712518,0.4484750201706273,0.1944079184035521,11.154883583160212
76560.0,-0.8724022471340174,0.44846566926004794,0.19440386490667902,11.154645871199245
76620.0,-0.8724079572831852,0.44845631827931254,0.19439981137939433,11.154408157220915
76680.0,-0.8724136673111378,0.4484469672408954,0.19439575782710553,11.154170441542375
76740.0,-0.8724193772216676,0.44843761613858596,0.19439170424712024,11.153932724006724
76800.0,-0.872425087014789,0.44842826497236027,0.1943876506394283,11.153695004614047
76860.0,-0.8724307966905166,0.4484189137421943,0.19438359700401925,11.153457283364398
76920.0,-0.8724365062488186,0.4484095624481401,0.19437954334091548,11.153219560259751
76980.0,-0.8724422156897246,0.44840021109014827,0.1943754896500958,11.152981835299533
77040.0,-0.8724479250132033,0.4483908596682705,0.19437143593158243,11.152744108485697
77100.0,-0.8724536342192692,0.4483815081824827,0.1943673821853651,11.152506379818297
77160.0,-0.8724593433079219,0.4483721566327853,0.19436332841144385,11.152268649297989
77220.0,-0.8724650522791754,0.4483628050191548,0.1943592746098086,11.152030916924822
77280.0,-0.872470761132998,0.4483534533416435,0.19435522078048192,11.151793182700768
77340.0,-0.8724764698732426,0.44834410159393906,0.19435116692072757,11.15155544646633
77400.0,-0.8724821784922319,0.4483347497886179,0.19434711303599725,11.151317708541193
77460.0,-0.8724878869938182,0.44832539791936915,0.19434305912355526,11.15107996876588
77520.0,-0.872493595377971,0.44831604598624275,0.19433900518342323,11.150842227142292
77580.0,-0.8724993036447036,0.4483066939892163,0.19433495121559158,11.150604483670483
77640.0,-0.8725050117940316,0.44829734192826465,0.19433089722004926,11.150366738350431
77700.0,-0.8725107198259223,0.4482879898034408,0.19432684319681928,11.150128991184092
77760.0,-0.8725164277403908,0.44827863761471953,0.19432278914589068,11.149891242171435
77820.0,-0.8725221355374362,0.44826928536210264,0.1943187350672643,11.14965349131311
77880.0,-0.8725278432170731,0.44825993304556555,0.19431468096092952,11.149415738609104
77940.0,-0.8725335507792695,0.44825058066516044,0.1943106268269089,11.14917798406133
78000.0,-0.8725392582278778,0.44824122821457507,0.19430657266246606,11.14894022751024
78060.0,-0.872544965555222,0.4482318757063863,0.19430251847305308,11.148702469275484
78120.0,-0.8725506727651539,0.448222523134283,0.19429846425593414,11.148464709197542
78180.0,-0.8725563798576425,0.4482131704983156,0.194294410011131,11.14822694727827
78240.0,-0.8725620868327015,0.44820381779846097,0.19429035573863376,11.147989183517648
78300.0,-0.8725677936903461,0.4481944650346949,0.19428630143843187,11.147751417915641
78360.0,-0.8725735004305447,0.4481851122070686,0.19428224711054748,11.147513650474096
78420.0,-0.8725792070533105,0.4481757593155595,0.1942781927549708,11.147275881193007
78480.0,-0.8725849135586442,0.44816640636016714,0.1942741383717017,11.147038110072913
78540.0,-0.8725906199465597,0.4481570533408681,0.19427008396073006,11.146800337113778
78600.0,-0.872596326217026,0.44814770025771294,0.19426602952207778,11.146562562317415
78660.0,-0.8726020323738933,0.4481383471043903,0.19426197505300885,11.146324785524259
78720.0,-0.8726077384094879,0.4481289938934785,0.1942579205589759,11.146087007053929
78780.0,-0.8726134443276606,0.4481196406186653,0.19425386603724262,11.145849226746828
78840.0,-0.8726191501283801,0.4481102872800017,0.19424981148783116,11.145611444604762
78900.0,-0.8726248558116609,0.44810093387746364,0.1942457569107311,11.145373660627653
78960.0,-0.8726305613775177,0.44809158041102715,0.194241702305932,11.145135874815393
79020.0,-0.872636266825919,0.44808222688074323,0.19423764767345603,11.144898087169787
79080.0,-0.8726419721568786,0.4480728732865892,0.1942335930132933,11.144660297690761
79140.0,-0.8726476773703966,0.4480635196285647,0.19422953832544365,11.144422506378795
79200.0,-0.872653382466486,0.4480541659066481,0.19422548360989764,11.144184713233832
79260.0,-0.8726590874451171,0.44804481212088815,0.19422142886667662,11.143946918257601
79320.0,-0.8726647923101386,0.4480354582649737,0.19421737409304465,11.143709121290476
79380.0,-0.8726704970538789,0.4480261043514832,0.1942133192944543,11.143471322652013
79440.0,-0.8726762016801883,0.44801675037410377,0.19420926446816902,11.14323352218254
79500.0,-0.8726819061890346,0.44800739633288766,0.19420520961421153,11.142995719883846
79560.0,-0.872687610580433,0.44799804222781,0.194201154732571,11.142757915755755
79620.0,-0.8726933148543978,0.4479886880588465,0.19419709982323693,11.142520109798102
79680.0,-0.8726990190108973,0.4479793338260499,0.1941930448862321,11.142282302012662
79740.0,-0.8727047230499456,0.4479699795293958,0.19418898992154604,11.142044492399265
79800.0,-0.8727104269715427,0.44796062516888463,0.19418493492917885,11.141806680958343
79860.0,-0.8727161307757023,0.44795127074449387,0.19418087990912086,11.141568867689761
79920.0,-0.8727218344623933,0.4479419162562739,0.19417682486139382,11.141331052595213
79980.0,-0.8727275380316453,0.447932561704176,0.1941727697859767,11.141093235673882
80040.0,-0.8727332414872464,0.4479232070819864,0.19416871468017582,11.140855416768542
80100.0,-0.8727389448215876,0.4479138524021855,0.19416465954940132,11.140617596196199
80160.0,-0.8727446480384565,0.4479044976585607,0.19416060439096014,11.140379773799648
80220.0,-0.8727503511378676,0.44789514285108817,0.19415654920484182,11.140141949578668
80280.0,-0.8727560541198356,0.44788578797974327,0.1941524939910359,11.139904123533029
80340.0,-0.8727617569843281,0.4478764330445786,0.194148438749565,11.139666295664435
80400.0,-0.8727674597313614,0.447867078045568,0.19414438348041788,11.139428465972598
80460.0,-0.8727731623609488,0.4478577229826892,0.19414032818358481,11.139190634457316
80520.0,-0.8727788648730584,0.44784836785599347,0.19413627285908797,11.138952801120242
80580.0,-0.8727845672677051,0.4478390126654572,0.19413221750691734,11.138714965961144
80640.0,-0.8727902695449037,0.4478296574110557,0.19412816212706208,11.138477128979732
80700.0,-0.8727959717084559,0.44782030208655127,0.19412410671681815,11.138239290018108
80760.0,-0.872801673750709,0.4478109467044982,0.19412005128162782,11.138001449395084
80820.0,-0.8728073756754956,0.4478015912586101,0.19411599581876582,11.1377636069515
80880.0,-0.8728130774828151,0.4477922357488863,0.19411194032823217,11.137525762687682
80940.0,-0.8728187791726821,0.44778288017530343,0.19410788481001648,11.137287916603334
81000.0,-0.8728244807450641,0.44777352453791436,0.19410382926414171,11.137050068700105
81060.0,-0.872830182199977,0.44776416883669257,0.19409977369059647,11.136812218977632
81120.0,-0.8728358835374345,0.44775481307161574,0.19409571808937104,11.136574367435633
81180.0,-0.8728415847574049,0.4477454572427352,0.19409166246048762,11.136336514075696
81240.0,-0.8728472858599035,0.44773610135002617,0.1940876068039355,11.13609865889748
81300.0,-0.8728529868449434,0.44772674539346635,0.194083551119705,11.135860801900684
81360.0,-0.8728586877163272,0.44771738936681504,0.19407949540509092,11.13562294292727
81420.0,-0.8728643884664031,0.4477080332826301,0.19407543966553678,11.13538508229605
81480.0,-0.8728700890990031,0.4476986771346221,0.1940713838983164,11.135147219847745
81540.0,-0.8728757896141267,0.44768932092279184,0.19406732810343003,11.134909355582607
81600.0,-0.8728814900117879,0.44767996464711585,0.1940632722808674,11.13467148950028
81660.0,-0.8728871902919549,0.4476706083076463,0.19405921643065124,11.134433621602327
81720.0,-0.8728928904546427,0.4476612519043584,0.19405516055277078,11.13419575188834
81780.0,-0.872898590499866,0.4476518954372277,0.19405110464721545,11.133957880357922
81840.0,-0.8729042904275932,0.44764253890630584,0.19404704871400752,11.133720007012583
81900.0,-0.8729099902378534,0.4476331823115449,0.1940429927531264,11.133482131851322
81960.0,-0.872915689930616,0.44762382565299486,0.19403893676459358,11.1332442548756
82020.0,-0.8729213895097269,0.4476144689243418,0.19403488074567213,11.13300637592544
82080.0,-0.872927088967521,0.4476051121381688,0.19403082470181673,11.132768495320228
82140.0,-0.8729327883078296,0.44759575528818596,0.19402676863030066,11.132530612900574
82200.0,-0.8729384875306522,0.4475863983743944,0.19402271253112444,11.13229272866668
82260.0,-0.8729441866360036,0.44757704139676907,0.19401865640427726,11.132054842618075
82320.0,-0.8729498856238511,0.44756768435536365,0.19401460024978237,11.131816954756271
82380.0,-0.8729555844942102,0.4475583272501526,0.19401054406762872,11.13157906508077
82440.0,-0.8729612832470947,0.44754897008111266,0.1940064878578061,11.13134117359112
82500.0,-0.8729669818824736,0.44753961284829474,0.19400243162033678,11.13110328028875
82560.0,-0.8729726804003769,0.44753025555164944,0.19399837535519918,11.130865385172527
82620.0,-0.8729783788007719,0.4475208981912301,0.1939943190624165,11.130627488243926
82680.0,-0.8729840770836738,0.4475115407670116,0.1939902627419778,11.13038958950242
82740.0,-0.8729897752529134,0.4475021832727025,0.19398620639115594,11.130151688788526
82800.0,-0.8729954733008267,0.44749282572088916,0.19398215001540678,11.129913786421609
82860.0,-0.8730011712312441,0.4474834681052799,0.19397809361200305,11.12967588224216
82920.0,-0.8730068690441808,0.44747411042585017,0.19397403718093403,11.129437976249637
82980.0,-0.8730125667396044,0.4474647526826534,0.19396998072222307,11.12920006844548
83040.0,-0.87301826431753,0.4474553948756638,0.19396592423585884,11.128962158829093
83100.0,-0.8730239617779715,0.4474460370048587,0.1939618677218315,11.128724247399964
83160.0,-0.8730296591208978,0.4474366790702893,0.1939578111801633,11.12848633415945
83220.0,-0.8730353563463386,0.4474273210719061,0.19395375461083278,11.128248419106335
83280.0,-0.8730410534542623,0.4474179630097606,0.19394969801386228,11.128010502241969
83340.0,-0.8730467504446836,0.4474086048838286,0.19394564138924125,11.127772583565765
83400.0,-0.873052447321432,0.44739924668782,0.193941584734243,11.127534662918187
83460.0,-0.8730581440768449,0.44738988843432037,0.19393752805432335,11.127296740618512
83520.0,-0.8730638407147533,0.44738053011703777,0.1939334713467547,11.12705881650714
83580.0,-0.8730695372351704,0.4473711717359488,0.19392941461152696,11.12682089058348
83640.0,-0.8730752336380658,0.4473618132911046,0.19392535784866222,11.126582962848818
83700.0,-0.8730809299234691,0.4473524547824556,0.19392130105813904,11.126345033301888
83760.0,-0.8730866260913478,0.44734309621005525,0.19391724423998066,11.12610710194403
83820.0,-0.8730923221417173,0.447333737573878,0.19391318739417587,11.125869168774559
83880.0,-0.8730980180745914,0.44732437887390036,0.19390913052071465,11.125631233792854
83940.0,-0.8731037138899396,0.4473150201101732,0.19390507361961898,11.125393297000159
84000.0,-0.873109409587775,0.447305661282674,0.19390101669087892,11.125155358395839
84060.0,-0.8731151051719276,0.44729630238510965,0.1938969597317668,11.124917417820226
84120.0,-0.8731208006347365,0.4472869434300679,0.1938929027477391,11.12467947559255
84180.0,-0.8731264959800309,0.44727758441125615,0.1938888457360679,11.124441531553112
84240.0,-0.8731321912078249,0.4472682253286514,0.19388478869674355,11.124203585701261
84300.0,-0.8731378863180873,0.44725886618230487,0.193880731629788,11.123965638038202
84360.0,-0.8731435813108481,0.4472495069721669,0.19387667453517982,11.123727688562582
84420.0,-0.8731492761860751,0.4472401476982901,0.19387261741294182,11.123489737275632
84480.0,-0.8731549709437983,0.4472307883606246,0.19386856026305244,11.123251784175986
84540.0,-0.8731606655839865,0.4472214289592221,0.19386450308553388,11.123013829264826
84600.0,-0.8731663601066543,0.44721206949405834,0.19386044588037585,11.122775872541423
84660.0,-0.8731720545117997,0.44720270996513584,0.1938563886475793,11.122537914005697
84720.0,-0.8731777488032522,0.4471933503661603,0.19385233138441585,11.122299953497867
84780.0,-0.8731834429733528,0.4471839907097201,0.19384827409634225,11.122061991337086
84840.0,-0.8731891370259289,0.4471746309895244,0.19384421678063174,11.121824027363644
84900.0,-0.873194830960995,0.44716527120554855,0.19384015943727337,11.121586061576734
84960.0,-0.8732005247785202,0.447155911357844,0.19383610206628957,11.121348093977504
85020.0,-0.8732062184785337,0.4471465514463617,0.1938320446676591,11.121110124564542
85080.0,-0.8732119120610047,0.4471371914711529,0.19382798724140404,11.120872153338945
85140.0,-0.8732176055259625,0.44712783143216833,0.19382392978750326,11.120634180299295
85200.0,-0.8732232988733756,0.4471184713294602,0.19381987230597922,11.120396205446701
85260.0,-0.8732289921032586,0.44710911116300395,0.19381581479682133,11.120158228780344
85320.0,-0.8732346852156101,0.4470997509328017,0.19381175726003044,11.11992025030006
85380.0,-0.8732403782104301,0.44709039063885325,0.19380769969560654,11.11968227000563
85440.0,-0.8732460710915451,0.4470810302748671,0.19380364210082238,11.119444287737236
85500.0,-0.8732517638513138,0.44707166985340613,0.19379958448112378,11.119206303813312
85560.0,-0.8732574564935328,0.4470623093682284,0.1937955268338048,11.118968318075282
85620.0,-0.8732631490182166,0.44705294881930996,0.19379146915885526,11.118730330522292
85680.0,-0.873268841425379,0.4470435882066275,0.19378741145626488,11.11849234115349
85740.0,-0.8732745337149894,0.4470342275302308,0.19378335372605546,11.118254349969886
85800.0,-0.8732802258870616,0.4470248667900979,0.19377929596821725,11.118016356970644
85860.0,-0.8732859179416108,0.4470155059862028,0.19377523818273915,11.11777836215483
85920.0,-0.8732916098786041,0.4470061451185997,0.1937711803696445,11.11754036552353
85980.0,-0.8732973016980577,0.44699678418726174,0.1937671225289217,11.11730236707577
86040.0,-0.8733029933999695,0.44698742319219187,0.1937630646605722,11.117064366811336
86100.0,-0.8733086849881659,0.44697806212709684,0.1937590067618677,11.11682636457028
86160.0,-0.873314376455008,0.4469687010045401,0.19375494883825445,11.11658836067097
86220.0,-0.8733200678042904,0.44695933981828023,0.1937508908870269,11.116350354954776
86280.0,-0.8733257590360284,0.44694997856829227,0.19374683290817415,11.116112347420726
86340.0,-0.8733314501502354,0.44694061725455353,0.1937427749016864,11.115874338067917
86400.0,-0.8733371411468808,0.4469312558771145,0.19373871686758543,11.115636326897281
