30.0080014253035,2.9305844,0
90.0080042751506,2.9307024,0
150.008007124997,2.93086,0
210.008009974844,2.931175,0
270.008012824691,2.9314113,0
330.008015674538,2.9314113,0
390.008018524386,2.9317262,0
450.008021374233,2.9318442,0
510.00802422408,2.9319232,0
570.008027073927,2.9323561,0
630.008029923774,2.9323955,0
690.008032773621,2.9324744,0
750.008035623468,2.93275,0
810.008038473315,2.9329073,0
870.008041323162,2.9329467,0
930.008044173009,2.9331436,0
990.008047022856,2.9333405,0
1050.0080498727,2.9334979,0
1110.00805272255,2.9336555,0
1170.00805557239,2.9338131,0
1230.00805842224,2.9340887,0
1290.00806127209,2.9340887,0
1350.00806412193,2.9342854,0
1410.00806697178,2.9344823,0
1470.00806982163,2.9347186,0
1530.00807267148,2.934876,0
1590.00807552132,2.934876,0
1650.00807837117,2.9350336,0
1710.00808122102,2.9352305,0
1770.00808407086,2.9353485,0
1830.00808692071,2.9353878,0
1890.00808977056,2.9356635,0
1950.00809262041,2.9356241,0
2010.00809547025,2.9359391,0
2070.0080983201,2.9360573,0
2130.00810116995,2.9360573,0
2190.00810401979,2.9362147,0
2250.00810686964,2.936451,0
2310.00810971949,2.9365692,0
2370.00811256934,2.9366872,0
2430.00811541918,2.9367659,0
2490.00811826903,2.9368842,0
2550.00812111888,2.9370811,0
2610.00812396872,2.9370811,0
2670.00812681857,2.9372778,0
2730.00812966842,2.9374354,0
2790.00813251826,2.937593,0
2850.00813536811,2.9376717,0
2910.00813821796,2.9376717,0
2970.00814106781,2.937829,0
3030.00814391765,2.9379866,0
3090.0081467675,2.938026,0
3150.00814961735,2.9381046,0
3210.00815246719,2.9382622,0
3270.00815531704,2.9383802,0
3330.00815816689,2.9385772,0
3390.00816101674,2.9386559,0
3450.00816386658,2.9387348,0
3510.00816671643,2.9388134,0
3570.00816956628,2.9388528,0
3630.03217241726,2.9101887,0
3630.03417241736,2.9094799,-0.96525281
3681.81817487697,2.4999919,-0.96664337
3681.82017487706,2.5000312,-0.96664337
3681.85617487877,2.5377121,0
3741.85617772862,2.6607161,0
3801.85618057847,2.6750088,0
3861.85618342831,2.6834741,0
3921.85618627816,2.6899707,0
3981.85618912801,2.6952469,0
4041.85619197785,2.6997747,0
4101.8561948277,2.7036729,0
4161.85619767755,2.7073345,0
4221.8562005274,2.7105238,0
4281.85620337724,2.7134376,0
4341.85620622709,2.7161543,0
4401.85620907694,2.7187531,0
4461.85621192678,2.7211549,0
4521.85621477663,2.7232416,0
4581.85621762648,2.7254467,0
4641.85622047632,2.7274153,0
4701.85622332617,2.7293053,0
4761.85622617602,2.7312346,0
4821.85622902587,2.7327702,0
4881.85623187571,2.7345812,0
4941.85623472556,2.7359989,0
5001.85623757541,2.7375343,0
5061.85624042525,2.7390306,0
5121.8562432751,2.7402906,0
5181.85624612495,2.741708,0
5241.8562489748,2.7430074,0
5301.85625182464,2.7442279,0
5361.85625467449,2.7454486,0
5421.85625752434,2.7465117,0
5481.85626037418,2.7477322,0
5541.85626322403,2.7488739,0
5601.85626607388,2.7499764,0
5661.85626892373,2.7509215,0
5721.85627177357,2.7517877,0
5781.85627462342,2.7529688,0
5841.85627747327,2.7539139,0
5901.85628032311,2.7548587,0
5961.85628317296,2.7558432,0
6021.85628602281,2.7565913,0
6081.85628887265,2.7575362,0
6141.8562917225,2.758363,0
6201.85629457235,2.7591901,0
6261.8562974222,2.7597017,0
6321.85630027204,2.7606468,0
6381.85630312189,2.7614737,0
6441.85630597174,2.7621825,0
6501.85630882158,2.7628517,0
6561.85631167143,2.7636786,0
6621.85631452128,2.7643874,0
6681.85631737113,2.7649386,0
6741.85632022097,2.7657654,0
6801.85632307082,2.766356,0
6861.85632592067,2.7669466,0
6921.85632877051,2.7676947,0
6981.85633162036,2.7682459,0
7041.85633447021,2.7688365,0
7101.85633732006,2.7693484,0
7161.8563401699,2.7700179,0
7221.85634301975,2.7706871,0
7281.8563458696,2.8141558,0
7281.85834586969,2.816597,1.4048074
7341.85834871954,3.1213901,1.4501758
7401.85835156939,3.2347078,1.448006
7461.85835441923,3.3108571,1.450373
7521.85835726908,3.367831,1.4505703
7581.85836011893,3.4117723,1.4499786
7641.85836296877,3.4361839,1.449584
7701.85836581862,3.4424443,1.4489923
7761.85836866847,3.4478385,1.4497813
7821.85837151831,3.453784,1.450373
7881.85837436816,3.46032,1.4505703
7941.85837721801,3.4670136,1.4499786
8001.85838006786,3.4739041,1.4501758
8061.8583829177,3.480952,1.4497813
8121.85838576755,3.4887481,1.4491896
8181.8583886174,3.4969378,1.450373
8241.85839146724,3.5062299,1.4507676
8301.85839431709,3.5163884,1.450373
8361.85839716694,3.5268619,1.448795
8421.85840001679,3.5372171,1.449584
8481.85840286663,3.5478876,1.450373
8541.85840571648,3.5587547,1.4493867
8601.85840856633,3.5692282,1.4505703
8661.85841141617,3.5782447,1.450373
8721.85841426602,3.5866709,1.4501758
8781.85841711587,3.5945456,1.4507676
8841.85841996572,3.6020265,1.4491896
8901.85842281556,3.6087594,1.4505703
8961.85842566541,3.6149018,1.4499786
9021.85842851526,3.6206899,1.450373
9081.8584313651,3.6260052,1.449584
9141.85843421495,3.6310451,1.450373
9201.8584370648,3.6362031,1.4499786
9261.85843991464,3.6412036,1.4497813
9321.85844276449,3.6461253,1.451162
9381.85844561434,3.650929,1.4482032
9441.85844846419,3.6556931,1.4497813
9501.85845131403,3.6606936,1.4499786
9561.85845416388,3.6656153,1.4507676
9621.85845701373,3.6705763,1.4509647
9681.85845986357,3.6754982,1.451162
9741.85846271342,3.6804986,1.4493867
9801.85846556327,3.6856565,1.4497813
9861.85846841312,3.6907752,1.4491896
9921.85847126296,3.6960907,1.4505703
9981.85847411281,3.7014849,1.450373
10041.8584769626,3.7069185,1.449584
10101.8584798125,3.7125096,1.450373
10161.8584826623,3.7183368,1.450373
10221.8584855122,3.7241642,1.4497813
10281.858488362,3.730149,1.4499786
10341.8584912119,3.7362521,1.4505703
10401.8584940617,3.7424338,1.4501758
10461.8584969115,3.7486548,1.450373
10521.8584997614,3.7550333,1.4501758
10581.8585026112,3.7616875,1.4493867
10641.8585054611,3.7684205,1.4505703
10701.8585083109,3.7753897,1.4482032
10761.8585111608,3.7828312,1.4493867
10821.8585140106,3.790391,1.4491896
10881.8585168605,3.7983053,1.4499786
10941.8585197103,3.8065736,1.4505703
11001.8585225602,3.8151572,1.4491896
11061.85852541,3.8238194,1.4507676
11121.8585282599,3.8329935,1.4501758
11181.8585311097,3.8420103,1.450373
11241.8585339596,3.8511055,1.4499786
11301.8585368094,3.8600829,1.4499786
11361.8585396593,3.8692963,1.4513594
11421.8585425091,3.8781159,1.4499786
11481.8585453589,3.887054,1.4505703
11541.8585482088,3.8956373,1.4485977
11601.8585510586,3.9043391,1.4493867
11661.8585539085,3.912765,1.450373
11721.8585567583,3.9210334,1.451162
11781.8585596082,3.9292626,1.4501758
11841.858562458,3.937216,1.4489923
11901.8585653079,3.9450514,1.4491896
11961.8585681577,3.9527688,1.449584
12021.8585710076,3.9604073,1.4499786
12081.8585738574,3.9680459,1.4497813
12141.8585767073,3.9756057,1.4499786
12201.8585795571,3.9830079,1.4505703
12261.858582407,3.9906464,1.450373
12321.8585852568,3.9985607,1.450373
12381.8585881067,4.0063958,1.4507676
12441.8585909565,4.0146251,1.4497813
12501.8585938063,4.0231299,1.4501758
12561.8585966562,4.0318313,1.4497813
12621.858599506,4.0410447,1.449584
12681.8586023559,4.0504551,1.448795
12741.8586052057,4.0602593,1.448795
12801.8586080556,4.07026,1.4499786
12861.8586109054,4.0804973,1.4493867
12921.8586137553,4.0906558,1.4501758
12981.8586166051,4.1010113,1.4505703
13041.858619455,4.1112485,1.4493867
13101.8586223048,4.1210527,1.4505703
13161.8586251547,4.1306596,1.4501758
13221.8586280045,4.1395187,1.4501758
13281.8586308544,4.1478267,1.4507676
13341.8586337042,4.1552682,1.4493867
13401.8586365541,4.1618438,1.450373
13461.8586394039,4.1675529,1.4482032
13521.8586422537,4.1727109,1.4497813
13581.8586451036,4.1775932,1.4497813
13641.8586479534,4.1823969,1.4499786
13701.8586508033,4.1874762,1.4497813
13761.8586536531,4.1927128,1.4491896
13821.858656503,4.1988158,1.4497813
13833.3346570481,4.2000365,1.4493867
13833.3366570482,4.1998,1.4505703
13833.3526570489,4.1997213,1.4428774
13893.3526598988,4.1998,1.2969095
13953.3526627486,4.1997609,1.1757958
14013.3526655985,4.1996822,1.0590216
14073.3526684483,4.1998,0.9459953
14133.3526712982,4.1997609,0.83316608
14193.352674148,4.1998396,0.72842438
14253.3526769978,4.1997213,0.62683868
14313.3526798477,4.1997609,0.63046399
14373.3526826975,4.1998396,0.54583362
14433.3526855474,4.1998792,0.47007562
14493.3526883972,4.1998,0.40399301
14553.3526912471,4.1998,0.34639105
14613.3526940969,4.1998,0.29721103
14673.3526969468,4.1999578,0.25416138
14733.3526997966,4.1998792,0.21810388
14793.3527026465,4.1997609,0.18821588
14853.3527054963,4.1998,0.16202963
14913.3527083462,4.1998396,0.13919255
14973.352711196,4.1998,0.12203535
15033.3527140459,4.1998,0.10599455
15093.3527168957,4.1997609,0.093048317
15153.3527197456,4.1997609,0.081688538
15213.3527225954,4.1998,0.072091469
15273.3527254452,4.1997609,0.064257141
15307.6767270756,4.1983829,0.012250808
15307.6787270756,4.1983433,0.013318386
15307.7147270774,4.1981072,0
15367.7147299272,4.1963353,0
15427.714732777,4.1953511,0
15487.7147356269,4.1947603,0
15547.7147384767,4.1942091,0
15607.7147413266,4.1937366,0
15667.7147441764,4.193264,0
15727.7147470263,4.1929493,0
15787.7147498761,4.192595,0
15847.714752726,4.1922011,0
15907.7147555758,4.1918073,0
15967.7147584257,4.1916103,0
16027.7147612755,4.191453,0
16087.7147641254,4.1911378,0
16147.7147669752,4.1907835,0
16207.7147698251,4.1906652,0
16267.7147726749,4.1905079,0
16327.7147755248,4.1901536,0
16387.7147783746,4.1899176,0
16447.7147812244,4.1899176,0
16507.7147840743,4.189642,0
16567.7147869241,4.189642,0
16627.714789774,4.189445,0
16687.7147926238,4.1892481,0
16747.7147954737,4.1891694,0
16807.7147983235,4.1890116,0
16867.7148011734,4.1888938,0
16927.7148040232,4.1886969,0
16987.7148068731,4.1885395,0
17047.7148097229,4.1885395,0
17107.7148125728,4.1883426,0
17167.7148154226,4.1882243,0
17227.7148182725,4.1881847,0
17287.7148211223,4.1879487,0
17347.7148239722,4.1878304,0
17407.714826822,4.18787,0
17467.7148296719,4.1876731,0
17527.7148325217,4.1875548,0
17587.7148353715,4.1875157,0
17647.7148382214,4.1873188,0
17707.7148410712,4.1873579,0
17767.7148439211,4.1872401,0
17827.7148467709,4.1872005,0
17887.7148496208,4.1870823,0
17947.7148524706,4.1870036,0
18007.7148553205,4.1869645,0
18067.7148581703,4.1868854,0
18127.7148610202,4.1868067,0
18187.71486387,4.1867676,0
18247.7148667199,4.186728,0
18307.7148695697,4.1866097,0
18367.7148724196,4.1865706,0
18427.7148752694,4.1864133,0
18487.7148781193,4.186295,0
18547.7148809691,4.1863341,0
18607.7148838189,4.1862555,0
18667.7148866688,4.1862164,0
18727.7148895186,4.1860981,0
18787.7148923685,4.1860981,0
18847.7148952183,4.1860585,0
18907.6548980653,4.1859798,0
18907.7128980681,4.1859798,0
18907.8428980743,4.0040727,-6.5322896
18907.942898079,3.9914732,-6.5277529
18908.0428980838,3.989032,-6.5360376
18908.1428980885,3.9878116,-6.5236108
18908.2428980933,3.9863153,-6.5234131
18908.342898098,3.9850948,-6.5249917
18908.4428981028,3.983953,-6.5218354
18908.5428981075,3.9829292,-6.525189
18908.6428981123,3.9819055,-6.5275557
18908.742898117,3.9810393,-6.5263721
18908.8428981218,3.9801335,-6.5236108
18908.9428981265,3.979228,-6.5263721
18909.0428981313,3.9784012,-6.5257808
18909.142898136,3.9776137,-6.5245972
18909.2428981408,3.9769444,-6.5243999
18909.3428981455,3.976275,-6.5228213
18909.4428981503,3.9754875,-6.5259775
18909.542898155,3.9747789,-6.5238081
18909.6428981598,3.9739914,-6.525189
18909.7428981645,3.9732432,-6.5230186
18909.8428981693,3.972692,-6.5263721
18909.942898174,3.9720225,-6.5261748
18910.0428981788,3.9715106,-6.5257808
18910.1428981835,3.9708807,-6.5236108
18910.2428981883,3.9703295,-6.5238081
18910.342898193,3.969739,-6.5236108
18910.4428981978,3.9691484,-6.525189
18910.5428982025,3.9684002,-6.5247944
18910.6428982073,3.967967,-6.5265693
18910.742898212,3.9674947,-6.5224272
18910.8428982168,3.9667072,-6.525189
18910.9428982215,3.9662347,-6.5234131
18911.0428982263,3.9657228,-6.5255835
18911.142898231,3.9653292,-6.5259775
18911.2428982358,3.9647779,-6.5238081
18911.3428982405,3.9643054,-6.5269639
18911.4428982453,3.9636359,-6.5247944
18911.54289825,3.9632816,-6.5240054
18911.6428982548,3.9628091,-6.5243999
18911.7428982595,3.9624155,-6.5234131
18911.8428982642,3.9617066,-6.5261748
18911.942898269,3.9613917,-6.5249917
18912.0428982737,3.9609191,-6.5242026
18912.1428982785,3.9605255,-6.5245972
18912.2428982832,3.9599743,-6.5265693
18912.342898288,3.9595017,-6.5269639
18912.4428982927,3.9591475,-6.5243999
18912.5428982975,3.9587536,-6.5245972
18912.6428983022,3.9582417,-6.5234131
18912.742898307,3.9579268,-6.5234131
18912.8428983117,3.9575331,-6.5243999
18912.9428983165,3.9570212,-6.5249917
18913.0428983212,3.9565094,-6.5253862
18913.142898326,3.9562337,-6.5253862
18913.2428983307,3.9558005,-6.5240054
18913.3428983355,3.9552886,-6.5249917
18913.4428983402,3.955013,-6.5263721
18913.542898345,3.9546981,-6.525189
18913.6428983497,3.9542255,-6.5234131
18913.7428983545,3.9537926,-6.5261748
18913.8428983592,3.9534776,-6.5257808
18913.942898364,3.9529657,-6.5249917
18914.0428983687,3.9527295,-6.5257808
18914.1428983735,3.9523356,-6.5242026
18914.2428983782,3.9520206,-6.5242026
18914.342898383,3.9515877,-6.5240054
18914.4428983877,3.9512725,-6.5245972
18914.5428983925,3.9509575,-6.5236108
18914.6428983972,3.9504457,-6.5245972
18914.742898402,3.95017,-6.5247944
18914.8428984067,3.9498944,-6.5243999
18914.9428984115,3.9495008,-6.5243999
18915.0428984162,3.9490676,-6.5243999
18915.142898421,3.948792,-6.5253862
18915.2428984257,3.9483984,-6.5261748
18915.3428984305,3.9481227,-6.5261748
18915.4428984352,3.9477289,-6.5247944
18915.54289844,3.9474139,-6.5269639
18915.6428984447,3.9472566,-6.5249917
18915.7428984495,3.9467053,-6.5253862
18915.8428984542,3.9463508,-6.5261748
18915.942898459,3.9461935,-6.5253862
18916.0428984637,3.9458783,-6.5243999
18916.1428984685,3.9456027,-6.5242026
18916.2428984732,3.9451697,-6.5257808
18916.342898478,3.9448154,-6.5242026
18916.4428984827,3.9445398,-6.525189
18916.5428984875,3.9442246,-6.5259775
18916.6428984922,3.9439096,-6.5245972
18916.742898497,3.943634,-6.5243999
18916.8428985017,3.9433584,-6.5259775
18916.9428985065,3.9432404,-6.5245972
18917.0428985112,3.9429255,-6.5249917
18917.142898516,3.9425709,-6.5247944
18917.2428985207,3.9422953,-6.5259775
18917.3428985255,3.9418623,-6.525189
18917.4428985302,3.9417048,-6.5247944
18917.542898535,3.9414685,-6.5243999
18917.6428985397,3.9411535,-6.525189
18917.7428985445,3.9407203,-6.5255835
18917.8428985492,3.9405236,-6.5253862
18917.942898554,3.940248,-6.5243999
18918.0428985587,3.9400511,-6.5234131
18918.1428985635,3.9396572,-6.5249917
18918.2428985682,3.9393816,-6.5249917
18918.342898573,3.9390666,-6.5245972
18918.4428985777,3.938791,-6.525189
18918.5428985825,3.9384761,-6.5242026
18918.6428985872,3.9383185,-6.5236108
18918.742898592,3.9381611,-6.5242026
18918.8428985967,3.9378855,-6.5253862
18918.9428986015,3.9375312,-6.5238081
18919.0428986062,3.9373343,-6.5230186
18919.142898611,3.9370193,-6.5245972
18919.2428986157,3.9368224,-6.5242026
18919.3428986205,3.9365075,-6.5243999
18919.4428986252,3.9363499,-6.525189
18919.54289863,3.9360743,-6.5245972
18919.6428986347,3.9357593,-6.5249917
18919.7428986395,3.9355624,-6.5238081
18919.8428986442,3.9352868,-6.5257808
18919.942898649,3.9352081,-6.5247944
18920.0428986537,3.9348142,-6.5238081
18920.1428986585,3.9345782,-6.5287397
18920.2428986632,3.9343026,-6.5249917
18920.342898668,3.9340663,-6.5255835
18920.4428986727,3.9338694,-6.5255835
18920.5428986775,3.9337118,-6.5249917
18920.6428986822,3.9334757,-6.5243999
18920.742898687,3.9332001,-6.5249917
18920.8428986917,3.9328063,-6.525189
18920.9428986965,3.9326093,-6.5249917
18921.0428987012,3.93257,-6.5245972
18921.142898706,3.9323337,-6.5236108
18921.2428987107,3.9320581,-6.5236108
18921.3428987155,3.9318218,-6.5240054
18921.4428987202,3.9317431,-6.5253862
18921.542898725,3.9313495,-6.5255835
18921.6428987297,3.9311919,-6.5247944
18921.7428987345,3.9309163,-6.5249917
18921.8428987392,3.9307587,-6.525189
18921.942898744,3.9305227,-6.5249917
18922.0428987487,3.9302864,-6.5243999
18922.1428987535,3.9300895,-6.5232158
18922.2428987582,3.9298925,-6.5247944
18922.342898763,3.9296563,-6.5245972
18922.4428987677,3.9293807,-6.5273584
18922.5428987725,3.929302,-6.5243999
18922.6428987772,3.9290657,-6.5247944
18922.742898782,3.9285932,-6.5328813
18922.8428987867,3.9286327,-6.5265693
18922.9428987915,3.9284358,-6.525189
18923.0428987962,3.9280815,-6.5267666
18923.142898801,3.9279633,-6.5257808
18923.2428988057,3.9278059,-6.5238081
18923.3428988105,3.927609,-6.5206519
18923.4428988152,3.9274514,-6.5232158
18923.54289882,3.9272544,-6.5238081
18923.6428988247,3.9269001,-6.5253862
18923.7428988295,3.9266245,-6.515918
18923.8428988342,3.9265459,-6.5238081
18923.942898839,3.9263883,-6.5247944
18924.0428988437,3.9262309,-6.5240054
18924.1428988485,3.925916,-6.5243999
18924.2428988532,3.9257977,-6.5261748
18924.342898858,3.9256008,-6.5240054
18924.4428988627,3.9254827,-6.5247944
18924.5428988675,3.9251678,-6.5261748
18924.6428988722,3.9250889,-6.5242026
18924.742898877,3.9249315,-6.5242026
18924.8428988817,3.9246559,-6.525189
18924.9428988865,3.9246953,-6.5245972
18925.0428988912,3.9243016,-6.5249917
18925.142898896,3.9241834,-6.5249917
18925.2428989007,3.9239864,-6.5253862
18925.3428989055,3.9237504,-6.5249917
18925.4428989102,3.9236321,-6.5257808
18925.542898915,3.9234746,-6.525189
18925.6428989197,3.9231989,-6.5249917
18925.7428989245,3.9230809,-6.5242026
18925.8428989292,3.9228446,-6.5243999
18925.942898934,3.9227266,-6.5283452
18926.0428989387,3.9226477,-6.5245972
18926.1428989435,3.9223328,-6.5257808
18926.2428989482,3.9222934,-6.5245972
18926.342898953,3.9219785,-6.5249917
18926.4428989577,3.9218605,-6.5232158
18926.5428989625,3.9217815,-6.5245972
18926.6428989672,3.9215453,-6.5218354
18926.742898972,3.9213879,-6.5267666
18926.8428989767,3.9212697,-6.5240054
18926.9428989815,3.9210334,-6.5249917
18927.0428989862,3.920876,-6.5245972
18927.142898991,3.9206398,-6.525189
18927.2428989957,3.9204428,-6.5247944
18927.3428990005,3.9203248,-6.5232158
18927.4428990052,3.9201672,-6.5263721
18927.54289901,3.9199703,-6.5253862
18927.6428990147,3.9198129,-6.5245972
18927.7428990195,3.9197342,-6.5247944
18927.8428990242,3.919498,-6.5263721
18927.942899029,3.9193797,-6.5259775
18928.0428990337,3.9192617,-6.5240054
18928.1428990385,3.9190648,-6.5249917
18928.2428990432,3.9189861,-6.5249917
18928.342899048,3.9189861,-6.5234131
18928.4428990527,3.9186318,-6.5255835
18928.5428990575,3.9184349,-6.5243999
18928.6428990622,3.9183166,-6.5238081
18928.742899067,3.9176867,-6.5423496
18928.8428990717,3.9181592,-6.5230186
18928.9428990765,3.917923,-6.5261748
18929.0428990812,3.9177654,-6.5236108
18929.142899086,3.9176474,-6.5206519
18929.2428990907,3.9174504,-6.525189
18929.3428990955,3.9172931,-6.5234131
18929.4428991002,3.9170961,-6.5236108
18929.542899105,3.9170568,-6.5226245
18929.6428991097,3.9168205,-6.5253862
18929.7428991145,3.9163873,-6.5281475
18929.8428991192,3.9166629,-6.5218354
18929.942899124,3.9162693,-6.5263721
18930.0428991287,3.9162693,-6.5259775
18930.1428991335,3.9159937,-6.5245972
18930.2428991382,3.9159148,-6.5247944
18930.342899143,3.9157968,-6.5236108
18930.4428991477,3.9157574,-6.5224272
18930.5428991525,3.9155211,-6.5259775
18930.6428991572,3.9154425,-6.5245972
18930.742899162,3.9152849,-6.5245972
18930.8428991667,3.9152062,-6.5230186
18930.9428991715,3.9150093,-6.5263721
18931.0428991762,3.9147336,-6.5253862
18931.142899181,3.9147336,-6.5234131
18931.2428991857,3.9145763,-6.5257808
18931.3428991904,3.9144974,-6.5234131
18931.4428991952,3.9143794,-6.5243999
18931.5428991999,3.9141824,-6.5247944
18931.6428992047,3.9141037,-6.5190742
18931.7428992094,3.9139068,-6.5259775
18931.8428992142,3.9135919,-6.5257808
18931.9428992189,3.9137099,-6.525189
18932.0428992237,3.9136312,-6.52223
18932.1428992284,3.9133556,-6.5247944
18932.2428992332,3.913198,-6.525189
18932.3428992379,3.913198,-6.5210464
18932.4428992427,3.9128437,-6.5234131
18932.5428992474,3.912962,-6.525189
18932.6428992522,3.9126468,-6.5218354
18932.7428992569,3.9125681,-6.5242026
18932.8428992617,3.9124501,-6.5240054
18932.9428992664,3.9124501,-6.5228213
18933.0428992712,3.9122138,-6.5230186
18933.1428992759,3.9122138,-6.52223
18933.2428992807,3.9119775,-6.5273584
18933.3428992854,3.9118593,-6.5230186
18933.4428992902,3.9117806,-6.5228213
18933.5428992949,3.9114656,-6.5261748
18933.6428992997,3.9114263,-6.5240054
18933.7428993044,3.9114656,-6.5247944
18933.8428993092,3.9113081,-6.5247944
18933.9428993139,3.9112687,-6.5204546
18934.0428993187,3.9111114,-6.5194688
18934.1428993234,3.9109144,-6.5275557
18934.2428993282,3.9108357,-6.5242026
18934.3428993329,3.9106388,-6.5236108
18934.4428993377,3.9104419,-6.5263721
18934.5428993424,3.9103632,-6.5259775
18934.6428993472,3.9104812,-6.5167065
18934.7428993519,3.9102449,-6.5218354
18934.8428993567,3.9100482,-6.5269639
18934.9428993614,3.90993,-6.5236108
18935.0428993662,3.9098513,-6.5245972
18935.1428993709,3.9096937,-6.5245972
18935.2428993757,3.9096937,-6.5198628
18935.3428993804,3.9095364,-6.5255835
18935.4428993852,3.9093788,-6.5283452
18935.5428993899,3.9093394,-6.5224272
18935.6428993947,3.9091032,-6.5275557
18935.7428993994,3.9090638,-6.5257808
18935.8428994042,3.9089065,-6.5269639
18935.9428994089,3.9087882,-6.5247944
18936.0428994137,3.9088275,-6.5194688
18936.1428994184,3.9085519,-6.5259775
18936.2428994232,3.9086306,-6.5200601
18936.3428994279,3.9082763,-6.5283452
18936.4428994327,3.9080794,-6.5285425
18936.5428994374,3.908237,-6.5238081
18936.6428994422,3.908119,-6.5204546
18936.7428994469,3.9079614,-6.5243999
18936.8428994517,3.9080007,-6.5204546
18936.9428994564,3.9076858,-6.5259775
18937.0428994612,3.9076464,-6.5281475
18937.1428994659,3.9074888,-6.5247944
18937.2428994707,3.9075677,-6.5269639
18937.3428994754,3.9073315,-6.5236108
18937.4428994802,3.9073708,-6.5240054
18937.5428994849,3.9072921,-6.5180874
18937.6428994897,3.9071345,-6.5214409
18937.7428994944,3.9070165,-6.5206519
18937.8408994991,3.9068589,-6.5212437
18937.8848995012,4.089829,0
18937.9848995059,4.0927033,0
18938.0848995107,4.0940027,0
18938.1848995154,4.0951052,0
18938.2848995202,4.096168,0
18938.3848995249,4.0968375,0
18938.4848995297,4.0977039,0
18938.5848995344,4.0982943,0
18938.6848995392,4.0989246,0
18938.7848995439,4.0993967,0
18938.8848995487,4.0999479,0
18938.9848995534,4.1004992,0
18939.0848995582,4.1009326,0
18939.1848995629,4.101326,0
18939.2848995677,4.1017594,0
18939.3848995724,4.1021533,0
18939.4848995772,4.1027045,0
18939.5848995819,4.1029801,0
18939.6848995867,4.1032557,0
18939.7848995914,4.1037278,0
18939.8848995962,4.1041613,0
18939.9848996009,4.1043582,0
18940.0848996057,4.1047125,0
18940.1848996104,4.1050272,0
18940.2848996152,4.1054211,0
18940.3848996199,4.1057754,0
18940.4848996247,4.1059723,0
18940.5848996294,4.1062479,0
18940.6848996342,4.1066418,0
18940.7848996389,4.1067991,0
18940.8848996437,4.1070747,0
18940.9848996484,4.1074686,0
18941.0848996532,4.1077046,0
18941.1848996579,4.1079803,0
18941.2848996627,4.1081381,0
18941.3848996674,4.1083741,0
18941.4848996722,4.1086497,0
18941.5848996769,4.1089253,0
18941.6848996817,4.1091223,0
18941.7848996864,4.1094375,0
18941.8848996912,4.1095948,0
18941.9848996959,4.1099491,0
18942.0848997007,4.110146,0
18942.1848997054,4.1101851,0
18942.2848997102,4.1106577,0
18942.3848997149,4.1108155,0
18942.4848997197,4.1109333,0
18942.5848997244,4.1112485,0
18942.6848997292,4.1113667,0
18942.7848997339,4.1115241,0
18942.8848997387,4.111721,0
18942.9848997434,4.1121144,0
18943.0848997482,4.1120753,0
18943.1848997529,4.1122723,0
18943.2848997577,4.1125479,0
18943.3848997624,4.1127839,0
18943.4848997672,4.1128626,0
18943.5848997719,4.1130595,0
18943.6848997767,4.113296,0
18943.7848997814,4.1133747,0
18943.8848997862,4.1136107,0
18943.9848997909,4.1138473,0
18944.0848997957,4.113965,0
18944.1848998004,4.114162,0
18944.2848998052,4.1143589,0
18944.3848998099,4.1144376,0
18944.4848998147,4.1146741,0
18944.5848998194,4.1149101,0
18944.6848998242,4.1150284,0
18944.7848998289,4.1151857,0
18944.8848998337,4.115304,0
18944.9848998384,4.1154222,0
18945.0848998432,4.1156583,0
18945.1848998479,4.1157765,0
18945.2848998527,4.1158943,0
18945.3848998574,4.1161308,0
18945.4848998622,4.1161699,0
18945.5848998669,4.1162882,0
18945.6848998717,4.1165247,0
18945.7848998764,4.1166425,0
18945.8848998812,4.1167216,0
18945.9848998859,4.1168003,0
18946.0848998907,4.1169972,0
18946.1848998954,4.1172333,0
18946.2848999002,4.1173906,0
18946.3848999049,4.1174302,0
18946.4848999097,4.1175089,0
18946.5848999144,4.1176662,0
18946.6848999192,4.1178632,0
18946.7848999239,4.1180205,0
18946.8848999287,4.1180601,0
18946.9848999334,4.1182175,0
18947.0848999382,4.1184144,0
18947.1848999429,4.1186113,0
18947.2848999477,4.1186509,0
18947.3848999524,4.1188083,0
18947.4848999572,4.1188869,0
18947.5848999619,4.119123,0
18947.6848999667,4.1190839,0
18947.7848999714,4.1192808,0
18947.8848999762,4.1193199,0
18947.9848999809,4.1195564,0
18948.0848999857,4.1196742,0
18948.1848999904,4.1197534,0
18948.2848999952,4.1199107,0
18948.3848999999,4.1199498,0
18948.4849000047,4.120029,0
18948.5849000094,4.1202254,0
18948.6849000142,4.1203046,0
18948.7849000189,4.1204224,0
18948.8849000237,4.1205802,0
18948.9849000284,4.120698,0
18949.0849000331,4.1207376,0
18949.1849000379,4.1207771,0
18949.2849000426,4.1210132,0
18949.3849000474,4.1210527,0
18949.4849000521,4.1212492,0
18949.5849000569,4.1213675,0
18949.6849000616,4.1212888,0
18949.7849000664,4.1214857,0
18949.8849000711,4.1215644,0
18949.9849000759,4.1217217,0
18950.0849000806,4.1217613,0
18950.1849000854,4.1219583,0
18950.2849000901,4.1219583,0
18950.3849000949,4.1221552,0
18950.4849000996,4.122273,0
18950.5849001044,4.1221552,0
18950.6849001091,4.1223912,0
18950.7849001139,4.1225095,0
18950.8849001186,4.1225486,0
18950.9849001234,4.1227851,0
18951.0849001281,4.1227064,0
18951.1849001329,4.1228242,0
18951.2849001376,4.1228242,0
18951.3849001424,4.1230607,0
18951.4849001471,4.1232181,0
18951.5849001519,4.1231785,0
18951.6849001566,4.1233363,0
18951.7849001614,4.123415,0
18951.8849001661,4.1234937,0
18951.9849001709,4.1235332,0
18952.0849001756,4.1236906,0
18952.1849001804,4.1236906,0
18952.2849001851,4.1238089,0
18952.3849001899,4.1238089,0
18952.4849001946,4.1239662,0
18952.5849001994,4.1240449,0
18952.6849002041,4.1240449,0
18952.7849002089,4.1242814,0
18952.8849002136,4.1242814,0
18952.9849002184,4.1243601,0
18953.0849002231,4.1244388,0
18953.1849002279,4.124557,0
18953.2849002326,4.124557,0
18953.3849002374,4.1246357,0
18953.4849002421,4.1247931,0
18953.5849002469,4.1248717,0
18953.6849002516,4.1248717,0
18953.7849002564,4.12499,0
18953.8849002611,4.1251473,0
18953.9849002659,4.1251473,0
18954.0849002706,4.1252656,0
18954.1849002754,4.1253839,0
18954.2849002801,4.1252656,0
18954.3849002849,4.1254625,0
18954.4849002896,4.1256595,0
18954.5849002944,4.1255803,0
18954.6849002991,4.1257381,0
18954.7849003039,4.1258168,0
18954.8849003086,4.1258168,0
18954.9849003134,4.1258559,0
18955.0849003181,4.1260529,0
18955.1849003229,4.1260924,0
18955.2849003276,4.1260529,0
18955.3849003324,4.1262894,0
18955.4849003371,4.126368,0
18955.5849003419,4.1264071,0
18955.6849003466,4.1264071,0
18955.7849003514,4.1265254,0
18955.8849003561,4.1265254,0
18955.9849003609,4.1265254,0
18956.0849003656,4.1266437,0
18956.1849003704,4.1267223,0
18956.2849003751,4.1267619,0
18956.3849003799,4.1269193,0
18956.4849003846,4.1269979,0
18956.5849003894,4.1270375,0
18956.6849003941,4.1270766,0
18956.7849003989,4.127234,0
18956.8849004036,4.1271553,0
18956.9849004084,4.1271949,0
18957.0849004131,4.1272736,0
18957.1849004179,4.1273522,0
18957.2849004226,4.1274705,0
18957.3849004274,4.1275887,0
18957.4849004321,4.1275887,0
18957.5849004369,4.1276278,0
18957.6849004416,4.1276278,0
18957.7849004464,4.1277461,0
18957.8849004511,4.1277857,0
18957.9849004559,4.1279035,0
18958.0849004606,4.127943,0
18958.1849004654,4.1281004,0
18958.2849004701,4.1280217,0
18958.3849004749,4.12814,0
18958.4849004796,4.1282578,0
18958.5849004844,4.1282187,0
18958.6849004891,4.1282187,0
18958.7849004939,4.1283369,0
18958.8849004986,4.1284547,0
18958.9849005034,4.128376,0
18959.0849005081,4.1285729,0
18959.1849005129,4.1285729,0
18959.2849005176,4.1286125,0
18959.3849005224,4.1286516,0
18959.4849005271,4.1288486,0
18959.5849005319,4.1286912,0
18959.6849005366,4.1288486,0
18959.7849005414,4.1288486,0
18959.8849005461,4.1288881,0
18959.9849005509,4.1289668,0
18960.0849005556,4.1290846,0
18960.1849005604,4.1291242,0
18960.2849005651,4.1291637,0
18960.3849005699,4.1291242,0
18960.4849005746,4.1292815,0
18960.5849005794,4.1292815,0
18960.6849005841,4.1293998,0
18960.7849005889,4.1293602,0
18960.8849005936,4.1294394,0
18960.9849005984,4.1294785,0
18961.0849006031,4.1294785,0
18961.1849006079,4.129715,0
18961.2849006126,4.1295967,0
18961.3849006174,4.1296754,0
18961.4849006221,4.1296754,0
18961.5849006269,4.1298723,0
18961.6849006316,4.1298723,0
18961.7849006364,4.129951,0
18961.8849006411,4.129951,0
18961.9849006459,4.1300297,0
18962.0849006506,4.1299906,0
18962.1849006554,4.1299906,0
18962.2849006601,4.1301084,0
18962.3849006649,4.1302662,0
18962.4849006696,4.1303053,0
18962.5849006744,4.1302662,0
18962.6849006791,4.1303053,0
18962.7849006839,4.1303053,0
18962.8849006886,4.1304626,0
18962.9849006934,4.130384,0
18963.0849006981,4.1305022,0
18963.1849007029,4.1306205,0
18963.2849007076,4.1305809,0
18963.3849007124,4.1306992,0
18963.4849007171,4.1306992,0
18963.5849007219,4.1308174,0
18963.6849007266,4.1308961,0
18963.7849007314,4.1308174,0
18963.8849007361,4.1310139,0
18963.9849007409,4.1310139,0
18964.0849007456,4.1309352,0
18964.1849007504,4.1310139,0
18964.2849007551,4.1311717,0
18964.3849007599,4.1310139,0
18964.4849007646,4.131093,0
18964.5849007694,4.1312504,0
18964.6849007741,4.1313291,0
18964.7849007789,4.1312504,0
18964.8849007836,4.1314473,0
18964.9849007884,4.1313291,0
18965.0849007931,4.1314473,0
18965.1849007979,4.1314077,0
18965.2849008026,4.1314473,0
18965.3849008074,4.131526,0
18965.4849008121,4.1316047,0
18965.5849008169,4.1315656,0
18965.6849008216,4.1315656,0
18965.7849008264,4.1316047,0
18965.8849008311,4.1317229,0
18965.9849008359,4.1318016,0
18966.0849008406,4.1318412,0
18966.1849008454,4.1318412,0
18966.2849008501,4.1318412,0
18966.3849008549,4.1319985,0
18966.4849008596,4.1318803,0
18966.5849008644,4.1319985,0
18966.6849008691,4.1321168,0
18966.7849008739,4.1321168,0
18966.8849008786,4.1319199,0
18966.9849008834,4.1320772,0
18967.0849008881,4.1321168,0
18967.1849008929,4.1321559,0
18967.2849008976,4.1322346,0
18967.3849009024,4.1321559,0
18967.4849009071,4.1322346,0
18967.5849009119,4.1323133,0
18967.6849009166,4.1323133,0
18967.7849009214,4.1324315,0
18967.8849009261,4.1325889,0
18967.9849009309,4.1325102,0
18968.0849009356,4.1325498,0
18968.1849009404,4.1325498,0
18968.2849009451,4.1325498,0
18968.3849009499,4.1325889,0
18968.4849009546,4.1326284,0
18968.5849009593,4.1327071,0
18968.6849009641,4.1326284,0
18968.7849009688,4.132668,0
18968.8849009736,4.1327467,0
18968.9849009783,4.1327467,0
18969.0849009831,4.1327858,0
18969.1849009878,4.1329436,0
18969.2849009926,4.1328645,0
18969.3849009973,4.1329041,0
18969.4849010021,4.1330223,0
18969.5849010068,4.1329436,0
18969.6849010116,4.133101,0
18969.7849010163,4.133101,0
18969.8849010211,4.1331401,0
18969.9849010258,4.1332192,0
18970.0849010306,4.1332192,0
18970.1849010353,4.1331797,0
18970.2849010401,4.1331401,0
18970.3849010448,4.1332583,0
18970.4849010496,4.1332979,0
18970.5849010543,4.1333766,0
18970.6849010591,4.133337,0
18970.7849010638,4.1334553,0
18970.8849010686,4.133534,0
18970.9849010733,4.1334553,0
18971.0849010781,4.1334553,0
18971.1849010828,4.1335735,0
18971.2849010876,4.133534,0
18971.3849010923,4.1337309,0
18971.4849010971,4.1334949,0
18971.5849011018,4.1336522,0
18971.6849011066,4.1336522,0
18971.7849011113,4.1337309,0
18971.8849011161,4.1339278,0
18971.9849011208,4.1337705,0
18972.0849011256,4.1338096,0
18972.1849011303,4.1339278,0
18972.2849011351,4.1338491,0
18972.3849011398,4.1338096,0
18972.4849011446,4.1339669,0
18972.5849011493,4.1340065,0
18972.6849011541,4.1337705,0
18972.7849011588,4.1339278,0
18972.8849011636,4.1340065,0
18972.9849011683,4.1340461,0
18973.0849011731,4.1340852,0
18973.1849011778,4.1341248,0
18973.2849011826,4.1340852,0
18973.3849011873,4.1341639,0
18973.4849011921,4.1341639,0
18973.5849011968,4.1342034,0
18973.6849012016,4.1343217,0
18973.7849012063,4.1342425,0
18973.8849012111,4.1342034,0
18973.9849012158,4.1342821,0
18974.0849012206,4.134479,0
18974.1849012253,4.1343608,0
18974.2849012301,4.1343608,0
18974.3849012348,4.134479,0
18974.4849012396,4.1345181,0
18974.5849012443,4.1345577,0
18974.6849012491,4.1345577,0
18974.7849012538,4.1345973,0
18974.8849012586,4.134676,0
18974.9849012633,4.1345577,0
18975.0849012681,4.1345973,0
18975.1849012728,4.134676,0
18975.2849012776,4.1346364,0
18975.3849012823,4.134676,0
18975.4849012871,4.1348333,0
18975.5849012918,4.1347938,0
18975.6849012966,4.134676,0
18975.7849013013,4.1347938,0
18975.8849013061,4.1347547,0
18975.9849013108,4.1347938,0
18976.0849013156,4.134912,0
18976.1849013203,4.134912,0
18976.2849013251,4.1348729,0
18976.3849013298,4.134912,0
18976.4849013346,4.1350303,0
18976.5849013393,4.1348729,0
18976.6849013441,4.134912,0
18976.7849013488,4.1349516,0
18976.8849013536,4.1349907,0
18976.9849013583,4.1350694,0
18977.0849013631,4.1351089,0
18977.1849013678,4.1351089,0
18977.2849013726,4.1350694,0
18977.3849013773,4.1350694,0
18977.4849013821,4.1351876,0
18977.5849013868,4.1351876,0
18977.6849013916,4.1351485,0
18977.7849013963,4.1352663,0
18977.9209014028,4.2631135,0
18977.9229014029,4.2698855,4.8245957
18978.0229014076,4.2788234,4.8979741
18978.1229014124,4.2799654,4.8928452
18978.2229014171,4.2807136,4.8859414
18978.3229014219,4.2816978,4.890478
18978.4229014266,4.2826819,4.8983682
18978.5229014314,4.2833123,4.8948179
18978.6229014361,4.2841392,4.9015244
18978.7229014409,4.2846117,4.8946206
18978.8229014456,4.285202,4.8924507
18978.9229014504,4.2856746,4.8928452
18979.0229014551,4.2861075,4.8946206
18979.1229014599,4.2866983,4.8948179
18979.2229014646,4.28721,4.8926479
18979.3229014694,4.2877221,4.8930425
18979.4229014741,4.2881551,4.8922534
18979.5229014789,4.2886672,4.8948179
18979.6229014836,4.2890606,4.8926479
18979.7229014884,4.289494,4.8940288
18979.8229014931,4.2900453,4.8926479
18979.9229014979,4.29036,4.8946206
18980.0229015026,4.2907929,4.8936343
18980.1229015074,4.2911081,4.8918589
18980.2229015121,4.2915807,4.8924507
18980.3229015169,4.2919745,4.893437
18980.4229015216,4.2923679,4.8932397
18980.5229015264,4.2928405,4.8942261
18980.6229015311,4.2931161,4.8926479
18980.7229015359,4.29351,4.8940288
18980.8229015406,4.2939429,4.8928452
18980.9229015454,4.2941794,4.8938315
18981.0229015501,4.2945728,4.8940288
18981.1229015549,4.2949276,4.893437
18981.2229015596,4.2953606,4.8928452
18981.3229015644,4.2956758,4.8952119
18981.4229015691,4.2962661,4.8948179
18981.5229015739,4.2963448,4.8928452
18981.6229015786,4.2968173,4.8936343
18981.7229015834,4.2971325,4.8930425
18981.8229015881,4.2979984,4.9151348
18981.9229015929,4.2978015,4.8930425
18982.0229015976,4.2980771,4.8944233
18982.1229016024,4.298274,4.8942261
18982.2229016071,4.2987862,4.8938315
18982.3229016119,4.2989435,4.893437
18982.4229016166,4.2994556,4.8928452
18982.5229016214,4.2996917,4.8940288
18982.6229016261,4.2999673,4.8928452
18982.7229016309,4.3002429,4.8916616
18982.8229016356,4.3006368,4.8946206
18982.9229016404,4.3009515,4.8924507
18983.0229016451,4.3011093,4.8926479
18983.1229016499,4.3015814,4.8930425
18983.2229016546,4.3017783,4.8938315
18983.3229016594,4.3021326,4.8942261
18983.4229016641,4.3023691,4.8932397
18983.5229016689,4.3027234,4.8936343
18983.6229016736,4.302999,4.8930425
18983.7229016784,4.3032355,4.893437
18983.8229016831,4.3035502,4.8924507
18983.9229016879,4.3039045,4.8926479
18984.0229016926,4.3041801,4.8926479
18984.1229016974,4.3043771,4.8936343
18984.2229017021,4.3046923,4.8930425
18984.3229017069,4.3049283,4.8942261
18984.4229017116,4.3052826,4.8928452
18984.5229017164,4.3054795,4.893437
18984.6229017211,4.3057947,4.893437
18984.7229017259,4.3060703,4.8936343
18984.8229017306,4.3063064,4.8926479
18984.9229017354,4.3068185,4.8932397
18985.0229017401,4.3069758,4.8924507
18985.1229017449,4.3071728,4.8914644
18985.2229017496,4.3073697,4.8928452
18985.3229017544,4.3078423,4.893437
18985.4229017591,4.3078814,4.8924507
18985.5229017639,4.3083143,4.8954092
18985.6229017686,4.3085113,4.8936343
18985.7229017734,4.3088264,4.8932397
18985.8229017781,4.3090625,4.893437
18985.9229017829,4.3093381,4.8930425
18986.0229017876,4.3096533,4.8942261
18986.1229017924,4.3098893,4.8956069
18986.2229017971,4.3100863,4.8922534
18986.3229018019,4.3103228,4.8924507
18986.4229018066,4.3106771,4.8942261
18986.5229018114,4.3109131,4.8932397
18986.6229018161,4.3111887,4.8944233
18986.7229018209,4.3114252,4.8920562
18986.8229018256,4.3115826,4.8922534
18986.9229018304,4.3118978,4.8932397
18987.0229018351,4.3121734,4.8924507
18987.1229018399,4.312449,4.8924507
18987.2229018446,4.3127246,4.8918589
18987.3229018494,4.3130393,4.893437
18987.4229018541,4.3132362,4.8932397
18987.5229018589,4.3133936,4.8928452
18987.6229018636,4.3137484,4.8932397
18987.7229018684,4.313827,4.8932397
18987.8229018731,4.3143783,4.9032998
18987.9209018778,4.3144174,4.8956069
18987.9649018799,4.1725535,0
18988.0649018846,4.1704273,0
18988.1649018894,4.1693645,0
18988.2649018941,4.1685767,0
18988.3649018988,4.1679072,0
18988.4649019036,4.1673169,0
18988.5649019083,4.166923,0
18988.6649019131,4.1664114,0
18988.7649019178,4.1660175,0
18988.8649019226,4.165781,0
18988.9649019273,4.1654663,0
18989.0649019321,4.1649542,0
18989.1649019368,4.1647968,0
18989.2649019416,4.1645999,0
18989.3649019463,4.1642456,0
18989.4649019511,4.16397,0
18989.5649019558,4.1637731,0
18989.6649019606,4.163537,0
18989.7649019653,4.1632614,0
18989.8649019701,4.1632218,0
18989.9649019748,4.1629071,0
18990.0649019796,4.1627102,0
18990.1649019843,4.162395,0
18990.2649019891,4.1623163,0
18990.3649019938,4.162159,0
18990.4649019986,4.1618834,0
18990.5649020033,4.1618047,0
18990.6649020081,4.1615682,0
18990.7649020128,4.1614499,0
18990.8649020176,4.1613321,0
18990.9649020223,4.1612535,0
18991.0649020271,4.1610169,0
18991.1649020318,4.16082,0
18991.2649020366,4.1608596,0
18991.3649020413,4.160584,0
18991.4649020461,4.1604657,0
18991.5649020508,4.1603475,0
18991.6649020556,4.1601901,0
18991.7649020603,4.1601505,0
18991.8649020651,4.1599541,0
18991.9649020698,4.1598749,0
18992.0649020746,4.1596785,0
18992.1649020793,4.1596785,0
18992.2649020841,4.1594815,0
18992.3649020888,4.1594815,0
18992.4649020936,4.1594028,0
18992.5649020983,4.1591272,0
18992.6649021031,4.1591272,0
18992.7649021078,4.1590877,0
18992.8649021126,4.1589303,0
18992.9649021173,4.1589303,0
18993.0649021221,4.1587725,0
18993.1649021268,4.1586938,0
18993.2649021316,4.1584969,0
18993.3649021363,4.1585364,0
18993.4649021411,4.1583791,0
18993.5649021458,4.1583395,0
18993.6649021506,4.1582608,0
18993.7649021553,4.1581426,0
18993.8649021601,4.1581035,0
18993.9649021648,4.1580639,0
18994.0649021696,4.1578279,0
18994.1649021743,4.157867,0
18994.2649021791,4.1577883,0
18994.3649021838,4.1577883,0
18994.4649021886,4.1575913,0
18994.5649021933,4.1575913,0
18994.6649021981,4.1575522,0
18994.7649022028,4.157434,0
18994.8649022076,4.1572371,0
18994.9649022123,4.1571975,0
18995.0649022171,4.1571975,0
18995.1649022218,4.1572766,0
18995.2649022266,4.1570797,0
18995.3649022313,4.1571584,0
18995.4649022361,4.1570797,0
18995.5649022408,4.1568432,0
18995.6649022456,4.1568432,0
18995.7649022503,4.1566463,0
18995.8649022551,4.1567645,0
18995.9649022598,4.1566463,0
18996.0649022646,4.1566463,0
18996.1649022693,4.1565285,0
18996.2649022741,4.1565285,0
18996.3649022788,4.1564102,0
18996.4649022836,4.1565285,0
18996.5649022883,4.1563315,0
18996.6649022931,4.1563706,0
18996.7649022978,4.1562529,0
18996.8649023026,4.1562133,0
18996.9649023073,4.1561742,0
18997.0649023121,4.1562133,0
18997.1649023168,4.156095,0
18997.2649023216,4.1560163,0
18997.3649023263,4.1560559,0
18997.4649023311,4.1559772,0
18997.5649023358,4.1558986,0
18997.6649023406,4.1558194,0
18997.7649023453,4.1557803,0
18997.8649023501,4.1558986,0
18997.9649023548,4.1557407,0
18998.0649023596,4.1557016,0
18998.1649023643,4.1555438,0
18998.2649023691,4.1555438,0
18998.3649023738,4.1555047,0
18998.4649023786,4.1555047,0
18998.5649023833,4.1554651,0
18998.6649023881,4.1554651,0
18998.7649023928,4.1553864,0
18998.8649023976,4.155426,0
18998.9649024023,4.1553473,0
18999.0649024071,4.1553864,0
18999.1649024118,4.1552682,0
18999.2649024166,4.1552291,0
18999.3649024213,4.1551895,0
18999.4649024261,4.1550717,0
18999.5649024308,4.1551108,0
18999.6649024356,4.1551504,0
18999.7649024403,4.1550717,0
18999.8649024451,4.1550717,0
18999.9649024498,4.1549535,0
19000.0649024546,4.1549139,0
19000.1649024593,4.1549139,0
19000.2649024641,4.1550322,0
19000.3649024688,4.1548352,0
19000.4649024736,4.1547961,0
19000.5649024783,4.1547961,0
19000.6649024831,4.1547565,0
19000.7649024878,4.1547565,0
19000.8649024926,4.1546779,0
19000.9649024973,4.1545992,0
19001.0649025021,4.1546383,0
19001.1649025068,4.1546383,0
19001.2649025116,4.1546383,0
19001.3649025163,4.1544809,0
19001.4649025211,4.1544023,0
19001.5649025258,4.1544809,0
19001.6649025306,4.1544809,0
19001.7649025353,4.1544023,0
19001.8649025401,4.1544414,0
19001.9649025448,4.1542449,0
19002.0649025496,4.1544414,0
19002.1649025543,4.1543236,0
19002.2649025591,4.1544023,0
19002.3649025638,4.1544414,0
19002.4649025686,4.1542053,0
19002.5649025733,4.1542053,0
19002.6649025781,4.154284,0
19002.7649025828,4.1541266,0
19002.8649025876,4.1541266,0
19002.9649025923,4.1538901,0
19003.0649025971,4.1540084,0
19003.1649026018,4.154048,0
19003.2649026066,4.154048,0
19003.3649026113,4.1541266,0
19003.4649026161,4.1540871,0
19003.5649026208,4.1540871,0
19003.6649026256,4.1539693,0
19003.7649026303,4.1539297,0
19003.8649026351,4.1539297,0
19003.9649026398,4.1539297,0
19004.0649026446,4.1538115,0
19004.1649026493,4.1538901,0
19004.2649026541,4.1538115,0
19004.3649026588,4.1538115,0
19004.4649026636,4.1537328,0
19004.5649026683,4.1537724,0
19004.6649026731,4.1536541,0
19004.7649026778,4.1536541,0
19004.8649026826,4.1536932,0
19004.9649026873,4.1537724,0
19005.0649026921,4.1536541,0
19005.1649026968,4.1535358,0
19005.2649027016,4.1535754,0
19005.3649027063,4.1536145,0
19005.4649027111,4.1535754,0
19005.5649027158,4.1535754,0
19005.6649027206,4.1536145,0
19005.7649027253,4.1535358,0
19005.8649027301,4.1535358,0
19005.9649027348,4.1534176,0
19006.0649027396,4.1533785,0
19006.1649027443,4.1534176,0
19006.2649027491,4.1535358,0
19006.3649027538,4.1533785,0
19006.4649027586,4.1532602,0
19006.5649027633,4.1535358,0
19006.6649027681,4.1533785,0
19006.7649027728,4.1532602,0
19006.8649027776,4.1533785,0
19006.9649027823,4.1532998,0
19007.0649027871,4.1532998,0
19007.1649027918,4.153142,0
19007.2649027966,4.1532602,0
19007.3649028013,4.1531816,0
19007.4649028061,4.1531816,0
19007.5649028108,4.1532211,0
19007.6649028156,4.1531816,0
19007.7649028203,4.1531816,0
19007.864902825,4.1532211,0
19007.9649028298,4.1532211,0
19008.0649028345,4.1531029,0
19008.1649028393,4.153142,0
19008.264902844,4.1531029,0
19008.3649028488,4.153142,0
19008.4649028535,4.1530633,0
19008.5649028583,4.1530242,0
19008.664902863,4.1529846,0
19008.7649028678,4.1530633,0
19008.8649028725,4.1529846,0
19008.9649028773,4.1529846,0
19009.064902882,4.1529455,0
19009.1649028868,4.1529846,0
19009.2649028915,4.1529455,0
19009.3649028963,4.1529059,0
19009.464902901,4.1530633,0
19009.5649029058,4.1529455,0
19009.6649029105,4.1528664,0
19009.7649029153,4.1529059,0
19009.86490292,4.1528664,0
19009.9649029248,4.1529059,0
19010.0649029295,4.1528273,0
19010.1649029343,4.1529455,0
19010.264902939,4.1527486,0
19010.3649029438,4.1529455,0
19010.4649029485,4.1528664,0
19010.5649029533,4.1527877,0
19010.664902958,4.152709,0
19010.7649029628,4.152709,0
19010.8649029675,4.1527877,0
19010.9649029723,4.1527486,0
19011.064902977,4.1525517,0
19011.1649029818,4.1526699,0
19011.2649029865,4.1526303,0
19011.3649029913,4.1527877,0
19011.464902996,4.1527486,0
19011.5649030008,4.152709,0
19011.6649030055,4.1525908,0
19011.7649030103,4.1526699,0
19011.864903015,4.1526303,0
19011.9649030198,4.1526699,0
19012.0649030245,4.1525121,0
19012.1649030293,4.1525517,0
19012.264903034,4.1525517,0
19012.3649030388,4.1525517,0
19012.4649030435,4.152473,0
19012.5649030483,4.1526303,0
19012.664903053,4.1525908,0
19012.7649030578,4.1523547,0
19012.8649030625,4.152473,0
19012.9649030673,4.1525517,0
19013.064903072,4.152473,0
19013.1649030768,4.1523943,0
19013.2649030815,4.1525121,0
19013.3649030863,4.1524334,0
19013.464903091,4.1525121,0
19013.5649030958,4.1525121,0
19013.6649031005,4.1523943,0
19013.7649031053,4.1525908,0
19013.86490311,4.1523943,0
19013.9649031148,4.1523943,0
19014.0649031195,4.152473,0
19014.1649031243,4.1523943,0
19014.264903129,4.1525121,0
19014.3649031338,4.152473,0
19014.4649031385,4.1524334,0
19014.5649031433,4.1523547,0
19014.664903148,4.1523943,0
19014.7649031528,4.1523943,0
19014.8649031575,4.1523151,0
19014.9649031623,4.1521974,0
19015.064903167,4.152276,0
19015.1649031718,4.1523547,0
19015.2649031765,4.152276,0
19015.3649031813,4.1523151,0
19015.464903186,4.1523943,0
19015.5649031908,4.1523547,0
19015.6649031955,4.152276,0
19015.7649032003,4.152276,0
19015.864903205,4.152276,0
19015.9649032098,4.1522365,0
19016.0649032145,4.152276,0
19016.1649032193,4.1522365,0
19016.264903224,4.1523151,0
19016.3649032288,4.1522365,0
19016.4649032335,4.1521187,0
19016.5649032383,4.1523151,0
19016.664903243,4.1521974,0
19016.7649032478,4.1521974,0
19016.8649032525,4.1521187,0
19016.9649032573,4.1521974,0
19017.064903262,4.1521578,0
19017.1649032668,4.1520395,0
19017.2649032715,4.1521974,0
19017.3649032763,4.152276,0
19017.464903281,4.1521187,0
19017.5649032858,4.1521187,0
19017.6649032905,4.1521578,0
19017.7649032953,4.1520395,0
19017.8649033,4.1520395,0
19017.9649033048,4.1521578,0
19018.0649033095,4.1521187,0
19018.1649033143,4.1521578,0
19018.264903319,4.1520791,0
19018.3649033238,4.1521187,0
19018.4649033285,4.1519217,0
19018.5649033333,4.1520791,0
19018.664903338,4.1520395,0
19018.7649033428,4.1520791,0
19018.8649033475,4.1521187,0
19018.9649033523,4.1519608,0
19019.064903357,4.1519608,0
19019.1649033618,4.1520395,0
19019.2649033665,4.1520004,0
19019.3649033713,4.1520004,0
19019.464903376,4.1520004,0
19019.5649033808,4.1520004,0
19019.6649033855,4.1521187,0
19019.7649033903,4.1519217,0
19019.864903395,4.1519217,0
19019.9649033998,4.1518822,0
19020.0649034045,4.1519608,0
19020.1649034093,4.1520004,0
19020.264903414,4.1520395,0
19020.3649034188,4.1519217,0
19020.4649034235,4.1520791,0
19020.5649034283,4.1520004,0
19020.664903433,4.1519217,0
19020.7649034378,4.1519217,0
19020.8649034425,4.1519608,0
19020.9649034473,4.1519608,0
19021.064903452,4.1519217,0
19021.1649034568,4.1519217,0
19021.2649034615,4.1520395,0
19021.3649034663,4.1519217,0
19021.464903471,4.1518035,0
19021.5649034758,4.1519608,0
19021.6649034805,4.1519217,0
19021.7649034853,4.1519217,0
19021.86490349,4.1519217,0
19021.9649034948,4.1518822,0
19022.0649034995,4.1518431,0
19022.1649035043,4.1518822,0
19022.264903509,4.1520395,0
19022.3649035138,4.1519217,0
19022.4649035185,4.1518822,0
19022.5649035233,4.1517639,0
19022.664903528,4.1518822,0
19022.7649035328,4.1518035,0
19022.8649035375,4.1518035,0
19022.9649035423,4.1518035,0
19023.064903547,4.1518431,0
19023.1649035518,4.1518431,0
19023.2649035565,4.1518431,0
19023.3649035613,4.1518035,0
19023.464903566,4.1518035,0
19023.5649035708,4.1517248,0
19023.6649035755,4.1518035,0
19023.7649035803,4.1516852,0
19023.864903585,4.1518035,0
19023.9649035898,4.1518431,0
19024.0649035945,4.1518035,0
19024.1649035993,4.1518431,0
19024.264903604,4.1517248,0
19024.3649036088,4.1517248,0
19024.4649036135,4.1518035,0
19024.5649036183,4.1517248,0
19024.664903623,4.1517639,0
19024.7649036278,4.1517639,0
19024.8649036325,4.1517248,0
19024.9649036373,4.1516852,0
19025.064903642,4.1517248,0
19025.1649036468,4.1517639,0
19025.2649036515,4.1518035,0
19025.3649036563,4.1517639,0
19025.464903661,4.1517248,0
19025.5649036658,4.1518431,0
19025.6649036705,4.1517639,0
19025.7649036753,4.1516852,0
19025.86490368,4.1515279,0
19025.9649036848,4.1517248,0
19026.0649036895,4.1516461,0
19026.1649036943,4.1516461,0
19026.264903699,4.1516461,0
19026.3649037038,4.1516852,0
19026.4649037085,4.1516461,0
19026.5649037133,4.1515675,0
19026.664903718,4.1516852,0
19026.7649037228,4.1517248,0
19026.8649037275,4.1517639,0
19026.9649037323,4.1516852,0
19027.064903737,4.1516852,0
19027.1649037418,4.1516461,0
19027.2649037465,4.1516066,0
19027.3649037513,4.1517248,0
19027.464903756,4.1517639,0
19027.5649037607,4.1518431,0
19027.6649037655,4.1516852,0
19027.7649037702,4.1516461,0
19027.864903775,4.1516066,0
19027.9969037813,4.1295571,0
19027.9989037814,4.1284943,-0.95198041
19028.9989038289,4.125226,-0.96657721
19029.9989038764,4.1242814,-0.96618268
19030.9989039239,4.1235332,-0.96677448
19031.9989039714,4.1230211,-0.96776074
19032.9989040189,4.1223516,-0.96618268
19033.9989040663,4.1217613,-0.96677448
19034.9989041138,4.1212888,-0.96716901
19035.9989041613,4.1208949,-0.96736621
19036.9989042088,4.1205406,-0.96697168
19037.9989042563,4.1202254,-0.96697168
19038.9989043038,4.1196351,-0.96598547
19039.9989043513,4.1193199,-0.96776074
19040.9989043988,4.1189656,-0.96657721
19041.9989044463,4.1186113,-0.96657721
19042.9989044938,4.118257,-0.96618268
19043.9989045413,4.1179028,-0.96618268
19044.9989045888,4.1175876,-0.96697168
19045.9989046363,4.1173515,-0.96815521
19046.9989046838,4.1170363,-0.96756348
19047.9989047313,4.1166821,-0.96677448
19048.9989047788,4.1165247,-0.96756348
19049.9989048263,4.1162882,-0.96697168
19050.9989048738,4.1159339,-0.96697168
19051.9989049213,4.1156187,-0.96795795
19052.9989049688,4.1153827,-0.96736621
19053.9989050163,4.1152644,-0.96795795
19054.9989050638,4.1148314,-0.96716901
19055.9989051113,4.1145954,-0.96677448
19056.9989051588,4.1143589,-0.96756348
19057.9989052063,4.1142015,-0.96677448
19058.9989052538,4.1139259,-0.96677448
19059.9989053013,4.1136894,-0.96677448
19060.9989053488,4.113493,-0.96697168
19061.9989053963,4.1132174,-0.96637994
19062.9989054438,4.1131382,-0.96697168
19063.9989054913,4.1128626,-0.96776074
19064.9989055388,4.112587,-0.96618268
19065.9989055863,4.11239,-0.96677448
19066.9989056338,4.112154,-0.96697168
19067.9989056813,4.1119967,-0.96756348
19068.9989057288,4.111721,-0.96618268
19069.9989057763,4.1116028,-0.96697168
19070.9989058238,4.1114454,-0.96618268
19071.9989058713,4.1112876,-0.96618268
19072.9989059187,4.1110911,-0.96618268
19073.9989059662,4.1107759,-0.96716901
19074.9989060137,4.1106577,-0.96716901
19075.9989060612,4.1104217,-0.96598547
19076.9989061087,4.1103034,-0.96578815
19077.9989061562,4.1101851,-0.96657721
19078.9989062037,4.1099491,-0.96776074
19079.9989062512,4.1097131,-0.96657721
19080.9989062987,4.1095161,-0.96677448
19081.9989063462,4.1093979,-0.96776074
19082.9989063937,4.1092405,-0.96598547
19083.9989064412,4.1091223,-0.96677448
19084.9989064887,4.1088858,-0.96677448
19085.9989065362,4.1086893,-0.96697168
19086.9989065837,4.1086497,-0.96677448
19087.9989066312,4.1083345,-0.96657721
19088.9989066787,4.1082559,-0.96618268
19089.9989067262,4.1079803,-0.96598547
19090.9989067737,4.1079412,-0.96598547
19091.9989068212,4.1077046,-0.96637994
19092.9989068687,4.1075869,-0.96618268
19093.9989069162,4.1073112,-0.96677448
19094.9989069637,4.107193,-0.96618268
19095.9989070112,4.1070356,-0.96637994
19096.9989070587,4.1069961,-0.96716901
19097.9989071062,4.1066809,-0.96598547
19098.9989071537,4.1066418,-0.96736621
19099.9989072012,4.1065235,-0.96578815
19100.9989072487,4.1063662,-0.96795795
19101.9989072962,4.1062088,-0.96637994
19102.9989073437,4.1060119,-0.96618268
19103.9989073912,4.105854,-0.96736621
19104.9989074387,4.1057754,-0.96598547
19105.9989074862,4.1054997,-0.96598547
19106.9989075337,4.1054997,-0.96716901
19107.9989075812,4.1052241,-0.96677448
19108.9989076287,4.1050272,-0.96756348
19109.9989076762,4.1048698,-0.96716901
19110.9989077237,4.1047125,-0.96618268
19111.9989077711,4.1047912,-0.96697168
19112.9989078186,4.1045156,-0.96657721
19113.9989078661,4.1043582,-0.96657721
19114.9989079136,4.1043186,-0.96657721
19115.9989079611,4.104043,-0.96854974
19116.9989080086,4.104043,-0.96736621
19117.9989080561,4.1038461,-0.96637994
19118.9989081036,4.1037278,-0.96736621
19119.9989081511,4.1034918,-0.96637994
19120.9989081986,4.1034522,-0.96657721
19121.9989082461,4.1032948,-0.96677448
19122.9989082936,4.1030979,-0.96716901
19123.9989083411,4.1029801,-0.96736621
19124.9989083886,4.1029406,-0.96677448
19125.9989084361,4.1027045,-0.96618268
19126.9989084836,4.1026254,-0.96697168
19127.9989085311,4.1025076,-0.96618268
19128.9989085786,4.1023107,-0.96716901
19129.9989086261,4.1021137,-0.96697168
19130.9989086736,4.1021137,-0.96697168
19131.9989087211,4.1019168,-0.96835242
19132.9989087686,4.1018381,-0.96854974
19133.9989088161,4.1016808,-0.96933875
19134.9989088636,4.1016412,-0.96795795
19135.9989089111,4.1015229,-0.96835242
19136.9989089586,4.1012082,-0.96677448
19137.9989090061,4.1011686,-0.96618268
19138.9989090536,4.1010113,-0.96697168
19139.9989091011,4.100893,-0.96677448
19140.9989091486,4.1008143,-0.96716901
19141.9989091961,4.1005783,-0.96697168
19142.9989092436,4.1004992,-0.96657721
19143.9989092911,4.1003814,-0.96697168
19144.9989093386,4.1002631,-0.96657721
19145.9989093861,4.1002631,-0.96637994
19146.9989094336,4.0999875,-0.96637994
19147.9989094811,4.0998693,-0.96736621
19148.9989095286,4.0998302,-0.96736621
19149.9989095761,4.0997119,-0.96637994
19150.9989096236,4.099515,-0.96519647
19151.998909671,4.0994363,-0.96736621
19152.9989097185,4.0993576,-0.96736621
19153.998909766,4.0990424,-0.96716901
19154.9989098135,4.0989637,-0.96756348
19155.998909861,4.0989637,-0.96677448
19156.9989099085,4.0988064,-0.96716901
19157.998909956,4.098649,-0.96657721
19158.9989100035,4.0986094,-0.96677448
19159.998910051,4.0984912,-0.96637994
19160.9989100985,4.0982552,-0.96776074
19161.998910146,4.0981369,-0.96776074
19162.9989101935,4.0980978,-0.96618268
19163.998910241,4.0980186,-0.96736621
19164.9989102885,4.097743,-0.96657721
19165.998910336,4.0976253,-0.96578815
19166.9989103835,4.0976644,-0.96756348
19167.998910431,4.097507,-0.96578815
19168.9989104785,4.0972705,-0.96677448
19169.998910526,4.0973496,-0.96697168
19170.9989105735,4.0971918,-0.96697168
19171.998910621,4.097074,-0.96697168
19172.9989106685,4.0968771,-0.96637994
19173.998910716,4.0968375,-0.96598547
19174.9989107635,4.0967588,-0.96618268
19175.998910811,4.0965228,-0.96697168
19176.9989108585,4.0965619,-0.96716901
19177.998910906,4.0963259,-0.96578815
19178.9989109535,4.0962472,-0.96697168
19179.998911001,4.0960894,-0.96697168
19180.9989110485,4.0960107,-0.96578815
19181.998911096,4.0958533,-0.96756348
19182.9989111435,4.0957747,-0.96657721
19183.998911191,4.0956168,-0.96657721
19184.9989112385,4.0956564,-0.96756348
19185.998911286,4.0955777,-0.96578815
19186.9989113335,4.0954204,-0.96657721
19187.998911381,4.0953021,-0.96677448
19188.9989114285,4.0951838,-0.96618268
19189.998911476,4.0951447,-0.96618268
19190.9989115234,4.0949869,-0.96598547
19191.9989115709,4.0949869,-0.96697168
19192.9989116184,4.0947509,-0.96618268
19193.9989116659,4.0945935,-0.96637994
19194.9989117134,4.0946326,-0.96578815
19195.9989117609,4.0944753,-0.96677448
19196.9989118084,4.0942783,-0.96618268
19197.9989118559,4.094121,-0.96657721
19198.9989119034,4.0940814,-0.96697168
19199.9989119509,4.0939631,-0.96677448
19200.9989119984,4.0938454,-0.96657721
19201.9989120459,4.0938058,-0.96697168
19202.9989120934,4.0937662,-0.96736621
19203.9989121409,4.0935302,-0.96598547
19204.9989121884,4.0936089,-0.96657721
19205.9989122359,4.0932941,-0.96756348
19206.9989122834,4.0932546,-0.96815521
19207.9989123309,4.0931759,-0.96697168
19208.9989123784,4.0931363,-0.96795795
19209.9989124259,4.092979,-0.96697168
19210.9989124734,4.0928607,-0.96697168
19211.9989125209,4.0928216,-0.96578815
19212.9989125684,4.0926638,-0.96677448
19213.9989126159,4.0926247,-0.96657721
19214.9989126634,4.0924673,-0.96637994
19215.9989127109,4.0923491,-0.96637994
19216.9989127584,4.0923882,-0.96677448
19217.9989128059,4.0921521,-0.96657721
19218.9989128534,4.0919948,-0.96539368
19219.9989129009,4.0920339,-0.96637994
19220.9989129484,4.0918765,-0.96578815
19221.9989129959,4.0917583,-0.96618268
19222.9989130434,4.0916405,-0.96618268
19223.9989130909,4.0915222,-0.96677448
19224.9989131384,4.0915613,-0.96776074
19225.9989131859,4.0914435,-0.96657721
19226.9989132334,4.091404,-0.96578815
19227.9989132809,4.0912466,-0.96519647
19228.9989133284,4.0910892,-0.96795795
19229.9989133758,4.090971,-0.96637994
19230.9989134233,4.0907741,-0.96618268
19231.9989134708,4.0908136,-0.96756348
19232.9989135183,4.0906954,-0.96677448
19233.9989135658,4.0905771,-0.96677448
19234.9989136133,4.0906167,-0.96677448
19235.9989136608,4.0903802,-0.96716901
19236.9989137083,4.0904198,-0.96637994
19237.9989137558,4.0902228,-0.96677448
19238.9989138033,4.0901046,-0.96598547
19239.9989138508,4.0900259,-0.96618268
19240.9989138983,4.0899472,-0.96578815
19241.9989139458,4.0897503,-0.96598547
19242.9989139933,4.0898685,-0.96657721
19243.9989140408,4.0897107,-0.96637994
19244.9989140883,4.089632,-0.96657721
19245.9989141358,4.0895143,-0.96559094
19246.9989141833,4.089396,-0.96677448
19247.9989142308,4.0892777,-0.96559094
19248.9989142783,4.0893564,-0.96776074
19249.9989143258,4.0891991,-0.96618268
19250.9989143733,4.0891595,-0.96795795
19251.9989144208,4.088963,-0.96776074
19252.9989144683,4.0888839,-0.96677448
19253.9989145158,4.0887265,-0.96559094
19254.9989145633,4.0886874,-0.96677448
19255.9989146108,4.0886874,-0.96657721
19256.9989146583,4.0884905,-0.96598547
19257.9989147058,4.0884509,-0.96578815
19258.9989147533,4.0883722,-0.96736621
19259.9989148008,4.0882149,-0.96657721
19260.9989148483,4.0880966,-0.96736621
19261.9989148958,4.088057,-0.96756348
19262.9989149433,4.0879393,-0.96756348
19263.9989149908,4.0879784,-0.96559094
19264.9989150383,4.087821,-0.96657721
19265.9989150858,4.0877423,-0.96677448
19266.9989151333,4.0875058,-0.96677448
19267.9989151808,4.0874271,-0.96657721
19268.9989152282,4.0874271,-0.96657721
19269.9989152757,4.0872698,-0.96657721
19270.9989153232,4.0873094,-0.96716901
19271.9989153707,4.0871124,-0.96618268
19272.9989154182,4.0870728,-0.96499915
19273.9989154657,4.0869942,-0.96756348
19274.9989155132,4.0869546,-0.96854974
19275.9989155607,4.0867972,-0.96519647
19276.9989156082,4.086679,-0.96677448
19277.9989156557,4.0866399,-0.96578815
19278.9989157032,4.0866003,-0.96657721
19279.9989157507,4.0865612,-0.96697168
19280.9989157982,4.0863247,-0.96677448
19281.9989158457,4.0863643,-0.96578815
19282.9989158932,4.0861673,-0.96657721
19283.9989159407,4.086246,-0.96736621
19284.9989159882,4.0860887,-0.96677448
19285.9989160357,4.0859308,-0.96598547
19286.9989160832,4.0858917,-0.96657721
19287.9989161307,4.0857735,-0.96677448
19288.9989161782,4.0857735,-0.96637994
19289.9989162257,4.0855374,-0.96835242
19290.9989162732,4.0854979,-0.96618268
19291.9989163207,4.0854192,-0.96716901
19292.9989163682,4.0854192,-0.96677448
19293.9989164157,4.0854588,-0.96697168
19294.9989164632,4.0853405,-0.96637994
19295.9989165107,4.0851831,-0.96657721
19296.9989165582,4.0851436,-0.96697168
19297.9989166057,4.085104,-0.96637994
19298.9989166532,4.0850253,-0.96657721
19299.9989167007,4.0848284,-0.96677448
19300.9989167482,4.0848284,-0.96756348
19301.9989167957,4.0847893,-0.96716901
19302.9989168432,4.084671,-0.96716901
19303.9989168907,4.084435,-0.96657721
19304.9989169382,4.0843954,-0.96756348
19305.9989169857,4.0843954,-0.96618268
19306.9989170332,4.0841985,-0.96697168
19307.9989170806,4.0841985,-0.96716901
19308.9989171281,4.0841198,-0.96756348
19309.9989171756,4.0841198,-0.96716901
19310.9989172231,4.0839229,-0.96716901
19311.9989172706,4.0837655,-0.96795795
19312.9989173181,4.0838442,-0.96657721
19313.9989173656,4.0836473,-0.96677448
19314.9989174131,4.0837259,-0.96736621
19315.9989174606,4.0835686,-0.96697168
19316.9989175081,4.0834899,-0.96598547
19317.9989175556,4.0833716,-0.96677448
19318.9989176031,4.0832143,-0.96697168
19319.9989176506,4.0832143,-0.96697168
19320.9989176981,4.0831747,-0.96736621
19321.9989177456,4.0831356,-0.96677448
19322.9989177931,4.0830173,-0.96637994
19323.9989178406,4.08286,-0.96677448
19324.9989178881,4.0827813,-0.96618268
19325.9989179356,4.0827813,-0.96598547
19326.9989179831,4.0827417,-0.96756348
19327.9989180306,4.0825844,-0.96677448
19328.9989180781,4.0826235,-0.96637994
19329.9989181256,4.0824265,-0.96697168
19330.9989181731,4.0823479,-0.96578815
19331.9989182206,4.0823088,-0.96618268
19332.9989182681,4.0823088,-0.96677448
19333.9989183156,4.0820723,-0.96657721
19334.9989183631,4.0820723,-0.96736621
19335.9989184106,4.0821118,-0.96578815
19336.9989184581,4.0819936,-0.96578815
19337.9989185056,4.0819545,-0.96716901
19338.9989185531,4.0818753,-0.96637994
19339.9989186006,4.0816789,-0.96598547
19340.9989186481,4.0816393,-0.96598547
19341.9989186956,4.0816789,-0.96736621
19342.9989187431,4.0815606,-0.96657721
19343.9989187906,4.0813241,-0.96736621
19344.9989188381,4.0814424,-0.96736621
19345.9989188856,4.081285,-0.96657721
19346.9989189331,4.0813241,-0.96716901
19347.9989189805,4.0811667,-0.96657721
19348.998919028,4.0810485,-0.96697168
19349.9989190755,4.0809698,-0.96637994
19350.998919123,4.0809698,-0.96657721
19351.9989191705,4.0808911,-0.96657721
19352.998919218,4.0808911,-0.96795795
19353.9989192655,4.0807729,-0.96559094
19354.998919313,4.0806942,-0.96598547
19355.9989193605,4.0806155,-0.96657721
19356.998919408,4.0804186,-0.96716901
19357.9989194555,4.0803795,-0.96618268
19358.998919503,4.0802612,-0.96618268
19359.9989195505,4.0803399,-0.96677448
19360.998919598,4.080143,-0.96598547
19361.9989196455,4.0802217,-0.96657721
19362.998919693,4.0800643,-0.96697168
19363.9989197405,4.079946,-0.96578815
19364.998919788,4.0799856,-0.96736621
19365.9989198355,4.0799069,-0.96637994
19366.998919883,4.0797887,-0.96716901
19367.9989199305,4.0797496,-0.96677448
19368.998919978,4.0796313,-0.96756348
19369.9989200255,4.0796704,-0.96657721
19370.998920073,4.0794735,-0.96736621
19371.9989201205,4.0793948,-0.96677448
19372.998920168,4.0795918,-0.96578815
19373.9989202155,4.0793161,-0.96677448
19374.998920263,4.079277,-0.96677448
19375.9989203105,4.0790801,-0.96756348
19376.998920358,4.0790801,-0.96736621
19377.9989204055,4.0790405,-0.96637994
19378.998920453,4.0788832,-0.96598547
19379.9989205005,4.0789223,-0.96618268
19380.998920548,4.0789223,-0.96795795
19381.9989205955,4.0787649,-0.96736621
19382.998920643,4.0788045,-0.96697168
19383.9989206905,4.078568,-0.96795795
19384.998920738,4.0785289,-0.96657721
19385.9989207855,4.0784893,-0.96637994
19386.9989208329,4.078371,-0.96716901
19387.9989208804,4.078371,-0.96578815
19388.9989209279,4.0783319,-0.96578815
19389.9989209754,4.0781746,-0.96697168
19390.9989210229,4.0781746,-0.96756348
19391.9989210704,4.0780168,-0.96657721
19392.9989211179,4.078135,-0.96637994
19393.9989211654,4.0779777,-0.96637994
19394.9989212129,4.077899,-0.96559094
19395.9989212604,4.0778594,-0.96756348
19396.9989213079,4.0777411,-0.96697168
19397.9989213554,4.0777411,-0.96677448
19398.9989214029,4.077702,-0.96716901
19399.9989214504,4.0775838,-0.96657721
19400.9989214979,4.0775051,-0.96697168
19401.9989215454,4.0773478,-0.96578815
19402.9989215929,4.0774264,-0.96756348
19403.9989216404,4.0772686,-0.96815521
19404.9989216879,4.0771899,-0.96776074
19405.9989217354,4.0772295,-0.96697168
19406.9989217829,4.0771899,-0.96618268
19407.9989218304,4.0771112,-0.96736621
19408.9989218779,4.0771112,-0.96637994
19409.9989219254,4.076993,-0.96677448
19410.9989219729,4.0769539,-0.96776074
19411.9989220204,4.0768356,-0.96618268
19412.9989220679,4.076757,-0.96618268
19413.9989221154,4.07656,-0.96657721
19414.9989221629,4.07656,-0.96756348
19415.9989222104,4.0765996,-0.96716901
19416.9989222579,4.0764027,-0.96657721
19417.9989223054,4.0764813,-0.96736621
19418.9989223529,4.0764027,-0.96697168
19419.9989224004,4.0762057,-0.96618268
19420.9989224479,4.0761662,-0.96776074
19421.9989224954,4.0760875,-0.96736621
19422.9989225429,4.0761662,-0.96697168
19423.9989225904,4.0760484,-0.96697168
19424.9989226379,4.0759301,-0.96578815
19425.9989226853,4.0760088,-0.96716901
19426.9989227328,4.0760088,-0.96736621
19427.9989227803,4.0758119,-0.96618268
19428.9989228278,4.0757728,-0.96795795
19429.9989228753,4.0756545,-0.96657721
19430.9989229228,4.0757332,-0.96657721
19431.9989229703,4.0755363,-0.96697168
19432.9989230178,4.0755363,-0.96697168
19433.9989230653,4.0753393,-0.96657721
19434.9989231128,4.0753393,-0.96716901
19435.9989231603,4.0752606,-0.96598547
19436.9989232078,4.0753393,-0.96598547
19437.9989232553,4.0752215,-0.96618268
19438.9989233028,4.0751424,-0.96637994
19439.9989233503,4.074985,-0.96776074
19440.9989233978,4.0750637,-0.96598547
19441.9989234453,4.0749459,-0.96756348
19442.9989234928,4.0749063,-0.96637994
19443.9989235403,4.0748668,-0.96795795
19444.9989235878,4.0747094,-0.96559094
19445.9989236353,4.074749,-0.96697168
19446.9989236828,4.0746703,-0.96697168
19447.9989237303,4.0745912,-0.96637994
19448.9989237778,4.0746307,-0.96835242
19449.9989238253,4.0744734,-0.96657721
19450.9989238728,4.0745125,-0.96697168
19451.9989239203,4.0743551,-0.96618268
19452.9989239678,4.0742369,-0.96637994
19453.9989240153,4.0743155,-0.96657721
19454.9989240628,4.0742764,-0.96697168
19455.9989241103,4.0741191,-0.96736621
19456.9989241578,4.0740399,-0.96559094
19457.9989242053,4.0740795,-0.96677448
19458.9989242528,4.0740399,-0.96618268
19459.9989243003,4.0738826,-0.96677448
19460.9989243478,4.0738826,-0.96716901
19461.9989243953,4.0738435,-0.96776074
19462.9989244428,4.0736465,-0.96716901
19463.9989244903,4.0737252,-0.96637994
19464.9989245377,4.073607,-0.96637994
19465.9989245852,4.0735679,-0.96618268
19466.9989246327,4.073607,-0.96618268
19467.9989246802,4.07341,-0.96716901
19468.9989247277,4.0732923,-0.96697168
19469.9989247752,4.0733709,-0.96618268
19470.9989248227,4.0732131,-0.96716901
19471.9989248702,4.0732923,-0.96637994
19472.9989249177,4.0730953,-0.96835242
19473.9989249652,4.0732131,-0.96677448
19474.9989250127,4.0730557,-0.96637994
19475.9989250602,4.0729771,-0.96657721
19476.9989251077,4.0729375,-0.96716901
19477.9989251552,4.0729771,-0.96657721
19478.9989252027,4.0728588,-0.96756348
19479.9989252502,4.0728197,-0.96618268
19480.9989252977,4.0727015,-0.96677448
19481.9989253452,4.0726619,-0.96736621
19482.9989253927,4.0725832,-0.96637994
19483.9989254402,4.0725832,-0.96637994
19484.9989254877,4.0726228,-0.96480194
19485.9989255352,4.0723863,-0.96618268
19486.9989255827,4.0723472,-0.96736621
19487.9989256302,4.0723472,-0.96697168
19488.9989256777,4.0723472,-0.96657721
19489.9989257252,4.0722685,-0.96578815
19490.9989257727,4.0721502,-0.96618268
19491.9989258202,4.0721107,-0.96598547
19492.9989258677,4.0721107,-0.96677448
19493.9989259152,4.0719929,-0.96578815
19494.9989259627,4.072032,-0.96578815
19495.9989260102,4.071835,-0.96539368
19496.9989260577,4.071835,-0.96539368
19497.9989261052,4.071835,-0.96716901
19498.9989261527,4.0717173,-0.96697168
19499.9989262002,4.0717564,-0.96657721
19500.9989262477,4.0717173,-0.96578815
19501.9989262952,4.071599,-0.96657721
19502.9989263427,4.0715594,-0.96657721
19503.9989263902,4.0714417,-0.96677448
19504.9989264376,4.0714021,-0.96697168
19505.9989264851,4.0713234,-0.96637994
19506.9989265326,4.0712838,-0.96677448
19507.9989265801,4.0710869,-0.96637994
19508.9989266276,4.0712447,-0.96657721
19509.9989266751,4.0710478,-0.96637994
19510.9989267226,4.071166,-0.96697168
19511.9989267701,4.0710082,-0.96697168
19512.9989268176,4.0708508,-0.96657721
19513.9989268651,4.0708113,-0.96677448
19514.9989269126,4.0707722,-0.96756348
19515.9989269601,4.0708508,-0.96776074
19516.9989270076,4.0706539,-0.96637994
19517.9989270551,4.0706539,-0.96795795
19518.9989271026,4.0707326,-0.96677448
19519.9989271501,4.0706148,-0.96657721
19520.9989271976,4.070457,-0.96578815
19521.9989272451,4.0705752,-0.96618268
19522.9989272926,4.0705357,-0.96657721
19523.9989273401,4.0703392,-0.96697168
19524.9989273876,4.0703392,-0.96697168
19525.9989274351,4.07026,-0.96776074
19526.9989274826,4.07026,-0.96736621
19527.9989275301,4.0701423,-0.96677448
19528.9989275776,4.070024,-0.96736621
19529.9989276251,4.070024,-0.96677448
19530.9989276726,4.0699058,-0.96716901
19531.9989277201,4.0699058,-0.96677448
19532.9989277676,4.0699058,-0.96677448
19533.9989278151,4.0699453,-0.96618268
19534.9989278626,4.0698667,-0.96677448
19535.9989279101,4.0696697,-0.96559094
19536.9989279576,4.0696301,-0.96637994
19537.9989280051,4.0697088,-0.96637994
19538.9989280526,4.069591,-0.96677448
19539.9989281001,4.0696697,-0.96736621
19540.9989281476,4.069591,-0.96677448
19541.9989281951,4.0693941,-0.96677448
19542.9989282426,4.0694332,-0.96657721
19543.99892829,4.0693154,-0.96736621
19544.9989283375,4.0692368,-0.96618268
19545.998928385,4.0693154,-0.96598547
19546.9989284325,4.0693154,-0.96677448
19547.99892848,4.0691972,-0.96697168
19548.9989285275,4.0690789,-0.96716901
19549.998928575,4.0690789,-0.96578815
19550.9989286225,4.0690398,-0.96657721
19551.99892867,4.0689611,-0.96618268
19552.9989287175,4.0688429,-0.96559094
19553.998928765,4.068882,-0.96618268
19554.9989288125,4.0688429,-0.96697168
19555.99892886,4.0688033,-0.96736621
19556.9989289075,4.0688033,-0.96657721
19557.998928955,4.0686855,-0.96677448
19558.9989290025,4.0685673,-0.96637994
19559.99892905,4.0685673,-0.96637994
19560.9989290975,4.0686064,-0.96716901
19561.998929145,4.0685673,-0.96657721
19562.9989291925,4.0683703,-0.96618268
19563.99892924,4.0684099,-0.96657721
19564.9989292875,4.0683308,-0.96697168
19565.998929335,4.0682917,-0.96598547
19566.9989293825,4.068213,-0.96559094
19567.99892943,4.0682521,-0.96578815
19568.9989294775,4.0681734,-0.96697168
19569.998929525,4.0680947,-0.96697168
19570.9989295725,4.0679765,-0.96756348
19571.99892962,4.0680161,-0.96716901
19572.9989296675,4.0678978,-0.96716901
19573.998929715,4.0678191,-0.96697168
19574.9989297625,4.0677404,-0.96776074
19575.99892981,4.0677404,-0.96657721
19576.9989298575,4.0677404,-0.96657721
19577.998929905,4.0675826,-0.96657721
19578.9989299525,4.0676222,-0.96618268
19579.99893,4.0675039,-0.96776074
19580.9989300475,4.0676222,-0.96776074
19581.998930095,4.0675826,-0.96795795
19582.9989301424,4.0674253,-0.96618268
19583.9989301899,4.0674253,-0.96874695
19584.9989302374,4.0673862,-0.96716901
19585.9989302849,4.067307,-0.96618268
19586.9989303324,4.067307,-0.96637994
19587.9989303799,4.0671496,-0.96657721
19588.9989304274,4.0671892,-0.96776074
19589.9989304749,4.0671496,-0.96736621
19590.9989305224,4.0671496,-0.96637994
19591.9989305699,4.067071,-0.96736621
19592.9989306174,4.067071,-0.96657721
19593.9989306649,4.0669527,-0.96716901
19594.9989307124,4.0670314,-0.96677448
19595.9989307599,4.0667558,-0.96598547
19596.9989308074,4.066874,-0.96637994
19597.9989308549,4.0667953,-0.96657721
19598.9989309024,4.066638,-0.96637994
19599.9989309499,4.0667167,-0.96657721
19600.9989309974,4.066638,-0.96736621
19601.9989310449,4.0665593,-0.96598547
19602.9989310924,4.0664411,-0.96598547
19603.9989311399,4.0664411,-0.96598547
19604.9989311874,4.0664802,-0.96716901
19605.9989312349,4.0664411,-0.96716901
19606.9989312824,4.0662837,-0.96637994
19607.9989313299,4.0664411,-0.96657721
19608.9989313774,4.0662441,-0.96657721
19609.9989314249,4.0662837,-0.96776074
19610.9989314724,4.0662045,-0.96697168
19611.9989315199,4.0662045,-0.96637994
19612.9989315674,4.0660868,-0.96637994
19613.9989316149,4.0660868,-0.96657721
19614.9989316624,4.0660472,-0.96598547
19615.9989317099,4.0660081,-0.96677448
19616.9989317574,4.0659685,-0.96657721
19617.9989318049,4.0659289,-0.96736621
19618.9989318524,4.0658898,-0.96697168
19619.9989318999,4.0658112,-0.96637994
19620.9989319474,4.0658898,-0.96736621
19621.9989319948,4.0658112,-0.96716901
19622.9989320423,4.0656533,-0.96618268
19623.9989320898,4.0655746,-0.96716901
19624.9989321373,4.065496,-0.96618268
19625.9989321848,4.0656142,-0.96697168
19626.9989322323,4.0655355,-0.96637994
19627.9989322798,4.0654569,-0.96697168
19628.9989323273,4.0653777,-0.96835242
19629.9989323748,4.0653777,-0.96795795
19630.9989324223,4.0654173,-0.96637994
19631.9989324698,4.0653386,-0.96697168
19632.9989325173,4.0651417,-0.96677448
19633.9989325648,4.0652599,-0.96756348
19634.9989326123,4.0651417,-0.96637994
19635.9989326598,4.065063,-0.96677448
19636.9989327073,4.0649843,-0.96677448
19637.9989327548,4.0649447,-0.96697168
19638.9989328023,4.065063,-0.96539368
19639.9989328498,4.0649447,-0.96716901
19640.9989328973,4.0649056,-0.96657721
19641.9989329448,4.0648265,-0.96578815
19642.9989329923,4.0648265,-0.96637994
19643.9989330398,4.0647478,-0.96539368
19644.9989330873,4.0647874,-0.96598547
19645.9989331348,4.0646296,-0.96657721
19646.9989331823,4.0645509,-0.96637994
19647.9989332298,4.0645118,-0.96637994
19648.9989332773,4.0645118,-0.96618268
19649.9989333248,4.0645509,-0.96657721
19650.9989333723,4.0644722,-0.96716901
19651.9989334198,4.0644331,-0.96716901
19652.9989334673,4.0643539,-0.96795795
19653.9989335148,4.0643148,-0.96795795
19654.9989335623,4.0642362,-0.96657721
19655.9989336098,4.0642362,-0.96716901
19656.9989336573,4.0642362,-0.96756348
19657.9989337048,4.0640783,-0.96716901
19658.9989337523,4.0641575,-0.96736621
19659.9989337998,4.0639606,-0.96598547
19660.9989338473,4.0639997,-0.96598547
19661.9989338947,4.0640392,-0.96736621
19662.9989339422,4.0639606,-0.96716901
19663.9989339897,4.0639997,-0.96618268
19664.9989340372,4.063921,-0.96815521
19665.9989340847,4.0638027,-0.96677448
19666.9989341322,4.0638027,-0.96657721
19667.9989341797,4.0636849,-0.96598547
19668.9989342272,4.0637636,-0.96578815
19669.9989342747,4.0636454,-0.96637994
19670.9989343222,4.0636454,-0.96598547
19671.9989343697,4.0636849,-0.96657721
19672.9989344172,4.0636063,-0.96677448
19673.9989344647,4.0635271,-0.96637994
19674.9989345122,4.063488,-0.96697168
19675.9989345597,4.063488,-0.96716901
19676.9989346072,4.0633698,-0.96756348
19677.9989346547,4.0634093,-0.96539368
19678.9989347022,4.0631337,-0.96736621
19679.9989347497,4.0632911,-0.96716901
19680.9989347972,4.0632515,-0.96618268
19681.9989348447,4.0630941,-0.96697168
19682.9989348922,4.0631337,-0.96637994
19683.9989349397,4.063055,-0.96637994
19684.9989349872,4.0630155,-0.96618268
19685.9989350347,4.0629759,-0.96637994
19686.9989350822,4.0629759,-0.96716901
19687.9989351297,4.0629759,-0.96776074
19688.9989351772,4.0629759,-0.96657721
19689.9989352247,4.0628972,-0.96657721
19690.9989352722,4.0628185,-0.96657721
19691.9989353197,4.0627398,-0.96618268
19692.9989353672,4.0627398,-0.96697168
19693.9989354147,4.0626612,-0.96677448
19694.9989354622,4.0627398,-0.96677448
19695.9989355097,4.0626612,-0.96637994
19696.9989355572,4.0626216,-0.96618268
19697.9989356047,4.0625038,-0.96539368
19698.9989356522,4.0625038,-0.96657721
19699.9989356997,4.0624247,-0.96677448
19700.9989357471,4.0623069,-0.96657721
19701.9989357946,4.0624247,-0.96697168
19702.9989358421,4.0623069,-0.96756348
19703.9989358896,4.0623069,-0.96657721
19704.9989359371,4.0622673,-0.96677448
19705.9989359846,4.0621886,-0.96559094
19706.9989360321,4.0622282,-0.96697168
19707.9989360796,4.062149,-0.96578815
19708.9989361271,4.0621099,-0.96618268
19709.9989361746,4.0620704,-0.96697168
19710.9989362221,4.0619526,-0.96677448
19711.9989362696,4.0619526,-0.96756348
19712.9989363171,4.0620313,-0.96598547
19713.9989363646,4.061913,-0.96736621
19714.9989364121,4.061913,-0.96618268
19715.9989364596,4.0618343,-0.96815521
19716.9989365071,4.0618734,-0.96637994
19717.9989365546,4.0617948,-0.96657721
19718.9989366021,4.0617557,-0.96637994
19719.9989366496,4.0617161,-0.96578815
19720.9989366971,4.061677,-0.96578815
19721.9989367446,4.0615978,-0.96539368
19722.9989367921,4.0615587,-0.96697168
19723.9989368396,4.06148,-0.96618268
19724.9989368871,4.0613618,-0.96598547
19725.9989369346,4.06148,-0.96637994
19726.9989369821,4.0613618,-0.96637994
19727.9989370296,4.0613618,-0.96618268
19728.9989370771,4.0612831,-0.96578815
19729.9989371246,4.0612831,-0.96756348
19730.9989371721,4.0613222,-0.96598547
19731.9989372196,4.0612435,-0.96559094
19732.9989372671,4.0612831,-0.96677448
19733.9989373146,4.0611258,-0.96657721
19734.9989373621,4.0611258,-0.96578815
19735.9989374096,4.0611258,-0.96499915
19736.9989374571,4.0610075,-0.96697168
19737.9989375046,4.0610862,-0.96795795
19738.9989375521,4.0609288,-0.96578815
19739.9989375995,4.0608892,-0.96578815
19740.998937647,4.0608497,-0.96716901
19741.9989376945,4.0608106,-0.96657721
19742.998937742,4.0608106,-0.96697168
19743.9989377895,4.0608106,-0.96657721
19744.998937837,4.0607319,-0.96716901
19745.9989378845,4.0607319,-0.96697168
19746.998937932,4.0606136,-0.96657721
19747.9989379795,4.0604563,-0.96677448
19748.998938027,4.060535,-0.96637994
19749.9989380745,4.0604167,-0.96598547
19750.998938122,4.0604563,-0.96677448
19751.9989381695,4.0604954,-0.96578815
19752.998938217,4.060338,-0.96815521
19753.9989382645,4.060338,-0.96618268
19754.998938312,4.060338,-0.96637994
19755.9989383595,4.060338,-0.96598547
19756.998938407,4.0602593,-0.96618268
19757.9989384545,4.0602593,-0.96677448
19758.998938502,4.0601411,-0.96677448
19759.9989385495,4.0601807,-0.96697168
19760.998938597,4.0601411,-0.96618268
19761.9989386445,4.060102,-0.96815521
19762.998938692,4.0600228,-0.96716901
19763.9989387395,4.0599837,-0.96835242
19764.998938787,4.0599442,-0.96677448
19765.9989388345,4.0599051,-0.96776074
19766.998938882,4.0599051,-0.96677448
19767.9989389295,4.0597472,-0.96637994
19768.998938977,4.0597868,-0.96657721
19769.9989390245,4.0597472,-0.96716901
19770.998939072,4.0596685,-0.96559094
19771.9989391195,4.0596294,-0.96637994
19772.998939167,4.0597081,-0.96637994
19773.9989392145,4.0595899,-0.96578815
19774.998939262,4.0596685,-0.96618268
19775.9989393095,4.0595508,-0.96756348
19776.998939357,4.0594325,-0.96578815
19777.9989394045,4.0595112,-0.96637994
19778.9989394519,4.0595112,-0.96657721
19779.9989394994,4.0593929,-0.96618268
19780.9989395469,4.0593538,-0.96539368
19781.9989395944,4.0593538,-0.96736621
19782.9989396419,4.0592752,-0.96618268
19783.9989396894,4.0592356,-0.96637994
19784.9989397369,4.0593143,-0.96697168
19785.9989397844,4.0591569,-0.96756348
19786.9989398319,4.0591569,-0.96677448
19787.9989398794,4.0589995,-0.96637994
19788.9989399269,4.0591173,-0.96598547
19789.9989399744,4.0590386,-0.96677448
19790.9989400219,4.0590386,-0.96657721
19791.9989400694,4.0589204,-0.96697168
19792.9989401169,4.0590782,-0.96716901
19793.9989401644,4.0590386,-0.96736621
19794.9989402119,4.058763,-0.96677448
19795.9989402594,4.0588026,-0.96578815
19796.9989403069,4.058763,-0.96776074
19797.9989403544,4.058763,-0.96657721
19798.9989404019,4.058763,-0.96598547
19799.9989404494,4.0586057,-0.96677448
19800.9989404969,4.058763,-0.96598547
19801.9989405444,4.0585661,-0.96697168
19802.9989405919,4.0585661,-0.96677448
19803.9989406394,4.0585661,-0.96677448
19804.9989406869,4.0584483,-0.96637994
19805.9989407344,4.0584087,-0.96559094
19806.9989407819,4.0584874,-0.96874695
19807.9989408294,4.0583692,-0.96795795
19808.9989408769,4.0583301,-0.96835242
19809.9989409244,4.0583301,-0.96716901
19810.9989409719,4.0583301,-0.96697168
19811.9989410194,4.0582905,-0.96736621
19812.9989410669,4.0582905,-0.96637994
19813.9989411144,4.0580935,-0.96697168
19814.9989411619,4.0581727,-0.96835242
19815.9989412094,4.0582118,-0.96716901
19816.9989412569,4.0579758,-0.96559094
19817.9989413044,4.0579758,-0.96578815
19818.9989413518,4.0580149,-0.96697168
19819.9989413993,4.0580149,-0.96736621
19820.9989414468,4.0579758,-0.96657721
19821.9989414943,4.0578971,-0.96598547
19822.9989415418,4.0578971,-0.96697168
19823.9989415893,4.0578179,-0.96697168
19824.9989416368,4.0578179,-0.96637994
19825.9989416843,4.0578179,-0.96716901
19826.9989417318,4.0576606,-0.96776074
19827.9989417793,4.0576606,-0.96499915
19828.9989418268,4.0577393,-0.96637994
19829.9989418743,4.0576606,-0.96697168
19830.9989419218,4.0575423,-0.96598547
19831.9989419693,4.0575819,-0.96677448
19832.9989420168,4.0574636,-0.96637994
19833.9989420643,4.0574636,-0.96618268
19834.9989421118,4.0573063,-0.96637994
19835.9989421593,4.057385,-0.96677448
19836.9989422068,4.057385,-0.96657721
19837.9989422543,4.0573063,-0.96539368
19838.9989423018,4.0572667,-0.96598547
19839.9989423493,4.0572276,-0.96657721
19840.9989423968,4.0573063,-0.96716901
19841.9989424443,4.0572667,-0.96637994
19842.9989424918,4.0571094,-0.96677448
19843.9989425393,4.057188,-0.96578815
19844.9989425868,4.0571094,-0.96677448
19845.9989426343,4.0570698,-0.96637994
19846.9989426818,4.0569911,-0.96618268
19847.9989427293,4.0569911,-0.96795795
19848.9989427768,4.0569124,-0.96618268
19849.9989428243,4.0569124,-0.96716901
19850.9989428718,4.0567942,-0.96598547
19851.9989429193,4.0568337,-0.96637994
19852.9989429668,4.0568337,-0.96657721
19853.9989430143,4.0567942,-0.96578815
19854.9989430618,4.0567942,-0.96716901
19855.9989431093,4.0566764,-0.96697168
19856.9989431568,4.0567551,-0.96637994
19857.9989432042,4.0565581,-0.96716901
19858.9989432517,4.0565977,-0.96657721
19859.9989432992,4.0566368,-0.96657721
19860.9989433467,4.0565977,-0.96578815
19861.9989433942,4.0565581,-0.96637994
19862.9989434417,4.0565977,-0.96736621
19863.9989434892,4.0564008,-0.96637994
19864.9989435367,4.0564399,-0.96618268
19865.9989435842,4.0564008,-0.96618268
19866.9989436317,4.0563612,-0.96697168
19867.9989436792,4.0562825,-0.96598547
19868.9989437267,4.0562825,-0.96736621
19869.9989437742,4.0563221,-0.96657721
19870.9989438217,4.0563221,-0.96618268
19871.9989438692,4.0562825,-0.96637994
19872.9989439167,4.0562429,-0.96677448
19873.9989439642,4.0561252,-0.96677448
19874.9989440117,4.0562038,-0.96618268
19875.9989440592,4.0560069,-0.96657721
19876.9989441067,4.0560069,-0.96637994
19877.9989441542,4.0561643,-0.96637994
19878.9989442017,4.0560069,-0.96637994
19879.9989442492,4.0559673,-0.96578815
19880.9989442967,4.0558496,-0.96697168
19881.9989443442,4.0557709,-0.96716901
19882.9989443917,4.0556917,-0.96677448
19883.9989444392,4.0556917,-0.96697168
19884.9989444867,4.0557313,-0.96657721
19885.9989445342,4.0557709,-0.96618268
19886.9989445817,4.0556526,-0.96578815
19887.9989446292,4.055613,-0.96835242
19888.9989446767,4.0556917,-0.96795795
19889.9989447242,4.0556526,-0.96618268
19890.9989447717,4.0555739,-0.96637994
19891.9989448192,4.0554953,-0.96697168
19892.9989448667,4.0554953,-0.96697168
19893.9989449142,4.0553374,-0.96657721
19894.9989449617,4.0553374,-0.96618268
19895.9989450092,4.0553374,-0.96677448
19896.9989450566,4.0552983,-0.96677448
19897.9989451041,4.0553374,-0.96637994
19898.9989451516,4.0552588,-0.96677448
19899.9989451991,4.0551801,-0.96559094
19900.9989452466,4.0552197,-0.96677448
19901.9989452941,4.0551801,-0.96697168
19902.9989453416,4.0551405,-0.96776074
19903.9989453891,4.0551801,-0.96776074
19904.9989454366,4.054944,-0.96736621
19905.9989454841,4.0549831,-0.96677448
19906.9989455316,4.0550618,-0.96776074
19907.9989455791,4.0549831,-0.96716901
19908.9989456266,4.0548649,-0.96559094
19909.9989456741,4.0549045,-0.96578815
19910.9989457216,4.0547075,-0.96776074
19911.9989457691,4.0546684,-0.96618268
19912.9989458166,4.0547862,-0.96697168
19913.9989458641,4.0547075,-0.96756348
19914.9989459116,4.0546288,-0.96618268
19915.9989459591,4.0546684,-0.96559094
19916.9989460066,4.0546684,-0.96716901
19917.9989460541,4.0545106,-0.96716901
19918.9989461016,4.0545106,-0.96637994
19919.9989461491,4.0545502,-0.96598547
19920.9989461966,4.0545502,-0.96854974
19921.9989462441,4.0545106,-0.96697168
19922.9989462916,4.0544319,-0.96716901
19923.9989463391,4.0544715,-0.96637994
19924.9989463866,4.0544319,-0.96657721
19925.9989464341,4.0543137,-0.96795795
19926.9989464816,4.0543137,-0.96598547
19927.9989465291,4.054235,-0.96716901
19928.9989465766,4.0543532,-0.96657721
19929.9989466241,4.0542746,-0.96657721
19930.9989466716,4.054235,-0.96677448
19931.9989467191,4.0541959,-0.96598547
19932.9989467666,4.0541959,-0.96736621
19933.9989468141,4.0540776,-0.96578815
19934.9989468616,4.0541172,-0.96657721
19935.998946909,4.054038,-0.96657721
19936.9989469565,4.0539594,-0.96697168
19937.998947004,4.0539594,-0.96756348
19938.9989470515,4.0538416,-0.96736621
19939.998947099,4.0537624,-0.96677448
19940.9989471465,4.053802,-0.96677448
19941.998947194,4.053802,-0.96815521
19942.9989472415,4.053802,-0.96598547
19943.998947289,4.0536838,-0.96598547
19944.9989473365,4.0537624,-0.96657721
19945.998947384,4.0536838,-0.96578815
19946.9989474315,4.0537233,-0.96736621
19947.998947479,4.0536447,-0.96598547
19948.9989475265,4.0535264,-0.96716901
19949.998947574,4.0536447,-0.96677448
19950.9989476215,4.0534868,-0.96776074
19951.998947669,4.0535264,-0.96697168
19952.9989477165,4.0534868,-0.96776074
19953.998947764,4.053369,-0.96618268
19954.9989478115,4.0534477,-0.96736621
19955.998947859,4.0534081,-0.96578815
19956.9989479065,4.053369,-0.96736621
19957.998947954,4.0533295,-0.96598547
19958.9989480015,4.0532899,-0.96618268
19959.998948049,4.0532508,-0.96598547
19960.9989480965,4.0532112,-0.96716901
19961.998948144,4.0530539,-0.96716901
19962.9989481915,4.0531721,-0.96677448
19963.998948239,4.0531325,-0.96657721
19964.9989482865,4.0530934,-0.96697168
19965.998948334,4.0530539,-0.96578815
19966.9989483815,4.0528569,-0.96657721
19967.998948429,4.0529356,-0.96598547
19968.9989484765,4.0529356,-0.96716901
19969.998948524,4.0529752,-0.96795795
19970.9989485715,4.0528965,-0.96598547
19971.998948619,4.0528965,-0.96637994
19972.9989486665,4.0528569,-0.96657721
19973.998948714,4.0526996,-0.96697168
19974.9989487614,4.0526996,-0.96618268
19975.9989488089,4.0525813,-0.96598547
19976.9989488564,4.0525813,-0.96716901
19977.9989489039,4.0526996,-0.96697168
19978.9989489514,4.0525813,-0.96795795
19979.9989489989,4.0526209,-0.96874695
19980.9989490464,4.0525026,-0.96815521
19981.9989490939,4.0525026,-0.96637994
19982.9989491414,4.0525422,-0.96539368
19983.9989491889,4.0525026,-0.96598547
19984.9989492364,4.0523453,-0.96559094
19985.9989492839,4.0523453,-0.96677448
19986.9989493314,4.0523057,-0.96618268
19987.9989493789,4.052227,-0.96677448
19988.9989494264,4.0522666,-0.96716901
19989.9989494739,4.0522666,-0.96637994
19990.9989495214,4.0521874,-0.96697168
19991.9989495689,4.0522666,-0.96835242
19992.9989496164,4.0520301,-0.96618268
19993.9989496639,4.0521874,-0.96835242
19994.9989497114,4.052227,-0.96697168
19995.9989497589,4.051991,-0.96618268
19996.9989498064,4.051991,-0.96618268
19997.9989498539,4.0519514,-0.96697168
19998.9989499014,4.0519514,-0.96677448
19999.9989499489,4.0519514,-0.96697168
20000.9989499964,4.0517154,-0.96697168
20001.9989500439,4.0518332,-0.96756348
20002.9989500914,4.0517941,-0.96677448
20003.9989501389,4.0517545,-0.96657721
20004.9989501864,4.0517545,-0.96657721
20005.9989502339,4.0516362,-0.96697168
20006.9989502814,4.0517545,-0.96637994
20007.9989503289,4.0515971,-0.96618268
20008.9989503764,4.0515971,-0.96677448
20009.9989504239,4.0515575,-0.96815521
20010.9989504714,4.0515575,-0.96637994
20011.9989505189,4.0515971,-0.96559094
20012.9989505664,4.0515971,-0.96677448
20013.9989506139,4.0513606,-0.96618268
20014.9989506613,4.0514789,-0.96697168
20015.9989507088,4.0513606,-0.96637994
20016.9989507563,4.0513606,-0.96657721
20017.9989508038,4.0512819,-0.96677448
20018.9989508513,4.0513215,-0.96618268
20019.9989508988,4.0512819,-0.96835242
20020.9989509463,4.0512033,-0.96756348
20021.9989509938,4.0513215,-0.96736621
20022.9989510413,4.0511246,-0.96618268
20023.9989510888,4.051085,-0.96815521
20024.9989511363,4.0512033,-0.96854974
20025.9989511838,4.051085,-0.96736621
20026.9989512313,4.051085,-0.96637994
20027.9989512788,4.0509276,-0.96637994
20028.9989513263,4.0510459,-0.96716901
20029.9989513738,4.0509672,-0.96677448
20030.9989514213,4.0509672,-0.96677448
20031.9989514688,4.0508885,-0.96677448
20032.9989515163,4.0508094,-0.96716901
20033.9989515638,4.050849,-0.96637994
20034.9989516113,4.0508094,-0.96677448
20035.9989516588,4.050849,-0.96657721
20036.9989517063,4.0508094,-0.96637994
20037.9989517538,4.0505733,-0.96657721
20038.9989518013,4.050652,-0.96677448
20039.9989518488,4.0503764,-0.96578815
20040.9989518963,4.0506129,-0.96677448
20041.9989519438,4.0505338,-0.96578815
20042.9989519913,4.0504551,-0.96697168
20043.9989520388,4.050416,-0.96637994
20044.9989520863,4.0505733,-0.96618268
20045.9989521338,4.050416,-0.96697168
20046.9989521813,4.0502977,-0.96776074
20047.9989522288,4.0503373,-0.96637994
20048.9989522763,4.0502977,-0.96618268
20049.9989523238,4.0502582,-0.96637994
20050.9989523713,4.0502582,-0.96697168
20051.9989524188,4.0502191,-0.96618268
20052.9989524663,4.0501795,-0.96598547
20053.9989525137,4.0501008,-0.96677448
20054.9989525612,4.0501404,-0.96578815
20055.9989526087,4.0501404,-0.96795795
20056.9989526562,4.0500617,-0.96578815
20057.9989527037,4.0499039,-0.96677448
20058.9989527512,4.0499039,-0.96618268
20059.9989527987,4.0498648,-0.96716901
20060.9989528462,4.0498648,-0.96697168
20061.9989528937,4.0498648,-0.96677448
20062.9989529412,4.0496283,-0.96618268
20063.9989529887,4.0497856,-0.96578815
20064.9989530362,4.0497465,-0.96657721
20065.9989530837,4.0497465,-0.96697168
20066.9989531312,4.0497856,-0.96637994
20067.9989531787,4.0496283,-0.96677448
20068.9989532262,4.04951,-0.96657721
20069.9989532737,4.0495892,-0.96578815
20070.9989533212,4.0494709,-0.96637994
20071.9989533687,4.0496283,-0.96736621
20072.9989534162,4.0494313,-0.96637994
20073.9989534637,4.0493526,-0.96756348
20074.9989535112,4.0494709,-0.96815521
20075.9989535587,4.0493922,-0.96736621
20076.9989536062,4.0493526,-0.96756348
20077.9989536537,4.0493526,-0.96716901
20078.9989537012,4.0493922,-0.96657721
20079.9989537487,4.0491953,-0.96598547
20080.9989537962,4.049274,-0.96716901
20081.9989538437,4.0491953,-0.96637994
20082.9989538912,4.0491953,-0.96657721
20083.9989539387,4.0491166,-0.96559094
20084.9989539862,4.0491166,-0.96657721
20085.9989540337,4.0489588,-0.96677448
20086.9989540812,4.0489197,-0.96776074
20087.9989541287,4.0489984,-0.96578815
20088.9989541762,4.0490379,-0.96697168
20089.9989542237,4.0489984,-0.96637994
20090.9989542712,4.048841,-0.96618268
20091.9989543187,4.0489984,-0.96637994
20092.9989543661,4.0487227,-0.96618268
20093.9989544136,4.0487623,-0.96677448
20094.9989544611,4.0486832,-0.96618268
20095.9989545086,4.0487227,-0.96736621
20096.9989545561,4.0487623,-0.96578815
20097.9989546036,4.0486045,-0.96697168
20098.9989546511,4.0486441,-0.96559094
20099.9989546986,4.0486045,-0.96756348
20100.9989547461,4.0485258,-0.96677448
20101.9989547936,4.0485258,-0.96697168
20102.9989548411,4.0485654,-0.96677448
20103.9989548886,4.0484471,-0.96716901
20104.9989549361,4.0484471,-0.96618268
20105.9989549836,4.0483289,-0.96637994
20106.9989550311,4.0483289,-0.96637994
20107.9789550777,4.0483685,-0.96736621
20107.9809550778,4.0482111,-0.96637994
20108.0229550798,4.0723076,0
20168.0229579296,4.0816789,0
20228.0229607794,4.0827813,0
20288.0229636293,4.0832143,0
20348.0229664791,4.0833716,0
20408.022969329,4.0836082,0
20468.0229721788,4.0838051,0
20528.0229750287,4.0836473,0
20588.0229778785,4.0840015,0
20648.0229807284,4.0840015,0
20708.0229835782,4.0840807,0
20768.0229864281,4.0841985,0
20828.0229892779,4.0842772,0
20888.0229921278,4.0842381,0
20948.0229949776,4.0843563,0
21008.0229978275,4.0843563,0
21068.0230006773,4.084435,0
21128.0230035272,4.0843563,0
21188.023006377,4.0845137,0
21248.0230092268,4.0845528,0
21308.0230120767,4.0845923,0
21368.0230149265,4.0846319,0
21428.0230177764,4.084671,0
21488.0230206262,4.0845923,0
21548.0230234761,4.084435,0
21608.0230263259,4.0845528,0
21668.0230291758,4.0845923,0
21728.0230320256,4.0846319,0
21788.0230348755,4.084671,0
21848.0230377253,4.0847893,0
21908.0230405752,4.0847497,0
21968.023043425,4.0847893,0
22028.0230462749,4.084868,0
22088.0230491247,4.084868,0
22148.0230519746,4.0847106,0
22208.0230548244,4.084868,0
22268.0230576742,4.0847893,0
22328.0230605241,4.0848284,0
22388.0230633739,4.0849466,0
22448.0230662238,4.0848284,0
22508.0230690736,4.0849466,0
22568.0230719235,4.0848284,0
22628.0230747733,4.0848284,0
22688.0230776232,4.0849075,0
22748.023080473,4.0849466,0
22808.0230833229,4.084868,0
22868.0230861727,4.0848284,0
22928.0230890226,4.085104,0
22988.0230918724,4.0848284,0
23048.0230947223,4.084868,0
23108.0230975721,4.0850253,0
23168.023100422,4.0849862,0
23228.0231032718,4.0849862,0
23288.0231061216,4.0850253,0
23348.0231089715,4.084868,0
23408.0231118213,4.0849075,0
23468.0231146712,4.0849466,0
23528.023117521,4.0849862,0
23588.0231203709,4.0849075,0
23648.0231232207,4.0851831,0
23708.0591260723,4.0851831,0
23708.0611260724,3.9108751,-6.4806094
23708.1611260771,3.903079,-6.5311064
23708.2611260819,3.9013464,-6.5291338
23708.3611260866,3.9000473,-6.525189
23708.4611260914,3.8989449,-6.5263721
23708.5611260961,3.8979998,-6.5218354
23708.6611261009,3.8970549,-6.5297256
23708.7611261056,3.8961885,-6.5236108
23708.8611261104,3.8954799,-6.5240054
23708.9611261151,3.8948104,-6.5226245
23709.0611261199,3.8943775,-6.5210464
23709.1611261246,3.8936293,-6.5238081
23709.2611261294,3.8930781,-6.5214409
23709.3611261341,3.8922906,-6.525189
23709.4611261389,3.8920543,-6.5194688
23709.5611261436,3.8913062,-6.5224272
23709.6611261484,3.8908339,-6.5172983
23709.7611261531,3.890322,-6.525189
23709.8611261579,3.8898888,-6.52223
23709.9611261626,3.8893769,-6.5242026
23710.0611261674,3.8889043,-6.5265693
23710.1611261721,3.8884714,-6.5242026
23710.2611261769,3.8881564,-6.5228213
23710.3611261816,3.8876052,-6.5238081
23710.4611261864,3.8871326,-6.5265693
23710.5611261911,3.8868177,-6.5208491
23710.6611261959,3.8864632,-6.5259775
23710.7611262006,3.8859909,-6.5354458
23710.8611262054,3.8856757,-6.5253862
23710.9611262101,3.8852427,-6.5232158
23711.0611262149,3.8847702,-6.5263721
23711.1611262196,3.8846126,-6.525189
23711.2611262244,3.8842189,-6.5242026
23711.3611262291,3.883904,-6.525189
23711.4611262339,3.8835101,-6.5198628
23711.5611262386,3.8829589,-6.5285425
23711.6611262434,3.8828802,-6.5265693
23711.7611262481,3.8823683,-6.5309092
23711.8611262529,3.882014,-6.5301201
23711.9611262576,3.8821321,-6.5220327
23712.0611262624,3.8817384,-6.5243999
23712.1611262671,3.8812265,-6.5279502
23712.2611262719,3.8809509,-6.5253862
23712.3611262766,3.8808327,-6.5230186
23712.4611262814,3.8805966,-6.5200601
23712.5611262861,3.8799665,-6.5236108
23712.6611262909,3.8796909,-6.5281475
23712.7611262956,3.8788247,-6.5466895
23712.8611263004,3.8789823,-6.5305146
23712.9611263051,3.8790216,-6.5249917
23713.0611263099,3.8785491,-6.5305146
23713.1611263146,3.8782341,-6.5257808
23713.2611263194,3.8782735,-6.5202573
23713.3611263241,3.8779979,-6.5240054
23713.4611263289,3.8776829,-6.5245972
23713.5611263336,3.8775253,-6.5230186
23713.6611263384,3.8771317,-6.5230186
23713.7611263431,3.8767378,-6.5228213
23713.8611263479,3.8765805,-6.5240054
23713.9611263526,3.8765411,-6.5169038
23714.0611263574,3.8761079,-6.5263721
23714.1611263621,3.8758323,-6.5240054
23714.2611263669,3.8756354,-6.5261748
23714.3611263716,3.875478,-6.5238081
23714.4611263764,3.8751628,-6.5236108
23714.5611263811,3.8748872,-6.525189
23714.6611263859,3.8747299,-6.5249917
23714.7611263906,3.8746116,-6.5236108
23714.8611263954,3.874218,-6.5293311
23714.9611264001,3.8741393,-6.5206519
23715.0611264049,3.8737848,-6.528936
23715.1611264096,3.8735881,-6.5226245
23715.2611264144,3.8731942,-6.5287397
23715.3611264191,3.8731549,-6.5263721
23715.4611264239,3.8729579,-6.5220327
23715.5611264286,3.8727612,-6.5243999
23715.6611264334,3.8726037,-6.5226245
23715.7611264381,3.8722494,-6.5271611
23715.8611264429,3.87221,-6.5204546
23715.9611264476,3.8718162,-6.5322896
23716.0611264524,3.8715799,-6.5273584
23716.1611264571,3.8715405,-6.5236108
23716.2611264619,3.871383,-6.5206519
23716.3611264666,3.8710287,-6.5265693
23716.4611264714,3.8709106,-6.5226245
23716.5611264761,3.8707924,-6.5214409
23716.6611264809,3.8705561,-6.5242026
23716.7611264856,3.8703594,-6.5269639
23716.8611264904,3.8702018,-6.5214409
23716.9611264951,3.8700838,-6.5198628
23717.0611264999,3.8697686,-6.5218354
23717.1611265046,3.8696506,-6.5249917
23717.2611265094,3.869493,-6.5242026
23717.3611265141,3.8687057,-6.5457031
23717.4611265189,3.8691387,-6.5171011
23717.5611265236,3.8687844,-6.5232158
23717.6611265284,3.8689024,-6.5172983
23717.7611265331,3.8682725,-6.528936
23717.8611265379,3.8682725,-6.5232158
23717.9611265426,3.8681545,-6.5224272
23718.0611265474,3.8679576,-6.5240054
23718.1611265521,3.8677607,-6.5243999
23718.2611265569,3.8675637,-6.5267666
23718.3611265616,3.8674064,-6.5220327
23718.4611265664,3.8673275,-6.5230186
23718.5611265711,3.8668945,-6.5263721
23718.6611265759,3.8667369,-6.5305146
23718.7611265806,3.8667762,-6.5238081
23718.8611265854,3.8666975,-6.5247944
23718.9611265901,3.8664219,-6.5273584
23719.0611265949,3.866225,-6.5265693
23719.1611265996,3.8659101,-6.5271611
23719.2611266044,3.8659101,-6.5238081
23719.3611266091,3.8656344,-6.5273584
23719.4611266139,3.8655951,-6.5242026
23719.5611266186,3.8654375,-6.5249917
23719.6611266234,3.8652408,-6.5245972
23719.7611266281,3.8650439,-6.5267666
23719.8611266329,3.8649652,-6.5261748
23719.9611266376,3.8646896,-6.5240054
23720.0611266423,3.8646502,-6.5249917
23720.1611266471,3.864414,-6.5267666
23720.2611266518,3.8642564,-6.5247944
23720.3611266566,3.8641777,-6.5210464
23720.4611266613,3.8640594,-6.5249917
23720.5611266661,3.8639414,-6.5259775
23720.6611266708,3.8635871,-6.5277529
23720.7611266756,3.8637052,-6.5206519
23720.8611266803,3.8633902,-6.5208491
23720.9611266851,3.8632326,-6.5247944
23721.0611266898,3.8632326,-6.5218354
23721.1611266946,3.8628783,-6.5271611
23721.2611266993,3.8627207,-6.5255835
23721.3611267041,3.8627207,-6.5236108
23721.4611267088,3.8624845,-6.5261748
23721.5611267136,3.8622878,-6.5259775
23721.6611267183,3.8621695,-6.5243999
23721.7611267231,3.8622484,-6.5218354
23721.8611267278,3.8620515,-6.5242026
23721.9611267326,3.8617759,-6.5269639
23722.0611267373,3.8617365,-6.5216382
23722.1611267421,3.8616576,-6.5242026
23722.2611267468,3.8614216,-6.5255835
23722.3611267516,3.8613427,-6.5171011
23722.4611267563,3.861382,-6.5174956
23722.5611267611,3.8609884,-6.5238081
23722.6611267658,3.860949,-6.5204546
23722.7611267706,3.8607914,-6.5240054
23722.8611267753,3.8604765,-6.5295283
23722.9611267801,3.8605158,-6.5216382
23723.0611267848,3.8601222,-6.5326841
23723.1611267896,3.8602009,-6.5269639
23723.2611267943,3.8603189,-6.5155234
23723.3611267991,3.8602009,-6.5174956
23723.4611268038,3.8598466,-6.5208491
23723.5611268086,3.8596103,-6.5247944
23723.6611268133,3.8597283,-6.5196655
23723.7611268181,3.8594921,-6.5200601
23723.8611268228,3.8564603,-6.6246045
23723.9611268276,3.8589015,-6.5279502
23724.0611268323,3.8590984,-6.5245972
23724.1611268371,3.8587835,-6.5263721
23724.2611268418,3.8589408,-6.5249917
23724.3611268466,3.8587835,-6.5249917
23724.4611268513,3.8584685,-6.5240054
23724.5611268561,3.8585079,-6.5249917
23724.6611268608,3.8582323,-6.5249917
23724.7611268656,3.8582716,-6.5236108
23724.8611268703,3.8581929,-6.5228213
23724.9611268751,3.857996,-6.5232158
23725.0611268798,3.8580353,-6.5245972
23725.1611268846,3.8577597,-6.525189
23725.2611268893,3.8576021,-6.5255835
23725.3611268941,3.8576417,-6.5145371
23725.4611268988,3.856303,-6.5705571
23725.5611269036,3.8575234,-6.5180874
23725.6611269083,3.8572085,-6.5228213
23725.7611269131,3.8570509,-6.5228213
23725.8611269178,3.8559484,-6.5664146
23725.9611269226,3.8574054,-6.5042798
23726.0611269273,3.8568935,-6.5165093
23726.1611269321,3.8559878,-6.5405747
23726.2611269368,3.856539,-6.52223
23726.3611269416,3.8569722,-6.4997432
23726.4611269463,3.856303,-6.5257808
23726.5611269511,3.8561454,-6.5253862
23726.6611269558,3.8561454,-6.5255835
23726.7611269606,3.856106,-6.5253862
23726.8611269653,3.8559484,-6.5243999
23726.9611269701,3.8557122,-6.5255835
23727.0611269748,3.8556728,-6.5245972
23727.1611269796,3.8555942,-6.525189
23727.2611269843,3.8554761,-6.5259775
23727.3611269891,3.8553972,-6.5242026
23727.4611269938,3.8552005,-6.5263721
23727.5611269986,3.855161,-6.5245972
23727.6611270033,3.8550036,-6.5269639
23727.7611270081,3.8548853,-6.525189
23727.8611270128,3.8549247,-6.5261748
23727.9611270176,3.854728,-6.5247944
23728.0611270223,3.8546491,-6.5257808
23728.1611270271,3.8545704,-6.5255835
23728.2611270318,3.8544917,-6.5243999
23728.3611270366,3.8543735,-6.5247944
23728.4611270413,3.8541374,-6.5255835
23728.5611270461,3.8540978,-6.5267666
23728.6611270508,3.8540585,-6.5242026
23728.7611270556,3.8539405,-6.5253862
23728.8611270603,3.8538222,-6.5249917
23728.9611270651,3.8537436,-6.5230186
23729.0611270698,3.8535862,-6.5242026
23729.1611270746,3.8535073,-6.5259775
23729.2611270793,3.8534679,-6.5261748
23729.3611270841,3.853271,-6.5245972
23729.4611270888,3.8531923,-6.5247944
23729.5611270936,3.8530347,-6.5253862
23729.6611270983,3.8529167,-6.5242026
23729.7611271031,3.8529954,-6.5228213
23729.8611271078,3.8527987,-6.5257808
23729.9611271126,3.8527198,-6.5255835
23730.0611271173,3.8527198,-6.5228213
23730.1611271221,3.8524442,-6.5243999
23730.2611271268,3.8524835,-6.5259775
23730.3611271316,3.8523655,-6.5236108
23730.4611271363,3.8521686,-6.5230186
23730.5611271411,3.8521686,-6.5242026
23730.6611271458,3.8520112,-6.5242026
23730.7611271506,3.8519323,-6.5249917
23730.8611271553,3.8517356,-6.5271611
23730.9611271601,3.8518143,-6.5242026
23731.0611271648,3.8516567,-6.5255835
23731.1611271696,3.851578,-6.5253862
23731.2611271743,3.8514993,-6.525189
23731.3611271791,3.8514206,-6.5247944
23731.4611271838,3.8513024,-6.5236108
23731.5611271886,3.8512237,-6.5249917
23731.6611271933,3.8510661,-6.5259775
23731.7611271981,3.8510268,-6.5255835
23731.8611272028,3.8509088,-6.5263721
23731.9611272076,3.8507905,-6.5255835
23732.0611272123,3.8507118,-6.5249917
23732.1611272171,3.8506331,-6.5242026
23732.2611272218,3.8505542,-6.5249917
23732.3611272266,3.8505936,-6.5265693
23732.4611272313,3.8503969,-6.5243999
23732.5611272361,3.8502786,-6.5253862
23732.6611272408,3.8501999,-6.5230186
23732.7611272456,3.8501213,-6.5232158
23732.8611272503,3.8501213,-6.5243999
23732.9611272551,3.849885,-6.5267666
23733.0611272598,3.8499243,-6.5245972
23733.1611272646,3.8497667,-6.5232158
23733.2611272693,3.8496881,-6.5245972
23733.3611272741,3.8496881,-6.5253862
23733.4611272788,3.8494911,-6.5265693
23733.5611272836,3.8494911,-6.5249917
23733.6611272883,3.8492548,-6.5240054
23733.7611272931,3.8492548,-6.5243999
23733.8611272978,3.8491368,-6.5255835
23733.9611273026,3.8490188,-6.5249917
23734.0611273073,3.8489792,-6.5249917
23734.1611273121,3.8489399,-6.5224272
23734.2611273168,3.8486643,-6.5253862
23734.3611273216,3.8486249,-6.5267666
23734.4611273263,3.8485856,-6.5230186
23734.5611273311,3.8485856,-6.5220327
23734.6611273358,3.8483887,-6.5253862
23734.7611273406,3.84831,-6.5249917
23734.8611273453,3.848192,-6.5283452
23734.9611273501,3.8482707,-6.5212437
23735.0611273548,3.8481131,-6.5242026
23735.1611273596,3.8480344,-6.5275557
23735.2611273643,3.8479557,-6.5234131
23735.3611273691,3.8479557,-6.5273584
23735.4611273738,3.8477981,-6.5253862
23735.5611273786,3.8477981,-6.5247944
23735.6611273833,3.8476405,-6.5281475
23735.7611273881,3.8475618,-6.5249917
23735.8611273928,3.8474832,-6.5255835
23735.9611273976,3.8474045,-6.5247944
23736.0611274023,3.8472862,-6.5269639
23736.1611274071,3.8473256,-6.525189
23736.2611274118,3.8470106,-6.5279502
23736.3611274166,3.8471289,-6.5261748
23736.4611274213,3.8469319,-6.525189
23736.5611274261,3.8467743,-6.5311064
23736.6611274308,3.8468137,-6.5247944
23736.7611274356,3.8466957,-6.5299229
23736.8611274403,3.8464987,-6.5291338
23736.9611274451,3.8465776,-6.5240054
23737.0611274498,3.84642,-6.5265693
23737.1611274546,3.84642,-6.5285425
23737.2611274593,3.8464594,-6.5255835
23737.3611274641,3.846302,-6.5299229
23737.4611274688,3.8463414,-6.5228213
23737.5611274736,3.8464594,-6.5165093
23737.6611274783,3.8460264,-6.5238081
23737.7611274831,3.8461051,-6.5172983
23737.8611274878,3.8460264,-6.5194688
23737.9611274926,3.8459082,-6.5230186
23738.0591274972,3.8459082,-6.5198628
23738.1031274993,4.0206099,0
23738.203127504,4.023169,0
23738.3031275088,4.024508,0
23738.4031275135,4.0256495,0
23738.5031275183,4.0265551,0
23738.603127523,4.0275002,0
23738.7031275278,4.0282092,0
23738.8031275325,4.0288391,0
23738.9031275373,4.0293903,0
23739.003127542,4.0300593,0
23739.1031275468,4.0304928,0
23739.2031275515,4.0311227,0
23739.3031275563,4.0315557,0
23739.403127561,4.0319495,0
23739.5031275658,4.0324612,0
23739.6031275705,4.0327764,0
23739.7031275753,4.033288,0
23739.80312758,4.0336032,0
23739.9031275848,4.0339575,0
23740.0031275895,4.0343904,0
23740.1031275943,4.0347452,0
23740.203127599,4.0350208,0
23740.3031276038,4.0353355,0
23740.4031276085,4.0356112,0
23740.5031276133,4.0359654,0
23740.603127618,4.0363202,0
23740.7031276228,4.0365562,0
23740.8031276275,4.0370288,0
23740.9031276323,4.0369892,0
23741.003127637,4.0374227,0
23741.1031276418,4.0376983,0
23741.2031276465,4.0380526,0
23741.3031276513,4.0383673,0
23741.403127656,4.0385642,0
23741.5031276608,4.0387216,0
23741.6031276655,4.0390763,0
23741.7031276703,4.0392733,0
23741.803127675,4.039588,0
23741.9031276798,4.0398245,0
23742.0031276845,4.0400209,0
23742.1031276893,4.0403757,0
23742.203127694,4.0405331,0
23742.3031276988,4.0406904,0
23742.4031277035,4.0410447,0
23742.5031277083,4.041163,0
23742.603127713,4.0413203,0
23742.7031277178,4.0414386,0
23742.8031277225,4.0417929,0
23742.9031277273,4.0419502,0
23743.003127732,4.0421472,0
23743.1031277368,4.0423441,0
23743.2031277415,4.0426197,0
23743.3031277463,4.0427775,0
23743.403127751,4.0430532,0
23743.5031277558,4.0431709,0
23743.6031277605,4.0433679,0
23743.7031277653,4.0435648,0
23743.80312777,4.0437222,0
23743.9031277748,4.0439587,0
23744.0031277795,4.044116,0
23744.1031277843,4.0442343,0
23744.203127789,4.0443521,0
23744.3031277938,4.044549,0
23744.4031277985,4.0448246,0
23744.5031278033,4.0450611,0
23744.603127808,4.0451398,0
23744.7031278128,4.0453367,0
23744.8031278175,4.0455337,0
23744.9031278223,4.0456123,0
23745.003127827,4.0457697,0
23745.1031278318,4.0458879,0
23745.2031278365,4.0461636,0
23745.3031278413,4.0462027,0
23745.403127846,4.0464392,0
23745.5031278508,4.0465965,0
23745.6031278555,4.0467148,0
23745.7031278603,4.0468721,0
23745.803127865,4.0470691,0
23745.9031278698,4.0472264,0
23746.0031278745,4.0473843,0
23746.1031278793,4.0474629,0
23746.203127884,4.0476599,0
23746.3031278888,4.0478172,0
23746.4031278935,4.0479746,0
23746.5031278983,4.0480533,0
23746.603127903,4.0481715,0
23746.7031279078,4.0482111,0
23746.8031279125,4.0484867,0
23746.9031279173,4.0486832,0
23747.003127922,4.0486441,0
23747.1031279268,4.048841,0
23747.2031279315,4.0489588,0
23747.3031279363,4.0491557,0
23747.403127941,4.0492344,0
23747.5031279458,4.0493922,0
23747.6031279505,4.0495496,0
23747.7031279553,4.0495892,0
23747.80312796,4.0497069,0
23747.9031279648,4.0499434,0
23748.0031279695,4.0500221,0
23748.1031279743,4.0501008,0
23748.203127979,4.0501795,0
23748.3031279838,4.0502191,0
23748.4031279885,4.0505733,0
23748.5031279933,4.0506916,0
23748.603127998,4.0506916,0
23748.7031280028,4.050849,0
23748.8031280075,4.0508885,0
23748.9031280123,4.0511246,0
23749.003128017,4.0511642,0
23749.1031280218,4.0512428,0
23749.2031280265,4.0515575,0
23749.3031280313,4.0515575,0
23749.403128036,4.0516362,0
23749.5031280408,4.0516758,0
23749.6031280455,4.0518332,0
23749.7031280503,4.0520301,0
23749.803128055,4.0521483,0
23749.9031280598,4.0520697,0
23750.0031280645,4.052227,0
23750.1031280693,4.0523844,0
23750.203128074,4.0525813,0
23750.3031280788,4.0525026,0
23750.4031280835,4.0526996,0
23750.5031280883,4.0527387,0
23750.603128093,4.0528569,0
23750.7031280978,4.0530934,0
23750.8031281025,4.0531721,0
23750.9031281073,4.0532112,0
23751.003128112,4.0532112,0
23751.1031281168,4.053369,0
23751.2031281215,4.0534477,0
23751.3031281263,4.0536447,0
23751.403128131,4.0537624,0
23751.5031281358,4.0538416,0
23751.6031281405,4.0539594,0
23751.7031281453,4.0539989,0
23751.80312815,4.0541172,0
23751.9031281548,4.054235,0
23752.0031281595,4.0542746,0
23752.1031281643,4.0543532,0
23752.203128169,4.0545106,0
23752.3031281738,4.0544715,0
23752.4031281785,4.0545502,0
23752.5031281833,4.0547075,0
23752.603128188,4.0549831,0
23752.7031281928,4.054944,0
23752.8031281975,4.0550618,0
23752.9031282023,4.0550618,0
23753.003128207,4.0552197,0
23753.1031282118,4.0552197,0
23753.2031282165,4.0553374,0
23753.3031282213,4.0555739,0
23753.403128226,4.0555344,0
23753.5031282308,4.0556917,0
23753.6031282355,4.0556917,0
23753.7031282403,4.0557709,0
23753.803128245,4.0559282,0
23753.9031282498,4.0559673,0
23754.0031282545,4.0559673,0
23754.1031282593,4.0562429,0
23754.203128264,4.0562429,0
23754.3031282688,4.0564399,0
23754.4031282735,4.0564399,0
23754.5031282783,4.0564399,0
23754.603128283,4.0565977,0
23754.7031282878,4.0566764,0
23754.8031282925,4.0567551,0
23754.9031282973,4.0568733,0
23755.003128302,4.0569911,0
23755.1031283068,4.0570307,0
23755.2031283115,4.0570698,0
23755.3031283163,4.0571094,0
23755.403128321,4.0572276,0
23755.5031283258,4.0572276,0
23755.6031283305,4.0572667,0
23755.7031283353,4.0574245,0
23755.80312834,4.0575032,0
23755.9031283448,4.0575819,0
23756.0031283495,4.0576606,0
23756.1031283543,4.0577393,0
23756.203128359,4.0577393,0
23756.3031283638,4.0578575,0
23756.4031283685,4.0579362,0
23756.5031283733,4.0580149,0
23756.603128378,4.0581331,0
23756.7031283828,4.0580935,0
23756.8031283875,4.0582514,0
23756.9031283923,4.0583301,0
23757.003128397,4.0582514,0
23757.1031284018,4.0583692,0
23757.2031284065,4.0586057,0
23757.3031284112,4.0586843,0
23757.403128416,4.0586843,0
23757.5031284207,4.058763,0
23757.6031284255,4.0588813,0
23757.7031284302,4.0589995,0
23757.803128435,4.0589995,0
23757.9031284397,4.0590782,0
23758.0031284445,4.0591173,0
23758.1031284492,4.059196,0
23758.203128454,4.0593143,0
23758.3031284587,4.0592752,0
23758.4031284635,4.0592752,0
23758.5031284682,4.0594325,0
23758.603128473,4.0593929,0
23758.7031284777,4.0595899,0
23758.8031284825,4.0596685,0
23758.9031284872,4.0596294,0
23759.003128492,4.0597868,0
23759.1031284967,4.0598655,0
23759.2031285015,4.0597868,0
23759.3031285062,4.0599442,0
23759.403128511,4.0600624,0
23759.5031285157,4.0600228,0
23759.6031285205,4.0601411,0
23759.7031285252,4.0602198,0
23759.80312853,4.0602984,0
23759.9031285347,4.0602984,0
23760.0031285395,4.060338,0
23760.1031285442,4.0604954,0
23760.203128549,4.0604563,0
23760.3031285537,4.060535,0
23760.4031285585,4.0606532,0
23760.5031285632,4.0606923,0
23760.603128568,4.0608106,0
23760.7031285727,4.0608497,0
23760.8031285775,4.0608106,0
23760.9031285822,4.0610075,0
23761.003128587,4.0610466,0
23761.1031285917,4.0610862,0
23761.2031285965,4.0610862,0
23761.3031286012,4.0612435,0
23761.403128606,4.0609679,0
23761.5031286107,4.0613222,0
23761.6031286155,4.0613222,0
23761.7031286202,4.0614014,0
23761.803128625,4.0613618,0
23761.9031286297,4.0615191,0
23762.0031286345,4.0615587,0
23762.1031286392,4.0615587,0
23762.203128644,4.0615191,0
23762.3031286487,4.0617557,0
23762.4031286535,4.0617557,0
23762.5031286582,4.0617948,0
23762.603128663,4.0618734,0
23762.7031286677,4.0619526,0
23762.8031286725,4.0619526,0
23762.9031286772,4.0620704,0
23763.003128682,4.0621886,0
23763.1031286867,4.062149,0
23763.2031286915,4.0621886,0
23763.3031286962,4.062346,0
23763.403128701,4.062346,0
23763.5031287057,4.062346,0
23763.6031287105,4.0623069,0
23763.7031287152,4.0624247,0
23763.80312872,4.0625825,0
23763.9031287247,4.0625429,0
23764.0031287295,4.0625429,0
23764.1031287342,4.0626612,0
23764.203128739,4.0627003,0
23764.3031287437,4.0627003,0
23764.4031287485,4.0627003,0
23764.5031287532,4.0627794,0
23764.603128758,4.0628972,0
23764.7031287627,4.063055,0
23764.8031287675,4.0630155,0
23764.9031287722,4.0629759,0
23765.003128777,4.0632124,0
23765.1031287817,4.063055,0
23765.2031287865,4.0632911,0
23765.3031287912,4.0632911,0
23765.403128796,4.0632515,0
23765.5031288007,4.0634093,0
23765.6031288055,4.063488,0
23765.7031288102,4.0635271,0
23765.803128815,4.063488,0
23765.9031288197,4.0635667,0
23766.0031288245,4.0636063,0
23766.1031288292,4.0635271,0
23766.203128834,4.0636849,0
23766.3031288387,4.0637636,0
23766.4031288435,4.0638027,0
23766.5031288482,4.0638423,0
23766.603128853,4.0638423,0
23766.7031288577,4.0638819,0
23766.8031288625,4.0638819,0
23766.9031288672,4.0639997,0
23767.003128872,4.0639606,0
23767.1031288767,4.0641179,0
23767.2031288815,4.0640392,0
23767.3031288862,4.0642362,0
23767.403128891,4.0641966,0
23767.5031288957,4.0643148,0
23767.6031289005,4.0643148,0
23767.7031289052,4.0642753,0
23767.80312891,4.0644331,0
23767.9031289147,4.0645118,0
23768.0031289195,4.0644722,0
23768.1031289242,4.0645509,0
23768.203128929,4.0645905,0
23768.3031289337,4.0645905,0
23768.4031289385,4.0645509,0
23768.5031289432,4.0646691,0
23768.603128948,4.0646691,0
23768.7031289527,4.0647874,0
23768.8031289575,4.0647874,0
23768.9031289622,4.0648265,0
23769.003128967,4.0648661,0
23769.1031289717,4.0649843,0
23769.2031289765,4.0649843,0
23769.3031289812,4.0649447,0
23769.403128986,4.0651417,0
23769.5031289907,4.065063,0
23769.6031289955,4.0651417,0
23769.7031290002,4.0652599,0
23769.803129005,4.0652204,0
23769.9031290097,4.065299,0
23770.0031290145,4.0653386,0
23770.1031290192,4.0653386,0
23770.203129024,4.0654173,0
23770.3031290287,4.065496,0
23770.4031290335,4.065496,0
23770.5031290382,4.065496,0
23770.603129043,4.0655355,0
23770.7031290477,4.0655746,0
23770.8031290525,4.0656142,0
23770.9031290572,4.0656142,0
23771.003129062,4.0656929,0
23771.1031290667,4.0658898,0
23771.2031290715,4.0658503,0
23771.3031290762,4.0658503,0
23771.403129081,4.0657716,0
23771.5031290857,4.0659289,0
23771.6031290905,4.0658503,0
23771.7031290952,4.0659685,0
23771.8031291,4.0659685,0
23771.9031291047,4.0660081,0
23772.0031291095,4.0659685,0
23772.1031291142,4.0661654,0
23772.203129119,4.0660472,0
23772.3031291237,4.0662045,0
23772.4031291285,4.0662837,0
23772.5031291332,4.0663228,0
23772.603129138,4.0661654,0
23772.7031291427,4.0664015,0
23772.8031291475,4.0663228,0
23772.9031291522,4.0664015,0
23773.003129157,4.0664411,0
23773.1031291617,4.0665593,0
23773.2031291665,4.0665197,0
23773.3031291712,4.0665593,0
23773.403129176,4.0664411,0
23773.5031291807,4.0666771,0
23773.6031291855,4.0665984,0
23773.7031291902,4.066638,0
23773.803129195,4.0667167,0
23773.9031291997,4.0667558,0
23774.0031292045,4.0667953,0
23774.1031292092,4.0667167,0
23774.203129214,4.0667558,0
23774.3031292187,4.066874,0
23774.4031292235,4.0668349,0
23774.5031292282,4.0669527,0
23774.603129233,4.0670314,0
23774.7031292377,4.0669923,0
23774.8031292425,4.0669527,0
23774.9031292472,4.0669923,0
23775.003129252,4.067071,0
23775.1031292567,4.0671496,0
23775.2031292615,4.0671892,0
23775.3031292662,4.0671892,0
23775.403129271,4.0672679,0
23775.5031292757,4.067307,0
23775.6031292805,4.0672679,0
23775.7031292852,4.067307,0
23775.80312929,4.0671892,0
23775.9031292947,4.0672679,0
23776.0031292995,4.0674648,0
23776.1031293042,4.0673862,0
23776.203129309,4.0675039,0
23776.3031293137,4.0674648,0
23776.4031293185,4.0675435,0
23776.5031293232,4.0674648,0
23776.603129328,4.0676222,0
23776.7031293327,4.0677404,0
23776.8031293375,4.0676618,0
23776.9031293422,4.0675826,0
23777.0031293469,4.0677795,0
23777.1031293517,4.0677404,0
23777.2031293564,4.0676618,0
23777.3031293612,4.0678582,0
23777.4031293659,4.0679374,0
23777.5031293707,4.0678191,0
23777.6031293754,4.0678191,0
23777.7031293802,4.0679374,0
23777.8031293849,4.0680161,0
23777.9031293897,4.0679374,0
23778.0031293944,4.0680161,0
23778.1351294007,4.1930671,0
23778.1371294008,4.1986976,4.8330771
23778.2371294056,4.2043281,4.8900835
23778.3371294103,4.2061,4.8977764
23778.4371294151,4.2050371,4.8042783
23778.5371294198,4.2073207,4.8936343
23778.6371294246,4.2084231,4.8958042
23778.7371294293,4.2092104,4.893437
23778.8371294341,4.2098012,4.8926479
23778.9371294388,4.2103524,4.8936343
23779.0371294436,4.2107854,4.889689
23779.1371294483,4.2114944,4.8922534
23779.2371294531,4.2119274,4.8942261
23779.3371294578,4.2122817,4.8930425
23779.4371294626,4.2127147,4.893437
23779.5371294673,4.2132659,4.8942261
23779.6371294721,4.2135811,4.8932397
23779.7371294768,4.2138963,4.8926479
23779.8371294816,4.2143292,4.8922534
23779.9371294863,4.2147622,4.893437
23780.0371294911,4.2149987,4.8944233
23780.1371294958,4.2153921,4.8936343
23780.2371295006,4.2158256,4.8936343
23780.3371295053,4.2161012,4.8936343
23780.4371295101,4.2164555,4.8942261
23780.5371295148,4.2166915,4.8936343
23780.6371295196,4.2170854,4.8938315
23780.7371295243,4.2172036,4.8936343
23780.8371295291,4.2176366,4.8942261
23780.9371295338,4.2179909,4.8928452
23781.0371295386,4.2182274,4.8932397
23781.1371295433,4.2184634,4.8926479
23781.2371295481,4.2188573,4.8938315
23781.3371295528,4.2190542,4.8938315
23781.4371295576,4.2193298,4.893437
23781.5371295623,4.2196445,4.8940288
23781.6371295671,4.2198019,4.8938315
23781.7371295718,4.2199597,4.8936343
23781.8371295766,4.2203927,4.893437
23781.9371295813,4.2206292,4.8948179
23782.0371295861,4.2207866,4.8965928
23782.1371295908,4.2210226,4.8922534
23782.2371295956,4.2212591,4.8930425
23782.3371296003,4.2214561,4.8932397
23782.4371296051,4.2216134,4.8928452
23782.5371296098,4.2219677,4.8922534
23782.6371296146,4.2221251,4.8940288
23782.7371296193,4.2224402,4.8932397
23782.837129624,4.2224793,4.8940288
23782.9371296288,4.2227945,4.8910698
23783.0371296335,4.2229519,4.8930425
23783.1371296383,4.2231884,4.8926479
23783.237129643,4.2233458,4.8942261
23783.3371296478,4.2235427,4.8928452
23783.4371296525,4.2238183,4.8936343
23783.5371296573,4.223897,4.8936343
23783.637129662,4.2240939,4.8926479
23783.7371296668,4.2244482,4.893437
23783.8371296715,4.2245269,4.8940288
23783.9371296763,4.2246451,4.8936343
23784.037129681,4.2248025,4.8926479
23784.1371296858,4.2250781,4.8926479
23784.2371296905,4.2251568,4.8942261
23784.3371296953,4.225472,4.8938315
23784.4371297,4.2255116,4.8922534
23784.5371297048,4.2258263,4.8956069
23784.6371297095,4.2260628,4.8928452
23784.7371297143,4.2261806,4.8932397
23784.837129719,4.2261806,4.8944233
23784.9371297238,4.2264171,4.8940288
23785.0371297285,4.2266531,4.8932397
23785.1371297333,4.2267318,4.8928452
23785.237129738,4.2269683,4.893437
23785.3371297428,4.2270861,4.8936343
23785.4371297475,4.2272439,4.8940288
23785.5371297523,4.2274013,4.8936343
23785.637129757,4.2275195,4.8930425
23785.7371297618,4.2277555,4.8930425
23785.8371297665,4.2277951,4.8938315
23785.9371297713,4.2280312,4.8926479
23786.037129776,4.2282677,4.8938315
23786.1371297808,4.2283854,4.8926479
23786.2371297855,4.2283854,4.8932397
23786.3371297903,4.2284646,4.8922534
23786.437129795,4.2287402,4.893437
23786.5371297998,4.2289367,4.8936343
23786.6371298045,4.2291732,4.8940288
23786.7371298093,4.2291732,4.8938315
23786.837129814,4.2293701,4.8940288
23786.9371298188,4.2294092,4.893437
23787.0371298235,4.2296457,4.8936343
23787.1371298283,4.2297244,4.8938315
23787.237129833,4.2299213,4.8936343
23787.3371298378,4.2299604,4.8940288
23787.4371298425,4.230197,4.8938315
23787.5371298473,4.2303147,4.8938315
23787.637129852,4.2303147,4.893437
23787.7371298568,4.2305117,4.8932397
23787.8371298615,4.2307086,4.8938315
23787.9371298663,4.2307873,4.8942261
23788.037129871,4.2310238,4.8940288
23788.1351298757,4.2311811,4.8932397
23788.1791298778,4.0973496,0
23788.2791298825,4.0955777,0
23788.3791298873,4.0946722,0
23788.479129892,4.094121,0
23788.5791298968,4.0936484,0
23788.6791299015,4.0932941,0
23788.7791299063,4.0928216,0
23788.879129911,4.0924673,0
23788.9791299158,4.0920734,0
23789.0791299205,4.0917978,0
23789.1791299253,4.0916796,0
23789.27912993,4.0914435,0
23789.3791299348,4.0911679,0
23789.4791299395,4.0908923,0
23789.5791299443,4.0907345,0
23789.679129949,4.0904984,0
23789.7791299538,4.0903015,0
23789.8791299585,4.0901833,0
23789.9791299633,4.0899863,0
23790.079129968,4.0899076,0
23790.1791299728,4.0896716,0
23790.2791299775,4.0894747,0
23790.3791299823,4.0894351,0
23790.479129987,4.0893173,0
23790.5791299918,4.0890808,0
23790.6791299965,4.0891204,0
23790.7791300013,4.0888448,0
23790.879130006,4.0887661,0
23790.9791300108,4.0885692,0
23791.0791300155,4.0885692,0
23791.1791300203,4.0884509,0
23791.279130025,4.088254,0
23791.3791300298,4.0881753,0
23791.4791300345,4.0881753,0
23791.5791300393,4.0879393,0
23791.679130044,4.087821,0
23791.7791300488,4.0877423,0
23791.8791300535,4.0877028,0
23791.9791300583,4.087585,0
23792.079130063,4.0874271,0
23792.1791300678,4.0873485,0
23792.2791300725,4.087388,0
23792.3791300773,4.0872302,0
23792.479130082,4.0872698,0
23792.5791300868,4.0870337,0
23792.6791300915,4.0870337,0
23792.7791300963,4.0870728,0
23792.879130101,4.0868368,0
23792.9791301058,4.0868759,0
23793.0791301105,4.086679,0
23793.1791301153,4.0865612,0
23793.27913012,4.0865216,0
23793.3791301248,4.0864429,0
23793.4791301295,4.0864429,0
23793.5791301343,4.0863247,0
23793.679130139,4.0862064,0
23793.7791301438,4.0863247,0
23793.8791301485,4.0862064,0
23793.9791301533,4.0861278,0
23794.079130158,4.0859704,0
23794.1791301628,4.08601,0
23794.2791301675,4.0858521,0
23794.3791301723,4.085813,0
23794.479130177,4.0858521,0
23794.5791301818,4.0859308,0
23794.6791301865,4.0857735,0
23794.7791301913,4.0856552,0
23794.879130196,4.0856161,0
23794.9791302008,4.0855374,0
23795.0791302055,4.0854979,0
23795.1791302103,4.0853405,0
23795.279130215,4.0853009,0
23795.3791302198,4.0854192,0
23795.4791302245,4.0853796,0
23795.5791302293,4.0851831,0
23795.679130234,4.0852222,0
23795.7791302388,4.0851436,0
23795.8791302435,4.085104,0
23795.9791302483,4.0849862,0
23796.079130253,4.0850253,0
23796.1791302578,4.0849466,0
23796.2791302625,4.0849075,0
23796.3791302673,4.0847893,0
23796.479130272,4.0847893,0
23796.5791302768,4.0847497,0
23796.6791302815,4.0847497,0
23796.7791302863,4.0847106,0
23796.879130291,4.0846319,0
23796.9791302958,4.0846319,0
23797.0791303005,4.0846319,0
23797.1791303053,4.0844741,0
23797.27913031,4.0845528,0
23797.3791303148,4.0843954,0
23797.4791303195,4.0843954,0
23797.5791303243,4.0843954,0
23797.679130329,4.0843954,0
23797.7791303338,4.0842772,0
23797.8791303385,4.0841985,0
23797.9791303433,4.0841594,0
23798.079130348,4.0841198,0
23798.1791303528,4.0841594,0
23798.2791303575,4.0840807,0
23798.3791303623,4.0840807,0
23798.479130367,4.0840411,0
23798.5791303718,4.0839229,0
23798.6791303765,4.0839624,0
23798.7791303813,4.0839624,0
23798.879130386,4.0838442,0
23798.9791303908,4.0839229,0
23799.0791303955,4.0838442,0
23799.1791304003,4.0838051,0
23799.279130405,4.0836473,0
23799.3791304098,4.0836868,0
23799.4791304145,4.0836868,0
23799.5791304193,4.0836868,0
23799.679130424,4.0836473,0
23799.7791304288,4.0836082,0
23799.8791304335,4.0836473,0
23799.9791304383,4.0835295,0
23800.079130443,4.0836082,0
23800.1791304478,4.0834112,0
23800.2791304525,4.0834503,0
23800.3791304573,4.0834503,0
23800.479130462,4.0834503,0
23800.5791304667,4.083293,0
23800.6791304715,4.0834503,0
23800.7791304762,4.083293,0
23800.879130481,4.0831747,0
23800.9791304857,4.0833325,0
23801.0791304905,4.0832539,0
23801.1791304952,4.0831356,0
23801.2791305,4.0831747,0
23801.3791305047,4.0832539,0
23801.4791305095,4.0831356,0
23801.5791305142,4.0830173,0
23801.679130519,4.0831747,0
23801.7791305237,4.0829778,0
23801.8791305285,4.0829778,0
23801.9791305332,4.0830173,0
23802.079130538,4.0828991,0
23802.1791305427,4.0829387,0
23802.2791305475,4.0828991,0
23802.3791305522,4.0828991,0
23802.479130557,4.0827022,0
23802.5791305617,4.0827417,0
23802.6791305665,4.0826235,0
23802.7791305712,4.0827813,0
23802.879130576,4.0827813,0
23802.9791305807,4.0827022,0
23803.0791305855,4.0827022,0
23803.1791305902,4.0827022,0
23803.279130595,4.0827022,0
23803.3791305997,4.0826631,0
23803.4791306045,4.0826631,0
23803.5791306092,4.0825844,0
23803.679130614,4.0826235,0
23803.7791306187,4.0824661,0
23803.8791306235,4.0826631,0
23803.9791306282,4.0825844,0
23804.079130633,4.0825448,0
23804.1791306377,4.0824661,0
23804.2791306425,4.0824265,0
23804.3791306472,4.0824661,0
23804.479130652,4.0824661,0
23804.5791306567,4.0823088,0
23804.6791306615,4.0824661,0
23804.7791306662,4.0823088,0
23804.879130671,4.0823479,0
23804.9791306757,4.0823088,0
23805.0791306805,4.0823088,0
23805.1791306852,4.0823088,0
23805.27913069,4.0821905,0
23805.3791306947,4.0821905,0
23805.4791306995,4.0823088,0
23805.5791307042,4.0820723,0
23805.679130709,4.0821509,0
23805.7791307137,4.0821118,0
23805.8791307185,4.0820723,0
23805.9791307232,4.0821509,0
23806.079130728,4.0820723,0
23806.1791307327,4.0820723,0
23806.2791307375,4.0819936,0
23806.3791307422,4.0820332,0
23806.479130747,4.0821118,0
23806.5791307517,4.0819936,0
23806.6791307565,4.0820332,0
23806.7791307612,4.0820332,0
23806.879130766,4.0819149,0
23806.9791307707,4.0818753,0
23807.0791307755,4.0819149,0
23807.1791307802,4.0819545,0
23807.279130785,4.0818362,0
23807.3791307897,4.0817966,0
23807.4791307945,4.0818753,0
23807.5791307992,4.0818753,0
23807.679130804,4.0817966,0
23807.7791308087,4.0818753,0
23807.8791308135,4.0816789,0
23807.9791308182,4.0817966,0
23808.079130823,4.0816789,0
23808.1791308277,4.0817966,0
23808.2791308325,4.0816789,0
23808.3791308372,4.0816789,0
23808.479130842,4.0816789,0
23808.5791308467,4.0817575,0
23808.6791308515,4.0816789,0
23808.7791308562,4.0817966,0
23808.879130861,4.0816789,0
23808.9791308657,4.0816393,0
23809.0791308705,4.0815606,0
23809.1791308752,4.0815606,0
23809.27913088,4.0815997,0
23809.3791308847,4.0814819,0
23809.4791308895,4.0814819,0
23809.5791308942,4.0813637,0
23809.679130899,4.0814819,0
23809.7791309037,4.0814819,0
23809.8791309085,4.0814033,0
23809.9791309132,4.0814424,0
23810.079130918,4.0814424,0
23810.1791309227,4.0813637,0
23810.2791309275,4.0813241,0
23810.3791309322,4.0813637,0
23810.479130937,4.0814819,0
23810.5791309417,4.0814033,0
23810.6791309465,4.0814033,0
23810.7791309512,4.0813637,0
23810.879130956,4.081285,0
23810.9791309607,4.0813241,0
23811.0791309655,4.081285,0
23811.1791309702,4.0813241,0
23811.279130975,4.081285,0
23811.3791309797,4.0812454,0
23811.4791309845,4.0812063,0
23811.5791309892,4.0812454,0
23811.679130994,4.0811667,0
23811.7791309987,4.0812454,0
23811.8791310035,4.0810881,0
23811.9791310082,4.0812454,0
23812.079131013,4.0812454,0
23812.1791310177,4.0811667,0
23812.2791310225,4.0811276,0
23812.3791310272,4.0812063,0
23812.479131032,4.0810485,0
23812.5791310367,4.0810881,0
23812.6791310415,4.0810881,0
23812.7791310462,4.0810881,0
23812.879131051,4.0810881,0
23812.9791310557,4.0810094,0
23813.0791310605,4.0810094,0
23813.1791310652,4.0810094,0
23813.27913107,4.0810485,0
23813.3791310747,4.0809698,0
23813.4791310795,4.0809307,0
23813.5791310842,4.0809307,0
23813.679131089,4.0810094,0
23813.7791310937,4.0809698,0
23813.8791310985,4.0809698,0
23813.9791311032,4.0808125,0
23814.079131108,4.0808911,0
23814.1791311127,4.0808911,0
23814.2791311175,4.0809307,0
23814.3791311222,4.080852,0
23814.479131127,4.0808911,0
23814.5791311317,4.0808125,0
23814.6791311365,4.0808125,0
23814.7791311412,4.0806942,0
23814.879131146,4.080852,0
23814.9791311507,4.080852,0
23815.0791311555,4.0806942,0
23815.1791311602,4.0807338,0
23815.279131165,4.0808125,0
23815.3791311697,4.0808125,0
23815.4791311745,4.0808125,0
23815.5791311792,4.0806551,0
23815.679131184,4.0806551,0
23815.7791311887,4.0806942,0
23815.8791311935,4.0804973,0
23815.9791311982,4.0806942,0
23816.079131203,4.0808125,0
23816.1791312077,4.0806551,0
23816.2791312125,4.0806155,0
23816.3791312172,4.0806551,0
23816.479131222,4.0807338,0
23816.5791312267,4.0806155,0
23816.6791312315,4.0806155,0
23816.7791312362,4.0806551,0
23816.879131241,4.0806155,0
23816.9791312457,4.0805368,0
23817.0791312505,4.0805764,0
23817.1791312552,4.0806942,0
23817.27913126,4.0804186,0
23817.3791312647,4.0806942,0
23817.4791312695,4.0806155,0
23817.5791312742,4.0805368,0
23817.679131279,4.0804186,0
23817.7791312837,4.0804973,0
23817.8791312885,4.0804582,0
23817.9791312932,4.0803795,0
23818.079131298,4.0804973,0
23818.1791313027,4.0804973,0
23818.2791313075,4.0804973,0
23818.3791313122,4.0804973,0
23818.479131317,4.0803399,0
23818.5791313217,4.0804186,0
23818.6791313265,4.0804973,0
23818.7791313312,4.0803795,0
23818.879131336,4.0803795,0
23818.9791313407,4.0803008,0
23819.0791313455,4.0804973,0
23819.1791313502,4.0803795,0
23819.279131355,4.0804186,0
23819.3791313597,4.0804582,0
23819.4791313645,4.0802612,0
23819.5791313692,4.0802612,0
23819.679131374,4.0802217,0
23819.7791313787,4.0802612,0
23819.8791313835,4.0804186,0
23819.9791313882,4.0802612,0
23820.0791313929,4.0803008,0
23820.1791313977,4.0802217,0
23820.2791314024,4.0801826,0
23820.3791314072,4.0802217,0
23820.4791314119,4.0802217,0
23820.5791314167,4.0801826,0
23820.6791314214,4.0803399,0
23820.7791314262,4.0801826,0
23820.8791314309,4.0803008,0
23820.9791314357,4.0802217,0
23821.0791314404,4.0800643,0
23821.1791314452,4.0801826,0
23821.2791314499,4.0801039,0
23821.3791314547,4.0802612,0
23821.4791314594,4.0800643,0
23821.5791314642,4.0801039,0
23821.6791314689,4.0802612,0
23821.7791314737,4.0801826,0
23821.8791314784,4.0800643,0
23821.9791314832,4.0800643,0
23822.0791314879,4.0800643,0
23822.1791314927,4.0801039,0
23822.2791314974,4.0801826,0
23822.3791315022,4.0800252,0
23822.4791315069,4.0800643,0
23822.5791315117,4.0801039,0
23822.6791315164,4.0800252,0
23822.7791315212,4.0800252,0
23822.8791315259,4.0800252,0
23822.9791315307,4.0800252,0
23823.0791315354,4.0801039,0
23823.1791315402,4.0799856,0
23823.2791315449,4.0800252,0
23823.3791315497,4.079946,0
23823.4791315544,4.0800252,0
23823.5791315592,4.0799856,0
23823.6791315639,4.079946,0
23823.7791315687,4.0799856,0
23823.8791315734,4.0801039,0
23823.9791315782,4.0799069,0
23824.0791315829,4.0799069,0
23824.1791315877,4.0799069,0
23824.2791315924,4.0797887,0
23824.3791315972,4.079946,0
23824.4791316019,4.0799856,0
23824.5791316067,4.079946,0
23824.6791316114,4.079946,0
23824.7791316162,4.0799069,0
23824.8791316209,4.0798283,0
23824.9791316257,4.0800252,0
23825.0791316304,4.0798674,0
23825.1791316352,4.0799069,0
23825.2791316399,4.0798283,0
23825.3791316447,4.0797887,0
23825.4791316494,4.0797496,0
23825.5791316542,4.0798283,0
23825.6791316589,4.0798283,0
23825.7791316637,4.0797496,0
23825.8791316684,4.0798674,0
23825.9791316732,4.0798283,0
23826.0791316779,4.0798674,0
23826.1791316827,4.0797887,0
23826.2791316874,4.0798674,0
23826.3791316922,4.0798283,0
23826.4791316969,4.0797496,0
23826.5791317017,4.07971,0
23826.6791317064,4.0798674,0
23826.7791317112,4.0797496,0
23826.8791317159,4.0798283,0
23826.9791317207,4.0797887,0
23827.0791317254,4.0797887,0
23827.1791317302,4.07971,0
23827.2791317349,4.0797496,0
23827.3791317397,4.0798674,0
23827.4791317444,4.0797496,0
23827.5791317492,4.0797496,0
23827.6791317539,4.07971,0
23827.7791317587,4.0797887,0
23827.8791317634,4.0796704,0
23827.9791317682,4.07971,0
23828.0791317729,4.0797887,0
23828.2091317791,4.058527,0
23828.2111317792,4.0572276,-0.9436958
23829.2111318267,4.0545893,-0.96657721
23830.2111318742,4.0538807,-0.96697168
23831.2111319217,4.0532899,-0.96657721
23832.2111319692,4.0527782,-0.96756348
23833.2111320167,4.052227,-0.96736621
23834.2111320642,4.0518727,-0.96795795
23835.2111321117,4.0515575,-0.96697168
23836.2111321592,4.051085,-0.96637994
23837.2111322067,4.0507307,-0.96697168
23838.2111322542,4.0504947,-0.96637994
23839.2111323017,4.0500617,-0.96657721
23840.2111323492,4.0497069,-0.96697168
23841.2111323967,4.0494709,-0.96637994
23842.2111324442,4.0491166,-0.96677448
23843.2111324917,4.0489588,-0.96598547
23844.2111325392,4.0486045,-0.96677448
23845.2111325867,4.0484076,-0.96637994
23846.2111326342,4.0481319,-0.96736621
23847.2111326817,4.0478959,-0.96716901
23848.2111327291,4.047502,-0.96677448
23849.2111327766,4.0474629,-0.96697168
23850.2111328241,4.0472264,-0.96697168
23851.2111328716,4.0470691,-0.96618268
23852.2111329191,4.046833,-0.96716901
23853.2111329666,4.0466361,-0.96618268
23854.2111330141,4.0463996,-0.96776074
23855.2111330616,4.0462422,-0.96697168
23856.2111331091,4.0460453,-0.96578815
23857.2111331566,4.0460057,-0.96756348
23858.2111332041,4.0457697,-0.96598547
23859.2111332516,4.0455337,-0.96894421
23860.2111332991,4.0453758,-0.96697168
23861.2111333466,4.0454154,-0.96697168
23862.2111333941,4.0451002,-0.96677448
23863.2111334416,4.0450215,-0.96697168
23864.2111334891,4.0449033,-0.96736621
23865.2111335366,4.0445886,-0.96539368
23866.2111335841,4.0446277,-0.96716901
23867.2111336316,4.0444312,-0.96815521
23868.2111336791,4.0444312,-0.96598547
23869.2111337266,4.0442343,-0.96657721
23870.2111337741,4.0440764,-0.96598547
23871.2111338216,4.0439978,-0.96815521
23872.2111338691,4.0439191,-0.96776074
23873.2111339166,4.0438008,-0.96637994
23874.2111339641,4.0436044,-0.96637994
23875.2111340116,4.0435648,-0.96657721
23876.2111340591,4.0434861,-0.96716901
23877.2111341066,4.0432892,-0.96677448
23878.2111341541,4.0432105,-0.96598547
23879.2111342016,4.0430532,-0.96736621
23880.2111342491,4.0430532,-0.96637994
23881.2111342966,4.042974,-0.96618268
23882.2111343441,4.0428953,-0.96657721
23883.2111343916,4.0427775,-0.96677448
23884.2111344391,4.0426984,-0.96559094
23885.2111344866,4.042541,-0.96697168
23886.2111345341,4.0425019,-0.96716901
23887.2111345815,4.0424228,-0.96716901
23888.211134629,4.0423441,-0.96637994
23889.2111346765,4.0422654,-0.96736621
23890.211134724,4.0421867,-0.96677448
23891.2111347715,4.0420294,-0.96578815
23892.211134819,4.0420685,-0.96697168
23893.2111348665,4.0418324,-0.96637994
23894.211134914,4.0418324,-0.96637994
23895.2111349615,4.0419111,-0.96697168
23896.211135009,4.0416355,-0.96697168
23897.2111350565,4.0415959,-0.96776074
23898.211135104,4.0414386,-0.96736621
23899.2111351515,4.0414386,-0.96637994
23900.211135199,4.041399,-0.96637994
23901.2111352465,4.0413599,-0.96756348
23902.211135294,4.0412416,-0.96697168
23903.2111353415,4.0412025,-0.96776074
23904.211135389,4.0411234,-0.96657721
23905.2111354365,4.0410056,-0.96776074
23906.211135484,4.0410056,-0.96716901
23907.2111355315,4.0409269,-0.96618268
23908.211135579,4.0408087,-0.96756348
23909.2111356265,4.0405722,-0.96598547
23910.211135674,4.0406117,-0.96637994
23911.2111357215,4.0406117,-0.96716901
23912.211135769,4.0404935,-0.96776074
23913.2111358165,4.0404544,-0.96618268
23914.211135864,4.0403361,-0.96756348
23915.2111359115,4.0402575,-0.96736621
23916.211135959,4.0402179,-0.96697168
23917.2111360065,4.0401001,-0.96637994
23918.211136054,4.0399818,-0.96835242
23919.2111361015,4.0400605,-0.96736621
23920.211136149,4.0399818,-0.96637994
23921.2111361965,4.0399032,-0.96697168
23922.211136244,4.0399423,-0.96697168
23923.2111362915,4.0398245,-0.96637994
23924.211136339,4.0397453,-0.96677448
23925.2111363865,4.0396667,-0.96598547
23926.2111364339,4.0396667,-0.96815521
23927.2111364814,4.0395489,-0.96716901
23928.2111365289,4.0395093,-0.96677448
23929.2111365764,4.0393519,-0.96598547
23930.2111366239,4.0393519,-0.96756348
23931.2111366714,4.0392337,-0.96598547
23932.2111367189,4.0392733,-0.96894421
23933.2111367664,4.0392733,-0.96697168
23934.2111368139,4.039155,-0.96598547
23935.2111368614,4.0391154,-0.96657721
23936.2111369089,4.0389185,-0.96716901
23937.2111369564,4.0388794,-0.96637994
23938.2111370039,4.0388398,-0.96697168
23939.2111370514,4.0387611,-0.96677448
23940.2111370989,4.0387216,-0.96697168
23941.2111371464,4.0386038,-0.96716901
23942.2111371939,4.0386825,-0.96697168
23943.2111372414,4.0385642,-0.96736621
23944.2111372889,4.0385251,-0.96716901
23945.2111373364,4.0384068,-0.96736621
23946.2111373839,4.0384068,-0.96677448
23947.2111374314,4.0382495,-0.96637994
23948.2111374789,4.0382495,-0.96657721
23949.2111375264,4.0382886,-0.96657721
23950.2111375739,4.0381312,-0.96559094
23951.2111376214,4.0381312,-0.96618268
23952.2111376689,4.0380917,-0.96736621
23953.2111377164,4.038013,-0.96716901
23954.2111377639,4.0378556,-0.96598547
23955.2111378114,4.037816,-0.96618268
23956.2111378589,4.0377374,-0.96795795
23957.2111379064,4.0376983,-0.96539368
23958.2111379539,4.0376983,-0.96697168
23959.2111380014,4.0376983,-0.96519647
23960.2111380489,4.0376191,-0.96736621
23961.2111380964,4.0375404,-0.96519647
23962.2111381439,4.0374618,-0.96776074
23963.2111381914,4.0374227,-0.96637994
23964.2111382389,4.0373435,-0.96578815
23965.2111382864,4.0372648,-0.96657721
23966.2111383338,4.037147,-0.96677448
23967.2111383813,4.0371075,-0.96697168
23968.2111384288,4.0371075,-0.96677448
23969.2111384763,4.0370288,-0.96697168
23970.2111385238,4.0369105,-0.96756348
23971.2111385713,4.0369892,-0.96637994
23972.2111386188,4.0369501,-0.96716901
23973.2111386663,4.0368319,-0.96776074
23974.2111387138,4.0367923,-0.96776074
23975.2111387613,4.0366745,-0.96637994
23976.2111388088,4.0368319,-0.96736621
23977.2111388563,4.0366745,-0.96618268
23978.2111389038,4.0365958,-0.96716901
23979.2111389513,4.0363989,-0.96618268
23980.2111389988,4.036438,-0.96697168
23981.2111390463,4.036438,-0.96618268
23982.2111390938,4.0362806,-0.96677448
23983.2111391413,4.0362411,-0.96716901
23984.2111391888,4.036202,-0.96716901
23985.2111392363,4.0360837,-0.96736621
23986.2111392838,4.0360446,-0.96637994
23987.2111393313,4.0361233,-0.96677448
23988.2111393788,4.0360446,-0.96657721
23989.2111394263,4.0359654,-0.96618268
23990.2111394738,4.0358477,-0.96598547
23991.2111395213,4.035769,-0.96697168
23992.2111395688,4.0358081,-0.96637994
23993.2111396163,4.0356112,-0.96736621
23994.2111396638,4.0355721,-0.96598547
23995.2111397113,4.0355721,-0.96637994
23996.2111397588,4.0354934,-0.96637994
23997.2111398063,4.0354934,-0.96677448
23998.2111398538,4.0354934,-0.96637994
23999.2111399013,4.0353751,-0.96697168
24000.2111399488,4.0352569,-0.96559094
24001.2111399963,4.0352569,-0.96598547
24002.2111400438,4.0351386,-0.96559094
24003.2111400913,4.0352178,-0.96776074
24004.2111401388,4.0349813,-0.96697168
24005.2111401862,4.0349417,-0.96677448
24006.2111402337,4.0349417,-0.96618268
24007.2111402812,4.0349026,-0.96677448
24008.2111403287,4.0348239,-0.96657721
24009.2111403762,4.0347843,-0.96637994
24010.2111404237,4.0347843,-0.96716901
24011.2111404712,4.034627,-0.96815521
24012.2111405187,4.034627,-0.96736621
24013.2111405662,4.0345874,-0.96559094
24014.2111406137,4.0345483,-0.96618268
24015.2111406612,4.0345087,-0.96618268
24016.2111407087,4.0343513,-0.96716901
24017.2111407562,4.0343513,-0.96677448
24018.2111408037,4.0343118,-0.96618268
24019.2111408512,4.034194,-0.96637994
24020.2111408987,4.0341148,-0.96697168
24021.2111409462,4.034194,-0.96677448
24022.2111409937,4.0339971,-0.96677448
24023.2111410412,4.0339971,-0.96677448
24024.2111410887,4.0338788,-0.96716901
24025.2111411362,4.0338001,-0.96618268
24026.2111411837,4.0338392,-0.96697168
24027.2111412312,4.0337605,-0.96716901
24028.2111412787,4.0336819,-0.96854974
24029.2111413262,4.0336819,-0.96835242
24030.2111413737,4.0335636,-0.96677448
24031.2111414212,4.0334063,-0.96776074
24032.2111414687,4.0335245,-0.96716901
24033.2111415162,4.0334063,-0.96776074
24034.2111415637,4.033288,-0.96618268
24035.2111416112,4.0331702,-0.96637994
24036.2111416587,4.033288,-0.96637994
24037.2111417062,4.033052,-0.96598547
24038.2111417537,4.0330124,-0.96716901
24039.2111418012,4.0330124,-0.96637994
24040.2111418487,4.0330124,-0.96697168
24041.2111418962,4.0328159,-0.96776074
24042.2111419437,4.0329733,-0.96657721
24043.2111419912,4.0327764,-0.96677448
24044.2111420386,4.0327368,-0.96776074
24045.2111420861,4.0327368,-0.96697168
24046.2111421336,4.032619,-0.96598547
24047.2111421811,4.0326581,-0.96716901
24048.2111422286,4.0325007,-0.96598547
24049.2111422761,4.0325007,-0.96657721
24050.2111423236,4.0324221,-0.96499915
24051.2111423711,4.0323434,-0.96795795
24052.2111424186,4.0322647,-0.96657721
24053.2111424661,4.0321856,-0.96716901
24054.2111425136,4.0321465,-0.96736621
24055.2111425611,4.0320282,-0.96578815
24056.2111426086,4.0321465,-0.96598547
24057.2111426561,4.0319891,-0.96657721
24058.2111427036,4.0318313,-0.96559094
24059.2111427511,4.0317526,-0.96756348
24060.2111427986,4.0317526,-0.96618268
24061.2111428461,4.0317526,-0.96736621
24062.2111428936,4.0317922,-0.96677448
24063.2111429411,4.0316343,-0.96756348
24064.2111429886,4.0315166,-0.96795795
24065.2111430361,4.031477,-0.96697168
24066.2111430836,4.0314379,-0.96736621
24067.2111431311,4.0313587,-0.96657721
24068.2111431786,4.0312409,-0.96697168
24069.2111432261,4.0313196,-0.96716901
24070.2111432736,4.0312409,-0.96716901
24071.2111433211,4.0311227,-0.96618268
24072.2111433686,4.031044,-0.96578815
24073.2111434161,4.031044,-0.96736621
24074.2111434636,4.0308471,-0.96637994
24075.2111435111,4.0309258,-0.96677448
24076.2111435586,4.0308471,-0.96716901
24077.2111436061,4.0307684,-0.96657721
24078.2111436536,4.0305319,-0.96637994
24079.2111437011,4.0307684,-0.96657721
24080.2111437486,4.0306897,-0.96736621
24081.2111437961,4.0304532,-0.96637994
24082.2111438436,4.0304532,-0.96815521
24083.211143891,4.0302172,-0.96637994
24084.2111439385,4.0304928,-0.96697168
24085.211143986,4.0302563,-0.96618268
24086.2111440335,4.0302563,-0.96716901
24087.211144081,4.0301385,-0.96657721
24088.2111441285,4.0299807,-0.96598547
24089.211144176,4.0300593,-0.96598547
24090.2111442235,4.0298629,-0.96657721
24091.211144271,4.0298629,-0.96598547
24092.2111443185,4.029902,-0.96578815
24093.211144366,4.0297837,-0.96697168
24094.2111444135,4.029705,-0.96559094
24095.211144461,4.0296659,-0.96657721
24096.2111445085,4.029705,-0.96578815
24097.211144556,4.0294294,-0.96618268
24098.2111446035,4.0295081,-0.96756348
24099.211144651,4.0294294,-0.96697168
24100.2111446985,4.0292721,-0.96618268
24101.211144746,4.0292721,-0.96677448
24102.2111447935,4.0291934,-0.96637994
24103.211144841,4.0290751,-0.96736621
24104.2111448885,4.029036,-0.96657721
24105.211144936,4.0289569,-0.96677448
24106.2111449835,4.0289178,-0.96697168
24107.211145031,4.0289178,-0.96657721
24108.2111450785,4.0287209,-0.96716901
24109.211145126,4.0288391,-0.96657721
24110.2111451735,4.0287209,-0.96637994
24111.211145221,4.0286026,-0.96657721
24112.2111452685,4.0285635,-0.96716901
24113.211145316,4.0285239,-0.96637994
24114.2111453635,4.0285239,-0.96716901
24115.211145411,4.0284848,-0.96657721
24116.2111454585,4.0282092,-0.96677448
24117.211145506,4.0282879,-0.96756348
24118.2111455535,4.0281696,-0.96637994
24119.211145601,4.028091,-0.96657721
24120.2111456485,4.0280123,-0.96637994
24121.211145696,4.0279727,-0.96637994
24122.2111457434,4.0280123,-0.96697168
24123.2111457909,4.0278153,-0.96697168
24124.2111458384,4.0277758,-0.96815521
24125.2111458859,4.027658,-0.96677448
24126.2111459334,4.0275397,-0.96637994
24127.2111459809,4.027658,-0.96637994
24128.2111460284,4.027658,-0.96677448
24129.2111460759,4.0275002,-0.96716901
24130.2111461234,4.0274611,-0.96736621
24131.2111461709,4.0274215,-0.96716901
24132.2111462184,4.0273428,-0.96697168
24133.2111462659,4.0272245,-0.96677448
24134.2111463134,4.0271459,-0.96697168
24135.2111463609,4.0271063,-0.96618268
24136.2111464084,4.0270672,-0.96618268
24137.2111464559,4.0269489,-0.96736621
24138.2111465034,4.0269098,-0.96677448
24139.2111465509,4.0266733,-0.96637994
24140.2111465984,4.0266342,-0.96776074
24141.2111466459,4.0266733,-0.96657721
24142.2111466934,4.0265946,-0.96776074
24143.2111467409,4.026516,-0.96756348
24144.2111467884,4.0264764,-0.96677448
24145.2111468359,4.0264373,-0.96697168
24146.2111468834,4.026319,-0.96657721
24147.2111469309,4.0261617,-0.96578815
24148.2111469784,4.0261617,-0.96677448
24149.2111470259,4.026083,-0.96637994
24150.2111470734,4.0259647,-0.96677448
24151.2111471209,4.0260434,-0.96677448
24152.2111471684,4.0259647,-0.96618268
24153.2111472159,4.0259647,-0.96677448
24154.2111472634,4.0258465,-0.96637994
24155.2111473109,4.0257282,-0.96697168
24156.2111473584,4.0256495,-0.96637994
24157.2111474059,4.0256104,-0.96677448
24158.2111474534,4.0255318,-0.96677448
24159.2111475009,4.0254526,-0.96578815
24160.2111475484,4.0252953,-0.96578815
24161.2111475959,4.0253348,-0.96598547
24162.2111476433,4.0252166,-0.96835242
24163.2111476908,4.0251379,-0.96598547
24164.2111477383,4.0251379,-0.96657721
24165.2111477858,4.0250592,-0.96618268
24166.2111478333,4.024941,-0.96677448
24167.2111478808,4.0248623,-0.96677448
24168.2111479283,4.0247836,-0.96716901
24169.2111479758,4.024744,-0.96657721
24170.2111480233,4.024744,-0.96618268
24171.2111480708,4.0246654,-0.96716901
24172.2111481183,4.0245471,-0.96677448
24173.2111481658,4.024508,-0.96795795
24174.2111482133,4.0243897,-0.96578815
24175.2111482608,4.0243897,-0.96598547
24176.2111483083,4.0243111,-0.96756348
24177.2111483558,4.0242715,-0.96716901
24178.2111484033,4.0241141,-0.96736621
24179.2111484508,4.0241928,-0.96677448
24180.2111484983,4.0239959,-0.96657721
24181.2111485458,4.0239959,-0.96776074
24182.2111485933,4.0238776,-0.96677448
24183.2111486408,4.0238385,-0.96736621
24184.2111486883,4.0237598,-0.96776074
24185.2111487358,4.023602,-0.96657721
24186.2111487833,4.0235233,-0.96618268
24187.2111488308,4.0234056,-0.96736621
24188.2111488783,4.0235629,-0.96795795
24189.2111489258,4.0233264,-0.96677448
24190.2111489733,4.023366,-0.96598547
24191.2111490208,4.023169,-0.96736621
24192.2111490683,4.0230117,-0.96677448
24193.2111491158,4.0230508,-0.96697168
24194.2111491633,4.0230508,-0.96795795
24195.2111492108,4.0228148,-0.96657721
24196.2111492583,4.0228148,-0.96637994
24197.2111493058,4.0228543,-0.96578815
24198.2111493533,4.0226965,-0.96716901
24199.2111494008,4.0226965,-0.96657721
24200.2111494483,4.0226574,-0.96697168
24201.2111494957,4.0226178,-0.96697168
24202.2111495432,4.0224996,-0.96657721
24203.2111495907,4.0223031,-0.96618268
24204.2111496382,4.0223031,-0.96618268
24205.2111496857,4.0221062,-0.96657721
24206.2111497332,4.0221062,-0.96677448
24207.2111497807,4.0219879,-0.96637994
24208.2111498282,4.0219879,-0.96657721
24209.2111498757,4.0219483,-0.96657721
24210.2111499232,4.0218306,-0.96677448
24211.2111499707,4.021791,-0.96578815
24212.2111500182,4.0217519,-0.96697168
24213.2111500657,4.021594,-0.96637994
24214.2111501132,4.0215549,-0.96598547
24215.2111501607,4.021594,-0.96677448
24216.2111502082,4.0215154,-0.96637994
24217.2111502557,4.0214367,-0.96657721
24218.2111503032,4.0212793,-0.96697168
24219.2111503507,4.0213184,-0.96637994
24220.2111503982,4.0212398,-0.96815521
24221.2111504457,4.0210428,-0.96736621
24222.2111504932,4.0210428,-0.96578815
24223.2111505407,4.0210037,-0.96637994
24224.2111505882,4.0208459,-0.96677448
24225.2111506357,4.0208855,-0.96736621
24226.2111506832,4.0207281,-0.96637994
24227.2111507307,4.0207281,-0.96598547
24228.2111507782,4.0206494,-0.96716901
24229.2111508257,4.0205312,-0.96657721
24230.2111508732,4.0205312,-0.96697168
24231.2111509207,4.0204129,-0.96519647
24232.2111509682,4.0203342,-0.96539368
24233.2111510157,4.0202947,-0.96815521
24234.2111510632,4.020216,-0.96716901
24235.2111511107,4.0201769,-0.96697168
24236.2111511582,4.01998,-0.96756348
24237.2111512057,4.0199013,-0.96815521
24238.2111512532,4.0199013,-0.96657721
24239.2111513007,4.0198221,-0.96776074
24240.2111513481,4.0196648,-0.96697168
24241.2111513956,4.0196648,-0.96677448
24242.2111514431,4.0195465,-0.96716901
24243.2111514906,4.0194287,-0.96854974
24244.2111515381,4.0194678,-0.96657721
24245.2111515856,4.0192709,-0.96618268
24246.2111516331,4.0192709,-0.96697168
24247.2111516806,4.0192318,-0.96637994
24248.2111517281,4.0192318,-0.96657721
24249.2111517756,4.0189166,-0.96736621
24250.2111518231,4.0191135,-0.96637994
24251.2111518706,4.0188379,-0.96795795
24252.2111519181,4.0188379,-0.96736621
24253.2111519656,4.0187988,-0.96736621
24254.2111520131,4.0187593,-0.96914148
24255.2111520606,4.0185623,-0.96657721
24256.2111521081,4.0184836,-0.96677448
24257.2111521556,4.0183654,-0.96697168
24258.2111522031,4.0183654,-0.96776074
24259.2111522506,4.018208,-0.96637994
24260.2111522981,4.018208,-0.96637994
24261.2111523456,4.0181684,-0.96559094
24262.2111523931,4.0180111,-0.96697168
24263.2111524406,4.0178928,-0.96697168
24264.2111524881,4.0178537,-0.96657721
24265.2111525356,4.0178142,-0.96756348
24266.2111525831,4.0177751,-0.96736621
24267.2111526306,4.0177355,-0.96598547
24268.2111526781,4.0175385,-0.96736621
24269.2111527256,4.0175385,-0.96697168
24270.2111527731,4.0174208,-0.96756348
24271.2111528206,4.0173812,-0.96736621
24272.2111528681,4.0173025,-0.96657721
24273.2111529156,4.0172238,-0.96815521
24274.2111529631,4.0172238,-0.96539368
24275.2111530106,4.017066,-0.96598547
24276.2111530581,4.0170269,-0.96716901
24277.2111531056,4.0169482,-0.96637994
24278.2111531531,4.0168695,-0.96637994
24279.2111532005,4.0167513,-0.96697168
24280.211153248,4.0167513,-0.96736621
24281.2111532955,4.016633,-0.96756348
24282.211153343,4.0164361,-0.96697168
24283.2111533905,4.0164757,-0.96637994
24284.211153438,4.016397,-0.96697168
24285.2111534855,4.0162001,-0.96637994
24286.211153533,4.0162787,-0.96677448
24287.2111535805,4.0160422,-0.96677448
24288.211153628,4.0159636,-0.96657721
24289.2111536755,4.0160031,-0.96795795
24290.211153723,4.0160031,-0.96736621
24291.2111537705,4.0157666,-0.96677448
24292.211153818,4.0156879,-0.96657721
24293.2111538655,4.0157275,-0.96756348
24294.211153913,4.0156488,-0.96598547
24295.2111539605,4.0155702,-0.96677448
24296.211154008,4.0154519,-0.96598547
24297.2111540555,4.0154123,-0.96795795
24298.211154103,4.0152946,-0.96637994
24299.2111541505,4.0152946,-0.96756348
24300.211154198,4.0150976,-0.96637994
24301.2111542455,4.0149794,-0.96637994
24302.211154293,4.0149007,-0.96716901
24303.2111543405,4.0150189,-0.96697168
24304.211154388,4.014822,-0.96677448
24305.2111544355,4.0147433,-0.96637994
24306.211154483,4.0146642,-0.96657721
24307.2111545305,4.0146251,-0.96637994
24308.211154578,4.0146251,-0.96657721
24309.2111546255,4.0143886,-0.96776074
24310.211154673,4.0144677,-0.96815521
24311.2111547205,4.0143886,-0.96835242
24312.211154768,4.0142312,-0.96637994
24313.2111548155,4.0141525,-0.96716901
24314.211154863,4.0141129,-0.96657721
24315.2111549105,4.0139556,-0.96657721
24316.211154958,4.0139165,-0.96657721
24317.2111550055,4.0139165,-0.96637994
24318.211155053,4.0138769,-0.96618268
24319.2111551004,4.0135226,-0.96677448
24320.2111551479,4.0135226,-0.96559094
24321.2111551954,4.0135226,-0.96776074
24322.2111552429,4.0133257,-0.96677448
24323.2111552904,4.0134439,-0.96756348
24324.2111553379,4.0133653,-0.96716901
24325.2111553854,4.013247,-0.96618268
24326.2111554329,4.0130501,-0.96677448
24327.2111554804,4.0130501,-0.96776074
24328.2111555279,4.0129714,-0.96598547
24329.2111555754,4.0129318,-0.96697168
24330.2111556229,4.0128927,-0.96618268
24331.2111556704,4.0127745,-0.96677448
24332.2111557179,4.0126562,-0.96637994
24333.2111557654,4.0124989,-0.96637994
24334.2111558129,4.0124202,-0.96677448
24335.2111558604,4.0124989,-0.96598547
24336.2111559079,4.0122232,-0.96618268
24337.2111559554,4.0122232,-0.96874695
24338.2111560029,4.012105,-0.96677448
24339.2111560504,4.0120263,-0.96677448
24340.2111560979,4.0119867,-0.96716901
24341.2111561454,4.0119476,-0.96776074
24342.2111561929,4.0117903,-0.96716901
24343.2111562404,4.0117111,-0.96776074
24344.2111562879,4.0117111,-0.96677448
24345.2111563354,4.0116324,-0.96716901
24346.2111563829,4.0115538,-0.96716901
24347.2111564304,4.0114751,-0.96598547
24348.2111564779,4.0113964,-0.96736621
24349.2111565254,4.0112391,-0.96657721
24350.2111565729,4.0111208,-0.96637994
24351.2111566204,4.0111208,-0.96618268
24352.2111566679,4.0109239,-0.96716901
24353.2111567154,4.0110421,-0.96697168
24354.2111567629,4.0109239,-0.96716901
24355.2111568104,4.0107269,-0.96677448
24356.2111568579,4.0106087,-0.96697168
24357.2111569054,4.0106087,-0.96657721
24358.2111569528,4.0105696,-0.96756348
24359.2111570003,4.0104513,-0.96677448
24360.2111570478,4.0104513,-0.96598547
24361.2111570953,4.0103726,-0.96657721
24362.2111571428,4.0102153,-0.96637994
24363.2111571903,4.0100183,-0.96559094
24364.2111572378,4.0101366,-0.96618268
24365.2111572853,4.0100574,-0.96677448
24366.2111573328,4.0098214,-0.96637994
24367.2111573803,4.0098214,-0.96637994
24368.2111574278,4.0097818,-0.96657721
24369.2111574753,4.0097032,-0.96598547
24370.2111575228,4.0095062,-0.96637994
24371.2111575703,4.0095458,-0.96697168
24372.2111576178,4.0093884,-0.96637994
24373.2111576653,4.0093098,-0.96697168
24374.2111577128,4.0093098,-0.96618268
24375.2111577603,4.0092306,-0.96637994
24376.2111578078,4.0091128,-0.96677448
24377.2111578553,4.0089946,-0.96657721
24378.2111579028,4.0090337,-0.96697168
24379.2111579503,4.0088763,-0.96677448
24380.2111579978,4.0086007,-0.96697168
24381.2111580453,4.0086794,-0.96835242
24382.2111580928,4.0086403,-0.96697168
24383.2111581403,4.008522,-0.96618268
24384.2111581878,4.0084434,-0.96677448
24385.2111582353,4.0084434,-0.96835242
24386.2111582828,4.0083251,-0.96637994
24387.2111583303,4.0080495,-0.96697168
24388.2111583778,4.0080891,-0.96716901
24389.2111584253,4.0079312,-0.96578815
24390.2111584728,4.0080104,-0.96677448
24391.2111585203,4.0078526,-0.96598547
24392.2111585678,4.0077348,-0.96618268
24393.2111586153,4.0076165,-0.96697168
24394.2111586628,4.0077348,-0.96756348
24395.2111587103,4.0074196,-0.96618268
24396.2111587578,4.0074983,-0.96716901
24397.2111588052,4.0074196,-0.96716901
24398.2111588527,4.0072227,-0.96657721
24399.2111589002,4.0070653,-0.96559094
24400.2111589477,4.0071044,-0.96677448
24401.2111589952,4.006947,-0.96716901
24402.2111590427,4.0068288,-0.96637994
24403.2111590902,4.006947,-0.96618268
24404.2111591377,4.0068288,-0.96736621
24405.2111591852,4.0066714,-0.96578815
24406.2111592327,4.0066323,-0.96637994
24407.2111592802,4.0065928,-0.96657721
24408.2111593277,4.0063958,-0.96677448
24409.2111593752,4.0062776,-0.96716901
24410.2111594227,4.0062776,-0.96716901
24411.2111594702,4.0061989,-0.96618268
24412.2111595177,4.0061202,-0.96618268
24413.2111595652,4.0060415,-0.96618268
24414.2111596127,4.0060019,-0.96637994
24415.2111596602,4.0059628,-0.96618268
24416.2111597077,4.0058446,-0.96677448
24417.2111597552,4.0057263,-0.96598547
24418.2111598027,4.0056086,-0.96657721
24419.2111598502,4.0056872,-0.96736621
24420.2111598977,4.0055299,-0.96637994
24421.2111599452,4.005372,-0.96716901
24422.2111599927,4.0052934,-0.96598547
24423.2111600402,4.005136,-0.96618268
24424.2111600877,4.005136,-0.96618268
24425.2111601352,4.0050573,-0.96637994
24426.2111601827,4.0048604,-0.96795795
24427.2111602302,4.0048208,-0.96894421
24428.2111602777,4.0048208,-0.96618268
24429.2111603252,4.0047026,-0.96559094
24430.2111603727,4.0045848,-0.96677448
24431.2111604202,4.0043879,-0.96598547
24432.2111604677,4.004427,-0.96637994
24433.2111605152,4.0043092,-0.96677448
24434.2111605627,4.0042696,-0.96716901
24435.2111606102,4.0041122,-0.96697168
24436.2111606576,4.0040727,-0.96677448
24437.2111607051,4.0039549,-0.96677448
24438.2111607526,4.0040727,-0.96756348
24439.2111608001,4.003758,-0.96657721
24440.2111608476,4.003758,-0.96637994
24441.2111608951,4.003561,-0.96618268
24442.2111609426,4.0036001,-0.96559094
24443.2111609901,4.0036397,-0.96637994
24444.2111610376,4.0033245,-0.96716901
24445.2111610851,4.0033245,-0.96519647
24446.2111611326,4.0032854,-0.96618268
24447.2111611801,4.0031672,-0.96637994
24448.2111612276,4.0030489,-0.96598547
24449.2111612751,4.0030098,-0.96598547
24450.2111613226,4.0028524,-0.96697168
24451.2111613701,4.0028129,-0.96578815
24452.2111614176,4.0028129,-0.96697168
24453.2111614651,4.0026555,-0.96637994
24454.2111615126,4.0025373,-0.96697168
24455.2111615601,4.002419,-0.96598547
24456.2111616076,4.002419,-0.96598547
24457.2111616551,4.0023403,-0.96637994
24458.2111617026,4.0023012,-0.96637994
24459.2111617501,4.0022221,-0.96677448
24460.2111617976,4.0019073,-0.96539368
24461.2111618451,4.0020647,-0.96657721
24462.2111618926,4.0019464,-0.96677448
24463.2111619401,4.0019073,-0.96618268
24464.2111619876,4.00175,-0.96637994
24465.2111620351,4.0015922,-0.96637994
24466.2111620826,4.0016317,-0.96637994
24467.2111621301,4.0014739,-0.96795795
24468.2111621776,4.0013561,-0.96657721
24469.2111622251,4.0012774,-0.96618268
24470.2111622726,4.0011983,-0.96657721
24471.2111623201,4.0011196,-0.96677448
24472.2111623676,4.0011196,-0.96716901
24473.2111624151,4.0010805,-0.96637994
24474.2111624626,4.0007653,-0.96716901
24475.2111625101,4.0007262,-0.96677448
24476.2111625575,4.000608,-0.96578815
24477.211162605,4.0005684,-0.96716901
24478.2111626525,4.0005684,-0.96697168
24479.2111627,4.0003324,-0.96559094
24480.2111627475,4.0003715,-0.96756348
24481.211162795,4.0002928,-0.96637994
24482.2111628425,4.0000958,-0.96618268
24483.21116289,4.0000958,-0.96697168
24484.2111629375,4.0000567,-0.96677448
24485.211162985,3.9998994,-0.96598547
24486.2111630325,3.9999387,-0.96697168
24487.21116308,3.9997418,-0.96559094
24488.2111631275,3.9997418,-0.96618268
24489.211163175,3.9995449,-0.96657721
24490.2111632225,3.9995055,-0.96598547
24491.21116327,3.9993875,-0.96598547
24492.2111633175,3.9993482,-0.96618268
24493.211163365,3.9992299,-0.96716901
24494.2111634125,3.9991906,-0.96421014
24495.21116346,3.9989543,-0.96697168
24496.2111635075,3.998915,-0.96697168
24497.211163555,3.9988363,-0.96598547
24498.2111636025,3.998718,-0.96519647
24499.21116365,3.9987969,-0.96637994
24500.2111636975,3.9984818,-0.96736621
24501.211163745,3.9985607,-0.96618268
24502.2111637925,3.9984424,-0.96637994
24503.21116384,3.9984424,-0.96618268
24504.2111638875,3.9982851,-0.96736621
24505.211163935,3.9980881,-0.96618268
24506.2111639825,3.9980881,-0.96776074
24507.21116403,3.9979305,-0.96716901
24508.2111640775,3.9978912,-0.96539368
24509.211164125,3.9977732,-0.96559094
24510.2111641725,3.9978518,-0.96697168
24511.21116422,3.9976943,-0.96716901
24512.2111642675,3.9974976,-0.96756348
24513.211164315,3.9973793,-0.96697168
24514.2111643625,3.99734,-0.96657721
24515.2111644099,3.9973793,-0.96677448
24516.2111644574,3.9973006,-0.96677448
24517.2111645049,3.9970644,-0.96637994
24518.2111645524,3.9969857,-0.96578815
24519.2111645999,3.997025,-0.96657721
24520.2111646474,3.996907,-0.96657721
24521.2111646949,3.9967887,-0.96637994
24522.2111647424,3.9966707,-0.96559094
24523.2111647899,3.9965918,-0.96598547
24524.2111648374,3.9964738,-0.96618268
24525.2111648849,3.9963558,-0.96677448
24526.2111649324,3.9962375,-0.96559094
24527.2111649799,3.9963162,-0.96677448
24528.2111650274,3.9961982,-0.96598547
24529.2111650749,3.9961588,-0.96736621
24530.2111651224,3.9960406,-0.96736621
24531.2111651699,3.9959226,-0.96637994
24532.2111652174,3.9957256,-0.96697168
24533.2111652649,3.9956863,-0.96598547
24534.2111653124,3.9955683,-0.96637994
24535.2111653599,3.9955287,-0.96618268
24536.2111654074,3.9953713,-0.96657721
24537.2111654549,3.9953713,-0.96598547
24538.2111655024,3.9952927,-0.96637994
24539.2111655499,3.9952531,-0.96697168
24540.2111655974,3.9950957,-0.96736621
24541.2111656449,3.9949381,-0.96637994
24542.2111656924,3.9949381,-0.96539368
24543.2111657399,3.9947808,-0.96618268
24544.2111657874,3.9947414,-0.96697168
24545.2111658349,3.9946232,-0.96578815
24546.2111658824,3.9946232,-0.96736621
24547.2111659299,3.9944263,-0.96677448
24548.2111659774,3.9943476,-0.96598547
24549.2111660249,3.9942296,-0.96657721
24550.2111660724,3.99419,-0.96677448
24551.2111661199,3.9939933,-0.96637994
24552.2111661674,3.9939539,-0.96637994
24553.2111662149,3.993875,-0.96598547
24554.2111662623,3.9939144,-0.96598547
24555.2111663098,3.9937177,-0.96697168
24556.2111663573,3.9935994,-0.96637994
24557.2111664048,3.9935994,-0.96756348
24558.2111664523,3.9935601,-0.96716901
24559.2111664998,3.9932845,-0.96716901
24560.2111665473,3.9933631,-0.96716901
24561.2111665948,3.9932451,-0.96657721
24562.2111666423,3.9930482,-0.96716901
24563.2111666898,3.9930089,-0.96637994
24564.2111667373,3.9928119,-0.96697168
24565.2111667848,3.9927332,-0.96697168
24566.2111668323,3.9927332,-0.96598547
24567.2111668798,3.9926152,-0.96657721
24568.2111669273,3.9925759,-0.96756348
24569.2111669748,3.9924576,-0.96637994
24570.2111670223,3.9924576,-0.96559094
24571.2111670698,3.9923,-0.96697168
24572.2111671173,3.9921427,-0.96795795
24573.2111671648,3.992182,-0.96756348
24574.2111672123,3.9920244,-0.96657721
24575.2111672598,3.9918671,-0.96637994
24576.2111673073,3.9919064,-0.96618268
24577.2111673548,3.9917884,-0.96578815
24578.2111674023,3.9917095,-0.96618268
24579.2111674498,3.9915128,-0.96736621
24580.2111674973,3.9915128,-0.96657721
24581.2111675448,3.9913945,-0.96697168
24582.2111675923,3.9912372,-0.96637994
24583.2111676398,3.9911582,-0.96598547
24584.2111676873,3.9910402,-0.96618268
24585.2111677348,3.9910796,-0.96697168
24586.2111677823,3.9910009,-0.96697168
24587.2111678298,3.990804,-0.96637994
24588.2111678773,3.9907253,-0.96657721
24589.2111679248,3.9907646,-0.96578815
24590.2111679723,3.990607,-0.96519647
24591.2111680198,3.9904497,-0.96598547
24592.2111680673,3.9903314,-0.96716901
24593.2111681147,3.9903314,-0.96716901
24594.2111681622,3.9901741,-0.96697168
24595.2111682097,3.9901345,-0.96618268
24596.2111682572,3.9901345,-0.96618268
24597.2111683047,3.9899771,-0.96578815
24598.2111683522,3.9898589,-0.96637994
24599.2111683997,3.9898589,-0.96637994
24600.2111684472,3.9896228,-0.96677448
24601.2111684947,3.9895439,-0.96637994
24602.2111685422,3.9894259,-0.96716901
24603.2111685897,3.9894652,-0.96578815
24604.2111686372,3.9893076,-0.96697168
24605.2111686847,3.9892683,-0.96677448
24606.2111687322,3.9891503,-0.96657721
24607.2111687797,3.9890716,-0.96716901
24608.2111688272,3.9889534,-0.96736621
24609.2111688747,3.9888747,-0.96637994
24610.2111689222,3.9886777,-0.96440741
24611.2111689697,3.9887171,-0.96697168
24612.2111690172,3.9886384,-0.96677448
24613.2111690647,3.9885597,-0.96736621
24614.2111691122,3.9884415,-0.96637994
24615.2111691597,3.9883235,-0.96776074
24616.2111692072,3.9882052,-0.96618268
24617.2111692547,3.9880478,-0.96618268
24618.2111693022,3.9880085,-0.96756348
24619.2111693497,3.9878509,-0.96657721
24620.2111693972,3.9879689,-0.96657721
24621.2111694447,3.9876933,-0.96716901
24622.2111694922,3.987654,-0.96657721
24623.2111695397,3.9875753,-0.96657721
24624.2111695872,3.9874966,-0.96657721
24625.2111696347,3.9873784,-0.96736621
24626.2111696822,3.9872997,-0.96677448
24627.2111697297,3.987221,-0.96618268
24628.2111697772,3.9871027,-0.96677448
24629.2111698247,3.9870634,-0.96637994
24630.2111698722,3.9869061,-0.96598547
24631.2111699197,3.9868271,-0.96637994
24632.2111699672,3.9868271,-0.96677448
24633.2111700146,3.9866302,-0.96716901
24634.2111700621,3.9865909,-0.96736621
24635.2111701096,3.9865515,-0.96618268
24636.2111701571,3.9863546,-0.96697168
24637.2111702046,3.9861972,-0.96697168
24638.2111702521,3.9862759,-0.96578815
24639.2111702996,3.9861579,-0.96835242
24640.2111703471,3.9861186,-0.96618268
24641.2111703946,3.985961,-0.96598547
24642.2111704421,3.9858034,-0.96578815
24643.2111704896,3.9858429,-0.96637994
24644.2111705371,3.9856853,-0.96618268
24645.2111705846,3.9856067,-0.96657721
24646.2111706321,3.9854491,-0.96539368
24647.2111706796,3.9852917,-0.96736621
24648.2111707271,3.9852521,-0.96637994
24649.2111707746,3.9852521,-0.96697168
24650.2111708221,3.9851735,-0.96835242
24651.2111708696,3.9850948,-0.96657721
24652.2111709171,3.9848979,-0.96697168
24653.2111709646,3.9848585,-0.96460468
24654.2111710121,3.9847009,-0.96618268
24655.2111710596,3.9845829,-0.96637994
24656.2111711071,3.9845042,-0.96618268
24657.2111711546,3.9845436,-0.96637994
24658.2111712021,3.984386,-0.96736621
24659.2111712496,3.9843073,-0.96618268
24660.2111712971,3.9842286,-0.96637994
24661.2111713446,3.9840317,-0.96519647
24662.2111713921,3.9839923,-0.96618268
24663.2111714396,3.983953,-0.96637994
24664.2111714871,3.9838741,-0.96598547
24665.2111715346,3.9838347,-0.96716901
24666.2111715821,3.9836378,-0.96677448
24667.2111716296,3.9835198,-0.96618268
24668.2111716771,3.9835198,-0.96677448
24669.2111717246,3.9833622,-0.96539368
24670.2111717721,3.9833229,-0.96637994
24671.2111718196,3.9832442,-0.96578815
24672.211171867,3.9830472,-0.96637994
24673.2111719145,3.9829292,-0.96637994
24674.211171962,3.9829686,-0.96657721
24675.2111720095,3.9828503,-0.96677448
24676.211172057,3.9827716,-0.96677448
24677.2111721045,3.9825747,-0.96539368
24678.211172152,3.982378,-0.96657721
24679.2111721995,3.982378,-0.96559094
24680.211172247,3.9823387,-0.96697168
24681.2111722945,3.9821811,-0.96756348
24682.211172342,3.9821811,-0.96598547
24683.2111723895,3.9820235,-0.96539368
24684.211172437,3.9819448,-0.96559094
24685.2111724845,3.9817874,-0.96559094
24686.211172532,3.9817874,-0.96677448
24687.2111725795,3.9817085,-0.96637994
24688.211172627,3.9817085,-0.96677448
24689.2111726745,3.9814723,-0.96756348
24690.211172722,3.9815118,-0.96716901
24691.2111727695,3.9813149,-0.96637994
24692.211172817,3.9812756,-0.96677448
24693.2111728645,3.981118,-0.96598547
24694.211172912,3.9809999,-0.96657721
24695.2111729595,3.9810393,-0.96637994
24696.211173007,3.9807637,-0.96716901
24697.2111730545,3.980921,-0.96677448
24698.211173102,3.9807243,-0.96736621
24699.2111731495,3.9806454,-0.96637994
24700.211173197,3.9805667,-0.96637994
24701.2111732445,3.9803305,-0.96578815
24702.211173292,3.9803698,-0.96677448
24703.2111733395,3.9802125,-0.96598547
24704.211173387,3.9800549,-0.96697168
24705.2111734345,3.9799762,-0.96697168
24706.211173482,3.9800155,-0.96657721
24707.2111735295,3.9798579,-0.96637994
24708.211173577,3.9796612,-0.96637994
24709.2111736245,3.9797006,-0.96677448
24710.211173672,3.979543,-0.96677448
24711.2111737194,3.9794643,-0.96598547
24712.2111737669,3.979346,-0.96539368
24713.2111738144,3.9793067,-0.96637994
24714.2111738619,3.9791887,-0.96559094
24715.2111739094,3.9790311,-0.96598547
24716.2111739569,3.9790311,-0.96657721
24717.2111740044,3.9789917,-0.96559094
24718.2111740519,3.9788737,-0.96736621
24719.2111740994,3.9787948,-0.96618268
24720.2111741469,3.9786375,-0.96519647
24721.2111741944,3.9783618,-0.96637994
24722.2111742419,3.9784012,-0.96618268
24723.2111742894,3.9783618,-0.96598547
24724.2111743369,3.9782832,-0.96677448
24725.2111743844,3.9781256,-0.96637994
24726.2111744319,3.9780076,-0.96559094
24727.2111744794,3.977968,-0.96637994
24728.2111745269,3.977968,-0.96618268
24729.2111745744,3.9777319,-0.96519647
24730.2111746219,3.977653,-0.96598547
24731.2111746694,3.9775743,-0.96519647
24732.2111747169,3.9776137,-0.96716901
24733.2111747644,3.9773381,-0.96618268
24734.2111748119,3.9773381,-0.96637994
24735.2111748594,3.9771018,-0.96677448
24736.2111749069,3.9771018,-0.96697168
24737.2111749544,3.9770625,-0.96677448
24738.2111750019,3.9770625,-0.96697168
24739.2111750494,3.9768262,-0.96637994
24740.2111750969,3.9767869,-0.96697168
24741.2111751444,3.9767869,-0.96559094
24742.2111751919,3.9766293,-0.96618268
24743.2111752394,3.9764719,-0.96657721
24744.2111752869,3.9764326,-0.96697168
24745.2111753344,3.976275,-0.96618268
24746.2111753819,3.9761569,-0.96716901
24747.2111754294,3.976078,-0.96637994
24748.2111754769,3.9760387,-0.96618268
24749.2111755244,3.975842,-0.96657721
24750.2111755718,3.975842,-0.96578815
24751.2111756193,3.9758024,-0.96637994
24752.2111756668,3.9756451,-0.96637994
24753.2111757143,3.9754875,-0.96637994
24754.2111757618,3.9754875,-0.96657721
24755.2111758093,3.9752905,-0.96618268
24756.2111758568,3.9752119,-0.96756348
24757.2111759043,3.9751725,-0.96637994
24758.2111759518,3.9749756,-0.96598547
24759.2111759993,3.9749756,-0.96578815
24760.2111760468,3.9748576,-0.96618268
24761.2111760943,3.9748576,-0.96795795
24762.2111761418,3.9747,-0.96756348
24763.2111761893,3.9745426,-0.96539368
24764.2111762368,3.9745033,-0.96677448
24765.2111762843,3.9744637,-0.96756348
24766.2111763318,3.974267,-0.96697168
24767.2111763793,3.9743063,-0.96657721
24768.2111764268,3.9742277,-0.96539368
24769.2111764743,3.9740701,-0.96598547
24770.2111765218,3.9740307,-0.96697168
24771.2111765693,3.9739125,-0.96559094
24772.2111766168,3.9737551,-0.96637994
24773.2111766643,3.9736369,-0.96637994
24774.2111767118,3.9734795,-0.96618268
24775.2111767593,3.9734795,-0.96657721
24776.2111768068,3.9734006,-0.96559094
24777.2111768543,3.9734006,-0.96677448
24778.2111769018,3.9732039,-0.96776074
24779.2111769493,3.973125,-0.96716901
24780.2111769968,3.973007,-0.96578815
24781.2111770443,3.9729283,-0.96618268
24782.2111770918,3.9728494,-0.96618268
24783.2111771393,3.9726527,-0.96677448
24784.2111771868,3.9726133,-0.96657721
24785.2111772343,3.9724951,-0.96677448
24786.2111772818,3.9725344,-0.96539368
24787.2111773293,3.9725344,-0.96637994
24788.2111773768,3.9722195,-0.96618268
24789.2111774242,3.9722195,-0.96677448
24790.2111774717,3.9721014,-0.96697168
24791.2111775192,3.9720225,-0.96736621
24792.2111775667,3.9717863,-0.96519647
24793.2111776142,3.9717076,-0.96657721
24794.2111776617,3.9716682,-0.96578815
24795.2111777092,3.9716682,-0.96578815
24796.2111777567,3.9714713,-0.96637994
24797.2111778042,3.9715502,-0.96716901
24798.2111778517,3.971314,-0.96539368
24799.2111778992,3.971235,-0.96618268
24800.2111779467,3.971117,-0.96736621
24801.2111779942,3.9710383,-0.96677448
24802.2111780417,3.970999,-0.96618268
24803.2111780892,3.9708414,-0.96716901
24804.2111781367,3.9707234,-0.96618268
24805.2111781842,3.9706838,-0.96598547
24806.2111782317,3.9705265,-0.96736621
24807.2111782792,3.9706051,-0.96716901
24808.2111783267,3.9703689,-0.96519647
24809.2111783742,3.9702508,-0.96637994
24810.2111784217,3.9702115,-0.96618268
24811.2111784692,3.9700933,-0.96716901
24812.2111785167,3.9699752,-0.96776074
24813.2111785642,3.9698963,-0.96578815
24814.2111786117,3.969739,-0.96559094
24815.2111786592,3.9698176,-0.96637994
24816.2111787067,3.9696603,-0.96716901
24817.2111787542,3.9694633,-0.96657721
24818.2111788017,3.969542,-0.96677448
24819.2111788492,3.9693847,-0.96618268
24820.2111788967,3.9693451,-0.96618268
24821.2111789442,3.9691091,-0.96697168
24822.2111789917,3.9692271,-0.96716901
24823.2111790392,3.9688334,-0.96618268
24824.2111790867,3.9690695,-0.96578815
24825.2111791342,3.9687545,-0.96697168
24826.2111791817,3.9687939,-0.96657721
24827.2111792292,3.9685972,-0.96697168
24828.2111792767,3.9685183,-0.96598547
24829.2111793241,3.9682426,-0.96657721
24830.2111793716,3.9683216,-0.96736621
24831.2111794191,3.9682822,-0.96795795
24832.2111794666,3.9680853,-0.96618268
24833.2111795141,3.9680064,-0.96578815
24834.2111795616,3.9680064,-0.96559094
24835.2111796091,3.9678097,-0.96598547
24836.2111796566,3.9677703,-0.96716901
24837.2111797041,3.9677308,-0.96657721
24838.2111797516,3.9676127,-0.96578815
24839.2111797991,3.9674947,-0.96637994
24840.2111798466,3.9673765,-0.96637994
24841.2111798941,3.9672585,-0.96736621
24842.2111799416,3.9672191,-0.96598547
24843.2111799891,3.9670222,-0.96677448
24844.2111800366,3.9669039,-0.96559094
24845.2111800841,3.9668646,-0.96716901
24846.2111801316,3.9666679,-0.96637994
24847.2111801791,3.966589,-0.96637994
24848.2111802266,3.9666283,-0.96756348
24849.2111802741,3.966471,-0.96677448
24850.2111803216,3.966471,-0.96756348
24851.2111803691,3.966274,-0.96716901
24852.2111804166,3.9661953,-0.96716901
24853.2111804641,3.9660771,-0.96578815
24854.2111805116,3.9659984,-0.96598547
24855.2111805591,3.9658804,-0.96677448
24856.2111806066,3.9659591,-0.96697168
24857.2111806541,3.9657621,-0.96598547
24858.2111807016,3.9655259,-0.96637994
24859.2111807491,3.9655259,-0.96637994
24860.2111807966,3.9654865,-0.96697168
24861.2111808441,3.9652896,-0.96736621
24862.2111808916,3.9652896,-0.96598547
24863.2111809391,3.9651716,-0.96776074
24864.2111809866,3.9650536,-0.96657721
24865.2111810341,3.9650536,-0.96598547
24866.2111810816,3.964896,-0.96716901
24867.2111811291,3.9648173,-0.96637994
24868.2111811765,3.9647779,-0.96618268
24869.211181224,3.9645417,-0.96677448
24870.2111812715,3.9646204,-0.96657721
24871.211181319,3.9644234,-0.96677448
24872.2111813665,3.9643447,-0.96795795
24873.211181414,3.9641085,-0.96618268
24874.2111814615,3.9642265,-0.96795795
24875.211181509,3.9640691,-0.96697168
24876.2111815565,3.9639904,-0.96637994
24877.211181604,3.9637935,-0.96559094
24878.2111816515,3.9637542,-0.96637994
24879.211181699,3.9635572,-0.96657721
24880.2111817465,3.9635179,-0.96776074
24881.211181794,3.9635572,-0.96736621
24882.2111818415,3.9634786,-0.96637994
24883.211181889,3.963321,-0.96598547
24884.2111819365,3.9631636,-0.96657721
24885.211181984,3.9630454,-0.96618268
24886.2111820315,3.963006,-0.96559094
24887.211182079,3.9629273,-0.96618268
24888.2111821265,3.9628091,-0.96657721
24889.211182174,3.9627697,-0.96618268
24890.2111822215,3.9624548,-0.96736621
24891.211182269,3.9624941,-0.96519647
24892.2111823165,3.9624155,-0.96618268
24893.211182364,3.9624155,-0.96716901
24894.2111824115,3.9622972,-0.96736621
24895.211182459,3.9622185,-0.96618268
24896.2111825065,3.9621792,-0.96677448
24897.211182554,3.9619823,-0.96578815
24898.2111826015,3.9618642,-0.96598547
24899.211182649,3.9618642,-0.96835242
24900.2111826965,3.9617853,-0.96618268
24901.211182744,3.9614704,-0.96618268
24902.2111827915,3.9615097,-0.96637994
24903.211182839,3.9613523,-0.96657721
24904.2111828865,3.9612737,-0.96618268
24905.211182934,3.9612737,-0.96677448
24906.2111829815,3.9610767,-0.96578815
24907.2111830289,3.9610767,-0.96598547
24908.2111830764,3.9609191,-0.96637994
24908.2391830778,3.9608798,-0.96697168
24908.2411830779,3.9609981,-0.96618268
24908.28518308,3.9847403,0
24968.2851859298,3.9976549,0
25028.2851887797,3.9989936,0
25088.2851916295,3.9993875,0
25148.2851944793,3.9995842,0
25208.2851973292,3.9997025,0
25268.285200179,3.99986,0
25328.2852030289,3.9999387,0
25388.2852058787,4.0000958,0
25448.2852087286,4.000175,0
25508.2852115784,4.0002141,0
25568.2852144283,4.0002928,0
25628.2852172781,4.0002537,0
25688.285220128,4.000411,0
25748.2852229778,4.0005684,0
25808.2852258277,4.000608,0
25868.2852286775,4.000608,0
25928.2852315274,4.0005684,0
25988.2852343772,4.0005684,0
26048.2852372271,4.0006866,0
26108.2852400769,4.0006866,0
26168.2852429268,4.0006471,0
26228.2852457766,4.0006866,0
26288.2852486264,4.0007262,0
26348.2852514763,4.0007653,0
26408.2852543261,4.000844,0
26468.285257176,4.0007262,0
26528.2852600258,4.0009227,0
26588.2852628757,4.0009227,0
26648.2852657255,4.0007653,0
26708.2852685754,4.0008836,0
26768.2852714252,4.0008836,0
26828.2852742751,4.0009227,0
26888.2852771249,4.0009623,0
26948.2852799748,4.0008836,0
27008.2852828246,4.0008049,0
27068.2852856745,4.0009623,0
27128.2852885243,4.0009227,0
27188.2852913742,4.0008836,0
27248.285294224,4.0008836,0
27308.2852970738,4.0010018,0
27368.2852999237,4.0008836,0
27428.2853027735,4.0009623,0
27488.2853056234,4.0009227,0
27548.2853084732,4.0010805,0
27608.2853113231,4.0010409,0
27668.2853141729,4.0008836,0
27728.2853170228,4.0010409,0
27788.2853198726,4.0010409,0
27848.2853227225,4.0009227,0
27908.2853255723,4.0010805,0
27968.2853284222,4.0010805,0
28028.285331272,4.0009623,0
28088.2853341219,4.0010409,0
28148.2853369717,4.0009227,0
28208.2853398216,4.0010805,0
28268.2853426714,4.0010805,0
28328.2853455212,4.0009623,0
28388.2853483711,4.0010805,0
28448.2853512209,4.0010805,0
28508.3193540724,4.0010805,0
28508.3213540725,3.8284655,-6.5313037
28508.4213540772,3.8219688,-6.5232158
28508.521354082,3.8197246,-6.525189
28508.6213540867,3.8181496,-6.5236108
28508.7213540915,3.8164566,-6.5267666
28508.8213540962,3.8154721,-6.5247944
28508.921354101,3.8143303,-6.5265693
28509.0213541057,3.8134248,-6.5238081
28509.1213541105,3.8124404,-6.5243999
28509.2213541152,3.8116136,-6.5249917
28509.32135412,3.8106687,-6.5249917
28509.4213541247,3.8099599,-6.5236108
28509.5213541295,3.8092904,-6.5220327
28509.6213541342,3.8083062,-6.5285425
28509.721354139,3.8076761,-6.5257808
28509.8213541437,3.8070462,-6.5228213
28509.9213541485,3.8065343,-6.5141426
28510.0213541532,3.8051956,-6.5291338
28510.121354158,3.8049989,-6.5247944
28510.2213541627,3.8042901,-6.5255835
28510.3213541675,3.8037782,-6.5273584
28510.4213541722,3.803345,-6.5186797
28510.521354177,3.8029513,-6.5151289
28510.6213541817,3.8020062,-6.5313037
28510.7213541865,3.8015339,-6.5234131
28510.8213541912,3.8008251,-6.5368267
28510.921354196,3.8003919,-6.5299229
28511.0213542007,3.8000376,-6.5198628
28511.1213542055,3.799644,-6.5245972
28511.2213542102,3.7992108,-6.5184824
28511.321354215,3.7986202,-6.5240054
28511.4213542197,3.798187,-6.5165093
28511.5213542245,3.7975571,-6.5226245
28511.6213542292,3.7971239,-6.5263721
28511.721354234,3.7963364,-6.5342627
28511.8213542387,3.7962184,-6.5243999
28511.9213542435,3.7959034,-6.5230186
28512.0213542482,3.7950766,-6.5334731
28512.121354253,3.7949977,-6.5236108
28512.2213542577,3.7944465,-6.5261748
28512.3213542625,3.7943285,-6.5172983
28512.4213542672,3.7936196,-6.5240054
28512.521354272,3.7929111,-6.5372212
28512.6213542767,3.7930291,-6.5218354
28512.7213542815,3.7922416,-6.5316982
28512.8213542862,3.7921236,-6.5236108
28512.921354291,3.7915723,-6.5277529
28513.0213542957,3.7912574,-6.5230186
28513.1213543005,3.7909029,-6.525189
28513.2213543052,3.7905092,-6.5208491
28513.32135431,3.7902336,-6.525189
28513.4213543147,3.7897217,-6.5210464
28513.5213543195,3.7890129,-6.5441255
28513.6213543242,3.7892098,-6.5240054
28513.721354329,3.7888162,-6.5247944
28513.8213543337,3.7884617,-6.5243999
28513.9213543385,3.7880681,-6.5245972
28514.0213543432,3.7876742,-6.5245972
28514.121354348,3.7873592,-6.5253862
28514.2213543527,3.7869656,-6.5238081
28514.3213543575,3.7866507,-6.5247944
28514.4213543622,3.7860599,-6.5506348
28514.521354367,3.7856662,-6.5391938
28514.6213543717,3.7856269,-6.5214409
28514.7213543765,3.785115,-6.5309092
28514.8213543812,3.7848001,-6.5259775
28514.921354386,3.7847607,-6.5171011
28515.0213543907,3.7844062,-6.5184824
28515.1213543955,3.7824376,-6.5821948
28515.2213544002,3.783855,-6.5182852
28515.321354405,3.7831068,-6.5326841
28515.4213544097,3.7831857,-6.5190742
28515.5213544145,3.7829494,-6.5206519
28515.6213544192,3.7824769,-6.5242026
28515.721354424,3.7821226,-6.5261748
28515.8213544287,3.7819257,-6.5249917
28515.9213544335,3.781532,-6.5240054
28516.0213544382,3.7813351,-6.5242026
28516.121354443,3.7809019,-6.5255835
28516.2213544477,3.7808232,-6.5224272
28516.3213544525,3.780587,-6.5247944
28516.4213544572,3.780272,-6.5255835
28516.521354462,3.7798388,-6.5255835
28516.6213544667,3.7794845,-6.5322896
28516.7213544715,3.7793665,-6.5240054
28516.8213544762,3.7792482,-6.5165093
28516.921354481,3.778697,-6.5271611
28517.0213544857,3.7785394,-6.5220327
28517.1213544905,3.779012,-6.4843574
28517.2213544952,3.7777126,-6.5415605
28517.3213545,3.7782245,-6.5060552
28517.4213545047,3.7781065,-6.5040825
28517.5213545095,3.777437,-6.5172983
28517.6213545142,3.7769647,-6.5240054
28517.721354519,3.7766495,-6.5247944
28517.8213545237,3.7764921,-6.5240054
28517.9213545285,3.7762558,-6.5228213
28518.0213545332,3.7760589,-6.5245972
28518.121354538,3.7756259,-6.5243999
28518.2213545427,3.775429,-6.5269639
28518.3213545475,3.7750747,-6.5269639
28518.4213545522,3.7749565,-6.5269639
28518.521354557,3.7747202,-6.5257808
28518.6213545617,3.7744446,-6.5247944
28518.7213545665,3.7742872,-6.5242026
28518.8213545712,3.7739723,-6.525189
28518.921354576,3.7736571,-6.5261748
28519.0213545807,3.7734997,-6.52223
28519.1213545855,3.7731452,-6.5261748
28519.2213545902,3.7730665,-6.5243999
28519.321354595,3.7728302,-6.5249917
28519.4213545997,3.7725546,-6.5247944
28519.5213546045,3.7724366,-6.5236108
28519.6213546092,3.7722003,-6.5216382
28519.721354614,3.7718067,-6.5216382
28519.8213546187,3.7715704,-6.5242026
28519.9213546235,3.7714128,-6.5259775
28520.0213546282,3.7710586,-6.5257808
28520.121354633,3.7709403,-6.52223
28520.2213546377,3.770704,-6.5253862
28520.3213546425,3.7703891,-6.5253862
28520.4213546472,3.7702317,-6.5255835
28520.521354652,3.7699955,-6.5236108
28520.6213546567,3.7699168,-6.5238081
28520.7213546615,3.7695229,-6.5271611
28520.8213546662,3.7692866,-6.5257808
28520.921354671,3.7691686,-6.5253862
28521.0213546757,3.7688141,-6.5267666
28521.1213546805,3.7685781,-6.5273584
28521.2213546852,3.7686174,-6.5186797
28521.32135469,3.7683811,-6.5249917
28521.4213546947,3.7680662,-6.5243999
28521.5213546995,3.7679873,-6.5218354
28521.6213547042,3.7677906,-6.5230186
28521.721354709,3.7674754,-6.52223
28521.8213547137,3.7671604,-6.5255835
28521.9213547185,3.7671998,-6.5208491
28522.0213547232,3.7667668,-6.5366294
28522.121354728,3.7666881,-6.5245972
28522.2213547327,3.7667668,-6.5257808
28522.3213547375,3.7664912,-6.52223
28522.4213547422,3.7661762,-6.5265693
28522.521354747,3.7661369,-6.5214409
28522.6213547517,3.765861,-6.5301201
28522.7213547565,3.7650342,-6.5427441
28522.8213547612,3.7653098,-6.528936
28522.921354766,3.7651525,-6.5224272
28523.0213547707,3.7649949,-6.5216382
28523.1213547755,3.7647586,-6.5291338
28523.2213547802,3.7649949,-6.5161152
28523.321354785,3.7646799,-6.5184824
28523.4213547897,3.764168,-6.5257808
28523.5213547945,3.7636561,-6.5356431
28523.6213547992,3.7636168,-6.5295283
28523.721354804,3.7639318,-6.5218354
28523.8213548087,3.7634594,-6.5275557
28523.9213548135,3.7633018,-6.5234131
28524.0213548182,3.7631838,-6.5265693
28524.121354823,3.7628686,-6.5322896
28524.2213548277,3.7628293,-6.5220327
28524.3213548325,3.7626326,-6.5247944
28524.4213548372,3.762475,-6.5257808
28524.521354842,3.7625537,-6.5214409
28524.6213548467,3.7618451,-6.5257808
28524.7213548515,3.7616875,-6.528936
28524.8213548562,3.7616482,-6.5334731
28524.921354861,3.7615695,-6.5232158
28525.0213548657,3.7617662,-6.5107891
28525.1213548705,3.7611756,-6.53446
28525.2213548752,3.7608607,-6.5301201
28525.32135488,3.7609394,-6.5238081
28525.4213548847,3.7609787,-6.5171011
28525.5213548895,3.7603881,-6.5307119
28525.6213548942,3.7603095,-6.5293311
28525.721354899,3.7598369,-6.5348545
28525.8213549037,3.7602308,-6.5172983
28525.9213549085,3.7599552,-6.52223
28526.0213549132,3.7598763,-6.5214409
28526.121354918,3.7598763,-6.5145371
28526.2213549227,3.7591677,-6.5362349
28526.3213549275,3.7588131,-6.5425469
28526.4213549322,3.7590888,-6.5208491
28526.5213549369,3.7595613,-6.4969814
28526.6213549417,3.7588921,-6.5157207
28526.7213549464,3.7586558,-6.5242026
28526.8213549512,3.7584982,-6.5167065
28526.9213549559,3.7581832,-6.5350518
28527.0213549607,3.7578683,-6.5273584
28527.1213549654,3.7580652,-6.5178901
28527.2213549702,3.7578683,-6.5283452
28527.3213549749,3.7575927,-6.528936
28527.4213549797,3.75775,-6.5174956
28527.5213549844,3.7570808,-6.5309092
28527.6213549892,3.7571201,-6.5204546
28527.7213549939,3.7572384,-6.5200601
28527.8213549987,3.7569232,-6.5204546
28527.9213550034,3.7566082,-6.5277529
28528.0213550082,3.756372,-6.5303174
28528.1213550129,3.7565296,-6.5210464
28528.2213550177,3.756254,-6.5202573
28528.3213550224,3.756254,-6.5249917
28528.4213550272,3.7558997,-6.5263721
28528.5213550319,3.7557814,-6.5307119
28528.6213550367,3.7555451,-6.5236108
28528.7213550414,3.7553878,-6.5277529
28528.8213550462,3.7554271,-6.5210464
28528.9213550509,3.7551908,-6.5240054
28529.0213550557,3.7550728,-6.5277529
28529.1213550604,3.7550333,-6.5218354
28529.2213550652,3.7548759,-6.5245972
28529.3213550699,3.7546396,-6.5214409
28529.4213550747,3.7545609,-6.5212437
28529.5213550794,3.7542064,-6.5287397
28529.6213550842,3.7538915,-6.5311064
28529.7213550889,3.7540884,-6.5206519
28529.8213550937,3.7538915,-6.5198628
28529.9213550984,3.7535372,-6.5295283
28530.0213551032,3.7536159,-6.525189
28530.1213551079,3.7537341,-6.5125645
28530.2213551127,3.7532616,-6.5228213
28530.3213551174,3.7533009,-6.5169038
28530.4213551222,3.7534585,-6.5062524
28530.5213551269,3.7533009,-6.5001377
28530.6213551317,3.752789,-6.5230186
28530.7213551364,3.7527103,-6.5245972
28530.8213551412,3.7525134,-6.5249917
28530.9213551459,3.7523558,-6.525189
28531.0213551507,3.7522771,-6.5245972
28531.1213551554,3.7521985,-6.5228213
28531.2213551602,3.7520409,-6.5212437
28531.3213551649,3.7518835,-6.5285425
28531.4213551697,3.7518046,-6.5232158
28531.5213551744,3.7516472,-6.5303174
28531.6213551792,3.7516079,-6.5184824
28531.7213551839,3.7514503,-6.5257808
28531.8213551887,3.7512929,-6.5255835
28531.9213551934,3.7511353,-6.5232158
28532.0213551982,3.7510567,-6.5245972
28532.1213552029,3.7508204,-6.5245972
28532.2213552077,3.7506235,-6.5257808
28532.3213552124,3.7507415,-6.5234131
28532.4213552172,3.7503479,-6.5247944
28532.5213552219,3.7503085,-6.5228213
28532.6213552267,3.7502692,-6.5236108
28532.7213552314,3.7499542,-6.5332759
28532.8213552362,3.749836,-6.5322896
28532.9213552409,3.7498753,-6.5236108
28533.0213552457,3.7494423,-6.5307119
28533.1213552504,3.7495604,-6.5245972
28533.2213552552,3.7497966,-6.5139453
28533.3213552599,3.7494423,-6.5263721
28533.4213552647,3.7490878,-6.5307119
28533.5213552694,3.7491667,-6.5257808
28533.6213552742,3.7489305,-6.528936
28533.7213552789,3.7487729,-6.5279502
28533.8213552837,3.7486548,-6.5269639
28533.9213552884,3.7486155,-6.525189
28534.0213552932,3.7484972,-6.5228213
28534.1213552979,3.7483399,-6.5299229
28534.2213553027,3.7482216,-6.5281475
28534.3213553074,3.7481036,-6.5255835
28534.4213553122,3.7479854,-6.5210464
28534.5213553169,3.748143,-6.5147344
28534.6213553217,3.7481036,-6.506647
28534.7213553264,3.7476704,-6.5210464
28534.8213553312,3.7473161,-6.5358403
28534.9213553359,3.7478673,-6.5072383
28535.0213553407,3.7470405,-6.5263721
28535.1213553454,3.7471585,-6.5269639
28535.2213553502,3.7470798,-6.5234131
28535.3213553549,3.7468829,-6.5269639
28535.4213553597,3.7467256,-6.5245972
28535.5213553644,3.746686,-6.5271611
28535.6213553692,3.746568,-6.5267666
28535.7213553739,3.746568,-6.5210464
28535.8213553787,3.7463317,-6.5230186
28535.9213553834,3.7441268,-6.6044844
28536.0213553882,3.7460167,-6.5297256
28536.1213553929,3.7460167,-6.5263721
28536.2213553977,3.7460167,-6.5245972
28536.3213554024,3.7458198,-6.5245972
28536.4213554072,3.7456231,-6.5261748
28536.5213554119,3.7455442,-6.5192715
28536.6213554167,3.7456625,-6.5107891
28536.7213554214,3.7450716,-6.5257808
28536.8213554262,3.7451506,-6.5218354
28536.9213554309,3.7451112,-6.5214409
28537.0213554357,3.7450323,-6.5267666
28537.1213554404,3.744875,-6.5249917
28537.2213554452,3.744993,-6.5249917
28537.3213554499,3.7449143,-6.5198628
28537.4213554547,3.7447174,-6.513748
28537.5213554594,3.7445204,-6.5190742
28537.6213554642,3.7440875,-6.5303174
28537.7213554689,3.7441268,-6.5263721
28537.8213554737,3.7440481,-6.5322896
28537.9213554784,3.7440875,-6.5196655
28538.0213554832,3.7439692,-6.5230186
28538.1213554879,3.7438905,-6.52223
28538.2213554927,3.7435362,-6.5238081
28538.3193554973,3.743103,-6.5417578
28538.3633554994,3.916348,0
28538.4633555042,3.9189074,0
28538.5633555089,3.9202461,0
28538.6633555137,3.921191,0
28538.7633555184,3.9222147,0
28538.8633555232,3.9229233,0
28538.9633555279,3.9236715,0
28539.0633555327,3.9242227,0
28539.1633555374,3.9249315,0
28539.2633555422,3.9254434,0
28539.3633555469,3.9259553,0
28539.4633555517,3.9264276,0
28539.5633555564,3.9269788,0
28539.6633555612,3.9272544,0
28539.7633555659,3.9278452,0
28539.8633555707,3.9281602,0
28539.9633555754,3.9285538,0
28540.0633555802,3.928987,0
28540.1633555849,3.9293807,0
28540.2633555897,3.9296169,0
28540.3633555944,3.9300108,0
28540.4633555992,3.9303257,0
28540.5633556039,3.9307194,0
28540.6633556087,3.930995,0
28540.7633556134,3.9312706,0
28540.8633556182,3.9315462,0
28540.9633556229,3.9318614,0
28541.0633556277,3.932137,0
28541.1633556324,3.9324126,0
28541.2633556372,3.9326487,0
28541.3633556419,3.9329638,0
28541.4633556467,3.9332001,0
28541.5633556514,3.9334757,0
28541.6633556562,3.9337907,0
28541.7633556609,3.9339874,0
28541.8633556657,3.934263,0
28541.9633556704,3.9345386,0
28542.0633556752,3.9347355,0
28542.1633556799,3.9350505,0
28542.2633556847,3.9352474,0
28542.3633556894,3.9355624,0
28542.4633556942,3.9356806,0
28542.5633556989,3.935838,0
28542.6633557037,3.9360743,0
28542.7633557084,3.9363892,0
28542.8633557132,3.9364681,0
28542.9633557179,3.9368618,0
28543.0633557227,3.9369404,0
28543.1633557274,3.9371374,0
28543.2633557322,3.9374523,0
28543.3633557369,3.9374917,0
28543.4633557417,3.9378068,0
28543.5633557464,3.9378855,0
28543.6633557512,3.9381611,0
28543.7633557559,3.9383185,0
28543.8633557607,3.9385943,0
28543.9633557654,3.9387124,0
28544.0633557701,3.9389486,0
28544.1633557749,3.9390273,0
28544.2633557796,3.9392636,0
28544.3633557844,3.9394212,0
28544.4633557891,3.9395785,0
28544.5633557939,3.9398148,0
28544.6633557986,3.9398935,0
28544.7633558034,3.9402084,0
28544.8633558081,3.9402874,0
28544.9633558129,3.940366,0
28545.0633558176,3.9406416,0
28545.1633558224,3.9408386,0
28545.2633558271,3.9408386,0
28545.3633558319,3.9409566,0
28545.4633558366,3.9412715,0
28545.5633558414,3.9414291,0
28545.6633558461,3.9415078,0
28545.7633558509,3.9417441,0
28545.8633558556,3.9419017,0
28545.9633558604,3.942059,0
28546.0633558651,3.9420984,0
28546.1633558699,3.942256,0
28546.2633558746,3.9424922,0
28546.3633558794,3.9426103,0
28546.4633558841,3.9428465,0
28546.5633558889,3.9428072,0
28546.6633558936,3.9430435,0
28546.7633558984,3.9432011,0
28546.8633559031,3.9433978,0
28546.9633559079,3.9434371,0
28547.0633559126,3.9435947,0
28547.1633559174,3.9438703,0
28547.2633559221,3.9438703,0
28547.3633559269,3.9440279,0
28547.4633559316,3.9440672,0
28547.5633559364,3.9443822,0
28547.6633559411,3.9446185,0
28547.7633559459,3.9444609,0
28547.8633559506,3.9446971,0
28547.9633559554,3.9448547,0
28548.0633559601,3.9449728,0
28548.1633559649,3.9451303,0
28548.2633559696,3.9451697,0
28548.3633559744,3.9454846,0
28548.4633559791,3.9454846,0
28548.5633559839,3.9456422,0
28548.6633559886,3.9456816,0
28548.7633559934,3.9459965,0
28548.8633559981,3.9459178,0
28548.9633560029,3.9461541,0
28549.0633560076,3.9461145,0
28549.1633560124,3.9463508,0
28549.2633560171,3.9464297,0
28549.3633560219,3.9466264,0
28549.4633560266,3.9466264,0
28549.5633560314,3.9468234,0
28549.6633560361,3.9468627,0
28549.7633560409,3.946902,0
28549.8633560456,3.947099,0
28549.9633560504,3.947217,0
28550.0633560551,3.9472959,0
28550.1633560599,3.9474926,0
28550.2633560646,3.9476109,0
28550.3633560694,3.9477289,0
28550.4633560741,3.9478471,0
28550.5633560789,3.9479258,0
28550.6633560836,3.9480441,0
28550.7633560884,3.9480045,0
28550.8633560931,3.9481227,0
28550.9633560979,3.9483197,0
28551.0633561026,3.948477,0
28551.1633561074,3.948477,0
28551.2633561121,3.9485953,0
28551.3633561169,3.9488709,0
28551.4633561216,3.9488313,0
28551.5633561264,3.9489889,0
28551.6633561311,3.9492252,0
28551.7633561359,3.9491069,0
28551.8633561406,3.9493039,0
28551.9633561454,3.9493825,0
28552.0633561501,3.9495008,0
28552.1633561549,3.9495795,0
28552.2633561596,3.9496582,0
28552.3633561644,3.9497764,0
28552.4633561691,3.9498551,0
28552.5633561739,3.9499733,0
28552.6633561786,3.950249,0
28552.7633561834,3.950249,0
28552.8633561881,3.950249,0
28552.9633561929,3.9504063,0
28553.0633561976,3.9504063,0
28553.1633562024,3.9505246,0
28553.2633562071,3.9506819,0
28553.3633562119,3.9508002,0
28553.4633562166,3.9508395,0
28553.5633562214,3.9507213,0
28553.6633562261,3.9509575,0
28553.7633562309,3.9511151,0
28553.8633562356,3.9512725,0
28553.9633562404,3.9513121,0
28554.0633562451,3.9513514,0
28554.1633562499,3.9514301,0
28554.2633562546,3.9515088,0
28554.3633562594,3.951627,0
28554.4633562641,3.951745,0
28554.5633562689,3.9518633,0
28554.6633562736,3.951942,0
28554.7633562784,3.9519026,0
28554.8633562831,3.9519813,0
28554.9633562879,3.9521389,0
28555.0633562926,3.9521782,0
28555.1633562974,3.9522569,0
28555.2633563021,3.9523356,0
28555.3633563069,3.9525325,0
28555.4633563116,3.9526112,0
28555.5633563164,3.9526901,0
28555.6633563211,3.9528081,0
28555.7633563259,3.9529264,0
28555.8633563306,3.9529657,0
28555.9633563354,3.9529264,0
28556.0633563401,3.9530051,0
28556.1633563449,3.953202,0
28556.2633563496,3.9531624,0
28556.3633563544,3.9533594,0
28556.4633563591,3.9534383,0
28556.5633563639,3.9534776,0
28556.6633563686,3.9535563,0
28556.7633563734,3.9535956,0
28556.8633563781,3.9537532,0
28556.9633563829,3.9538319,0
28557.0633563876,3.9538319,0
28557.1633563924,3.9538713,0
28557.2633563971,3.9540288,0
28557.3633564019,3.9541075,0
28557.4633564066,3.9542255,0
28557.5633564114,3.9542651,0
28557.6633564161,3.9543438,0
28557.7633564209,3.9544225,0
28557.8633564256,3.9544618,0
28557.9633564304,3.9545801,0
28558.0633564351,3.9545801,0
28558.1633564399,3.9546587,0
28558.2633564446,3.9548163,0
28558.3633564494,3.954895,0
28558.4633564541,3.954895,0
28558.5633564589,3.955013,0
28558.6633564636,3.955092,0
28558.7633564684,3.955092,0
28558.8633564731,3.9552886,0
28558.9633564779,3.95521,0
28559.0633564826,3.9555643,0
28559.1633564874,3.9554462,0
28559.2633564921,3.9555643,0
28559.3633564969,3.9556038,0
28559.4633565016,3.9556038,0
28559.5633565064,3.9557219,0
28559.6633565111,3.9557219,0
28559.7633565159,3.9558005,0
28559.8633565206,3.9559581,0
28559.9633565254,3.9560368,0
28560.0633565301,3.9561551,0
28560.1633565349,3.9561155,0
28560.2633565396,3.9561155,0
28560.3633565444,3.9562731,0
28560.4633565491,3.9563518,0
28560.5633565539,3.9564307,0
28560.6633565586,3.9564307,0
28560.7633565634,3.9565487,0
28560.8633565681,3.9566274,0
28560.9633565729,3.9567063,0
28561.0633565776,3.9567063,0
28561.1633565824,3.9568243,0
28561.2633565871,3.956903,0
28561.3633565919,3.9568636,0
28561.4633565966,3.9570606,0
28561.5633566014,3.9570212,0
28561.6633566061,3.9570999,0
28561.7633566109,3.9571786,0
28561.8633566156,3.9572182,0
28561.9633566204,3.9573755,0
28562.0633566251,3.9574542,0
28562.1633566299,3.9574542,0
28562.2633566346,3.9574542,0
28562.3633566394,3.9575331,0
28562.4633566441,3.9576511,0
28562.5633566489,3.9576905,0
28562.6633566536,3.9577298,0
28562.7633566584,3.9578874,0
28562.8633566631,3.9578874,0
28562.9633566679,3.9579661,0
28563.0633566726,3.9580054,0
28563.1633566774,3.9582417,0
28563.2633566821,3.9580843,0
28563.3633566869,3.9582417,0
28563.4633566916,3.9581237,0
28563.5633566964,3.958163,0
28563.6633567011,3.9583993,0
28563.7633567058,3.9584386,0
28563.8633567106,3.9583993,0
28563.9633567153,3.9585173,0
28564.0633567201,3.9586356,0
28564.1633567248,3.9586356,0
28564.2633567296,3.9587536,0
28564.3633567343,3.9587929,0
28564.4633567391,3.9587929,0
28564.5633567438,3.9589899,0
28564.6633567486,3.9589112,0
28564.7633567533,3.9589505,0
28564.8633567581,3.9590685,0
28564.9633567628,3.9590685,0
28565.0633567676,3.9592261,0
28565.1633567723,3.9591475,0
28565.2633567771,3.9592261,0
28565.3633567818,3.9593048,0
28565.4633567866,3.9594624,0
28565.5633567913,3.9595411,0
28565.6633567961,3.9594624,0
28565.7633568008,3.9595411,0
28565.8633568056,3.9596987,0
28565.9633568103,3.9596198,0
28566.0633568151,3.9595804,0
28566.1633568198,3.9597774,0
28566.2633568246,3.9598167,0
28566.3633568293,3.9596987,0
28566.4633568341,3.9599349,0
28566.5633568388,3.9600136,0
28566.6633568436,3.9599743,0
28566.7633568483,3.9600136,0
28566.8633568531,3.9601316,0
28566.9633568578,3.9602106,0
28567.0633568626,3.9602106,0
28567.1633568673,3.9603286,0
28567.2633568721,3.9603286,0
28567.3633568768,3.9603286,0
28567.4633568816,3.9604862,0
28567.5633568863,3.9604862,0
28567.6633568911,3.9606435,0
28567.7633568958,3.9605255,0
28567.8633569006,3.9608011,0
28567.9633569053,3.9606829,0
28568.0633569101,3.9606829,0
28568.1633569148,3.9608405,0
28568.2633569196,3.9608405,0
28568.3633569243,3.9608011,0
28568.4633569291,3.9610374,0
28568.5633569338,3.9609585,0
28568.6633569386,3.9610374,0
28568.7633569433,3.9611554,0
28568.8633569481,3.9611948,0
28568.9633569528,3.9612341,0
28569.0633569576,3.9611554,0
28569.1633569623,3.9611554,0
28569.2633569671,3.961313,0
28569.3633569718,3.961313,0
28569.4633569766,3.9614704,0
28569.5633569813,3.9615097,0
28569.6633569861,3.9614704,0
28569.7633569908,3.9615493,0
28569.8633569956,3.961746,0
28569.9633570003,3.9616673,0
28570.0633570051,3.961746,0
28570.1633570098,3.961746,0
28570.2633570146,3.9618642,0
28570.3633570193,3.9617853,0
28570.4633570241,3.9619036,0
28570.5633570288,3.9618249,0
28570.6633570336,3.9620609,0
28570.7633570383,3.9620609,0
28570.8633570431,3.9620609,0
28570.9633570478,3.9622185,0
28571.0633570526,3.9621792,0
28571.1633570573,3.9621792,0
28571.2633570621,3.9621792,0
28571.3633570668,3.9621792,0
28571.4633570716,3.9623365,0
28571.5633570763,3.9624155,0
28571.6633570811,3.9623761,0
28571.7633570858,3.9625728,0
28571.8633570906,3.9625728,0
28571.9633570953,3.9626122,0
28572.0633571001,3.9627304,0
28572.1633571048,3.9626911,0
28572.2633571096,3.9627304,0
28572.3633571143,3.9626911,0
28572.4633571191,3.9627697,0
28572.5633571238,3.9628484,0
28572.6633571286,3.963006,0
28572.7633571333,3.9629667,0
28572.8633571381,3.963006,0
28572.9633571428,3.9630454,0
28573.0633571476,3.963124,0
28573.1633571523,3.9631636,0
28573.2633571571,3.9631636,0
28573.3633571618,3.9631636,0
28573.4633571666,3.9631636,0
28573.5633571713,3.9632423,0
28573.6633571761,3.9633603,0
28573.7633571808,3.9632423,0
28573.8633571856,3.9633603,0
28573.9633571903,3.9635179,0
28574.0633571951,3.9634392,0
28574.1633571998,3.9635572,0
28574.2633572046,3.9635572,0
28574.3633572093,3.9635572,0
28574.4633572141,3.9637935,0
28574.5633572188,3.9636753,0
28574.6633572236,3.9637148,0
28574.7633572283,3.9637148,0
28574.8633572331,3.9637542,0
28574.9633572378,3.9637542,0
28575.0633572426,3.9637542,0
28575.1633572473,3.9639509,0
28575.2633572521,3.9638329,0
28575.3633572568,3.9640691,0
28575.4633572616,3.9640691,0
28575.5633572663,3.9639904,0
28575.6633572711,3.9640298,0
28575.7633572758,3.9641478,0
28575.8633572806,3.9642265,0
28575.9633572853,3.9642661,0
28576.0633572901,3.9642265,0
28576.1633572948,3.9642661,0
28576.2633572996,3.9643841,0
28576.3633573043,3.9644628,0
28576.4633573091,3.9644628,0
28576.5633573138,3.964581,0
28576.6633573186,3.9645417,0
28576.7633573233,3.964581,0
28576.8633573281,3.9645021,0
28576.9633573328,3.964581,0
28577.0633573376,3.964581,0
28577.1633573423,3.964699,0
28577.2633573471,3.9646597,0
28577.3633573518,3.9647384,0
28577.4633573566,3.9647384,0
28577.5633573613,3.9648566,0
28577.6633573661,3.964896,0
28577.7633573708,3.9648566,0
28577.8633573756,3.964896,0
28577.9633573803,3.9648566,0
28578.0633573851,3.9650536,0
28578.1633573898,3.9650929,0
28578.2633573946,3.965014,0
28578.3953574008,4.090971,0
28578.3973574009,4.0944357,4.8261733
28578.4973574057,4.1001449,4.8922534
28578.5973574104,4.1015229,4.8926479
28578.6973574152,4.1025863,4.8958042
28578.7973574199,4.10361,4.8922534
28578.8973574247,4.1043973,4.8950146
28578.9973574294,4.1050668,4.893437
28579.0973574342,4.1058936,4.8940288
28579.1973574389,4.1064053,4.8936343
28579.2973574437,4.1069565,4.8940288
28579.3973574484,4.1077442,4.8928452
28579.4973574532,4.1082168,4.8928452
28579.5973574579,4.1087284,4.893437
28579.6973574627,4.1092405,4.8940288
28579.7973574674,4.1098309,4.8936343
28579.8973574722,4.1102247,4.893437
28579.9973574769,4.1107364,4.8946206
28580.0973574817,4.1112876,4.8918589
28580.1973574864,4.1116424,4.8930425
28580.2973574912,4.1121144,4.8932397
28580.3973574959,4.1126266,4.8932397
28580.4973575007,4.1131382,4.8932397
28580.5973575054,4.1134138,4.8932397
28580.6973575102,4.1138473,4.8932397
28580.7973575149,4.1142015,4.8928452
28580.8973575197,4.1146741,4.8930425
28580.9973575244,4.1150675,4.8928452
28581.0973575292,4.1154613,4.8926479
28581.1973575339,4.1158943,4.893437
28581.2973575387,4.1161699,4.8936343
28581.3973575434,4.1166034,4.893437
28581.4973575482,4.1170759,4.8930425
28581.5973575529,4.1173906,4.8930425
28581.6973575577,4.1177449,4.8938315
28581.7973575624,4.1180997,4.8946206
28581.8973575672,4.1184931,4.8928452
28581.9973575719,4.1188474,4.8926479
28582.0973575767,4.1192412,4.893437
28582.1973575814,4.1197138,4.8932397
28582.2973575862,4.1199894,4.8926479
28582.3973575909,4.120265,4.8932397
28582.4973575957,4.1207376,4.8926479
28582.5973576004,4.1208558,4.8928452
28582.6973576052,4.1212888,4.8944233
28582.7973576099,4.1215248,4.893437
28582.8973576147,4.1220369,4.8928452
28582.9973576194,4.1223125,4.8930425
28583.0973576242,4.1226668,4.8938315
28583.1973576289,4.1230211,4.8936343
28583.2973576337,4.1232967,4.8952119
28583.3973576384,4.1235723,4.8930425
28583.4973576432,4.1240449,4.8928452
28583.5973576479,4.1242023,4.8932397
28583.6973576527,4.124557,4.8936343
28583.7973576574,4.1247931,4.8936343
28583.8973576622,4.1251473,4.8930425
28583.9973576669,4.1253839,4.8936343
28584.0973576717,4.1257381,4.8926479
28584.1973576764,4.1260529,4.8930425
28584.2973576812,4.1264071,4.8944233
28584.3973576859,4.1266041,4.8938315
28584.4973576907,4.1268797,4.8936343
28584.5973576954,4.1272736,4.8944233
28584.6973577002,4.1276278,4.8940288
28584.7973577049,4.1278248,4.8932397
28584.8973577097,4.12814,4.8946206
28584.9973577144,4.1283369,4.8940288
28585.0973577192,4.1286516,4.8928452
28585.1973577239,4.1290455,4.8928452
28585.2973577287,4.1291242,4.8938315
28585.3973577334,4.1294785,4.8938315
28585.4973577382,4.1297541,4.8938315
28585.5973577429,4.1299906,4.8928452
28585.6973577477,4.1303449,4.8926479
28585.7973577524,4.1305418,4.893437
28585.8973577572,4.1307383,4.8942261
28585.9973577619,4.131093,4.8952119
28586.0973577667,4.1313291,4.893437
28586.1973577714,4.1314864,4.8928452
28586.2973577762,4.1318803,4.893437
28586.3973577809,4.1321955,4.8932397
28586.4973577857,4.1322742,4.8930425
28586.5973577904,4.1326284,4.8926479
28586.6973577952,4.1328254,4.8944233
28586.7973577999,4.133101,4.8942261
28586.8973578047,4.133337,4.893437
28586.9973578094,4.1334949,4.893437
28587.0973578142,4.1338096,4.8932397
28587.1973578189,4.1340065,4.8932397
28587.2973578237,4.1342425,4.8932397
28587.3973578284,4.1345577,4.8940288
28587.4973578332,4.1348333,4.896396
28587.5973578379,4.1349907,4.8928452
28587.6973578427,4.1352663,4.8932397
28587.7973578474,4.1355028,4.8940288
28587.8973578522,4.1356211,4.8922534
28587.9973578569,4.1358571,4.8928452
28588.0973578617,4.1362114,4.8936343
28588.1973578664,4.1362901,4.8912671
28588.2973578712,4.1366053,4.8928452
28588.3953578758,4.1367626,4.893437
28588.4373578778,4.0043483,0
28588.5373578826,4.0026555,0
28588.6373578873,4.0016708,0
28588.7373578921,4.0009227,0
28588.8373578968,4.0003715,0
28588.9373579016,3.99986,0
28589.0373579063,3.9994662,0
28589.1373579111,3.9990726,0
28589.2373579158,3.9986393,0
28589.3373579205,3.9982851,0
28589.4373579253,3.9981275,0
28589.53735793,3.9977732,0
28589.6373579348,3.9975369,0
28589.7373579395,3.99734,0
28589.8373579443,3.9971037,0
28589.937357949,3.9968674,0
28590.0373579538,3.9966707,0
28590.1373579585,3.9964738,0
28590.2373579633,3.9962375,0
28590.337357968,3.9961588,0
28590.4373579728,3.9959226,0
28590.5373579775,3.9958439,0
28590.6373579823,3.9958043,0
28590.737357987,3.9954894,0
28590.8373579918,3.9954107,0
28590.9373579965,3.9952531,0
28591.0373580013,3.9951744,0
28591.137358006,3.9948988,0
28591.2373580108,3.9948201,0
28591.3373580155,3.9946625,0
28591.4373580203,3.9945052,0
28591.537358025,3.9945052,0
28591.6373580298,3.9944263,0
28591.7373580345,3.9942689,0
28591.8373580393,3.994072,0
28591.937358044,3.9940326,0
28592.0373580488,3.993875,0
28592.1373580535,3.993875,0
28592.2373580583,3.9938357,0
28592.337358063,3.9936783,0
28592.4373580678,3.9935601,0
28592.5373580725,3.9934814,0
28592.6373580773,3.9933631,0
28592.737358082,3.9932845,0
28592.8373580868,3.9932058,0
28592.9373580915,3.9931664,0
28593.0373580963,3.9930089,0
28593.137358101,3.9929695,0
28593.2373581058,3.9928119,0
28593.3373581105,3.9928119,0
28593.4373581153,3.9926546,0
28593.53735812,3.9926546,0
28593.6373581248,3.9925759,0
28593.7373581295,3.9925363,0
28593.8373581343,3.992497,0
28593.937358139,3.992379,0
28594.0373581438,3.9922607,0
28594.1373581485,3.9922214,0
28594.2373581533,3.9921033,0
28594.337358158,3.9919851,0
28594.4373581628,3.9919851,0
28594.5373581675,3.9918671,0
28594.6373581723,3.9919064,0
28594.737358177,3.9918277,0
28594.8373581818,3.9917884,0
28594.9373581865,3.9916308,0
28595.0373581913,3.9916701,0
28595.137358196,3.9916701,0
28595.2373582008,3.9915521,0
28595.3373582055,3.9914339,0
28595.4373582103,3.9914339,0
28595.537358215,3.9914339,0
28595.6373582198,3.9913552,0
28595.7373582245,3.9913552,0
28595.8373582293,3.9912765,0
28595.937358234,3.9911189,0
28596.0373582388,3.9910796,0
28596.1373582435,3.9911976,0
28596.2373582483,3.990922,0
28596.337358253,3.990804,0
28596.4373582578,3.9910009,0
28596.5373582625,3.990922,0
28596.6373582673,3.9907253,0
28596.737358272,3.990804,0
28596.8373582768,3.9907646,0
28596.9373582815,3.9906859,0
28597.0373582863,3.9907253,0
28597.137358291,3.9907253,0
28597.2373582958,3.9906859,0
28597.3373583005,3.9905283,0
28597.4373583053,3.9905283,0
28597.53735831,3.9905283,0
28597.6373583148,3.9903708,0
28597.7373583195,3.9903708,0
28597.8373583243,3.990489,0
28597.937358329,3.9903314,0
28598.0373583338,3.9902921,0
28598.1373583385,3.9902134,0
28598.2373583433,3.9901741,0
28598.337358348,3.9900951,0
28598.4373583528,3.9901741,0
28598.5373583575,3.9900951,0
28598.6373583623,3.9900951,0
28598.737358367,3.9900951,0
28598.8373583718,3.9900165,0
28598.9373583765,3.9898984,0
28599.0373583813,3.9899378,0
28599.137358386,3.9898589,0
28599.2373583908,3.9897802,0
28599.3373583955,3.9898984,0
28599.4373584003,3.9898195,0
28599.537358405,3.9897408,0
28599.6373584098,3.9897015,0
28599.7373584145,3.9897408,0
28599.8373584193,3.9895833,0
28599.937358424,3.9896228,0
28600.0373584288,3.9894652,0
28600.1373584335,3.9895439,0
28600.2373584383,3.9895439,0
28600.337358443,3.9896622,0
28600.4373584478,3.9894652,0
28600.5373584525,3.9895439,0
28600.6373584573,3.9893472,0
28600.737358462,3.9894259,0
28600.8373584668,3.9893472,0
28600.9373584715,3.9893472,0
28601.0373584763,3.9891896,0
28601.137358481,3.9892683,0
28601.2373584858,3.9891503,0
28601.3373584905,3.989229,0
28601.4373584953,3.9890716,0
28601.5373585,3.989229,0
28601.6373585048,3.9891896,0
28601.7373585095,3.9891109,0
28601.8373585143,3.9889927,0
28601.937358519,3.989032,0
28602.0373585238,3.988914,0
28602.1373585285,3.9889534,0
28602.2373585333,3.988914,0
28602.337358538,3.9889927,0
28602.4373585428,3.9888747,0
28602.5373585475,3.9888747,0
28602.6373585523,3.988914,0
28602.737358557,3.9888747,0
28602.8373585618,3.988796,0
28602.9373585665,3.9888747,0
28603.0373585713,3.9888353,0
28603.137358576,3.9887171,0
28603.2373585808,3.9887171,0
28603.3373585855,3.9887564,0
28603.4373585903,3.9886777,0
28603.537358595,3.988796,0
28603.6373585998,3.9886384,0
28603.7373586045,3.9887171,0
28603.8373586093,3.9885991,0
28603.937358614,3.9886384,0
28604.0373586188,3.9885201,0
28604.1373586235,3.9884808,0
28604.2373586283,3.9885201,0
28604.337358633,3.9885201,0
28604.4373586378,3.9884021,0
28604.5373586425,3.9884415,0
28604.6373586473,3.9883235,0
28604.737358652,3.9883235,0
28604.8373586568,3.9883628,0
28604.9373586615,3.9882841,0
28605.0373586663,3.9883628,0
28605.137358671,3.9882841,0
28605.2373586758,3.9882445,0
28605.3373586805,3.9882052,0
28605.4373586853,3.9882052,0
28605.53735869,3.9881659,0
28605.6373586948,3.9882052,0
28605.7373586995,3.9881659,0
28605.8373587043,3.9880872,0
28605.937358709,3.9882052,0
28606.0373587138,3.9880872,0
28606.1373587185,3.9880478,0
28606.2373587233,3.9881659,0
28606.337358728,3.9880478,0
28606.4373587328,3.9879689,0
28606.5373587375,3.9879689,0
28606.6373587423,3.9880478,0
28606.737358747,3.9879689,0
28606.8373587518,3.9879296,0
28606.9373587565,3.9880085,0
28607.0373587613,3.9880085,0
28607.137358766,3.9877722,0
28607.2373587708,3.9878509,0
28607.3373587755,3.9878116,0
28607.4373587803,3.9879689,0
28607.537358785,3.9878509,0
28607.6373587898,3.9877329,0
28607.7373587945,3.9878116,0
28607.8373587993,3.9878509,0
28607.937358804,3.9876933,0
28608.0373588088,3.9878116,0
28608.1373588135,3.9876933,0
28608.2373588183,3.9876933,0
28608.337358823,3.9878116,0
28608.4373588278,3.987654,0
28608.5373588325,3.9876146,0
28608.6373588373,3.9876146,0
28608.737358842,3.9877329,0
28608.8373588467,3.987536,0
28608.9373588515,3.9876933,0
28609.0373588562,3.9876146,0
28609.137358861,3.9876933,0
28609.2373588657,3.9875753,0
28609.3373588705,3.9875753,0
28609.4373588752,3.9874966,0
28609.53735888,3.9874573,0
28609.6373588847,3.9874966,0
28609.7373588895,3.987536,0
28609.8373588942,3.9874177,0
28609.937358899,3.9875753,0
28610.0373589037,3.9874966,0
28610.1373589085,3.9874573,0
28610.2373589132,3.9874966,0
28610.337358918,3.9874573,0
28610.4373589227,3.9873784,0
28610.5373589275,3.9872997,0
28610.6373589322,3.9873784,0
28610.737358937,3.9874177,0
28610.8373589417,3.9872997,0
28610.9373589465,3.9872603,0
28611.0373589512,3.9872603,0
28611.137358956,3.9872997,0
28611.2373589607,3.987339,0
28611.3373589655,3.9871421,0
28611.4373589702,3.9871817,0
28611.537358975,3.9872603,0
28611.6373589797,3.9871817,0
28611.7373589845,3.9872603,0
28611.8373589892,3.987221,0
28611.937358994,3.9871421,0
28612.0373589987,3.9871421,0
28612.1373590035,3.9871817,0
28612.2373590082,3.9871027,0
28612.337359013,3.9871817,0
28612.4373590177,3.9871817,0
28612.5373590225,3.987221,0
28612.6373590272,3.9871817,0
28612.737359032,3.9870241,0
28612.8373590367,3.987221,0
28612.9373590415,3.9869847,0
28613.0373590462,3.9870241,0
28613.137359051,3.9870634,0
28613.2373590557,3.9871027,0
28613.3373590605,3.9870634,0
28613.4373590652,3.9869061,0
28613.53735907,3.9869061,0
28613.6373590747,3.9870634,0
28613.7373590795,3.9871421,0
28613.8373590842,3.9870634,0
28613.937359089,3.9867878,0
28614.0373590937,3.9869061,0
28614.1373590985,3.9869454,0
28614.2373591032,3.9869061,0
28614.337359108,3.9869847,0
28614.4373591127,3.9869454,0
28614.5373591175,3.9869061,0
28614.6373591222,3.9869454,0
28614.737359127,3.9868271,0
28614.8373591317,3.9869454,0
28614.9373591365,3.9868665,0
28615.0373591412,3.9867878,0
28615.137359146,3.9869061,0
28615.2373591507,3.9867878,0
28615.3373591555,3.9867878,0
28615.4373591602,3.9868271,0
28615.537359165,3.9867485,0
28615.6373591697,3.9867485,0
28615.7373591745,3.9867485,0
28615.8373591792,3.9867091,0
28615.937359184,3.9867878,0
28616.0373591887,3.9867878,0
28616.1373591935,3.9867091,0
28616.2373591982,3.9867091,0
28616.337359203,3.9868271,0
28616.4373592077,3.9867091,0
28616.5373592125,3.9865909,0
28616.6373592172,3.9866302,0
28616.737359222,3.9866698,0
28616.8373592267,3.9866698,0
28616.9373592315,3.9866698,0
28617.0373592362,3.9866698,0
28617.137359241,3.9865909,0
28617.2373592457,3.9865515,0
28617.3373592505,3.9866698,0
28617.4373592552,3.9865515,0
28617.53735926,3.9866302,0
28617.6373592647,3.9865909,0
28617.7373592695,3.9866698,0
28617.8373592742,3.9867485,0
28617.937359279,3.9865515,0
28618.0373592837,3.9866302,0
28618.1373592885,3.9865515,0
28618.2373592932,3.9865122,0
28618.337359298,3.9865122,0
28618.4373593027,3.9864728,0
28618.5373593075,3.9863942,0
28618.6373593122,3.9865909,0
28618.737359317,3.9865122,0
28618.8373593217,3.9864728,0
28618.9373593265,3.9865122,0
28619.0373593312,3.9864728,0
28619.137359336,3.9864335,0
28619.2373593407,3.9865909,0
28619.3373593455,3.9864728,0
28619.4373593502,3.9864335,0
28619.537359355,3.9865122,0
28619.6373593597,3.9863942,0
28619.7373593645,3.9863153,0
28619.8373593692,3.9864728,0
28619.937359374,3.9863942,0
28620.0373593787,3.9863942,0
28620.1373593835,3.9864335,0
28620.2373593882,3.9863942,0
28620.337359393,3.9863546,0
28620.4373593977,3.9862759,0
28620.5373594025,3.9863546,0
28620.6373594072,3.9863153,0
28620.737359412,3.9863153,0
28620.8373594167,3.9862759,0
28620.9373594215,3.9863153,0
28621.0373594262,3.9862759,0
28621.137359431,3.9862759,0
28621.2373594357,3.9863546,0
28621.3373594405,3.9862366,0
28621.4373594452,3.9862759,0
28621.53735945,3.9862759,0
28621.6373594547,3.9863153,0
28621.7373594595,3.9863153,0
28621.8373594642,3.9862759,0
28621.937359469,3.9862366,0
28622.0373594737,3.9863153,0
28622.1373594785,3.9861972,0
28622.2373594832,3.9863153,0
28622.337359488,3.9863153,0
28622.4373594927,3.9861972,0
28622.5373594975,3.9861972,0
28622.6373595022,3.9862366,0
28622.737359507,3.9861579,0
28622.8373595117,3.9862759,0
28622.9373595165,3.9862366,0
28623.0373595212,3.9862366,0
28623.137359526,3.9863153,0
28623.2373595307,3.9862366,0
28623.3373595355,3.9861579,0
28623.4373595402,3.9861186,0
28623.537359545,3.986079,0
28623.6373595497,3.9860396,0
28623.7373595545,3.9861972,0
28623.8373595592,3.9862366,0
28623.937359564,3.9861579,0
28624.0373595687,3.9862366,0
28624.1373595735,3.9860396,0
28624.2373595782,3.9860396,0
28624.337359583,3.9861579,0
28624.4373595877,3.9861186,0
28624.5373595925,3.9861186,0
28624.6373595972,3.986079,0
28624.737359602,3.986079,0
28624.8373596067,3.9859216,0
28624.9373596115,3.9861579,0
28625.0373596162,3.9860003,0
28625.137359621,3.9860003,0
28625.2373596257,3.9860003,0
28625.3373596305,3.985961,0
28625.4373596352,3.9860003,0
28625.53735964,3.9860003,0
28625.6373596447,3.985961,0
28625.7373596495,3.986079,0
28625.8373596542,3.9861186,0
28625.937359659,3.985961,0
28626.0373596637,3.9860003,0
28626.1373596685,3.9859216,0
28626.2373596732,3.9861579,0
28626.337359678,3.9861186,0
28626.4373596827,3.985961,0
28626.5373596875,3.9860396,0
28626.6373596922,3.985961,0
28626.737359697,3.9858823,0
28626.8373597017,3.9860396,0
28626.9373597065,3.985961,0
28627.0373597112,3.9858823,0
28627.137359716,3.986079,0
28627.2373597207,3.9859216,0
28627.3373597255,3.9860003,0
28627.4373597302,3.9859216,0
28627.537359735,3.9859216,0
28627.6373597397,3.9858823,0
28627.7373597445,3.9858823,0
28627.8373597492,3.9858823,0
28627.937359754,3.9858429,0
28628.0373597587,3.985961,0
28628.1373597635,3.9859216,0
28628.2373597682,3.9858429,0
28628.337359773,3.9858823,0
28628.4733597794,3.9634392,0
28628.4753597795,3.9630454,-0.96243488
28629.475359827,3.9605649,-0.96618268
28630.4753598745,3.9595411,-0.96736621
28631.475359922,3.9586749,-0.96776074
28632.4753599695,3.9580054,-0.96637994
28633.475360017,3.9574542,-0.96756348
28634.4753600645,3.9568636,-0.96716901
28635.475360112,3.9562337,-0.96559094
28636.4753601595,3.9558794,-0.96578815
28637.475360207,3.9552886,-0.96618268
28638.4753602545,3.9548163,-0.96716901
28639.475360302,3.9543831,-0.96677448
28640.4753603495,3.9539499,-0.96697168
28641.475360397,3.9535956,-0.96677448
28642.4753604445,3.9530838,-0.96618268
28643.475360492,3.9526508,-0.96697168
28644.4753605395,3.9523752,-0.96598547
28645.475360587,3.9519813,-0.96776074
28646.4753606345,3.9516664,-0.96835242
28647.475360682,3.9512725,-0.96716901
28648.4753607295,3.9509182,-0.96854974
28649.475360777,3.9507608,-0.96677448
28650.4753608244,3.9502883,-0.96677448
28651.4753608719,3.9500914,-0.96795795
28652.4753609194,3.9498158,-0.96677448
28653.4753609669,3.9494615,-0.96637994
28654.4753610144,3.9492645,-0.96736621
28655.4753610619,3.9488709,-0.96677448
28656.4753611094,3.9486346,-0.96697168
28657.4753611569,3.948477,-0.96716901
28658.4753612044,3.9481227,-0.96677448
28659.4753612519,3.9480441,-0.96480194
28660.4753612994,3.9476895,-0.96559094
28661.4753613469,3.9474926,-0.96559094
28662.4753613944,3.9473352,-0.96657721
28663.4753614419,3.9470596,-0.96598547
28664.4753614894,3.9468234,-0.96618268
28665.4753615369,3.9466658,-0.96598547
28666.4753615844,3.9465477,-0.96697168
28667.4753616319,3.9462328,-0.96637994
28668.4753616794,3.9460752,-0.96815521
28669.4753617269,3.9457603,-0.96697168
28670.4753617744,3.9457209,-0.96677448
28671.4753618219,3.945524,-0.96657721
28672.4753618694,3.9452484,-0.96578815
28673.4753619169,3.9451303,-0.96637994
28674.4753619644,3.9448941,-0.96637994
28675.4753620119,3.9447365,-0.96677448
28676.4753620594,3.9446185,-0.96637994
28677.4753621069,3.9444215,-0.96657721
28678.4753621544,3.9441459,-0.96657721
28679.4753622019,3.9440672,-0.96716901
28680.4753622494,3.9438703,-0.96657721
28681.4753622969,3.943831,-0.96637994
28682.4753623444,3.9435947,-0.96716901
28683.4753623919,3.9434767,-0.96559094
28684.4753624394,3.9432797,-0.96637994
28685.4753624869,3.9431615,-0.96657721
28686.4753625344,3.9430435,-0.96677448
28687.4753625819,3.9428859,-0.96716901
28688.4753626294,3.9426498,-0.96618268
28689.4753626768,3.9425709,-0.96618268
28690.4753627243,3.9424529,-0.96736621
28691.4753627718,3.9422166,-0.96697168
28692.4753628193,3.9420984,-0.96637994
28693.4753628668,3.9420984,-0.96815521
28694.4753629143,3.9418623,-0.96598547
28695.4753629618,3.9417048,-0.96697168
28696.4753630093,3.9415867,-0.96637994
28697.4753630568,3.9414685,-0.96559094
28698.4753631043,3.9412715,-0.96539368
28699.4753631518,3.9412322,-0.96657721
28700.4753631993,3.9411142,-0.96795795
28701.4753632468,3.9410355,-0.96637994
28702.4753632943,3.9408779,-0.96756348
28703.4753633418,3.9407599,-0.96598547
28704.4753633893,3.940681,-0.96637994
28705.4753634368,3.9404054,-0.96559094
28706.4753634843,3.9404054,-0.96697168
28707.4753635318,3.940248,-0.96657721
28708.4753635793,3.9401298,-0.96618268
28709.4753636268,3.9400904,-0.96499915
28710.4753636743,3.9399328,-0.96637994
28711.4753637218,3.9398148,-0.96637994
28712.4753637693,3.9396572,-0.96677448
28713.4753638168,3.9395392,-0.96539368
28714.4753638643,3.9393423,-0.96736621
28715.4753639118,3.9393423,-0.96539368
28716.4753639593,3.9392242,-0.96835242
28717.4753640068,3.9391849,-0.96795795
28718.4753640543,3.938988,-0.96637994
28719.4753641018,3.93887,-0.96637994
28720.4753641493,3.93887,-0.96736621
28721.4753641968,3.9386337,-0.96677448
28722.4753642443,3.9386337,-0.96598547
28723.4753642918,3.9383581,-0.96657721
28724.4753643393,3.9382792,-0.96618268
28725.4753643868,3.9382005,-0.96776074
28726.4753644343,3.9381218,-0.96578815
28727.4753644818,3.9381218,-0.96637994
28728.4753645292,3.9379642,-0.96697168
28729.4753645767,3.9377279,-0.96618268
28730.4753646242,3.9376886,-0.96697168
28731.4753646717,3.9376099,-0.96716901
28732.4753647192,3.9375706,-0.96637994
28733.4753647667,3.9373343,-0.96618268
28734.4753648142,3.937216,-0.96657721
28735.4753648617,3.9371767,-0.96657721
28736.4753649092,3.9370193,-0.96637994
28737.4753649567,3.9369011,-0.96677448
28738.4753650042,3.9369404,-0.96677448
28739.4753650517,3.9367831,-0.96637994
28740.4753650992,3.9367044,-0.96637994
28741.4753651467,3.9365861,-0.96618268
28742.4753651942,3.9363892,-0.96736621
28743.4753652417,3.9364285,-0.96657721
28744.4753652892,3.9361925,-0.96598547
28745.4753653367,3.9361925,-0.96677448
28746.4753653842,3.9360743,-0.96716901
28747.4753654317,3.9359169,-0.96598547
28748.4753654792,3.9358773,-0.96697168
28749.4753655267,3.9357593,-0.96657721
28750.4753655742,3.9356017,-0.96716901
28751.4753656217,3.9356413,-0.96736621
28752.4753656692,3.935405,-0.96716901
28753.4753657167,3.9353657,-0.96657721
28754.4753657642,3.9352868,-0.96736621
28755.4753658117,3.9352868,-0.96697168
28756.4753658592,3.9350505,-0.96618268
28757.4753659067,3.9349325,-0.96618268
28758.4753659542,3.9348538,-0.96697168
28759.4753660017,3.9348142,-0.96677448
28760.4753660492,3.9346175,-0.96776074
28761.4753660967,3.9345782,-0.96657721
28762.4753661442,3.9344599,-0.96736621
28763.4753661917,3.9344206,-0.96736621
28764.4753662392,3.934263,-0.96578815
28765.4753662867,3.9341843,-0.96697168
28766.4753663342,3.934145,-0.96716901
28767.4753663817,3.9339087,-0.96578815
28768.4753664291,3.9339087,-0.96559094
28769.4753664766,3.9337907,-0.96637994
28770.4753665241,3.9337513,-0.96697168
28771.4753665716,3.9335938,-0.96697168
28772.4753666191,3.9335938,-0.96716901
28773.4753666666,3.9333968,-0.96697168
28774.4753667141,3.9333968,-0.96637994
28775.4753667616,3.9331212,-0.96677448
28776.4753668091,3.9331605,-0.96657721
28777.4753668566,3.9330819,-0.96578815
28778.4753669041,3.9329243,-0.96637994
28779.4753669516,3.9328849,-0.96677448
28780.4753669991,3.9328063,-0.96697168
28781.4753670466,3.9326093,-0.96657721
28782.4753670941,3.93257,-0.96697168
28783.4753671416,3.932452,-0.96657721
28784.4753671891,3.9323337,-0.96618268
28785.4753672366,3.9322157,-0.96618268
28786.4753672841,3.9322157,-0.96657721
28787.4753673316,3.932137,-0.96756348
28788.4753673791,3.9319794,-0.96578815
28789.4753674266,3.9317825,-0.96657721
28790.4753674741,3.9318614,-0.96736621
28791.4753675216,3.9317431,-0.96776074
28792.4753675691,3.9316645,-0.96637994
28793.4753676166,3.9315858,-0.96598547
28794.4753676641,3.9314282,-0.96736621
28795.4753677116,3.9313495,-0.96637994
28796.4753677591,3.9313495,-0.96618268
28797.4753678066,3.9311919,-0.96677448
28798.4753678541,3.9311132,-0.96618268
28799.4753679016,3.9310739,-0.96578815
28800.4753679491,3.9309556,-0.96618268
28801.4753679966,3.9307983,-0.96677448
28802.4753680441,3.93068,-0.96657721
28803.4753680916,3.930562,-0.96736621
28804.4753681391,3.9306407,-0.96736621
28805.4753681866,3.9304438,-0.96598547
28806.4753682341,3.9303651,-0.96657721
28807.4753682815,3.9303257,-0.96657721
28808.475368329,3.9301682,-0.96618268
28809.4753683765,3.9301288,-0.96618268
28810.475368424,3.9300108,-0.96736621
28811.4753684715,3.9299319,-0.96559094
28812.475368519,3.9298532,-0.96716901
28813.4753685665,3.9297352,-0.96657721
28814.475368614,3.9296958,-0.96539368
28815.4753686615,3.9295776,-0.96697168
28816.475368709,3.9294989,-0.96637994
28817.4753687565,3.9294202,-0.96480194
28818.475368804,3.9292626,-0.96578815
28819.4753688515,3.9292233,-0.96697168
28820.475368899,3.928987,-0.96716901
28821.4753689465,3.9290264,-0.96657721
28822.475368994,3.9289083,-0.96677448
28823.4753690415,3.9288688,-0.96677448
28824.475369089,3.9287114,-0.96716901
28825.4753691365,3.9285538,-0.96618268
28826.475369184,3.9285538,-0.96677448
28827.4753692315,3.9284358,-0.96618268
28828.475369279,3.9283571,-0.96618268
28829.4753693265,3.9282782,-0.96598547
28830.475369374,3.9282389,-0.96657721
28831.4753694215,3.9280815,-0.96618268
28832.475369469,3.9279633,-0.96736621
28833.4753695165,3.9278846,-0.96697168
28834.475369564,3.9278452,-0.96598547
28835.4753696115,3.9276876,-0.96637994
28836.475369659,3.9275696,-0.96716901
28837.4753697065,3.9276483,-0.96815521
28838.475369754,3.927412,-0.96578815
28839.4753698015,3.9274907,-0.96677448
28840.475369849,3.9272151,-0.96657721
28841.4753698965,3.9271364,-0.96697168
28842.475369944,3.9271758,-0.96677448
28843.4753699915,3.9269788,-0.96677448
28844.475370039,3.9269395,-0.96618268
28845.4753700865,3.9267032,-0.96776074
28846.4753701339,3.9266639,-0.96697168
28847.4753701814,3.9265852,-0.96697168
28848.4753702289,3.9265459,-0.96637994
28849.4753702764,3.9264672,-0.96677448
28850.4753703239,3.9263489,-0.96480194
28851.4753703714,3.9262702,-0.96736621
28852.4753704189,3.926152,-0.96637994
28853.4753704664,3.926152,-0.96618268
28854.4753705139,3.9259553,-0.96697168
28855.4753705614,3.925916,-0.96716901
28856.4753706089,3.925837,-0.96618268
28857.4753706564,3.9257977,-0.96677448
28858.4753707039,3.9256403,-0.96637994
28859.4753707514,3.9256403,-0.96578815
28860.4753707989,3.9254434,-0.96716901
28861.4753708464,3.9253645,-0.96677448
28862.4753708939,3.9252858,-0.96618268
28863.4753709414,3.9252071,-0.96578815
28864.4753709889,3.9252071,-0.96637994
28865.4753710364,3.9250495,-0.96618268
28866.4753710839,3.9250102,-0.96578815
28867.4753711314,3.9248922,-0.96578815
28868.4753711789,3.9248133,-0.96677448
28869.4753712264,3.9247346,-0.96697168
28870.4753712739,3.9246953,-0.96519647
28871.4753713214,3.9245377,-0.96756348
28872.4753713689,3.9244196,-0.96756348
28873.4753714164,3.9243016,-0.96677448
28874.4753714639,3.924144,-0.96598547
28875.4753715114,3.924262,-0.96618268
28876.4753715589,3.9241047,-0.96677448
28877.4753716064,3.924026,-0.96716901
28878.4753716539,3.9237897,-0.96578815
28879.4753717014,3.9238684,-0.96578815
28880.4753717489,3.9237504,-0.96578815
28881.4753717964,3.9236321,-0.96677448
28882.4753718439,3.9234746,-0.96756348
28883.4753718914,3.9234352,-0.96578815
28884.4753719389,3.9234352,-0.96677448
28885.4753719863,3.9233172,-0.96716901
28886.4753720338,3.9231596,-0.96618268
28887.4753720813,3.9231596,-0.96756348
28888.4753721288,3.9230022,-0.96657721
28889.4753721763,3.922884,-0.96657721
28890.4753722238,3.922766,-0.96657721
28891.4753722713,3.9228446,-0.96736621
28892.4753723188,3.9226084,-0.96637994
28893.4753723663,3.922569,-0.96637994
28894.4753724138,3.922451,-0.96677448
28895.4753724613,3.9223721,-0.96519647
28896.4753725088,3.9223328,-0.96756348
28897.4753725563,3.9221754,-0.96480194
28898.4753726038,3.9220572,-0.96559094
28899.4753726513,3.9220572,-0.96697168
28900.4753726988,3.9218998,-0.96716901
28901.4753727463,3.9218209,-0.96657721
28902.4753727938,3.9217815,-0.96657721
28903.4753728413,3.9216635,-0.96697168
28904.4753728888,3.9217029,-0.96716901
28905.4753729363,3.9215059,-0.96657721
28906.4753729838,3.9215453,-0.96598547
28907.4753730313,3.9213486,-0.96657721
28908.4753730788,3.921309,-0.96559094
28909.4753731263,3.921191,-0.96697168
28910.4753731738,3.9210334,-0.96657721
28911.4753732213,3.920994,-0.96677448
28912.4753732688,3.9209154,-0.96637994
28913.4753733163,3.9208367,-0.96677448
28914.4753733638,3.9207973,-0.96578815
28915.4753734113,3.9206791,-0.96657721
28916.4753734588,3.9204822,-0.96598547
28917.4753735063,3.9206398,-0.96697168
28918.4753735538,3.9204428,-0.96637994
28919.4753736013,3.9202855,-0.96756348
28920.4753736488,3.9203641,-0.96776074
28921.4753736963,3.9202461,-0.96657721
28922.4753737438,3.9200492,-0.96756348
28923.4753737913,3.9200492,-0.96637994
28924.4753738388,3.9199703,-0.96559094
28925.4753738862,3.9198916,-0.96598547
28926.4753739337,3.9196553,-0.96519647
28927.4753739812,3.9196553,-0.96795795
28928.4753740287,3.9195373,-0.96677448
28929.4753740762,3.919498,-0.96637994
28930.4753741237,3.9193797,-0.96677448
28931.4753741712,3.9193404,-0.96657721
28932.4753742187,3.9192224,-0.96618268
28933.4753742662,3.9190254,-0.96637994
28934.4753743137,3.9190648,-0.96677448
28935.4753743612,3.9189861,-0.96716901
28936.4753744087,3.9188285,-0.96637994
28937.4753744562,3.9188285,-0.96657721
28938.4753745037,3.9187105,-0.96716901
28939.4753745512,3.9186318,-0.96697168
28940.4753745987,3.9185922,-0.96736621
28941.4753746462,3.9183562,-0.96657721
28942.4753746937,3.9184742,-0.96598547
28943.4753747412,3.9182773,-0.96618268
28944.4753747887,3.9181592,-0.96697168
28945.4753748362,3.9181199,-0.96677448
28946.4753748837,3.918041,-0.96697168
28947.4753749312,3.9178836,-0.96716901
28948.4753749787,3.9177654,-0.96657721
28949.4753750262,3.9178443,-0.96598547
28950.4753750737,3.9176867,-0.96716901
28951.4753751212,3.917608,-0.96677448
28952.4753751687,3.9174111,-0.96598547
28953.4753752162,3.9173717,-0.96618268
28954.4753752637,3.9173324,-0.96657721
28955.4753753112,3.9172535,-0.96618268
28956.4753753587,3.9170961,-0.96637994
28957.4753754062,3.9171748,-0.96598547
28958.4753754537,3.9169385,-0.96677448
28959.4753755012,3.9168599,-0.96598547
28960.4753755487,3.9167023,-0.96598547
28961.4753755962,3.9167418,-0.96598547
28962.4753756437,3.9167023,-0.96677448
28963.4753756912,3.9165056,-0.96637994
28964.4753757386,3.9164662,-0.96756348
28965.4753757861,3.9162693,-0.96598547
28966.4753758336,3.9164267,-0.96776074
28967.4753758811,3.9161117,-0.96598547
28968.4753759286,3.916151,-0.96677448
28969.4753759761,3.9160724,-0.96637994
28970.4753760236,3.916033,-0.96697168
28971.4753760711,3.9159148,-0.96578815
28972.4753761186,3.9157968,-0.96637994
28973.4753761661,3.9156787,-0.96637994
28974.4753762136,3.9155605,-0.96697168
28975.4753762611,3.9155211,-0.96736621
28976.4753763086,3.9155211,-0.96677448
28977.4753763561,3.9153636,-0.96716901
28978.4753764036,3.9153242,-0.96578815
28979.4753764511,3.9151669,-0.96578815
28980.4753764986,3.9150486,-0.96559094
28981.4753765461,3.9149306,-0.96637994
28982.4753765936,3.9149699,-0.96835242
28983.4753766411,3.914773,-0.96657721
28984.4753766886,3.9148123,-0.96578815
28985.4753767361,3.9146943,-0.96637994
28986.4753767836,3.9145763,-0.96716901
28987.4753768311,3.9146156,-0.96598547
28988.4753768786,3.9144187,-0.96637994
28989.4753769261,3.91434,-0.96657721
28990.4753769736,3.91434,-0.96598547
28991.4753770211,3.9142218,-0.96736621
28992.4753770686,3.9140644,-0.96657721
28993.4753771161,3.9140248,-0.96657721
28994.4753771636,3.9139462,-0.96559094
28995.4753772111,3.9139068,-0.96598547
28996.4753772586,3.9137099,-0.96677448
28997.4753773061,3.9136312,-0.96618268
28998.4753773536,3.9135919,-0.96618268
28999.4753774011,3.9135525,-0.96677448
29000.4753774486,3.9133949,-0.96559094
29001.4753774961,3.9133949,-0.96578815
29002.4753775436,3.9133162,-0.96618268
29003.475377591,3.9132769,-0.96677448
29004.4753776385,3.913198,-0.96736621
29005.475377686,3.9130406,-0.96716901
29006.4753777335,3.9130013,-0.96618268
29007.475377781,3.9128437,-0.96598547
29008.4753778285,3.9128437,-0.96697168
29009.475377876,3.9126468,-0.96697168
29010.4753779235,3.9126074,-0.96657721
29011.475377971,3.9125288,-0.96716901
29012.4753780185,3.9124501,-0.96776074
29013.475378066,3.9123712,-0.96578815
29014.4753781135,3.9123318,-0.96657721
29015.475378161,3.9120955,-0.96677448
29016.4753782085,3.9123318,-0.96657721
29017.475378256,3.9119775,-0.96559094
29018.4753783035,3.9118989,-0.96716901
29019.475378351,3.9118989,-0.96578815
29020.4753783985,3.9118199,-0.96677448
29021.475378446,3.9117806,-0.96637994
29022.4753784935,3.9116232,-0.96677448
29023.475378541,3.9115443,-0.96539368
29024.4753785885,3.9115443,-0.96657721
29025.475378636,3.9113081,-0.96637994
29026.4753786835,3.911387,-0.96736621
29027.475378731,3.9111507,-0.96657721
29028.4753787785,3.9112294,-0.96736621
29029.475378826,3.9109931,-0.96637994
29030.4753788735,3.9109538,-0.96697168
29031.475378921,3.9108357,-0.96677448
29032.4753789685,3.9108751,-0.96598547
29033.475379016,3.9107568,-0.96480194
29034.4753790635,3.9105995,-0.96756348
29035.475379111,3.9104812,-0.96657721
29036.4753791585,3.9104419,-0.96539368
29037.475379206,3.9104025,-0.96578815
29038.4753792535,3.9102845,-0.96578815
29039.475379301,3.9102449,-0.96618268
29040.4753793485,3.9101663,-0.96598547
29041.475379396,3.9100482,-0.96618268
29042.4753794434,3.90993,-0.96697168
29043.4753794909,3.9098907,-0.96657721
29044.4753795384,3.9098513,-0.96559094
29045.4753795859,3.9096937,-0.96559094
29046.4753796334,3.909615,-0.96716901
29047.4753796809,3.9095364,-0.96637994
29048.4753797284,3.9095364,-0.96578815
29049.4753797759,3.9093788,-0.96598547
29050.4753798234,3.9093394,-0.96637994
29051.4753798709,3.9093001,-0.96618268
29052.4753799184,3.9092607,-0.96618268
29053.4753799659,3.9090638,-0.96716901
29054.4753800134,3.9089458,-0.96598547
29055.4753800609,3.9089065,-0.96657721
29056.4753801084,3.9089458,-0.96677448
29057.4753801559,3.9088669,-0.96637994
29058.4753802034,3.9087095,-0.96657721
29059.4753802509,3.9085519,-0.96716901
29060.4753802984,3.9085126,-0.96697168
29061.4753803459,3.9084339,-0.96697168
29062.4753803934,3.908355,-0.96677448
29063.4753804409,3.9083157,-0.96677448
29064.4753804884,3.908119,-0.96559094
29065.4753805359,3.90804,-0.96736621
29066.4753805834,3.907922,-0.96657721
29067.4753806309,3.9079614,-0.96618268
29068.4753806784,3.9078434,-0.96697168
29069.4753807259,3.9076464,-0.96637994
29070.4753807734,3.9076858,-0.96677448
29071.4753808209,3.9077251,-0.96578815
29072.4753808684,3.9075282,-0.96598547
29073.4753809159,3.9074495,-0.96657721
29074.4753809634,3.9074888,-0.96697168
29075.4753810109,3.9072921,-0.96559094
29076.4753810584,3.9072132,-0.96578815
29077.4753811059,3.9070559,-0.96578815
29078.4753811534,3.9070165,-0.96736621
29079.4753812009,3.9070559,-0.96618268
29080.4753812484,3.9068589,-0.96618268
29081.4753812959,3.9067802,-0.96736621
29082.4753813433,3.9066226,-0.96677448
29083.4753813908,3.9065833,-0.96776074
29084.4753814383,3.9066226,-0.96637994
29085.4753814858,3.9065833,-0.96578815
29086.4753815333,3.9064257,-0.96716901
29087.4753815808,3.906229,-0.96657721
29088.4753816283,3.906229,-0.96637994
29089.4753816758,3.906229,-0.96697168
29090.4753817233,3.9060321,-0.96618268
29091.4753817708,3.9059927,-0.96598547
29092.4753818183,3.9059138,-0.96618268
29093.4753818658,3.9059138,-0.96736621
29094.4753819133,3.9057171,-0.96618268
29095.4753819608,3.9057958,-0.96559094
29096.4753820083,3.9055595,-0.96697168
29097.4753820558,3.9056382,-0.96657721
29098.4753821033,3.9054022,-0.96697168
29099.4753821508,3.9054022,-0.96618268
29100.4753821983,3.9052446,-0.96677448
29101.4753822458,3.9052052,-0.96716901
29102.4753822933,3.9051263,-0.96657721
29103.4753823408,3.9050083,-0.96637994
29104.4753823883,3.904969,-0.96598547
29105.4753824358,3.9048903,-0.96618268
29106.4753824833,3.9047327,-0.96598547
29107.4753825308,3.904772,-0.96499915
29108.4753825783,3.9046934,-0.96637994
29109.4753826258,3.9044964,-0.96637994
29110.4753826733,3.9044571,-0.96618268
29111.4753827208,3.9044964,-0.96618268
29112.4753827683,3.9043391,-0.96618268
29113.4753828158,3.9042995,-0.96598547
29114.4753828633,3.9041421,-0.96618268
29115.4753829108,3.9041028,-0.96657721
29116.4753829583,3.9040635,-0.96677448
29117.4753830058,3.9039452,-0.96598547
29118.4753830533,3.9039059,-0.96598547
29119.4753831008,3.9036303,-0.96618268
29120.4753831483,3.9035909,-0.96637994
29121.4753831957,3.9035516,-0.96618268
29122.4753832432,3.9034727,-0.96657721
29123.4753832907,3.9035122,-0.96637994
29124.4753833382,3.9034333,-0.96815521
29125.4753833857,3.903394,-0.96618268
29126.4753834332,3.9032364,-0.96835242
29127.4753834807,3.9031971,-0.96716901
29128.4753835282,3.9030004,-0.96657721
29129.4753835757,3.9030004,-0.96697168
29130.4753836232,3.9029214,-0.96697168
29131.4753836707,3.9028034,-0.96637994
29132.4753837182,3.9026458,-0.96559094
29133.4753837657,3.9028428,-0.96697168
29134.4753838132,3.9026065,-0.96835242
29135.4753838607,3.9025278,-0.96637994
29136.4753839082,3.9024096,-0.96618268
29137.4753839557,3.9024096,-0.96637994
29138.4753840032,3.9021735,-0.96677448
29139.4753840507,3.9022129,-0.96697168
29140.4753840982,3.9021339,-0.96697168
29141.4753841457,3.9019372,-0.96756348
29142.4753841932,3.9019372,-0.96618268
29143.4753842407,3.9017797,-0.96736621
29144.4753842882,3.901819,-0.96716901
29145.4753843357,3.9017797,-0.96736621
29146.4753843832,3.901701,-0.96578815
29147.4753844307,3.9014647,-0.96618268
29148.4753844782,3.9014647,-0.96716901
29149.4753845257,3.9013464,-0.96677448
29150.4753845732,3.901386,-0.96618268
29151.4753846207,3.9011497,-0.96657721
29152.4753846682,3.9010708,-0.96697168
29153.4753847157,3.9010708,-0.96677448
29154.4753847632,3.9009922,-0.96677448
29155.4753848107,3.9009135,-0.96578815
29156.4753848582,3.9008741,-0.96716901
29157.4753849057,3.9007165,-0.96578815
29158.4753849532,3.9007165,-0.96618268
29159.4753850007,3.9005985,-0.96677448
29160.4753850481,3.9005985,-0.96697168
29161.4753850956,3.9004409,-0.96578815
29162.4753851431,3.9004016,-0.96598547
29163.4753851906,3.9003623,-0.96637994
29164.4753852381,3.9003623,-0.96637994
29165.4753852856,3.9002047,-0.96578815
29166.4753853331,3.900008,-0.96559094
29167.4753853806,3.900008,-0.96618268
29168.4753854281,3.8998897,-0.96559094
29169.4753854756,3.8997717,-0.96519647
29170.4753855231,3.8996928,-0.96618268
29171.4753855706,3.8996141,-0.96657721
29172.4753856181,3.8996141,-0.96677448
29173.4753856656,3.8995354,-0.96578815
29174.4753857131,3.8993778,-0.96657721
29175.4753857606,3.8992598,-0.96716901
29176.4753858081,3.8991809,-0.96677448
29177.4753858556,3.8991809,-0.96677448
29178.4753859031,3.8991416,-0.96677448
29179.4753859506,3.8989449,-0.96598547
29180.4753859981,3.8990235,-0.96637994
29181.4753860456,3.8989053,-0.96677448
29182.4753860931,3.8988266,-0.96598547
29183.4753861406,3.8987086,-0.96697168
29184.4753861881,3.8986692,-0.96598547
29185.4753862356,3.8986297,-0.96539368
29186.4753862831,3.8984723,-0.96637994
29187.4753863306,3.898433,-0.96697168
29188.4753863781,3.8983147,-0.96657721
29189.4753864256,3.8982754,-0.96736621
29190.4753864731,3.8983541,-0.96637994
29191.4753865206,3.898118,-0.96736621
29192.4753865681,3.8979998,-0.96736621
29193.4753866156,3.8978424,-0.96637994
29194.4753866631,3.8979211,-0.96637994
29195.4753867106,3.8979604,-0.96835242
29196.4753867581,3.8978028,-0.96716901
29197.4753868056,3.8976455,-0.96657721
29198.4753868531,3.8976061,-0.96559094
29199.4753869005,3.8974879,-0.96637994
29200.475386948,3.8974092,-0.96677448
29201.4753869955,3.8973305,-0.96697168
29202.475387043,3.8972516,-0.96677448
29203.4753870905,3.8971729,-0.96618268
29204.475387138,3.8971336,-0.96598547
29205.4753871855,3.8968973,-0.96677448
29206.475387233,3.8969367,-0.96657721
29207.4753872805,3.896976,-0.96637994
29208.475387328,3.8967004,-0.96578815
29209.4753873755,3.8967397,-0.96736621
29210.475387423,3.896661,-0.96795795
29211.4753874705,3.8965824,-0.96559094
29212.475387518,3.896543,-0.96539368
29213.4753875655,3.8963854,-0.96657721
29214.475387613,3.8963461,-0.96677448
29215.4753876605,3.8962674,-0.96756348
29216.475387708,3.8961885,-0.96637994
29217.4753877555,3.8961492,-0.96756348
29218.475387803,3.8961098,-0.96776074
29219.4753878505,3.8959129,-0.96598547
29220.475387898,3.8958342,-0.96618268
29221.4753879455,3.8957555,-0.96677448
29222.475387993,3.8956766,-0.96598547
29223.4753880405,3.8955979,-0.96657721
29224.475388088,3.8956766,-0.96637994
29225.4753881355,3.8954799,-0.96637994
29226.475388183,3.8954406,-0.96657721
29227.4753882305,3.8953223,-0.96559094
29228.475388278,3.8952043,-0.96697168
29229.4753883255,3.8952436,-0.96697168
29230.475388373,3.895165,-0.96539368
29231.4753884205,3.8950074,-0.96716901
29232.475388468,3.894968,-0.96618268
29233.4753885155,3.8948894,-0.96697168
29234.475388563,3.8948498,-0.96677448
29235.4753886105,3.8947711,-0.96657721
29236.475388658,3.8946924,-0.96618268
29237.4753887055,3.8945348,-0.96559094
29238.475388753,3.8944955,-0.96539368
29239.4753888004,3.8943775,-0.96598547
29240.4753888479,3.8943775,-0.96598547
29241.4753888954,3.8942986,-0.96598547
29242.4753889429,3.8941412,-0.96697168
29243.4753889904,3.8941412,-0.96657721
29244.4753890379,3.8940625,-0.96618268
29245.4753890854,3.8940625,-0.96598547
29246.4753891329,3.8937867,-0.96637994
29247.4753891804,3.893708,-0.96716901
29248.4753892279,3.8937867,-0.96657721
29249.4753892754,3.8936687,-0.96716901
29250.4753893229,3.8935506,-0.96736621
29251.4753893704,3.8935111,-0.96736621
29252.4753894179,3.8934324,-0.96677448
29253.4753894654,3.893393,-0.96677448
29254.4753895129,3.8933537,-0.96637994
29255.4753895604,3.8933537,-0.96559094
29256.4753896079,3.8931174,-0.96677448
29257.4753896554,3.8929205,-0.96598547
29258.4753897029,3.8929994,-0.96716901
29259.4753897504,3.8928812,-0.96598547
29260.4753897979,3.8928418,-0.96618268
29261.4753898454,3.8926842,-0.96598547
29262.4753898929,3.8927238,-0.96736621
29263.4753899404,3.8926842,-0.96559094
29264.4753899879,3.8926449,-0.96637994
29265.4753900354,3.8924482,-0.96716901
29266.4753900829,3.8924086,-0.96697168
29267.4753901304,3.8924086,-0.96776074
29268.4753901779,3.8921726,-0.96637994
29269.4753902254,3.892133,-0.96578815
29270.4753902729,3.8920543,-0.96677448
29271.4753903204,3.8919756,-0.96756348
29272.4753903679,3.8918967,-0.96598547
29273.4753904154,3.8918967,-0.96578815
29274.4753904629,3.8917394,-0.96697168
29275.4753905104,3.8917,-0.96776074
29276.4753905579,3.8916211,-0.96736621
29277.4753906054,3.8915818,-0.96598547
29278.4753906528,3.8915031,-0.96716901
29279.4753907003,3.8914638,-0.96539368
29280.4753907478,3.8913062,-0.96736621
29281.4753907953,3.8911881,-0.96716901
29282.4753908428,3.8912275,-0.96657721
29283.4753908903,3.8910699,-0.96598547
29284.4753909378,3.8910699,-0.96697168
29285.4753909853,3.8909519,-0.96637994
29286.4753910328,3.8908339,-0.96697168
29287.4753910803,3.8908339,-0.96637994
29288.4753911278,3.8905582,-0.96618268
29289.4753911753,3.8905187,-0.96618268
29290.4753912228,3.8905976,-0.96677448
29291.4753912703,3.8905187,-0.96776074
29292.4753913178,3.890322,-0.96598547
29293.4753913653,3.8904006,-0.96598547
29294.4753914128,3.8902431,-0.96618268
29295.4753914603,3.8901644,-0.96756348
29296.4753915078,3.8900068,-0.96697168
29297.4753915553,3.8900464,-0.96697168
29298.4753916028,3.8900068,-0.96578815
29299.4753916503,3.8899281,-0.96697168
29300.4753916978,3.8897707,-0.96618268
29301.4753917453,3.8896918,-0.96677448
29302.4753917928,3.8896918,-0.96578815
29303.4753918403,3.8895738,-0.96657721
29304.4753918878,3.8895738,-0.96559094
29305.4753919353,3.8894556,-0.96598547
29306.4753919828,3.8893375,-0.96598547
29307.4753920303,3.8893375,-0.96637994
29308.4753920778,3.8891406,-0.96637994
29309.4753921253,3.8892195,-0.96499915
29310.4753921728,3.8890619,-0.96637994
29311.4753922203,3.8890226,-0.96618268
29312.4753922678,3.8889832,-0.96578815
29313.4753923153,3.8889043,-0.96618268
29314.4753923628,3.8888257,-0.96618268
29315.4753924103,3.8886683,-0.96539368
29316.4753924578,3.88855,-0.96657721
29317.4753925052,3.8883924,-0.96756348
29318.4753925527,3.8884714,-0.96637994
29319.4753926002,3.8884714,-0.96578815
29320.4753926477,3.8883531,-0.96618268
29321.4753926952,3.8883138,-0.96598547
29322.4753927427,3.8881168,-0.96578815
29323.4753927902,3.8880775,-0.96716901
29324.4753928377,3.8879201,-0.96776074
29325.4753928852,3.8878412,-0.96598547
29326.4753929327,3.8879595,-0.96736621
29327.4753929802,3.8878019,-0.96637994
29328.4753930277,3.8876839,-0.96697168
29329.4753930752,3.8876839,-0.96618268
29330.4753931227,3.8875263,-0.96559094
29331.4753931702,3.8874869,-0.96618268
29332.4753932177,3.8874083,-0.96677448
29333.4753932652,3.8873689,-0.96677448
29334.4753933127,3.8872507,-0.96677448
29335.4753933602,3.887172,-0.96736621
29336.4753934077,3.887172,-0.96795795
29337.4753934552,3.887054,-0.96677448
29338.4753935027,3.8870144,-0.96736621
29339.4753935502,3.886857,-0.96697168
29340.4753935977,3.8868177,-0.96618268
29341.4753936452,3.8866601,-0.96637994
29342.4753936927,3.8867388,-0.96716901
29343.4753937402,3.8866208,-0.96776074
29344.4753937877,3.8865421,-0.96618268
29345.4753938352,3.8864632,-0.96637994
29346.4753938827,3.8864632,-0.96697168
29347.4753939302,3.8861876,-0.96736621
29348.4753939777,3.8861876,-0.96697168
29349.4753940252,3.8861482,-0.96637994
29350.4753940727,3.8860695,-0.96598547
29351.4753941202,3.8860302,-0.96736621
29352.4753941677,3.8859513,-0.96677448
29353.4753942152,3.8858333,-0.96637994
29354.4753942627,3.8858333,-0.96657721
29355.4753943102,3.8857152,-0.96618268
29356.4753943576,3.8856757,-0.96637994
29357.4753944051,3.8856757,-0.96657721
29358.4753944526,3.8855577,-0.96598547
29359.4753945001,3.8854396,-0.96598547
29360.4753945476,3.8853214,-0.96519647
29361.4753945951,3.8853214,-0.96598547
29362.4753946426,3.8852034,-0.96618268
29363.4753946901,3.8851244,-0.96618268
29364.4753947376,3.8850458,-0.96677448
29365.4753947851,3.8850064,-0.96578815
29366.4753948326,3.8849671,-0.96460468
29367.4753948801,3.8848884,-0.96736621
29368.4753949276,3.8846915,-0.96618268
29369.4753949751,3.8845732,-0.96756348
29370.4753950226,3.8845732,-0.96657721
29371.4753950701,3.8845339,-0.96657721
29372.4753951176,3.8844945,-0.96637994
29373.4753951651,3.8844159,-0.96716901
29374.4753952126,3.8843369,-0.96637994
29375.4753952601,3.8843369,-0.96578815
29376.4753953076,3.8841403,-0.96637994
29377.4753953551,3.8841796,-0.96578815
29378.4753954026,3.8841009,-0.96657721
29379.4753954501,3.883904,-0.96598547
29380.4753954976,3.8839433,-0.96598547
29381.4753955451,3.883904,-0.96657721
29382.4753955926,3.8836677,-0.96637994
29383.4753956401,3.8836677,-0.96657721
29384.4753956876,3.8835497,-0.96618268
29385.4753957351,3.8835101,-0.96677448
29386.4753957826,3.8834708,-0.96657721
29387.4753958301,3.8834314,-0.96776074
29388.4753958776,3.8833528,-0.96697168
29389.4753959251,3.8831952,-0.96815521
29390.4753959726,3.8831558,-0.96598547
29391.4753960201,3.8830378,-0.96677448
29392.4753960676,3.8829195,-0.96559094
29393.4753961151,3.8828409,-0.96618268
29394.4753961626,3.8828802,-0.96618268
29395.47539621,3.8828015,-0.96539368
29396.4753962575,3.8826439,-0.96716901
29397.475396305,3.8826833,-0.96736621
29398.4753963525,3.8826439,-0.96716901
29399.4753964,3.8824077,-0.96618268
29400.4753964475,3.8824077,-0.96618268
29401.475396495,3.8822896,-0.96637994
29402.4753965425,3.882329,-0.96539368
29403.47539659,3.882211,-0.96618268
29404.4753966375,3.8820534,-0.96697168
29405.475396685,3.8820534,-0.96657721
29406.4753967325,3.882014,-0.96657721
29407.47539678,3.8819747,-0.96677448
29408.4753968275,3.8818171,-0.96618268
29409.475396875,3.8817778,-0.96539368
29410.4753969225,3.8816202,-0.96598547
29411.47539697,3.8816202,-0.96578815
29412.4753970175,3.8814628,-0.96637994
29413.475397065,3.8815415,-0.96598547
29414.4753971125,3.8815415,-0.96677448
29415.47539716,3.8813841,-0.96677448
29416.4753972075,3.8812265,-0.96578815
29417.475397255,3.8811479,-0.96559094
29418.4753973025,3.8811872,-0.96795795
29419.47539735,3.8811479,-0.96657721
29420.4753973975,3.8810296,-0.96697168
29421.475397445,3.8809116,-0.96637994
29422.4753974925,3.8808327,-0.96578815
29423.47539754,3.8808327,-0.96736621
29424.4753975875,3.8806753,-0.96559094
29425.475397635,3.880636,-0.96716901
29426.4753976825,3.8805177,-0.96657721
29427.47539773,3.8803997,-0.96637994
29428.4753977775,3.8803604,-0.96618268
29429.475397825,3.8802814,-0.96578815
29430.4753978725,3.880321,-0.96657721
29431.47539792,3.8802421,-0.96697168
29432.4753979675,3.8801634,-0.96578815
29433.475398015,3.8800454,-0.96677448
29434.4753980625,3.8799272,-0.96559094
29435.4753981099,3.8799272,-0.96559094
29436.4753981574,3.8798878,-0.96716901
29437.4753982049,3.8798091,-0.96657721
29438.4753982524,3.8796515,-0.96716901
29439.4753982999,3.8796515,-0.96657721
29440.4753983474,3.8794546,-0.96716901
29441.4753983949,3.8795335,-0.96657721
29442.4753984424,3.8792973,-0.96657721
29443.4753984899,3.8793759,-0.96637994
29444.4753985374,3.879179,-0.96637994
29445.4753985849,3.8791397,-0.96539368
29446.4753986324,3.8791003,-0.96677448
29447.4753986799,3.8791397,-0.96697168
29448.4753987274,3.8789823,-0.96677448
29449.4753987749,3.8789034,-0.96618268
29450.4753988224,3.8788247,-0.96578815
29451.4753988699,3.878746,-0.96637994
29452.4753989174,3.8787854,-0.96598547
29453.4753989649,3.8785884,-0.96697168
29454.4753990124,3.8785098,-0.96559094
29455.4753990599,3.8784704,-0.96637994
29456.4753991074,3.8784311,-0.96539368
29457.4753991549,3.8782735,-0.96716901
29458.4753992024,3.8782341,-0.96657721
29459.4753992499,3.8781159,-0.96598547
29460.4753992974,3.8779585,-0.96657721
29461.4753993449,3.8779585,-0.96677448
29462.4753993924,3.8778799,-0.96677448
29463.4753994399,3.8779585,-0.96776074
29464.4753994874,3.8778009,-0.96657721
29465.4753995349,3.8777616,-0.96716901
29466.4753995824,3.8777223,-0.96697168
29467.4753996299,3.8775253,-0.96657721
29468.4753996774,3.8775647,-0.96578815
29469.4753997249,3.8773284,-0.96637994
29470.4753997724,3.8773284,-0.96637994
29471.4753998199,3.8773284,-0.96677448
29472.4753998674,3.8772497,-0.96697168
29473.4753999149,3.8771317,-0.96677448
29474.4753999623,3.8770134,-0.96677448
29475.4754000098,3.8768561,-0.96756348
29476.4754000573,3.8768954,-0.96618268
29477.4754001048,3.8768954,-0.96657721
29478.4754001523,3.8768167,-0.96618268
29479.4754001998,3.8768167,-0.96618268
29480.4754002473,3.8766592,-0.96697168
29481.4754002948,3.8765411,-0.96618268
29482.4754003423,3.8766198,-0.96677448
29483.4754003898,3.8764622,-0.96716901
29484.4754004373,3.8763442,-0.96677448
29485.4754004848,3.8762259,-0.96637994
29486.4754005323,3.8761866,-0.96578815
29487.4754005798,3.8761473,-0.96539368
29488.4754006273,3.8760686,-0.96637994
29489.4754006748,3.875911,-0.96539368
29490.4754007223,3.8759503,-0.96637994
29491.4754007698,3.8758717,-0.96776074
29492.4754008173,3.875793,-0.96756348
29493.4754008648,3.8757143,-0.96618268
29494.4754009123,3.8756354,-0.96776074
29495.4754009598,3.8755567,-0.96657721
29496.4754010073,3.8755567,-0.96598547
29497.4754010548,3.8753598,-0.96598547
29498.4754011023,3.8753204,-0.96697168
29499.4754011498,3.8752811,-0.96657721
29500.4754011973,3.8753204,-0.96578815
29501.4754012448,3.8752024,-0.96618268
29502.4754012923,3.8750055,-0.96637994
29503.4754013398,3.8750842,-0.96578815
29504.4754013873,3.8748479,-0.96795795
29505.4754014348,3.8747692,-0.96637994
29506.4754014823,3.8748479,-0.96795795
29507.4754015298,3.8747299,-0.96756348
29508.4754015773,3.8746116,-0.96657721
29509.4754016248,3.8744149,-0.96716901
29510.4754016723,3.8744543,-0.96736621
29511.4754017198,3.8743756,-0.96598547
29512.4754017673,3.874336,-0.96657721
29513.4754018147,3.8742573,-0.96677448
29514.4754018622,3.874218,-0.96716901
29515.4754019097,3.8741393,-0.96618268
29516.4754019572,3.8740604,-0.96697168
29517.4754020047,3.8739817,-0.96657721
29518.4754020522,3.8738637,-0.96637994
29519.4754020997,3.8738244,-0.96578815
29520.4754021472,3.8737061,-0.96657721
29521.4754021947,3.8737061,-0.96677448
29522.4754022422,3.8737454,-0.96736621
29523.4754022897,3.8737454,-0.96776074
29524.4754023372,3.8734698,-0.96637994
29525.4754023847,3.8733125,-0.96618268
29526.4754024322,3.8733912,-0.96677448
29527.4754024797,3.8731942,-0.96716901
29528.4754025272,3.8731942,-0.96499915
29529.4754025747,3.8730762,-0.96776074
29530.4754026222,3.8730369,-0.96697168
29531.4754026697,3.8729186,-0.96618268
29532.4754027172,3.8728399,-0.96618268
29533.4754027647,3.8728006,-0.96578815
29534.4754028122,3.8728006,-0.96776074
29535.4754028597,3.8726823,-0.96598547
29536.4754029072,3.8727217,-0.96677448
29537.4754029547,3.872525,-0.96618268
29538.4754030022,3.872525,-0.96539368
29539.4754030497,3.8723674,-0.96716901
29540.4754030972,3.872328,-0.96637994
29541.4754031447,3.8722494,-0.96677448
29542.4754031922,3.87221,-0.96716901
29543.4754032397,3.87221,-0.96637994
29544.4754032872,3.8720524,-0.96677448
29545.4754033347,3.8720131,-0.96756348
29546.4754033822,3.8719344,-0.96677448
29547.4754034297,3.8718948,-0.96697168
29548.4754034772,3.8717375,-0.96697168
29549.4754035247,3.8717375,-0.96578815
29550.4754035722,3.8716192,-0.96756348
29551.4754036197,3.8715799,-0.96657721
29552.4754036671,3.8714619,-0.96736621
29553.4754037146,3.871383,-0.96795795
29554.4754037621,3.8713436,-0.96677448
29555.4754038096,3.8712256,-0.96578815
29556.4754038571,3.8711863,-0.96618268
29557.4754039046,3.8711073,-0.96657721
29558.4754039521,3.871068,-0.96716901
29559.4754039996,3.8709106,-0.96559094
29560.4754040471,3.87095,-0.96618268
29561.4754040946,3.8709893,-0.96716901
29562.4754041421,3.870753,-0.96795795
29563.4754041896,3.8707137,-0.96697168
29564.4754042371,3.8705561,-0.96578815
29565.4754042846,3.8705561,-0.96598547
29566.4754043321,3.8705561,-0.96637994
29567.4754043796,3.8704774,-0.96559094
29568.4754044271,3.8703201,-0.96657721
29569.4754044746,3.8702412,-0.96677448
29570.4754045221,3.8702412,-0.96578815
29571.4754045696,3.8702018,-0.96736621
29572.4754046171,3.8699656,-0.96598547
29573.4754046646,3.8700445,-0.96657721
29574.4754047121,3.8699656,-0.96618268
29575.4754047596,3.8698869,-0.96618268
29576.4754048071,3.8697686,-0.96756348
29577.4754048546,3.8697686,-0.96578815
29578.4754049021,3.8695719,-0.96716901
29579.4754049496,3.8696113,-0.96657721
29580.4754049971,3.8695326,-0.96716901
29581.4754050446,3.8692963,-0.96539368
29582.4754050921,3.869375,-0.96637994
29583.4754051396,3.8692963,-0.96637994
29584.4754051871,3.8691781,-0.96677448
29585.4754052346,3.8690994,-0.96716901
29586.4754052821,3.86906,-0.96637994
29587.4754053296,3.8689418,-0.96618268
29588.4754053771,3.8689814,-0.96795795
29589.4754054246,3.8688238,-0.96677448
29590.4754054721,3.8687057,-0.96598547
29591.4754055196,3.8687451,-0.96598547
29592.475405567,3.8685875,-0.96618268
29593.4754056145,3.8685482,-0.96716901
29594.475405662,3.8684301,-0.96637994
29595.4754057095,3.8685482,-0.96677448
29596.475405757,3.8684301,-0.96637994
29597.4754058045,3.8682332,-0.96736621
29598.475405852,3.8683119,-0.96697168
29599.4754058995,3.8680756,-0.96677448
29600.475405947,3.8680363,-0.96618268
29601.4754059945,3.8679576,-0.96637994
29602.475406042,3.8678787,-0.96677448
29603.4754060895,3.8678787,-0.96736621
29604.475406137,3.8677607,-0.96677448
29605.4754061845,3.8677213,-0.96637994
29606.475406232,3.8676031,-0.96697168
29607.4754062795,3.867682,-0.96578815
29608.475406327,3.8675244,-0.96657721
29609.4754063745,3.8674457,-0.96618268
29610.475406422,3.867367,-0.96637994
29611.4754064695,3.8672488,-0.96559094
29612.475406517,3.8672488,-0.96618268
29613.4754065645,3.8670518,-0.96677448
29614.475406612,3.8670914,-0.96795795
29615.4754066595,3.8670914,-0.96637994
29616.475406707,3.8669732,-0.96657721
29617.4754067545,3.8668551,-0.96618268
29618.475406802,3.8668158,-0.96697168
29619.4754068495,3.8667762,-0.96716901
29620.475406897,3.8667369,-0.96776074
29621.4754069445,3.8666189,-0.96697168
29622.475406992,3.8665402,-0.96657721
29623.4754070395,3.8663433,-0.96677448
29624.475407087,3.8663433,-0.96756348
29625.4754071345,3.8662646,-0.96697168
29626.475407182,3.8661857,-0.96716901
29627.4754072295,3.866225,-0.96736621
29628.475407277,3.866225,-0.96637994
29629.4754073245,3.866107,-0.96716901
29630.475407372,3.8659494,-0.96618268
29631.4754074194,3.8658707,-0.96657721
29632.4754074669,3.8657131,-0.96637994
29633.4754075144,3.8657131,-0.96697168
29634.4754075619,3.8655951,-0.96756348
29635.4754076094,3.8656344,-0.96578815
29636.4754076569,3.8654375,-0.96559094
29637.4754077044,3.8653588,-0.96697168
29638.4754077519,3.8653982,-0.96657721
29639.4754077994,3.8653195,-0.96716901
29640.4754078469,3.8652408,-0.96618268
29641.4754078944,3.8651619,-0.96637994
29642.4754079419,3.8650439,-0.96598547
29643.4754079894,3.8649652,-0.96776074
29644.4754080369,3.8649652,-0.96578815
29645.4754080844,3.8649652,-0.96657721
29646.4754081319,3.8648469,-0.96716901
29647.4754081794,3.8646896,-0.96736621
29648.4754082269,3.8646896,-0.96559094
29649.4754082744,3.8645713,-0.96637994
29650.4754083219,3.8645713,-0.96657721
29651.4754083694,3.8643746,-0.96657721
29652.4754084169,3.8644533,-0.96618268
29653.4754084644,3.864217,-0.96618268
29654.4754085119,3.8641777,-0.96618268
29655.4754085594,3.8640988,-0.96677448
29656.4754086069,3.8640988,-0.96716901
29657.4754086544,3.8640201,-0.96598547
29658.4754087019,3.8640988,-0.96697168
29659.4754087494,3.8638628,-0.96637994
29660.4754087969,3.8638232,-0.96637994
29661.4754088444,3.8637445,-0.96637994
29662.4754088919,3.8637052,-0.96637994
29663.4754089394,3.8634689,-0.96618268
29664.4754089869,3.8634295,-0.96637994
29665.4754090344,3.8635082,-0.96637994
29666.4754090819,3.8633509,-0.96677448
29667.4754091294,3.8633115,-0.96677448
29668.4754091769,3.8632326,-0.96657721
29669.4754092244,3.8631146,-0.96697168
29670.4754092718,3.8631539,-0.96716901
29671.4754093193,3.8630753,-0.96677448
29672.4754093668,3.8630359,-0.96657721
29673.4754094143,3.8629177,-0.96677448
29674.4754094618,3.8627996,-0.96677448
29675.4754095093,3.8627207,-0.96716901
29676.4754095568,3.8626814,-0.96835242
29677.4754096043,3.8626027,-0.96618268
29678.4754096518,3.862642,-0.96637994
29679.4754096993,3.862524,-0.96697168
29680.4754097468,3.8622878,-0.96736621
29681.4754097943,3.8623664,-0.96598547
29682.4754098418,3.8622484,-0.96637994
29683.4754098893,3.8621302,-0.96637994
29684.4754099368,3.8620121,-0.96657721
29685.4754099843,3.8620908,-0.96598547
29686.4754100318,3.8619728,-0.96697168
29687.4754100793,3.8619728,-0.96716901
29688.4754101268,3.8618939,-0.96677448
29689.4754101743,3.8618546,-0.96598547
29690.4754102218,3.8616972,-0.96677448
29691.4754102693,3.8615789,-0.96559094
29692.4754103168,3.8615789,-0.96815521
29693.4754103643,3.8615003,-0.96618268
29694.4754104118,3.8615003,-0.96598547
29695.4754104593,3.861382,-0.96598547
29696.4754105068,3.861264,-0.96677448
29697.4754105543,3.8611853,-0.96637994
29698.4754106018,3.8611064,-0.96598547
29699.4754106493,3.8610277,-0.96736621
29700.4754106968,3.8609097,-0.96716901
29701.4754107443,3.8609097,-0.96736621
29702.4754107918,3.8607914,-0.96657721
29703.4754108393,3.8607914,-0.96578815
29704.4754108868,3.8606341,-0.96677448
29705.4754109343,3.8606734,-0.96736621
29706.4754109818,3.8605945,-0.96637994
29707.4754110293,3.8603978,-0.96657721
29708.4754110768,3.8603585,-0.96637994
29708.5634110809,3.8603978,-0.96677448
29708.565411081,3.8605158,-0.96677448
29708.6094110831,3.8841403,0
29768.609413933,3.9003623,0
29828.6094167828,3.9030004,0
29888.6094196327,3.9039452,0
29948.6094224825,3.9042602,0
30008.6094253324,3.9046934,0
30068.6094281822,3.9049296,0
30128.609431032,3.9050477,0
30188.6094338819,3.9051263,0
30248.6094367317,3.9053233,0
30308.6094395816,3.9053626,0
30368.6094424314,3.9054415,0
30428.6094452813,3.9054809,0
30488.6094481311,3.9057171,0
30548.609450981,3.9055595,0
30608.6094538308,3.9056778,0
30668.6094566807,3.9055989,0
30728.6094595305,3.9057958,0
30788.6094623804,3.9058745,0
30848.6094652302,3.9058745,0
30908.6094680801,3.9059138,0
30968.6094709299,3.9058745,0
31028.6094737798,3.9058745,0
31088.6094766296,3.9060321,0
31148.6094794794,3.9059534,0
31208.6094823293,3.9058745,0
31268.6094851791,3.9061894,0
31328.609488029,3.9061108,0
31388.6094908788,3.9060714,0
31448.6094937287,3.9061108,0
31508.6094965785,3.9059927,0
31568.6094994284,3.9061894,0
31628.6095022782,3.9061501,0
31688.6095051281,3.9061894,0
31748.6095079779,3.9061894,0
31808.6095108278,3.9060714,0
31868.6095136776,3.906229,0
31928.6095165275,3.9061894,0
31988.6095193773,3.906229,0
32048.6095222272,3.9061894,0
32108.609525077,3.9060714,0
32168.6095279268,3.9062684,0
32228.6095307767,3.9062684,0
32288.6095336265,3.9062684,0
32348.6095364764,3.9061501,0
32408.6095393262,3.9062684,0
32468.6095421761,3.9062684,0
32528.6095450259,3.9063077,0
32588.6095478758,3.9062684,0
32648.6095507256,3.9062684,0
32708.6095535755,3.9062684,0
32768.6095564253,3.906347,0
32828.6095592752,3.906347,0
32888.609562125,3.906347,0
32948.6095649749,3.906229,0
33008.6095678247,3.9064651,0
33068.6095706746,3.9064651,0
33128.6095735244,3.9064257,0
33188.6095763742,3.906347,0
33248.6095792241,3.9064257,0
33308.6475820757,3.9064257,0
33308.6495820758,3.7368426,-6.4593062
33308.7495820806,3.7275505,-6.5172983
33308.8495820853,3.7260149,-6.5086196
33308.9495820901,3.72381,-6.5139453
33309.0495820948,3.72192,-6.5216382
33309.1495820996,3.7208176,-6.5238081
33309.2495821043,3.7197151,-6.5226245
33309.3495821091,3.7185338,-6.5313037
33309.4495821138,3.7178252,-6.5228213
33309.5495821186,3.7167225,-6.5247944
33309.6495821233,3.7159746,-6.5257808
33309.7495821281,3.7152658,-6.5271611
33309.8495821328,3.7143602,-6.5236108
33309.9495821376,3.7135334,-6.5277529
33310.0495821423,3.7129033,-6.5257808
33310.1495821471,3.7123127,-6.52223
33310.2495821518,3.7117221,-6.5182852
33310.3495821566,3.7110527,-6.5247944
33310.4495821613,3.7103047,-6.5253862
33310.5495821661,3.7096353,-6.5247944
33310.6495821708,3.7092023,-6.5210464
33310.7495821756,3.7088478,-6.5149316
33310.8495821803,3.7080603,-6.5257808
33310.9495821851,3.7074304,-6.5236108
33311.0495821898,3.7068398,-6.5232158
33311.1495821946,3.7062886,-6.5230186
33311.2495821993,3.7058947,-6.5204546
33311.3495822041,3.7053828,-6.5204546
33311.4495822088,3.7047923,-6.525189
33311.5495822136,3.704241,-6.5216382
33311.6495822183,3.7036898,-6.5259775
33311.7495822231,3.7032568,-6.5267666
33311.8495822278,3.7028236,-6.5259775
33311.9495822326,3.702666,-6.5111836
33312.0495822373,3.7018392,-6.5277529
33312.1495822421,3.7014062,-6.5234131
33312.2495822468,3.700973,-6.525189
33312.3495822516,3.7005398,-6.5230186
33312.4495822563,3.7001462,-6.5243999
33312.5495822611,3.699713,-6.5214409
33312.6495822658,3.6989255,-6.5364321
33312.7495822706,3.6989651,-6.5198628
33312.8495822753,3.6984925,-6.5206519
33312.9495822801,3.697823,-6.5316982
33313.0495822848,3.697587,-6.5334731
33313.1495822896,3.6969962,-6.528936
33313.2495822943,3.6969175,-6.5216382
33313.3495822991,3.6967995,-6.5056606
33313.4495823038,3.696445,-6.5072383
33313.5495823086,3.6957757,-6.5182852
33313.6495823133,3.6951456,-6.5259775
33313.7495823181,3.6949489,-6.5236108
33313.8495823228,3.694555,-6.5228213
33313.9495823276,3.6940827,-6.5247944
33314.0495823323,3.6940038,-6.5202573
33314.1495823371,3.6932163,-6.513748
33314.2495823418,3.6932557,-6.5192715
33314.3495823466,3.692744,-6.5224272
33314.4495823513,3.6923501,-6.5165093
33314.5495823561,3.6917596,-6.5240054
33314.6495823608,3.6916413,-6.5269639
33314.7495823656,3.691287,-6.5198628
33314.8495823703,3.6909328,-6.5259775
33314.9495823751,3.6905785,-6.5293311
33315.0495823798,3.6906178,-6.5094087
33315.1495823846,3.689909,-6.5281475
33315.2495823893,3.689791,-6.5192715
33315.3495823941,3.6893184,-6.5261748
33315.4495823988,3.6890428,-6.5247944
33315.5495824036,3.6888459,-6.5261748
33315.6495824083,3.6885309,-6.5242026
33315.7495824131,3.6882553,-6.5242026
33315.8495824178,3.687901,-6.5249917
33315.9495824226,3.6876254,-6.5257808
33316.0495824273,3.6872315,-6.5245972
33316.1495824321,3.6871529,-6.5240054
33316.2495824368,3.6866803,-6.5238081
33316.3495824416,3.6864047,-6.5247944
33316.4495824463,3.6861684,-6.5234131
33316.5495824511,3.6858928,-6.5245972
33316.6495824558,3.6855779,-6.525189
33316.7495824606,3.6853809,-6.5245972
33316.8495824653,3.685066,-6.5230186
33316.9495824701,3.6847904,-6.5245972
33317.0495824748,3.6845148,-6.5247944
33317.1495824796,3.6842785,-6.5243999
33317.2495824843,3.6838849,-6.5236108
33317.3495824891,3.6836486,-6.5236108
33317.4495824938,3.683491,-6.5220327
33317.5495824986,3.683176,-6.5224272
33317.6495825033,3.6829004,-6.5234131
33317.7495825081,3.6827431,-6.5255835
33317.8495825128,3.6824279,-6.5245972
33317.9495825176,3.6821916,-6.5226245
33318.0495825223,3.6818373,-6.5257808
33318.1495825271,3.6816404,-6.5257808
33318.2495825318,3.6813648,-6.5234131
33318.3495825366,3.6810498,-6.5287397
33318.4495825413,3.6809318,-6.5240054
33318.5495825461,3.6806562,-6.5245972
33318.6495825508,3.6804986,-6.5220327
33318.7495825556,3.6801836,-6.5230186
33318.8495825603,3.6799474,-6.5224272
33318.9495825651,3.6797111,-6.5206519
33319.0495825698,3.6795144,-6.5267666
33319.1495825746,3.6791599,-6.5245972
33319.2495825793,3.6790025,-6.5243999
33319.3495825841,3.6788843,-6.5196655
33319.4495825888,3.678333,-6.531501
33319.5495825936,3.6784513,-6.5206519
33319.6495825983,3.6782544,-6.5212437
33319.7495826031,3.6779001,-6.5228213
33319.8495826078,3.6776638,-6.5204546
33319.9495826126,3.6773489,-6.5257808
33320.0495826173,3.6770337,-6.5245972
33320.1495826221,3.6768763,-6.5255835
33320.2495826268,3.6766794,-6.5214409
33320.3495826316,3.6764431,-6.5255835
33320.4495826363,3.6762462,-6.5259775
33320.5495826411,3.6760101,-6.5228213
33320.6495826458,3.6759312,-6.5230186
33320.7495826506,3.6756163,-6.5253862
33320.8495826553,3.6754193,-6.5220327
33320.9495826601,3.6753407,-6.5261748
33321.0495826648,3.675065,-6.5238081
33321.1495826696,3.675065,-6.5155234
33321.2495826743,3.6746714,-6.5236108
33321.3495826791,3.6743958,-6.5253862
33321.4495826838,3.6732144,-6.5672036
33321.5495826886,3.6740413,-6.5220327
33321.6495826933,3.6741202,-6.513748
33321.7495826981,3.673569,-6.5311064
33321.8495827028,3.6731358,-6.5297256
33321.9495827076,3.6731358,-6.5318955
33322.0495827123,3.6727026,-6.5413638
33322.1495827171,3.6729388,-6.5182852
33322.2495827218,3.6726632,-6.5202573
33322.3495827266,3.6717184,-6.5526069
33322.4495827313,3.6722696,-6.5242026
33322.5495827361,3.671994,-6.5240054
33322.6495827408,3.6717577,-6.5309092
33322.7495827456,3.6714821,-6.5303174
33322.8495827503,3.6714032,-6.5088169
33322.9495827551,3.6718364,-6.5062524
33323.0495827598,3.6708915,-6.5332759
33323.1495827646,3.6709309,-6.5263721
33323.2495827693,3.6707733,-6.5259775
33323.3495827741,3.6708126,-6.5224272
33323.4495827788,3.670419,-6.5226245
33323.5495827836,3.670222,-6.5236108
33323.6495827883,3.6700647,-6.5255835
33323.7495827931,3.6699464,-6.5249917
33323.8495827978,3.6697891,-6.5243999
33323.9495828026,3.6695528,-6.5236108
33324.0495828073,3.6695132,-6.5240054
33324.1495828121,3.6692376,-6.5277529
33324.2495828168,3.6690409,-6.5236108
33324.3495828216,3.668844,-6.525189
33324.4495828263,3.6686864,-6.5224272
33324.5495828311,3.6685684,-6.5242026
33324.6495828358,3.6684504,-6.5224272
33324.7495828406,3.6682534,-6.5238081
33324.8495828453,3.6679778,-6.5238081
33324.94958285,3.6690016,-6.4794258
33325.0495828548,3.6677415,-6.5277529
33325.1495828595,3.6675446,-6.5212437
33325.2495828643,3.6676233,-6.5155234
33325.349582869,3.6671903,-6.5277529
33325.4495828738,3.6671116,-6.5247944
33325.5495828785,3.6671116,-6.5224272
33325.6495828833,3.6667571,-6.5216382
33325.749582888,3.6666784,-6.5198628
33325.8495828928,3.6664815,-6.5243999
33325.9495828975,3.6662848,-6.5240054
33326.0495829023,3.6661665,-6.5236108
33326.149582907,3.6660485,-6.525189
33326.2495829118,3.6657729,-6.525189
33326.3495829165,3.6658516,-6.5182852
33326.4495829213,3.6654577,-6.5326841
33326.549582926,3.6654184,-6.5216382
33326.6495829308,3.6653004,-6.5263721
33326.7495829355,3.6650248,-6.5253862
33326.8495829403,3.6648278,-6.5297256
33326.949582945,3.6645522,-6.5299229
33327.0495829498,3.6632135,-6.5271611
33327.1495829545,3.6646309,-6.5348545
33327.2495829593,3.6641586,-6.5336709
33327.349582964,3.6640403,-6.5261748
33327.4495829688,3.6639616,-6.5295283
33327.5495829735,3.663686,-6.5267666
33327.6495829783,3.6636074,-6.5328813
33327.749582983,3.6636074,-6.5184824
33327.8495829878,3.6635284,-6.5198628
33327.9495829925,3.6634498,-6.5245972
33328.0495829973,3.6631348,-6.5247944
33328.149583002,3.6630955,-6.5226245
33328.2495830068,3.6629379,-6.5243999
33328.3495830115,3.6627409,-6.5271611
33328.4495830163,3.6626229,-6.525189
33328.549583021,3.662426,-6.5240054
33328.6495830258,3.6623473,-6.5249917
33328.7495830305,3.6620717,-6.5301201
33328.8495830353,3.661993,-6.5234131
33328.94958304,3.6618748,-6.5269639
33329.0495830448,3.6617568,-6.5212437
33329.1495830495,3.6617568,-6.5234131
33329.2495830543,3.6613629,-6.5243999
33329.349583059,3.6614418,-6.5263721
33329.4495830638,3.6612449,-6.5238081
33329.5495830685,3.6611662,-6.5226245
33329.6495830733,3.6609693,-6.5247944
33329.749583078,3.6609299,-6.5242026
33329.8495830828,3.6606936,-6.525189
33329.9495830875,3.6606936,-6.5224272
33330.0495830923,3.6604574,-6.5245972
33330.149583097,3.6602998,-6.5243999
33330.2495831018,3.6601424,-6.5257808
33330.3495831065,3.6599848,-6.5243999
33330.4495831113,3.6599848,-6.5228213
33330.549583116,3.6597092,-6.5243999
33330.6495831208,3.6596305,-6.5236108
33330.7495831255,3.6595519,-6.5230186
33330.8495831303,3.6594336,-6.525189
33330.949583135,3.6593549,-6.5228213
33331.0495831398,3.6592367,-6.5255835
33331.1495831445,3.6590793,-6.5263721
33331.2495831493,3.658843,-6.5275557
33331.349583154,3.6588824,-6.5238081
33331.4495831588,3.6586854,-6.5240054
33331.5495831635,3.6586461,-6.5240054
33331.6495831683,3.6583705,-6.5257808
33331.749583173,3.6582131,-6.5230186
33331.8495831778,3.6581736,-6.5245972
33331.9495831825,3.6580162,-6.5249917
33332.0495831873,3.6578586,-6.5267666
33332.149583192,3.6577013,-6.5267666
33332.2495831968,3.6575437,-6.525189
33332.3495832015,3.6575043,-6.525189
33332.4495832063,3.657465,-6.5247944
33332.549583211,3.6572287,-6.5257808
33332.6495832158,3.65715,-6.5238081
33332.7495832205,3.6570318,-6.5245972
33332.8495832253,3.6569138,-6.5245972
33332.94958323,3.6568744,-6.5255835
33333.0495832348,3.6566775,-6.5247944
33333.1495832395,3.6566381,-6.5255835
33333.2495832443,3.6564806,-6.5238081
33333.349583249,3.6563625,-6.5269639
33333.4495832538,3.6563232,-6.5261748
33333.5495832585,3.6562049,-6.5234131
33333.6495832633,3.6560476,-6.5245972
33333.749583268,3.6558506,-6.5271611
33333.8495832728,3.65589,-6.5249917
33333.9495832775,3.655772,-6.5240054
33334.0495832823,3.655575,-6.5249917
33334.149583287,3.6555357,-6.5271611
33334.2495832918,3.6553388,-6.5259775
33334.3495832965,3.6552601,-6.5243999
33334.4495833013,3.6550632,-6.5242026
33334.549583306,3.6550632,-6.5253862
33334.6495833108,3.6549056,-6.5243999
33334.7495833155,3.6547875,-6.5243999
33334.8495833203,3.6547482,-6.5226245
33334.949583325,3.6545513,-6.5257808
33335.0495833298,3.6544333,-6.5242026
33335.1495833345,3.6542757,-6.5285425
33335.2495833393,3.6541181,-6.5249917
33335.349583344,3.6541576,-6.5232158
33335.4495833488,3.6540787,-6.5236108
33335.5495833535,3.654,-6.5228213
33335.6495833583,3.653882,-6.5245972
33335.749583363,3.6536458,-6.5261748
33335.8495833678,3.6537244,-6.5247944
33335.9495833725,3.6534095,-6.5226245
33336.0495833773,3.6533308,-6.5245972
33336.149583382,3.6532519,-6.5245972
33336.2495833868,3.6531339,-6.5234131
33336.3495833915,3.6529763,-6.5242026
33336.4495833963,3.6528976,-6.5228213
33336.549583401,3.6529369,-6.5238081
33336.6495834058,3.6526613,-6.5245972
33336.7495834105,3.652622,-6.5259775
33336.8495834153,3.6525037,-6.5269639
33336.94958342,3.652307,-6.5265693
33337.0495834248,3.652307,-6.5247944
33337.1495834295,3.6521101,-6.5277529
33337.2495834343,3.6521494,-6.5257808
33337.349583439,3.6518738,-6.5263721
33337.4495834438,3.6519525,-6.5255835
33337.5495834485,3.6518738,-6.5230186
33337.6495834533,3.6518345,-6.5265693
33337.749583458,3.6516769,-6.5238081
33337.8495834628,3.6516376,-6.5228213
33337.9495834675,3.6514409,-6.5228213
33338.0495834723,3.6513619,-6.5238081
33338.149583477,3.6513619,-6.5224272
33338.2495834818,3.6512833,-6.5212437
33338.3495834865,3.651047,-6.5265693
33338.4495834913,3.651047,-6.5245972
33338.549583496,3.6508501,-6.5232158
33338.6475835007,3.6508107,-6.5243999
33338.6895835027,3.8230319,0
33338.7895835074,3.8253944,0
33338.8895835122,3.8267331,0
33338.9895835169,3.8276782,0
33339.0895835217,3.8286231,0
33339.1895835264,3.8293712,0
33339.2895835312,3.8300405,0
33339.3895835359,3.8305917,0
33339.4895835407,3.8311825,0
33339.5895835454,3.8316154,0
33339.6895835502,3.832088,0
33339.7895835549,3.8325605,0
33339.8895835597,3.8330328,0
33339.9895835644,3.8335841,0
33340.0895835692,3.8338203,0
33340.1895835739,3.8342535,0
33340.2895835787,3.8346472,0
33340.3895835834,3.8348441,0
33340.4895835882,3.8352773,0
33340.5895835929,3.8356316,0
33340.6895835977,3.8360252,0
33340.7895836024,3.8362222,0
33340.8895836072,3.8365767,0
33340.9895836119,3.8367734,0
33341.0895836167,3.8371279,0
33341.1895836214,3.8374429,0
33341.2895836262,3.8376791,0
33341.3895836309,3.8378758,0
33341.4895836357,3.8381515,0
33341.5895836404,3.838506,0
33341.6895836452,3.8388209,0
33341.7895836499,3.8389783,0
33341.8895836547,3.8392146,0
33341.9895836594,3.8395295,0
33342.0895836642,3.8396871,0
33342.1895836689,3.8399627,0
33342.2895836737,3.8401203,0
33342.3895836784,3.8404353,0
33342.4895836832,3.8405533,0
33342.5895836879,3.8410258,0
33342.6895836927,3.8410652,0
33342.7895836974,3.8414195,0
33342.8895837022,3.8414984,0
33342.9895837069,3.8416951,0
33343.0895837117,3.8420496,0
33343.1895837164,3.8421283,0
33343.2895837212,3.8422859,0
33343.3895837259,3.8424432,0
33343.4895837307,3.8426795,0
33343.5895837354,3.8429158,0
33343.6895837402,3.8429551,0
33343.7895837449,3.8433094,0
33343.8895837497,3.8435063,0
33343.9895837544,3.8438213,0
33344.0895837592,3.8437819,0
33344.1895837639,3.8440969,0
33344.2895837687,3.8441758,0
33344.3895837734,3.8442938,0
33344.4895837782,3.8444514,0
33344.5895837829,3.844727,0
33344.6895837876,3.8448844,0
33344.7895837924,3.8449237,0
33344.8895837971,3.8452783,0
33344.9895838019,3.8453176,0
33345.0895838066,3.845475,0
33345.1895838114,3.8455539,0
33345.2895838161,3.8457506,0
33345.3895838209,3.8458295,0
33345.4895838256,3.8461838,0
33345.5895838304,3.8462231,0
33345.6895838351,3.846302,0
33345.7895838399,3.8465381,0
33345.8895838446,3.8466563,0
33345.9895838494,3.8468533,0
33346.0895838541,3.8471289,0
33346.1895838589,3.8471289,0
33346.2895838636,3.8473649,0
33346.3895838684,3.8474438,0
33346.4895838731,3.8476405,0
33346.5895838779,3.8476405,0
33346.6895838826,3.8478374,0
33346.7895838874,3.8479557,0
33346.8895838921,3.8480737,0
33346.9895838969,3.8483493,0
33347.0895839016,3.848428,0
33347.1895839064,3.848428,0
33347.2895839111,3.8485463,0
33347.3895839159,3.8487432,0
33347.4895839206,3.8489399,0
33347.5895839254,3.8488612,0
33347.6895839301,3.8490975,0
33347.7895839349,3.8492548,0
33347.8895839396,3.8494124,0
33347.9895839444,3.84957,0
33348.0895839491,3.8496881,0
33348.1895839539,3.8496094,0
33348.2895839586,3.8498063,0
33348.3895839634,3.8499243,0
33348.4895839681,3.8500423,0
33348.5895839729,3.850318,0
33348.6895839776,3.8502786,0
33348.7895839824,3.8505542,0
33348.8895839871,3.8505149,0
33348.9895839919,3.8506331,0
33349.0895839966,3.8509088,0
33349.1895840014,3.8510661,0
33349.2895840061,3.8511055,0
33349.3895840109,3.8511055,0
33349.4895840156,3.851263,0
33349.5895840204,3.8514206,0
33349.6895840251,3.8514993,0
33349.7895840299,3.851578,0
33349.8895840346,3.8518536,0
33349.9895840394,3.8517356,0
33350.0895840441,3.8518143,0
33350.1895840489,3.8520899,0
33350.2895840536,3.8520899,0
33350.3895840584,3.8522475,0
33350.4895840631,3.8524442,0
33350.5895840679,3.8524048,0
33350.6895840726,3.8525231,0
33350.7895840774,3.8526804,0
33350.8895840821,3.8527987,0
33350.9895840869,3.8528774,0
33351.0895840916,3.8529167,0
33351.1895840964,3.8530347,0
33351.2895841011,3.853153,0
33351.3895841059,3.8532317,0
33351.4895841106,3.8534286,0
33351.5895841154,3.8533893,0
33351.6895841201,3.8534679,0
33351.7895841249,3.8535862,0
33351.8895841296,3.8537829,0
33351.9895841344,3.8537829,0
33352.0895841391,3.8539405,0
33352.1895841439,3.8540585,0
33352.2895841486,3.8541768,0
33352.3895841534,3.8542161,0
33352.4895841581,3.8542161,0
33352.5895841629,3.8542948,0
33352.6895841676,3.8543735,0
33352.7895841724,3.8546491,0
33352.8895841771,3.854728,0
33352.9895841819,3.8548067,0
33353.0895841866,3.8548067,0
33353.1895841914,3.8548067,0
33353.2895841961,3.8550036,0
33353.3895842009,3.8550429,0
33353.4895842056,3.855161,0
33353.5895842104,3.8552399,0
33353.6895842151,3.8552792,0
33353.7895842199,3.8553972,0
33353.8895842246,3.8555155,0
33353.9895842294,3.8555548,0
33354.0895842341,3.8556728,0
33354.1895842389,3.8557911,0
33354.2895842436,3.8559091,0
33354.3895842484,3.8560274,0
33354.4895842531,3.8559484,0
33354.5895842579,3.856106,0
33354.6895842626,3.8561847,0
33354.7895842674,3.8562634,0
33354.8895842721,3.8562241,0
33354.9895842769,3.8563817,0
33355.0895842816,3.8564603,0
33355.1895842864,3.8565786,0
33355.2895842911,3.8565786,0
33355.3895842959,3.8567359,0
33355.4895843006,3.8568542,0
33355.5895843054,3.8569329,0
33355.6895843101,3.8569329,0
33355.7895843149,3.8570116,0
33355.8895843196,3.8570116,0
33355.9895843244,3.8573265,0
33356.0895843291,3.8572872,0
33356.1895843339,3.8573265,0
33356.2895843386,3.8574841,0
33356.3895843434,3.8574054,0
33356.4895843481,3.8576021,0
33356.5895843529,3.8576021,0
33356.6895843576,3.8576021,0
33356.7895843624,3.8578384,0
33356.8895843671,3.8579173,0
33356.9895843719,3.8579173,0
33357.0895843766,3.857996,0
33357.1895843814,3.858114,0
33357.2895843861,3.8581533,0
33357.3895843909,3.8581929,0
33357.4895843956,3.8582716,0
33357.5895844004,3.8582716,0
33357.6895844051,3.858429,0
33357.7895844099,3.858429,0
33357.8895844146,3.8585472,0
33357.9895844194,3.8586259,0
33358.0895844241,3.8586652,0
33358.1895844289,3.8587835,0
33358.2895844336,3.8588228,0
33358.3895844384,3.8589015,0
33358.4895844431,3.8589408,0
33358.5895844479,3.8590591,0
33358.6895844526,3.8591378,0
33358.7895844574,3.8591771,0
33358.8895844621,3.859256,0
33358.9895844669,3.859256,0
33359.0895844716,3.8593347,0
33359.1895844764,3.859374,0
33359.2895844811,3.859571,0
33359.3895844859,3.8595316,0
33359.4895844906,3.8596103,0
33359.5895844954,3.8597283,0
33359.6895845001,3.8597283,0
33359.7895845049,3.8598466,0
33359.8895845096,3.8599646,0
33359.9895845144,3.8600829,0
33360.0895845191,3.8599646,0
33360.1895845239,3.8600433,0
33360.2895845286,3.8602009,0
33360.3895845334,3.8601222,0
33360.4895845381,3.8601222,0
33360.5895845429,3.8603978,0
33360.6895845476,3.8603978,0
33360.7895845524,3.8603978,0
33360.8895845571,3.8605158,0
33360.9895845619,3.8605158,0
33361.0895845666,3.8605158,0
33361.1895845714,3.8606341,0
33361.2895845761,3.8608308,0
33361.3895845809,3.8609097,0
33361.4895845856,3.8608704,0
33361.5895845904,3.8608308,0
33361.6895845951,3.860949,0
33361.7895845999,3.8610671,0
33361.8895846046,3.8611853,0
33361.9895846094,3.8610671,0
33362.0895846141,3.861264,0
33362.1895846189,3.8612247,0
33362.2895846236,3.861382,0
33362.3895846284,3.8614216,0
33362.4895846331,3.8615396,0
33362.5895846379,3.8614216,0
33362.6895846426,3.8615789,0
33362.7895846474,3.8615789,0
33362.8895846521,3.8616576,0
33362.9895846569,3.8616183,0
33363.0895846616,3.8616183,0
33363.1895846664,3.8619332,0
33363.2895846711,3.8618939,0
33363.3895846759,3.8619728,0
33363.4895846806,3.8620515,0
33363.5895846854,3.8620908,0
33363.6895846901,3.8620908,0
33363.7895846949,3.8620908,0
33363.8895846996,3.8623271,0
33363.9895847044,3.8623271,0
33364.0895847091,3.8622878,0
33364.1895847138,3.8624845,0
33364.2895847186,3.8624451,0
33364.3895847233,3.862524,0
33364.4895847281,3.8625634,0
33364.5895847328,3.862642,0
33364.6895847376,3.8627603,0
33364.7895847423,3.862524,0
33364.8895847471,3.8627603,0
33364.9895847518,3.8626814,0
33365.0895847566,3.8627603,0
33365.1895847613,3.8628783,0
33365.2895847661,3.8629177,0
33365.3895847708,3.8630753,0
33365.4895847756,3.8629963,0
33365.5895847803,3.8630359,0
33365.6895847851,3.8631539,0
33365.7895847898,3.8631146,0
33365.8895847946,3.863272,0
33365.9895847993,3.8633509,0
33366.0895848041,3.8634689,0
33366.1895848088,3.8635082,0
33366.2895848136,3.8633509,0
33366.3895848183,3.8635082,0
33366.4895848231,3.8635871,0
33366.5895848278,3.8635871,0
33366.6895848326,3.8637445,0
33366.7895848373,3.8637052,0
33366.8895848421,3.8637445,0
33366.9895848468,3.8639021,0
33367.0895848516,3.8636658,0
33367.1895848563,3.8639021,0
33367.2895848611,3.8639808,0
33367.3895848658,3.8639021,0
33367.4895848706,3.8639808,0
33367.5895848753,3.8640988,0
33367.6895848801,3.8640594,0
33367.7895848848,3.8641384,0
33367.8895848896,3.8641384,0
33367.9895848943,3.8642564,0
33368.0895848991,3.8642957,0
33368.1895849038,3.864217,0
33368.2895849086,3.8643351,0
33368.3895849133,3.864414,0
33368.4895849181,3.8644927,0
33368.5895849228,3.8645713,0
33368.6895849276,3.8645713,0
33368.7895849323,3.8646107,0
33368.8895849371,3.8646896,0
33368.9895849418,3.8647289,0
33369.0895849466,3.8645713,0
33369.1895849513,3.8647683,0
33369.2895849561,3.8648863,0
33369.3895849608,3.8648863,0
33369.4895849656,3.8650045,0
33369.5895849703,3.8649652,0
33369.6895849751,3.8649652,0
33369.7895849798,3.8650439,0
33369.8895849846,3.8650439,0
33369.9895849893,3.8651619,0
33370.0895849941,3.8652015,0
33370.1895849988,3.8651619,0
33370.2895850036,3.8652802,0
33370.3895850083,3.8652802,0
33370.4895850131,3.8652408,0
33370.5895850178,3.8653982,0
33370.6895850226,3.8653588,0
33370.7895850273,3.8654771,0
33370.8895850321,3.8655951,0
33370.9895850368,3.8656344,0
33371.0895850416,3.8654771,0
33371.1895850463,3.8655951,0
33371.2895850511,3.8657527,0
33371.3895850558,3.8657527,0
33371.4895850606,3.8657131,0
33371.5895850653,3.8658707,0
33371.6895850701,3.865792,0
33371.7895850748,3.865792,0
33371.8895850796,3.8659494,0
33371.9895850843,3.8659887,0
33372.0895850891,3.8659887,0
33372.1895850938,3.8660283,0
33372.2895850986,3.8659887,0
33372.3895851033,3.8661463,0
33372.4895851081,3.866107,0
33372.5895851128,3.8661857,0
33372.6895851176,3.8661857,0
33372.7895851223,3.8663039,0
33372.8895851271,3.8664219,0
33372.9895851318,3.8662646,0
33373.0895851366,3.8663433,0
33373.1895851413,3.8664613,0
33373.2895851461,3.8665402,0
33373.3895851508,3.8666582,0
33373.4895851556,3.8665795,0
33373.5895851603,3.8666189,0
33373.6895851651,3.8665795,0
33373.7895851698,3.8666975,0
33373.8895851746,3.8667369,0
33373.9895851793,3.8667369,0
33374.0895851841,3.8668158,0
33374.1895851888,3.8668945,0
33374.2895851936,3.8668945,0
33374.3895851983,3.8668551,0
33374.4895852031,3.8670125,0
33374.5895852078,3.8670914,0
33374.6895852126,3.8670518,0
33374.7895852173,3.8670914,0
33374.8895852221,3.8671308,0
33374.9895852268,3.8671701,0
33375.0895852316,3.8671701,0
33375.1895852363,3.8672488,0
33375.2895852411,3.867367,0
33375.3895852458,3.8673275,0
33375.4895852506,3.867367,0
33375.5895852553,3.867485,0
33375.6895852601,3.867367,0
33375.7895852648,3.8674064,0
33375.8895852696,3.8675637,0
33375.9895852743,3.8675244,0
33376.0895852791,3.8674457,0
33376.1895852838,3.8675637,0
33376.2895852886,3.8676031,0
33376.3895852933,3.8677213,0
33376.4895852981,3.8677213,0
33376.5895853028,3.8678,0
33376.6895853076,3.8678,0
33376.7895853123,3.8677213,0
33376.8895853171,3.8678393,0
33376.9895853218,3.8678787,0
33377.0895853266,3.8679576,0
33377.1895853313,3.8679576,0
33377.2895853361,3.8679576,0
33377.3895853408,3.8679969,0
33377.4895853456,3.8679969,0
33377.5895853503,3.8680756,0
33377.6895853551,3.8680756,0
33377.7895853598,3.8681545,0
33377.8895853646,3.8680756,0
33377.9895853693,3.8682332,0
33378.0895853741,3.8683512,0
33378.1895853788,3.8683906,0
33378.2895853836,3.8683119,0
33378.3895853883,3.8683906,0
33378.4895853931,3.8684695,0
33378.5895853978,3.8685088,0
33378.7235854042,3.9934814,0
33378.7255854043,3.9974186,4.8277515
33378.825585409,4.0028915,4.8918589
33378.9255854138,4.0043092,4.893437
33379.0255854185,4.0053329,4.8926479
33379.1255854233,4.0061598,4.8942261
33379.225585428,4.0072227,4.9046802
33379.3255854328,4.0078526,4.9076392
33379.4255854375,4.0082068,4.8981709
33379.5255854423,4.008719,4.8885059
33379.625585447,4.0092702,4.8944233
33379.7255854518,4.009861,4.8977764
33379.8255854565,4.0101757,4.8885059
33379.9255854613,4.0108056,4.8954092
33380.025585466,4.0112782,4.8930425
33380.1255854708,4.0116324,4.8946206
33380.2255854755,4.0121837,4.8922534
33380.3255854803,4.0125775,4.8946206
33380.425585485,4.0130897,4.8920562
33380.5255854898,4.013483,4.8948179
33380.6255854945,4.0139165,4.8948179
33380.7255854993,4.0142708,4.8942261
33380.825585504,4.0147038,4.8936343
33380.9255855088,4.015058,4.8938315
33381.0255855135,4.015491,4.8930425
33381.1255855183,4.0157666,4.893437
33381.225585523,4.0163574,4.9023135
33381.3255855278,4.0165544,4.8936343
33381.4255855325,4.0169873,4.8916616
33381.5255855373,4.0172629,4.8928452
33381.625585542,4.0175781,4.8926479
33381.7255855468,4.0179324,4.8950146
33381.8255855515,4.018405,4.8930425
33381.9255855563,4.0185623,4.8936343
33382.025585561,4.0189953,4.8936343
33382.1255855658,4.0193105,4.8938315
33382.2255855705,4.0198617,4.8944233
33382.3255855753,4.0200191,4.8946206
33382.42558558,4.0204525,4.8946206
33382.5255855848,4.0206099,4.8936343
33382.6255855895,4.0209641,4.8930425
33382.7255855943,4.0212398,4.8940288
33382.825585599,4.0217519,4.8932397
33382.9255856038,4.0218697,4.8930425
33383.0255856085,4.0222635,4.8942261
33383.1255856133,4.0225391,4.893437
33383.225585618,4.0228148,4.8932397
33383.3255856228,4.0232873,4.8930425
33383.4255856275,4.023602,4.8908726
33383.5255856323,4.0239172,4.893437
33383.625585637,4.0242324,4.8936343
33383.7255856418,4.0244684,4.8932397
33383.8255856465,4.0247836,4.8936343
33383.9255856513,4.0250592,4.8926479
33384.025585656,4.0254526,4.8930425
33384.1255856608,4.0256891,4.8930425
33384.2255856655,4.0260038,4.8942261
33384.3255856703,4.026319,4.8936343
33384.425585675,4.0265946,4.8924507
33384.5255856798,4.0267916,4.8944233
33384.6255856845,4.0271854,4.8942261
33384.7255856893,4.0275397,4.8924507
33384.825585694,4.0276971,4.893437
33384.9255856988,4.028091,4.8938315
33385.0255857035,4.0282879,4.8940288
33385.1255857083,4.0286026,4.8936343
33385.225585713,4.0288782,4.8924507
33385.3255857178,4.0292325,4.8932397
33385.4255857225,4.029469,4.8938315
33385.5255857273,4.0297446,4.893437
33385.625585732,4.0300989,4.8936343
33385.7255857368,4.0303349,4.8920562
33385.8255857415,4.0305715,4.8922534
33385.9255857463,4.0309258,4.8932397
33386.025585751,4.0311227,4.8932397
33386.1255857558,4.0314379,4.8936343
33386.2255857605,4.0318313,4.8940288
33386.3255857653,4.0320282,4.8936343
33386.42558577,4.0322647,4.8940288
33386.5255857748,4.0325403,4.8930425
33386.6255857795,4.032855,4.8936343
33386.7255857843,4.0329733,4.8930425
33386.825585789,4.0332489,4.893437
33386.9255857938,4.0336428,4.8936343
33387.0255857985,4.0339575,4.8944233
33387.1255858033,4.0342331,4.893437
33387.225585808,4.03443,4.8930425
33387.3255858128,4.0346661,4.8944233
33387.4255858175,4.0349026,4.8920562
33387.5255858223,4.0350995,4.8938315
33387.625585827,4.0354934,4.8930425
33387.7255858317,4.0356898,4.8944233
33387.8255858365,4.0360446,4.8940288
33387.9255858412,4.0362411,4.8932397
33388.025585846,4.0365167,4.8942261
33388.1255858507,4.0367136,4.8948179
33388.2255858555,4.0369501,4.8942261
33388.3255858602,4.0372648,4.893437
33388.425585865,4.0375404,4.8932397
33388.5255858697,4.0377374,4.8944233
33388.6255858745,4.0380526,4.893437
33388.7235858792,4.0382099,4.8944233
33388.7675858812,3.9055202,0
33388.867585886,3.9034727,0
33388.9675858907,3.9024096,0
33389.0675858955,3.901701,0
33389.1675859002,3.9010315,0
33389.267585905,3.9005196,0
33389.3675859097,3.9000473,0
33389.4675859145,3.8996141,0
33389.5675859192,3.8992205,0
33389.667585924,3.8989449,0
33389.7675859287,3.8986297,0
33389.8675859335,3.8983541,0
33389.9675859382,3.8981574,0
33390.067585943,3.8979998,0
33390.1675859477,3.8977242,0
33390.2675859525,3.8974485,0
33390.3675859572,3.8972909,0
33390.467585962,3.896976,0
33390.5675859667,3.896976,0
33390.6675859715,3.8967004,0
33390.7675859762,3.8966217,0
33390.867585981,3.8964248,0
33390.9675859857,3.8961885,0
33391.0675859905,3.8960705,0
33391.1675859952,3.8959918,0
33391.267586,3.8959525,0
33391.3675860047,3.8957162,0
33391.4675860095,3.8956373,0
33391.5675860142,3.8955193,0
33391.667586019,3.8954799,0
33391.7675860237,3.8953223,0
33391.8675860285,3.8952043,0
33391.9675860332,3.8950467,0
33392.067586038,3.8949287,0
33392.1675860427,3.8949287,0
33392.2675860475,3.8948894,0
33392.3675860522,3.8947318,0
33392.467586057,3.8945348,0
33392.5675860617,3.8944561,0
33392.6675860665,3.8942986,0
33392.7675860712,3.8943381,0
33392.867586076,3.8943775,0
33392.9675860807,3.8941805,0
33393.0675860855,3.8941412,0
33393.1675860902,3.8941019,0
33393.267586095,3.8940229,0
33393.3675860997,3.8938656,0
33393.4675861045,3.8938656,0
33393.5675861092,3.8938262,0
33393.667586114,3.893708,0
33393.7675861187,3.893708,0
33393.8675861235,3.8935506,0
33393.9675861282,3.8934717,0
33394.067586133,3.89359,0
33394.1675861377,3.8935111,0
33394.2675861425,3.8933537,0
33394.3675861472,3.8931961,0
33394.467586152,3.8932354,0
33394.5675861567,3.8931961,0
33394.6675861615,3.8931961,0
33394.7675861662,3.8929994,0
33394.867586171,3.8929994,0
33394.9675861757,3.8931174,0
33395.0675861805,3.8929994,0
33395.1675861852,3.8929994,0
33395.26758619,3.8928812,0
33395.3675861947,3.8928025,0
33395.4675861995,3.8926842,0
33395.5675862042,3.8928418,0
33395.667586209,3.8927238,0
33395.7675862137,3.8926449,0
33395.8675862185,3.8926449,0
33395.9675862232,3.8926449,0
33396.067586228,3.8925662,0
33396.1675862327,3.8924875,0
33396.2675862375,3.8924086,0
33396.3675862422,3.8925662,0
33396.467586247,3.8924482,0
33396.5675862517,3.8924086,0
33396.6675862565,3.8923693,0
33396.7675862612,3.8922906,0
33396.867586266,3.8922906,0
33396.9675862707,3.8922119,0
33397.0675862755,3.892133,0
33397.1675862802,3.8921726,0
33397.267586285,3.8920543,0
33397.3675862897,3.892015,0
33397.4675862945,3.8920543,0
33397.5675862992,3.8919756,0
33397.667586304,3.8920543,0
33397.7675863087,3.8919363,0
33397.8675863135,3.892015,0
33397.9675863182,3.8919363,0
33398.067586323,3.892015,0
33398.1675863277,3.8917787,0
33398.2675863325,3.8917787,0
33398.3675863372,3.8916607,0
33398.467586342,3.8917787,0
33398.5675863467,3.891818,0
33398.6675863515,3.8916607,0
33398.7675863562,3.891818,0
33398.867586361,3.8917394,0
33398.9675863657,3.8917,0
33399.0675863705,3.8916607,0
33399.1675863752,3.8915818,0
33399.26758638,3.8915818,0
33399.3675863847,3.8915818,0
33399.4675863895,3.8916211,0
33399.5675863942,3.8916211,0
33399.667586399,3.8915031,0
33399.7675864037,3.8915818,0
33399.8675864085,3.8914244,0
33399.9675864132,3.8914244,0
33400.067586418,3.8913851,0
33400.1675864227,3.8913062,0
33400.2675864275,3.8913062,0
33400.3675864322,3.8912668,0
33400.467586437,3.8913455,0
33400.5675864417,3.8912275,0
33400.6675864465,3.8912668,0
33400.7675864512,3.8912668,0
33400.867586456,3.8913851,0
33400.9675864607,3.8911881,0
33401.0675864655,3.8912668,0
33401.1675864702,3.8911488,0
33401.267586475,3.8913851,0
33401.3675864797,3.8910699,0
33401.4675864845,3.8912668,0
33401.5675864892,3.8911095,0
33401.667586494,3.8910699,0
33401.7675864987,3.8911095,0
33401.8675865035,3.8910306,0
33401.9675865082,3.8909912,0
33402.067586513,3.8910699,0
33402.1675865177,3.8910306,0
33402.2675865225,3.8909912,0
33402.3675865272,3.8910699,0
33402.467586532,3.8909912,0
33402.5675865367,3.8910306,0
33402.6675865415,3.8910699,0
33402.7675865462,3.8909125,0
33402.867586551,3.8910306,0
33402.9675865557,3.8908339,0
33403.0675865605,3.8909912,0
33403.1675865652,3.8908732,0
33403.26758657,3.8907943,0
33403.3675865747,3.8909125,0
33403.4675865795,3.8908339,0
33403.5675865842,3.8909125,0
33403.667586589,3.8909125,0
33403.7675865937,3.8908732,0
33403.8675865985,3.8909125,0
33403.9675866032,3.8907943,0
33404.067586608,3.8907156,0
33404.1675866127,3.8907549,0
33404.2675866175,3.8907943,0
33404.3675866222,3.8909125,0
33404.467586627,3.8908732,0
33404.5675866317,3.8906369,0
33404.6675866365,3.8907549,0
33404.7675866412,3.8907549,0
33404.867586646,3.8906763,0
33404.9675866507,3.8906369,0
33405.0675866555,3.8906763,0
33405.1675866602,3.8906369,0
33405.267586665,3.8908732,0
33405.3675866697,3.8906763,0
33405.4675866744,3.8906369,0
33405.5675866792,3.8907156,0
33405.6675866839,3.8905976,0
33405.7675866887,3.8906369,0
33405.8675866934,3.8906369,0
33405.9675866982,3.8906763,0
33406.0675867029,3.8905187,0
33406.1675867077,3.8905976,0
33406.2675867124,3.8906369,0
33406.3675867172,3.8905187,0
33406.4675867219,3.8904793,0
33406.5675867267,3.8906369,0
33406.6675867314,3.8907156,0
33406.7675867362,3.8904793,0
33406.8675867409,3.8904793,0
33406.9675867457,3.8905976,0
33407.0675867504,3.8905976,0
33407.1675867552,3.8905976,0
33407.2675867599,3.8905187,0
33407.3675867647,3.8905187,0
33407.4675867694,3.89044,0
33407.5675867742,3.89044,0
33407.6675867789,3.8905187,0
33407.7675867837,3.8904006,0
33407.8675867884,3.89044,0
33407.9675867932,3.89044,0
33408.0675867979,3.8905187,0
33408.1675868027,3.8905582,0
33408.2675868074,3.8905187,0
33408.3675868122,3.8905187,0
33408.4675868169,3.8904006,0
33408.5675868217,3.8905187,0
33408.6675868264,3.8905187,0
33408.7675868312,3.8905582,0
33408.8675868359,3.8904793,0
33408.9675868407,3.89044,0
33409.0675868454,3.89044,0
33409.1675868502,3.89044,0
33409.2675868549,3.8904793,0
33409.3675868597,3.8903613,0
33409.4675868644,3.8903613,0
33409.5675868692,3.89044,0
33409.6675868739,3.890322,0
33409.7675868787,3.8905187,0
33409.8675868834,3.89044,0
33409.9675868882,3.8904793,0
33410.0675868929,3.89044,0
33410.1675868977,3.8904006,0
33410.2675869024,3.8903613,0
33410.3675869072,3.8905187,0
33410.4675869119,3.890322,0
33410.5675869167,3.8904793,0
33410.6675869214,3.8903613,0
33410.7675869262,3.890322,0
33410.8675869309,3.8903613,0
33410.9675869357,3.8904006,0
33411.0675869404,3.8904006,0
33411.1675869452,3.8904006,0
33411.2675869499,3.89044,0
33411.3675869547,3.8902824,0
33411.4675869594,3.89044,0
33411.5675869642,3.8902037,0
33411.6675869689,3.8904006,0
33411.7675869737,3.8903613,0
33411.8675869784,3.8902824,0
33411.9675869832,3.89044,0
33412.0675869879,3.8904006,0
33412.1675869927,3.8904006,0
33412.2675869974,3.89044,0
33412.3675870022,3.8904006,0
33412.4675870069,3.8905187,0
33412.5675870117,3.8904006,0
33412.6675870164,3.8902824,0
33412.7675870212,3.8903613,0
33412.8675870259,3.890322,0
33412.9675870307,3.8902824,0
33413.0675870354,3.8902431,0
33413.1675870402,3.890322,0
33413.2675870449,3.890322,0
33413.3675870497,3.8903613,0
33413.4675870544,3.890322,0
33413.5675870592,3.8904006,0
33413.6675870639,3.8902824,0
33413.7675870687,3.8903613,0
33413.8675870734,3.890322,0
33413.9675870782,3.890322,0
33414.0675870829,3.8904793,0
33414.1675870877,3.8902037,0
33414.2675870924,3.89044,0
33414.3675870972,3.8904006,0
33414.4675871019,3.8904793,0
33414.5675871067,3.890322,0
33414.6675871114,3.8902824,0
33414.7675871162,3.890322,0
33414.8675871209,3.8902824,0
33414.9675871257,3.890322,0
33415.0675871304,3.8904793,0
33415.1675871352,3.8903613,0
33415.2675871399,3.890125,0
33415.3675871447,3.8902824,0
33415.4675871494,3.8904006,0
33415.5675871542,3.890322,0
33415.6675871589,3.8903613,0
33415.7675871637,3.890322,0
33415.8675871684,3.8903613,0
33415.9675871732,3.89044,0
33416.0675871779,3.890322,0
33416.1675871827,3.8902824,0
33416.2675871874,3.8902824,0
33416.3675871922,3.890322,0
33416.4675871969,3.890322,0
33416.5675872017,3.8902824,0
33416.6675872064,3.8902824,0
33416.7675872112,3.8904006,0
33416.8675872159,3.8902824,0
33416.9675872207,3.890322,0
33417.0675872254,3.890322,0
33417.1675872302,3.8903613,0
33417.2675872349,3.8902824,0
33417.3675872397,3.8902824,0
33417.4675872444,3.8904006,0
33417.5675872492,3.8902824,0
33417.6675872539,3.890322,0
33417.7675872587,3.89044,0
33417.8675872634,3.8903613,0
33417.9675872682,3.8904006,0
33418.0675872729,3.8902824,0
33418.1675872777,3.890322,0
33418.2675872824,3.8903613,0
33418.3675872872,3.8903613,0
33418.4675872919,3.8902431,0
33418.5675872967,3.8903613,0
33418.6675873014,3.8904006,0
33418.7675873062,3.890322,0
33418.8675873109,3.8903613,0
33418.9675873157,3.8904006,0
33419.0675873204,3.8902824,0
33419.1675873252,3.89044,0
33419.2675873299,3.8903613,0
33419.3675873347,3.8902431,0
33419.4675873394,3.8903613,0
33419.5675873442,3.890322,0
33419.6675873489,3.8902824,0
33419.7675873537,3.8903613,0
33419.8675873584,3.890322,0
33419.9675873632,3.8904793,0
33420.0675873679,3.8904006,0
33420.1675873727,3.8902824,0
33420.2675873774,3.8902824,0
33420.3675873822,3.8906763,0
33420.4675873869,3.890322,0
33420.5675873917,3.890322,0
33420.6675873964,3.8903613,0
33420.7675874012,3.890322,0
33420.8675874059,3.8904006,0
33420.9675874107,3.890322,0
33421.0675874154,3.8904793,0
33421.1675874202,3.8904793,0
33421.2675874249,3.89044,0
33421.3675874297,3.8902824,0
33421.4675874344,3.890322,0
33421.5675874392,3.8904006,0
33421.6675874439,3.8904793,0
33421.7675874487,3.8904006,0
33421.8675874534,3.89044,0
33421.9675874582,3.8905187,0
33422.0675874629,3.8904793,0
33422.1675874677,3.8904793,0
33422.2675874724,3.8904006,0
33422.3675874772,3.890322,0
33422.4675874819,3.8905187,0
33422.5675874867,3.8904006,0
33422.6675874914,3.8904006,0
33422.7675874962,3.8903613,0
33422.8675875009,3.8904793,0
33422.9675875057,3.89044,0
33423.0675875104,3.89044,0
33423.1675875152,3.89044,0
33423.2675875199,3.89044,0
33423.3675875247,3.89044,0
33423.4675875294,3.8904006,0
33423.5675875342,3.8903613,0
33423.6675875389,3.8903613,0
33423.7675875437,3.89044,0
33423.8675875484,3.8905582,0
33423.9675875532,3.8903613,0
33424.0675875579,3.8904793,0
33424.1675875627,3.8903613,0
33424.2675875674,3.8905582,0
33424.3675875722,3.8904793,0
33424.4675875769,3.8905187,0
33424.5675875817,3.8904006,0
33424.6675875864,3.8904793,0
33424.7675875912,3.8904006,0
33424.8675875959,3.89044,0
33424.9675876007,3.8903613,0
33425.0675876054,3.8905582,0
33425.1675876101,3.8905187,0
33425.2675876149,3.8905582,0
33425.3675876196,3.8904006,0
33425.4675876244,3.8905187,0
33425.5675876291,3.8904793,0
33425.6675876339,3.8905187,0
33425.7675876386,3.8905582,0
33425.8675876434,3.8905582,0
33425.9675876481,3.89044,0
33426.0675876529,3.8905976,0
33426.1675876576,3.8905976,0
33426.2675876624,3.8905187,0
33426.3675876671,3.8904793,0
33426.4675876719,3.89044,0
33426.5675876766,3.8905582,0
33426.6675876814,3.8905582,0
33426.7675876861,3.89044,0
33426.8675876909,3.8905187,0
33426.9675876956,3.8905582,0
33427.0675877004,3.8906369,0
33427.1675877051,3.8905976,0
33427.2675877099,3.8904793,0
33427.3675877146,3.8906763,0
33427.4675877194,3.8906369,0
33427.5675877241,3.8905976,0
33427.6675877289,3.8905187,0
33427.7675877336,3.8905582,0
33427.8675877384,3.8905976,0
33427.9675877431,3.8905582,0
33428.0675877479,3.8905976,0
33428.1675877526,3.8905187,0
33428.2675877574,3.8905582,0
33428.3675877621,3.8905187,0
33428.4675877669,3.8906763,0
33428.5675877716,3.8906369,0
33428.6675877764,3.8904793,0
33428.7995877827,3.8684695,0
33428.8015877828,3.8678393,-0.95513647
33429.8015878303,3.8651226,-0.96618268
33430.8015878778,3.8641384,-0.96716901
33431.8015879252,3.8633509,-0.96736621
33432.8015879727,3.862839,-0.96578815
33433.8015880202,3.8621695,-0.96736621
33434.8015880677,3.8616576,-0.96637994
33435.8015881152,3.8611853,-0.96697168
33436.8015881627,3.8606734,-0.96598547
33437.8015882102,3.8601615,-0.96539368
33438.8015882577,3.8597677,-0.96756348
33439.8015883052,3.8593347,-0.96716901
33440.8015883527,3.8590591,-0.96697168
33441.8015884002,3.8587441,-0.96776074
33442.8015884477,3.8582323,-0.96756348
33443.8015884952,3.8578777,-0.96716901
33444.8015885427,3.8576021,-0.96559094
33445.8015885902,3.8572872,-0.96618268
33446.8015886377,3.8570116,-0.96657721
33447.8015886852,3.8566179,-0.96716901
33448.8015887327,3.856303,-0.96657721
33449.8015887802,3.8559878,-0.96657721
33450.8015888277,3.8557122,-0.96697168
33451.8015888752,3.8554761,-0.96716901
33452.8015889227,3.8552792,-0.96637994
33453.8015889702,3.854846,-0.96736621
33454.8015890177,3.8546491,-0.96736621
33455.8015890652,3.8544524,-0.96657721
33456.8015891127,3.8540978,-0.96697168
33457.8015891602,3.8539798,-0.96637994
33458.8015892077,3.8535862,-0.96776074
33459.8015892552,3.8534679,-0.96677448
33460.8015893027,3.8531137,-0.96697168
33461.8015893502,3.8529954,-0.96637994
33462.8015893977,3.8526804,-0.96716901
33463.8015894452,3.8525624,-0.96559094
33464.8015894927,3.8522868,-0.96657721
33465.8015895402,3.8521292,-0.96637994
33466.8015895877,3.8519719,-0.96776074
33467.8015896352,3.8516963,-0.96677448
33468.8015896827,3.851578,-0.96697168
33469.8015897302,3.8513811,-0.96756348
33470.8015897776,3.851263,-0.96598547
33471.8015898251,3.8509874,-0.96697168
33472.8015898726,3.8508298,-0.96716901
33473.8015899201,3.8506331,-0.96637994
33474.8015899676,3.8504362,-0.96736621
33475.8015900151,3.8501999,-0.96657721
33476.8015900626,3.8501213,-0.96716901
33477.8015901101,3.849885,-0.96697168
33478.8015901576,3.8496881,-0.96736621
33479.8015902051,3.8496094,-0.96677448
33480.8015902526,3.8495307,-0.96657721
33481.8015903001,3.8493731,-0.96697168
33482.8015903476,3.8492155,-0.96598547
33483.8015903951,3.8490582,-0.96776074
33484.8015904426,3.8488612,-0.96578815
33485.8015904901,3.8487825,-0.96736621
33486.8015905376,3.8486249,-0.96637994
33487.8015905851,3.848428,-0.96539368
33488.8015906326,3.84831,-0.96697168
33489.8015906801,3.8481131,-0.96677448
33490.8015907276,3.8480344,-0.96736621
33491.8015907751,3.847995,-0.96697168
33492.8015908226,3.8477981,-0.96756348
33493.8015908701,3.8476012,-0.96637994
33494.8015909176,3.8475618,-0.96657721
33495.8015909651,3.8473649,-0.96677448
33496.8015910126,3.8473256,-0.96815521
33497.8015910601,3.8472075,-0.96637994
33498.8015911076,3.8470893,-0.96519647
33499.8015911551,3.8468926,-0.96578815
33500.8015912026,3.8468533,-0.96559094
33501.8015912501,3.846617,-0.96637994
33502.8015912976,3.8465776,-0.96677448
33503.8015913451,3.84642,-0.96578815
33504.8015913926,3.8462625,-0.96697168
33505.8015914401,3.8461051,-0.96697168
33506.8015914876,3.8460658,-0.96677448
33507.8015915351,3.8459868,-0.96756348
33508.8015915826,3.8457112,-0.96637994
33509.80159163,3.8459082,-0.96736621
33510.8015916775,3.8455932,-0.96677448
33511.801591725,3.845475,-0.96716901
33512.8015917725,3.8453963,-0.96716901
33513.80159182,3.8451993,-0.96618268
33514.8015918675,3.8450813,-0.96677448
33515.801591915,3.8450813,-0.96716901
33516.8015919625,3.8450027,-0.96637994
33517.80159201,3.8448451,-0.96756348
33518.8015920575,3.8446088,-0.96618268
33519.801592105,3.8446481,-0.96716901
33520.8015921525,3.8444121,-0.96716901
33521.8015922,3.8444908,-0.96716901
33522.8015922475,3.8443725,-0.96637994
33523.801592295,3.8441365,-0.96677448
33524.8015923425,3.8440969,-0.96776074
33525.80159239,3.8439395,-0.96697168
33526.8015924375,3.8439002,-0.96598547
33527.801592485,3.8437426,-0.96677448
33528.8015925325,3.8436246,-0.96618268
33529.80159258,3.8437033,-0.96677448
33530.8015926275,3.8435457,-0.96657721
33531.801592675,3.8434277,-0.96657721
33532.8015927225,3.8432701,-0.96736621
33533.80159277,3.8432701,-0.96598547
33534.8015928175,3.8431127,-0.96736621
33535.801592865,3.8430734,-0.96657721
33536.8015929125,3.8429158,-0.96578815
33537.80159296,3.8429551,-0.96697168
33538.8015930075,3.8426795,-0.96618268
33539.801593055,3.8427188,-0.96618268
33540.8015931025,3.8425615,-0.96716901
33541.80159315,3.8425615,-0.96578815
33542.8015931975,3.8424039,-0.96756348
33543.801593245,3.8424432,-0.96736621
33544.8015932925,3.8421676,-0.96736621
33545.80159334,3.8420496,-0.96716901
33546.8015933875,3.841892,-0.96716901
33547.801593435,3.841892,-0.96618268
33548.8015934824,3.841774,-0.96677448
33549.8015935299,3.8418133,-0.96697168
33550.8015935774,3.8417346,-0.96697168
33551.8015936249,3.8414984,-0.96776074
33552.8015936724,3.8414984,-0.96677448
33553.8015937199,3.8413801,-0.96618268
33554.8015937674,3.8414195,-0.96578815
33555.8015938149,3.8411834,-0.96736621
33556.8015938624,3.8410652,-0.96578815
33557.8015939099,3.8409865,-0.96598547
33558.8015939574,3.8409078,-0.96657721
33559.8015940049,3.8408682,-0.96697168
33560.8015940524,3.8407109,-0.96697168
33561.8015940999,3.8406715,-0.96677448
33562.8015941474,3.8405533,-0.96697168
33563.8015941949,3.8404746,-0.96736621
33564.8015942424,3.8403959,-0.96697168
33565.8015942899,3.8402383,-0.96618268
33566.8015943374,3.8402777,-0.96657721
33567.8015943849,3.8401597,-0.96697168
33568.8015944324,3.8400021,-0.96657721
33569.8015944799,3.8400021,-0.96618268
33570.8015945274,3.8400414,-0.96716901
33571.8015945749,3.8398447,-0.96598547
33572.8015946224,3.8397264,-0.96776074
33573.8015946699,3.8396478,-0.96637994
33574.8015947174,3.8396084,-0.96795795
33575.8015947649,3.8394115,-0.96598547
33576.8015948124,3.8393722,-0.96677448
33577.8015948599,3.8393328,-0.96657721
33578.8015949074,3.8393328,-0.96578815
33579.8015949549,3.8391359,-0.96637994
33580.8015950024,3.8390965,-0.96677448
33581.8015950499,3.8388996,-0.96716901
33582.8015950974,3.8388996,-0.96657721
33583.8015951449,3.8388996,-0.96677448
33584.8015951924,3.8388209,-0.96716901
33585.8015952399,3.838624,-0.96736621
33586.8015952874,3.838624,-0.96874695
33587.8015953349,3.8384666,-0.96874695
33588.8015953823,3.8383484,-0.96697168
33589.8015954298,3.8382697,-0.96776074
33590.8015954773,3.8382304,-0.96815521
33591.8015955248,3.8381908,-0.96736621
33592.8015955723,3.8380334,-0.96637994
33593.8015956198,3.8379548,-0.96677448
33594.8015956673,3.8378365,-0.96637994
33595.8015957148,3.8377972,-0.96736621
33596.8015957623,3.8377185,-0.96716901
33597.8015958098,3.8377185,-0.96578815
33598.8015958573,3.8375609,-0.96776074
33599.8015959048,3.8375216,-0.96618268
33600.8015959523,3.837364,-0.96559094
33601.8015959998,3.8373246,-0.96559094
33602.8015960473,3.8372853,-0.96637994
33603.8015960948,3.837049,-0.96598547
33604.8015961423,3.836931,-0.96637994
33605.8015961898,3.8370097,-0.96618268
33606.8015962373,3.8367734,-0.96618268
33607.8015962848,3.8368127,-0.96657721
33608.8015963323,3.8366947,-0.96598547
33609.8015963798,3.8366554,-0.96657721
33610.8015964273,3.8365767,-0.96637994
33611.8015964748,3.8365767,-0.96736621
33612.8015965223,3.8365371,-0.96756348
33613.8015965698,3.8363798,-0.96637994
33614.8015966173,3.8362222,-0.96559094
33615.8015966648,3.8361828,-0.96677448
33616.8015967123,3.8361435,-0.96618268
33617.8015967598,3.8359466,-0.96637994
33618.8015968073,3.8359859,-0.96677448
33619.8015968548,3.8359466,-0.96756348
33620.8015969023,3.8357496,-0.96795795
33621.8015969498,3.8356316,-0.96637994
33622.8015969973,3.8357496,-0.96776074
33623.8015970448,3.8356316,-0.96815521
33624.8015970923,3.8355136,-0.96736621
33625.8015971398,3.835356,-0.96618268
33626.8015971873,3.8352773,-0.96657721
33627.8015972347,3.835238,-0.96559094
33628.8015972822,3.8351591,-0.96657721
33629.8015973297,3.8351197,-0.96697168
33630.8015973772,3.8349228,-0.96657721
33631.8015974247,3.8348835,-0.96578815
33632.8015974722,3.8347654,-0.96716901
33633.8015975197,3.8346868,-0.96598547
33634.8015975672,3.8346472,-0.96697168
33635.8015976147,3.8347261,-0.96539368
33636.8015976622,3.8345292,-0.96637994
33637.8015977097,3.8344109,-0.96559094
33638.8015977572,3.8343322,-0.96637994
33639.8015978047,3.8342929,-0.96657721
33640.8015978522,3.8342142,-0.96697168
33641.8015978997,3.8341353,-0.96716901
33642.8015979472,3.8339779,-0.96677448
33643.8015979947,3.8340566,-0.96578815
33644.8015980422,3.8338597,-0.96598547
33645.8015980897,3.8337023,-0.96697168
33646.8015981372,3.8337023,-0.96716901
33647.8015981847,3.8336236,-0.96618268
33648.8015982322,3.833663,-0.96657721
33649.8015982797,3.8335054,-0.96657721
33650.8015983272,3.8334267,-0.96776074
33651.8015983747,3.8332691,-0.96736621
33652.8015984222,3.8333085,-0.96677448
33653.8015984697,3.8331118,-0.96874695
33654.8015985172,3.8331118,-0.96716901
33655.8015985647,3.8330724,-0.96677448
33656.8015986122,3.8329542,-0.96716901
33657.8015986597,3.8328362,-0.96657721
33658.8015987072,3.8327966,-0.96697168
33659.8015987547,3.8326392,-0.96716901
33660.8015988022,3.8325605,-0.96736621
33661.8015988497,3.8325999,-0.96716901
33662.8015988972,3.8323243,-0.96756348
33663.8015989447,3.8324423,-0.96815521
33664.8015989922,3.8323243,-0.96657721
33665.8015990397,3.832088,-0.96697168
33666.8015990871,3.8321667,-0.96677448
33667.8015991346,3.8320487,-0.96756348
33668.8015991821,3.8319304,-0.96657721
33669.8015992296,3.8318124,-0.96618268
33670.8015992771,3.8318517,-0.96835242
33671.8015993246,3.8318911,-0.96618268
33672.8015993721,3.8316941,-0.96637994
33673.8015994196,3.8316154,-0.96776074
33674.8015994671,3.8314185,-0.96697168
33675.8015995146,3.8313792,-0.96618268
33676.8015995621,3.8313398,-0.96815521
33677.8015996096,3.8312612,-0.96756348
33678.8015996571,3.8312218,-0.96815521
33679.8015997046,3.8311036,-0.96677448
33680.8015997521,3.8309462,-0.96618268
33681.8015997996,3.8309855,-0.96637994
33682.8015998471,3.8309066,-0.96874695
33683.8015998946,3.8307886,-0.96776074
33684.8015999421,3.8307099,-0.96716901
33685.8015999896,3.8307493,-0.96618268
33686.8016000371,3.830513,-0.96598547
33687.8016000846,3.8304737,-0.96677448
33688.8016001321,3.830395,-0.96618268
33689.8016001796,3.8303161,-0.96677448
33690.8016002271,3.830395,-0.96657721
33691.8016002746,3.830198,-0.96776074
33692.8016003221,3.8300011,-0.96716901
33693.8016003696,3.8300011,-0.96716901
33694.8016004171,3.8300011,-0.96736621
33695.8016004646,3.8297255,-0.96716901
33696.8016005121,3.8298831,-0.96677448
33697.8016005596,3.8297648,-0.96598547
33698.8016006071,3.8296862,-0.96697168
33699.8016006546,3.8296468,-0.96657721
33700.8016007021,3.8294106,-0.96677448
33701.8016007496,3.8293712,-0.96559094
33702.8016007971,3.8291743,-0.96677448
33703.8016008446,3.8291743,-0.96559094
33704.8016008921,3.8290167,-0.96716901
33705.8016009395,3.8291349,-0.96578815
33706.801600987,3.8290167,-0.96657721
33707.8016010345,3.8288593,-0.96637994
33708.801601082,3.8288593,-0.96657721
33709.8016011295,3.8287411,-0.96736621
33710.801601177,3.8287807,-0.96697168
33711.8016012245,3.8286231,-0.96795795
33712.801601272,3.8285444,-0.96637994
33713.8016013195,3.828505,-0.96598547
33714.801601367,3.8283868,-0.96657721
33715.8016014145,3.8281505,-0.96677448
33716.801601462,3.8281505,-0.96598547
33717.8016015095,3.8281112,-0.96578815
33718.801601557,3.8280718,-0.96716901
33719.8016016045,3.8280718,-0.96598547
33720.801601652,3.8279142,-0.96637994
33721.8016016995,3.8277569,-0.96815521
33722.801601747,3.8277569,-0.96618268
33723.8016017945,3.8275599,-0.96815521
33724.801601842,3.8275599,-0.96874695
33725.8016018895,3.8275206,-0.96637994
33726.801601937,3.8275206,-0.96657721
33727.8016019845,3.8274419,-0.96657721
33728.801602032,3.8272843,-0.96716901
33729.8016020795,3.827245,-0.96697168
33730.801602127,3.8271267,-0.96716901
33731.8016021745,3.8270481,-0.96637994
33732.801602222,3.8269694,-0.96716901
33733.8016022695,3.8268907,-0.96677448
33734.801602317,3.8267725,-0.96716901
33735.8016023645,3.8267725,-0.96618268
33736.801602412,3.8265362,-0.96657721
33737.8016024595,3.8264968,-0.96697168
33738.801602507,3.8263788,-0.96598547
33739.8016025545,3.8264575,-0.96756348
33740.801602602,3.8262999,-0.96697168
33741.8016026495,3.8262606,-0.96598547
33742.801602697,3.8260639,-0.96657721
33743.8016027445,3.8261032,-0.96637994
33744.8016027919,3.8260243,-0.96578815
33745.8016028394,3.8258669,-0.96598547
33746.8016028869,3.8257487,-0.96637994
33747.8016029344,3.8257487,-0.96657721
33748.8016029819,3.8257093,-0.96657721
33749.8016030294,3.8255913,-0.96756348
33750.8016030769,3.8255126,-0.96697168
33751.8016031244,3.8254337,-0.96559094
33752.8016031719,3.8253551,-0.96736621
33753.8016032194,3.8253551,-0.96776074
33754.8016032669,3.8251581,-0.96854974
33755.8016033144,3.8250794,-0.96795795
33756.8016033619,3.8251188,-0.96776074
33757.8016034094,3.8250008,-0.96578815
33758.8016034569,3.8248825,-0.96637994
33759.8016035044,3.8248825,-0.96578815
33760.8016035519,3.8248038,-0.96637994
33761.8016035994,3.8246462,-0.96795795
33762.8016036469,3.8246462,-0.96756348
33763.8016036944,3.8244889,-0.96815521
33764.8016037419,3.8243706,-0.96716901
33765.8016037894,3.8242919,-0.96618268
33766.8016038369,3.8242526,-0.96578815
33767.8016038844,3.8241343,-0.96677448
33768.8016039319,3.824095,-0.96657721
33769.8016039794,3.8240163,-0.96697168
33770.8016040269,3.8238983,-0.96697168
33771.8016040744,3.8237801,-0.96637994
33772.8016041219,3.8237801,-0.96637994
33773.8016041694,3.8236227,-0.96677448
33774.8016042169,3.8237407,-0.96736621
33775.8016042644,3.8234651,-0.96677448
33776.8016043119,3.8233075,-0.96618268
33777.8016043594,3.8233864,-0.96637994
33778.8016044069,3.8233075,-0.96736621
33779.8016044544,3.8231895,-0.96618268
33780.8016045019,3.8231502,-0.96559094
33781.8016045494,3.8230712,-0.96657721
33782.8016045969,3.8229532,-0.96618268
33783.8016046444,3.8228745,-0.96637994
33784.8016046918,3.8228745,-0.96637994
33785.8016047393,3.8227563,-0.96736621
33786.8016047868,3.8226776,-0.96736621
33787.8016048343,3.822717,-0.96756348
33788.8016048818,3.8225989,-0.96637994
33789.8016049293,3.8224807,-0.96637994
33790.8016049768,3.822284,-0.96677448
33791.8016050243,3.8223627,-0.96677448
33792.8016050718,3.8222051,-0.96677448
33793.8016051193,3.8221657,-0.96618268
33794.8016051668,3.8220477,-0.96677448
33795.8016052143,3.8219295,-0.96677448
33796.8016052618,3.8218508,-0.96598547
33797.8016053093,3.8218508,-0.96697168
33798.8016053568,3.8216932,-0.96559094
33799.8016054043,3.8216145,-0.96637994
33800.8016054518,3.8215752,-0.96736621
33801.8016054993,3.8215752,-0.96657721
33802.8016055468,3.8214569,-0.96677448
33803.8016055943,3.8214176,-0.96618268
33804.8016056418,3.8212602,-0.96657721
33805.8016056893,3.821142,-0.96657721
33806.8016057368,3.8211026,-0.96756348
33807.8016057843,3.8209846,-0.96637994
33808.8016058318,3.8209057,-0.96756348
33809.8016058793,3.820827,-0.96578815
33810.8016059268,3.8207877,-0.96618268
33811.8016059743,3.820709,-0.96697168
33812.8016060218,3.8206697,-0.96697168
33813.8016060693,3.8205907,-0.96578815
33814.8016061168,3.8203545,-0.96618268
33815.8016061643,3.8204727,-0.96578815
33816.8016062118,3.8202758,-0.96657721
33817.8016062593,3.8203151,-0.96697168
33818.8016063068,3.8201184,-0.96697168
33819.8016063543,3.8200788,-0.96637994
33820.8016064018,3.8200395,-0.96618268
33821.8016064493,3.8199608,-0.96618268
33822.8016064968,3.8198032,-0.96874695
33823.8016065442,3.8197246,-0.96756348
33824.8016065917,3.8196852,-0.96637994
33825.8016066392,3.819567,-0.96795795
33826.8016066867,3.8194489,-0.96716901
33827.8016067342,3.8194489,-0.96578815
33828.8016067817,3.8192914,-0.96677448
33829.8016068292,3.8192127,-0.96697168
33830.8016068767,3.819252,-0.96716901
33831.8016069242,3.8190553,-0.96697168
33832.8016069717,3.8189764,-0.96657721
33833.8016070192,3.8189371,-0.96578815
33834.8016070667,3.818819,-0.96618268
33835.8016071142,3.8187401,-0.96716901
33836.8016071617,3.8186615,-0.96657721
33837.8016072092,3.8187008,-0.96657721
33838.8016072567,3.8185041,-0.96637994
33839.8016073042,3.8185434,-0.96578815
33840.8016073517,3.8184252,-0.96559094
33841.8016073992,3.8183072,-0.96697168
33842.8016074467,3.8181889,-0.96598547
33843.8016074942,3.8181102,-0.96716901
33844.8016075417,3.8181102,-0.96756348
33845.8016075892,3.8180709,-0.96697168
33846.8016076367,3.8180315,-0.96657721
33847.8016076842,3.8178346,-0.96578815
33848.8016077317,3.8177953,-0.96697168
33849.8016077792,3.817677,-0.96618268
33850.8016078267,3.817559,-0.96559094
33851.8016078742,3.8174803,-0.96618268
33852.8016079217,3.8175197,-0.96657721
33853.8016079692,3.8173227,-0.96697168
33854.8016080167,3.8173227,-0.96578815
33855.8016080642,3.8171654,-0.96677448
33856.8016081117,3.8171654,-0.96618268
33857.8016081592,3.8170471,-0.96637994
33858.8016082067,3.8170471,-0.96677448
33859.8016082542,3.8169684,-0.96697168
33860.8016083017,3.8168502,-0.96716901
33861.8016083492,3.8166928,-0.96776074
33862.8016083966,3.8166142,-0.96697168
33863.8016084441,3.8166142,-0.96756348
33864.8016084916,3.8164959,-0.96697168
33865.8016085391,3.8163779,-0.96657721
33866.8016085866,3.8162203,-0.96677448
33867.8016086341,3.816299,-0.96697168
33868.8016086816,3.8161023,-0.96657721
33869.8016087291,3.8160627,-0.96578815
33870.8016087766,3.815984,-0.96657721
33871.8016088241,3.8158267,-0.96697168
33872.8016088716,3.8157477,-0.96736621
33873.8016089191,3.8156691,-0.96697168
33874.8016089666,3.815551,-0.96578815
33875.8016090141,3.8156297,-0.96598547
33876.8016090616,3.8155115,-0.96578815
33877.8016091091,3.8153934,-0.96657721
33878.8016091566,3.8152359,-0.96637994
33879.8016092041,3.8153934,-0.96637994
33880.8016092516,3.8151178,-0.96578815
33881.8016092991,3.8149998,-0.96618268
33882.8016093466,3.8149602,-0.96716901
33883.8016093941,3.8149209,-0.96657721
33884.8016094416,3.8147635,-0.96559094
33885.8016094891,3.8146846,-0.96598547
33886.8016095366,3.8147242,-0.96637994
33887.8016095841,3.814606,-0.96776074
33888.8016096316,3.814606,-0.96677448
33889.8016096791,3.814409,-0.96697168
33890.8016097266,3.8143303,-0.96637994
33891.8016097741,3.814291,-0.96756348
33892.8016098216,3.814291,-0.96618268
33893.8016098691,3.8140547,-0.96578815
33894.8016099166,3.8139367,-0.96618268
33895.8016099641,3.813976,-0.96756348
33896.8016100116,3.8138578,-0.96697168
33897.8016100591,3.8138185,-0.96756348
33898.8016101066,3.8137398,-0.96736621
33899.8016101541,3.8137004,-0.96756348
33900.8016102016,3.8135428,-0.96637994
33901.801610249,3.8135428,-0.96716901
33902.8016102965,3.8133459,-0.96539368
33903.801610344,3.8132672,-0.96598547
33904.8016103915,3.8131886,-0.96657721
33905.801610439,3.8129916,-0.96657721
33906.8016104865,3.813031,-0.96657721
33907.801610534,3.813031,-0.96637994
33908.8016105815,3.8129523,-0.96637994
33909.801610629,3.8127947,-0.96519647
33910.8016106765,3.812716,-0.96637994
33911.801610724,3.8126373,-0.96697168
33912.8016107715,3.8125587,-0.96736621
33913.801610819,3.8124797,-0.96539368
33914.8016108665,3.8124404,-0.96637994
33915.801610914,3.8122435,-0.96677448
33916.8016109615,3.8122041,-0.96657721
33917.801611009,3.8121648,-0.96677448
33918.8016110565,3.8121254,-0.96637994
33919.801611104,3.8119678,-0.96559094
33920.8016111515,3.8118498,-0.96657721
33921.801611199,3.8118892,-0.96736621
33922.8016112465,3.8118105,-0.96716901
33923.801611294,3.8116529,-0.96716901
33924.8016113415,3.8115742,-0.96637994
33925.801611389,3.8115742,-0.96815521
33926.8016114365,3.811456,-0.96657721
33927.801611484,3.8113773,-0.96637994
33928.8016115315,3.8113773,-0.96697168
33929.801611579,3.8111804,-0.96756348
33930.8016116265,3.8111804,-0.96657721
33931.801611674,3.8110623,-0.96598547
33932.8016117215,3.811023,-0.96894421
33933.801611769,3.8109047,-0.96657721
33934.8016118165,3.8108261,-0.96756348
33935.801611864,3.8106291,-0.96756348
33936.8016119115,3.8105505,-0.96637994
33937.801611959,3.8104718,-0.96519647
33938.8016120065,3.8105898,-0.96776074
33939.801612054,3.8104324,-0.96657721
33940.8016121015,3.8101568,-0.96677448
33941.8016121489,3.8101962,-0.96756348
33942.8016121964,3.8100779,-0.96776074
33943.8016122439,3.8101172,-0.96795795
33944.8016122914,3.8100779,-0.96697168
33945.8016123389,3.8099599,-0.96776074
33946.8016123864,3.8098812,-0.96854974
33947.8016124339,3.8098023,-0.96756348
33948.8016124814,3.809763,-0.96795795
33949.8016125289,3.809566,-0.96736621
33950.8016125764,3.809566,-0.96697168
33951.8016126239,3.80933,-0.96776074
33952.8016126714,3.8092511,-0.96697168
33953.8016127189,3.8092511,-0.96657721
33954.8016127664,3.8091331,-0.96559094
33955.8016128139,3.8090544,-0.96637994
33956.8016128614,3.8090148,-0.96677448
33957.8016129089,3.8089361,-0.96578815
33958.8016129564,3.8089755,-0.96499915
33959.8016130039,3.8088181,-0.96716901
33960.8016130514,3.8086212,-0.96637994
33961.8016130989,3.8085425,-0.96657721
33962.8016131464,3.8086212,-0.96657721
33963.8016131939,3.8084242,-0.96697168
33964.8016132414,3.8083456,-0.96578815
33965.8016132889,3.8082273,-0.96716901
33966.8016133364,3.8081486,-0.96697168
33967.8016133839,3.8079913,-0.96716901
33968.8016134314,3.8079913,-0.96697168
33969.8016134789,3.8078337,-0.96598547
33970.8016135264,3.807873,-0.96598547
33971.8016135739,3.8078337,-0.96578815
33972.8016136214,3.807755,-0.96657721
33973.8016136689,3.8076761,-0.96894421
33974.8016137164,3.8075581,-0.96618268
33975.8016137639,3.8074005,-0.96776074
33976.8016138114,3.8074005,-0.96677448
33977.8016138589,3.8073218,-0.96618268
33978.8016139064,3.8072038,-0.96736621
33979.8016139539,3.8071644,-0.96598547
33980.8016140013,3.8071249,-0.96618268
33981.8016140488,3.8069675,-0.96578815
33982.8016140963,3.8069675,-0.96598547
33983.8016141438,3.8067706,-0.96716901
33984.8016141913,3.8066919,-0.96677448
33985.8016142388,3.806613,-0.96637994
33986.8016142863,3.8065343,-0.96598547
33987.8016143338,3.8064556,-0.96637994
33988.8016143813,3.8063769,-0.96637994
33989.8016144288,3.806298,-0.96677448
33990.8016144763,3.8062587,-0.96736621
33991.8016145238,3.8059831,-0.96677448
33992.8016145713,3.8061013,-0.96657721
33993.8016146188,3.8059831,-0.96776074
33994.8016146663,3.8058257,-0.96914148
33995.8016147138,3.8058257,-0.96736621
33996.8016147613,3.8056681,-0.96578815
33997.8016148088,3.8055894,-0.96657721
33998.8016148563,3.8055894,-0.96716901
33999.8016149038,3.8055501,-0.96756348
34000.8016149513,3.8053925,-0.96677448
34001.8016149988,3.8053532,-0.96578815
34002.8016150463,3.8051562,-0.96697168
34003.8016150938,3.8051562,-0.96618268
34004.8016151413,3.8050776,-0.96677448
34005.8016151888,3.8050382,-0.96559094
34006.8016152363,3.80492,-0.96637994
34007.8016152838,3.8049593,-0.96697168
34008.8016153313,3.804723,-0.96657721
34009.8016153788,3.8045657,-0.96637994
34010.8016154263,3.8045657,-0.96598547
34011.8016154738,3.8044081,-0.96637994
34012.8016155213,3.8044081,-0.96697168
34013.8016155688,3.8043687,-0.96598547
34014.8016156163,3.8042507,-0.96736621
34015.8016156638,3.8040931,-0.96677448
34016.8016157113,3.8040538,-0.96657721
34017.8016157588,3.8040931,-0.96677448
34018.8016158063,3.8038962,-0.96677448
34019.8016158537,3.8038175,-0.96578815
34020.8016159012,3.8037782,-0.96598547
34021.8016159487,3.8037782,-0.96637994
34022.8016159962,3.8035419,-0.96677448
34023.8016160437,3.8035812,-0.96697168
34024.8016160912,3.8035026,-0.96736621
34025.8016161387,3.803345,-0.96736621
34026.8016161862,3.8032663,-0.96677448
34027.8016162337,3.8033056,-0.96677448
34028.8016162812,3.8031087,-0.96776074
34029.8016163287,3.8030694,-0.96795795
34030.8016163762,3.802912,-0.96677448
34031.8016164237,3.8028727,-0.96657721
34032.8016164712,3.8027151,-0.96637994
34033.8016165187,3.802597,-0.96637994
34034.8016165662,3.8025575,-0.96598547
34035.8016166137,3.8024788,-0.96716901
34036.8016166612,3.8024001,-0.96657721
34037.8016167087,3.8022819,-0.96716901
34038.8016167562,3.8022425,-0.96657721
34039.8016168037,3.8021638,-0.96618268
34040.8016168512,3.8021245,-0.96756348
34041.8016168987,3.8020852,-0.96559094
34042.8016169462,3.8018489,-0.96578815
34043.8016169937,3.8018489,-0.96677448
34044.8016170412,3.8017306,-0.96637994
34045.8016170887,3.8016913,-0.96598547
34046.8016171362,3.8014946,-0.96697168
34047.8016171837,3.8015339,-0.96539368
34048.8016172312,3.801337,-0.96499915
34049.8016172787,3.8012977,-0.96776074
34050.8016173262,3.8011401,-0.96618268
34051.8016173737,3.8011007,-0.96697168
34052.8016174212,3.8011007,-0.96618268
34053.8016174687,3.8009038,-0.96618268
34054.8016175162,3.8009038,-0.96795795
34055.8016175637,3.8007464,-0.96716901
34056.8016176112,3.8008645,-0.96578815
34057.8016176587,3.8007071,-0.96657721
34058.8016177061,3.8005102,-0.96657721
34059.8016177536,3.8005888,-0.96657721
34060.8016178011,3.8004708,-0.96697168
34061.8016178486,3.8002739,-0.96657721
34062.8016178961,3.8001163,-0.96716901
34063.8016179436,3.8001163,-0.96539368
34064.8016179911,3.8001163,-0.96657721
34065.8016180386,3.7998803,-0.96657721
34066.8016180861,3.7999196,-0.96578815
34067.8016181336,3.7999196,-0.96618268
34068.8016181811,3.7997227,-0.96637994
34069.8016182286,3.799644,-0.96657721
34070.8016182761,3.7995651,-0.96598547
34071.8016183236,3.7994864,-0.96677448
34072.8016183711,3.7994077,-0.96618268
34073.8016184186,3.7993288,-0.96637994
34074.8016184661,3.7991714,-0.96598547
34075.8016185136,3.7992501,-0.96716901
34076.8016185611,3.7990139,-0.96578815
34077.8016186086,3.7989745,-0.96736621
34078.8016186561,3.7989352,-0.96618268
34079.8016187036,3.7988172,-0.96578815
34080.8016187511,3.7987776,-0.96697168
34081.8016187986,3.7986596,-0.96618268
34082.8016188461,3.798502,-0.96618268
34083.8016188936,3.7984626,-0.96677448
34084.8016189411,3.7984233,-0.96697168
34085.8016189886,3.7983053,-0.96618268
34086.8016190361,3.7982264,-0.96637994
34087.8016190836,3.7982264,-0.96677448
34088.8016191311,3.7981477,-0.96756348
34089.8016191786,3.7980297,-0.96657721
34090.8016192261,3.7979507,-0.96657721
34091.8016192736,3.7977934,-0.96618268
34092.8016193211,3.797754,-0.96578815
34093.8016193686,3.7976751,-0.96657721
34094.8016194161,3.7975571,-0.96657721
34095.8016194636,3.7975178,-0.96637994
34096.8016195111,3.7972815,-0.96657721
34097.8016195586,3.7972815,-0.96736621
34098.801619606,3.7972028,-0.96578815
34099.8016196535,3.7972815,-0.96637994
34100.801619701,3.7970059,-0.96697168
34101.8016197485,3.7970846,-0.96578815
34102.801619796,3.7968876,-0.96578815
34103.8016198435,3.796809,-0.96637994
34104.801619891,3.7966516,-0.96736621
34105.8016199385,3.7966516,-0.96637994
34106.801619986,3.796612,-0.96637994
34107.8016200335,3.7965333,-0.96618268
34108.801620081,3.7964153,-0.96637994
34109.8016201285,3.796376,-0.96697168
34110.801620176,3.7961004,-0.96697168
34111.8016202235,3.7961397,-0.96795795
34112.801620271,3.7960608,-0.96756348
34113.8016203185,3.7959821,-0.96578815
34114.801620366,3.7959821,-0.96835242
34115.8016204135,3.7957065,-0.96716901
34116.801620461,3.7957458,-0.96677448
34117.8016205085,3.7955885,-0.96716901
34118.801620556,3.7954309,-0.96657721
34119.8016206035,3.7954309,-0.96697168
34120.801620651,3.7953522,-0.96637994
34121.8016206985,3.7951946,-0.96618268
34122.801620746,3.7951946,-0.96677448
34123.8016207935,3.7950373,-0.96835242
34124.801620841,3.7950373,-0.96618268
34125.8016208885,3.7949584,-0.96618268
34126.801620936,3.794801,-0.96776074
34127.8016209835,3.794801,-0.96736621
34128.801621031,3.7946827,-0.96618268
34129.8016210785,3.7945647,-0.96756348
34130.801621126,3.794486,-0.96519647
34131.8016211735,3.7945254,-0.96559094
34132.801621221,3.7942498,-0.96716901
34133.8016212685,3.7942498,-0.96736621
34134.801621316,3.7941315,-0.96657721
34135.8016213635,3.7940528,-0.96657721
34136.801621411,3.7939742,-0.96578815
34137.8016214584,3.7939742,-0.96756348
34138.8016215059,3.7938166,-0.96578815
34139.8016215534,3.7937772,-0.96519647
34140.8016216009,3.793541,-0.96618268
34141.8016216484,3.7935016,-0.96736621
34142.8016216959,3.7935016,-0.96697168
34143.8016217434,3.7933834,-0.96736621
34144.8016217909,3.7932653,-0.96657721
34145.8016218384,3.7931867,-0.96637994
34146.8016218859,3.7931077,-0.96697168
34147.8016219334,3.7930684,-0.96598547
34148.8016219809,3.7930684,-0.96618268
34149.8016220284,3.7928321,-0.96835242
34150.8016220759,3.7928321,-0.96637994
34151.8016221234,3.7927535,-0.96697168
34152.8016221709,3.7925172,-0.96716901
34153.8016222184,3.7925565,-0.96677448
34154.8016222659,3.7924778,-0.96519647
34155.8016223134,3.7923598,-0.96716901
34156.8016223609,3.7921629,-0.96716901
34157.8016224084,3.7922022,-0.96618268
34158.8016224559,3.7921236,-0.96697168
34159.8016225034,3.7919266,-0.96736621
34160.8016225509,3.7920053,-0.96677448
34161.8016225984,3.7918873,-0.96637994
34162.8016226459,3.7918479,-0.96677448
34163.8016226934,3.791651,-0.96578815
34164.8016227409,3.791533,-0.96637994
34165.8016227884,3.7914934,-0.96618268
34166.8016228359,3.7914934,-0.96618268
34167.8016228834,3.7913361,-0.96578815
34168.8016229309,3.7911785,-0.96559094
34169.8016229784,3.7912178,-0.96618268
34170.8016230259,3.7910211,-0.96736621
34171.8016230734,3.7909818,-0.96854974
34172.8016231209,3.7909422,-0.96637994
34173.8016231684,3.7908635,-0.96637994
34174.8016232159,3.7906666,-0.96697168
34175.8016232634,3.7905879,-0.96677448
34176.8016233108,3.7905486,-0.96618268
34177.8016233583,3.7905092,-0.96716901
34178.8016234058,3.790391,-0.96697168
34179.8016234533,3.790391,-0.96736621
34180.8016235008,3.7901943,-0.96736621
34181.8016235483,3.7901549,-0.96637994
34182.8016235958,3.790076,-0.96578815
34183.8016236433,3.789958,-0.96637994
34184.8016236908,3.7898791,-0.96677448
34185.8016237383,3.7898004,-0.96697168
34186.8016237858,3.7896824,-0.96618268
34187.8016238333,3.7896035,-0.96677448
34188.8016238808,3.7895641,-0.96756348
34189.8016239283,3.7892885,-0.96677448
34190.8016239758,3.7893674,-0.96618268
34191.8016240233,3.7892492,-0.96657721
34192.8016240708,3.7891705,-0.96598547
34193.8016241183,3.7890918,-0.96677448
34194.8016241658,3.7890129,-0.96499915
34195.8016242133,3.7890129,-0.96637994
34196.8016242608,3.7888556,-0.96598547
34197.8016243083,3.7887766,-0.96618268
34198.8016243558,3.7887373,-0.96756348
34199.8016244033,3.7886193,-0.96598547
34200.8016244508,3.7884223,-0.96677448
34201.8016244983,3.788383,-0.96637994
34202.8016245458,3.7883043,-0.96637994
34203.8016245933,3.7882254,-0.96637994
34204.8016246408,3.7881861,-0.96716901
34205.8016246883,3.7881074,-0.96756348
34206.8016247358,3.7879105,-0.96578815
34207.8016247833,3.7879498,-0.96697168
34208.8016248308,3.7879105,-0.96657721
34209.8016248783,3.7877135,-0.96539368
34210.8016249258,3.7875562,-0.96618268
34211.8016249733,3.7875562,-0.96559094
34212.8016250208,3.7874379,-0.96657721
34213.8016250683,3.7873199,-0.96677448
34214.8016251158,3.7872806,-0.96736621
34215.8016251632,3.7871623,-0.96618268
34216.8016252107,3.787123,-0.96618268
34217.8016252582,3.7870049,-0.96637994
34218.8016253057,3.7869263,-0.96677448
34219.8016253532,3.7868474,-0.96756348
34220.8016254007,3.7867687,-0.96559094
34221.8016254482,3.7866111,-0.96697168
34222.8016254957,3.7866111,-0.96618268
34223.8016255432,3.7865717,-0.96657721
34224.8016255907,3.7864537,-0.96618268
34225.8016256382,3.7862961,-0.96756348
34226.8016256857,3.7861781,-0.96697168
34227.8016257332,3.7861388,-0.96677448
34228.8016257807,3.7860992,-0.96677448
34229.8016258282,3.7859025,-0.96578815
34230.8016258757,3.7859025,-0.96815521
34231.8016259232,3.7858236,-0.96716901
34232.8016259707,3.7856662,-0.96776074
34233.8016260182,3.7856269,-0.96578815
34234.8016260657,3.785548,-0.96716901
34235.8016261132,3.7855086,-0.96598547
34236.8016261607,3.7853513,-0.96716901
34237.8016262082,3.7853119,-0.96677448
34238.8016262557,3.7851937,-0.96598547
34239.8016263032,3.7851543,-0.96519647
34240.8016263507,3.7850757,-0.96795795
34241.8016263982,3.7850363,-0.96499915
34242.8016264457,3.7847607,-0.96598547
34243.8016264932,3.7847607,-0.96854974
34244.8016265407,3.7845638,-0.96716901
34245.8016265882,3.7845638,-0.96716901
34246.8016266357,3.7844455,-0.96637994
34247.8016266832,3.7844062,-0.96716901
34248.8016267307,3.7842488,-0.96618268
34249.8016267782,3.7842488,-0.96657721
34250.8016268257,3.7840519,-0.96756348
34251.8016268732,3.7840912,-0.96776074
34252.8016269207,3.7838943,-0.96776074
34253.8016269682,3.7839336,-0.96637994
34254.8016270157,3.783855,-0.96795795
34255.8016270631,3.7836976,-0.96697168
34256.8016271106,3.7835793,-0.96835242
34257.8016271581,3.7834613,-0.96578815
34258.8016272056,3.7834613,-0.96736621
34259.8016272531,3.7832644,-0.96618268
34260.8016273006,3.7833037,-0.96578815
34261.8016273481,3.7830675,-0.96657721
34262.8016273956,3.7831464,-0.96697168
34263.8016274431,3.7829888,-0.96578815
34264.8016274906,3.7829494,-0.96756348
34265.8016275381,3.7829494,-0.96716901
34266.8016275856,3.7827525,-0.96716901
34267.8016276331,3.7825162,-0.96637994
34268.8016276806,3.7826738,-0.96736621
34269.8016277281,3.7825556,-0.96697168
34270.8016277756,3.7823589,-0.96578815
34271.8016278231,3.7823982,-0.96795795
34272.8016278706,3.782162,-0.96559094
34273.8016279181,3.7822406,-0.96578815
34274.8016279656,3.7820044,-0.96677448
34275.8016280131,3.781965,-0.96716901
34276.8016280606,3.7819257,-0.96618268
34277.8016281081,3.7817287,-0.96736621
34278.8016281556,3.7816894,-0.96578815
34279.8016282031,3.7816107,-0.96578815
34280.8016282506,3.7815714,-0.96677448
34281.8016282981,3.7814138,-0.96716901
34282.8016283456,3.7813745,-0.96697168
34283.8016283931,3.7812958,-0.96559094
34284.8016284406,3.7811382,-0.96637994
34285.8016284881,3.7810595,-0.96559094
34286.8016285356,3.7809808,-0.96736621
34287.8016285831,3.7808626,-0.96815521
34288.8016286306,3.7808232,-0.96677448
34289.8016286781,3.7807446,-0.96598547
34290.8016287256,3.780587,-0.96637994
34291.8016287731,3.7805476,-0.96618268
34292.8016288206,3.7804294,-0.96736621
34293.8016288681,3.78039,-0.96815521
34294.8016289155,3.7803507,-0.96677448
34295.801628963,3.780272,-0.96716901
34296.8016290105,3.7800751,-0.96677448
34297.801629058,3.7800751,-0.96677448
34298.8016291055,3.7800357,-0.96657721
34299.801629153,3.7797995,-0.96716901
34300.8016292005,3.7797208,-0.96559094
34301.801629248,3.7797601,-0.96716901
34302.8016292955,3.7795238,-0.96697168
34303.801629343,3.7794058,-0.96559094
34304.8016293905,3.7792482,-0.96716901
34305.801629438,3.7792876,-0.96598547
34306.8016294855,3.7791302,-0.96657721
34307.801629533,3.7790513,-0.96657721
34308.8016295805,3.7790513,-0.96697168
34309.801629628,3.7788546,-0.96677448
34310.8016296755,3.7787757,-0.96657721
34311.801629723,3.7787757,-0.96598547
34312.8016297705,3.778697,-0.96598547
34313.801629818,3.778579,-0.96657721
34314.8016298655,3.7784607,-0.96756348
34315.801629913,3.7784214,-0.96697168
34316.8016299605,3.7783427,-0.96559094
34317.801630008,3.7782245,-0.96637994
34318.8016300555,3.7781458,-0.96657721
34319.801630103,3.7779882,-0.96677448
34320.8016301505,3.7779882,-0.96677448
34321.801630198,3.7778702,-0.96559094
34322.8016302455,3.7779095,-0.96598547
34323.801630293,3.7776732,-0.96716901
34324.8016303405,3.7776732,-0.96637994
34325.801630388,3.7775552,-0.96637994
34326.8016304355,3.7774765,-0.96736621
34327.801630483,3.7773583,-0.96657721
34328.8016305305,3.7772009,-0.96736621
34329.801630578,3.7772796,-0.96677448
34330.8016306255,3.777122,-0.96776074
34331.801630673,3.777004,-0.96657721
34332.8016307205,3.7768464,-0.96559094
34333.8016307679,3.7768071,-0.96736621
34334.8016308154,3.7766495,-0.96578815
34335.8016308629,3.7766101,-0.96736621
34336.8016309104,3.7766495,-0.96637994
34337.8016309579,3.7764134,-0.96598547
34338.8016310054,3.7764134,-0.96618268
34339.8016310529,3.7762558,-0.96716901
34340.8016311004,3.7761772,-0.96697168
34341.8016311479,3.7762165,-0.96657721
34342.8016311954,3.7760196,-0.96736621
34343.8016312429,3.7759016,-0.96677448
34344.8016312904,3.7757046,-0.96637994
34345.8016313379,3.7757833,-0.96677448
34346.8016313854,3.7757046,-0.96716901
34347.8016314329,3.775547,-0.96618268
34348.8016314804,3.7754683,-0.96618268
34349.8016315279,3.7753897,-0.96598547
34350.8016315754,3.7752714,-0.96598547
34351.8016316229,3.7752321,-0.96598547
34352.8016316704,3.7751534,-0.96697168
34353.8016317179,3.7750351,-0.96716901
34354.8016317654,3.7749171,-0.96677448
34355.8016318129,3.7748384,-0.96637994
34356.8016318604,3.7747202,-0.96736621
34357.8016319079,3.7746415,-0.96815521
34358.8016319554,3.7745235,-0.96756348
34359.8016320029,3.7744052,-0.96716901
34360.8016320504,3.7744052,-0.96637994
34361.8016320979,3.7743266,-0.96598547
34362.8016321454,3.7742479,-0.96776074
34363.8016321929,3.7740903,-0.96499915
34364.8016322404,3.774169,-0.96637994
34365.8016322879,3.773854,-0.96618268
34366.8016323354,3.773736,-0.96598547
34367.8016323829,3.7737753,-0.96657721
34368.8016324304,3.7737753,-0.96716901
34369.8016324779,3.7735784,-0.96697168
34370.8016325254,3.7734997,-0.96736621
34371.8016325729,3.7734208,-0.96637994
34372.8016326203,3.7733421,-0.96618268
34373.8016326678,3.7733028,-0.96697168
34374.8016327153,3.7730665,-0.96637994
34375.8016327628,3.7729485,-0.96756348
34376.8016328103,3.7729878,-0.96559094
34377.8016328578,3.7729092,-0.96677448
34378.8016329053,3.7727909,-0.96657721
34379.8016329528,3.7727122,-0.96697168
34380.8016330003,3.772594,-0.96637994
34381.8016330478,3.7725153,-0.96677448
34382.8016330953,3.7724366,-0.96657721
34383.8016331428,3.7723579,-0.96677448
34384.8016331903,3.7722397,-0.96716901
34385.8016332378,3.7721217,-0.96578815
34386.8016332853,3.7721217,-0.96598547
34387.8016333328,3.7720034,-0.96677448
34388.8016333803,3.7718854,-0.96716901
34389.8016334278,3.7718854,-0.96756348
34390.8016334753,3.7717671,-0.96657721
34391.8016335228,3.7716098,-0.96736621
34392.8016335703,3.7714522,-0.96637994
34393.8016336178,3.7714522,-0.96795795
34394.8016336653,3.7713735,-0.96776074
34395.8016337128,3.7712948,-0.96598547
34396.8016337603,3.7711766,-0.96736621
34397.8016338078,3.7710192,-0.96618268
34398.8016338553,3.7709796,-0.96637994
34399.8016339028,3.770901,-0.96618268
34400.8016339503,3.7707436,-0.96598547
34401.8016339978,3.7707436,-0.96756348
34402.8016340453,3.770704,-0.96657721
34403.8016340928,3.770586,-0.96815521
34404.8016341403,3.770468,-0.96637994
34405.8016341878,3.7703891,-0.96657721
34406.8016342353,3.7702711,-0.96559094
34407.8016342828,3.7703497,-0.96756348
34408.8016343303,3.7700741,-0.96815521
34409.8016343778,3.7699561,-0.96795795
34410.8016344253,3.7699561,-0.96815521
34411.8016344727,3.7699168,-0.96835242
34412.8016345202,3.7696409,-0.96677448
34413.8016345677,3.7696016,-0.96716901
34414.8016346152,3.7695229,-0.96657721
34415.8016346627,3.7694442,-0.96677448
34416.8016347102,3.7693653,-0.96697168
34417.8016347577,3.7692473,-0.96598547
34418.8016348052,3.7691686,-0.96559094
34419.8016348527,3.7691293,-0.96736621
34420.8016349002,3.7689323,-0.96578815
34421.8016349477,3.768893,-0.96677448
34422.8016349952,3.7687354,-0.96657721
34423.8016350427,3.7686961,-0.96677448
34424.8016350902,3.7686961,-0.96618268
34425.8016351377,3.7686567,-0.96637994
34426.8016351852,3.7684598,-0.96716901
34427.8016352327,3.7684205,-0.96716901
34428.8016352802,3.7681842,-0.96795795
34429.8016353277,3.7681842,-0.96618268
34430.8016353752,3.7680662,-0.96598547
34431.8016354227,3.7679873,-0.96677448
34432.8016354702,3.7679479,-0.96637994
34433.8016355177,3.767751,-0.96637994
34434.8016355652,3.7678299,-0.96697168
34435.8016356127,3.7675543,-0.96697168
34436.8016356602,3.7674754,-0.96637994
34437.8016357077,3.7675936,-0.96637994
34438.8016357552,3.7672393,-0.96598547
34439.8016358027,3.7672787,-0.96618268
34440.8016358502,3.7671998,-0.96657721
34441.8016358977,3.7670031,-0.96618268
34442.8016359452,3.7670031,-0.96795795
34443.8016359927,3.7668848,-0.96578815
34444.8016360402,3.7668848,-0.96756348
34445.8016360877,3.7668455,-0.96716901
34446.8016361352,3.7666881,-0.96637994
34447.8016361827,3.7664912,-0.96736621
34448.8016362302,3.7665305,-0.96598547
34449.8016362777,3.7663729,-0.96559094
34450.8016363252,3.7662942,-0.96736621
34451.8016363726,3.7661369,-0.96559094
34452.8016364201,3.766058,-0.96756348
34453.8016364676,3.7659793,-0.96578815
34454.8016365151,3.7660186,-0.96637994
34455.8016365626,3.76594,-0.96657721
34456.8016366101,3.7656643,-0.96618268
34457.8016366576,3.7657037,-0.96578815
34458.8016367051,3.7654674,-0.96618268
34459.8016367526,3.7653887,-0.96637994
34460.8016368001,3.7653887,-0.96677448
34461.8016368476,3.7653098,-0.96637994
34462.8016368951,3.7651525,-0.96598547
34463.8016369426,3.7651131,-0.96598547
34464.8016369901,3.7649555,-0.96657721
34465.8016370376,3.7647586,-0.96618268
34466.8016370851,3.7647982,-0.96578815
34467.8016371326,3.7646799,-0.96578815
34468.8016371801,3.7646406,-0.96618268
34469.8016372276,3.7645226,-0.96637994
34470.8016372751,3.7643256,-0.96578815
34471.8016373226,3.7642863,-0.96736621
34472.8016373701,3.7642469,-0.96637994
34473.8016374176,3.7641287,-0.96697168
34474.8016374651,3.7640893,-0.96618268
34475.8016375126,3.7640893,-0.96578815
34476.8016375601,3.7638531,-0.96736621
34477.8016376076,3.7637744,-0.96716901
34478.8016376551,3.7638137,-0.96578815
34479.8016377026,3.7635381,-0.96677448
34480.8016377501,3.7636168,-0.96657721
34481.8016377976,3.7633412,-0.96677448
34482.8016378451,3.7633018,-0.96637994
34483.8016378926,3.7631838,-0.96657721
34484.8016379401,3.7631443,-0.96776074
34485.8016379876,3.7630262,-0.96716901
34486.8016380351,3.7629082,-0.96618268
34487.8016380826,3.7627113,-0.96578815
34488.8016381301,3.7627113,-0.96677448
34489.8016381776,3.7627113,-0.96559094
34490.801638225,3.762593,-0.96776074
34491.8016382725,3.7625537,-0.96559094
34492.80163832,3.7623963,-0.96756348
34493.8016383675,3.7623963,-0.96637994
34494.801638415,3.7621601,-0.96697168
34495.8016384625,3.7621994,-0.96697168
34496.80163851,3.7620418,-0.96677448
34497.8016385575,3.7618451,-0.96637994
34498.801638605,3.7618845,-0.96657721
34499.8016386525,3.7618055,-0.96697168
34500.8016387,3.7616482,-0.96578815
34501.8016387475,3.7616088,-0.96618268
34502.801638795,3.7614119,-0.96736621
34503.8016388425,3.7612939,-0.96716901
34504.80163889,3.7613332,-0.96637994
34505.8016389375,3.7612543,-0.96598547
34506.801638985,3.7610183,-0.96697168
34507.8016390325,3.7610576,-0.96716901
34508.80163908,3.7608607,-0.96618268
34508.8116390805,3.7609,-0.96657721
34508.8136390806,3.7609,-0.96618268
34508.8576390827,3.7849574,0
34568.8576419325,3.8025575,0
34628.8576447824,3.8075974,0
34688.8576476322,3.8104324,0
34748.8576504821,3.8122435,0
34808.8576533319,3.8132279,0
34868.8576561817,3.8141727,0
34928.8576590316,3.8147242,0
34988.8576618814,3.8150392,0
35048.8576647313,3.8154328,0
35108.8576675811,3.8155904,0
35168.857670431,3.8158267,0
35228.8576732808,3.815984,0
35288.8576761307,3.8161809,0
35348.8576789805,3.8162596,0
35408.8576818304,3.8164172,0
35468.8576846802,3.8165352,0
35528.8576875301,3.8165352,0
35588.8576903799,3.8167715,0
35648.8576932298,3.8167715,0
35708.8576960796,3.8168108,0
35768.8576989295,3.8168898,0
35828.8577017793,3.8168898,0
35888.8577046291,3.8168898,0
35948.857707479,3.8170078,0
36008.8577103288,3.8171654,0
36068.8577131787,3.8170471,0
36128.8577160285,3.8171258,0
36188.8577188784,3.8170865,0
36248.8577217282,3.8171258,0
36308.8577245781,3.8172441,0
36368.8577274279,3.8172047,0
36428.8577302778,3.8172047,0
36488.8577331276,3.8171258,0
36548.8577359775,3.8172441,0
36608.8577388273,3.8172441,0
36668.8577416772,3.8172441,0
36728.857744527,3.8173227,0
36788.8577473769,3.8173621,0
36848.8577502267,3.8173227,0
36908.8577530765,3.8173621,0
36968.8577559264,3.8172834,0
37028.8577587762,3.8173621,0
37088.8577616261,3.8174014,0
37148.8577644759,3.8173227,0
37208.8577673258,3.8174014,0
37268.8577701756,3.8174803,0
37328.8577730255,3.817559,0
37388.8577758753,3.8175197,0
37448.8577787252,3.817441,0
37508.857781575,3.8176377,0
37568.8577844249,3.8174803,0
37628.8577872747,3.8175983,0
37688.8577901246,3.817441,0
37748.8577929744,3.817441,0
37808.8577958243,3.817677,0
37868.8577986741,3.817559,0
37928.8578015239,3.8176377,0
37988.8578043738,3.8175983,0
38048.8578072236,3.817559,0
38108.8958100753,3.817559,0
38108.8978100754,3.6486452,-6.4342549
38108.9978100801,3.6384869,-6.5149316
38109.0978100849,3.6356518,-6.5269639
38109.1978100896,3.6340375,-6.5257808
38109.2978100944,3.6326594,-6.5196655
38109.3978100991,3.6311631,-6.5271611
38109.4978101039,3.6301789,-6.5242026
38109.5978101086,3.6291158,-6.5234131
38109.6978101134,3.6281707,-6.5216382
38109.7978101181,3.6271472,-6.5257808
38109.8978101229,3.6262414,-6.5242026
38109.9978101276,3.6253753,-6.5255835
38110.0978101324,3.6246665,-6.5232158
38110.1978101371,3.6236429,-6.5275557
38110.2978101419,3.6230521,-6.5249917
38110.3978101466,3.6223042,-6.5259775
38110.4978101514,3.6216741,-6.5247944
38110.5978101561,3.6208079,-6.5243999
38110.6978101609,3.6202173,-6.5247944
38110.7978101656,3.6196268,-6.5234131
38110.8978101704,3.6189966,-6.5261748
38110.9978101751,3.618288,-6.5247944
38111.0978101799,3.6176975,-6.5245972
38111.1978101846,3.6171067,-6.5247944
38111.2978101894,3.6165161,-6.5259775
38111.3978101941,3.6158862,-6.5234131
38111.4978101989,3.6154137,-6.5234131
38111.5978102036,3.6147444,-6.5245972
38111.6978102084,3.6142719,-6.5253862
38111.7978102131,3.6136813,-6.5265693
38111.8978102179,3.6131301,-6.5242026
38111.9978102226,3.6127362,-6.5247944
38112.0978102274,3.6121063,-6.5238081
38112.1978102321,3.6117125,-6.5243999
38112.2978102369,3.6111612,-6.5234131
38112.3978102416,3.6105707,-6.525189
38112.4978102464,3.6102557,-6.5242026
38112.5978102511,3.6097832,-6.5236108
38112.6978102559,3.6091533,-6.5238081
38112.7978102606,3.6088383,-6.5214409
38112.8978102654,3.6083264,-6.5255835
38112.9978102701,3.6078146,-6.525189
38113.0978102749,3.6074207,-6.5259775
38113.1978102796,3.6068301,-6.5253862
38113.2978102844,3.6064758,-6.5245972
38113.3978102891,3.6060426,-6.5249917
38113.4978102939,3.6056097,-6.5240054
38113.5978102986,3.6051371,-6.5267666
38113.6978103034,3.6048615,-6.5263721
38113.7978103081,3.6043103,-6.525189
38113.8978103129,3.6038771,-6.5245972
38113.9978103176,3.6036408,-6.5226245
38114.0978103224,3.6032078,-6.5247944
38114.1978103271,3.6026566,-6.525189
38114.2978103319,3.602381,-6.5226245
38114.3978103366,3.6019084,-6.5247944
38114.4978103414,3.6013572,-6.5283452
38114.5978103461,3.6011209,-6.5243999
38114.6978103509,3.6007273,-6.5255835
38114.7978103556,3.6005304,-6.5212437
38114.8978103604,3.6001365,-6.5216382
38114.9978103651,3.5997036,-6.5249917
38115.0978103699,3.5993493,-6.5232158
38115.1978103746,3.5988767,-6.5249917
38115.2978103794,3.5986798,-6.5242026
38115.3978103841,3.5982072,-6.5261748
38115.4978103889,3.5978529,-6.5267666
38115.5978103936,3.5975773,-6.5232158
38115.6978103984,3.5973411,-6.5277529
38115.7978104031,3.5967112,-6.5309092
38115.8978104079,3.5965929,-6.5259775
38115.9978104126,3.5961993,-6.5259775
38116.0978104174,3.5957267,-6.5257808
38116.1978104221,3.5954118,-6.5255835
38116.2978104269,3.5950575,-6.5283452
38116.3978104316,3.5949392,-6.5169038
38116.4978104364,3.594703,-6.5198628
38116.5978104411,3.5940337,-6.5316982
38116.6978104459,3.5938761,-6.5232158
38116.7978104506,3.5934432,-6.5285425
38116.8978104554,3.5932069,-6.5249917
38116.9978104601,3.5929706,-6.5234131
38117.0978104649,3.5925374,-6.5267666
38117.1978104696,3.59238,-6.5242026
38117.2978104744,3.5920651,-6.5249917
38117.3978104791,3.5919468,-6.5218354
38117.4978104839,3.5914743,-6.5255835
38117.5978104886,3.5911593,-6.5226245
38117.6978104934,3.5908051,-6.5253862
38117.7978104981,3.5905688,-6.5236108
38117.8978105029,3.5904508,-6.5220327
38117.9978105076,3.5897026,-6.5295283
38118.0978105124,3.5897813,-6.5226245
38118.1978105171,3.5893481,-6.5257808
38118.2978105219,3.5889938,-6.5279502
38118.3978105266,3.5888364,-6.5275557
38118.4978105314,3.5886002,-6.5202573
38118.5978105361,3.5880096,-6.5322896
38118.6978105409,3.58797,-6.5279502
38118.7978105456,3.5878913,-6.5214409
38118.8978105504,3.5874581,-6.5184824
38118.9978105551,3.5870252,-6.5297256
38119.0978105599,3.5869069,-6.5206519
38119.1978105646,3.5867102,-6.5208491
38119.2978105694,3.5865133,-6.5226245
38119.3978105741,3.5862377,-6.5196655
38119.4978105789,3.5857651,-6.5301201
38119.5978105836,3.5855682,-6.5265693
38119.6978105884,3.5850959,-6.5334731
38119.7978105931,3.5850565,-6.525189
38119.8978105979,3.5848989,-6.5257808
38119.9978106026,3.5845447,-6.5259775
38120.0978106074,3.5846233,-6.5208491
38120.1978106121,3.5843477,-6.5230186
38120.2978106169,3.5835209,-6.5386016
38120.3978106216,3.5834422,-6.5305146
38120.4978106264,3.5829303,-6.5516206
38120.5978106311,3.583009,-6.5277529
38120.6978106359,3.5826154,-6.5401802
38120.7978106406,3.5822608,-6.5330786
38120.8978106454,3.5808828,-6.5324868
38120.9978106501,3.5819066,-6.5208491
38121.0978106549,3.5815523,-6.5360376
38121.1978106596,3.5821035,-6.5125645
38121.2978106644,3.5812371,-6.5265693
38121.3978106691,3.5818279,-6.5092114
38121.4978106739,3.5808434,-6.5423496
38121.5978106786,3.5803316,-6.5362349
38121.6978106834,3.5796227,-6.5535938
38121.7978106881,3.5803709,-6.5224272
38121.8978106929,3.5799773,-6.5242026
38121.9978106976,3.5794654,-6.531501
38122.0978107024,3.5792685,-6.5303174
38122.1978107071,3.579859,-6.5117754
38122.2978107119,3.5796227,-6.5135503
38122.3978107166,3.5788355,-6.5273584
38122.4978107214,3.5790322,-6.5105918
38122.5978107261,3.578166,-6.5295283
38122.6978107309,3.578166,-6.5313037
38122.7978107356,3.5785203,-6.5088169
38122.8978107404,3.5776541,-6.5334731
38122.9978107451,3.5776541,-6.5204546
38123.0978107499,3.5773392,-6.5311064
38123.1978107546,3.5769455,-6.5435337
38123.2978107594,3.573205,-6.6725376
38123.3978107641,3.576906,-6.5247944
38123.4978107688,3.5766304,-6.5287397
38123.5978107736,3.5767486,-6.5186797
38123.6978107783,3.576473,-6.5180874
38123.7978107831,3.5757248,-6.5528042
38123.8978107878,3.5760791,-6.5178901
38123.9978107926,3.5721025,-6.7033091
38124.0978107973,3.5773392,-6.4561499
38124.1978108021,3.5756855,-6.5009263
38124.2978108068,3.5756462,-6.5068442
38124.3978108116,3.5751736,-6.5125645
38124.4978108163,3.5722206,-6.5766719
38124.5978108211,3.5745041,-6.5230186
38124.6978108258,3.5744648,-6.5198628
38124.7978108306,3.5745437,-6.5092114
38124.8978108353,3.5734806,-6.537813
38124.9978108401,3.5740318,-6.5186797
38125.0978108448,3.5734806,-6.5230186
38125.1978108496,3.5733624,-6.5247944
38125.2978108543,3.573323,-6.525189
38125.3978108591,3.5732443,-6.5253862
38125.4978108638,3.5730081,-6.525189
38125.5978108686,3.5728898,-6.5255835
38125.6978108733,3.5726538,-6.5257808
38125.7978108781,3.5725749,-6.525189
38125.8978108828,3.5723782,-6.5259775
38125.9978108876,3.5722992,-6.5247944
38126.0978108923,3.5719056,-6.5240054
38126.1978108971,3.5719056,-6.5263721
38126.2978109018,3.5716693,-6.5240054
38126.3978109066,3.5714724,-6.5245972
38126.4978109113,3.5712757,-6.5238081
38126.5978109161,3.5712757,-6.5259775
38126.6978109208,3.5709999,-6.5259775
38126.7978109256,3.5709212,-6.5243999
38126.8978109303,3.5706456,-6.5257808
38126.9978109351,3.5705669,-6.5245972
38127.0978109398,3.5703306,-6.5242026
38127.1978109446,3.570173,-6.5243999
38127.2978109493,3.5701337,-6.5247944
38127.3978109541,3.5698581,-6.5249917
38127.4978109588,3.5697794,-6.525189
38127.5978109636,3.5695431,-6.5236108
38127.6978109683,3.5694251,-6.5249917
38127.7978109731,3.5691495,-6.5245972
38127.8978109778,3.5689526,-6.5243999
38127.9978109826,3.568795,-6.5249917
38128.0978109873,3.5687163,-6.5245972
38128.1978109921,3.5686376,-6.5257808
38128.2978109968,3.5684407,-6.5236108
38128.3978110016,3.5682437,-6.5240054
38128.4978110063,3.5681257,-6.5240054
38128.5978110111,3.5679681,-6.5249917
38128.6978110158,3.5677319,-6.5247944
38128.7978110206,3.5676925,-6.5243999
38128.8978110253,3.5674562,-6.5253862
38128.9978110301,3.5672596,-6.525189
38129.0978110348,3.567102,-6.5240054
38129.1978110396,3.5670233,-6.5249917
38129.2978110443,3.5668657,-6.5263721
38129.3978110491,3.5667083,-6.5245972
38129.4978110538,3.5665507,-6.5238081
38129.5978110586,3.5663931,-6.5236108
38129.6978110633,3.5662358,-6.5253862
38129.7978110681,3.5661571,-6.5245972
38129.8978110728,3.5659602,-6.5240054
38129.9978110776,3.5657632,-6.525189
38130.0978110823,3.5656452,-6.5240054
38130.1978110871,3.565527,-6.5242026
38130.2978110918,3.5653696,-6.5249917
38130.3978110966,3.5652907,-6.5245972
38130.4978111013,3.5650544,-6.5255835
38130.5978111061,3.5648971,-6.5240054
38130.6978111108,3.5647001,-6.525189
38130.7978111156,3.5646214,-6.5232158
38130.8978111203,3.5645032,-6.5249917
38130.9978111251,3.5644245,-6.5240054
38131.0978111298,3.5643065,-6.5249917
38131.1978111346,3.563952,-6.5247944
38131.2978111393,3.5639126,-6.5255835
38131.3978111441,3.5638733,-6.525189
38131.4978111488,3.563637,-6.5247944
38131.5978111536,3.5634797,-6.5253862
38131.6978111583,3.5632434,-6.5247944
38131.7978111631,3.5630858,-6.5257808
38131.8978111678,3.5630858,-6.5243999
38131.9978111726,3.5628889,-6.5249917
38132.0978111773,3.5627708,-6.5257808
38132.1978111821,3.5626922,-6.5247944
38132.2978111868,3.5624559,-6.5243999
38132.3978111916,3.5623376,-6.5247944
38132.4978111963,3.5622196,-6.525189
38132.5978112011,3.562062,-6.5247944
38132.6978112058,3.5619047,-6.5249917
38132.7978112106,3.5617077,-6.5242026
38132.8978112153,3.5616291,-6.525189
38132.9978112201,3.5615501,-6.5242026
38133.0978112248,3.5613534,-6.5247944
38133.1978112296,3.5611959,-6.5249917
38133.2978112343,3.5611565,-6.5245972
38133.3978112391,3.5609989,-6.5253862
38133.4978112438,3.5608416,-6.5247944
38133.5978112486,3.5606446,-6.5236108
38133.6978112533,3.5605659,-6.5247944
38133.7978112581,3.5604084,-6.5261748
38133.8978112628,3.560369,-6.525189
38133.9978112676,3.5601721,-6.5255835
38134.0978112723,3.5601721,-6.5243999
38134.1978112771,3.5599754,-6.5245972
38134.2978112818,3.5598178,-6.5249917
38134.3978112866,3.5597391,-6.5249917
38134.4978112913,3.5596602,-6.5240054
38134.5978112961,3.5595028,-6.5247944
38134.6978113008,3.5592272,-6.5242026
38134.7978113056,3.5592272,-6.5247944
38134.8978113103,3.5590303,-6.5243999
38134.9978113151,3.5589123,-6.5245972
38135.0978113198,3.558794,-6.5238081
38135.1978113246,3.5585577,-6.5247944
38135.2978113293,3.5585184,-6.5253862
38135.3978113341,3.5583611,-6.525189
38135.4978113388,3.5584004,-6.5240054
38135.5978113436,3.5581248,-6.5247944
38135.6978113483,3.5580854,-6.525189
38135.7978113531,3.5580459,-6.5247944
38135.8978113578,3.5578492,-6.5242026
38135.9978113626,3.5576916,-6.5253862
38136.0978113673,3.5575736,-6.5253862
38136.1978113721,3.5574946,-6.5243999
38136.2978113768,3.5573766,-6.5230186
38136.3978113816,3.5572586,-6.5247944
38136.4978113863,3.557101,-6.5255835
38136.5978113911,3.5569434,-6.5245972
38136.6978113958,3.5568647,-6.5243999
38136.7978114006,3.5568647,-6.5257808
38136.8978114053,3.5566285,-6.5263721
38136.9978114101,3.5565498,-6.525189
38137.0978114148,3.5563529,-6.5249917
38137.1978114196,3.5563529,-6.5236108
38137.2978114243,3.5561955,-6.5247944
38137.3978114291,3.5560379,-6.5245972
38137.4978114338,3.5559592,-6.525189
38137.5978114386,3.555841,-6.525189
38137.6978114433,3.5557623,-6.5257808
38137.7978114481,3.555723,-6.5238081
38137.8978114528,3.5555654,-6.5240054
38137.9978114576,3.5552897,-6.5247944
38138.0978114623,3.5552897,-6.5247944
38138.1978114671,3.5551324,-6.5249917
38138.2978114718,3.5550141,-6.5253862
38138.3978114766,3.5548961,-6.5245972
38138.4978114813,3.5547385,-6.5245972
38138.5978114861,3.5546205,-6.5245972
38138.6978114908,3.5546598,-6.5242026
38138.7978114956,3.5545812,-6.5245972
38138.8958115002,3.5544236,-6.5240054
38138.9418115024,3.7270386,0
38139.0418115072,3.7292042,0
38139.1418115119,3.730464,0
38139.2418115166,3.7313697,0
38139.3418115214,3.7322752,0
38139.4418115261,3.7329051,0
38139.5418115309,3.7336533,0
38139.6418115356,3.7342439,0
38139.7418115404,3.7346771,0
38139.8418115451,3.7352283,0
38139.9418115499,3.7357402,0
38140.0418115546,3.7362127,0
38140.1418115594,3.7366457,0
38140.2418115641,3.7370396,0
38140.3418115689,3.7374725,0
38140.4418115736,3.7378271,0
38140.5418115784,3.738142,0
38140.6418115831,3.7383783,0
38140.7418115879,3.7386539,0
38140.8418115926,3.7391262,0
38140.9418115974,3.7395201,0
38141.0418116021,3.7397563,0
38141.1418116069,3.7399926,0
38141.2418116116,3.7402682,0
38141.3418116164,3.7407405,0
38141.4418116211,3.7408588,0
38141.5418116259,3.7412131,0
38141.6418116306,3.7414494,0
38141.7418116354,3.7416463,0
38141.8418116401,3.7419219,0
38141.9418116449,3.7421582,0
38142.0418116496,3.7425125,0
38142.1418116544,3.7426305,0
38142.2418116591,3.7429061,0
38142.3418116639,3.743103,0
38142.4418116686,3.7433,0
38142.5418116734,3.7434969,0
38142.6418116781,3.7438118,0
38142.7418116829,3.7440481,0
38142.8418116876,3.7443237,0
38142.9418116924,3.7444811,0
38143.0418116971,3.7447567,0
38143.1418117019,3.744875,0
38143.2418117066,3.7451112,0
38143.3418117114,3.7453079,0
38143.4418117161,3.7454655,0
38143.5418117209,3.7456231,0
38143.6418117256,3.7459381,0
38143.7418117304,3.7460167,0
38143.8418117351,3.7462137,0
38143.9418117399,3.7464893,0
38144.0418117446,3.746568,0
38144.1418117494,3.7467649,0
38144.2418117541,3.7470012,0
38144.3418117589,3.7471585,0
38144.4418117636,3.7472372,0
38144.5418117684,3.7474341,0
38144.6418117731,3.7476704,0
38144.7418117779,3.7477491,0
38144.8418117826,3.7480643,0
38144.9418117874,3.7481036,0
38145.0418117921,3.7482216,0
38145.1418117969,3.7484186,0
38145.2418118016,3.7486155,0
38145.3418118064,3.7487335,0
38145.4418118111,3.7487729,0
38145.5418118159,3.7490091,0
38145.6418118206,3.7491667,0
38145.7418118254,3.749403,0
38145.8418118301,3.749403,0
38145.9418118349,3.749639,0
38146.0418118396,3.7498753,0
38146.1418118444,3.7499146,0
38146.2418118491,3.7501903,0
38146.3418118539,3.7503479,0
38146.4418118586,3.7504659,0
38146.5418118634,3.7505054,0
38146.6418118681,3.7507021,0
38146.7418118729,3.7508991,0
38146.8418118776,3.7509778,0
38146.9418118824,3.7511353,0
38147.0418118871,3.7512929,0
38147.1418118919,3.7513323,0
38147.2418118966,3.7514896,0
38147.3418119014,3.7517259,0
38147.4418119061,3.7517653,0
38147.5418119109,3.7518835,0
38147.6418119156,3.7520409,0
38147.7418119204,3.7522771,0
38147.8418119251,3.7522378,0
38147.9418119299,3.7523954,0
38148.0418119346,3.7525527,0
38148.1418119394,3.7525921,0
38148.2418119441,3.7527497,0
38148.3418119489,3.752907,0
38148.4418119536,3.752986,0
38148.5418119584,3.7531829,0
38148.6418119631,3.7533009,0
38148.7418119679,3.7534585,0
38148.8418119726,3.7534585,0
38148.9418119774,3.7536159,0
38149.0418119821,3.7538128,0
38149.1418119869,3.7537735,0
38149.2418119916,3.7538915,0
38149.3418119964,3.7540491,0
38149.4418120011,3.7542064,0
38149.5418120059,3.7543247,0
38149.6418120106,3.754364,0
38149.7418120154,3.7546003,0
38149.8418120201,3.7545609,0
38149.9418120249,3.7546396,0
38150.0418120296,3.7548366,0
38150.1418120344,3.7549152,0
38150.2418120391,3.7550728,0
38150.3418120439,3.7551908,0
38150.4418120486,3.7551908,0
38150.5418120534,3.7552695,0
38150.6418120581,3.7553484,0
38150.7418120629,3.7555058,0
38150.8418120676,3.7556241,0
38150.9418120724,3.7558208,0
38151.0418120771,3.7558601,0
38151.1418120819,3.7558208,0
38151.2418120866,3.7560964,0
38151.3418120914,3.7560177,0
38151.4418120961,3.7562146,0
38151.5418121009,3.756254,0
38151.6418121056,3.756372,0
38151.7418121104,3.7564509,0
38151.8418121151,3.7566869,0
38151.9418121199,3.7567658,0
38152.0418121246,3.7568052,0
38152.1418121294,3.7568445,0
38152.2418121341,3.7568839,0
38152.3418121389,3.7570415,0
38152.4418121436,3.7571201,0
38152.5418121484,3.7573564,0
38152.6418121531,3.7573957,0
38152.7418121579,3.7573564,0
38152.8418121626,3.7575533,0
38152.9418121674,3.757514,0
38153.0418121721,3.7577896,0
38153.1418121769,3.75775,0
38153.2418121816,3.757829,0
38153.3418121864,3.7578683,0
38153.4418121911,3.757947,0
38153.5418121959,3.7581832,0
38153.6418122006,3.7583013,0
38153.7418122054,3.7583408,0
38153.8418122101,3.7582619,0
38153.9418122149,3.7584195,0
38154.0418122196,3.7584195,0
38154.1418122244,3.7585375,0
38154.2418122291,3.7586164,0
38154.3418122339,3.7587738,0
38154.4418122386,3.7588131,0
38154.5418122434,3.7589314,0
38154.6418122481,3.7589707,0
38154.7418122529,3.7589314,0
38154.8418122576,3.7591283,0
38154.9418122624,3.7592857,0
38155.0418122671,3.759207,0
38155.1418122719,3.7593644,0
38155.2418122766,3.7594826,0
38155.3418122814,3.7594826,0
38155.4418122861,3.7596006,0
38155.5418122909,3.7596796,0
38155.6418122956,3.7597189,0
38155.7418123004,3.7597189,0
38155.8418123051,3.7598369,0
38155.9418123099,3.7599552,0
38156.0418123146,3.7600732,0
38156.1418123194,3.7600732,0
38156.2418123241,3.7601125,0
38156.3418123289,3.7601912,0
38156.4418123336,3.7603881,0
38156.5418123384,3.7603881,0
38156.6418123431,3.7604671,0
38156.7418123479,3.7605851,0
38156.8418123526,3.7606244,0
38156.9418123574,3.7606637,0
38157.0418123621,3.7607031,0
38157.1418123669,3.7609394,0
38157.2418123716,3.7609394,0
38157.3418123764,3.7609,0
38157.4418123811,3.7609,0
38157.5418123859,3.761097,0
38157.6418123906,3.761097,0
38157.7418123954,3.7612543,0
38157.8418124001,3.761215,0
38157.9418124049,3.7612939,0
38158.0418124096,3.7614119,0
38158.1418124144,3.7615299,0
38158.2418124191,3.7614906,0
38158.3418124239,3.7614906,0
38158.4418124286,3.7616875,0
38158.5418124334,3.7617269,0
38158.6418124381,3.7617269,0
38158.7418124429,3.7618055,0
38158.8418124476,3.7620025,0
38158.9418124523,3.7620418,0
38159.0418124571,3.7620418,0
38159.1418124618,3.7620025,0
38159.2418124666,3.7621994,0
38159.3418124713,3.7622387,0
38159.4418124761,3.7622781,0
38159.5418124808,3.7623174,0
38159.6418124856,3.7624357,0
38159.7418124903,3.7624357,0
38159.8418124951,3.762475,0
38159.9418124998,3.7626719,0
38160.0418125046,3.7626719,0
38160.1418125093,3.7627113,0
38160.2418125141,3.7628293,0
38160.3418125188,3.7628686,0
38160.4418125236,3.7628686,0
38160.5418125283,3.7629082,0
38160.6418125331,3.7630262,0
38160.7418125378,3.7629869,0
38160.8418125426,3.7630262,0
38160.9418125473,3.7630656,0
38161.0418125521,3.7633018,0
38161.1418125568,3.7632625,0
38161.2418125616,3.7633412,0
38161.3418125663,3.7633412,0
38161.4418125711,3.7634199,0
38161.5418125758,3.7633805,0
38161.6418125806,3.7633412,0
38161.7418125853,3.7636168,0
38161.8418125901,3.7636561,0
38161.9418125948,3.7637351,0
38162.0418125996,3.7637351,0
38162.1418126043,3.7637744,0
38162.2418126091,3.7638137,0
38162.3418126138,3.7639318,0
38162.4418126186,3.7639318,0
38162.5418126233,3.7640893,0
38162.6418126281,3.7640107,0
38162.7418126328,3.76405,0
38162.8418126376,3.7642074,0
38162.9418126423,3.764168,0
38163.0418126471,3.764365,0
38163.1418126518,3.7643256,0
38163.2418126566,3.764365,0
38163.3418126613,3.7643256,0
38163.4418126661,3.764483,0
38163.5418126708,3.7644043,0
38163.6418126756,3.7646799,0
38163.7418126803,3.7645226,0
38163.8418126851,3.7646012,0
38163.9418126898,3.7646799,0
38164.0418126946,3.7647586,0
38164.1418126993,3.7647192,0
38164.2418127041,3.7648768,0
38164.3418127088,3.7648375,0
38164.4418127136,3.7648768,0
38164.5418127183,3.7650738,0
38164.6418127231,3.7649162,0
38164.7418127278,3.7651525,0
38164.8418127326,3.7650738,0
38164.9418127373,3.7650342,0
38165.0418127421,3.7651131,0
38165.1418127468,3.7651525,0
38165.2418127516,3.7652311,0
38165.3418127563,3.7651918,0
38165.4418127611,3.7652705,0
38165.5418127658,3.7654674,0
38165.6418127706,3.7655067,0
38165.7418127753,3.7655067,0
38165.8418127801,3.7656643,0
38165.9418127848,3.7655854,0
38166.0418127896,3.765625,0
38166.1418127943,3.7657037,0
38166.2418127991,3.7657037,0
38166.3418128038,3.7658217,0
38166.4418128086,3.765861,0
38166.5418128133,3.765743,0
38166.6418128181,3.765861,0
38166.7418128228,3.7660186,0
38166.8418128276,3.7659793,0
38166.9418128323,3.766058,0
38167.0418128371,3.766058,0
38167.1418128418,3.7661762,0
38167.2418128466,3.7661762,0
38167.3418128513,3.7662942,0
38167.4418128561,3.7662549,0
38167.5418128608,3.7662549,0
38167.6418128656,3.7662942,0
38167.7418128703,3.7663729,0
38167.8418128751,3.7664125,0
38167.9418128798,3.7664125,0
38168.0418128846,3.7664518,0
38168.1418128893,3.7665305,0
38168.2418128941,3.7665699,0
38168.3418128988,3.7665305,0
38168.4418129036,3.7666485,0
38168.5418129083,3.7666881,0
38168.6418129131,3.7667274,0
38168.7418129178,3.7666881,0
38168.8418129226,3.7668061,0
38168.9418129273,3.7669241,0
38169.0418129321,3.7669241,0
38169.1418129368,3.7670424,0
38169.2418129416,3.7670031,0
38169.3418129463,3.7670031,0
38169.4418129511,3.7670031,0
38169.5418129558,3.7670424,0
38169.6418129606,3.7670817,0
38169.7418129653,3.7671211,0
38169.8418129701,3.7672393,0
38169.9418129748,3.7672787,0
38170.0418129796,3.7672393,0
38170.1418129843,3.7672787,0
38170.2418129891,3.767436,0
38170.3418129938,3.7673573,0
38170.4418129986,3.767318,0
38170.5418130033,3.7675543,0
38170.6418130081,3.7674754,0
38170.7418130128,3.7675543,0
38170.8418130176,3.7675543,0
38170.9418130223,3.7675543,0
38171.0418130271,3.7676723,0
38171.1418130318,3.767633,0
38171.2418130366,3.7676723,0
38171.3418130413,3.7677906,0
38171.4418130461,3.7677906,0
38171.5418130508,3.7678692,0
38171.6418130556,3.7677906,0
38171.7418130603,3.7678299,0
38171.8418130651,3.7678692,0
38171.9418130698,3.7679873,0
38172.0418130746,3.7680662,0
38172.1418130793,3.7679873,0
38172.2418130841,3.7679873,0
38172.3418130888,3.7681055,0
38172.4418130936,3.7681842,0
38172.5418130983,3.7681448,0
38172.6418131031,3.7682629,0
38172.7418131078,3.7682629,0
38172.8418131126,3.7683024,0
38172.9418131173,3.7683811,0
38173.0418131221,3.7681842,0
38173.1418131268,3.7682629,0
38173.2418131316,3.7684205,0
38173.3418131363,3.7683811,0
38173.4418131411,3.7684598,0
38173.5418131458,3.7684598,0
38173.6418131506,3.7685385,0
38173.7418131553,3.7686174,0
38173.8418131601,3.7686174,0
38173.9418131648,3.7685781,0
38174.0418131696,3.7686567,0
38174.1418131743,3.7687354,0
38174.2418131791,3.7687747,0
38174.3418131838,3.7687354,0
38174.4418131886,3.7688141,0
38174.5418131933,3.7688537,0
38174.6418131981,3.7688537,0
38174.7418132028,3.7688537,0
38174.8418132076,3.7689323,0
38174.9418132123,3.7689717,0
38175.0418132171,3.7689323,0
38175.1418132218,3.7689323,0
38175.2418132266,3.7690504,0
38175.3418132313,3.7690897,0
38175.4418132361,3.7689717,0
38175.5418132408,3.7690897,0
38175.6418132456,3.7690504,0
38175.7418132503,3.7691293,0
38175.8418132551,3.7691293,0
38175.9418132598,3.7691686,0
38176.0418132646,3.7692473,0
38176.1418132693,3.7694442,0
38176.2418132741,3.769208,0
38176.3418132788,3.7692473,0
38176.4418132836,3.7693653,0
38176.5418132883,3.7693653,0
38176.6418132931,3.7693653,0
38176.7418132978,3.7693653,0
38176.8418133026,3.7695229,0
38176.9418133073,3.7696016,0
38177.0418133121,3.7695229,0
38177.1418133168,3.7696409,0
38177.2418133216,3.7696805,0
38177.3418133263,3.7696409,0
38177.4418133311,3.7697198,0
38177.5418133358,3.7697592,0
38177.6418133406,3.7697592,0
38177.7418133453,3.7697985,0
38177.8418133501,3.7697592,0
38177.9418133548,3.7697985,0
38178.0418133596,3.7697985,0
38178.1418133643,3.7698379,0
38178.2418133691,3.7698772,0
38178.3418133738,3.7697985,0
38178.4418133785,3.7699955,0
38178.5418133833,3.7699561,0
38178.641813388,3.7699955,0
38178.7418133928,3.7700348,0
38178.8418133975,3.7701135,0
38178.977813404,3.8958342,0
38178.9798134041,3.8991022,4.8107876
38179.0798134089,3.904772,4.8928452
38179.1798134136,3.9059927,4.8920562
38179.2798134184,3.9069769,4.8932397
38179.3798134231,3.9078038,4.890478
38179.4798134279,3.9084733,4.8930425
38179.5798134326,3.9091425,4.8930425
38179.6798134374,3.9097726,4.8928452
38179.7798134421,3.9104812,4.8930425
38179.8798134469,3.9109144,4.8924507
38179.9798134516,3.9114263,4.8932397
38180.0798134564,3.9118593,4.8928452
38180.1798134611,3.9125288,4.8926479
38180.2798134659,3.9129224,4.8928452
38180.3798134706,3.9132769,4.8936343
38180.4798134753,3.9137099,4.893437
38180.5798134801,3.9142611,4.8936343
38180.6798134848,3.914655,4.8928452
38180.7798134896,3.9150486,4.8938315
38180.8798134943,3.9154818,4.8944233
38180.9798134991,3.9158361,4.8932397
38181.0798135038,3.9161904,4.8936343
38181.1798135086,3.9166629,4.8924507
38181.2798135133,3.9170961,4.8928452
38181.3798135181,3.9173717,4.8944233
38181.4798135228,3.9177654,4.8940288
38181.5798135276,3.9181592,4.8926479
38181.6798135323,3.9184742,4.8936343
38181.7798135371,3.9188285,4.893437
38181.8798135418,3.9191434,4.8932397
38181.9798135466,3.9196553,4.8948179
38182.0798135513,3.9198916,4.8926479
38182.1798135561,3.9202855,4.8936343
38182.2798135608,3.9206398,4.8924507
38182.3798135656,3.9209154,4.893437
38182.4798135703,3.921309,4.8928452
38182.5798135751,3.9216635,4.8938315
38182.6798135798,3.9219391,4.8926479
38182.7798135846,3.9221361,4.8932397
38182.8798135893,3.9224904,4.8938315
38182.9798135941,3.9228446,4.8930425
38183.0798135988,3.9231596,4.893437
38183.1798136036,3.9235535,4.8932397
38183.2798136083,3.9237504,4.8916616
38183.3798136131,3.924144,4.8926479
38183.4798136178,3.9243803,4.8932397
38183.5798136226,3.9248528,4.8938315
38183.6798136273,3.9249315,4.8932397
38183.7798136321,3.9253252,4.8942261
38183.8798136368,3.9255614,4.8932397
38183.9798136416,3.9259946,4.8926479
38184.0798136463,3.9262702,4.8932397
38184.1798136511,3.9266245,4.8936343
38184.2798136558,3.9269395,4.8942261
38184.3798136606,3.9271758,4.8942261
38184.4798136653,3.9274907,4.893437
38184.5798136701,3.9278452,4.8938315
38184.6798136748,3.9280026,4.8920562
38184.7798136796,3.9282389,4.8936343
38184.8798136843,3.9287114,4.8932397
38184.9798136891,3.928987,4.8936343
38185.0798136938,3.9292233,4.8938315
38185.1798136986,3.9294596,4.8936343
38185.2798137033,3.9298532,4.8930425
38185.3798137081,3.9302075,4.8936343
38185.4798137128,3.9304438,4.8942261
38185.5798137176,3.9306014,4.893437
38185.6798137223,3.9309556,4.8930425
38185.7798137271,3.9311919,4.893437
38185.8798137318,3.9314675,4.8936343
38185.9798137366,3.9318218,4.8936343
38186.0798137413,3.9320188,4.8940288
38186.1798137461,3.9322944,4.8930425
38186.2798137508,3.9326882,4.8940288
38186.3798137556,3.9328456,4.8922534
38186.4798137603,3.9331212,4.8942261
38186.5798137651,3.9333968,4.8936343
38186.6798137698,3.9337118,4.8916616
38186.7798137746,3.93383,4.893437
38186.8798137793,3.9341056,4.8938315
38186.9798137841,3.9344599,4.893437
38187.0798137888,3.9348142,4.8908726
38187.1798137936,3.9349718,4.8932397
38187.2798137983,3.9352474,4.8940288
38187.3798138031,3.9355624,4.8942261
38187.4798138078,3.9357593,4.8932397
38187.5798138126,3.9360743,4.8926479
38187.6798138173,3.9364285,4.893437
38187.7798138221,3.9365861,4.8928452
38187.8798138268,3.9368224,4.8930425
38187.9798138316,3.9370193,4.893437
38188.0798138363,3.937295,4.8914644
38188.1798138411,3.9376886,4.8936343
38188.2798138458,3.9378855,4.8916616
38188.3798138506,3.9380825,4.8930425
38188.4798138553,3.9383974,4.8922534
38188.5798138601,3.9386337,4.8932397
38188.6798138648,3.93887,4.8924507
38188.7798138696,3.9390666,4.893437
38188.8798138743,3.9394212,4.8930425
38188.977813879,3.9396572,4.8930425
38189.0218138811,3.80618,0
38189.1218138858,3.8040931,0
38189.2218138906,3.80303,0
38189.3218138953,3.8023608,0
38189.4218139001,3.8016913,0
38189.5218139048,3.8011794,0
38189.6218139096,3.8007464,0
38189.7218139143,3.8003132,0
38189.8218139191,3.8001952,0
38189.9218139238,3.7998407,0
38190.0218139286,3.7994864,0
38190.1218139333,3.7992501,0
38190.2218139381,3.7989745,0
38190.3218139428,3.7988565,0
38190.4218139476,3.7986596,0
38190.5218139523,3.798384,0
38190.6218139571,3.7981477,0
38190.7218139618,3.7979903,0
38190.8218139666,3.7979114,0
38190.9218139713,3.797754,0
38191.0218139761,3.7974784,0
38191.1218139808,3.7973602,0
38191.2218139856,3.7972028,0
38191.3218139903,3.7972422,0
38191.4218139951,3.7970452,0
38191.5218139998,3.7968876,0
38191.6218140046,3.7967696,0
38191.7218140093,3.7966516,0
38191.8218140141,3.7966516,0
38191.9218140188,3.7964547,0
38192.0218140236,3.796376,0
38192.1218140283,3.7963364,0
38192.2218140331,3.7961004,0
38192.3218140378,3.7961004,0
38192.4218140426,3.7959821,0
38192.5218140473,3.7959428,0
38192.6218140521,3.7958248,0
38192.7218140568,3.7957852,0
38192.8218140616,3.7956278,0
38192.9218140663,3.7955096,0
38193.0218140711,3.7954702,0
38193.1218140758,3.7953916,0
38193.2218140806,3.7953129,0
38193.3218140853,3.795234,0
38193.4218140901,3.7951946,0
38193.5218140948,3.7951159,0
38193.6218140996,3.7949977,0
38193.7218141043,3.794919,0
38193.8218141091,3.7948403,0
38193.9218141138,3.794801,0
38194.0218141186,3.7947617,0
38194.1218141233,3.7947221,0
38194.2218141281,3.7946434,0
38194.3218141328,3.7945254,0
38194.4218141376,3.7946041,0
38194.5218141423,3.794486,0
38194.6218141471,3.7944071,0
38194.7218141518,3.7943285,0
38194.8218141566,3.7942498,0
38194.9218141613,3.7943285,0
38195.0218141661,3.7942104,0
38195.1218141708,3.7941709,0
38195.2218141756,3.7940135,0
38195.3218141803,3.7939742,0
38195.4218141851,3.7940135,0
38195.5218141898,3.7939742,0
38195.6218141946,3.7939348,0
38195.7218141993,3.7937772,0
38195.8218142041,3.7938559,0
38195.9218142088,3.7937772,0
38196.0218142136,3.7936985,0
38196.1218142183,3.7936985,0
38196.2218142231,3.793659,0
38196.3218142278,3.7935803,0
38196.4218142326,3.7934623,0
38196.5218142373,3.7934623,0
38196.6218142421,3.7935016,0
38196.7218142468,3.7934623,0
38196.8218142516,3.793344,0
38196.9218142563,3.793226,0
38197.0218142611,3.793226,0
38197.1218142658,3.7933047,0
38197.2218142706,3.7933047,0
38197.3218142753,3.793226,0
38197.4218142801,3.793226,0
38197.5218142848,3.7931473,0
38197.6218142896,3.7931077,0
38197.7218142943,3.7931077,0
38197.8218142991,3.7929897,0
38197.9218143038,3.7929897,0
38198.0218143085,3.7928717,0
38198.1218143133,3.7928321,0
38198.221814318,3.7928717,0
38198.3218143228,3.7929897,0
38198.4218143275,3.7928321,0
38198.5218143323,3.7927535,0
38198.621814337,3.7928321,0
38198.7218143418,3.7926748,0
38198.8218143465,3.7927928,0
38198.9218143513,3.7926748,0
38199.021814356,3.7925172,0
38199.1218143608,3.7925565,0
38199.2218143655,3.7926748,0
38199.3218143703,3.7925172,0
38199.421814375,3.7923992,0
38199.5218143798,3.7924385,0
38199.6218143845,3.7924778,0
38199.7218143893,3.7923992,0
38199.821814394,3.7923598,0
38199.9218143988,3.7923598,0
38200.0218144035,3.7921629,0
38200.1218144083,3.7923205,0
38200.221814413,3.7923205,0
38200.3218144178,3.7922809,0
38200.4218144225,3.7922022,0
38200.5218144273,3.7922809,0
38200.621814432,3.7922416,0
38200.7218144368,3.7921629,0
38200.8218144415,3.7920449,0
38200.9218144463,3.7921629,0
38201.021814451,3.7921236,0
38201.1218144558,3.7920842,0
38201.2218144605,3.7920842,0
38201.3218144653,3.7921236,0
38201.42181447,3.7920842,0
38201.5218144748,3.7920053,0
38201.6218144795,3.7920053,0
38201.7218144843,3.7920449,0
38201.821814489,3.791966,0
38201.9218144938,3.7920053,0
38202.0218144985,3.7920053,0
38202.1218145033,3.7918479,0
38202.221814508,3.7918873,0
38202.3218145128,3.7918086,0
38202.4218145175,3.7918086,0
38202.5218145223,3.7918086,0
38202.621814527,3.7917297,0
38202.7218145318,3.7916903,0
38202.8218145365,3.7917297,0
38202.9218145413,3.7916903,0
38203.021814546,3.791651,0
38203.1218145508,3.7917297,0
38203.2218145555,3.7916903,0
38203.3218145603,3.7915723,0
38203.421814565,3.7916117,0
38203.5218145698,3.7916903,0
38203.6218145745,3.7915723,0
38203.7218145793,3.7916117,0
38203.821814584,3.791651,0
38203.9218145888,3.7914934,0
38204.0218145935,3.7913754,0
38204.1218145983,3.791533,0
38204.221814603,3.7914934,0
38204.3218146078,3.7914147,0
38204.4218146125,3.7915723,0
38204.5218146173,3.7914147,0
38204.621814622,3.791533,0
38204.7218146268,3.7914147,0
38204.8218146315,3.7914934,0
38204.9218146363,3.7914934,0
38205.021814641,3.7914147,0
38205.1218146458,3.7914147,0
38205.2218146505,3.7913361,0
38205.3218146553,3.7914541,0
38205.42181466,3.7912967,0
38205.5218146648,3.7912967,0
38205.6218146695,3.7912574,0
38205.7218146743,3.7912967,0
38205.821814679,3.7912967,0
38205.9218146838,3.7913361,0
38206.0218146885,3.7912178,0
38206.1218146933,3.7912967,0
38206.221814698,3.7912574,0
38206.3218147028,3.7911785,0
38206.4218147075,3.7912574,0
38206.5218147123,3.7911391,0
38206.621814717,3.7911785,0
38206.7218147218,3.7911391,0
38206.8218147265,3.7912574,0
38206.9218147313,3.7910998,0
38207.021814736,3.7911391,0
38207.1218147408,3.7911391,0
38207.2218147455,3.7910998,0
38207.3218147503,3.7910604,0
38207.421814755,3.7911391,0
38207.5218147598,3.7910998,0
38207.6218147645,3.7910604,0
38207.7218147693,3.7910998,0
38207.821814774,3.7909818,0
38207.9218147788,3.7909818,0
38208.0218147835,3.7909818,0
38208.1218147883,3.7910604,0
38208.221814793,3.7910998,0
38208.3218147978,3.7910998,0
38208.4218148025,3.7910604,0
38208.5218148073,3.7909818,0
38208.621814812,3.7909818,0
38208.7218148168,3.7910211,0
38208.8218148215,3.7909422,0
38208.9218148263,3.7909818,0
38209.021814831,3.7909818,0
38209.1218148358,3.7909029,0
38209.2218148405,3.7909818,0
38209.3218148453,3.7908635,0
38209.42181485,3.7909818,0
38209.5218148548,3.7909029,0
38209.6218148595,3.7907455,0
38209.7218148643,3.7908242,0
38209.821814869,3.7908635,0
38209.9218148738,3.7908635,0
38210.0218148785,3.7908242,0
38210.1218148833,3.7907848,0
38210.221814888,3.7908635,0
38210.3218148928,3.7908242,0
38210.4218148975,3.7908242,0
38210.5218149023,3.7909029,0
38210.621814907,3.7909029,0
38210.7218149118,3.7908635,0
38210.8218149165,3.7907848,0
38210.9218149213,3.7908635,0
38211.021814926,3.7908242,0
38211.1218149308,3.7909422,0
38211.2218149355,3.7907455,0
38211.3218149403,3.7906272,0
38211.421814945,3.7907455,0
38211.5218149498,3.7907848,0
38211.6218149545,3.7906272,0
38211.7218149593,3.7907062,0
38211.821814964,3.7908242,0
38211.9218149688,3.7907848,0
38212.0218149735,3.7908635,0
38212.1218149783,3.7908635,0
38212.221814983,3.7907455,0
38212.3218149878,3.7906666,0
38212.4218149925,3.7907455,0
38212.5218149973,3.7906272,0
38212.621815002,3.7907062,0
38212.7218150068,3.7907455,0
38212.8218150115,3.7907455,0
38212.9218150163,3.7907062,0
38213.021815021,3.7907455,0
38213.1218150258,3.7907455,0
38213.2218150305,3.7906666,0
38213.3218150353,3.7907455,0
38213.42181504,3.7907062,0
38213.5218150448,3.7907062,0
38213.6218150495,3.7907455,0
38213.7218150543,3.7906666,0
38213.821815059,3.7905092,0
38213.9218150638,3.7907062,0
38214.0218150685,3.7907455,0
38214.1218150733,3.7907455,0
38214.221815078,3.7906666,0
38214.3218150828,3.7906666,0
38214.4218150875,3.7905879,0
38214.5218150923,3.7905879,0
38214.621815097,3.7906272,0
38214.7218151018,3.7905879,0
38214.8218151065,3.7905486,0
38214.9218151113,3.7905879,0
38215.021815116,3.7906272,0
38215.1218151208,3.7905486,0
38215.2218151255,3.7906272,0
38215.3218151303,3.7904699,0
38215.421815135,3.7906666,0
38215.5218151398,3.7905879,0
38215.6218151445,3.7907062,0
38215.7218151493,3.7907455,0
38215.821815154,3.7906666,0
38215.9218151588,3.7906666,0
38216.0218151635,3.7906272,0
38216.1218151683,3.7905486,0
38216.221815173,3.7905879,0
38216.3218151778,3.7905879,0
38216.4218151825,3.7906272,0
38216.5218151873,3.7906272,0
38216.621815192,3.7905486,0
38216.7218151968,3.7906666,0
38216.8218152015,3.7905879,0
38216.9218152063,3.7905092,0
38217.021815211,3.7906272,0
38217.1218152158,3.7906666,0
38217.2218152205,3.7905092,0
38217.3218152253,3.7904699,0
38217.42181523,3.7905879,0
38217.5218152348,3.7905879,0
38217.6218152395,3.7905486,0
38217.7218152442,3.7905486,0
38217.821815249,3.7905486,0
38217.9218152537,3.7905092,0
38218.0218152585,3.7906666,0
38218.1218152632,3.7906272,0
38218.221815268,3.7905092,0
38218.3218152727,3.7904699,0
38218.4218152775,3.7906272,0
38218.5218152822,3.7906666,0
38218.621815287,3.7905092,0
38218.7218152917,3.7905092,0
38218.8218152965,3.7905879,0
38218.9218153012,3.7905486,0
38219.021815306,3.7905486,0
38219.1218153107,3.7905486,0
38219.2218153155,3.7905879,0
38219.3218153202,3.7905092,0
38219.421815325,3.7905092,0
38219.5218153297,3.7905879,0
38219.6218153345,3.7905879,0
38219.7218153392,3.7905092,0
38219.821815344,3.7906272,0
38219.9218153487,3.7905486,0
38220.0218153535,3.7905486,0
38220.1218153582,3.7904305,0
38220.221815363,3.7906272,0
38220.3218153677,3.7904699,0
38220.4218153725,3.7905879,0
38220.5218153772,3.7905092,0
38220.621815382,3.7905486,0
38220.7218153867,3.7905486,0
38220.8218153915,3.7904699,0
38220.9218153962,3.7905879,0
38221.021815401,3.7904699,0
38221.1218154057,3.7904305,0
38221.2218154105,3.7905092,0
38221.3218154152,3.7905092,0
38221.42181542,3.7905486,0
38221.5218154247,3.7905092,0
38221.6218154295,3.7905879,0
38221.7218154342,3.7906666,0
38221.821815439,3.7904699,0
38221.9218154437,3.7905879,0
38222.0218154485,3.7906272,0
38222.1218154532,3.7905092,0
38222.221815458,3.7906272,0
38222.3218154627,3.7905092,0
38222.4218154675,3.7905879,0
38222.5218154722,3.7905879,0
38222.621815477,3.7904699,0
38222.7218154817,3.7905092,0
38222.8218154865,3.7905486,0
38222.9218154912,3.7905879,0
38223.021815496,3.7904699,0
38223.1218155007,3.7905092,0
38223.2218155055,3.7905486,0
38223.3218155102,3.7904699,0
38223.421815515,3.7906272,0
38223.5218155197,3.7904699,0
38223.6218155245,3.7905092,0
38223.7218155292,3.7905879,0
38223.821815534,3.7905092,0
38223.9218155387,3.7905486,0
38224.0218155435,3.7905486,0
38224.1218155482,3.7905486,0
38224.221815553,3.7904699,0
38224.3218155577,3.7904699,0
38224.4218155625,3.7904699,0
38224.5218155672,3.7905092,0
38224.621815572,3.7905879,0
38224.7218155767,3.7905879,0
38224.8218155815,3.7904699,0
38224.9218155862,3.7905092,0
38225.021815591,3.7905879,0
38225.1218155957,3.7905879,0
38225.2218156005,3.7903516,0
38225.3218156052,3.7905092,0
38225.42181561,3.7907062,0
38225.5218156147,3.7905486,0
38225.6218156195,3.7905879,0
38225.7218156242,3.7905486,0
38225.821815629,3.7906666,0
38225.9218156337,3.7905092,0
38226.0218156385,3.7904699,0
38226.1218156432,3.7906272,0
38226.221815648,3.7906272,0
38226.3218156527,3.7905486,0
38226.4218156575,3.7905486,0
38226.5218156622,3.7905486,0
38226.621815667,3.7905879,0
38226.7218156717,3.7906272,0
38226.8218156765,3.7905879,0
38226.9218156812,3.7905092,0
38227.021815686,3.7905879,0
38227.1218156907,3.7905879,0
38227.2218156955,3.7905092,0
38227.3218157002,3.7906666,0
38227.421815705,3.7906272,0
38227.5218157097,3.7905879,0
38227.6218157145,3.7905879,0
38227.7218157192,3.7905092,0
38227.821815724,3.7906272,0
38227.9218157287,3.7906666,0
38228.0218157335,3.7907062,0
38228.1218157382,3.7906272,0
38228.221815743,3.7905486,0
38228.3218157477,3.7907062,0
38228.4218157525,3.7907455,0
38228.5218157572,3.7905879,0
38228.621815762,3.7906666,0
38228.7218157667,3.7907062,0
38228.8218157715,3.7906272,0
38228.9218157762,3.7906666,0
38229.0598157828,3.767751,0
38229.0618157829,3.7674754,-0.96381561
38230.0618158304,3.7651918,-0.96776074
38231.0618158779,3.764168,-0.96716901
38232.0618159254,3.7635775,-0.96716901
38233.0618159729,3.7628686,-0.96637994
38234.0618160204,3.7622781,-0.96736621
38235.0618160679,3.7616875,-0.96618268
38236.0618161154,3.7611756,-0.96618268
38237.0618161629,3.7607427,-0.96736621
38238.0618162103,3.7602701,-0.96657721
38239.0618162578,3.7597976,-0.96776074
38240.0618163053,3.7593644,-0.96657721
38241.0618163528,3.7589707,-0.96657721
38242.0618164003,3.7586164,-0.96795795
38243.0618164478,3.7582226,-0.96637994
38244.0618164953,3.75775,-0.96677448
38245.0618165428,3.757514,-0.96677448
38246.0618165903,3.7570415,-0.96657721
38247.0618166378,3.7568445,-0.96776074
38248.0618166853,3.756372,-0.96677448
38249.0618167328,3.7560177,-0.96657721
38250.0618167803,3.7557814,-0.96559094
38251.0618168278,3.7554271,-0.96716901
38252.0618168753,3.7551515,-0.96716901
38253.0618169228,3.7547183,-0.96559094
38254.0618169703,3.7545214,-0.96756348
38255.0618170178,3.7542853,-0.96677448
38256.0618170653,3.7540097,-0.96618268
38257.0618171128,3.7537341,-0.96736621
38258.0618171603,3.7533796,-0.96637994
38259.0618172078,3.7530253,-0.96716901
38260.0618172553,3.7528677,-0.96637994
38261.0618173028,3.7525921,-0.96559094
38262.0618173503,3.7523558,-0.96756348
38263.0618173978,3.7521198,-0.96697168
38264.0618174453,3.7518835,-0.96598547
38265.0618174928,3.7516472,-0.96677448
38266.0618175403,3.7512534,-0.96559094
38267.0618175878,3.751096,-0.96776074
38268.0618176353,3.7507811,-0.96736621
38269.0618176828,3.7506628,-0.96756348
38270.0618177303,3.7503872,-0.96776074
38271.0618177778,3.7501509,-0.96697168
38272.0618178253,3.7500329,-0.96618268
38273.0618178728,3.7497966,-0.96637994
38274.0618179203,3.7495604,-0.96697168
38275.0618179678,3.749403,-0.96894421
38276.0618180153,3.7491667,-0.96697168
38277.0618180627,3.7489305,-0.96677448
38278.0618181102,3.7486548,-0.96677448
38279.0618181577,3.7485366,-0.96677448
38280.0618182052,3.7484186,-0.96618268
38281.0618182527,3.7480643,-0.96697168
38282.0618183002,3.7478673,-0.96677448
38283.0618183477,3.7477887,-0.96677448
38284.0618183952,3.7475131,-0.96618268
38285.0618184427,3.7473555,-0.96657721
38286.0618184902,3.7472372,-0.96795795
38287.0618185377,3.7470012,-0.96756348
38288.0618185852,3.7468042,-0.96716901
38289.0618186327,3.7467256,-0.96697168
38290.0618186802,3.7464499,-0.96677448
38291.0618187277,3.7462924,-0.96677448
38292.0618187752,3.7461348,-0.96598547
38293.0618188227,3.7460167,-0.96618268
38294.0618188702,3.7458591,-0.96716901
38295.0618189177,3.7456231,-0.96657721
38296.0618189652,3.7454262,-0.96578815
38297.0618190127,3.7452292,-0.96598547
38298.0618190602,3.7451112,-0.96716901
38299.0618191077,3.744993,-0.96756348
38300.0618191552,3.7448356,-0.96697168
38301.0618192027,3.7446387,-0.96677448
38302.0618192502,3.7443631,-0.96519647
38303.0618192977,3.7444024,-0.96677448
38304.0618193452,3.7440088,-0.96677448
38305.0618193927,3.7440088,-0.96618268
38306.0618194402,3.7439692,-0.96618268
38307.0618194877,3.7436936,-0.96716901
38308.0618195352,3.7435362,-0.96598547
38309.0618195827,3.7433786,-0.96618268
38310.0618196302,3.7432213,-0.96657721
38311.0618196777,3.7430243,-0.96657721
38312.0618197252,3.7428668,-0.96637994
38313.0618197727,3.7427094,-0.96736621
38314.0618198202,3.7426701,-0.96697168
38315.0618198677,3.7425125,-0.96637994
38316.0618199151,3.7423155,-0.96736621
38317.0618199626,3.7421975,-0.96736621
38318.0618200101,3.7420399,-0.96716901
38319.0618200576,3.7419612,-0.96519647
38320.0618201051,3.7417643,-0.96637994
38321.0618201526,3.7416856,-0.96677448
38322.0618202001,3.7414887,-0.96598547
38323.0618202476,3.74141,-0.96677448
38324.0618202951,3.7411344,-0.96637994
38325.0618203426,3.7410557,-0.96637994
38326.0618203901,3.7409768,-0.96657721
38327.0618204376,3.7407801,-0.96677448
38328.0618204851,3.7405438,-0.96559094
38329.0618205326,3.7405438,-0.96618268
38330.0618205801,3.7403469,-0.96697168
38331.0618206276,3.7401893,-0.96776074
38332.0618206751,3.7400713,-0.96657721
38333.0618207226,3.739953,-0.96736621
38334.0618207701,3.7398744,-0.96657721
38335.0618208176,3.7395988,-0.96578815
38336.0618208651,3.7395988,-0.96618268
38337.0618209126,3.7394807,-0.96578815
38338.0618209601,3.7393231,-0.96559094
38339.0618210076,3.7393231,-0.96697168
38340.0618210551,3.7390869,-0.96756348
38341.0618211026,3.7388506,-0.96756348
38342.0618211501,3.7387719,-0.96598547
38343.0618211976,3.7386539,-0.96637994
38344.0618212451,3.738457,-0.96697168
38345.0618212926,3.7384176,-0.96677448
38346.0618213401,3.738142,-0.96677448
38347.0618213876,3.738142,-0.96618268
38348.0618214351,3.7380238,-0.96854974
38349.0618214826,3.7379844,-0.96677448
38350.0618215301,3.7379057,-0.96637994
38351.0618215776,3.7376695,-0.96716901
38352.0618216251,3.7375515,-0.96657721
38353.0618216726,3.7373152,-0.96598547
38354.0618217201,3.7371969,-0.96716901
38355.0618217675,3.7371182,-0.96637994
38356.061821815,3.7370789,-0.96677448
38357.0618218625,3.7368426,-0.96716901
38358.06182191,3.736685,-0.96677448
38359.0618219575,3.7366457,-0.96736621
38360.061822005,3.7366064,-0.96677448
38361.0618220525,3.736449,-0.96736621
38362.0618221,3.7362914,-0.96578815
38363.0618221475,3.7361732,-0.96637994
38364.061822195,3.7359371,-0.96618268
38365.0618222425,3.7359765,-0.96677448
38366.06182229,3.7357402,-0.96539368
38367.0618223375,3.7356219,-0.96854974
38368.061822385,3.7355433,-0.96697168
38369.0618224325,3.7354646,-0.96716901
38370.06182248,3.735307,-0.96657721
38371.0618225275,3.7351496,-0.96578815
38372.061822575,3.7351103,-0.96697168
38373.0618226225,3.7349527,-0.96677448
38374.06182267,3.734874,-0.96637994
38375.0618227175,3.7347558,-0.96559094
38376.061822765,3.7346771,-0.96697168
38377.0618228125,3.7345195,-0.96776074
38378.06182286,3.7343228,-0.96637994
38379.0618229075,3.7342045,-0.96716901
38380.061822955,3.7340865,-0.96618268
38381.0618230025,3.7340076,-0.96677448
38382.06182305,3.7339683,-0.96677448
38383.0618230975,3.7338502,-0.96657721
38384.061823145,3.7336533,-0.96598547
38385.0618231925,3.733614,-0.96480194
38386.06182324,3.733496,-0.96854974
38387.0618232875,3.733299,-0.96835242
38388.061823335,3.733299,-0.96637994
38389.0618233825,3.7332203,-0.96657721
38390.06182343,3.7330627,-0.96756348
38391.0618234775,3.7329841,-0.96637994
38392.061823525,3.7327871,-0.96578815
38393.0618235725,3.7327478,-0.96578815
38394.06182362,3.7325902,-0.96894421
38395.0618236674,3.7325509,-0.96736621
38396.0618237149,3.7323539,-0.96657721
38397.0618237624,3.7322752,-0.96716901
38398.0618238099,3.7320783,-0.96716901
38399.0618238574,3.7320783,-0.96736621
38400.0618239049,3.7318816,-0.96657721
38401.0618239524,3.7318816,-0.96657721
38402.0618239999,3.731724,-0.96756348
38403.0618240474,3.7316453,-0.96776074
38404.0618240949,3.7314484,-0.96559094
38405.0618241424,3.7313304,-0.96697168
38406.0618241899,3.7312908,-0.96578815
38407.0618242374,3.7310548,-0.96618268
38408.0618242849,3.7309759,-0.96657721
38409.0618243324,3.7308972,-0.96657721
38410.0618243799,3.7307789,-0.96598547
38411.0618244274,3.7307396,-0.96736621
38412.0618244749,3.7306216,-0.96618268
38413.0618245224,3.7305822,-0.96677448
38414.0618245699,3.7305033,-0.96697168
38415.0618246174,3.730149,-0.96578815
38416.0618246649,3.7301097,-0.96677448
38417.0618247124,3.730031,-0.96677448
38418.0618247599,3.7299521,-0.96697168
38419.0618248074,3.7298341,-0.96657721
38420.0618248549,3.7297554,-0.96697168
38421.0618249024,3.7295978,-0.96657721
38422.0618249499,3.7295191,-0.96677448
38423.0618249974,3.7294009,-0.96697168
38424.0618250449,3.7292829,-0.96677448
38425.0618250924,3.7291648,-0.96736621
38426.0618251399,3.7291648,-0.96677448
38427.0618251874,3.7289679,-0.96716901
38428.0618252349,3.7289679,-0.96697168
38429.0618252824,3.7288103,-0.96677448
38430.0618253299,3.7286134,-0.96637994
38431.0618253774,3.7285347,-0.96598547
38432.0618254249,3.728456,-0.96539368
38433.0618254724,3.7282984,-0.96578815
38434.0618255198,3.7282591,-0.96618268
38435.0618255673,3.7281017,-0.96578815
38436.0618256148,3.7280622,-0.96657721
38437.0618256623,3.7279441,-0.96697168
38438.0618257098,3.7276685,-0.96697168
38439.0618257573,3.7275898,-0.96657721
38440.0618258048,3.7275898,-0.96776074
38441.0618258523,3.7273929,-0.96618268
38442.0618258998,3.7273142,-0.96637994
38443.0618259473,3.7273142,-0.96697168
38444.0618259948,3.727196,-0.96657721
38445.0618260423,3.727078,-0.96657721
38446.0618260898,3.7270386,-0.96578815
38447.0618261373,3.7270386,-0.96736621
38448.0618261848,3.7268417,-0.96657721
38449.0618262323,3.7265661,-0.96598547
38450.0618262798,3.7265267,-0.96657721
38451.0618263273,3.7265267,-0.96637994
38452.0618263748,3.7264085,-0.96697168
38453.0618264223,3.7262511,-0.96578815
38454.0618264698,3.7260935,-0.96756348
38455.0618265173,3.7260935,-0.96697168
38456.0618265648,3.7260542,-0.96697168
38457.0618266123,3.7257392,-0.96657721
38458.0618266598,3.7256999,-0.96677448
38459.0618267073,3.7256999,-0.96756348
38460.0618267548,3.725503,-0.96539368
38461.0618268023,3.725503,-0.96598547
38462.0618268498,3.725306,-0.96637994
38463.0618268973,3.7252274,-0.96736621
38464.0618269448,3.725188,-0.96637994
38465.0618269923,3.7250698,-0.96756348
38466.0618270398,3.7249517,-0.96697168
38467.0618270873,3.7249124,-0.96716901
38468.0618271348,3.7247155,-0.96637994
38469.0618271823,3.7246761,-0.96637994
38470.0618272298,3.7245185,-0.96499915
38471.0618272773,3.7244792,-0.96637994
38472.0618273248,3.7242823,-0.96677448
38473.0618273722,3.7242036,-0.96637994
38474.0618274197,3.7240462,-0.96578815
38475.0618274672,3.7241249,-0.96677448
38476.0618275147,3.7239673,-0.96677448
38477.0618275622,3.7237706,-0.96716901
38478.0618276097,3.7237706,-0.96697168
38479.0618276572,3.723613,-0.96657721
38480.0618277047,3.7235343,-0.96637994
38481.0618277522,3.7233374,-0.96736621
38482.0618277997,3.7232981,-0.96618268
38483.0618278472,3.7232587,-0.96657721
38484.0618278947,3.7231798,-0.96598547
38485.0618279422,3.7230618,-0.96795795
38486.0618279897,3.7229042,-0.96618268
38487.0618280372,3.7229042,-0.96697168
38488.0618280847,3.7227075,-0.96756348
38489.0618281322,3.7226286,-0.96736621
38490.0618281797,3.7225106,-0.96677448
38491.0618282272,3.722353,-0.96637994
38492.0618282747,3.722353,-0.96637994
38493.0618283222,3.7221956,-0.96618268
38494.0618283697,3.7221563,-0.96618268
38495.0618284172,3.7219594,-0.96637994
38496.0618284647,3.7218807,-0.96677448
38497.0618285122,3.7218411,-0.96697168
38498.0618285597,3.7217624,-0.96657721
38499.0618286072,3.7216051,-0.96756348
38500.0618286547,3.7214868,-0.96618268
38501.0618287022,3.7214475,-0.96716901
38502.0618287497,3.7213292,-0.96736621
38503.0618287972,3.7211719,-0.96637994
38504.0618288447,3.7211325,-0.96578815
38505.0618288922,3.7209749,-0.96697168
38506.0618289397,3.720778,-0.96598547
38507.0618289872,3.7208176,-0.96618268
38508.0618290347,3.720778,-0.96795795
38509.0618290822,3.7206206,-0.96677448
38510.0618291297,3.720542,-0.96618268
38511.0618291772,3.7206206,-0.96637994
38512.0618292246,3.720345,-0.96697168
38513.0618292721,3.7202663,-0.96776074
38514.0618293196,3.7201087,-0.96519647
38515.0618293671,3.7199907,-0.96637994
38516.0618294146,3.7198725,-0.96637994
38517.0618294621,3.7198725,-0.96598547
38518.0618295096,3.7197545,-0.96716901
38519.0618295571,3.7196755,-0.96637994
38520.0618296046,3.7195182,-0.96677448
38521.0618296521,3.7193606,-0.96697168
38522.0618296996,3.7192819,-0.96598547
38523.0618297471,3.7192032,-0.96677448
38524.0618297946,3.7191637,-0.96677448
38525.0618298421,3.7190063,-0.96677448
38526.0618298896,3.7189276,-0.96716901
38527.0618299371,3.7188094,-0.96697168
38528.0618299846,3.7187307,-0.96716901
38529.0618300321,3.718652,-0.96697168
38530.0618300796,3.7185731,-0.96618268
38531.0618301271,3.7184551,-0.96736621
38532.0618301746,3.7184157,-0.96756348
38533.0618302221,3.7182581,-0.96637994
38534.0618302696,3.7181795,-0.96677448
38535.0618303171,3.7179825,-0.96657721
38536.0618303646,3.7180219,-0.96618268
38537.0618304121,3.7178252,-0.96716901
38538.0618304596,3.7177069,-0.96677448
38539.0618305071,3.7177856,-0.96637994
38540.0618305546,3.71751,-0.96637994
38541.0618306021,3.7174706,-0.96697168
38542.0618306496,3.7173133,-0.96578815
38543.0618306971,3.7172344,-0.96637994
38544.0618307446,3.717195,-0.96677448
38545.0618307921,3.7171164,-0.96598547
38546.0618308396,3.717077,-0.96677448
38547.0618308871,3.7168801,-0.96795795
38548.0618309346,3.7167621,-0.96657721
38549.0618309821,3.7166831,-0.96776074
38550.0618310296,3.7166438,-0.96637994
38551.0618310771,3.7164075,-0.96637994
38552.0618311245,3.7164865,-0.96677448
38553.061831172,3.7162502,-0.96657721
38554.0618312195,3.7162895,-0.96598547
38555.061831267,3.7162108,-0.96697168
38556.0618313145,3.7160139,-0.96716901
38557.061831362,3.7159746,-0.96618268
38558.0618314095,3.7158563,-0.96637994
38559.061831457,3.7156594,-0.96637994
38560.0618315045,3.7155414,-0.96598547
38561.061831552,3.715502,-0.96657721
38562.0618315995,3.7153838,-0.96677448
38563.061831647,3.7153051,-0.96637994
38564.0618316945,3.7152658,-0.96736621
38565.061831742,3.7151871,-0.96677448
38566.0618317895,3.7148721,-0.96697168
38567.061831837,3.7149115,-0.96618268
38568.0618318845,3.7148721,-0.96736621
38569.061831932,3.7146752,-0.96657721
38570.0618319795,3.7146752,-0.96578815
38571.061832027,3.7145569,-0.96677448
38572.0618320745,3.7144389,-0.96657721
38573.061832122,3.7143996,-0.96756348
38574.0618321695,3.714242,-0.96697168
38575.061832217,3.714124,-0.96697168
38576.0618322645,3.7140846,-0.96736621
38577.061832312,3.714045,-0.96618268
38578.0618323595,3.7138484,-0.96736621
38579.061832407,3.7137694,-0.96697168
38580.0618324545,3.7136514,-0.96697168
38581.061832502,3.7136121,-0.96519647
38582.0618325495,3.7134938,-0.96618268
38583.061832597,3.7134151,-0.96598547
38584.0618326445,3.7132578,-0.96637994
38585.061832692,3.7132182,-0.96637994
38586.0618327395,3.7131395,-0.96697168
38587.061832787,3.7130609,-0.96657721
38588.0618328345,3.7127852,-0.96657721
38589.061832882,3.7127852,-0.96677448
38590.0618329295,3.7127066,-0.96736621
38591.0618329769,3.7127066,-0.96697168
38592.0618330244,3.7125883,-0.96637994
38593.0618330719,3.712352,-0.96697168
38594.0618331194,3.712352,-0.96539368
38595.0618331669,3.7121947,-0.96637994
38596.0618332144,3.7121947,-0.96716901
38597.0618332619,3.7120371,-0.96657721
38598.0618333094,3.7119191,-0.96618268
38599.0618333569,3.7119191,-0.96736621
38600.0618334044,3.7117221,-0.96756348
38601.0618334519,3.7116828,-0.96657721
38602.0618334994,3.7115645,-0.96657721
38603.0618335469,3.7115645,-0.96815521
38604.0618335944,3.7112889,-0.96716901
38605.0618336419,3.7114072,-0.96756348
38606.0618336894,3.7112103,-0.96677448
38607.0618337369,3.7111316,-0.96716901
38608.0618337844,3.710974,-0.96539368
38609.0618338319,3.7108953,-0.96716901
38610.0618338794,3.7108953,-0.96559094
38611.0618339269,3.7108166,-0.96697168
38612.0618339744,3.710659,-0.96618268
38613.0618340219,3.710541,-0.96637994
38614.0618340694,3.710541,-0.96618268
38615.0618341169,3.7103047,-0.96815521
38616.0618341644,3.7102258,-0.96835242
38617.0618342119,3.7100685,-0.96598547
38618.0618342594,3.7100685,-0.96697168
38619.0618343069,3.7100291,-0.96618268
38620.0618343544,3.7098322,-0.96618268
38621.0618344019,3.7097535,-0.96795795
38622.0618344494,3.7097139,-0.96697168
38623.0618344969,3.7096746,-0.96716901
38624.0618345444,3.7094779,-0.96677448
38625.0618345919,3.7094779,-0.96677448
38626.0618346394,3.709281,-0.96736621
38627.0618346869,3.7092416,-0.96716901
38628.0618347344,3.709084,-0.96637994
38629.0618347819,3.7090054,-0.96697168
38630.0618348293,3.7089267,-0.96598547
38631.0618348768,3.7088871,-0.96697168
38632.0618349243,3.7087691,-0.96716901
38633.0618349718,3.7086115,-0.96618268
38634.0618350193,3.7085721,-0.96756348
38635.0618350668,3.7084935,-0.96697168
38636.0618351143,3.7083752,-0.96618268
38637.0618351618,3.7082965,-0.96677448
38638.0618352093,3.7081785,-0.96697168
38639.0618352568,3.7080603,-0.96598547
38640.0618353043,3.7080603,-0.96756348
38641.0618353518,3.7079029,-0.96677448
38642.0618353993,3.7077847,-0.96657721
38643.0618354468,3.7076666,-0.96697168
38644.0618354943,3.7076666,-0.96697168
38645.0618355418,3.707509,-0.96677448
38646.0618355893,3.7074697,-0.96756348
38647.0618356368,3.7072728,-0.96559094
38648.0618356843,3.7072728,-0.96716901
38649.0618357318,3.7072728,-0.96677448
38650.0618357793,3.7070761,-0.96637994
38651.0618358268,3.7069972,-0.96697168
38652.0618358743,3.7068398,-0.96716901
38653.0618359218,3.7068791,-0.96598547
38654.0618359693,3.7066822,-0.96618268
38655.0618360168,3.7066035,-0.96697168
38656.0618360643,3.7066035,-0.96736621
38657.0618361118,3.7064459,-0.96736621
38658.0618361593,3.7064066,-0.96697168
38659.0618362068,3.7062097,-0.96618268
38660.0618362543,3.706131,-0.96716901
38661.0618363018,3.706131,-0.96716901
38662.0618363493,3.7059736,-0.96598547
38663.0618363968,3.705816,-0.96637994
38664.0618364443,3.7057767,-0.96677448
38665.0618364918,3.7057767,-0.96697168
38666.0618365393,3.7055798,-0.96637994
38667.0618365868,3.7055011,-0.96815521
38668.0618366343,3.7053828,-0.96637994
38669.0618366817,3.7053435,-0.96776074
38670.0618367292,3.7053041,-0.96795795
38671.0618367767,3.7051861,-0.96559094
38672.0618368242,3.7049892,-0.96539368
38673.0618368717,3.7048316,-0.96716901
38674.0618369192,3.7048316,-0.96637994
38675.0618369667,3.7047529,-0.96736621
38676.0618370142,3.7046742,-0.96578815
38677.0618370617,3.704438,-0.96697168
38678.0618371092,3.7044773,-0.96618268
38679.0618371567,3.7043986,-0.96637994
38680.0618372042,3.7043197,-0.96716901
38681.0618372517,3.7042017,-0.96677448
38682.0618372992,3.7041624,-0.96637994
38683.0618373467,3.7040837,-0.96716901
38684.0618373942,3.7038867,-0.96697168
38685.0618374417,3.7038081,-0.96716901
38686.0618374892,3.7038081,-0.96756348
38687.0618375367,3.7036898,-0.96677448
38688.0618375842,3.7036111,-0.96677448
38689.0618376317,3.7034929,-0.96578815
38690.0618376792,3.7033749,-0.96736621
38691.0618377267,3.7032173,-0.96637994
38692.0618377742,3.7030993,-0.96657721
38693.0618378217,3.7031386,-0.96677448
38694.0618378692,3.7030206,-0.96598547
38695.0618379167,3.702863,-0.96657721
38696.0618379642,3.702863,-0.96637994
38697.0618380117,3.7027054,-0.96677448
38698.0618380592,3.7026267,-0.96618268
38699.0618381067,3.7025874,-0.96697168
38700.0618381542,3.7024693,-0.96637994
38701.0618382017,3.7022331,-0.96716901
38702.0618382492,3.7023511,-0.96756348
38703.0618382967,3.7021937,-0.96697168
38704.0618383442,3.7021542,-0.96716901
38705.0618383917,3.7020755,-0.96637994
38706.0618384392,3.7020755,-0.96657721
38707.0618384867,3.7017999,-0.96716901
38708.0618385342,3.7017999,-0.96637994
38709.0618385816,3.7016819,-0.96637994
38710.0618386291,3.7015243,-0.96598547
38711.0618386766,3.7015243,-0.96677448
38712.0618387241,3.7014456,-0.96795795
38713.0618387716,3.7013273,-0.96697168
38714.0618388191,3.701288,-0.96637994
38715.0618388666,3.7010911,-0.96539368
38716.0618389141,3.7010517,-0.96637994
38717.0618389616,3.700973,-0.96854974
38718.0618390091,3.7008154,-0.96697168
38719.0618390566,3.7007368,-0.96618268
38720.0618391041,3.7006187,-0.96677448
38721.0618391516,3.7005005,-0.96598547
38722.0618391991,3.7005005,-0.96598547
38723.0618392466,3.7004218,-0.96677448
38724.0618392941,3.7002249,-0.96657721
38725.0618393416,3.7000675,-0.96795795
38726.0618393891,3.7001462,-0.96637994
38727.0618394366,3.6999099,-0.96697168
38728.0618394841,3.7001069,-0.96637994
38729.0618395316,3.6999493,-0.96795795
38730.0618395791,3.6997526,-0.96697168
38731.0618396266,3.699713,-0.96736621
38732.0618396741,3.6995556,-0.96697168
38733.0618397216,3.699398,-0.96637994
38734.0618397691,3.699398,-0.96697168
38735.0618398166,3.6993194,-0.96736621
38736.0618398641,3.69928,-0.96618268
38737.0618399116,3.6990044,-0.96598547
38738.0618399591,3.6990438,-0.96677448
38739.0618400066,3.6989651,-0.96697168
38740.0618400541,3.6988862,-0.96756348
38741.0618401016,3.6987288,-0.96618268
38742.0618401491,3.6987681,-0.96618268
38743.0618401966,3.6985319,-0.96697168
38744.0618402441,3.6984925,-0.96657721
38745.0618402916,3.6983349,-0.96776074
38746.0618403391,3.6983349,-0.96795795
38747.0618403866,3.6982169,-0.96657721
38748.061840434,3.6981776,-0.96677448
38749.0618404815,3.69802,-0.96776074
38750.061840529,3.6979413,-0.96795795
38751.0618405765,3.6977444,-0.96854974
38752.061840624,3.697705,-0.96795795
38753.0618406715,3.6976264,-0.96637994
38754.061840719,3.6975474,-0.96657721
38755.0618407665,3.6975474,-0.96578815
38756.061840814,3.6975081,-0.96756348
38757.0618408615,3.6973901,-0.96657721
38758.061840909,3.6973507,-0.96657721
38759.0618409565,3.6971931,-0.96677448
38760.061841004,3.6970356,-0.96618268
38761.0618410515,3.6970751,-0.96657721
38762.061841099,3.6968389,-0.96716901
38763.0618411465,3.6967599,-0.96716901
38764.061841194,3.6967206,-0.96716901
38765.0618412415,3.6967995,-0.96736621
38766.061841289,3.6965632,-0.96736621
38767.0618413365,3.696445,-0.96657721
38768.061841384,3.696327,-0.96598547
38769.0618414315,3.6962087,-0.96716901
38770.061841479,3.6962483,-0.96697168
38771.0618415265,3.69613,-0.96657721
38772.061841574,3.6960514,-0.96598547
38773.0618416215,3.6958938,-0.96637994
38774.061841669,3.696012,-0.96697168
38775.0618417165,3.6958544,-0.96716901
38776.061841764,3.6955788,-0.96677448
38777.0618418115,3.6955788,-0.96677448
38778.061841859,3.6954212,-0.96756348
38779.0618419065,3.6954212,-0.96697168
38780.061841954,3.6953032,-0.96677448
38781.0618420015,3.6952639,-0.96677448
38782.061842049,3.6949883,-0.96657721
38783.0618420965,3.6950669,-0.96795795
38784.061842144,3.6949883,-0.96598547
38785.0618421915,3.69487,-0.96618268
38786.061842239,3.6947126,-0.96578815
38787.0618422864,3.694752,-0.96598547
38788.0618423339,3.6947126,-0.96657721
38789.0618423814,3.6943977,-0.96795795
38790.0618424289,3.6943188,-0.96776074
38791.0618424764,3.6942401,-0.96697168
38792.0618425239,3.6943583,-0.96697168
38793.0618425714,3.6940827,-0.96697168
38794.0618426189,3.6940038,-0.96657721
38795.0618426664,3.6939645,-0.96677448
38796.0618427139,3.6939251,-0.96637994
38797.0618427614,3.6937675,-0.96677448
38798.0618428089,3.6937282,-0.96637994
38799.0618428564,3.6936102,-0.96677448
38800.0618429039,3.6935313,-0.96677448
38801.0618429514,3.6934133,-0.96677448
38802.0618429989,3.6933346,-0.96697168
38803.0618430464,3.6932163,-0.96657721
38804.0618430939,3.6931376,-0.96618268
38805.0618431414,3.6932163,-0.96776074
38806.0618431889,3.6930196,-0.96657721
38807.0618432364,3.6928227,-0.96756348
38808.0618432839,3.692862,-0.96657721
38809.0618433314,3.6926651,-0.96657721
38810.0618433789,3.6927044,-0.96835242
38811.0618434264,3.6925471,-0.96677448
38812.0618434739,3.6925077,-0.96657721
38813.0618435214,3.6925077,-0.96697168
38814.0618435689,3.6923108,-0.96618268
38815.0618436164,3.6922715,-0.96657721
38816.0618436639,3.6921928,-0.96677448
38817.0618437114,3.6921139,-0.96637994
38818.0618437589,3.6918776,-0.96618268
38819.0618438064,3.6919565,-0.96618268
38820.0618438539,3.6917989,-0.96756348
38821.0618439014,3.6917989,-0.96677448
38822.0618439489,3.691602,-0.96618268
38823.0618439964,3.691484,-0.96716901
38824.0618440439,3.6914446,-0.96578815
38825.0618440914,3.6913264,-0.96598547
38826.0618441388,3.6912084,-0.96677448
38827.0618441863,3.691169,-0.96618268
38828.0618442338,3.691169,-0.96657721
38829.0618442813,3.6910114,-0.96933875
38830.0618443288,3.6909721,-0.96815521
38831.0618443763,3.6908934,-0.96716901
38832.0618444238,3.6907358,-0.96697168
38833.0618444713,3.6906965,-0.96618268
38834.0618445188,3.6906178,-0.96697168
38835.0618445663,3.6905389,-0.96559094
38836.0618446138,3.6904209,-0.96677448
38837.0618446613,3.6903422,-0.96697168
38838.0618447088,3.6901846,-0.96598547
38839.0618447563,3.6900666,-0.96677448
38840.0618448038,3.6901846,-0.96677448
38841.0618448513,3.6900272,-0.96559094
38842.0618448988,3.689909,-0.96519647
38843.0618449463,3.689791,-0.96499915
38844.0618449938,3.689791,-0.96736621
38845.0618450413,3.6896334,-0.96677448
38846.0618450888,3.6895547,-0.96677448
38847.0618451363,3.6893971,-0.96598547
38848.0618451838,3.6893971,-0.96637994
38849.0618452313,3.6893184,-0.96637994
38850.0618452788,3.6892791,-0.96559094
38851.0618453263,3.6892397,-0.96637994
38852.0618453738,3.6891215,-0.96578815
38853.0618454213,3.6890035,-0.96598547
38854.0618454688,3.6888459,-0.96618268
38855.0618455163,3.6888065,-0.96598547
38856.0618455638,3.6886096,-0.96578815
38857.0618456113,3.6886885,-0.96618268
38858.0618456588,3.6885309,-0.96637994
38859.0618457063,3.6884916,-0.96618268
38860.0618457538,3.688334,-0.96736621
38861.0618458013,3.6882946,-0.96697168
38862.0618458488,3.6882946,-0.96637994
38863.0618458963,3.6880584,-0.96578815
38864.0618459438,3.688019,-0.96677448
38865.0618459912,3.6879797,-0.96736621
38866.0618460387,3.687901,-0.96657721
38867.0618460862,3.6878221,-0.96776074
38868.0618461337,3.6877041,-0.96578815
38869.0618461812,3.6875465,-0.96776074
38870.0618462287,3.6875072,-0.96539368
38871.0618462762,3.6874285,-0.96559094
38872.0618463237,3.6873498,-0.96637994
38873.0618463712,3.6873102,-0.96697168
38874.0618464187,3.6871922,-0.96637994
38875.0618464662,3.6870742,-0.96677448
38876.0618465137,3.6869953,-0.96677448
38877.0618465612,3.6869559,-0.96697168
38878.0618466087,3.6868379,-0.96697168
38879.0618466562,3.6868773,-0.96637994
38880.0618467037,3.6865623,-0.96716901
38881.0618467512,3.6865623,-0.96756348
38882.0618467987,3.6864834,-0.96716901
38883.0618468462,3.6863654,-0.96776074
38884.0618468937,3.6863654,-0.96657721
38885.0618469412,3.6862471,-0.96795795
38886.0618469887,3.6861684,-0.96598547
38887.0618470362,3.6860111,-0.96933875
38888.0618470837,3.6859322,-0.96716901
38889.0618471312,3.6857355,-0.96736621
38890.0618471787,3.6858141,-0.96618268
38891.0618472262,3.6856172,-0.96598547
38892.0618472737,3.6856565,-0.96637994
38893.0618473212,3.6854992,-0.96519647
38894.0618473687,3.6855779,-0.96697168
38895.0618474162,3.6854599,-0.96618268
38896.0618474637,3.6853023,-0.96815521
38897.0618475112,3.6852236,-0.96756348
38898.0618475587,3.6852629,-0.96578815
38899.0618476062,3.685066,-0.96657721
38900.0618476537,3.685066,-0.96677448
38901.0618477012,3.6849873,-0.96697168
38902.0618477487,3.6848297,-0.96637994
38903.0618477962,3.6846724,-0.96618268
38904.0618478437,3.684751,-0.96697168
38905.0618478911,3.684633,-0.96697168
38906.0618479386,3.6844754,-0.96578815
38907.0618479861,3.6843178,-0.96716901
38908.0618480336,3.6843572,-0.96637994
38909.0618480811,3.6841998,-0.96618268
38910.0618481286,3.6842391,-0.96519647
38911.0618481761,3.6840422,-0.96776074
38912.0618482236,3.6840816,-0.96559094
38913.0618482711,3.6838849,-0.96716901
38914.0618483186,3.6837666,-0.96618268
38915.0618483661,3.6837666,-0.96618268
38916.0618484136,3.6836879,-0.96657721
38917.0618484611,3.6836486,-0.96677448
38918.0618485086,3.6834517,-0.96598547
38919.0618485561,3.683373,-0.96657721
38920.0618486036,3.6832547,-0.96657721
38921.0618486511,3.6832547,-0.96657721
38922.0618486986,3.6830974,-0.96795795
38923.0618487461,3.683058,-0.96795795
38924.0618487936,3.6829398,-0.96637994
38925.0618488411,3.6829004,-0.96657721
38926.0618488886,3.6827824,-0.96598547
38927.0618489361,3.6826642,-0.96578815
38928.0618489836,3.6827431,-0.96637994
38929.0618490311,3.6827035,-0.96657721
38930.0618490786,3.6825461,-0.96618268
38931.0618491261,3.6824279,-0.96716901
38932.0618491736,3.6822705,-0.96697168
38933.0618492211,3.6822705,-0.96716901
38934.0618492686,3.6820736,-0.96697168
38935.0618493161,3.6821916,-0.96657721
38936.0618493636,3.681916,-0.96598547
38937.0618494111,3.6818767,-0.96657721
38938.0618494586,3.68168,-0.96657721
38939.0618495061,3.6818373,-0.96657721
38940.0618495536,3.68168,-0.96598547
38941.0618496011,3.6816404,-0.96657721
38942.0618496486,3.681483,-0.96618268
38943.0618496961,3.681483,-0.96539368
38944.0618497435,3.6813648,-0.96677448
38945.061849791,3.6813254,-0.96539368
38946.0618498385,3.6811681,-0.96598547
38947.061849886,3.6810105,-0.96578815
38948.0618499335,3.6810105,-0.96637994
38949.061849981,3.6808925,-0.96539368
38950.0618500285,3.6808925,-0.96499915
38951.061850076,3.6807742,-0.96559094
38952.0618501235,3.6806169,-0.96657721
38953.061850171,3.6806562,-0.96618268
38954.0618502185,3.6804986,-0.96637994
38955.061850266,3.6804593,-0.96578815
38956.0618503135,3.6803806,-0.96539368
38957.061850361,3.6802623,-0.96598547
38958.0618504085,3.6801836,-0.96756348
38959.061850456,3.6800656,-0.96776074
38960.0618505035,3.6799867,-0.96815521
38961.061850551,3.6798687,-0.96756348
38962.0618505985,3.67979,-0.96598547
38963.061850646,3.67979,-0.96716901
38964.0618506935,3.6797111,-0.96598547
38965.061850741,3.6796324,-0.96618268
38966.0618507885,3.6795537,-0.96736621
38967.061850836,3.6794355,-0.96716901
38968.0618508835,3.6793568,-0.96618268
38969.061850931,3.6792781,-0.96559094
38970.0618509785,3.6791599,-0.96539368
38971.061851026,3.6793175,-0.96756348
38972.0618510735,3.6790025,-0.96697168
38973.061851121,3.6790025,-0.96618268
38974.0618511685,3.6789632,-0.96618268
38975.061851216,3.6787663,-0.96697168
38976.0618512635,3.6787269,-0.96578815
38977.061851311,3.678648,-0.96618268
38978.0618513585,3.6784906,-0.96480194
38979.061851406,3.6784117,-0.96559094
38980.0618514535,3.6784117,-0.96637994
38981.061851501,3.678215,-0.96578815
38982.0618515485,3.678333,-0.96637994
38983.0618515959,3.6780968,-0.96598547
38984.0618516434,3.6780574,-0.96677448
38985.0618516909,3.6779394,-0.96598547
38986.0618517384,3.6778605,-0.96756348
38987.0618517859,3.6777425,-0.96677448
38988.0618518334,3.6777425,-0.96618268
38989.0618518809,3.6776245,-0.96499915
38990.0618519284,3.6776638,-0.96637994
38991.0618519759,3.6774669,-0.96637994
38992.0618520234,3.6773093,-0.96697168
38993.0618520709,3.6773882,-0.96637994
38994.0618521184,3.6772306,-0.96795795
38995.0618521659,3.6771126,-0.96637994
38996.0618522134,3.6771519,-0.96697168
38997.0618522609,3.6770337,-0.96637994
38998.0618523084,3.6769156,-0.96637994
38999.0618523559,3.6768763,-0.96598547
39000.0618524034,3.676837,-0.96657721
39001.0618524509,3.67664,-0.96578815
39002.0618524984,3.67664,-0.96697168
39003.0618525459,3.6764824,-0.96559094
39004.0618525934,3.6763251,-0.96716901
39005.0618526409,3.6764038,-0.96657721
39006.0618526884,3.6763251,-0.96736621
39007.0618527359,3.6762857,-0.96736621
39008.0618527834,3.6762068,-0.96697168
39009.0618528309,3.6760495,-0.96697168
39010.0618528784,3.6759312,-0.96835242
39011.0618529259,3.6759312,-0.96933875
39012.0618529734,3.6757345,-0.96716901
39013.0618530209,3.6756163,-0.96716901
39014.0618530684,3.6756949,-0.96539368
39015.0618531159,3.6755376,-0.96637994
39016.0618531634,3.6756556,-0.96637994
39017.0618532109,3.6754193,-0.96637994
39018.0618532584,3.6753407,-0.96598547
39019.0618533059,3.6753013,-0.96795795
39020.0618533534,3.6752226,-0.96637994
39021.0618534009,3.6751437,-0.96697168
39022.0618534483,3.675065,-0.96618268
39023.0618534958,3.674947,-0.96637994
39024.0618535433,3.6747894,-0.96716901
39025.0618535908,3.6747894,-0.96618268
39026.0618536383,3.6747108,-0.96618268
39027.0618536858,3.6746318,-0.96736621
39028.0618537333,3.6745532,-0.96618268
39029.0618537808,3.6743169,-0.96657721
39030.0618538283,3.6743958,-0.96697168
39031.0618538758,3.6743169,-0.96716901
39032.0618539233,3.6742775,-0.96657721
39033.0618539708,3.6741989,-0.96677448
39034.0618540183,3.6740806,-0.96657721
39035.0618540658,3.6740413,-0.96618268
39036.0618541133,3.6740019,-0.96578815
39037.0618541608,3.6738839,-0.96677448
39038.0618542083,3.6738446,-0.96618268
39039.0618542558,3.673687,-0.96657721
39040.0618543033,3.6735294,-0.96578815
39041.0618543508,3.67349,-0.96637994
39042.0618543983,3.6733327,-0.96598547
39043.0618544458,3.673372,-0.96519647
39044.0618544933,3.6732538,-0.96756348
39045.0618545408,3.6731751,-0.96697168
39046.0618545883,3.6731358,-0.96697168
39047.0618546358,3.6730175,-0.96697168
39048.0618546833,3.6730175,-0.96618268
39049.0618547308,3.6729782,-0.96618268
39050.0618547783,3.6727419,-0.96716901
39051.0618548258,3.6726632,-0.96657721
39052.0618548733,3.6727026,-0.96874695
39053.0618549208,3.6725452,-0.96677448
39054.0618549683,3.6725845,-0.96618268
39055.0618550158,3.6725059,-0.96677448
39056.0618550633,3.6723876,-0.96854974
39057.0618551108,3.6722696,-0.96697168
39058.0618551583,3.6722302,-0.96776074
39059.0618552058,3.6720726,-0.96637994
39060.0618552533,3.6720726,-0.96677448
39061.0618553008,3.6718757,-0.96618268
39062.0618553482,3.6717577,-0.96598547
39063.0618553957,3.6717184,-0.96618268
39064.0618554432,3.6717577,-0.96618268
39065.0618554907,3.6716001,-0.96657721
39066.0618555382,3.6714427,-0.96618268
39067.0618555857,3.6714821,-0.96559094
39068.0618556332,3.6714032,-0.96598547
39069.0618556807,3.6714032,-0.96637994
39070.0618557282,3.6712065,-0.96578815
39071.0618557757,3.6710882,-0.96736621
39072.0618558232,3.6710882,-0.96677448
39073.0618558707,3.6709309,-0.96637994
39074.0618559182,3.6709702,-0.96677448
39075.0618559657,3.6708915,-0.96618268
39076.0618560132,3.6707733,-0.96618268
39077.0618560607,3.6705763,-0.96677448
39078.0618561082,3.6706946,-0.96657721
39079.0618561557,3.6704977,-0.96637994
39080.0618562032,3.670419,-0.96716901
39081.0618562507,3.6703796,-0.96637994
39082.0618562982,3.6703403,-0.96578815
39083.0618563457,3.6703403,-0.96736621
39084.0618563932,3.6701827,-0.96736621
39085.0618564407,3.6701434,-0.96598547
39086.0618564882,3.6699858,-0.96677448
39087.0618565357,3.6699071,-0.96578815
39088.0618565832,3.6697891,-0.96578815
39089.0618566307,3.6698284,-0.96559094
39090.0618566782,3.6696315,-0.96618268
39091.0618567257,3.6696315,-0.96637994
39092.0618567732,3.6695921,-0.96598547
39093.0618568207,3.6694739,-0.96795795
39094.0618568682,3.6693559,-0.96657721
39095.0618569157,3.6694739,-0.96598547
39096.0618569632,3.6692772,-0.96539368
39097.0618570107,3.6691589,-0.96716901
39098.0618570582,3.6691589,-0.96637994
39099.0618571057,3.6690803,-0.96736621
39100.0618571532,3.668844,-0.96578815
39101.0618572006,3.668844,-0.96835242
39102.0618572481,3.6688046,-0.96637994
39103.0618572956,3.6687653,-0.96637994
39104.0618573431,3.668529,-0.96519647
39105.0618573906,3.6686077,-0.96618268
39106.0618574381,3.6684108,-0.96598547
39107.0618574856,3.6682928,-0.96578815
39108.0618575331,3.6682928,-0.96657721
39109.0618575806,3.6682928,-0.96697168
39110.0618576281,3.6682141,-0.96657721
39111.0618576756,3.6680565,-0.96657721
39112.0618577231,3.6679778,-0.96657721
39113.0618577706,3.6679385,-0.96736621
39114.0618578181,3.6678202,-0.96756348
39115.0618578656,3.6677809,-0.96578815
39116.0618579131,3.6677022,-0.96795795
39117.0618579606,3.6675446,-0.96776074
39118.0618580081,3.6675839,-0.96677448
39119.0618580556,3.6674659,-0.96697168
39120.0618581031,3.6674266,-0.96618268
39121.0618581506,3.6673477,-0.96677448
39122.0618581981,3.6672297,-0.96578815
39123.0618582456,3.667151,-0.96736621
39124.0618582931,3.6670327,-0.96657721
39125.0618583406,3.6669934,-0.96677448
39126.0618583881,3.6669147,-0.96697168
39127.0618584356,3.666836,-0.96618268
39128.0618584831,3.6667178,-0.96637994
39129.0618585306,3.6667178,-0.96637994
39130.0618585781,3.6666784,-0.96697168
39131.0618586256,3.6664815,-0.96519647
39132.0618586731,3.6664422,-0.96677448
39133.0618587206,3.6665208,-0.96716901
39134.0618587681,3.6663635,-0.96795795
39135.0618588156,3.6662452,-0.96716901
39136.0618588631,3.6662059,-0.96677448
39137.0618589106,3.6660879,-0.96677448
39138.0618589581,3.6659696,-0.96657721
39139.0618590056,3.6659696,-0.96578815
39140.061859053,3.6658123,-0.96598547
39141.0618591005,3.6658123,-0.96598547
39142.061859148,3.6656547,-0.96697168
39143.0618591955,3.6657333,-0.96756348
39144.061859243,3.6656547,-0.96776074
39145.0618592905,3.6654577,-0.96697168
39146.061859338,3.6653004,-0.96677448
39147.0618593855,3.6652217,-0.96637994
39148.061859433,3.6653397,-0.96697168
39149.0618594805,3.6651821,-0.96657721
39150.061859528,3.6651428,-0.96756348
39151.0618595755,3.6650248,-0.96716901
39152.061859623,3.6650248,-0.96776074
39153.0618596705,3.6647098,-0.96776074
39154.061859718,3.6647491,-0.96677448
39155.0618597655,3.6647885,-0.96657721
39156.061859813,3.6646309,-0.96618268
39157.0618598605,3.6645916,-0.96637994
39158.061859908,3.6645916,-0.96657721
39159.0618599555,3.6643949,-0.96618268
39160.061860003,3.6644342,-0.96697168
39161.0618600505,3.6643553,-0.96736621
39162.061860098,3.6642766,-0.96716901
39163.0618601455,3.6641979,-0.96697168
39164.061860193,3.6639616,-0.96637994
39165.0618602405,3.6639616,-0.96578815
39166.061860288,3.663883,-0.96578815
39167.0618603355,3.6638434,-0.96677448
39168.061860383,3.6639223,-0.96657721
39169.0618604305,3.6637254,-0.96736621
39170.061860478,3.6635678,-0.96519647
39171.0618605255,3.6636074,-0.96736621
39172.061860573,3.6633711,-0.96637994
39173.0618606205,3.6634891,-0.96657721
39174.061860668,3.6632528,-0.96776074
39175.0618607155,3.6632135,-0.96559094
39176.061860763,3.6632135,-0.96559094
39177.0618608105,3.6630561,-0.96657721
39178.061860858,3.6630166,-0.96519647
39179.0618609054,3.6629772,-0.96657721
39180.0618609529,3.6629772,-0.96637994
39181.0618610004,3.6628199,-0.96657721
39182.0618610479,3.6626623,-0.96637994
39183.0618610954,3.6625443,-0.96637994
39184.0618611429,3.6625836,-0.96677448
39185.0618611904,3.6624653,-0.96677448
39186.0618612379,3.662426,-0.96618268
39187.0618612854,3.662426,-0.96736621
39188.0618613329,3.6623867,-0.96716901
39189.0618613804,3.6621504,-0.96657721
39190.0618614279,3.6620324,-0.96697168
39191.0618614754,3.6620717,-0.96618268
39192.0618615229,3.661993,-0.96657721
39193.0618615704,3.6619141,-0.96657721
39194.0618616179,3.6617961,-0.96677448
39195.0618616654,3.6617174,-0.96756348
39196.0618617129,3.6617568,-0.96677448
39197.0618617604,3.6616778,-0.96657721
39198.0618618079,3.6615598,-0.96815521
39199.0618618554,3.6613629,-0.96716901
39200.0618619029,3.6613629,-0.96716901
39201.0618619504,3.6612842,-0.96697168
39202.0618619979,3.6613235,-0.96677448
39203.0618620454,3.6610479,-0.96637994
39204.0618620929,3.6610873,-0.96637994
39205.0618621404,3.6609693,-0.96618268
39206.0618621879,3.6610086,-0.96697168
39207.0618622354,3.6608117,-0.96697168
39208.0618622829,3.6607723,-0.96776074
39209.0618623304,3.6606936,-0.96657721
39210.0618623779,3.6606543,-0.96637994
39211.0618624254,3.6605361,-0.96697168
39212.0618624729,3.6605754,-0.96874695
39213.0618625204,3.6603787,-0.96578815
39214.0618625679,3.6603394,-0.96657721
39215.0618626154,3.6603394,-0.96677448
39216.0618626629,3.6602604,-0.96559094
39217.0618627104,3.6602604,-0.96716901
39218.0618627579,3.6601031,-0.96736621
39219.0618628053,3.6600242,-0.96657721
39220.0618628528,3.6599848,-0.96657721
39221.0618629003,3.6598668,-0.96657721
39222.0618629478,3.6598275,-0.96519647
39223.0618629953,3.6596699,-0.96637994
39224.0618630428,3.6595912,-0.96519647
39225.0618630903,3.6596699,-0.96677448
39226.0618631378,3.6595519,-0.96637994
39227.0618631853,3.6594336,-0.96677448
39228.0618632328,3.6593549,-0.96637994
39229.0618632803,3.6593549,-0.96637994
39230.0618633278,3.6591973,-0.96598547
39231.0618633753,3.6591973,-0.96756348
39232.0618634228,3.6591187,-0.96637994
39233.0618634703,3.6590793,-0.96677448
39234.0618635178,3.6589611,-0.96756348
39235.0618635653,3.658843,-0.96618268
39236.0618636128,3.658725,-0.96657721
39237.0618636603,3.658725,-0.96776074
39238.0618637078,3.6586461,-0.96756348
39239.0618637553,3.6586461,-0.96598547
39240.0618638028,3.6583312,-0.96677448
39241.0618638503,3.6584888,-0.96618268
39242.0618638978,3.6583705,-0.96657721
39243.0618639453,3.6583312,-0.96637994
39244.0618639928,3.6581736,-0.96677448
39245.0618640403,3.6582131,-0.96657721
39246.0618640878,3.6580555,-0.96657721
39247.0618641353,3.6579769,-0.96677448
39248.0618641828,3.6580162,-0.96677448
39249.0618642303,3.6578586,-0.96815521
39250.0618642778,3.6577799,-0.96835242
39251.0618643253,3.6577799,-0.96637994
39252.0618643728,3.6576619,-0.96835242
39253.0618644203,3.657465,-0.96637994
39254.0618644678,3.6575437,-0.96657721
39255.0618645153,3.6574256,-0.96618268
39256.0618645628,3.6575437,-0.96618268
39257.0618646103,3.657268,-0.96618268
39258.0618646577,3.657268,-0.96618268
39259.0618647052,3.6572287,-0.96539368
39260.0618647527,3.6571107,-0.96598547
39261.0618648002,3.6570318,-0.96578815
39262.0618648477,3.6569531,-0.96697168
39263.0618648952,3.6567562,-0.96697168
39264.0618649427,3.6568351,-0.96637994
39265.0618649902,3.6566775,-0.96578815
39266.0618650377,3.6566775,-0.96677448
39267.0618650852,3.6566381,-0.96598547
39268.0618651327,3.6565592,-0.96637994
39269.0618651802,3.6565199,-0.96618268
39270.0618652277,3.6563625,-0.96657721
39271.0618652752,3.6562443,-0.96677448
39272.0618653227,3.6562049,-0.96716901
39273.0618653702,3.6561656,-0.96618268
39274.0618654177,3.6560869,-0.96736621
39275.0618654652,3.6560869,-0.96697168
39276.0618655127,3.6558506,-0.96697168
39277.0618655602,3.655772,-0.96716901
39278.0618656077,3.6558506,-0.96618268
39279.0618656552,3.6556931,-0.96697168
39280.0618657027,3.6556931,-0.96618268
39281.0618657502,3.6556537,-0.96637994
39282.0618657977,3.6554964,-0.96716901
39283.0618658452,3.6553781,-0.96578815
39284.0618658927,3.6552601,-0.96716901
39285.0618659402,3.6553781,-0.96637994
39286.0618659877,3.6552207,-0.96716901
39287.0618660352,3.6551025,-0.96677448
39288.0618660827,3.6550238,-0.96716901
39289.0618661302,3.6549845,-0.96854974
39290.0618661777,3.6549056,-0.96618268
39291.0618662252,3.6548662,-0.96697168
39292.0618662727,3.6548269,-0.96697168
39293.0618663202,3.6546693,-0.96716901
39294.0618663677,3.6545906,-0.96559094
39295.0618664152,3.6546693,-0.96657721
39296.0618664627,3.6545906,-0.96736621
39297.0618665101,3.6544726,-0.96578815
39298.0618665576,3.6543937,-0.96618268
39299.0618666051,3.6542757,-0.96559094
39300.0618666526,3.654315,-0.96736621
39301.0618667001,3.6541576,-0.96618268
39302.0618667476,3.6541181,-0.96697168
39303.0618667951,3.654197,-0.96736621
39304.0618668426,3.6539607,-0.96756348
39305.0618668901,3.654,-0.96618268
39306.0618669376,3.6537638,-0.96716901
39307.0618669851,3.6537638,-0.96637994
39308.0618670326,3.6538031,-0.96716901
39309.0618670801,3.6536851,-0.96736621
39309.0678670804,3.6536458,-0.96618268
39309.0698670805,3.6536064,-0.96559094
39309.1138670826,3.6775849,0
39369.1138699324,3.6868773,0
39429.1138727823,3.688216,0
39489.1138756321,3.6888852,0
39549.113878482,3.6895154,0
39609.1138813318,3.6898303,0
39669.1138841817,3.6900666,0
39729.1138870315,3.6903422,0
39789.1138898814,3.6906571,0
39849.1138927312,3.6907752,0
39909.1138955811,3.6910114,0
39969.1138984309,3.6912084,0
40029.1139012808,3.6914053,0
40089.1139041306,3.6915233,0
40149.1139069804,3.691602,0
40209.1139098303,3.6917202,0
40269.1139126801,3.6919565,0
40329.11391553,3.6919565,0
40389.1139183798,3.6920745,0
40449.1139212297,3.6923108,0
40509.1139240795,3.6922321,0
40569.1139269294,3.6923108,0
40629.1139297792,3.6924288,0
40689.1139326291,3.6925471,0
40749.1139354789,3.6926258,0
40809.1139383288,3.6926258,0
40869.1139411786,3.6927044,0
40929.1139440285,3.6928227,0
40989.1139468783,3.692862,0
41049.1139497282,3.6929407,0
41109.113952578,3.6928227,0
41169.1139554278,3.6929801,0
41229.1139582777,3.6929407,0
41289.1139611275,3.6929801,0
41349.1139639774,3.6930196,0
41409.1139668272,3.693177,0
41469.1139696771,3.693177,0
41529.1139725269,3.6930196,0
41589.1139753768,3.693059,0
41649.1139782266,3.693177,0
41709.1139810765,3.6933346,0
41769.1139839263,3.6933346,0
41829.1139867762,3.6932557,0
41889.113989626,3.6932557,0
41949.1139924759,3.6932557,0
42009.1139953257,3.6933739,0
42069.1139981756,3.6933739,0
42129.1140010254,3.6933739,0
42189.1140038752,3.6932952,0
42249.1140067251,3.6932952,0
42309.1140095749,3.6933346,0
42369.1140124248,3.6932952,0
42429.1140152746,3.6933346,0
42489.1140181245,3.6932952,0
42549.1140209743,3.6934133,0
42609.1140238242,3.6934133,0
42669.114026674,3.6934526,0
42729.1140295239,3.6935313,0
42789.1140323737,3.6934526,0
42849.1140352236,3.6934526,0
42909.1520380752,3.6934526,0
42909.1540380753,3.5222945,-6.4583198
42909.2540380801,3.5156009,-6.5297256
42909.3540380848,3.5140259,-6.5242026
42909.4540380896,3.5128055,-6.5285425
42909.5540380943,3.511703,-6.5257808
42909.6540380991,3.5109549,-6.5238081
42909.7540381038,3.5100098,-6.5245972
42909.8540381086,3.5092618,-6.5263721
42909.9540381133,3.5084743,-6.5253862
42910.0540381181,3.5080018,-6.5247944
42910.1540381228,3.5072143,-6.5259775
42910.2540381276,3.5067418,-6.5245972
42910.3540381323,3.5061512,-6.5263721
42910.4540381371,3.5055606,-6.5242026
42910.5540381418,3.5050094,-6.5249917
42910.6540381466,3.5044975,-6.525189
42910.7540381513,3.504025,-6.5242026
42910.8540381561,3.503592,-6.5238081
42910.9540381608,3.5031195,-6.5247944
42911.0540381656,3.5025682,-6.5245972
42911.1540381703,3.5022533,-6.5249917
42911.2540381751,3.5017414,-6.5259775
42911.3540381798,3.5013475,-6.5243999
42911.4540381846,3.5008359,-6.5259775
42911.5540381893,3.50056,-6.5249917
42911.6540381941,3.5001271,-6.5255835
42911.7540381988,3.4997332,-6.5249917
42911.8540382036,3.4994183,-6.5257808
42911.9540382083,3.4990246,-6.5257808
42912.0540382131,3.4987097,-6.5245972
42912.1540382178,3.4983158,-6.525189
42912.2540382226,3.4978828,-6.5242026
42912.3540382273,3.4976072,-6.5265693
42912.4540382321,3.4970953,-6.525189
42912.5540382368,3.4968984,-6.525189
42912.6540382416,3.4965045,-6.5249917
42912.7540382463,3.4961896,-6.5247944
42912.8540382511,3.4959533,-6.5240054
42912.9540382558,3.495599,-6.5242026
42913.0540382606,3.4952841,-6.5245972
42913.1540382653,3.4950085,-6.5240054
42913.2540382701,3.4946542,-6.5243999
42913.3540382748,3.4942997,-6.5243999
42913.4540382796,3.4940634,-6.5243999
42913.5540382843,3.4938273,-6.5238081
42913.6540382891,3.4935911,-6.5240054
42913.7540382938,3.4931972,-6.5253862
42913.8540382986,3.4929216,-6.5242026
42913.9540383033,3.492646,-6.5249917
42914.0540383081,3.4923704,-6.5242026
42914.1540383128,3.4919767,-6.5245972
42914.2540383175,3.4917798,-6.5240054
42914.3540383223,3.4915829,-6.5245972
42914.454038327,3.4913073,-6.5243999
42914.5540383318,3.491071,-6.5249917
42914.6540383365,3.490756,-6.5263721
42914.7540383413,3.4904411,-6.5242026
42914.854038346,3.4902048,-6.5265693
42914.9540383508,3.4900475,-6.525189
42915.0540383555,3.4898505,-6.5253862
42915.1540383603,3.489496,-6.5232158
42915.254038365,3.4893386,-6.5247944
42915.3540383698,3.4890237,-6.5247944
42915.4540383745,3.4887481,-6.5255835
42915.5540383793,3.4885905,-6.5234131
42915.654038384,3.4883542,-6.5245972
42915.7540383888,3.4880786,-6.5249917
42915.8540383935,3.487803,-6.5259775
42915.9540383983,3.487606,-6.5240054
42916.054038403,3.4873304,-6.5249917
42916.1540384078,3.4872518,-6.5245972
42916.2540384125,3.4870155,-6.5243999
42916.3540384173,3.4867005,-6.5249917
42916.454038422,3.4864643,-6.5245972
42916.5540384268,3.486228,-6.5253862
42916.6540384315,3.485992,-6.5240054
42916.7540384363,3.4857557,-6.5240054
42916.854038441,3.4856374,-6.5247944
42916.9540384458,3.4853618,-6.5247944
42917.0540384505,3.4852831,-6.5240054
42917.1540384553,3.4850469,-6.5247944
42917.25403846,3.4848499,-6.5242026
42917.3540384648,3.4846926,-6.5243999
42917.4540384695,3.4844563,-6.5247944
42917.5540384743,3.48422,-6.5247944
42917.654038479,3.4839444,-6.5243999
42917.7540384838,3.4838657,-6.5247944
42917.8540384885,3.4836688,-6.5242026
42917.9540384933,3.4834719,-6.5247944
42918.054038498,3.4831569,-6.525189
42918.1540385028,3.4829993,-6.5243999
42918.2540385075,3.4827633,-6.5242026
42918.3540385123,3.482645,-6.5242026
42918.454038517,3.4824088,-6.5247944
42918.5540385218,3.4822907,-6.5240054
42918.6540385265,3.4820938,-6.5243999
42918.7540385313,3.4818969,-6.5255835
42918.854038536,3.4817789,-6.5247944
42918.9540385408,3.4815032,-6.5247944
42919.0540385455,3.481385,-6.5257808
42919.1540385503,3.481149,-6.5257808
42919.254038555,3.4809127,-6.5249917
42919.3540385598,3.4807944,-6.5255835
42919.4540385645,3.4806371,-6.5247944
42919.5540385693,3.4804795,-6.5247944
42919.654038574,3.4802039,-6.5242026
42919.7540385788,3.4799676,-6.5247944
42919.8540385835,3.4798496,-6.525189
42919.9540385883,3.4798102,-6.5257808
42920.054038593,3.479495,-6.5249917
42920.1540385978,3.479377,-6.5240054
42920.2540386025,3.4792194,-6.525189
42920.3540386073,3.4791801,-6.5253862
42920.454038612,3.4789438,-6.5249917
42920.5540386168,3.4786682,-6.5263721
42920.6540386215,3.4784715,-6.5245972
42920.7540386263,3.4783926,-6.5261748
42920.854038631,3.4782746,-6.5253862
42920.9540386358,3.478117,-6.5236108
42921.0540386405,3.4778807,-6.5263721
42921.1540386453,3.4777234,-6.5240054
42921.25403865,3.477684,-6.5240054
42921.3540386548,3.4773691,-6.5245972
42921.4540386595,3.4772115,-6.5243999
42921.5540386643,3.4771328,-6.5245972
42921.654038669,3.4770145,-6.5253862
42921.7540386738,3.4767389,-6.5240054
42921.8540386785,3.4766603,-6.5243999
42921.9540386833,3.4763453,-6.5247944
42922.054038688,3.4762664,-6.5255835
42922.1540386928,3.4761877,-6.5265693
42922.2540386975,3.4760303,-6.5245972
42922.3540387023,3.4758334,-6.5247944
42922.454038707,3.4756758,-6.5247944
42922.5540387118,3.4755185,-6.5245972
42922.6540387165,3.4754395,-6.5245972
42922.7540387213,3.4752822,-6.5253862
42922.854038726,3.4750853,-6.5267666
42922.9540387308,3.4749672,-6.5240054
42923.0540387355,3.4748883,-6.5253862
42923.1540387403,3.4746127,-6.525189
42923.254038745,3.4744947,-6.5255835
42923.3540387498,3.4743371,-6.5243999
42923.4540387545,3.4742191,-6.5247944
42923.5540387593,3.4741404,-6.5238081
42923.654038764,3.4738648,-6.5243999
42923.7540387688,3.4738252,-6.5249917
42923.8540387735,3.4736285,-6.5245972
42923.9540387783,3.4735103,-6.5243999
42924.054038783,3.4734709,-6.5243999
42924.1540387878,3.473156,-6.5238081
42924.2540387925,3.4730773,-6.5255835
42924.3540387973,3.473038,-6.5242026
42924.454038802,3.472841,-6.5249917
42924.5540388068,3.4727621,-6.5255835
42924.6540388115,3.4725654,-6.5257808
42924.7540388163,3.4724865,-6.525189
42924.854038821,3.4722109,-6.5245972
42924.9540388258,3.4721715,-6.5247944
42925.0540388305,3.4718959,-6.525189
42925.1540388353,3.4718566,-6.525189
42925.25403884,3.4716992,-6.525189
42925.3540388448,3.4716203,-6.5249917
42925.4540388495,3.471384,-6.5245972
42925.5540388543,3.471266,-6.5247944
42925.654038859,3.471148,-6.5249917
42925.7540388638,3.4710298,-6.5245972
42925.8540388685,3.4709117,-6.5247944
42925.9540388733,3.4708328,-6.5240054
42926.054038878,3.4705966,-6.5253862
42926.1540388828,3.4704392,-6.5247944
42926.2540388875,3.4703999,-6.5247944
42926.3540388923,3.4702816,-6.5245972
42926.454038897,3.4701636,-6.5245972
42926.5540389018,3.4700849,-6.5243999
42926.6540389065,3.4699273,-6.5245972
42926.7540389113,3.4699273,-6.5249917
42926.854038916,3.4696124,-6.5243999
42926.9540389208,3.4694154,-6.5255835
42927.0540389255,3.4693761,-6.5249917
42927.1540389303,3.4693367,-6.5273584
42927.254038935,3.4690611,-6.5249917
42927.3540389398,3.4689035,-6.5240054
42927.4540389445,3.4689429,-6.5242026
42927.5540389493,3.4688249,-6.5261748
42927.654038954,3.4686673,-6.5253862
42927.7540389588,3.4685886,-6.5243999
42927.8540389635,3.4683917,-6.5261748
42927.9540389683,3.468313,-6.5257808
42928.054038973,3.468116,-6.5255835
42928.1540389778,3.467998,-6.5249917
42928.2540389825,3.4678404,-6.5249917
42928.3540389873,3.4677618,-6.5253862
42928.454038992,3.4676437,-6.5247944
42928.5540389968,3.4675255,-6.5255835
42928.6540390015,3.4674075,-6.5242026
42928.7540390063,3.4674075,-6.5259775
42928.854039011,3.4670923,-6.5265693
42928.9540390158,3.4670529,-6.5249917
42929.0540390205,3.4669743,-6.525189
42929.1540390253,3.4668562,-6.5243999
42929.25403903,3.4667773,-6.5247944
42929.3540390348,3.4665806,-6.5257808
42929.4540390395,3.4665017,-6.525189
42929.5540390443,3.466423,-6.5243999
42929.654039049,3.4662654,-6.5253862
42929.7540390538,3.4661081,-6.5238081
42929.8540390585,3.4661081,-6.5236108
42929.9540390633,3.4659505,-6.5242026
42930.054039068,3.4658718,-6.525189
42930.1540390728,3.4657538,-6.5242026
42930.2540390775,3.4655175,-6.5238081
42930.3540390823,3.4654779,-6.5245972
42930.454039087,3.4653993,-6.5245972
42930.5540390918,3.4652419,-6.5245972
42930.6540390965,3.4651237,-6.5242026
42930.7540391013,3.4650056,-6.525189
42930.854039106,3.4648874,-6.5243999
42930.9540391108,3.4648087,-6.5247944
42931.0540391155,3.4646118,-6.5238081
42931.1540391203,3.4644151,-6.5243999
42931.254039125,3.4644544,-6.5247944
42931.3540391298,3.4643755,-6.5243999
42931.4540391345,3.4642575,-6.5269639
42931.5540391393,3.4640605,-6.5245972
42931.654039144,3.4642181,-6.5243999
42931.7540391488,3.4639819,-6.5249917
42931.8540391535,3.4638638,-6.5242026
42931.9540391583,3.4637063,-6.525189
42932.054039163,3.4636669,-6.5249917
42932.1540391678,3.4634306,-6.5259775
42932.2540391725,3.463352,-6.5245972
42932.3540391773,3.4633913,-6.5253862
42932.454039182,3.463155,-6.5249917
42932.5540391868,3.4629974,-6.525189
42932.6540391915,3.4628794,-6.5243999
42932.7540391963,3.4628401,-6.5240054
42932.854039201,3.4627612,-6.5247944
42932.9540392058,3.4626825,-6.5242026
42933.0540392105,3.4626038,-6.5247944
42933.1540392153,3.4626431,-6.5249917
42933.25403922,3.4622889,-6.525189
42933.3540392248,3.4623675,-6.5238081
42933.4540392295,3.4621706,-6.5257808
42933.5540392343,3.4620132,-6.525189
42933.654039239,3.4620132,-6.5253862
42933.7540392438,3.461895,-6.5267666
42933.8540392485,3.4617376,-6.5242026
42933.9540392532,3.4616981,-6.5247944
42934.054039258,3.4616587,-6.5253862
42934.1540392627,3.4615014,-6.5238081
42934.2540392675,3.4614224,-6.525189
42934.3540392722,3.4611864,-6.5242026
42934.454039277,3.4611864,-6.5245972
42934.5540392817,3.4611864,-6.5245972
42934.6540392865,3.4609895,-6.5253862
42934.7540392912,3.4608319,-6.5238081
42934.854039296,3.4607532,-6.5247944
42934.9540393007,3.4606745,-6.5236108
42935.0540393055,3.4605169,-6.5242026
42935.1540393102,3.4605169,-6.5243999
42935.254039315,3.4604776,-6.5255835
42935.3540393197,3.46032,-6.5255835
42935.4540393245,3.4602807,-6.5245972
42935.5540393292,3.460084,-6.5243999
42935.654039334,3.460084,-6.5245972
42935.7540393387,3.460005,-6.5240054
42935.8540393435,3.4598477,-6.5245972
42935.9540393482,3.4597688,-6.5253862
42936.054039353,3.4596508,-6.5259775
42936.1540393577,3.4595721,-6.5242026
42936.2540393625,3.4594145,-6.5255835
42936.3540393672,3.4594932,-6.5245972
42936.454039372,3.4593751,-6.525189
42936.5540393767,3.4592569,-6.5245972
42936.6540393815,3.4590209,-6.5263721
42936.7540393862,3.4590209,-6.525189
42936.854039391,3.4589419,-6.5245972
42936.9540393957,3.4587846,-6.5249917
42937.0540394005,3.4587846,-6.5253862
42937.1540394052,3.4587452,-6.525189
42937.25403941,3.4585483,-6.5249917
42937.3540394147,3.4584696,-6.5249917
42937.4540394195,3.4584301,-6.5247944
42937.5540394242,3.458312,-6.5255835
42937.654039429,3.4581151,-6.525189
42937.7540394337,3.458194,-6.5242026
42937.8540394385,3.458194,-6.5247944
42937.9540394432,3.4579577,-6.5242026
42938.054039448,3.4578395,-6.5253862
42938.1540394527,3.4577608,-6.5249917
42938.2540394575,3.4576821,-6.5243999
42938.3540394622,3.4576821,-6.5243999
42938.454039467,3.4575245,-6.5243999
42938.5540394717,3.4573276,-6.5249917
42938.6540394765,3.4571702,-6.5249917
42938.7540394812,3.4572883,-6.5234131
42938.854039486,3.4572096,-6.5253862
42938.9540394907,3.4570913,-6.5238081
42939.0540394955,3.4570127,-6.5243999
42939.1520395001,3.456934,-6.5255835
42939.1960395022,3.6303756,0
42939.296039507,3.6323838,0
42939.3960395117,3.6333683,0
42939.4960395165,3.6341951,0
42939.5960395212,3.634943,0
42939.696039526,3.6354942,0
42939.7960395307,3.6360455,0
42939.8960395355,3.6366363,0
42939.9960395402,3.6372662,0
42940.096039545,3.6377387,0
42940.1960395497,3.6380537,0
42940.2960395545,3.6386049,0
42940.3960395592,3.6390381,0
42940.496039564,3.6393924,0
42940.5960395687,3.639668,0
42940.6960395735,3.6400616,0
42940.7960395782,3.6403768,0
42940.896039583,3.6407704,0
42940.9960395877,3.6410854,0
42941.0960395925,3.641243,0
42941.1960395972,3.6416759,0
42941.296039602,3.6418729,0
42941.3960396067,3.6422668,0
42941.4960396115,3.6424634,0
42941.5960396162,3.6426604,0
42941.696039621,3.6428967,0
42941.7960396257,3.6432116,0
42941.8960396305,3.6434872,0
42941.9960396352,3.6436841,0
42942.09603964,3.6439598,0
42942.1960396447,3.6441171,0
42942.2960396495,3.6444323,0
42942.3960396542,3.6445897,0
42942.496039659,3.6447866,0
42942.5960396637,3.6451409,0
42942.6960396685,3.6451802,0
42942.7960396732,3.6455348,0
42942.896039678,3.6456528,0
42942.9960396827,3.6458104,0
42943.0960396875,3.6459677,0
42943.1960396922,3.6462827,0
42943.296039697,3.6464403,0
42943.3960397017,3.6465583,0
42943.4960397065,3.6468735,0
42943.5960397112,3.6469915,0
42943.696039716,3.6471884,0
42943.7960397207,3.6473854,0
42943.8960397255,3.6475427,0
42943.9960397302,3.647661,0
42944.096039735,3.6478577,0
42944.1960397397,3.6480546,0
42944.2960397445,3.6482515,0
42944.3960397492,3.6483696,0
42944.496039754,3.6486058,0
42944.5960397587,3.6486845,0
42944.6960397635,3.6488028,0
42944.7960397682,3.6489601,0
42944.896039773,3.649157,0
42944.9960397777,3.6492357,0
42945.0960397825,3.649472,0
42945.1960397872,3.6495903,0
42945.296039792,3.6497476,0
42945.3960397967,3.6499052,0
42945.4960398015,3.6500626,0
42945.5960398062,3.6502202,0
42945.696039811,3.6504171,0
42945.7960398157,3.6504958,0
42945.8960398205,3.650732,0
42945.9960398252,3.650732,0
42946.09603983,3.6508501,0
42946.1960398347,3.651047,0
42946.2960398395,3.6511652,0
42946.3960398442,3.6513619,0
42946.496039849,3.6514409,0
42946.5960398537,3.6515195,0
42946.6960398585,3.6517951,0
42946.7960398632,3.6517165,0
42946.896039868,3.6520314,0
42946.9960398727,3.6521101,0
42947.0960398775,3.6522281,0
42947.1960398822,3.6523464,0
42947.296039887,3.6524251,0
42947.3960398917,3.6525433,0
42947.4960398965,3.652622,0
42947.5960399012,3.6528189,0
42947.696039906,3.6530156,0
42947.7960399107,3.6529369,0
42947.8960399155,3.6531732,0
42947.9960399202,3.6531732,0
42948.096039925,3.6533308,0
42948.1960399297,3.6535668,0
42948.2960399345,3.6536851,0
42948.3960399392,3.6536458,0
42948.496039944,3.6538424,0
42948.5960399487,3.6539214,0
42948.6960399535,3.6540394,0
42948.7960399582,3.6540787,0
42948.896039963,3.6542363,0
42948.9960399677,3.6542363,0
42949.0960399725,3.6544726,0
42949.1960399772,3.6544726,0
42949.296039982,3.6547089,0
42949.3960399867,3.6547875,0
42949.4960399915,3.6547875,0
42949.5960399962,3.6549845,0
42949.696040001,3.6551025,0
42949.7960400057,3.6551418,0
42949.8960400105,3.6552994,0
42949.9960400152,3.6554174,0
42950.09604002,3.655575,0
42950.1960400247,3.6555357,0
42950.2960400295,3.6557324,0
42950.3960400342,3.6556931,0
42950.496040039,3.655772,0
42950.5960400437,3.6559293,0
42950.6960400485,3.6560869,0
42950.7960400532,3.6561263,0
42950.896040058,3.6561263,0
42950.9960400627,3.6562443,0
42951.0960400675,3.6564019,0
42951.1960400722,3.6564806,0
42951.296040077,3.6564412,0
42951.3960400817,3.6565988,0
42951.4960400864,3.6566775,0
42951.5960400912,3.6567955,0
42951.6960400959,3.6568744,0
42951.7960401007,3.6571107,0
42951.8960401054,3.6570711,0
42951.9960401102,3.6571107,0
42952.0960401149,3.657268,0
42952.1960401197,3.6572287,0
42952.2960401244,3.6575043,0
42952.3960401292,3.6574256,0
42952.4960401339,3.6575437,0
42952.5960401387,3.6576619,0
42952.6960401434,3.6576619,0
42952.7960401482,3.6578979,0
42952.8960401529,3.6580162,0
42952.9960401577,3.6579769,0
42953.0960401624,3.6579769,0
42953.1960401672,3.6582131,0
42953.2960401719,3.6581342,0
42953.3960401767,3.6582918,0
42953.4960401814,3.6583705,0
42953.5960401862,3.6583705,0
42953.6960401909,3.6584098,0
42953.7960401957,3.6586854,0
42953.8960402004,3.6585674,0
42953.9960402052,3.658725,0
42954.0960402099,3.6587644,0
42954.1960402147,3.6588037,0
42954.2960402194,3.6590006,0
42954.3960402242,3.65904,0
42954.4960402289,3.65904,0
42954.5960402337,3.6591973,0
42954.6960402384,3.6592762,0
42954.7960402432,3.6592762,0
42954.8960402479,3.6593943,0
42954.9960402527,3.6595519,0
42955.0960402574,3.6595912,0
42955.1960402622,3.6594729,0
42955.2960402669,3.6597092,0
42955.3960402717,3.6597879,0
42955.4960402764,3.6598275,0
42955.5960402812,3.6598275,0
42955.6960402859,3.6600242,0
42955.7960402907,3.6600242,0
42955.8960402954,3.6601424,0
42955.9960403002,3.6602604,0
42956.0960403049,3.6602211,0
42956.1960403097,3.6602604,0
42956.2960403144,3.6603787,0
42956.3960403192,3.6602998,0
42956.4960403239,3.6604967,0
42956.5960403287,3.6604967,0
42956.6960403334,3.6605754,0
42956.7960403382,3.660615,0
42956.8960403429,3.6606543,0
42956.9960403477,3.660733,0
42957.0960403524,3.6608117,0
42957.1960403572,3.660851,0
42957.2960403619,3.6609299,0
42957.3960403667,3.6610479,0
42957.4960403714,3.6610873,0
42957.5960403762,3.6610479,0
42957.6960403809,3.6612055,0
42957.7960403857,3.6612449,0
42957.8960403904,3.6612449,0
42957.9960403952,3.6613629,0
42958.0960403999,3.6614022,0
42958.1960404047,3.6614022,0
42958.2960404094,3.6614811,0
42958.3960404142,3.6616385,0
42958.4960404189,3.6616778,0
42958.5960404237,3.6617174,0
42958.6960404284,3.6618748,0
42958.7960404332,3.6617568,0
42958.8960404379,3.6618354,0
42958.9960404427,3.6619141,0
42959.0960404474,3.6619534,0
42959.1960404522,3.662111,0
42959.2960404569,3.662111,0
42959.3960404617,3.6620717,0
42959.4960404664,3.6621897,0
42959.5960404712,3.662308,0
42959.6960404759,3.662308,0
42959.7960404807,3.662308,0
42959.8960404854,3.662426,0
42959.9960404902,3.6624653,0
42960.0960404949,3.6625049,0
42960.1960404997,3.6624653,0
42960.2960405044,3.6625049,0
42960.3960405092,3.6626623,0
42960.4960405139,3.6628199,0
42960.5960405187,3.6627805,0
42960.6960405234,3.6628592,0
42960.7960405282,3.6629379,0
42960.8960405329,3.6628985,0
42960.9960405377,3.6629379,0
42961.0960405424,3.6630955,0
42961.1960405472,3.6630166,0
42961.2960405519,3.6628985,0
42961.3960405567,3.6630955,0
42961.4960405614,3.6631348,0
42961.5960405662,3.6632135,0
42961.6960405709,3.6631348,0
42961.7960405757,3.6633317,0
42961.8960405804,3.6633711,0
42961.9960405852,3.6632922,0
42962.0960405899,3.6634498,0
42962.1960405947,3.6635284,0
42962.2960405994,3.6636074,0
42962.3960406042,3.6636467,0
42962.4960406089,3.6636074,0
42962.5960406137,3.6638041,0
42962.6960406184,3.6637254,0
42962.7960406232,3.663883,0
42962.8960406279,3.663883,0
42962.9960406327,3.663883,0
42963.0960406374,3.6639616,0
42963.1960406422,3.6640403,0
42963.2960406469,3.664001,0
42963.3960406517,3.6640403,0
42963.4960406564,3.6640403,0
42963.5960406612,3.6640797,0
42963.6960406659,3.6642373,0
42963.7960406707,3.6642373,0
42963.8960406754,3.6643949,0
42963.9960406802,3.6643553,0
42964.0960406849,3.6643159,0
42964.1960406897,3.6642766,0
42964.2960406944,3.6645129,0
42964.3960406992,3.6645129,0
42964.4960407039,3.6645916,0
42964.5960407087,3.6645129,0
42964.6960407134,3.6645916,0
42964.7960407182,3.6647098,0
42964.8960407229,3.6647098,0
42964.9960407277,3.6646705,0
42965.0960407324,3.6648278,0
42965.1960407372,3.6649854,0
42965.2960407419,3.6648278,0
42965.3960407467,3.6649461,0
42965.4960407514,3.6650248,0
42965.5960407562,3.6647885,0
42965.6960407609,3.6649461,0
42965.7960407657,3.6650641,0
42965.8960407704,3.6650641,0
42965.9960407752,3.665261,0
42966.0960407799,3.6651821,0
42966.1960407847,3.665261,0
42966.2960407894,3.665261,0
42966.3960407942,3.6653397,0
42966.4960407989,3.665261,0
42966.5960408037,3.6653004,0
42966.6960408084,3.6654184,0
42966.7960408132,3.6653397,0
42966.8960408179,3.6654577,0
42966.9960408227,3.6656153,0
42967.0960408274,3.6656153,0
42967.1960408322,3.6656153,0
42967.2960408369,3.6656153,0
42967.3960408417,3.6656153,0
42967.4960408464,3.6656547,0
42967.5960408512,3.6656547,0
42967.6960408559,3.6658516,0
42967.7960408607,3.6658909,0
42967.8960408654,3.6658123,0
42967.9960408702,3.6659696,0
42968.0960408749,3.6660092,0
42968.1960408797,3.6660879,0
42968.2960408844,3.6659696,0
42968.3960408892,3.6660092,0
42968.4960408939,3.6661272,0
42968.5960408987,3.6661665,0
42968.6960409034,3.6661272,0
42968.7960409082,3.6660879,0
42968.8960409129,3.6662452,0
42968.9960409177,3.6660879,0
42969.0960409224,3.6662059,0
42969.1960409272,3.6661272,0
42969.2960409319,3.6662848,0
42969.3960409367,3.6662848,0
42969.4960409414,3.6663635,0
42969.5960409462,3.6664422,0
42969.6960409509,3.6664028,0
42969.7960409557,3.6664422,0
42969.8960409604,3.6664815,0
42969.9960409652,3.6664815,0
42970.0960409699,3.6665208,0
42970.1960409747,3.6665604,0
42970.2960409794,3.6665604,0
42970.3960409842,3.6666784,0
42970.4960409889,3.6666784,0
42970.5960409937,3.6665998,0
42970.6960409984,3.6667178,0
42970.7960410032,3.6667178,0
42970.8960410079,3.6667964,0
42970.9960410127,3.6667964,0
42971.0960410174,3.6667964,0
42971.1960410221,3.666836,0
42971.2960410269,3.666836,0
42971.3960410316,3.666836,0
42971.4960410364,3.6669147,0
42971.5960410411,3.6669934,0
42971.6960410459,3.6671116,0
42971.7960410506,3.6671116,0
42971.8960410554,3.6671116,0
42971.9960410601,3.6671116,0
42972.0960410649,3.667151,0
42972.1960410696,3.667151,0
42972.2960410744,3.6671903,0
42972.3960410791,3.6672297,0
42972.4960410839,3.667269,0
42972.5960410886,3.6673083,0
42972.6960410934,3.6673083,0
42972.7960410981,3.6673477,0
42972.8960411029,3.6673083,0
42972.9960411076,3.6673477,0
42973.0960411124,3.6673872,0
42973.1960411171,3.667269,0
42973.2960411219,3.6673477,0
42973.3960411266,3.6675446,0
42973.4960411314,3.6675053,0
42973.5960411361,3.6675446,0
42973.6960411409,3.6674266,0
42973.7960411456,3.6676629,0
42973.8960411504,3.6676629,0
42973.9960411551,3.6676233,0
42974.0960411599,3.6676629,0
42974.1960411646,3.6677022,0
42974.2960411694,3.6675839,0
42974.3960411741,3.6677809,0
42974.4960411789,3.6678202,0
42974.5960411836,3.6677022,0
42974.6960411884,3.6678991,0
42974.7960411931,3.6678596,0
42974.8960411979,3.6678991,0
42974.9960412026,3.6678202,0
42975.0960412074,3.6678991,0
42975.1960412121,3.6679385,0
42975.2960412169,3.6680171,0
42975.3960412216,3.6680565,0
42975.4960412264,3.6679778,0
42975.5960412311,3.6679385,0
42975.6960412359,3.6681352,0
42975.7960412406,3.6680565,0
42975.8960412454,3.6682141,0
42975.9960412501,3.6681747,0
42976.0960412549,3.6681352,0
42976.1960412596,3.6681352,0
42976.2960412644,3.6681747,0
42976.3960412691,3.6682141,0
42976.4960412739,3.6683321,0
42976.5960412786,3.6682141,0
42976.6960412834,3.6682141,0
42976.7960412881,3.6684108,0
42976.8960412929,3.6682534,0
42976.9960412976,3.6684108,0
42977.0960413024,3.6682928,0
42977.1960413071,3.6683321,0
42977.2960413119,3.6682928,0
42977.3960413166,3.6684897,0
42977.4960413214,3.6684108,0
42977.5960413261,3.668529,0
42977.6960413309,3.6684897,0
42977.7960413356,3.6685684,0
42977.8960413404,3.6684897,0
42977.9960413451,3.6684504,0
42978.0960413499,3.6686471,0
42978.1960413546,3.6686077,0
42978.2960413594,3.6686471,0
42978.3960413641,3.6685684,0
42978.4960413689,3.6685684,0
42978.5960413736,3.6686471,0
42978.6960413784,3.6688046,0
42978.7960413831,3.6688046,0
42978.8960413879,3.668726,0
42978.9960413926,3.6688046,0
42979.0960413974,3.6688046,0
42979.2280414036,3.7957852,0
42979.2300414037,3.7988172,4.8376143
42979.3300414085,3.803345,4.8918589
42979.4300414132,3.8042901,4.8930425
42979.530041418,3.8051562,4.8912671
42979.6300414227,3.805865,4.8930425
42979.7300414275,3.806495,4.8940288
42979.8300414322,3.8070855,4.8932397
42979.930041437,3.8075581,4.8932397
42980.0300414417,3.8080699,4.8932397
42980.1300414465,3.8085029,4.8924507
42980.2300414512,3.8089755,4.8930425
42980.330041456,3.809448,4.8922534
42980.4300414607,3.8098416,4.8926479
42980.5300414655,3.8102748,4.8928452
42980.6300414702,3.8105898,4.8920562
42980.730041475,3.8109443,4.893437
42980.8300414797,3.8112986,4.8922534
42980.9300414845,3.8115742,4.893437
42981.0300414892,3.8119285,4.893437
42981.130041494,3.8122828,4.8942261
42981.2300414987,3.8126373,4.8936343
42981.3300415035,3.8130703,4.8938315
42981.4300415082,3.8133066,4.8936343
42981.530041513,3.8136215,4.8936343
42981.6300415177,3.8140154,4.8930425
42981.7300415225,3.8140547,4.8922534
42981.8300415272,3.8144879,4.8940288
42981.930041532,3.8148816,4.8936343
42982.0300415367,3.8150392,4.8932397
42982.1300415415,3.8153934,4.8928452
42982.2300415462,3.8157084,4.8946206
42982.330041551,3.8159447,4.8930425
42982.4300415557,3.8162596,4.8932397
42982.5300415605,3.8165746,4.8920562
42982.6300415652,3.8167322,4.8918589
42982.73004157,3.8170865,4.8930425
42982.8300415747,3.8174014,4.8916616
42982.9300415795,3.817559,4.8936343
42983.0300415842,3.817874,4.8938315
42983.130041589,3.8181496,4.8928452
42983.2300415937,3.8182678,4.8936343
42983.3300415985,3.8186221,4.893437
42983.4300416032,3.8187401,4.8930425
42983.530041608,3.8190947,4.8932397
42983.6300416127,3.819134,4.8928452
42983.7300416175,3.819567,4.8930425
42983.8300416222,3.8197246,4.893437
42983.930041627,3.8200002,4.893437
42984.0300416317,3.8201971,4.8944233
42984.1300416365,3.8205121,4.8938315
42984.2300416412,3.820709,4.893437
42984.330041646,3.8207877,4.8924507
42984.4300416507,3.8211813,4.8930425
42984.5300416555,3.8212996,4.8936343
42984.6300416602,3.8215752,4.893437
42984.730041665,3.8217328,4.8940288
42984.8300416697,3.8220084,4.8936343
42984.9300416745,3.822284,4.8936343
42985.0300416792,3.8223627,4.8928452
42985.130041684,3.8226776,4.8932397
42985.2300416887,3.8227956,4.893437
42985.3300416935,3.8229926,4.8926479
42985.4300416982,3.8234258,4.8932397
42985.530041703,3.8233864,4.8920562
42985.6300417077,3.8237014,4.8930425
42985.7300417125,3.8238587,4.8922534
42985.8300417172,3.8240557,4.8932397
42985.930041722,3.8241739,4.893437
42986.0300417267,3.8244889,4.8932397
42986.1300417315,3.8246069,4.893437
42986.2300417362,3.8248038,4.8926479
42986.330041741,3.8249218,4.893437
42986.4300417457,3.8251975,4.8930425
42986.5300417505,3.8254731,4.8940288
42986.6300417552,3.8255913,4.8936343
42986.73004176,3.8257487,4.8938315
42986.8300417647,3.8259456,4.8940288
42986.9300417695,3.8261032,4.8940288
42987.0300417742,3.8263788,4.8926479
42987.130041779,3.8264575,4.8936343
42987.2300417837,3.8266938,4.8932397
42987.3300417885,3.82693,4.8940288
42987.4300417932,3.82693,4.8930425
42987.530041798,3.8272057,4.8926479
42987.6300418027,3.827363,4.8940288
42987.7300418075,3.8276386,4.8942261
42987.8300418122,3.8278356,4.8946206
42987.930041817,3.8279932,4.8928452
42988.0300418217,3.8281898,4.893437
42988.1300418265,3.8282294,4.8942261
42988.2300418312,3.8286231,4.8918589
42988.330041836,3.8286231,4.8936343
42988.4300418407,3.8288987,4.8944233
42988.5300418455,3.8288987,4.8932397
42988.6300418502,3.8291349,4.8932397
42988.730041855,3.8292925,4.8938315
42988.8300418597,3.8294892,4.893437
42988.9300418645,3.8296862,4.8942261
42989.0300418692,3.8298831,4.8936343
42989.130041874,3.8300798,4.8930425
42989.2280418786,3.8301587,4.8924507
42989.2720418807,3.6969569,0
42989.3720418855,3.6955395,0
42989.4720418902,3.6946733,0
42989.572041895,3.6941221,0
42989.6720418997,3.6936495,0
42989.7720419045,3.6932163,0
42989.8720419092,3.692862,0
42989.972041914,3.6925864,0
42990.0720419187,3.6923895,0
42990.1720419235,3.6920352,0
42990.2720419282,3.6918776,0
42990.372041933,3.6915233,0
42990.4720419377,3.6913264,0
42990.5720419425,3.6912477,0
42990.6720419472,3.6908934,0
42990.772041952,3.6907358,0
42990.8720419567,3.6905389,0
42990.9720419615,3.6903815,0
42991.0720419662,3.6901059,0
42991.172041971,3.6901453,0
42991.2720419757,3.6899877,0
42991.3720419805,3.689791,0
42991.4720419852,3.6896334,0
42991.57204199,3.6895547,0
42991.6720419947,3.6893971,0
42991.7720419995,3.6891608,0
42991.8720420042,3.6890428,0
42991.972042009,3.6890428,0
42992.0720420137,3.6888852,0
42992.1720420185,3.6887672,0
42992.2720420232,3.6887672,0
42992.372042028,3.6886096,0
42992.4720420327,3.6884916,0
42992.5720420375,3.6883733,0
42992.6720420422,3.6883733,0
42992.772042047,3.6882553,0
42992.8720420517,3.6881373,0
42992.9720420565,3.6879404,0
42993.0720420612,3.6879404,0
42993.172042066,3.6879404,0
42993.2720420707,3.6877041,0
42993.3720420755,3.6878221,0
42993.4720420802,3.6876254,0
42993.572042085,3.6874678,0
42993.6720420897,3.6874285,0
42993.7720420945,3.6873498,0
42993.8720420992,3.6872315,0
42993.972042104,3.6872709,0
42994.0720421087,3.6870346,0
42994.1720421135,3.6871135,0
42994.2720421182,3.6870742,0
42994.372042123,3.6869559,0
42994.4720421277,3.6868773,0
42994.5720421325,3.6867986,0
42994.6720421372,3.686759,0
42994.7720421419,3.6867197,0
42994.8720421467,3.6865623,0
42994.9720421514,3.686641,0
42995.0720421562,3.6863654,0
42995.1720421609,3.6864047,0
42995.2720421657,3.6862867,0
42995.3720421704,3.6863654,0
42995.4720421752,3.6861684,0
42995.5720421799,3.6862078,0
42995.6720421847,3.6860504,0
42995.7720421894,3.6860504,0
42995.8720421942,3.6859715,0
42995.9720421989,3.6860111,0
42996.0720422037,3.6858928,0
42996.1720422084,3.6858535,0
42996.2720422132,3.6858535,0
42996.3720422179,3.6857748,0
42996.4720422227,3.6857355,0
42996.5720422274,3.6855779,0
42996.6720422322,3.6856172,0
42996.7720422369,3.6855385,0
42996.8720422417,3.6854992,0
42996.9720422464,3.6854599,0
42997.0720422512,3.6854203,0
42997.1720422559,3.6854599,0
42997.2720422607,3.6854203,0
42997.3720422654,3.6853416,0
42997.4720422702,3.6852236,0
42997.5720422749,3.6851842,0
42997.6720422797,3.6851842,0
42997.7720422844,3.685066,0
42997.8720422892,3.6849873,0
42997.9720422939,3.6848691,0
42998.0720422987,3.6850266,0
42998.1720423034,3.6849086,0
42998.2720423082,3.6849086,0
42998.3720423129,3.6849086,0
42998.4720423177,3.6848691,0
42998.5720423224,3.6848691,0
42998.6720423272,3.6847117,0
42998.7720423319,3.684633,0
42998.8720423367,3.6845541,0
42998.9720423414,3.6845541,0
42999.0720423462,3.6845934,0
42999.1720423509,3.6845148,0
42999.2720423557,3.6845934,0
42999.3720423604,3.6845148,0
42999.4720423652,3.6845541,0
42999.5720423699,3.6843967,0
42999.6720423747,3.6843178,0
42999.7720423794,3.6843967,0
42999.8720423842,3.6842785,0
42999.9720423889,3.6842785,0
43000.0720423937,3.6841998,0
43000.1720423984,3.6842391,0
43000.2720424032,3.6841998,0
43000.3720424079,3.6840422,0
43000.4720424127,3.6840422,0
43000.5720424174,3.6840029,0
43000.6720424222,3.6840029,0
43000.7720424269,3.6840029,0
43000.8720424317,3.6839242,0
43000.9720424364,3.6839635,0
43001.0720424412,3.6839635,0
43001.1720424459,3.6838849,0
43001.2720424507,3.6838455,0
43001.3720424554,3.6837273,0
43001.4720424602,3.6838059,0
43001.5720424649,3.6836486,0
43001.6720424697,3.6837666,0
43001.7720424744,3.6836879,0
43001.8720424792,3.6836486,0
43001.9720424839,3.6836879,0
43002.0720424887,3.6836092,0
43002.1720424934,3.6835303,0
43002.2720424982,3.6835699,0
43002.3720425029,3.6836092,0
43002.4720425077,3.6834517,0
43002.5720425124,3.6833336,0
43002.6720425172,3.6834123,0
43002.7720425219,3.6833336,0
43002.8720425267,3.683373,0
43002.9720425314,3.6834123,0
43003.0720425362,3.683373,0
43003.1720425409,3.6833336,0
43003.2720425457,3.6832943,0
43003.3720425504,3.6830974,0
43003.4720425552,3.6832943,0
43003.5720425599,3.6831367,0
43003.6720425647,3.6830974,0
43003.7720425694,3.6830974,0
43003.8720425742,3.6830974,0
43003.9720425789,3.6830974,0
43004.0720425837,3.683058,0
43004.1720425884,3.683058,0
43004.2720425932,3.683058,0
43004.3720425979,3.6829004,0
43004.4720426027,3.683058,0
43004.5720426074,3.6830187,0
43004.6720426122,3.6830187,0
43004.7720426169,3.6830187,0
43004.8720426217,3.6828218,0
43004.9720426264,3.6827824,0
43005.0720426312,3.6828218,0
43005.1720426359,3.6828218,0
43005.2720426407,3.6828218,0
43005.3720426454,3.6827035,0
43005.4720426502,3.6828218,0
43005.5720426549,3.6827824,0
43005.6720426597,3.6826642,0
43005.7720426644,3.6827824,0
43005.8720426692,3.6825855,0
43005.9720426739,3.6827035,0
43006.0720426787,3.6825461,0
43006.1720426834,3.6825855,0
43006.2720426882,3.6825461,0
43006.3720426929,3.6825855,0
43006.4720426977,3.6826642,0
43006.5720427024,3.6824279,0
43006.6720427072,3.6825068,0
43006.7720427119,3.6825855,0
43006.8720427167,3.6825068,0
43006.9720427214,3.6825068,0
43007.0720427262,3.6824279,0
43007.1720427309,3.6823885,0
43007.2720427357,3.6823492,0
43007.3720427404,3.6823492,0
43007.4720427452,3.6823492,0
43007.5720427499,3.6823492,0
43007.6720427547,3.6823492,0
43007.7720427594,3.6824279,0
43007.8720427642,3.6823099,0
43007.9720427689,3.6823099,0
43008.0720427737,3.6822705,0
43008.1720427784,3.6822705,0
43008.2720427832,3.6821129,0
43008.3720427879,3.6821523,0
43008.4720427927,3.6821523,0
43008.5720427974,3.6821129,0
43008.6720428022,3.6821916,0
43008.7720428069,3.6821129,0
43008.8720428117,3.6821916,0
43008.9720428164,3.6820736,0
43009.0720428212,3.6820343,0
43009.1720428259,3.6820343,0
43009.2720428307,3.6820343,0
43009.3720428354,3.6820736,0
43009.4720428402,3.6820343,0
43009.5720428449,3.6820343,0
43009.6720428497,3.6820343,0
43009.7720428544,3.681916,0
43009.8720428592,3.6819949,0
43009.9720428639,3.6819556,0
43010.0720428687,3.6819556,0
43010.1720428734,3.6818767,0
43010.2720428782,3.6817586,0
43010.3720428829,3.681916,0
43010.4720428877,3.6818767,0
43010.5720428924,3.681798,0
43010.6720428972,3.6817193,0
43010.7720429019,3.6818373,0
43010.8720429067,3.6817586,0
43010.9720429114,3.6818767,0
43011.0720429162,3.6817586,0
43011.1720429209,3.681798,0
43011.2720429257,3.6817586,0
43011.3720429304,3.6817586,0
43011.4720429352,3.6817586,0
43011.5720429399,3.6817586,0
43011.6720429447,3.6817193,0
43011.7720429494,3.6817193,0
43011.8720429542,3.6817193,0
43011.9720429589,3.6816404,0
43012.0720429637,3.68168,0
43012.1720429684,3.6816404,0
43012.2720429732,3.68168,0
43012.3720429779,3.6816404,0
43012.4720429827,3.681601,0
43012.5720429874,3.681601,0
43012.6720429922,3.681483,0
43012.7720429969,3.6815617,0
43012.8720430017,3.681601,0
43012.9720430064,3.6817193,0
43013.0720430112,3.681483,0
43013.1720430159,3.681483,0
43013.2720430207,3.6815617,0
43013.3720430254,3.681483,0
43013.4720430302,3.6814044,0
43013.5720430349,3.6814044,0
43013.6720430397,3.6813648,0
43013.7720430444,3.6814044,0
43013.8720430492,3.6813648,0
43013.9720430539,3.6813648,0
43014.0720430587,3.6814437,0
43014.1720430634,3.6813648,0
43014.2720430681,3.6814437,0
43014.3720430729,3.6813648,0
43014.4720430776,3.6813648,0
43014.5720430824,3.6812468,0
43014.6720430871,3.6812468,0
43014.7720430919,3.6813648,0
43014.8720430966,3.6812861,0
43014.9720431014,3.6812468,0
43015.0720431061,3.6812861,0
43015.1720431109,3.6812861,0
43015.2720431156,3.6813648,0
43015.3720431204,3.6811681,0
43015.4720431251,3.6812074,0
43015.5720431299,3.6812861,0
43015.6720431346,3.6810892,0
43015.7720431394,3.6811287,0
43015.8720431441,3.6812468,0
43015.9720431489,3.6812074,0
43016.0720431536,3.6812074,0
43016.1720431584,3.6810892,0
43016.2720431631,3.6811681,0
43016.3720431679,3.6811287,0
43016.4720431726,3.6810892,0
43016.5720431774,3.6810892,0
43016.6720431821,3.6810892,0
43016.7720431869,3.6810892,0
43016.8720431916,3.6811287,0
43016.9720431964,3.6811287,0
43017.0720432011,3.6810105,0
43017.1720432059,3.6810892,0
43017.2720432106,3.6810105,0
43017.3720432154,3.6809711,0
43017.4720432201,3.6810892,0
43017.5720432249,3.6810892,0
43017.6720432296,3.6811287,0
43017.7720432344,3.6810105,0
43017.8720432391,3.6810105,0
43017.9720432439,3.6810498,0
43018.0720432486,3.6809711,0
43018.1720432534,3.6810498,0
43018.2720432581,3.6809711,0
43018.3720432629,3.6809711,0
43018.4720432676,3.6810498,0
43018.5720432724,3.6808925,0
43018.6720432771,3.6809711,0
43018.7720432819,3.6808925,0
43018.8720432866,3.6810105,0
43018.9720432914,3.6807742,0
43019.0720432961,3.6808531,0
43019.1720433009,3.6809711,0
43019.2720433056,3.6808531,0
43019.3720433104,3.6808925,0
43019.4720433151,3.6807742,0
43019.5720433199,3.6807742,0
43019.6720433246,3.6808136,0
43019.7720433294,3.6809318,0
43019.8720433341,3.6808531,0
43019.9720433389,3.6808925,0
43020.0720433436,3.6807742,0
43020.1720433484,3.6808531,0
43020.2720433531,3.6808531,0
43020.3720433579,3.6808136,0
43020.4720433626,3.6808925,0
43020.5720433674,3.6807349,0
43020.6720433721,3.6806955,0
43020.7720433769,3.6806955,0
43020.8720433816,3.6807349,0
43020.9720433864,3.6807349,0
43021.0720433911,3.6806562,0
43021.1720433959,3.6807742,0
43021.2720434006,3.6807742,0
43021.3720434054,3.6806955,0
43021.4720434101,3.6807742,0
43021.5720434149,3.6806955,0
43021.6720434196,3.6805773,0
43021.7720434244,3.6805773,0
43021.8720434291,3.6805773,0
43021.9720434339,3.6807349,0
43022.0720434386,3.6806955,0
43022.1720434434,3.6806169,0
43022.2720434481,3.6805773,0
43022.3720434529,3.6806169,0
43022.4720434576,3.6806562,0
43022.5720434624,3.6805773,0
43022.6720434671,3.6807349,0
43022.7720434719,3.6806562,0
43022.8720434766,3.6806955,0
43022.9720434814,3.6805379,0
43023.0720434861,3.6806562,0
43023.1720434909,3.6806562,0
43023.2720434956,3.6805379,0
43023.3720435004,3.6806562,0
43023.4720435051,3.6805773,0
43023.5720435099,3.6805379,0
43023.6720435146,3.6805773,0
43023.7720435194,3.6804986,0
43023.8720435241,3.6805379,0
43023.9720435289,3.6804593,0
43024.0720435336,3.6805773,0
43024.1720435384,3.6805773,0
43024.2720435431,3.6806169,0
43024.3720435479,3.6805379,0
43024.4720435526,3.6804199,0
43024.5720435574,3.6805379,0
43024.6720435621,3.6804199,0
43024.7720435669,3.6804199,0
43024.8720435716,3.6805379,0
43024.9720435764,3.6805773,0
43025.0720435811,3.6804199,0
43025.1720435859,3.6804593,0
43025.2720435906,3.6804593,0
43025.3720435954,3.6806169,0
43025.4720436001,3.6804593,0
43025.5720436049,3.6804199,0
43025.6720436096,3.6804593,0
43025.7720436144,3.6805773,0
43025.8720436191,3.6804593,0
43025.9720436239,3.6803806,0
43026.0720436286,3.6804199,0
43026.1720436334,3.6804593,0
43026.2720436381,3.6804199,0
43026.3720436429,3.6804199,0
43026.4720436476,3.6803412,0
43026.5720436524,3.6803412,0
43026.6720436571,3.6804199,0
43026.7720436619,3.6803806,0
43026.8720436666,3.6803017,0
43026.9720436714,3.6803806,0
43027.0720436761,3.6804199,0
43027.1720436809,3.6803412,0
43027.2720436856,3.6804593,0
43027.3720436904,3.6803806,0
43027.4720436951,3.6803412,0
43027.5720436999,3.6803412,0
43027.6720437046,3.680223,0
43027.7720437094,3.6803806,0
43027.8720437141,3.6803412,0
43027.9720437189,3.680223,0
43028.0720437236,3.6803017,0
43028.1720437284,3.6803017,0
43028.2720437331,3.6803412,0
43028.3720437379,3.6802623,0
43028.4720437426,3.6803412,0
43028.5720437474,3.6802623,0
43028.6720437521,3.680223,0
43028.7720437569,3.6803806,0
43028.8720437616,3.6803412,0
43028.9720437664,3.6802623,0
43029.0720437711,3.6803017,0
43029.1720437759,3.680223,0
43029.302043782,3.6573074,0
43029.3040437821,3.6569138,-0.96322388
43030.3040438296,3.6553388,-0.96618268
43031.3040438771,3.6545906,-0.96697168
43032.3040439246,3.6542363,-0.96598547
43033.3040439721,3.6536851,-0.96637994
43034.3040440196,3.6533308,-0.96618268
43035.3040440671,3.6528976,-0.96618268
43036.3040441146,3.6524644,-0.96716901
43037.3040441621,3.6519921,-0.96637994
43038.3040442096,3.6516769,-0.96756348
43039.3040442571,3.6512833,-0.96598547
43040.3040443046,3.6510077,-0.96697168
43041.3040443521,3.6508107,-0.96598547
43042.3040443996,3.6504958,-0.96598547
43043.3040444471,3.6501021,-0.96716901
43044.3040444946,3.6498659,-0.96697168
43045.3040445421,3.6496296,-0.96736621
43046.3040445896,3.6495113,-0.96657721
43047.3040446371,3.6491177,-0.96736621
43048.3040446846,3.6489601,-0.96657721
43049.3040447321,3.6487238,-0.96697168
43050.3040447796,3.6485665,-0.96657721
43051.3040448271,3.6482515,-0.96697168
43052.3040448746,3.6479759,-0.96795795
43053.3040449221,3.647779,-0.96677448
43054.3040449696,3.6475427,-0.96736621
43055.3040450171,3.6473854,-0.96697168
43056.3040450646,3.6473064,-0.96657721
43057.3040451121,3.6471491,-0.96776074
43058.3040451596,3.6468735,-0.96795795
43059.3040452071,3.6466765,-0.96697168
43060.3040452546,3.6464796,-0.96598547
43061.304045302,3.6463223,-0.96697168
43062.3040453495,3.6462827,-0.96657721
43063.304045397,3.646086,-0.96716901
43064.3040454445,3.6459284,-0.96598547
43065.304045492,3.645771,-0.96716901
43066.3040455395,3.6455741,-0.96637994
43067.304045587,3.6454165,-0.96637994
43068.3040456345,3.6452196,-0.96677448
43069.304045682,3.6449835,-0.96657721
43070.3040457295,3.6451015,-0.96677448
43071.304045777,3.6449835,-0.96618268
43072.3040458245,3.6447473,-0.96697168
43073.304045872,3.6445897,-0.96657721
43074.3040459195,3.6444323,-0.96697168
43075.304045967,3.6443141,-0.96677448
43076.3040460145,3.6441171,-0.96657721
43077.304046062,3.6440384,-0.96657721
43078.3040461095,3.6439598,-0.96657721
43079.304046157,3.6437235,-0.96697168
43080.3040462045,3.6435659,-0.96677448
43081.304046252,3.6435659,-0.96716901
43082.3040462995,3.6433692,-0.96736621
43083.304046347,3.6432903,-0.96697168
43084.3040463945,3.6431723,-0.96657721
43085.304046442,3.6430147,-0.96815521
43086.3040464895,3.6430147,-0.96716901
43087.304046537,3.6427784,-0.96697168
43088.3040465845,3.6427391,-0.96677448
43089.304046632,3.6425817,-0.96697168
43090.3040466795,3.6424241,-0.96835242
43091.304046727,3.6423061,-0.96637994
43092.3040467745,3.6422668,-0.96716901
43093.304046822,3.6422668,-0.96736621
43094.3040468695,3.6420305,-0.96835242
43095.304046917,3.6419516,-0.96736621
43096.3040469645,3.6418335,-0.96795795
43097.304047012,3.6417549,-0.96677448
43098.3040470595,3.6417153,-0.96637994
43099.304047107,3.6416366,-0.96657721
43100.3040471545,3.6414397,-0.96677448
43101.3040472019,3.6413217,-0.96736621
43102.3040472494,3.6411641,-0.96736621
43103.3040472969,3.6411641,-0.96657721
43104.3040473444,3.6410067,-0.96598547
43105.3040473919,3.6408098,-0.96736621
43106.3040474394,3.640928,-0.96657721
43107.3040474869,3.6406918,-0.96677448
43108.3040475344,3.6406918,-0.96756348
43109.3040475819,3.6406128,-0.96776074
43110.3040476294,3.6404555,-0.96677448
43111.3040476769,3.6403372,-0.96657721
43112.3040477244,3.6403372,-0.96716901
43113.3040477719,3.6401012,-0.96697168
43114.3040478194,3.6401799,-0.96716901
43115.3040478669,3.6399436,-0.96637994
43116.3040479144,3.6398649,-0.96716901
43117.3040479619,3.6397467,-0.96815521
43118.3040480094,3.6397467,-0.96657721
43119.3040480569,3.6396286,-0.96697168
43120.3040481044,3.6394711,-0.96539368
43121.3040481519,3.6395104,-0.96835242
43122.3040481994,3.6393137,-0.96637994
43123.3040482469,3.639353,-0.96697168
43124.3040482944,3.6392741,-0.96815521
43125.3040483419,3.6391561,-0.96578815
43126.3040483894,3.6389985,-0.96657721
43127.3040484369,3.6389198,-0.96618268
43128.3040484844,3.6388805,-0.96657721
43129.3040485319,3.6388018,-0.96776074
43130.3040485794,3.6386836,-0.96697168
43131.3040486269,3.6386049,-0.96677448
43132.3040486744,3.6386442,-0.96499915
43133.3040487219,3.6385262,-0.96894421
43134.3040487694,3.6384079,-0.96618268
43135.3040488169,3.6383293,-0.96756348
43136.3040488644,3.6382899,-0.96736621
43137.3040489119,3.6382113,-0.96697168
43138.3040489594,3.6381323,-0.96637994
43139.3040490069,3.6378961,-0.96716901
43140.3040490543,3.6378961,-0.96697168
43141.3040491018,3.637975,-0.96598547
43142.3040491493,3.6378174,-0.96736621
43143.3040491968,3.6376994,-0.96756348
43144.3040492443,3.6376204,-0.96736621
43145.3040492918,3.6375811,-0.96598547
43146.3040493393,3.6375024,-0.96697168
43147.3040493868,3.6374238,-0.96598547
43148.3040494343,3.6373448,-0.96776074
43149.3040494818,3.6372268,-0.96736621
43150.3040495293,3.6371481,-0.96716901
43151.3040495768,3.6371481,-0.96618268
43152.3040496243,3.6371086,-0.96874695
43153.3040496718,3.6369119,-0.96657721
43154.3040497193,3.6369512,-0.96677448
43155.3040497668,3.6368725,-0.96736621
43156.3040498143,3.636833,-0.96736621
43157.3040498618,3.6366756,-0.96716901
43158.3040499093,3.636518,-0.96657721
43159.3040499568,3.636518,-0.96736621
43160.3040500043,3.6364787,-0.96776074
43161.3040500518,3.6364,-0.96697168
43162.3040500993,3.6363213,-0.96776074
43163.3040501468,3.6362031,-0.96657721
43164.3040501943,3.6362031,-0.96756348
43165.3040502418,3.6360455,-0.96697168
43166.3040502893,3.6360061,-0.96637994
43167.3040503368,3.6359274,-0.96637994
43168.3040503843,3.6358094,-0.96677448
43169.3040504318,3.6357698,-0.96657721
43170.3040504793,3.6357305,-0.96736621
43171.3040505268,3.6356518,-0.96677448
43172.3040505743,3.6356912,-0.96637994
43173.3040506218,3.6355338,-0.96657721
43174.3040506693,3.6354942,-0.96657721
43175.3040507168,3.6354156,-0.96697168
43176.3040507643,3.6352582,-0.96697168
43177.3040508118,3.6351793,-0.96795795
43178.3040508593,3.6351399,-0.96618268
43179.3040509067,3.6350219,-0.96618268
43180.3040509542,3.6350219,-0.96677448
43181.3040510017,3.6349826,-0.96657721
43182.3040510492,3.6349037,-0.96756348
43183.3040510967,3.6349037,-0.96697168
43184.3040511442,3.634825,-0.96697168
43185.3040511917,3.6347463,-0.96657721
43186.3040512392,3.6345494,-0.96637994
43187.3040512867,3.6346281,-0.96657721
43188.3040513342,3.6345887,-0.96637994
43189.3040513817,3.6344707,-0.96736621
43190.3040514292,3.6343918,-0.96598547
43191.3040514767,3.6342738,-0.96736621
43192.3040515242,3.6342344,-0.96637994
43193.3040515717,3.6342344,-0.96637994
43194.3040516192,3.6340768,-0.96716901
43195.3040516667,3.6340768,-0.96618268
43196.3040517142,3.6339195,-0.96716901
43197.3040517617,3.6339195,-0.96677448
43198.3040518092,3.6338406,-0.96637994
43199.3040518567,3.6338799,-0.96618268
43200.3040519042,3.6337225,-0.96677448
43201.3040519517,3.6336832,-0.96618268
43202.3040519992,3.6336043,-0.96716901
43203.3040520467,3.6336043,-0.96756348
43204.3040520942,3.6334076,-0.96637994
43205.3040521417,3.6333683,-0.96637994
43206.3040521892,3.6334469,-0.96716901
43207.3040522367,3.63325,-0.96598547
43208.3040522842,3.633132,-0.96756348
43209.3040523317,3.6331713,-0.96736621
43210.3040523792,3.633132,-0.96697168
43211.3040524267,3.6330531,-0.96677448
43212.3040524742,3.632935,-0.96677448
43213.3040525217,3.6329744,-0.96697168
43214.3040525692,3.6328957,-0.96697168
43215.3040526167,3.6326988,-0.96657721
43216.3040526642,3.6326988,-0.96677448
43217.3040527117,3.6327381,-0.96598547
43218.3040527591,3.6326201,-0.96637994
43219.3040528066,3.6325018,-0.96657721
43220.3040528541,3.6325018,-0.96697168
43221.3040529016,3.6323051,-0.96637994
43222.3040529491,3.6323445,-0.96618268
43223.3040529966,3.6323051,-0.96716901
43224.3040530441,3.6322656,-0.96894421
43225.3040530916,3.6320295,-0.96637994
43226.3040531391,3.6320295,-0.96716901
43227.3040531866,3.6319113,-0.96677448
43228.3040532341,3.6318326,-0.96657721
43229.3040532816,3.6318719,-0.96736621
43230.3040533291,3.6318719,-0.96677448
43231.3040533766,3.6317143,-0.96637994
43232.3040534241,3.631675,-0.96539368
43233.3040534716,3.631675,-0.96716901
43234.3040535191,3.6315176,-0.96657721
43235.3040535666,3.6314783,-0.96657721
43236.3040536141,3.6314387,-0.96815521
43237.3040536616,3.6313207,-0.96618268
43238.3040537091,3.631242,-0.96578815
43239.3040537566,3.6312814,-0.96637994
43240.3040538041,3.6311238,-0.96598547
43241.3040538516,3.6310058,-0.96874695
43242.3040538991,3.6310451,-0.96578815
43243.3040539466,3.6309271,-0.96716901
43244.3040539941,3.6309664,-0.96716901
43245.3040540416,3.6308875,-0.96539368
43246.3040540891,3.6308088,-0.96677448
43247.3040541366,3.6307302,-0.96637994
43248.3040541841,3.6306908,-0.96697168
43249.3040542316,3.6304939,-0.96559094
43250.3040542791,3.6306515,-0.96578815
43251.3040543266,3.6304939,-0.96697168
43252.3040543741,3.6304152,-0.96598547
43253.3040544216,3.6304545,-0.96657721
43254.3040544691,3.6302576,-0.96657721
43255.3040545166,3.6302576,-0.96716901
43256.3040545641,3.6301396,-0.96637994
43257.3040546116,3.6301,-0.96736621
43258.304054659,3.6301,-0.96637994
43259.3040547065,3.6299427,-0.96657721
43260.304054754,3.629982,-0.96657721
43261.3040548015,3.6299033,-0.96637994
43262.304054849,3.6297851,-0.96598547
43263.3040548965,3.629667,-0.96815521
43264.304054944,3.6297064,-0.96637994
43265.3040549915,3.6295884,-0.96677448
43266.304055039,3.6296277,-0.96657721
43267.3040550865,3.6295488,-0.96815521
43268.304055134,3.6293521,-0.96736621
43269.3040551815,3.6293521,-0.96637994
43270.304055229,3.6293521,-0.96637994
43271.3040552765,3.6292732,-0.96697168
43272.304055324,3.6291158,-0.96677448
43273.3040553715,3.6291552,-0.96677448
43274.304055419,3.6291158,-0.96677448
43275.3040554665,3.6289976,-0.96736621
43276.304055514,3.6289189,-0.96637994
43277.3040555615,3.6289189,-0.96618268
43278.304055609,3.6289976,-0.96618268
43279.3040556565,3.6288402,-0.96697168
43280.304055704,3.628722,-0.96618268
43281.3040557515,3.6286433,-0.96697168
43282.304055799,3.6285253,-0.96795795
43283.3040558465,3.6285253,-0.96657721
43284.304055894,3.6284463,-0.96637994
43285.3040559415,3.6283283,-0.96736621
43286.304055989,3.6283677,-0.96618268
43287.3040560365,3.6283283,-0.96637994
43288.304056084,3.6282101,-0.96637994
43289.3040561315,3.6281707,-0.96835242
43290.304056179,3.6280134,-0.96677448
43291.3040562265,3.627974,-0.96657721
43292.304056274,3.6280527,-0.96657721
43293.3040563215,3.627974,-0.96697168
43294.304056369,3.6278951,-0.96618268
43295.3040564165,3.6278558,-0.96874695
43296.304056464,3.6276984,-0.96618268
43297.3040565114,3.6275802,-0.96716901
43298.3040565589,3.6276984,-0.96697168
43299.3040566064,3.6274621,-0.96716901
43300.3040566539,3.6275015,-0.96697168
43301.3040567014,3.6274621,-0.96815521
43302.3040567489,3.6273439,-0.96657721
43303.3040567964,3.6273832,-0.96736621
43304.3040568439,3.6272259,-0.96716901
43305.3040568914,3.6272652,-0.96618268
43306.3040569389,3.6271076,-0.96598547
43307.3040569864,3.6271472,-0.96815521
43308.3040570339,3.6271076,-0.96559094
43309.3040570814,3.6269896,-0.96697168
43310.3040571289,3.6269109,-0.96697168
43311.3040571764,3.626832,-0.96795795
43312.3040572239,3.6267927,-0.96795795
43313.3040572714,3.626714,-0.96736621
43314.3040573189,3.6266747,-0.96657721
43315.3040573664,3.6265957,-0.96677448
43316.3040574139,3.6265171,-0.96637994
43317.3040574614,3.6264384,-0.96618268
43318.3040575089,3.626399,-0.96677448
43319.3040575564,3.6263201,-0.96736621
43320.3040576039,3.6262808,-0.96637994
43321.3040576514,3.6262021,-0.96657721
43322.3040576989,3.6262021,-0.96677448
43323.3040577464,3.6260841,-0.96618268
43324.3040577939,3.6260445,-0.96697168
43325.3040578414,3.6260841,-0.96618268
43326.3040578889,3.6258872,-0.96815521
43327.3040579364,3.6259265,-0.96776074
43328.3040579839,3.6256902,-0.96618268
43329.3040580314,3.6258085,-0.96637994
43330.3040580789,3.6257296,-0.96697168
43331.3040581264,3.6256902,-0.96598547
43332.3040581739,3.6256115,-0.96618268
43333.3040582214,3.6255722,-0.96697168
43334.3040582689,3.6255722,-0.96716901
43335.3040583164,3.6254539,-0.96716901
43336.3040583638,3.6254933,-0.96559094
43337.3040584113,3.6252177,-0.96697168
43338.3040584588,3.6252573,-0.96677448
43339.3040585063,3.6252573,-0.96677448
43340.3040585538,3.625139,-0.96618268
43341.3040586013,3.6249814,-0.96578815
43342.3040586488,3.625021,-0.96795795
43343.3040586963,3.6249814,-0.96539368
43344.3040587438,3.6248634,-0.96697168
43345.3040587913,3.6248634,-0.96677448
43346.3040588388,3.6247454,-0.96637994
43347.3040588863,3.6247058,-0.96559094
43348.3040589338,3.6245091,-0.96697168
43349.3040589813,3.6245878,-0.96637994
43350.3040590288,3.6245878,-0.96559094
43351.3040590763,3.6243515,-0.96657721
43352.3040591238,3.6244302,-0.96578815
43353.3040591713,3.6244302,-0.96756348
43354.3040592188,3.6242728,-0.96697168
43355.3040592663,3.6241941,-0.96716901
43356.3040593138,3.6241941,-0.96618268
43357.3040593613,3.6241152,-0.96736621
43358.3040594088,3.6240366,-0.96657721
43359.3040594563,3.6240366,-0.96618268
43360.3040595038,3.623879,-0.96637994
43361.3040595513,3.623879,-0.96697168
43362.3040595988,3.623879,-0.96618268
43363.3040596463,3.6238396,-0.96736621
43364.3040596938,3.6237216,-0.96736621
43365.3040597413,3.6236429,-0.96677448
43366.3040597888,3.623564,-0.96697168
43367.3040598363,3.6236429,-0.96657721
43368.3040598838,3.6234853,-0.96657721
43369.3040599313,3.6234853,-0.96578815
43370.3040599788,3.6233277,-0.96559094
43371.3040600263,3.6233673,-0.96598547
43372.3040600738,3.6232884,-0.96539368
43373.3040601213,3.6231704,-0.96677448
43374.3040601688,3.6230521,-0.96657721
43375.3040602162,3.6230915,-0.96756348
43376.3040602637,3.6230915,-0.96657721
43377.3040603112,3.6228554,-0.96618268
43378.3040603587,3.6228554,-0.96697168
43379.3040604062,3.6228948,-0.96716901
43380.3040604537,3.6228158,-0.96637994
43381.3040605012,3.6227765,-0.96578815
43382.3040605487,3.6225798,-0.96736621
43383.3040605962,3.6226192,-0.96697168
43384.3040606437,3.6225402,-0.96677448
43385.3040606912,3.6224616,-0.96657721
43386.3040607387,3.6223042,-0.96637994
43387.3040607862,3.6224222,-0.96677448
43388.3040608337,3.6222646,-0.96795795
43389.3040608812,3.6222646,-0.96637994
43390.3040609287,3.6221466,-0.96736621
43391.3040609762,3.6221073,-0.96736621
43392.3040610237,3.6220679,-0.96618268
43393.3040610712,3.6220679,-0.96618268
43394.3040611187,3.6220679,-0.96815521
43395.3040611662,3.6217923,-0.96598547
43396.3040612137,3.6218317,-0.96697168
43397.3040612612,3.621989,-0.96677448
43398.3040613087,3.6217134,-0.96677448
43399.3040613562,3.6215954,-0.96519647
43400.3040614037,3.6215954,-0.96697168
43401.3040614512,3.621556,-0.96598547
43402.3040614987,3.621556,-0.96736621
43403.3040615462,3.621556,-0.96598547
43404.3040615937,3.6215167,-0.96637994
43405.3040616412,3.6213984,-0.96637994
43406.3040616887,3.6213198,-0.96657721
43407.3040617362,3.6212411,-0.96677448
43408.3040617837,3.6211228,-0.96677448
43409.3040618312,3.6210835,-0.96677448
43410.3040618787,3.6210442,-0.96697168
43411.3040619262,3.6210442,-0.96657721
43412.3040619737,3.6209655,-0.96795795
43413.3040620212,3.6208866,-0.96697168
43414.3040620687,3.6208472,-0.96578815
43415.3040621161,3.6208472,-0.96677448
43416.3040621636,3.620611,-0.96854974
43417.3040622111,3.620611,-0.96657721
43418.3040622586,3.620611,-0.96657721
43419.3040623061,3.620611,-0.96697168
43420.3040623536,3.6204536,-0.96637994
43421.3040624011,3.6204536,-0.96677448
43422.3040624486,3.6204929,-0.96756348
43423.3040624961,3.6203353,-0.96598547
43424.3040625436,3.6202567,-0.96815521
43425.3040625911,3.620178,-0.96716901
43426.3040626386,3.6200991,-0.96618268
43427.3040626861,3.6200597,-0.96756348
43428.3040627336,3.6199811,-0.96716901
43429.3040627811,3.6199811,-0.96697168
43430.3040628286,3.6199811,-0.96736621
43431.3040628761,3.619863,-0.96677448
43432.3040629236,3.6198235,-0.96657721
43433.3040629711,3.6198235,-0.96815521
43434.3040630186,3.6197448,-0.96677448
43435.3040630661,3.6196661,-0.96578815
43436.3040631136,3.6196268,-0.96716901
43437.3040631611,3.6195874,-0.96618268
43438.3040632086,3.6194692,-0.96914148
43439.3040632561,3.6193905,-0.96716901
43440.3040633036,3.6193905,-0.96637994
43441.3040633511,3.6193116,-0.96618268
43442.3040633986,3.6191936,-0.96618268
43443.3040634461,3.6191542,-0.96657721
43444.3040634936,3.6191542,-0.96677448
43445.3040635411,3.6190755,-0.96716901
43446.3040635886,3.619036,-0.96637994
43447.3040636361,3.619036,-0.96677448
43448.3040636836,3.6189966,-0.96736621
43449.3040637311,3.6188393,-0.96677448
43450.3040637786,3.6188786,-0.96756348
43451.3040638261,3.618721,-0.96618268
43452.3040638736,3.6186423,-0.96736621
43453.3040639211,3.618603,-0.96716901
43454.3040639685,3.6185637,-0.96618268
43455.304064016,3.6184454,-0.96598547
43456.3040640635,3.6184061,-0.96716901
43457.304064111,3.6184454,-0.96677448
43458.3040641585,3.6183667,-0.96716901
43459.304064206,3.6183274,-0.96697168
43460.3040642535,3.6181698,-0.96697168
43461.304064301,3.6182091,-0.96657721
43462.3040643485,3.6182091,-0.96578815
43463.304064396,3.6180911,-0.96795795
43464.3040644435,3.6179731,-0.96677448
43465.304064491,3.6180518,-0.96854974
43466.3040645385,3.6178548,-0.96716901
43467.304064586,3.6179731,-0.96657721
43468.3040646335,3.6177762,-0.96677448
43469.304064681,3.6176579,-0.96637994
43470.3040647285,3.6176579,-0.96716901
43471.304064776,3.6175792,-0.96677448
43472.3040648235,3.6175792,-0.96637994
43473.304064871,3.6174612,-0.96736621
43474.3040649185,3.6175005,-0.96657721
43475.304064966,3.6174216,-0.96559094
43476.3040650135,3.6173823,-0.96697168
43477.304065061,3.6172643,-0.96637994
43478.3040651085,3.6172643,-0.96736621
43479.304065156,3.6171856,-0.96637994
43480.3040652035,3.6173036,-0.96697168
43481.304065251,3.6169887,-0.96716901
43482.3040652985,3.6169887,-0.96697168
43483.304065346,3.617028,-0.96539368
43484.3040653935,3.6169887,-0.96776074
43485.304065441,3.6168704,-0.96716901
43486.3040654885,3.6167917,-0.96618268
43487.304065536,3.6167917,-0.96637994
43488.3040655835,3.61691,-0.96637994
43489.304065631,3.616713,-0.96677448
43490.3040656785,3.6166737,-0.96578815
43491.304065726,3.6164374,-0.96637994
43492.3040657735,3.6164768,-0.96815521
43493.3040658209,3.6163588,-0.96499915
43494.3040658684,3.6163588,-0.96716901
43495.3040659159,3.6162798,-0.96598547
43496.3040659634,3.6162012,-0.96697168
43497.3040660109,3.6162798,-0.96637994
43498.3040660584,3.6161618,-0.96677448
43499.3040661059,3.6161225,-0.96716901
43500.3040661534,3.6161225,-0.96716901
43501.3040662009,3.6160831,-0.96598547
43502.3040662484,3.6160042,-0.96716901
43503.3040662959,3.6158469,-0.96618268
43504.3040663434,3.6158862,-0.96637994
43505.3040663909,3.6158075,-0.96697168
43506.3040664384,3.615768,-0.96756348
43507.3040664859,3.6156499,-0.96697168
43508.3040665334,3.6156499,-0.96657721
43509.3040665809,3.6155317,-0.96677448
43510.3040666284,3.615453,-0.96697168
43511.3040666759,3.6154137,-0.96677448
43512.3040667234,3.6154137,-0.96736621
43513.3040667709,3.6153743,-0.96697168
43514.3040668184,3.6151774,-0.96657721
43515.3040668659,3.6150987,-0.96637994
43516.3040669134,3.6151381,-0.96637994
43517.3040669609,3.6151381,-0.96657721
43518.3040670084,3.61502,-0.96697168
43519.3040670559,3.61502,-0.96716901
43520.3040671034,3.6149411,-0.96697168
43521.3040671509,3.6149411,-0.96736621
43522.3040671984,3.6149018,-0.96697168
43523.3040672459,3.6147048,-0.96736621
43524.3040672934,3.6146655,-0.96697168
43525.3040673409,3.6146262,-0.96637994
43526.3040673884,3.6146262,-0.96854974
43527.3040674359,3.6145475,-0.96637994
43528.3040674834,3.6144292,-0.96697168
43529.3040675309,3.6144292,-0.96598547
43530.3040675784,3.6143112,-0.96677448
43531.3040676259,3.6143112,-0.96657721
43532.3040676733,3.6143506,-0.96637994
43533.3040677208,3.6141932,-0.96736621
43534.3040677683,3.6141536,-0.96677448
43535.3040678158,3.6140356,-0.96677448
43536.3040678633,3.6140749,-0.96697168
43537.3040679108,3.6140356,-0.96598547
43538.3040679583,3.6139176,-0.96736621
43539.3040680058,3.6138387,-0.96677448
43540.3040680533,3.613878,-0.96677448
43541.3040681008,3.613878,-0.96736621
43542.3040681483,3.61376,-0.96736621
43543.3040681958,3.6136417,-0.96716901
43544.3040682433,3.6136024,-0.96677448
43545.3040682908,3.6136417,-0.96637994
43546.3040683383,3.6134844,-0.96697168
43547.3040683858,3.6134057,-0.96697168
43548.3040684333,3.613445,-0.96716901
43549.3040684808,3.6132874,-0.96618268
43550.3040685283,3.6132088,-0.96637994
43551.3040685758,3.6133661,-0.96578815
43552.3040686233,3.6130905,-0.96637994
43553.3040686708,3.6132088,-0.96697168
43554.3040687183,3.6130512,-0.96637994
43555.3040687658,3.6130512,-0.96657721
43556.3040688133,3.6130118,-0.96578815
43557.3040688608,3.6129725,-0.96637994
43558.3040689083,3.6128938,-0.96637994
43559.3040689558,3.6127756,-0.96519647
43560.3040690033,3.6128545,-0.96618268
43561.3040690508,3.6126969,-0.96637994
43562.3040690983,3.6125393,-0.96815521
43563.3040691458,3.6125393,-0.96697168
43564.3040691933,3.6125393,-0.96598547
43565.3040692408,3.6125,-0.96697168
43566.3040692883,3.6123426,-0.96697168
43567.3040693358,3.6123426,-0.96657721
43568.3040693833,3.6122243,-0.96697168
43569.3040694308,3.6123426,-0.96697168
43570.3040694783,3.612185,-0.96736621
43571.3040695258,3.6121457,-0.96677448
43572.3040695732,3.6121063,-0.96677448
43573.3040696207,3.6119487,-0.96637994
43574.3040696682,3.6120274,-0.96657721
43575.3040697157,3.6118307,-0.96677448
43576.3040697632,3.6119094,-0.96677448
43577.3040698107,3.6117125,-0.96637994
43578.3040698582,3.6117125,-0.96697168
43579.3040699057,3.6117125,-0.96716901
43580.3040699532,3.6115944,-0.96618268
43581.3040700007,3.6116338,-0.96637994
43582.3040700482,3.6115551,-0.96637994
43583.3040700957,3.6114368,-0.96677448
43584.3040701432,3.6114368,-0.96578815
43585.3040701907,3.6113582,-0.96716901
43586.3040702382,3.6112795,-0.96598547
43587.3040702857,3.6112795,-0.96618268
43588.3040703332,3.6111612,-0.96657721
43589.3040703807,3.6111612,-0.96716901
43590.3040704282,3.6111219,-0.96637994
43591.3040704757,3.6109645,-0.96677448
43592.3040705232,3.6110432,-0.96618268
43593.3040705707,3.6108856,-0.96716901
43594.3040706182,3.6108463,-0.96637994
43595.3040706657,3.6108463,-0.96677448
43596.3040707132,3.6108856,-0.96716901
43597.3040707607,3.6106889,-0.96637994
43598.3040708082,3.6106493,-0.96736621
43599.3040708557,3.6106493,-0.96716901
43600.3040709032,3.6105707,-0.96578815
43601.3040709507,3.610492,-0.96578815
43602.3040709982,3.61061,-0.96559094
43603.3040710457,3.610492,-0.96519647
43604.3040710932,3.6104133,-0.96598547
43605.3040711407,3.6103737,-0.96539368
43606.3040711882,3.6102557,-0.96618268
43607.3040712357,3.6102557,-0.96697168
43608.3040712832,3.6100981,-0.96539368
43609.3040713307,3.6101375,-0.96578815
43610.3040713782,3.6101375,-0.96657721
43611.3040714256,3.6099408,-0.96598547
43612.3040714731,3.6100194,-0.96677448
43613.3040715206,3.6097438,-0.96677448
43614.3040715681,3.6099014,-0.96776074
43615.3040716156,3.6097438,-0.96657721
43616.3040716631,3.6097832,-0.96776074
43617.3040717106,3.6096652,-0.96637994
43618.3040717581,3.6095862,-0.96736621
43619.3040718056,3.6095862,-0.96697168
43620.3040718531,3.6094682,-0.96854974
43621.3040719006,3.6095469,-0.96618268
43622.3040719481,3.6093502,-0.96776074
43623.3040719956,3.6093502,-0.96598547
43624.3040720431,3.6093502,-0.96618268
43625.3040720906,3.6092713,-0.96618268
43626.3040721381,3.6092319,-0.96598547
43627.3040721856,3.6091533,-0.96716901
43628.3040722331,3.6089563,-0.96874695
43629.3040722806,3.608917,-0.96736621
43630.3040723281,3.6091139,-0.96776074
43631.3040723756,3.6089957,-0.96697168
43632.3040724231,3.6088383,-0.96736621
43633.3040724706,3.6087201,-0.96697168
43634.3040725181,3.608799,-0.96697168
43635.3040725656,3.6087201,-0.96598547
43636.3040726131,3.6085627,-0.96657721
43637.3040726606,3.6085627,-0.96618268
43638.3040727081,3.6085234,-0.96637994
43639.3040727556,3.6085234,-0.96657721
43640.3040728031,3.6083658,-0.96480194
43641.3040728506,3.6083264,-0.96677448
43642.3040728981,3.6083658,-0.96618268
43643.3040729456,3.6081688,-0.96598547
43644.3040729931,3.6082082,-0.96716901
43645.3040730406,3.6082475,-0.96618268
43646.3040730881,3.6081295,-0.96637994
43647.3040731356,3.6080508,-0.96716901
43648.3040731831,3.6079719,-0.96539368
43649.3040732306,3.6080115,-0.96716901
43650.304073278,3.6078932,-0.96618268
43651.3040733255,3.6078539,-0.96618268
43652.304073373,3.6077752,-0.96657721
43653.3040734205,3.6077752,-0.96657721
43654.304073468,3.6076963,-0.96618268
43655.3040735155,3.6077359,-0.96578815
43656.304073563,3.6075783,-0.96618268
43657.3040736105,3.6074996,-0.96578815
43658.304073658,3.6074996,-0.96677448
43659.3040737055,3.6073813,-0.96578815
43660.304073753,3.607342,-0.96578815
43661.3040738005,3.6074207,-0.96756348
43662.304073848,3.6072633,-0.96657721
43663.3040738955,3.6072633,-0.96657721
43664.304073943,3.6071451,-0.96697168
43665.3040739905,3.6071451,-0.96677448
43666.304074038,3.6070664,-0.96776074
43667.3040740855,3.6070664,-0.96736621
43668.304074133,3.6069484,-0.96657721
43669.3040741805,3.6070664,-0.96716901
43670.304074228,3.6068301,-0.96854974
43671.3040742755,3.6067908,-0.96657721
43672.304074323,3.6066728,-0.96657721
43673.3040743705,3.6067514,-0.96657721
43674.304074418,3.6066728,-0.96677448
43675.3040744655,3.6065545,-0.96637994
43676.304074513,3.6065545,-0.96637994
43677.3040745605,3.6065152,-0.96776074
43678.304074608,3.6063972,-0.96756348
43679.3040746555,3.6063182,-0.96697168
43680.304074703,3.6062396,-0.96618268
43681.3040747505,3.6063576,-0.96657721
43682.304074798,3.6062002,-0.96716901
43683.3040748455,3.6062789,-0.96677448
43684.304074893,3.6060426,-0.96618268
43685.3040749405,3.6061215,-0.96598547
43686.304074988,3.606082,-0.96736621
43687.3040750355,3.6059639,-0.96618268
43688.304075083,3.6059246,-0.96598547
43689.3040751304,3.6059246,-0.96716901
43690.3040751779,3.6058853,-0.96677448
43691.3040752254,3.605649,-0.96637994
43692.3040752729,3.605767,-0.96716901
43693.3040753204,3.6056883,-0.96637994
43694.3040753679,3.6055703,-0.96637994
43695.3040754154,3.6055703,-0.96677448
43696.3040754629,3.6055307,-0.96677448
43697.3040755104,3.6055307,-0.96618268
43698.3040755579,3.6054521,-0.96637994
43699.3040756054,3.6052551,-0.96677448
43700.3040756529,3.6052551,-0.96697168
43701.3040757004,3.6052551,-0.96598547
43702.3040757479,3.6051371,-0.96618268
43703.3040757954,3.6051764,-0.96618268
43704.3040758429,3.6051764,-0.96637994
43705.3040758904,3.6050191,-0.96677448
43706.3040759379,3.6049795,-0.96637994
43707.3040759854,3.6049008,-0.96598547
43708.3040760329,3.6049008,-0.96598547
43709.3040760804,3.6048615,-0.96677448
43710.3040761279,3.6047828,-0.96618268
43711.3040761754,3.6047039,-0.96618268
43712.3040762229,3.6047039,-0.96637994
43713.3040762704,3.6046646,-0.96657721
43714.3040763179,3.6045465,-0.96578815
43715.3040763654,3.6044676,-0.96618268
43716.3040764129,3.6044283,-0.96657721
43717.3040764604,3.6045072,-0.96637994
43718.3040765079,3.604389,-0.96637994
43719.3040765554,3.6042709,-0.96637994
43720.3040766029,3.604192,-0.96657721
43721.3040766504,3.6041133,-0.96657721
43722.3040766979,3.604074,-0.96677448
43723.3040767454,3.6041133,-0.96637994
43724.3040767929,3.6039953,-0.96657721
43725.3040768404,3.6039953,-0.96776074
43726.3040768879,3.6038771,-0.96776074
43727.3040769354,3.6038771,-0.96637994
43728.3040769828,3.6037591,-0.96657721
43729.3040770303,3.6037591,-0.96637994
43730.3040770778,3.6038377,-0.96637994
43731.3040771253,3.6036408,-0.96559094
43732.3040771728,3.6035621,-0.96677448
43733.3040772203,3.6035228,-0.96598547
43734.3040772678,3.6034834,-0.96637994
43735.3040773153,3.6035621,-0.96657721
43736.3040773628,3.6034441,-0.96677448
43737.3040774103,3.6033652,-0.96716901
43738.3040774578,3.6032865,-0.96637994
43739.3040775053,3.6031685,-0.96618268
43740.3040775528,3.6030896,-0.96598547
43741.3040776003,3.6030896,-0.96618268
43742.3040776478,3.6030502,-0.96716901
43743.3040776953,3.6030109,-0.96677448
43744.3040777428,3.6029716,-0.96677448
43745.3040777903,3.6028929,-0.96637994
43746.3040778378,3.6028929,-0.96697168
43747.3040778853,3.6028929,-0.96756348
43748.3040779328,3.6028535,-0.96677448
43749.3040779803,3.602814,-0.96697168
43750.3040780278,3.6026173,-0.96716901
43751.3040780753,3.6025383,-0.96657721
43752.3040781228,3.6025383,-0.96657721
43753.3040781703,3.6025383,-0.96657721
43754.3040782178,3.6023417,-0.96677448
43755.3040782653,3.6024597,-0.96637994
43756.3040783128,3.6023417,-0.96677448
43757.3040783603,3.6023417,-0.96657721
43758.3040784078,3.6022234,-0.96637994
43759.3040784553,3.6021841,-0.96637994
43760.3040785028,3.6021447,-0.96637994
43761.3040785503,3.602066,-0.96697168
43762.3040785978,3.6021054,-0.96716901
43763.3040786453,3.6020265,-0.96795795
43764.3040786928,3.6020265,-0.96637994
43765.3040787403,3.6019478,-0.96618268
43766.3040787878,3.6017904,-0.96598547
43767.3040788353,3.6017115,-0.96598547
43768.3040788827,3.6017509,-0.96637994
43769.3040789302,3.6016722,-0.96598547
43770.3040789777,3.6016328,-0.96697168
43771.3040790252,3.6015935,-0.96559094
43772.3040790727,3.6016328,-0.96736621
43773.3040791202,3.6014752,-0.96637994
43774.3040791677,3.6014752,-0.96815521
43775.3040792152,3.6013572,-0.96618268
43776.3040792627,3.6013572,-0.96677448
43777.3040793102,3.6012785,-0.96697168
43778.3040793577,3.6011996,-0.96578815
43779.3040794052,3.6011209,-0.96657721
43780.3040794527,3.6011209,-0.96598547
43781.3040795002,3.6010423,-0.96657721
43782.3040795477,3.6010423,-0.96657721
43783.3040795952,3.6009636,-0.96559094
43784.3040796427,3.6009636,-0.96598547
43785.3040796902,3.600924,-0.96716901
43786.3040797377,3.6008453,-0.96637994
43787.3040797852,3.6006877,-0.96756348
43788.3040798327,3.600806,-0.96657721
43789.3040798802,3.6006091,-0.96598547
43790.3040799277,3.6005697,-0.96598547
43791.3040799752,3.6005304,-0.96559094
43792.3040800227,3.6006484,-0.96697168
43793.3040800702,3.6004517,-0.96736621
43794.3040801177,3.600491,-0.96815521
43795.3040801652,3.6003728,-0.96637994
43796.3040802127,3.6002941,-0.96618268
43797.3040802602,3.6002941,-0.96637994
43798.3040803077,3.6003335,-0.96677448
43799.3040803552,3.6001365,-0.96677448
43800.3040804027,3.6000578,-0.96736621
43801.3040804502,3.6000578,-0.96697168
43802.3040804977,3.6000972,-0.96716901
43803.3040805452,3.5999398,-0.96697168
43804.3040805927,3.5999005,-0.96637994
43805.3040806402,3.5997822,-0.96539368
43806.3040806877,3.5998609,-0.96618268
43807.3040807351,3.5997036,-0.96795795
43808.3040807826,3.5996642,-0.96637994
43809.3040808301,3.5996642,-0.96736621
43810.3040808776,3.599546,-0.96657721
43811.3040809251,3.5995066,-0.96657721
43812.3040809726,3.5994279,-0.96637994
43813.3040810201,3.5993493,-0.96578815
43814.3040810676,3.5993886,-0.96677448
43815.3040811151,3.5993886,-0.96697168
43816.3040811626,3.5992703,-0.96618268
43817.3040812101,3.5991917,-0.96736621
43818.3040812576,3.5991523,-0.96618268
43819.3040813051,3.5991917,-0.96697168
43820.3040813526,3.5990341,-0.96559094
43821.3040814001,3.5990341,-0.96637994
43822.3040814476,3.5989554,-0.96874695
43823.3040814951,3.5987978,-0.96637994
43824.3040815426,3.5987585,-0.96815521
43825.3040815901,3.5989161,-0.96716901
43826.3040816376,3.5988374,-0.96657721
43827.3040816851,3.5986404,-0.96598547
43828.3040817326,3.5986011,-0.96657721
43829.3040817801,3.5986798,-0.96637994
43830.3040818276,3.5984828,-0.96716901
43831.3040818751,3.5985618,-0.96697168
43832.3040819226,3.5984435,-0.96716901
43833.3040819701,3.5984828,-0.96697168
43834.3040820176,3.5984042,-0.96657721
43835.3040820651,3.5984042,-0.96578815
43836.3040821126,3.5982072,-0.96598547
43837.3040821601,3.5982862,-0.96677448
43838.3040822076,3.5981286,-0.96559094
43839.3040822551,3.5980892,-0.96677448
43840.3040823026,3.5980892,-0.96637994
43841.3040823501,3.5980499,-0.96598547
43842.3040823976,3.5979316,-0.96677448
43843.3040824451,3.5979316,-0.96697168
43844.3040824926,3.5978529,-0.96657721
43845.3040825401,3.5978136,-0.96697168
43846.3040825875,3.5978136,-0.96637994
43847.304082635,3.597656,-0.96677448
43848.3040826825,3.597538,-0.96677448
43849.30408273,3.5977349,-0.96677448
43850.3040827775,3.5975773,-0.96736621
43851.304082825,3.5974987,-0.96578815
43852.3040828725,3.5974593,-0.96637994
43853.30408292,3.5973411,-0.96677448
43854.3040829675,3.5972624,-0.96776074
43855.304083015,3.5973017,-0.96637994
43856.3040830625,3.5972624,-0.96677448
43857.30408311,3.597223,-0.96637994
43858.3040831575,3.597223,-0.96539368
43859.304083205,3.5971048,-0.96637994
43860.3040832525,3.5970654,-0.96578815
43861.3040833,3.5969868,-0.96697168
43862.3040833475,3.5968685,-0.96578815
43863.304083395,3.5968685,-0.96578815
43864.3040834425,3.5968685,-0.96815521
43865.30408349,3.5967505,-0.96559094
43866.3040835375,3.5967505,-0.96657721
43867.304083585,3.5967112,-0.96677448
43868.3040836325,3.5965536,-0.96657721
43869.30408368,3.5965536,-0.96756348
43870.3040837275,3.5965536,-0.96677448
43871.304083775,3.5963566,-0.96716901
43872.3040838225,3.5964749,-0.96578815
43873.30408387,3.5963566,-0.96697168
43874.3040839175,3.5963566,-0.96637994
43875.304083965,3.5963962,-0.96835242
43876.3040840125,3.5961993,-0.96598547
43877.30408406,3.5961993,-0.96637994
43878.3040841075,3.5960417,-0.96578815
43879.304084155,3.596081,-0.96578815
43880.3040842025,3.5960417,-0.96697168
43881.30408425,3.5958843,-0.96559094
43882.3040842975,3.595963,-0.96874695
43883.304084345,3.5957661,-0.96637994
43884.3040843925,3.595845,-0.96618268
43885.3040844399,3.5957661,-0.96657721
43886.3040844874,3.5956874,-0.96697168
43887.3040845349,3.5956087,-0.96559094
43888.3040845824,3.5956087,-0.96716901
43889.3040846299,3.5954905,-0.96598547
43890.3040846774,3.5954905,-0.96716901
43891.3040847249,3.5954118,-0.96637994
43892.3040847724,3.5953724,-0.96697168
43893.3040848199,3.5952935,-0.96677448
43894.3040848674,3.5952148,-0.96697168
43895.3040849149,3.5952935,-0.96657721
43896.3040849624,3.5953331,-0.96795795
43897.3040850099,3.5950968,-0.96519647
43898.3040850574,3.5952148,-0.96637994
43899.3040851049,3.5951362,-0.96716901
43900.3040851524,3.5950179,-0.96776074
43901.3040851999,3.5950575,-0.96894421
43902.3040852474,3.5948606,-0.96914148
43903.3040852949,3.5948212,-0.96598547
43904.3040853424,3.5948212,-0.96618268
43905.3040853899,3.5947423,-0.96677448
43906.3040854374,3.5946243,-0.96637994
43907.3040854849,3.5945456,-0.96618268
43908.3040855324,3.5945849,-0.96736621
43909.3040855799,3.5945063,-0.96776074
43910.3040856274,3.5945063,-0.96618268
43911.3040856749,3.5944273,-0.96677448
43912.3040857224,3.5943487,-0.96697168
43913.3040857699,3.5943093,-0.96578815
43914.3040858174,3.59427,-0.96697168
43915.3040858649,3.5941911,-0.96637994
43916.3040859124,3.5942307,-0.96618268
43917.3040859599,3.5940731,-0.96697168
43918.3040860074,3.5940731,-0.96657721
43919.3040860549,3.5939944,-0.96539368
43920.3040861024,3.5940731,-0.96677448
43921.3040861499,3.593955,-0.96618268
43922.3040861974,3.5938761,-0.96815521
43923.3040862449,3.593955,-0.96598547
43924.3040862924,3.5937974,-0.96578815
43925.3040863398,3.5936794,-0.96578815
43926.3040863873,3.5936794,-0.96637994
43927.3040864348,3.5935612,-0.96598547
43928.3040864823,3.5936399,-0.96736621
43929.3040865298,3.5936005,-0.96697168
43930.3040865773,3.5935612,-0.96618268
43931.3040866248,3.5935218,-0.96677448
43932.3040866723,3.5933642,-0.96677448
43933.3040867198,3.5933249,-0.96618268
43934.3040867673,3.5932856,-0.96618268
43935.3040868148,3.5933249,-0.96716901
43936.3040868623,3.5930493,-0.96716901
43937.3040869098,3.5931675,-0.96736621
43938.3040869573,3.5930886,-0.96578815
43939.3040870048,3.5930493,-0.96677448
43940.3040870523,3.5929706,-0.96618268
43941.3040870998,3.5929706,-0.96657721
43942.3040871473,3.592813,-0.96539368
43943.3040871948,3.5928919,-0.96578815
43944.3040872423,3.5927343,-0.96736621
43945.3040872898,3.5927343,-0.96697168
43946.3040873373,3.5927737,-0.96677448
43947.3040873848,3.5926557,-0.96697168
43948.3040874323,3.5926557,-0.96697168
43949.3040874798,3.5924587,-0.96854974
43950.3040875273,3.5925374,-0.96776074
43951.3040875748,3.5924194,-0.96637994
43952.3040876223,3.59238,-0.96677448
43953.3040876698,3.5922618,-0.96598547
43954.3040877173,3.5922225,-0.96716901
43955.3040877648,3.5921831,-0.96697168
43956.3040878123,3.5922618,-0.96677448
43957.3040878598,3.5921438,-0.96559094
43958.3040879073,3.5921044,-0.96637994
43959.3040879548,3.5919468,-0.96637994
43960.3040880023,3.5919862,-0.96657721
43961.3040880498,3.5919862,-0.96637994
43962.3040880973,3.5919468,-0.96539368
43963.3040881448,3.5919075,-0.96716901
43964.3040881922,3.5917499,-0.96815521
43965.3040882397,3.5917895,-0.96618268
43966.3040882872,3.5917499,-0.96776074
43967.3040883347,3.5916319,-0.96637994
43968.3040883822,3.5915532,-0.96657721
43969.3040884297,3.5915532,-0.96637994
43970.3040884772,3.5915136,-0.96657721
43971.3040885247,3.591435,-0.96657721
43972.3040885722,3.5913956,-0.96716901
43973.3040886197,3.5913169,-0.96637994
43974.3040886672,3.5913169,-0.96716901
43975.3040887147,3.591238,-0.96618268
43976.3040887622,3.5911593,-0.96697168
43977.3040888097,3.5911987,-0.96697168
43978.3040888572,3.5911593,-0.96677448
43979.3040889047,3.5909624,-0.96716901
43980.3040889522,3.5909231,-0.96598547
43981.3040889997,3.5909624,-0.96618268
43982.3040890472,3.5908837,-0.96756348
43983.3040890947,3.5907657,-0.96657721
43984.3040891422,3.5909231,-0.96795795
43985.3040891897,3.5907657,-0.96637994
43986.3040892372,3.5906868,-0.96756348
43987.3040892847,3.5906475,-0.96756348
43988.3040893322,3.5904112,-0.96618268
43989.3040893797,3.5906081,-0.96697168
43990.3040894272,3.5905688,-0.96637994
43991.3040894747,3.5904901,-0.96716901
43992.3040895222,3.5903718,-0.96637994
43993.3040895697,3.5902538,-0.96657721
43994.3040896172,3.5903718,-0.96697168
43995.3040896647,3.5901356,-0.96677448
43996.3040897122,3.5902145,-0.96697168
43997.3040897597,3.5901752,-0.96637994
43998.3040898072,3.5900176,-0.96618268
43999.3040898547,3.5900962,-0.96677448
44000.3040899022,3.5900176,-0.96598547
44001.3040899497,3.5899389,-0.96657721
44002.3040899972,3.58986,-0.96637994
44003.3040900446,3.5898995,-0.96578815
44004.3040900921,3.5897813,-0.96598547
44005.3040901396,3.5896237,-0.96677448
44006.3040901871,3.5897813,-0.96598547
44007.3040902346,3.5896237,-0.96677448
44008.3040902821,3.589545,-0.96637994
44009.3040903296,3.5895844,-0.96697168
44010.3040903771,3.5893877,-0.96697168
44011.3040904246,3.5894663,-0.96716901
44012.3040904721,3.5894663,-0.96677448
44013.3040905196,3.5893481,-0.96598547
44014.3040905671,3.5893877,-0.96697168
44015.3040906146,3.5892694,-0.96657721
44016.3040906621,3.5891514,-0.96756348
44017.3040907096,3.5890331,-0.96637994
44018.3040907571,3.5891514,-0.96598547
44019.3040908046,3.5889938,-0.96578815
44020.3040908521,3.5889938,-0.96598547
44021.3040908996,3.5889151,-0.96657721
44022.3040909471,3.5888758,-0.96697168
44023.3040909946,3.5889544,-0.96578815
44024.3040910421,3.5887575,-0.96677448
44025.3040910896,3.5887575,-0.96716901
44026.3040911371,3.5886002,-0.96578815
44027.3040911846,3.5887182,-0.96736621
44028.3040912321,3.5885212,-0.96519647
44029.3040912796,3.5885608,-0.96637994
44030.3040913271,3.5885212,-0.96657721
44031.3040913746,3.5884032,-0.96637994
44032.3040914221,3.5883245,-0.96697168
44033.3040914696,3.5883639,-0.96657721
44034.3040915171,3.5883639,-0.96637994
44035.3040915646,3.5883245,-0.96657721
44036.3040916121,3.5882063,-0.96657721
44037.3040916596,3.588167,-0.96677448
44038.3040917071,3.5880096,-0.96578815
44039.3040917546,3.5880489,-0.96736621
44040.3040918021,3.5880096,-0.96716901
44041.3040918496,3.5879307,-0.96618268
44042.304091897,3.58797,-0.96677448
44043.3040919445,3.5878127,-0.96677448
44044.304091992,3.5877337,-0.96637994
44045.3040920395,3.5877733,-0.96716901
44046.304092087,3.5876551,-0.96716901
44047.3040921345,3.5876157,-0.96637994
44048.304092182,3.5876157,-0.96716901
44049.3040922295,3.5875764,-0.96716901
44050.304092277,3.5874581,-0.96598547
44051.3040923245,3.5873795,-0.96618268
44052.304092372,3.5874977,-0.96637994
44053.3040924195,3.5873401,-0.96637994
44054.304092467,3.5872221,-0.96519647
44055.3040925145,3.5873008,-0.96598547
44056.304092562,3.5871825,-0.96539368
44057.3040926095,3.5872614,-0.96578815
44058.304092657,3.5873008,-0.96637994
44059.3040927045,3.5870645,-0.96657721
44060.304092752,3.5869465,-0.96697168
44061.3040927995,3.5870252,-0.96736621
44062.304092847,3.5869858,-0.96697168
44063.3040928945,3.5867889,-0.96716901
44064.304092942,3.5867102,-0.96716901
44065.3040929895,3.5867496,-0.96756348
44066.304093037,3.5867889,-0.96618268
44067.3040930845,3.5867102,-0.96716901
44068.304093132,3.586592,-0.96677448
44069.3040931795,3.586592,-0.96697168
44070.304093227,3.5864739,-0.96618268
44071.3040932745,3.5864739,-0.96618268
44072.304093322,3.5865526,-0.96578815
44073.3040933695,3.5863953,-0.96854974
44074.304093417,3.5863557,-0.96618268
44075.3040934645,3.586277,-0.96697168
44076.304093512,3.5862377,-0.96697168
44077.3040935595,3.586277,-0.96578815
44078.304093607,3.5861197,-0.96677448
44079.3040936545,3.5861197,-0.96736621
44080.304093702,3.5859621,-0.96677448
44081.3040937495,3.5859621,-0.96677448
44082.3040937969,3.5860407,-0.96677448
44083.3040938444,3.5859621,-0.96657721
44084.3040938919,3.5857651,-0.96776074
44085.3040939394,3.5858438,-0.96677448
44086.3040939869,3.5857258,-0.96618268
44087.3040940344,3.5856864,-0.96815521
44088.3040940819,3.5856471,-0.96637994
44089.3040941294,3.5856471,-0.96657721
44090.3040941769,3.5854895,-0.96716901
44091.3040942244,3.5855682,-0.96637994
44092.3040942719,3.5854502,-0.96756348
44093.3040943194,3.5853715,-0.96716901
44094.3040943669,3.5854108,-0.96756348
44095.3040944144,3.5852926,-0.96736621
44096.3040944619,3.5851746,-0.96657721
44097.3040945094,3.5851352,-0.96637994
44098.3040945569,3.5851746,-0.96618268
44099.3040946044,3.5850959,-0.96637994
44100.3040946519,3.5850959,-0.96697168
44101.3040946994,3.5849776,-0.96578815
44102.3040947469,3.585017,-0.96657721
44103.3040947944,3.5849776,-0.96677448
44104.3040948419,3.5849383,-0.96736621
44105.3040948894,3.5847414,-0.96618268
44106.3040949369,3.5847414,-0.96637994
44107.3040949844,3.584702,-0.96539368
44108.3040950319,3.5846627,-0.96578815
44109.2900950787,3.584702,-0.96697168
44109.2920950788,3.5846627,-0.96697168
44109.3360950809,3.6086807,0
44169.3360979307,3.6190755,0
44229.3361007806,3.6215167,0
44289.3361036304,3.6227765,0
44349.3361064803,3.6233277,0
44409.3361093301,3.6237609,0
44469.33611218,3.6242335,0
44529.3361150298,3.6244302,0
44589.3361178797,3.6247847,0
44649.3361207295,3.6247454,0
44709.3361235794,3.6247847,0
44769.3361264292,3.6249027,0
44829.3361292791,3.625021,0
44889.3361321289,3.6250603,0
44949.3361349788,3.6250603,0
45009.3361378286,3.6252573,0
45069.3361406785,3.6250997,0
45129.3361435283,3.6252177,0
45189.3361463781,3.6254539,0
45249.336149228,3.6252966,0
45309.3361520778,3.6254539,0
45369.3361549277,3.6253753,0
45429.3361577775,3.6254539,0
45489.3361606274,3.6255329,0
45549.3361634772,3.6256115,0
45609.3361663271,3.6255722,0
45669.3361691769,3.6256509,0
45729.3361720268,3.6256902,0
45789.3361748766,3.6256509,0
45849.3361777265,3.6257296,0
45909.3361805763,3.6255329,0
45969.3361834262,3.6257296,0
46029.336186276,3.6257296,0
46089.3361891259,3.6258085,0
46149.3361919757,3.6258085,0
46209.3361948255,3.6257296,0
46269.3361976754,3.6258085,0
46329.3362005252,3.6258478,0
46389.3362033751,3.6257689,0
46449.3362062249,3.6258478,0
46509.3362090748,3.6258085,0
46569.3362119246,3.6258085,0
46629.3362147745,3.6258085,0
46689.3362176243,3.6258478,0
46749.3362204742,3.6258478,0
46809.336223324,3.6258872,0
46869.3362261739,3.6260052,0
46929.3362290237,3.6261234,0
46989.3362318736,3.6258085,0
47049.3362347234,3.6259658,0
47109.3362375733,3.6258478,0
47169.3362404231,3.6260445,0
47229.3362432729,3.6259658,0
47289.3362461228,3.6260445,0
47349.3362489726,3.6260052,0
47409.3362518225,3.6260052,0
47469.3362546723,3.6259658,0
47529.3362575222,3.6260052,0
47589.336260372,3.6260052,0
47649.3362632219,3.6259658,0
47709.3682660732,3.6259658,0
47709.3702660733,3.4601233,-6.2752686
47709.4702660781,3.4484684,-6.5232158
47709.5702660828,3.4467754,-6.5293311
47709.6702660876,3.4461455,-6.52223
47709.7702660923,3.4452794,-6.5220327
47709.8702660971,3.4446099,-6.5220327
47709.9702661018,3.4439406,-6.5157207
47710.0702661066,3.4430349,-6.5277529
47710.1702661113,3.442523,-6.5249917
47710.2702661161,3.44209,-6.5240054
47710.3702661208,3.4414995,-6.5245972
47710.4702661256,3.4409087,-6.5243999
47710.5702661303,3.440515,-6.5234131
47710.6702661351,3.4400425,-6.5243999
47710.7702661398,3.4394913,-6.5255835
47710.8702661446,3.4390976,-6.5245972
47710.9702661493,3.4386251,-6.5267666
47711.0702661541,3.4381526,-6.5253862
47711.1702661588,3.4377196,-6.5255835
47711.2702661636,3.4373651,-6.5245972
47711.3702661683,3.4368138,-6.525189
47711.4702661731,3.4364989,-6.5247944
47711.5702661778,3.4360659,-6.5245972
47711.6702661826,3.4357114,-6.5249917
47711.7702661873,3.435554,-6.5245972
47711.8702661921,3.4350421,-6.5245972
47711.9702661968,3.4346483,-6.5240054
47712.0702662016,3.4342546,-6.525189
47712.1702662063,3.4339001,-6.5249917
47712.2702662111,3.4335458,-6.5245972
47712.3702662158,3.4332309,-6.5243999
47712.4702662206,3.4328766,-6.5255835
47712.5702662253,3.4326797,-6.5236108
47712.6702662301,3.4321284,-6.5243999
47712.7702662348,3.4318528,-6.525189
47712.8702662396,3.4315772,-6.5257808
47712.9702662443,3.4313016,-6.5253862
47713.0702662491,3.4308684,-6.5253862
47713.1702662538,3.4304748,-6.5247944
47713.2702662586,3.4301991,-6.5259775
47713.3702662633,3.4298842,-6.5238081
47713.4702662681,3.4296479,-6.5249917
47713.5702662728,3.4292934,-6.5249917
47713.6702662776,3.4290574,-6.5257808
47713.7702662823,3.4287028,-6.5242026
47713.8702662871,3.4283879,-6.5243999
47713.9702662918,3.4281516,-6.5249917
47714.0702662966,3.4279153,-6.5255835
47714.1702663013,3.4275217,-6.5263721
47714.2702663061,3.4272461,-6.5247944
47714.3702663108,3.4269311,-6.5257808
47714.4702663156,3.4267342,-6.5247944
47714.5702663203,3.4263799,-6.5245972
47714.6702663251,3.4261436,-6.5242026
47714.7702663298,3.4257891,-6.5247944
47714.8702663346,3.4256711,-6.5257808
47714.9702663393,3.4252775,-6.5255835
47715.0702663441,3.4250019,-6.5249917
47715.1702663488,3.4247262,-6.5261748
47715.2702663536,3.4245293,-6.5242026
47715.3702663583,3.4240961,-6.5255835
47715.4702663631,3.4240174,-6.5247944
47715.5702663678,3.4235055,-6.5259775
47715.6702663726,3.4233479,-6.5245972
47715.7702663773,3.4231119,-6.5234131
47715.8702663821,3.422915,-6.5240054
47715.9702663868,3.4226394,-6.5261748
47716.0702663916,3.4223638,-6.5255835
47716.1702663963,3.4220488,-6.5245972
47716.2702664011,3.4218125,-6.5240054
47716.3702664058,3.4215763,-6.5245972
47716.4702664106,3.4215763,-6.5243999
47716.5702664153,3.4213006,-6.5245972
47716.6702664201,3.4209461,-6.5249917
47716.7702664248,3.4206312,-6.5245972
47716.8702664296,3.4203556,-6.5238081
47716.9702664343,3.4201982,-6.5253862
47717.0702664391,3.4199226,-6.5249917
47717.1702664438,3.4197257,-6.5249917
47717.2702664486,3.41945,-6.525189
47717.3702664533,3.4192138,-6.5249917
47717.4702664581,3.4189382,-6.5243999
47717.5702664628,3.4186625,-6.5249917
47717.6702664676,3.4185445,-6.5249917
47717.7702664723,3.4184656,-6.5240054
47717.8702664771,3.4181507,-6.5249917
47717.9702664818,3.4177177,-6.5261748
47718.0702664866,3.4175208,-6.5261748
47718.1702664913,3.4173632,-6.5259775
47718.2702664961,3.4172451,-6.5243999
47718.3702665008,3.4169695,-6.5247944
47718.4702665056,3.4166939,-6.5242026
47718.5702665103,3.416497,-6.5243999
47718.6702665151,3.4163001,-6.5245972
47718.7702665198,3.4161034,-6.5243999
47718.8702665246,3.4158278,-6.525189
47718.9702665293,3.4155915,-6.5257808
47719.0702665341,3.4152763,-6.5257808
47719.1702665388,3.4151583,-6.5236108
47719.2702665436,3.4150007,-6.5247944
47719.3702665483,3.4148827,-6.5247944
47719.4702665531,3.4144495,-6.5249917
47719.5702665578,3.4143708,-6.5243999
47719.6702665626,3.4141738,-6.5243999
47719.7702665673,3.4139771,-6.5259775
47719.8702665721,3.4135833,-6.5242026
47719.9702665768,3.4135833,-6.525189
47720.0702665816,3.4133863,-6.5249917
47720.1702665863,3.4131503,-6.5240054
47720.2702665911,3.412914,-6.5259775
47720.3702665958,3.4127564,-6.5243999
47720.4702666006,3.4126384,-6.5245972
47720.5702666053,3.4123235,-6.5232158
47720.6702666101,3.4121265,-6.5273584
47720.7702666148,3.4118903,-6.5245972
47720.8702666196,3.4117723,-6.5261748
47720.9702666243,3.4115753,-6.5255835
47721.0702666291,3.411339,-6.5238081
47721.1702666338,3.4111814,-6.5261748
47721.2702666386,3.4110634,-6.5242026
47721.3702666433,3.4107878,-6.5253862
47721.4702666481,3.4105909,-6.5247944
47721.5702666528,3.4102759,-6.5271611
47721.6702666576,3.4101183,-6.525189
47721.7702666623,3.4100003,-6.5240054
47721.8702666671,3.4099216,-6.5247944
47721.9702666718,3.4097247,-6.5245972
47722.0702666766,3.4094491,-6.5242026
47722.1702666813,3.4092128,-6.5249917
47722.2702666861,3.4089766,-6.5255835
47722.3702666908,3.4088979,-6.5245972
47722.4702666956,3.4087796,-6.5247944
47722.5702667003,3.4086616,-6.5234131
47722.6702667051,3.408504,-6.5247944
47722.7702667098,3.4081497,-6.5240054
47722.8702667146,3.408071,-6.5249917
47722.9702667193,3.4078741,-6.525189
47723.0702667241,3.4075985,-6.525189
47723.1702667288,3.4075198,-6.5247944
47723.2702667336,3.4072835,-6.5247944
47723.3702667383,3.4072049,-6.5263721
47723.4702667431,3.4068897,-6.5247944
47723.5702667478,3.4068503,-6.5249917
47723.6702667526,3.4066536,-6.525189
47723.7702667573,3.406496,-6.5245972
47723.8702667621,3.4062598,-6.5243999
47723.9702667668,3.4061022,-6.525189
47724.0702667716,3.4059448,-6.5236108
47724.1702667763,3.4057479,-6.5253862
47724.2702667811,3.405551,-6.5247944
47724.3702667858,3.4054329,-6.5259775
47724.4702667905,3.4053149,-6.5249917
47724.5702667953,3.405118,-6.5242026
47724.6702668,3.4049604,-6.5247944
47724.7702668048,3.4048424,-6.5247944
47724.8702668095,3.4046848,-6.5259775
47724.9702668143,3.4045274,-6.5243999
47725.070266819,3.4044092,-6.5249917
47725.1702668238,3.4041729,-6.525189
47725.2702668285,3.4040942,-6.5255835
47725.3702668333,3.4039762,-6.525189
47725.470266838,3.4037399,-6.5242026
47725.5702668428,3.4035037,-6.5247944
47725.6702668475,3.4034643,-6.5240054
47725.7702668523,3.4031887,-6.5245972
47725.870266857,3.4031887,-6.5257808
47725.9702668618,3.4029918,-6.5242026
47726.0702668665,3.4027162,-6.5232158
47726.1702668713,3.4026768,-6.5247944
47726.270266876,3.4026375,-6.5247944
47726.3702668808,3.4023619,-6.5247944
47726.4702668855,3.402283,-6.5245972
47726.5702668903,3.4021256,-6.5243999
47726.670266895,3.4019287,-6.5245972
47726.7702668998,3.40185,-6.5245972
47726.8702669045,3.4016531,-6.5247944
47726.9702669093,3.4014561,-6.525189
47727.070266914,3.4012594,-6.5261748
47727.1702669188,3.4011805,-6.5245972
47727.2702669235,3.4010625,-6.525189
47727.3702669283,3.4009049,-6.5236108
47727.470266933,3.4007869,-6.5249917
47727.5702669378,3.4006686,-6.5245972
47727.6702669425,3.400393,-6.5249917
47727.7702669473,3.4003537,-6.5261748
47727.870266952,3.4001963,-6.5249917
47727.9702669568,3.39996,-6.5263721
47728.0702669615,3.3999994,-6.5247944
47728.1702669663,3.3997631,-6.5247944
47728.270266971,3.3997238,-6.5243999
47728.3702669758,3.3995268,-6.5243999
47728.4702669805,3.3993299,-6.525189
47728.5702669853,3.3991332,-6.5242026
47728.67026699,3.3990149,-6.5238081
47728.7702669948,3.3989756,-6.5242026
47728.8702669995,3.3989756,-6.5249917
47728.9702670043,3.3987393,-6.5247944
47729.070267009,3.398582,-6.5249917
47729.1702670138,3.3983457,-6.5245972
47729.2702670185,3.3983457,-6.5255835
47729.3702670233,3.3980701,-6.5245972
47729.470267028,3.3979912,-6.525189
47729.5702670328,3.3980308,-6.5245972
47729.6702670375,3.3977945,-6.5245972
47729.7702670423,3.3976762,-6.5243999
47729.870267047,3.3975582,-6.5247944
47729.9702670518,3.39744,-6.5263721
47730.0702670565,3.3972826,-6.5243999
47730.1702670613,3.3972433,-6.5249917
47730.270267066,3.397007,-6.5261748
47730.3702670708,3.3969676,-6.5253862
47730.4702670755,3.3968494,-6.5243999
47730.5702670803,3.3966131,-6.5245972
47730.670267085,3.3965738,-6.5247944
47730.7702670898,3.3963768,-6.5249917
47730.8702670945,3.3963375,-6.5255835
47730.9702670993,3.3962195,-6.5247944
47731.070267104,3.3961802,-6.5249917
47731.1702671088,3.3959832,-6.5236108
47731.2702671135,3.3957469,-6.5242026
47731.3702671183,3.3957469,-6.5245972
47731.470267123,3.3955107,-6.5245972
47731.5702671278,3.395314,-6.525189
47731.6702671325,3.3951564,-6.5257808
47731.7702671373,3.3952351,-6.5245972
47731.870267142,3.3951957,-6.5236108
47731.9702671468,3.3949988,-6.5255835
47732.0702671515,3.3948414,-6.525189
47732.1702671563,3.3946838,-6.525189
47732.270267161,3.3945265,-6.5240054
47732.3702671658,3.3945265,-6.5238081
47732.4702671705,3.3944476,-6.5242026
47732.5702671753,3.3943689,-6.5234131
47732.67026718,3.3942113,-6.5259775
47732.7702671848,3.3940146,-6.525189
47732.8702671895,3.393857,-6.5242026
47732.9702671943,3.3938963,-6.5255835
47733.070267199,3.3936601,-6.5247944
47733.1702672038,3.3935814,-6.5247944
47733.2702672085,3.393424,-6.5245972
47733.3702672133,3.3933058,-6.5255835
47733.470267218,3.3932271,-6.5243999
47733.5702672228,3.3931878,-6.5261748
47733.6702672275,3.3931482,-6.5238081
47733.7702672323,3.3928726,-6.5263721
47733.870267237,3.3927546,-6.5245972
47733.9702672418,3.3927152,-6.525189
47734.0702672465,3.3925576,-6.5240054
47734.1702672513,3.3924396,-6.5253862
47734.270267256,3.3924396,-6.5240054
47734.3702672608,3.3923213,-6.5257808
47734.4702672655,3.3922427,-6.5240054
47734.5702672703,3.3920457,-6.5247944
47734.670267275,3.3920457,-6.525189
47734.7702672798,3.3919277,-6.5242026
47734.8702672845,3.3916914,-6.5238081
47734.9702672893,3.3916128,-6.5249917
47735.070267294,3.3915734,-6.5245972
47735.1702672988,3.3914945,-6.5240054
47735.2702673035,3.3914158,-6.5253862
47735.3702673083,3.3911402,-6.5245972
47735.470267313,3.3910615,-6.5236108
47735.5702673178,3.3911009,-6.5243999
47735.6702673225,3.3909433,-6.5261748
47735.7702673273,3.3908646,-6.5255835
47735.870267332,3.3908646,-6.5265693
47735.9702673368,3.390707,-6.5236108
47736.0702673415,3.3906283,-6.5245972
47736.1702673463,3.3904314,-6.5247944
47736.270267351,3.390274,-6.5240054
47736.3702673558,3.3901954,-6.5245972
47736.4702673605,3.3901165,-6.5238081
47736.5702673653,3.3901558,-6.5238081
47736.67026737,3.3900378,-6.5245972
47736.7702673748,3.3899984,-6.5255835
47736.8702673795,3.3897622,-6.5240054
47736.9702673843,3.3896835,-6.5257808
47737.070267389,3.3895259,-6.525189
47737.1702673938,3.3896441,-6.5240054
47737.2702673985,3.3894079,-6.5249917
47737.3702674033,3.3892503,-6.525189
47737.470267408,3.3892109,-6.5255835
47737.5702674128,3.3891323,-6.5255835
47737.6702674175,3.3890533,-6.5247944
47737.7702674223,3.388896,-6.5249917
47737.870267427,3.3888566,-6.5259775
47737.9702674318,3.3887384,-6.5240054
47738.0702674365,3.3885415,-6.5247944
47738.1702674413,3.3885415,-6.5243999
47738.270267446,3.3884234,-6.5230186
47738.3702674508,3.3883054,-6.5257808
47738.4702674555,3.3882658,-6.5243999
47738.5702674603,3.3882265,-6.5255835
47738.670267465,3.3881478,-6.5234131
47738.7702674698,3.3879902,-6.5247944
47738.8702674745,3.3880692,-6.5245972
47738.9702674793,3.3877935,-6.5249917
47739.070267484,3.3877935,-6.5255835
47739.1702674888,3.3876753,-6.5242026
47739.2702674935,3.3875966,-6.525189
47739.3682674982,3.387439,-6.5240054
47739.4122675003,3.5624166,0
47739.512267505,3.5641882,0
47739.6122675098,3.5652907,0
47739.7122675145,3.5661175,0
47739.8122675193,3.5667083,0
47739.912267524,3.5673776,0
47740.0122675288,3.5678108,0
47740.1122675335,3.5685587,0
47740.2122675383,3.5690706,0
47740.312267543,3.5694251,0
47740.4122675478,3.5698187,0
47740.5122675525,3.570173,0
47740.6122675573,3.5705276,0
47740.712267562,3.5709999,0
47740.8122675668,3.5713937,0
47740.9122675715,3.5715907,0
47741.0122675763,3.571945,0
47741.112267581,3.5723386,0
47741.2122675858,3.5725355,0
47741.3122675905,3.5728898,0
47741.4122675953,3.5732443,0
47741.5122676,3.5734806,0
47741.6122676048,3.5739529,0
47741.7122676095,3.5740712,0
47741.8122676143,3.5743861,0
47741.912267619,3.5746617,0
47742.0122676238,3.5748587,0
47742.1122676285,3.5751736,0
47742.2122676332,3.5753706,0
47742.312267638,3.5755672,0
47742.4122676427,3.5757642,0
47742.5122676475,3.5761185,0
47742.6122676522,3.5763154,0
47742.712267657,3.5765123,0
47742.8122676617,3.5767093,0
47742.9122676665,3.576906,0
47743.0122676712,3.5772605,0
47743.112267676,3.5773392,0
47743.2122676807,3.5775361,0
47743.3122676855,3.5778904,0
47743.4122676902,3.5779297,0
47743.512267695,3.5782447,0
47743.6122676997,3.5783236,0
47743.7122677045,3.5785596,0
47743.8122677092,3.5787566,0
47743.912267714,3.5789142,0
47744.0122677187,3.5791504,0
47744.1122677235,3.5793078,0
47744.2122677282,3.5795441,0
47744.312267733,3.5796623,0
47744.4122677377,3.5797803,0
47744.5122677425,3.580056,0
47744.6122677472,3.5801346,0
47744.712267752,3.5803316,0
47744.8122677567,3.5805285,0
47744.9122677615,3.5806465,0
47745.0122677662,3.5808041,0
47745.112267771,3.5810404,0
47745.2122677757,3.5811584,0
47745.3122677805,3.5813947,0
47745.4122677852,3.5815127,0
47745.51226779,3.5815916,0
47745.6122677947,3.5817883,0
47745.7122677995,3.5819066,0
47745.8122678042,3.5821035,0
47745.912267809,3.5821822,0
47746.0122678137,3.5823395,0
47746.1122678185,3.5825365,0
47746.2122678232,3.5827727,0
47746.312267828,3.5827727,0
47746.4122678327,3.5829303,0
47746.5122678375,3.583127,0
47746.6122678422,3.5831666,0
47746.712267847,3.5832846,0
47746.8122678517,3.5834026,0
47746.9122678565,3.5835996,0
47747.0122678612,3.5837178,0
47747.112267866,3.5838358,0
47747.2122678707,3.5839934,0
47747.3122678755,3.5840721,0
47747.4122678802,3.584269,0
47747.512267885,3.5845053,0
47747.6122678897,3.5845447,0
47747.7122678945,3.584584,0
47747.8122678992,3.5846233,0
47747.912267904,3.5848596,0
47748.0122679087,3.585017,0
47748.1122679135,3.5851746,0
47748.2122679182,3.5852139,0
47748.312267923,3.5853322,0
47748.4122679277,3.5854108,0
47748.5122679325,3.5855289,0
47748.6122679372,3.5857258,0
47748.712267942,3.5857651,0
47748.8122679467,3.5860014,0
47748.9122679515,3.5861197,0
47749.0122679562,3.5860801,0
47749.112267961,3.586277,0
47749.2122679657,3.5863953,0
47749.3122679705,3.5865526,0
47749.4122679752,3.5866313,0
47749.51226798,3.5866709,0
47749.6122679847,3.5869069,0
47749.7122679895,3.5869858,0
47749.8122679942,3.5870645,0
47749.912267999,3.5871038,0
47750.0122680037,3.5872614,0
47750.1122680085,3.5873008,0
47750.2122680132,3.5874188,0
47750.312268018,3.5875371,0
47750.4122680227,3.5876944,0
47750.5122680275,3.5877337,0
47750.6122680322,3.587852,0
47750.712268037,3.5879307,0
47750.8122680417,3.5880096,0
47750.9122680465,3.5881276,0
47751.0122680512,3.5882852,0
47751.112268056,3.5883639,0
47751.2122680607,3.5884819,0
47751.3122680655,3.5885212,0
47751.4122680702,3.5886395,0
47751.512268075,3.5886788,0
47751.6122680797,3.5887969,0
47751.7122680845,3.5889151,0
47751.8122680892,3.5891514,0
47751.912268094,3.5890725,0
47752.0122680987,3.5891514,0
47752.1122681035,3.5892694,0
47752.2122681082,3.5893877,0
47752.312268113,3.5894663,0
47752.4122681177,3.5895844,0
47752.5122681225,3.5896633,0
47752.6122681272,3.5897419,0
47752.712268132,3.5898206,0
47752.8122681367,3.58986,0
47752.9122681415,3.5900962,0
47753.0122681462,3.5900962,0
47753.112268151,3.5901752,0
47753.2122681557,3.5901752,0
47753.3122681605,3.5902932,0
47753.4122681652,3.5903325,0
47753.51226817,3.5905294,0
47753.6122681747,3.5906081,0
47753.7122681795,3.5907264,0
47753.8122681842,3.5906081,0
47753.912268189,3.5908444,0
47754.0122681937,3.5909231,0
47754.1122681985,3.5908837,0
47754.2122682032,3.5910413,0
47754.312268208,3.59112,0
47754.4122682127,3.59112,0
47754.5122682175,3.5911987,0
47754.6122682222,3.5913956,0
47754.712268227,3.5915136,0
47754.8122682317,3.5915532,0
47754.9122682365,3.5915926,0
47755.0122682412,3.5916712,0
47755.112268246,3.5917106,0
47755.2122682507,3.5918288,0
47755.3122682555,3.5918682,0
47755.4122682602,3.5919862,0
47755.512268265,3.5920651,0
47755.6122682697,3.5921831,0
47755.7122682745,3.5923011,0
47755.8122682792,3.5922225,0
47755.912268284,3.5924587,0
47756.0122682887,3.5924194,0
47756.1122682935,3.5925374,0
47756.2122682982,3.5925767,0
47756.312268303,3.592695,0
47756.4122683077,3.592695,0
47756.5122683125,3.5927343,0
47756.6122683172,3.592813,0
47756.712268322,3.5927737,0
47756.8122683267,3.5928919,0
47756.9122683315,3.5930099,0
47757.0122683362,3.593128,0
47757.112268341,3.593128,0
47757.2122683457,3.5932462,0
47757.3122683505,3.5932069,0
47757.4122683552,3.5933642,0
47757.51226836,3.5934825,0
47757.6122683647,3.5935218,0
47757.7122683695,3.5936399,0
47757.8122683742,3.5936005,0
47757.912268379,3.5935612,0
47758.0122683837,3.5937581,0
47758.1122683885,3.5938761,0
47758.2122683932,3.5939155,0
47758.312268398,3.5939155,0
47758.4122684027,3.5940337,0
47758.5122684075,3.5941124,0
47758.6122684122,3.5940731,0
47758.712268417,3.5941517,0
47758.8122684217,3.5941124,0
47758.9122684265,3.5944273,0
47759.0122684312,3.59427,0
47759.112268436,3.5945456,0
47759.2122684407,3.5945456,0
47759.3122684455,3.5946636,0
47759.4122684502,3.5946243,0
47759.512268455,3.5946636,0
47759.6122684597,3.594703,0
47759.7122684645,3.5948212,0
47759.8122684692,3.5948999,0
47759.912268474,3.5949786,0
47760.0122684787,3.5948999,0
47760.1122684835,3.5951362,0
47760.2122684882,3.5951362,0
47760.312268493,3.5951362,0
47760.4122684977,3.5951755,0
47760.5122685025,3.5952935,0
47760.6122685072,3.5952542,0
47760.712268512,3.5954118,0
47760.8122685167,3.5954511,0
47760.9122685215,3.5955298,0
47761.0122685262,3.5954905,0
47761.112268531,3.5956481,0
47761.2122685357,3.5957661,0
47761.3122685405,3.5956087,0
47761.4122685452,3.5956874,0
47761.51226855,3.5958843,0
47761.6122685547,3.5958054,0
47761.7122685595,3.5959237,0
47761.8122685642,3.5959237,0
47761.9122685689,3.5961206,0
47762.0122685737,3.5960417,0
47762.1122685784,3.5961599,0
47762.2122685832,3.5961206,0
47762.3122685879,3.5961206,0
47762.4122685927,3.5962386,0
47762.5122685974,3.5963173,0
47762.6122686022,3.5963566,0
47762.7122686069,3.5964355,0
47762.8122686117,3.5963962,0
47762.9122686164,3.5963962,0
47763.0122686212,3.5965929,0
47763.1122686259,3.5966718,0
47763.2122686307,3.5965536,0
47763.3122686354,3.5967112,0
47763.4122686402,3.5967898,0
47763.5122686449,3.5966718,0
47763.6122686497,3.5968685,0
47763.7122686544,3.5969474,0
47763.8122686592,3.5969474,0
47763.9122686639,3.5971441,0
47764.0122686687,3.5971048,0
47764.1122686734,3.5971048,0
47764.2122686782,3.5971048,0
47764.3122686829,3.5973017,0
47764.4122686877,3.5972624,0
47764.5122686924,3.5972624,0
47764.6122686972,3.5974197,0
47764.7122687019,3.5973411,0
47764.8122687067,3.5974593,0
47764.9122687114,3.5975773,0
47765.0122687162,3.5974987,0
47765.1122687209,3.597538,0
47765.2122687257,3.5976954,0
47765.3122687304,3.5974987,0
47765.4122687352,3.5977349,0
47765.5122687399,3.5977743,0
47765.6122687447,3.5977349,0
47765.7122687494,3.5979316,0
47765.8122687542,3.5978923,0
47765.9122687589,3.5978923,0
47766.0122687637,3.5980499,0
47766.1122687684,3.5980105,0
47766.2122687732,3.5981286,0
47766.3122687779,3.5981286,0
47766.4122687827,3.5980499,0
47766.5122687874,3.5982862,0
47766.6122687922,3.5981679,0
47766.7122687969,3.5982466,0
47766.8122688017,3.5983648,0
47766.9122688064,3.5984042,0
47767.0122688112,3.5985222,0
47767.1122688159,3.5984828,0
47767.2122688207,3.5984435,0
47767.3122688254,3.5985222,0
47767.4122688302,3.5986011,0
47767.5122688349,3.5986404,0
47767.6122688397,3.5986404,0
47767.7122688444,3.5986798,0
47767.8122688492,3.5987978,0
47767.9122688539,3.5987978,0
47768.0122688587,3.5989161,0
47768.1122688634,3.5989161,0
47768.2122688682,3.5989554,0
47768.3122688729,3.5989161,0
47768.4122688777,3.5989161,0
47768.5122688824,3.5990341,0
47768.6122688872,3.599113,0
47768.7122688919,3.5991523,0
47768.8122688967,3.5991523,0
47768.9122689014,3.599231,0
47769.0122689062,3.599231,0
47769.1122689109,3.5993493,0
47769.2122689157,3.5993493,0
47769.3122689204,3.5992703,0
47769.4122689252,3.5993886,0
47769.5122689299,3.5994673,0
47769.6122689347,3.5995066,0
47769.7122689394,3.5994673,0
47769.8122689442,3.5995066,0
47769.9122689489,3.5996642,0
47770.0122689537,3.5995853,0
47770.1122689584,3.5997036,0
47770.2122689632,3.5996249,0
47770.3122689679,3.5996642,0
47770.4122689727,3.5998216,0
47770.5122689774,3.5998216,0
47770.6122689822,3.5998216,0
47770.7122689869,3.5999398,0
47770.8122689917,3.5998609,0
47770.9122689964,3.5999005,0
47771.0122690012,3.5998609,0
47771.1122690059,3.6000578,0
47771.2122690107,3.5999792,0
47771.3122690154,3.5999792,0
47771.4122690202,3.6001365,0
47771.5122690249,3.6002154,0
47771.6122690297,3.6001761,0
47771.7122690344,3.6001761,0
47771.8122690392,3.6002941,0
47771.9122690439,3.6002941,0
47772.0122690487,3.6003728,0
47772.1122690534,3.6003335,0
47772.2122690582,3.6002941,0
47772.3122690629,3.6004121,0
47772.4122690677,3.600491,0
47772.5122690724,3.6005697,0
47772.6122690772,3.600491,0
47772.7122690819,3.6005304,0
47772.8122690867,3.6006484,0
47772.9122690914,3.6006091,0
47773.0122690962,3.6006877,0
47773.1122691009,3.6006877,0
47773.2122691057,3.6006484,0
47773.3122691104,3.6006091,0
47773.4122691152,3.6007273,0
47773.5122691199,3.6007273,0
47773.6122691247,3.6008453,0
47773.7122691294,3.600924,0
47773.8122691342,3.6008453,0
47773.9122691389,3.600806,0
47774.0122691437,3.6010029,0
47774.1122691484,3.6010423,0
47774.2122691532,3.6009636,0
47774.3122691579,3.6009636,0
47774.4122691627,3.6009636,0
47774.5122691674,3.6010816,0
47774.6122691722,3.6011209,0
47774.7122691769,3.6011209,0
47774.8122691817,3.6011603,0
47774.9122691864,3.6013572,0
47775.0122691912,3.6011996,0
47775.1122691959,3.6010816,0
47775.2122692007,3.6013572,0
47775.3122692054,3.6012785,0
47775.4122692102,3.6013572,0
47775.5122692149,3.6013179,0
47775.6122692197,3.6013966,0
47775.7122692244,3.6013572,0
47775.8122692292,3.6015148,0
47775.9122692339,3.6015148,0
47776.0122692387,3.6013966,0
47776.1122692434,3.6015148,0
47776.2122692482,3.6015542,0
47776.3122692529,3.6016328,0
47776.4122692577,3.6015935,0
47776.5122692624,3.6016328,0
47776.6122692672,3.6015935,0
47776.7122692719,3.6016328,0
47776.8122692767,3.6015542,0
47776.9122692814,3.6017115,0
47777.0122692862,3.6017509,0
47777.1122692909,3.6017904,0
47777.2122692957,3.6017904,0
47777.3122693004,3.6018691,0
47777.4122693052,3.6019478,0
47777.5122693099,3.6019478,0
47777.6122693147,3.6019084,0
47777.7122693194,3.602066,0
47777.8122693242,3.6020265,0
47777.9122693289,3.6019084,0
47778.0122693337,3.6021054,0
47778.1122693384,3.602066,0
47778.2122693432,3.6021841,0
47778.3122693479,3.602066,0
47778.4122693527,3.6021841,0
47778.5122693574,3.6021841,0
47778.6122693622,3.6021841,0
47778.7122693669,3.6022627,0
47778.8122693717,3.6022234,0
47778.9122693764,3.6022234,0
47779.0122693812,3.602381,0
47779.1122693859,3.602381,0
47779.2122693907,3.602381,0
47779.3122693954,3.6023021,0
47779.4442694017,3.7246368,0
47779.4462694018,3.7311728,4.7898789
47779.5462694065,3.7374725,4.8936343
47779.6462694113,3.7384963,4.8932397
47779.746269416,3.7392445,4.8930425
47779.8462694208,3.7399926,4.8932397
47779.9462694255,3.7405045,4.8932397
47780.0462694303,3.7410951,4.8928452
47780.146269435,3.7416463,4.8924507
47780.2462694398,3.7421188,4.8930425
47780.3462694445,3.7424731,4.8936343
47780.4462694493,3.7428274,4.8932397
47780.546269454,3.7432213,4.8926479
47780.6462694588,3.7437725,4.8948179
47780.7462694635,3.7441661,4.8924507
47780.8462694683,3.7444417,4.8930425
47780.946269473,3.7448356,4.8926479
47781.0462694778,3.7451112,4.8916616
47781.1462694825,3.7455049,4.8928452
47781.2462694873,3.7458987,4.8928452
47781.346269492,3.7463317,4.8940288
47781.4462694968,3.7464499,4.8926479
47781.5462695015,3.7468436,4.8930425
47781.6462695063,3.7471585,4.8922534
47781.746269511,3.7475131,4.8936343
47781.8462695158,3.7477887,4.8926479
47781.9462695205,3.7480247,4.8918589
47782.0462695253,3.7483399,4.8930425
47782.14626953,3.7486548,4.893437
47782.2462695348,3.7488911,4.8932397
47782.3462695395,3.7491667,4.8926479
47782.4462695443,3.7494423,4.8930425
47782.546269549,3.7496786,4.8900835
47782.6462695538,3.7499542,4.8924507
47782.7462695585,3.7503085,4.8946206
47782.8462695633,3.7505054,4.8936343
47782.946269568,3.7508204,4.8954092
47783.0462695728,3.7509778,4.8912671
47783.1462695775,3.7513716,4.8922534
47783.2462695823,3.7516472,4.8948179
47783.346269587,3.7517653,4.8920562
47783.4462695918,3.7520409,4.8940288
47783.5462695965,3.7523558,4.8928452
47783.6462696013,3.7525921,4.8930425
47783.746269606,3.7527103,4.8928452
47783.8462696108,3.7530253,4.8932397
47783.9462696155,3.7533009,4.8924507
47784.0462696203,3.7534585,4.8922534
47784.146269625,3.7536552,4.8938315
47784.2462696298,3.7539308,4.8932397
47784.3462696345,3.7541671,4.8924507
47784.4462696393,3.7544427,4.8928452
47784.546269644,3.7545609,4.8938315
47784.6462696488,3.7548366,4.8942261
47784.7462696535,3.7551908,4.8944233
47784.8462696583,3.7553484,4.8916616
47784.946269663,3.7555845,4.8916616
47785.0462696678,3.7557027,4.8918589
47785.1462696725,3.756057,4.8928452
47785.2462696773,3.7561357,4.8926479
47785.346269682,3.756372,4.8932397
47785.4462696868,3.7564509,4.8924507
47785.5462696915,3.7566869,4.8932397
47785.6462696963,3.7569628,4.8930425
47785.746269701,3.7571595,4.8928452
47785.8462697058,3.7573564,4.893437
47785.9462697105,3.757514,4.8942261
47786.0462697153,3.757632,4.893437
47786.14626972,3.7579863,4.8940288
47786.2462697248,3.7580652,4.8932397
47786.3462697295,3.7582619,4.8926479
47786.4462697343,3.7584982,4.893437
47786.546269739,3.7586558,4.8936343
47786.6462697438,3.7588527,4.8938315
47786.7462697485,3.7590101,4.8926479
47786.8462697533,3.759207,4.8932397
47786.946269758,3.7594039,4.893437
47787.0462697628,3.75964,4.8938315
47787.1462697675,3.7598369,4.8948179
47787.2462697722,3.7600338,4.8932397
47787.346269777,3.7602308,4.893437
47787.4462697817,3.7603095,4.8932397
47787.5462697865,3.7605851,4.8918589
47787.6462697912,3.7607427,4.8940288
47787.746269796,3.7609394,4.8961987
47787.8462698007,3.7610576,4.8940288
47787.9462698055,3.761215,4.8938315
47788.0462698102,3.7613726,4.8928452
47788.146269815,3.7616088,4.8961987
47788.2462698197,3.7616482,4.893437
47788.3462698245,3.7619238,4.8928452
47788.4462698292,3.7620811,4.8936343
47788.546269834,3.7622781,4.893437
47788.6462698387,3.7623963,4.8926479
47788.7462698435,3.762593,4.8924507
47788.8462698482,3.7627113,4.8932397
47788.946269853,3.7629476,4.8922534
47789.0462698577,3.7629869,4.8926479
47789.1462698625,3.7633018,4.8928452
47789.2462698672,3.7634199,4.8942261
47789.346269872,3.7635381,4.8940288
47789.4442698766,3.7637351,4.8938315
47789.4882698787,3.6299427,0
47789.5882698835,3.6288009,0
47789.6882698882,3.6279345,0
47789.788269893,3.6276195,0
47789.8882698977,3.6270683,0
47789.9882699025,3.626714,0
47790.0882699072,3.6263201,0
47790.188269912,3.6261234,0
47790.2882699167,3.6258085,0
47790.3882699215,3.6255329,0
47790.4882699262,3.6251783,0
47790.588269931,3.6250603,0
47790.6882699357,3.624824,0
47790.7882699405,3.6246665,0
47790.8882699452,3.6245091,0
47790.98826995,3.6244302,0
47791.0882699547,3.6241941,0
47791.1882699595,3.6240759,0
47791.2882699642,3.6238396,0
47791.388269969,3.6237609,0
47791.4882699737,3.623446,0
47791.5882699785,3.6233673,0
47791.6882699832,3.6233277,0
47791.788269988,3.623131,0
47791.8882699927,3.6229734,0
47791.9882699975,3.6228948,0
47792.0882700022,3.6228158,0
47792.188270007,3.6227372,0
47792.2882700117,3.6225402,0
47792.3882700165,3.6225402,0
47792.4882700212,3.6225009,0
47792.588270026,3.6223829,0
47792.6882700307,3.6221466,0
47792.7882700355,3.6220286,0
47792.8882700402,3.621989,0
47792.988270045,3.621871,0
47793.0882700497,3.6218317,0
47793.1882700545,3.6217134,0
47793.2882700592,3.6214774,0
47793.388270064,3.621556,0
47793.4882700687,3.6215954,0
47793.5882700735,3.6213984,0
47793.6882700782,3.6213984,0
47793.788270083,3.6211622,0
47793.8882700877,3.6211622,0
47793.9882700925,3.6210835,0
47794.0882700972,3.6209259,0
47794.188270102,3.6209655,0
47794.2882701067,3.6207685,0
47794.3882701115,3.6208079,0
47794.4882701162,3.620611,0
47794.588270121,3.6206503,0
47794.6882701257,3.6205716,0
47794.7882701305,3.6205716,0
47794.8882701352,3.6204536,0
47794.98827014,3.6204929,0
47795.0882701447,3.6203747,0
47795.1882701495,3.620178,0
47795.2882701542,3.620178,0
47795.388270159,3.620178,0
47795.4882701637,3.6200991,0
47795.5882701685,3.6199811,0
47795.6882701732,3.6200991,0
47795.788270178,3.6199811,0
47795.8882701827,3.6200597,0
47795.9882701875,3.6199417,0
47796.0882701922,3.6197841,0
47796.188270197,3.6197448,0
47796.2882702017,3.6197841,0
47796.3882702065,3.6196268,0
47796.4882702112,3.6195478,0
47796.588270216,3.6195085,0
47796.6882702207,3.6195085,0
47796.7882702255,3.6194692,0
47796.8882702302,3.6193905,0
47796.988270235,3.6193905,0
47797.0882702397,3.6192722,0
47797.1882702445,3.6193905,0
47797.2882702492,3.6192722,0
47797.388270254,3.6191542,0
47797.4882702587,3.6191542,0
47797.5882702635,3.6189966,0
47797.6882702682,3.6192329,0
47797.788270273,3.6191936,0
47797.8882702777,3.6189966,0
47797.9882702825,3.6189966,0
47798.0882702872,3.6189573,0
47798.188270292,3.6189179,0
47798.2882702967,3.6188393,0
47798.3882703015,3.6188786,0
47798.4882703062,3.6187603,0
47798.588270311,3.6186817,0
47798.6882703157,3.618721,0
47798.7882703205,3.6186817,0
47798.8882703252,3.6185243,0
47798.98827033,3.6185637,0
47799.0882703347,3.6185243,0
47799.1882703395,3.6184847,0
47799.2882703442,3.6185243,0
47799.388270349,3.6185243,0
47799.4882703537,3.6184454,0
47799.5882703585,3.6184454,0
47799.6882703632,3.6183274,0
47799.788270368,3.6183667,0
47799.8882703727,3.618288,0
47799.9882703775,3.618288,0
47800.0882703822,3.6183274,0
47800.188270387,3.6182091,0
47800.2882703917,3.6181698,0
47800.3882703965,3.6181698,0
47800.4882704012,3.6181304,0
47800.588270406,3.6181698,0
47800.6882704107,3.6180518,0
47800.7882704155,3.6180124,0
47800.8882704202,3.6180124,0
47800.988270425,3.6180518,0
47801.0882704297,3.6179731,0
47801.1882704345,3.6179731,0
47801.2882704392,3.6178942,0
47801.388270444,3.6177368,0
47801.4882704487,3.6178548,0
47801.5882704535,3.6178155,0
47801.6882704582,3.6178548,0
47801.788270463,3.6177368,0
47801.8882704677,3.6177762,0
47801.9882704725,3.6177368,0
47802.0882704772,3.6176579,0
47802.188270482,3.6176579,0
47802.2882704867,3.6176975,0
47802.3882704915,3.6176579,0
47802.4882704962,3.6175399,0
47802.588270501,3.6175792,0
47802.6882705057,3.6175005,0
47802.7882705105,3.6175792,0
47802.8882705152,3.6175005,0
47802.98827052,3.6175399,0
47803.0882705247,3.6174216,0
47803.1882705295,3.6174216,0
47803.2882705342,3.6174612,0
47803.388270539,3.6172643,0
47803.4882705437,3.6173823,0
47803.5882705485,3.6173823,0
47803.6882705532,3.6173823,0
47803.788270558,3.6173823,0
47803.8882705627,3.6172249,0
47803.9882705675,3.6173429,0
47804.0882705722,3.6172249,0
47804.188270577,3.6171856,0
47804.2882705817,3.6171856,0
47804.3882705865,3.6172643,0
47804.4882705912,3.6171856,0
47804.588270596,3.6172249,0
47804.6882706007,3.6171067,0
47804.7882706055,3.617146,0
47804.8882706102,3.617028,0
47804.9882706149,3.6170673,0
47805.0882706197,3.6169887,0
47805.1882706244,3.6171067,0
47805.2882706292,3.6171067,0
47805.3882706339,3.6169493,0
47805.4882706387,3.6170673,0
47805.5882706434,3.6169887,0
47805.6882706482,3.6169493,0
47805.7882706529,3.6169887,0
47805.8882706577,3.6168704,0
47805.9882706624,3.6168704,0
47806.0882706672,3.6167917,0
47806.1882706719,3.61691,0
47806.2882706767,3.6167917,0
47806.3882706814,3.61691,0
47806.4882706862,3.61691,0
47806.5882706909,3.6167917,0
47806.6882706957,3.6167524,0
47806.7882707004,3.6167524,0
47806.8882707052,3.6168311,0
47806.9882707099,3.6168704,0
47807.0882707147,3.6168311,0
47807.1882707194,3.6168311,0
47807.2882707242,3.6167917,0
47807.3882707289,3.6167524,0
47807.4882707337,3.6165948,0
47807.5882707384,3.6166737,0
47807.6882707432,3.6167524,0
47807.7882707479,3.6165555,0
47807.8882707527,3.6166737,0
47807.9882707574,3.6165555,0
47808.0882707622,3.6165161,0
47808.1882707669,3.6166737,0
47808.2882707717,3.6165555,0
47808.3882707764,3.6165555,0
47808.4882707812,3.6165555,0
47808.5882707859,3.6165161,0
47808.6882707907,3.6165555,0
47808.7882707954,3.6164374,0
47808.8882708002,3.6164768,0
47808.9882708049,3.6164768,0
47809.0882708097,3.6164768,0
47809.1882708144,3.6163981,0
47809.2882708192,3.6164768,0
47809.3882708239,3.6164374,0
47809.4882708287,3.6164374,0
47809.5882708334,3.6164374,0
47809.6882708382,3.6163588,0
47809.7882708429,3.6164374,0
47809.8882708477,3.6163588,0
47809.9882708524,3.6163981,0
47810.0882708572,3.6162798,0
47810.1882708619,3.6163192,0
47810.2882708667,3.6162405,0
47810.3882708714,3.6162012,0
47810.4882708762,3.6162405,0
47810.5882708809,3.6163588,0
47810.6882708857,3.6162798,0
47810.7882708904,3.6162012,0
47810.8882708952,3.6162012,0
47810.9882708999,3.6163192,0
47811.0882709047,3.6161618,0
47811.1882709094,3.6161618,0
47811.2882709142,3.6162405,0
47811.3882709189,3.6161618,0
47811.4882709237,3.6162798,0
47811.5882709284,3.6160831,0
47811.6882709332,3.6162798,0
47811.7882709379,3.6160831,0
47811.8882709427,3.6161225,0
47811.9882709474,3.6160831,0
47812.0882709522,3.6160831,0
47812.1882709569,3.6161225,0
47812.2882709617,3.6162012,0
47812.3882709664,3.6160831,0
47812.4882709712,3.6161225,0
47812.5882709759,3.6161225,0
47812.6882709807,3.6161618,0
47812.7882709854,3.6160831,0
47812.8882709902,3.6160042,0
47812.9882709949,3.6159649,0
47813.0882709997,3.6160831,0
47813.1882710044,3.6161618,0
47813.2882710092,3.6159256,0
47813.3882710139,3.6159649,0
47813.4882710187,3.6160436,0
47813.5882710234,3.6160436,0
47813.6882710282,3.6160042,0
47813.7882710329,3.6159256,0
47813.8882710377,3.6159256,0
47813.9882710424,3.6160042,0
47814.0882710472,3.6160042,0
47814.1882710519,3.6159256,0
47814.2882710567,3.6158862,0
47814.3882710614,3.6159256,0
47814.4882710662,3.6159649,0
47814.5882710709,3.6160042,0
47814.6882710757,3.6158862,0
47814.7882710804,3.6160042,0
47814.8882710852,3.6159649,0
47814.9882710899,3.6158862,0
47815.0882710947,3.6158469,0
47815.1882710994,3.6158469,0
47815.2882711042,3.6159256,0
47815.3882711089,3.6158862,0
47815.4882711137,3.6158862,0
47815.5882711184,3.6158469,0
47815.6882711232,3.6158075,0
47815.7882711279,3.6158075,0
47815.8882711327,3.6159256,0
47815.9882711374,3.6158469,0
47816.0882711422,3.615768,0
47816.1882711469,3.6158075,0
47816.2882711517,3.6158469,0
47816.3882711564,3.6156893,0
47816.4882711612,3.615768,0
47816.5882711659,3.6158075,0
47816.6882711707,3.6158469,0
47816.7882711754,3.6156893,0
47816.8882711802,3.6158075,0
47816.9882711849,3.6156893,0
47817.0882711897,3.6156893,0
47817.1882711944,3.6157286,0
47817.2882711992,3.6157286,0
47817.3882712039,3.6157286,0
47817.4882712087,3.615768,0
47817.5882712134,3.6158075,0
47817.6882712182,3.615768,0
47817.7882712229,3.6157286,0
47817.8882712277,3.6156893,0
47817.9882712324,3.6156499,0
47818.0882712372,3.6156893,0
47818.1882712419,3.6156893,0
47818.2882712467,3.6157286,0
47818.3882712514,3.6156893,0
47818.4882712562,3.615768,0
47818.5882712609,3.615768,0
47818.6882712657,3.6156893,0
47818.7882712704,3.6156893,0
47818.8882712752,3.6156106,0
47818.9882712799,3.6155713,0
47819.0882712847,3.6156106,0
47819.1882712894,3.6156106,0
47819.2882712942,3.6156106,0
47819.3882712989,3.6156106,0
47819.4882713037,3.6156893,0
47819.5882713084,3.6157286,0
47819.6882713132,3.6156106,0
47819.7882713179,3.6155713,0
47819.8882713227,3.6156499,0
47819.9882713274,3.6155713,0
47820.0882713322,3.6156499,0
47820.1882713369,3.6155317,0
47820.2882713417,3.6155713,0
47820.3882713464,3.6156106,0
47820.4882713512,3.6155713,0
47820.5882713559,3.6155317,0
47820.6882713607,3.6155317,0
47820.7882713654,3.6155713,0
47820.8882713702,3.6155317,0
47820.9882713749,3.6155713,0
47821.0882713797,3.6155713,0
47821.1882713844,3.6155713,0
47821.2882713892,3.6155317,0
47821.3882713939,3.6155317,0
47821.4882713987,3.615453,0
47821.5882714034,3.6155317,0
47821.6882714082,3.615453,0
47821.7882714129,3.6156106,0
47821.8882714177,3.6155317,0
47821.9882714224,3.6155317,0
47822.0882714272,3.615453,0
47822.1882714319,3.6155713,0
47822.2882714367,3.615453,0
47822.3882714414,3.6154923,0
47822.4882714462,3.6154137,0
47822.5882714509,3.6154923,0
47822.6882714557,3.6154923,0
47822.7882714604,3.6155713,0
47822.8882714652,3.6154137,0
47822.9882714699,3.6155713,0
47823.0882714747,3.6156106,0
47823.1882714794,3.6154137,0
47823.2882714842,3.6154923,0
47823.3882714889,3.6155713,0
47823.4882714937,3.6155317,0
47823.5882714984,3.6153743,0
47823.6882715032,3.6155317,0
47823.7882715079,3.6155317,0
47823.8882715127,3.6153743,0
47823.9882715174,3.615453,0
47824.0882715222,3.6155713,0
47824.1882715269,3.615453,0
47824.2882715317,3.6154137,0
47824.3882715364,3.615453,0
47824.4882715412,3.6154923,0
47824.5882715459,3.615453,0
47824.6882715506,3.615453,0
47824.7882715554,3.615453,0
47824.8882715601,3.6154923,0
47824.9882715649,3.6154137,0
47825.0882715696,3.6155713,0
47825.1882715744,3.6154137,0
47825.2882715791,3.6154137,0
47825.3882715839,3.6154137,0
47825.4882715886,3.6154923,0
47825.5882715934,3.6154137,0
47825.6882715981,3.6152956,0
47825.7882716029,3.6152956,0
47825.8882716076,3.6153743,0
47825.9882716124,3.6154137,0
47826.0882716171,3.6153743,0
47826.1882716219,3.615335,0
47826.2882716266,3.615453,0
47826.3882716314,3.6153743,0
47826.4882716361,3.6153743,0
47826.5882716409,3.615453,0
47826.6882716456,3.6154923,0
47826.7882716504,3.615453,0
47826.8882716551,3.615453,0
47826.9882716599,3.6154137,0
47827.0882716646,3.6152167,0
47827.1882716694,3.6152956,0
47827.2882716741,3.615453,0
47827.3882716789,3.6154137,0
47827.4882716836,3.6153743,0
47827.5882716884,3.615335,0
47827.6882716931,3.6154923,0
47827.7882716979,3.6153743,0
47827.8882717026,3.615335,0
47827.9882717074,3.615453,0
47828.0882717121,3.6154137,0
47828.1882717169,3.6155317,0
47828.2882717216,3.615453,0
47828.3882717264,3.6154137,0
47828.4882717311,3.6153743,0
47828.5882717359,3.615453,0
47828.6882717406,3.6154923,0
47828.7882717454,3.6154137,0
47828.8882717501,3.6154923,0
47828.9882717549,3.6152956,0
47829.0882717596,3.6154137,0
47829.1882717644,3.6153743,0
47829.2882717691,3.615453,0
47829.3882717739,3.6152956,0
47829.51627178,3.5925767,0
47829.5182717801,3.5920651,-0.95888434
47830.5182718276,3.5904901,-0.96657721
47831.5182718751,3.58986,-0.96637994
47832.5182719226,3.5892694,-0.96657721
47833.5182719701,3.5887182,-0.96795795
47834.5182720175,3.5885212,-0.96657721
47835.518272065,3.58797,-0.96677448
47836.5182721125,3.5875764,-0.96756348
47837.51827216,3.5874188,-0.96776074
47838.5182722075,3.5871038,-0.96716901
47839.518272255,3.5867496,-0.96697168
47840.5182723025,3.5864739,-0.96539368
47841.51827235,3.5862377,-0.96677448
47842.5182723975,3.5858834,-0.96756348
47843.518272445,3.5856864,-0.96618268
47844.5182724925,3.5854108,-0.96657721
47845.51827254,3.5852532,-0.96716901
47846.5182725875,3.5849383,-0.96519647
47847.518272635,3.5847414,-0.96578815
47848.5182726825,3.5845447,-0.96578815
47849.51827273,3.5843477,-0.96677448
47850.5182727775,3.5842295,-0.96657721
47851.518272825,3.5838358,-0.96618268
47852.5182728725,3.5837572,-0.96598547
47853.51827292,3.5834816,-0.96657721
47854.5182729675,3.583324,-0.96578815
47855.518273015,3.5830877,-0.96637994
47856.5182730625,3.583009,-0.96637994
47857.51827311,3.5828514,-0.96716901
47858.5182731575,3.5826547,-0.96677448
47859.518273205,3.5824971,-0.96618268
47860.5182732525,3.5823395,-0.96736621
47861.5182733,3.5821035,-0.96716901
47862.5182733475,3.5820639,-0.96598547
47863.518273395,3.5819459,-0.96716901
47864.5182734425,3.5817883,-0.96697168
47865.51827349,3.5817096,-0.96756348
47866.5182735375,3.5814734,-0.96657721
47867.518273585,3.581316,-0.96776074
47868.5182736325,3.5810797,-0.96736621
47869.51827368,3.5809221,-0.96756348
47870.5182737275,3.5809221,-0.96776074
47871.518273775,3.5807648,-0.96657721
47872.5182738225,3.5807648,-0.96637994
47873.51827387,3.5806465,-0.96637994
47874.5182739174,3.5803709,-0.96637994
47875.5182739649,3.5802922,-0.96637994
47876.5182740124,3.5802135,-0.96795795
47877.5182740599,3.5800166,-0.96776074
47878.5182741074,3.5798984,-0.96637994
47879.5182741549,3.579741,-0.96637994
47880.5182742024,3.5796623,-0.96677448
47881.5182742499,3.5796623,-0.96795795
47882.5182742974,3.5794261,-0.96697168
47883.5182743449,3.5793867,-0.96815521
47884.5182743924,3.5793471,-0.96578815
47885.5182744399,3.5791504,-0.96716901
47886.5182744874,3.5790322,-0.96677448
47887.5182745349,3.5790322,-0.96618268
47888.5182745824,3.5789142,-0.96697168
47889.5182746299,3.5787172,-0.96756348
47890.5182746774,3.5787172,-0.96835242
47891.5182747249,3.578481,-0.96657721
47892.5182747724,3.5784416,-0.96657721
47893.5182748199,3.5784416,-0.96598547
47894.5182748674,3.5782053,-0.96559094
47895.5182749149,3.5781267,-0.96736621
47896.5182749624,3.5779691,-0.96637994
47897.5182750099,3.578048,-0.96618268
47898.5182750574,3.5778117,-0.96657721
47899.5182751049,3.5776935,-0.96578815
47900.5182751524,3.5777328,-0.96519647
47901.5182751999,3.5775361,-0.96677448
47902.5182752474,3.5774572,-0.96657721
47903.5182752949,3.5774572,-0.96716901
47904.5182753424,3.5774179,-0.96637994
47905.5182753899,3.5772605,-0.96657721
47906.5182754374,3.5772212,-0.96716901
47907.5182754849,3.5769455,-0.96657721
47908.5182755324,3.5770636,-0.96736621
47909.5182755799,3.5768273,-0.96618268
47910.5182756274,3.5767486,-0.96697168
47911.5182756749,3.5767879,-0.96776074
47912.5182757224,3.5765123,-0.96677448
47913.5182757698,3.5765517,-0.96697168
47914.5182758173,3.5764337,-0.96637994
47915.5182758648,3.5764337,-0.96657721
47916.5182759123,3.5763941,-0.96716901
47917.5182759598,3.5762367,-0.96677448
47918.5182760073,3.5761974,-0.96697168
47919.5182760548,3.5760005,-0.96637994
47920.5182761023,3.5760005,-0.96657721
47921.5182761498,3.5759611,-0.96657721
47922.5182761973,3.5758429,-0.96578815
47923.5182762448,3.5758824,-0.96736621
47924.5182762923,3.5756855,-0.96874695
47925.5182763398,3.5756462,-0.96578815
47926.5182763873,3.5755672,-0.96815521
47927.5182764348,3.5754886,-0.96716901
47928.5182764823,3.5753706,-0.96637994
47929.5182765298,3.5753312,-0.96657721
47930.5182765773,3.5752523,-0.96736621
47931.5182766248,3.5751343,-0.96716901
47932.5182766723,3.5750949,-0.96776074
47933.5182767198,3.575016,-0.96756348
47934.5182767673,3.5749767,-0.96657721
47935.5182768148,3.5748193,-0.96618268
47936.5182768623,3.5748193,-0.96716901
47937.5182769098,3.5747797,-0.96835242
47938.5182769573,3.5746617,-0.96697168
47939.5182770048,3.5745831,-0.96677448
47940.5182770523,3.5744648,-0.96677448
47941.5182770998,3.5744255,-0.96637994
47942.5182771473,3.5743861,-0.96637994
47943.5182771948,3.5742681,-0.96637994
47944.5182772423,3.5741892,-0.96578815
47945.5182772898,3.5741892,-0.96756348
47946.5182773373,3.5741498,-0.96618268
47947.5182773848,3.5739925,-0.96637994
47948.5182774323,3.5739925,-0.96637994
47949.5182774798,3.5738742,-0.96578815
47950.5182775273,3.5738349,-0.96697168
47951.5182775748,3.573638,-0.96677448
47952.5182776222,3.5737562,-0.96677448
47953.5182776697,3.573638,-0.96736621
47954.5182777172,3.5735986,-0.96657721
47955.5182777647,3.5734413,-0.96637994
47956.5182778122,3.5733624,-0.96657721
47957.5182778597,3.5734806,-0.96598547
47958.5182779072,3.5733624,-0.96657721
47959.5182779547,3.5732443,-0.96677448
47960.5182780022,3.573205,-0.96697168
47961.5182780497,3.5730474,-0.96677448
47962.5182780972,3.5729294,-0.96637994
47963.5182781447,3.5730081,-0.96559094
47964.5182781922,3.5729294,-0.96776074
47965.5182782397,3.5728111,-0.96637994
47966.5182782872,3.5727718,-0.96598547
47967.5182783347,3.5727324,-0.96776074
47968.5182783822,3.5727324,-0.96716901
47969.5182784297,3.5725749,-0.96637994
47970.5182784772,3.5725355,-0.96697168
47971.5182785247,3.5724568,-0.96618268
47972.5182785722,3.5723782,-0.96716901
47973.5182786197,3.5722992,-0.96677448
47974.5182786672,3.5724175,-0.96618268
47975.5182787147,3.5722992,-0.96677448
47976.5182787622,3.5721419,-0.96736621
47977.5182788097,3.5720236,-0.96637994
47978.5182788572,3.5720236,-0.96578815
47979.5182789047,3.571945,-0.96499915
47980.5182789522,3.571945,-0.96618268
47981.5182789997,3.5718663,-0.96598547
47982.5182790472,3.5717874,-0.96657721
47983.5182790947,3.5717874,-0.96756348
47984.5182791422,3.5718663,-0.96756348
47985.5182791897,3.5717087,-0.96756348
47986.5182792372,3.5715907,-0.96598547
47987.5182792847,3.5714724,-0.96677448
47988.5182793322,3.5714724,-0.96677448
47989.5182793797,3.5714724,-0.96697168
47990.5182794272,3.5713544,-0.96618268
47991.5182794746,3.5713937,-0.96657721
47992.5182795221,3.5711968,-0.96598547
47993.5182795696,3.5712757,-0.96657721
47994.5182796171,3.5712361,-0.96697168
47995.5182796646,3.5709999,-0.96776074
47996.5182797121,3.5709212,-0.96756348
47997.5182797596,3.5709605,-0.96657721
47998.5182798071,3.5708818,-0.96697168
47999.5182798546,3.5708818,-0.96578815
48000.5182799021,3.5708032,-0.96618268
48001.5182799496,3.5708032,-0.96657721
48002.5182799971,3.5706456,-0.96697168
48003.5182800446,3.5706062,-0.96854974
48004.5182800921,3.5705276,-0.96697168
48005.5182801396,3.5704486,-0.96618268
48006.5182801871,3.5704093,-0.96716901
48007.5182802346,3.5703306,-0.96795795
48008.5182802821,3.57037,-0.96677448
48009.5182803296,3.5703306,-0.96598547
48010.5182803771,3.570173,-0.96618268
48011.5182804246,3.5700943,-0.96677448
48012.5182804721,3.5700157,-0.96637994
48013.5182805196,3.570055,-0.96697168
48014.5182805671,3.5698974,-0.96637994
48015.5182806146,3.569937,-0.96677448
48016.5182806621,3.5698187,-0.96677448
48017.5182807096,3.5698187,-0.96598547
48018.5182807571,3.5696614,-0.96697168
48019.5182808046,3.5698187,-0.96795795
48020.5182808521,3.5697007,-0.96618268
48021.5182808996,3.5696218,-0.96637994
48022.5182809471,3.5695431,-0.96657721
48023.5182809946,3.5695038,-0.96854974
48024.5182810421,3.5694644,-0.96618268
48025.5182810896,3.5693462,-0.96618268
48026.5182811371,3.5693855,-0.96637994
48027.5182811846,3.5692282,-0.96716901
48028.5182812321,3.5692675,-0.96677448
48029.5182812796,3.5691888,-0.96716901
48030.518281327,3.5691099,-0.96598547
48031.5182813745,3.5691888,-0.96657721
48032.518281422,3.5689526,-0.96559094
48033.5182814695,3.5689526,-0.96618268
48034.518281517,3.5688343,-0.96736621
48035.5182815645,3.5687556,-0.96618268
48036.518281612,3.5688739,-0.96618268
48037.5182816595,3.5685983,-0.96618268
48038.518281707,3.5685983,-0.96776074
48039.5182817545,3.5685587,-0.96776074
48040.518281802,3.5686769,-0.96716901
48041.5182818495,3.5685194,-0.96578815
48042.518281897,3.56848,-0.96618268
48043.5182819445,3.568362,-0.96618268
48044.518281992,3.5683227,-0.96578815
48045.5182820395,3.5682437,-0.96618268
48046.518282087,3.568362,-0.96697168
48047.5182821345,3.5682044,-0.96657721
48048.518282182,3.5680864,-0.96618268
48049.5182822295,3.568047,-0.96697168
48050.518282277,3.5680864,-0.96677448
48051.5182823245,3.5679288,-0.96835242
48052.518282372,3.5679288,-0.96716901
48053.5182824195,3.5678501,-0.96677448
48054.518282467,3.5678108,-0.96736621
48055.5182825145,3.5677714,-0.96697168
48056.518282562,3.5676138,-0.96657721
48057.5182826095,3.5677319,-0.96598547
48058.518282657,3.5675745,-0.96637994
48059.5182827045,3.5675745,-0.96736621
48060.518282752,3.5676138,-0.96795795
48061.5182827995,3.5674956,-0.96598547
48062.518282847,3.5674562,-0.96637994
48063.5182828945,3.5672989,-0.96677448
48064.518282942,3.5672989,-0.96598547
48065.5182829895,3.5672596,-0.96776074
48066.518283037,3.5671806,-0.96677448
48067.5182830845,3.5671806,-0.96657721
48068.518283132,3.5671413,-0.96815521
48069.5182831795,3.5669839,-0.96697168
48070.5182832269,3.5669444,-0.96559094
48071.5182832744,3.5669839,-0.96677448
48072.5182833219,3.566905,-0.96618268
48073.5182833694,3.566905,-0.96618268
48074.5182834169,3.5668263,-0.96756348
48075.5182834644,3.5667477,-0.96776074
48076.5182835119,3.5666294,-0.96598547
48077.5182835594,3.5665114,-0.96835242
48078.5182836069,3.5665507,-0.96598547
48079.5182836544,3.5665114,-0.96657721
48080.5182837019,3.5664327,-0.96854974
48081.5182837494,3.5664327,-0.96637994
48082.5182837969,3.5663145,-0.96637994
48083.5182838444,3.5663145,-0.96559094
48084.5182838919,3.5661571,-0.96637994
48085.5182839394,3.5661571,-0.96756348
48086.5182839869,3.5660388,-0.96716901
48087.5182840344,3.5661964,-0.96697168
48088.5182840819,3.5660782,-0.96618268
48089.5182841294,3.5659995,-0.96559094
48090.5182841769,3.5659995,-0.96519647
48091.5182842244,3.5659602,-0.96736621
48092.5182842719,3.5657632,-0.96559094
48093.5182843194,3.5658815,-0.96677448
48094.5182843669,3.5656846,-0.96657721
48095.5182844144,3.5657239,-0.96598547
48096.5182844619,3.5656846,-0.96559094
48097.5182845094,3.565527,-0.96578815
48098.5182845569,3.5655663,-0.96677448
48099.5182846044,3.565527,-0.96657721
48100.5182846519,3.5653696,-0.96716901
48101.5182846994,3.5654483,-0.96736621
48102.5182847469,3.5654089,-0.96795795
48103.5182847944,3.5652514,-0.96618268
48104.5182848419,3.5652514,-0.96756348
48105.5182848894,3.5651727,-0.96637994
48106.5182849369,3.5651727,-0.96716901
48107.5182849844,3.5651333,-0.96677448
48108.5182850319,3.5649364,-0.96657721
48109.5182850793,3.5650544,-0.96618268
48110.5182851268,3.5648184,-0.96697168
48111.5182851743,3.5648577,-0.96598547
48112.5182852218,3.5648184,-0.96677448
48113.5182852693,3.5648184,-0.96677448
48114.5182853168,3.5647001,-0.96637994
48115.5182853643,3.5647788,-0.96756348
48116.5182854118,3.5647788,-0.96598547
48117.5182854593,3.5645428,-0.96776074
48118.5182855068,3.5645032,-0.96637994
48119.5182855543,3.5644245,-0.96657721
48120.5182856018,3.5643852,-0.96736621
48121.5182856493,3.5643852,-0.96776074
48122.5182856968,3.5642276,-0.96776074
48123.5182857443,3.5643065,-0.96736621
48124.5182857918,3.5643065,-0.96697168
48125.5182858393,3.5641489,-0.96835242
48126.5182858868,3.5641489,-0.96618268
48127.5182859343,3.5640702,-0.96736621
48128.5182859818,3.5641489,-0.96598547
48129.5182860293,3.5640309,-0.96677448
48130.5182860768,3.563952,-0.96677448
48131.5182861243,3.5639126,-0.96618268
48132.5182861718,3.5639126,-0.96697168
48133.5182862193,3.5637946,-0.96677448
48134.5182862668,3.563519,-0.96618268
48135.5182863143,3.5637157,-0.96677448
48136.5182863618,3.5637157,-0.96736621
48137.5182864093,3.563519,-0.96598547
48138.5182864568,3.5634007,-0.96578815
48139.5182865043,3.5634007,-0.96539368
48140.5182865518,3.5634007,-0.96578815
48141.5182865993,3.5632827,-0.96578815
48142.5182866468,3.5632041,-0.96618268
48143.5182866943,3.5632434,-0.96716901
48144.5182867418,3.5632434,-0.96637994
48145.5182867893,3.5632041,-0.96618268
48146.5182868368,3.5631645,-0.96736621
48147.5182868843,3.5628889,-0.96677448
48148.5182869317,3.5630071,-0.96697168
48149.5182869792,3.5629678,-0.96637994
48150.5182870267,3.5629284,-0.96637994
48151.5182870742,3.5628889,-0.96716901
48152.5182871217,3.5627708,-0.96598547
48153.5182871692,3.5628102,-0.96815521
48154.5182872167,3.5626922,-0.96677448
48155.5182872642,3.5626528,-0.96677448
48156.5182873117,3.5625739,-0.96697168
48157.5182873592,3.5626528,-0.96618268
48158.5182874067,3.5624952,-0.96578815
48159.5182874542,3.5622983,-0.96657721
48160.5182875017,3.5624559,-0.96598547
48161.5182875492,3.5623772,-0.96618268
48162.5182875967,3.5622983,-0.96736621
48163.5182876442,3.562259,-0.96677448
48164.5182876917,3.5622196,-0.96716901
48165.5182877392,3.5621409,-0.96637994
48166.5182877867,3.5621409,-0.96559094
48167.5182878342,3.5620227,-0.96618268
48168.5182878817,3.5619047,-0.96637994
48169.5182879292,3.561944,-0.96894421
48170.5182879767,3.561944,-0.96815521
48171.5182880242,3.5618653,-0.96716901
48172.5182880717,3.5617864,-0.96578815
48173.5182881192,3.5618258,-0.96716901
48174.5182881667,3.5617471,-0.96598547
48175.5182882142,3.5615501,-0.96637994
48176.5182882617,3.5617471,-0.96618268
48177.5182883092,3.5615897,-0.96657721
48178.5182883567,3.5615897,-0.96736621
48179.5182884042,3.5615108,-0.96716901
48180.5182884517,3.5615108,-0.96637994
48181.5182884992,3.5614321,-0.96637994
48182.5182885467,3.5612745,-0.96637994
48183.5182885942,3.5611959,-0.96618268
48184.5182886417,3.5612352,-0.96677448
48185.5182886892,3.5611565,-0.96618268
48186.5182887367,3.5611565,-0.96618268
48187.5182887841,3.5611172,-0.96657721
48188.5182888316,3.5610778,-0.96657721
48189.5182888791,3.5608416,-0.96499915
48190.5182889266,3.5608809,-0.96618268
48191.5182889741,3.5608022,-0.96677448
48192.5182890216,3.5608416,-0.96756348
48193.5182890691,3.560684,-0.96559094
48194.5182891166,3.5607233,-0.96697168
48195.5182891641,3.5606446,-0.96716901
48196.5182892116,3.5605659,-0.96637994
48197.5182892591,3.5606446,-0.96697168
48198.5182893066,3.5605659,-0.96677448
48199.5182893541,3.5606053,-0.96776074
48200.5182894016,3.5604084,-0.96618268
48201.5182894491,3.5604084,-0.96677448
48202.5182894966,3.560369,-0.96736621
48203.5182895441,3.5602903,-0.96697168
48204.5182895916,3.5601721,-0.96598547
48205.5182896391,3.5600934,-0.96637994
48206.5182896866,3.5600934,-0.96736621
48207.5182897341,3.5600541,-0.96598547
48208.5182897816,3.5600934,-0.96657721
48209.5182898291,3.5598965,-0.96618268
48210.5182898766,3.5598965,-0.96697168
48211.5182899241,3.5598965,-0.96756348
48212.5182899716,3.5598178,-0.96716901
48213.5182900191,3.5598178,-0.96756348
48214.5182900666,3.5597391,-0.96618268
48215.5182901141,3.5596602,-0.96874695
48216.5182901616,3.5595815,-0.96677448
48217.5182902091,3.5595028,-0.96657721
48218.5182902566,3.5596209,-0.96618268
48219.5182903041,3.5593846,-0.96697168
48220.5182903516,3.5595028,-0.96736621
48221.5182903991,3.5594242,-0.96736621
48222.5182904466,3.5593846,-0.96736621
48223.5182904941,3.5593059,-0.96677448
48224.5182905416,3.5593452,-0.96657721
48225.5182905891,3.5591879,-0.96618268
48226.5182906366,3.5590303,-0.96776074
48227.518290684,3.5589516,-0.96677448
48228.5182907315,3.5590303,-0.96736621
48229.518290779,3.558991,-0.96618268
48230.5182908265,3.5590303,-0.96795795
48231.518290874,3.5589516,-0.96776074
48232.5182909215,3.5587547,-0.96697168
48233.518290969,3.558794,-0.96716901
48234.5182910165,3.5587547,-0.96677448
48235.518291064,3.5587153,-0.96578815
48236.5182911115,3.5587153,-0.96736621
48237.518291159,3.5585973,-0.96657721
48238.5182912065,3.5585973,-0.96637994
48239.518291254,3.5585577,-0.96637994
48240.5182913015,3.5584004,-0.96736621
48241.518291349,3.5583611,-0.96618268
48242.5182913965,3.5583611,-0.96578815
48243.518291444,3.5582821,-0.96657721
48244.5182914915,3.5582428,-0.96716901
48245.518291539,3.5581641,-0.96657721
48246.5182915865,3.5582035,-0.96657721
48247.518291634,3.5581248,-0.96657721
48248.5182916815,3.5580854,-0.96756348
48249.518291729,3.5579672,-0.96618268
48250.5182917765,3.5578885,-0.96618268
48251.518291824,3.5578492,-0.96697168
48252.5182918715,3.5578098,-0.96677448
48253.518291919,3.5578885,-0.96795795
48254.5182919665,3.5577309,-0.96618268
48255.518292014,3.5576522,-0.96637994
48256.5182920615,3.5577309,-0.96677448
48257.518292109,3.5576129,-0.96677448
48258.5182921565,3.5575736,-0.96697168
48259.518292204,3.5574553,-0.96657721
48260.5182922515,3.5574946,-0.96637994
48261.518292299,3.5574553,-0.96637994
48262.5182923465,3.557416,-0.96578815
48263.518292394,3.5573373,-0.96756348
48264.5182924415,3.5572586,-0.96697168
48265.518292489,3.5572586,-0.96677448
48266.5182925364,3.5570617,-0.96716901
48267.5182925839,3.5570617,-0.96736621
48268.5182926314,3.557101,-0.96736621
48269.5182926789,3.5570617,-0.96618268
48270.5182927264,3.5570223,-0.96637994
48271.5182927739,3.5569434,-0.96776074
48272.5182928214,3.5568647,-0.96677448
48273.5182928689,3.5569041,-0.96618268
48274.5182929164,3.5567861,-0.96756348
48275.5182929639,3.5567467,-0.96657721
48276.5182930114,3.5566678,-0.96697168
48277.5182930589,3.5565891,-0.96697168
48278.5182931064,3.5566285,-0.96677448
48279.5182931539,3.5565104,-0.96598547
48280.5182932014,3.5563922,-0.96756348
48281.5182932489,3.5564711,-0.96637994
48282.5182932964,3.5563529,-0.96637994
48283.5182933439,3.5563529,-0.96677448
48284.5182933914,3.5563529,-0.96637994
48285.5182934389,3.5562742,-0.96637994
48286.5182934864,3.5563135,-0.96598547
48287.5182935339,3.5562348,-0.96697168
48288.5182935814,3.5561955,-0.96598547
48289.5182936289,3.5559592,-0.96736621
48290.5182936764,3.5560772,-0.96637994
48291.5182937239,3.5559592,-0.96657721
48292.5182937714,3.5560379,-0.96637994
48293.5182938189,3.555841,-0.96716901
48294.5182938664,3.555723,-0.96657721
48295.5182939139,3.555841,-0.96677448
48296.5182939614,3.5556443,-0.96776074
48297.5182940089,3.5556047,-0.96637994
48298.5182940564,3.555723,-0.96657721
48299.5182941039,3.555526,-0.96697168
48300.5182941514,3.5555654,-0.96637994
48301.5182941989,3.5554867,-0.96677448
48302.5182942464,3.5553687,-0.96618268
48303.5182942939,3.5553687,-0.96677448
48304.5182943414,3.5552504,-0.96716901
48305.5182943888,3.5551717,-0.96657721
48306.5182944363,3.5550931,-0.96697168
48307.5182944838,3.5551324,-0.96697168
48308.5182945313,3.5550931,-0.96736621
48309.5182945788,3.5551717,-0.96736621
48310.5182946263,3.5550535,-0.96716901
48311.5182946738,3.5549355,-0.96716901
48312.5182947213,3.5548961,-0.96677448
48313.5182947688,3.5548174,-0.96657721
48314.5182948163,3.5547779,-0.96657721
48315.5182948638,3.5548568,-0.96815521
48316.5182949113,3.5547385,-0.96716901
48317.5182949588,3.5545812,-0.96697168
48318.5182950063,3.5546598,-0.96637994
48319.5182950538,3.5546205,-0.96697168
48320.5182951013,3.5544629,-0.96697168
48321.5182951488,3.5543842,-0.96677448
48322.5182951963,3.5545022,-0.96756348
48323.5182952438,3.5543842,-0.96697168
48324.5182952913,3.554266,-0.96657721
48325.5182953388,3.5541873,-0.96598547
48326.5182953863,3.554266,-0.96736621
48327.5182954338,3.5542266,-0.96618268
48328.5182954813,3.5541873,-0.96637994
48329.5182955288,3.5540693,-0.96677448
48330.5182955763,3.5540299,-0.96578815
48331.5182956238,3.5540693,-0.96618268
48332.5182956713,3.5539117,-0.96736621
48333.5182957188,3.553833,-0.96637994
48334.5182957663,3.553833,-0.96657721
48335.5182958138,3.5537937,-0.96578815
48336.5182958613,3.5537543,-0.96657721
48337.5182959088,3.5537937,-0.96795795
48338.5182959563,3.5536754,-0.96677448
48339.5182960038,3.5536361,-0.96756348
48340.5182960513,3.5536361,-0.96756348
48341.5182960988,3.5534787,-0.96637994
48342.5182961463,3.5535181,-0.96637994
48343.5182961938,3.5533605,-0.96716901
48344.5182962412,3.5533211,-0.96756348
48345.5182962887,3.5533998,-0.96716901
48346.5182963362,3.5532818,-0.96677448
48347.5182963837,3.5532031,-0.96578815
48348.5182964312,3.5532424,-0.96480194
48349.5182964787,3.5532424,-0.96637994
48350.5182965262,3.5531635,-0.96657721
48351.5182965737,3.5530849,-0.96716901
48352.5182966212,3.5530849,-0.96598547
48353.5182966687,3.5529275,-0.96598547
48354.5182967162,3.5528879,-0.96677448
48355.5182967637,3.5528092,-0.96657721
48356.5182968112,3.5528092,-0.96716901
48357.5182968587,3.5527306,-0.96736621
48358.5182969062,3.5527699,-0.96618268
48359.5182969537,3.5526516,-0.96756348
48360.5182970012,3.5526516,-0.96598547
48361.5182970487,3.5526123,-0.96657721
48362.5182970962,3.5524943,-0.96539368
48363.5182971437,3.552573,-0.96618268
48364.5182971912,3.5524943,-0.96618268
48365.5182972387,3.552376,-0.96716901
48366.5182972862,3.5522974,-0.96716901
48367.5182973337,3.5521004,-0.96677448
48368.5182973812,3.55214,-0.96618268
48369.5182974287,3.55214,-0.96736621
48370.5182974762,3.55214,-0.96637994
48371.5182975237,3.55214,-0.96736621
48372.5182975712,3.5519824,-0.96756348
48373.5182976187,3.5519431,-0.96677448
48374.5182976662,3.5519037,-0.96637994
48375.5182977137,3.5518248,-0.96519647
48376.5182977612,3.5517461,-0.96598547
48377.5182978087,3.5517068,-0.96677448
48378.5182978562,3.5517068,-0.96657721
48379.5182979037,3.5517068,-0.96657721
48380.5182979512,3.5515492,-0.96736621
48381.5182979987,3.5516675,-0.96854974
48382.5182980462,3.5514705,-0.96716901
48383.5182980937,3.5513918,-0.96677448
48384.5182981411,3.5514312,-0.96618268
48385.5182981886,3.5513918,-0.96618268
48386.5182982361,3.5513132,-0.96578815
48387.5182982836,3.5513525,-0.96716901
48388.5182983311,3.5513132,-0.96657721
48389.5182983786,3.5511556,-0.96578815
48390.5182984261,3.5511949,-0.96776074
48391.5182984736,3.5510769,-0.96736621
48392.5182985211,3.5510375,-0.96716901
48393.5182985686,3.5509193,-0.96736621
48394.5182986161,3.55088,-0.96657721
48395.5182986636,3.5509193,-0.96716901
48396.5182987111,3.5508013,-0.96618268
48397.5182987586,3.550683,-0.96539368
48398.5182988061,3.5507224,-0.96559094
48399.5182988536,3.5507617,-0.96756348
48400.5182989011,3.550683,-0.96657721
48401.5182989486,3.5506437,-0.96618268
48402.5182989961,3.5505257,-0.96598547
48403.5182990436,3.5504467,-0.96559094
48404.5182990911,3.5503681,-0.96598547
48405.5182991386,3.5503287,-0.96697168
48406.5182991861,3.5504861,-0.96618268
48407.5182992336,3.5503287,-0.96835242
48408.5182992811,3.5503287,-0.96578815
48409.5182993286,3.5502501,-0.96657721
48410.5182993761,3.5501318,-0.96598547
48411.5182994236,3.5501318,-0.96657721
48412.5182994711,3.5500531,-0.96657721
48413.5182995186,3.5500138,-0.96716901
48414.5182995661,3.5498955,-0.96657721
48415.5182996136,3.5498955,-0.96637994
48416.5182996611,3.5498955,-0.96618268
48417.5182997086,3.5498562,-0.96657721
48418.5182997561,3.5498168,-0.96697168
48419.5182998036,3.5497382,-0.96657721
48420.5182998511,3.5497382,-0.96697168
48421.5182998986,3.5495412,-0.96637994
48422.5182999461,3.5495806,-0.96736621
48423.5182999935,3.5496199,-0.96637994
48424.518300041,3.5494626,-0.96677448
48425.5183000885,3.5495019,-0.96677448
48426.518300136,3.5494626,-0.96637994
48427.5183001835,3.5492263,-0.96657721
48428.518300231,3.549305,-0.96637994
48429.5183002785,3.549305,-0.96559094
48430.518300326,3.549108,-0.96637994
48431.5183003735,3.5491869,-0.96657721
48432.518300421,3.54899,-0.96598547
48433.5183004685,3.549108,-0.96637994
48434.518300516,3.5490687,-0.96637994
48435.5183005635,3.54899,-0.96598547
48436.518300611,3.5488718,-0.96598547
48437.5183006585,3.5487931,-0.96657721
48438.518300706,3.5487931,-0.96756348
48439.5183007535,3.5487144,-0.96598547
48440.518300801,3.5488324,-0.96618268
48441.5183008485,3.5486751,-0.96716901
48442.518300896,3.5486751,-0.96598547
48443.5183009435,3.5484781,-0.96637994
48444.518300991,3.5484388,-0.96677448
48445.5183010385,3.5485568,-0.96578815
48446.518301086,3.5483205,-0.96697168
48447.5183011335,3.5483994,-0.96598547
48448.518301181,3.5482025,-0.96756348
48449.5183012285,3.5484388,-0.96637994
48450.518301276,3.5481632,-0.96618268
48451.5183013235,3.5480845,-0.96637994
48452.518301371,3.5481632,-0.96776074
48453.5183014185,3.5481238,-0.96598547
48454.518301466,3.5481632,-0.96578815
48455.5183015135,3.5478482,-0.96618268
48456.518301561,3.5479269,-0.96697168
48457.5183016085,3.5479662,-0.96637994
48458.518301656,3.5478482,-0.96578815
48459.5183017035,3.54773,-0.96677448
48460.518301751,3.54773,-0.96637994
48461.5183017985,3.5475726,-0.96815521
48462.5183018459,3.547612,-0.96598547
48463.5183018934,3.5476513,-0.96657721
48464.5183019409,3.5475726,-0.96637994
48465.5183019884,3.5475726,-0.96637994
48466.5183020359,3.5473757,-0.96657721
48467.5183020834,3.5473363,-0.96598547
48468.5183021309,3.5472577,-0.96578815
48469.5183021784,3.5473757,-0.96677448
48470.5183022259,3.5472181,-0.96795795
48471.5183022734,3.5472181,-0.96637994
48472.5183023209,3.5471394,-0.96559094
48473.5183023684,3.5470214,-0.96736621
48474.5183024159,3.5469818,-0.96657721
48475.5183024634,3.5471001,-0.96677448
48476.5183025109,3.5470607,-0.96559094
48477.5183025584,3.5468638,-0.96637994
48478.5183026059,3.5468638,-0.96598547
48479.5183026534,3.5468245,-0.96677448
48480.5183027009,3.5467458,-0.96618268
48481.5183027484,3.5466669,-0.96637994
48482.5183027959,3.5467062,-0.96618268
48483.5183028434,3.5465095,-0.96618268
48484.5183028909,3.5465882,-0.96618268
48485.5183029384,3.5465095,-0.96657721
48486.5183029859,3.5464306,-0.96657721
48487.5183030334,3.5464702,-0.96618268
48488.5183030809,3.5463126,-0.96637994
48489.5183031284,3.5463912,-0.96697168
48490.5183031759,3.5463126,-0.96657721
48491.5183032234,3.5462339,-0.96677448
48492.5183032709,3.5461946,-0.96480194
48493.5183033184,3.5463126,-0.96657721
48494.5183033659,3.5459189,-0.96637994
48495.5183034134,3.5459583,-0.96657721
48496.5183034609,3.5459976,-0.96657721
48497.5183035084,3.5458007,-0.96618268
48498.5183035559,3.5459189,-0.96637994
48499.5183036034,3.5457613,-0.96736621
48500.5183036509,3.5456827,-0.96578815
48501.5183036983,3.545722,-0.96618268
48502.5183037458,3.5456038,-0.96637994
48503.5183037933,3.5456038,-0.96618268
48504.5183038408,3.5456433,-0.96677448
48505.5183038883,3.5456038,-0.96637994
48506.5183039358,3.5454464,-0.96776074
48507.5183039833,3.5454071,-0.96578815
48508.5183040308,3.5454071,-0.96578815
48509.5183040783,3.5453677,-0.96578815
48510.5183041258,3.5454071,-0.96677448
48511.5183041733,3.5453677,-0.96598547
48512.5183042208,3.5452101,-0.96598547
48513.5183042683,3.5450132,-0.96697168
48514.5183043158,3.5450919,-0.96618268
48515.5183043633,3.5451314,-0.96598547
48516.5183044108,3.5449345,-0.96736621
48517.5183044583,3.5450525,-0.96637994
48518.5183045058,3.5448952,-0.96637994
48519.5183045533,3.5448163,-0.96578815
48520.5183046008,3.5448163,-0.96736621
48521.5183046483,3.5447769,-0.96736621
48522.5183046958,3.5446982,-0.96578815
48523.5183047433,3.5446982,-0.96736621
48524.5183047908,3.5446589,-0.96677448
48525.5183048383,3.5446196,-0.96716901
48526.5183048858,3.544462,-0.96716901
48527.5183049333,3.5444226,-0.96637994
48528.5183049808,3.544462,-0.96598547
48529.5183050283,3.5443833,-0.96578815
48530.5183050758,3.5443046,-0.96677448
48531.5183051233,3.5443833,-0.96677448
48532.5183051708,3.5442257,-0.96598547
48533.5183052183,3.5443046,-0.96677448
48534.5183052658,3.5442257,-0.96756348
48535.5183053133,3.544029,-0.96598547
48536.5183053608,3.544029,-0.96697168
48537.5183054083,3.5439894,-0.96736621
48538.5183054558,3.5439107,-0.96677448
48539.5183055033,3.5438714,-0.96677448
48540.5183055508,3.5438321,-0.96618268
48541.5183055982,3.5437534,-0.96815521
48542.5183056457,3.5437927,-0.96736621
48543.5183056932,3.5437534,-0.96618268
48544.5183057407,3.5437138,-0.96637994
48545.5183057882,3.5437138,-0.96578815
48546.5183058357,3.5436745,-0.96736621
48547.5183058832,3.5435565,-0.96637994
48548.5183059307,3.5434382,-0.96756348
48549.5183059782,3.5434382,-0.96756348
48550.5183060257,3.5433202,-0.96716901
48551.5183060732,3.5433202,-0.96637994
48552.5183061207,3.5431626,-0.96677448
48553.5183061682,3.5431232,-0.96637994
48554.5183062157,3.5431232,-0.96637994
48555.5183062632,3.5431232,-0.96657721
48556.5183063107,3.5430446,-0.96697168
48557.5183063582,3.5429659,-0.96657721
48558.5183064057,3.5429659,-0.96677448
48559.5183064532,3.5428476,-0.96716901
48560.5183065007,3.5428476,-0.96677448
48561.5183065482,3.5428083,-0.96637994
48562.5183065957,3.5428083,-0.96756348
48563.5183066432,3.542572,-0.96677448
48564.5183066907,3.5426903,-0.96519647
48565.5183067382,3.5425327,-0.96795795
48566.5183067857,3.542572,-0.96657721
48567.5183068332,3.5424933,-0.96519647
48568.5183068807,3.5424933,-0.96756348
48569.5183069282,3.542454,-0.96697168
48570.5183069757,3.5423357,-0.96578815
48571.5183070232,3.5423751,-0.96716901
48572.5183070707,3.5423357,-0.96697168
48573.5183071182,3.5421391,-0.96776074
48574.5183071657,3.5421784,-0.96756348
48575.5183072132,3.5420995,-0.96835242
48576.5183072607,3.5421391,-0.96657721
48577.5183073082,3.5420995,-0.96677448
48578.5183073557,3.5419421,-0.96697168
48579.5183074032,3.5420208,-0.96598547
48580.5183074506,3.5419421,-0.96657721
48581.5183074981,3.5417845,-0.96578815
48582.5183075456,3.5418239,-0.96578815
48583.5183075931,3.5417058,-0.96736621
48584.5183076406,3.5416665,-0.96756348
48585.5183076881,3.5416272,-0.96677448
48586.5183077356,3.5414696,-0.96618268
48587.5183077831,3.5413909,-0.96736621
48588.5183078306,3.5414302,-0.96598547
48589.5183078781,3.541312,-0.96578815
48590.5183079256,3.5414302,-0.96598547
48591.5183079731,3.5412726,-0.96637994
48592.5183080206,3.5412726,-0.96618268
48593.5183080681,3.5412726,-0.96716901
48594.5183081156,3.5411546,-0.96657721
48595.5183081631,3.5411153,-0.96815521
48596.5183082106,3.540997,-0.96559094
48597.5183082581,3.540997,-0.96697168
48598.5183083056,3.5409184,-0.96736621
48599.5183083531,3.540997,-0.96618268
48600.5183084006,3.5409577,-0.96677448
48601.5183084481,3.5407214,-0.96578815
48602.5183084956,3.5407214,-0.96598547
48603.5183085431,3.5406427,-0.96736621
48604.5183085906,3.5407214,-0.96756348
48605.5183086381,3.5406821,-0.96598547
48606.5183086856,3.5406427,-0.96519647
48607.5183087331,3.5406034,-0.96637994
48608.5183087806,3.5404851,-0.96598547
48609.5183088281,3.5404065,-0.96637994
48610.5183088756,3.5402884,-0.96637994
48611.5183089231,3.5403278,-0.96519647
48612.5183089706,3.5403671,-0.96578815
48613.5183090181,3.5403278,-0.96618268
48614.5183090656,3.5402095,-0.96697168
48615.5183091131,3.5401309,-0.96598547
48616.5183091606,3.5400128,-0.96598547
48617.5183092081,3.5400522,-0.96697168
48618.5183092556,3.5400522,-0.96697168
48619.518309303,3.5399339,-0.96697168
48620.5183093505,3.5399735,-0.96677448
48621.518309398,3.5398946,-0.96598547
48622.5183094455,3.5398552,-0.96618268
48623.518309493,3.5397372,-0.96578815
48624.5183095405,3.5397372,-0.96677448
48625.518309588,3.539619,-0.96618268
48626.5183096355,3.5396583,-0.96657721
48627.518309683,3.539619,-0.96598547
48628.5183097305,3.539501,-0.96539368
48629.518309778,3.539422,-0.96736621
48630.5183098255,3.5394616,-0.96716901
48631.518309873,3.5394616,-0.96697168
48632.5183099205,3.539304,-0.96716901
48633.518309968,3.5392647,-0.96657721
48634.5183100155,3.5391464,-0.96697168
48635.518310063,3.5392647,-0.96578815
48636.5183101105,3.539186,-0.96677448
48637.518310158,3.5391464,-0.96756348
48638.5183102055,3.5389104,-0.96618268
48639.518310253,3.5390284,-0.96657721
48640.5183103005,3.5389497,-0.96716901
48641.518310348,3.5388708,-0.96657721
48642.5183103955,3.5388708,-0.96637994
48643.518310443,3.5387921,-0.96637994
48644.5183104905,3.5386741,-0.96736621
48645.518310538,3.5385952,-0.96657721
48646.5183105855,3.5385952,-0.96736621
48647.518310633,3.5385559,-0.96697168
48648.5183106805,3.5385165,-0.96756348
48649.518310728,3.5385559,-0.96657721
48650.5183107755,3.5383196,-0.96637994
48651.518310823,3.5383592,-0.96657721
48652.5183108705,3.5382409,-0.96578815
48653.518310918,3.5382016,-0.96677448
48654.5183109655,3.5382409,-0.96697168
48655.518311013,3.5380836,-0.96756348
48656.5183110605,3.538044,-0.96677448
48657.518311108,3.5380836,-0.96657721
48658.5183111554,3.5379653,-0.96598547
48659.5183112029,3.5378866,-0.96637994
48660.5183112504,3.537926,-0.96657721
48661.5183112979,3.5378473,-0.96637994
48662.5183113454,3.537729,-0.96677448
48663.5183113929,3.5376897,-0.96618268
48664.5183114404,3.5377684,-0.96677448
48665.5183114879,3.537611,-0.96756348
48666.5183115354,3.537729,-0.96637994
48667.5183115829,3.537611,-0.96598547
48668.5183116304,3.5374534,-0.96776074
48669.5183116779,3.5375321,-0.96697168
48670.5183117254,3.5374141,-0.96618268
48671.5183117729,3.5374928,-0.96657721
48672.5183118204,3.5373354,-0.96657721
48673.5183118679,3.5372171,-0.96657721
48674.5183119154,3.5372565,-0.96657721
48675.5183119629,3.5372171,-0.96736621
48676.5183120104,3.5370991,-0.96736621
48677.5183120579,3.5370598,-0.96657721
48678.5183121054,3.5369809,-0.96677448
48679.5183121529,3.5370204,-0.96716901
48680.5183122004,3.5369415,-0.96657721
48681.5183122479,3.5369022,-0.96756348
48682.5183122954,3.5367448,-0.96578815
48683.5183123429,3.5367053,-0.96677448
48684.5183123904,3.5367448,-0.96657721
48685.5183124379,3.5365872,-0.96637994
48686.5183124854,3.5365872,-0.96519647
48687.5183125329,3.5365872,-0.96677448
48688.5183125804,3.5365479,-0.96716901
48689.5183126279,3.5364296,-0.96598547
48690.5183126754,3.5364692,-0.96637994
48691.5183127229,3.5364296,-0.96637994
48692.5183127704,3.5362723,-0.96677448
48693.5183128179,3.5363116,-0.96618268
48694.5183128654,3.5362329,-0.96598547
48695.5183129129,3.536154,-0.96637994
48696.5183129604,3.5361147,-0.96677448
48697.5183130078,3.536036,-0.96736621
48698.5183130553,3.5359573,-0.96736621
48699.5183131028,3.5358784,-0.96716901
48700.5183131503,3.5357997,-0.96637994
48701.5183131978,3.5358784,-0.96618268
48702.5183132453,3.5358784,-0.96559094
48703.5183132928,3.5357997,-0.96736621
48704.5183133403,3.5357211,-0.96618268
48705.5183133878,3.5356421,-0.96637994
48706.5183134353,3.5355635,-0.96776074
48707.5183134828,3.5354455,-0.96736621
48708.5183135303,3.5355635,-0.96637994
48709.5183135778,3.5354848,-0.96618268
48710.5183136253,3.5353665,-0.96618268
48711.5183136728,3.5354061,-0.96637994
48712.5183137203,3.5353272,-0.96618268
48713.5183137678,3.5352879,-0.96657721
48714.5183138153,3.5352092,-0.96657721
48715.5183138628,3.5351698,-0.96677448
48716.5183139103,3.5351305,-0.96598547
48717.5183139578,3.5350516,-0.96578815
48718.5183140053,3.5350122,-0.96598547
48719.5183140528,3.5349729,-0.96637994
48720.5183141003,3.5349336,-0.96815521
48721.5183141478,3.5348153,-0.96618268
48722.5183141953,3.5346973,-0.96697168
48723.5183142428,3.5348153,-0.96677448
48724.5183142903,3.534776,-0.96598547
48725.5183143378,3.5346973,-0.96598547
48726.5183143853,3.534658,-0.96578815
48727.5183144328,3.534658,-0.96716901
48728.5183144803,3.534461,-0.96578815
48729.5183145278,3.534461,-0.96657721
48730.5183145753,3.5343037,-0.96618268
48731.5183146228,3.534343,-0.96697168
48732.5183146703,3.5342247,-0.96598547
48733.5183147178,3.5341461,-0.96578815
48734.5183147653,3.5341854,-0.96618268
48735.5183148128,3.5340674,-0.96795795
48736.5183148603,3.5340674,-0.96598547
48737.5183149077,3.5341067,-0.96776074
48738.5183149552,3.5340278,-0.96716901
48739.5183150027,3.5339491,-0.96637994
48740.5183150502,3.5337918,-0.96637994
48741.5183150977,3.5339491,-0.96618268
48742.5183151452,3.5338705,-0.96795795
48743.5183151927,3.5337129,-0.96815521
48744.5183152402,3.5337918,-0.96795795
48745.5183152877,3.5335555,-0.96795795
48746.5183153352,3.5337129,-0.96677448
48747.5183153827,3.5335162,-0.96618268
48748.5183154302,3.5334373,-0.96756348
48749.5183154777,3.5334766,-0.96578815
48750.5183155252,3.5333586,-0.96677448
48751.5183155727,3.5333979,-0.96697168
48752.5183156202,3.5331616,-0.96677448
48753.5183156677,3.5333586,-0.96677448
48754.5183157152,3.5331616,-0.96578815
48755.5183157627,3.533201,-0.96598547
48756.5183158102,3.533083,-0.96815521
48757.5183158577,3.5330436,-0.96637994
48758.5183159052,3.5330436,-0.96618268
48759.5183159527,3.5329649,-0.96736621
48760.5183160002,3.532768,-0.96657721
48761.5183160477,3.5328467,-0.96657721
48762.5183160952,3.5328074,-0.96657721
48763.5183161427,3.532768,-0.96677448
48764.5183161902,3.5326893,-0.96776074
48765.5183162377,3.5327287,-0.96756348
48766.5183162852,3.532768,-0.96637994
48767.5183163327,3.5325317,-0.96578815
48768.5183163802,3.5325317,-0.96637994
48769.5183164277,3.5325317,-0.96637994
48770.5183164752,3.5323741,-0.96637994
48771.5183165227,3.5323741,-0.96657721
48772.5183165702,3.5323348,-0.96578815
48773.5183166177,3.5323741,-0.96637994
48774.5183166652,3.5321774,-0.96657721
48775.5183167127,3.5321379,-0.96637994
48776.5183167601,3.5320199,-0.96697168
48777.5183168076,3.5320199,-0.96598547
48778.5183168551,3.5319018,-0.96697168
48779.5183169026,3.5319805,-0.96756348
48780.5183169501,3.5319412,-0.96657721
48781.5183169976,3.5319018,-0.96598547
48782.5183170451,3.5317049,-0.96677448
48783.5183170926,3.5317049,-0.96697168
48784.5183171401,3.5316656,-0.96697168
48785.5183171876,3.5317049,-0.96736621
48786.5183172351,3.5316262,-0.96657721
48787.5183172826,3.5315866,-0.96697168
48788.5183173301,3.5314686,-0.96618268
48789.5183173776,3.53139,-0.96716901
48790.5183174251,3.5313506,-0.96657721
48791.5183174726,3.5313506,-0.96736621
48792.5183175201,3.531311,-0.96618268
48793.5183175676,3.5312717,-0.96618268
48794.5183176151,3.5311537,-0.96677448
48795.5183176626,3.5311143,-0.96637994
48796.5183177101,3.5309961,-0.96637994
48797.5183177576,3.5310354,-0.96736621
48798.5183178051,3.5309567,-0.96736621
48799.5183178526,3.5309567,-0.96598547
48800.5183179001,3.5308781,-0.96637994
48801.5183179476,3.5309174,-0.96598547
48802.5183179951,3.5308387,-0.96776074
48803.5183180426,3.5308781,-0.96598547
48804.5183180901,3.5306811,-0.96716901
48805.5183181376,3.5306811,-0.96776074
48806.5183181851,3.5305631,-0.96677448
48807.5183182326,3.5306025,-0.96677448
48808.5183182801,3.5304842,-0.96657721
48809.5183183276,3.5304449,-0.96559094
48810.5183183751,3.5303662,-0.96598547
48811.5183184226,3.5304055,-0.96559094
48812.5183184701,3.5304055,-0.96736621
48813.5183185176,3.5303268,-0.96578815
48814.5183185651,3.5302479,-0.96618268
48815.5183186125,3.5300119,-0.96637994
48816.51831866,3.5301299,-0.96598547
48817.5183187075,3.5300512,-0.96539368
48818.518318755,3.529933,-0.96815521
48819.5183188025,3.5299723,-0.96776074
48820.51831885,3.529815,-0.96677448
48821.5183188975,3.5298543,-0.96637994
48822.518318945,3.5297363,-0.96677448
48823.5183189925,3.5297363,-0.96677448
48824.51831904,3.5297756,-0.96637994
48825.5183190875,3.5295393,-0.96716901
48826.518319135,3.529618,-0.96578815
48827.5183191825,3.5295787,-0.96637994
48828.51831923,3.5295,-0.96618268
48829.5183192775,3.5294211,-0.96736621
48830.518319325,3.5294211,-0.96657721
48831.5183193725,3.5292637,-0.96657721
48832.51831942,3.5293424,-0.96776074
48833.5183194675,3.5292244,-0.96697168
48834.518319515,3.5291455,-0.96716901
48835.5183195625,3.5291455,-0.96736621
48836.51831961,3.5291455,-0.96677448
48837.5183196575,3.5290668,-0.96637994
48838.518319705,3.5289881,-0.96618268
48839.5183197525,3.5289488,-0.96578815
48840.5183198,3.5288305,-0.96697168
48841.5183198475,3.5287912,-0.96637994
48842.518319895,3.5286338,-0.96578815
48843.5183199425,3.5287912,-0.96697168
48844.51831999,3.5286338,-0.96637994
48845.5183200375,3.5285943,-0.96716901
48846.518320085,3.5285156,-0.96795795
48847.5183201325,3.5284369,-0.96697168
48848.51832018,3.5284369,-0.96637994
48849.5183202275,3.5284369,-0.96835242
48850.518320275,3.528358,-0.96559094
48851.5183203225,3.5282793,-0.96736621
48852.51832037,3.528043,-0.96736621
48853.5183204175,3.5282006,-0.96578815
48854.5183204649,3.5280824,-0.96657721
48855.5183205124,3.5279644,-0.96618268
48856.5183205599,3.5280037,-0.96657721
48857.5183206074,3.528043,-0.96637994
48858.5183206549,3.5280037,-0.96874695
48859.5183207024,3.527925,-0.96637994
48860.5183207499,3.5277281,-0.96795795
48861.5183207974,3.5278068,-0.96618268
48862.5183208449,3.5276494,-0.96637994
48863.5183208924,3.5276887,-0.96677448
48864.5183209399,3.5276101,-0.96657721
48865.5183209874,3.5274131,-0.96697168
48866.5183210349,3.5274918,-0.96598547
48867.5183210824,3.5274525,-0.96578815
48868.5183211299,3.5273738,-0.96637994
48869.5183211774,3.5274525,-0.96697168
48870.5183212249,3.5272162,-0.96736621
48871.5183212724,3.5273345,-0.96578815
48872.5183213199,3.5271375,-0.96756348
48873.5183213674,3.5271769,-0.96559094
48874.5183214149,3.5270588,-0.96559094
48875.5183214624,3.5270195,-0.96657721
48876.5183215099,3.5268619,-0.96677448
48877.5183215574,3.5269406,-0.96677448
48878.5183216049,3.5269012,-0.96756348
48879.5183216524,3.5268226,-0.96598547
48880.5183216999,3.5268226,-0.96657721
48881.5183217474,3.5267439,-0.96677448
48882.5183217949,3.5267832,-0.96637994
48883.5183218424,3.526665,-0.96716901
48884.5183218899,3.526665,-0.96657721
48885.5183219374,3.526665,-0.96677448
48886.5183219849,3.5263894,-0.96677448
48887.5183220324,3.5265076,-0.96618268
48888.5183220799,3.5263894,-0.96637994
48889.5183221274,3.5262713,-0.96657721
48890.5183221749,3.5262713,-0.96697168
48891.5183222224,3.526232,-0.96637994
48892.5183222699,3.5261137,-0.96677448
48893.5183223174,3.5261137,-0.96657721
48894.5183223648,3.5259957,-0.96756348
48895.5183224123,3.5260351,-0.96559094
48896.5183224598,3.5259564,-0.96756348
48897.5183225073,3.5258381,-0.96697168
48898.5183225548,3.5258381,-0.96637994
48899.5183226023,3.5257988,-0.96716901
48900.5183226498,3.5257988,-0.96618268
48901.5183226973,3.5256808,-0.96677448
48902.5183227448,3.5257201,-0.96716901
48903.5183227923,3.5256019,-0.96657721
48904.5183228398,3.5255625,-0.96677448
48905.5183228873,3.5253656,-0.96697168
48906.5183229348,3.5254052,-0.96677448
48907.5183229823,3.5254052,-0.96618268
48908.5183230298,3.5254052,-0.96677448
48909.5183230773,3.5253656,-0.96578815
48909.5463230786,3.5252869,-0.96598547
48909.5483230787,3.5252476,-0.96776074
48909.5923230808,3.5497382,0
48969.5923259307,3.5610778,0
49029.5923287805,3.5641882,0
49089.5923316304,3.5657239,0
49149.5923344802,3.5669444,0
49209.5923373301,3.5676138,0
49269.5923401799,3.5683227,0
49329.5923430298,3.5688739,0
49389.5923458796,3.5692282,0
49449.5923487294,3.5697401,0
49509.5923515793,3.5700157,0
49569.5923544291,3.5704486,0
49629.592357279,3.5708032,0
49689.5923601288,3.5709999,0
49749.5923629787,3.5714724,0
49809.5923658285,3.57163,0
49869.5923686784,3.5719056,0
49929.5923715282,3.5721025,0
49989.5923743781,3.5723782,0
50049.5923772279,3.5725749,0
50109.5923800778,3.5727718,0
50169.5923829276,3.5730474,0
50229.5923857775,3.5730474,0
50289.5923886273,3.573323,0
50349.5923914772,3.5734413,0
50409.592394327,3.5734806,0
50469.5923971768,3.5736773,0
50529.5924000267,3.5737956,0
50589.5924028765,3.5739529,0
50649.5924057264,3.5740318,0
50709.5924085762,3.5741105,0
50769.5924114261,3.5742681,0
50829.5924142759,3.5743074,0
50889.5924171258,3.5744255,0
50949.5924199756,3.5744255,0
51009.5924228255,3.5745437,0
51069.5924256753,3.5747011,0
51129.5924285252,3.5747404,0
51189.592431375,3.5747797,0
51249.5924342249,3.5748587,0
51309.5924370747,3.574898,0
51369.5924399246,3.574898,0
51429.5924427744,3.575016,0
51489.5924456242,3.5751343,0
51549.5924484741,3.5750949,0
51609.5924513239,3.5750556,0
51669.5924541738,3.5750949,0
51729.5924570236,3.5752523,0
51789.5924598735,3.5752523,0
51849.5924627233,3.5753706,0
51909.5924655732,3.5753312,0
51969.592468423,3.5754099,0
52029.5924712729,3.5754886,0
52089.5924741227,3.5753312,0
52149.5924769726,3.5754099,0
52209.5924798224,3.5754492,0
52269.5924826723,3.5754492,0
52329.5924855221,3.5756462,0
52389.592488372,3.5756462,0
52449.5924912218,3.5757248,0
52509.6284940734,3.5757248,0
52509.6304940735,3.4017317,-6.4671958
52509.7304940782,3.3957076,-6.5279502
52509.830494083,3.3946052,-6.525189
52509.9304940877,3.3935814,-6.525189
52510.0304940925,3.3927546,-6.5255835
52510.1304940972,3.3920457,-6.5245972
52510.230494102,3.3913372,-6.5247944
52510.3304941067,3.390707,-6.5269639
52510.4304941115,3.3900771,-6.5245972
52510.5304941162,3.3895652,-6.525189
52510.630494121,3.3889353,-6.5228213
52510.7304941257,3.3884628,-6.5255835
52510.8304941305,3.3879116,-6.5255835
52510.9304941352,3.387321,-6.5243999
52511.03049414,3.3868484,-6.5249917
52511.1304941447,3.3863366,-6.5245972
52511.2304941494,3.3859429,-6.5245972
52511.3304941542,3.3855884,-6.5243999
52511.4304941589,3.3850372,-6.5259775
52511.5304941637,3.3846042,-6.5267666
52511.6304941684,3.3842499,-6.5238081
52511.7304941732,3.3839347,-6.5249917
52511.8304941779,3.3835018,-6.5240054
52511.9304941827,3.3829505,-6.5259775
52512.0304941874,3.382596,-6.5249917
52512.1304941922,3.3822417,-6.5245972
52512.2304941969,3.3818085,-6.5255835
52512.3304942017,3.3815329,-6.5247944
52512.4304942064,3.3810606,-6.5249917
52512.5304942112,3.3807456,-6.5267666
52512.6304942159,3.3801944,-6.5269639
52512.7304942207,3.3800368,-6.5238081
52512.8304942254,3.379643,-6.5253862
52512.9304942302,3.37921,-6.5245972
52513.0304942349,3.3789737,-6.5236108
52513.1304942397,3.3785405,-6.5249917
52513.2304942444,3.3782256,-6.5238081
52513.3304942492,3.3778319,-6.5242026
52513.4304942539,3.3775957,-6.5242026
52513.5304942587,3.3773594,-6.5253862
52513.6304942634,3.3770051,-6.5249917
52513.7304942682,3.3765326,-6.5253862
52513.8304942729,3.3762176,-6.5245972
52513.9304942777,3.3760207,-6.5245972
52514.0304942824,3.3757057,-6.5243999
52514.1304942872,3.3752332,-6.5245972
52514.2304942919,3.3749576,-6.5255835
52514.3304942967,3.3747213,-6.5261748
52514.4304943014,3.3744063,-6.5245972
52514.5304943062,3.374052,-6.5249917
52514.6304943109,3.3738158,-6.5242026
52514.7304943157,3.3735008,-6.5253862
52514.8304943204,3.3729889,-6.5249917
52514.9304943252,3.3728313,-6.5242026
52515.0304943299,3.3724771,-6.5245972
52515.1304943347,3.3723588,-6.5249917
52515.2304943394,3.3719652,-6.525189
52515.3304943442,3.3717289,-6.5253862
52515.4304943489,3.3713746,-6.525189
52515.5304943537,3.3711383,-6.5238081
52515.6304943584,3.3709021,-6.5257808
52515.7304943632,3.3705871,-6.5247944
52515.8304943679,3.3701932,-6.5232158
52515.9304943727,3.3700359,-6.5238081
52516.0304943774,3.3697209,-6.5249917
52516.1304943822,3.3693664,-6.5293311
52516.2304943869,3.3690908,-6.5240054
52516.3304943917,3.3689728,-6.5240054
52516.4304943964,3.3686185,-6.5236108
52516.5304944012,3.3683429,-6.525189
52516.6304944059,3.3680673,-6.5247944
52516.7304944107,3.367831,-6.5243999
52516.8304944154,3.367516,-6.5234131
52516.9304944202,3.3673191,-6.5220327
52517.0304944249,3.3669646,-6.525189
52517.1304944297,3.3667679,-6.5234131
52517.2304944344,3.3664529,-6.5242026
52517.3304944392,3.366256,-6.5240054
52517.4304944439,3.365941,-6.5247944
52517.5304944487,3.3656654,-6.5238081
52517.6304944534,3.3653898,-6.5249917
52517.7304944582,3.3651929,-6.5247944
52517.8304944629,3.3648779,-6.5243999
52517.9304944677,3.3646417,-6.5253862
52518.0304944724,3.3644054,-6.5224272
52518.1304944772,3.3642085,-6.5249917
52518.2304944819,3.3640118,-6.5226245
52518.3304944867,3.3636179,-6.5242026
52518.4304944914,3.3635392,-6.5238081
52518.5304944962,3.3631847,-6.5245972
52518.6304945009,3.362988,-6.5226245
52518.7304945057,3.3627124,-6.5245972
52518.8304945104,3.3625154,-6.5249917
52518.9304945152,3.3623185,-6.5245972
52519.0304945199,3.3620036,-6.5242026
52519.1304945247,3.3617673,-6.5214409
52519.2304945294,3.361413,-6.5249917
52519.3304945342,3.3612947,-6.5255835
52519.4304945389,3.3611767,-6.5228213
52519.5304945437,3.3606255,-6.5267666
52519.6304945484,3.3606648,-6.5230186
52519.7304945532,3.3603499,-6.5234131
52519.8304945579,3.3601136,-6.5273584
52519.9304945627,3.359838,-6.5243999
52520.0304945674,3.3597593,-6.5253862
52520.1304945722,3.3594837,-6.5261748
52520.2304945769,3.3592868,-6.5232158
52520.3304945817,3.3590505,-6.5242026
52520.4304945864,3.3588142,-6.5218354
52520.5304945912,3.3586569,-6.5236108
52520.6304945959,3.3581843,-6.5261748
52520.7304946007,3.3580267,-6.5242026
52520.8304946054,3.3577118,-6.5303174
52520.9304946102,3.3577118,-6.5224272
52521.0304946149,3.3574755,-6.5271611
52521.1304946197,3.3571999,-6.5273584
52521.2304946244,3.3569243,-6.5299229
52521.3304946292,3.3569243,-6.5249917
52521.4304946339,3.3566093,-6.5271611
52521.5304946387,3.3564124,-6.5236108
52521.6304946434,3.3562551,-6.5245972
52521.7304946482,3.3560188,-6.5242026
52521.8304946529,3.3557038,-6.5236108
52521.9304946577,3.3555069,-6.5247944
52522.0304946624,3.3553493,-6.5238081
52522.1304946672,3.3551526,-6.5242026
52522.2304946719,3.3546801,-6.5316982
52522.3304946767,3.3546014,-6.5257808
52522.4304946814,3.3543651,-6.5324868
52522.5304946862,3.3542864,-6.5242026
52522.6304946909,3.3541682,-6.5238081
52522.7304946957,3.3538532,-6.5242026
52522.8304947004,3.353735,-6.5214409
52522.9304947052,3.3533807,-6.5342627
52523.0304947099,3.35342,-6.5147344
52523.1304947147,3.3528295,-6.5360376
52523.2304947194,3.3526325,-6.5320923
52523.3304947242,3.3529081,-6.5151289
52523.4304947289,3.3524752,-6.5208491
52523.5304947337,3.3522389,-6.5226245
52523.6304947384,3.3520026,-6.5261748
52523.7304947432,3.3517663,-6.5257808
52523.8304947479,3.3516877,-6.5234131
52523.9304947527,3.351609,-6.5247944
52524.0304947574,3.3514514,-6.5224272
52524.1304947622,3.3509395,-6.5230186
52524.2304947669,3.3507822,-6.5257808
52524.3304947717,3.3508215,-6.5245972
52524.4304947764,3.3507032,-6.5214409
52524.5304947812,3.3505065,-6.5236108
52524.6304947859,3.350152,-6.5245972
52524.7304947907,3.3499947,-6.5261748
52524.8304947954,3.3497977,-6.5243999
52524.9304948002,3.3496008,-6.5253862
52525.0304948049,3.3494434,-6.5245972
52525.1304948097,3.3492858,-6.5186797
52525.2304948144,3.3491678,-6.5220327
52525.3304948192,3.3488133,-6.5245972
52525.4304948239,3.3485377,-6.525189
52525.5304948287,3.3486559,-6.5224272
52525.6304948334,3.3483803,-6.5228213
52525.7304948382,3.3481834,-6.5226245
52525.8304948429,3.3479865,-6.5273584
52525.9304948477,3.3478684,-6.5253862
52526.0304948524,3.3475928,-6.5267666
52526.1304948572,3.3475928,-6.5243999
52526.2304948619,3.3472383,-6.5243999
52526.3304948667,3.3470809,-6.5238081
52526.4304948714,3.3469627,-6.5247944
52526.5304948762,3.3466871,-6.5259775
52526.6304948809,3.3466871,-6.5240054
52526.7304948857,3.3462148,-6.5307119
52526.8304948904,3.3463721,-6.5291338
52526.9304948952,3.3461359,-6.5247944
52527.0304948999,3.3459392,-6.5238081
52527.1304949047,3.345624,-6.5297256
52527.2304949094,3.3457029,-6.5218354
52527.3304949142,3.3454273,-6.5247944
52527.4304949189,3.3453484,-6.5240054
52527.5304949237,3.3450334,-6.5236108
52527.6304949284,3.3447185,-6.5342627
52527.7304949332,3.3447578,-6.5242026
52527.8304949379,3.3445609,-6.5230186
52527.9304949427,3.3444822,-6.5240054
52528.0304949474,3.3442459,-6.5240054
52528.1304949522,3.3440886,-6.5249917
52528.2304949569,3.3439703,-6.5259775
52528.3304949617,3.3438916,-6.5245972
52528.4304949664,3.3436947,-6.5261748
52528.5304949712,3.3435373,-6.5243999
52528.6304949759,3.3433404,-6.5243999
52528.7304949807,3.3431041,-6.5249917
52528.8304949854,3.3429465,-6.5243999
52528.9304949902,3.3428285,-6.5230186
52529.0304949949,3.3428285,-6.5242026
52529.1304949997,3.3426316,-6.5247944
52529.2304950044,3.3424349,-6.5247944
52529.3304950092,3.3422773,-6.5232158
52529.4304950139,3.342041,-6.5243999
52529.5304950187,3.3418837,-6.5255835
52529.6304950234,3.341923,-6.5240054
52529.7304950282,3.3416474,-6.5269639
52529.8304950329,3.3414898,-6.5243999
52529.9304950377,3.3412929,-6.5242026
52530.0304950424,3.3411355,-6.5263721
52530.1304950472,3.3410566,-6.5242026
52530.2304950519,3.3408206,-6.5247944
52530.3304950567,3.340663,-6.5255835
52530.4304950614,3.340466,-6.5249917
52530.5304950662,3.3404267,-6.5247944
52530.6304950709,3.3402297,-6.5257808
52530.7304950757,3.3400331,-6.5253862
52530.8304950804,3.3399541,-6.5249917
52530.9304950851,3.3399148,-6.525189
52531.0304950899,3.3397181,-6.5249917
52531.1304950946,3.3395212,-6.5249917
52531.2304950994,3.3394029,-6.525189
52531.3304951041,3.3393242,-6.5247944
52531.4304951089,3.3392456,-6.5236108
52531.5304951136,3.338891,-6.5247944
52531.6304951184,3.338891,-6.5243999
52531.7304951231,3.3386943,-6.5249917
52531.8304951279,3.3385367,-6.5249917
52531.9304951326,3.3384187,-6.5249917
52532.0304951374,3.3382611,-6.5247944
52532.1304951421,3.3380642,-6.5249917
52532.2304951469,3.3379462,-6.5245972
52532.3304951516,3.3377886,-6.5243999
52532.4304951564,3.3377492,-6.5243999
52532.5304951611,3.3374343,-6.5245972
52532.6304951659,3.3374343,-6.5263721
52532.7304951706,3.3372374,-6.5257808
52532.8304951754,3.3371193,-6.5253862
52532.9304951801,3.3370407,-6.5245972
52533.0304951849,3.3368437,-6.5253862
52533.1304951896,3.3366468,-6.5245972
52533.2304951944,3.3365288,-6.5247944
52533.3304951991,3.3364499,-6.5257808
52533.4304952039,3.3362532,-6.5255835
52533.5304952086,3.3361742,-6.5253862
52533.6304952134,3.3360956,-6.5271611
52533.7304952181,3.3358986,-6.5249917
52533.8304952229,3.3357413,-6.5247944
52533.9304952276,3.3356626,-6.5259775
52534.0304952324,3.3355837,-6.5247944
52534.1304952371,3.3353868,-6.5240054
52534.2304952419,3.3352687,-6.5249917
52534.3304952466,3.3350718,-6.5245972
52534.4304952514,3.3349931,-6.5243999
52534.5304952561,3.3347175,-6.5245972
52534.6304952609,3.3347962,-6.5247944
52534.7304952656,3.3347175,-6.525189
52534.8304952704,3.3345206,-6.525189
52534.9304952751,3.3343239,-6.5242026
52535.0304952799,3.3342843,-6.5247944
52535.1304952846,3.3341269,-6.5249917
52535.2304952894,3.33393,-6.5243999
52535.3304952941,3.3338513,-6.5238081
52535.4304952989,3.3336937,-6.5238081
52535.5304953036,3.3336151,-6.5242026
52535.6304953084,3.3334575,-6.525189
52535.7304953131,3.3332608,-6.5247944
52535.8304953179,3.3332608,-6.5255835
52535.9304953226,3.3331425,-6.5245972
52536.0304953274,3.3331032,-6.5242026
52536.1304953321,3.3328276,-6.5273584
52536.2304953369,3.3327882,-6.525189
52536.3304953416,3.3327489,-6.5263721
52536.4304953464,3.3325913,-6.5238081
52536.5304953511,3.3323944,-6.5243999
52536.6304953559,3.3323157,-6.5242026
52536.7304953606,3.3320794,-6.5249917
52536.8304953654,3.3319614,-6.5247944
52536.9304953701,3.3319221,-6.5245972
52537.0304953749,3.3318038,-6.525189
52537.1304953796,3.3317645,-6.5257808
52537.2304953844,3.3316069,-6.5247944
52537.3304953891,3.3315282,-6.5257808
52537.4304953939,3.3312526,-6.5255835
52537.5304953986,3.3312132,-6.5257808
52537.6304954034,3.3310556,-6.525189
52537.7304954081,3.3309376,-6.5242026
52537.8304954129,3.3308589,-6.5247944
52537.9304954176,3.3308196,-6.5255835
52538.0304954224,3.330544,-6.5259775
52538.1304954271,3.330544,-6.525189
52538.2304954319,3.3305044,-6.5257808
52538.3304954366,3.3303471,-6.525189
52538.4304954414,3.3301895,-6.525189
52538.5304954461,3.3301108,-6.525189
52538.6304954509,3.3299139,-6.5259775
52538.7304954556,3.3298745,-6.5245972
52538.8304954604,3.3297169,-6.5242026
52538.9304954651,3.3295596,-6.5247944
52539.0304954699,3.329402,-6.5242026
52539.1304954746,3.3293626,-6.525189
52539.2304954794,3.329284,-6.525189
52539.3304954841,3.3292053,-6.5253862
52539.4304954889,3.3290477,-6.5245972
52539.5304954936,3.3290083,-6.5247944
52539.6284954983,3.3288507,-6.5245972
52539.6724955004,3.5064268,0
52539.7724955051,3.5083168,0
52539.8724955099,3.5093405,0
52539.9724955146,3.510128,0
52540.0724955194,3.5108368,0
52540.1724955241,3.5115454,0
52540.2724955289,3.5120966,0
52540.3724955336,3.5124905,0
52540.4724955384,3.5130417,0
52540.5724955431,3.5134747,0
52540.6724955479,3.5138292,0
52540.7724955526,3.5142622,0
52540.8724955574,3.5146167,0
52540.9724955621,3.5150104,0
52541.0724955669,3.515286,0
52541.1724955716,3.5158765,0
52541.2724955764,3.5160735,0
52541.3724955811,3.5164671,0
52541.4724955859,3.516664,0
52541.5724955906,3.5170183,0
52541.6724955954,3.5171759,0
52541.7724956001,3.5176485,0
52541.8724956049,3.5178454,0
52541.9724956096,3.518121,0
52542.0724956144,3.5183966,0
52542.1724956191,3.5185933,0
52542.2724956239,3.5189083,0
52542.3724956286,3.5192628,0
52542.4724956334,3.5194597,0
52542.5724956381,3.5197353,0
52542.6724956429,3.5199714,0
52542.7724956476,3.5201683,0
52542.8724956524,3.5203259,0
52542.9724956571,3.5205622,0
52543.0724956619,3.5207589,0
52543.1724956666,3.5209165,0
52543.2724956714,3.5213101,0
52543.3724956761,3.5214283,0
52543.4724956809,3.5215857,0
52543.5724956856,3.5218613,0
52543.6724956904,3.5221765,0
52543.7724956951,3.5221765,0
52543.8724956999,3.5224521,0
52543.9724957046,3.5224915,0
52544.0724957094,3.5228457,0
52544.1724957141,3.5230033,0
52544.2724957189,3.5233576,0
52544.3724957236,3.5235152,0
52544.4724957284,3.5235152,0
52544.5724957331,3.5237513,0
52544.6724957379,3.5239482,0
52544.7724957426,3.5241451,0
52544.8724957474,3.5242631,0
52544.9724957521,3.5244601,0
52545.0724957569,3.524657,0
52545.1724957616,3.5246964,0
52545.2724957664,3.5250113,0
52545.3724957711,3.5250506,0
52545.4724957759,3.5252869,0
52545.5724957806,3.5253656,0
52545.6724957854,3.5256019,0
52545.7724957901,3.5256808,0
52545.8724957949,3.5258775,0
52545.9724957996,3.5260351,0
52546.0724958044,3.5261924,0
52546.1724958091,3.5264287,0
52546.2724958139,3.5265863,0
52546.3724958186,3.5266256,0
52546.4724958234,3.5267439,0
52546.5724958281,3.5269406,0
52546.6724958329,3.5270982,0
52546.7724958376,3.5272162,0
52546.8724958424,3.5273345,0
52546.9724958471,3.5274918,0
52547.0724958519,3.5276101,0
52547.1724958566,3.5278463,0
52547.2724958614,3.5278463,0
52547.3724958661,3.5280037,0
52547.4724958709,3.5282006,0
52547.5724958756,3.5282793,0
52547.6724958804,3.5283976,0
52547.7724958851,3.5285943,0
52547.8724958899,3.5287519,0
52547.9724958946,3.5288699,0
52548.0724958994,3.5289488,0
52548.1724959041,3.5290275,0
52548.2724959089,3.5291061,0
52548.3724959136,3.5292637,0
52548.4724959184,3.5294211,0
52548.5724959231,3.5295393,0
52548.6724959278,3.529618,0
52548.7724959326,3.5297363,0
52548.8724959373,3.529933,0
52548.9724959421,3.5299723,0
52549.0724959468,3.5301299,0
52549.1724959516,3.5302875,0
52549.2724959563,3.5304449,0
52549.3724959611,3.5304055,0
52549.4724959658,3.5306025,0
52549.5724959706,3.5306418,0
52549.6724959753,3.5307598,0
52549.7724959801,3.5307994,0
52549.8724959848,3.5309961,0
52549.9724959896,3.5310354,0
52550.0724959943,3.531193,0
52550.1724959991,3.5312717,0
52550.2724960038,3.5314293,0
52550.3724960086,3.5315866,0
52550.4724960133,3.531508,0
52550.5724960181,3.5317442,0
52550.6724960228,3.5318623,0
52550.7724960276,3.5319412,0
52550.8724960323,3.5320199,0
52550.9724960371,3.5321774,0
52551.0724960418,3.5321774,0
52551.1724960466,3.5324137,0
52551.2724960513,3.5324137,0
52551.3724960561,3.5325317,0
52551.4724960608,3.5326104,0
52551.5724960656,3.5327287,0
52551.6724960703,3.5328074,0
52551.7724960751,3.5329254,0
52551.8724960798,3.5329254,0
52551.9724960846,3.5330436,0
52552.0724960893,3.5332406,0
52552.1724960941,3.5332799,0
52552.2724960988,3.5333192,0
52552.3724961036,3.5334373,0
52552.4724961083,3.5334766,0
52552.5724961131,3.5336342,0
52552.6724961178,3.5338705,0
52552.7724961226,3.5338705,0
52552.8724961273,3.5338705,0
52552.9724961321,3.5339491,0
52553.0724961368,3.5341067,0
52553.1724961416,3.5342247,0
52553.2724961463,3.5342641,0
52553.3724961511,3.534343,0
52553.4724961558,3.534461,0
52553.5724961606,3.5345793,0
52553.6724961653,3.5345397,0
52553.7724961701,3.5345793,0
52553.8724961748,3.5347366,0
52553.9724961796,3.534776,0
52554.0724961843,3.5348942,0
52554.1724961891,3.5348942,0
52554.2724961938,3.5351305,0
52554.3724961986,3.5351305,0
52554.4724962033,3.5351698,0
52554.5724962081,3.5352092,0
52554.6724962128,3.5354061,0
52554.7724962176,3.5355241,0
52554.8724962223,3.5354455,0
52554.9724962271,3.5356421,0
52555.0724962318,3.5356421,0
52555.1724962366,3.5356817,0
52555.2724962413,3.5358784,0
52555.3724962461,3.5359178,0
52555.4724962508,3.5359178,0
52555.5724962556,3.5360754,0
52555.6724962603,3.5359967,0
52555.7724962651,3.5361147,0
52555.8724962698,3.5362723,0
52555.9724962746,3.536351,0
52556.0724962793,3.5364692,0
52556.1724962841,3.5364296,0
52556.2724962888,3.5365872,0
52556.3724962936,3.5365479,0
52556.4724962983,3.5367842,0
52556.5724963031,3.5367448,0
52556.6724963078,3.5367842,0
52556.7724963126,3.5368629,0
52556.8724963173,3.5369809,0
52556.9724963221,3.5370991,0
52557.0724963268,3.5370204,0
52557.1724963316,3.5371385,0
52557.2724963363,3.5373354,0
52557.3724963411,3.5372565,0
52557.4724963458,3.5373747,0
52557.5724963506,3.5374928,0
52557.6724963553,3.5374534,0
52557.7724963601,3.5375321,0
52557.8724963648,3.5376897,0
52557.9724963696,3.537611,0
52558.0724963743,3.5376503,0
52558.1724963791,3.5377684,0
52558.2724963838,3.537926,0
52558.3724963886,3.5380836,0
52558.4724963933,3.5379653,0
52558.5724963981,3.538044,0
52558.6724964028,3.5380836,0
52558.7724964076,3.5380836,0
52558.8724964123,3.5383196,0
52558.9724964171,3.5382409,0
52559.0724964218,3.5383196,0
52559.1724964266,3.5383592,0
52559.2724964313,3.5384772,0
52559.3724964361,3.5383985,0
52559.4724964408,3.5385952,0
52559.5724964456,3.5386741,0
52559.6724964503,3.5387921,0
52559.7724964551,3.5388315,0
52559.8724964598,3.5389104,0
52559.9724964646,3.5389497,0
52560.0724964693,3.5389497,0
52560.1724964741,3.5390677,0
52560.2724964788,3.5390677,0
52560.3724964836,3.5392647,0
52560.4724964883,3.5391071,0
52560.5724964931,3.539186,0
52560.6724964978,3.539304,0
52560.7724965026,3.5393434,0
52560.8724965073,3.539501,0
52560.9724965121,3.5394616,0
52561.0724965168,3.539422,0
52561.1724965216,3.539619,0
52561.2724965263,3.5397372,0
52561.3724965311,3.5397372,0
52561.4724965358,3.5398159,0
52561.5724965406,3.5399339,0
52561.6724965453,3.5398159,0
52561.7724965501,3.5398946,0
52561.8724965548,3.5400522,0
52561.9724965596,3.5399735,0
52562.0724965643,3.5399735,0
52562.1724965691,3.5401702,0
52562.2724965738,3.5400915,0
52562.3724965786,3.5403671,0
52562.4724965833,3.5402491,0
52562.5724965881,3.5402884,0
52562.6724965928,3.5402884,0
52562.7724965976,3.5403278,0
52562.8724966023,3.5405641,0
52562.9724966071,3.5404458,0
52563.0724966118,3.5406034,0
52563.1724966166,3.5405247,0
52563.2724966213,3.5408003,0
52563.3724966261,3.5406427,0
52563.4724966308,3.5408003,0
52563.5724966356,3.5406821,0
52563.6724966403,3.5409577,0
52563.7724966451,3.5408003,0
52563.8724966498,3.5408003,0
52563.9724966546,3.540997,0
52564.0724966593,3.5410364,0
52564.1724966641,3.5410759,0
52564.2724966688,3.540997,0
52564.3724966736,3.541194,0
52564.4724966783,3.5412333,0
52564.5724966831,3.5412726,0
52564.6724966878,3.541312,0
52564.7724966926,3.5413516,0
52564.8724966973,3.5413909,0
52564.9724967021,3.5414696,0
52565.0724967068,3.5413909,0
52565.1724967116,3.5415878,0
52565.2724967163,3.5414696,0
52565.3724967211,3.5417452,0
52565.4724967258,3.5417058,0
52565.5724967306,3.5418239,0
52565.6724967353,3.5417845,0
52565.7724967401,3.5417452,0
52565.8724967448,3.5418634,0
52565.9724967496,3.5419028,0
52566.0724967543,3.5418634,0
52566.1724967591,3.5419815,0
52566.2724967638,3.5421391,0
52566.3724967686,3.5420208,0
52566.4724967733,3.5421391,0
52566.5724967781,3.5420995,0
52566.6724967828,3.5422177,0
52566.7724967876,3.5422571,0
52566.8724967923,3.5422177,0
52566.9724967971,3.5422177,0
52567.0724968018,3.5423357,0
52567.1724968066,3.5424147,0
52567.2724968113,3.5423751,0
52567.3724968161,3.5424933,0
52567.4724968208,3.5426114,0
52567.5724968256,3.542572,0
52567.6724968303,3.5425327,0
52567.7724968351,3.5426507,0
52567.8724968398,3.5426903,0
52567.9724968446,3.5426903,0
52568.0724968493,3.5426903,0
52568.172496854,3.542887,0
52568.2724968588,3.5428083,0
52568.3724968635,3.542887,0
52568.4724968683,3.5428476,0
52568.572496873,3.5429659,0
52568.6724968778,3.5429263,0
52568.7724968825,3.5429659,0
52568.8724968873,3.5430446,0
52568.972496892,3.5431232,0
52569.0724968968,3.5430446,0
52569.1724969015,3.5432019,0
52569.2724969063,3.5432415,0
52569.372496911,3.5432415,0
52569.4724969158,3.5431232,0
52569.5724969205,3.5433595,0
52569.6724969253,3.5433989,0
52569.77249693,3.5434778,0
52569.8724969348,3.5434382,0
52569.9724969395,3.5433989,0
52570.0724969443,3.5435171,0
52570.172496949,3.5435171,0
52570.2724969538,3.5435958,0
52570.3724969585,3.5436351,0
52570.4724969633,3.5435171,0
52570.572496968,3.5436351,0
52570.6724969728,3.5437138,0
52570.7724969775,3.5437138,0
52570.8724969823,3.5438321,0
52570.972496987,3.5437534,0
52571.0724969918,3.5437138,0
52571.1724969965,3.5438321,0
52571.2724970013,3.5439107,0
52571.372497006,3.5439107,0
52571.4724970108,3.5439107,0
52571.5724970155,3.5439894,0
52571.6724970203,3.5441077,0
52571.772497025,3.5441077,0
52571.8724970298,3.544147,0
52571.9724970345,3.5441077,0
52572.0724970393,3.5442257,0
52572.172497044,3.5441864,0
52572.2724970488,3.5443046,0
52572.3724970535,3.5442257,0
52572.4724970583,3.5443046,0
52572.572497063,3.544265,0
52572.6724970678,3.5443439,0
52572.7724970725,3.5443046,0
52572.8724970773,3.544462,0
52572.972497082,3.5445406,0
52573.0724970868,3.5445013,0
52573.1724970915,3.5445013,0
52573.2724970963,3.5445406,0
52573.372497101,3.5446196,0
52573.4724971058,3.5447376,0
52573.5724971105,3.5446196,0
52573.6724971153,3.5446196,0
52573.77249712,3.5446589,0
52573.8724971248,3.5447376,0
52573.9724971295,3.5447376,0
52574.0724971343,3.5448163,0
52574.172497139,3.5448163,0
52574.2724971438,3.5449739,0
52574.3724971485,3.5449345,0
52574.4724971533,3.5448558,0
52574.572497158,3.5449345,0
52574.6724971628,3.5448952,0
52574.7724971675,3.5450132,0
52574.8724971723,3.5450919,0
52574.972497177,3.5450132,0
52575.0724971818,3.5451314,0
52575.1724971865,3.5451708,0
52575.2724971913,3.5451314,0
52575.372497196,3.5452888,0
52575.4724972008,3.5451708,0
52575.5724972055,3.5451708,0
52575.6724972103,3.5452495,0
52575.772497215,3.5452101,0
52575.8724972198,3.5453677,0
52575.9724972245,3.5453281,0
52576.0724972293,3.5453677,0
52576.172497234,3.5454071,0
52576.2724972388,3.5454464,0
52576.3724972435,3.5453677,0
52576.4724972483,3.5454857,0
52576.572497253,3.5455644,0
52576.6724972578,3.5455644,0
52576.7724972625,3.5455644,0
52576.8724972673,3.5456433,0
52576.972497272,3.5455644,0
52577.0724972768,3.5456827,0
52577.1724972815,3.5456827,0
52577.2724972863,3.545722,0
52577.372497291,3.545722,0
52577.4724972958,3.5456827,0
52577.5724973005,3.545722,0
52577.6724973053,3.54584,0
52577.77249731,3.5458007,0
52577.8724973148,3.5458794,0
52577.9724973195,3.5458794,0
52578.0724973243,3.5459189,0
52578.172497329,3.5459583,0
52578.2724973338,3.546037,0
52578.3724973385,3.5458794,0
52578.4724973433,3.5459976,0
52578.572497348,3.5460763,0
52578.6724973528,3.5460763,0
52578.7724973575,3.5460763,0
52578.8724973623,3.546155,0
52578.972497367,3.5461946,0
52579.0724973718,3.546155,0
52579.1724973765,3.5461156,0
52579.2724973813,3.546155,0
52579.372497386,3.5462732,0
52579.4724973908,3.5462732,0
52579.5724973955,3.5462732,0
52579.7044974018,3.6753407,0
52579.7064974019,3.67853,4.8395864
52579.8064974066,3.6829398,4.8928452
52579.9064974114,3.6840029,4.8928452
52580.0064974161,3.6847117,4.8926479
52580.1064974209,3.6854203,4.8926479
52580.2064974256,3.6861291,4.8940288
52580.3064974304,3.6864834,4.8954092
52580.4064974351,3.6869953,4.8910698
52580.5064974399,3.6876254,4.8926479
52580.6064974446,3.6879404,4.8914644
52580.7064974494,3.6883733,4.8954092
52580.8064974541,3.6889246,4.8930425
52580.9064974589,3.6893971,4.8944233
52581.0064974636,3.6898303,4.8965928
52581.1064974684,3.6901846,4.8926479
52581.2064974731,3.6903422,4.8912671
52581.3064974779,3.6908541,4.8906753
52581.4064974826,3.6911297,4.8922534
52581.5064974874,3.6915233,4.8936343
52581.6064974921,3.6918776,4.8916616
52581.7064974969,3.6922715,4.8932397
52581.8064975016,3.6926258,4.8922534
52581.9064975064,3.692862,4.8926479
52582.0064975111,3.6931376,4.8883086
52582.1064975159,3.6936102,4.8961987
52582.2064975206,3.6939251,4.89679
52582.3064975254,3.6941221,4.8918589
52582.4064975301,3.6943977,4.8918589
52582.5064975349,3.6947913,4.8948179
52582.6064975396,3.6951456,4.8922534
52582.7064975444,3.6954212,4.8924507
52582.8064975491,3.6955001,4.8950146
52582.9064975539,3.6961694,4.8948179
52583.0064975586,3.6962876,4.8942261
52583.1064975634,3.6964056,4.8930425
52583.2064975681,3.6967995,4.8908726
52583.3064975729,3.6970356,4.8944233
52583.4064975776,3.6972718,4.8942261
52583.5064975824,3.6976264,4.8924507
52583.6064975871,3.697823,4.8924507
52583.7064975919,3.6981776,4.8920562
52583.8064975966,3.6985319,4.8950146
52583.9064976014,3.6986105,4.8936343
52584.0064976061,3.6988468,4.8922534
52584.1064976109,3.6992011,4.8938315
52584.2064976156,3.6993194,4.8908726
52584.3064976204,3.6995556,4.8918589
52584.4064976251,3.6999099,4.8910698
52584.5064976299,3.7002249,4.8920562
52584.6064976346,3.7004611,4.8956069
52584.7064976394,3.7006974,4.8956069
52584.8064976441,3.7008944,4.8948179
52584.9064976489,3.7010911,4.8952119
52585.0064976536,3.7014062,4.8942261
52585.1064976584,3.7016029,4.8916616
52585.2064976631,3.7018392,4.8920562
52585.3064976679,3.7022331,4.8965928
52585.4064976726,3.7021937,4.8890972
52585.5064976774,3.702666,4.8914644
52585.6064976821,3.7025874,4.8969873
52585.7064976869,3.7030206,4.8922534
52585.8064976916,3.7031386,4.8908726
52585.9064976964,3.7034142,4.8898862
52586.0064977011,3.7035718,4.90902
52586.1064977059,3.7039261,4.8930425
52586.2064977106,3.7039654,4.8871245
52586.3064977154,3.7045166,4.8975791
52586.4064977201,3.704556,4.8946206
52586.5064977249,3.7047529,4.8948179
52586.6064977296,3.7049892,4.8920562
52586.7064977344,3.7050285,4.8930425
52586.8064977391,3.7053041,4.8883086
52586.9064977439,3.7056584,4.8922534
52587.0064977486,3.7057374,4.8944233
52587.1064977534,3.7059736,4.8922534
52587.2064977581,3.706131,4.8950146
52587.3064977629,3.7065248,4.8965928
52587.4064977676,3.7064853,4.8946206
52587.5064977724,3.7067611,4.8922534
52587.6064977771,3.7069185,4.8922534
52587.7064977819,3.7071941,4.8948179
52587.8064977866,3.7073123,4.8926479
52587.9064977914,3.7074697,4.890478
52588.0064977961,3.7076273,4.8906753
52588.1064978009,3.7079029,4.8920562
52588.2064978056,3.7082179,4.9009326
52588.3064978104,3.7082965,4.8926479
52588.4064978151,3.7084541,4.8885059
52588.5064978199,3.7087691,4.8956069
52588.6064978246,3.708966,4.8942261
52588.7064978294,3.7091234,4.8946206
52588.8064978341,3.7093596,4.8920562
52588.9064978389,3.7095959,4.9023135
52589.0064978436,3.7096746,4.893437
52589.1064978484,3.7097535,4.8930425
52589.2064978531,3.7099895,4.8918589
52589.3064978579,3.7101471,4.8942261
52589.4064978626,3.7103441,4.893437
52589.5064978674,3.710541,4.8924507
52589.6064978721,3.710541,4.8928452
52589.7044978768,3.7108953,4.8956069
52589.7504978789,3.5757642,0
52589.8504978837,3.5745041,0
52589.9504978884,3.5737956,0
52590.0504978932,3.5731657,0
52590.1504978979,3.5728111,0
52590.2504979027,3.5724568,0
52590.3504979074,3.5721419,0
52590.4504979122,3.5718269,0
52590.5504979169,3.5715513,0
52590.6504979217,3.5713151,0
52590.7504979264,3.5711181,0
52590.8504979312,3.5709212,0
52590.9504979359,3.5707638,0
52591.0504979407,3.57037,0
52591.1504979454,3.57037,0
52591.2504979502,3.5700157,0
52591.3504979549,3.569937,0
52591.4504979597,3.5697794,0
52591.5504979644,3.5696218,0
52591.6504979692,3.5695038,0
52591.7504979739,3.5693855,0
52591.8504979787,3.5691099,0
52591.9504979834,3.5690312,0
52592.0504979882,3.5689919,0
52592.1504979929,3.5688343,0
52592.2504979977,3.5686376,0
52592.3504980024,3.5685983,0
52592.4504980072,3.5684407,0
52592.5504980119,3.568362,0
52592.6504980167,3.5683227,0
52592.7504980214,3.568047,0
52592.8504980262,3.568047,0
52592.9504980309,3.5679681,0
52593.0504980357,3.5678895,0
52593.1504980404,3.5677714,0
52593.2504980452,3.5676925,0
52593.3504980499,3.5675352,0
52593.4504980547,3.5674956,0
52593.5504980594,3.5674562,0
52593.6504980642,3.5673382,0
52593.7504980689,3.56722,0
52593.8504980737,3.5671806,0
52593.9504980784,3.5671413,0
52594.0504980832,3.5669839,0
52594.1504980879,3.5669444,0
52594.2504980927,3.5668263,0
52594.3504980974,3.5667477,0
52594.4504981022,3.5666687,0
52594.5504981069,3.5665901,0
52594.6504981117,3.5665507,0
52594.7504981164,3.5665901,0
52594.8504981212,3.5663538,0
52594.9504981259,3.5662751,0
52595.0504981307,3.5663931,0
52595.1504981354,3.5661964,0
52595.2504981402,3.5661571,0
52595.3504981449,3.5660782,0
52595.4504981497,3.5659208,0
52595.5504981544,3.5660782,0
52595.6504981592,3.5658815,0
52595.7504981639,3.5659208,0
52595.8504981687,3.5658026,0
52595.9504981734,3.5657632,0
52596.0504981782,3.5657239,0
52596.1504981829,3.5655663,0
52596.2504981877,3.5656846,0
52596.3504981924,3.5654483,0
52596.4504981972,3.5654876,0
52596.5504982019,3.56533,0
52596.6504982067,3.5653696,0
52596.7504982114,3.5652514,0
52596.8504982162,3.565212,0
52596.9504982209,3.56533,0
52597.0504982257,3.565212,0
52597.1504982304,3.565212,0
52597.2504982352,3.565094,0
52597.3504982399,3.5649757,0
52597.4504982447,3.5649757,0
52597.5504982494,3.5650151,0
52597.6504982542,3.5648184,0
52597.7504982589,3.5648577,0
52597.8504982637,3.5647788,0
52597.9504982684,3.5647788,0
52598.0504982732,3.5647395,0
52598.1504982779,3.5646608,0
52598.2504982827,3.5647788,0
52598.3504982874,3.5645821,0
52598.4504982922,3.5646214,0
52598.5504982969,3.5645032,0
52598.6504983017,3.5644639,0
52598.7504983064,3.5645032,0
52598.8504983112,3.5643065,0
52598.9504983159,3.5643065,0
52599.0504983207,3.5643065,0
52599.1504983254,3.5642672,0
52599.2504983302,3.5641882,0
52599.3504983349,3.5641882,0
52599.4504983397,3.5640702,0
52599.5504983444,3.5640309,0
52599.6504983492,3.5640309,0
52599.7504983539,3.5640702,0
52599.8504983587,3.5639915,0
52599.9504983634,3.5640309,0
52600.0504983682,3.5640309,0
52600.1504983729,3.563952,0
52600.2504983777,3.5638733,0
52600.3504983824,3.5637946,0
52600.4504983872,3.5637946,0
52600.5504983919,3.563834,0
52600.6504983967,3.5638733,0
52600.7504984014,3.5637157,0
52600.8504984062,3.5637553,0
52600.9504984109,3.563637,0
52601.0504984157,3.5637553,0
52601.1504984204,3.5635583,0
52601.2504984252,3.563519,0
52601.3504984299,3.5635583,0
52601.4504984347,3.563519,0
52601.5504984394,3.563519,0
52601.6504984442,3.5634401,0
52601.7504984489,3.5634401,0
52601.8504984537,3.5634401,0
52601.9504984584,3.5634401,0
52602.0504984632,3.5633221,0
52602.1504984679,3.5633221,0
52602.2504984727,3.5633614,0
52602.3504984774,3.5632827,0
52602.4504984822,3.5632434,0
52602.5504984869,3.5632041,0
52602.6504984917,3.5630858,0
52602.7504984964,3.5631251,0
52602.8504985012,3.5631251,0
52602.9504985059,3.5631251,0
52603.0504985107,3.5630465,0
52603.1504985154,3.5630465,0
52603.2504985202,3.5630465,0
52603.3504985249,3.5629678,0
52603.4504985297,3.5629284,0
52603.5504985344,3.5628889,0
52603.6504985392,3.5630071,0
52603.7504985439,3.5629284,0
52603.8504985487,3.5628102,0
52603.9504985534,3.5628495,0
52604.0504985582,3.5628889,0
52604.1504985629,3.5628889,0
52604.2504985677,3.5628102,0
52604.3504985724,3.5627708,0
52604.4504985772,3.5628102,0
52604.5504985819,3.5628102,0
52604.6504985867,3.5628495,0
52604.7504985914,3.5628495,0
52604.8504985962,3.5626528,0
52604.9504986009,3.5626922,0
52605.0504986057,3.5626922,0
52605.1504986104,3.5625346,0
52605.2504986152,3.5624952,0
52605.3504986199,3.5624952,0
52605.4504986247,3.5626132,0
52605.5504986294,3.5626132,0
52605.6504986342,3.5624559,0
52605.7504986389,3.5625346,0
52605.8504986437,3.5624166,0
52605.9504986484,3.5624166,0
52606.0504986532,3.5624559,0
52606.1504986579,3.5623772,0
52606.2504986627,3.5624166,0
52606.3504986674,3.5623376,0
52606.4504986722,3.5623772,0
52606.5504986769,3.5623772,0
52606.6504986817,3.5623376,0
52606.7504986864,3.5623772,0
52606.8504986912,3.5622983,0
52606.9504986959,3.5622983,0
52607.0504987007,3.5622983,0
52607.1504987054,3.562259,0
52607.2504987102,3.5621016,0
52607.3504987149,3.5621409,0
52607.4504987197,3.5621803,0
52607.5504987244,3.562062,0
52607.6504987292,3.5621409,0
52607.7504987339,3.5621409,0
52607.8504987387,3.5621409,0
52607.9504987434,3.5620227,0
52608.0504987482,3.562062,0
52608.1504987529,3.5621016,0
52608.2504987577,3.5621016,0
52608.3504987624,3.561944,0
52608.4504987672,3.5619833,0
52608.5504987719,3.562062,0
52608.6504987767,3.5620227,0
52608.7504987814,3.5619833,0
52608.8504987862,3.5619047,0
52608.9504987909,3.561944,0
52609.0504987957,3.5619047,0
52609.1504988004,3.561944,0
52609.2504988052,3.5619047,0
52609.3504988099,3.5619047,0
52609.4504988146,3.5618258,0
52609.5504988194,3.5618653,0
52609.6504988241,3.5617471,0
52609.7504988289,3.5618653,0
52609.8504988336,3.5618258,0
52609.9504988384,3.5617077,0
52610.0504988431,3.5618258,0
52610.1504988479,3.5617077,0
52610.2504988526,3.5617077,0
52610.3504988574,3.5618653,0
52610.4504988621,3.5617077,0
52610.5504988669,3.5617077,0
52610.6504988716,3.5615897,0
52610.7504988764,3.5617077,0
52610.8504988811,3.5616684,0
52610.9504988859,3.5617077,0
52611.0504988906,3.5616684,0
52611.1504988954,3.5615108,0
52611.2504989001,3.5616684,0
52611.3504989049,3.5615501,0
52611.4504989096,3.5616684,0
52611.5504989144,3.5616291,0
52611.6504989191,3.5616684,0
52611.7504989239,3.5615108,0
52611.8504989286,3.5615501,0
52611.9504989334,3.5615501,0
52612.0504989381,3.5614321,0
52612.1504989429,3.5615501,0
52612.2504989476,3.5614321,0
52612.3504989524,3.5615108,0
52612.4504989571,3.5613928,0
52612.5504989619,3.5616291,0
52612.6504989666,3.5614321,0
52612.7504989714,3.5614321,0
52612.8504989761,3.5613928,0
52612.9504989809,3.5613534,0
52613.0504989856,3.5613534,0
52613.1504989904,3.5613928,0
52613.2504989951,3.5613928,0
52613.3504989999,3.5613141,0
52613.4504990046,3.5614715,0
52613.5504990094,3.5613928,0
52613.6504990141,3.5613534,0
52613.7504990189,3.5613534,0
52613.8504990236,3.5613928,0
52613.9504990284,3.5612352,0
52614.0504990331,3.5613141,0
52614.1504990379,3.5613141,0
52614.2504990426,3.5612745,0
52614.3504990474,3.5611565,0
52614.4504990521,3.5613534,0
52614.5504990569,3.5611959,0
52614.6504990616,3.5611959,0
52614.7504990664,3.5612745,0
52614.8504990711,3.5612745,0
52614.9504990759,3.5612352,0
52615.0504990806,3.5612745,0
52615.1504990854,3.5611565,0
52615.2504990901,3.5611959,0
52615.3504990949,3.5611172,0
52615.4504990996,3.5610778,0
52615.5504991044,3.5611172,0
52615.6504991091,3.5611172,0
52615.7504991139,3.5611959,0
52615.8504991186,3.5610778,0
52615.9504991234,3.5611172,0
52616.0504991281,3.5610778,0
52616.1504991329,3.5610778,0
52616.2504991376,3.5610778,0
52616.3504991424,3.5610385,0
52616.4504991471,3.5610778,0
52616.5504991519,3.5610778,0
52616.6504991566,3.5610778,0
52616.7504991614,3.5610385,0
52616.8504991661,3.5610778,0
52616.9504991709,3.5610385,0
52617.0504991756,3.5610385,0
52617.1504991804,3.5610778,0
52617.2504991851,3.5610385,0
52617.3504991899,3.5611172,0
52617.4504991946,3.5610385,0
52617.5504991994,3.5609989,0
52617.6504992041,3.5610778,0
52617.7504992089,3.5610385,0
52617.8504992136,3.5610385,0
52617.9504992184,3.5608416,0
52618.0504992231,3.5609202,0
52618.1504992279,3.5609202,0
52618.2504992326,3.5608809,0
52618.3504992374,3.5609202,0
52618.4504992421,3.5607629,0
52618.5504992469,3.5609989,0
52618.6504992516,3.5609202,0
52618.7504992564,3.5609202,0
52618.8504992611,3.5608809,0
52618.9504992659,3.5609596,0
52619.0504992706,3.5608022,0
52619.1504992754,3.5608416,0
52619.2504992801,3.5608416,0
52619.3504992849,3.5608809,0
52619.4504992896,3.5608416,0
52619.5504992944,3.5607233,0
52619.6504992991,3.5608416,0
52619.7504993039,3.5608416,0
52619.8504993086,3.5609202,0
52619.9504993134,3.5607629,0
52620.0504993181,3.5608022,0
52620.1504993229,3.5608416,0
52620.2504993276,3.5608809,0
52620.3504993324,3.5607629,0
52620.4504993371,3.5608022,0
52620.5504993419,3.5608809,0
52620.6504993466,3.5607629,0
52620.7504993514,3.5608022,0
52620.8504993561,3.5608022,0
52620.9504993609,3.5608022,0
52621.0504993656,3.5607233,0
52621.1504993704,3.5608416,0
52621.2504993751,3.5607629,0
52621.3504993799,3.5607629,0
52621.4504993846,3.5607629,0
52621.5504993894,3.5608022,0
52621.6504993941,3.5607629,0
52621.7504993989,3.5608022,0
52621.8504994036,3.5608022,0
52621.9504994084,3.560684,0
52622.0504994131,3.5607233,0
52622.1504994179,3.5606446,0
52622.2504994226,3.560684,0
52622.3504994274,3.5607233,0
52622.4504994321,3.5607629,0
52622.5504994369,3.5608022,0
52622.6504994416,3.5607629,0
52622.7504994464,3.5606446,0
52622.8504994511,3.5606446,0
52622.9504994559,3.5607233,0
52623.0504994606,3.5606446,0
52623.1504994654,3.560684,0
52623.2504994701,3.5606446,0
52623.3504994749,3.5607629,0
52623.4504994796,3.5606053,0
52623.5504994844,3.5606446,0
52623.6504994891,3.560684,0
52623.7504994939,3.5605659,0
52623.8504994986,3.5606446,0
52623.9504995034,3.5606446,0
52624.0504995081,3.5606446,0
52624.1504995129,3.560684,0
52624.2504995176,3.5606053,0
52624.3504995224,3.5605659,0
52624.4504995271,3.5605266,0
52624.5504995319,3.5605659,0
52624.6504995366,3.5606053,0
52624.7504995414,3.5607233,0
52624.8504995461,3.5606053,0
52624.9504995509,3.5606446,0
52625.0504995556,3.5605266,0
52625.1504995604,3.5604873,0
52625.2504995651,3.5604873,0
52625.3504995699,3.5604873,0
52625.4504995746,3.5606053,0
52625.5504995794,3.5606446,0
52625.6504995841,3.5605266,0
52625.7504995889,3.5606053,0
52625.8504995936,3.5605266,0
52625.9504995984,3.5604477,0
52626.0504996031,3.5605659,0
52626.1504996079,3.5605659,0
52626.2504996126,3.5604477,0
52626.3504996174,3.5604873,0
52626.4504996221,3.5606053,0
52626.5504996269,3.5604873,0
52626.6504996316,3.5605266,0
52626.7504996364,3.5605266,0
52626.8504996411,3.5604084,0
52626.9504996459,3.5604873,0
52627.0504996506,3.5605266,0
52627.1504996554,3.5605266,0
52627.2504996601,3.5604084,0
52627.3504996649,3.5604084,0
52627.4504996696,3.5604477,0
52627.5504996744,3.5604873,0
52627.6504996791,3.5605266,0
52627.7504996839,3.5605266,0
52627.8504996886,3.5604477,0
52627.9504996934,3.5604873,0
52628.0504996981,3.5604477,0
52628.1504997029,3.5604873,0
52628.2504997076,3.5604477,0
52628.3504997124,3.5605266,0
52628.4504997171,3.5604084,0
52628.5504997219,3.5604477,0
52628.6504997266,3.5604084,0
52628.7504997314,3.5604084,0
52628.8504997361,3.5604084,0
52628.9504997408,3.5604477,0
52629.0504997456,3.5604084,0
52629.1504997503,3.5605659,0
52629.2504997551,3.5604084,0
52629.3504997598,3.5603297,0
52629.4504997646,3.560369,0
52629.5504997693,3.5604084,0
52629.6504997741,3.5604477,0
52629.7844997805,3.537611,0
52629.7864997806,3.5369415,-0.95454474
52630.7864998281,3.5350122,-0.96795795
52631.7864998756,3.534461,-0.96559094
52632.7864999231,3.5339098,-0.96736621
52633.7864999705,3.5333979,-0.96697168
52634.786500018,3.5330043,-0.96618268
52635.7865000655,3.5326104,-0.96697168
52636.786500113,3.5321774,-0.96716901
52637.7865001605,3.5318229,-0.96795795
52638.786500208,3.531508,-0.96736621
52639.7865002555,3.5311143,-0.96637994
52640.786500303,3.5308387,-0.96657721
52641.7865003505,3.5304449,-0.96677448
52642.786500398,3.5302479,-0.96637994
52643.7865004455,3.5299723,-0.96716901
52644.786500493,3.5296967,-0.96736621
52645.7865005405,3.5294607,-0.96598547
52646.786500588,3.5291851,-0.96697168
52647.7865006355,3.5289488,-0.96618268
52648.786500683,3.5287125,-0.96677448
52649.7865007305,3.5284369,-0.96697168
52650.786500778,3.52824,-0.96697168
52651.7865008255,3.5278857,-0.96637994
52652.786500873,3.5276101,-0.96657721
52653.7865009205,3.5274918,-0.96677448
52654.786500968,3.5273738,-0.96618268
52655.7865010155,3.5271769,-0.96697168
52656.786501063,3.5269799,-0.96716901
52657.7865011105,3.5268226,-0.96697168
52658.786501158,3.526665,-0.96657721
52659.7865012055,3.526468,-0.96716901
52660.786501253,3.5261924,-0.96618268
52661.7865013005,3.5260351,-0.96657721
52662.786501348,3.5258381,-0.96716901
52663.7865013955,3.5256412,-0.96657721
52664.786501443,3.5256019,-0.96618268
52665.7865014905,3.5254052,-0.96598547
52666.786501538,3.5252476,-0.96756348
52667.7865015855,3.52509,-0.96677448
52668.786501633,3.524972,-0.96677448
52669.7865016805,3.5246964,-0.96716901
52670.786501728,3.5245388,-0.96795795
52671.7865017755,3.5244207,-0.96736621
52672.7865018229,3.5242238,-0.96637994
52673.7865018704,3.5241058,-0.96697168
52674.7865019179,3.5239482,-0.96618268
52675.7865019654,3.5237513,-0.96578815
52676.7865020129,3.5237513,-0.96697168
52677.7865020604,3.5236332,-0.96697168
52678.7865021079,3.5233183,-0.96657721
52679.7865021554,3.523279,-0.96697168
52680.7865022029,3.5230033,-0.96637994
52681.7865022504,3.5229244,-0.96776074
52682.7865022979,3.5228457,-0.96559094
52683.7865023454,3.5226095,-0.96578815
52684.7865023929,3.5224915,-0.96578815
52685.7865024404,3.5224125,-0.96519647
52686.7865024879,3.5223732,-0.96657721
52687.7865025354,3.5221369,-0.96677448
52688.7865025829,3.5220189,-0.96697168
52689.7865026304,3.5219009,-0.96637994
52690.7865026779,3.5219009,-0.96637994
52691.7865027254,3.521704,-0.96559094
52692.7865027729,3.521507,-0.96736621
52693.7865028204,3.5213497,-0.96618268
52694.7865028679,3.5212708,-0.96618268
52695.7865029154,3.5211921,-0.96637994
52696.7865029629,3.5209558,-0.96657721
52697.7865030104,3.5208378,-0.96598547
52698.7865030579,3.5207982,-0.96736621
52699.7865031054,3.5206409,-0.96578815
52700.7865031529,3.5204833,-0.96756348
52701.7865032004,3.5203652,-0.96776074
52702.7865032479,3.5202866,-0.96637994
52703.7865032954,3.520247,-0.96637994
52704.7865033429,3.5200503,-0.96637994
52705.7865033904,3.5200109,-0.96677448
52706.7865034379,3.5198927,-0.96716901
52707.7865034854,3.5196958,-0.96578815
52708.7865035329,3.5195777,-0.96677448
52709.7865035804,3.5195777,-0.96697168
52710.7865036279,3.5194991,-0.96756348
52711.7865036753,3.5191839,-0.96756348
52712.7865037228,3.5190659,-0.96637994
52713.7865037703,3.5190265,-0.96637994
52714.7865038178,3.5188689,-0.96756348
52715.7865038653,3.5187509,-0.96598547
52716.7865039128,3.5186327,-0.96697168
52717.7865039603,3.5187509,-0.96618268
52718.7865040078,3.518436,-0.96716901
52719.7865040553,3.518436,-0.96795795
52720.7865041028,3.518239,-0.96657721
52721.7865041503,3.518239,-0.96736621
52722.7865041978,3.5179241,-0.96578815
52723.7865042453,3.5180421,-0.96854974
52724.7865042928,3.5178454,-0.96716901
52725.7865043403,3.5176878,-0.96756348
52726.7865043878,3.5176878,-0.96618268
52727.7865044353,3.5174909,-0.96736621
52728.7865044828,3.5174909,-0.96677448
52729.7865045303,3.5173335,-0.96618268
52730.7865045778,3.5171759,-0.96697168
52731.7865046253,3.5170972,-0.96657721
52732.7865046728,3.5169396,-0.96697168
52733.7865047203,3.5169003,-0.96559094
52734.7865047678,3.5167823,-0.96993048
52735.7865048153,3.516664,-0.96716901
52736.7865048628,3.516546,-0.96598547
52737.7865049103,3.5165067,-0.96637994
52738.7865049578,3.5164278,-0.96618268
52739.7865050053,3.5162704,-0.96598547
52740.7865050528,3.5161521,-0.96716901
52741.7865051003,3.5159159,-0.96697168
52742.7865051478,3.5159159,-0.96736621
52743.7865051953,3.5159159,-0.96637994
52744.7865052428,3.5157585,-0.96697168
52745.7865052903,3.5156403,-0.96657721
52746.7865053378,3.5155616,-0.96657721
52747.7865053853,3.515404,-0.96697168
52748.7865054328,3.5153253,-0.96716901
52749.7865054803,3.515168,-0.96677448
52750.7865055277,3.5152466,-0.96637994
52751.7865055752,3.5150104,-0.96795795
52752.7865056227,3.5150104,-0.96795795
52753.7865056702,3.5148923,-0.96618268
52754.7865057177,3.5148134,-0.96598547
52755.7865057652,3.5146167,-0.96657721
52756.7865058127,3.5144985,-0.96716901
52757.7865058602,3.5144198,-0.96697168
52758.7865059077,3.5143805,-0.96697168
52759.7865059552,3.5143015,-0.96677448
52760.7865060027,3.5142622,-0.96637994
52761.7865060502,3.5141048,-0.96736621
52762.7865060977,3.5139866,-0.96657721
52763.7865061452,3.5139472,-0.96677448
52764.7865061927,3.5136323,-0.96697168
52765.7865062402,3.5136716,-0.96776074
52766.7865062877,3.5136323,-0.96736621
52767.7865063352,3.513514,-0.96776074
52768.7865063827,3.513396,-0.96618268
52769.7865064302,3.5133173,-0.96539368
52770.7865064777,3.513278,-0.96716901
52771.7865065252,3.5130811,-0.96559094
52772.7865065727,3.5131204,-0.96776074
52773.7865066202,3.5129235,-0.96598547
52774.7865066677,3.5128055,-0.96776074
52775.7865067152,3.5127661,-0.96894421
52776.7865067627,3.5126872,-0.96677448
52777.7865068102,3.5126085,-0.96677448
52778.7865068577,3.5125692,-0.96716901
52779.7865069052,3.5124905,-0.96559094
52780.7865069527,3.5123723,-0.96677448
52781.7865070002,3.512136,-0.96677448
52782.7865070477,3.5121756,-0.96559094
52783.7865070952,3.5120966,-0.96677448
52784.7865071427,3.5119786,-0.96618268
52785.7865071902,3.5119393,-0.96677448
52786.7865072377,3.511821,-0.96776074
52787.7865072852,3.511703,-0.96697168
52788.7865073327,3.511703,-0.96716901
52789.7865073802,3.5115061,-0.96677448
52790.7865074276,3.5113881,-0.96776074
52791.7865074751,3.5113091,-0.96697168
52792.7865075226,3.5113485,-0.96598547
52793.7865075701,3.5111911,-0.96776074
52794.7865076176,3.5110335,-0.96657721
52795.7865076651,3.5110335,-0.96716901
52796.7865077126,3.5109942,-0.96697168
52797.7865077601,3.5108762,-0.96697168
52798.7865078076,3.5108368,-0.96677448
52799.7865078551,3.5106792,-0.96736621
52800.7865079026,3.5104823,-0.96657721
52801.7865079501,3.5103643,-0.96795795
52802.7865079976,3.5104036,-0.96598547
52803.7865080451,3.5102856,-0.96677448
52804.7865080926,3.5103643,-0.96697168
52805.7865081401,3.5100887,-0.96716901
52806.7865081876,3.5099704,-0.96637994
52807.7865082351,3.5100098,-0.96637994
52808.7865082826,3.5099704,-0.96677448
52809.7865083301,3.5099704,-0.96598547
52810.7865083776,3.5098524,-0.96677448
52811.7865084251,3.5097737,-0.96598547
52812.7865084726,3.5096555,-0.96677448
52813.7865085201,3.5094585,-0.96618268
52814.7865085676,3.5094981,-0.96559094
52815.7865086151,3.5093405,-0.96854974
52816.7865086626,3.5091829,-0.96756348
52817.7865087101,3.5092618,-0.96697168
52818.7865087576,3.5091436,-0.96697168
52819.7865088051,3.5090649,-0.96776074
52820.7865088526,3.5089073,-0.96618268
52821.7865089001,3.5090256,-0.96657721
52822.7865089476,3.5087893,-0.96697168
52823.7865089951,3.5087106,-0.96598547
52824.7865090426,3.5086317,-0.96716901
52825.7865090901,3.5085924,-0.96618268
52826.7865091376,3.5083957,-0.96677448
52827.7865091851,3.5083561,-0.96657721
52828.7865092326,3.5082381,-0.96716901
52829.78650928,3.5082381,-0.96578815
52830.7865093275,3.5081594,-0.96618268
52831.786509375,3.5081594,-0.96559094
52832.7865094225,3.5079231,-0.96677448
52833.78650947,3.5080018,-0.96677448
52834.7865095175,3.5078049,-0.96716901
52835.786509565,3.5077655,-0.96716901
52836.7865096125,3.5077262,-0.96736621
52837.78650966,3.5076475,-0.96637994
52838.7865097075,3.5075686,-0.96756348
52839.786509755,3.5074899,-0.96697168
52840.7865098025,3.5074112,-0.96598547
52841.78650985,3.5073326,-0.96637994
52842.7865098975,3.507293,-0.96677448
52843.786509945,3.5072536,-0.96677448
52844.7865099925,3.5070174,-0.96637994
52845.78651004,3.5070174,-0.96736621
52846.7865100875,3.5070174,-0.96637994
52847.786510135,3.5068207,-0.96736621
52848.7865101825,3.5067813,-0.96736621
52849.78651023,3.5067813,-0.96637994
52850.7865102775,3.5066237,-0.96677448
52851.786510325,3.5065844,-0.96716901
52852.7865103725,3.5064268,-0.96697168
52853.78651042,3.5065844,-0.96677448
52854.7865104675,3.5063481,-0.96677448
52855.786510515,3.5063088,-0.96677448
52856.7865105625,3.5061119,-0.96677448
52857.78651061,3.5061905,-0.96539368
52858.7865106575,3.5060725,-0.96854974
52859.786510705,3.5060332,-0.96657721
52860.7865107525,3.5059543,-0.96598547
52861.7865108,3.5059149,-0.96657721
52862.7865108475,3.5057182,-0.96578815
52863.786510895,3.5057182,-0.96795795
52864.7865109425,3.5056,-0.96776074
52865.78651099,3.5055213,-0.96618268
52866.7865110375,3.505482,-0.96795795
52867.786511085,3.5053637,-0.96657721
52868.7865111324,3.5052457,-0.96637994
52869.7865111799,3.505403,-0.96697168
52870.7865112274,3.5052063,-0.96736621
52871.7865112749,3.5051274,-0.96815521
52872.7865113224,3.5049701,-0.96677448
52873.7865113699,3.5050094,-0.96657721
52874.7865114174,3.5048125,-0.96795795
52875.7865114649,3.5048125,-0.96598547
52876.7865115124,3.5047731,-0.96677448
52877.7865115599,3.5046945,-0.96736621
52878.7865116074,3.5046945,-0.96677448
52879.7865116549,3.5046158,-0.96736621
52880.7865117024,3.5044582,-0.96637994
52881.7865117499,3.5044188,-0.96756348
52882.7865117974,3.5043399,-0.96677448
52883.7865118449,3.5043795,-0.96657721
52884.7865118924,3.5041826,-0.96598547
52885.7865119399,3.5041432,-0.96894421
52886.7865119874,3.5039856,-0.96598547
52887.7865120349,3.5040643,-0.96578815
52888.7865120824,3.5040643,-0.96756348
52889.7865121299,3.5039463,-0.96716901
52890.7865121774,3.5038283,-0.96697168
52891.7865122249,3.5037494,-0.96657721
52892.7865122724,3.5036707,-0.96677448
52893.7865123199,3.50371,-0.96716901
52894.7865123674,3.5035527,-0.96657721
52895.7865124149,3.5035131,-0.96598547
52896.7865124624,3.5033951,-0.96637994
52897.7865125099,3.5033557,-0.96736621
52898.7865125574,3.5032771,-0.96519647
52899.7865126049,3.5031981,-0.96677448
52900.7865126524,3.5030801,-0.96578815
52901.7865126999,3.5030408,-0.96637994
52902.7865127474,3.5029225,-0.96697168
52903.7865127949,3.5028832,-0.96618268
52904.7865128424,3.5027258,-0.96677448
52905.7865128899,3.5028045,-0.96657721
52906.7865129374,3.5026469,-0.96716901
52907.7865129848,3.5027258,-0.96618268
52908.7865130323,3.5025682,-0.96835242
52909.7865130798,3.5025289,-0.96637994
52910.7865131273,3.5024107,-0.96657721
52911.7865131748,3.502332,-0.96697168
52912.7865132223,3.5022926,-0.96697168
52913.7865132698,3.5022926,-0.96637994
52914.7865133173,3.5022533,-0.96716901
52915.7865133648,3.5020564,-0.96618268
52916.7865134123,3.5018988,-0.96677448
52917.7865134598,3.5019383,-0.96697168
52918.7865135073,3.5018201,-0.96677448
52919.7865135548,3.5018594,-0.96716901
52920.7865136023,3.5017414,-0.96697168
52921.7865136498,3.5016232,-0.96637994
52922.7865136973,3.5015051,-0.96618268
52923.7865137448,3.5015051,-0.96716901
52924.7865137923,3.5014658,-0.96736621
52925.7865138398,3.5013871,-0.96697168
52926.7865138873,3.5012689,-0.96795795
52927.7865139348,3.5012689,-0.96697168
52928.7865139823,3.5011902,-0.96637994
52929.7865140298,3.5011508,-0.96736621
52930.7865140773,3.5010326,-0.96716901
52931.7865141248,3.5009933,-0.96657721
52932.7865141723,3.5008359,-0.96795795
52933.7865142198,3.5008359,-0.96657721
52934.7865142673,3.5008752,-0.96795795
52935.7865143148,3.5006783,-0.96657721
52936.7865143623,3.5005996,-0.96697168
52937.7865144098,3.5005996,-0.96716901
52938.7865144573,3.50056,-0.96697168
52939.7865145048,3.500442,-0.96657721
52940.7865145523,3.5004027,-0.96677448
52941.7865145998,3.5002844,-0.96697168
52942.7865146473,3.500324,-0.96598547
52943.7865146948,3.5001664,-0.96578815
52944.7865147423,3.5000877,-0.96657721
52945.7865147898,3.5000088,-0.96637994
52946.7865148372,3.4999695,-0.96756348
52947.7865148847,3.4998121,-0.96697168
52948.7865149322,3.4998515,-0.96657721
52949.7865149797,3.4997728,-0.96578815
52950.7865150272,3.4996545,-0.96637994
52951.7865150747,3.4995365,-0.96697168
52952.7865151222,3.4995759,-0.96578815
52953.7865151697,3.4994972,-0.96677448
52954.7865152172,3.4994972,-0.96637994
52955.7865152647,3.4993002,-0.96637994
52956.7865153122,3.499182,-0.96539368
52957.7865153597,3.4992216,-0.96618268
52958.7865154072,3.4991033,-0.96677448
52959.7865154547,3.499064,-0.96578815
52960.7865155022,3.4990246,-0.96657721
52961.7865155497,3.4989853,-0.96677448
52962.7865155972,3.4988277,-0.96657721
52963.7865156447,3.4987884,-0.96756348
52964.7865156922,3.4987884,-0.96736621
52965.7865157397,3.498749,-0.96618268
52966.7865157872,3.4985914,-0.96756348
52967.7865158347,3.4985521,-0.96618268
52968.7865158822,3.4984341,-0.96657721
52969.7865159297,3.4984734,-0.96677448
52970.7865159772,3.4982765,-0.96697168
52971.7865160247,3.4982371,-0.96618268
52972.7865160722,3.4981585,-0.96697168
52973.7865161197,3.4981585,-0.96697168
52974.7865161672,3.4980402,-0.96598547
52975.7865162147,3.4979615,-0.96657721
52976.7865162622,3.4978433,-0.96637994
52977.7865163097,3.4979222,-0.96795795
52978.7865163572,3.4978039,-0.96795795
52979.7865164047,3.4978039,-0.96657721
52980.7865164522,3.4977646,-0.96716901
52981.7865164997,3.4976072,-0.96677448
52982.7865165472,3.4975677,-0.96637994
52983.7865165947,3.4974496,-0.96618268
52984.7865166422,3.4974103,-0.96677448
52985.7865166897,3.497292,-0.96657721
52986.7865167371,3.497292,-0.96657721
52987.7865167846,3.4970953,-0.96618268
52988.7865168321,3.4971347,-0.96736621
52989.7865168796,3.4969771,-0.96677448
52990.7865169271,3.497056,-0.96677448
52991.7865169746,3.4969378,-0.96618268
52992.7865170221,3.4968197,-0.96618268
52993.7865170696,3.4968591,-0.96697168
52994.7865171171,3.4967408,-0.96677448
52995.7865171646,3.4965835,-0.96637994
52996.7865172121,3.4965045,-0.96677448
52997.7865172596,3.4965441,-0.96637994
52998.7865173071,3.4964652,-0.96697168
52999.7865173546,3.4964259,-0.96716901
53000.7865174021,3.4963078,-0.96697168
53001.7865174496,3.4961503,-0.96677448
53002.7865174971,3.4961896,-0.96637994
53003.7865175446,3.4959533,-0.96637994
53004.7865175921,3.4959533,-0.96559094
53005.7865176396,3.4959533,-0.96657721
53006.7865176871,3.495796,-0.96736621
53007.7865177346,3.4958353,-0.96677448
53008.7865177821,3.495796,-0.96677448
53009.7865178296,3.4955597,-0.96697168
53010.7865178771,3.4956777,-0.96716901
53011.7865179246,3.4955597,-0.96894421
53012.7865179721,3.4953234,-0.96578815
53013.7865180196,3.4952841,-0.96756348
53014.7865180671,3.4953628,-0.96677448
53015.7865181146,3.4952841,-0.96657721
53016.7865181621,3.4952054,-0.96677448
53017.7865182096,3.4951265,-0.96697168
53018.7865182571,3.4950478,-0.96677448
53019.7865183046,3.4950478,-0.96697168
53020.7865183521,3.4949298,-0.96677448
53021.7865183996,3.4948115,-0.96539368
53022.7865184471,3.4947329,-0.96657721
53023.7865184946,3.4946935,-0.96618268
53024.7865185421,3.4946146,-0.96756348
53025.7865185895,3.4944572,-0.96637994
53026.786518637,3.4945753,-0.96677448
53027.7865186845,3.4943786,-0.96835242
53028.786518732,3.4942997,-0.96578815
53029.7865187795,3.494339,-0.96598547
53030.786518827,3.494221,-0.96578815
53031.7865188745,3.4941423,-0.96716901
53032.786518922,3.494024,-0.96736621
53033.7865189695,3.4939847,-0.96736621
53034.786519017,3.4939847,-0.96519647
53035.7865190645,3.4938667,-0.96677448
53036.786519112,3.4937878,-0.96736621
53037.7865191595,3.4937878,-0.96637994
53038.786519207,3.4936304,-0.96677448
53039.7865192545,3.4935911,-0.96677448
53040.786519302,3.4936304,-0.96677448
53041.7865193495,3.4934728,-0.96578815
53042.786519397,3.4934335,-0.96716901
53043.7865194445,3.4933155,-0.96677448
53044.786519492,3.4931972,-0.96618268
53045.7865195395,3.4931579,-0.96657721
53046.786519587,3.4930003,-0.96697168
53047.7865196345,3.4931185,-0.96677448
53048.786519682,3.4929216,-0.96736621
53049.7865197295,3.4928036,-0.96637994
53050.786519777,3.4929216,-0.96795795
53051.7865198245,3.4927247,-0.96637994
53052.786519872,3.4926853,-0.96756348
53053.7865199195,3.4926853,-0.96697168
53054.786519967,3.4925673,-0.96716901
53055.7865200145,3.492528,-0.96697168
53056.786520062,3.492528,-0.96736621
53057.7865201095,3.4923704,-0.96697168
53058.786520157,3.492213,-0.96716901
53059.7865202045,3.492213,-0.96697168
53060.786520252,3.4920948,-0.96598547
53061.7865202995,3.4920948,-0.96854974
53062.786520347,3.4921341,-0.96716901
53063.7865203945,3.4918191,-0.96677448
53064.7865204419,3.4918191,-0.96677448
53065.7865204894,3.4917011,-0.96697168
53066.7865205369,3.4915829,-0.96716901
53067.7865205844,3.4916222,-0.96637994
53068.7865206319,3.4916618,-0.96637994
53069.7865206794,3.4913859,-0.96697168
53070.7865207269,3.4914255,-0.96618268
53071.7865207744,3.4912679,-0.96677448
53072.7865208219,3.4913073,-0.96618268
53073.7865208694,3.4912679,-0.96519647
53074.7865209169,3.4911103,-0.96736621
53075.7865209644,3.491071,-0.96578815
53076.7865210119,3.4910316,-0.96618268
53077.7865210594,3.4908743,-0.96578815
53078.7865211069,3.4908743,-0.96776074
53079.7865211544,3.4907167,-0.96677448
53080.7865212019,3.490756,-0.96677448
53081.7865212494,3.490638,-0.96716901
53082.7865212969,3.4905987,-0.96657721
53083.7865213444,3.4905198,-0.96697168
53084.7865213919,3.4904017,-0.96618268
53085.7865214394,3.4903231,-0.96657721
53086.7865214869,3.4903231,-0.96716901
53087.7865215344,3.4902835,-0.96736621
53088.7865215819,3.4902048,-0.96677448
53089.7865216294,3.4900079,-0.96736621
53090.7865216769,3.4901261,-0.96756348
53091.7865217244,3.4900079,-0.96677448
53092.7865217719,3.4899292,-0.96697168
53093.7865218194,3.4898505,-0.96657721
53094.7865218669,3.4897718,-0.96657721
53095.7865219144,3.4896536,-0.96657721
53096.7865219619,3.4896142,-0.96677448
53097.7865220094,3.4894567,-0.96815521
53098.7865220569,3.489496,-0.96677448
53099.7865221044,3.4894567,-0.96697168
53100.7865221519,3.4892204,-0.96559094
53101.7865221994,3.4892204,-0.96657721
53102.7865222469,3.489181,-0.96677448
53103.7865222943,3.4891024,-0.96736621
53104.7865223418,3.489063,-0.96539368
53105.7865223893,3.4888661,-0.96677448
53106.7865224368,3.4887874,-0.96618268
53107.7865224843,3.4886692,-0.96618268
53108.7865225318,3.4887481,-0.96637994
53109.7865225793,3.4885905,-0.96697168
53110.7865226268,3.4887087,-0.96657721
53111.7865226743,3.4884725,-0.96637994
53112.7865227218,3.4884725,-0.96677448
53113.7865227693,3.4883149,-0.96657721
53114.7865228168,3.4881968,-0.96657721
53115.7865228643,3.4882755,-0.96657721
53116.7865229118,3.4881179,-0.96598547
53117.7865229593,3.4880786,-0.96697168
53118.7865230068,3.4879999,-0.96716901
53119.7865230543,3.4879606,-0.96736621
53120.7865231018,3.487803,-0.96677448
53121.7865231493,3.4877243,-0.96598547
53122.7865231968,3.4877636,-0.96637994
53123.7865232443,3.4876456,-0.96637994
53124.7865232918,3.4875274,-0.96637994
53125.7865233393,3.4874487,-0.96618268
53126.7865233868,3.4874094,-0.96736621
53127.7865234343,3.4872911,-0.96657721
53128.7865234818,3.48737,-0.96578815
53129.7865235293,3.4871337,-0.96637994
53130.7865235768,3.4871337,-0.96618268
53131.7865236243,3.4870548,-0.96657721
53132.7865236718,3.4869368,-0.96598547
53133.7865237193,3.4868975,-0.96618268
53134.7865237668,3.4868975,-0.96795795
53135.7865238143,3.4867792,-0.96697168
53136.7865238618,3.4867399,-0.96736621
53137.7865239093,3.4866219,-0.96637994
53138.7865239568,3.4865432,-0.96598547
53139.7865240043,3.4864643,-0.96697168
53140.7865240518,3.4865432,-0.96637994
53141.7865240993,3.4863856,-0.96618268
53142.7865241468,3.4862676,-0.96677448
53143.7865241942,3.4862676,-0.96677448
53144.7865242417,3.486228,-0.96559094
53145.7865242892,3.4860706,-0.96618268
53146.7865243367,3.4860706,-0.96578815
53147.7865243842,3.485913,-0.96697168
53148.7865244317,3.4858737,-0.96578815
53149.7865244792,3.4858344,-0.96697168
53150.7865245267,3.4856374,-0.96677448
53151.7865245742,3.4855587,-0.96716901
53152.7865246217,3.4855587,-0.96578815
53153.7865246692,3.4854801,-0.96637994
53154.7865247167,3.4854012,-0.96637994
53155.7865247642,3.4854405,-0.96657721
53156.7865248117,3.4852045,-0.96657721
53157.7865248592,3.4851649,-0.96637994
53158.7865249067,3.4850862,-0.96776074
53159.7865249542,3.4849288,-0.96657721
53160.7865250017,3.4850075,-0.96657721
53161.7865250492,3.4848499,-0.96598547
53162.7865250967,3.4847713,-0.96559094
53163.7865251442,3.4848499,-0.96677448
53164.7865251917,3.4848106,-0.96578815
53165.7865252392,3.4846926,-0.96756348
53166.7865252867,3.484535,-0.96697168
53167.7865253342,3.4844563,-0.96499915
53168.7865253817,3.4842987,-0.96578815
53169.7865254292,3.484338,-0.96618268
53170.7865254767,3.4841413,-0.96657721
53171.7865255242,3.484102,-0.96716901
53172.7865255717,3.4841413,-0.96519647
53173.7865256192,3.4839838,-0.96677448
53174.7865256667,3.4839051,-0.96756348
53175.7865257142,3.4838262,-0.96677448
53176.7865257617,3.4838657,-0.96736621
53177.7865258092,3.4836688,-0.96677448
53178.7865258567,3.4837081,-0.96519647
53179.7865259042,3.4835505,-0.96657721
53180.7865259517,3.4835505,-0.96677448
53181.7865259992,3.4833932,-0.96657721
53182.7865260466,3.4833539,-0.96618268
53183.7865260941,3.4832749,-0.96598547
53184.7865261416,3.4832356,-0.96736621
53185.7865261891,3.4832749,-0.96618268
53186.7865262366,3.4830782,-0.96657721
53187.7865262841,3.4829993,-0.96618268
53188.7865263316,3.4829993,-0.96736621
53189.7865263791,3.4828813,-0.96657721
53190.7865264266,3.482842,-0.96559094
53191.7865264741,3.482842,-0.96637994
53192.7865265216,3.4827237,-0.96598547
53193.7865265691,3.482527,-0.96697168
53194.7865266166,3.4824481,-0.96697168
53195.7865266641,3.482527,-0.96657721
53196.7865267116,3.4822907,-0.96776074
53197.7865267591,3.4822514,-0.96559094
53198.7865268066,3.4822514,-0.96657721
53199.7865268541,3.4820938,-0.96637994
53200.7865269016,3.4821725,-0.96697168
53201.7865269491,3.4819362,-0.96618268
53202.7865269966,3.4819362,-0.96598547
53203.7865270441,3.4818182,-0.96756348
53204.7865270916,3.4818969,-0.96697168
53205.7865271391,3.4816606,-0.96598547
53206.7865271866,3.4816606,-0.96618268
53207.7865272341,3.4815426,-0.96835242
53208.7865272816,3.481385,-0.96776074
53209.7865273291,3.4813457,-0.96598547
53210.7865273766,3.481267,-0.96657721
53211.7865274241,3.4812276,-0.96677448
53212.7865274716,3.48107,-0.96637994
53213.7865275191,3.4810307,-0.96637994
53214.7865275666,3.4810307,-0.96618268
53215.7865276141,3.4809127,-0.96776074
53216.7865276616,3.4808338,-0.96736621
53217.7865277091,3.4807944,-0.96657721
53218.7865277566,3.4805582,-0.96677448
53219.7865278041,3.4806371,-0.96677448
53220.7865278516,3.4805977,-0.96677448
53221.786527899,3.4805188,-0.96716901
53222.7865279465,3.4804401,-0.96539368
53223.786527994,3.4803219,-0.96637994
53224.7865280415,3.4802825,-0.96618268
53225.786528089,3.4801252,-0.96736621
53226.7865281365,3.4800463,-0.96657721
53227.786528184,3.4800069,-0.96637994
53228.7865282315,3.4799676,-0.96657721
53229.786528279,3.4798496,-0.96697168
53230.7865283265,3.4798102,-0.96618268
53231.786528374,3.4797707,-0.96657721
53232.7865284215,3.479574,-0.96677448
53233.786528469,3.4796526,-0.96637994
53234.7865285165,3.479495,-0.96499915
53235.786528564,3.4794164,-0.96657721
53236.7865286115,3.4792984,-0.96874695
53237.786528659,3.479259,-0.96677448
53238.7865287065,3.4792194,-0.96618268
53239.786528754,3.4791408,-0.96539368
53240.7865288015,3.4790621,-0.96756348
53241.786528849,3.4789438,-0.96657721
53242.7865288965,3.4789045,-0.96716901
53243.786528944,3.4788651,-0.96578815
53244.7865289915,3.4787471,-0.96637994
53245.786529039,3.4786682,-0.96736621
53246.7865290865,3.4784319,-0.96776074
53247.786529134,3.4784715,-0.96756348
53248.7865291815,3.4784715,-0.96697168
53249.786529229,3.4782352,-0.96716901
53250.7865292765,3.4783139,-0.96618268
53251.786529324,3.4783926,-0.96637994
53252.7865293715,3.4781959,-0.96559094
53253.786529419,3.4780777,-0.96637994
53254.7865294665,3.478117,-0.96756348
53255.786529514,3.4778807,-0.96559094
53256.7865295615,3.4777234,-0.96657721
53257.786529609,3.4777234,-0.96618268
53258.7865296565,3.4776447,-0.96618268
53259.786529704,3.4776051,-0.96657721
53260.7865297514,3.4775264,-0.96559094
53261.7865297989,3.4774477,-0.96697168
53262.7865298464,3.4774477,-0.96776074
53263.7865298939,3.4772902,-0.96677448
53264.7865299414,3.4773295,-0.96677448
53265.7865299889,3.4771328,-0.96657721
53266.7865300364,3.4770539,-0.96598547
53267.7865300839,3.4771328,-0.96677448
53268.7865301314,3.4769359,-0.96677448
53269.7865301789,3.4768178,-0.96598547
53270.7865302264,3.4768178,-0.96716901
53271.7865302739,3.4766996,-0.96618268
53272.7865303214,3.4766603,-0.96598547
53273.7865303689,3.4765816,-0.96677448
53274.7865304164,3.4765027,-0.96677448
53275.7865304639,3.4763846,-0.96697168
53276.7865305114,3.476306,-0.96598547
53277.7865305589,3.476306,-0.96578815
53278.7865306064,3.476227,-0.96716901
53279.7865306539,3.4761484,-0.96776074
53280.7865307014,3.4759908,-0.96499915
53281.7865307489,3.4757941,-0.96716901
53282.7865307964,3.4757547,-0.96637994
53283.7865308439,3.4759121,-0.96697168
53284.7865308914,3.4757547,-0.96637994
53285.7865309389,3.4756758,-0.96578815
53286.7865309864,3.4755971,-0.96598547
53287.7865310339,3.4754791,-0.96697168
53288.7865310814,3.4754395,-0.96637994
53289.7865311289,3.4753215,-0.96736621
53290.7865311764,3.4753215,-0.96637994
53291.7865312239,3.4751639,-0.96637994
53292.7865312714,3.4750853,-0.96618268
53293.7865313189,3.4750459,-0.96657721
53294.7865313664,3.4748883,-0.96598547
53295.7865314139,3.4748096,-0.96716901
53296.7865314614,3.4747703,-0.96835242
53297.7865315089,3.474731,-0.96697168
53298.7865315564,3.4745734,-0.96716901
53299.7865316039,3.4746127,-0.96637994
53300.7865316513,3.4744554,-0.96637994
53301.7865316988,3.474416,-0.96637994
53302.7865317463,3.4743371,-0.96697168
53303.7865317938,3.4742191,-0.96618268
53304.7865318413,3.4741008,-0.96736621
53305.7865318888,3.4741404,-0.96578815
53306.7865319363,3.4740222,-0.96677448
53307.7865319838,3.4739828,-0.96618268
53308.7865320313,3.4738252,-0.96578815
53309.7865320788,3.4737859,-0.96618268
53310.7865321263,3.4737072,-0.96618268
53311.7865321738,3.4735892,-0.96637994
53312.7865322213,3.4735103,-0.96677448
53313.7865322688,3.4735103,-0.96697168
53314.7865323163,3.4733922,-0.96697168
53315.7865323638,3.4733136,-0.96716901
53316.7865324113,3.4732347,-0.96578815
53317.7865324588,3.473156,-0.96618268
53318.7865325063,3.4730773,-0.96697168
53319.7865325538,3.4730773,-0.96657721
53320.7865326013,3.4729197,-0.96657721
53321.7865326488,3.472841,-0.96736621
53322.7865326963,3.4727228,-0.96578815
53323.7865327438,3.4726048,-0.96657721
53324.7865327913,3.4726441,-0.96657721
53325.7865328388,3.4725261,-0.96598547
53326.7865328863,3.4725261,-0.96578815
53327.7865329338,3.4724472,-0.96697168
53328.7865329813,3.4724078,-0.96736621
53329.7865330288,3.4721322,-0.96677448
53330.7865330763,3.4721322,-0.96697168
53331.7865331238,3.4721322,-0.96657721
53332.7865331713,3.4719748,-0.96598547
53333.7865332188,3.4718959,-0.96559094
53334.7865332663,3.4717779,-0.96736621
53335.7865333138,3.4716992,-0.96716901
53336.7865333613,3.4716597,-0.96637994
53337.7865334088,3.4716203,-0.96637994
53338.7865334563,3.4716203,-0.96637994
53339.7865335037,3.4714236,-0.96598547
53340.7865335512,3.4715416,-0.96756348
53341.7865335987,3.4713447,-0.96716901
53342.7865336462,3.4712267,-0.96677448
53343.7865336937,3.4711084,-0.96618268
53344.7865337412,3.471148,-0.96736621
53345.7865337887,3.4709511,-0.96657721
53346.7865338362,3.4709511,-0.96657721
53347.7865338837,3.4708328,-0.96697168
53348.7865339312,3.4707148,-0.96637994
53349.7865339787,3.4706361,-0.96756348
53350.7865340262,3.4705572,-0.96637994
53351.7865340737,3.4704785,-0.96637994
53352.7865341212,3.4704392,-0.96697168
53353.7865341687,3.4705179,-0.96736621
53354.7865342162,3.4703209,-0.96618268
53355.7865342637,3.4702816,-0.96578815
53356.7865343112,3.4701636,-0.96677448
53357.7865343587,3.4701242,-0.96795795
53358.7865344062,3.4700453,-0.96716901
53359.7865344537,3.4699273,-0.96618268
53360.7865345012,3.4698486,-0.96598547
53361.7865345487,3.4697697,-0.96736621
53362.7865345962,3.4696517,-0.96618268
53363.7865346437,3.4696124,-0.96716901
53364.7865346912,3.4694548,-0.96618268
53365.7865347387,3.4694941,-0.96677448
53366.7865347862,3.4692974,-0.96618268
53367.7865348337,3.4693367,-0.96637994
53368.7865348812,3.4691398,-0.96598547
53369.7865349287,3.4690218,-0.96480194
53370.7865349762,3.4691005,-0.96657721
53371.7865350237,3.4689822,-0.96598547
53372.7865350712,3.4689822,-0.96716901
53373.7865351187,3.4689035,-0.96598547
53374.7865351662,3.4687855,-0.96756348
53375.7865352137,3.4687066,-0.96697168
53376.7865352612,3.4685493,-0.96697168
53377.7865353087,3.468431,-0.96598547
53378.7865353561,3.4684706,-0.96854974
53379.7865354036,3.468313,-0.96795795
53380.7865354511,3.468313,-0.96697168
53381.7865354986,3.4683917,-0.96697168
53382.7865355461,3.468195,-0.96637994
53383.7865355936,3.4680767,-0.96618268
53384.7865356411,3.4678404,-0.96578815
53385.7865356886,3.4678404,-0.96657721
53386.7865357361,3.4678798,-0.96578815
53387.7865357836,3.4677618,-0.96637994
53388.7865358311,3.4676831,-0.96736621
53389.7865358786,3.4674468,-0.96598547
53390.7865359261,3.4675648,-0.96637994
53391.7865359736,3.4674468,-0.96657721
53392.7865360211,3.4672892,-0.96618268
53393.7865360686,3.4673285,-0.96637994
53394.7865361161,3.4672499,-0.96598547
53395.7865361636,3.4671319,-0.96578815
53396.7865362111,3.4670923,-0.96637994
53397.7865362586,3.4669743,-0.96637994
53398.7865363061,3.4668562,-0.96578815
53399.7865363536,3.4668562,-0.96618268
53400.7865364011,3.4666593,-0.96657721
53401.7865364486,3.4665806,-0.96697168
53402.7865364961,3.4665017,-0.96578815
53403.7865365436,3.4664624,-0.96795795
53404.7865365911,3.466423,-0.96637994
53405.7865366386,3.4663444,-0.96618268
53406.7865366861,3.4662261,-0.96677448
53407.7865367336,3.4661081,-0.96578815
53408.7865367811,3.4660687,-0.96539368
53409.7865368286,3.4660294,-0.96637994
53410.7865368761,3.4659111,-0.96598547
53411.7865369236,3.4658718,-0.96618268
53412.7865369711,3.4657538,-0.96618268
53413.7865370186,3.4656355,-0.96657721
53414.7865370661,3.4656749,-0.96598547
53415.7865371136,3.4654779,-0.96657721
53416.7865371611,3.4654386,-0.96637994
53417.7865372085,3.4653993,-0.96677448
53418.786537256,3.4653599,-0.96697168
53419.7865373035,3.4652023,-0.96539368
53420.786537351,3.4652023,-0.96657721
53421.7865373985,3.4650056,-0.96578815
53422.786537446,3.4649267,-0.96598547
53423.7865374935,3.4650056,-0.96657721
53424.786537541,3.4648087,-0.96598547
53425.7865375885,3.4647694,-0.96578815
53426.786537636,3.4646511,-0.96677448
53427.7865376835,3.4645724,-0.96598547
53428.786537731,3.4645331,-0.96578815
53429.7865377785,3.4643755,-0.96539368
53430.786537826,3.4643755,-0.96618268
53431.7865378735,3.4643755,-0.96618268
53432.786537921,3.4641788,-0.96697168
53433.7865379685,3.4639819,-0.96637994
53434.786538016,3.4640212,-0.96716901
53435.7865380635,3.4640212,-0.96716901
53436.786538111,3.4638638,-0.96657721
53437.7865381585,3.4637849,-0.96697168
53438.786538206,3.4636276,-0.96677448
53439.7865382535,3.4636669,-0.96539368
53440.786538301,3.4635093,-0.96657721
53441.7865383485,3.46347,-0.96460468
53442.786538396,3.4634306,-0.96657721
53443.7865384435,3.4632337,-0.96539368
53444.786538491,3.4633124,-0.96657721
53445.7865385385,3.463155,-0.96637994
53446.786538586,3.4630764,-0.96598547
53447.7865386335,3.4630368,-0.96756348
53448.786538681,3.4630368,-0.96578815
53449.7865387285,3.4627218,-0.96657721
53450.786538776,3.4627218,-0.96598547
53451.7865388235,3.4626038,-0.96578815
53452.786538871,3.4626431,-0.96637994
53453.7865389185,3.4624856,-0.96618268
53454.786538966,3.4624462,-0.96756348
53455.7865390135,3.4623675,-0.96618268
53456.786539061,3.4621706,-0.96716901
53457.7865391084,3.4622889,-0.96618268
53458.7865391559,3.4620132,-0.96677448
53459.7865392034,3.4620526,-0.96578815
53460.7865392509,3.4618163,-0.96637994
53461.7865392984,3.4618556,-0.96697168
53462.7865393459,3.4617376,-0.96657721
53463.7865393934,3.4616981,-0.96716901
53464.7865394409,3.4616587,-0.96618268
53465.7865394884,3.461462,-0.96736621
53466.7865395359,3.4615014,-0.96657721
53467.7865395834,3.461462,-0.96716901
53468.7865396309,3.4611864,-0.96874695
53469.7865396784,3.4612257,-0.96677448
53470.7865397259,3.4610288,-0.96637994
53471.7865397734,3.4611075,-0.96677448
53472.7865398209,3.4609895,-0.96677448
53473.7865398684,3.4609501,-0.96578815
53474.7865399159,3.4608319,-0.96736621
53475.7865399634,3.4606745,-0.96677448
53476.7865400109,3.4605563,-0.96618268
53477.7865400584,3.4605563,-0.96637994
53478.7865401059,3.4605169,-0.96618268
53479.7865401534,3.4604383,-0.96776074
53480.7865402009,3.4602807,-0.96736621
53481.7865402484,3.4601233,-0.96578815
53482.7865402959,3.4601626,-0.96795795
53483.7865403434,3.460005,-0.96677448
53484.7865403909,3.460005,-0.96618268
53485.7865404384,3.4599657,-0.96578815
53486.7865404859,3.4598081,-0.96677448
53487.7865405334,3.4596901,-0.96776074
53488.7865405809,3.4597294,-0.96578815
53489.7865406284,3.4595325,-0.96637994
53490.7865406759,3.4595325,-0.96598547
53491.7865407234,3.4594932,-0.96657721
53492.7865407709,3.4594145,-0.96716901
53493.7865408184,3.4592175,-0.96716901
53494.7865408659,3.4591782,-0.96657721
53495.7865409134,3.4591389,-0.96677448
53496.7865409608,3.4591389,-0.96539368
53497.7865410083,3.4589419,-0.96519647
53498.7865410558,3.4589026,-0.96657721
53499.7865411033,3.4587452,-0.96716901
53500.7865411508,3.4587057,-0.96637994
53501.7865411983,3.4585876,-0.96677448
53502.7865412458,3.4584696,-0.96776074
53503.7865412933,3.4584301,-0.96736621
53504.7865413408,3.4582727,-0.96559094
53505.7865413883,3.4582727,-0.96618268
53506.7865414358,3.4580758,-0.96677448
53507.7865414833,3.4580364,-0.96657721
53508.7865415308,3.4579971,-0.96657721
53509.7865415783,3.4578395,-0.96618268
53510.7865416258,3.4578395,-0.96657721
53511.7865416733,3.4578788,-0.96637994
53512.7865417208,3.4576426,-0.96539368
53513.7865417683,3.4577215,-0.96657721
53514.7865418158,3.4574459,-0.96657721
53515.7865418633,3.4574065,-0.96637994
53516.7865419108,3.4574065,-0.96677448
53517.7865419583,3.4572096,-0.96697168
53518.7865420058,3.4571309,-0.96637994
53519.7865420533,3.4571702,-0.96716901
53520.7865421008,3.457052,-0.96697168
53521.7865421483,3.4569733,-0.96716901
53522.7865421958,3.4568553,-0.96657721
53523.7865422433,3.456737,-0.96618268
53524.7865422908,3.4566977,-0.96677448
53525.7865423383,3.4566584,-0.96598547
53526.7865423858,3.456619,-0.96637994
53527.7865424333,3.4563434,-0.96637994
53528.7865424808,3.4563041,-0.96637994
53529.7865425283,3.4563041,-0.96716901
53530.7865425758,3.4561858,-0.96736621
53531.7865426233,3.4560282,-0.96637994
53532.7865426708,3.4560282,-0.96637994
53533.7865427183,3.4559495,-0.96657721
53534.7865427658,3.4557922,-0.96618268
53535.7865428132,3.4558315,-0.96697168
53536.7865428607,3.4557133,-0.96697168
53537.7865429082,3.4555559,-0.96618268
53538.7865429557,3.4556346,-0.96677448
53539.7865430032,3.4553196,-0.96697168
53540.7865430507,3.455359,-0.96519647
53541.7865430982,3.455359,-0.96716901
53542.7865431457,3.4552014,-0.96815521
53543.7865431932,3.455044,-0.96578815
53544.7865432407,3.455044,-0.96657721
53545.7865432882,3.4550047,-0.96677448
53546.7865433357,3.4548078,-0.96637994
53547.7865433832,3.4548078,-0.96716901
53548.7865434307,3.4546897,-0.96598547
53549.7865434782,3.4545321,-0.96598547
53550.7865435257,3.4546502,-0.96618268
53551.7865435732,3.4544141,-0.96618268
53552.7865436207,3.4544535,-0.96618268
53553.7865436682,3.4543352,-0.96815521
53554.7865437157,3.4541383,-0.96815521
53555.7865437632,3.4540203,-0.96637994
53556.7865438107,3.4540596,-0.96657721
53557.7865438582,3.4539416,-0.96716901
53558.7865439057,3.453784,-0.96697168
53559.7865439532,3.4537446,-0.96677448
53560.7865440007,3.4536266,-0.96539368
53561.7865440482,3.453469,-0.96815521
53562.7865440957,3.4535084,-0.96697168
53563.7865441432,3.4533904,-0.96756348
53564.7865441907,3.4532721,-0.96637994
53565.7865442382,3.4532721,-0.96618268
53566.7865442857,3.4531541,-0.96776074
53567.7865443332,3.4529178,-0.96618268
53568.7865443807,3.4530754,-0.96539368
53569.7865444282,3.4529178,-0.96657721
53570.7865444757,3.4527602,-0.96657721
53571.7865445232,3.4527209,-0.96716901
53572.7865445707,3.4526815,-0.96677448
53573.7865446182,3.4526422,-0.96657721
53574.7865446656,3.4525242,-0.96578815
53575.7865447131,3.4523273,-0.96736621
53576.7865447606,3.4523666,-0.96657721
53577.7865448081,3.4522879,-0.96677448
53578.7865448556,3.452091,-0.96677448
53579.7865449031,3.4519727,-0.96539368
53580.7865449506,3.4520123,-0.96716901
53581.7865449981,3.451894,-0.96756348
53582.7865450456,3.451776,-0.96677448
53583.7865450931,3.4516971,-0.96716901
53584.7865451406,3.4516971,-0.96618268
53585.7865451881,3.4515398,-0.96618268
53586.7865452356,3.4514611,-0.96697168
53587.7865452831,3.4514611,-0.96499915
53588.7865453306,3.4513035,-0.96756348
53589.7865453781,3.4511065,-0.96618268
53590.7865454256,3.4510672,-0.96795795
53591.7865454731,3.4509885,-0.96716901
53592.7865455206,3.4510279,-0.96637994
53593.7865455681,3.4509885,-0.96559094
53594.7865456156,3.4507916,-0.96559094
53595.7865456631,3.450634,-0.96637994
53596.7865457106,3.4505553,-0.96756348
53597.7865457581,3.4504766,-0.96697168
53598.7865458056,3.4504373,-0.96854974
53599.7865458531,3.4503584,-0.96657721
53600.7865459006,3.4502404,-0.96637994
53601.7865459481,3.4500434,-0.96697168
53602.7865459956,3.4500828,-0.96657721
53603.7865460431,3.4499254,-0.96598547
53604.7865460906,3.4498861,-0.96776074
53605.7865461381,3.4497285,-0.96677448
53606.7865461856,3.4496498,-0.96697168
53607.7865462331,3.4497285,-0.96637994
53608.7865462806,3.4496105,-0.96618268
53609.7865463281,3.4494529,-0.96637994
53610.7865463756,3.4494135,-0.96736621
53611.7865464231,3.4492559,-0.96637994
53612.7865464706,3.4491379,-0.96578815
53613.786546518,3.4492166,-0.96756348
53614.7865465655,3.4491379,-0.96598547
53615.786546613,3.4489017,-0.96677448
53616.7865466605,3.448823,-0.96578815
53617.786546708,3.448823,-0.96815521
53618.7865467555,3.4487441,-0.96618268
53619.786546803,3.4485867,-0.96677448
53620.7865468505,3.448508,-0.96578815
53621.786546898,3.4483111,-0.96637994
53622.7865469455,3.4482718,-0.96677448
53623.786546993,3.4482718,-0.96598547
53624.7865470405,3.4483111,-0.96716901
53625.786547088,3.4480748,-0.96716901
53626.7865471355,3.4479961,-0.96756348
53627.786547183,3.4479568,-0.96697168
53628.7865472305,3.4479172,-0.96598547
53629.786547278,3.4477205,-0.96697168
53630.7865473255,3.4476023,-0.96637994
53631.786547373,3.4477205,-0.96519647
53632.7865474205,3.4474843,-0.96736621
53633.786547468,3.447366,-0.96657721
53634.7865475155,3.447248,-0.96598547
53635.786547563,3.447248,-0.96657721
53636.7865476105,3.447051,-0.96578815
53637.786547658,3.4470904,-0.96756348
53638.7865477055,3.446933,-0.96578815
53639.786547753,3.446933,-0.96618268
53640.7865478005,3.4467361,-0.96677448
53641.786547848,3.4466574,-0.96578815
53642.7865478955,3.4465392,-0.96697168
53643.786547943,3.4465392,-0.96716901
53644.7865479905,3.4464211,-0.96736621
53645.786548038,3.4462242,-0.96657721
53646.7865480855,3.4462636,-0.96598547
53647.786548133,3.4461849,-0.96618268
53648.7865481805,3.4461062,-0.96776074
53649.786548228,3.4459486,-0.96637994
53650.7865482755,3.4458699,-0.96677448
53651.786548323,3.4457912,-0.96894421
53652.7865483705,3.4457123,-0.96539368
53653.7865484179,3.4455943,-0.96697168
53654.7865484654,3.4455156,-0.96539368
53655.7865485129,3.4453187,-0.96618268
53656.7865485604,3.4453187,-0.96618268
53657.7865486079,3.4453187,-0.96637994
53658.7865486554,3.4451611,-0.96756348
53659.7865487029,3.4450037,-0.96637994
53660.7865487504,3.4450037,-0.96657721
53661.7865487979,3.4448068,-0.96657721
53662.7865488454,3.4447281,-0.96598547
53663.7865488929,3.4447281,-0.96598547
53664.7865489404,3.4446099,-0.96598547
53665.7865489879,3.4444129,-0.96697168
53666.7865490354,3.4444525,-0.96736621
53667.7865490829,3.4443736,-0.96776074
53668.7865491304,3.4441769,-0.96618268
53669.7865491779,3.4441769,-0.96618268
53670.7865492254,3.4440193,-0.96598547
53671.7865492729,3.4440587,-0.96657721
53672.7865493204,3.4439013,-0.96657721
53673.7865493679,3.4437044,-0.96657721
53674.7865494154,3.443665,-0.96598547
53675.7865494629,3.4436257,-0.96539368
53676.7865495104,3.4436257,-0.96637994
53677.7865495579,3.4434681,-0.96657721
53678.7865496054,3.4433894,-0.96618268
53679.7865496529,3.4432712,-0.96598547
53680.7865497004,3.4431925,-0.96657721
53681.7865497479,3.4431138,-0.96598547
53682.7865497954,3.4430349,-0.96637994
53683.7865498429,3.4429169,-0.96736621
53684.7865498904,3.4428382,-0.96598547
53685.7865499379,3.4426806,-0.96657721
53686.7865499854,3.4426019,-0.96894421
53687.7865500329,3.4424837,-0.96776074
53688.7865500804,3.4424837,-0.96697168
53689.7865501279,3.442405,-0.96716901
53690.7865501754,3.4423263,-0.96677448
53691.7865502229,3.4422474,-0.96618268
53692.7865502703,3.44209,-0.96618268
53693.7865503178,3.4419718,-0.96637994
53694.7865503653,3.4418931,-0.96716901
53695.7865504128,3.4418144,-0.96637994
53696.7865504603,3.4416568,-0.96618268
53697.7865505078,3.4416568,-0.96697168
53698.7865505553,3.4415781,-0.96539368
53699.7865506028,3.4414601,-0.96618268
53700.7865506503,3.4413812,-0.96657721
53701.7865506978,3.4413025,-0.96657721
53702.7865507453,3.4411056,-0.96578815
53703.7865507928,3.4410269,-0.96598547
53704.7865508403,3.4409087,-0.96578815
53705.7865508878,3.4408693,-0.96677448
53706.7865509353,3.4407907,-0.96697168
53707.7865509828,3.4406331,-0.96677448
53708.7865510303,3.440712,-0.96637994
53709.7865510778,3.4404364,-0.96618268
53709.7985510784,3.440515,-0.96657721
53709.8005510785,3.4405544,-0.96539368
53709.8445510806,3.4653993,0
53769.8445539304,3.476227,0
53829.8445567803,3.4785109,0
53889.8445596301,3.4794557,0
53949.8445624799,3.4801252,0
54009.8445653298,3.4804795,0
54069.8445681796,3.4809127,0
54129.8445710295,3.4811094,0
54189.8445738793,3.4812276,0
54249.8445767292,3.4813457,0
54309.844579579,3.4813063,0
54369.8445824289,3.4814246,0
54429.8445852787,3.4815819,0
54489.8445881286,3.4817002,0
54549.8445909784,3.4817395,0
54609.8445938283,3.4817002,0
54669.8445966781,3.4817395,0
54729.844599528,3.4817789,0
54789.8446023778,3.4818969,0
54849.8446052277,3.4818969,0
54909.8446080775,3.4820545,0
54969.8446109273,3.4820545,0
55029.8446137772,3.4821332,0
55089.844616627,3.4821725,0
55149.8446194769,3.4821332,0
55209.8446223267,3.4821725,0
55269.8446251766,3.4821725,0
55329.8446280264,3.4821725,0
55389.8446308763,3.4822907,0
55449.8446337261,3.4822907,0
55509.844636576,3.4822121,0
55569.8446394258,3.4822514,0
55629.8446422757,3.4822514,0
55689.8446451255,3.4822907,0
55749.8446479754,3.482527,0
55809.8446508252,3.4824088,0
55869.8446536751,3.482527,0
55929.8446565249,3.4824088,0
55989.8446593747,3.4824088,0
56049.8446622246,3.4824877,0
56109.8446650744,3.4824088,0
56169.8446679243,3.4824088,0
56229.8446707741,3.482527,0
56289.844673624,3.4823694,0
56349.8446764738,3.482645,0
56409.8446793237,3.4826057,0
56469.8446821735,3.4826057,0
56529.8446850234,3.4825664,0
56589.8446878732,3.4825664,0
56649.8446907231,3.4827633,0
56709.8446935729,3.4825664,0
56769.8446964228,3.4823694,0
56829.8446992726,3.4826844,0
56889.8447021225,3.4826057,0
56949.8447049723,3.4827633,0
57009.8447078221,3.4826844,0
57069.844710672,3.482645,0
57129.8447135218,3.4828026,0
57189.8447163717,3.482842,0
57249.8447192215,3.482842,0
57309.8827220732,3.482842,0
57309.8847220733,3.3025885,-6.5293311
57309.984722078,3.2968793,-6.5247944
57310.0847220828,3.2955012,-6.5249917
57310.1847220875,3.2943199,-6.5277529
57310.2847220923,3.293493,-6.5257808
57310.384722097,3.2924693,-6.5232158
57310.4847221018,3.291682,-6.5218354
57310.5847221065,3.2910912,-6.5226245
57310.6847221113,3.2903433,-6.5230186
57310.784722116,3.2896345,-6.5249917
57310.8847221208,3.2888076,-6.5301201
57310.9847221255,3.2884533,-6.5196655
57311.0847221303,3.2873507,-6.5346572
57311.184722135,3.2872326,-6.5228213
57311.2847221398,3.2866027,-6.5267666
57311.3847221445,3.2858939,-6.5234131
57311.4847221493,3.285382,-6.528936
57311.584722154,3.2848701,-6.5255835
57311.6847221588,3.2846735,-6.52223
57311.7847221635,3.2839646,-6.5184824
57311.8847221683,3.2838466,-6.5017153
57311.984722173,3.2825472,-6.5313037
57312.0847221778,3.2820747,-6.5350518
57312.1847221825,3.2818384,-6.5230186
57312.2847221873,3.2815628,-6.5230186
57312.384722192,3.2806966,-6.5311064
57312.4847221968,3.2803423,-6.5275557
57312.5847222015,3.2800272,-6.5253862
57312.6847222063,3.2794366,-6.5334731
57312.784722211,3.2790036,-6.5338682
57312.8847222158,3.2786884,-6.5216382
57312.9847222205,3.2782948,-6.5202573
57313.0847222253,3.277586,-6.5370239
57313.18472223,3.2776253,-6.5253862
57313.2847222348,3.2773104,-6.5182852
57313.3847222395,3.2766805,-6.5243999
57313.4847222443,3.2762866,-6.5269639
57313.584722249,3.2756567,-6.5318955
57313.6847222538,3.2755387,-6.5167065
57313.7847222585,3.2749875,-6.5352485
57313.8847222633,3.2745543,-6.5342627
57313.984722268,3.2745149,-6.5178901
57314.0847222728,3.273885,-6.5242026
57314.1847222775,3.2736094,-6.5212437
57314.2847222823,3.2729793,-6.5285425
57314.384722287,3.2727826,-6.5216382
57314.4847222918,3.2723494,-6.5247944
57314.5847222965,3.2716012,-6.5403774
57314.6847223013,3.2715619,-6.5283452
57314.784722306,3.2711682,-6.5228213
57314.8847223108,3.2708926,-6.5295283
57314.9847223155,3.2706563,-6.5277529
57315.0847223203,3.2703807,-6.5208491
57315.184722325,3.2699082,-6.5232158
57315.2847223298,3.26916,-6.5352485
57315.3847223345,3.2689631,-6.5334731
57315.4847223393,3.2688844,-6.5228213
57315.584722344,3.2684908,-6.5271611
57315.6847223488,3.2682152,-6.5267666
57315.7847223535,3.2680182,-6.5145371
57315.8847223583,3.2670732,-6.5389966
57315.984722363,3.2673488,-6.5182852
57316.0847223678,3.2668765,-6.5459004
57316.1847223725,3.2664433,-6.5283452
57316.2847223773,3.2664826,-6.5220327
57316.384722382,3.266089,-6.5212437
57316.4847223868,3.2655771,-6.5265693
57316.5847223915,3.2651832,-6.5230186
57316.6847223963,3.2649865,-6.5305146
57316.784722401,3.2652621,-6.5027017
57316.8847224058,3.2639627,-6.5131567
57316.9847224105,3.2614822,-6.6105996
57317.0847224153,3.2634902,-6.5295283
57317.18472242,3.2632146,-6.5307119
57317.2847224248,3.2632933,-6.5216382
57317.3847224295,3.2630966,-6.5157207
57317.4847224343,3.2628603,-6.5210464
57317.584722439,3.2624271,-6.5212437
57317.6847224438,3.2615216,-6.53446
57317.7847224485,3.2618365,-6.5174956
57317.8847224533,3.2613246,-6.5279502
57317.984722458,3.2611277,-6.5220327
57318.0847224628,3.2607734,-6.5236108
57318.1847224675,3.2603798,-6.5299229
57318.2847224723,3.2605371,-6.5220327
57318.384722477,3.2598679,-6.5261748
57318.4847224818,3.2593954,-6.5376157
57318.5847224865,3.2595134,-6.5257808
57318.6847224913,3.2591197,-6.5245972
57318.784722496,3.2590015,-6.5224272
57318.8847225008,3.2584503,-6.5267666
57318.9847225055,3.2583323,-6.5307119
57319.0847225103,3.2580566,-6.525189
57319.184722515,3.257781,-6.5324868
57319.2847225198,3.2577024,-6.5198628
57319.3847225245,3.2575054,-6.5257808
57319.4847225293,3.2570722,-6.5249917
57319.584722534,3.2570722,-6.5103945
57319.6847225388,3.2567179,-6.5135503
57319.7847225435,3.2565603,-6.5121699
57319.8847225483,3.2559698,-6.5311064
57319.984722553,3.2558124,-6.5180874
57320.0847225578,3.2556548,-6.5200601
57320.1847225625,3.2551823,-6.525189
57320.2847225673,3.2549067,-6.5208491
57320.384722572,3.2547493,-6.5295283
57320.4847225768,3.2542374,-6.5320923
57320.5847225815,3.2540798,-6.5372212
57320.6847225863,3.2543554,-6.509606
57320.784722591,3.2538435,-6.5216382
57320.8847225958,3.2537255,-6.5145371
57320.9847226005,3.2533712,-6.5172983
57321.0847226053,3.253135,-6.5226245
57321.18472261,3.2528594,-6.5247944
57321.2847226148,3.2536073,-6.482187
57321.3847226195,3.2522292,-6.5277529
57321.4847226243,3.2521112,-6.52223
57321.584722629,3.251678,-6.5271611
57321.6847226338,3.2519143,-6.513748
57321.7847226385,3.2513237,-6.5273584
57321.8847226433,3.2514813,-6.5084224
57321.984722648,3.2506938,-6.5214409
57322.0847226528,3.2508512,-6.5210464
57322.1847226575,3.2502606,-6.5309092
57322.2847226623,3.2502606,-6.5324868
57322.384722667,3.2502213,-6.5139453
57322.4847226718,3.2491581,-6.5334731
57322.5847226765,3.2494731,-6.5230186
57322.6847226813,3.2491975,-6.5200601
57322.784722686,3.2499456,-6.4904722
57322.8847226908,3.2479374,-6.5526069
57322.9847226955,3.2484889,-6.5176929
57323.0847227003,3.2484493,-6.5198628
57323.184722705,3.2469139,-6.5687817
57323.2847227098,3.247977,-6.5224272
57323.3847227145,3.2479374,-6.5171011
57323.4847227193,3.2473075,-6.5194688
57323.584722724,3.2473075,-6.5139453
57323.6847227287,3.2470319,-6.5228213
57323.7847227335,3.246717,-6.5249917
57323.8847227382,3.2463231,-6.5303174
57323.984722743,3.2446694,-6.5733184
57324.0847227477,3.2462051,-6.5214409
57324.1847227525,3.2473862,-6.4739028
57324.2847227572,3.24652,-6.4906694
57324.384722762,3.2456539,-6.5098032
57324.4847227667,3.2452996,-6.5182852
57324.5847227715,3.2452996,-6.5121699
57324.6847227762,3.2447484,-6.5273584
57324.784722781,3.2450633,-6.5098032
57324.8847227857,3.2441576,-6.5320923
57324.9847227905,3.2445121,-6.5135503
57325.0847227952,3.2441576,-6.5155234
57325.1847228,3.2437639,-6.5230186
57325.2847228047,3.243567,-6.5232158
57325.3847228095,3.2434883,-6.5232158
57325.4847228142,3.2434096,-6.513748
57325.584722819,3.2429371,-6.5285425
57325.6847228237,3.2422676,-6.5305146
57325.7847228285,3.2420316,-6.5238081
57325.8847228332,3.2422283,-6.5283452
57325.984722838,3.2419527,-6.5265693
57326.0847228427,3.241874,-6.5299229
57326.1847228475,3.2417164,-6.5236108
57326.2847228522,3.241559,-6.52223
57326.384722857,3.241992,-6.5013208
57326.4847228617,3.2412834,-6.5149316
57326.5847228665,3.2410471,-6.5086196
57326.6847228712,3.2405746,-6.5285425
57326.784722876,3.2404959,-6.5275557
57326.8847228807,3.2365584,-6.6595186
57326.9847228855,3.2367554,-6.6368345
57327.0847228902,3.2403777,-6.5040825
57327.184722895,3.2389209,-6.5478726
57327.2847228997,3.2392752,-6.5283452
57327.3847229045,3.2391572,-6.5326841
57327.4847229092,3.2393148,-6.513748
57327.584722914,3.2388422,-6.5243999
57327.6847229187,3.238724,-6.5220327
57327.7847229235,3.2382121,-6.5346572
57327.8847229282,3.2384877,-6.5208491
57327.984722933,3.2381728,-6.5247944
57328.0847229377,3.2376609,-6.5419551
57328.1847229425,3.2376609,-6.5299229
57328.2847229472,3.2377005,-6.5206519
57328.384722952,3.2374642,-6.5208491
57328.4847229567,3.2373066,-6.5178901
57328.5847229615,3.2368734,-6.5243999
57328.6847229662,3.2383697,-6.4604893
57328.784722971,3.2377791,-6.4819902
57328.8847229757,3.2361648,-6.5287397
57328.9847229805,3.2360466,-6.5279502
57329.0847229852,3.2360861,-6.5208491
57329.18472299,3.2359679,-6.5180874
57329.2847229947,3.2356923,-6.5220327
57329.3847229995,3.2354953,-6.5232158
57329.4847230042,3.2352591,-6.52223
57329.584723009,3.2356529,-6.4946143
57329.6847230137,3.2348654,-6.5220327
57329.7847230185,3.2342749,-6.5334731
57329.8847230232,3.2345111,-6.5111836
57329.984723028,3.2340779,-6.525189
57330.0847230327,3.2348654,-6.4865269
57330.1847230375,3.2325029,-6.5810117
57330.2847230422,3.2334874,-6.531501
57330.384723047,3.2338417,-6.5234131
57330.4847230517,3.2326999,-6.5441255
57330.5847230565,3.2325819,-6.5387988
57330.6847230612,3.2336843,-6.4946143
57330.784723066,3.2330542,-6.5094087
57330.8847230707,3.2329361,-6.5147344
57330.9847230755,3.2328575,-6.5080273
57331.0847230802,3.2325029,-6.518877
57331.184723085,3.2315974,-6.5391938
57331.2847230897,3.2319911,-6.5141426
57331.3847230945,3.2319124,-6.5109863
57331.4847230992,3.2314398,-6.5271611
57331.584723104,3.2313612,-6.5161152
57331.6847231087,3.2317944,-6.5007295
57331.7847231135,3.2311249,-6.5597085
57331.8847231182,3.2312431,-6.5058579
57331.984723123,3.2306919,-6.5169038
57332.0847231277,3.230613,-6.5297256
57332.1847231325,3.2304556,-6.5238081
57332.2847231372,3.2301407,-6.5291338
57332.384723142,3.2299831,-6.5230186
57332.4847231467,3.2299438,-6.5243999
57332.5847231515,3.2296681,-6.5242026
57332.6847231562,3.2294319,-6.5269639
57332.784723161,3.2292349,-6.5273584
57332.8847231657,3.2291563,-6.5238081
57332.9847231705,3.2289987,-6.5247944
57333.0847231752,3.228723,-6.5247944
57333.18472318,3.228802,-6.5220327
57333.2847231847,3.228605,-6.5245972
57333.3847231895,3.2283688,-6.5245972
57333.4847231942,3.2281325,-6.5255835
57333.584723199,3.2280538,-6.5238081
57333.6847232037,3.2278962,-6.5240054
57333.7847232085,3.2277389,-6.5230186
57333.8847232132,3.2275419,-6.5238081
57333.984723218,3.227345,-6.5259775
57334.0847232227,3.2271481,-6.5247944
57334.1847232275,3.226912,-6.5279502
57334.2847232322,3.2268724,-6.5238081
57334.384723237,3.2264788,-6.5303174
57334.4847232417,3.2265575,-6.5240054
57334.5847232465,3.2262032,-6.5232158
57334.6847232512,3.2262032,-6.5196655
57334.784723256,3.2259669,-6.5240054
57334.8847232607,3.2258093,-6.5257808
57334.9847232655,3.225652,-6.5238081
57335.0847232702,3.2254157,-6.5214409
57335.184723275,3.2251794,-6.5242026
57335.2847232797,3.2250221,-6.5249917
57335.3847232845,3.2249038,-6.525189
57335.4847232892,3.2239194,-6.5496484
57335.584723294,3.223959,-6.5449141
57335.6847232987,3.2244313,-6.5263721
57335.7847233035,3.2242739,-6.5232158
57335.8847233082,3.2240376,-6.5242026
57335.984723313,3.2240376,-6.5259775
57336.0847233177,3.2238801,-6.5238081
57336.1847233225,3.2236438,-6.5283452
57336.2847233272,3.2235651,-6.5236108
57336.384723332,3.2234077,-6.5255835
57336.4847233367,3.2232108,-6.5243999
57336.5847233415,3.2230532,-6.5253862
57336.6847233462,3.2229352,-6.5253862
57336.784723351,3.2225809,-6.5245972
57336.8847233557,3.2225413,-6.5259775
57336.9847233605,3.2222657,-6.5243999
57337.0847233652,3.2223051,-6.5247944
57337.18472337,3.2215571,-6.543731
57337.2847233747,3.2219508,-6.5257808
57337.3847233795,3.2217145,-6.525189
57337.4847233842,3.2217538,-6.5216382
57337.584723389,3.2214782,-6.5240054
57337.6847233937,3.2213602,-6.5255835
57337.7847233985,3.2212026,-6.5247944
57337.8847234032,3.2210453,-6.5245972
57337.984723408,3.2208483,-6.5224272
57338.0847234127,3.220691,-6.5234131
57338.1847234175,3.2204547,-6.5255835
57338.2847234222,3.2204151,-6.5243999
57338.384723427,3.2201395,-6.5271611
57338.4847234317,3.2200608,-6.5249917
57338.5847234365,3.2199035,-6.5259775
57338.6847234412,3.2199035,-6.5238081
57338.784723446,3.2195883,-6.5240054
57338.8847234507,3.2194309,-6.5243999
57338.9847234555,3.2193522,-6.5230186
57339.0847234602,3.2191947,-6.5247944
57339.184723465,3.2190766,-6.5238081
57339.2847234697,3.218919,-6.5238081
57339.3847234745,3.2187221,-6.5238081
57339.4847234792,3.2184465,-6.5247944
57339.584723484,3.2184072,-6.5226245
57339.6847234887,3.2182102,-6.5242026
57339.7847234935,3.2180135,-6.5236108
57339.8827234981,3.2180135,-6.525189
57339.9287235003,3.403543,0
57340.028723505,3.4059055,0
57340.1287235098,3.4070079,0
57340.2287235145,3.4079921,0
57340.3287235193,3.4087403,0
57340.428723524,3.4093308,0
57340.5287235288,3.409961,0
57340.6287235335,3.4105909,0
57340.7287235383,3.4110241,0
57340.828723543,3.4114571,0
57340.9287235478,3.4119689,0
57341.0287235525,3.4124808,0
57341.1287235573,3.4127564,0
57341.228723562,3.4131107,0
57341.3287235668,3.4135833,0
57341.4287235715,3.4139771,0
57341.5287235763,3.4143314,0
57341.628723581,3.4146857,0
57341.7287235858,3.414922,0
57341.8287235905,3.4153159,0
57341.9287235953,3.4155521,0
57342.0287236,3.4157882,0
57342.1287236048,3.4163001,0
57342.2287236095,3.4165363,0
57342.3287236143,3.4167726,0
57342.428723619,3.4171269,0
57342.5287236238,3.4173632,0
57342.6287236285,3.4176388,0
57342.7287236333,3.4178357,0
57342.828723638,3.4181113,0
57342.9287236428,3.4184263,0
57343.0287236475,3.4185839,0
57343.1287236523,3.4189382,0
57343.228723657,3.4191351,0
57343.3287236618,3.4192138,0
57343.4287236665,3.4195681,0
57343.5287236713,3.419647,0
57343.628723676,3.4200406,0
57343.7287236808,3.4201589,0
57343.8287236855,3.4204738,0
57343.9287236903,3.4205918,0
57344.028723695,3.4207888,0
57344.1287236998,3.4210644,0
57344.2287237045,3.4211824,0
57344.3287237093,3.421458,0
57344.428723714,3.4216549,0
57344.5287237188,3.4218912,0
57344.6287237235,3.4220488,0
57344.7287237283,3.4224031,0
57344.828723733,3.4225211,0
57344.9287237378,3.4226394,0
57345.0287237425,3.4227967,0
57345.1287237473,3.422915,0
57345.228723752,3.4231513,0
57345.3287237568,3.4234662,0
57345.4287237615,3.4236236,0
57345.5287237663,3.4237812,0
57345.628723771,3.4239388,0
57345.7287237758,3.4241748,0
57345.8287237805,3.4242144,0
57345.9287237853,3.4245293,0
57346.02872379,3.4244504,0
57346.1287237948,3.4247262,0
57346.2287237995,3.4248049,0
57346.3287238043,3.4250412,0
57346.428723809,3.4251199,0
57346.5287238138,3.4253561,0
57346.6287238185,3.4254742,0
57346.7287238233,3.4256711,0
57346.828723828,3.4257891,0
57346.9287238328,3.4259861,0
57347.0287238375,3.4262617,0
57347.1287238423,3.4261436,0
57347.228723847,3.4263403,0
57347.3287238518,3.4266555,0
57347.4287238565,3.4266162,0
57347.5287238613,3.4268129,0
57347.628723866,3.4269705,0
57347.7287238708,3.4272068,0
57347.8287238755,3.4271674,0
57347.9287238803,3.4274035,0
57348.028723885,3.4276004,0
57348.1287238898,3.4276791,0
57348.2287238945,3.4277186,0
57348.3287238993,3.4279943,0
57348.428723904,3.4281123,0
57348.5287239088,3.4281909,0
57348.6287239135,3.4284272,0
57348.7287239183,3.4284666,0
57348.828723923,3.4286242,0
57348.9287239278,3.4288211,0
57349.0287239325,3.4288604,0
57349.1287239373,3.4289391,0
57349.228723942,3.429136,0
57349.3287239468,3.4292147,0
57349.4287239515,3.4293723,0
57349.5287239563,3.4295297,0
57349.628723961,3.429569,0
57349.7287239658,3.4295297,0
57349.8287239705,3.4298053,0
57349.9287239753,3.4298446,0
57350.02872398,3.4300809,0
57350.1287239848,3.4302385,0
57350.2287239895,3.4302385,0
57350.3287239943,3.4304354,0
57350.428723999,3.4303565,0
57350.5287240038,3.4306321,0
57350.6287240085,3.430711,0
57350.7287240133,3.430829,0
57350.828724018,3.4309866,0
57350.9287240228,3.4310653,0
57351.0287240275,3.4312623,0
57351.1287240323,3.4312229,0
57351.228724037,3.4314196,0
57351.3287240418,3.4315379,0
57351.4287240465,3.4316165,0
57351.5287240513,3.4316952,0
57351.628724056,3.4318922,0
57351.7287240608,3.4318135,0
57351.8287240655,3.4320891,0
57351.9287240703,3.4322071,0
57352.028724075,3.4322071,0
57352.1287240798,3.4323254,0
57352.2287240845,3.4325616,0
57352.3287240893,3.4325221,0
57352.428724094,3.4325616,0
57352.5287240988,3.4327583,0
57352.6287241035,3.4328766,0
57352.7287241083,3.4329946,0
57352.828724113,3.4330733,0
57352.9287241178,3.4332309,0
57353.0287241225,3.4332309,0
57353.1287241273,3.4331915,0
57353.228724132,3.4332702,0
57353.3287241368,3.4333885,0
57353.4287241415,3.4335852,0
57353.5287241463,3.4336245,0
57353.628724151,3.4338214,0
57353.7287241558,3.4339397,0
57353.8287241605,3.433979,0
57353.9287241653,3.433979,0
57354.02872417,3.4341364,0
57354.1287241748,3.4342153,0
57354.2287241795,3.434294,0
57354.3287241843,3.4345303,0
57354.428724189,3.4345303,0
57354.5287241938,3.4346876,0
57354.6287241985,3.4346483,0
57354.7287242033,3.4348059,0
57354.828724208,3.4348845,0
57354.9287242128,3.4350028,0
57355.0287242175,3.4350028,0
57355.1287242223,3.4351208,0
57355.228724227,3.4351208,0
57355.3287242318,3.4352784,0
57355.4287242365,3.4353571,0
57355.5287242413,3.4354358,0
57355.628724246,3.435554,0
57355.7287242508,3.4357507,0
57355.8287242555,3.4357901,0
57355.9287242603,3.4357901,0
57356.028724265,3.435869,0
57356.1287242698,3.4359477,0
57356.2287242745,3.4360659,0
57356.3287242793,3.4361446,0
57356.428724284,3.4361053,0
57356.5287242888,3.4361839,0
57356.6287242935,3.4364202,0
57356.7287242983,3.4364202,0
57356.828724303,3.4364989,0
57356.9287243078,3.4366958,0
57357.0287243125,3.4366958,0
57357.1287243173,3.4367352,0
57357.228724322,3.4368138,0
57357.3287243268,3.4368532,0
57357.4287243315,3.4368927,0
57357.5287243363,3.4370894,0
57357.628724341,3.4371684,0
57357.7287243458,3.4372864,0
57357.8287243505,3.437247,0
57357.9287243553,3.4373257,0
57358.02872436,3.437444,0
57358.1287243648,3.437562,0
57358.2287243695,3.4376407,0
57358.3287243743,3.437562,0
57358.428724379,3.4377196,0
57358.5287243838,3.4377983,0
57358.6287243885,3.4377589,0
57358.7287243933,3.4380345,0
57358.828724398,3.4381132,0
57358.9287244027,3.4379952,0
57359.0287244075,3.4381132,0
57359.1287244122,3.4381526,0
57359.228724417,3.4381919,0
57359.3287244217,3.4384282,0
57359.4287244265,3.4383888,0
57359.5287244312,3.4385071,0
57359.628724436,3.4385464,0
57359.7287244407,3.4386644,0
57359.8287244455,3.4387038,0
57359.9287244502,3.4388614,0
57360.028724455,3.4388614,0
57360.1287244597,3.4388614,0
57360.2287244645,3.43894,0
57360.3287244692,3.4390187,0
57360.428724474,3.4390976,0
57360.5287244787,3.439137,0
57360.6287244835,3.4391763,0
57360.7287244882,3.439255,0
57360.828724493,3.4392943,0
57360.9287244977,3.4393339,0
57361.0287245025,3.4395306,0
57361.1287245072,3.4395702,0
57361.228724512,3.4394913,0
57361.3287245167,3.4397669,0
57361.4287245215,3.4397669,0
57361.5287245262,3.4397669,0
57361.628724531,3.4398458,0
57361.7287245357,3.4400032,0
57361.8287245405,3.4399245,0
57361.9287245452,3.4401214,0
57362.02872455,3.4401214,0
57362.1287245547,3.4402001,0
57362.2287245595,3.4402394,0
57362.3287245642,3.4402394,0
57362.428724569,3.440397,0
57362.5287245737,3.4404364,0
57362.6287245785,3.4404757,0
57362.7287245832,3.4404757,0
57362.828724588,3.440712,0
57362.9287245927,3.4406726,0
57363.0287245975,3.4407513,0
57363.1287246022,3.4407907,0
57363.228724607,3.4407513,0
57363.3287246117,3.4409087,0
57363.4287246165,3.4409087,0
57363.5287246212,3.4410269,0
57363.628724626,3.4410663,0
57363.7287246307,3.4411449,0
57363.8287246355,3.4412239,0
57363.9287246402,3.4412239,0
57364.028724645,3.4413025,0
57364.1287246497,3.4413812,0
57364.2287246545,3.4414601,0
57364.3287246592,3.4414601,0
57364.428724664,3.4414995,0
57364.5287246687,3.4415781,0
57364.6287246735,3.4416175,0
57364.7287246782,3.4416962,0
57364.828724683,3.4416568,0
57364.9287246877,3.4416175,0
57365.0287246925,3.4418538,0
57365.1287246972,3.4418144,0
57365.228724702,3.4419324,0
57365.3287247067,3.4420114,0
57365.4287247115,3.4419718,0
57365.5287247162,3.4419718,0
57365.628724721,3.4422474,0
57365.7287247257,3.4421294,0
57365.8287247305,3.4421687,0
57365.9287247352,3.4423263,0
57366.02872474,3.4423656,0
57366.1287247447,3.4423656,0
57366.2287247495,3.4424837,0
57366.3287247542,3.4424837,0
57366.428724759,3.442523,0
57366.5287247637,3.4426413,0
57366.6287247685,3.4426413,0
57366.7287247732,3.4426413,0
57366.828724778,3.4427986,0
57366.9287247827,3.4427986,0
57367.0287247875,3.4427986,0
57367.1287247922,3.4429169,0
57367.228724797,3.4429169,0
57367.3287248017,3.4429562,0
57367.4287248065,3.4429169,0
57367.5287248112,3.4430349,0
57367.628724816,3.4430742,0
57367.7287248207,3.4431531,0
57367.8287248255,3.4432318,0
57367.9287248302,3.4433501,0
57368.028724835,3.4432318,0
57368.1287248397,3.4433894,0
57368.2287248445,3.4433894,0
57368.3287248492,3.4434681,0
57368.428724854,3.4435468,0
57368.5287248587,3.4435468,0
57368.6287248635,3.4435468,0
57368.7287248682,3.4435861,0
57368.828724873,3.443665,0
57368.9287248777,3.4437044,0
57369.0287248825,3.4437044,0
57369.1287248872,3.443783,0
57369.228724892,3.4439013,0
57369.3287248967,3.4438617,0
57369.4287249015,3.4439406,0
57369.5287249062,3.4440587,0
57369.628724911,3.4440193,0
57369.7287249157,3.4441769,0
57369.8287249205,3.444098,0
57369.9287249252,3.4442163,0
57370.02872493,3.4442949,0
57370.1287249347,3.4442163,0
57370.2287249395,3.4443736,0
57370.3287249442,3.4441769,0
57370.428724949,3.4442949,0
57370.5287249537,3.4444129,0
57370.6287249585,3.4444129,0
57370.7287249632,3.4446099,0
57370.828724968,3.4445312,0
57370.9287249727,3.4445705,0
57371.0287249775,3.4445705,0
57371.1287249822,3.4446099,0
57371.228724987,3.4448068,0
57371.3287249917,3.4447675,0
57371.4287249965,3.4447675,0
57371.5287250012,3.4448855,0
57371.628725006,3.4448855,0
57371.7287250107,3.4448855,0
57371.8287250155,3.4449642,0
57371.9287250202,3.4450037,0
57372.028725025,3.4449642,0
57372.1287250297,3.4450431,0
57372.2287250345,3.4450824,0
57372.3287250392,3.4450037,0
57372.428725044,3.4451611,0
57372.5287250487,3.4452004,0
57372.6287250535,3.44524,0
57372.7287250582,3.4453187,0
57372.828725063,3.4452794,0
57372.9287250677,3.445358,0
57373.0287250725,3.4453974,0
57373.1287250772,3.4453974,0
57373.228725082,3.4455156,0
57373.3287250867,3.4454761,0
57373.4287250915,3.4456336,0
57373.5287250962,3.445555,0
57373.628725101,3.445673,0
57373.7287251057,3.4457912,0
57373.8287251105,3.4457123,0
57373.9287251152,3.4457517,0
57374.02872512,3.4457912,0
57374.1287251247,3.4457912,0
57374.2287251295,3.4457912,0
57374.3287251342,3.4458306,0
57374.428725139,3.4459486,0
57374.5287251437,3.4459879,0
57374.6287251485,3.4459093,0
57374.7287251532,3.4459879,0
57374.828725158,3.4460669,0
57374.9287251627,3.4461455,0
57375.0287251675,3.4461455,0
57375.1287251722,3.4461455,0
57375.228725177,3.4461455,0
57375.3287251817,3.4462636,0
57375.4287251865,3.4461849,0
57375.5287251912,3.4462636,0
57375.628725196,3.4463425,0
57375.7287252007,3.4464211,0
57375.8287252055,3.4463818,0
57375.9287252102,3.4464605,0
57376.028725215,3.4464605,0
57376.1287252197,3.4464605,0
57376.2287252245,3.4465785,0
57376.3287252292,3.4465392,0
57376.428725234,3.4465392,0
57376.5287252387,3.4466181,0
57376.6287252435,3.4466968,0
57376.7287252482,3.4468541,0
57376.828725253,3.4466574,0
57376.9287252577,3.4467361,0
57377.0287252625,3.4468148,0
57377.1287252672,3.4468541,0
57377.228725272,3.446933,0
57377.3287252767,3.446933,0
57377.4287252815,3.4469724,0
57377.5287252862,3.4470117,0
57377.628725291,3.4470904,0
57377.7287252957,3.447051,0
57377.8287253005,3.4470117,0
57377.9287253052,3.4470117,0
57378.02872531,3.4471693,0
57378.1287253147,3.4470904,0
57378.2287253195,3.447248,0
57378.3287253242,3.4472086,0
57378.4287253289,3.4472873,0
57378.5287253337,3.4472873,0
57378.6287253384,3.447248,0
57378.7287253432,3.4474056,0
57378.8287253479,3.447366,0
57378.9287253527,3.4474449,0
57379.0287253574,3.4474056,0
57379.1287253622,3.447366,0
57379.2287253669,3.4475236,0
57379.3287253717,3.4476023,0
57379.4287253764,3.4475629,0
57379.5287253812,3.4475236,0
57379.6287253859,3.4476416,0
57379.7287253907,3.4476416,0
57379.8287253954,3.4478385,0
57379.9627254018,3.5789142,0
57379.9647254019,3.5829697,4.8376143
57380.0647254067,3.5888364,4.893437
57380.1647254114,3.5899782,4.8926479
57380.2647254162,3.5908051,4.8936343
57380.3647254209,3.5913563,4.8946206
57380.4647254257,3.5922225,4.8920562
57380.5647254304,3.5925767,4.8930425
57380.6647254352,3.5931675,4.8922534
57380.7647254399,3.5937188,4.8946206
57380.8647254447,3.5941517,4.8944233
57380.9647254494,3.5945849,4.8928452
57381.0647254542,3.5951755,4.8928452
57381.1647254589,3.5956087,4.8926479
57381.2647254637,3.5960023,4.8932397
57381.3647254684,3.5964355,4.893437
57381.4647254732,3.5968685,4.8940288
57381.5647254779,3.5971835,4.8936343
57381.6647254827,3.597656,4.8932397
57381.7647254874,3.5981679,4.8932397
57381.8647254922,3.5983255,4.8932397
57381.9647254969,3.5987585,4.893437
57382.0647255017,3.5990736,4.893437
57382.1647255064,3.599546,4.8940288
57382.2647255112,3.5997822,4.8930425
57382.3647255159,3.6002154,4.8926479
57382.4647255206,3.6006091,4.8930425
57382.5647255254,3.6009636,4.8938315
57382.6647255301,3.6012785,4.8928452
57382.7647255349,3.6015542,4.8918589
57382.8647255396,3.6018691,4.8940288
57382.9647255444,3.6021841,4.8926479
57383.0647255491,3.6025777,4.8936343
57383.1647255539,3.6027746,4.8928452
57383.2647255586,3.6031291,4.8944233
57383.3647255634,3.6035228,4.8926479
57383.4647255681,3.6037984,4.8928452
57383.5647255729,3.604074,4.8938315
57383.6647255776,3.6044676,4.8936343
57383.7647255824,3.6046252,4.8936343
57383.8647255871,3.6051371,4.8922534
57383.9647255919,3.6053734,4.8942261
57384.0647255966,3.6055703,4.8936343
57384.1647256014,3.6058064,4.8928452
57384.2647256061,3.6062396,4.893437
57384.3647256109,3.6063576,4.8936343
57384.4647256156,3.6067514,4.8940288
57384.5647256204,3.6070271,4.8930425
57384.6647256251,3.607342,4.8936343
57384.7647256299,3.6074603,4.8936343
57384.8647256346,3.6078146,4.8932397
57384.9647256394,3.6081688,4.8932397
57385.0647256441,3.6084445,4.8942261
57385.1647256489,3.6086414,4.8930425
57385.2647256536,3.6089957,4.8930425
57385.3647256584,3.6092319,4.8928452
57385.4647256631,3.6095469,4.893437
57385.5647256679,3.6097832,4.893437
57385.6647256726,3.6099801,4.8936343
57385.7647256774,3.6103737,4.8932397
57385.8647256821,3.61061,4.8936343
57385.9647256869,3.6107283,4.8930425
57386.0647256916,3.6110826,4.8932397
57386.1647256964,3.6112795,4.8930425
57386.2647257011,3.6115158,4.8932397
57386.3647257059,3.6118701,4.8942261
57386.4647257106,3.6121457,4.8932397
57386.5647257154,3.6123819,4.8936343
57386.6647257201,3.6126575,4.8936343
57386.7647257249,3.6129725,4.8926479
57386.8647257296,3.6130905,4.8920562
57386.9647257344,3.6133661,4.8940288
57387.0647257391,3.6135631,4.8926479
57387.1647257439,3.6137993,4.893437
57387.2647257486,3.6140356,4.8942261
57387.3647257534,3.6143112,4.8936343
57387.4647257581,3.6145868,4.893437
57387.5647257629,3.6147444,4.8924507
57387.6647257676,3.6150987,4.8930425
57387.7647257724,3.6154137,4.893437
57387.8647257771,3.6156499,4.8928452
57387.9647257819,3.6158469,4.8930425
57388.0647257866,3.6161618,4.8936343
57388.1647257914,3.6163192,4.8948179
57388.2647257961,3.6166737,4.8938315
57388.3647258009,3.61691,4.8928452
57388.4647258056,3.617028,4.8932397
57388.5647258104,3.6172249,4.8938315
57388.6647258151,3.6176579,4.8930425
57388.7647258199,3.6177762,4.8944233
57388.8647258246,3.6179731,4.8932397
57388.9647258294,3.6182487,4.8950146
57389.0647258341,3.6184847,4.893437
57389.1647258389,3.6186817,4.8948179
57389.2647258436,3.6189179,4.893437
57389.3647258484,3.6191149,4.8928452
57389.4647258531,3.6193116,4.893437
57389.5647258579,3.6195874,4.893437
57389.6647258626,3.6199024,4.8932397
57389.7647258674,3.6199811,4.8932397
57389.8647258721,3.6203353,4.8932397
57389.9627258768,3.6204536,4.8930425
57390.0067258789,3.4818969,0
57390.1067258836,3.4805582,0
57390.2067258884,3.4799283,0
57390.3067258931,3.4792984,0
57390.4067258979,3.4787865,0
57390.5067259026,3.4784715,0
57390.6067259074,3.4782352,0
57390.7067259121,3.4779596,0
57390.8067259169,3.477684,0
57390.9067259216,3.4773295,0
57391.0067259264,3.4770935,0
57391.1067259311,3.4768178,0
57391.2067259359,3.4766603,0
57391.3067259406,3.4764633,0
57391.4067259454,3.4762664,0
57391.5067259501,3.4761484,0
57391.6067259549,3.4759908,0
57391.7067259596,3.4757941,0
57391.8067259644,3.4755971,0
57391.9067259691,3.4754002,0
57392.0067259739,3.4753215,0
57392.1067259786,3.4750853,0
57392.2067259834,3.4750459,0
57392.3067259881,3.474849,0
57392.4067259929,3.474849,0
57392.5067259976,3.4746521,0
57392.6067260024,3.4746127,0
57392.7067260071,3.4744554,0
57392.8067260119,3.4742584,0
57392.9067260166,3.4742978,0
57393.0067260214,3.4740615,0
57393.1067260261,3.4739828,0
57393.2067260309,3.4739435,0
57393.3067260356,3.4738252,0
57393.4067260404,3.4735892,0
57393.5067260451,3.4735496,0
57393.6067260499,3.4735103,0
57393.7067260546,3.4734709,0
57393.8067260594,3.4731953,0
57393.9067260641,3.4732347,0
57394.0067260689,3.473274,0
57394.1067260736,3.4730773,0
57394.2067260784,3.473038,0
57394.3067260831,3.4729197,0
57394.4067260879,3.4729197,0
57394.5067260926,3.4725654,0
57394.6067260974,3.4726441,0
57394.7067261021,3.4726834,0
57394.8067261069,3.4724472,0
57394.9067261116,3.4724078,0
57395.0067261164,3.4724078,0
57395.1067261211,3.4722898,0
57395.2067261259,3.4722109,0
57395.3067261306,3.4721322,0
57395.4067261354,3.4720535,0
57395.5067261401,3.4721322,0
57395.6067261449,3.4719748,0
57395.7067261496,3.4718959,0
57395.8067261544,3.4719748,0
57395.9067261591,3.4718566,0
57396.0067261639,3.4716992,0
57396.1067261686,3.4716992,0
57396.2067261734,3.4716597,0
57396.3067261781,3.4716597,0
57396.4067261829,3.471463,0
57396.5067261876,3.4715416,0
57396.6067261924,3.4713054,0
57396.7067261971,3.4713447,0
57396.8067262019,3.4714236,0
57396.9067262066,3.4713054,0
57397.0067262114,3.4712267,0
57397.1067262161,3.4711084,0
57397.2067262209,3.471148,0
57397.3067262256,3.4709904,0
57397.4067262304,3.4709511,0
57397.5067262351,3.4710691,0
57397.6067262399,3.4708722,0
57397.7067262446,3.4709117,0
57397.8067262494,3.4708722,0
57397.9067262541,3.4707935,0
57398.0067262589,3.4707541,0
57398.1067262636,3.4705966,0
57398.2067262684,3.4707935,0
57398.3067262731,3.4706755,0
57398.4067262779,3.4706755,0
57398.5067262826,3.4705572,0
57398.6067262874,3.4705179,0
57398.7067262921,3.4705179,0
57398.8067262969,3.4705179,0
57398.9067263016,3.4705572,0
57399.0067263064,3.4702423,0
57399.1067263111,3.4702423,0
57399.2067263159,3.4703605,0
57399.3067263206,3.4702816,0
57399.4067263254,3.4700849,0
57399.5067263301,3.4701242,0
57399.6067263349,3.4701636,0
57399.7067263396,3.4701242,0
57399.8067263444,3.4701242,0
57399.9067263491,3.4701242,0
57400.0067263538,3.4699667,0
57400.1067263586,3.4699667,0
57400.2067263633,3.4698486,0
57400.3067263681,3.4699667,0
57400.4067263728,3.4698093,0
57400.5067263776,3.4699273,0
57400.6067263823,3.469888,0
57400.7067263871,3.4698093,0
57400.8067263918,3.469691,0
57400.9067263966,3.4697304,0
57401.0067264013,3.4696517,0
57401.1067264061,3.469691,0
57401.2067264108,3.4697304,0
57401.3067264156,3.4696517,0
57401.4067264203,3.4696517,0
57401.5067264251,3.4696517,0
57401.6067264298,3.4694941,0
57401.7067264346,3.4695337,0
57401.8067264393,3.4694941,0
57401.9067264441,3.469573,0
57402.0067264488,3.4693367,0
57402.1067264536,3.4692974,0
57402.2067264583,3.4691792,0
57402.3067264631,3.4693761,0
57402.4067264678,3.4693367,0
57402.5067264726,3.4692581,0
57402.6067264773,3.4693367,0
57402.7067264821,3.4691792,0
57402.8067264868,3.4691792,0
57402.9067264916,3.4693367,0
57403.0067264963,3.4692185,0
57403.1067265011,3.4692185,0
57403.2067265058,3.4691398,0
57403.3067265106,3.4691005,0
57403.4067265153,3.4690218,0
57403.5067265201,3.4691398,0
57403.6067265248,3.4689822,0
57403.7067265296,3.4690218,0
57403.8067265343,3.4689822,0
57403.9067265391,3.4689822,0
57404.0067265438,3.4689822,0
57404.1067265486,3.4688642,0
57404.2067265533,3.4689429,0
57404.3067265581,3.4688249,0
57404.4067265628,3.4689035,0
57404.5067265676,3.4687855,0
57404.6067265723,3.4688249,0
57404.7067265771,3.4688642,0
57404.8067265818,3.4687462,0
57404.9067265866,3.4687462,0
57405.0067265913,3.4687855,0
57405.1067265961,3.4687462,0
57405.2067266008,3.4687855,0
57405.3067266056,3.4687855,0
57405.4067266103,3.4686673,0
57405.5067266151,3.4686279,0
57405.6067266198,3.4687066,0
57405.7067266246,3.4686279,0
57405.8067266293,3.4685886,0
57405.9067266341,3.4685099,0
57406.0067266388,3.4685886,0
57406.1067266436,3.4685886,0
57406.2067266483,3.4685886,0
57406.3067266531,3.4685886,0
57406.4067266578,3.4685099,0
57406.5067266626,3.4685099,0
57406.6067266673,3.468313,0
57406.7067266721,3.468431,0
57406.8067266768,3.4685099,0
57406.9067266816,3.4684706,0
57407.0067266863,3.4683523,0
57407.1067266911,3.4683917,0
57407.2067266958,3.4683523,0
57407.3067267006,3.4683917,0
57407.4067267053,3.4683523,0
57407.5067267101,3.468313,0
57407.6067267148,3.468313,0
57407.7067267196,3.4682343,0
57407.8067267243,3.4682343,0
57407.9067267291,3.468313,0
57408.0067267338,3.4682343,0
57408.1067267386,3.4682343,0
57408.2067267433,3.4681554,0
57408.3067267481,3.468313,0
57408.4067267528,3.468195,0
57408.5067267576,3.4680374,0
57408.6067267623,3.468116,0
57408.7067267671,3.468313,0
57408.8067267718,3.4681554,0
57408.9067267766,3.468116,0
57409.0067267813,3.4680374,0
57409.1067267861,3.468116,0
57409.2067267908,3.467998,0
57409.3067267956,3.4680767,0
57409.4067268003,3.467998,0
57409.5067268051,3.4679587,0
57409.6067268098,3.4680374,0
57409.7067268146,3.4680374,0
57409.8067268193,3.4679587,0
57409.9067268241,3.467998,0
57410.0067268288,3.4679193,0
57410.1067268336,3.467998,0
57410.2067268383,3.4679193,0
57410.3067268431,3.4679587,0
57410.4067268478,3.4679193,0
57410.5067268526,3.4678798,0
57410.6067268573,3.467998,0
57410.7067268621,3.4678798,0
57410.8067268668,3.4678404,0
57410.9067268716,3.4677618,0
57411.0067268763,3.4679193,0
57411.1067268811,3.4678798,0
57411.2067268858,3.4678798,0
57411.3067268906,3.4678011,0
57411.4067268953,3.4678404,0
57411.5067269001,3.4677618,0
57411.6067269048,3.4678404,0
57411.7067269096,3.4678404,0
57411.8067269143,3.4678011,0
57411.9067269191,3.4677224,0
57412.0067269238,3.4677224,0
57412.1067269286,3.4677224,0
57412.2067269333,3.4677224,0
57412.3067269381,3.4677224,0
57412.4067269428,3.4678404,0
57412.5067269476,3.4677224,0
57412.6067269523,3.4677618,0
57412.7067269571,3.4676437,0
57412.8067269618,3.4676042,0
57412.9067269666,3.4676437,0
57413.0067269713,3.4676437,0
57413.1067269761,3.4676437,0
57413.2067269808,3.4676437,0
57413.3067269856,3.4676042,0
57413.4067269903,3.4676437,0
57413.5067269951,3.4676437,0
57413.6067269998,3.4676437,0
57413.7067270046,3.4676042,0
57413.8067270093,3.4674861,0
57413.9067270141,3.4676437,0
57414.0067270188,3.4676042,0
57414.1067270236,3.4675648,0
57414.2067270283,3.4675648,0
57414.3067270331,3.4675255,0
57414.4067270378,3.4675648,0
57414.5067270426,3.4674861,0
57414.6067270473,3.4674861,0
57414.7067270521,3.4674861,0
57414.8067270568,3.4675255,0
57414.9067270616,3.4674468,0
57415.0067270663,3.4675255,0
57415.1067270711,3.4674861,0
57415.2067270758,3.4674468,0
57415.3067270806,3.4674075,0
57415.4067270853,3.4673681,0
57415.5067270901,3.4674468,0
57415.6067270948,3.4675255,0
57415.7067270996,3.4674075,0
57415.8067271043,3.4674468,0
57415.9067271091,3.4674468,0
57416.0067271138,3.4673285,0
57416.1067271186,3.4674468,0
57416.2067271233,3.4674075,0
57416.3067271281,3.4674075,0
57416.4067271328,3.4673285,0
57416.5067271376,3.4673285,0
57416.6067271423,3.4674468,0
57416.7067271471,3.4674468,0
57416.8067271518,3.4673681,0
57416.9067271566,3.4673285,0
57417.0067271613,3.4672499,0
57417.1067271661,3.4672892,0
57417.2067271708,3.4672105,0
57417.3067271756,3.4673681,0
57417.4067271803,3.4672892,0
57417.5067271851,3.4673285,0
57417.6067271898,3.4673681,0
57417.7067271946,3.4672892,0
57417.8067271993,3.4673681,0
57417.9067272041,3.4672499,0
57418.0067272088,3.4672892,0
57418.1067272136,3.4673681,0
57418.2067272183,3.4672499,0
57418.3067272231,3.4672499,0
57418.4067272278,3.4672105,0
57418.5067272326,3.4673285,0
57418.6067272373,3.4672105,0
57418.7067272421,3.4671712,0
57418.8067272468,3.4672499,0
57418.9067272516,3.4671319,0
57419.0067272563,3.4672105,0
57419.1067272611,3.4671712,0
57419.2067272658,3.4671319,0
57419.3067272706,3.4671712,0
57419.4067272753,3.4672105,0
57419.5067272801,3.4671712,0
57419.6067272848,3.4672499,0
57419.7067272895,3.4672499,0
57419.8067272943,3.4672105,0
57419.906727299,3.4670923,0
57420.0067273038,3.4671712,0
57420.1067273085,3.4672105,0
57420.2067273133,3.4671712,0
57420.306727318,3.4671712,0
57420.4067273228,3.4671712,0
57420.5067273275,3.4670136,0
57420.6067273323,3.4671712,0
57420.706727337,3.4670923,0
57420.8067273418,3.4670529,0
57420.9067273465,3.4670923,0
57421.0067273513,3.4671712,0
57421.106727356,3.4671712,0
57421.2067273608,3.4671319,0
57421.3067273655,3.4671319,0
57421.4067273703,3.4670923,0
57421.506727375,3.4670923,0
57421.6067273798,3.4671319,0
57421.7067273845,3.4670923,0
57421.8067273893,3.4670529,0
57421.906727394,3.4671319,0
57422.0067273988,3.4669349,0
57422.1067274035,3.4670923,0
57422.2067274083,3.4670529,0
57422.306727413,3.4671712,0
57422.4067274178,3.4671712,0
57422.5067274225,3.4671319,0
57422.6067274273,3.4671712,0
57422.706727432,3.4670529,0
57422.8067274368,3.4670923,0
57422.9067274415,3.4670136,0
57423.0067274463,3.4670923,0
57423.106727451,3.4671712,0
57423.2067274558,3.4670923,0
57423.3067274605,3.4668956,0
57423.4067274653,3.4669743,0
57423.50672747,3.4669743,0
57423.6067274748,3.4669349,0
57423.7067274795,3.4670529,0
57423.8067274843,3.4669349,0
57423.906727489,3.4670923,0
57424.0067274938,3.4670529,0
57424.1067274985,3.4670136,0
57424.2067275033,3.4672105,0
57424.306727508,3.4670136,0
57424.4067275128,3.4669349,0
57424.5067275175,3.4669743,0
57424.6067275223,3.4670136,0
57424.706727527,3.4668956,0
57424.8067275318,3.4669743,0
57424.9067275365,3.4669349,0
57425.0067275413,3.4669349,0
57425.106727546,3.4669349,0
57425.2067275508,3.4669349,0
57425.3067275555,3.4670529,0
57425.4067275603,3.4670136,0
57425.506727565,3.4669349,0
57425.6067275698,3.4668956,0
57425.7067275745,3.4668956,0
57425.8067275793,3.4669743,0
57425.906727584,3.4668167,0
57426.0067275888,3.4669743,0
57426.1067275935,3.4670136,0
57426.2067275983,3.4669349,0
57426.306727603,3.4668956,0
57426.4067276078,3.4669743,0
57426.5067276125,3.4669743,0
57426.6067276173,3.4670136,0
57426.706727622,3.4670136,0
57426.8067276268,3.4668167,0
57426.9067276315,3.4669349,0
57427.0067276363,3.4669349,0
57427.106727641,3.4668956,0
57427.2067276458,3.4668562,0
57427.3067276505,3.4668956,0
57427.4067276553,3.4669743,0
57427.50672766,3.4669743,0
57427.6067276648,3.4669349,0
57427.7067276695,3.4668562,0
57427.8067276743,3.4669349,0
57427.906727679,3.4668956,0
57428.0067276838,3.4670529,0
57428.1067276885,3.466738,0
57428.2067276933,3.4667773,0
57428.306727698,3.4670136,0
57428.4067277028,3.4668956,0
57428.5067277075,3.4667773,0
57428.6067277123,3.4668956,0
57428.706727717,3.4669743,0
57428.8067277218,3.4668562,0
57428.9067277265,3.4668956,0
57429.0067277313,3.4667773,0
57429.106727736,3.4669349,0
57429.2067277408,3.4668167,0
57429.3067277455,3.4669349,0
57429.4067277503,3.4668956,0
57429.506727755,3.4668167,0
57429.6067277598,3.4669349,0
57429.7067277645,3.4669349,0
57429.8067277693,3.4668167,0
57429.906727774,3.4668956,0
57430.0367277802,3.4442949,0
57430.0387277803,3.4431531,-0.95119135
57431.0387278278,3.4407513,-0.96677448
57432.0387278753,3.4399638,-0.96697168
57433.0387279228,3.439255,-0.96618268
57434.0387279703,3.4387038,-0.96677448
57435.0387280178,3.4381132,-0.96637994
57436.0387280653,3.4376407,-0.96736621
57437.0387281128,3.4371288,-0.96637994
57438.0387281603,3.4366958,-0.96697168
57439.0387282078,3.4361053,-0.96716901
57440.0387282553,3.4357901,-0.96637994
57441.0387283028,3.4353178,-0.96578815
57442.0387283503,3.4350028,-0.96618268
57443.0387283978,3.4345696,-0.96716901
57444.0387284453,3.434294,-0.96716901
57445.0387284928,3.4338214,-0.96716901
57446.0387285403,3.4336245,-0.96697168
57447.0387285878,3.4331129,-0.96716901
57448.0387286352,3.4329553,-0.96677448
57449.0387286827,3.4325221,-0.96598547
57450.0387287302,3.4322464,-0.96795795
57451.0387287777,3.4318922,-0.96657721
57452.0387288252,3.4316559,-0.96697168
57453.0387288727,3.4311047,-0.96677448
57454.0387289202,3.431026,-0.96677448
57455.0387289677,3.4306717,-0.96657721
57456.0387290152,3.4305141,-0.96657721
57457.0387290627,3.4301991,-0.96756348
57458.0387291102,3.4299235,-0.96776074
57459.0387291577,3.4296873,-0.96736621
57460.0387292052,3.429451,-0.96598547
57461.0387292527,3.4291754,-0.96697168
57462.0387293002,3.4288998,-0.96677448
57463.0387293477,3.4285848,-0.96618268
57464.0387293952,3.4284666,-0.96677448
57465.0387294427,3.4281909,-0.96578815
57466.0387294902,3.427876,-0.96677448
57467.0387295377,3.4276791,-0.96697168
57468.0387295852,3.4273641,-0.96697168
57469.0387296327,3.4272461,-0.96637994
57470.0387296802,3.4271278,-0.96657721
57471.0387297277,3.4268129,-0.96657721
57472.0387297752,3.4265766,-0.96835242
57473.0387298227,3.4263403,-0.96677448
57474.0387298702,3.4261043,-0.96618268
57475.0387299177,3.4258287,-0.96637994
57476.0387299652,3.4257498,-0.96677448
57477.0387300127,3.4255135,-0.96697168
57478.0387300602,3.4252775,-0.96637994
57479.0387301077,3.4251592,-0.96637994
57480.0387301552,3.4249623,-0.96637994
57481.0387302027,3.4247656,-0.96736621
57482.0387302502,3.4245293,-0.96657721
57483.0387302977,3.4243717,-0.96756348
57484.0387303452,3.4240961,-0.96637994
57485.0387303927,3.4239388,-0.96677448
57486.0387304402,3.4237025,-0.96716901
57487.0387304876,3.4236631,-0.96657721
57488.0387305351,3.4233875,-0.96677448
57489.0387305826,3.4232299,-0.96677448
57490.0387306301,3.4229543,-0.96637994
57491.0387306776,3.4227574,-0.96618268
57492.0387307251,3.422718,-0.96578815
57493.0387307726,3.4224424,-0.96637994
57494.0387308201,3.4223638,-0.96637994
57495.0387308676,3.4220881,-0.96559094
57496.0387309151,3.4220092,-0.96618268
57497.0387309626,3.4218125,-0.96716901
57498.0387310101,3.4216943,-0.96677448
57499.0387310576,3.421458,-0.96677448
57500.0387311051,3.4212613,-0.96578815
57501.0387311526,3.4211824,-0.96598547
57502.0387312001,3.421025,-0.96677448
57503.0387312476,3.4207888,-0.96657721
57504.0387312951,3.4207494,-0.96677448
57505.0387313426,3.4204738,-0.96637994
57506.0387313901,3.4203556,-0.96697168
57507.0387314376,3.4202375,-0.96776074
57508.0387314851,3.4200406,-0.96559094
57509.0387315326,3.4198833,-0.96618268
57510.0387315801,3.419765,-0.96657721
57511.0387316276,3.4194894,-0.96835242
57512.0387316751,3.4193714,-0.96637994
57513.0387317226,3.4192531,-0.96716901
57514.0387317701,3.4189382,-0.96697168
57515.0387318176,3.4188988,-0.96637994
57516.0387318651,3.4187412,-0.96716901
57517.0387319126,3.4186232,-0.96677448
57518.0387319601,3.418505,-0.96736621
57519.0387320076,3.4184263,-0.96637994
57520.0387320551,3.4182293,-0.96697168
57521.0387321026,3.4179933,-0.96598547
57522.0387321501,3.4179144,-0.96736621
57523.0387321976,3.417757,-0.96618268
57524.0387322451,3.4176388,-0.96539368
57525.0387322926,3.4174025,-0.96657721
57526.03873234,3.4172451,-0.96716901
57527.0387323875,3.4172451,-0.96618268
57528.038732435,3.4169695,-0.96618268
57529.0387324825,3.4168513,-0.96657721
57530.03873253,3.4166939,-0.96736621
57531.0387325775,3.416615,-0.96637994
57532.038732625,3.4165363,-0.96637994
57533.0387326725,3.4163001,-0.96736621
57534.03873272,3.4162214,-0.96598547
57535.0387327675,3.4160244,-0.96736621
57536.038732815,3.4158671,-0.96677448
57537.0387328625,3.4157882,-0.96637994
57538.03873291,3.4155915,-0.96697168
57539.0387329575,3.4155126,-0.96677448
57540.038733005,3.4153552,-0.96519647
57541.0387330525,3.4151583,-0.96578815
57542.0387331,3.4150796,-0.96677448
57543.0387331475,3.4149613,-0.96618268
57544.038733195,3.4148433,-0.96657721
57545.0387332425,3.4147646,-0.96677448
57546.03873329,3.414607,-0.96559094
57547.0387333375,3.4143314,-0.96756348
57548.038733385,3.4142528,-0.96598547
57549.0387334325,3.4142134,-0.96618268
57550.03873348,3.4140558,-0.96716901
57551.0387335275,3.4139378,-0.96657721
57552.038733575,3.4137802,-0.96716901
57553.0387336225,3.4136226,-0.96539368
57554.03873367,3.4134259,-0.96736621
57555.0387337175,3.4134653,-0.96598547
57556.038733765,3.4132683,-0.96657721
57557.0387338125,3.4130714,-0.96776074
57558.03873386,3.4130714,-0.96716901
57559.0387339075,3.4128351,-0.96716901
57560.038733955,3.4126778,-0.96657721
57561.0387340025,3.4125202,-0.96677448
57562.03873405,3.4124808,-0.96657721
57563.0387340975,3.4122446,-0.96637994
57564.038734145,3.4121265,-0.96598547
57565.0387341924,3.4119689,-0.96677448
57566.0387342399,3.4118509,-0.96618268
57567.0387342874,3.4117723,-0.96697168
57568.0387343349,3.4115753,-0.96657721
57569.0387343824,3.4114177,-0.96598547
57570.0387344299,3.4113784,-0.96736621
57571.0387344774,3.4112604,-0.96736621
57572.0387345249,3.4110634,-0.96716901
57573.0387345724,3.4110241,-0.96657721
57574.0387346199,3.4107878,-0.96776074
57575.0387346674,3.4107878,-0.96677448
57576.0387347149,3.4106302,-0.96677448
57577.0387347624,3.410394,-0.96677448
57578.0387348099,3.4103546,-0.96559094
57579.0387348574,3.4101579,-0.96618268
57580.0387349049,3.4100003,-0.96637994
57581.0387349524,3.409961,-0.96637994
57582.0387349999,3.4097641,-0.96539368
57583.0387350474,3.4097247,-0.96657721
57584.0387350949,3.4095278,-0.96637994
57585.0387351424,3.4094491,-0.96598547
57586.0387351899,3.4093308,-0.96697168
57587.0387352374,3.4091735,-0.96657721
57588.0387352849,3.4089766,-0.96618268
57589.0387353324,3.4088192,-0.96637994
57590.0387353799,3.4086616,-0.96618268
57591.0387354274,3.4087403,-0.96657721
57592.0387354749,3.4085829,-0.96657721
57593.0387355224,3.408386,-0.96618268
57594.0387355699,3.408268,-0.96657721
57595.0387356174,3.4081104,-0.96835242
57596.0387356649,3.4079921,-0.96677448
57597.0387357124,3.4078348,-0.96598547
57598.0387357599,3.4076772,-0.96776074
57599.0387358074,3.4075592,-0.96618268
57600.0387358549,3.4075198,-0.96776074
57601.0387359024,3.4074805,-0.96618268
57602.0387359499,3.4072835,-0.96677448
57603.0387359974,3.4071259,-0.96637994
57604.0387360448,3.4069293,-0.96697168
57605.0387360923,3.4068503,-0.96637994
57606.0387361398,3.406693,-0.96736621
57607.0387361873,3.4065747,-0.96657721
57608.0387362348,3.406496,-0.96795795
57609.0387362823,3.4062991,-0.96637994
57610.0387363298,3.4062204,-0.96598547
57611.0387363773,3.4061022,-0.96716901
57612.0387364248,3.4059055,-0.96677448
57613.0387364723,3.4058661,-0.96756348
57614.0387365198,3.4056299,-0.96795795
57615.0387365673,3.4056299,-0.96598547
57616.0387366148,3.4055116,-0.96776074
57617.0387366623,3.4052753,-0.96618268
57618.0387367098,3.405236,-0.96756348
57619.0387367573,3.4050393,-0.96578815
57620.0387368048,3.4048817,-0.96637994
57621.0387368523,3.4048424,-0.96578815
57622.0387368998,3.4046061,-0.96697168
57623.0387369473,3.4046061,-0.96657721
57624.0387369948,3.4044092,-0.96736621
57625.0387370423,3.4043305,-0.96677448
57626.0387370898,3.4041336,-0.96657721
57627.0387371373,3.4040549,-0.96618268
57628.0387371848,3.4038579,-0.96736621
57629.0387372323,3.4036217,-0.96598547
57630.0387372798,3.4035823,-0.96677448
57631.0387373273,3.4036217,-0.96736621
57632.0387373748,3.4033067,-0.96637994
57633.0387374223,3.4031887,-0.96618268
57634.0387374698,3.4031494,-0.96677448
57635.0387375173,3.4029524,-0.96637994
57636.0387375648,3.4029131,-0.96598547
57637.0387376123,3.4027555,-0.96637994
57638.0387376598,3.4025981,-0.96598547
57639.0387377073,3.4025586,-0.96598547
57640.0387377548,3.4024012,-0.96598547
57641.0387378023,3.4022436,-0.96795795
57642.0387378498,3.4021649,-0.96677448
57643.0387378973,3.401968,-0.96657721
57644.0387379447,3.4018106,-0.96716901
57645.0387379922,3.4016531,-0.96637994
57646.0387380397,3.4015744,-0.96618268
57647.0387380872,3.4013774,-0.96657721
57648.0387381347,3.4013381,-0.96618268
57649.0387381822,3.4012198,-0.96677448
57650.0387382297,3.4010625,-0.96559094
57651.0387382772,3.4009049,-0.96697168
57652.0387383247,3.4007082,-0.96578815
57653.0387383722,3.4006293,-0.96657721
57654.0387384197,3.4005506,-0.96756348
57655.0387384672,3.4005506,-0.96736621
57656.0387385147,3.4003537,-0.96795795
57657.0387385622,3.4001567,-0.96618268
57658.0387386097,3.3999994,-0.96618268
57659.0387386572,3.3998418,-0.96716901
57660.0387387047,3.3998024,-0.96716901
57661.0387387522,3.3996055,-0.96736621
57662.0387387997,3.3995268,-0.96657721
57663.0387388472,3.3994875,-0.96637994
57664.0387388947,3.3992512,-0.96677448
57665.0387389422,3.3992119,-0.96697168
57666.0387389897,3.3989363,-0.96756348
57667.0387390372,3.3988576,-0.96756348
57668.0387390847,3.3987393,-0.96697168
57669.0387391322,3.3986607,-0.96539368
57670.0387391797,3.3984244,-0.96697168
57671.0387392272,3.3983457,-0.96559094
57672.0387392747,3.3982668,-0.96677448
57673.0387393222,3.3981488,-0.96637994
57674.0387393697,3.3980308,-0.96736621
57675.0387394172,3.3978732,-0.96657721
57676.0387394647,3.3976762,-0.96697168
57677.0387395122,3.3975976,-0.96736621
57678.0387395597,3.3974795,-0.96677448
57679.0387396072,3.3973219,-0.96716901
57680.0387396547,3.3972433,-0.96657721
57681.0387397022,3.3970463,-0.96776074
57682.0387397497,3.3969676,-0.96618268
57683.0387397971,3.3968101,-0.96637994
57684.0387398446,3.3967707,-0.96716901
57685.0387398921,3.3965344,-0.96677448
57686.0387399396,3.3965344,-0.96697168
57687.0387399871,3.3963375,-0.96637994
57688.0387400346,3.3962195,-0.96697168
57689.0387400821,3.3961012,-0.96677448
57690.0387401296,3.3958652,-0.96677448
57691.0387401771,3.3957863,-0.96677448
57692.0387402246,3.3956683,-0.96618268
57693.0387402721,3.3956289,-0.96559094
57694.0387403196,3.3953927,-0.96815521
57695.0387403671,3.3952744,-0.96637994
57696.0387404146,3.395117,-0.96637994
57697.0387404621,3.3950384,-0.96716901
57698.0387405096,3.3949201,-0.96677448
57699.0387405571,3.3949201,-0.96716901
57700.0387406046,3.3947625,-0.96835242
57701.0387406521,3.3946052,-0.96697168
57702.0387406996,3.3944476,-0.96716901
57703.0387407471,3.3942509,-0.96716901
57704.0387407946,3.394172,-0.96657721
57705.0387408421,3.3941326,-0.96697168
57706.0387408896,3.3940146,-0.96657721
57707.0387409371,3.3937783,-0.96618268
57708.0387409846,3.3936996,-0.96637994
57709.0387410321,3.3935814,-0.96795795
57710.0387410796,3.3935027,-0.96716901
57711.0387411271,3.3933845,-0.96657721
57712.0387411746,3.3931088,-0.96657721
57713.0387412221,3.3930302,-0.96657721
57714.0387412696,3.3929121,-0.96637994
57715.0387413171,3.3927939,-0.96677448
57716.0387413646,3.3926365,-0.96559094
57717.0387414121,3.3925576,-0.96598547
57718.0387414596,3.3924396,-0.96697168
57719.0387415071,3.3923213,-0.96578815
57720.0387415546,3.3922427,-0.96618268
57721.0387416021,3.3918884,-0.96618268
57722.0387416495,3.3917701,-0.96677448
57723.038741697,3.3918884,-0.96677448
57724.0387417445,3.3916521,-0.96677448
57725.038741792,3.3915734,-0.96776074
57726.0387418395,3.3913765,-0.96539368
57727.038741887,3.3912582,-0.96795795
57728.0387419345,3.3912582,-0.96637994
57729.038741982,3.3910222,-0.96697168
57730.0387420295,3.3907859,-0.96776074
57731.038742077,3.3906677,-0.96657721
57732.0387421245,3.390707,-0.96697168
57733.038742172,3.3905497,-0.96736621
57734.0387422195,3.3903921,-0.96637994
57735.038742267,3.3903134,-0.96716901
57736.0387423145,3.3901558,-0.96637994
57737.038742362,3.3900378,-0.96677448
57738.0387424095,3.3899984,-0.96716901
57739.038742457,3.3898015,-0.96559094
57740.0387425045,3.3896441,-0.96637994
57741.038742552,3.3894079,-0.96598547
57742.0387425995,3.3894866,-0.96637994
57743.038742647,3.3892896,-0.96618268
57744.0387426945,3.3892109,-0.96618268
57745.038742742,3.3889747,-0.96657721
57746.0387427895,3.3888566,-0.96736621
57747.038742837,3.3887777,-0.96637994
57748.0387428845,3.3886991,-0.96677448
57749.038742932,3.3885021,-0.96677448
57750.0387429795,3.3883841,-0.96578815
57751.038743027,3.3882265,-0.96677448
57752.0387430745,3.3881085,-0.96776074
57753.038743122,3.3879116,-0.96677448
57754.0387431695,3.3879116,-0.96657721
57755.038743217,3.3877935,-0.96697168
57756.0387432645,3.387439,-0.96657721
57757.038743312,3.3875573,-0.96677448
57758.0387433595,3.3873603,-0.96756348
57759.038743407,3.3872027,-0.96637994
57760.0387434545,3.3869667,-0.96677448
57761.0387435019,3.3870454,-0.96598547
57762.0387435494,3.3867698,-0.96598547
57763.0387435969,3.3866911,-0.96618268
57764.0387436444,3.3866122,-0.96559094
57765.0387436919,3.3864155,-0.96618268
57766.0387437394,3.3862579,-0.96618268
57767.0387437869,3.386061,-0.96716901
57768.0387438344,3.3861003,-0.96637994
57769.0387438819,3.3858643,-0.96815521
57770.0387439294,3.3858247,-0.96637994
57771.0387439769,3.3857067,-0.96618268
57772.0387440244,3.385628,-0.96736621
57773.0387440719,3.3853917,-0.96657721
57774.0387441194,3.3853128,-0.96618268
57775.0387441669,3.3851161,-0.96637994
57776.0387442144,3.3848405,-0.96677448
57777.0387442619,3.3848798,-0.96618268
57778.0387443094,3.3847222,-0.96657721
57779.0387443569,3.3846436,-0.96697168
57780.0387444044,3.3844073,-0.96716901
57781.0387444519,3.3842499,-0.96637994
57782.0387444994,3.3842103,-0.96559094
57783.0387445469,3.384171,-0.96618268
57784.0387445944,3.3838561,-0.96657721
57785.0387446419,3.3837774,-0.96618268
57786.0387446894,3.3835804,-0.96637994
57787.0387447369,3.3835804,-0.96716901
57788.0387447844,3.3834624,-0.96677448
57789.0387448319,3.3832655,-0.96637994
57790.0387448794,3.3831472,-0.96578815
57791.0387449269,3.3830292,-0.96598547
57792.0387449744,3.3829899,-0.96697168
57793.0387450219,3.3828323,-0.96657721
57794.0387450694,3.3826356,-0.96697168
57795.0387451169,3.382478,-0.96697168
57796.0387451644,3.3823204,-0.96697168
57797.0387452119,3.3822024,-0.96736621
57798.0387452594,3.3821237,-0.96677448
57799.0387453069,3.3820055,-0.96716901
57800.0387453544,3.3818085,-0.96736621
57801.0387454018,3.3817298,-0.96716901
57802.0387454493,3.3815329,-0.96795795
57803.0387454968,3.3814542,-0.96716901
57804.0387455443,3.381218,-0.96716901
57805.0387455918,3.3811393,-0.96677448
57806.0387456393,3.3809423,-0.96598547
57807.0387456868,3.3808243,-0.96657721
57808.0387457343,3.3807456,-0.96637994
57809.0387457818,3.3805881,-0.96657721
57810.0387458293,3.3805094,-0.96578815
57811.0387458768,3.3804305,-0.96756348
57812.0387459243,3.3803124,-0.96697168
57813.0387459718,3.3801944,-0.96677448
57814.0387460193,3.3799975,-0.96677448
57815.0387460668,3.3799186,-0.96598547
57816.0387461143,3.3797219,-0.96578815
57817.0387461618,3.3795643,-0.96618268
57818.0387462093,3.3793674,-0.96716901
57819.0387462568,3.3792887,-0.96657721
57820.0387463043,3.3791707,-0.96736621
57821.0387463518,3.3790131,-0.96598547
57822.0387463993,3.3788161,-0.96598547
57823.0387464468,3.3787374,-0.96677448
57824.0387464943,3.3786194,-0.96618268
57825.0387465418,3.3786194,-0.96578815
57826.0387465893,3.3783042,-0.96697168
57827.0387466368,3.3781469,-0.96677448
57828.0387466843,3.3781075,-0.96835242
57829.0387467318,3.3779106,-0.96815521
57830.0387467793,3.3777926,-0.96716901
57831.0387468268,3.3776743,-0.96776074
57832.0387468743,3.3775957,-0.96657721
57833.0387469218,3.3773594,-0.96637994
57834.0387469693,3.3772414,-0.96716901
57835.0387470168,3.3770051,-0.96736621
57836.0387470643,3.3769658,-0.96776074
57837.0387471118,3.3768475,-0.96776074
57838.0387471593,3.3767688,-0.96618268
57839.0387472068,3.3765719,-0.96637994
57840.0387472542,3.3764932,-0.96736621
57841.0387473017,3.3763356,-0.96657721
57842.0387473492,3.3761387,-0.96736621
57843.0387473967,3.37606,-0.96677448
57844.0387474442,3.3758237,-0.96618268
57845.0387474917,3.3757057,-0.96637994
57846.0387475392,3.375627,-0.96637994
57847.0387475867,3.3755088,-0.96677448
57848.0387476342,3.3753908,-0.96637994
57849.0387476817,3.3751938,-0.96736621
57850.0387477292,3.3751152,-0.96657721
57851.0387477767,3.3748789,-0.96677448
57852.0387478242,3.3748395,-0.96598547
57853.0387478717,3.3747606,-0.96697168
57854.0387479192,3.3745639,-0.96716901
57855.0387479667,3.3744457,-0.96618268
57856.0387480142,3.3741701,-0.96539368
57857.0387480617,3.3741307,-0.96776074
57858.0387481092,3.3740127,-0.96677448
57859.0387481567,3.3738158,-0.96697168
57860.0387482042,3.3736582,-0.96716901
57861.0387482517,3.3735008,-0.96657721
57862.0387482992,3.3733826,-0.96618268
57863.0387483467,3.3733432,-0.96716901
57864.0387483942,3.3731463,-0.96697168
57865.0387484417,3.3729889,-0.96677448
57866.0387484892,3.3729889,-0.96637994
57867.0387485367,3.372792,-0.96618268
57868.0387485842,3.372674,-0.96716901
57869.0387486317,3.3725164,-0.96677448
57870.0387486792,3.3723588,-0.96677448
57871.0387487267,3.3721621,-0.96697168
57872.0387487742,3.3720438,-0.96657721
57873.0387488217,3.3719258,-0.96677448
57874.0387488692,3.3718472,-0.96598547
57875.0387489167,3.3716896,-0.96618268
57876.0387489642,3.3715715,-0.96578815
57877.0387490117,3.3713746,-0.96618268
57878.0387490592,3.371217,-0.96598547
57879.0387491066,3.3711383,-0.96618268
57880.0387491541,3.3710203,-0.96697168
57881.0387492016,3.370784,-0.96795795
57882.0387492491,3.3706658,-0.96716901
57883.0387492966,3.3706658,-0.96657721
57884.0387493441,3.3704689,-0.96618268
57885.0387493916,3.3702722,-0.96578815
57886.0387494391,3.3701146,-0.96657721
57887.0387494866,3.3700359,-0.96677448
57888.0387495341,3.3697209,-0.96618268
57889.0387495816,3.369839,-0.96618268
57890.0387496291,3.369642,-0.96519647
57891.0387496766,3.3695633,-0.96677448
57892.0387497241,3.3693664,-0.96618268
57893.0387497716,3.3691697,-0.96677448
57894.0387498191,3.3691304,-0.96637994
57895.0387498666,3.3689334,-0.96657721
57896.0387499141,3.3688152,-0.96578815
57897.0387499616,3.3686972,-0.96637994
57898.0387500091,3.3685396,-0.96578815
57899.0387500566,3.3684216,-0.96618268
57900.0387501041,3.3683822,-0.96716901
57901.0387501516,3.3682246,-0.96795795
57902.0387501991,3.3680673,-0.96756348
57903.0387502466,3.367831,-0.96677448
57904.0387502941,3.367831,-0.96657721
57905.0387503416,3.3676341,-0.96736621
57906.0387503891,3.367516,-0.96736621
57907.0387504366,3.3673978,-0.96598547
57908.0387504841,3.3672404,-0.96716901
57909.0387505316,3.3672009,-0.96657721
57910.0387505791,3.3669646,-0.96637994
57911.0387506266,3.3668859,-0.96716901
57912.0387506741,3.3667285,-0.96657721
57913.0387507216,3.3666103,-0.96697168
57914.0387507691,3.3665316,-0.96756348
57915.0387508166,3.3664134,-0.96677448
57916.0387508641,3.366256,-0.96578815
57917.0387509116,3.3661377,-0.96835242
57918.038750959,3.3659804,-0.96795795
57919.0387510065,3.365941,-0.96677448
57920.038751054,3.3658228,-0.96618268
57921.0387511015,3.3655865,-0.96716901
57922.038751149,3.3655078,-0.96716901
57923.0387511965,3.3653109,-0.96618268
57924.038751244,3.3652716,-0.96815521
57925.0387512915,3.3651142,-0.96657721
57926.038751339,3.3650353,-0.96677448
57927.0387513865,3.3649566,-0.96657721
57928.038751434,3.3647597,-0.96657721
57929.0387514815,3.364563,-0.96756348
57930.038751529,3.364563,-0.96618268
57931.0387515765,3.3644841,-0.96677448
57932.038751624,3.3643267,-0.96697168
57933.0387516715,3.3640904,-0.96854974
57934.038751719,3.3640904,-0.96657721
57935.0387517665,3.3639328,-0.96637994
57936.038751814,3.3638542,-0.96815521
57937.0387518615,3.3637755,-0.96637994
57938.038751909,3.3635786,-0.96815521
57939.0387519565,3.363421,-0.96637994
57940.038752004,3.3634999,-0.96677448
57941.0387520515,3.3633816,-0.96618268
57942.038752099,3.3631454,-0.96776074
57943.0387521465,3.3630273,-0.96677448
57944.038752194,3.3629091,-0.96618268
57945.0387522415,3.3628304,-0.96697168
57946.038752289,3.3627517,-0.96677448
57947.0387523365,3.3626335,-0.96657721
57948.038752384,3.3625154,-0.96618268
57949.0387524315,3.3623579,-0.96697168
57950.038752479,3.3623185,-0.96657721
57951.0387525265,3.3622398,-0.96637994
57952.038752574,3.3620822,-0.96618268
57953.0387526215,3.3619249,-0.96716901
57954.038752669,3.3618462,-0.96677448
57955.0387527165,3.361728,-0.96499915
57956.038752764,3.361728,-0.96677448
57957.0387528115,3.361531,-0.96677448
57958.0387528589,3.361413,-0.96637994
57959.0387529064,3.3612947,-0.96776074
57960.0387529539,3.3612554,-0.96677448
57961.0387530014,3.3610981,-0.96598547
57962.0387530489,3.3610981,-0.96756348
57963.0387530964,3.3608618,-0.96874695
57964.0387531439,3.3609011,-0.96697168
57965.0387531914,3.3607042,-0.96894421
57966.0387532389,3.3605862,-0.96598547
57967.0387532864,3.3605468,-0.96776074
57968.0387533339,3.3604286,-0.96697168
57969.0387533814,3.3603892,-0.96618268
57970.0387534289,3.3602319,-0.96835242
57971.0387534764,3.3601923,-0.96618268
57972.0387535239,3.3601136,-0.96736621
57973.0387535714,3.3599563,-0.96677448
57974.0387536189,3.3599563,-0.96697168
57975.0387536664,3.3597593,-0.96716901
57976.0387537139,3.3595624,-0.96618268
57977.0387537614,3.3594837,-0.96559094
57978.0387538089,3.3594444,-0.96677448
57979.0387538564,3.3592868,-0.96598547
57980.0387539039,3.3594444,-0.96578815
57981.0387539514,3.3592868,-0.96559094
57982.0387539989,3.3590899,-0.96736621
57983.0387540464,3.3590112,-0.96697168
57984.0387540939,3.3588932,-0.96657721
57985.0387541414,3.3588536,-0.96874695
57986.0387541889,3.3588536,-0.96815521
57987.0387542364,3.3587749,-0.96756348
57988.0387542839,3.3584993,-0.96657721
57989.0387543314,3.3584993,-0.96697168
57990.0387543789,3.3583813,-0.96677448
57991.0387544264,3.3582237,-0.96618268
57992.0387544739,3.358145,-0.96539368
57993.0387545214,3.358145,-0.96637994
57994.0387545689,3.3580663,-0.96559094
57995.0387546164,3.3579481,-0.96697168
57996.0387546639,3.3579087,-0.96539368
57997.0387547113,3.35783,-0.96598547
57998.0387547588,3.3577118,-0.96657721
57999.0387548063,3.3577118,-0.96637994
58000.0387548538,3.3576725,-0.96697168
58001.0387549013,3.3575544,-0.96697168
58002.0387549488,3.3573575,-0.96716901
58003.0387549963,3.3573575,-0.96618268
58004.0387550438,3.3571606,-0.96697168
58005.0387550913,3.3570426,-0.96598547
58006.0387551388,3.3570426,-0.96657721
58007.0387551863,3.3569243,-0.96657721
58008.0387552338,3.3569243,-0.96697168
58009.0387552813,3.3567669,-0.96736621
58010.0387553288,3.3566093,-0.96716901
58011.0387553763,3.356688,-0.96657721
58012.0387554238,3.35657,-0.96716901
58013.0387554713,3.3564913,-0.96618268
58014.0387555188,3.3564913,-0.96657721
58015.0387555663,3.3564124,-0.96657721
58016.0387556138,3.3563337,-0.96697168
58017.0387556613,3.3562551,-0.96677448
58018.0387557088,3.3561368,-0.96756348
58019.0387557563,3.3560975,-0.96618268
58020.0387558038,3.3559005,-0.96835242
58021.0387558513,3.3557432,-0.96598547
58022.0387558988,3.3556645,-0.96716901
58023.0387559463,3.3557825,-0.96637994
58024.0387559938,3.3556249,-0.96657721
58025.0387560413,3.3555856,-0.96697168
58026.0387560888,3.3555069,-0.96677448
58027.0387561363,3.3553889,-0.96637994
58028.0387561838,3.3553889,-0.96637994
58029.0387562313,3.3552313,-0.96677448
58030.0387562788,3.3551919,-0.96756348
58031.0387563263,3.3550737,-0.96697168
58032.0387563738,3.3549557,-0.96835242
58033.0387564213,3.3549163,-0.96657721
58034.0387564688,3.354877,-0.96637994
58035.0387565163,3.3547981,-0.96756348
58036.0387565637,3.3547587,-0.96677448
58037.0387566112,3.3546014,-0.96697168
58038.0387566587,3.3545225,-0.96657721
58039.0387567062,3.3545225,-0.96657721
58040.0387567537,3.3543651,-0.96618268
58041.0387568012,3.3542864,-0.96637994
58042.0387568487,3.3542864,-0.96677448
58043.0387568962,3.3542864,-0.96598547
58044.0387569437,3.3541682,-0.96697168
58045.0387569912,3.3539712,-0.96519647
58046.0387570387,3.3539712,-0.96618268
58047.0387570862,3.3538926,-0.96756348
58048.0387571337,3.3538926,-0.96697168
58049.0387571812,3.3536956,-0.96657721
58050.0387572287,3.3535776,-0.96657721
58051.0387572762,3.353617,-0.96598547
58052.0387573237,3.353617,-0.96499915
58053.0387573712,3.35342,-0.96657721
58054.0387574187,3.3534594,-0.96598547
58055.0387574662,3.3533413,-0.96677448
58056.0387575137,3.353302,-0.96618268
58057.0387575612,3.3531051,-0.96618268
58058.0387576087,3.3532233,-0.96519647
58059.0387576562,3.3529477,-0.96578815
58060.0387577037,3.3529477,-0.96598547
58061.0387577512,3.3529871,-0.96578815
58062.0387577987,3.3528295,-0.96677448
58063.0387578462,3.3527508,-0.96657721
58064.0387578937,3.3527508,-0.96677448
58065.0387579412,3.3525145,-0.96756348
58066.0387579887,3.3524752,-0.96657721
58067.0387580362,3.3523965,-0.96697168
58068.0387580837,3.3523176,-0.96618268
58069.0387581312,3.3522782,-0.96677448
58070.0387581787,3.3522782,-0.96618268
58071.0387582262,3.3522389,-0.96578815
58072.0387582737,3.3520813,-0.96637994
58073.0387583212,3.3519633,-0.96637994
58074.0387583687,3.3518846,-0.96618268
58075.0387584161,3.351845,-0.96578815
58076.0387584636,3.3516877,-0.96677448
58077.0387585111,3.3517663,-0.96756348
58078.0387585586,3.3517663,-0.96637994
58079.0387586061,3.351609,-0.96677448
58080.0387586536,3.3515301,-0.96716901
58081.0387587011,3.3513727,-0.96677448
58082.0387587486,3.3513334,-0.96637994
58083.0387587961,3.3512938,-0.96618268
58084.0387588436,3.3512545,-0.96677448
58085.0387588911,3.3511758,-0.96677448
58086.0387589386,3.3510971,-0.96578815
58087.0387589861,3.3509789,-0.96598547
58088.0387590336,3.3509789,-0.96618268
58089.0387590811,3.3508215,-0.96677448
58090.0387591286,3.3508215,-0.96756348
58091.0387591761,3.3507426,-0.96657721
58092.0387592236,3.3506639,-0.96677448
58093.0387592711,3.3506246,-0.96716901
58094.0387593186,3.3504276,-0.96578815
58095.0387593661,3.3505065,-0.96499915
58096.0387594136,3.3503883,-0.96578815
58097.0387594611,3.3503489,-0.96697168
58098.0387595086,3.3502307,-0.96637994
58099.0387595561,3.3501127,-0.96618268
58100.0387596036,3.3500733,-0.96697168
58101.0387596511,3.3499551,-0.96756348
58102.0387596986,3.3498371,-0.96539368
58103.0387597461,3.3497977,-0.96618268
58104.0387597936,3.3498371,-0.96637994
58105.0387598411,3.3496401,-0.96559094
58106.0387598886,3.3496795,-0.96637994
58107.0387599361,3.3496008,-0.96618268
58108.0387599836,3.3495615,-0.96539368
58109.0387600311,3.3493645,-0.96578815
58110.0387600786,3.3494039,-0.96618268
58111.0387601261,3.3492072,-0.96578815
58112.0387601736,3.3492858,-0.96716901
58113.0387602211,3.3491678,-0.96736621
58114.0387602686,3.3490496,-0.96637994
58115.038760316,3.3490102,-0.96618268
58116.0387603635,3.3490496,-0.96618268
58117.038760411,3.3488133,-0.96618268
58118.0387604585,3.3488133,-0.96578815
58119.038760506,3.348774,-0.96657721
58120.0387605535,3.348774,-0.96677448
58121.038760601,3.3486164,-0.96598547
58122.0387606485,3.3485377,-0.96697168
58123.038760696,3.3485377,-0.96578815
58124.0387607435,3.3484983,-0.96598547
58125.038760791,3.3481834,-0.96657721
58126.0387608385,3.3483014,-0.96637994
58127.038760886,3.3481834,-0.96637994
58128.0387609335,3.3480651,-0.96657721
58129.038760981,3.3479471,-0.96618268
58130.0387610285,3.3478684,-0.96598547
58131.038761076,3.3479471,-0.96697168
58132.0387611235,3.3477895,-0.96697168
58133.038761171,3.3476715,-0.96657721
58134.0387612185,3.3476715,-0.96559094
58135.038761266,3.3475928,-0.96697168
58136.0387613135,3.3474352,-0.96736621
58137.038761361,3.3474352,-0.96618268
58138.0387614085,3.3473959,-0.96618268
58139.038761456,3.3472779,-0.96677448
58140.0387615035,3.347199,-0.96697168
58141.038761551,3.3471203,-0.96697168
58142.0387615985,3.3470023,-0.96559094
58143.038761646,3.3470416,-0.96716901
58144.0387616935,3.3470023,-0.96677448
58145.038761741,3.3468447,-0.96559094
58146.0387617885,3.3467264,-0.96539368
58147.038761836,3.3467264,-0.96578815
58148.0387618835,3.3466084,-0.96578815
58149.038761931,3.3465691,-0.96657721
58150.0387619785,3.3465691,-0.96559094
58151.038762026,3.3464904,-0.96677448
58152.0387620735,3.3462934,-0.96736621
58153.038762121,3.3462541,-0.96697168
58154.0387621684,3.3462148,-0.96559094
58155.0387622159,3.3461359,-0.96578815
58156.0387622634,3.3461359,-0.96815521
58157.0387623109,3.3459392,-0.96618268
58158.0387623584,3.3460178,-0.96776074
58159.0387624059,3.3457816,-0.96618268
58160.0387624534,3.3457816,-0.96716901
58161.0387625009,3.3456635,-0.96519647
58162.0387625484,3.3456635,-0.96795795
58163.0387625959,3.345506,-0.96578815
58164.0387626434,3.3453879,-0.96657721
58165.0387626909,3.3454273,-0.96697168
58166.0387627384,3.345309,-0.96618268
58167.0387627859,3.345191,-0.96697168
58168.0387628334,3.3452697,-0.96657721
58169.0387628809,3.3451123,-0.96657721
58170.0387629284,3.3451517,-0.96657721
58171.0387629759,3.3449547,-0.96578815
58172.0387630234,3.3449547,-0.96657721
58173.0387630709,3.3447578,-0.96578815
58174.0387631184,3.3446791,-0.96598547
58175.0387631659,3.3446398,-0.96657721
58176.0387632134,3.3447185,-0.96657721
58177.0387632609,3.3446004,-0.96657721
58178.0387633084,3.3444428,-0.96598547
58179.0387633559,3.3443248,-0.96598547
58180.0387634034,3.3442459,-0.96637994
58181.0387634509,3.3441672,-0.96578815
58182.0387634984,3.3442459,-0.96598547
58183.0387635459,3.3440886,-0.96598547
58184.0387635934,3.3440096,-0.96578815
58185.0387636409,3.3440096,-0.96716901
58186.0387636884,3.3438129,-0.96598547
58187.0387637359,3.3437736,-0.96697168
58188.0387637834,3.3436947,-0.96716901
58189.0387638309,3.3436947,-0.96598547
58190.0387638784,3.3435373,-0.96677448
58191.0387639259,3.3435373,-0.96598547
58192.0387639734,3.3434584,-0.96578815
58193.0387640208,3.3433797,-0.96637994
58194.0387640683,3.3432224,-0.96736621
58195.0387641158,3.3431435,-0.96854974
58196.0387641633,3.3431435,-0.96697168
58197.0387642108,3.3429861,-0.96677448
58198.0387642583,3.3430254,-0.96559094
58199.0387643058,3.3429465,-0.96697168
58200.0387643533,3.3428285,-0.96736621
58201.0387644008,3.3427498,-0.96736621
58202.0387644483,3.3426316,-0.96637994
58203.0387644958,3.3426316,-0.96736621
58204.0387645433,3.3425136,-0.96657721
58205.0387645908,3.3425136,-0.96756348
58206.0387646383,3.342356,-0.96697168
58207.0387646858,3.3422379,-0.96697168
58208.0387647333,3.3421986,-0.96598547
58209.0387647808,3.3421197,-0.96637994
58210.0387648283,3.3421197,-0.96716901
58211.0387648758,3.3420017,-0.96618268
58212.0387649233,3.3418837,-0.96618268
58213.0387649708,3.3417261,-0.96657721
58214.0387650183,3.3417261,-0.96677448
58215.0387650658,3.341608,-0.96657721
58216.0387651133,3.3416474,-0.96756348
58217.0387651608,3.3414898,-0.96657721
58218.0387652083,3.3414505,-0.96578815
58219.0387652558,3.3413718,-0.96578815
58220.0387653033,3.3413324,-0.96756348
58221.0387653508,3.3413324,-0.96598547
58222.0387653983,3.3411748,-0.96618268
58223.0387654458,3.3410962,-0.96637994
58224.0387654933,3.3409386,-0.96519647
58225.0387655408,3.3409386,-0.96598547
58226.0387655883,3.3408599,-0.96578815
58227.0387656358,3.3407023,-0.96618268
58228.0387656833,3.3408599,-0.96697168
58229.0387657308,3.3407416,-0.96657721
58230.0387657783,3.3405449,-0.96618268
58231.0387658258,3.340466,-0.96657721
58232.0387658732,3.340466,-0.96677448
58233.0387659207,3.3403087,-0.96578815
58234.0387659682,3.3401904,-0.96697168
58235.0387660157,3.3401511,-0.96697168
58236.0387660632,3.3400331,-0.96637994
58237.0387661107,3.3400724,-0.96598547
58238.0387661582,3.3399541,-0.96559094
58239.0387662057,3.3397574,-0.96736621
58240.0387662532,3.3397968,-0.96598547
58241.0387663007,3.3396785,-0.96776074
58242.0387663482,3.3395998,-0.96637994
58243.0387663957,3.3395605,-0.96716901
58244.0387664432,3.3394425,-0.96578815
58245.0387664907,3.3392849,-0.96657721
58246.0387665382,3.3392456,-0.96776074
58247.0387665857,3.3392456,-0.96578815
58248.0387666332,3.3391666,-0.96578815
58249.0387666807,3.3390093,-0.96677448
58250.0387667282,3.3390486,-0.96657721
58251.0387667757,3.338891,-0.96618268
58252.0387668232,3.3388517,-0.96519647
58253.0387668707,3.3388124,-0.96677448
58254.0387669182,3.3387337,-0.96637994
58255.0387669657,3.3386154,-0.96657721
58256.0387670132,3.338655,-0.96677448
58257.0387670607,3.3385761,-0.96578815
58258.0387671082,3.3384187,-0.96499915
58259.0387671557,3.3382611,-0.96657721
58260.0387672032,3.3383398,-0.96657721
58261.0387672507,3.3381824,-0.96578815
58262.0387672982,3.3380642,-0.96618268
58263.0387673457,3.3379462,-0.96539368
58264.0387673932,3.3378675,-0.96598547
58265.0387674407,3.3378675,-0.96559094
58266.0387674882,3.3378675,-0.96657721
58267.0387675357,3.3377099,-0.96697168
58268.0387675832,3.3375919,-0.96657721
58269.0387676307,3.3376312,-0.96637994
58270.0387676782,3.337513,-0.96815521
58271.0387677256,3.3374736,-0.96618268
58272.0387677731,3.3372767,-0.96677448
58273.0387678206,3.337198,-0.96578815
58274.0387678681,3.3371587,-0.96559094
58275.0387679156,3.3370011,-0.96618268
58276.0387679631,3.3370011,-0.96578815
58277.0387680106,3.3370011,-0.96618268
58278.0387680581,3.3369224,-0.96539368
58279.0387681056,3.3368437,-0.96736621
58280.0387681531,3.3366861,-0.96637994
58281.0387682006,3.3366468,-0.96618268
58282.0387682481,3.3364894,-0.96657721
58283.0387682956,3.3364499,-0.96578815
58284.0387683431,3.3363318,-0.96598547
58285.0387683906,3.3363318,-0.96697168
58286.0387684381,3.3362138,-0.96657721
58287.0387684856,3.3362138,-0.96716901
58288.0387685331,3.3360956,-0.96578815
58289.0387685806,3.3359776,-0.96657721
58290.0387686281,3.3358593,-0.96637994
58291.0387686756,3.3357413,-0.96598547
58292.0387687231,3.3357019,-0.96716901
58293.0387687706,3.3355837,-0.96815521
58294.0387688181,3.335623,-0.96578815
58295.0387688656,3.3354657,-0.96637994
58296.0387689131,3.3354657,-0.96637994
58297.0387689606,3.3353474,-0.96598547
58298.0387690081,3.3353474,-0.96697168
58299.0387690556,3.3351111,-0.96637994
58300.0387691031,3.3351111,-0.96598547
58301.0387691506,3.3349538,-0.96598547
58302.0387691981,3.3349931,-0.96795795
58303.0387692456,3.3349144,-0.96657721
58304.0387692931,3.3347569,-0.96559094
58305.0387693406,3.3346388,-0.96657721
58306.0387693881,3.3346388,-0.96598547
58307.0387694356,3.3345599,-0.96657721
58308.0387694831,3.3343632,-0.96598547
58309.0387695306,3.3344026,-0.96578815
58310.0387695781,3.3344026,-0.96776074
58311.0387696255,3.3342056,-0.96697168
58312.038769673,3.3341269,-0.96677448
58313.0387697205,3.3340087,-0.96637994
58314.038769768,3.3339694,-0.96716901
58315.0387698155,3.33393,-0.96578815
58316.038769863,3.3337724,-0.96716901
58317.0387699105,3.333812,-0.96677448
58318.038769958,3.3336937,-0.96539368
58319.0387700055,3.3336544,-0.96637994
58320.038770053,3.3335757,-0.96697168
58321.0387701005,3.3333788,-0.96578815
58322.038770148,3.3333001,-0.96618268
58323.0387701955,3.3332212,-0.96598547
58324.038770243,3.3331819,-0.96756348
58325.0387702905,3.3331032,-0.96480194
58326.038770338,3.3330638,-0.96598547
58327.0387703855,3.3329456,-0.96637994
58328.038770433,3.3329062,-0.96677448
58329.0387704805,3.3327489,-0.96618268
58330.038770528,3.33267,-0.96637994
58331.0387705755,3.3325913,-0.96795795
58332.038770623,3.3325126,-0.96776074
58333.0387706705,3.3325126,-0.96736621
58334.038770718,3.3324733,-0.96539368
58335.0387707655,3.3322763,-0.96559094
58336.038770813,3.3321977,-0.96716901
58337.0387708605,3.3321583,-0.96657721
58338.038770908,3.3321977,-0.96618268
58339.0387709555,3.3320401,-0.96598547
58340.038771003,3.3319221,-0.96637994
58341.0387710505,3.3318038,-0.96637994
58342.038771098,3.3316464,-0.96697168
58343.0387711455,3.3316464,-0.96618268
58344.038771193,3.3315282,-0.96618268
58345.0387712405,3.3314888,-0.96736621
58346.038771288,3.3315282,-0.96637994
58347.0387713355,3.3314102,-0.96618268
58348.038771383,3.3314102,-0.96716901
58349.0387714305,3.3312526,-0.96677448
58350.0387714779,3.3311346,-0.96559094
58351.0387715254,3.330977,-0.96736621
58352.0387715729,3.3308589,-0.96697168
58353.0387716204,3.3308589,-0.96736621
58354.0387716679,3.33078,-0.96559094
58355.0387717154,3.3307014,-0.96736621
58356.0387717629,3.330662,-0.96637994
58357.0387718104,3.3305044,-0.96618268
58358.0387718579,3.3304651,-0.96598547
58359.0387719054,3.3303471,-0.96716901
58360.0387719529,3.3302684,-0.96578815
58361.0387720004,3.3302288,-0.96559094
58362.0387720479,3.3300714,-0.96697168
58363.0387720954,3.3299532,-0.96657721
58364.0387721429,3.3299925,-0.96637994
58365.0387721904,3.3299139,-0.96677448
58366.0387722379,3.3297958,-0.96598547
58367.0387722854,3.3297565,-0.96598547
58368.0387723329,3.3295989,-0.96618268
58369.0387723804,3.3295989,-0.96677448
58370.0387724279,3.3294809,-0.96618268
58371.0387724754,3.329402,-0.96637994
58372.0387725229,3.329284,-0.96776074
58373.0387725704,3.329284,-0.96539368
58374.0387726179,3.3292053,-0.96716901
58375.0387726654,3.3292053,-0.96657721
58376.0387727129,3.3290477,-0.96677448
58377.0387727604,3.3290083,-0.96539368
58378.0387728079,3.3288901,-0.96637994
58379.0387728554,3.3287327,-0.96618268
58380.0387729029,3.3286934,-0.96618268
58381.0387729504,3.3285358,-0.96499915
58382.0387729979,3.3286145,-0.96618268
58383.0387730454,3.3284571,-0.96637994
58384.0387730929,3.3283389,-0.96716901
58385.0387731404,3.3282602,-0.96657721
58386.0387731879,3.3281815,-0.96697168
58387.0387732354,3.3281422,-0.96756348
58388.0387732829,3.3279846,-0.96637994
58389.0387733303,3.3279452,-0.96578815
58390.0387733778,3.3278666,-0.96637994
58391.0387734253,3.327827,-0.96776074
58392.0387734728,3.3276696,-0.96657721
58393.0387735203,3.3275514,-0.96618268
58394.0387735678,3.3275909,-0.96539368
58395.0387736153,3.327394,-0.96598547
58396.0387736628,3.3274333,-0.96480194
58397.0387737103,3.3272758,-0.96716901
58398.0387737578,3.3271577,-0.96697168
58399.0387738053,3.3270791,-0.96795795
58400.0387738528,3.3270397,-0.96578815
58401.0387739003,3.3270001,-0.96697168
58402.0387739478,3.3268428,-0.96736621
58403.0387739953,3.3267641,-0.96716901
58404.0387740428,3.3266459,-0.96716901
58405.0387740903,3.3266065,-0.96637994
58406.0387741378,3.3265672,-0.96677448
58407.0387741853,3.3264885,-0.96618268
58408.0387742328,3.3263309,-0.96716901
58409.0387742803,3.3263702,-0.96697168
58410.0387743278,3.3262126,-0.96677448
58411.0387743753,3.3260159,-0.96756348
58412.0387744228,3.3260553,-0.96578815
58413.0387744703,3.325819,-0.96657721
58414.0387745178,3.3257797,-0.96697168
58415.0387745653,3.325819,-0.96519647
58416.0387746128,3.325701,-0.96598547
58417.0387746603,3.3255827,-0.96736621
58418.0387747078,3.3255827,-0.96697168
58419.0387747553,3.3255827,-0.96716901
58420.0387748028,3.3253858,-0.96756348
58421.0387748503,3.3252285,-0.96618268
58422.0387748978,3.3252678,-0.96618268
58423.0387749453,3.3250709,-0.96559094
58424.0387749928,3.3250709,-0.96677448
58425.0387750403,3.3249135,-0.96598547
58426.0387750878,3.3249135,-0.96776074
58427.0387751353,3.3248742,-0.96677448
58428.0387751827,3.3246772,-0.96578815
58429.0387752302,3.3246772,-0.96559094
58430.0387752777,3.324559,-0.96756348
58431.0387753252,3.3245196,-0.96657721
58432.0387753727,3.3243623,-0.96716901
58433.0387754202,3.3243227,-0.96618268
58434.0387754677,3.3242834,-0.96578815
58435.0387755152,3.3240867,-0.96677448
58436.0387755627,3.3240867,-0.96716901
58437.0387756102,3.3240077,-0.96677448
58438.0387756577,3.3240077,-0.96559094
58439.0387757052,3.3237321,-0.96637994
58440.0387757527,3.3237715,-0.96618268
58441.0387758002,3.3234565,-0.96677448
58442.0387758477,3.3234959,-0.96697168
58443.0387758952,3.3234172,-0.96776074
58444.0387759427,3.3233778,-0.96697168
58445.0387759902,3.3231809,-0.96657721
58446.0387760377,3.3230629,-0.96637994
58447.0387760852,3.3231416,-0.96637994
58448.0387761327,3.3230236,-0.96637994
58449.0387761802,3.3229053,-0.96578815
58450.0387762277,3.3229053,-0.96657721
58451.0387762752,3.3228266,-0.96677448
58452.0387763227,3.3227086,-0.96578815
58453.0387763702,3.322551,-0.96559094
58454.0387764177,3.3224328,-0.96598547
58455.0387764652,3.3223934,-0.96677448
58456.0387765127,3.3223934,-0.96736621
58457.0387765602,3.3223147,-0.96657721
58458.0387766077,3.3221571,-0.96657721
58459.0387766552,3.3220785,-0.96618268
58460.0387767027,3.3219998,-0.96736621
58461.0387767502,3.3219604,-0.96618268
58462.0387767977,3.3218029,-0.96657721
58463.0387768452,3.3218422,-0.96598547
58464.0387768927,3.3216059,-0.96677448
58465.0387769402,3.3215666,-0.96578815
58466.0387769877,3.3214092,-0.96578815
58467.0387770352,3.3213699,-0.96559094
58468.0387770826,3.3212516,-0.96598547
58469.0387771301,3.3212123,-0.96559094
58470.0387771776,3.3212123,-0.96697168
58471.0387772251,3.3210547,-0.96637994
58472.0387772726,3.3209367,-0.96657721
58473.0387773201,3.320858,-0.96637994
58474.0387773676,3.3207791,-0.96618268
58475.0387774151,3.3206611,-0.96776074
58476.0387774626,3.3206611,-0.96815521
58477.0387775101,3.3205428,-0.96697168
58478.0387775576,3.3204248,-0.96618268
58479.0387776051,3.3204248,-0.96677448
58480.0387776526,3.3202672,-0.96637994
58481.0387777001,3.3203068,-0.96657721
58482.0387777476,3.3201885,-0.96637994
58483.0387777951,3.3199522,-0.96598547
58484.0387778426,3.3198736,-0.96598547
58485.0387778901,3.3199129,-0.96618268
58486.0387779376,3.3198736,-0.96657721
58487.0387779851,3.3195586,-0.96697168
58488.0387780326,3.3196373,-0.96618268
58489.0387780801,3.3194404,-0.96618268
58490.0387781276,3.319401,-0.96598547
58491.0387781751,3.3193617,-0.96559094
58492.0387782226,3.3192043,-0.96657721
58493.0387782701,3.3191648,-0.96697168
58494.0387783176,3.3191254,-0.96657721
58495.0387783651,3.3190074,-0.96618268
58496.0387784126,3.3188891,-0.96578815
58497.0387784601,3.3187318,-0.96716901
58498.0387785076,3.3186924,-0.96697168
58499.0387785551,3.3186135,-0.96677448
58500.0387786026,3.3185742,-0.96677448
58501.0387786501,3.3185349,-0.96657721
58502.0387786976,3.3183773,-0.96578815
58503.0387787451,3.3182592,-0.96697168
58504.0387787926,3.3182592,-0.96618268
58505.0387788401,3.3180623,-0.96598547
58506.0387788876,3.3181016,-0.96677448
58507.038778935,3.318023,-0.96677448
58508.0387789825,3.3179049,-0.96697168
58509.03877903,3.3177474,-0.96618268
58510.0387790775,3.3176687,-0.96539368
58510.1447790826,3.3176687,-0.96637994
58510.1467790827,3.3176687,-0.96716901
58510.1907790848,3.3451517,0
58570.1907819346,3.3611374,0
58630.1907847845,3.3636179,0
58690.1907876343,3.3648779,0
58750.1907904841,3.3654685,0
58810.190793334,3.3660197,0
58870.1907961838,3.366374,0
58930.1907990337,3.3664923,0
58990.1908018835,3.366689,0
59050.1908047334,3.3669252,0
59110.1908075832,3.3670435,0
59170.1908104331,3.3670042,0
59230.1908132829,3.3671615,0
59290.1908161328,3.3673978,0
59350.1908189826,3.367516,0
59410.1908218325,3.367516,0
59470.1908246823,3.3674765,0
59530.1908275322,3.3677127,0
59590.190830382,3.3676734,0
59650.1908332319,3.3675554,0
59710.1908360817,3.367831,0
59770.1908389315,3.3677917,0
59830.1908417814,3.367831,0
59890.1908446312,3.3679097,0
59950.1908474811,3.3678703,0
60010.1908503309,3.3680277,0
60070.1908531808,3.3678703,0
60130.1908560306,3.3680673,0
60190.1908588805,3.3681066,0
60250.1908617303,3.3680673,0
60310.1908645802,3.3681853,0
60370.19086743,3.3681853,0
60430.1908702799,3.3680673,0
60490.1908731297,3.3681066,0
60550.1908759796,3.368264,0
60610.1908788294,3.3683033,0
60670.1908816793,3.3683033,0
60730.1908845291,3.3682246,0
60790.1908873789,3.3683429,0
60850.1908902288,3.3683429,0
60910.1908930786,3.3683822,0
60970.1908959285,3.3684609,0
61030.1908987783,3.3684609,0
61090.1909016282,3.3683822,0
61150.190904478,3.3683822,0
61210.1909073279,3.3683822,0
61270.1909101777,3.3683033,0
61330.1909130276,3.3685789,0
61390.1909158774,3.3684609,0
61450.1909187273,3.3685396,0
61510.1909215771,3.3685396,0
61570.190924427,3.3686185,0
61630.1909272768,3.3685789,0
61690.1909301267,3.3685789,0
61750.1909329765,3.3686578,0
61810.1909358263,3.3685002,0
61870.1909386762,3.3686185,0
61930.190941526,3.3686972,0
61990.1909443759,3.3687365,0
62050.1909472257,3.3686185,0
62110.1309500727,3.3686185,0
62110.1869500754,3.3686972,0
62110.1889500755,3.3686972,0
62110.3149500815,3.3430254,-0.96046234
62111.314950129,3.3381038,-0.96657721
62112.3149501765,3.3369224,-0.96637994
62113.314950224,3.3360956,-0.96697168
62114.3149502715,3.3353081,-0.96618268
62115.314950319,3.3346388,-0.96677448
62116.3149503665,3.3337331,-0.96637994
62117.314950414,3.3332212,-0.96618268
62118.3149504615,3.332552,-0.96637994
62119.314950509,3.3320007,-0.96677448
62120.3149505564,3.3314495,-0.96657721
62121.3149506039,3.3308589,-0.96697168
62122.3149506514,3.3302288,-0.96637994
62123.3149506989,3.3298352,-0.96657721
62124.3149507464,3.329284,-0.96716901
62125.3149507939,3.3287327,-0.96677448
62126.3149508414,3.3283389,-0.96677448
62127.3149508889,3.3279846,-0.96736621
62128.3149509364,3.3276303,-0.96637994
62129.3149509839,3.3271184,-0.96618268
62130.3149510314,3.3266065,-0.96598547
62131.3149510789,3.3263702,-0.96677448
62132.3149511264,3.3257797,-0.96578815
62133.3149511739,3.3253465,-0.96677448
62134.3149512214,3.3251498,-0.96677448
62135.3149512689,3.3248346,-0.96697168
62136.3149513164,3.3244803,-0.96716901
62137.3149513639,3.324244,-0.96736621
62138.3149514114,3.3237321,-0.96756348
62139.3149514589,3.3234959,-0.96716901
62140.3149515064,3.3231809,-0.96618268
62141.3149515539,3.322866,-0.96598547
62142.3149516014,3.322551,-0.96618268
62143.3149516489,3.3222361,-0.96716901
62144.3149516964,3.3218815,-0.96618268
62145.3149517439,3.3217635,-0.96776074
62146.3149517914,3.3214092,-0.96677448
62147.3149518389,3.3212123,-0.96756348
62148.3149518864,3.3208973,-0.96637994
62149.3149519339,3.3206611,-0.96578815
62150.3149519814,3.3203855,-0.96578815
62151.3149520289,3.3201492,-0.96657721
62152.3149520764,3.3199916,-0.96756348
62153.3149521239,3.3196766,-0.96657721
62154.3149521714,3.319716,-0.96618268
62155.3149522189,3.3193223,-0.96637994
62156.3149522664,3.3191648,-0.96716901
62157.3149523139,3.3189285,-0.96677448
62158.3149523614,3.3186924,-0.96657721
62159.3149524088,3.3185742,-0.96598547
62160.3149524563,3.3183773,-0.96697168
62161.3149525038,3.3179836,-0.96598547
62162.3149525513,3.3179049,-0.96677448
62163.3149525988,3.317826,-0.96637994
62164.3149526463,3.3175504,-0.96657721
62165.3149526938,3.3173931,-0.96677448
62166.3149527413,3.3172355,-0.96637994
62167.3149527888,3.3170385,-0.96657721
62168.3149528363,3.3169599,-0.96598547
62169.3149528838,3.3168025,-0.96618268
62170.3149529313,3.3166449,-0.96697168
62171.3149529788,3.3164086,-0.96657721
62172.3149530263,3.3162513,-0.96697168
62173.3149530738,3.316133,-0.96697168
62174.3149531213,3.3160937,-0.96578815
62175.3149531688,3.3157787,-0.96756348
62176.3149532163,3.3156605,-0.96657721
62177.3149532638,3.3156605,-0.96618268
62178.3149533113,3.3153849,-0.96716901
62179.3149533588,3.3154638,-0.96618268
62180.3149534063,3.3151882,-0.96716901
62181.3149534538,3.3149912,-0.96677448
62182.3149535013,3.314873,-0.96618268
62183.3149535488,3.314873,-0.96657721
62184.3149535963,3.3145187,-0.96578815
62185.3149536438,3.3144794,-0.96697168
62186.3149536913,3.3142824,-0.96716901
62187.3149537388,3.3142037,-0.96677448
62188.3149537863,3.3140068,-0.96657721
62189.3149538338,3.3140461,-0.96677448
62190.3149538813,3.3138101,-0.96598547
62191.3149539288,3.3136525,-0.96618268
62192.3149539763,3.3136132,-0.96697168
62193.3149540238,3.3133376,-0.96697168
62194.3149540713,3.3132586,-0.96736621
62195.3149541188,3.31318,-0.96657721
62196.3149541663,3.3130226,-0.96578815
62197.3149542138,3.3129044,-0.96815521
62198.3149542613,3.3128257,-0.96578815
62199.3149543087,3.3126681,-0.96776074
62200.3149543562,3.3124714,-0.96519647
62201.3149544037,3.3124318,-0.96697168
62202.3149544512,3.3122745,-0.96677448
62203.3149544987,3.3121958,-0.96657721
62204.3149545462,3.3121169,-0.96657721
62205.3149545937,3.3119202,-0.96736621
62206.3149546412,3.3117232,-0.96539368
62207.3149546887,3.311487,-0.96835242
62208.3149547362,3.3115656,-0.96697168
62209.3149547837,3.3114476,-0.96677448
62210.3149548312,3.3114083,-0.96776074
62211.3149548787,3.311172,-0.96637994
62212.3149549262,3.3109751,-0.96677448
62213.3149549737,3.3110144,-0.96776074
62214.3149550212,3.3107388,-0.96677448
62215.3149550687,3.3106601,-0.96697168
62216.3149551162,3.3106601,-0.96776074
62217.3149551637,3.3104239,-0.96598547
62218.3149552112,3.3103058,-0.96677448
62219.3149552587,3.3103058,-0.96736621
62220.3149553062,3.3101482,-0.96578815
62221.3149553537,3.3099906,-0.96637994
62222.3149554012,3.3099513,-0.96618268
62223.3149554487,3.3098333,-0.96657721
62224.3149554962,3.3096364,-0.96657721
62225.3149555437,3.3095577,-0.96637994
62226.3149555912,3.3094788,-0.96637994
62227.3149556387,3.3093607,-0.96618268
62228.3149556862,3.3092031,-0.96598547
62229.3149557337,3.3090065,-0.96776074
62230.3149557812,3.3089275,-0.96697168
62231.3149558287,3.3088489,-0.96637994
62232.3149558762,3.3087308,-0.96697168
62233.3149559237,3.3086519,-0.96697168
62234.3149559712,3.3084159,-0.96677448
62235.3149560187,3.3084159,-0.96697168
62236.3149560662,3.308337,-0.96756348
62237.3149561137,3.308219,-0.96598547
62238.3149561611,3.3079433,-0.96697168
62239.3149562086,3.3079433,-0.96657721
62240.3149562561,3.3077464,-0.96677448
62241.3149563036,3.3077857,-0.96795795
62242.3149563511,3.3076284,-0.96618268
62243.3149563986,3.3075495,-0.96874695
62244.3149564461,3.3072739,-0.96598547
62245.3149564936,3.3073921,-0.96677448
62246.3149565411,3.3072739,-0.96677448
62247.3149565886,3.3069589,-0.96618268
62248.3149566361,3.3069196,-0.96539368
62249.3149566836,3.3068016,-0.96480194
62250.3149567311,3.3067226,-0.96578815
62251.3149567786,3.3066046,-0.96657721
62252.3149568261,3.3064864,-0.96697168
62253.3149568736,3.306447,-0.96756348
62254.3149569211,3.3062897,-0.96677448
62255.3149569686,3.3060534,-0.96736621
62256.3149570161,3.3060534,-0.96618268
62257.3149570636,3.3059351,-0.96578815
62258.3149571111,3.3058565,-0.96756348
62259.3149571586,3.3056989,-0.96815521
62260.3149572061,3.3056989,-0.96618268
62261.3149572536,3.3054233,-0.96697168
62262.3149573011,3.3054628,-0.96677448
62263.3149573486,3.3052266,-0.96637994
62264.3149573961,3.3051872,-0.96716901
62265.3149574436,3.3050296,-0.96657721
62266.3149574911,3.3048327,-0.96598547
62267.3149575386,3.3049116,-0.96637994
62268.3149575861,3.304754,-0.96697168
62269.3149576336,3.3045571,-0.96716901
62270.3149576811,3.3044784,-0.96677448
62271.3149577286,3.3044391,-0.96618268
62272.3149577761,3.3042421,-0.96677448
62273.3149578236,3.3041635,-0.96618268
62274.3149578711,3.3040059,-0.96637994
62275.3149579186,3.3040059,-0.96677448
62276.3149579661,3.3038485,-0.96637994
62277.3149580135,3.3036122,-0.96578815
62278.314958061,3.3035729,-0.96697168
62279.3149581085,3.3034546,-0.96776074
62280.314958156,3.3032973,-0.96578815
62281.3149582035,3.3032577,-0.96697168
62282.314958251,3.3032184,-0.96618268
62283.3149582985,3.3030217,-0.96657721
62284.314958346,3.3029428,-0.96598547
62285.3149583935,3.3028641,-0.96716901
62286.314958441,3.3027854,-0.96697168
62287.3149584885,3.3025885,-0.96677448
62288.314958536,3.3024309,-0.96618268
62289.3149585835,3.3024309,-0.96578815
62290.314958631,3.3022735,-0.96677448
62291.3149586785,3.3021553,-0.96657721
62292.314958726,3.3021159,-0.96618268
62293.3149587735,3.3019586,-0.96716901
62294.314958821,3.3017616,-0.96559094
62295.3149588685,3.3016829,-0.96716901
62296.314958916,3.3015647,-0.96637994
62297.3149589635,3.3014467,-0.96618268
62298.314959011,3.3012891,-0.96637994
62299.3149590585,3.3012891,-0.96716901
62300.314959106,3.3010528,-0.96716901
62301.3149591535,3.3010135,-0.96677448
62302.314959201,3.3008955,-0.96519647
62303.3149592485,3.3007772,-0.96618268
62304.314959296,3.3006592,-0.96657721
62305.3149593435,3.3005805,-0.96618268
62306.314959391,3.3004229,-0.96598547
62307.3149594385,3.3003836,-0.96637994
62308.314959486,3.3003047,-0.96598547
62309.3149595335,3.3000686,-0.96598547
62310.314959581,3.3000686,-0.96480194
62311.3149596285,3.299911,-0.96618268
62312.314959676,3.2998323,-0.96618268
62313.3149597235,3.2995961,-0.96598547
62314.314959771,3.2996354,-0.96736621
62315.3149598185,3.2994778,-0.96736621
62316.3149598659,3.2992811,-0.96677448
62317.3149599134,3.2991629,-0.96736621
62318.3149599609,3.2990055,-0.96598547
62319.3149600084,3.2990055,-0.96637994
62320.3149600559,3.2988086,-0.96559094
62321.3149601034,3.2987299,-0.96677448
62322.3149601509,3.298533,-0.96578815
62323.3149601984,3.2984936,-0.96598547
62324.3149602459,3.298336,-0.96716901
62325.3149602934,3.2982574,-0.96776074
62326.3149603409,3.298218,-0.96677448
62327.3149603884,3.2980998,-0.96697168
62328.3149604359,3.2979817,-0.96578815
62329.3149604834,3.2978635,-0.96578815
62330.3149605309,3.2977455,-0.96716901
62331.3149605784,3.2975092,-0.96716901
62332.3149606259,3.2975485,-0.96578815
62333.3149606734,3.2973912,-0.96736621
62334.3149607209,3.2972729,-0.96618268
62335.3149607684,3.2972336,-0.96677448
62336.3149608159,3.2970762,-0.96578815
62337.3149608634,3.2968793,-0.96657721
62338.3149609109,3.2968793,-0.96519647
62339.3149609584,3.2967217,-0.96697168
62340.3149610059,3.2965643,-0.96637994
62341.3149610534,3.2964854,-0.96657721
62342.3149611009,3.2962492,-0.96657721
62343.3149611484,3.2961705,-0.96657721
62344.3149611959,3.2960525,-0.96716901
62345.3149612434,3.2959342,-0.96618268
62346.3149612909,3.2957768,-0.96736621
62347.3149613384,3.2956586,-0.96657721
62348.3149613859,3.2955799,-0.96716901
62349.3149614334,3.2955406,-0.96657721
62350.3149614809,3.2954619,-0.96618268
62351.3149615284,3.295265,-0.96598547
62352.3149615759,3.2951467,-0.96657721
62353.3149616234,3.295068,-0.96618268
62354.3149616709,3.2948711,-0.96637994
62355.3149617184,3.2948318,-0.96736621
62356.3149617658,3.2946348,-0.96598547
62357.3149618133,3.2944775,-0.96519647
62358.3149618608,3.2944775,-0.96559094
62359.3149619083,3.2943199,-0.96637994
62360.3149619558,3.2942019,-0.96637994
62361.3149620033,3.2940443,-0.96657721
62362.3149620508,3.2939656,-0.96677448
62363.3149620983,3.2937686,-0.96677448
62364.3149621458,3.2935719,-0.96657721
62365.3149621933,3.2934144,-0.96677448
62366.3149622408,3.2934144,-0.96736621
62367.3149622883,3.2933357,-0.96598547
62368.3149623358,3.2932568,-0.96697168
62369.3149623833,3.2931387,-0.96716901
62370.3149624308,3.2929811,-0.96578815
62371.3149624783,3.2929025,-0.96637994
62372.3149625258,3.2927845,-0.96539368
62373.3149625733,3.2927055,-0.96716901
62374.3149626208,3.2924693,-0.96697168
62375.3149626683,3.2923906,-0.96578815
62376.3149627158,3.2922332,-0.96637994
62377.3149627633,3.2920363,-0.96618268
62378.3149628108,3.291918,-0.96637994
62379.3149628583,3.291918,-0.96697168
62380.3149629058,3.2917213,-0.96637994
62381.3149629533,3.291682,-0.96637994
62382.3149630008,3.2915244,-0.96637994
62383.3149630483,3.2914851,-0.96559094
62384.3149630958,3.2911308,-0.96697168
62385.3149631433,3.2912095,-0.96795795
62386.3149631908,3.2908549,-0.96736621
62387.3149632383,3.2908549,-0.96618268
62388.3149632858,3.2908156,-0.96559094
62389.3149633333,3.2906189,-0.96716901
62390.3149633808,3.2905006,-0.96657721
62391.3149634283,3.2903037,-0.96657721
62392.3149634758,3.290107,-0.96657721
62393.3149635233,3.2900677,-0.96618268
62394.3149635708,3.2899101,-0.96618268
62395.3149636182,3.2897525,-0.96598547
62396.3149636657,3.2897525,-0.96618268
62397.3149637132,3.2895951,-0.96578815
62398.3149637607,3.2893589,-0.96539368
62399.3149638082,3.2894375,-0.96677448
62400.3149638557,3.2892013,-0.96657721
62401.3149639032,3.2890439,-0.96657721
62402.3149639507,3.2889256,-0.96598547
62403.3149639982,3.2888076,-0.96716901
62404.3149640457,3.28865,-0.96716901
62405.3149640932,3.288532,-0.96637994
62406.3149641407,3.2882957,-0.96618268
62407.3149641882,3.2882564,-0.96618268
62408.3149642357,3.2880988,-0.96776074
62409.3149642832,3.2880201,-0.96736621
62410.3149643307,3.2877839,-0.96756348
62411.3149643782,3.2876658,-0.96736621
62412.3149644257,3.2875869,-0.96716901
62413.3149644732,3.2874689,-0.96598547
62414.3149645207,3.2873902,-0.96598547
62415.3149645682,3.287075,-0.96618268
62416.3149646157,3.286957,-0.96795795
62417.3149646632,3.2868783,-0.96716901
62418.3149647107,3.2867994,-0.96795795
62419.3149647582,3.2865634,-0.96697168
62420.3149648057,3.2864451,-0.96736621
62421.3149648532,3.2863271,-0.96716901
62422.3149649007,3.2861302,-0.96756348
62423.3149649482,3.2860122,-0.96637994
62424.3149649957,3.2858152,-0.96598547
62425.3149650432,3.2858152,-0.96598547
62426.3149650907,3.285579,-0.96519647
62427.3149651382,3.2855003,-0.96598547
62428.3149651857,3.2854214,-0.96874695
62429.3149652332,3.2851851,-0.96716901
62430.3149652807,3.2850671,-0.96657721
62431.3149653282,3.2849884,-0.96618268
62432.3149653757,3.2847128,-0.96618268
62433.3149654232,3.2846735,-0.96716901
62434.3149654706,3.2844765,-0.96815521
62435.3149655181,3.2842402,-0.96598547
62436.3149655656,3.2840827,-0.96578815
62437.3149656131,3.2839646,-0.96657721
62438.3149656606,3.283886,-0.96677448
62439.3149657081,3.2837677,-0.96618268
62440.3149657556,3.2835314,-0.96539368
62441.3149658031,3.2834921,-0.96637994
62442.3149658506,3.2832165,-0.96598547
62443.3149658981,3.2830985,-0.96677448
62444.3149659456,3.2829409,-0.96618268
62445.3149659931,3.2827835,-0.96677448
62446.3149660406,3.2825866,-0.96716901
62447.3149660881,3.2825866,-0.96677448
62448.3149661356,3.2823503,-0.96598547
62449.3149661831,3.2821927,-0.96657721
62450.3149662306,3.2819567,-0.96677448
62451.3149662781,3.2818384,-0.96716901
62452.3149663256,3.2817597,-0.96598547
62453.3149663731,3.2815628,-0.96736621
62454.3149664206,3.2812872,-0.96716901
62455.3149664681,3.2812085,-0.96598547
62456.3149665156,3.2810903,-0.96697168
62457.3149665631,3.2809329,-0.96677448
62458.3149666106,3.2808146,-0.96736621
62459.3149666581,3.2805784,-0.96716901
62460.3149667056,3.280421,-0.96716901
62461.3149667531,3.2802634,-0.96677448
62462.3149668006,3.2800272,-0.96716901
62463.3149668481,3.2799091,-0.96697168
62464.3149668956,3.2797122,-0.96559094
62465.3149669431,3.2795942,-0.96736621
62466.3149669906,3.2793579,-0.96618268
62467.3149670381,3.2793186,-0.96716901
62468.3149670856,3.2790036,-0.96657721
62469.3149671331,3.2790036,-0.96697168
62470.3149671806,3.2786884,-0.96598547
62471.3149672281,3.2786098,-0.96598547
62472.3149672756,3.2783341,-0.96716901
62473.314967323,3.2781768,-0.96677448
62474.3149673705,3.2780585,-0.96598547
62475.314967418,3.2777829,-0.96637994
62476.3149674655,3.2776253,-0.96618268
62477.314967513,3.277468,-0.96776074
62478.3149675605,3.277271,-0.96598547
62479.314967608,3.2771137,-0.96618268
62480.3149676555,3.2769167,-0.96716901
62481.314967703,3.2767591,-0.96539368
62482.3149677505,3.2764835,-0.96657721
62483.314967798,3.2764442,-0.96756348
62484.3149678455,3.2762079,-0.96499915
62485.314967893,3.2759717,-0.96736621
62486.3149679405,3.275775,-0.96598547
62487.314967988,3.2755387,-0.96598547
62488.3149680355,3.2754204,-0.96578815
62489.314968083,3.2752237,-0.96657721
62490.3149681305,3.2750268,-0.96677448
62491.314968178,3.2747512,-0.96756348
62492.3149682255,3.2746329,-0.96598547
62493.314968273,3.2745149,-0.96598547
62494.3149683205,3.2742393,-0.96598547
62495.314968368,3.2739637,-0.96697168
62496.3149684155,3.2738061,-0.96618268
62497.314968463,3.2736881,-0.96756348
62498.3149685105,3.2732942,-0.96618268
62499.314968558,3.2731369,-0.96539368
62500.3149686055,3.2729399,-0.96598547
62501.314968653,3.2727036,-0.96618268
62502.3149687005,3.2724674,-0.96716901
62503.314968748,3.27231,-0.96637994
62504.3149687955,3.2720737,-0.96559094
62505.314968843,3.2719555,-0.96618268
62506.3149688905,3.2717588,-0.96657721
62507.314968938,3.2714832,-0.96736621
62508.3149689855,3.2712076,-0.96835242
62509.314969033,3.2710893,-0.96716901
62510.3149690805,3.2708137,-0.96677448
62511.314969128,3.2705774,-0.96697168
62512.3149691755,3.2702625,-0.96578815
62513.3149692229,3.2701838,-0.96618268
62514.3149692704,3.2698295,-0.96559094
62515.3149693179,3.2696326,-0.96499915
62516.3149693654,3.2695143,-0.96993048
62517.3149694129,3.2691207,-0.96598547
62518.3149694604,3.2689631,-0.96618268
62519.3149695079,3.2686088,-0.96677448
62520.3149695554,3.2684512,-0.96657721
62521.3149696029,3.2682545,-0.96578815
62522.3149696504,3.2679789,-0.96736621
62523.3149696979,3.2677033,-0.96716901
62524.3149697454,3.2675064,-0.96677448
62525.3149697929,3.2673094,-0.96618268
62526.3149698404,3.2669551,-0.96657721
62527.3149698879,3.2667189,-0.96618268
62528.3149699354,3.2664826,-0.96697168
62529.3149699829,3.2662463,-0.96657721
62530.3149700304,3.2659314,-0.96578815
62531.3149700779,3.2658527,-0.96736621
62532.3149701254,3.2654984,-0.96697168
62533.3149701729,3.2651832,-0.96657721
62534.3149702204,3.2649469,-0.96637994
62535.3149702679,3.264632,-0.96657721
62536.3149703154,3.2643957,-0.96598547
62537.3149703629,3.2640808,-0.96539368
62538.3149704104,3.2637658,-0.96539368
62539.3149704579,3.2634902,-0.96598547
62540.3149705054,3.2632933,-0.96618268
62541.3149705529,3.262939,-0.96618268
62542.3149706004,3.2626634,-0.96736621
62543.3149706479,3.2624271,-0.96716901
62544.3149706954,3.2620728,-0.96697168
62545.3149707429,3.2618365,-0.96756348
62546.3149707904,3.2614822,-0.96598547
62547.3149708379,3.261246,-0.96637994
62548.3149708854,3.2609704,-0.96697168
62549.3149709329,3.2605765,-0.96637994
62550.3149709804,3.2602222,-0.96637994
62551.3149710279,3.2599859,-0.96697168
62552.3149710753,3.2595923,-0.96637994
62553.3149711228,3.2594347,-0.96657721
62554.3149711703,3.2591984,-0.96637994
62555.3149712178,3.2587655,-0.96677448
62556.3149712653,3.2583716,-0.96637994
62557.3149713128,3.2581747,-0.96598547
62558.3149713603,3.2578204,-0.96657721
62559.3149714078,3.2575054,-0.96578815
62560.3149714553,3.2571511,-0.96578815
62561.3149715028,3.2568755,-0.96716901
62562.3149715503,3.2564816,-0.96716901
62563.3149715978,3.2563243,-0.96736621
62564.3149716453,3.2558517,-0.96697168
62565.3149716928,3.2555368,-0.96578815
62566.3149717403,3.2552612,-0.96618268
62567.3149717878,3.2547886,-0.96618268
62568.3149718353,3.2545917,-0.96637994
62569.3149718828,3.2542768,-0.96854974
62570.3149719303,3.2537255,-0.96657721
62571.3149719778,3.2534106,-0.96618268
62572.3149720253,3.253135,-0.96736621
62573.3149720728,3.25282,-0.96598547
62574.3149721203,3.2523868,-0.96598547
62575.3149721678,3.2520325,-0.96716901
62576.3149722153,3.2517173,-0.96598547
62577.3149722628,3.2514417,-0.96618268
62578.3149723103,3.2510874,-0.96657721
62579.3149723578,3.2506938,-0.96697168
62580.3149724053,3.2502606,-0.96637994
62581.3149724528,3.2498274,-0.96618268
62582.3149725003,3.2495518,-0.96637994
62583.3149725478,3.2491188,-0.96618268
62584.3149725953,3.2488039,-0.96716901
62585.3149726428,3.2483313,-0.96539368
62586.3149726903,3.2481344,-0.96618268
62587.3149727378,3.2478194,-0.96598547
62588.3149727853,3.2472682,-0.96677448
62589.3149728328,3.246835,-0.96618268
62590.3149728803,3.2464414,-0.96578815
62591.3149729277,3.2460871,-0.96578815
62592.3149729752,3.2456932,-0.96578815
62593.3149730227,3.2452996,-0.96637994
62594.3149730702,3.2447877,-0.96657721
62595.3149731177,3.2444332,-0.96697168
62596.3149731652,3.2441576,-0.96578815
62597.3149732127,3.2437639,-0.96618268
62598.3149732602,3.2433307,-0.96618268
62599.3149733077,3.2428584,-0.96677448
62600.3149733552,3.2424645,-0.96677448
62601.3149734027,3.241992,-0.96657721
62602.3149734502,3.2414804,-0.96499915
62603.3149734977,3.2411652,-0.96697168
62604.3149735452,3.2408109,-0.96598547
62605.3149735927,3.2404172,-0.96618268
62606.3149736402,3.2399054,-0.96657721
62607.3149736877,3.2395508,-0.96657721
62608.3149737352,3.2389603,-0.96460468
62609.3149737827,3.2386847,-0.96677448
62610.3149738302,3.2383304,-0.96756348
62611.3149738777,3.2378972,-0.96677448
62612.3149739252,3.2373853,-0.96598547
62613.3149739727,3.2368734,-0.96697168
62614.3149740202,3.2364404,-0.96716901
62615.3149740677,3.2360861,-0.96716901
62616.3149741152,3.2355349,-0.96697168
62617.3149741627,3.235141,-0.96677448
62618.3149742102,3.2346685,-0.96539368
62619.3149742577,3.2343142,-0.96618268
62620.3149743052,3.2337236,-0.96618268
62621.3149743527,3.2332904,-0.96736621
62622.3149744002,3.2329755,-0.96756348
62623.3149744477,3.2325029,-0.96776074
62624.3149744952,3.2319911,-0.96618268
62625.3149745427,3.2315187,-0.96716901
62626.3149745902,3.2310069,-0.96716901
62627.3149746377,3.230613,-0.96697168
62628.3149746852,3.23018,-0.96835242
62629.3149747327,3.2295892,-0.96578815
62630.3149747801,3.2291169,-0.96637994
62631.3149748276,3.228802,-0.96756348
62632.3149748751,3.2282507,-0.96578815
62633.3149749226,3.2277389,-0.96598547
62634.3149749701,3.2272663,-0.96697168
62635.3149750176,3.2267938,-0.96854974
62636.3149750651,3.2263212,-0.96657721
62637.3149751126,3.2258093,-0.96697168
62638.3149751601,3.2253764,-0.96736621
62639.3149752076,3.2248645,-0.96677448
62640.3149752551,3.2243526,-0.96677448
62641.3149753026,3.2238407,-0.96697168
62642.3149753501,3.2233682,-0.96598547
62643.3149753976,3.2229745,-0.96598547
62644.3149754451,3.2223446,-0.96716901
62645.3149754926,3.2219508,-0.96697168
62646.3149755401,3.2213209,-0.96697168
62647.3149755876,3.220927,-0.96519647
62648.3149756351,3.2203364,-0.96697168
62649.3149756826,3.2198246,-0.96657721
62650.3149757301,3.2193522,-0.96598547
62651.3149757776,3.218801,-0.96776074
62652.3149758251,3.2183285,-0.96618268
62653.3149758726,3.2178166,-0.96578815
62654.3149759201,3.217344,-0.96578815
62655.3149759676,3.2167535,-0.96559094
62656.3149760151,3.2163203,-0.96716901
62657.3149760626,3.2158084,-0.96736621
62658.3149761101,3.2151392,-0.96756348
62659.3149761576,3.2148242,-0.96598547
62660.3149762051,3.214273,-0.96637994
62661.3149762526,3.2137611,-0.96657721
62662.3149763001,3.2132099,-0.96677448
62663.3149763476,3.2126586,-0.96657721
62664.3149763951,3.2121074,-0.96618268
62665.3149764426,3.2116742,-0.96578815
62666.3149764901,3.211005,-0.96618268
62667.3149765376,3.2104537,-0.96776074
62668.3149765851,3.2099419,-0.96578815
62669.3149766326,3.20943,-0.96697168
62670.31497668,3.2089181,-0.96637994
62671.3149767275,3.2084849,-0.96716901
62672.314976775,3.207737,-0.96598547
62673.3149768225,3.2073824,-0.96559094
62674.31497687,3.2067919,-0.96756348
62675.3149769175,3.206162,-0.96697168
62676.314976965,3.2055712,-0.96539368
62677.3149770125,3.2051382,-0.96637994
62678.31497706,3.2045083,-0.96657721
62679.3149771075,3.2039964,-0.96578815
62680.314977155,3.2034845,-0.96697168
62681.3149772025,3.2029333,-0.96499915
62682.31497725,3.2023821,-0.96677448
62683.3149772975,3.2017519,-0.96677448
62684.314977345,3.2012007,-0.96657721
62685.3149773925,3.2006102,-0.96598547
62686.31497744,3.2000196,-0.96657721
62687.3149774875,3.1995077,-0.96618268
62688.314977535,3.1988385,-0.96578815
62689.3149775825,3.1984053,-0.96657721
62690.31497763,3.1977358,-0.96618268
62691.3149776775,3.1972635,-0.96697168
62692.314977725,3.1966333,-0.96598547
62693.3149777725,3.1960428,-0.96578815
62694.31497782,3.1955309,-0.96539368
62695.3149778675,3.1949403,-0.96618268
62696.314977915,3.1943104,-0.96657721
62697.3149779625,3.1938772,-0.96736621
62698.31497801,3.1931686,-0.96756348
62699.3149780575,3.1926172,-0.96578815
62700.314978105,3.1921055,-0.96677448
62701.3149781525,3.1915543,-0.96519647
62702.3149782,3.1908455,-0.96677448
62703.3149782475,3.190176,-0.96559094
62704.314978295,3.1896248,-0.96657721
62705.3149783425,3.1890736,-0.96598547
62706.31497839,3.188483,-0.96776074
62707.3149784375,3.1879711,-0.96716901
62708.314978485,3.1873019,-0.96559094
62709.3149785324,3.1867507,-0.96677448
62710.3149785799,3.1860025,-0.96657721
62711.3149786274,3.1854513,-0.96637994
62712.3149786749,3.1848214,-0.96637994
62713.3149787224,3.1842701,-0.96559094
62714.3149787699,3.18364,-0.96598547
62715.3149788174,3.1830101,-0.96539368
62716.3149788649,3.1824589,-0.96598547
62717.3149789124,3.1818683,-0.96637994
62718.3149789599,3.1811988,-0.96657721
62719.3149790074,3.1805689,-0.96559094
62720.3149790549,3.1800177,-0.96578815
62721.3149791024,3.1793482,-0.96578815
62722.3149791499,3.1786397,-0.96795795
62723.3149791974,3.1781278,-0.96815521
62724.3149792449,3.1774976,-0.96697168
62725.3149792924,3.1769071,-0.96756348
62726.3149793399,3.1761196,-0.96677448
62727.3149793874,3.175529,-0.96677448
62728.3149794349,3.1747808,-0.96637994
62729.3149794824,3.1742296,-0.96776074
62730.3149795299,3.1735604,-0.96677448
62731.3149795774,3.1730485,-0.96598547
62732.3149796249,3.172379,-0.96578815
62733.3149796724,3.1715522,-0.96578815
62734.3149797199,3.171001,-0.96697168
62735.3149797674,3.1703711,-0.96657721
62736.3149798149,3.1698198,-0.96697168
62737.3149798624,3.1690323,-0.96637994
62738.3149799099,3.1685205,-0.96657721
62739.3149799574,3.1679299,-0.96578815
62740.3149800049,3.1672211,-0.96874695
62741.3149800524,3.1664732,-0.96756348
62742.3149800999,3.165843,-0.96657721
62743.3149801474,3.1651738,-0.96539368
62744.3149801949,3.1644256,-0.96618268
62745.3149802424,3.163835,-0.96657721
62746.3149802899,3.1630869,-0.96637994
62747.3149803374,3.1624177,-0.96716901
62748.3149803848,3.1617482,-0.96736621
62749.3149804323,3.1610789,-0.96657721
62750.3149804798,3.1604095,-0.96697168
62751.3149805273,3.1597795,-0.96637994
62752.3149805748,3.1590707,-0.96637994
62753.3149806223,3.1583622,-0.96736621
62754.3149806698,3.157732,-0.96736621
62755.3149807173,3.1569445,-0.96736621
62756.3149807648,3.1563146,-0.96795795
62757.3149808123,3.1556451,-0.96657721
62758.3149808598,3.1548972,-0.96637994
62759.3149809073,3.1542277,-0.96697168
62760.3149809548,3.1535978,-0.96637994
62761.3149810023,3.1529284,-0.96618268
62762.3149810498,3.1521411,-0.96598547
62763.3149810973,3.1514716,-0.96578815
62764.3149811448,3.1507628,-0.96598547
62765.3149811923,3.1501329,-0.96657721
62766.3149812398,3.1494241,-0.96637994
62767.3149812873,3.1485972,-0.96598547
62768.3149813348,3.147928,-0.96618268
62769.3149813823,3.1472585,-0.96598547
62770.3149814298,3.1464317,-0.96618268
62771.3149814773,3.1457624,-0.96637994
62772.3149815248,3.1450536,-0.96637994
62773.3149815723,3.1443055,-0.96578815
62774.3149816198,3.1435182,-0.96618268
62775.3149816673,3.1428881,-0.96578815
62776.3149817148,3.1422188,-0.96736621
62777.3149817623,3.1415887,-0.96539368
62778.3149818098,3.1406438,-0.96677448
62779.3149818573,3.1400926,-0.96795795
62780.3149819048,3.1392264,-0.96657721
62781.3149819523,3.138557,-0.96756348
62782.3149819998,3.1377301,-0.96578815
62783.3149820473,3.1370609,-0.96697168
62784.3149820948,3.1362734,-0.96637994
62785.3149821423,3.1354859,-0.96716901
62786.3149821898,3.1346984,-0.96637994
62787.3149822372,3.1339896,-0.96697168
62788.3149822847,3.1331627,-0.96697168
62789.3149823322,3.1324146,-0.96618268
62790.3149823797,3.131706,-0.96578815
62791.3149824272,3.1309972,-0.96618268
62792.3149824747,3.130249,-0.96677448
62793.3149825222,3.1294222,-0.96499915
62794.3149825697,3.1287136,-0.96637994
62795.3149826172,3.1279261,-0.96637994
62796.3149826647,3.1271386,-0.96835242
62797.3149827122,3.1263511,-0.96578815
62798.3149827597,3.1254849,-0.96677448
62799.3149828072,3.1248548,-0.96697168
62800.3149828547,3.1240673,-0.96697168
62801.3149829022,3.1231225,-0.96618268
62802.3149829497,3.1224136,-0.96578815
62803.3149829972,3.1216261,-0.96697168
62804.3149830447,3.1208782,-0.96539368
62805.3149830922,3.1201301,-0.96697168
62806.3149831397,3.1192639,-0.96716901
62807.3149831872,3.1184764,-0.96736621
62808.3149832347,3.1175706,-0.96637994
62809.3149832822,3.1169014,-0.96677448
62810.3149833297,3.1160746,-0.96657721
62811.3149833772,3.1152871,-0.96598547
62812.3149834247,3.114342,-0.96578815
62813.3149834722,3.1137121,-0.96578815
62814.3149835197,3.1127276,-0.96598547
62815.3149835672,3.1118615,-0.96697168
62816.3149836147,3.1111529,-0.96736621
62817.3149836622,3.1103261,-0.96598547
62818.3149837097,3.1094596,-0.96618268
62819.3149837572,3.1086328,-0.96637994
62820.3149838047,3.107806,-0.96657721
62821.3149838522,3.1069791,-0.96598547
62822.3149838997,3.106113,-0.96736621
62823.3149839472,3.1051679,-0.96559094
62824.3149839947,3.1044593,-0.96598547
62825.3149840422,3.1035535,-0.96559094
62826.3149840896,3.1027663,-0.96618268
62827.3149841371,3.1019394,-0.96598547
62828.3149841846,3.1009943,-0.96637994
62829.3149842321,3.1002069,-0.96657721
62830.3149842796,3.09938,-0.96677448
62831.3149843271,3.0984352,-0.96716901
62832.3149843746,3.0975294,-0.96637994
62833.3149844221,3.0967026,-0.96756348
62834.3149844696,3.0957181,-0.96578815
62835.3149845171,3.0949702,-0.96657721
62836.3149845646,3.0939858,-0.96677448
62837.3149846121,3.0931196,-0.96736621
62838.3149846596,3.0924501,-0.96657721
62839.3149847071,3.0915053,-0.96835242
62840.3149847546,3.0905602,-0.96539368
62841.3149848021,3.0895367,-0.96637994
62842.3149848496,3.0886309,-0.96756348
62843.3149848971,3.0877254,-0.96598547
62844.3149849446,3.0868196,-0.96539368
62845.3149849921,3.0859928,-0.96598547
62846.3149850396,3.085048,-0.96618268
62847.3149850871,3.0841029,-0.96677448
62848.3149851346,3.0831187,-0.96657721
62849.3149851821,3.0823312,-0.96657721
62850.3149852296,3.0813468,-0.96618268
62851.3149852771,3.0804019,-0.96697168
62852.3149853246,3.0795355,-0.96618268
62853.3149853721,3.0785906,-0.96637994
62854.3149854196,3.0776062,-0.96657721
62855.3149854671,3.0766613,-0.96637994
62856.3149855146,3.0758739,-0.96657721
62857.3149855621,3.0748501,-0.96736621
62858.3149856096,3.073787,-0.96716901
62859.3149856571,3.0728421,-0.96618268
62860.3149857046,3.0719757,-0.96697168
62861.3149857521,3.0709915,-0.96697168
62862.3149857996,3.0700071,-0.96756348
62863.3149858471,3.0689833,-0.96618268
62864.3149858946,3.0681565,-0.96677448
62865.3149859421,3.0670147,-0.96578815
62866.3149859895,3.0660303,-0.96756348
62867.314986037,3.0651248,-0.96677448
62868.3149860845,3.0641799,-0.96578815
62869.314986132,3.0632348,-0.96657721
62870.3149861795,3.0622504,-0.96559094
62871.314986227,3.0611086,-0.96697168
62872.3149862745,3.0601637,-0.96559094
62873.314986322,3.0592186,-0.96776074
62874.3149863695,3.0581555,-0.96716901
62875.314986417,3.0570924,-0.96657721
62876.3149864645,3.0562263,-0.96756348
62877.314986512,3.0551631,-0.96697168
62878.3149865595,3.0539427,-0.96657721
62879.314986607,3.0531158,-0.96854974
62880.3149866545,3.0519345,-0.96795795
62881.314986702,3.0509107,-0.96637994
62882.3149867495,3.0498872,-0.96697168
62883.314986797,3.0489028,-0.96578815
62884.3149868445,3.0477216,-0.96657721
62885.314986892,3.0467765,-0.96598547
62886.3149869395,3.0456741,-0.96618268
62887.314986987,3.0445716,-0.96657721
62888.3149870345,3.0436265,-0.96657721
62889.314987082,3.0424848,-0.96677448
62890.3149871295,3.0415399,-0.96697168
62891.314987177,3.0402799,-0.96618268
62892.3149872245,3.0392168,-0.96776074
62893.314987272,3.038193,-0.96637994
62894.3149873195,3.0370119,-0.96578815
62895.314987367,3.0359094,-0.96618268
62896.3149874145,3.0348463,-0.96637994
62897.314987462,3.0337439,-0.96697168
62898.3149875095,3.0326021,-0.96697168
62899.314987557,3.0314996,-0.96697168
62900.3149876045,3.0303969,-0.96776074
62901.314987652,3.0292158,-0.96618268
62902.3149876995,3.0279558,-0.96598547
62903.314987747,3.0269716,-0.96716901
62904.3149877945,3.0258691,-0.96835242
62905.3149878419,3.0246878,-0.96598547
62906.3149878894,3.023546,-0.96736621
62907.3149879369,3.0224435,-0.96637994
62908.3149879844,3.0211835,-0.96716901
62909.3149880319,3.0201204,-0.96736621
62910.3149880794,3.0187817,-0.96637994
62911.3149881269,3.0176005,-0.96677448
62912.3149881744,3.0163798,-0.96657721
62913.3149882219,3.0153563,-0.96578815
62914.3149882694,3.0140963,-0.96637994
62915.3149883169,3.0127969,-0.96756348
62916.3149883644,3.0116551,-0.96637994
62917.3149884119,3.0104344,-0.96677448
62918.3149884594,3.0091746,-0.96657721
62919.3149885069,3.0078752,-0.96697168
62920.3149885544,3.0066545,-0.96657721
62921.3149886019,3.0055127,-0.96756348
62922.3149886494,3.0042529,-0.96756348
62923.3149886969,3.0029535,-0.96637994
62924.3149887444,3.0017722,-0.96736621
62925.3149887919,3.0005124,-0.96697168
62926.3149888394,2.9991736,-0.96736621
62927.3149888869,2.9980712,-0.96657721
62928.3149889344,2.9965749,-0.96677448
62929.3149889819,2.9952755,-0.96598547
62930.3149890294,2.9940944,-0.96578815
62931.3149890769,2.9927557,-0.96598547
62932.3149891244,2.9914563,-0.96736621
62933.3149891719,2.9902358,-0.96776074
62934.3149892194,2.9888971,-0.96637994
62935.3149892669,2.9874401,-0.96716901
62936.3149893144,2.986062,-0.96578815
62937.3149893619,2.9848809,-0.96618268
62938.3149894094,2.9834635,-0.96598547
62939.3149894569,2.9820065,-0.96697168
62940.3149895044,2.9806285,-0.96697168
62941.3149895519,2.9793291,-0.96637994
62942.3149895994,2.9778724,-0.96677448
62943.3149896469,2.976573,-0.96657721
62944.3149896943,2.9750767,-0.96618268
62945.3149897418,2.9738562,-0.96598547
62946.3149897893,2.9722812,-0.96716901
62947.3149898368,2.9709032,-0.96618268
62948.3149898843,2.9694464,-0.96559094
62949.3149899318,2.9680681,-0.96657721
62950.3149899793,2.9664538,-0.96677448
62951.3149900268,2.9650757,-0.96677448
62952.3149900743,2.9636977,-0.96677448
62953.3149901218,2.9621623,-0.96697168
62954.3149901693,2.9607446,-0.96637994
62955.3149902168,2.9592485,-0.96677448
62956.3149902643,2.9575949,-0.96677448
62957.3149903118,2.9562168,-0.96716901
62958.3149903593,2.9546812,-0.96637994
62959.3149904068,2.9531848,-0.96657721
62960.3149904543,2.9516888,-0.96637994
62961.3149905018,2.9499562,-0.96578815
62962.3149905493,2.9485781,-0.96736621
62963.3149905968,2.9469244,-0.96598547
62964.3149906443,2.9453495,-0.96618268
62965.3149906918,2.9437351,-0.96618268
62966.3149907393,2.9421601,-0.96598547
62967.3149907868,2.9405065,-0.96756348
62968.3149908343,2.938971,-0.96716901
62969.3149908818,2.9371598,-0.96736621
62970.3149909293,2.9356635,-0.96637994
62971.3149909768,2.9340098,-0.96756348
62972.3149910243,2.9323955,-0.96637994
62973.3149910718,2.9305844,-0.96618268
62974.3149911193,2.9289701,-0.96657721
62975.3149911668,2.9272375,-0.96657721
62976.3149912143,2.9255445,-0.96637994
62977.3149912618,2.9237726,-0.96657721
62978.3149913093,2.9220402,-0.96618268
62979.3149913568,2.9203472,-0.96618268
62980.3149914043,2.9185753,-0.96598547
62981.3149914518,2.9168823,-0.96677448
62982.3149914993,2.914953,-0.96677448
62983.3149915467,2.9131811,-0.96697168
62984.3149915942,2.9112911,-0.96756348
62985.3149916417,2.9094799,-0.96657721
62986.3149916892,2.9077475,-0.96657721
62987.3149917367,2.9058969,-0.96835242
62988.3149917842,2.9039283,-0.96716901
62989.3149918317,2.901999,-0.96499915
62990.3149918792,2.9001484,-0.96637994
62991.3149919267,2.8982584,-0.96559094
62992.3149919742,2.8962898,-0.96697168
62993.3149920217,2.8943999,-0.96598547
62994.3149920692,2.8923523,-0.96677448
62995.3149921167,2.8904231,-0.96697168
62996.3149921642,2.8884542,-0.96677448
62997.3149922117,2.8863282,-0.96618268
62998.3149922592,2.8843594,-0.96677448
62999.3149923067,2.8821938,-0.96795795
63000.3149923542,2.8801858,-0.96657721
63001.3149924017,2.8781776,-0.96618268
63002.3149924492,2.8760121,-0.96677448
63003.3149924967,2.8738465,-0.96578815
63004.3149925442,2.8717203,-0.96598547
63005.3149925917,2.8695943,-0.96559094
63006.3149926392,2.8674288,-0.96578815
63007.3149926867,2.8651056,-0.96598547
63008.3149927342,2.8629007,-0.96677448
63009.3149927817,2.8605776,-0.96618268
63010.3149928292,2.8583333,-0.96578815
63011.3149928767,2.8561285,-0.96519647
63012.3149929242,2.853766,-0.96519647
63013.3149929717,2.8513248,-0.96598547
63014.3149930192,2.8489623,-0.96637994
63015.3149930667,2.8466394,-0.96657721
63016.3149931142,2.8441586,-0.96657721
63017.3149931617,2.8417175,-0.96637994
63018.3149932092,2.8393157,-0.96578815
63019.3149932567,2.8367958,-0.96854974
63020.3149933042,2.8343153,-0.96578815
63021.3149933517,2.8317559,-0.96835242
63022.3149933992,2.8290784,-0.96598547
63023.3149934466,2.8265979,-0.96637994
63024.3149934941,2.8239205,-0.96677448
63025.3149935416,2.8210464,-0.96618268
63026.3149935891,2.8183296,-0.96697168
63027.3149936366,2.8155339,-0.96677448
63028.3149936841,2.8126991,-0.96618268
63029.3149937316,2.810061,-0.96716901
63030.3149937791,2.8070686,-0.96657721
63031.3149938266,2.8041549,-0.96756348
63032.3149938741,2.8010838,-0.96637994
63033.3149939216,2.7980125,-0.96736621
63034.3149939691,2.7948627,-0.96677448
63035.3149940166,2.7916734,-0.96618268
63036.3149940641,2.7885234,-0.96618268
63037.3149941116,2.7850585,-0.96677448
63038.3149941591,2.7816725,-0.96716901
63039.3149942066,2.7781682,-0.96716901
63040.3149942541,2.7745063,-0.96598547
63041.3149943016,2.7707264,-0.96677448
63042.3149943491,2.7668679,-0.96677448
63043.3149943966,2.7627337,-0.96677448
63044.3149944441,2.7585206,-0.96637994
63045.3149944916,2.7541108,-0.96598547
63046.3149945391,2.7494648,-0.96677448
63047.3149945866,2.7444642,-0.96578815
63048.3149946341,2.7393062,-0.96559094
63049.3149946816,2.7336757,-0.96657721
63050.3149947291,2.7275727,-0.96637994
63051.3149947766,2.7208397,-0.96618268
63052.3149948241,2.7134769,-0.96657721
63053.3149948716,2.7053659,-0.96578815
63054.3149949191,2.6961131,-0.96776074
63055.3149949666,2.6856396,-0.96618268
63056.3149950141,2.6737487,-0.96637994
63057.3149950616,2.6604009,-0.96637994
63058.3149951091,2.6454782,-0.96697168
63059.3149951566,2.6293745,-0.96716901
63060.3149952041,2.6121287,-0.96637994
63061.3149952516,2.5942135,-0.96677448
63062.314995299,2.5760229,-0.96657721
63063.3149953465,2.5577533,-0.96677448
63064.314995394,2.5392478,-0.96637994
63065.3149954415,2.5210569,-0.96618268
63066.314995489,2.5029056,-0.96637994
63066.4749954966,2.4999919,-0.96598547
63066.4769954967,2.4999526,-0.96697168
63066.5209954988,2.5361764,0
63126.5209983487,2.7146583,0
63186.5210011985,2.7559218,0
63246.5210040484,2.7784045,0
63306.5210068982,2.7933271,0
63366.5210097481,2.8041549,0
63426.5210125979,2.8126204,0
63486.5210154478,2.8195894,0
63546.5210182976,2.8253775,0
63606.5210211474,2.8301415,0
63666.5210239973,2.8343153,0
63726.5210268471,2.8377409,0
63786.521029697,2.840615,0
63846.5210325468,2.8432531,0
63906.5210353967,2.8454187,0
63966.5210382465,2.8472693,0
64026.5210410964,2.8490806,0
64086.5210439462,2.850498,0
64146.5210467961,2.8519154,0
64206.5210496459,2.8531361,0
64266.5210524958,2.8542385,0
64326.5210553456,2.8553016,0
64386.5210581955,2.8564041,0
64446.5210610453,2.8573489,0
64506.5210638952,2.8580971,0
64566.521066745,2.8588846,0
64626.5210695948,2.8597507,0
64686.5210724447,2.8603806,0
64746.5210752945,2.8610895,0
64806.5210781444,2.861995,0
64866.5210809942,2.8625858,0
64926.5210838441,2.8632157,0
64986.5210866939,2.8638456,0
65046.5210895438,2.8645937,0
65106.5210923936,2.865145,0
65166.5210952435,2.8656175,0
65226.5210980933,2.8663657,0
65286.5211009432,2.8669169,0
65346.521103793,2.8673892,0
65406.5211066429,2.8679011,0
65466.5211094927,2.8685312,0
65526.5211123426,2.8688855,0
65586.5211153337,2.8695548,0
65646.5211183512,2.869988,0
65706.5211213687,2.8704998,0
65766.5211243862,2.8709724,0
65826.5211274037,2.8714447,0
65886.5211304212,2.8720355,0
65946.5211334386,2.8723505,0
66006.5211364561,2.8727441,0
66066.5211394736,2.8732166,0
66126.5211424911,2.8736892,0
66186.5211455086,2.8740828,0
66246.5211485261,2.8744373,0
66306.5211515435,2.8749096,0
66366.521154561,2.8753822,0
66426.5211575785,2.8757761,0
66486.521160596,2.8761697,0
66546.5211636135,2.8765633,0
66606.521166631,2.8769572,0
66666.4611696456,2.8772721,0
66666.5191696484,2.8772328,0
