30.0080014253035,3.4059448,0
90.0080042751506,3.4059448,0
150.008007124997,3.4060235,0
210.008009974844,3.4059842,0
270.008012824691,3.4059842,0
330.008015674538,3.4059842,0
390.008018524386,3.4060628,0
450.008021374233,3.4060235,0
510.00802422408,3.4059842,0
570.008027073927,3.4059842,0
630.008029923774,3.4059842,0
690.008032773621,3.4060235,0
750.008035623468,3.4060235,0
810.008038473315,3.4060628,0
870.008041323162,3.4061418,0
930.008044173009,3.4059448,0
990.008047022856,3.4059842,0
1050.0080498727,3.4059842,0
1110.00805272255,3.4060235,0
1170.00805557239,3.4060628,0
1230.00805842224,3.4060235,0
1290.00806127209,3.4060628,0
1350.00806412193,3.4060628,0
1410.00806697178,3.4059448,0
1470.00806982163,3.4060235,0
1530.00807267148,3.4061418,0
1590.00807552132,3.4060235,0
1650.00807837117,3.4061418,0
1710.00808122102,3.4060628,0
1770.00808407086,3.4059842,0
1830.00808692071,3.4060235,0
1890.00808977056,3.4061811,0
1950.00809262041,3.4060235,0
2010.00809547025,3.4059842,0
2070.0080983201,3.4059842,0
2130.00810116995,3.4060235,0
2190.00810401979,3.4060628,0
2250.00810686964,3.4059842,0
2310.00810971949,3.4060628,0
2370.00811256934,3.4060628,0
2430.00811541918,3.4060235,0
2490.00811826903,3.4061418,0
2550.00812111888,3.4060235,0
2610.00812396872,3.4059448,0
2670.00812681857,3.4059448,0
2730.00812966842,3.4060628,0
2790.00813251826,3.4061022,0
2850.00813536811,3.4060235,0
2910.00813821796,3.4059842,0
2970.00814106781,3.4059448,0
3030.00814391765,3.4059842,0
3090.0081467675,3.4060628,0
3150.00814961735,3.4060628,0
3210.00815246719,3.4061022,0
3270.00815531704,3.4060235,0
3330.00815816689,3.4059448,0
3390.00816101674,3.4060235,0
3450.00816386658,3.4060628,0
3510.00816671643,3.4060235,0
3570.00816956628,3.4060628,0
3630.03217241726,3.361413,0
3630.03417241736,3.3573968,-0.78187054
3690.03417526721,2.9744074,-0.78326123
3750.03417811705,2.7918704,-0.78349622
3810.0341809669,2.5854726,-0.78331995
3833.47618208034,2.4999919,-0.78333954
3833.47818208043,2.5000312,-0.78328076
3833.51618208224,2.5647225,0
3893.51618493208,3.3454273,0
3953.51618778193,3.3616493,0
4013.51619063178,3.367831,0
4073.51619348162,3.371099,0
4133.51619633147,3.3731859,0
4193.51619918132,3.3747213,0
4253.51620203116,3.3758631,0
4313.51620488101,3.3767688,0
4373.51620773086,3.377517,0
4433.51621058071,3.3781469,0
4493.51621343055,3.3787374,0
4553.5162162804,3.3790131,0
4613.51621913025,3.3794463,0
4673.51622198009,3.3798006,0
4733.51622482994,3.3802731,0
4793.51622767979,3.3805094,0
4853.51623052964,3.3808243,0
4913.51623337948,3.3809817,0
4973.51623622933,3.3812969,0
5033.51623907918,3.3814149,0
5093.51624192902,3.3816118,0
5153.51624477887,3.3817692,0
5213.51624762872,3.3820055,0
5273.51625047856,3.3821237,0
5333.51625332841,3.38236,0
5393.51625617826,3.3824387,0
5453.51625902811,3.3826749,0
5513.51626187795,3.3827143,0
5573.5162647278,3.3828716,0
5633.51626757765,3.3830292,0
5693.51627042749,3.3830686,0
5753.51627327734,3.3831079,0
5813.51627612719,3.3833048,0
5873.51627897704,3.3833442,0
5933.51628182688,3.3834624,0
5993.51628467673,3.3835804,0
6053.51628752658,3.3836591,0
6113.51629037642,3.3838954,0
6173.51629322627,3.3839347,0
6233.51629607612,3.3839347,0
6293.51629892597,3.3839743,0
6353.51630177581,3.3840137,0
6413.51630462566,3.384171,0
6473.51630747551,3.3843286,0
6533.51631032535,3.3842893,0
6593.5163131752,3.384486,0
6653.51631602505,3.3842103,0
6713.51631887489,3.3845255,0
6773.51632172474,3.384486,0
6833.51632457459,3.3845649,0
6893.51632742444,3.3846042,0
6953.51633027428,3.3846042,0
7013.51633312413,3.3847222,0
7073.51633597398,3.3847616,0
7133.51633882382,3.3847616,0
7193.51634167367,3.3849978,0
7253.51634452352,3.3850372,0
7313.51634737337,3.3850372,0
7373.51635022321,3.3850372,0
7433.50835307268,3.4455156,0
7433.51035307277,3.4537053,1.116028
7493.51035592262,3.6501021,1.1736261
7553.51035877247,3.6578193,1.1736261
7613.51036162232,3.6633711,1.1754012
7673.51036447216,3.6699464,1.1736261
7733.51036732201,3.6771913,1.1736261
7793.51037017186,3.6846724,1.174415
7853.5103730217,3.6919959,1.1740205
7913.51037587155,3.6989651,1.1742178
7973.5103787214,3.705934,1.1748096
8033.51038157125,3.7127459,1.1752041
8093.51038442109,3.7193999,1.1738232
8153.51038727094,3.7256999,1.1748096
8213.51039012079,3.7312121,1.1736261
8273.51039297063,3.7360945,1.1750068
8333.51039582048,3.7404256,1.1736261
8393.51039867033,3.7444024,1.1748096
8453.51040152018,3.7484579,1.1738232
8513.51040437002,3.7523558,1.1746123
8573.51040721987,3.756057,1.1750068
8633.51041006972,3.7599156,1.1754012
8693.51041291956,3.7635381,1.1738232
8753.51041576941,3.7670424,1.174415
8813.51041861926,3.7708223,1.1746123
8873.5104214691,3.7746022,1.1748096
8933.51042431895,3.7785394,1.1742178
8993.5104271688,3.7826738,1.174415
9053.51043001865,3.7869263,1.1746123
9113.51043286849,3.7911391,1.174415
9173.51043571834,3.7953129,1.1742178
9233.51043856819,3.7995651,1.1746123
9293.51044141803,3.8040144,1.1734287
9353.51044426788,3.8087788,1.1750068
9413.51044711773,3.8134642,1.1750068
9473.51044996758,3.8181102,1.1740205
9533.51045281742,3.82252,1.1754012
9593.51045566727,3.827245,1.1755986
9653.51045851712,3.832088,1.1738232
9713.51046136696,3.836931,1.1752041
9773.51046421681,3.841892,1.1736261
9833.51046706666,3.8470106,1.1746123
9893.5104699165,3.8519323,1.1752041
9953.51047276635,3.8566179,1.1750068
10013.5104756162,3.8614609,1.1748096
10073.510478466,3.8665795,1.1748096
10133.5104813159,3.8716192,1.1748096
10193.5104841657,3.8769741,1.1752041
10253.5104870155,3.8821321,1.1740205
10313.5104898654,3.8871326,1.1740205
10373.5104927152,3.8923693,1.1754012
10433.5104955651,3.8977635,1.1742178
10493.5104984149,3.903276,1.1736261
10553.5105012648,3.9089851,1.1742178
10613.5105041146,3.9148123,1.174415
10673.5105069645,3.9208367,1.174415
10733.5105098143,3.9265852,1.1752041
10793.5105126642,3.9328456,1.174415
10853.510515514,3.9392636,1.1761903
10913.5105183639,3.9459178,1.1752041
10973.5105212137,3.9526901,1.1736261
11033.5105240636,3.9596198,1.1746123
11093.5105269134,3.9664316,1.1763876
11153.5105297633,3.9733219,1.1746123
11213.5105326131,3.9804091,1.1726398
11273.5105354629,3.9876933,1.174415
11333.5105383128,3.9949775,1.1752041
11393.5105411626,4.0021043,1.1755986
11453.5105440125,4.0092306,1.1757958
11513.5105468623,4.0159245,1.1742178
11573.5105497122,4.0227752,1.172048
11633.510552562,4.0295873,1.1748096
11693.5105554119,4.0361624,1.1738232
11753.5105582617,4.0428166,1.174415
11813.5105611116,4.0491953,1.1752041
11873.5105639614,4.0554953,1.1752041
11933.5105668113,4.0614014,1.1748096
11993.5105696611,4.0674648,1.1742178
12053.510572511,4.0732923,1.1748096
12113.5105753608,4.0790801,1.1732316
12173.5105782107,4.0850649,1.1742178
12233.5105810605,4.0906558,1.1754012
12293.5105839103,4.0962076,1.1757958
12353.5105867602,4.1016412,1.1740205
12413.51058961,4.107193,1.1755986
12473.5105924599,4.1128626,1.174415
12533.5105953097,4.1186509,1.1750068
12593.5105981596,4.124557,1.1736261
12653.5106010094,4.1305022,1.1750068
12713.5106038593,4.1365266,1.1740205
12773.5106067091,4.1426296,1.1752041
12833.510609559,4.1492834,1.1734287
12893.5106124088,4.1560559,1.1750068
12953.5106152587,4.1630645,1.1732316
13013.5106181085,4.1704273,1.1746123
13073.5106209584,4.1776328,1.1732316
13133.5106238082,4.1853108,1.1740205
13193.5106266581,4.1927915,1.175993
13245.8146291424,4.2000365,1.1734287
13245.8166291425,4.1998,1.1738232
13245.8326291432,4.1996427,1.171259
13305.8326319931,4.1998396,1.0751964
13365.8326348429,4.1997213,0.99195538
13425.8326376928,4.1997213,0.91660443
13485.8326405426,4.1997609,0.84657935
13545.8326433925,4.1998,0.78286639
13605.8326462423,4.1997213,0.72349298
13665.8326490921,4.1998396,0.67141797
13725.832651942,4.1996822,0.62190735
13785.8326547918,4.1997213,0.67531561
13845.8326576417,4.1999183,0.63806335
13905.8326604915,4.1997213,0.60402313
13965.8326633414,4.1997213,0.57335168
14025.8326661912,4.1998396,0.54557898
14085.8326690411,4.1999183,0.52015662
14145.8326718909,4.1996427,0.49696698
14205.8326747408,4.1997609,0.4773028
14265.8326775906,4.1997609,0.46016519
14325.8326804405,4.1998,0.44451611
14385.8326832903,4.1998396,0.43055142
14445.8326861402,4.1999183,0.41680215
14505.83268899,4.1998,0.4042868
14565.8326918399,4.1998396,0.393495
14625.8326946897,4.1998,0.383565
14685.8326975395,4.1997213,0.37381125
14745.8327003894,4.1997213,0.36527182
14805.8327032392,4.1998396,0.3563407
14865.8327060891,4.1998,0.34805588
14925.8327089389,4.1998,0.34020197
14985.8327117888,4.1998,0.33340567
15045.8327146386,4.1996822,0.32741241
15105.8327174885,4.1999183,0.3209491
15165.8327203383,4.1998396,0.31407443
15225.8327231882,4.1998,0.30790491
15285.832726038,4.1997213,0.30159827
15345.8327288879,4.1998396,0.29619257
15405.8327317377,4.1998,0.2908848
15465.8327345876,4.1998,0.28651718
15525.8327374374,4.1996822,0.28134653
15585.8327402873,4.1998396,0.27672427
15645.8327431371,4.1998396,0.27174945
15705.8327459869,4.1997609,0.26730347
15765.8327488368,4.1998792,0.26270081
15825.8327516866,4.1998,0.25860736
15885.8327545365,4.1998,0.25365215
15945.8327573863,4.1998,0.2494608
16005.8327602362,4.1997609,0.24476019
16065.832763086,4.1997213,0.24076468
16125.8327659359,4.1998,0.23598573
16185.8327687857,4.1998396,0.23214691
16245.8327716356,4.1998396,0.22799472
16305.8327744854,4.1998396,0.22423425
16365.8327773353,4.1998396,0.21965115
16425.8327801851,4.1998,0.2157144
16485.832783035,4.1997213,0.21130759
16545.8327858848,4.1998396,0.2072729
16605.8327887347,4.1997213,0.20274858
16665.8327915845,4.1997609,0.19863556
16725.8327944343,4.1997609,0.19479674
16785.8327972842,4.1998,0.19066412
16845.832800134,4.1997213,0.186414
16905.8328029839,4.1998792,0.18237932
16965.8328058337,4.1998,0.17803127
17025.8328086836,4.1998,0.17466249
17085.8328115334,4.1997609,0.17096075
17145.8328143833,4.1997213,0.16637769
17205.8328172331,4.1998396,0.16267595
17265.832820083,4.1998,0.15905257
17325.8328229328,4.1999183,0.155155
17385.8328257827,4.1998,0.15133575
17445.8328286325,4.1998,0.1475361
17505.8328314824,4.1998396,0.14450031
17565.8328343322,4.1997213,0.14083775
17625.8328371821,4.1998,0.13707727
17685.8328400319,4.1998,0.13366934
17745.8328428817,4.1997213,0.13010471
17805.8328457316,4.1997609,0.12689264
17865.8328485814,4.1998396,0.12385684
17925.8328514313,4.1997213,0.12054683
17985.8328542811,4.1998,0.11747186
18045.832857131,4.1998,0.11439688
18105.8328599808,4.1998,0.11140025
18165.8328628307,4.1997609,0.10854072
18225.8328656805,4.1996822,0.10573994
18285.8328685304,4.1998396,0.10297834
18345.8328713802,4.1998,0.10037342
18405.8328742301,4.1998,0.097376793
18465.8328770799,4.1998,0.094693527
18525.8328799298,4.1998396,0.091775246
18585.8328827796,4.1997213,0.089405357
18645.8328856295,4.1998,0.087642632
18705.8328884793,4.1998,0.084743927
18765.8328913291,4.1998396,0.082785339
18825.832894179,4.1998,0.079945396
18885.8328970288,4.1998792,0.078613564
18945.8328998787,4.1998396,0.076047813
19005.8329027285,4.1998,0.07369751
19065.8329055784,4.1998396,0.071680168
19125.8329084282,4.1998792,0.069702003
19185.8329112781,4.1997609,0.0674888
19245.8329141279,4.1998,0.065706497
19305.8329169778,4.1998,0.064061279
19365.8329198276,4.1998,0.062181046
19425.8329226775,4.1998,0.060242046
19446.582923663,4.1973591,0.016412783
19446.5849236631,4.1973591,0.018500666
19446.6209236648,4.1951146,0
19506.6209265147,4.1905475,0
19566.6209293645,4.189878,0
19626.6209322144,4.1895628,0
19686.6209350642,4.1894054,0
19746.6209379141,4.1890512,0
19806.6209407639,4.1887755,0
19866.6209436138,4.1886573,0
19926.6209464636,4.1885786,0
19986.6209493135,4.1883817,0
20046.6209521633,4.1881456,0
20106.6209550132,4.1882639,0
20166.620957863,4.1881456,0
20226.6209607129,4.1879487,0
20286.6209635627,4.18787,0
20346.6209664125,4.1877913,0
20406.6209692624,4.1876731,0
20466.6209721122,4.1875157,0
20526.6209749621,4.1874762,0
20586.6209778119,4.1874762,0
20646.6209806618,4.1874371,0
20706.6209835116,4.1873188,0
20766.6209863615,4.1872005,0
20826.6209892113,4.1871614,0
20886.6209920612,4.1870823,0
20946.620994911,4.1870036,0
21006.6209977609,4.1869249,0
21066.6210006107,4.1870036,0
21126.6210034606,4.1870432,0
21186.6210063104,4.1868854,0
21246.6210091603,4.1866493,0
21306.6210120101,4.1866889,0
21366.6210148599,4.1866889,0
21426.6210177098,4.1866097,0
21486.6210205596,4.1864524,0
21546.6210234095,4.1866097,0
21606.6210262593,4.1865311,0
21666.6210291092,4.1863737,0
21726.621031959,4.186295,0
21786.6210348089,4.1863737,0
21846.6210376587,4.1862164,0
21906.6210405086,4.1861377,0
21966.6210433584,4.1860194,0
22026.6210462083,4.1860194,0
22086.6210490581,4.1859798,0
22146.621051908,4.1859407,0
22206.6210547578,4.1856651,0
22266.6210576077,4.1859798,0
22326.6210604575,4.1856256,0
22386.6210633073,4.1856651,0
22446.6210661572,4.1854286,0
22506.621069007,4.1853895,0
22566.6210718569,4.1853499,0
22626.6210747067,4.1851926,0
22686.6210775566,4.185153,0
22746.6210804064,4.1850352,0
22806.6210832563,4.1849957,0
22866.6210861061,4.1848383,0
22926.621088956,4.1848383,0
22986.6210918058,4.1845627,0
23046.5610946528,4.184484,0
23046.6190946556,4.184484,0
23046.7450946616,3.9419017,-5.2237085
23046.8450946663,3.7899973,-5.2895913
23046.9450946711,3.7617269,-5.2866323
23047.0450946758,3.7507415,-5.28821
23047.1450946806,3.7448356,-5.2842656
23047.2450946853,3.7401893,-5.2842656
23047.3450946901,3.7365277,-5.2888022
23047.4450946948,3.7334564,-5.2870269
23047.5450946996,3.7308578,-5.2880137
23047.6450947043,3.7284167,-5.2844629
23047.7450947091,3.7264085,-5.2862378
23047.8450947138,3.7245579,-5.2848574
23047.9450947186,3.7227862,-5.2880137
23048.0450947233,3.7211719,-5.28821
23048.1450947281,3.7199907,-5.2891968
23048.2450947328,3.7188094,-5.2870269
23048.3450947376,3.7175889,-5.289394
23048.4450947423,3.7164075,-5.2870269
23048.5450947471,3.7153838,-5.2868296
23048.6450947518,3.7145965,-5.2809121
23048.7450947566,3.7134545,-5.2866323
23048.8450947613,3.7127066,-5.2889995
23048.9450947661,3.7118008,-5.2889995
23049.0450947708,3.7110133,-5.2895913
23049.1450947755,3.7103047,-5.2872241
23049.2450947803,3.7095172,-5.2876187
23049.345094785,3.7088871,-5.2872241
23049.4450947898,3.7081392,-5.2884072
23049.5450947945,3.7076273,-5.2901831
23049.6450947993,3.7070761,-5.2842656
23049.745094804,3.7064853,-5.2868296
23049.8450948088,3.7057767,-5.2878164
23049.9450948135,3.7052648,-5.2907749
23050.0450948183,3.7047136,-5.2860405
23050.145094823,3.7041624,-5.2903804
23050.2450948278,3.7038867,-5.285646
23050.3450948325,3.7032962,-5.288605
23050.4450948373,3.7027054,-5.2872241
23050.545094842,3.7024298,-5.2868296
23050.6450948468,3.7018785,-5.2870269
23050.7450948515,3.7016425,-5.2858433
23050.8450948563,3.7010517,-5.2870269
23050.945094861,3.7006581,-5.2803203
23051.0450948658,3.7002642,-5.2876187
23051.1450948705,3.6999493,-5.2901831
23051.2450948753,3.6995163,-5.2876187
23051.34509488,3.69928,-5.2876187
23051.4450948848,3.6988468,-5.2844629
23051.5450948895,3.6979413,-5.3152344
23051.6450948943,3.6981776,-5.2858433
23051.745094899,3.6977837,-5.2899858
23051.8450949038,3.697587,-5.2884072
23051.9450949085,3.6971931,-5.2864351
23052.0450949133,3.6968782,-5.2868296
23052.145094918,3.6966813,-5.2872241
23052.2450949228,3.6963663,-5.2840684
23052.3450949275,3.6961694,-5.2797285
23052.4450949323,3.6958544,-5.2870269
23052.545094937,3.6956182,-5.285646
23052.6450949418,3.6952639,-5.2870269
23052.7450949465,3.6950276,-5.2874214
23052.8450949513,3.694752,-5.2858433
23052.945094956,3.6944764,-5.28821
23053.0450949608,3.6943188,-5.2866323
23053.1450949655,3.6940827,-5.2866323
23053.2450949703,3.6941221,-5.280123
23053.345094975,3.6934919,-5.2895913
23053.4450949798,3.6933346,-5.28821
23053.5450949845,3.6933346,-5.2846602
23053.6450949893,3.6923895,-5.3039907
23053.745094994,3.692744,-5.2872241
23053.8450949988,3.6925471,-5.28821
23053.9450950035,3.6925077,-5.2880137
23054.0450950083,3.6921532,-5.289394
23054.145095013,3.6919565,-5.2870269
23054.2450950178,3.6918383,-5.2722329
23054.3450950225,3.691602,-5.2872241
23054.4450950273,3.6910901,-5.2911694
23054.545095032,3.691169,-5.2860405
23054.6450950368,3.6910901,-5.28821
23054.7450950415,3.6913264,-5.2757832
23054.8450950463,3.6907358,-5.2874214
23054.945095051,3.6906965,-5.2866323
23055.0450950558,3.6904995,-5.2872241
23055.1450950605,3.6902633,-5.2880137
23055.2450950653,3.6900666,-5.288605
23055.34509507,3.6890428,-5.3191797
23055.4450950748,3.689909,-5.2874214
23055.5450950795,3.689791,-5.2846602
23055.6450950843,3.689712,-5.2870269
23055.745095089,3.6895154,-5.2864351
23055.8450950938,3.6894758,-5.2866323
23055.9450950985,3.6892791,-5.28821
23056.0450951033,3.6890428,-5.289394
23056.145095108,3.6892791,-5.2789395
23056.2450951128,3.6888065,-5.2872241
23056.3450951175,3.6887279,-5.2878164
23056.4450951223,3.6886489,-5.2872241
23056.545095127,3.6884129,-5.2878164
23056.6450951318,3.6885703,-5.2874214
23056.7450951365,3.6884129,-5.28821
23056.8450951413,3.688216,-5.2874214
23056.945095146,3.688019,-5.2822925
23057.0450951508,3.6880584,-5.2889995
23057.1450951555,3.687901,-5.2884072
23057.2450951603,3.6881373,-5.279334
23057.345095165,3.6878614,-5.2959033
23057.4450951698,3.6877041,-5.2864351
23057.5450951745,3.6878221,-5.2858433
23057.6450951793,3.6877041,-5.2864351
23057.745095184,3.6874285,-5.2891968
23057.8450951888,3.6873891,-5.28821
23057.9450951935,3.6873102,-5.2862378
23058.0450951983,3.6871529,-5.2880137
23058.145095203,3.6871135,-5.2862378
23058.2450952078,3.6871135,-5.2868296
23058.3450952125,3.6869953,-5.2866323
23058.4450952173,3.6868773,-5.28821
23058.545095222,3.6869166,-5.2878164
23058.6450952268,3.6874285,-5.2665122
23058.7450952315,3.6869166,-5.2838711
23058.8450952363,3.6867986,-5.2880137
23058.945095241,3.6865623,-5.2874214
23059.0450952458,3.6866016,-5.2866323
23059.1450952505,3.6869166,-5.2777559
23059.2450952553,3.6866016,-5.2866323
23059.34509526,3.6864047,-5.2868296
23059.4450952648,3.686641,-5.2787422
23059.5450952695,3.686326,-5.2864351
23059.6450952743,3.6862471,-5.2876187
23059.745095279,3.6862078,-5.2872241
23059.8450952838,3.6862471,-5.2860405
23059.9450952885,3.6861684,-5.2880137
23060.0450952933,3.6865623,-5.2730215
23060.145095298,3.6861291,-5.2884072
23060.2450953028,3.6860504,-5.2961006
23060.3450953075,3.6860504,-5.2876187
23060.4450953123,3.6860504,-5.2872241
23060.545095317,3.6860504,-5.2864351
23060.6450953218,3.6860111,-5.2874214
23060.7450953265,3.6859322,-5.2870269
23060.8450953313,3.6857748,-5.288605
23060.945095336,3.6857355,-5.2911694
23061.0450953408,3.6851447,-5.3053716
23061.1450953455,3.6860111,-5.282687
23061.2450953503,3.6858141,-5.2860405
23061.345095355,3.6859715,-5.2850542
23061.4450953598,3.6857355,-5.2846602
23061.5450953645,3.6858535,-5.2870269
23061.6450953693,3.6856959,-5.2878164
23061.745095374,3.6858141,-5.2874214
23061.8450953788,3.6857748,-5.2866323
23061.9450953835,3.6857355,-5.2862378
23062.0450953883,3.6856172,-5.2860405
23062.145095393,3.6856959,-5.28821
23062.2450953978,3.6856959,-5.2858433
23062.3450954025,3.6857748,-5.2872241
23062.4450954073,3.6857355,-5.2880137
23062.545095412,3.6856565,-5.2880137
23062.6450954168,3.6858535,-5.2868296
23062.7450954215,3.684633,-5.3229268
23062.8450954263,3.6857355,-5.28821
23062.945095431,3.6856959,-5.2868296
23063.0450954358,3.6860898,-5.2639482
23063.1450954405,3.6847904,-5.3270693
23063.2450954453,3.6856565,-5.2880137
23063.34509545,3.6860111,-5.2791367
23063.4450954548,3.6864047,-5.2623701
23063.5450954595,3.6856959,-5.2876187
23063.6450954643,3.6856565,-5.2895913
23063.745095469,3.6856565,-5.2870269
23063.8450954738,3.6847904,-5.3229268
23063.9450954785,3.6857355,-5.2828843
23064.0450954833,3.6858141,-5.2876187
23064.145095488,3.6857748,-5.2874214
23064.2450954928,3.6857355,-5.28821
23064.3450954975,3.6857355,-5.2858433
23064.4450955023,3.6857748,-5.28821
23064.545095507,3.6858141,-5.2866323
23064.6450955118,3.6858535,-5.2876187
23064.7450955165,3.6860504,-5.2815039
23064.8450955213,3.6859322,-5.2876187
23064.945095526,3.6858535,-5.2820952
23065.0450955308,3.6860111,-5.2749946
23065.1450955355,3.6858928,-5.2870269
23065.2450955403,3.6862471,-5.2775586
23065.345095545,3.6864834,-5.2761777
23065.4450955498,3.6860111,-5.2858433
23065.5450955545,3.686326,-5.2795313
23065.6450955593,3.6860504,-5.2872241
23065.745095564,3.6861291,-5.2876187
23065.8450955688,3.6861684,-5.2870269
23065.9450955735,3.6862867,-5.2878164
23066.0450955783,3.6861684,-5.2870269
23066.145095583,3.6861684,-5.2903804
23066.2450955878,3.6862078,-5.2864351
23066.3450955925,3.6865623,-5.2742056
23066.4450955973,3.6861291,-5.2923525
23066.545095602,3.6862471,-5.2876187
23066.6450956068,3.6863654,-5.2870269
23066.7450956115,3.6864047,-5.2870269
23066.8450956163,3.6864834,-5.2868296
23066.945095621,3.686523,-5.2834766
23067.0450956258,3.686641,-5.2828843
23067.1450956305,3.6865623,-5.2876187
23067.2450956353,3.6864834,-5.2858433
23067.34509564,3.6864047,-5.2878164
23067.4450956448,3.6864834,-5.2866323
23067.5450956495,3.6866016,-5.2880137
23067.6450956543,3.686759,-5.2858433
23067.745095659,3.686641,-5.289394
23067.8450956638,3.6866803,-5.2862378
23067.9450956685,3.686759,-5.2878164
23068.0450956733,3.6867197,-5.288605
23068.145095678,3.6868773,-5.2866323
23068.2450956828,3.6869166,-5.2880137
23068.3450956875,3.6868773,-5.2866323
23068.4450956923,3.6868773,-5.2876187
23068.545095697,3.6870742,-5.2876187
23068.6450957018,3.6870346,-5.2901831
23068.7450957065,3.6871922,-5.2884072
23068.8450957112,3.6874285,-5.2720356
23068.945095716,3.6860898,-5.3288442
23069.0450957207,3.6871922,-5.2864351
23069.1450957255,3.6871529,-5.2874214
23069.2450957302,3.6871529,-5.288605
23069.345095735,3.6873102,-5.2872241
23069.4450957397,3.6873891,-5.2874214
23069.5450957445,3.6874285,-5.2880137
23069.6450957492,3.6874678,-5.2864351
23069.745095754,3.6873891,-5.2880137
23069.8450957587,3.6874678,-5.2888022
23069.9450957635,3.6875858,-5.2870269
23070.0450957682,3.6876254,-5.2889995
23070.145095773,3.6877041,-5.2874214
23070.2450957777,3.6877434,-5.2858433
23070.3450957825,3.6878221,-5.2874214
23070.4450957872,3.6868379,-5.3183901
23070.545095792,3.6878221,-5.2870269
23070.6450957967,3.6880584,-5.2872241
23070.7450958015,3.688019,-5.2864351
23070.8450958062,3.6880977,-5.2888022
23070.945095811,3.6881373,-5.2876187
23071.0450958157,3.6881766,-5.288605
23071.1450958205,3.6882946,-5.2878164
23071.2450958252,3.688216,-5.2874214
23071.34509583,3.6883733,-5.2878164
23071.4450958347,3.6883733,-5.2874214
23071.5450958395,3.6884129,-5.2888022
23071.6450958442,3.6884522,-5.2876187
23071.745095849,3.6888065,-5.2809121
23071.8450958537,3.6886489,-5.2864351
23071.9450958585,3.6886489,-5.2872241
23072.0450958632,3.6886096,-5.2878164
23072.145095868,3.6886885,-5.2876187
23072.2450958727,3.6887279,-5.2862378
23072.3450958775,3.6885309,-5.2866323
23072.4450958822,3.6891608,-5.2767695
23072.545095887,3.6890035,-5.2874214
23072.6450958917,3.6889641,-5.2878164
23072.7450958965,3.6893578,-5.2767695
23072.8450959012,3.6890821,-5.2874214
23072.945095906,3.6892397,-5.2874214
23073.0450959107,3.6892791,-5.2858433
23073.1450959155,3.6893184,-5.2874214
23073.2450959202,3.6894758,-5.2848574
23073.345095925,3.6893971,-5.2866323
23073.4450959297,3.6894758,-5.28821
23073.5450959345,3.6894758,-5.2864351
23073.6450959392,3.689594,-5.2858433
23073.745095944,3.6896334,-5.2878164
23073.8450959487,3.6896334,-5.2891968
23073.9450959535,3.689791,-5.28821
23074.0450959582,3.6898696,-5.2878164
23074.145095963,3.6898303,-5.2876187
23074.2450959677,3.6898303,-5.28821
23074.3450959725,3.6900272,-5.2889995
23074.4450959772,3.6901059,-5.2889995
23074.545095982,3.6903028,-5.2864351
23074.6450959867,3.6901846,-5.2874214
23074.7450959915,3.6902633,-5.2864351
23074.8450959962,3.6903422,-5.2870269
23074.945096001,3.6903028,-5.2844629
23075.0450960057,3.6904602,-5.28821
23075.1450960105,3.6905785,-5.2852515
23075.2450960152,3.6905389,-5.2870269
23075.34509602,3.6902633,-5.2931421
23075.4450960247,3.6906571,-5.2866323
23075.5450960295,3.6906178,-5.2878164
23075.6450960342,3.6908541,-5.2891968
23075.745096039,3.6908145,-5.2895913
23075.8450960437,3.6908934,-5.2866323
23075.9450960485,3.6909328,-5.2858433
23076.0450960532,3.6910901,-5.2866323
23076.145096058,3.6904995,-5.3022153
23076.2450960627,3.691602,-5.2740083
23076.3450960675,3.691287,-5.2870269
23076.4450960722,3.6913264,-5.2864351
23076.545096077,3.6902239,-5.3154316
23076.6450960817,3.691484,-5.2862378
23076.7430960864,3.6915233,-5.2897886
23076.7870960885,3.9723377,0
23076.8870960932,4.0347452,0
23076.987096098,4.0583301,0
23077.0870961027,4.0706148,0
23077.1870961075,4.0775838,0
23077.2870961122,4.0820723,0
23077.387096117,4.0854192,0
23077.4870961217,4.0877814,0
23077.5870961265,4.0899076,0
23077.6870961312,4.0915613,0
23077.787096136,4.0929394,0
23077.8870961407,4.094357,0
23077.9870961455,4.0951838,0
23078.0870961502,4.0964832,0
23078.187096155,4.0973101,0
23078.2870961597,4.0981369,0
23078.3870961645,4.0989637,0
23078.4870961692,4.0997906,0
23078.587096174,4.1006174,0
23078.6870961787,4.1012473,0
23078.7870961835,4.1018381,0
23078.8870961882,4.1025076,0
23078.987096193,4.1029801,0
23079.0870961977,4.1036491,0
23079.1870962025,4.1041613,0
23079.2870962072,4.1047125,0
23079.387096212,4.1052241,0
23079.4870962167,4.1058149,0
23079.5870962215,4.1062088,0
23079.6870962262,4.1066809,0
23079.787096231,4.1071143,0
23079.8870962357,4.1075869,0
23079.9870962405,4.1079412,0
23080.0870962452,4.1082954,0
23080.18709625,4.1088071,0
23080.2870962547,4.109201,0
23080.3870962595,4.1095161,0
23080.4870962642,4.1098704,0
23080.587096269,4.1103034,0
23080.6870962737,4.1106973,0
23080.7870962785,4.1109729,0
23080.8870962832,4.1113272,0
23080.987096288,4.1116815,0
23081.0870962927,4.1119967,0
23081.1870962975,4.1123114,0
23081.2870963022,4.112587,0
23081.387096307,4.1130204,0
23081.4870963117,4.1131382,0
23081.5870963165,4.1134534,0
23081.6870963212,4.1137686,0
23081.787096326,4.1141229,0
23081.8870963307,4.1145163,0
23081.9870963355,4.1145954,0
23082.0870963402,4.1150675,0
23082.187096345,4.1150675,0
23082.2870963497,4.1153827,0
23082.3870963545,4.1156187,0
23082.4870963592,4.1158552,0
23082.587096364,4.1162491,0
23082.6870963687,4.1165638,0
23082.7870963735,4.1167607,0
23082.8870963782,4.1169577,0
23082.987096383,4.1171937,0
23083.0870963877,4.1174302,0
23083.1870963925,4.1175089,0
23083.2870963972,4.1179419,0
23083.387096402,4.1181784,0
23083.4870964067,4.1182961,0
23083.5870964115,4.1185718,0
23083.6870964162,4.1187687,0
23083.787096421,4.1189656,0
23083.8870964257,4.1192412,0
23083.9870964305,4.1194382,0
23084.0870964352,4.1197925,0
23084.18709644,4.1197925,0
23084.2870964447,4.1199894,0
23084.3870964495,4.120265,0
23084.4870964542,4.1203437,0
23084.587096459,4.1203833,0
23084.6870964637,4.1208162,0
23084.7870964685,4.1209345,0
23084.8870964732,4.1212101,0
23084.987096478,4.1213284,0
23085.0870964827,4.1215644,0
23085.1870964875,4.1218004,0
23085.2870964922,4.12184,0
23085.387096497,4.122076,0
23085.4870965017,4.122273,0
23085.5870965065,4.1223516,0
23085.6870965112,4.1227064,0
23085.787096516,4.1227064,0
23085.8870965207,4.1229029,0
23085.9870965255,4.1231394,0
23086.0870965302,4.1232967,0
23086.187096535,4.1234937,0
23086.2870965397,4.1235723,0
23086.3870965444,4.1237297,0
23086.4870965492,4.1238875,0
23086.5870965539,4.1239662,0
23086.6870965587,4.1242418,0
23086.7870965634,4.1243601,0
23086.8870965682,4.1244388,0
23086.9870965729,4.1247931,0
23087.0870965777,4.1248326,0
23087.1870965824,4.1250291,0
23087.2870965872,4.1250291,0
23087.3870965919,4.125226,0
23087.4870965967,4.1253839,0
23087.5870966014,4.1255803,0
23087.6870966062,4.1256986,0
23087.7870966109,4.1257772,0
23087.8870966157,4.1261315,0
23087.9870966204,4.1260924,0
23088.0870966252,4.1263285,0
23088.1870966299,4.126368,0
23088.2870966347,4.1264467,0
23088.3870966394,4.1266437,0
23088.4870966442,4.1267223,0
23088.5870966489,4.1268406,0
23088.6870966537,4.1271553,0
23088.7870966584,4.1272736,0
23088.8870966632,4.1273522,0
23088.9870966679,4.1274705,0
23089.0870966727,4.1275096,0
23089.1870966774,4.1277065,0
23089.2870966822,4.1278644,0
23089.3870966869,4.1279035,0
23089.4870966917,4.1280217,0
23089.5870966964,4.1281004,0
23089.6870967012,4.1282187,0
23089.7870967059,4.1285334,0
23089.8870967107,4.1286125,0
23089.9870967154,4.1286912,0
23090.0870967202,4.1287699,0
23090.1870967249,4.1288486,0
23090.2870967297,4.1289668,0
23090.3870967344,4.1290455,0
23090.4870967392,4.1290846,0
23090.5870967439,4.1294394,0
23090.6870967487,4.1295571,0
23090.7870967534,4.1295967,0
23090.8870967582,4.1297541,0
23090.9870967629,4.1296754,0
23091.0870967677,4.1298327,0
23091.1870967724,4.1301084,0
23091.2870967772,4.1300693,0
23091.3870967819,4.130187,0
23091.4870967867,4.1302662,0
23091.5870967914,4.1303053,0
23091.6870967962,4.1305022,0
23091.7870968009,4.1306596,0
23091.8870968057,4.1306992,0
23091.9870968104,4.1308961,0
23092.0870968152,4.1308961,0
23092.1870968199,4.131093,0
23092.2870968247,4.1310534,0
23092.3870968294,4.1312504,0
23092.4870968342,4.1311717,0
23092.5870968389,4.1314077,0
23092.6870968437,4.1314864,0
23092.7870968484,4.1316442,0
23092.8870968532,4.1317229,0
23092.9870968579,4.131762,0
23093.0870968627,4.131959,0
23093.1870968674,4.1319985,0
23093.2870968722,4.1320376,0
23093.3870968769,4.1321955,0
23093.4870968817,4.1321955,0
23093.5870968864,4.1323528,0
23093.6870968912,4.1324315,0
23093.7870968959,4.1325498,0
23093.8870969007,4.1325102,0
23093.9870969054,4.1327467,0
23094.0870969102,4.1328254,0
23094.1870969149,4.1329041,0
23094.2870969197,4.1329436,0
23094.3870969244,4.1330614,0
23094.4870969292,4.133101,0
23094.5870969339,4.1332979,0
23094.6870969387,4.1333766,0
23094.7870969434,4.133337,0
23094.8870969482,4.1334157,0
23094.9870969529,4.133534,0
23095.0870969577,4.1336913,0
23095.1870969624,4.1336913,0
23095.2870969672,4.1339278,0
23095.3870969719,4.1338096,0
23095.4870969767,4.1338882,0
23095.5870969814,4.1341639,0
23095.6870969862,4.1341639,0
23095.7870969909,4.1341248,0
23095.8870969957,4.1342821,0
23095.9870970004,4.1345577,0
23096.0870970052,4.1343608,0
23096.1870970099,4.1345577,0
23096.2870970147,4.1346364,0
23096.3870970194,4.1347151,0
23096.4870970242,4.1347938,0
23096.5870970289,4.1349516,0
23096.6870970337,4.1349907,0
23096.7870970384,4.1350303,0
23096.8870970432,4.1350694,0
23096.9870970479,4.1351485,0
23097.0870970527,4.1352663,0
23097.1870970574,4.1353455,0
23097.2870970622,4.1353846,0
23097.3870970669,4.1354632,0
23097.4870970717,4.1355419,0
23097.5870970764,4.1356602,0
23097.6870970812,4.1357784,0
23097.7870970859,4.1356211,0
23097.8870970907,4.1358571,0
23097.9870970954,4.1358571,0
23098.0870971002,4.1360145,0
23098.1870971049,4.1360931,0
23098.2870971097,4.136054,0
23098.3870971144,4.1361723,0
23098.4870971192,4.136251,0
23098.5870971239,4.1362901,0
23098.6870971287,4.136487,0
23098.7870971334,4.1365657,0
23098.8870971382,4.1365657,0
23098.9870971429,4.1366053,0
23099.0870971477,4.1365657,0
23099.1870971524,4.1367235,0
23099.2870971572,4.1367626,0
23099.3870971619,4.1366444,0
23099.4870971667,4.1367235,0
23099.5870971714,4.1369991,0
23099.6870971762,4.1371956,0
23099.7870971809,4.1372352,0
23099.8870971857,4.1371956,0
23099.9870971904,4.1372747,0
23100.0870971952,4.1372747,0
23100.1870971999,4.1373534,0
23100.2870972047,4.1375108,0
23100.3870972094,4.1376681,0
23100.4870972142,4.1374321,0
23100.5870972189,4.137629,0
23100.6870972237,4.1377864,0
23100.7870972284,4.1377077,0
23100.8870972332,4.1378651,0
23100.9870972379,4.1379046,0
23101.0870972427,4.1380224,0
23101.1870972474,4.1379833,0
23101.2870972522,4.138062,0
23101.3870972569,4.1381407,0
23101.4870972617,4.1382589,0
23101.5870972664,4.1382194,0
23101.6870972712,4.138298,0
23101.7870972759,4.1384163,0
23101.8870972807,4.138495,0
23101.9870972854,4.1384559,0
23102.0870972902,4.138495,0
23102.1870972949,4.1386528,0
23102.2870972997,4.1387315,0
23102.3870973044,4.1387315,0
23102.4870973092,4.1387315,0
23102.5870973139,4.1388493,0
23102.6870973187,4.1388102,0
23102.7870973234,4.1390071,0
23102.8870973282,4.1389675,0
23102.9870973329,4.1389284,0
23103.0870973377,4.1391253,0
23103.1870973424,4.1391253,0
23103.2870973472,4.1391644,0
23103.3870973519,4.1392431,0
23103.4870973567,4.1392827,0
23103.5870973614,4.1394401,0
23103.6870973662,4.139401,0
23103.7870973709,4.1394401,0
23103.8870973757,4.1396766,0
23103.9870973804,4.139637,0
23104.0870973852,4.139637,0
23104.1870973899,4.139637,0
23104.2870973947,4.1397552,0
23104.3870973994,4.1398339,0
23104.4870974042,4.1398339,0
23104.5870974089,4.1399126,0
23104.6870974137,4.1399126,0
23104.7870974184,4.1400309,0
23104.8870974232,4.14007,0
23104.9870974279,4.1401486,0
23105.0870974327,4.1402278,0
23105.1870974374,4.1403456,0
23105.2870974422,4.1403065,0
23105.3870974469,4.1403456,0
23105.4870974517,4.1404243,0
23105.5870974564,4.1405821,0
23105.6870974612,4.1405821,0
23105.7870974659,4.1405821,0
23105.8870974707,4.1405425,0
23105.9870974754,4.1406999,0
23106.0870974801,4.1407394,0
23106.1870974849,4.1408181,0
23106.2870974896,4.1408577,0
23106.3870974944,4.1409755,0
23106.4870974991,4.1408968,0
23106.5870975039,4.1408968,0
23106.6870975086,4.1410151,0
23106.7870975134,4.1410546,0
23106.8870975181,4.1410151,0
23106.9870975229,4.1410151,0
23107.0870975276,4.1411724,0
23107.1870975324,4.1412511,0
23107.2870975371,4.1410937,0
23107.3870975419,4.141212,0
23107.4870975466,4.1413693,0
23107.5870975514,4.141448,0
23107.6870975561,4.1414089,0
23107.7870975609,4.1414876,0
23107.8870975656,4.141448,0
23107.9870975704,4.1415663,0
23108.0870975751,4.141645,0
23108.1870975799,4.141645,0
23108.2870975846,4.1418815,0
23108.3870975894,4.1419206,0
23108.4870975941,4.1419206,0
23108.5870975989,4.1417632,0
23108.6870976036,4.1418023,0
23108.7870976084,4.1419601,0
23108.8870976131,4.1420388,0
23108.9870976179,4.1419992,0
23109.0870976226,4.1420388,0
23109.1870976274,4.1421962,0
23109.2870976321,4.1421571,0
23109.3870976369,4.1421962,0
23109.4870976416,4.1421175,0
23109.5870976464,4.1423144,0
23109.6870976511,4.1423144,0
23109.7870976559,4.1423535,0
23109.8870976606,4.1424718,0
23109.9870976654,4.1424718,0
23110.0870976701,4.1425114,0
23110.1870976749,4.1425505,0
23110.2870976796,4.1425505,0
23110.3870976844,4.1427083,0
23110.4870976891,4.1427083,0
23110.5870976939,4.1426296,0
23110.6870976986,4.1428261,0
23110.7870977034,4.1428657,0
23110.8870977081,4.1427474,0
23110.9870977129,4.1428657,0
23111.0870977176,4.1428657,0
23111.1870977224,4.143023,0
23111.2870977271,4.1429443,0
23111.3870977319,4.143023,0
23111.4870977366,4.1431017,0
23111.5870977414,4.1432595,0
23111.6870977461,4.1430626,0
23111.7870977509,4.1432595,0
23111.8870977556,4.1432595,0
23111.9870977604,4.1432199,0
23112.0870977651,4.1432986,0
23112.1870977699,4.1433773,0
23112.2870977746,4.1434169,0
23112.3870977794,4.1434565,0
23112.4870977841,4.1434956,0
23112.5870977889,4.1436138,0
23112.6870977936,4.1434565,0
23112.7870977984,4.1436529,0
23112.8870978031,4.1436925,0
23112.9870978079,4.1437321,0
23113.0870978126,4.1437712,0
23113.1870978174,4.1438107,0
23113.2870978221,4.1438107,0
23113.3870978269,4.1438107,0
23113.4870978316,4.1438498,0
23113.5870978364,4.1439285,0
23113.6870978411,4.1439285,0
23113.7870978459,4.1438894,0
23113.8870978506,4.1441255,0
23113.9870978554,4.1441255,0
23114.0870978601,4.144165,0
23114.1870978649,4.1440864,0
23114.2870978696,4.1442041,0
23114.3870978744,4.1442833,0
23114.4870978791,4.144165,0
23114.5870978839,4.1442437,0
23114.6870978886,4.1443224,0
23114.7870978934,4.1444407,0
23114.8870978981,4.1444407,0
23114.9870979029,4.1444011,0
23115.0870979076,4.1444011,0
23115.1870979124,4.1445589,0
23115.2870979171,4.1445193,0
23115.3870979219,4.144598,0
23115.4870979266,4.144598,0
23115.5870979314,4.144362,0
23115.6870979361,4.1446767,0
23115.7870979409,4.1446376,0
23115.8870979456,4.1448345,0
23115.9870979504,4.1447163,0
23116.0870979551,4.1447163,0
23116.1870979599,4.1447949,0
23116.2870979646,4.1448345,0
23116.3870979694,4.1449523,0
23116.4870979741,4.1449132,0
23116.5870979789,4.1449919,0
23116.6870979836,4.145031,0
23116.8190979899,4.3102832,0
23116.82109799,4.3279619,3.8213628
23116.9210979947,4.4498634,3.9618076
23117.0210979995,4.4677391,3.9635828
23117.1210980042,4.4742751,3.9639773
23117.221098009,4.4778976,3.9643718
23117.3210980137,4.4803782,3.9647664
23117.4210980185,4.4825044,3.9649636
23117.5210980232,4.484355,3.9649636
23117.621098028,4.4858117,3.9643718
23117.7210980327,4.4872293,3.9657527
23117.8210980375,4.4884105,3.9655554
23117.9210980422,4.4895916,3.9649636
23118.021098047,4.4908123,3.9657527
23118.1210980517,4.4917574,3.9651606
23118.2210980565,4.4926233,3.9649636
23118.3210980612,4.4934897,3.9649636
23118.421098066,4.494277,3.96595
23118.5210980707,4.495183,3.9639773
23118.6210980755,4.4959702,3.9651606
23118.7210980802,4.4966002,3.9655554
23118.821098085,4.4974666,3.9661472
23118.9210980897,4.4980569,3.9657527
23119.0210980945,4.4987659,3.9653579
23119.1210980992,4.4993172,3.9655554
23119.221098104,4.5000257,3.9635828
23119.3210981087,4.5004587,3.9651606
23119.4210981135,4.5012069,3.9641746
23119.5210981182,4.5016007,3.9651606
23119.621098123,4.5023093,3.9645691
23119.7210981277,4.5027428,3.96595
23119.8210981325,4.503294,3.9655554
23119.9210981372,4.503727,3.9651606
23120.021098142,4.5043178,3.9653579
23120.1210981467,4.5047898,3.9643718
23120.2210981515,4.5052233,3.9651606
23120.3210981562,4.5056562,3.9641746
23120.421098161,4.506247,3.96378
23120.5210981657,4.5066404,3.9645691
23120.6210981705,4.5070343,3.9647664
23120.7210981752,4.5074673,3.9645691
23120.82109818,4.5077825,3.9651606
23120.9210981847,4.5083337,3.9683169
23121.0210981895,4.5088062,3.9643718
23121.1210981942,4.5090423,3.9641746
23121.221098199,4.5095544,3.9651606
23121.3210982037,4.5098691,3.9653579
23121.4210982085,4.5102239,3.96595
23121.5210982132,4.5106173,3.9622019
23121.621098218,4.5110507,3.9651606
23121.7210982227,4.511405,3.9645691
23121.8210982275,4.5115623,3.9647664
23121.9210982322,4.5121136,3.9645691
23122.021098237,4.5124679,3.9647664
23122.1210982417,4.5127831,3.9651606
23122.2210982465,4.5131764,3.9657527
23122.3210982512,4.5134521,3.9649636
23122.421098256,4.5138459,3.9653579
23122.5210982607,4.5142002,3.9653579
23122.6210982655,4.5144367,3.9649636
23122.7210982702,4.5148697,3.9651606
23122.821098275,4.5151849,3.9645691
23122.9210982797,4.5154605,3.9641746
23123.0210982845,4.5157752,3.9645691
23123.1210982892,4.5160508,3.9649636
23123.221098294,4.516366,3.9655554
23123.3210982987,4.5167599,3.9651606
23123.4210983035,4.5170355,3.9655554
23123.5210983082,4.5174289,3.96595
23123.621098313,4.5175867,3.9657527
23123.7210983177,4.5178227,3.9661472
23123.8210983225,4.5181379,3.9655554
23123.9210983272,4.5184922,3.9649636
23124.021098332,4.5186892,3.9657527
23124.1210983367,4.5189648,3.9649636
23124.2210983415,4.5192404,3.9651606
23124.3210983462,4.5195551,3.9663445
23124.421098351,4.5198307,3.9649636
23124.5210983557,4.5200672,3.9620046
23124.6210983605,4.5203819,3.96595
23124.7210983652,4.5205398,3.9649636
23124.82109837,4.5207758,3.9649636
23124.9210983747,4.5211301,3.9649636
23125.0210983795,4.521327,3.9653579
23125.1210983842,4.5217209,3.9651606
23125.221098389,4.5218391,3.9663445
23125.3210983937,4.5221539,3.9653579
23125.4210983985,4.5223904,3.96378
23125.5210984032,4.5227447,3.9653579
23125.621098408,4.5229416,3.9643718
23125.7210984127,4.523138,3.96595
23125.8210984175,4.5232959,3.9657527
23125.9210984222,4.5235715,3.9651606
23126.021098427,4.5238471,3.9655554
23126.1210984317,4.524044,3.9649636
23126.2210984365,4.5243196,3.9649636
23126.3210984412,4.5246739,3.9649636
23126.421098446,4.524713,3.9655554
23126.5210984507,4.5250678,3.9629912
23126.6210984555,4.5252252,3.9651606
23126.7210984602,4.5255008,3.9643718
23126.8190984649,4.5256977,3.9629912
23126.863098467,4.2855172,0
23126.9630984717,4.2330317,0
23127.0630984765,4.217597,0
23127.1630984812,4.210392,0
23127.263098486,4.2061396,0
23127.3630984907,4.2033439,0
23127.4630984955,4.2010603,0
23127.5630985002,4.1992884,0
23127.663098505,4.1980286,0
23127.7630985097,4.1964536,0
23127.8630985145,4.1953902,0
23127.9630985192,4.1943274,0
23128.063098524,4.1935396,0
23128.1630985287,4.192595,0
23128.2630985335,4.1919646,0
23128.3630985382,4.1912169,0
23128.463098543,4.1905079,0
23128.5630985477,4.1900353,0
23128.6630985525,4.1894054,0
23128.7630985572,4.1889329,0
23128.863098562,4.1883426,0
23128.9630985667,4.18787,0
23129.0630985715,4.1874762,0
23129.1630985762,4.1870036,0
23129.263098581,4.186728,0
23129.3630985857,4.1861768,0
23129.4630985905,4.1859407,0
23129.5630985952,4.1856256,0
23129.6630985999,4.1851139,0
23129.7630986047,4.1848774,0
23129.8630986094,4.1846018,0
23129.9630986142,4.1842475,0
23130.0630986189,4.1840901,0
23130.1630986237,4.1837358,0
23130.2630986284,4.1834207,0
23130.3630986332,4.1831846,0
23130.4630986379,4.1828694,0
23130.5630986427,4.1827512,0
23130.6630986474,4.1825151,0
23130.7630986522,4.1823182,0
23130.8630986569,4.1821213,0
23130.9630986617,4.1818457,0
23131.0630986664,4.1815701,0
23131.1630986712,4.1814127,0
23131.2630986759,4.1812944,0
23131.3630986807,4.1810188,0
23131.4630986854,4.1808219,0
23131.5630986902,4.180625,0
23131.6630986949,4.1803493,0
23131.7630986997,4.1803493,0
23131.8630987044,4.180192,0
23131.9630987092,4.1799164,0
23132.0630987139,4.1796408,0
23132.1630987187,4.1796803,0
23132.2630987234,4.1794834,0
23132.3630987282,4.1793652,0
23132.4630987329,4.1792469,0
23132.5630987377,4.1790109,0
23132.6630987424,4.1787744,0
23132.7630987472,4.1787353,0
23132.8630987519,4.1787353,0
23132.9630987567,4.1784987,0
23133.0630987614,4.1783414,0
23133.1630987662,4.178184,0
23133.2630987709,4.1781054,0
23133.3630987757,4.1780658,0
23133.4630987804,4.1779475,0
23133.5630987852,4.1778688,0
23133.6630987899,4.1776328,0
23133.7630987947,4.1774755,0
23133.8630987994,4.1772785,0
23133.9630988042,4.1772785,0
23134.0630988089,4.1771207,0
23134.1630988137,4.177042,0
23134.2630988184,4.1769242,0
23134.3630988232,4.1768847,0
23134.4630988279,4.176806,0
23134.5630988327,4.176609,0
23134.6630988374,4.1765695,0
23134.7630988422,4.1764517,0
23134.8630988469,4.1762938,0
23134.9630988517,4.1762152,0
23135.0630988564,4.1761365,0
23135.1630988612,4.1762152,0
23135.2630988659,4.1759396,0
23135.3630988707,4.1758213,0
23135.4630988754,4.1757822,0
23135.5630988802,4.1757035,0
23135.6630988849,4.1755853,0
23135.7630988897,4.1755066,0
23135.8630988944,4.1754279,0
23135.9630988992,4.1754279,0
23136.0630989039,4.1752701,0
23136.1630989087,4.1753883,0
23136.2630989134,4.1751914,0
23136.3630989182,4.1751523,0
23136.4630989229,4.175034,0
23136.5630989277,4.1749945,0
23136.6630989324,4.1749158,0
23136.7630989372,4.1748371,0
23136.8630989419,4.1747584,0
23136.9630989467,4.1746798,0
23137.0630989514,4.1745224,0
23137.1630989562,4.1744828,0
23137.2630989609,4.1744432,0
23137.3630989657,4.1743255,0
23137.4630989704,4.1742859,0
23137.5630989752,4.1742468,0
23137.6630989799,4.1742859,0
23137.7630989847,4.174089,0
23137.8630989894,4.1739712,0
23137.9630989942,4.173892,0
23138.0630989989,4.1738529,0
23138.1630990037,4.1737742,0
23138.2630990084,4.1737347,0
23138.3630990132,4.1735773,0
23138.4630990179,4.1736164,0
23138.5630990227,4.1734986,0
23138.6630990274,4.1734591,0
23138.7630990322,4.1735773,0
23138.8630990369,4.1733804,0
23138.9630990417,4.1735377,0
23139.0630990464,4.1733408,0
23139.1630990512,4.1732621,0
23139.2630990559,4.1731834,0
23139.3630990607,4.1731834,0
23139.4630990654,4.1730652,0
23139.5630990702,4.1730652,0
23139.6630990749,4.1731048,0
23139.7630990797,4.1729078,0
23139.8630990844,4.1729474,0
23139.9630990892,4.1727896,0
23140.0630990939,4.1727505,0
23140.1630990987,4.1726718,0
23140.2630991034,4.1726718,0
23140.3630991082,4.1726718,0
23140.4630991129,4.1724749,0
23140.5630991177,4.172514,0
23140.6630991224,4.1725931,0
23140.7630991272,4.1723566,0
23140.8630991319,4.1724353,0
23140.9630991367,4.1723566,0
23141.0630991414,4.1723175,0
23141.1630991462,4.1723175,0
23141.2630991509,4.1721992,0
23141.3630991557,4.1721206,0
23141.4630991604,4.1721992,0
23141.5630991652,4.172081,0
23141.6630991699,4.172081,0
23141.7630991747,4.1720023,0
23141.8630991794,4.1719627,0
23141.9630991842,4.1719236,0
23142.0630991889,4.1719236,0
23142.1630991937,4.1719236,0
23142.2630991984,4.1717658,0
23142.3630992032,4.1717658,0
23142.4630992079,4.1717658,0
23142.5630992127,4.1718054,0
23142.6630992174,4.1717267,0
23142.7630992222,4.1716871,0
23142.8630992269,4.1715693,0
23142.9630992317,4.1716871,0
23143.0630992364,4.1715298,0
23143.1630992412,4.1714902,0
23143.2630992459,4.1715298,0
23143.3630992507,4.1714511,0
23143.4630992554,4.1715693,0
23143.5630992602,4.1713328,0
23143.6630992649,4.1713724,0
23143.7630992697,4.1712937,0
23143.8630992744,4.1713328,0
23143.9630992792,4.1711359,0
23144.0630992839,4.1712146,0
23144.1630992887,4.1711359,0
23144.2630992934,4.1711359,0
23144.3630992982,4.1710181,0
23144.4630993029,4.1711359,0
23144.5630993077,4.1709785,0
23144.6630993124,4.1709785,0
23144.7630993172,4.1710968,0
23144.8630993219,4.1708603,0
23144.9630993267,4.170939,0
23145.0630993314,4.1709785,0
23145.1630993362,4.1708212,0
23145.2630993409,4.1708212,0
23145.3630993457,4.1707816,0
23145.4630993504,4.1707816,0
23145.5630993552,4.1707029,0
23145.6630993599,4.1707816,0
23145.7630993647,4.1707425,0
23145.8630993694,4.1707425,0
23145.9630993742,4.1705847,0
23146.0630993789,4.1705847,0
23146.1630993837,4.170506,0
23146.2630993884,4.1705456,0
23146.3630993932,4.1703877,0
23146.4630993979,4.1705456,0
23146.5630994027,4.170506,0
23146.6630994074,4.170506,0
23146.7630994122,4.1704669,0
23146.8630994169,4.1704273,0
23146.9630994217,4.17027,0
23147.0630994264,4.1703486,0
23147.1630994312,4.1703486,0
23147.2630994359,4.1703877,0
23147.3630994407,4.17027,0
23147.4630994454,4.17027,0
23147.5630994502,4.170073,0
23147.6630994549,4.1701517,0
23147.7630994597,4.1702304,0
23147.8630994644,4.1702304,0
23147.9630994692,4.170073,0
23148.0630994739,4.1701121,0
23148.1630994787,4.1702304,0
23148.2630994834,4.1701121,0
23148.3630994882,4.1700335,0
23148.4630994929,4.1700335,0
23148.5630994977,4.1700335,0
23148.6630995024,4.1699944,0
23148.7630995072,4.1698365,0
23148.8630995119,4.170073,0
23148.9630995167,4.1699548,0
23149.0630995214,4.1697974,0
23149.1630995261,4.1698761,0
23149.2630995309,4.1699157,0
23149.3630995356,4.1697578,0
23149.4630995404,4.1698761,0
23149.5630995451,4.1698761,0
23149.6630995499,4.1697974,0
23149.7630995546,4.1697578,0
23149.8630995594,4.1697187,0
23149.9630995641,4.1696401,0
23150.0630995689,4.1696401,0
23150.1630995736,4.1697187,0
23150.2630995784,4.1698761,0
23150.3630995831,4.1696792,0
23150.4630995879,4.1696792,0
23150.5630995926,4.1696005,0
23150.6630995974,4.1697187,0
23150.7630996021,4.1695609,0
23150.8630996069,4.1696792,0
23150.9630996116,4.1696792,0
23151.0630996164,4.1695218,0
23151.1630996211,4.1695218,0
23151.2630996259,4.1694822,0
23151.3630996306,4.1695218,0
23151.4630996354,4.1694036,0
23151.5630996401,4.1694431,0
23151.6630996449,4.1694431,0
23151.7630996496,4.1694431,0
23151.8630996544,4.1692853,0
23151.9630996591,4.1694431,0
23152.0630996639,4.1692853,0
23152.1630996686,4.1693645,0
23152.2630996734,4.1694036,0
23152.3630996781,4.1693249,0
23152.4630996829,4.1691675,0
23152.5630996876,4.1691279,0
23152.6630996924,4.1693645,0
23152.7630996971,4.1691675,0
23152.8630997019,4.1692853,0
23152.9630997066,4.1692853,0
23153.0630997114,4.1691675,0
23153.1630997161,4.1691279,0
23153.2630997209,4.1693645,0
23153.3630997256,4.1692066,0
23153.4630997304,4.1690888,0
23153.5630997351,4.1690888,0
23153.6630997399,4.1691279,0
23153.7630997446,4.1690888,0
23153.8630997494,4.1690888,0
23153.9630997541,4.1691279,0
23154.0630997589,4.1690493,0
23154.1630997636,4.1690888,0
23154.2630997684,4.1691675,0
23154.3630997731,4.1688919,0
23154.4630997779,4.1690493,0
23154.5630997826,4.1690493,0
23154.6630997874,4.1688919,0
23154.7630997921,4.1689706,0
23154.8630997969,4.1690888,0
23154.9630998016,4.1690097,0
23155.0630998064,4.168931,0
23155.1630998111,4.168931,0
23155.2630998159,4.1688919,0
23155.3630998206,4.168931,0
23155.4630998254,4.1688132,0
23155.5630998301,4.168931,0
23155.6630998349,4.1688132,0
23155.7630998396,4.1687737,0
23155.8630998444,4.1687737,0
23155.9630998491,4.1690097,0
23156.0630998539,4.1687341,0
23156.1630998586,4.168695,0
23156.2630998634,4.1687737,0
23156.3630998681,4.168695,0
23156.4630998729,4.168695,0
23156.5630998776,4.1687341,0
23156.6630998824,4.1688132,0
23156.7630998871,4.1687341,0
23156.8630998919,4.168695,0
23156.9630998966,4.1687737,0
23157.0630999014,4.1687341,0
23157.1630999061,4.1686554,0
23157.2630999109,4.1688523,0
23157.3630999156,4.168695,0
23157.4630999204,4.1687341,0
23157.5630999251,4.1686163,0
23157.6630999299,4.1685767,0
23157.7630999346,4.1686163,0
23157.8630999394,4.1686163,0
23157.9630999441,4.1686554,0
23158.0630999489,4.1685767,0
23158.1630999536,4.168498,0
23158.2630999584,4.1686554,0
23158.3630999631,4.1686554,0
23158.4630999679,4.1685767,0
23158.5630999726,4.1685767,0
23158.6630999774,4.1685767,0
23158.7630999821,4.1685767,0
23158.8630999869,4.1685767,0
23158.9630999916,4.1686554,0
23159.0630999964,4.1685767,0
23159.1631000011,4.1684194,0
23159.2631000059,4.168498,0
23159.3631000106,4.1684585,0
23159.4631000154,4.1683798,0
23159.5631000201,4.1685371,0
23159.6631000249,4.1683798,0
23159.7631000296,4.168498,0
23159.8631000344,4.1683798,0
23159.9631000391,4.1683798,0
23160.0631000439,4.1684194,0
23160.1631000486,4.168498,0
23160.2631000534,4.168498,0
23160.3631000581,4.1683798,0
23160.4631000629,4.1684194,0
23160.5631000676,4.1683798,0
23160.6631000724,4.1683798,0
23160.7631000771,4.1684585,0
23160.8631000819,4.1683798,0
23160.9631000866,4.1684585,0
23161.0631000914,4.1684194,0
23161.1631000961,4.1684194,0
23161.2631001009,4.1682224,0
23161.3631001056,4.1684194,0
23161.4631001104,4.1683798,0
23161.5631001151,4.1683011,0
23161.6631001199,4.1683798,0
23161.7631001246,4.1682615,0
23161.8631001294,4.1683011,0
23161.9631001341,4.1682615,0
23162.0631001389,4.1683407,0
23162.1631001436,4.1683011,0
23162.2631001484,4.1683011,0
23162.3631001531,4.1681828,0
23162.4631001579,4.1682224,0
23162.5631001626,4.1682615,0
23162.6631001674,4.1682224,0
23162.7631001721,4.1682615,0
23162.8631001769,4.1682615,0
23162.9631001816,4.1682615,0
23163.0631001864,4.1683011,0
23163.1631001911,4.1683011,0
23163.2631001959,4.1682224,0
23163.3631002006,4.1681437,0
23163.4631002054,4.1682615,0
23163.5631002101,4.1682615,0
23163.6631002149,4.1681042,0
23163.7631002196,4.1681042,0
23163.8631002244,4.1681828,0
23163.9631002291,4.1681042,0
23164.0631002339,4.1681042,0
23164.1631002386,4.1680255,0
23164.2631002434,4.1681437,0
23164.3631002481,4.1681437,0
23164.4631002529,4.1681437,0
23164.5631002576,4.1681828,0
23164.6631002624,4.1681828,0
23164.7631002671,4.1681042,0
23164.8631002719,4.1679859,0
23164.9631002766,4.1680651,0
23165.0631002814,4.1681437,0
23165.1631002861,4.1681437,0
23165.2631002909,4.1681437,0
23165.3631002956,4.1679859,0
23165.4631003004,4.1680651,0
23165.5631003051,4.1680255,0
23165.6631003099,4.1679859,0
23165.7631003146,4.1680651,0
23165.8631003194,4.1679468,0
23165.9631003241,4.1680255,0
23166.0631003289,4.1680651,0
23166.1631003336,4.1681437,0
23166.2631003384,4.1681042,0
23166.3631003431,4.1679468,0
23166.4631003479,4.1679859,0
23166.5631003526,4.1681042,0
23166.6631003574,4.1679072,0
23166.7631003621,4.1679072,0
23166.8971003685,4.1381407,0
23166.8991003686,4.1354241,-0.77050696
23167.8991004161,4.1011295,-0.78313123
23168.8991004636,4.099318,-0.78411743
23169.8991005111,4.0980582,-0.78372296
23170.8991005586,4.0969949,-0.78628723
23171.8991006061,4.0960894,-0.78293396
23172.8991006535,4.0953412,-0.78313123
23173.899100701,4.0946722,-0.78372296
23174.8991007485,4.094121,-0.78392023
23175.899100796,4.0934906,-0.78352576
23176.8991008435,4.0929003,-0.78372296
23177.899100891,4.0924673,-0.78332843
23178.8991009385,4.0918765,-0.78392023
23179.899100986,4.0914826,-0.78549829
23180.8991010335,4.090971,-0.78253943
23181.899101081,4.0905375,-0.78411743
23182.8991011285,4.0901046,-0.78352576
23183.899101176,4.0897899,-0.78332843
23184.8991012235,4.0893173,-0.78411743
23185.899101271,4.0888448,-0.78490649
23186.8991013185,4.0886083,-0.78372296
23187.899101366,4.0882936,-0.78411743
23188.8991014135,4.0878997,-0.78372296
23189.899101461,4.0876241,-0.78293396
23190.8991015085,4.0873485,-0.78313123
23191.899101556,4.0870337,-0.78313123
23192.8991016035,4.086679,-0.78431476
23193.899101651,4.0864429,-0.78411743
23194.8991016985,4.0861278,-0.78352576
23195.899101746,4.0857344,-0.78352576
23196.8991017935,4.0856948,-0.78273669
23197.899101841,4.0853405,-0.78392023
23198.8991018885,4.0850253,-0.78372296
23199.899101936,4.084671,-0.78372296
23200.8991019835,4.0844741,-0.78352576
23201.899102031,4.0841985,-0.78451196
23202.8991020785,4.0839624,-0.78372296
23203.899102126,4.0836868,-0.78234222
23204.8991021735,4.0835295,-0.78411743
23205.899102221,4.0831747,-0.78392023
23206.8991022685,4.0829387,-0.78273669
23207.899102316,4.0826631,-0.78392023
23208.8991023635,4.0825448,-0.78392023
23209.899102411,4.0822692,-0.78392023
23210.8991024585,4.0821509,-0.78175043
23211.899102506,4.0817966,-0.78451196
23212.8991025534,4.0816393,-0.78332843
23213.8991026009,4.0814424,-0.78332843
23214.8991026484,4.0812063,-0.78234222
23215.8991026959,4.0810881,-0.78273669
23216.8991027434,4.0807338,-0.78293396
23217.8991027909,4.0804973,-0.78411743
23218.8991028384,4.0803399,-0.78313123
23219.8991028859,4.0801826,-0.78273669
23220.8991029334,4.0800643,-0.78332843
23221.8991029809,4.0797887,-0.78273669
23222.8991030284,4.0795527,-0.78352576
23223.8991030759,4.0794344,-0.78332843
23224.8991031234,4.0792375,-0.78273669
23225.8991031709,4.0790405,-0.78332843
23226.8991032184,4.0789618,-0.78313123
23227.8991032659,4.0786076,-0.78352576
23228.8991033134,4.0784893,-0.78273669
23229.8991033609,4.078371,-0.78293396
23230.8991034084,4.078135,-0.78332843
23231.8991034559,4.0779777,-0.78470929
23232.8991035034,4.077702,-0.78411743
23233.8991035509,4.0776234,-0.78411743
23234.8991035984,4.0773869,-0.78392023
23235.8991036459,4.0771899,-0.78313123
23236.8991036934,4.0769539,-0.78293396
23237.8991037409,4.0769539,-0.78273669
23238.8991037884,4.07656,-0.78352576
23239.8991038359,4.07656,-0.78451196
23240.8991038834,4.0762844,-0.78372296
23241.8991039309,4.0761662,-0.78372296
23242.8991039784,4.0760088,-0.78431476
23243.8991040259,4.0759301,-0.78332843
23244.8991040734,4.0756545,-0.78411743
23245.8991041209,4.0754576,-0.78411743
23246.8991041684,4.0752215,-0.78352576
23247.8991042159,4.0751033,-0.78293396
23248.8991042634,4.0749063,-0.78332843
23249.8991043109,4.0748277,-0.78234222
23250.8991043584,4.0747094,-0.78470929
23251.8991044058,4.0743947,-0.78392023
23252.8991044533,4.0742764,-0.78313123
23253.8991045008,4.0741978,-0.78392023
23254.8991045483,4.0740795,-0.78352576
23255.8991045958,4.0738435,-0.78293396
23256.8991046433,4.0736465,-0.78411743
23257.8991046908,4.0735679,-0.78293396
23258.8991047383,4.0733314,-0.78372296
23259.8991047858,4.073174,-0.78273669
23260.8991048333,4.0730557,-0.78431476
23261.8991048808,4.0730166,-0.78490649
23262.8991049283,4.0726228,-0.78372296
23263.8991049758,4.0725832,-0.78451196
23264.8991050233,4.0723863,-0.78372296
23265.8991050708,4.0722289,-0.78313123
23266.8991051183,4.0721107,-0.78293396
23267.8991051658,4.0718746,-0.78352576
23268.8991052133,4.0717959,-0.78392023
23269.8991052608,4.071599,-0.78392023
23270.8991053083,4.0715203,-0.78431476
23271.8991053558,4.0712447,-0.78451196
23272.8991054033,4.0712447,-0.78352576
23273.8991054508,4.0710478,-0.78332843
23274.8991054983,4.0708904,-0.78332843
23275.8991055458,4.0707326,-0.78392023
23276.8991055933,4.0706148,-0.78293396
23277.8991056408,4.0704966,-0.78293396
23278.8991056883,4.0702996,-0.78431476
23279.8991057358,4.0701814,-0.78352576
23280.8991057833,4.070024,-0.78293396
23281.8991058308,4.0699453,-0.78332843
23282.8991058783,4.0696301,-0.78332843
23283.8991059258,4.0695124,-0.78431476
23284.8991059733,4.0693941,-0.78431476
23285.8991060208,4.0692759,-0.78234222
23286.8991060683,4.0691972,-0.78332843
23287.8991061158,4.0689216,-0.78313123
23288.8991061633,4.0687642,-0.78431476
23289.8991062108,4.068646,-0.78293396
23290.8991062582,4.0685673,-0.78392023
23291.8991063057,4.0683308,-0.78313123
23292.8991063532,4.068213,-0.78313123
23293.8991064007,4.0679765,-0.78451196
23294.8991064482,4.0679374,-0.78273669
23295.8991064957,4.0678191,-0.78293396
23296.8991065432,4.0675826,-0.78451196
23297.8991065907,4.0673862,-0.78431476
23298.8991066382,4.0674253,-0.78352576
23299.8991066857,4.0672679,-0.78332843
23300.8991067332,4.0669527,-0.78273669
23301.8991067807,4.0668349,-0.78293396
23302.8991068282,4.0668349,-0.78392023
23303.8991068757,4.0667558,-0.78549829
23304.8991069232,4.0664802,-0.78313123
23305.8991069707,4.0663228,-0.78411743
23306.8991070182,4.0663228,-0.78273669
23307.8991070657,4.0660868,-0.78313123
23308.8991071132,4.0659289,-0.78451196
23309.8991071607,4.0658898,-0.78155322
23310.8991072082,4.0656533,-0.78313123
23311.8991072557,4.0654569,-0.78352576
23312.8991073032,4.065299,-0.78332843
23313.8991073507,4.0651813,-0.78352576
23314.8991073982,4.0651021,-0.78392023
23315.8991074457,4.0649447,-0.78293396
23316.8991074932,4.0648661,-0.78234222
23317.8991075407,4.0647087,-0.78332843
23318.8991075882,4.0646296,-0.78313123
23319.8991076357,4.0645118,-0.78313123
23320.8991076832,4.0642362,-0.78392023
23321.8991077307,4.0641966,-0.78253943
23322.8991077782,4.0641179,-0.78234222
23323.8991078257,4.063921,-0.78372296
23324.8991078732,4.0636849,-0.78372296
23325.8991079207,4.0635667,-0.78352576
23326.8991079682,4.0635667,-0.78332843
23327.8991080157,4.0633698,-0.78253943
23328.8991080632,4.0631728,-0.78372296
23329.8991081106,4.0632124,-0.78451196
23330.8991081581,4.0629368,-0.78253943
23331.8991082056,4.0628185,-0.78352576
23332.8991082531,4.0627003,-0.78372296
23333.8991083006,4.0626216,-0.78332843
23334.8991083481,4.0623856,-0.78411743
23335.8991083956,4.0622282,-0.78332843
23336.8991084431,4.062149,-0.78392023
23337.8991084906,4.0620704,-0.78313123
23338.8991085381,4.0618343,-0.7858927
23339.8991085856,4.0617161,-0.78411743
23340.8991086331,4.0615978,-0.78332843
23341.8991086806,4.0615191,-0.78293396
23342.8991087281,4.0613222,-0.78332843
23343.8991087756,4.0612831,-0.78431476
23344.8991088231,4.0610075,-0.78273669
23345.8991088706,4.0608892,-0.78451196
23346.8991089181,4.060771,-0.78293396
23347.8991089656,4.060771,-0.78372296
23348.8991090131,4.060535,-0.78431476
23349.8991090606,4.0604563,-0.78431476
23350.8991091081,4.0602984,-0.78313123
23351.8991091556,4.0601411,-0.78293396
23352.8991092031,4.0599442,-0.78293396
23353.8991092506,4.0598264,-0.78431476
23354.8991092981,4.0597868,-0.78293396
23355.8991093456,4.0595899,-0.78313123
23356.8991093931,4.0595112,-0.78392023
23357.8991094406,4.0593143,-0.78411743
23358.8991094881,4.059196,-0.7821449
23359.8991095356,4.0591173,-0.78530096
23360.8991095831,4.0589995,-0.78411743
23361.8991096306,4.058763,-0.78372296
23362.8991096781,4.058763,-0.78470929
23363.8991097256,4.0586448,-0.78372296
23364.8991097731,4.0584874,-0.78451196
23365.8991098206,4.0582118,-0.78372296
23366.8991098681,4.0581331,-0.78372296
23367.8991099156,4.0580544,-0.78313123
23368.899109963,4.0578575,-0.78530096
23369.8991100105,4.0577393,-0.78332843
23370.899110058,4.0577393,-0.7858927
23371.8991101055,4.0575032,-0.78392023
23372.899110153,4.0573063,-0.78313123
23373.8991102005,4.0572667,-0.78372296
23374.899110248,4.0571094,-0.78372296
23375.8991102955,4.056952,-0.78372296
23376.899110343,4.0568733,-0.78352576
23377.8991103905,4.0567551,-0.78293396
23378.899110438,4.0565581,-0.78273669
23379.8991104855,4.0564399,-0.78392023
23380.899110533,4.0563612,-0.78352576
23381.8991105805,4.0562038,-0.78352576
23382.899110628,4.0560465,-0.78313123
23383.8991106755,4.0559282,-0.78313123
23384.899110723,4.05581,-0.78372296
23385.8991107705,4.055613,-0.78332843
23386.899110818,4.0556526,-0.78293396
23387.8991108655,4.0554161,-0.78352576
23388.899110913,4.055377,-0.78253943
23389.8991109605,4.0551405,-0.78392023
23390.899111008,4.0550227,-0.78273669
23391.8991110555,4.0547862,-0.78392023
23392.899111103,4.0547471,-0.78273669
23393.8991111505,4.0546288,-0.78352576
23394.899111198,4.0545106,-0.78352576
23395.8991112455,4.0544319,-0.78431476
23396.899111293,4.0541563,-0.78332843
23397.8991113405,4.054038,-0.78352576
23398.899111388,4.0539989,-0.78293396
23399.8991114355,4.0538807,-0.78392023
23400.899111483,4.0538416,-0.78411743
23401.8991115305,4.0536051,-0.78313123
23402.899111578,4.0534081,-0.78431476
23403.8991116255,4.0533295,-0.78313123
23404.899111673,4.0532508,-0.78332843
23405.8991117205,4.0529752,-0.78352576
23406.899111768,4.0529356,-0.78411743
23407.8991118155,4.0529356,-0.78372296
23408.8991118629,4.0525813,-0.78293396
23409.8991119104,4.0525813,-0.78392023
23410.8991119579,4.0525026,-0.78352576
23411.8991120054,4.0523453,-0.78392023
23412.8991120529,4.0520697,-0.78332843
23413.8991121004,4.0521483,-0.78352576
23414.8991121479,4.0520301,-0.78431476
23415.8991121954,4.0517941,-0.78530096
23416.8991122429,4.0516758,-0.78431476
23417.8991122904,4.0515575,-0.78293396
23418.8991123379,4.0513606,-0.78392023
23419.8991123854,4.0514002,-0.78293396
23420.8991124329,4.0512033,-0.78313123
23421.8991124804,4.0511642,-0.78530096
23422.8991125279,4.0509276,-0.78392023
23423.8991125754,4.0506916,-0.78332843
23424.8991126229,4.0506129,-0.78253943
23425.8991126704,4.0505733,-0.78372296
23426.8991127179,4.0503764,-0.78313123
23427.8991127654,4.0502191,-0.78352576
23428.8991128129,4.0501404,-0.78332843
23429.8991128604,4.0501404,-0.78293396
23430.8991129079,4.0499434,-0.78332843
23431.8991129554,4.0497856,-0.78372296
23432.8991130029,4.0496283,-0.78273669
23433.8991130504,4.04951,-0.78372296
23434.8991130979,4.0492344,-0.78332843
23435.8991131454,4.049274,-0.78372296
23436.8991131929,4.049077,-0.78431476
23437.8991132404,4.0489197,-0.78451196
23438.8991132879,4.0488801,-0.78352576
23439.8991133354,4.0487227,-0.78451196
23440.8991133829,4.0484867,-0.78352576
23441.8991134304,4.0484471,-0.78313123
23442.8991134779,4.0483289,-0.78352576
23443.8991135254,4.0481319,-0.78411743
23444.8991135729,4.0479746,-0.78352576
23445.8991136204,4.0479746,-0.78293396
23446.8991136679,4.0478172,-0.78352576
23447.8991137153,4.0477777,-0.78372296
23448.8991137628,4.0476599,-0.78293396
23449.8991138103,4.0474629,-0.78332843
23450.8991138578,4.0473447,-0.78313123
23451.8991139053,4.0471873,-0.78332843
23452.8991139528,4.0470691,-0.78332843
23453.8991140003,4.0469508,-0.78411743
23454.8991140478,4.0469508,-0.78431476
23455.8991140953,4.0467539,-0.78372296
23456.8991141428,4.0465178,-0.78253943
23457.8991141903,4.0464783,-0.78293396
23458.8991142378,4.0462818,-0.78313123
23459.8991142853,4.0462422,-0.78313123
23460.8991143328,4.0460453,-0.78392023
23461.8991143803,4.045927,-0.78273669
23462.8991144278,4.0458093,-0.78352576
23463.8991144753,4.0455728,-0.78352576
23464.8991145228,4.0454941,-0.78431476
23465.8991145703,4.0454545,-0.78352576
23466.8991146178,4.0453367,-0.78352576
23467.8991146653,4.0450611,-0.78352576
23468.8991147128,4.0450215,-0.78332843
23469.8991147603,4.0449429,-0.78332843
23470.8991148078,4.0447068,-0.78332843
23471.8991148553,4.0445886,-0.78313123
23472.8991149028,4.0443916,-0.78332843
23473.8991149503,4.0443521,-0.78411743
23474.8991149978,4.0441947,-0.78313123
23475.8991150453,4.0439191,-0.78293396
23476.8991150928,4.0439587,-0.78352576
23477.8991151403,4.0437222,-0.78313123
23478.8991151878,4.0437222,-0.78372296
23479.8991152353,4.0436044,-0.78313123
23480.8991152828,4.0433679,-0.78313123
23481.8991153303,4.0432892,-0.78313123
23482.8991153778,4.0432105,-0.78372296
23483.8991154253,4.0430532,-0.78293396
23484.8991154728,4.0428953,-0.78332843
23485.8991155203,4.0428562,-0.78392023
23486.8991155677,4.0426593,-0.78293396
23487.8991156152,4.0424623,-0.78372296
23488.8991156627,4.0423441,-0.78372296
23489.8991157102,4.042305,-0.78411743
23490.8991157577,4.0421867,-0.78332843
23491.8991158052,4.0419502,-0.78253943
23492.8991158527,4.0418715,-0.78431476
23493.8991159002,4.0416355,-0.78411743
23494.8991159477,4.0415959,-0.78352576
23495.8991159952,4.0414782,-0.78293396
23496.8991160427,4.0413203,-0.78332843
23497.8991160902,4.041163,-0.78392023
23498.8991161377,4.0412025,-0.78451196
23499.8991161852,4.0409269,-0.78372296
23500.8991162327,4.0407691,-0.78352576
23501.8991162802,4.0407691,-0.78332843
23502.8991163277,4.0406117,-0.78332843
23503.8991163752,4.0404544,-0.78372296
23504.8991164227,4.0402575,-0.78352576
23505.8991164702,4.0402179,-0.78392023
23506.8991165177,4.0400605,-0.78372296
23507.8991165652,4.0399818,-0.78372296
23508.8991166127,4.0397849,-0.78372296
23509.8991166602,4.0397453,-0.78352576
23510.8991167077,4.0395093,-0.78332843
23511.8991167552,4.0393124,-0.78332843
23512.8991168027,4.0393519,-0.78293396
23513.8991168502,4.0391154,-0.78411743
23514.8991168977,4.0389977,-0.78313123
23515.8991169452,4.0389977,-0.78352576
23516.8991169927,4.0388007,-0.78451196
23517.8991170402,4.0386825,-0.78470929
23518.8991170877,4.0384459,-0.78411743
23519.8991171352,4.0383282,-0.78470929
23520.8991171827,4.0383673,-0.78313123
23521.8991172302,4.0381312,-0.78372296
23522.8991172777,4.0379739,-0.78372296
23523.8991173252,4.0378556,-0.7821449
23524.8991173727,4.0377374,-0.78313123
23525.8991174201,4.0376983,-0.78431476
23526.8991174676,4.0375404,-0.78352576
23527.8991175151,4.0373435,-0.78392023
23528.8991175626,4.0371861,-0.78175043
23529.8991176101,4.0371075,-0.78352576
23530.8991176576,4.0369501,-0.78431476
23531.8991177051,4.0367923,-0.78313123
23532.8991177526,4.0367532,-0.78253943
23533.8991178001,4.0364776,-0.7821449
23534.8991178476,4.0363593,-0.78332843
23535.8991178951,4.0363989,-0.78372296
23536.8991179426,4.0360837,-0.78253943
23537.8991179901,4.0361233,-0.78392023
23538.8991180376,4.0359263,-0.78293396
23539.8991180851,4.0358477,-0.78372296
23540.8991181326,4.0355721,-0.78313123
23541.8991181801,4.0354538,-0.78451196
23542.8991182276,4.0354142,-0.78431476
23543.8991182751,4.0352178,-0.78313123
23544.8991183226,4.0351386,-0.78313123
23545.8991183701,4.0349417,-0.78372296
23546.8991184176,4.0349417,-0.78234222
23547.8991184651,4.0347452,-0.78234222
23548.8991185126,4.0347452,-0.78372296
23549.8991185601,4.0344696,-0.78273669
23550.8991186076,4.0342727,-0.78490649
23551.8991186551,4.034194,-0.78313123
23552.8991187026,4.0341544,-0.78352576
23553.8991187501,4.0339971,-0.78392023
23554.8991187976,4.0337605,-0.78490649
23555.8991188451,4.0336819,-0.78273669
23556.8991188926,4.0334849,-0.78372296
23557.8991189401,4.0334458,-0.78431476
23558.8991189876,4.0333276,-0.78372296
23559.8991190351,4.0332489,-0.78352576
23560.8991190826,4.0330124,-0.7821449
23561.8991191301,4.032855,-0.78313123
23562.8991191776,4.0328159,-0.78392023
23563.8991192251,4.0325007,-0.78293396
23564.8991192726,4.0324612,-0.78411743
23565.89911932,4.0323434,-0.78253943
23566.8991193675,4.0322647,-0.78332843
23567.899119415,4.0321069,-0.78253943
23568.8991194625,4.0319099,-0.78352576
23569.89911951,4.0319495,-0.78411743
23570.8991195575,4.0316739,-0.78352576
23571.899119605,4.0315557,-0.78392023
23572.8991196525,4.031477,-0.78411743
23573.8991197,4.0313196,-0.78431476
23574.8991197475,4.0312409,-0.78392023
23575.899119795,4.0310831,-0.78253943
23576.8991198425,4.0309258,-0.78313123
23577.89911989,4.0308862,-0.78392023
23578.8991199375,4.0306897,-0.78372296
23579.899119985,4.0306106,-0.78392023
23580.8991200325,4.0304141,-0.78273669
23581.89912008,4.0302958,-0.78411743
23582.8991201275,4.0301385,-0.78431476
23583.899120175,4.0300989,-0.78332843
23584.8991202225,4.0298629,-0.78313123
23585.89912027,4.0297837,-0.78332843
23586.8991203175,4.0296264,-0.78352576
23587.899120365,4.0295873,-0.78293396
23588.8991204125,4.0293117,-0.78352576
23589.89912046,4.0291934,-0.78372296
23590.8991205075,4.0290751,-0.78332843
23591.899120555,4.0289965,-0.78392023
23592.8991206025,4.0287995,-0.78451196
23593.89912065,4.0287604,-0.7821449
23594.8991206975,4.0286026,-0.78470929
23595.899120745,4.0285635,-0.78411743
23596.8991207925,4.0283666,-0.78431476
23597.89912084,4.0282092,-0.78352576
23598.8991208875,4.0280514,-0.78352576
23599.899120935,4.0280514,-0.78352576
23600.8991209825,4.0278544,-0.78313123
23601.89912103,4.0275397,-0.78470929
23602.8991210775,4.0275788,-0.78332843
23603.899121125,4.0274215,-0.78273669
23604.8991211724,4.0272641,-0.78392023
23605.8991212199,4.0271854,-0.78313123
23606.8991212674,4.0269098,-0.78392023
23607.8991213149,4.0269098,-0.78411743
23608.8991213624,4.0267916,-0.78352576
23609.8991214099,4.0266733,-0.78392023
23610.8991214574,4.026516,-0.78352576
23611.8991215049,4.0262403,-0.78411743
23612.8991215524,4.0262008,-0.78392023
23613.8991215999,4.026083,-0.78352576
23614.8991216474,4.0258861,-0.78372296
23615.8991216949,4.0258465,-0.78352576
23616.8991217424,4.0256495,-0.78352576
23617.8991217899,4.0256495,-0.78293396
23618.8991218374,4.0254922,-0.78411743
23619.8991218849,4.0253348,-0.78332843
23620.8991219324,4.0252953,-0.78372296
23621.8991219799,4.0250592,-0.78273669
23622.8991220274,4.024941,-0.78490649
23623.8991220749,4.0247836,-0.78411743
23624.8991221224,4.0247049,-0.78352576
23625.8991221699,4.0245867,-0.78332843
23626.8991222174,4.0243897,-0.78490649
23627.8991222649,4.0241928,-0.78352576
23628.8991223124,4.0241141,-0.78372296
23629.8991223599,4.0239959,-0.78332843
23630.8991224074,4.0238776,-0.78372296
23631.8991224549,4.0237203,-0.78392023
23632.8991225024,4.0237598,-0.78332843
23633.8991225499,4.0235233,-0.78372296
23634.8991225974,4.023366,-0.78411743
23635.8991226449,4.0232873,-0.78372296
23636.8991226924,4.0230904,-0.78352576
23637.8991227399,4.0230117,-0.78293396
23638.8991227874,4.0228543,-0.78253943
23639.8991228349,4.0227361,-0.78293396
23640.8991228824,4.0225787,-0.78352576
23641.8991229299,4.0224605,-0.78293396
23642.8991229774,4.0223031,-0.78352576
23643.8991230248,4.0222239,-0.78293396
23644.8991230723,4.0221062,-0.7821449
23645.8991231198,4.0218697,-0.78332843
23646.8991231673,4.021791,-0.78352576
23647.8991232148,4.021594,-0.78253943
23648.8991232623,4.0216336,-0.78372296
23649.8991233098,4.0214367,-0.78431476
23650.8991233573,4.0212007,-0.78411743
23651.8991234048,4.0211215,-0.78411743
23652.8991234523,4.0210428,-0.78313123
23653.8991234998,4.0208459,-0.78431476
23654.8991235473,4.0207281,-0.78273669
23655.8991235948,4.0206099,-0.78372296
23656.8991236423,4.0204916,-0.78313123
23657.8991236898,4.0204129,-0.78253943
23658.8991237373,4.0201769,-0.78392023
23659.8991237848,4.0201373,-0.78273669
23660.8991238323,4.01998,-0.78293396
23661.8991238798,4.0198221,-0.78352576
23662.8991239273,4.0196648,-0.78392023
23663.8991239748,4.0195861,-0.78273669
23664.8991240223,4.0194287,-0.78332843
23665.8991240698,4.0192709,-0.78352576
23666.8991241173,4.0192318,-0.78392023
23667.8991241648,4.0191135,-0.78392023
23668.8991242123,4.0188775,-0.78293396
23669.8991242598,4.0187593,-0.78392023
23670.8991243073,4.018641,-0.78392023
23671.8991243548,4.0185232,-0.78313123
23672.8991244023,4.0183263,-0.78313123
23673.8991244498,4.0182867,-0.78332843
23674.8991244973,4.0180507,-0.78451196
23675.8991245448,4.0178928,-0.78352576
23676.8991245923,4.0178928,-0.78392023
23677.8991246398,4.0176568,-0.78470929
23678.8991246873,4.0176172,-0.78451196
23679.8991247348,4.0174599,-0.78392023
23680.8991247823,4.0172238,-0.78293396
23681.8991248298,4.0171843,-0.78273669
23682.8991248772,4.017066,-0.78352576
23683.8991249247,4.0169086,-0.78293396
23684.8991249722,4.01683,-0.78313123
23685.8991250197,4.0166726,-0.78352576
23686.8991250672,4.0165148,-0.78273669
23687.8991251147,4.0164757,-0.78411743
23688.8991251622,4.0163574,-0.78431476
23689.8991252097,4.0162001,-0.78332843
23690.8991252572,4.0161214,-0.78431476
23691.8991253047,4.0159636,-0.7858927
23692.8991253522,4.0158062,-0.78293396
23693.8991253997,4.0157275,-0.78392023
23694.8991254472,4.0155306,-0.78352576
23695.8991254947,4.0153337,-0.78332843
23696.8991255422,4.0152154,-0.78332843
23697.8991255897,4.0151763,-0.78372296
23698.8991256372,4.015058,-0.78431476
23699.8991256847,4.014822,-0.78313123
23700.8991257322,4.0147038,-0.78313123
23701.8991257797,4.0146642,-0.78392023
23702.8991258272,4.0145464,-0.78332843
23703.8991258747,4.0143886,-0.78392023
23704.8991259222,4.0142708,-0.78451196
23705.8991259697,4.0140738,-0.78293396
23706.8991260172,4.0139556,-0.78352576
23707.8991260647,4.0138769,-0.78411743
23708.8991261122,4.0135617,-0.78332843
23709.8991261597,4.0136409,-0.78372296
23710.8991262072,4.0134044,-0.78293396
23711.8991262547,4.0134044,-0.78392023
23712.8991263022,4.013247,-0.78352576
23713.8991263497,4.0131288,-0.78411743
23714.8991263972,4.0129714,-0.78392023
23715.8991264447,4.0129318,-0.78352576
23716.8991264922,4.0127349,-0.78332843
23717.8991265397,4.012538,-0.78352576
23718.8991265872,4.0123806,-0.78392023
23719.8991266347,4.0123415,-0.78273669
23720.8991266822,4.0121446,-0.78372296
23721.8991267297,4.012105,-0.78352576
23722.8991267771,4.0118294,-0.78332843
23723.8991268246,4.011869,-0.78431476
23724.8991268721,4.0117111,-0.78253943
23725.8991269196,4.0115933,-0.78490649
23726.8991269671,4.0114355,-0.78313123
23727.8991270146,4.0113177,-0.78411743
23728.8991270621,4.0111208,-0.78352576
23729.8991271096,4.0110025,-0.78313123
23730.8991271571,4.0108843,-0.78293396
23731.8991272046,4.0108056,-0.78313123
23732.8991272521,4.0107269,-0.78352576
23733.8991272996,4.0106483,-0.78372296
23734.8991273471,4.010294,-0.78273669
23735.8991273946,4.0104122,-0.78372296
23736.8991274421,4.0101366,-0.78313123
23737.8991274896,4.0100574,-0.7821449
23738.8991275371,4.0099001,-0.78352576
23739.8991275846,4.0097427,-0.78372296
23740.8991276321,4.0097032,-0.78372296
23741.8991276796,4.0095062,-0.78313123
23742.8991277271,4.0093884,-0.78293396
23743.8991277746,4.0093098,-0.78431476
23744.8991278221,4.0089946,-0.78293396
23745.8991278696,4.0089946,-0.78530096
23746.8991279171,4.0089159,-0.78293396
23747.8991279646,4.0087976,-0.78470929
23748.8991280121,4.0086007,-0.78293396
23749.8991280596,4.008522,-0.78293396
23750.8991281071,4.0083647,-0.78372296
23751.8991281546,4.0082464,-0.78332843
23752.8991282021,4.0080104,-0.78332843
23753.8991282496,4.0080495,-0.78273669
23754.8991282971,4.0078921,-0.78372296
23755.8991283446,4.0077348,-0.78352576
23756.8991283921,4.0077348,-0.78510376
23757.8991284396,4.0075378,-0.78392023
23758.8991284871,4.0074196,-0.78372296
23759.8991285346,4.00738,-0.78372296
23760.8991285821,4.0071836,-0.78411743
23761.8991286295,4.0070653,-0.78234222
23762.899128677,4.0069079,-0.78431476
23763.8991287245,4.0068684,-0.78234222
23764.899128772,4.0065532,-0.78352576
23765.8991288195,4.0065141,-0.78451196
23766.899128867,4.0064354,-0.78313123
23767.8991289145,4.0062776,-0.78372296
23768.899128962,4.0061598,-0.78313123
23769.8991290095,4.0060415,-0.78411743
23770.899129057,4.0058842,-0.78293396
23771.8991291045,4.0058055,-0.78332843
23772.899129152,4.0057659,-0.78293396
23773.8991291995,4.005569,-0.78352576
23774.899129247,4.0054507,-0.78352576
23775.8991292945,4.0054116,-0.78411743
23776.899129342,4.0050964,-0.78411743
23777.8991293895,4.005136,-0.78332843
23778.899129437,4.0049782,-0.78411743
23779.8991294845,4.0049391,-0.78372296
23780.899129532,4.0047026,-0.7821449
23781.8991295795,4.0045848,-0.78332843
23782.899129627,4.004427,-0.78372296
23783.8991296745,4.0042305,-0.78392023
23784.899129722,4.0041513,-0.78273669
23785.8991297695,4.0041122,-0.78313123
23786.899129817,4.0040727,-0.78431476
23787.8991298645,4.0038757,-0.78431476
23788.899129912,4.003758,-0.78372296
23789.8991299595,4.0036001,-0.78332843
23790.899130007,4.0034428,-0.78332843
23791.8991300545,4.0033641,-0.78293396
23792.899130102,4.0032854,-0.78352576
23793.8991301495,4.0032067,-0.78372296
23794.899130197,4.0030098,-0.78253943
23795.8991302445,4.0028129,-0.78490649
23796.899130292,4.0027342,-0.78332843
23797.8991303395,4.0026159,-0.78372296
23798.899130387,4.0025768,-0.78372296
23799.8991304345,4.0023799,-0.78293396
23800.8991304819,4.0023012,-0.78470929
23801.8991305294,4.002183,-0.78332843
23802.8991305769,4.0020256,-0.78293396
23803.8991306244,4.0019073,-0.78431476
23804.8991306719,4.0019073,-0.78431476
23805.8991307194,4.0016708,-0.7856955
23806.8991307669,4.0014739,-0.78332843
23807.8991308144,4.0014348,-0.78352576
23808.8991308619,4.0012379,-0.78253943
23809.8991309094,4.0012774,-0.78372296
23810.8991309569,4.0011196,-0.78431476
23811.8991310044,4.0010018,-0.78411743
23812.8991310519,4.0009227,-0.78372296
23813.8991310994,4.0008049,-0.78332843
23814.8991311469,4.0006471,-0.78431476
23815.8991311944,4.0005684,-0.78273669
23816.8991312419,4.0005293,-0.78431476
23817.8991312894,4.0002928,-0.78332843
23818.8991313369,4.0001354,-0.78392023
23819.8991313844,4.0000567,-0.78313123
23820.8991314319,3.9999781,-0.78490649
23821.8991314794,3.9997811,-0.78332843
23822.8991315269,3.9997025,-0.78253943
23823.8991315744,3.9995842,-0.78313123
23824.8991316219,3.9995842,-0.78431476
23825.8991316694,3.9993086,-0.78253943
23826.8991317169,3.9992299,-0.78372296
23827.8991317644,3.9991119,-0.78332843
23828.8991318119,3.9991119,-0.78313123
23829.8991318594,3.9988756,-0.78332843
23830.8991319069,3.9988756,-0.78313123
23831.8991319544,3.9986787,-0.78392023
23832.8991320019,3.9985213,-0.78352576
23833.8991320494,3.9984818,-0.78293396
23834.8991320969,3.9984031,-0.78372296
23835.8991321444,3.9982457,-0.78411743
23836.8991321919,3.9981275,-0.78313123
23837.8991322394,3.9978912,-0.78234222
23838.8991322869,3.9979305,-0.78372296
23839.8991323343,3.9977732,-0.78411743
23840.8991323818,3.9977338,-0.78253943
23841.8991324293,3.9976156,-0.78234222
23842.8991324768,3.9974976,-0.78332843
23843.8991325243,3.99734,-0.78332843
23844.8991325718,3.9971826,-0.78352576
23845.8991326193,3.9971037,-0.78273669
23846.8991326668,3.9969463,-0.78372296
23847.8991327143,3.9969463,-0.78293396
23848.8991327618,3.9968281,-0.78313123
23849.8991328093,3.9967101,-0.78392023
23850.8991328568,3.9965131,-0.78313123
23851.8991329043,3.9965131,-0.78352576
23852.8991329518,3.9963162,-0.78253943
23853.8991329993,3.9961982,-0.7856955
23854.8991330468,3.9961195,-0.78392023
23855.8991330943,3.9960012,-0.78293396
23856.8991331418,3.9959226,-0.78431476
23857.8991331893,3.9958439,-0.78313123
23858.8991332368,3.995647,-0.78352576
23859.8991332843,3.9955683,-0.78470929
23860.8991333318,3.9954894,-0.78352576
23861.8991333793,3.9953713,-0.78352576
23862.8991334268,3.9951744,-0.78352576
23863.8991334743,3.9951744,-0.78411743
23864.8991335218,3.9949381,-0.78372296
23865.8991335693,3.9949381,-0.78392023
23866.8991336168,3.9947808,-0.78293396
23867.8991336643,3.9948201,-0.78392023
23868.8991337118,3.9945052,-0.78431476
23869.8991337593,3.9943869,-0.78372296
23870.8991338068,3.9943476,-0.78392023
23871.8991338543,3.9942689,-0.78431476
23872.8991339018,3.994072,-0.78431476
23873.8991339493,3.9941113,-0.78372296
23874.8991339968,3.9940326,-0.78352576
23875.8991340443,3.993875,-0.78332843
23876.8991340918,3.9937963,-0.78490649
23877.8991341393,3.9937177,-0.78431476
23878.8991341868,3.9935601,-0.78194769
23879.8991342342,3.9933631,-0.7864845
23880.8991342817,3.9932058,-0.78293396
23881.8991343292,3.9931271,-0.78352576
23882.8991343767,3.9931271,-0.78352576
23883.8991344242,3.9931271,-0.78352576
23884.8991344717,3.9928515,-0.78332843
23885.8991345192,3.9927726,-0.78352576
23886.8991345667,3.9926939,-0.78313123
23887.8991346142,3.9925759,-0.78273669
23888.8991346617,3.9924576,-0.78510376
23889.8991347092,3.992379,-0.78313123
23890.8991347567,3.9922607,-0.78293396
23891.8991348042,3.9922214,-0.78392023
23892.8991348517,3.9921033,-0.78332843
23893.8991348992,3.9919457,-0.78332843
23894.8991349467,3.9918671,-0.78293396
23895.8991349942,3.9918671,-0.78234222
23896.8991350417,3.9915915,-0.78332843
23897.8991350892,3.9915915,-0.78372296
23898.8991351367,3.9914732,-0.78392023
23899.8991351842,3.9913552,-0.78313123
23900.8991352317,3.9912765,-0.78313123
23901.8991352792,3.9910402,-0.78273669
23902.8991353267,3.990922,-0.78313123
23903.8991353742,3.9909616,-0.78411743
23904.8991354217,3.9908826,-0.78352576
23905.8991354692,3.9905677,-0.78352576
23906.8991355167,3.9906464,-0.78352576
23907.8991355642,3.9905283,-0.78313123
23908.8991356117,3.9904497,-0.78313123
23909.8991356592,3.9903708,-0.78392023
23910.8991357067,3.9902134,-0.78352576
23911.8991357542,3.9903314,-0.78392023
23912.8991358017,3.9900165,-0.78332843
23913.8991358492,3.9899771,-0.78352576
23914.8991358967,3.9898589,-0.78411743
23915.8991359442,3.9897015,-0.78392023
23916.8991359917,3.9896228,-0.78530096
23917.8991360392,3.9895439,-0.78372296
23918.8991360866,3.9894652,-0.78372296
23919.8991361341,3.989229,-0.78332843
23920.8991361816,3.9892683,-0.78352576
23921.8991362291,3.9890716,-0.78332843
23922.8991362766,3.9890716,-0.78392023
23923.8991363241,3.9889927,-0.78293396
23924.8991363716,3.9887564,-0.78332843
23925.8991364191,3.988796,-0.78372296
23926.8991364666,3.9886384,-0.78470929
23927.8991365141,3.9884808,-0.78372296
23928.8991365616,3.9884808,-0.78451196
23929.8991366091,3.9882052,-0.78451196
23930.8991366566,3.9881659,-0.78293396
23931.8991367041,3.9880872,-0.78372296
23932.8991367516,3.9880478,-0.78352576
23933.8991367991,3.9879689,-0.78352576
23934.8991368466,3.9878902,-0.78490649
23935.8991368941,3.9877722,-0.78332843
23936.8991369416,3.9877329,-0.78332843
23937.8991369891,3.9876146,-0.78332843
23938.8991370366,3.9874966,-0.78293396
23939.8991370841,3.9874573,-0.78470929
23940.8991371316,3.9872603,-0.78411743
23941.8991371791,3.987221,-0.78332843
23942.8991372266,3.9871027,-0.78313123
23943.8991372741,3.9870634,-0.78352576
23944.8991373216,3.9868665,-0.78431476
23945.8991373691,3.9867878,-0.78313123
23946.8991374166,3.9869061,-0.78372296
23947.8991374641,3.9866302,-0.78431476
23948.8991375116,3.9865122,-0.78313123
23949.8991375591,3.9864728,-0.78253943
23950.8991376066,3.9863942,-0.78451196
23951.8991376541,3.9862366,-0.78372296
23952.8991377016,3.9862759,-0.78313123
23953.8991377491,3.986079,-0.78392023
23954.8991377966,3.985961,-0.78234222
23955.8991378441,3.986079,-0.78332843
23956.8991378916,3.985764,-0.78411743
23957.899137939,3.9856853,-0.78431476
23958.8991379865,3.9855673,-0.78352576
23959.899138034,3.9854491,-0.78293396
23960.8991380815,3.9854097,-0.78273669
23961.899138129,3.9852521,-0.78332843
23962.8991381765,3.9852917,-0.78372296
23963.899138224,3.9850948,-0.78313123
23964.8991382715,3.9850948,-0.78609003
23965.899138319,3.9849372,-0.78332843
23966.8991383665,3.9850161,-0.78332843
23967.899138414,3.9847798,-0.78273669
23968.8991384615,3.9847009,-0.78352576
23969.899138509,3.9845829,-0.78313123
23970.8991385565,3.9845042,-0.78431476
23971.899138604,3.9844253,-0.78234222
23972.8991386515,3.9843466,-0.78293396
23973.899138699,3.9841497,-0.78293396
23974.8991387465,3.9841497,-0.78431476
23975.899138794,3.9841497,-0.78411743
23976.8991388415,3.9838741,-0.78313123
23977.899138889,3.983953,-0.78352576
23978.8991389365,3.9837167,-0.78293396
23979.899138984,3.9836774,-0.78332843
23980.8991390315,3.9836378,-0.78372296
23981.899139079,3.9834805,-0.78372296
23982.8991391265,3.9834018,-0.78372296
23983.899139174,3.9832835,-0.78352576
23984.8991392215,3.9832442,-0.78451196
23985.899139269,3.9831262,-0.78352576
23986.8991393165,3.9830866,-0.78431476
23987.899139364,3.9829292,-0.78392023
23988.8991394115,3.9829686,-0.78313123
23989.899139459,3.9827323,-0.78392023
23990.8991395065,3.9827323,-0.78392023
23991.899139554,3.9825354,-0.78293396
23992.8991396015,3.9826143,-0.78253943
23993.899139649,3.982378,-0.78234222
23994.8991396965,3.9821811,-0.78293396
23995.899139744,3.9822204,-0.78411743
23996.8991397914,3.9821811,-0.78411743
23997.8991398389,3.9821024,-0.78372296
23998.8991398864,3.9820235,-0.78451196
23999.8991399339,3.9819448,-0.78451196
24000.8991399814,3.9818268,-0.78392023
24001.8991400289,3.9817479,-0.78372296
24002.8991400764,3.9816692,-0.78313123
24003.8991401239,3.9815905,-0.78490649
24004.8991401714,3.9814723,-0.78392023
24005.8991402189,3.9814723,-0.78372296
24006.8991402664,3.9812756,-0.78352576
24007.8991403139,3.9811966,-0.78431476
24008.8991403614,3.981118,-0.78273669
24009.8991404089,3.9810786,-0.78313123
24010.8991404564,3.9809999,-0.7821449
24011.8991405039,3.9808817,-0.7813559
24012.8991405514,3.980803,-0.78392023
24013.8991405989,3.9807243,-0.78332843
24014.8991406464,3.9805667,-0.78293396
24015.8991406939,3.9805274,-0.78352576
24016.8991407414,3.9804487,-0.78313123
24017.8991407889,3.9804091,-0.78313123
24018.8991408364,3.9802125,-0.78451196
24019.8991408839,3.9802125,-0.78372296
24020.8991409314,3.9801335,-0.78332843
24021.8991409789,3.9799368,-0.78392023
24022.8991410264,3.9799368,-0.78273669
24023.8991410739,3.9797399,-0.78175043
24024.8991411214,3.9798975,-0.78332843
24025.8991411689,3.9797006,-0.78451196
24026.8991412164,3.9797006,-0.78273669
24027.8991412639,3.979425,-0.78451196
24028.8991413114,3.9794643,-0.78352576
24029.8991413589,3.979346,-0.78392023
24030.8991414064,3.9792674,-0.78234222
24031.8991414539,3.979228,-0.78411743
24032.8991415014,3.9790704,-0.78352576
24033.8991415489,3.9790311,-0.78273669
24034.8991415964,3.9789524,-0.78332843
24035.8991416438,3.9787948,-0.78332843
24036.8991416913,3.9787948,-0.78451196
24037.8991417388,3.9786768,-0.78332843
24038.8991417863,3.9785981,-0.78392023
24039.8991418338,3.9785981,-0.78411743
24040.8991418813,3.9783618,-0.78530096
24041.8991419288,3.9782436,-0.78332843
24042.8991419763,3.9783225,-0.78332843
24043.8991420238,3.9782436,-0.78352576
24044.8991420713,3.9780862,-0.78431476
24045.8991421188,3.9780076,-0.78431476
24046.8991421663,3.9779286,-0.78352576
24047.8991422138,3.9779286,-0.78392023
24048.8991422613,3.9778893,-0.78313123
24049.8991423088,3.97785,-0.78530096
24050.8991423563,3.977535,-0.78293396
24051.8991424038,3.977653,-0.7821449
24052.8991424513,3.9774561,-0.78352576
24053.8991424988,3.9774168,-0.78411743
24054.8991425463,3.9772594,-0.78273669
24055.8991425938,3.9772201,-0.78392023
24056.8991426413,3.9770625,-0.78451196
24057.8991426888,3.9769838,-0.78332843
24058.8991427363,3.9769838,-0.78372296
24059.8991427838,3.9769444,-0.78431476
24060.8991428313,3.9768655,-0.78332843
24061.8991428788,3.9768655,-0.78352576
24062.8991429263,3.9767082,-0.78431476
24063.8991429738,3.9765112,-0.78293396
24064.8991430213,3.9764719,-0.78549829
24065.8991430688,3.9764719,-0.78411743
24066.8991431163,3.9763143,-0.78411743
24067.8991431638,3.9762356,-0.78392023
24068.8991432113,3.9761963,-0.78352576
24069.8991432588,3.9760387,-0.78372296
24070.8991433063,3.97596,-0.78352576
24071.8991433538,3.9759207,-0.78352576
24072.8991434013,3.9758813,-0.78451196
24073.8991434488,3.975842,-0.78392023
24074.8991434963,3.9757237,-0.78411743
24075.8991435437,3.9756844,-0.78431476
24076.8991435912,3.9754875,-0.78470929
24077.8991436387,3.9754481,-0.78372296
24078.8991436862,3.9753695,-0.78372296
24079.8991437337,3.9753695,-0.78352576
24080.8991437812,3.9751725,-0.78313123
24081.8991438287,3.9751332,-0.78332843
24082.8991438762,3.9750938,-0.78490649
24083.8991439237,3.9750545,-0.78293396
24084.8991439712,3.9749362,-0.78451196
24085.8991440187,3.9748969,-0.78451196
24086.8991440662,3.9748576,-0.78392023
24087.8991441137,3.9747393,-0.78273669
24088.8991441612,3.974582,-0.78411743
24089.8991442087,3.9745426,-0.78352576
24090.8991442562,3.974385,-0.78490649
24091.8991443037,3.9744637,-0.78293396
24092.8991443512,3.9741488,-0.78352576
24093.8991443987,3.974267,-0.78313123
24094.8991444462,3.9743063,-0.78372296
24095.8991444937,3.9741094,-0.78470929
24096.8991445412,3.9739521,-0.78411743
24097.8991445887,3.9739521,-0.78313123
24098.8991446362,3.9738731,-0.78392023
24099.8991446837,3.9738338,-0.78293396
24100.8991447312,3.9735975,-0.78273669
24101.8991447787,3.9736762,-0.78293396
24102.8991448262,3.9735582,-0.78392023
24103.8991448737,3.9734006,-0.78392023
24104.8991449212,3.9734006,-0.78372296
24105.8991449687,3.9734006,-0.78194769
24106.8991450162,3.9732432,-0.78431476
24107.8991450637,3.973125,-0.78431476
24108.8991451112,3.9730463,-0.78293396
24109.8991451587,3.9730463,-0.78431476
24110.8991452062,3.9728494,-0.78352576
24111.8991452537,3.9728889,-0.78411743
24112.8991453012,3.97281,-0.78293396
24113.8991453487,3.9725738,-0.78332843
24114.8991453961,3.9725738,-0.78392023
24115.8991454436,3.9726133,-0.78372296
24116.8991454911,3.9724557,-0.78293396
24117.8991455386,3.9722981,-0.78313123
24118.8991455861,3.9722195,-0.78253943
24119.8991456336,3.9722195,-0.78273669
24120.8991456811,3.9721014,-0.78352576
24121.8991457286,3.9721014,-0.78313123
24122.8991457761,3.9720225,-0.78332843
24123.8991458236,3.9719832,-0.78332843
24124.8991458711,3.9719832,-0.78313123
24125.8991459186,3.9718652,-0.78431476
24126.8991459661,3.9717469,-0.78431476
24127.8991460136,3.9715896,-0.78332843
24128.8991460611,3.9716289,-0.78411743
24129.8991461086,3.9715502,-0.78372296
24130.8991461561,3.9713533,-0.78431476
24131.8991462036,3.9713926,-0.78332843
24132.8991462511,3.971235,-0.78392023
24133.8991462986,3.9711564,-0.78313123
24134.8991463461,3.9711564,-0.78411743
24135.8991463936,3.9710777,-0.78234222
24136.8991464411,3.970999,-0.78451196
24137.8991464886,3.9708414,-0.78372296
24138.8991465361,3.9707627,-0.78293396
24139.8991465836,3.9707234,-0.78332843
24140.8991466311,3.9707234,-0.78451196
24141.8991466786,3.9706838,-0.78431476
24142.8991467261,3.9706051,-0.78352576
24143.8991467736,3.9704478,-0.78352576
24144.8991468211,3.9705265,-0.78530096
24145.8991468686,3.9703295,-0.78332843
24146.8991469161,3.9702508,-0.78392023
24147.8991469636,3.9702115,-0.78372296
24148.8991470111,3.9700539,-0.78332843
24149.8991470586,3.9701326,-0.78411743
24150.8991471061,3.9700539,-0.78352576
24151.8991471536,3.969857,-0.78431476
24152.8991472011,3.969857,-0.78431476
24153.8991472485,3.9697783,-0.78273669
24154.899147296,3.9696603,-0.78313123
24155.8991473435,3.9696207,-0.78392023
24156.899147391,3.9695814,-0.78332843
24157.8991474385,3.9695814,-0.78392023
24158.899147486,3.9694633,-0.78372296
24159.8991475335,3.9693058,-0.78293396
24160.899147581,3.9693451,-0.78313123
24161.8991476285,3.9691877,-0.78273669
24162.899147676,3.9691484,-0.78313123
24163.8991477235,3.9690695,-0.78352576
24164.899147771,3.9689515,-0.78451196
24165.8991478185,3.9689908,-0.78392023
24166.899147866,3.9688728,-0.78372296
24167.8991479135,3.9687545,-0.78253943
24168.899147961,3.9687152,-0.78411743
24169.8991480085,3.9685972,-0.78530096
24170.899148056,3.9685972,-0.78372296
24171.8991481035,3.9684002,-0.78451196
24172.899148151,3.9684396,-0.78293396
24173.8991481985,3.9683216,-0.78273669
24174.899148246,3.9682426,-0.78293396
24175.8991482935,3.968164,-0.78451196
24176.899148341,3.9680064,-0.78332843
24177.8991483885,3.9680853,-0.78273669
24178.899148436,3.9680459,-0.78392023
24179.8991484835,3.9679277,-0.78372296
24180.899148531,3.967849,-0.78451196
24181.8991485785,3.9677703,-0.78313123
24182.899148626,3.9675734,-0.78549829
24183.8991486735,3.9676914,-0.78332843
24184.899148721,3.9676521,-0.78451196
24185.8991487685,3.9674551,-0.78411743
24186.899148816,3.9673765,-0.78372296
24187.8991488635,3.9674158,-0.78372296
24188.899148911,3.9672585,-0.78352576
24189.8991489585,3.9673371,-0.78313123
24190.899149006,3.9670615,-0.78352576
24191.8991490535,3.9670615,-0.78293396
24192.8991491009,3.9669828,-0.78273669
24193.8991491484,3.9668646,-0.78352576
24194.8991491959,3.9669828,-0.78313123
24195.8991492434,3.9667859,-0.78293396
24196.8991492909,3.9667072,-0.78392023
24197.8991493384,3.9666283,-0.78372296
24198.8991493859,3.9665103,-0.78372296
24199.8991494334,3.9665103,-0.78451196
24200.8991494809,3.9663923,-0.78175043
24201.8991495284,3.9663134,-0.78253943
24202.8991495759,3.9662347,-0.78352576
24203.8991496234,3.9663527,-0.78352576
24204.8991496709,3.9661164,-0.78392023
24205.8991497184,3.9661953,-0.78352576
24206.8991497659,3.9659984,-0.78510376
24207.8991498134,3.9660378,-0.78431476
24208.8991498609,3.9658408,-0.78411743
24209.8991499084,3.9657621,-0.78332843
24210.8991499559,3.9658015,-0.78372296
24211.8991500034,3.9656048,-0.78253943
24212.8991500509,3.9656441,-0.78273669
24213.8991500984,3.9656441,-0.78352576
24214.8991501459,3.9654865,-0.78253943
24215.8991501934,3.9654078,-0.78352576
24216.8991502409,3.9653685,-0.78372296
24217.8991502884,3.9652503,-0.78313123
24218.8991503359,3.9651322,-0.78313123
24219.8991503834,3.9651716,-0.78352576
24220.8991504309,3.9649746,-0.78451196
24221.8991504784,3.965014,-0.78372296
24222.8991505259,3.9649353,-0.78313123
24223.8991505734,3.964896,-0.78332843
24224.8991506209,3.9648566,-0.78293396
24225.8991506684,3.9648173,-0.78352576
24226.8991507159,3.964699,-0.78372296
24227.8991507634,3.9646597,-0.78332843
24228.8991508109,3.9644234,-0.78490649
24229.8991508584,3.9645021,-0.78372296
24230.8991509059,3.9643054,-0.78253943
24231.8991509534,3.9643054,-0.78372296
24232.8991510008,3.9642661,-0.78372296
24233.8991510483,3.9642265,-0.78273669
24234.8991510958,3.9643054,-0.78470929
24235.8991511433,3.9639115,-0.78273669
24236.8991511908,3.9640298,-0.78313123
24237.8991512383,3.9638722,-0.78372296
24238.8991512858,3.9638329,-0.78352576
24239.8991513333,3.9637542,-0.78313123
24240.8991513808,3.9636753,-0.78372296
24241.8991514283,3.9636753,-0.78253943
24242.8991514758,3.9634392,-0.78273669
24243.8991515233,3.9635572,-0.78332843
24244.8991515708,3.9633996,-0.78332843
24245.8991516183,3.963321,-0.78332843
24246.5531516494,3.9634392,-0.78549829
24246.5551516495,3.963321,-0.78490649
24246.5971516515,4.0192318,0
24306.5971545013,4.0632124,0
24366.5971573512,4.0692368,0
24426.597160201,4.071835,0
24486.5971630509,4.0733709,0
24546.5971659007,4.0743947,0
24606.5971687506,4.0751424,0
24666.5971716004,4.0756936,0
24726.5971744502,4.0759697,0
24786.5971773001,4.0764027,0
24846.5971801499,4.0765996,0
24906.5971829998,4.0768752,0
24966.5971858496,4.0771508,0
25026.5971886995,4.0771899,0
25086.5971915493,4.0775442,0
25146.5971943992,4.0775838,0
25206.597197249,4.0777411,0
25266.5972000989,4.0777411,0
25326.5972029487,4.0778198,0
25386.5972057986,4.0778594,0
25446.5972086484,4.0778198,0
25506.5972114983,4.0780168,0
25566.5972143481,4.0781746,0
25626.597217198,4.0782137,0
25686.5972200478,4.0782533,0
25746.5972228976,4.0782924,0
25806.5972257475,4.0783319,0
25866.5972285973,4.0784893,0
25926.5972314472,4.078568,0
25986.597234297,4.078568,0
26046.5972371469,4.0785289,0
26106.5972399967,4.078568,0
26166.5972428466,4.0786076,0
26226.5972456964,4.0786076,0
26286.5972485463,4.0786467,0
26346.5972513961,4.0786076,0
26406.597254246,4.0786862,0
26466.5972570958,4.0786467,0
26526.5972599457,4.0786467,0
26586.5972627955,4.0787258,0
26646.5972656454,4.0787649,0
26706.5972684952,4.0786467,0
26766.597271345,4.0787258,0
26826.5972741949,4.0786862,0
26886.5972770447,4.0787258,0
26946.5972798946,4.0787258,0
27006.5972827444,4.0788045,0
27066.5972855943,4.0788436,0
27126.5972884441,4.0786862,0
27186.597291294,4.0788832,0
27246.5972941438,4.0787258,0
27306.5972969937,4.0787649,0
27366.5972998435,4.0787258,0
27426.5973026934,4.0788045,0
27486.5973055432,4.0787649,0
27546.5973083931,4.0787258,0
27606.5973112429,4.0788045,0
27666.5973140928,4.0788045,0
27726.5973169426,4.0788436,0
27786.5973197924,4.0787258,0
27846.6313226439,4.0787258,0
27846.633322644,3.8056288,-5.1004253
27846.7333226488,3.6284463,-5.2840684
27846.8333226535,3.6063972,-5.291958
27846.9333226583,3.5980105,-5.2899858
27847.033322663,3.5921831,-5.2899858
27847.1333226678,3.5882852,-5.2888022
27847.2333226725,3.5851352,-5.2860405
27847.3333226773,3.5824578,-5.285646
27847.433322682,3.5800166,-5.2937339
27847.5333226868,3.5779691,-5.2909722
27847.6333226915,3.5765517,-5.2850542
27847.7333226962,3.5747011,-5.2858433
27847.833322701,3.5734413,-5.2899858
27847.9333227057,3.5721025,-5.2858433
27848.0333227105,3.5709212,-5.2903804
27848.1333227152,3.5697401,-5.288605
27848.23332272,3.5687163,-5.285646
27848.3333227247,3.5678895,-5.2868296
27848.4333227295,3.5667083,-5.2901831
27848.5333227342,3.5659208,-5.2868296
27848.633322739,3.5652514,-5.2858433
27848.7333227437,3.5643852,-5.2858433
27848.8333227485,3.5634401,-5.2876187
27848.9333227532,3.5628102,-5.2868296
27849.033322758,3.562062,-5.2850542
27849.1333227627,3.5615501,-5.2880137
27849.2333227675,3.5609989,-5.2862378
27849.3333227722,3.5601721,-5.2880137
27849.433322777,3.5594635,-5.2951143
27849.5333227817,3.559109,-5.2840684
27849.6333227865,3.5582821,-5.2929443
27849.7333227912,3.5579278,-5.2870269
27849.833322796,3.5571404,-5.2884072
27849.9333228007,3.5567861,-5.2901831
27850.0333228055,3.5563922,-5.2870269
27850.1333228102,3.5559199,-5.2852515
27850.233322815,3.5558803,-5.2767695
27850.3333228197,3.5545812,-5.2921553
27850.4333228245,3.5546205,-5.285646
27850.5333228292,3.553951,-5.2901831
27850.633322834,3.5537148,-5.2866323
27850.7333228387,3.5531635,-5.2852515
27850.8333228435,3.5528879,-5.2868296
27850.9333228482,3.5524156,-5.28821
27851.033322853,3.5511162,-5.3089224
27851.1333228577,3.5522974,-5.2761777
27851.2333228625,3.5510769,-5.2878164
27851.3333228672,3.55088,-5.2884072
27851.433322872,3.5505257,-5.2888022
27851.5333228767,3.5501711,-5.2876187
27851.6333228815,3.5498955,-5.2860405
27851.7333228862,3.5495019,-5.2895913
27851.833322891,3.5492263,-5.2866323
27851.9333228957,3.5488718,-5.2880137
27852.0333229005,3.5486751,-5.28821
27852.1333229052,3.5482419,-5.2842656
27852.23332291,3.5478876,-5.2903804
27852.3333229147,3.5467851,-5.3150371
27852.4333229195,3.5474544,-5.2870269
27852.5333229242,3.5470607,-5.2876187
27852.633322929,3.5467458,-5.288605
27852.7333229337,3.5464306,-5.2888022
27852.8333229385,3.5463519,-5.2884072
27852.9333229432,3.5459189,-5.2884072
27853.033322948,3.5456433,-5.2868296
27853.1333229527,3.5456038,-5.2840684
27853.2333229575,3.5452495,-5.2864351
27853.3333229622,3.5450132,-5.2838711
27853.433322967,3.5446196,-5.2888022
27853.5333229717,3.5448163,-5.2822925
27853.6333229765,3.5442257,-5.2862378
27853.7333229812,3.5431626,-5.3083301
27853.833322986,3.5433202,-5.2990596
27853.9333229907,3.5436351,-5.285646
27854.0333229955,3.5432808,-5.2884072
27854.1333230002,3.5432415,-5.2870269
27854.233323005,3.542887,-5.2862378
27854.3333230097,3.5426903,-5.2872241
27854.4333230145,3.5424933,-5.2866323
27854.5333230192,3.5422177,-5.2862378
27854.633323024,3.5421391,-5.2876187
27854.7333230287,3.5421784,-5.280123
27854.8333230335,3.5415878,-5.2895913
27854.9333230382,3.5413909,-5.2888022
27855.033323043,3.5412726,-5.2868296
27855.1333230477,3.5410364,-5.28821
27855.2333230525,3.5410364,-5.2850542
27855.3333230572,3.5408003,-5.2848574
27855.433323062,3.5406034,-5.2854487
27855.5333230667,3.539422,-5.3122754
27855.6333230715,3.5400915,-5.2876187
27855.7333230762,3.5400128,-5.2852515
27855.833323081,3.5398159,-5.2880137
27855.9333230857,3.5401702,-5.2751919
27856.0333230905,3.539422,-5.2868296
27856.1333230952,3.5392647,-5.2888022
27856.2333231,3.5391071,-5.2866323
27856.3333231047,3.5390284,-5.2858433
27856.4333231095,3.5387921,-5.2888022
27856.5333231142,3.5386348,-5.2884072
27856.633323119,3.5383196,-5.2895913
27856.7333231237,3.5383592,-5.2880137
27856.8333231285,3.5382016,-5.2864351
27856.9333231332,3.538044,-5.28821
27857.033323138,3.5378866,-5.2862378
27857.1333231427,3.537729,-5.2878164
27857.2333231475,3.5375321,-5.2943252
27857.3333231522,3.5375321,-5.2878164
27857.433323157,3.5373354,-5.2880137
27857.5333231617,3.5370598,-5.2878164
27857.6333231665,3.5370598,-5.2862378
27857.7333231712,3.5369022,-5.2899858
27857.833323176,3.5367842,-5.2876187
27857.9333231807,3.5366659,-5.2888022
27858.0333231855,3.5364692,-5.2884072
27858.1333231902,3.536351,-5.2860405
27858.233323195,3.5361936,-5.2862378
27858.3333231997,3.5361936,-5.2880137
27858.4333232045,3.5361147,-5.2876187
27858.5333232092,3.5359178,-5.2923525
27858.633323214,3.5357604,-5.2872241
27858.7333232187,3.5356817,-5.2889995
27858.8333232235,3.5355635,-5.2846602
27858.9333232282,3.5353665,-5.2862378
27859.033323233,3.5352485,-5.2880137
27859.1333232377,3.5352879,-5.2878164
27859.2333232425,3.5351698,-5.2874214
27859.3333232472,3.5349729,-5.2866323
27859.433323252,3.5350122,-5.2878164
27859.5333232567,3.534776,-5.288605
27859.6333232615,3.5347366,-5.2876187
27859.7333232662,3.5345397,-5.2868296
27859.833323271,3.5346186,-5.2876187
27859.9333232757,3.5342641,-5.2870269
27860.0333232805,3.534343,-5.2854487
27860.1333232852,3.5341854,-5.2891968
27860.23332329,3.5341461,-5.289394
27860.3333232947,3.5340278,-5.2872241
27860.4333232995,3.5339098,-5.2878164
27860.5333233042,3.5337918,-5.2858433
27860.633323309,3.5337129,-5.2862378
27860.7333233137,3.5335555,-5.2897886
27860.8333233185,3.5335162,-5.2913662
27860.9333233232,3.5333586,-5.28821
27861.033323328,3.5333586,-5.2874214
27861.1333233327,3.5333192,-5.2889995
27861.2333233375,3.5332799,-5.2866323
27861.3333233422,3.533201,-5.2858433
27861.433323347,3.5329254,-5.2937339
27861.5333233517,3.5329649,-5.2872241
27861.6333233565,3.5329649,-5.2860405
27861.7333233612,3.5328467,-5.2880137
27861.833323366,3.5328467,-5.2901831
27861.9333233707,3.5326893,-5.2884072
27862.0333233755,3.5326498,-5.2872241
27862.1333233802,3.5325711,-5.2876187
27862.233323385,3.5324531,-5.2884072
27862.3333233897,3.5322561,-5.2884072
27862.4333233945,3.5323348,-5.2870269
27862.5333233992,3.5323741,-5.2888022
27862.633323404,3.5321774,-5.2889995
27862.7333234087,3.5322168,-5.2868296
27862.8333234135,3.5320592,-5.2889995
27862.9333234182,3.5320199,-5.2874214
27863.033323423,3.5320592,-5.2850542
27863.1333234277,3.5318623,-5.2860405
27863.2333234325,3.5318229,-5.2878164
27863.3333234372,3.5318229,-5.2880137
27863.433323442,3.5316262,-5.2921553
27863.5333234467,3.5316656,-5.2868296
27863.6333234515,3.531508,-5.2874214
27863.7333234562,3.5315866,-5.2878164
27863.833323461,3.531508,-5.2891968
27863.9333234657,3.5314686,-5.2868296
27864.0333234705,3.531311,-5.2866323
27864.1333234752,3.5314293,-5.2880137
27864.23332348,3.5313506,-5.2866323
27864.3333234847,3.5312324,-5.2884072
27864.4333234895,3.531193,-5.2878164
27864.5333234942,3.5311143,-5.2880137
27864.633323499,3.5311537,-5.2834766
27864.7333235037,3.5311143,-5.2866323
27864.8333235085,3.5312324,-5.2852515
27864.9333235132,3.5311143,-5.2878164
27865.033323518,3.5308781,-5.2862378
27865.1333235227,3.5309567,-5.2862378
27865.2333235275,3.5306811,-5.2864351
27865.3333235322,3.5301299,-5.303793
27865.433323537,3.5306811,-5.2884072
27865.5333235417,3.5306418,-5.2866323
27865.6333235465,3.5306418,-5.2864351
27865.7333235512,3.5305631,-5.288605
27865.833323556,3.5306418,-5.2874214
27865.9333235607,3.5306811,-5.2868296
27866.0333235655,3.5304842,-5.2878164
27866.1333235702,3.5304449,-5.2862378
27866.233323575,3.5305238,-5.2872241
27866.3333235797,3.5304842,-5.288605
27866.4333235845,3.5304449,-5.2872241
27866.5333235892,3.5303268,-5.2862378
27866.633323594,3.5303268,-5.2884072
27866.7333235987,3.5303662,-5.2872241
27866.8333236035,3.5302875,-5.2897886
27866.9333236082,3.5302086,-5.2872241
27867.033323613,3.5301299,-5.2862378
27867.1333236177,3.5302479,-5.288605
27867.2333236224,3.5302086,-5.288605
27867.3333236272,3.5301692,-5.2864351
27867.4333236319,3.5302086,-5.2874214
27867.5333236367,3.5301692,-5.2868296
27867.6333236414,3.5300512,-5.2848574
27867.7333236462,3.529933,-5.2860405
27867.8333236509,3.5298543,-5.2897886
27867.9333236557,3.5300512,-5.2895913
27868.0333236604,3.5298936,-5.285646
27868.1333236652,3.5299723,-5.2858433
27868.2333236699,3.5299723,-5.2880137
27868.3333236747,3.5298543,-5.2899858
27868.4333236794,3.5298936,-5.2878164
27868.5333236842,3.529933,-5.2870269
27868.6333236889,3.5298543,-5.2860405
27868.7333236937,3.5297756,-5.288605
27868.8333236984,3.529815,-5.2880137
27868.9333237032,3.5298936,-5.2864351
27869.0333237079,3.529815,-5.2897886
27869.1333237127,3.5297756,-5.2866323
27869.2333237174,3.5297363,-5.2850542
27869.3333237222,3.5297756,-5.2880137
27869.4333237269,3.5297363,-5.2874214
27869.5333237317,3.5296574,-5.2880137
27869.6333237364,3.5296967,-5.2880137
27869.7333237412,3.5297756,-5.2868296
27869.8333237459,3.529618,-5.2913662
27869.9333237507,3.5296967,-5.289394
27870.0333237554,3.5296967,-5.2876187
27870.1333237602,3.5297363,-5.2921553
27870.2333237649,3.5296574,-5.2895913
27870.3333237697,3.5297363,-5.2862378
27870.4333237744,3.5296574,-5.2868296
27870.5333237792,3.5296967,-5.2876187
27870.6333237839,3.5296574,-5.2880137
27870.7333237887,3.5296574,-5.2876187
27870.8333237934,3.5297363,-5.2880137
27870.9333237982,3.5296967,-5.2862378
27871.0333238029,3.5297363,-5.2884072
27871.1333238077,3.529618,-5.2868296
27871.2333238124,3.529618,-5.2868296
27871.3333238172,3.529618,-5.2891968
27871.4333238219,3.5295787,-5.2872241
27871.5333238267,3.5297363,-5.2846602
27871.6333238314,3.5295787,-5.2868296
27871.7333238362,3.529618,-5.2868296
27871.8333238409,3.529618,-5.2870269
27871.9333238457,3.5296574,-5.2860405
27872.0333238504,3.529618,-5.28821
27872.1333238552,3.5295,-5.2878164
27872.2333238599,3.5297363,-5.2872241
27872.3333238647,3.5296967,-5.285646
27872.4333238694,3.5296574,-5.2872241
27872.5333238742,3.5296574,-5.2844629
27872.6333238789,3.529618,-5.2913662
27872.7333238837,3.5295787,-5.2874214
27872.8333238884,3.5296574,-5.2870269
27872.9333238932,3.529618,-5.2899858
27873.0333238979,3.5296967,-5.2854487
27873.1333239027,3.5295787,-5.2876187
27873.2333239074,3.5296574,-5.2880137
27873.3333239122,3.5295787,-5.2895913
27873.4333239169,3.5296574,-5.2872241
27873.5333239217,3.5296574,-5.2917607
27873.6333239264,3.5295787,-5.2911694
27873.7333239312,3.5296967,-5.2870269
27873.8333239359,3.5296967,-5.288605
27873.9333239407,3.529815,-5.2848574
27874.0333239454,3.5297363,-5.2874214
27874.1333239502,3.529618,-5.2901831
27874.2333239549,3.5296574,-5.28821
27874.3333239597,3.5297363,-5.2864351
27874.4333239644,3.5299723,-5.2872241
27874.5333239692,3.529815,-5.2874214
27874.6333239739,3.5298543,-5.2870269
27874.7333239787,3.529933,-5.2905776
27874.8333239834,3.5298543,-5.2870269
27874.9333239882,3.5298936,-5.285646
27875.0333239929,3.5298936,-5.2866323
27875.1333239977,3.5298936,-5.289394
27875.2333240024,3.5298543,-5.2888022
27875.3333240072,3.529933,-5.2895913
27875.4333240119,3.5298936,-5.2866323
27875.5333240167,3.529933,-5.28821
27875.6333240214,3.5300512,-5.2848574
27875.7333240262,3.5300119,-5.28821
27875.8333240309,3.5300119,-5.2876187
27875.9333240357,3.5300512,-5.2858433
27876.0333240404,3.5300906,-5.2870269
27876.1333240452,3.5302086,-5.2864351
27876.2333240499,3.5300119,-5.2878164
27876.3333240547,3.5301299,-5.28821
27876.4333240594,3.5301692,-5.2874214
27876.5333240642,3.5300906,-5.2878164
27876.6313240688,3.5300906,-5.2880137
27876.6753240709,3.8689024,0
27876.7753240757,3.93257,0
27876.8753240804,3.9487526,0
27876.9753240852,3.9560761,0
27877.0753240899,3.9604073,0
27877.1753240947,3.9637935,0
27877.2753240994,3.9661953,0
27877.3753241042,3.9682033,0
27877.4753241089,3.9699752,0
27877.5753241137,3.9715896,0
27877.6753241184,3.973007,0
27877.7753241232,3.9741488,0
27877.8753241279,3.9752119,0
27877.9753241327,3.9763536,0
27878.0753241374,3.9773774,0
27878.1753241422,3.9782832,0
27878.2753241469,3.9791493,0
27878.3753241517,3.9799368,0
27878.4753241564,3.9805667,0
27878.5753241612,3.9814329,0
27878.6753241659,3.9821417,0
27878.7753241707,3.9828503,0
27878.8753241754,3.9834018,0
27878.9753241802,3.9839923,0
27879.0753241849,3.9846616,0
27879.1753241897,3.9852128,0
27879.2753241944,3.985764,0
27879.3753241992,3.9862759,0
27879.4753242039,3.9869061,0
27879.5753242087,3.9872603,0
27879.6753242134,3.9877722,0
27879.7753242182,3.9884021,0
27879.8753242229,3.9888353,0
27879.9753242277,3.9892683,0
27880.0753242324,3.9896622,0
27880.1753242372,3.9901345,0
27880.2753242419,3.990607,0
27880.3753242467,3.9910009,0
27880.4753242514,3.9914732,0
27880.5753242562,3.9918277,0
27880.6753242609,3.9923396,0
27880.7753242657,3.9926546,0
27880.8753242704,3.9931271,0
27880.9753242752,3.9933238,0
27881.0753242799,3.9937177,0
27881.1753242847,3.99419,0
27881.2753242894,3.9943869,0
27881.3753242942,3.9948595,0
27881.4753242989,3.9952137,0
27881.5753243037,3.99545,0
27881.6753243084,3.9959619,0
27881.7753243132,3.9962375,0
27881.8753243179,3.9964345,0
27881.9753243227,3.9968281,0
27882.0753243274,3.997143,0
27882.1753243322,3.9974582,0
27882.2753243369,3.9976943,0
27882.3753243417,3.9981275,0
27882.4753243464,3.9982851,0
27882.5753243512,3.9986393,0
27882.6753243559,3.999033,0
27882.7753243607,3.9991512,0
27882.8753243654,3.9994662,0
27882.9753243702,3.99986,0
27883.0753243749,3.9998994,0
27883.1753243797,4.0003715,0
27883.2753243844,4.0004897,0
27883.3753243892,4.0008836,0
27883.4753243939,4.0010805,0
27883.5753243987,4.0013952,0
27883.6753244034,4.0016708,0
27883.7753244082,4.0018678,0
27883.8753244129,4.0021043,0
27883.9753244177,4.0023403,0
27884.0753244224,4.0026159,0
27884.1753244272,4.0028524,0
27884.2753244319,4.0030489,0
27884.3753244367,4.0034037,0
27884.4753244414,4.0034428,0
27884.5753244462,4.003758,0
27884.6753244509,4.003994,0
27884.7753244557,4.0042696,0
27884.8753244604,4.004427,0
27884.9753244651,4.0045848,0
27885.0753244699,4.0048604,0
27885.1753244746,4.0050573,0
27885.2753244794,4.0052934,0
27885.3753244841,4.0054903,0
27885.4753244889,4.0056872,0
27885.5753244936,4.0058446,0
27885.6753244984,4.0062385,0
27885.7753245031,4.0063567,0
27885.8753245079,4.0064745,0
27885.9753245126,4.006711,0
27886.0753245174,4.0069079,0
27886.1753245221,4.007144,0
27886.2753245269,4.0072622,0
27886.3753245316,4.0075378,0
27886.4753245364,4.0076556,0
27886.5753245411,4.0078526,0
27886.6753245459,4.0080495,0
27886.7753245506,4.0083251,0
27886.8753245554,4.0084038,0
27886.9753245601,4.0087976,0
27887.0753245649,4.0088372,0
27887.1753245696,4.0090733,0
27887.2753245744,4.0092702,0
27887.3753245791,4.0092702,0
27887.4753245839,4.0095458,0
27887.5753245886,4.0097427,0
27887.6753245934,4.0099397,0
27887.7753245981,4.0101366,0
27887.8753246029,4.0102153,0
27887.9753246076,4.010294,0
27888.0753246124,4.01053,0
27888.1753246171,4.0106483,0
27888.2753246219,4.0108843,0
27888.3753246266,4.0110421,0
27888.4753246314,4.0112391,0
27888.5753246361,4.0113568,0
27888.6753246409,4.0116324,0
27888.7753246456,4.0117507,0
27888.8753246504,4.011672,0
27888.9753246551,4.0120659,0
27889.0753246599,4.0121837,0
27889.1753246646,4.0123019,0
27889.2753246694,4.0124989,0
27889.3753246741,4.0124989,0
27889.4753246789,4.0127745,0
27889.5753246836,4.0130105,0
27889.6753246884,4.0131683,0
27889.7753246931,4.0131683,0
27889.8753246979,4.0132861,0
27889.9753247026,4.013483,0
27890.0753247074,4.01368,0
27890.1753247121,4.0138373,0
27890.2753247169,4.0139165,0
27890.3753247216,4.0141129,0
27890.4753247264,4.0141525,0
27890.5753247311,4.0143886,0
27890.6753247359,4.0145068,0
27890.7753247406,4.0147038,0
27890.8753247454,4.014822,0
27890.9753247501,4.014822,0
27891.0753247549,4.0150189,0
27891.1753247596,4.015255,0
27891.2753247644,4.0152946,0
27891.3753247691,4.0155702,0
27891.4753247739,4.0157275,0
27891.5753247786,4.0157666,0
27891.6753247834,4.0158849,0
27891.7753247881,4.0160031,0
27891.8753247929,4.0160031,0
27891.9753247976,4.0162392,0
27892.0753248024,4.0163574,0
27892.1753248071,4.0165939,0
27892.2753248119,4.016633,0
27892.3753248166,4.0168695,0
27892.4753248214,4.0169482,0
27892.5753248261,4.0169482,0
27892.6753248309,4.017066,0
27892.7753248356,4.0171843,0
27892.8753248404,4.0174208,0
27892.9753248451,4.0174208,0
27893.0753248499,4.0176964,0
27893.1753248546,4.0177751,0
27893.2753248594,4.0179324,0
27893.3753248641,4.017972,0
27893.4753248689,4.0182476,0
27893.5753248736,4.018208,0
27893.6753248784,4.0183654,0
27893.7753248831,4.0184836,0
27893.8753248879,4.0186019,0
27893.9753248926,4.0187988,0
27894.0753248974,4.0187988,0
27894.1753249021,4.0189562,0
27894.2753249069,4.0190744,0
27894.3753249116,4.0191135,0
27894.4753249164,4.0193501,0
27894.5753249211,4.0194678,0
27894.6753249259,4.0195074,0
27894.7753249306,4.0197434,0
27894.8753249354,4.0197434,0
27894.9753249401,4.0199013,0
27895.0753249449,4.0199013,0
27895.1753249496,4.0200586,0
27895.2753249544,4.020216,0
27895.3753249591,4.0201769,0
27895.4753249639,4.0203738,0
27895.5753249686,4.0204129,0
27895.6753249734,4.0206099,0
27895.7753249781,4.0205703,0
27895.8753249829,4.0208068,0
27895.9753249876,4.0207672,0
27896.0753249924,4.0209641,0
27896.1753249971,4.0209641,0
27896.2753250019,4.0211611,0
27896.3753250066,4.021358,0
27896.4753250114,4.0213971,0
27896.5753250161,4.0214763,0
27896.6753250209,4.021594,0
27896.7753250256,4.0217519,0
27896.8753250304,4.021791,0
27896.9753250351,4.0219483,0
27897.0753250399,4.021791,0
27897.1753250446,4.0221062,0
27897.2753250494,4.0221848,0
27897.3753250541,4.0223422,0
27897.4753250589,4.0223422,0
27897.5753250636,4.0225391,0
27897.6753250684,4.0224996,0
27897.7753250731,4.0225787,0
27897.8753250779,4.0228543,0
27897.9753250826,4.0228148,0
27898.0753250874,4.0230117,0
27898.1753250921,4.0230117,0
27898.2753250969,4.0230904,0
27898.3753251016,4.0232873,0
27898.4753251064,4.023366,0
27898.5753251111,4.0233264,0
27898.6753251159,4.0234447,0
27898.7753251206,4.0235233,0
27898.8753251254,4.023602,0
27898.9753251301,4.0236812,0
27899.0753251349,4.0238385,0
27899.1753251396,4.0239172,0
27899.2753251444,4.0240355,0
27899.3753251491,4.0240746,0
27899.4753251539,4.0241141,0
27899.5753251586,4.0243502,0
27899.6753251634,4.0242715,0
27899.7753251681,4.024508,0
27899.8753251729,4.0245471,0
27899.9753251776,4.0245867,0
27900.0753251824,4.0247049,0
27900.1753251871,4.0248623,0
27900.2753251919,4.0248623,0
27900.3753251966,4.0250196,0
27900.4753252014,4.0250983,0
27900.5753252061,4.0249805,0
27900.6753252109,4.0253348,0
27900.7753252156,4.0252953,0
27900.8753252204,4.0253348,0
27900.9753252251,4.0254526,0
27901.0753252299,4.0255709,0
27901.1753252346,4.0254922,0
27901.2753252394,4.0257678,0
27901.3753252441,4.0258074,0
27901.4753252489,4.0257282,0
27901.5753252536,4.0260038,0
27901.6753252584,4.0259252,0
27901.7753252631,4.0261221,0
27901.8753252679,4.0262403,0
27901.9753252726,4.0263586,0
27902.0753252774,4.0263977,0
27902.1753252821,4.0264373,0
27902.2753252869,4.026516,0
27902.3753252916,4.026516,0
27902.4753252964,4.026752,0
27902.5753253011,4.0267129,0
27902.6753253059,4.0268703,0
27902.7753253106,4.0268307,0
27902.8753253154,4.0269885,0
27902.9753253201,4.0271459,0
27903.0753253249,4.0271459,0
27903.1753253296,4.0271459,0
27903.2753253344,4.0273032,0
27903.3753253391,4.0271854,0
27903.4753253439,4.0273819,0
27903.5753253486,4.0275002,0
27903.6753253534,4.0275397,0
27903.7753253581,4.0275788,0
27903.8753253629,4.0277758,0
27903.9753253676,4.0277367,0
27904.0753253724,4.0279727,0
27904.1753253771,4.0279336,0
27904.2753253819,4.0280123,0
27904.3753253866,4.0281696,0
27904.4753253914,4.0282092,0
27904.5753253961,4.0282879,0
27904.6753254008,4.0283666,0
27904.7753254056,4.0284057,0
27904.8753254103,4.0284848,0
27904.9753254151,4.0284848,0
27905.0753254198,4.0285635,0
27905.1753254246,4.0286026,0
27905.2753254293,4.0287209,0
27905.3753254341,4.0287209,0
27905.4753254388,4.0288391,0
27905.5753254436,4.0289178,0
27905.6753254483,4.029036,0
27905.7753254531,4.029036,0
27905.8753254578,4.0291538,0
27905.9753254626,4.0291538,0
27906.0753254673,4.0293117,0
27906.1753254721,4.0292325,0
27906.2753254768,4.0293903,0
27906.3753254816,4.0296659,0
27906.4753254863,4.0295873,0
27906.5753254911,4.0297446,0
27906.6753254958,4.0296659,0
27906.7753255006,4.0297446,0
27906.8753255053,4.0298233,0
27906.9753255101,4.0298629,0
27907.0753255148,4.0300202,0
27907.1753255196,4.0299807,0
27907.2753255243,4.0300989,0
27907.3753255291,4.0301776,0
27907.4753255338,4.0302563,0
27907.5753255386,4.0303745,0
27907.6753255433,4.0303745,0
27907.7753255481,4.0304928,0
27907.8753255528,4.0305715,0
27907.9753255576,4.0306106,0
27908.0753255623,4.0305715,0
27908.1753255671,4.0306501,0
27908.2753255718,4.0306501,0
27908.3753255766,4.0307684,0
27908.4753255813,4.0307684,0
27908.5753255861,4.0308862,0
27908.6753255908,4.0309653,0
27908.7753255956,4.0310044,0
27908.8753256003,4.0312014,0
27908.9753256051,4.0310831,0
27909.0753256098,4.03128,0
27909.1753256146,4.0313196,0
27909.2753256193,4.0313196,0
27909.3753256241,4.0313196,0
27909.4753256288,4.0315557,0
27909.5753256336,4.0315166,0
27909.6753256383,4.0316739,0
27909.7753256431,4.0315952,0
27909.8753256478,4.0316739,0
27909.9753256526,4.0316739,0
27910.0753256573,4.0317135,0
27910.1753256621,4.0319099,0
27910.2753256668,4.0318313,0
27910.3753256716,4.0319495,0
27910.4753256763,4.0322647,0
27910.5753256811,4.0320678,0
27910.6753256858,4.0321465,0
27910.7753256906,4.0323038,0
27910.8753256953,4.0322251,0
27910.9753257001,4.0323825,0
27911.0753257048,4.0323825,0
27911.1753257096,4.0324221,0
27911.2753257143,4.0325794,0
27911.3753257191,4.0325794,0
27911.4753257238,4.032619,0
27911.5753257286,4.032855,0
27911.6753257333,4.0326977,0
27911.7753257381,4.0328946,0
27911.8753257428,4.032855,0
27911.9753257476,4.0328946,0
27912.0753257523,4.0329733,0
27912.1753257571,4.0330124,0
27912.2753257618,4.0331306,0
27912.3753257666,4.033052,0
27912.4753257713,4.0331702,0
27912.5753257761,4.0331702,0
27912.6753257808,4.0332489,0
27912.7753257856,4.0334063,0
27912.8753257903,4.0333672,0
27912.9753257951,4.0334849,0
27913.0753257998,4.0335636,0
27913.1753258046,4.0336428,0
27913.2753258093,4.0336032,0
27913.3753258141,4.0336032,0
27913.4753258188,4.0338001,0
27913.5753258236,4.0338001,0
27913.6753258283,4.0338392,0
27913.7753258331,4.0338392,0
27913.8753258378,4.0339575,0
27913.9753258426,4.0339971,0
27914.0753258473,4.0340757,0
27914.1753258521,4.0341544,0
27914.2753258568,4.0341148,0
27914.3753258616,4.0342331,0
27914.4753258663,4.03443,0
27914.5753258711,4.0345087,0
27914.6753258758,4.0343904,0
27914.7753258806,4.0343513,0
27914.8753258853,4.0343904,0
27914.9753258901,4.0343904,0
27915.0753258948,4.0345087,0
27915.1753258996,4.0345874,0
27915.2753259043,4.0347056,0
27915.3753259091,4.0347056,0
27915.4753259138,4.0347452,0
27915.5753259186,4.0348239,0
27915.6753259233,4.0347843,0
27915.7753259281,4.0349813,0
27915.8753259328,4.0349417,0
27915.9753259376,4.0349813,0
27916.0753259423,4.0350208,0
27916.1753259471,4.0351386,0
27916.2753259518,4.0352569,0
27916.3753259566,4.0352178,0
27916.4753259613,4.0351782,0
27916.5753259661,4.0352569,0
27916.7073259723,4.2136598,0
27916.7093259724,4.2335434,3.7911831
27916.8093259772,4.3540668,3.9627939
27916.9093259819,4.3639498,3.96378
27917.0093259867,4.3683596,3.9639773
27917.1093259914,4.3715491,3.9643718
27917.2093259962,4.3741474,3.9649636
27917.3093260009,4.3759589,3.9647664
27917.4093260057,4.3778486,3.9633857
27917.5093260104,4.3793449,3.96378
27917.6093260152,4.3808413,3.9649636
27917.7093260199,4.3821011,3.9651606
27917.8093260247,4.3833218,3.9661472
27917.9093260294,4.3843846,3.9639773
27918.0093260342,4.3855662,3.9649636
27918.1093260389,4.3866291,3.9653579
27918.2093260437,4.3876133,3.9645691
27918.3093260484,4.3885584,3.9645691
27918.4093260532,4.3893852,3.9645691
27918.5093260579,4.3902121,3.9657527
27918.6093260627,4.3913145,3.9651606
27918.7093260674,4.391984,3.9643718
27918.8093260722,4.3928504,3.9649636
27918.9093260769,4.393559,3.9645691
27919.0093260817,4.3943858,3.96378
27919.1093260864,4.3950944,3.96378
27919.2093260912,4.3957639,3.9643718
27919.3093260959,4.3965511,3.9651606
27919.4093261007,4.3971419,3.9641746
27919.5093261054,4.3979292,3.9657527
27919.6093261102,4.3985987,3.9655554
27919.7093261149,4.3993864,3.9643718
27919.8093261197,4.3999767,3.9641746
27919.9093261244,4.4006462,3.9649636
27920.0093261292,4.4010792,3.9645691
27920.1093261339,4.4018669,3.9661472
27920.2093261387,4.4024572,3.9653579
27920.3093261434,4.4029298,3.9639773
27920.4093261482,4.4035993,3.9649636
27920.5093261529,4.4041901,3.9625964
27920.6093261577,4.4047413,3.9657527
27920.7093261624,4.4052529,3.9651606
27920.8093261672,4.4058828,3.9643718
27920.9093261719,4.4062767,3.9647664
27921.0093261767,4.4068675,3.9645691
27921.1093261814,4.4074187,3.9641746
27921.2093261862,4.4080486,3.9657527
27921.3093261909,4.4085212,3.9651606
27921.4093261957,4.4090724,3.96378
27921.5093262004,4.4096627,3.9657527
27921.6093262052,4.4101748,3.96595
27921.7093262099,4.4105291,3.9641746
27921.8093262147,4.4110804,3.9653579
27921.9093262194,4.411592,3.9641746
27922.0093262242,4.4118676,3.9661472
27922.1093262289,4.4124584,3.9645691
27922.2093262337,4.4130487,3.96595
27922.3093262384,4.4134035,3.9661472
27922.4093262432,4.4139152,3.9649636
27922.5093262479,4.4143877,3.9653579
27922.6093262527,4.4147816,3.9643718
27922.7093262574,4.4152541,3.9645691
27922.8093262622,4.4157262,3.9657527
27922.9093262669,4.4161201,3.9657527
27923.0093262717,4.416553,3.9655554
27923.1093262764,4.4169865,3.9647664
27923.2093262812,4.4173803,3.9651606
27923.3093262859,4.4179707,3.9645691
27923.4093262907,4.4182858,3.9631885
27923.5093262954,4.4187975,3.9651606
27923.6093263002,4.4191127,3.9661472
27923.7093263049,4.4195457,3.9641746
27923.8093263097,4.4200573,3.9647664
27923.9093263144,4.4204512,3.9641746
27924.0093263192,4.4207268,3.9657527
27924.1093263239,4.4212389,3.9645691
27924.2093263287,4.4216323,3.9647664
27924.3093263334,4.4219871,3.9645691
27924.4093263382,4.4225383,3.9645691
27924.5093263429,4.4229317,3.9645691
27924.6093263477,4.4232469,3.9651606
27924.7093263524,4.4236012,3.9641746
27924.8093263572,4.4240341,3.9645691
27924.9093263619,4.4244676,3.9649636
27925.0093263667,4.4248219,3.9649636
27925.1093263714,4.4250975,3.9633857
27925.2093263762,4.4254913,3.96595
27925.3093263809,4.4258847,3.9647664
27925.4093263857,4.4261999,3.9641746
27925.5093263904,4.4265542,3.9653579
27925.6093263952,4.4269872,3.9647664
27925.7093263999,4.4272628,3.9657527
27925.8093264047,4.4276962,3.9639773
27925.9093264094,4.4280505,3.9655554
27926.0093264142,4.4283261,3.9657527
27926.1093264189,4.42872,3.9643718
27926.2093264237,4.4291921,3.9651606
27926.3093264284,4.4295073,3.9655554
27926.4093264332,4.4297829,3.9665417
27926.5093264379,4.4300981,3.9657527
27926.6093264427,4.4304523,3.9653579
27926.7073264473,4.430728,3.9665417
27926.7513264494,4.1589303,0
27926.8513264542,4.111721,0
27926.9513264589,4.1013656,0
27927.0513264637,4.0964046,0
27927.1513264684,4.0930185,0
27927.2513264732,4.0906167,0
27927.3513264779,4.0888448,0
27927.4513264827,4.0871911,0
27927.5513264874,4.0859308,0
27927.6513264922,4.0848284,0
27927.7513264969,4.0839229,0
27927.8513265017,4.0829778,0
27927.9513265064,4.0822301,0
27928.0513265111,4.0814819,0
27928.1513265159,4.0810094,0
27928.2513265206,4.0804973,0
27928.3513265254,4.0797496,0
27928.4513265301,4.0793161,0
27928.5513265349,4.0788832,0
27928.6513265396,4.0784502,0
27928.7513265444,4.0780168,0
27928.8513265491,4.0776234,0
27928.9513265539,4.0773869,0
27929.0513265586,4.0771112,0
27929.1513265634,4.0767174,0
27929.2513265681,4.0764418,0
27929.3513265729,4.0761271,0
27929.4513265776,4.0758514,0
27929.5513265824,4.0754972,0
27929.6513265871,4.0752606,0
27929.7513265919,4.0750246,0
27929.8513265966,4.0747094,0
27929.9513266014,4.0747094,0
27930.0513266061,4.0745521,0
27930.1513266109,4.0742369,0
27930.2513266156,4.0740008,0
27930.3513266204,4.0739222,0
27930.4513266251,4.0737252,0
27930.5513266299,4.0733314,0
27930.6513266346,4.07341,0
27930.7513266394,4.073174,0
27930.8513266441,4.0728984,0
27930.9513266489,4.0728197,0
27931.0513266536,4.0727015,0
27931.1513266584,4.0726228,0
27931.2513266631,4.0723863,0
27931.3513266679,4.0722685,0
27931.4513266726,4.072032,0
27931.5513266774,4.072032,0
27931.6513266821,4.0719533,0
27931.7513266869,4.071835,0
27931.8513266916,4.0715594,0
27931.9513266964,4.0714021,0
27932.0513267011,4.0714021,0
27932.1513267059,4.0712051,0
27932.2513267106,4.0711265,0
27932.3513267154,4.0710869,0
27932.4513267201,4.0709295,0
27932.5513267249,4.0708508,0
27932.6513267296,4.0708113,0
27932.7513267344,4.0706539,0
27932.8513267391,4.0704966,0
27932.9513267439,4.0704179,0
27933.0513267486,4.0703783,0
27933.1513267534,4.0701814,0
27933.2513267581,4.0701423,0
27933.3513267629,4.070024,0
27933.4513267676,4.0700636,0
27933.5513267724,4.0698271,0
27933.6513267771,4.0698667,0
27933.7513267819,4.0697088,0
27933.8513267866,4.069788,0
27933.9513267914,4.0697088,0
27934.0513267961,4.0695515,0
27934.1513268009,4.0695124,0
27934.2513268056,4.0692759,0
27934.3513268104,4.0692368,0
27934.4513268151,4.0691576,0
27934.5513268199,4.0692759,0
27934.6513268246,4.0690002,0
27934.7513268294,4.0690398,0
27934.8513268341,4.0689216,0
27934.9513268389,4.0687246,0
27935.0513268436,4.068882,0
27935.1513268484,4.0686064,0
27935.2513268531,4.068646,0
27935.3513268579,4.0687642,0
27935.4513268626,4.0685673,0
27935.5513268674,4.0684099,0
27935.6513268721,4.0685673,0
27935.7513268769,4.0683308,0
27935.8513268816,4.0683308,0
27935.9513268864,4.0682917,0
27936.0513268911,4.0681338,0
27936.1513268959,4.0681338,0
27936.2513269006,4.0680552,0
27936.3513269054,4.0680552,0
27936.4513269101,4.0678978,0
27936.5513269149,4.0679765,0
27936.6513269196,4.0679765,0
27936.7513269244,4.0678191,0
27936.8513269291,4.0677009,0
27936.9513269339,4.0679765,0
27937.0513269386,4.0677404,0
27937.1513269434,4.0676618,0
27937.2513269481,4.0674253,0
27937.3513269529,4.0675039,0
27937.4513269576,4.0675826,0
27937.5513269624,4.0674648,0
27937.6513269671,4.0675039,0
27937.7513269719,4.0674253,0
27937.8513269766,4.0674253,0
27937.9513269814,4.0673466,0
27938.0513269861,4.0671892,0
27938.1513269909,4.0672283,0
27938.2513269956,4.0672283,0
27938.3513270004,4.0671105,0
27938.4513270051,4.0671496,0
27938.5513270099,4.067071,0
27938.6513270146,4.0669923,0
27938.7513270194,4.0669923,0
27938.8513270241,4.0669923,0
27938.9513270289,4.0669923,0
27939.0513270336,4.066874,0
27939.1513270384,4.0668349,0
27939.2513270431,4.0667953,0
27939.3513270479,4.0667558,0
27939.4513270526,4.0666771,0
27939.5513270574,4.0667558,0
27939.6513270621,4.0667558,0
27939.7513270669,4.0667953,0
27939.8513270716,4.066638,0
27939.9513270764,4.0665593,0
27940.0513270811,4.066638,0
27940.1513270859,4.0665197,0
27940.2513270906,4.0665984,0
27940.3513270954,4.0665197,0
27940.4513271001,4.0664015,0
27940.5513271049,4.0664802,0
27940.6513271096,4.0664802,0
27940.7513271144,4.0664411,0
27940.8513271191,4.0664802,0
27940.9513271239,4.0663228,0
27941.0513271286,4.0662045,0
27941.1513271334,4.0663624,0
27941.2513271381,4.0662441,0
27941.3513271429,4.0662045,0
27941.4513271476,4.0661654,0
27941.5513271524,4.0660868,0
27941.6513271571,4.0661259,0
27941.7513271619,4.0661259,0
27941.8513271666,4.0660868,0
27941.9513271714,4.0661259,0
27942.0513271761,4.0660472,0
27942.1513271809,4.0660472,0
27942.2513271856,4.0659685,0
27942.3513271904,4.0659685,0
27942.4513271951,4.0660081,0
27942.5513271999,4.0658503,0
27942.6513272046,4.0658898,0
27942.7513272094,4.0658503,0
27942.8513272141,4.0658503,0
27942.9513272189,4.0658112,0
27943.0513272236,4.0658503,0
27943.1513272284,4.0658503,0
27943.2513272331,4.0658112,0
27943.3513272379,4.0658503,0
27943.4513272426,4.0658503,0
27943.5513272474,4.0658112,0
27943.6513272521,4.0657325,0
27943.7513272569,4.0657325,0
27943.8513272616,4.0655746,0
27943.9513272664,4.0656929,0
27944.0513272711,4.0656533,0
27944.1513272759,4.0655355,0
27944.2513272806,4.0656533,0
27944.3513272854,4.065496,0
27944.4513272901,4.065496,0
27944.5513272949,4.065496,0
27944.6513272996,4.0654173,0
27944.7513273044,4.0655355,0
27944.8513273091,4.0654569,0
27944.9513273139,4.0654173,0
27945.0513273186,4.0655355,0
27945.1513273234,4.0653777,0
27945.2513273281,4.0654569,0
27945.3513273329,4.0653777,0
27945.4513273376,4.0653386,0
27945.5513273424,4.0653386,0
27945.6513273471,4.0653386,0
27945.7513273519,4.0654173,0
27945.8513273566,4.065299,0
27945.9513273614,4.065299,0
27946.0513273661,4.0653386,0
27946.1513273709,4.0652204,0
27946.2513273756,4.0652599,0
27946.3513273804,4.0652599,0
27946.4513273851,4.0652204,0
27946.5513273899,4.0653777,0
27946.6513273946,4.0652204,0
27946.7513273994,4.0651813,0
27946.8513274041,4.0653386,0
27946.9513274089,4.0652204,0
27947.0513274136,4.0652204,0
27947.1513274184,4.0652204,0
27947.2513274231,4.0651417,0
27947.3513274279,4.0651021,0
27947.4513274326,4.0651417,0
27947.5513274374,4.0652204,0
27947.6513274421,4.0651021,0
27947.7513274468,4.0651021,0
27947.8513274516,4.0651021,0
27947.9513274563,4.065063,0
27948.0513274611,4.0650234,0
27948.1513274658,4.0650234,0
27948.2513274706,4.0649843,0
27948.3513274753,4.0650234,0
27948.4513274801,4.0649843,0
27948.5513274848,4.0650234,0
27948.6513274896,4.0650234,0
27948.7513274943,4.0649447,0
27948.8513274991,4.0648265,0
27948.9513275038,4.0649843,0
27949.0513275086,4.0649447,0
27949.1513275133,4.0648661,0
27949.2513275181,4.0649447,0
27949.3513275228,4.0650234,0
27949.4513275276,4.0649447,0
27949.5513275323,4.0649056,0
27949.6513275371,4.0648265,0
27949.7513275418,4.0649056,0
27949.8513275466,4.0648661,0
27949.9513275513,4.0649447,0
27950.0513275561,4.0648265,0
27950.1513275608,4.0649056,0
27950.2513275656,4.0648265,0
27950.3513275703,4.0647087,0
27950.4513275751,4.0647478,0
27950.5513275798,4.0647874,0
27950.6513275846,4.0647478,0
27950.7513275893,4.0647087,0
27950.8513275941,4.0649056,0
27950.9513275988,4.0650234,0
27951.0513276036,4.0648265,0
27951.1513276083,4.0646691,0
27951.2513276131,4.0647874,0
27951.3513276178,4.0647087,0
27951.4513276226,4.0646296,0
27951.5513276273,4.0648265,0
27951.6513276321,4.0647874,0
27951.7513276368,4.0648265,0
27951.8513276416,4.0646691,0
27951.9513276463,4.0645509,0
27952.0513276511,4.0647087,0
27952.1513276558,4.0647478,0
27952.2513276606,4.0646296,0
27952.3513276653,4.0646296,0
27952.4513276701,4.0647478,0
27952.5513276748,4.0646691,0
27952.6513276796,4.0646296,0
27952.7513276843,4.0645509,0
27952.8513276891,4.0646296,0
27952.9513276938,4.0647087,0
27953.0513276986,4.0646296,0
27953.1513277033,4.0646296,0
27953.2513277081,4.0646691,0
27953.3513277128,4.0646691,0
27953.4513277176,4.0645509,0
27953.5513277223,4.0646691,0
27953.6513277271,4.0646691,0
27953.7513277318,4.0646296,0
27953.8513277366,4.0647478,0
27953.9513277413,4.0645509,0
27954.0513277461,4.0645118,0
27954.1513277508,4.0645118,0
27954.2513277556,4.0645118,0
27954.3513277603,4.0645509,0
27954.4513277651,4.0645509,0
27954.5513277698,4.0647087,0
27954.6513277746,4.0644722,0
27954.7513277793,4.0646296,0
27954.8513277841,4.0645905,0
27954.9513277888,4.0645118,0
27955.0513277936,4.0645118,0
27955.1513277983,4.0646691,0
27955.2513278031,4.0646296,0
27955.3513278078,4.0646296,0
27955.4513278126,4.0645118,0
27955.5513278173,4.0644331,0
27955.6513278221,4.0646296,0
27955.7513278268,4.0645118,0
27955.8513278316,4.0644722,0
27955.9513278363,4.0644722,0
27956.0513278411,4.0645509,0
27956.1513278458,4.0645509,0
27956.2513278506,4.0644722,0
27956.3513278553,4.0644331,0
27956.4513278601,4.0645509,0
27956.5513278648,4.0644331,0
27956.6513278696,4.0645118,0
27956.7513278743,4.0645118,0
27956.8513278791,4.0644722,0
27956.9513278838,4.0644331,0
27957.0513278886,4.0643935,0
27957.1513278933,4.0645509,0
27957.2513278981,4.0643935,0
27957.3513279028,4.0645509,0
27957.4513279076,4.0644722,0
27957.5513279123,4.0644331,0
27957.6513279171,4.0644331,0
27957.7513279218,4.0643539,0
27957.8513279266,4.0643539,0
27957.9513279313,4.0645118,0
27958.0513279361,4.0644722,0
27958.1513279408,4.0645118,0
27958.2513279456,4.0642753,0
27958.3513279503,4.0643935,0
27958.4513279551,4.0644331,0
27958.5513279598,4.0644331,0
27958.6513279646,4.0645118,0
27958.7513279693,4.0645118,0
27958.8513279741,4.0643539,0
27958.9513279788,4.0644722,0
27959.0513279836,4.0645509,0
27959.1513279883,4.0644722,0
27959.2513279931,4.0643935,0
27959.3513279978,4.0644331,0
27959.4513280026,4.0643935,0
27959.5513280073,4.0642753,0
27959.6513280121,4.0645509,0
27959.7513280168,4.0644722,0
27959.8513280216,4.0643539,0
27959.9513280263,4.0643148,0
27960.0513280311,4.0643148,0
27960.1513280358,4.0643539,0
27960.2513280406,4.0643935,0
27960.3513280453,4.0644722,0
27960.4513280501,4.0644331,0
27960.5513280548,4.0644331,0
27960.6513280596,4.0643935,0
27960.7513280643,4.0644331,0
27960.8513280691,4.0645118,0
27960.9513280738,4.0643935,0
27961.0513280786,4.0643148,0
27961.1513280833,4.0644331,0
27961.2513280881,4.0643935,0
27961.3513280928,4.0642753,0
27961.4513280976,4.0644722,0
27961.5513281023,4.0644331,0
27961.6513281071,4.0644331,0
27961.7513281118,4.0644331,0
27961.8513281166,4.0643935,0
27961.9513281213,4.0642753,0
27962.0513281261,4.0644722,0
27962.1513281308,4.0643539,0
27962.2513281356,4.0644722,0
27962.3513281403,4.0644331,0
27962.4513281451,4.0643935,0
27962.5513281498,4.0644722,0
27962.6513281546,4.0643539,0
27962.7513281593,4.0643935,0
27962.8513281641,4.0643539,0
27962.9513281688,4.0644331,0
27963.0513281736,4.0644331,0
27963.1513281783,4.0644331,0
27963.2513281831,4.0643148,0
27963.3513281878,4.0645509,0
27963.4513281926,4.0644722,0
27963.5513281973,4.0643539,0
27963.6513282021,4.0644331,0
27963.7513282068,4.0646296,0
27963.8513282116,4.0643935,0
27963.9513282163,4.0644722,0
27964.0513282211,4.0643935,0
27964.1513282258,4.0643935,0
27964.2513282306,4.0643935,0
27964.3513282353,4.0642753,0
27964.4513282401,4.0644331,0
27964.5513282448,4.0643148,0
27964.6513282496,4.0643148,0
27964.7513282543,4.0644331,0
27964.8513282591,4.0644331,0
27964.9513282638,4.0642753,0
27965.0513282686,4.0644331,0
27965.1513282733,4.0644722,0
27965.2513282781,4.0643539,0
27965.3513282828,4.0643935,0
27965.4513282876,4.0645509,0
27965.5513282923,4.0644722,0
27965.6513282971,4.0643148,0
27965.7513283018,4.0643935,0
27965.8513283066,4.0643935,0
27965.9513283113,4.0643148,0
27966.0513283161,4.0644722,0
27966.1513283208,4.0645509,0
27966.2513283256,4.0643539,0
27966.3513283303,4.0644331,0
27966.4513283351,4.0644722,0
27966.5513283398,4.0643935,0
27966.6513283446,4.0644722,0
27966.7853283509,4.0319891,0
27966.787328351,4.0287604,-0.76813989
27967.7873283985,3.9958043,-0.78253943
27968.787328446,3.993875,-0.78332843
27969.7873284935,3.9925363,-0.78293396
27970.787328541,3.9913945,-0.78510376
27971.7873285885,3.9904497,-0.78273669
27972.787328636,3.9896228,-0.78234222
27973.7873286835,3.9888747,-0.78352576
27974.787328731,3.9881659,-0.78372296
27975.7873287785,3.9874177,-0.78332843
27976.787328826,3.9868271,-0.78332843
27977.7873288735,3.9861972,-0.78352576
27978.787328921,3.9856067,-0.78352576
27979.7873289685,3.9850554,-0.78451196
27980.787329016,3.9845042,-0.78352576
27981.7873290635,3.9839134,-0.78234222
27982.787329111,3.9835198,-0.7821449
27983.7873291585,3.9830472,-0.78372296
27984.787329206,3.9826536,-0.78273669
27985.7873292535,3.9821417,-0.78392023
27986.787329301,3.9817085,-0.78470929
27987.7873293485,3.9813149,-0.78313123
27988.787329396,3.980921,-0.78411743
27989.7873294435,3.9804881,-0.78332843
27990.787329491,3.9800549,-0.78332843
27991.7873295384,3.9797792,-0.78411743
27992.7873295859,3.979346,-0.78352576
27993.7873296334,3.9789131,-0.78293396
27994.7873296809,3.9786768,-0.78352576
27995.7873297284,3.9783618,-0.78293396
27996.7873297759,3.9780469,-0.78451196
27997.7873298234,3.9776924,-0.78411743
27998.7873298709,3.9774561,-0.78332843
27999.7873299184,3.9771018,-0.78273669
28000.7873299659,3.9767475,-0.78234222
28001.7873300134,3.9765112,-0.78332843
28002.7873300609,3.9761569,-0.78352576
28003.7873301084,3.97596,-0.78470929
28004.7873301559,3.9755661,-0.78352576
28005.7873302034,3.9753695,-0.78352576
28006.7873302509,3.9750545,-0.78313123
28007.7873302984,3.9748182,-0.78293396
28008.7873303459,3.9745426,-0.78273669
28009.7873303934,3.974267,-0.78392023
28010.7873304409,3.9739914,-0.78392023
28011.7873304884,3.9739521,-0.78352576
28012.7873305359,3.9736369,-0.78411743
28013.7873305834,3.9733613,-0.78234222
28014.7873306309,3.9730463,-0.78352576
28015.7873306784,3.97281,-0.78253943
28016.7873307259,3.972692,-0.78392023
28017.7873307734,3.9723771,-0.78352576
28018.7873308209,3.9721801,-0.78352576
28019.7873308684,3.9719439,-0.78470929
28020.7873309159,3.9717863,-0.78332843
28021.7873309634,3.9715502,-0.78253943
28022.7873310109,3.9713533,-0.78470929
28023.7873310584,3.9710383,-0.78411743
28024.7873311059,3.9708414,-0.78372296
28025.7873311534,3.9706838,-0.78411743
28026.7873312009,3.9704871,-0.78234222
28027.7873312484,3.9703295,-0.78332843
28028.7873312959,3.9701326,-0.78490649
28029.7873313434,3.9698963,-0.78431476
28030.7873313908,3.9697783,-0.78352576
28031.7873314383,3.9694633,-0.78352576
28032.7873314858,3.9693451,-0.78411743
28033.7873315333,3.9691091,-0.78411743
28034.7873315808,3.9689121,-0.78372296
28035.7873316283,3.9688334,-0.78411743
28036.7873316758,3.9685972,-0.78431476
28037.7873317233,3.9684002,-0.78470929
28038.7873317708,3.968164,-0.78332843
28039.7873318183,3.9681246,-0.78470929
28040.7873318658,3.967849,-0.78470929
28041.7873319133,3.9676914,-0.78293396
28042.7873319608,3.9675341,-0.78332843
28043.7873320083,3.9672978,-0.78332843
28044.7873320558,3.9672191,-0.78392023
28045.7873321033,3.9669828,-0.78293396
28046.7873321508,3.9669039,-0.78451196
28047.7873321983,3.9666283,-0.78313123
28048.7873322458,3.9665103,-0.78451196
28049.7873322933,3.9663923,-0.78273669
28050.7873323408,3.9661953,-0.78411743
28051.7873323883,3.9659591,-0.78313123
28052.7873324358,3.9659591,-0.78372296
28053.7873324833,3.9656441,-0.78372296
28054.7873325308,3.9655652,-0.78332843
28055.7873325783,3.9653685,-0.78451196
28056.7873326258,3.9652503,-0.78392023
28057.7873326733,3.9650536,-0.78411743
28058.7873327208,3.9648566,-0.78431476
28059.7873327683,3.9647384,-0.78332843
28060.7873328158,3.964581,-0.78392023
28061.7873328633,3.9644234,-0.78392023
28062.7873329108,3.9642661,-0.78411743
28063.7873329583,3.9641085,-0.78431476
28064.7873330058,3.9641085,-0.78392023
28065.7873330533,3.9638722,-0.78293396
28066.7873331008,3.9635966,-0.78451196
28067.7873331483,3.9635179,-0.78234222
28068.7873331958,3.9633603,-0.78293396
28069.7873332432,3.9632816,-0.7856955
28070.7873332907,3.9630847,-0.7821449
28071.7873333382,3.9629667,-0.78372296
28072.7873333857,3.9629273,-0.78313123
28073.7873334332,3.9627304,-0.78352576
28074.7873334807,3.9626122,-0.78332843
28075.7873335282,3.9624548,-0.78313123
28076.7873335757,3.9622185,-0.7821449
28077.7873336232,3.9621005,-0.78451196
28078.7873336707,3.9621005,-0.78392023
28079.7873337182,3.9619823,-0.78273669
28080.7873337657,3.9617853,-0.78273669
28081.7873338132,3.9616673,-0.78451196
28082.7873338607,3.961431,-0.78293396
28083.7873339082,3.961431,-0.78332843
28084.7873339557,3.9612737,-0.78352576
28085.7873340032,3.9610374,-0.78293396
28086.7873340507,3.9610767,-0.78431476
28087.7873340982,3.9608405,-0.78352576
28088.7873341457,3.9607618,-0.78372296
28089.7873341932,3.9605649,-0.78352576
28090.7873342407,3.9604862,-0.78293396
28091.7873342882,3.9603286,-0.78313123
28092.7873343357,3.960171,-0.78332843
28093.7873343832,3.9601316,-0.78372296
28094.7873344307,3.959856,-0.78293396
28095.7873344782,3.9597774,-0.78411743
28096.7873345257,3.9595411,-0.78293396
28097.7873345732,3.9595804,-0.78253943
28098.7873346207,3.9594624,-0.78411743
28099.7873346682,3.9593441,-0.78372296
28100.7873347157,3.9590685,-0.78372296
28101.7873347632,3.9590685,-0.78253943
28102.7873348107,3.9589112,-0.78392023
28103.7873348582,3.9587536,-0.78313123
28104.7873349057,3.9586749,-0.78352576
28105.7873349532,3.9585962,-0.78470929
28106.7873350007,3.9585173,-0.78273669
28107.7873350482,3.95836,-0.78451196
28108.7873350956,3.9581237,-0.78313123
28109.7873351431,3.958163,-0.78510376
28110.7873351906,3.9579661,-0.78470929
28111.7873352381,3.9579268,-0.78372296
28112.7873352856,3.9578481,-0.78411743
28113.7873353331,3.9576511,-0.78332843
28114.7873353806,3.9574542,-0.78332843
28115.7873354281,3.9574149,-0.78392023
28116.7873354756,3.9573755,-0.78372296
28117.7873355231,3.9570606,-0.78392023
28118.7873355706,3.9570212,-0.78332843
28119.7873356181,3.9569423,-0.78392023
28120.7873356656,3.9568243,-0.78253943
28121.7873357131,3.9567063,-0.78293396
28122.7873357606,3.9566274,-0.78470929
28123.7873358081,3.9563911,-0.78332843
28124.7873358556,3.9563518,-0.78372296
28125.7873359031,3.9562337,-0.78332843
28126.7873359506,3.9561944,-0.78431476
28127.7873359981,3.9560368,-0.78293396
28128.7873360456,3.9559581,-0.78313123
28129.7873360931,3.9558005,-0.78352576
28130.7873361406,3.9556038,-0.78352576
28131.7873361881,3.9555643,-0.78392023
28132.7873362356,3.9555249,-0.78431476
28133.7873362831,3.9553676,-0.78293396
28134.7873363306,3.9552886,-0.78372296
28135.7873363781,3.9551706,-0.78411743
28136.7873364256,3.9551313,-0.78451196
28137.7873364731,3.954895,-0.78372296
28138.7873365206,3.9548557,-0.78313123
28139.7873365681,3.9546194,-0.78293396
28140.7873366156,3.9546587,-0.78411743
28141.7873366631,3.9545407,-0.78313123
28142.7873367106,3.9543045,-0.78372296
28143.7873367581,3.9543831,-0.78273669
28144.7873368056,3.9542255,-0.78372296
28145.7873368531,3.9541075,-0.78253943
28146.7873369006,3.9539499,-0.78313123
28147.787336948,3.9538319,-0.78431476
28148.7873369955,3.953635,-0.78313123
28149.787337043,3.9537139,-0.78431476
28150.7873370905,3.9534776,-0.78372296
28151.787337138,3.9534776,-0.78332843
28152.7873371855,3.95332,-0.78332843
28153.787337233,3.9531624,-0.78332843
28154.7873372805,3.9531231,-0.78431476
28155.787337328,3.9530838,-0.78293396
28156.7873373755,3.9529264,-0.78234222
28157.787337423,3.9527295,-0.78411743
28158.7873374705,3.9526901,-0.7821449
28159.787337518,3.9525325,-0.78313123
28160.7873375655,3.9524145,-0.78392023
28161.787337613,3.9523752,-0.78332843
28162.7873376605,3.9522569,-0.78293396
28163.787337708,3.9521389,-0.78253943
28164.7873377555,3.9520996,-0.78332843
28165.787337803,3.9520206,-0.78293396
28166.7873378505,3.9519026,-0.78253943
28167.787337898,3.9517844,-0.78372296
28168.7873379455,3.9515483,-0.78470929
28169.787337993,3.9516664,-0.78411743
28170.7873380405,3.9514301,-0.78293396
28171.787338088,3.9513121,-0.78352576
28172.7873381355,3.9511545,-0.78392023
28173.787338183,3.9512725,-0.78352576
28174.7873382305,3.9511545,-0.78372296
28175.787338278,3.9509182,-0.78392023
28176.7873383255,3.9508002,-0.78332843
28177.787338373,3.9506819,-0.78392023
28178.7873384205,3.9506032,-0.78352576
28179.787338468,3.9505639,-0.78234222
28180.7873385155,3.9504852,-0.78352576
28181.787338563,3.950367,-0.78313123
28182.7873386105,3.9502096,-0.78372296
28183.787338658,3.9502096,-0.78332843
28184.7873387055,3.950052,-0.78352576
28185.787338753,3.9500127,-0.78372296
28186.7873388005,3.9498944,-0.7821449
28187.7873388479,3.9497371,-0.78332843
28188.7873388954,3.9496977,-0.78372296
28189.7873389429,3.9495008,-0.78372296
28190.7873389904,3.9494615,-0.78431476
28191.7873390379,3.9493825,-0.78470929
28192.7873390854,3.9492645,-0.78372296
28193.7873391329,3.9491858,-0.78392023
28194.7873391804,3.9490676,-0.78313123
28195.7873392279,3.9489496,-0.78372296
28196.7873392754,3.9488313,-0.78332843
28197.7873393229,3.9487133,-0.78332843
28198.7873393704,3.948674,-0.78392023
28199.7873394179,3.948674,-0.78234222
28200.7873394654,3.9484377,-0.78372296
28201.7873395129,3.948477,-0.78352576
28202.7873395604,3.9483197,-0.78392023
28203.7873396079,3.9481227,-0.78392023
28204.7873396554,3.9481621,-0.78234222
28205.7873397029,3.9481227,-0.78293396
28206.7873397504,3.9480441,-0.78392023
28207.7873397979,3.9478471,-0.78313123
28208.7873398454,3.9478471,-0.78411743
28209.7873398929,3.9477289,-0.78451196
28210.7873399404,3.9476109,-0.78451196
28211.7873399879,3.9474533,-0.78352576
28212.7873400354,3.9474926,-0.78332843
28213.7873400829,3.9472959,-0.78332843
28214.7873401304,3.947217,-0.78293396
28215.7873401779,3.9471383,-0.78332843
28216.7873402254,3.9470203,-0.78332843
28217.7873402729,3.9469414,-0.78273669
28218.7873403204,3.9468234,-0.78411743
28219.7873403679,3.9466264,-0.78293396
28220.7873404154,3.9466264,-0.78431476
28221.7873404629,3.9465084,-0.78392023
28222.7873405104,3.9463115,-0.78332843
28223.7873405579,3.9463115,-0.78470929
28224.7873406054,3.9462721,-0.78392023
28225.7873406529,3.9461541,-0.78352576
28226.7873407003,3.9460752,-0.78372296
28227.7873407478,3.9459965,-0.78273669
28228.7873407953,3.9459178,-0.78332843
28229.7873408428,3.9457996,-0.78352576
28230.7873408903,3.9456816,-0.78332843
28231.7873409378,3.945524,-0.78352576
28232.7873409853,3.9455633,-0.78411743
28233.7873410328,3.9454846,-0.78313123
28234.7873410803,3.9452484,-0.78313123
28235.7873411278,3.9451697,-0.78372296
28236.7873411753,3.945209,-0.78352576
28237.7873412228,3.945091,-0.78411743
28238.7873412703,3.9449728,-0.78313123
28239.7873413178,3.9447758,-0.78372296
28240.7873413653,3.9447365,-0.78253943
28241.7873414128,3.9446971,-0.78352576
28242.7873414603,3.9445002,-0.78431476
28243.7873415078,3.9444215,-0.78313123
28244.7873415553,3.9443429,-0.78490649
28245.7873416028,3.9442642,-0.78530096
28246.7873416503,3.9442246,-0.78332843
28247.7873416978,3.9441066,-0.78470929
28248.7873417453,3.9439096,-0.78392023
28249.7873417928,3.943949,-0.78313123
28250.7873418403,3.9437523,-0.78332843
28251.7873418878,3.9437523,-0.78332843
28252.7873419353,3.9436734,-0.78332843
28253.7873419828,3.943634,-0.78332843
28254.7873420303,3.9433978,-0.78352576
28255.7873420778,3.9434371,-0.78372296
28256.7873421253,3.9432404,-0.78352576
28257.7873421728,3.9432011,-0.78352576
28258.7873422203,3.9430828,-0.78392023
28259.7873422678,3.9429255,-0.78352576
28260.7873423153,3.9428859,-0.78392023
28261.7873423628,3.9428465,-0.78549829
28262.7873424103,3.9428072,-0.78411743
28263.7873424578,3.9426103,-0.78332843
28264.7873425053,3.9426103,-0.78352576
28265.7873425527,3.9423742,-0.78372296
28266.7873426002,3.9422953,-0.78332843
28267.7873426477,3.9423347,-0.78352576
28268.7873426952,3.9422166,-0.78332843
28269.7873427427,3.9421773,-0.78352576
28270.7873427902,3.941941,-0.78451196
28271.7873428377,3.9419804,-0.78372296
28272.7873428852,3.9418228,-0.78332843
28273.7873429327,3.9419017,-0.78392023
28274.7873429802,3.9417048,-0.78352576
28275.7873430277,3.9416261,-0.78332843
28276.7873430752,3.9415867,-0.78392023
28277.7873431227,3.9414291,-0.78332843
28278.7873431702,3.9412715,-0.78431476
28279.7873432177,3.9411929,-0.78372296
28280.7873432652,3.9409959,-0.78234222
28281.7873433127,3.9409959,-0.78313123
28282.7873433602,3.9409959,-0.78451196
28283.7873434077,3.9408779,-0.78392023
28284.7873434552,3.9407599,-0.78332843
28285.7873435027,3.9407599,-0.78313123
28286.7873435502,3.9405236,-0.78313123
28287.7873435977,3.9404843,-0.78313123
28288.7873436452,3.9404054,-0.78332843
28289.7873436927,3.940366,-0.78293396
28290.7873437402,3.9402084,-0.78313123
28291.7873437877,3.9400904,-0.78332843
28292.7873438352,3.9401298,-0.78372296
28293.7873438827,3.9400117,-0.78392023
28294.7873439302,3.9399724,-0.78431476
28295.7873439777,3.9397755,-0.78313123
28296.7873440252,3.9396572,-0.78352576
28297.7873440727,3.9396572,-0.78451196
28298.7873441202,3.9394999,-0.78293396
28299.7873441677,3.9394999,-0.78352576
28300.7873442152,3.9393816,-0.78431476
28301.7873442627,3.9392636,-0.78293396
28302.7873443102,3.9390666,-0.78332843
28303.7873443577,3.9390273,-0.78372296
28304.7873444051,3.938988,-0.78451196
28305.7873444526,3.9389093,-0.78411743
28306.7873445001,3.9388304,-0.78372296
28307.7873445476,3.938791,-0.78253943
28308.7873445951,3.9387124,-0.78411743
28309.7873446426,3.9385154,-0.78392023
28310.7873446901,3.9386337,-0.78293396
28311.7873447376,3.9383974,-0.78431476
28312.7873447851,3.9383185,-0.78392023
28313.7873448326,3.9383185,-0.78273669
28314.7873448801,3.9381611,-0.78451196
28315.7873449276,3.9379642,-0.78352576
28316.7873449751,3.9378462,-0.78313123
28317.7873450226,3.9379642,-0.78293396
28318.7873450701,3.9378462,-0.78451196
28319.7873451176,3.9377673,-0.78352576
28320.7873451651,3.9375706,-0.78431476
28321.7873452126,3.9376099,-0.78332843
28322.7873452601,3.937413,-0.78470929
28323.7873453076,3.9372556,-0.78234222
28324.7873453551,3.9371374,-0.78332843
28325.7873454026,3.9371767,-0.78392023
28326.7873454501,3.9371374,-0.78313123
28327.7873454976,3.93698,-0.78273669
28328.7873455451,3.9368224,-0.78372296
28329.7873455926,3.9369011,-0.78392023
28330.7873456401,3.9367831,-0.78332843
28331.7873456876,3.9366255,-0.78332843
28332.7873457351,3.9365075,-0.78253943
28333.7873457826,3.9364681,-0.78372296
28334.7873458301,3.9363892,-0.78372296
28335.7873458776,3.9362712,-0.78234222
28336.7873459251,3.9363499,-0.78372296
28337.7873459726,3.9361529,-0.78549829
28338.7873460201,3.9360743,-0.78293396
28339.7873460676,3.9359956,-0.78253943
28340.7873461151,3.935838,-0.78332843
28341.7873461626,3.93572,-0.78332843
28342.7873462101,3.9355624,-0.78372296
28343.7873462576,3.9356806,-0.78293396
28344.787346305,3.9354444,-0.78431476
28345.7873463525,3.935523,-0.78313123
28346.7873464,3.9353261,-0.78313123
28347.7873464475,3.9352081,-0.78293396
28348.787346495,3.9352081,-0.78372296
28349.7873465425,3.9352081,-0.78392023
28350.78734659,3.9348538,-0.78372296
28351.7873466375,3.9350505,-0.78411743
28352.787346685,3.9348142,-0.78451196
28353.7873467325,3.9346962,-0.78392023
28354.78734678,3.9346569,-0.78332843
28355.7873468275,3.9345782,-0.78273669
28356.787346875,3.9345386,-0.78372296
28357.7873469225,3.9343419,-0.78313123
28358.78734697,3.9344993,-0.78490649
28359.7873470175,3.9343419,-0.78392023
28360.787347065,3.9342237,-0.78352576
28361.7873471125,3.9339874,-0.78411743
28362.78734716,3.9339874,-0.78451196
28363.7873472075,3.93383,-0.78352576
28364.787347255,3.9337513,-0.78392023
28365.7873473025,3.9335938,-0.78431476
28366.78734735,3.9336331,-0.78313123
28367.7873473975,3.9335151,-0.78234222
28368.787347445,3.9334757,-0.78332843
28369.7873474925,3.9334362,-0.78451196
28370.78734754,3.9332395,-0.78332843
28371.7873475875,3.9331605,-0.78273669
28372.787347635,3.9330819,-0.78411743
28373.7873476825,3.9330425,-0.78392023
28374.78734773,3.9328456,-0.78549829
28375.7873477775,3.9329638,-0.78392023
28376.787347825,3.9327276,-0.78470929
28377.7873478725,3.9327669,-0.78411743
28378.78734792,3.9326093,-0.78470929
28379.7873479675,3.93257,-0.78313123
28380.787348015,3.9324913,-0.78372296
28381.7873480625,3.9324126,-0.78372296
28382.78734811,3.9322944,-0.78352576
28383.7873481574,3.9322944,-0.78411743
28384.7873482049,3.9320974,-0.78372296
28385.7873482524,3.9320188,-0.78234222
28386.7873482999,3.9319794,-0.78234222
28387.7873483474,3.9319007,-0.78313123
28388.7873483949,3.9317431,-0.78273669
28389.7873484424,3.9317038,-0.78549829
28390.7873484899,3.9316251,-0.78411743
28391.7873485374,3.9315069,-0.78490649
28392.7873485849,3.9314282,-0.78372296
28393.7873486324,3.9312313,-0.78411743
28394.7873486799,3.9312313,-0.78372296
28395.7873487274,3.9310739,-0.78352576
28396.7873487749,3.930995,-0.78352576
28397.7873488224,3.9308376,-0.78313123
28398.7873488699,3.930877,-0.78411743
28399.7873489174,3.9308376,-0.78253943
28400.7873489649,3.9307983,-0.78313123
28401.7873490124,3.9307587,-0.78273669
28402.7873490599,3.9306014,-0.78293396
28403.7873491074,3.9304438,-0.78234222
28404.7873491549,3.9304044,-0.78549829
28405.7873492024,3.9304044,-0.78392023
28406.7873492499,3.9302864,-0.78332843
28407.7873492974,3.9302075,-0.78194769
28408.7873493449,3.9300895,-0.78332843
28409.7873493924,3.9299715,-0.78510376
28410.7873494399,3.9298925,-0.78352576
28411.7873494874,3.9297745,-0.78470929
28412.7873495349,3.9296958,-0.78273669
28413.7873495824,3.9296958,-0.78253943
28414.7873496299,3.9295382,-0.78392023
28415.7873496774,3.9295382,-0.78293396
28416.7873497249,3.929302,-0.78293396
28417.7873497724,3.9292626,-0.78313123
28418.7873498199,3.9292626,-0.78352576
28419.7873498674,3.929105,-0.78411743
28420.7873499149,3.928987,-0.78411743
28421.7873499624,3.928987,-0.78273669
28422.7873500098,3.9287901,-0.78313123
28423.7873500573,3.9287508,-0.78372296
28424.7873501048,3.9286327,-0.78411743
28425.7873501523,3.9285538,-0.78313123
28426.7873501998,3.9285145,-0.78392023
28427.7873502473,3.9285538,-0.78392023
28428.7873502948,3.9283175,-0.78372296
28429.7873503423,3.9283175,-0.78372296
28430.7873503898,3.9281602,-0.78293396
28431.7873504373,3.9281602,-0.78253943
28432.7873504848,3.9279633,-0.78273669
28433.7873505323,3.9279239,-0.7856955
28434.7873505798,3.9278846,-0.78451196
28435.7873506273,3.9276876,-0.78431476
28436.7873506748,3.9276876,-0.78372296
28437.7873507223,3.927609,-0.78451196
28438.7873507698,3.9275303,-0.78470929
28439.7873508173,3.927412,-0.78411743
28440.7873508648,3.9273334,-0.78352576
28441.7873509123,3.927294,-0.78273669
28442.7873509598,3.9272151,-0.78253943
28443.7873510073,3.9270971,-0.78352576
28444.7873510548,3.9271364,-0.78313123
28445.7873511023,3.9268215,-0.78392023
28446.7873511498,3.9269395,-0.78313123
28447.7873511973,3.9267428,-0.78352576
28448.7873512448,3.9266639,-0.78372296
28449.7873512923,3.9266245,-0.78451196
28450.7873513398,3.9264276,-0.78352576
28451.7873513873,3.9265065,-0.78411743
28452.7873514348,3.9261916,-0.78293396
28453.7873514823,3.9262702,-0.78352576
28454.7873515298,3.926152,-0.78431476
28455.7873515773,3.9261127,-0.7813559
28456.7873516248,3.9260733,-0.78293396
28457.7873516723,3.9258764,-0.78352576
28458.7873517198,3.9257977,-0.78313123
28459.7873517673,3.9256403,-0.78313123
28460.7873518148,3.9256797,-0.78352576
28461.7873518622,3.9255221,-0.78372296
28462.7873519097,3.9255614,-0.78332843
28463.7873519572,3.9254827,-0.78273669
28464.7873520047,3.9253645,-0.78332843
28465.7873520522,3.9252858,-0.78490649
28466.7873520997,3.9252465,-0.78293396
28467.7873521472,3.9251285,-0.78352576
28468.7873521947,3.9248528,-0.78332843
28469.7873522422,3.9250102,-0.78313123
28470.7873522897,3.9247739,-0.78411743
28471.7873523372,3.9246559,-0.78549829
28472.7873523847,3.9247739,-0.78411743
28473.7873524322,3.9246166,-0.78372296
28474.7873524797,3.9245377,-0.78372296
28475.7873525272,3.9245772,-0.78431476
28476.7873525747,3.9243016,-0.78352576
28477.7873526222,3.9242227,-0.78372296
28478.7873526697,3.9243016,-0.78352576
28479.7873527172,3.924026,-0.78431476
28480.7873527647,3.9239864,-0.78273669
28481.7873528122,3.9239078,-0.78253943
28482.7873528597,3.9238684,-0.78293396
28483.7873529072,3.9237504,-0.78431476
28484.7873529547,3.9235928,-0.78372296
28485.7873530022,3.9235928,-0.78372296
28486.7873530497,3.9235535,-0.78431476
28487.7873530972,3.9234746,-0.78332843
28488.7873531447,3.9233172,-0.78411743
28489.7873531922,3.9233172,-0.78490649
28490.7873532397,3.9231203,-0.78332843
28491.7873532872,3.9230809,-0.78549829
28492.7873533347,3.9229629,-0.78372296
28493.7873533822,3.922884,-0.78313123
28494.7873534297,3.9228053,-0.78293396
28495.7873534772,3.9228446,-0.78372296
28496.7873535247,3.9226477,-0.78293396
28497.7873535722,3.9225297,-0.78352576
28498.7873536197,3.9225297,-0.78234222
28499.7873536672,3.9226084,-0.78372296
28500.7873537147,3.9223328,-0.78273669
28501.7873537621,3.9222541,-0.78313123
28502.7873538096,3.9220178,-0.78253943
28503.7873538571,3.9220178,-0.78332843
28504.7873539046,3.9218605,-0.78293396
28505.7873539521,3.9219391,-0.78253943
28506.7873539996,3.9218209,-0.78431476
28507.7873540471,3.9218209,-0.78549829
28508.7873540946,3.9216635,-0.78411743
28509.7873541421,3.9216242,-0.78392023
28510.7873541896,3.9213879,-0.78352576
28511.7873542371,3.9213879,-0.78372296
28512.7873542846,3.9213486,-0.78313123
28513.7873543321,3.921309,-0.78352576
28514.7873543796,3.921191,-0.78273669
28515.7873544271,3.920994,-0.78372296
28516.7873544746,3.9209547,-0.78352576
28517.7873545221,3.920876,-0.78253943
28518.7873545696,3.920876,-0.78372296
28519.7873546171,3.9207578,-0.78234222
28520.7873546646,3.9205611,-0.78392023
28521.7873547121,3.9206004,-0.78352576
28522.7873547596,3.9205611,-0.78234222
28523.7873548071,3.9203248,-0.78352576
28524.7873548546,3.9203641,-0.78451196
28525.7873549021,3.9203248,-0.78352576
28526.7873549496,3.9201279,-0.78293396
28527.7873549971,3.9202065,-0.78372296
28528.7873550446,3.9199309,-0.78392023
28529.7873550921,3.9199703,-0.78411743
28530.7873551396,3.9197736,-0.78234222
28531.7873551871,3.9197736,-0.78234222
28532.7873552346,3.9196947,-0.78332843
28533.7873552821,3.9195766,-0.78451196
28534.7873553296,3.9194586,-0.78234222
28535.7873553771,3.9193404,-0.78392023
28536.7873554246,3.919301,-0.78431476
28537.7873554721,3.9192224,-0.78352576
28538.7873555196,3.9192617,-0.78470929
28539.7873555671,3.9190648,-0.78313123
28540.7873556145,3.9189861,-0.78392023
28541.787355662,3.9189467,-0.78411743
28542.7873557095,3.9189074,-0.78332843
28543.787355757,3.9187498,-0.78392023
28544.7873558045,3.9187105,-0.78392023
28545.787355852,3.9186318,-0.78293396
28546.7873558995,3.9186711,-0.78313123
28547.787355947,3.9184742,-0.78411743
28548.7873559945,3.9184349,-0.78293396
28549.787356042,3.9182379,-0.7821449
28550.7873560895,3.9181986,-0.78372296
28551.787356137,3.918041,-0.78490649
28552.7873561845,3.9180017,-0.78352576
28553.787356232,3.917923,-0.78470929
28554.7873562795,3.9177654,-0.78293396
28555.787356327,3.917726,-0.78253943
28556.7873563745,3.917608,-0.78411743
28557.787356422,3.9175291,-0.78234222
28558.7873564695,3.9174504,-0.78332843
28559.787356517,3.9174111,-0.78313123
28560.7873565645,3.9174111,-0.78411743
28561.787356612,3.9171748,-0.78253943
28562.7873566595,3.9171748,-0.78372296
28563.787356707,3.9170175,-0.78392023
28564.7873567545,3.9170961,-0.78392023
28565.787356802,3.9169385,-0.78313123
28566.7873568495,3.9167812,-0.78293396
28567.787356897,3.9167023,-0.78313123
28568.7873569445,3.9165449,-0.78431476
28569.787356992,3.9165449,-0.78293396
28570.7873570395,3.9165056,-0.78451196
28571.787357087,3.9163873,-0.78332843
28572.7873571345,3.9163873,-0.78392023
28573.787357182,3.9162693,-0.78392023
28574.7873572295,3.916151,-0.78273669
28575.787357277,3.9160724,-0.78372296
28576.7873573245,3.9160724,-0.78293396
28577.787357372,3.9158754,-0.78451196
28578.7873574195,3.9158754,-0.78332843
28579.7873574669,3.9156787,-0.78392023
28580.7873575144,3.9155998,-0.78293396
28581.7873575619,3.9155998,-0.78234222
28582.7873576094,3.9155998,-0.78273669
28583.7873576569,3.9153636,-0.78392023
28584.7873577044,3.9154031,-0.78293396
28585.7873577519,3.9153242,-0.78234222
28586.7873577994,3.9151275,-0.78332843
28587.7873578469,3.9150486,-0.78293396
28588.7873578944,3.9150093,-0.78332843
28589.7873579419,3.9149699,-0.78431476
28590.7873579894,3.9149306,-0.78352576
28591.7873580369,3.9148123,-0.78332843
28592.7873580844,3.9147336,-0.78332843
28593.7873581319,3.9146156,-0.78234222
28594.7873581794,3.9145367,-0.78431476
28595.7873582269,3.9143794,-0.78313123
28596.7873582744,3.9144187,-0.78451196
28597.7873583219,3.91434,-0.78313123
28598.7873583694,3.9142611,-0.78313123
28599.7873584169,3.9141824,-0.78431476
28600.7873584644,3.9140248,-0.78313123
28601.7873585119,3.9139068,-0.78411743
28602.7873585594,3.9138675,-0.78372296
28603.7873586069,3.9137888,-0.78510376
28604.7873586544,3.9137492,-0.78411743
28605.7873587019,3.9137492,-0.78411743
28606.7873587494,3.9135132,-0.78411743
28607.7873587969,3.9134343,-0.78352576
28608.7873588444,3.9133949,-0.78313123
28609.7873588919,3.9132376,-0.78313123
28610.7873589394,3.913198,-0.78490649
28611.7873589869,3.9132376,-0.78155322
28612.7873590344,3.9130013,-0.78352576
28613.7873590819,3.9130406,-0.78352576
28614.7873591294,3.9130013,-0.78431476
28615.7873591769,3.912765,-0.78332843
28616.7873592244,3.9128044,-0.78352576
28617.7873592719,3.9126468,-0.78313123
28618.7873593193,3.9126074,-0.78392023
28619.7873593668,3.9124501,-0.78332843
28620.7873594143,3.9123712,-0.78352576
28621.7873594618,3.9123712,-0.78273669
28622.7873595093,3.9122925,-0.78431476
28623.7873595568,3.9121745,-0.78372296
28624.7873596043,3.9121349,-0.78411743
28625.7873596518,3.9120169,-0.78451196
28626.7873596993,3.9119382,-0.78332843
28627.7873597468,3.9118199,-0.78273669
28628.7873597943,3.9118199,-0.78313123
28629.7873598418,3.9117413,-0.78431476
28630.7873598893,3.9116232,-0.78352576
28631.7873599368,3.9115837,-0.78392023
28632.7873599843,3.911505,-0.78234222
28633.7873600318,3.911387,-0.78431476
28634.7873600793,3.9112687,-0.78253943
28635.7873601268,3.911072,-0.78293396
28636.7873601743,3.9111114,-0.78372296
28637.7873602218,3.9109931,-0.78332843
28638.7873602693,3.9109144,-0.78392023
28639.7873603168,3.9108751,-0.78431476
28640.7873603643,3.9107568,-0.78273669
28641.7873604118,3.9107568,-0.78313123
28642.7873604593,3.9106388,-0.78411743
28643.7873605068,3.9105995,-0.78490649
28644.7873605543,3.9105601,-0.78352576
28645.7873606018,3.9104025,-0.78273669
28646.7873606493,3.9103239,-0.78352576
28647.7873606968,3.9102056,-0.78273669
28648.7873607443,3.9101269,-0.78293396
28649.7873607918,3.9101269,-0.78313123
28650.7873608393,3.9098907,-0.78352576
28651.7873608868,3.90993,-0.78332843
28652.7873609343,3.9098513,-0.78372296
28653.7873609818,3.909812,-0.78352576
28654.7873610293,3.909615,-0.78372296
28655.7873610768,3.9096544,-0.78293396
28656.7873611243,3.9093788,-0.78372296
28657.7873611718,3.9094577,-0.78293396
28658.7873612192,3.9093001,-0.78332843
28659.7873612667,3.9091821,-0.78372296
28660.7873613142,3.9091425,-0.78392023
28661.7873613617,3.9092214,-0.78372296
28662.7873614092,3.9089458,-0.78470929
28663.7873614567,3.9088275,-0.78332843
28664.7873615042,3.9088669,-0.7856955
28665.7873615517,3.9087882,-0.78332843
28666.7873615992,3.9085913,-0.78451196
28667.7873616467,3.9086702,-0.78470929
28668.7873616942,3.9085126,-0.78392023
28669.7873617417,3.9083946,-0.78431476
28670.7873617892,3.908355,-0.78372296
28671.7873618367,3.9082763,-0.78313123
28672.7873618842,3.9081583,-0.78253943
28673.7873619317,3.9079614,-0.78530096
28674.7873619792,3.90804,-0.78332843
28675.7873620267,3.9080007,-0.78411743
28676.7873620742,3.9078827,-0.78372296
28677.7873621217,3.9077644,-0.78352576
28678.7873621692,3.9077251,-0.78372296
28679.7873622167,3.9076071,-0.78352576
28680.7873622642,3.9076071,-0.78431476
28681.7873623117,3.9073708,-0.78431476
28682.7873623592,3.9072921,-0.78431476
28683.7873624067,3.9072132,-0.78293396
28684.7873624542,3.9072526,-0.78372296
28685.7873625017,3.9070559,-0.78392023
28686.7873625492,3.9069769,-0.78293396
28687.7873625967,3.9069769,-0.78352576
28688.7873626442,3.9068983,-0.78470929
28689.7873626917,3.9067013,-0.78431476
28690.7873627392,3.906662,-0.78332843
28691.7873627867,3.906662,-0.78451196
28692.7873628342,3.9064257,-0.78313123
28693.7873628817,3.9063077,-0.78313123
28694.7873629292,3.9063077,-0.78253943
28695.7873629767,3.9061894,-0.78392023
28696.7873630242,3.9061894,-0.78293396
28697.7873630716,3.9061501,-0.78352576
28698.7873631191,3.9059927,-0.78332843
28699.7873631666,3.9059534,-0.78352576
28700.7873632141,3.9057958,-0.78352576
28701.7873632616,3.9057171,-0.78293396
28702.7873633091,3.9056382,-0.78392023
28703.7873633566,3.9055989,-0.78313123
28704.7873634041,3.9054809,-0.78332843
28705.7873634516,3.9053233,-0.78234222
28706.7873634991,3.9054809,-0.78372296
28707.7873635466,3.9052839,-0.78293396
28708.7873635941,3.9051659,-0.78352576
28709.7873636416,3.9052052,-0.78273669
28710.7873636891,3.9050477,-0.7821449
28711.7873637366,3.904969,-0.78431476
28712.7873637841,3.9048507,-0.78549829
28713.7873638316,3.904772,-0.78431476
28714.7873638791,3.9046934,-0.78372296
28715.7873639266,3.9045751,-0.78332843
28716.7873639741,3.9044178,-0.78273669
28717.7873640216,3.9044178,-0.78352576
28718.7873640691,3.9042602,-0.78411743
28719.7873641166,3.9042208,-0.78273669
28720.7873641641,3.9041421,-0.78470929
28721.7873642116,3.9040239,-0.78510376
28722.7873642591,3.9040239,-0.78234222
28723.7873643066,3.9039452,-0.78372296
28724.7873643541,3.9037879,-0.78411743
28725.7873644016,3.9037879,-0.78332843
28726.7873644491,3.9037483,-0.78273669
28727.7873644966,3.9035122,-0.78352576
28728.7873645441,3.9035122,-0.78530096
28729.7873645916,3.9034727,-0.78352576
28730.7873646391,3.9033153,-0.78293396
28731.7873646866,3.9033546,-0.78332843
28732.7873647341,3.9031577,-0.78372296
28733.7873647816,3.903079,-0.78392023
28734.7873648291,3.9030004,-0.78313123
28735.7873648766,3.9029608,-0.78313123
28736.787364924,3.9028034,-0.78352576
28737.7873649715,3.9027247,-0.78470929
28738.787365019,3.9026852,-0.78273669
28739.7873650665,3.9026065,-0.78490649
28740.787365114,3.9024491,-0.78352576
28741.7873651615,3.9023702,-0.78549829
28742.787365209,3.9022915,-0.78431476
28743.7873652565,3.9022129,-0.78372296
28744.787365304,3.9022129,-0.78352576
28745.7873653515,3.9019766,-0.78293396
28746.787365399,3.9020159,-0.78313123
28747.7873654465,3.9018979,-0.78431476
28748.787365494,3.9018583,-0.7821449
28749.7873655415,3.9017797,-0.78392023
28750.787365589,3.901701,-0.78332843
28751.7873656365,3.901701,-0.78313123
28752.787365684,3.9015827,-0.78372296
28753.7873657315,3.901386,-0.78392023
28754.787365779,3.901386,-0.78352576
28755.7873658265,3.9013071,-0.78352576
28756.787365874,3.9012678,-0.78293396
28757.7873659215,3.9012284,-0.78392023
28758.787365969,3.9009922,-0.78470929
28759.7873660165,3.9009135,-0.78392023
28760.787366064,3.9008348,-0.78293396
28761.7873661115,3.9008348,-0.78313123
28762.787366159,3.9007952,-0.78392023
28763.7873662065,3.9005985,-0.78411743
28764.787366254,3.9004803,-0.78470929
28765.7873663015,3.9005592,-0.78431476
28766.787366349,3.9004016,-0.78293396
28767.7873663965,3.9002836,-0.78530096
28768.787366444,3.9001653,-0.78253943
28769.7873664915,3.9001653,-0.78392023
28770.787366539,3.900126,-0.78332843
28771.7873665865,3.9000473,-0.78392023
28772.787366634,3.8998897,-0.78352576
28773.7873666815,3.8998504,-0.78313123
28774.787366729,3.8997324,-0.78253943
28775.7873667764,3.8995748,-0.78352576
28776.7873668239,3.8995354,-0.78431476
28777.7873668714,3.8994961,-0.78273669
28778.7873669189,3.8993778,-0.78510376
28779.7873669664,3.8992991,-0.78372296
28780.7873670139,3.8992205,-0.78411743
28781.7873670614,3.8991416,-0.78332843
28782.7873671089,3.8989842,-0.78313123
28783.7873671564,3.8989842,-0.78332843
28784.7873672039,3.8988659,-0.78293396
28785.7873672514,3.8988266,-0.78352576
28786.7873672989,3.8986297,-0.78431476
28787.7873673464,3.8987086,-0.78372296
28788.7873673939,3.8985116,-0.78411743
28789.7873674414,3.8985116,-0.78392023
28790.7873674889,3.8985116,-0.78372296
28791.7873675364,3.898433,-0.78332843
28792.7873675839,3.8981967,-0.78352576
28793.7873676314,3.8980784,-0.78451196
28794.7873676789,3.8980784,-0.78313123
28795.7873677264,3.8980391,-0.78392023
28796.7873677739,3.8979604,-0.78470929
28797.7873678214,3.8977635,-0.78273669
28798.7873678689,3.8976455,-0.78431476
28799.7873679164,3.8976061,-0.78372296
28800.7873679639,3.8976061,-0.78293396
28801.7873680114,3.8975666,-0.78392023
28802.7873680589,3.8972909,-0.78392023
28803.7873681064,3.8974485,-0.78392023
28804.7873681539,3.8971729,-0.78293396
28805.7873682014,3.8972123,-0.78530096
28806.7873682489,3.8970942,-0.78431476
28807.7873682964,3.896976,-0.78411743
28808.7873683439,3.8970153,-0.78332843
28809.7873683914,3.8968973,-0.78451196
28810.7873684389,3.8967397,-0.78293396
28811.7873684864,3.8965824,-0.78352576
28812.7873685339,3.8966217,-0.78332843
28813.7873685814,3.896543,-0.7856955
28814.7873686288,3.8964641,-0.78273669
28815.7873686763,3.8963461,-0.78470929
28816.7873687238,3.8963461,-0.78313123
28817.7873687713,3.8961098,-0.78253943
28818.7873688188,3.8961098,-0.78451196
28819.7873688663,3.8959918,-0.78293396
28820.7873689138,3.8958735,-0.78411743
28821.7873689613,3.8959129,-0.78313123
28822.7873690088,3.8957949,-0.78273669
28823.7873690563,3.8957555,-0.78372296
28824.7873691038,3.8955586,-0.78352576
28825.7873691513,3.8954406,-0.78293396
28826.7873691988,3.895401,-0.78313123
28827.7873692463,3.8954799,-0.78253943
28828.7873692938,3.895283,-0.78411743
28829.7873693413,3.8951254,-0.78293396
28830.7873693888,3.8952043,-0.78411743
28831.7873694363,3.8950074,-0.78332843
28832.7873694838,3.8950467,-0.78372296
28833.7873695313,3.8948104,-0.78372296
28834.7873695788,3.8946531,-0.78451196
28835.7873696263,3.8947318,-0.78392023
28836.7873696738,3.8946137,-0.78332843
28837.7873697213,3.8945742,-0.78332843
28838.7873697688,3.8944955,-0.78352576
28839.7873698163,3.8944168,-0.78332843
28840.7873698638,3.8942986,-0.78352576
28841.7873699113,3.8942199,-0.78431476
28842.7873699588,3.8940625,-0.78352576
28843.7873700063,3.8940229,-0.78253943
28844.7873700538,3.8939836,-0.78273669
28845.7873701013,3.8939443,-0.78293396
28846.7873701488,3.8938262,-0.78392023
28847.7873701963,3.8936687,-0.78253943
28848.7873702438,3.8936293,-0.78372296
28849.7873702913,3.8935506,-0.7856955
28850.7873703388,3.8934717,-0.78431476
28851.7873703863,3.893393,-0.78273669
28852.7873704338,3.8932354,-0.78293396
28853.7873704813,3.8931961,-0.78411743
28854.7873705287,3.8930781,-0.78273669
28855.7873705762,3.8930781,-0.78451196
28856.7873706237,3.8930387,-0.78411743
28857.7873706712,3.8929994,-0.78411743
28858.7873707187,3.8927631,-0.78352576
28859.7873707662,3.8926842,-0.78451196
28860.7873708137,3.8926449,-0.78352576
28861.7873708612,3.8926449,-0.78451196
28862.7873709087,3.8925269,-0.78273669
28863.7873709562,3.8924086,-0.78411743
28864.7873710037,3.8922513,-0.78273669
28865.7873710512,3.8922119,-0.78332843
28866.7873710987,3.892133,-0.78392023
28867.7873711462,3.8920543,-0.78372296
28868.7873711937,3.892015,-0.78470929
28869.7873712412,3.8918574,-0.78411743
28870.7873712887,3.891818,-0.78293396
28871.7873713362,3.8918574,-0.78313123
28872.7873713837,3.8916211,-0.78549829
28873.7873714312,3.8915818,-0.78411743
28874.7873714787,3.8914244,-0.78372296
28875.7873715262,3.8914244,-0.78431476
28876.7873715737,3.8912275,-0.78313123
28877.7873716212,3.8911881,-0.78273669
28878.7873716687,3.8910699,-0.78372296
28879.7873717162,3.8910699,-0.78431476
28880.7873717637,3.8910699,-0.78372296
28881.7873718112,3.8909125,-0.78411743
28882.7873718587,3.8908339,-0.78313123
28883.7873719062,3.8907549,-0.78431476
28884.7873719537,3.8906369,-0.78234222
28885.7873720012,3.8904793,-0.78392023
28886.7873720487,3.8905187,-0.78372296
28887.7873720962,3.8904006,-0.78392023
28888.7873721437,3.8902431,-0.78372296
28889.7873721912,3.890322,-0.78431476
28890.7873722387,3.8902431,-0.78352576
28891.7873722862,3.890125,-0.78313123
28892.7873723337,3.8900464,-0.78352576
28893.7873723811,3.8899281,-0.78372296
28894.7873724286,3.8898101,-0.78372296
28895.7873724761,3.8897707,-0.78392023
28896.7873725236,3.8896918,-0.78372296
28897.7873725711,3.8896132,-0.78313123
28898.7873726186,3.8895738,-0.78313123
28899.7873726661,3.8894162,-0.78372296
28900.7873727136,3.8892982,-0.78253943
28901.7873727611,3.8892982,-0.78372296
28902.7873728086,3.8891799,-0.78234222
28903.7873728561,3.8891799,-0.7821449
28904.7873729036,3.8891406,-0.78352576
28905.7873729511,3.8889043,-0.78392023
28906.7873729986,3.8889043,-0.78313123
28907.7873730461,3.8888257,-0.78411743
28908.7873730936,3.888747,-0.78352576
28909.7873731411,3.8885894,-0.78451196
28910.7873731886,3.8886287,-0.78392023
28911.7873732361,3.88855,-0.78392023
28912.7873732836,3.8883924,-0.78352576
28913.7873733311,3.8882744,-0.78293396
28914.7873733786,3.8881564,-0.78392023
28915.7873734261,3.8881168,-0.7856955
28916.7873734736,3.8880775,-0.78352576
28917.7873735211,3.8879988,-0.78313123
28918.7873735686,3.8878019,-0.78352576
28919.7873736161,3.8877625,-0.78293396
28920.7873736636,3.8878019,-0.78470929
28921.7873737111,3.8877625,-0.78431476
28922.7873737586,3.8876445,-0.78411743
28923.7873738061,3.8873689,-0.78392023
28924.7873738536,3.8874083,-0.78431476
28925.7873739011,3.8873296,-0.78392023
28926.7873739486,3.88729,-0.78411743
28927.7873739961,3.8872507,-0.78510376
28928.7873740436,3.8871326,-0.78392023
28929.7873740911,3.8869357,-0.78194769
28930.7873741386,3.8869357,-0.78470929
28931.7873741861,3.8868177,-0.78313123
28932.7873742335,3.8867784,-0.78411743
28933.787374281,3.8866601,-0.78293396
28934.7873743285,3.8865421,-0.78293396
28935.787374376,3.8864632,-0.78332843
28936.7873744235,3.8863845,-0.78313123
28937.787374471,3.8863845,-0.78253943
28938.7873745185,3.8863058,-0.78372296
28939.787374566,3.8861089,-0.78352576
28940.7873746135,3.8860302,-0.78510376
28941.787374661,3.8861089,-0.78313123
28942.7873747085,3.8860302,-0.78372296
28943.787374756,3.8859119,-0.78372296
28944.7873748035,3.8857546,-0.78352576
28945.787374851,3.8857546,-0.78411743
28946.7873748985,3.885597,-0.78392023
28947.787374946,3.885597,-0.78293396
28948.7873749935,3.8855183,-0.78392023
28949.787375041,3.8854396,-0.78372296
28950.7873750885,3.8853214,-0.78313123
28951.787375136,3.8850851,-0.78431476
28952.7873751835,3.8851244,-0.78431476
28953.787375231,3.8851244,-0.78273669
28954.7873752785,3.8850458,-0.78313123
28955.787375326,3.8849671,-0.78372296
28956.7873753735,3.8848488,-0.78372296
28957.787375421,3.8846521,-0.78332843
28958.7873754685,3.8846521,-0.78431476
28959.787375516,3.8845732,-0.78372296
28960.7873755635,3.8844552,-0.78392023
28961.787375611,3.8844159,-0.78332843
28962.7873756585,3.8844159,-0.78372296
28963.787375706,3.8842976,-0.78490649
28964.7873757535,3.8842976,-0.78510376
28965.787375801,3.8840613,-0.78273669
28966.7873758485,3.884022,-0.78372296
28967.787375896,3.883904,-0.78392023
28968.7873759435,3.8838253,-0.78293396
28969.787375991,3.8837857,-0.78332843
28970.7873760385,3.8836284,-0.78253943
28971.7873760859,3.8835497,-0.78293396
28972.7873761334,3.8834708,-0.78392023
28973.7873761809,3.8834314,-0.78293396
28974.7873762284,3.8833921,-0.78253943
28975.7873762759,3.8833134,-0.78293396
28976.7873763234,3.8831558,-0.78313123
28977.7873763709,3.8830771,-0.78372296
28978.7873764184,3.8830771,-0.78431476
28979.7873764659,3.8829589,-0.78253943
28980.7873765134,3.8829195,-0.78392023
28981.7873765609,3.8828015,-0.78194769
28982.7873766084,3.8828409,-0.78313123
28983.7873766559,3.8825653,-0.78411743
28984.7873767034,3.8826046,-0.78451196
28985.7873767509,3.8825259,-0.78313123
28986.7873767984,3.8823683,-0.78392023
28987.7873768459,3.882329,-0.78392023
28988.7873768934,3.882211,-0.78549829
28989.7873769409,3.8821321,-0.78451196
28990.7873769884,3.8821321,-0.78451196
28991.7873770359,3.8820534,-0.78313123
28992.7873770834,3.8818171,-0.78332843
28993.7873771309,3.8818171,-0.78530096
28994.7873771784,3.8817384,-0.78392023
28995.7873772259,3.8816597,-0.78392023
28996.7873772734,3.8815415,-0.78253943
28997.7873773209,3.8815808,-0.78609003
28998.7873773684,3.8814235,-0.78332843
28999.7873774159,3.8813446,-0.78332843
29000.7873774634,3.8813446,-0.78372296
29001.7873775109,3.8811479,-0.78431476
29002.7873775584,3.8810689,-0.78372296
29003.7873776059,3.8809509,-0.78392023
29004.7873776534,3.8808722,-0.78332843
29005.7873777009,3.8807933,-0.78332843
29006.7873777484,3.8808327,-0.78451196
29007.7873777959,3.880636,-0.78332843
29008.7873778434,3.880636,-0.78253943
29009.7873778909,3.8805571,-0.78392023
29010.7873779384,3.8804784,-0.78392023
29011.7873779858,3.880321,-0.78392023
29012.7873780333,3.8801634,-0.78392023
29013.7873780808,3.8802421,-0.78372296
29014.7873781283,3.8801634,-0.78313123
29015.7873781758,3.8800454,-0.78549829
29016.7873782233,3.8799665,-0.78411743
29017.7873782708,3.8798091,-0.78293396
29018.7873783183,3.8798485,-0.78352576
29019.7873783658,3.8797302,-0.78549829
29020.7873784133,3.8796122,-0.78273669
29021.7873784608,3.8794942,-0.78372296
29022.7873785083,3.8794546,-0.78490649
29023.7873785558,3.8793759,-0.78372296
29024.7873786033,3.879179,-0.78372296
29025.7873786508,3.8792186,-0.78451196
29026.7873786983,3.879179,-0.78352576
29027.7873787458,3.8789823,-0.78332843
29028.7873787933,3.8789427,-0.78293396
29029.7873788408,3.8789823,-0.78392023
29030.7873788883,3.8788247,-0.78431476
29031.7873789358,3.8786671,-0.78352576
29032.7873789833,3.8787067,-0.78411743
29033.7873790308,3.8785098,-0.78352576
29034.7873790783,3.8784311,-0.78332843
29035.7873791258,3.8783915,-0.78293396
29036.7873791733,3.8782735,-0.78293396
29037.7873792208,3.8783522,-0.78372296
29038.7873792683,3.8780372,-0.78273669
29039.7873793158,3.8781159,-0.78273669
29040.7873793633,3.8779192,-0.78411743
29041.7873794108,3.8778799,-0.78372296
29042.7873794583,3.8778009,-0.78431476
29043.7873795058,3.8777223,-0.78293396
29044.7873795533,3.8776829,-0.78332843
29045.7873796008,3.8776042,-0.78273669
29046.3933796295,3.8774467,-0.78332843
29046.3953796296,3.8776042,-0.78313123
29046.4373796316,3.9331212,0
29106.4373824815,3.980921,0
29166.4373853313,3.9877722,0
29226.4373881812,3.9910796,0
29286.437391031,3.9930875,0
29346.4373938809,3.9943869,0
29406.4373967307,3.99545,0
29466.4373995806,3.9962375,0
29526.4374024304,3.9969463,0
29586.4374052803,3.9976549,0
29646.4374081301,3.9979305,0
29706.43741098,3.9986393,0
29766.4374138298,3.998915,0
29826.4374166796,3.9993086,0
29886.4374195295,3.9997418,0
29946.4374223793,3.9999387,0
30006.4374252292,4.0002537,0
30066.437428079,4.0005293,0
30126.4374309289,4.0006866,0
30186.4374337787,4.0010018,0
30246.4374366286,4.0011196,0
30306.4374394784,4.0010018,0
30366.4374423283,4.0013561,0
30426.4374451781,4.0013952,0
30486.437448028,4.0015531,0
30546.4374508778,4.0017104,0
30606.4374537277,4.0018287,0
30666.4374565775,4.0017891,0
30726.4374594274,4.0019464,0
30786.4374622772,4.001986,0
30846.437465127,4.001986,0
30906.4374679769,4.0020647,0
30966.4374708267,4.0020647,0
31026.4374736766,4.0021043,0
31086.4374765264,4.0021434,0
31146.4374793763,4.0023403,0
31206.4374822261,4.0022616,0
31266.437485076,4.0023012,0
31326.4374879258,4.0023799,0
31386.4374907757,4.0023403,0
31446.4374936255,4.0023012,0
31506.4374964754,4.0025768,0
31566.4374993252,4.0024977,0
31626.4375021751,4.0025373,0
31686.4375050249,4.0024977,0
31746.4375078748,4.0025373,0
31806.4375107246,4.0025373,0
31866.4375135744,4.0025373,0
31926.4375164243,4.0025768,0
31986.4375192741,4.0025373,0
32046.437522124,4.0026555,0
32106.4375249738,4.0026159,0
32166.4375278237,4.0026555,0
32226.4375306735,4.0027733,0
32286.4375335234,4.0028129,0
32346.4375363732,4.0028129,0
32406.4375392231,4.0027342,0
32466.4375420729,4.0027733,0
32526.4375449228,4.0028915,0
32586.4375477726,4.0027733,0
32646.4715506241,4.0027733,0
32646.4735506242,3.7310548,-5.0895757
32646.5735506289,3.5667477,-5.2860405
32646.6735506337,3.5499349,-5.2901831
32646.7735506384,3.542454,-5.2850542
32646.8735506432,3.5374141,-5.2870269
32646.9735506479,3.5341067,-5.2872241
32647.0735506527,3.531311,-5.2899858
32647.1735506574,3.5290275,-5.2864351
32647.2735506622,3.5270588,-5.2889995
32647.3735506669,3.5254445,-5.2860405
32647.4735506717,3.5239482,-5.288605
32647.5735506764,3.5226488,-5.291958
32647.6735506812,3.5212708,-5.2876187
32647.7735506859,3.520247,-5.2939312
32647.8735506907,3.5192628,-5.2850542
32647.9735506954,3.5183177,-5.285646
32648.0735507002,3.5174909,-5.285646
32648.1735507049,3.5165854,-5.2872241
32648.2735507097,3.5156798,-5.28821
32648.3735507144,3.514971,-5.2874214
32648.4735507192,3.5141835,-5.2889995
32648.5735507239,3.513514,-5.28821
32648.6735507287,3.5129235,-5.2872241
32648.7735507334,3.5122542,-5.2878164
32648.8735507382,3.5117424,-5.2878164
32648.9735507429,3.5109942,-5.2884072
32649.0735507477,3.5104036,-5.2874214
32649.1735507524,3.5098131,-5.2876187
32649.2735507572,3.5091829,-5.2868296
32649.3735507619,3.5087893,-5.2834766
32649.4735507667,3.5083168,-5.28821
32649.5735507714,3.5078442,-5.2850542
32649.6735507762,3.507293,-5.2876187
32649.7735507809,3.5067813,-5.2866323
32649.8735507857,3.5062695,-5.2864351
32649.9735507904,3.5057576,-5.2880137
32650.0735507952,3.5053637,-5.2866323
32650.1735507999,3.5049701,-5.2874214
32650.2735508047,3.5045369,-5.288605
32650.3735508094,3.5040643,-5.2864351
32650.4735508142,3.5037887,-5.2874214
32650.5735508189,3.5033164,-5.2874214
32650.6735508237,3.5029225,-5.2870269
32650.7735508284,3.5026076,-5.2870269
32650.8735508332,3.502332,-5.2846602
32650.9735508379,3.5017807,-5.2870269
32651.0735508427,3.5013082,-5.2870269
32651.1735508474,3.5009933,-5.2905776
32651.2735508522,3.5006783,-5.2862378
32651.3735508569,3.5004027,-5.2870269
32651.4735508617,3.4998908,-5.2888022
32651.5735508664,3.4995759,-5.2874214
32651.6735508712,3.4992609,-5.28821
32651.7735508759,3.4987884,-5.2933394
32651.8735508807,3.4986308,-5.288605
32651.9735508854,3.4982371,-5.2874214
32652.0735508902,3.4979615,-5.2872241
32652.1735508949,3.4976072,-5.288605
32652.2735508997,3.4973316,-5.2872241
32652.3735509044,3.4970164,-5.2870269
32652.4735509092,3.4965441,-5.2872241
32652.5735509139,3.4962289,-5.2878164
32652.6735509187,3.4962289,-5.2866323
32652.7735509234,3.4959929,-5.2836738
32652.8735509282,3.4955597,-5.2870269
32652.9735509329,3.4953234,-5.2874214
32653.0735509377,3.4949691,-5.2874214
32653.1735509424,3.4946935,-5.2874214
32653.2735509472,3.4946146,-5.2878164
32653.3735509519,3.4941423,-5.2872241
32653.4735509567,3.4939454,-5.2889995
32653.5735509614,3.4937091,-5.2891968
32653.6735509662,3.4934335,-5.2870269
32653.7735509709,3.4930003,-5.2891968
32653.8735509757,3.4929609,-5.2884072
32653.9735509804,3.4927247,-5.2868296
32654.0735509851,3.4922917,-5.2872241
32654.1735509899,3.4920554,-5.2884072
32654.2735509946,3.4918585,-5.2876187
32654.3735509994,3.4915435,-5.2870269
32654.4735510041,3.4913466,-5.2868296
32654.5735510089,3.4912286,-5.2864351
32654.6735510136,3.4909136,-5.2876187
32654.7735510184,3.490638,-5.2880137
32654.8735510231,3.4904017,-5.2880137
32654.9735510279,3.4902048,-5.2907749
32655.0735510326,3.4900079,-5.2874214
32655.1735510374,3.4897718,-5.2860405
32655.2735510421,3.4895356,-5.2905776
32655.3735510469,3.4894567,-5.2939312
32655.4735510516,3.4891024,-5.2868296
32655.5735510564,3.4887481,-5.2889995
32655.6735510611,3.4886692,-5.2874214
32655.7735510659,3.4884725,-5.2864351
32655.8735510706,3.4883149,-5.285646
32655.9735510754,3.4881968,-5.289394
32656.0735510801,3.4878423,-5.2878164
32656.1735510849,3.487685,-5.2854487
32656.2735510896,3.4874487,-5.2872241
32656.3735510944,3.4872124,-5.2874214
32656.4735510991,3.4870155,-5.2850542
32656.5735511039,3.4867792,-5.2876187
32656.6735511086,3.4866612,-5.2884072
32656.7735511134,3.4864249,-5.2866323
32656.8735511181,3.4864249,-5.3022153
32656.9735511229,3.4861887,-5.2868296
32657.0735511276,3.4859524,-5.2870269
32657.1735511324,3.4858344,-5.2864351
32657.2735511371,3.4855194,-5.288605
32657.3735511419,3.4854012,-5.288605
32657.4735511466,3.4852438,-5.2880137
32657.5735511514,3.4850075,-5.2874214
32657.6735511561,3.4848106,-5.2864351
32657.7735511609,3.4846532,-5.2844629
32657.8735511656,3.4844956,-5.2844629
32657.9735511704,3.4843776,-5.2872241
32658.0735511751,3.48422,-5.2866323
32658.1735511799,3.4839838,-5.2874214
32658.2735511846,3.4837475,-5.2864351
32658.3735511894,3.4836295,-5.2880137
32658.4735511941,3.4833539,-5.2868296
32658.5735511989,3.4833539,-5.2880137
32658.6735512036,3.4832356,-5.2878164
32658.7735512084,3.4829993,-5.2872241
32658.8735512131,3.4828813,-5.2874214
32658.9735512179,3.482645,-5.2888022
32659.0735512226,3.4826057,-5.2848574
32659.1735512274,3.4823694,-5.2862378
32659.2735512321,3.4821725,-5.2868296
32659.3735512369,3.4821725,-5.288605
32659.4735512416,3.4818969,-5.2866323
32659.5735512464,3.4817395,-5.2866323
32659.6735512511,3.4817002,-5.2870269
32659.7735512559,3.4815819,-5.2846602
32659.8735512606,3.4811883,-5.288605
32659.9735512654,3.4812276,-5.28821
32660.0735512701,3.4811094,-5.285646
32660.1735512749,3.4805977,-5.2976782
32660.2735512796,3.4807944,-5.2880137
32660.3735512844,3.4801645,-5.2876187
32660.4735512891,3.4804401,-5.2854487
32660.5735512939,3.4803615,-5.2880137
32660.6735512986,3.4802432,-5.2866323
32660.7735513034,3.4801252,-5.28821
32660.8735513081,3.4796526,-5.2897886
32660.9735513129,3.4797707,-5.2874214
32661.0735513176,3.479692,-5.2884072
32661.1735513224,3.4795346,-5.2862378
32661.2735513271,3.4792984,-5.2913662
32661.3735513319,3.479259,-5.2872241
32661.4735513366,3.4792194,-5.2870269
32661.5735513414,3.4791014,-5.2858433
32661.6735513461,3.4789438,-5.285646
32661.7735513509,3.4787078,-5.2858433
32661.8735513556,3.4787471,-5.2866323
32661.9735513604,3.4785895,-5.2880137
32662.0735513651,3.4782746,-5.289394
32662.1735513699,3.4783926,-5.2860405
32662.2735513746,3.4781563,-5.2868296
32662.3735513794,3.4781563,-5.2866323
32662.4735513841,3.4779596,-5.2876187
32662.5735513889,3.4778414,-5.2874214
32662.6735513936,3.4777234,-5.28821
32662.7735513984,3.4776447,-5.2866323
32662.8735514031,3.4775658,-5.2862378
32662.9735514079,3.4774084,-5.2884072
32663.0735514126,3.4772115,-5.2876187
32663.1735514174,3.4771328,-5.2878164
32663.2735514221,3.4771328,-5.285646
32663.3735514269,3.4769359,-5.2880137
32663.4735514316,3.4768572,-5.2888022
32663.5735514364,3.4767783,-5.2884072
32663.6735514411,3.4766209,-5.2870269
32663.7735514459,3.4766209,-5.2866323
32663.8735514506,3.4764633,-5.2858433
32663.9735514554,3.4759121,-5.2998486
32664.0735514601,3.476227,-5.2878164
32664.1735514649,3.4760697,-5.2874214
32664.2735514696,3.4760303,-5.2880137
32664.3735514744,3.4759908,-5.2884072
32664.4735514791,3.4758728,-5.2888022
32664.5735514839,3.4757547,-5.2864351
32664.6735514886,3.4756365,-5.2846602
32664.7735514934,3.4754791,-5.2874214
32664.8735514981,3.4754395,-5.2884072
32664.9735515029,3.4753215,-5.2880137
32665.0735515076,3.4752429,-5.2864351
32665.1735515124,3.4751639,-5.2870269
32665.2735515171,3.4751639,-5.288605
32665.3735515219,3.4750853,-5.2872241
32665.4735515266,3.4748883,-5.291958
32665.5735515314,3.474849,-5.2862378
32665.6735515361,3.4747703,-5.288605
32665.7735515409,3.4746916,-5.2874214
32665.8735515456,3.4746916,-5.2868296
32665.9735515504,3.4742191,-5.2891968
32666.0735515551,3.474416,-5.2876187
32666.1735515599,3.4743764,-5.28821
32666.2735515646,3.4743764,-5.2858433
32666.3735515694,3.4742191,-5.2850542
32666.4735515741,3.4740615,-5.288605
32666.5735515789,3.4739828,-5.2872241
32666.6735515836,3.4739828,-5.2872241
32666.7735515884,3.4739828,-5.2850542
32666.8735515931,3.4738648,-5.2874214
32666.9735515979,3.4737072,-5.2874214
32667.0735516026,3.4734709,-5.2899858
32667.1735516074,3.4735496,-5.2872241
32667.2735516121,3.4733922,-5.2870269
32667.3735516169,3.4733529,-5.2868296
32667.4735516216,3.4733529,-5.2878164
32667.5735516264,3.4731953,-5.2870269
32667.6735516311,3.473274,-5.2864351
32667.7735516359,3.4733529,-5.2870269
32667.8735516406,3.473038,-5.2866323
32667.9735516454,3.4729984,-5.2870269
32668.0735516501,3.4724865,-5.3000459
32668.1735516549,3.4729197,-5.2895913
32668.2735516596,3.4726834,-5.2864351
32668.3735516644,3.4727228,-5.2889995
32668.4735516691,3.4726441,-5.2852515
32668.5735516739,3.4725261,-5.2862378
32668.6735516786,3.4724865,-5.2874214
32668.7735516834,3.4723685,-5.2868296
32668.8735516881,3.4724472,-5.2888022
32668.9735516929,3.4720535,-5.2864351
32669.0735516976,3.4722898,-5.2870269
32669.1735517024,3.4721322,-5.289394
32669.2735517071,3.4721322,-5.2878164
32669.3735517119,3.4720142,-5.2878164
32669.4735517166,3.4720142,-5.2878164
32669.5735517214,3.4718566,-5.2870269
32669.6735517261,3.4717386,-5.2911694
32669.7735517309,3.4719353,-5.2840684
32669.8735517356,3.4716992,-5.2888022
32669.9735517404,3.4716597,-5.2866323
32670.0735517451,3.4716203,-5.2860405
32670.1735517499,3.4716203,-5.2858433
32670.2735517546,3.471463,-5.2880137
32670.3735517594,3.471463,-5.2905776
32670.4735517641,3.4711874,-5.2992568
32670.5735517689,3.471384,-5.2878164
32670.6735517736,3.471266,-5.2874214
32670.7735517784,3.4713447,-5.2870269
32670.8735517831,3.4712267,-5.2868296
32670.9735517879,3.471148,-5.2860405
32671.0735517926,3.4710298,-5.2870269
32671.1735517974,3.4711084,-5.2880137
32671.2735518021,3.4709117,-5.2905776
32671.3735518069,3.4709511,-5.2846602
32671.4735518116,3.4709511,-5.2884072
32671.5735518164,3.4709117,-5.2888022
32671.6735518211,3.4707541,-5.2866323
32671.7735518259,3.4706361,-5.288605
32671.8735518306,3.4705572,-5.2870269
32671.9735518354,3.4706755,-5.2876187
32672.0735518401,3.4705966,-5.28821
32672.1735518449,3.4705966,-5.2889995
32672.2735518496,3.4705572,-5.2872241
32672.3735518544,3.4705179,-5.2864351
32672.4735518591,3.4703605,-5.2874214
32672.5735518639,3.4704785,-5.2854487
32672.6735518686,3.4702423,-5.2895913
32672.7735518734,3.4703209,-5.2848574
32672.8735518781,3.4701636,-5.2858433
32672.9735518829,3.4701242,-5.28821
32673.0735518876,3.4701636,-5.2858433
32673.1735518924,3.4701636,-5.289394
32673.2735518971,3.4701242,-5.2872241
32673.3735519019,3.4702029,-5.2846602
32673.4735519066,3.4700453,-5.2852515
32673.5735519114,3.469888,-5.2876187
32673.6735519161,3.4699667,-5.2907749
32673.7735519208,3.4699273,-5.2862378
32673.8735519256,3.4698486,-5.2878164
32673.9735519303,3.4698093,-5.2848574
32674.0735519351,3.4696517,-5.2872241
32674.1735519398,3.4698093,-5.2866323
32674.2735519446,3.4697304,-5.2899858
32674.3735519493,3.469691,-5.2838711
32674.4735519541,3.4694941,-5.2872241
32674.5735519588,3.4696517,-5.2862378
32674.6735519636,3.4694154,-5.28821
32674.7735519683,3.469573,-5.2862378
32674.8735519731,3.469573,-5.2852515
32674.9735519778,3.4693761,-5.2868296
32675.0735519826,3.4694941,-5.2858433
32675.1735519873,3.4693761,-5.2884072
32675.2735519921,3.4692185,-5.288605
32675.3735519968,3.4692185,-5.2880137
32675.4735520016,3.4692581,-5.2895913
32675.5735520063,3.4695337,-5.2807148
32675.6735520111,3.4691792,-5.2872241
32675.7735520158,3.4691005,-5.2903804
32675.8735520206,3.4691398,-5.2878164
32675.9735520253,3.4692974,-5.2803203
32676.0735520301,3.4692581,-5.2791367
32676.1735520348,3.4691005,-5.2876187
32676.2735520396,3.4691398,-5.2860405
32676.3735520443,3.4690218,-5.2888022
32676.471552049,3.4690218,-5.2895913
32676.5175520512,3.8074005,0
32676.6175520559,3.8551216,0
32676.7175520607,3.8649259,0
32676.8175520654,3.8696899,0
32676.9175520702,3.8727612,0
32677.0175520749,3.8751628,0
32677.1175520797,3.8768954,0
32677.2175520844,3.8785098,0
32677.3175520892,3.8798878,0
32677.4175520939,3.8811085,0
32677.5175520987,3.8821714,0
32677.6175521034,3.8832741,0
32677.7175521082,3.8840613,0
32677.8175521129,3.8850064,0
32677.9175521177,3.8857152,0
32678.0175521224,3.8866208,0
32678.1175521272,3.887172,0
32678.2175521319,3.8878808,0
32678.3175521367,3.88855,0
32678.4175521414,3.8892195,0
32678.5175521462,3.8896525,0
32678.6175521509,3.8902824,0
32678.7175521557,3.8907943,0
32678.8175521604,3.8914244,0
32678.9175521652,3.8917394,0
32679.0175521699,3.8924086,0
32679.1175521747,3.8928025,0
32679.2175521794,3.8933537,0
32679.3175521842,3.893708,0
32679.4175521889,3.8940229,0
32679.5175521937,3.8945348,0
32679.6175521984,3.8950467,0
32679.7175522032,3.8953617,0
32679.8175522079,3.8957162,0
32679.9175522127,3.8963068,0
32680.0175522174,3.896661,0
32680.1175522222,3.8969367,0
32680.2175522269,3.8973305,0
32680.3175522317,3.8976455,0
32680.4175522364,3.8980784,0
32680.5175522412,3.8983936,0
32680.6175522459,3.8987873,0
32680.7175522507,3.8991022,0
32680.8175522554,3.8992991,0
32680.9175522602,3.899811,0
32681.0175522649,3.900126,0
32681.1175522697,3.9002836,0
32681.2175522744,3.9007165,0
32681.3175522792,3.9010708,0
32681.4175522839,3.9013071,0
32681.5175522887,3.901504,0
32681.6175522934,3.9019766,0
32681.7175522982,3.9022129,0
32681.8175523029,3.9024096,0
32681.9175523077,3.9027641,0
32682.0175523124,3.9030004,0
32682.1175523172,3.9032364,0
32682.2175523219,3.9035122,0
32682.3175523267,3.9037879,0
32682.4175523314,3.9040239,0
32682.5175523362,3.9043391,0
32682.6175523409,3.904654,0
32682.7175523457,3.9048903,0
32682.8175523504,3.9051263,0
32682.9175523552,3.9053626,0
32683.0175523599,3.9055989,0
32683.1175523647,3.9057958,0
32683.2175523694,3.9061108,0
32683.3175523742,3.9064257,0
32683.4175523789,3.9064651,0
32683.5175523837,3.9068983,0
32683.6175523884,3.9069769,0
32683.7175523932,3.9072526,0
32683.8175523979,3.9074101,0
32683.9175524027,3.9077251,0
32684.0175524074,3.9080007,0
32684.1175524122,3.9081976,0
32684.2175524169,3.9083946,0
32684.3175524217,3.9085913,0
32684.4175524264,3.9088275,0
32684.5175524312,3.9092607,0
32684.6175524359,3.9091821,0
32684.7175524407,3.9093394,0
32684.8175524454,3.909615,0
32684.9175524502,3.909812,0
32685.0175524549,3.9100089,0
32685.1175524597,3.9102449,0
32685.2175524644,3.9104419,0
32685.3175524692,3.9106781,0
32685.4175524739,3.9108357,0
32685.5175524787,3.9111114,0
32685.6175524834,3.9113081,0
32685.7175524882,3.9115837,0
32685.8175524929,3.9115443,0
32685.9175524977,3.9118199,0
32686.0175525024,3.9120562,0
32686.1175525072,3.9122925,0
32686.2175525119,3.9122531,0
32686.3175525167,3.9125288,0
32686.4175525214,3.912765,0
32686.5175525262,3.9130013,0
32686.6175525309,3.9130013,0
32686.7175525357,3.9133162,0
32686.8175525404,3.9133556,0
32686.9175525452,3.9135525,0
32687.0175525499,3.9137492,0
32687.1175525547,3.9139855,0
32687.2175525594,3.9142611,0
32687.3175525642,3.9143004,0
32687.4175525689,3.91434,0
32687.5175525737,3.914655,0
32687.6175525784,3.9148123,0
32687.7175525832,3.9149699,0
32687.8175525879,3.9151275,0
32687.9175525927,3.9153636,0
32688.0175525974,3.9155998,0
32688.1175526022,3.9156392,0
32688.2175526069,3.9158361,0
32688.3175526117,3.9159148,0
32688.4175526164,3.9160724,0
32688.5175526212,3.9163086,0
32688.6175526259,3.9164267,0
32688.7175526307,3.9166236,0
32688.8175526354,3.9167023,0
32688.9175526402,3.9169385,0
32689.0175526449,3.9169779,0
32689.1175526497,3.9172535,0
32689.2175526544,3.9173324,0
32689.3175526591,3.9175291,0
32689.4175526639,3.9177654,0
32689.5175526686,3.9178836,0
32689.6175526734,3.917923,0
32689.7175526781,3.9181986,0
32689.8175526829,3.9183166,0
32689.9175526876,3.9185135,0
32690.0175526924,3.9185529,0
32690.1175526971,3.9187891,0
32690.2175527019,3.9188678,0
32690.3175527066,3.9190648,0
32690.4175527114,3.9190648,0
32690.5175527161,3.9192224,0
32690.6175527209,3.919301,0
32690.7175527256,3.9195766,0
32690.8175527304,3.9196553,0
32690.9175527351,3.9198523,0
32691.0175527399,3.9200099,0
32691.1175527446,3.9201672,0
32691.2175527494,3.9202461,0
32691.3175527541,3.9202855,0
32691.4175527589,3.9205217,0
32691.5175527636,3.9207184,0
32691.6175527684,3.9208367,0
32691.7175527731,3.9209547,0
32691.8175527779,3.921073,0
32691.9175527826,3.9212697,0
32692.0175527874,3.9212303,0
32692.1175527921,3.9215059,0
32692.2175527969,3.9215846,0
32692.3175528016,3.9215453,0
32692.4175528064,3.9218605,0
32692.5175528111,3.9218209,0
32692.6175528159,3.9220178,0
32692.7175528206,3.9221754,0
32692.8175528254,3.9222147,0
32692.9175528301,3.9224117,0
32693.0175528349,3.9224904,0
32693.1175528396,3.9226084,0
32693.2175528444,3.9226477,0
32693.3175528491,3.9228446,0
32693.4175528539,3.9230809,0
32693.5175528586,3.9230416,0
32693.6175528634,3.9231989,0
32693.7175528681,3.9233565,0
32693.8175528729,3.9235535,0
32693.9175528776,3.9235928,0
32694.0175528824,3.9238291,0
32694.1175528871,3.9237504,0
32694.2175528919,3.9239864,0
32694.3175528966,3.9239471,0
32694.4175529014,3.9241834,0
32694.5175529061,3.9242227,0
32694.6175529109,3.924341,0
32694.7175529156,3.9245377,0
32694.8175529204,3.9247739,0
32694.9175529251,3.9246166,0
32695.0175529299,3.9248133,0
32695.1175529346,3.9250102,0
32695.2175529394,3.9250102,0
32695.3175529441,3.9251285,0
32695.4175529489,3.9252071,0
32695.5175529536,3.9253645,0
32695.6175529584,3.9254041,0
32695.7175529631,3.9256403,0
32695.8175529679,3.9256797,0
32695.9175529726,3.9259553,0
32696.0175529774,3.925916,0
32696.1175529821,3.926152,0
32696.2175529869,3.9260733,0
32696.3175529916,3.9262309,0
32696.4175529964,3.9262702,0
32696.5175530011,3.9263883,0
32696.6175530059,3.9265852,0
32696.7175530106,3.9266245,0
32696.8175530154,3.9267428,0
32696.9175530201,3.9268215,0
32697.0175530249,3.9269788,0
32697.1175530296,3.9270184,0
32697.2175530344,3.9269788,0
32697.3175530391,3.927294,0
32697.4175530439,3.9273727,0
32697.5175530486,3.927412,0
32697.6175530534,3.9275303,0
32697.7175530581,3.9276483,0
32697.8175530629,3.9278059,0
32697.9175530676,3.9279239,0
32698.0175530724,3.9279633,0
32698.1175530771,3.9279633,0
32698.2175530819,3.9281602,0
32698.3175530866,3.9283571,0
32698.4175530914,3.9283175,0
32698.5175530961,3.9283571,0
32698.6175531009,3.9285145,0
32698.7175531056,3.9285932,0
32698.8175531104,3.9286327,0
32698.9175531151,3.9288688,0
32699.0175531199,3.9288294,0
32699.1175531246,3.9289477,0
32699.2175531294,3.9290264,0
32699.3175531341,3.929105,0
32699.4175531389,3.9292626,0
32699.5175531436,3.9294596,0
32699.6175531484,3.9294596,0
32699.7175531531,3.9296169,0
32699.8175531579,3.9297352,0
32699.9175531626,3.9297745,0
32700.0175531674,3.9298139,0
32700.1175531721,3.9299319,0
32700.2175531769,3.9299319,0
32700.3175531816,3.9301288,0
32700.4175531864,3.9301288,0
32700.5175531911,3.9302075,0
32700.6175531959,3.9302471,0
32700.7175532006,3.9304438,0
32700.8175532054,3.9304831,0
32700.9175532101,3.9306014,0
32701.0175532149,3.93068,0
32701.1175532196,3.9307194,0
32701.2175532244,3.9307587,0
32701.3175532291,3.9309163,0
32701.4175532339,3.930995,0
32701.5175532386,3.9311132,0
32701.6175532434,3.9311526,0
32701.7175532481,3.9312313,0
32701.8175532529,3.9314282,0
32701.9175532576,3.9313889,0
32702.0175532624,3.9315858,0
32702.1175532671,3.9316251,0
32702.2175532719,3.9316251,0
32702.3175532766,3.9317825,0
32702.4175532814,3.9319401,0
32702.5175532861,3.9319007,0
32702.6175532909,3.9319401,0
32702.7175532956,3.9320188,0
32702.8175533004,3.9320581,0
32702.9175533051,3.9322157,0
32703.0175533099,3.9323337,0
32703.1175533146,3.9323337,0
32703.2175533194,3.93257,0
32703.3175533241,3.9326487,0
32703.4175533289,3.9327669,0
32703.5175533336,3.9327276,0
32703.6175533384,3.9328456,0
32703.7175533431,3.9329243,0
32703.8175533479,3.9329243,0
32703.9175533526,3.9330819,0
32704.0175533574,3.9330425,0
32704.1175533621,3.9332001,0
32704.2175533669,3.9332001,0
32704.3175533716,3.9333968,0
32704.4175533764,3.9333968,0
32704.5175533811,3.9335544,0
32704.6175533859,3.9335938,0
32704.7175533906,3.9337513,0
32704.8175533954,3.9335938,0
32704.9175534001,3.9338694,0
32705.0175534049,3.9338694,0
32705.1175534096,3.9339874,0
32705.2175534144,3.9341056,0
32705.3175534191,3.9341056,0
32705.4175534239,3.9342237,0
32705.5175534286,3.9341843,0
32705.6175534334,3.934263,0
32705.7175534381,3.9344206,0
32705.8175534429,3.9343026,0
32705.9175534476,3.9345782,0
32706.0175534524,3.9346962,0
32706.1175534571,3.9346569,0
32706.2175534619,3.9347749,0
32706.3175534666,3.9347749,0
32706.4175534714,3.9348538,0
32706.5175534761,3.9350111,0
32706.6175534809,3.9351687,0
32706.7175534856,3.9351687,0
32706.8175534904,3.9352081,0
32706.9175534951,3.9352868,0
32707.0175534999,3.9354444,0
32707.1175535046,3.935405,0
32707.2175535094,3.9354837,0
32707.3175535141,3.935523,0
32707.4175535189,3.9356413,0
32707.5175535236,3.93572,0
32707.6175535284,3.935838,0
32707.7175535331,3.9358773,0
32707.8175535379,3.9359169,0
32707.9175535426,3.9359562,0
32708.0175535474,3.9360743,0
32708.1175535521,3.9361136,0
32708.2175535569,3.9361136,0
32708.3175535616,3.9363892,0
32708.4175535664,3.9363499,0
32708.5175535711,3.9363499,0
32708.6175535759,3.9363105,0
32708.7175535806,3.9365075,0
32708.8175535854,3.9364681,0
32708.9175535901,3.9366255,0
32709.0175535948,3.9367831,0
32709.1175535996,3.9368618,0
32709.2175536043,3.9368618,0
32709.3175536091,3.9369011,0
32709.4175536138,3.9370193,0
32709.5175536186,3.9370587,0
32709.6175536233,3.937098,0
32709.7175536281,3.937295,0
32709.8175536328,3.9373343,0
32709.9175536376,3.9373343,0
32710.0175536423,3.9374523,0
32710.1175536471,3.9374917,0
32710.2175536518,3.9375312,0
32710.3175536566,3.9374917,0
32710.4175536613,3.9376099,0
32710.5175536661,3.9376099,0
32710.6175536708,3.9376886,0
32710.7175536756,3.9379249,0
32710.8175536803,3.9378068,0
32710.9175536851,3.9380429,0
32711.0175536898,3.9379249,0
32711.1175536946,3.9382005,0
32711.2175536993,3.9382398,0
32711.3175537041,3.9383185,0
32711.4175537088,3.9383185,0
32711.5175537136,3.9383185,0
32711.6175537183,3.9384367,0
32711.7175537231,3.9383974,0
32711.8175537278,3.9385154,0
32711.9175537326,3.9385548,0
32712.0175537373,3.9385548,0
32712.1175537421,3.9386337,0
32712.2175537468,3.938791,0
32712.3175537516,3.9388304,0
32712.4175537563,3.9389093,0
32712.5175537611,3.938988,0
32712.6175537658,3.9390666,0
32712.7175537706,3.9390273,0
32712.8175537753,3.9391456,0
32712.9175537801,3.9391456,0
32713.0175537848,3.9391849,0
32713.1175537896,3.9392242,0
32713.2175537943,3.9393423,0
32713.3175537991,3.9394212,0
32713.4175538038,3.9394605,0
32713.5175538086,3.9394605,0
32713.6175538133,3.9396179,0
32713.7175538181,3.9396179,0
32713.8175538228,3.9397361,0
32713.9175538276,3.9398148,0
32714.0175538323,3.9398935,0
32714.1175538371,3.9399328,0
32714.2175538418,3.9399724,0
32714.3175538466,3.9399328,0
32714.4175538513,3.9399724,0
32714.5175538561,3.9400904,0
32714.6175538608,3.9401298,0
32714.7175538656,3.9402084,0
32714.8175538703,3.9401298,0
32714.9175538751,3.9403267,0
32715.0175538798,3.940366,0
32715.1175538846,3.9405236,0
32715.2175538893,3.9404843,0
32715.3175538941,3.9406023,0
32715.4175538988,3.940681,0
32715.5175539036,3.9406023,0
32715.6175539083,3.9406416,0
32715.7175539131,3.9407203,0
32715.8175539178,3.9409566,0
32715.9175539226,3.9409173,0
32716.0175539273,3.9410748,0
32716.1175539321,3.9410355,0
32716.2175539368,3.9411142,0
32716.3175539416,3.9409566,0
32716.4175539463,3.9412715,0
32716.5495539526,4.0906167,0
32716.5515539527,4.1182961,3.6775647
32716.6515539574,4.2464581,3.9635828
32716.7515539622,4.2544513,3.9641746
32716.8515539669,4.2584672,3.9645691
32716.9515539717,4.2614202,3.9649636
32717.0515539764,4.2638221,3.9649636
32717.1515539812,4.2657514,3.9645691
32717.2515539859,4.267602,3.9649636
32717.3515539907,4.2692952,3.96378
32717.4515539954,4.2706337,3.9653579
32717.5515540002,4.2720513,3.96595
32717.6515540049,4.2733507,3.9647664
32717.7515540097,4.2744923,3.9653579
32717.8515540144,4.2755556,3.9643718
32717.9515540192,4.2766185,3.9655554
32718.0515540239,4.2777209,3.96595
32718.1515540287,4.278666,3.9645691
32718.2515540334,4.2795715,3.9671333
32718.3515540382,4.2804379,3.9635828
32718.4515540429,4.2814221,3.9643718
32718.5515540477,4.2821703,3.9649636
32718.6515540524,4.2830758,3.9645691
32718.7515540572,4.2839026,3.9655554
32718.8515540619,4.2846904,3.9649636
32718.9515540667,4.2854385,3.9641746
32719.0515540714,4.2861862,3.9643718
32719.1515540762,4.286974,3.9655554
32719.2515540809,4.2876434,3.9661472
32719.3515540857,4.2884307,3.9651606
32719.4515540904,4.2889428,3.9649636
32719.5515540952,4.2898088,3.9649636
32719.6515540999,4.2904387,3.9647664
32719.7515541047,4.291069,3.9651606
32719.8515541094,4.2916989,3.9651606
32719.9515541142,4.2924471,3.9651606
32720.0515541189,4.2929192,3.9655554
32720.1515541237,4.2935886,3.9657527
32720.2515541284,4.2941794,3.9657527
32720.3515541332,4.294888,3.9645691
32720.4515541379,4.2953606,3.9645691
32720.5515541427,4.2960691,3.9645691
32720.6515541474,4.2965417,3.9643718
32720.7515541522,4.2971325,3.9649636
32720.8515541569,4.2977624,3.9653579
32720.9515541617,4.298274,3.9629912
32721.0515541664,4.2988648,3.9645691
32721.1515541712,4.2994947,3.9651606
32721.2515541759,4.3000069,3.9655554
32721.3515541807,4.3005185,3.9643718
32721.4515541854,4.3010697,3.9653579
32721.5515541902,4.3015814,3.9653579
32721.6515541949,4.3021326,3.9657527
32721.7515541997,4.3026447,3.9651606
32721.8515542044,4.3031564,3.9647664
32721.9515542092,4.3037472,3.9649636
32722.0515542139,4.3041801,3.9639773
32722.1515542187,4.3047314,3.9647664
32722.2515542234,4.3052435,3.9651606
32722.3515542282,4.3056369,3.9645691
32722.4515542329,4.3061094,3.9643718
32722.5515542377,4.3066216,3.96595
32722.6515542424,4.3070941,3.9651606
32722.7515542472,4.3074484,3.9645691
32722.8515542519,4.308157,3.9627939
32722.9515542567,4.3086295,3.9649636
32723.0515542614,4.3089838,3.9649636
32723.1515542662,4.3094168,3.9653579
32723.2515542709,4.3100471,3.9649636
32723.3515542757,4.3103619,3.9663445
32723.4515542804,4.3108344,3.9649636
32723.5515542852,4.3113465,3.9643718
32723.6515542899,4.3116612,3.9653579
32723.7515542947,4.3121734,3.9655554
32723.8515542994,4.3126063,3.9639773
32723.9515543042,4.3131576,3.9657527
32724.0515543089,4.3135905,3.9631885
32724.1515543137,4.3139057,3.9653579
32724.2515543184,4.3143387,3.9645691
32724.3515543232,4.3147717,3.9649636
32724.4515543279,4.3150868,3.9665417
32724.5515543327,4.3155594,3.9645691
32724.6515543374,4.3159533,3.9639773
32724.7515543422,4.3165436,3.9657527
32724.8515543469,4.3168192,3.9653579
32724.9515543517,4.3172917,3.9657527
32725.0515543564,4.3177247,3.9657527
32725.1515543612,4.3181186,3.9663445
32725.2515543659,4.3185911,3.9643718
32725.3515543707,4.3189454,3.9655554
32725.4515543754,4.3193393,3.9649636
32725.5515543802,4.3197331,3.9657527
32725.6515543849,4.3200874,3.9661472
32725.7515543897,4.3204417,3.9657527
32725.8515543944,4.3208747,3.9635828
32725.9515543992,4.3213472,3.9653579
32726.0515544039,4.3217015,3.96595
32726.1515544087,4.3220558,3.96595
32726.2515544134,4.3224893,3.9653579
32726.3515544182,4.3227649,3.96378
32726.4515544229,4.3231978,3.9653579
32726.5495544276,4.3236704,3.9649636
32726.5915544296,4.0598264,0
32726.6915544343,4.0198617,0
32726.7915544391,4.011869,0
32726.8915544438,4.0076556,0
32726.9915544486,4.0048604,0
32727.0915544533,4.0028915,0
32727.1915544581,4.0012379,0
32727.2915544628,3.9999387,0
32727.3915544676,3.9987969,0
32727.4915544723,3.9979701,0
32727.5915544771,3.9969857,0
32727.6915544818,3.9961588,0
32727.7915544866,3.9956076,0
32727.8915544913,3.9949381,0
32727.9915544961,3.9943869,0
32728.0915545008,3.9938357,0
32728.1915545056,3.9934027,0
32728.2915545103,3.9928515,0
32728.3915545151,3.992379,0
32728.4915545198,3.992064,0
32728.5915545246,3.9915915,0
32728.6915545293,3.9913552,0
32728.7915545341,3.9910009,0
32728.8915545388,3.9906859,0
32728.9915545436,3.9904497,0
32729.0915545483,3.9902134,0
32729.1915545531,3.9898195,0
32729.2915545578,3.9895439,0
32729.3915545626,3.9893076,0
32729.4915545673,3.989032,0
32729.5915545721,3.9887171,0
32729.6915545768,3.9886384,0
32729.7915545816,3.9883628,0
32729.8915545863,3.9882841,0
32729.9915545911,3.9877722,0
32730.0915545958,3.9878116,0
32730.1915546006,3.987654,0
32730.2915546053,3.9873784,0
32730.3915546101,3.9871421,0
32730.4915546148,3.9869847,0
32730.5915546196,3.9869061,0
32730.6915546243,3.9866698,0
32730.7915546291,3.9864728,0
32730.8915546338,3.9863942,0
32730.9915546386,3.9862366,0
32731.0915546433,3.9861186,0
32731.1915546481,3.9860396,0
32731.2915546528,3.985764,0
32731.3915546576,3.9856853,0
32731.4915546623,3.9854884,0
32731.5915546671,3.9852917,0
32731.6915546718,3.9853704,0
32731.7915546766,3.9851341,0
32731.8915546813,3.9850161,0
32731.9915546861,3.9848192,0
32732.0915546908,3.9847798,0
32732.1915546956,3.9847009,0
32732.2915547003,3.9846616,0
32732.3915547051,3.9844253,0
32732.4915547098,3.9844253,0
32732.5915547146,3.9843466,0
32732.6915547193,3.9841497,0
32732.7915547241,3.9840317,0
32732.8915547288,3.9839134,0
32732.9915547336,3.9838347,0
32733.0915547383,3.9839134,0
32733.1915547431,3.9836378,0
32733.2915547478,3.9835198,0
32733.3915547526,3.9833622,0
32733.4915547573,3.9834411,0
32733.5915547621,3.9832835,0
32733.6915547668,3.9833229,0
32733.7915547716,3.9830866,0
32733.8915547763,3.9830079,0
32733.9915547811,3.9829686,0
32734.0915547858,3.9829292,0
32734.1915547906,3.9827716,0
32734.2915547953,3.982811,0
32734.3915548001,3.9826536,0
32734.4915548048,3.9825747,0
32734.5915548095,3.9825747,0
32734.6915548143,3.9824567,0
32734.791554819,3.9823387,0
32734.8915548238,3.9822991,0
32734.9915548285,3.9821811,0
32735.0915548333,3.9821811,0
32735.191554838,3.9821417,0
32735.2915548428,3.9820631,0
32735.3915548475,3.9821417,0
32735.4915548523,3.9819841,0
32735.591554857,3.9818268,0
32735.6915548618,3.9817479,0
32735.7915548665,3.9817085,0
32735.8915548713,3.9817479,0
32735.991554876,3.9816692,0
32736.0915548808,3.9816692,0
32736.1915548855,3.9814329,0
32736.2915548903,3.9815118,0
32736.391554895,3.9814723,0
32736.4915548998,3.9814329,0
32736.5915549045,3.9813542,0
32736.6915549093,3.9812756,0
32736.791554914,3.9811966,0
32736.8915549188,3.981118,0
32736.9915549235,3.9810786,0
32737.0915549283,3.981118,0
32737.191554933,3.980921,0
32737.2915549378,3.9809604,0
32737.3915549425,3.9808424,0
32737.4915549473,3.9808817,0
32737.591554952,3.980803,0
32737.6915549568,3.9806848,0
32737.7915549615,3.980803,0
32737.8915549663,3.9807243,0
32737.991554971,3.9804487,0
32738.0915549758,3.9806454,0
32738.1915549805,3.9806848,0
32738.2915549853,3.9805667,0
32738.39155499,3.9804091,0
32738.4915549948,3.9803698,0
32738.5915549995,3.9803305,0
32738.6915550043,3.9803698,0
32738.791555009,3.9802911,0
32738.8915550138,3.9802911,0
32738.9915550185,3.9801731,0
32739.0915550233,3.9800942,0
32739.191555028,3.9801335,0
32739.2915550328,3.9802125,0
32739.3915550375,3.9800942,0
32739.4915550423,3.9800155,0
32739.591555047,3.9799762,0
32739.6915550518,3.9798975,0
32739.7915550565,3.9799368,0
32739.8915550613,3.9799368,0
32739.991555066,3.9798975,0
32740.0915550708,3.9797399,0
32740.1915550755,3.9797399,0
32740.2915550803,3.9797792,0
32740.391555085,3.9797006,0
32740.4915550898,3.9795823,0
32740.5915550945,3.9798975,0
32740.6915550993,3.979543,0
32740.791555104,3.9794643,0
32740.8915551088,3.9795823,0
32740.9915551135,3.9796219,0
32741.0915551183,3.9795036,0
32741.191555123,3.9794643,0
32741.2915551278,3.979425,0
32741.3915551325,3.979425,0
32741.4915551373,3.979425,0
32741.591555142,3.9793856,0
32741.6915551468,3.9793856,0
32741.7915551515,3.9793856,0
32741.8915551563,3.9793067,0
32741.991555161,3.979228,0
32742.0915551658,3.979228,0
32742.1915551705,3.9790704,0
32742.2915551753,3.9792674,0
32742.39155518,3.9791887,0
32742.4915551848,3.9791887,0
32742.5915551895,3.97911,0
32742.6915551943,3.9789917,0
32742.791555199,3.9789917,0
32742.8915552038,3.9790311,0
32742.9915552085,3.9789917,0
32743.0915552133,3.9790311,0
32743.191555218,3.9789131,0
32743.2915552228,3.9789524,0
32743.3915552275,3.9789131,0
32743.4915552323,3.9788344,0
32743.591555237,3.9787948,0
32743.6915552418,3.9788737,0
32743.7915552465,3.9788737,0
32743.8915552513,3.9788737,0
32743.991555256,3.9788344,0
32744.0915552608,3.9787555,0
32744.1915552655,3.9786375,0
32744.2915552703,3.9787948,0
32744.391555275,3.9787555,0
32744.4915552798,3.9787555,0
32744.5915552845,3.9785588,0
32744.6915552893,3.9785192,0
32744.791555294,3.9786768,0
32744.8915552988,3.9785981,0
32744.9915553035,3.9785588,0
32745.0915553083,3.9786768,0
32745.191555313,3.9785981,0
32745.2915553178,3.9784799,0
32745.3915553225,3.9785981,0
32745.4915553273,3.9784012,0
32745.591555332,3.9784405,0
32745.6915553368,3.9785192,0
32745.7915553415,3.9784405,0
32745.8915553463,3.9784012,0
32745.991555351,3.9784405,0
32746.0915553558,3.9784405,0
32746.1915553605,3.9782832,0
32746.2915553653,3.9782832,0
32746.39155537,3.9783225,0
32746.4915553748,3.9783225,0
32746.5915553795,3.9782832,0
32746.6915553843,3.9782832,0
32746.791555389,3.9782043,0
32746.8915553938,3.9783225,0
32746.9915553985,3.9782043,0
32747.0915554033,3.9782436,0
32747.191555408,3.9781256,0
32747.2915554128,3.9782436,0
32747.3915554175,3.9782436,0
32747.4915554223,3.9782436,0
32747.591555427,3.9781649,0
32747.6915554318,3.9780469,0
32747.7915554365,3.9781256,0
32747.8915554413,3.9781649,0
32747.991555446,3.9780862,0
32748.0915554508,3.9782043,0
32748.1915554555,3.9781649,0
32748.2915554603,3.977968,0
32748.391555465,3.9780076,0
32748.4915554698,3.9781649,0
32748.5915554745,3.9780076,0
32748.6915554793,3.9780469,0
32748.791555484,3.977968,0
32748.8915554888,3.9780862,0
32748.9915554935,3.977968,0
32749.0915554983,3.977968,0
32749.191555503,3.977968,0
32749.2915555078,3.9778893,0
32749.3915555125,3.9779286,0
32749.4915555173,3.9778893,0
32749.591555522,3.9778106,0
32749.6915555268,3.9779286,0
32749.7915555315,3.9779286,0
32749.8915555363,3.97785,0
32749.991555541,3.9779286,0
32750.0915555458,3.9778893,0
32750.1915555505,3.97785,0
32750.2915555553,3.9777713,0
32750.39155556,3.9778893,0
32750.4915555648,3.9777319,0
32750.5915555695,3.9777713,0
32750.6915555743,3.9778106,0
32750.791555579,3.9778106,0
32750.8915555838,3.97785,0
32750.9915555885,3.9777713,0
32751.0915555933,3.9778106,0
32751.191555598,3.9777319,0
32751.2915556028,3.9777319,0
32751.3915556075,3.9777713,0
32751.4915556123,3.9776924,0
32751.591555617,3.9777713,0
32751.6915556218,3.9777713,0
32751.7915556265,3.9776924,0
32751.8915556313,3.9776924,0
32751.991555636,3.977653,0
32752.0915556408,3.9776924,0
32752.1915556455,3.977653,0
32752.2915556503,3.9777319,0
32752.391555655,3.9776924,0
32752.4915556598,3.9777319,0
32752.5915556645,3.977653,0
32752.6915556693,3.977653,0
32752.791555674,3.9776924,0
32752.8915556788,3.9775743,0
32752.9915556835,3.977653,0
32753.0915556883,3.9776137,0
32753.191555693,3.977535,0
32753.2915556978,3.9776137,0
32753.3915557025,3.977653,0
32753.4915557073,3.9777319,0
32753.591555712,3.9775743,0
32753.6915557168,3.9774561,0
32753.7915557215,3.977653,0
32753.8915557263,3.9773774,0
32753.991555731,3.9774168,0
32754.0915557357,3.9775743,0
32754.1915557405,3.9776924,0
32754.2915557452,3.977535,0
32754.39155575,3.9774957,0
32754.4915557547,3.9776137,0
32754.5915557595,3.977535,0
32754.6915557642,3.9774957,0
32754.791555769,3.9775743,0
32754.8915557737,3.9774561,0
32754.9915557785,3.977535,0
32755.0915557832,3.9773774,0
32755.191555788,3.9776137,0
32755.2915557927,3.9774957,0
32755.3915557975,3.9774561,0
32755.4915558022,3.9774561,0
32755.591555807,3.977535,0
32755.6915558117,3.9774957,0
32755.7915558165,3.9773774,0
32755.8915558212,3.9774168,0
32755.991555826,3.9774957,0
32756.0915558307,3.9774168,0
32756.1915558355,3.9774168,0
32756.2915558402,3.9774168,0
32756.391555845,3.9774957,0
32756.4915558497,3.9774957,0
32756.5915558545,3.9773774,0
32756.6915558592,3.9774561,0
32756.791555864,3.9773774,0
32756.8915558687,3.9775743,0
32756.9915558735,3.9774561,0
32757.0915558782,3.9774957,0
32757.191555883,3.9772987,0
32757.2915558877,3.9773774,0
32757.3915558925,3.9774957,0
32757.4915558972,3.9774168,0
32757.591555902,3.9774168,0
32757.6915559067,3.9774957,0
32757.7915559115,3.9774168,0
32757.8915559162,3.9772594,0
32757.991555921,3.9773774,0
32758.0915559257,3.9774561,0
32758.1915559305,3.9773774,0
32758.2915559352,3.9773774,0
32758.39155594,3.9772987,0
32758.4915559447,3.9773774,0
32758.5915559495,3.9774561,0
32758.6915559542,3.9773381,0
32758.791555959,3.9774561,0
32758.8915559637,3.9772987,0
32758.9915559685,3.9774561,0
32759.0915559732,3.9772594,0
32759.191555978,3.9772987,0
32759.2915559827,3.9772594,0
32759.3915559875,3.9773774,0
32759.4915559922,3.9774957,0
32759.591555997,3.9774168,0
32759.6915560017,3.9772594,0
32759.7915560065,3.9773381,0
32759.8915560112,3.9772594,0
32759.991556016,3.9773774,0
32760.0915560207,3.9772987,0
32760.1915560255,3.9773381,0
32760.2915560302,3.9772987,0
32760.391556035,3.9774168,0
32760.4915560397,3.9772987,0
32760.5915560445,3.9772987,0
32760.6915560492,3.9774561,0
32760.791556054,3.9772201,0
32760.8915560587,3.9774957,0
32760.9915560635,3.9772987,0
32761.0915560682,3.9773381,0
32761.191556073,3.9773774,0
32761.2915560777,3.9773774,0
32761.3915560825,3.9772594,0
32761.4915560872,3.9772987,0
32761.591556092,3.9774168,0
32761.6915560967,3.9772987,0
32761.7915561015,3.9772594,0
32761.8915561062,3.9773381,0
32761.991556111,3.9773381,0
32762.0915561157,3.9774168,0
32762.1915561205,3.9773381,0
32762.2915561252,3.9773381,0
32762.39155613,3.9773774,0
32762.4915561347,3.9772987,0
32762.5915561395,3.9772594,0
32762.6915561442,3.9773774,0
32762.791556149,3.9772594,0
32762.8915561537,3.9772987,0
32762.9915561585,3.9772987,0
32763.0915561632,3.9772987,0
32763.191556168,3.9772594,0
32763.2915561727,3.9771411,0
32763.3915561775,3.9773381,0
32763.4915561822,3.9772987,0
32763.591556187,3.9771805,0
32763.6915561917,3.9773774,0
32763.7915561965,3.9772201,0
32763.8915562012,3.9772594,0
32763.991556206,3.9772594,0
32764.0915562107,3.9772987,0
32764.1915562155,3.9772987,0
32764.2915562202,3.9773381,0
32764.391556225,3.9772594,0
32764.4915562297,3.9772201,0
32764.5915562345,3.9772987,0
32764.6915562392,3.9772987,0
32764.791556244,3.9774561,0
32764.8915562487,3.9772594,0
32764.9915562535,3.9773381,0
32765.0915562582,3.9773381,0
32765.191556263,3.9772987,0
32765.2915562677,3.9774168,0
32765.3915562725,3.9774168,0
32765.4915562772,3.9773774,0
32765.591556282,3.9772594,0
32765.6915562867,3.9773774,0
32765.7915562915,3.9774168,0
32765.8915562962,3.9772201,0
32765.991556301,3.9773381,0
32766.0915563057,3.9773381,0
32766.1915563105,3.9772594,0
32766.2915563152,3.9772594,0
32766.39155632,3.9773381,0
32766.4915563247,3.9772987,0
32766.623556331,3.9496188,0
32766.6255563311,3.9450514,-0.75827722
32767.6255563786,3.9107964,-0.78293396
32768.6255564261,3.9083946,-0.78332843
32769.6255564736,3.9068196,-0.78392023
32770.6255565211,3.9054415,-0.78273669
32771.6255565686,3.9042995,-0.78352576
32772.6255566161,3.9033153,-0.78392023
32773.6255566636,3.9022522,-0.78392023
32774.6255567111,3.9014254,-0.78470929
32775.6255567586,3.9006379,-0.78431476
32776.6255568061,3.8998504,-0.78372296
32777.6255568536,3.8992205,-0.78411743
32778.6255569011,3.898551,-0.78313123
32779.6255569485,3.8978424,-0.78273669
32780.625556996,3.8972516,-0.78293396
32781.6255570435,3.8967793,-0.78411743
32782.625557091,3.8961492,-0.78352576
32783.6255571385,3.8956373,-0.78273669
32784.625557186,3.8952043,-0.78470929
32785.6255572335,3.8946531,-0.78253943
32786.625557281,3.8941412,-0.78372296
32787.6255573285,3.8936293,-0.78392023
32788.625557376,3.8931961,-0.78313123
32789.6255574235,3.8928812,-0.78411743
32790.625557471,3.8924875,-0.78352576
32791.6255575185,3.8920543,-0.78392023
32792.625557566,3.8916211,-0.78470929
32793.6255576135,3.8911881,-0.78313123
32794.625557661,3.8908732,-0.78332843
32795.6255577085,3.8904793,-0.78352576
32796.625557756,3.890125,-0.78332843
32797.6255578035,3.8897707,-0.78313123
32798.625557851,3.8894556,-0.78411743
32799.6255578985,3.8890619,-0.78352576
32800.625557946,3.8887863,-0.78293396
32801.6255579935,3.8883924,-0.78313123
32802.625558041,3.8881168,-0.78372296
32803.6255580885,3.8879201,-0.78392023
32804.625558136,3.8874869,-0.78313123
32805.6255581835,3.8872113,-0.78372296
32806.625558231,3.886975,-0.78451196
32807.6255582785,3.8866994,-0.78431476
32808.625558326,3.8863845,-0.78392023
32809.6255583735,3.8861089,-0.78372296
32810.625558421,3.8857939,-0.78352576
32811.6255584685,3.885597,-0.78313123
32812.625558516,3.885164,-0.78332843
32813.6255585635,3.8849671,-0.78253943
32814.625558611,3.8846915,-0.78313123
32815.6255586585,3.8844945,-0.78293396
32816.625558706,3.8841796,-0.78372296
32817.6255587535,3.883904,-0.78332843
32818.625558801,3.883707,-0.78451196
32819.6255588484,3.8835101,-0.78332843
32820.6255588959,3.8831165,-0.78372296
32821.6255589434,3.8828802,-0.78392023
32822.6255589909,3.8827226,-0.78470929
32823.6255590384,3.8825653,-0.78411743
32824.6255590859,3.8821321,-0.78411743
32825.6255591334,3.8820534,-0.78273669
32826.6255591809,3.8817778,-0.78352576
32827.6255592284,3.8815415,-0.78293396
32828.6255592759,3.8812659,-0.78392023
32829.6255593234,3.8810296,-0.78411743
32830.6255593709,3.8807933,-0.78313123
32831.6255594184,3.8805571,-0.78332843
32832.6255594659,3.880321,-0.78313123
32833.6255595134,3.8801241,-0.78332843
32834.6255595609,3.8800454,-0.78490649
32835.6255596084,3.8797302,-0.78313123
32836.6255596559,3.8795335,-0.78352576
32837.6255597034,3.8792973,-0.78549829
32838.6255597509,3.8791003,-0.78392023
32839.6255597984,3.878864,-0.78451196
32840.6255598459,3.8786278,-0.78352576
32841.6255598934,3.8784311,-0.78530096
32842.6255599409,3.8782735,-0.78372296
32843.6255599884,3.8780372,-0.78313123
32844.6255600359,3.8777616,-0.78313123
32845.6255600834,3.8776829,-0.78470929
32846.6255601309,3.8775253,-0.78411743
32847.6255601784,3.8772891,-0.78313123
32848.6255602259,3.8770134,-0.78313123
32849.6255602734,3.8768561,-0.78332843
32850.6255603209,3.8766592,-0.78253943
32851.6255603684,3.8763835,-0.78332843
32852.6255604159,3.8762655,-0.78313123
32853.6255604634,3.8761079,-0.78332843
32854.6255605109,3.8758323,-0.78411743
32855.6255605584,3.875596,-0.78253943
32856.6255606059,3.875478,-0.78372296
32857.6255606534,3.8752418,-0.78510376
32858.6255607008,3.8749661,-0.78411743
32859.6255607483,3.8748479,-0.78392023
32860.6255607958,3.8747299,-0.78273669
32861.6255608433,3.8744543,-0.78451196
32862.6255608908,3.8742573,-0.78451196
32863.6255609383,3.8741786,-0.78392023
32864.6255609858,3.8740604,-0.78313123
32865.6255610333,3.8737454,-0.78372296
32866.6255610808,3.8735881,-0.78530096
32867.6255611283,3.8734698,-0.78392023
32868.6255611758,3.8732729,-0.78352576
32869.6255612233,3.8730762,-0.78470929
32870.6255612708,3.8729186,-0.78451196
32871.6255613183,3.872643,-0.78431476
32872.6255613658,3.872525,-0.78332843
32873.6255614133,3.8722887,-0.78372296
32874.6255614608,3.8721311,-0.78451196
32875.6255615083,3.8719344,-0.78372296
32876.6255615558,3.8717375,-0.78253943
32877.6255616033,3.8715799,-0.7856955
32878.6255616508,3.871383,-0.78253943
32879.6255616983,3.8713043,-0.78470929
32880.6255617458,3.8711073,-0.78451196
32881.6255617933,3.87095,-0.78352576
32882.6255618408,3.8706744,-0.78392023
32883.6255618883,3.8705957,-0.78411743
32884.6255619358,3.8704774,-0.78313123
32885.6255619833,3.8702412,-0.78392023
32886.6255620308,3.8700445,-0.78549829
32887.6255620783,3.8699262,-0.78352576
32888.6255621258,3.8697686,-0.78313123
32889.6255621733,3.8696899,-0.78352576
32890.6255622208,3.8694537,-0.78253943
32891.6255622683,3.8693357,-0.78352576
32892.6255623158,3.8692174,-0.78313123
32893.6255623633,3.86906,-0.78293396
32894.6255624108,3.8687844,-0.78392023
32895.6255624583,3.8687451,-0.78392023
32896.6255625058,3.8685482,-0.78293396
32897.6255625532,3.8682725,-0.78332843
32898.6255626007,3.8681545,-0.78451196
32899.6255626482,3.8681939,-0.78392023
32900.6255626957,3.8679183,-0.78293396
32901.6255627432,3.8678393,-0.78392023
32902.6255627907,3.8676031,-0.78530096
32903.6255628382,3.8674457,-0.78392023
32904.6255628857,3.867367,-0.78451196
32905.6255629332,3.8671701,-0.78332843
32906.6255629807,3.8669732,-0.78352576
32907.6255630282,3.8668945,-0.78490649
32908.6255630757,3.8666975,-0.78352576
32909.6255631232,3.8665795,-0.78352576
32910.6255631707,3.8665402,-0.78392023
32911.6255632182,3.866225,-0.78431476
32912.6255632657,3.8660283,-0.78510376
32913.6255633132,3.8660676,-0.78411743
32914.6255633607,3.8658314,-0.78332843
32915.6255634082,3.8655558,-0.78313123
32916.6255634557,3.8655164,-0.78293396
32917.6255635032,3.8653982,-0.78411743
32918.6255635507,3.8653588,-0.78352576
32919.6255635982,3.8650045,-0.78293396
32920.6255636457,3.8649652,-0.78392023
32921.6255636932,3.8648076,-0.78352576
32922.6255637407,3.8646896,-0.78470929
32923.6255637882,3.864532,-0.78431476
32924.6255638357,3.8644927,-0.78332843
32925.6255638832,3.8642564,-0.78293396
32926.6255639307,3.8641384,-0.78411743
32927.6255639782,3.8639414,-0.78273669
32928.6255640257,3.8638628,-0.78313123
32929.6255640732,3.8637052,-0.78313123
32930.6255641207,3.8635871,-0.78549829
32931.6255641682,3.8634689,-0.78352576
32932.6255642157,3.8633902,-0.78332843
32933.6255642632,3.8631933,-0.78352576
32934.6255643107,3.8631146,-0.78490649
32935.6255643582,3.8628783,-0.78293396
32936.6255644056,3.8628783,-0.78490649
32937.6255644531,3.8626814,-0.78372296
32938.6255645006,3.862524,-0.78431476
32939.6255645481,3.8624058,-0.78273669
32940.6255645956,3.8622484,-0.78332843
32941.6255646431,3.8621302,-0.78293396
32942.6255646906,3.8619728,-0.78293396
32943.6255647381,3.8618152,-0.78411743
32944.6255647856,3.8617365,-0.78352576
32945.6255648331,3.8616576,-0.78510376
32946.6255648806,3.8615396,-0.78293396
32947.6255649281,3.8613033,-0.78431476
32948.6255649756,3.861264,-0.78372296
32949.6255650231,3.8610277,-0.78352576
32950.6255650706,3.8610277,-0.78352576
32951.6255651181,3.8608308,-0.78332843
32952.6255651656,3.8608308,-0.78510376
32953.6255652131,3.8605945,-0.78313123
32954.6255652606,3.8603978,-0.78372296
32955.6255653081,3.8602796,-0.78372296
32956.6255653556,3.8602402,-0.78332843
32957.6255654031,3.8600433,-0.78392023
32958.6255654506,3.8599646,-0.78490649
32959.6255654981,3.8598466,-0.78273669
32960.6255655456,3.8597283,-0.78293396
32961.6255655931,3.8596497,-0.78490649
32962.6255656406,3.8594527,-0.78411743
32963.6255656881,3.8592954,-0.78253943
32964.6255657356,3.8591771,-0.78273669
32965.6255657831,3.8590984,-0.78372296
32966.6255658306,3.8589408,-0.78392023
32967.6255658781,3.8588228,-0.78470929
32968.6255659256,3.8586652,-0.78372296
32969.6255659731,3.8586652,-0.78352576
32970.6255660206,3.8585079,-0.78352576
32971.6255660681,3.8583896,-0.78372296
32972.6255661156,3.8582716,-0.78332843
32973.6255661631,3.8581533,-0.78470929
32974.6255662106,3.857996,-0.78392023
32975.6255662581,3.8577991,-0.78530096
32976.6255663055,3.8578384,-0.78470929
32977.625566353,3.8576021,-0.78392023
32978.6255664005,3.8574841,-0.78313123
32979.625566448,3.8574841,-0.78431476
32980.6255664955,3.8572085,-0.78293396
32981.625566543,3.8571692,-0.78530096
32982.6255665905,3.8570116,-0.78372296
32983.625566638,3.8569329,-0.78253943
32984.6255666855,3.8566573,-0.78332843
32985.625566733,3.8566966,-0.78470929
32986.6255667805,3.856539,-0.78392023
32987.625566828,3.856421,-0.78411743
32988.6255668755,3.8563423,-0.78332843
32989.625566923,3.856303,-0.78451196
32990.6255669705,3.8560274,-0.78332843
32991.625567018,3.8558698,-0.78332843
32992.6255670655,3.8558698,-0.78470929
32993.625567113,3.8557518,-0.78392023
32994.6255671605,3.8555548,-0.78332843
32995.625567208,3.8555548,-0.78392023
32996.6255672555,3.8555155,-0.78392023
32997.625567303,3.8553185,-0.78411743
32998.6255673505,3.8551216,-0.78352576
32999.625567398,3.8550036,-0.78352576
33000.6255674455,3.8550036,-0.78313123
33001.625567493,3.854846,-0.78431476
33002.6255675405,3.8546886,-0.78352576
33003.625567588,3.8546886,-0.78411743
33004.6255676355,3.8544524,-0.78510376
33005.625567683,3.854413,-0.78234222
33006.6255677305,3.8542948,-0.7858927
33007.625567778,3.8541768,-0.78372296
33008.6255678255,3.8540978,-0.78392023
33009.625567873,3.8540192,-0.78352576
33010.6255679205,3.8538222,-0.78411743
33011.625567968,3.8537829,-0.78352576
33012.6255680155,3.8536255,-0.78332843
33013.625568063,3.8535466,-0.78549829
33014.6255681105,3.8535073,-0.78451196
33015.6255681579,3.853271,-0.78313123
33016.6255682054,3.853153,-0.78372296
33017.6255682529,3.8531137,-0.78392023
33018.6255683004,3.8529167,-0.78332843
33019.6255683479,3.8527198,-0.78372296
33020.6255683954,3.8527591,-0.78451196
33021.6255684429,3.8525624,-0.7821449
33022.6255684904,3.8524835,-0.78313123
33023.6255685379,3.8522475,-0.78392023
33024.6255685854,3.8521292,-0.78431476
33025.6255686329,3.8522079,-0.78313123
33026.6255686804,3.8520505,-0.78332843
33027.6255687279,3.8519323,-0.78313123
33028.6255687754,3.8518536,-0.78431476
33029.6255688229,3.851578,-0.78431476
33030.6255688704,3.8515387,-0.78332843
33031.6255689179,3.85146,-0.78411743
33032.6255689654,3.8514206,-0.78352576
33033.6255690129,3.8513024,-0.78332843
33034.6255690604,3.8511055,-0.78392023
33035.6255691079,3.8510661,-0.78372296
33036.6255691554,3.8510268,-0.78332843
33037.6255692029,3.8508692,-0.78332843
33038.6255692504,3.8507512,-0.78411743
33039.6255692979,3.8506331,-0.78372296
33040.6255693454,3.8504755,-0.78490649
33041.6255693929,3.8503575,-0.78175043
33042.6255694404,3.850318,-0.78411743
33043.6255694879,3.850318,-0.78352576
33044.6255695354,3.850003,-0.78470929
33045.6255695829,3.8499637,-0.78293396
33046.6255696304,3.8498063,-0.78313123
33047.6255696779,3.8498063,-0.78470929
33048.6255697254,3.8496881,-0.78470929
33049.6255697729,3.8496094,-0.78332843
33050.6255698204,3.8494911,-0.78392023
33051.6255698679,3.8492548,-0.78352576
33052.6255699154,3.8492548,-0.7858927
33053.6255699629,3.8490582,-0.78332843
33054.6255700103,3.8490975,-0.78293396
33055.6255700578,3.8489792,-0.78273669
33056.6255701053,3.8487036,-0.78392023
33057.6255701528,3.8488219,-0.78332843
33058.6255702003,3.8486249,-0.78372296
33059.6255702478,3.8485463,-0.78273669
33060.6255702953,3.848428,-0.7858927
33061.6255703428,3.8483493,-0.78451196
33062.6255703903,3.8482313,-0.78313123
33063.6255704378,3.848192,-0.78293396
33064.6255704853,3.8480344,-0.78352576
33065.6255705328,3.8479557,-0.78293396
33066.6255705803,3.8477588,-0.78411743
33067.6255706278,3.8477194,-0.78431476
33068.6255706753,3.8476012,-0.78470929
33069.6255707228,3.8475225,-0.78352576
33070.6255707703,3.8473649,-0.78411743
33071.6255708178,3.8472862,-0.78332843
33072.6255708653,3.8471289,-0.78530096
33073.6255709128,3.84705,-0.78332843
33074.6255709603,3.8469713,-0.78372296
33075.6255710078,3.8468926,-0.78313123
33076.6255710553,3.8467743,-0.78293396
33077.6255711028,3.8465776,-0.78392023
33078.6255711503,3.8465381,-0.78293396
33079.6255711978,3.8465381,-0.78253943
33080.6255712453,3.8464594,-0.78392023
33081.6255712928,3.846302,-0.78352576
33082.6255713403,3.8462231,-0.78372296
33083.6255713878,3.8460264,-0.78352576
33084.6255714353,3.8459082,-0.78332843
33085.6255714828,3.8459082,-0.78392023
33086.6255715303,3.8458295,-0.78273669
33087.6255715778,3.8456719,-0.78352576
33088.6255716253,3.8455539,-0.78411743
33089.6255716728,3.845475,-0.78273669
33090.6255717203,3.8453963,-0.78352576
33091.6255717678,3.8453176,-0.78352576
33092.6255718153,3.8452389,-0.78392023
33093.6255718627,3.8449237,-0.78372296
33094.6255719102,3.845042,-0.78451196
33095.6255719577,3.8448451,-0.78273669
33096.6255720052,3.844727,-0.78431476
33097.6255720527,3.8446088,-0.78352576
33098.6255721002,3.8445301,-0.78234222
33099.6255721477,3.8444514,-0.78313123
33100.6255721952,3.8444514,-0.78352576
33101.6255722427,3.8442152,-0.78411743
33102.6255722902,3.8441365,-0.78313123
33103.6255723377,3.8442152,-0.78253943
33104.6255723852,3.8439789,-0.78411743
33105.6255724327,3.8439002,-0.78332843
33106.6255724802,3.8437819,-0.78451196
33107.6255725277,3.8436246,-0.78431476
33108.6255725752,3.8436639,-0.78510376
33109.6255726227,3.8435457,-0.78352576
33110.6255726702,3.8433094,-0.78352576
33111.6255727177,3.8431914,-0.78372296
33112.6255727652,3.8432307,-0.78293396
33113.6255728127,3.8429945,-0.78372296
33114.6255728602,3.8430338,-0.78411743
33115.6255729077,3.8429551,-0.78549829
33116.6255729552,3.8428764,-0.78431476
33117.6255730027,3.8426795,-0.78352576
33118.6255730502,3.8426402,-0.78372296
33119.6255730977,3.8425615,-0.78253943
33120.6255731452,3.8425221,-0.78451196
33121.6255731927,3.8424039,-0.78392023
33122.6255732402,3.8421676,-0.78431476
33123.6255732877,3.842207,-0.78392023
33124.6255733352,3.8421283,-0.78332843
33125.6255733827,3.841892,-0.78253943
33126.6255734302,3.8418527,-0.78411743
33127.6255734777,3.8418527,-0.78253943
33128.6255735252,3.8416951,-0.78313123
33129.6255735727,3.8414984,-0.7856955
33130.6255736202,3.8415377,-0.78431476
33131.6255736677,3.8414195,-0.78332843
33132.6255737152,3.8413408,-0.78431476
33133.6255737626,3.8410652,-0.78352576
33134.6255738101,3.8411045,-0.78332843
33135.6255738576,3.8409472,-0.78273669
33136.6255739051,3.8409078,-0.78313123
33137.6255739526,3.8408289,-0.78392023
33138.6255740001,3.8406715,-0.78332843
33139.6255740476,3.8405139,-0.78470929
33140.6255740951,3.8405926,-0.78352576
33141.6255741426,3.8404746,-0.78451196
33142.6255741901,3.8404353,-0.78392023
33143.6255742376,3.8401597,-0.78451196
33144.6255742851,3.840199,-0.78530096
33145.6255743326,3.8400807,-0.78372296
33146.6255743801,3.8400807,-0.78510376
33147.6255744276,3.839884,-0.78392023
33148.6255744751,3.8398447,-0.78293396
33149.6255745226,3.8397658,-0.78293396
33150.6255745701,3.8397264,-0.78431476
33151.6255746176,3.8395295,-0.78411743
33152.6255746651,3.8394115,-0.78352576
33153.6255747126,3.8393328,-0.78313123
33154.6255747601,3.8392935,-0.78411743
33155.6255748076,3.8391752,-0.78293396
33156.6255748551,3.8390572,-0.78372296
33157.6255749026,3.8390179,-0.78253943
33158.6255749501,3.8388996,-0.78293396
33159.6255749976,3.8388996,-0.78372296
33160.6255750451,3.8387423,-0.78510376
33161.6255750926,3.8385847,-0.78470929
33162.6255751401,3.8385847,-0.78372296
33163.6255751876,3.838309,-0.78411743
33164.6255752351,3.838309,-0.78392023
33165.6255752826,3.8381908,-0.78451196
33166.6255753301,3.8381515,-0.78293396
33167.6255753776,3.8380334,-0.78431476
33168.6255754251,3.8380334,-0.78411743
33169.6255754726,3.8378758,-0.78431476
33170.6255755201,3.8376791,-0.78411743
33171.6255755676,3.8377185,-0.78293396
33172.625575615,3.8376396,-0.78411743
33173.6255756625,3.8374822,-0.78352576
33174.62557571,3.8373246,-0.78392023
33175.6255757575,3.8372853,-0.78372296
33176.625575805,3.8372853,-0.78372296
33177.6255758525,3.8371673,-0.78392023
33178.6255759,3.837049,-0.78431476
33179.6255759475,3.837049,-0.78470929
33180.625575995,3.8369703,-0.78451196
33181.6255760425,3.836931,-0.78431476
33182.62557609,3.8367341,-0.78293396
33183.6255761375,3.836616,-0.78451196
33184.625576185,3.836616,-0.78293396
33185.6255762325,3.8364978,-0.78490649
33186.62557628,3.8364584,-0.78352576
33187.6255763275,3.8362615,-0.78293396
33188.625576375,3.8361435,-0.78332843
33189.6255764225,3.8361435,-0.78313123
33190.62557647,3.8360252,-0.78352576
33191.6255765175,3.8359466,-0.78293396
33192.625576565,3.8359072,-0.78411743
33193.6255766125,3.8356709,-0.78293396
33194.62557666,3.8357496,-0.78470929
33195.6255767075,3.8355923,-0.78313123
33196.625576755,3.8355923,-0.78332843
33197.6255768025,3.8353953,-0.78313123
33198.62557685,3.8352773,-0.78293396
33199.6255768975,3.835238,-0.78332843
33200.625576945,3.8351591,-0.78411743
33201.6255769925,3.8349624,-0.78234222
33202.62557704,3.8350017,-0.78411743
33203.6255770875,3.8348441,-0.78352576
33204.625577135,3.8348835,-0.78332843
33205.6255771825,3.8346472,-0.78352576
33206.62557723,3.8346472,-0.78352576
33207.6255772775,3.8344898,-0.78470929
33208.625577325,3.8344898,-0.78293396
33209.6255773725,3.8344109,-0.78392023
33210.62557742,3.8343716,-0.78332843
33211.6255774674,3.8342142,-0.78332843
33212.6255775149,3.8341353,-0.78332843
33213.6255775624,3.8340566,-0.78392023
33214.6255776099,3.8339386,-0.78273669
33215.6255776574,3.8339386,-0.78332843
33216.6255777049,3.8338203,-0.78431476
33217.6255777524,3.8337023,-0.78352576
33218.6255777999,3.8336236,-0.78352576
33219.6255778474,3.8335841,-0.78411743
33220.6255778949,3.8333874,-0.78411743
33221.6255779424,3.8333874,-0.78293396
33222.6255779899,3.8332691,-0.78510376
33223.6255780374,3.8332298,-0.78332843
33224.6255780849,3.8330724,-0.78392023
33225.6255781324,3.8330328,-0.78352576
33226.6255781799,3.8329542,-0.78431476
33227.6255782274,3.8328755,-0.78352576
33228.6255782749,3.8328362,-0.78392023
33229.6255783224,3.8326786,-0.78332843
33230.6255783699,3.8325999,-0.78253943
33231.6255784174,3.8325605,-0.78352576
33232.6255784649,3.8324029,-0.78352576
33233.6255785124,3.8323636,-0.78372296
33234.6255785599,3.8322453,-0.78332843
33235.6255786074,3.8321667,-0.78372296
33236.6255786549,3.832206,-0.78352576
33237.6255787024,3.8320093,-0.78273669
33238.6255787499,3.8319304,-0.78372296
33239.6255787974,3.8318911,-0.78332843
33240.6255788449,3.8318124,-0.78352576
33241.6255788924,3.831773,-0.78372296
33242.6255789399,3.8317337,-0.78411743
33243.6255789874,3.8314581,-0.78273669
33244.6255790349,3.8314974,-0.78392023
33245.6255790824,3.8313005,-0.78352576
33246.6255791299,3.8312612,-0.78411743
33247.6255791774,3.8312218,-0.78411743
33248.6255792249,3.8311036,-0.78352576
33249.6255792724,3.8309855,-0.78411743
33250.6255793198,3.830828,-0.78332843
33251.6255793673,3.830828,-0.78490649
33252.6255794148,3.830828,-0.78451196
33253.6255794623,3.830631,-0.78490649
33254.6255795098,3.8307099,-0.78490649
33255.6255795573,3.8304737,-0.78332843
33256.6255796048,3.8304737,-0.78352576
33257.6255796523,3.8303161,-0.78352576
33258.6255796998,3.8304343,-0.78530096
33259.6255797473,3.830198,-0.78273669
33260.6255797948,3.8300798,-0.78431476
33261.6255798423,3.8299224,-0.78411743
33262.6255798898,3.8300011,-0.78372296
33263.6255799373,3.8299224,-0.78470929
33264.6255799848,3.8298438,-0.78273669
33265.6255800323,3.8297648,-0.78411743
33266.6255800798,3.8296862,-0.78490649
33267.6255801273,3.8295681,-0.78273669
33268.6255801748,3.8294106,-0.78332843
33269.6255802223,3.8294499,-0.78352576
33270.6255802698,3.8294499,-0.78313123
33271.6255803173,3.8293319,-0.78451196
33272.6255803648,3.8290956,-0.78313123
33273.6255804123,3.8290956,-0.78431476
33274.6255804598,3.8288987,-0.78549829
33275.6255805073,3.828938,-0.78392023
33276.6255805548,3.82882,-0.78451196
33277.6255806023,3.8287017,-0.78313123
33278.6255806498,3.8287017,-0.78372296
33279.6255806973,3.8286231,-0.78392023
33280.6255807448,3.8285444,-0.78253943
33281.6255807923,3.8284261,-0.7858927
33282.6255808398,3.8284261,-0.78352576
33283.6255808873,3.8282688,-0.78372296
33284.6255809348,3.8281898,-0.78313123
33285.6255809823,3.8280718,-0.78392023
33286.6255810298,3.8281112,-0.78451196
33287.6255810773,3.8279932,-0.78273669
33288.6255811248,3.8278749,-0.78411743
33289.6255811722,3.8277175,-0.78411743
33290.6255812197,3.8277175,-0.78392023
33291.6255812672,3.8277175,-0.78273669
33292.6255813147,3.8275599,-0.78392023
33293.6255813622,3.8275206,-0.78352576
33294.6255814097,3.8274026,-0.78293396
33295.6255814572,3.827363,-0.78253943
33296.6255815047,3.8273237,-0.78411743
33297.6255815522,3.8271663,-0.78490649
33298.6255815997,3.8271663,-0.78352576
33299.6255816472,3.8269694,-0.78253943
33300.6255816947,3.8268511,-0.78234222
33301.6255817422,3.8268907,-0.78411743
33302.6255817897,3.8268511,-0.78392023
33303.6255818372,3.8267725,-0.78431476
33304.6255818847,3.8266151,-0.7821449
33305.6255819322,3.8266151,-0.78332843
33306.6255819797,3.8264575,-0.78372296
33307.6255820272,3.8264968,-0.78352576
33308.6255820747,3.8263395,-0.78313123
33309.6255821222,3.8262212,-0.78392023
33310.6255821697,3.8260639,-0.78372296
33311.6255822172,3.8260243,-0.78372296
33312.6255822647,3.8259456,-0.78470929
33313.6255823122,3.8260243,-0.78352576
33314.6255823597,3.8258669,-0.78332843
33315.6255824072,3.8258276,-0.78273669
33316.6255824547,3.8257487,-0.78490649
33317.6255825022,3.82567,-0.78372296
33318.6255825497,3.8254731,-0.78352576
33319.6255825972,3.825552,-0.78352576
33320.6255826447,3.8253551,-0.78273669
33321.6255826922,3.8252764,-0.78392023
33322.6255827397,3.8252764,-0.78411743
33323.6255827872,3.8251581,-0.78352576
33324.6255828347,3.8251188,-0.78332843
33325.6255828822,3.8250008,-0.78411743
33326.6255829297,3.8249612,-0.78431476
33327.6255829772,3.8248432,-0.78431476
33328.6255830247,3.8248432,-0.78451196
33329.6255830721,3.8248038,-0.78352576
33330.6255831196,3.8247252,-0.78411743
33331.6255831671,3.8244889,-0.78372296
33332.6255832146,3.8244889,-0.78372296
33333.6255832621,3.8244495,-0.78352576
33334.6255833096,3.8243313,-0.78253943
33335.6255833571,3.8242526,-0.78352576
33336.6255834046,3.8241343,-0.78273669
33337.6255834521,3.824095,-0.78253943
33338.6255834996,3.8240163,-0.78293396
33339.6255835471,3.823977,-0.78411743
33340.6255835946,3.823977,-0.78352576
33341.6255836421,3.8238587,-0.78352576
33342.6255836896,3.823662,-0.78352576
33343.6255837371,3.8236227,-0.78273669
33344.6255837846,3.8235438,-0.78352576
33345.6255838321,3.8235831,-0.78332843
33346.6255838796,3.8233864,-0.78293396
33347.6255839271,3.8232682,-0.78392023
33348.6255839746,3.8231895,-0.78313123
33349.6255840221,3.8232682,-0.78392023
33350.6255840696,3.8230712,-0.78352576
33351.6255841171,3.8231108,-0.78352576
33352.6255841646,3.8229139,-0.78392023
33353.6255842121,3.8229139,-0.78293396
33354.6255842596,3.8226776,-0.78253943
33355.6255843071,3.8228352,-0.78372296
33356.6255843546,3.822717,-0.78372296
33357.6255844021,3.8225596,-0.78253943
33358.6255844496,3.8224807,-0.78352576
33359.6255844971,3.822402,-0.78273669
33360.6255845446,3.8224413,-0.78411743
33361.6255845921,3.8222444,-0.78313123
33362.6255846396,3.8222051,-0.78332843
33363.6255846871,3.8222051,-0.78234222
33364.6255847346,3.8219688,-0.78392023
33365.6255847821,3.8220477,-0.78332843
33366.6255848296,3.8218508,-0.78332843
33367.6255848771,3.8218114,-0.78431476
33368.6255849245,3.8217721,-0.78372296
33369.625584972,3.8217328,-0.78431476
33370.6255850195,3.8216145,-0.78352576
33371.625585067,3.8215358,-0.78451196
33372.6255851145,3.8214569,-0.78293396
33373.625585162,3.8213782,-0.78293396
33374.6255852095,3.8211813,-0.78313123
33375.625585257,3.8212209,-0.78293396
33376.6255853045,3.8212602,-0.78470929
33377.625585352,3.821142,-0.78352576
33378.6255853995,3.8210633,-0.78451196
33379.625585447,3.8208663,-0.78293396
33380.6255854945,3.8208663,-0.78313123
33381.625585542,3.8207877,-0.78332843
33382.6255855895,3.8207877,-0.78470929
33383.625585637,3.820709,-0.78352576
33384.6255856845,3.8204727,-0.78470929
33385.625585732,3.8205514,-0.78431476
33386.6255857795,3.8205121,-0.78411743
33387.625585827,3.8203545,-0.78451196
33388.6255858745,3.8203545,-0.78431476
33389.625585922,3.8201971,-0.78372296
33390.6255859695,3.8200395,-0.78293396
33391.625586017,3.8200002,-0.78352576
33392.6255860645,3.8200395,-0.78392023
33393.625586112,3.8198428,-0.78234222
33394.6255861595,3.8199215,-0.78470929
33395.625586207,3.8197639,-0.78411743
33396.6255862545,3.8196852,-0.78352576
33397.625586302,3.8197246,-0.78313123
33398.6255863495,3.819567,-0.78451196
33399.625586397,3.8195276,-0.78293396
33400.6255864445,3.8193703,-0.78253943
33401.625586492,3.8192127,-0.78332843
33402.6255865395,3.8192127,-0.78313123
33403.625586587,3.819252,-0.78313123
33404.6255866345,3.8190553,-0.78352576
33405.625586682,3.8190553,-0.78451196
33406.6255867295,3.8189371,-0.78293396
33407.6255867769,3.8189764,-0.78372296
33408.6255868244,3.8187008,-0.78352576
33409.6255868719,3.8187401,-0.78392023
33410.6255869194,3.8186615,-0.78352576
33411.6255869669,3.8185434,-0.78253943
33412.6255870144,3.8185434,-0.78313123
33413.6255870619,3.8184645,-0.78293396
33414.6255871094,3.8183858,-0.78352576
33415.6255871569,3.8182678,-0.78352576
33416.6255872044,3.8181496,-0.78451196
33417.6255872519,3.8181496,-0.78313123
33418.6255872994,3.8180709,-0.7821449
33419.6255873469,3.8179922,-0.78273669
33420.6255873944,3.8178346,-0.78392023
33421.6255874419,3.817874,-0.78352576
33422.6255874894,3.8177166,-0.78392023
33423.6255875369,3.8175983,-0.78313123
33424.6255875844,3.8175983,-0.78332843
33425.6255876319,3.8175197,-0.78411743
33426.6255876794,3.8174014,-0.78372296
33427.6255877269,3.8173227,-0.78392023
33428.6255877744,3.8172834,-0.78372296
33429.6255878219,3.8172834,-0.78352576
33430.6255878694,3.8172047,-0.7858927
33431.6255879169,3.8171654,-0.78628723
33432.6255879644,3.8170471,-0.78332843
33433.6255880119,3.8168502,-0.78313123
33434.6255880594,3.8168898,-0.78372296
33435.6255881069,3.8167715,-0.78352576
33436.6255881544,3.8167715,-0.78470929
33437.6255882019,3.8166535,-0.78253943
33438.6255882494,3.8165746,-0.78431476
33439.6255882969,3.8164566,-0.78293396
33440.6255883444,3.8164566,-0.7856955
33441.6255883919,3.8163385,-0.78431476
33442.6255884394,3.816299,-0.78273669
33443.6255884869,3.8161416,-0.78313123
33444.6255885344,3.8161416,-0.78411743
33445.6255885819,3.8159447,-0.78332843
33446.6255886293,3.8160233,-0.78451196
33447.6255886768,3.815866,-0.78470929
33448.6255887243,3.8158267,-0.78352576
33449.6255887718,3.8157871,-0.78392023
33450.6255888193,3.8155904,-0.78352576
33451.6255888668,3.8155904,-0.78451196
33452.6255889143,3.8156297,-0.78293396
33453.6255889618,3.8154328,-0.78451196
33454.6255890093,3.8153541,-0.78372296
33455.6255890568,3.8151178,-0.78273669
33456.6255891043,3.8152359,-0.78411743
33457.6255891518,3.8151572,-0.78352576
33458.6255891993,3.8150392,-0.78352576
33459.6255892468,3.8150785,-0.78411743
33460.6255892943,3.8149209,-0.78431476
33461.6255893418,3.8149209,-0.78451196
33462.6255893893,3.8147635,-0.78372296
33463.6255894368,3.8146846,-0.78273669
33464.6255894843,3.8146453,-0.78352576
33465.6255895318,3.814606,-0.78253943
33466.6255895793,3.8144879,-0.78313123
33467.6255896268,3.814409,-0.78431476
33468.6255896743,3.814291,-0.78392023
33469.6255897218,3.814291,-0.78411743
33470.6255897693,3.8142517,-0.78352576
33471.6255898168,3.8141727,-0.78293396
33472.6255898643,3.8141727,-0.78332843
33473.6255899118,3.813976,-0.78332843
33474.6255899593,3.8140154,-0.78392023
33475.6255900068,3.8138578,-0.78470929
33476.6255900543,3.8137791,-0.78332843
33477.6255901018,3.8137004,-0.78372296
33478.6255901493,3.8137398,-0.78352576
33479.6255901968,3.8134642,-0.78392023
33480.6255902443,3.8135428,-0.78313123
33481.6255902918,3.8134642,-0.78352576
33482.6255903393,3.8134248,-0.78392023
33483.6255903868,3.8132672,-0.78431476
33484.6255904343,3.8131492,-0.78352576
33485.6255904818,3.8131492,-0.78451196
33486.6255905292,3.813031,-0.78470929
33487.6255905767,3.8129129,-0.78490649
33488.6255906242,3.8129129,-0.78411743
33489.6255906717,3.8127553,-0.78352576
33490.6255907192,3.8127553,-0.78372296
33491.6255907667,3.8127553,-0.78392023
33492.6255908142,3.8126767,-0.78411743
33493.6255908617,3.8126373,-0.78332843
33494.6255909092,3.8124797,-0.78392023
33495.6255909567,3.8124011,-0.78352576
33496.6255910042,3.8123617,-0.78352576
33497.6255910517,3.8123224,-0.78352576
33498.6255910992,3.8122435,-0.78549829
33499.6255911467,3.8122041,-0.78431476
33500.6255911942,3.8120861,-0.78293396
33501.6255912417,3.8119678,-0.78313123
33502.6255912892,3.8119285,-0.78352576
33503.6255913367,3.8118498,-0.78411743
33504.6255913842,3.8118892,-0.78392023
33505.6255914317,3.8117316,-0.78332843
33506.6255914792,3.8116922,-0.78372296
33507.6255915267,3.8116529,-0.78313123
33508.6255915742,3.8114166,-0.78372296
33509.6255916217,3.811456,-0.78332843
33510.6255916692,3.811456,-0.78332843
33511.6255917167,3.8113379,-0.78352576
33512.6255917642,3.8111804,-0.78470929
33513.6255918117,3.8110623,-0.78273669
33514.6255918592,3.811023,-0.78332843
33515.6255919067,3.8111017,-0.78510376
33516.6255919542,3.811023,-0.78451196
33517.6255920017,3.8108654,-0.78352576
33518.6255920492,3.8108261,-0.78194769
33519.6255920967,3.8107474,-0.78352576
33520.6255921442,3.8106291,-0.78392023
33521.6255921917,3.8105898,-0.78411743
33522.6255922392,3.8104324,-0.78313123
33523.6255922867,3.8104324,-0.78332843
33524.6255923342,3.8105111,-0.78372296
33525.6255923816,3.8103142,-0.78411743
33526.6255924291,3.8101568,-0.78313123
33527.6255924766,3.8101568,-0.78332843
33528.6255925241,3.8101568,-0.78530096
33529.6255925716,3.8100779,-0.78293396
33530.6255926191,3.8099205,-0.78293396
33531.6255926666,3.8099205,-0.78372296
33532.6255927141,3.8098416,-0.78372296
33533.6255927616,3.809763,-0.78293396
33534.6255928091,3.8097236,-0.78234222
33535.6255928566,3.8096449,-0.78392023
33536.6255929041,3.8095267,-0.78313123
33537.6255929516,3.809448,-0.78372296
33538.6255929991,3.8092511,-0.78372296
33539.6255930466,3.8093693,-0.78273669
33540.6255930941,3.8092511,-0.78313123
33541.6255931416,3.8092511,-0.78352576
33542.6255931891,3.8091331,-0.78431476
33543.6255932366,3.8091724,-0.78510376
33544.6255932841,3.8090148,-0.78392023
33545.6255933316,3.8089755,-0.78411743
33546.6255933791,3.8088968,-0.78411743
33547.6255934266,3.8088181,-0.78352576
33548.6255934741,3.8086998,-0.78194769
33549.6255935216,3.8086998,-0.78332843
33550.6255935691,3.8085425,-0.78411743
33551.6255936166,3.8084636,-0.78411743
33552.6255936641,3.8084636,-0.78431476
33553.6255937116,3.8083456,-0.78431476
33554.6255937591,3.8084242,-0.78372296
33555.6255938066,3.8081486,-0.78392023
33556.6255938541,3.8081486,-0.78352576
33557.6255939016,3.8081093,-0.78372296
33558.6255939491,3.8080699,-0.78313123
33559.6255939966,3.8079913,-0.78352576
33560.6255940441,3.807873,-0.78293396
33561.6255940916,3.8077157,-0.78431476
33562.6255941391,3.8077157,-0.78293396
33563.6255941866,3.8076367,-0.78431476
33564.625594234,3.8075581,-0.78332843
33565.6255942815,3.8075581,-0.78273669
33566.625594329,3.8075187,-0.78392023
33567.6255943765,3.8073611,-0.78609003
33568.625594424,3.8074005,-0.78431476
33569.6255944715,3.8073611,-0.78352576
33570.625594519,3.8072038,-0.78352576
33571.6255945665,3.8070855,-0.78510376
33572.625594614,3.8069675,-0.78411743
33573.6255946615,3.8070462,-0.78411743
33574.625594709,3.8069282,-0.78352576
33575.6255947565,3.8067312,-0.78352576
33576.625594804,3.8067312,-0.78411743
33577.6255948515,3.8066919,-0.7856955
33578.625594899,3.8066919,-0.78510376
33579.6255949465,3.806613,-0.78530096
33580.625594994,3.8065343,-0.78530096
33581.6255950415,3.8063769,-0.78332843
33582.625595089,3.8063769,-0.78352576
33583.6255951365,3.8063769,-0.78293396
33584.625595184,3.8062193,-0.78392023
33585.6255952315,3.80618,-0.78313123
33586.625595279,3.8061407,-0.78313123
33587.6255953265,3.8060617,-0.78490649
33588.625595374,3.8059044,-0.78372296
33589.6255954215,3.8059044,-0.78332843
33590.625595469,3.805865,-0.78253943
33591.6255955165,3.8058257,-0.78332843
33592.625595564,3.8057468,-0.78234222
33593.6255956115,3.8056681,-0.78332843
33594.625595659,3.8056681,-0.78392023
33595.6255957065,3.8055105,-0.78470929
33596.625595754,3.8053925,-0.78352576
33597.6255958015,3.8054712,-0.78392023
33598.625595849,3.8053532,-0.78470929
33599.6255958965,3.8053138,-0.78352576
33600.625595944,3.8052745,-0.78451196
33601.6255959915,3.8051169,-0.78411743
33602.625596039,3.8050776,-0.7866817
33603.6255960864,3.8049989,-0.78273669
33604.6255961339,3.8048806,-0.78293396
33605.6255961814,3.80492,-0.78332843
33606.6255962289,3.8048019,-0.78352576
33607.6255962764,3.8047626,-0.78392023
33608.6255963239,3.8046443,-0.78411743
33609.6255963714,3.804605,-0.78411743
33610.6255964189,3.8044474,-0.78273669
33611.6255964664,3.8045263,-0.78431476
33612.6255965139,3.8043687,-0.78392023
33613.6255965614,3.8044081,-0.78392023
33614.6255966089,3.8042507,-0.78352576
33615.6255966564,3.8041718,-0.78411743
33616.6255967039,3.8041718,-0.78313123
33617.6255967514,3.8040144,-0.78352576
33618.6255967989,3.8039751,-0.78352576
33619.6255968464,3.8039751,-0.78332843
33620.6255968939,3.8038568,-0.78253943
33621.6255969414,3.8038175,-0.78313123
33622.6255969889,3.8036602,-0.78470929
33623.6255970364,3.8036602,-0.78332843
33624.6255970839,3.8036602,-0.78372296
33625.6255971314,3.8035419,-0.78332843
33626.6255971789,3.8033845,-0.78313123
33627.6255972264,3.8034632,-0.78470929
33628.6255972739,3.803345,-0.78332843
33629.6255973214,3.8032269,-0.78510376
33630.6255973689,3.8032269,-0.78293396
33631.6255974164,3.8031876,-0.78293396
33632.6255974639,3.8031483,-0.78411743
33633.6255975114,3.80303,-0.78332843
33634.6255975589,3.80303,-0.7821449
33635.6255976064,3.802912,-0.78411743
33636.6255976539,3.802912,-0.78332843
33637.6255977014,3.8026364,-0.78293396
33638.6255977489,3.8026757,-0.78431476
33639.6255977964,3.8025575,-0.78372296
33640.6255978439,3.8025575,-0.78392023
33641.6255978914,3.8024788,-0.78332843
33642.6255979389,3.8024395,-0.78431476
33643.6255979863,3.8022819,-0.78392023
33644.6255980338,3.8023214,-0.78332843
33645.6255980813,3.8022425,-0.78352576
33646.6255981288,3.8021245,-0.78392023
33647.6255981763,3.8020458,-0.78372296
33648.6255982238,3.8020458,-0.78352576
33649.6255982713,3.8019669,-0.78451196
33650.6255983188,3.8019669,-0.78352576
33651.6255983663,3.8019669,-0.78372296
33652.6255984138,3.8016913,-0.78332843
33653.6255984613,3.8017702,-0.78352576
33654.6255985088,3.8016913,-0.78293396
33655.6255985563,3.801455,-0.78352576
33656.6255986038,3.8015733,-0.78352576
33657.6255986513,3.8014946,-0.78372296
33658.6255986988,3.8013763,-0.78392023
33659.6255987463,3.801337,-0.78253943
33660.6255987938,3.801337,-0.78392023
33661.6255988413,3.8011401,-0.78352576
33662.6255988888,3.8011794,-0.78470929
33663.6255989363,3.8010221,-0.78332843
33664.6255989838,3.8010614,-0.78372296
33665.6255990313,3.8009827,-0.78293396
33666.6255990788,3.8009431,-0.78372296
33667.6255991263,3.8008251,-0.78392023
33668.6255991738,3.8007464,-0.78332843
33669.6255992213,3.8007858,-0.78411743
33670.6255992688,3.8006675,-0.78392023
33671.6255993163,3.8006282,-0.78490649
33672.6255993638,3.8004315,-0.78313123
33673.6255994113,3.8003919,-0.78352576
33674.6255994588,3.8003919,-0.78372296
33675.6255995063,3.8001952,-0.78332843
33676.6255995538,3.8002346,-0.78234222
33677.6255996013,3.8001559,-0.78332843
33678.6255996488,3.800077,-0.78273669
33679.6255996963,3.7999983,-0.78372296
33680.6255997438,3.7999589,-0.78411743
33681.6255997913,3.7998803,-0.78273669
33682.6255998387,3.7998407,-0.78470929
33683.6255998862,3.7998013,-0.78372296
33684.6255999337,3.7998407,-0.78352576
33685.6255999812,3.7996047,-0.78313123
33686.6256000287,3.7996047,-0.78372296
33687.6256000762,3.7994864,-0.78392023
33688.6256001237,3.7996047,-0.78451196
33689.6256001712,3.7994077,-0.78352576
33690.6256002187,3.7993684,-0.78392023
33691.6256002662,3.7992895,-0.78392023
33692.6256003137,3.7992895,-0.78431476
33693.6256003612,3.7992108,-0.78392023
33694.6256004087,3.7990928,-0.78332843
33695.6256004562,3.7990532,-0.78392023
33696.6256005037,3.7989352,-0.78470929
33697.6256005512,3.7988172,-0.78253943
33698.6256005987,3.7989352,-0.78392023
33699.6256006462,3.7988565,-0.78372296
33700.6256006937,3.7987382,-0.78273669
33701.6256007412,3.7987776,-0.78352576
33702.6256007887,3.7985415,-0.78411743
33703.6256008362,3.798502,-0.78431476
33704.6256008837,3.798502,-0.78411743
33705.6256009312,3.798384,-0.78293396
33706.6256009787,3.7983053,-0.78372296
33707.6256010262,3.7982659,-0.78431476
33708.6256010737,3.798187,-0.78451196
33709.6256011212,3.7981477,-0.78372296
33710.6256011687,3.798069,-0.78332843
33711.6256012162,3.7979114,-0.78332843
33712.6256012637,3.7978721,-0.78293396
33713.6256013112,3.7978721,-0.78431476
33714.6256013587,3.7978327,-0.78431476
33715.6256014062,3.7977147,-0.78253943
33716.6256014537,3.7977147,-0.78392023
33717.6256015012,3.7975965,-0.78313123
33718.6256015487,3.7975571,-0.78411743
33719.6256015962,3.7974784,-0.78332843
33720.6256016437,3.7974389,-0.78352576
33721.6256016911,3.7973602,-0.78411743
33722.6256017386,3.7973208,-0.78372296
33723.6256017861,3.7972422,-0.78253943
33724.6256018336,3.7971632,-0.78273669
33725.6256018811,3.7970059,-0.78352576
33726.6256019286,3.7971239,-0.78451196
33727.6256019761,3.7969272,-0.78411743
33728.6256020236,3.7968876,-0.78332843
33729.6256020711,3.7968876,-0.78352576
33730.6256021186,3.7967303,-0.78411743
33731.6256021661,3.7968876,-0.78392023
33732.6256022136,3.7966909,-0.78470929
33733.6256022611,3.796494,-0.78313123
33734.6256023086,3.7965727,-0.78431476
33735.6256023561,3.7964153,-0.78372296
33736.6256024036,3.7963364,-0.78451196
33737.6256024511,3.796376,-0.78352576
33738.6256024986,3.796376,-0.78372296
33739.6256025461,3.7962971,-0.78372296
33740.6256025936,3.7962184,-0.78392023
33741.6256026411,3.7960608,-0.78313123
33742.6256026886,3.7961004,-0.78332843
33743.6256027361,3.7959821,-0.78293396
33744.6256027836,3.7959428,-0.78273669
33745.6256028311,3.7959034,-0.78293396
33746.6256028786,3.7957852,-0.78372296
33747.6256029261,3.7957852,-0.78392023
33748.6256029736,3.7957065,-0.78293396
33749.6256030211,3.7956672,-0.78234222
33750.6256030686,3.7955489,-0.78293396
33751.6256031161,3.7954702,-0.78470929
33752.6256031636,3.7953522,-0.78411743
33753.6256032111,3.7953522,-0.78253943
33754.6256032586,3.7953129,-0.78332843
33755.6256033061,3.7953129,-0.78372296
33756.6256033536,3.7951553,-0.78293396
33757.6256034011,3.795234,-0.78352576
33758.6256034486,3.7950766,-0.78352576
33759.6256034961,3.7949977,-0.78411743
33760.6256035435,3.794919,-0.78332843
33761.625603591,3.794919,-0.78372296
33762.6256036385,3.794801,-0.78411743
33763.625603686,3.794801,-0.78352576
33764.6256037335,3.7946041,-0.78313123
33765.625603781,3.7945647,-0.78313123
33766.6256038285,3.7945254,-0.78253943
33767.625603876,3.7945254,-0.78293396
33768.6256039235,3.7944465,-0.78411743
33769.625603971,3.7943285,-0.78313123
33770.6256040185,3.7943678,-0.78313123
33771.625604066,3.7942891,-0.78372296
33772.6256041135,3.7942104,-0.7858927
33773.625604161,3.7940922,-0.78392023
33774.6256042085,3.7940922,-0.78253943
33775.625604256,3.7940135,-0.78549829
33776.6256043035,3.7939348,-0.78293396
33777.625604351,3.7939348,-0.78332843
33778.6256043985,3.7937772,-0.78372296
33779.625604446,3.7938166,-0.78372296
33780.6256044935,3.793659,-0.78234222
33781.625604541,3.793659,-0.78313123
33782.6256045885,3.7935803,-0.78332843
33783.625604636,3.793541,-0.78470929
33784.6256046835,3.7934229,-0.78332843
33785.625604731,3.7933834,-0.78293396
33786.6256047785,3.793344,-0.78372296
33787.625604826,3.793226,-0.78273669
33788.6256048735,3.7932653,-0.78253943
33789.625604921,3.7932653,-0.78372296
33790.6256049685,3.7929897,-0.78273669
33791.625605016,3.7929897,-0.78431476
33792.6256050635,3.7930684,-0.78431476
33793.625605111,3.7929111,-0.78470929
33794.6256051585,3.7927928,-0.78372296
33795.625605206,3.7928717,-0.78411743
33796.6256052535,3.7927141,-0.78273669
33797.625605301,3.7927535,-0.78411743
33798.6256053485,3.7926354,-0.78313123
33799.625605396,3.7925565,-0.78411743
33800.6256054434,3.7924778,-0.78273669
33801.6256054909,3.7923205,-0.78451196
33802.6256055384,3.7924385,-0.78372296
33803.6256055859,3.7923598,-0.78234222
33804.6256056334,3.7923205,-0.78392023
33805.6256056809,3.7922809,-0.78372296
33806.6256057284,3.7921629,-0.78470929
33807.6256057759,3.7921629,-0.78293396
33808.6256058234,3.7920053,-0.78313123
33809.6256058709,3.7920449,-0.78332843
33810.6256059184,3.7919266,-0.78332843
33811.6256059659,3.791769,-0.78411743
33812.6256060134,3.7918479,-0.78293396
33813.6256060609,3.791769,-0.78253943
33814.6256061084,3.7916903,-0.78431476
33815.6256061559,3.7916117,-0.78352576
33816.6256062034,3.7916117,-0.78352576
33817.6256062509,3.7914541,-0.78352576
33818.6256062984,3.7914541,-0.78372296
33819.6256063459,3.7912967,-0.78313123
33820.6256063934,3.7912967,-0.78392023
33821.6256064409,3.7912574,-0.78234222
33822.6256064884,3.7911391,-0.78392023
33823.6256065359,3.7912178,-0.78372296
33824.6256065834,3.7910211,-0.78352576
33825.6256066309,3.7909818,-0.78293396
33826.6256066784,3.7909029,-0.78411743
33827.6256067259,3.7908635,-0.78273669
33828.6256067734,3.7908635,-0.78293396
33829.6256068209,3.7908242,-0.78332843
33830.6256068684,3.7905879,-0.78293396
33831.6256069159,3.7908242,-0.78313123
33832.6256069634,3.7905092,-0.78431476
33833.6256070109,3.7905879,-0.78293396
33834.6256070584,3.7904699,-0.78293396
33835.6256071059,3.7903123,-0.78273669
33836.6256071534,3.790273,-0.78234222
33837.6256072009,3.7903123,-0.78470929
33838.6256072484,3.790273,-0.78313123
33839.6256072958,3.7901943,-0.78253943
33840.6256073433,3.7901943,-0.78352576
33841.6256073908,3.790076,-0.78411743
33842.6256074383,3.7900367,-0.78332843
33843.6256074858,3.789958,-0.78372296
33844.6256075333,3.7898397,-0.78490649
33845.6256075808,3.7898004,-0.78411743
33846.1836076073,3.7898004,-0.78392023
33846.1856076074,3.7897611,-0.78273669
33846.2296076095,3.8456326,0
33906.2296104594,3.8884714,0
33966.2296133092,3.8961885,0
34026.2296161591,3.9002836,0
34086.2296190089,3.9026458,0
34146.2296218588,3.9044571,0
34206.2296247086,3.9056778,0
34266.2296275585,3.906662,0
34326.2296304083,3.9076464,0
34386.2296332581,3.9085913,0
34446.229636108,3.9090245,0
34506.2296389578,3.909812,0
34566.2296418077,3.9105206,0
34626.2296446575,3.9110324,0
34686.2296475074,3.9116626,0
34746.2296503572,3.9121349,0
34806.2296532071,3.9124105,0
34866.2296560569,3.9132769,0
34926.2296589068,3.9136312,0
34986.2296617566,3.9141037,0
35046.2296646065,3.914458,0
35106.2296674563,3.9150486,0
35166.2296703062,3.9155211,0
35226.229673156,3.9159148,0
35286.2296760059,3.91623,0
35346.2296788557,3.9165449,0
35406.2296817055,3.9170961,0
35466.2296845554,3.9175687,0
35526.2296874052,3.9178836,0
35586.2296902551,3.9181592,0
35646.2296931049,3.9185529,0
35706.2296959548,3.9188678,0
35766.2296988046,3.9189861,0
35826.2297016545,3.9192617,0
35886.2297045043,3.9196553,0
35946.2297073542,3.9198129,0
36006.229710204,3.9200099,0
36066.2297130539,3.9203641,0
36126.2297159037,3.9204822,0
36186.2297187536,3.9205611,0
36246.2297216034,3.9207578,0
36306.2297244533,3.9208367,0
36366.2297273031,3.921073,0
36426.2297301529,3.9211516,0
36486.2297330028,3.9212697,0
36546.2297358526,3.921309,0
36606.2297387025,3.9215059,0
36666.2297415523,3.9215846,0
36726.2297444022,3.9216242,0
36786.229747252,3.9218209,0
36846.2297501019,3.9218209,0
36906.2297529517,3.9218209,0
36966.2297558016,3.9217815,0
37026.2297586514,3.9218998,0
37086.2297615013,3.9219785,0
37146.2297643511,3.9220178,0
37206.229767201,3.9219785,0
37266.2297700508,3.9220572,0
37326.2297729007,3.9220965,0
37386.2297757505,3.9220965,0
37446.2677786022,3.9220965,0
37446.2697786022,3.6529763,-5.0812915
37446.369778607,3.4916618,-5.2846602
37446.4697786117,3.4760303,-5.282687
37446.5697786165,3.4684706,-5.2905776
37446.6697786212,3.4639819,-5.289394
37446.769778626,3.46032,-5.2862378
37446.8697786307,3.4578395,-5.2870269
37446.9697786355,3.4557526,-5.2850542
37447.0697786402,3.4537446,-5.2866323
37447.169778645,3.4522879,-5.2866323
37447.2697786497,3.4513035,-5.2747974
37447.3697786545,3.4496105,-5.2880137
37447.4697786592,3.4485474,-5.3081328
37447.569778664,3.4472873,-5.2895913
37447.6697786687,3.4465392,-5.2878164
37447.7697786735,3.445555,-5.2878164
37447.8697786782,3.4448855,-5.2844629
37447.969778683,3.4433501,-5.3030044
37448.0697786877,3.4431531,-5.2868296
37448.1697786925,3.4426019,-5.2876187
37448.2697786972,3.4418931,-5.2852515
37448.369778702,3.4411843,-5.28821
37448.4697787067,3.440712,-5.2747974
37448.5697787115,3.4399638,-5.2858433
37448.6697787162,3.4393733,-5.2872241
37448.769778721,3.4389007,-5.2870269
37448.8697787257,3.4383888,-5.2854487
37448.9697787305,3.4377983,-5.2868296
37449.0697787352,3.437247,-5.28821
37449.16977874,3.4368532,-5.2858433
37449.2697787447,3.4366958,-5.2775586
37449.3697787495,3.4357507,-5.2868296
37449.4697787542,3.4353178,-5.2870269
37449.569778759,3.4349239,-5.2884072
37449.6697787637,3.4344516,-5.2854487
37449.7697787685,3.433979,-5.2876187
37449.8697787732,3.4336641,-5.2870269
37449.969778778,3.4333885,-5.2858433
37450.0697787827,3.4328372,-5.2923525
37450.1697787875,3.432404,-5.2923525
37450.2697787922,3.4321678,-5.289394
37450.369778797,3.4316559,-5.2878164
37450.4697788017,3.4313409,-5.2862378
37450.5697788065,3.4309077,-5.2878164
37450.6697788112,3.4306717,-5.2866323
37450.769778816,3.4302385,-5.2888022
37450.8697788207,3.4298446,-5.2870269
37450.9697788255,3.4295297,-5.2888022
37451.0697788302,3.429136,-5.2862378
37451.169778835,3.4288604,-5.2878164
37451.2697788397,3.4285455,-5.2895913
37451.3697788445,3.4283092,-5.2866323
37451.4697788492,3.4279547,-5.2868296
37451.569778854,3.427561,-5.2897886
37451.6697788587,3.4267342,-5.297481
37451.7697788635,3.4270885,-5.2868296
37451.8697788682,3.4267735,-5.2868296
37451.969778873,3.4264193,-5.2878164
37452.0697788777,3.4261436,-5.2878164
37452.1697788825,3.4257104,-5.2937339
37452.2697788872,3.4254348,-5.2888022
37452.369778892,3.4253168,-5.2860405
37452.4697788967,3.4249623,-5.2941284
37452.5697789015,3.4247262,-5.28821
37452.6697789062,3.4244504,-5.2891968
37452.769778911,3.4241748,-5.2803203
37452.8697789157,3.4240174,-5.2868296
37452.9697789205,3.4236631,-5.2872241
37453.0697789252,3.4232299,-5.2943252
37453.16977893,3.4231119,-5.2874214
37453.2697789347,3.4228756,-5.2866323
37453.3697789395,3.4226,-5.2874214
37453.4697789442,3.4227967,-5.2765723
37453.569778949,3.4226,-5.2751919
37453.6697789537,3.4218912,-5.288605
37453.7697789585,3.4217336,-5.2897886
37453.8697789632,3.4214187,-5.2878164
37453.969778968,3.4214187,-5.2822925
37454.0697789727,3.4210644,-5.2866323
37454.1697789775,3.4207101,-5.2866323
37454.2697789822,3.4205525,-5.2899858
37454.369778987,3.4203949,-5.2846602
37454.4697789917,3.4200406,-5.2878164
37454.5697789965,3.4198437,-5.288605
37454.6697790012,3.4197257,-5.2844629
37454.769779006,3.4196076,-5.2850542
37454.8697790107,3.4193714,-5.2818979
37454.9697790155,3.4189382,-5.2880137
37455.0697790202,3.4189382,-5.2850542
37455.169779025,3.4187806,-5.2846602
37455.2697790297,3.4184263,-5.2872241
37455.3697790345,3.4174025,-5.3039907
37455.4697790392,3.418072,-5.2884072
37455.569779044,3.4182293,-5.2742056
37455.6697790487,3.4175208,-5.2895913
37455.7697790535,3.4174025,-5.2789395
37455.8697790582,3.4172451,-5.2840684
37455.969779063,3.4168513,-5.2891968
37456.0697790677,3.4167726,-5.2870269
37456.1697790725,3.4167726,-5.2854487
37456.2697790772,3.4159064,-5.2994541
37456.369779082,3.4165757,-5.2759805
37456.4697790867,3.4156308,-5.288605
37456.5697790915,3.4158671,-5.2878164
37456.6697790962,3.4159064,-5.2811094
37456.769779101,3.4156308,-5.2820952
37456.8697791057,3.4153552,-5.2807148
37456.9697791105,3.414804,-5.2945225
37457.0697791152,3.414489,-5.2951143
37457.16977912,3.4149613,-5.2809121
37457.2697791247,3.4147646,-5.2805176
37457.3697791295,3.414607,-5.2824897
37457.4697791342,3.4141738,-5.2876187
37457.569779139,3.4141738,-5.28821
37457.6697791437,3.4140558,-5.285646
37457.7697791485,3.4137802,-5.2864351
37457.8697791532,3.4135833,-5.2858433
37457.969779158,3.4134259,-5.2858433
37458.0697791627,3.4125991,-5.3039907
37458.1697791675,3.4127958,-5.2903804
37458.2697791722,3.4123235,-5.2996514
37458.369779177,3.4126778,-5.2870269
37458.4697791817,3.4121659,-5.294917
37458.5697791865,3.4123235,-5.2884072
37458.6697791912,3.4124022,-5.2870269
37458.769779196,3.4121659,-5.2878164
37458.8697792007,3.4113784,-5.2988623
37458.9697792055,3.4117723,-5.2872241
37459.0697792102,3.411654,-5.2864351
37459.169779215,3.411536,-5.2858433
37459.2697792197,3.4113784,-5.2903804
37459.3697792245,3.4111028,-5.2862378
37459.4697792292,3.4113784,-5.2783481
37459.569779234,3.4109452,-5.2864351
37459.6697792387,3.4109452,-5.2820952
37459.7697792435,3.4105909,-5.2874214
37459.8697792482,3.4105515,-5.2884072
37459.969779253,3.4103546,-5.2876187
37460.0697792577,3.4104729,-5.2767695
37460.1697792625,3.4103153,-5.2781509
37460.2697792672,3.4099216,-5.2878164
37460.369779272,3.4098427,-5.2878164
37460.4697792767,3.4096065,-5.2880137
37460.5697792815,3.4094491,-5.2889995
37460.6697792862,3.4093704,-5.2864351
37460.769779291,3.4087403,-5.3051743
37460.8697792957,3.4092128,-5.2846602
37460.9697793005,3.4088979,-5.2878164
37461.0697793052,3.4088585,-5.2872241
37461.16977931,3.4086616,-5.2872241
37461.2697793147,3.4088979,-5.280123
37461.3697793195,3.4081891,-5.2937339
37461.4697793242,3.408386,-5.2868296
37461.569779329,3.4083467,-5.2874214
37461.6697793337,3.408386,-5.2799258
37461.7697793385,3.4081104,-5.2870269
37461.8697793432,3.4079528,-5.28821
37461.969779348,3.4078348,-5.2884072
37462.0697793527,3.4076772,-5.2858433
37462.1697793575,3.4074805,-5.2797285
37462.2697793622,3.4075198,-5.2884072
37462.369779367,3.4072835,-5.2874214
37462.4697793717,3.4072049,-5.289394
37462.5697793765,3.4070866,-5.2842656
37462.6697793812,3.4070079,-5.2874214
37462.769779386,3.4069293,-5.2876187
37462.8697793907,3.4067717,-5.2864351
37462.9697793955,3.406693,-5.28821
37463.0697794002,3.4059448,-5.3059634
37463.169779405,3.406496,-5.2880137
37463.2697794097,3.4062204,-5.2872241
37463.3697794145,3.4061811,-5.2889995
37463.4697794192,3.4060235,-5.28821
37463.569779424,3.4060235,-5.2878164
37463.6697794287,3.4059448,-5.2874214
37463.7697794335,3.4057086,-5.2925498
37463.8697794382,3.4058661,-5.282687
37463.969779443,3.4056299,-5.288605
37464.0697794477,3.4055905,-5.2844629
37464.1697794525,3.4053543,-5.2874214
37464.2697794572,3.405236,-5.2874214
37464.3697794619,3.405236,-5.2860405
37464.4697794667,3.4052753,-5.2828843
37464.5697794714,3.4049997,-5.2872241
37464.6697794762,3.4053543,-5.2803203
37464.7697794809,3.4050786,-5.2838711
37464.8697794857,3.4049211,-5.2832793
37464.9697794904,3.4049997,-5.2722329
37465.0697794952,3.4045668,-5.2903804
37465.1697794999,3.4043305,-5.2895913
37465.2697795047,3.4057479,-5.2444199
37465.3697795094,3.4048424,-5.2822925
37465.4697795142,3.4042518,-5.2909722
37465.5697795189,3.4047241,-5.2680908
37465.6697795237,3.4044881,-5.2653291
37465.7697795284,3.4040549,-5.270063
37465.8697795332,3.4026768,-5.3229268
37465.9697795379,3.4031494,-5.3252944
37466.0697795427,3.4033854,-5.2970869
37466.1697795474,3.403543,-5.2844629
37466.2697795522,3.4033461,-5.2947197
37466.3697795569,3.4026768,-5.3134585
37466.4697795617,3.4029524,-5.2769668
37466.5697795664,3.4022436,-5.3146426
37466.6697795712,3.4037399,-5.2665122
37466.7697795759,3.4042122,-5.2572412
37466.8697795807,3.4038973,-5.2746001
37466.9697795854,3.4029131,-5.3106973
37467.0697795902,3.4022043,-5.3304229
37467.1697795949,3.4018893,-5.307541
37467.2697795997,3.4029918,-5.2688799
37467.3697796044,3.4039762,-5.2505352
37467.4697796092,3.4028342,-5.2288369
37467.5697796139,3.4027948,-5.2996514
37467.6697796187,3.4024799,-5.297481
37467.7697796234,3.4015744,-5.2937339
37467.8697796282,3.402283,-5.2803203
37467.9697796329,3.4025981,-5.2688799
37468.0697796377,3.4032674,-5.2463926
37468.1697796424,3.4013774,-5.3195737
37468.2697796472,3.4016924,-5.3187852
37468.3697796519,3.4011805,-5.3087251
37468.4697796567,3.4024799,-5.2635537
37468.5697796614,3.401535,-5.3091196
37468.6697796662,3.4020863,-5.3201655
37468.7697796709,3.4017711,-5.2923525
37468.8697796757,3.4016531,-5.2742056
37468.9697796804,3.4020467,-5.2947197
37469.0697796852,3.4011805,-5.2765723
37469.1697796899,3.4011412,-5.2909722
37469.2697796947,3.4010625,-5.2929443
37469.3697796994,3.4012988,-5.2797285
37469.4697797042,3.4010625,-5.2880137
37469.5697797089,3.4010625,-5.2947197
37469.6697797137,3.4006293,-5.2994541
37469.7697797184,3.4011018,-5.2742056
37469.8697797232,3.4007869,-5.2862378
37469.9697797279,3.4008656,-5.2836738
37470.0697797327,3.4005899,-5.2931421
37470.1697797374,3.4007082,-5.2746001
37470.2697797422,3.4005506,-5.2872241
37470.3697797469,3.4007475,-5.2925498
37470.4697797517,3.4005113,-5.2884072
37470.5697797564,3.4003537,-5.2921553
37470.6697797612,3.4005506,-5.2805176
37470.7697797659,3.4005899,-5.279334
37470.8697797707,3.4003143,-5.2862378
37470.9697797754,3.4001963,-5.2889995
37471.0697797802,3.3999207,-5.2909722
37471.1697797849,3.4001567,-5.2866323
37471.2697797897,3.3998811,-5.2909722
37471.3697797944,3.39996,-5.2846602
37471.4697797992,3.39996,-5.2848574
37471.5697798039,3.3998418,-5.2891968
37471.6697798087,3.3998024,-5.2862378
37471.7697798134,3.3996844,-5.289394
37471.8697798182,3.39996,-5.2911694
37471.9697798229,3.3995662,-5.2925498
37472.0697798277,3.3996451,-5.2874214
37472.1697798324,3.3996451,-5.2939312
37472.2697798372,3.3995662,-5.2870269
37472.3697798419,3.3995268,-5.2888022
37472.4697798467,3.3995662,-5.2870269
37472.5697798514,3.3992906,-5.2876187
37472.6697798562,3.3993299,-5.2889995
37472.7697798609,3.3993299,-5.2889995
37472.8697798657,3.3994482,-5.2901831
37472.9697798704,3.3992906,-5.2874214
37473.0697798752,3.3992906,-5.2888022
37473.1697798799,3.3992906,-5.2905776
37473.2697798847,3.3990543,-5.2870269
37473.3697798894,3.3991725,-5.2824897
37473.4697798942,3.3989363,-5.2911694
37473.5697798989,3.3989363,-5.2899858
37473.6697799037,3.3989363,-5.2897886
37473.7697799084,3.3987787,-5.2864351
37473.8697799132,3.3987787,-5.2897886
37473.9697799179,3.3990543,-5.2876187
37474.0697799227,3.3988969,-5.2832793
37474.1697799274,3.3988576,-5.2895913
37474.2697799322,3.3986607,-5.2874214
37474.3697799369,3.3987,-5.2888022
37474.4697799417,3.3986213,-5.2858433
37474.5697799464,3.3986607,-5.2868296
37474.6697799512,3.3985424,-5.291958
37474.7697799559,3.3985424,-5.2876187
37474.8697799607,3.3986213,-5.2876187
37474.9697799654,3.3984637,-5.2889995
37475.0697799702,3.3982668,-5.2813066
37475.1697799749,3.3984244,-5.2888022
37475.2697799797,3.3984244,-5.2888022
37475.3697799844,3.3983457,-5.289394
37475.4697799892,3.3982668,-5.28821
37475.5697799939,3.3981488,-5.2905776
37475.6697799987,3.3982275,-5.2868296
37475.7697800034,3.3982275,-5.2889995
37475.8697800082,3.3982275,-5.289394
37475.9697800129,3.3981094,-5.28821
37476.0697800177,3.3980701,-5.2911694
37476.1697800224,3.3981094,-5.2872241
37476.2677800271,3.3980308,-5.289394
37476.3117800292,3.7327085,0
37476.4117800339,3.7803113,0
37476.5117800387,3.7894855,0
37476.6117800434,3.7940135,0
37476.7117800482,3.7968483,0
37476.8117800529,3.7990928,0
37476.9117800577,3.8009038,0
37477.0117800624,3.8022819,0
37477.1117800672,3.8035026,0
37477.2117800719,3.8045657,0
37477.3117800767,3.8056681,0
37477.4117800814,3.8064556,0
37477.5117800862,3.8073611,0
37477.6117800909,3.8080306,0
37477.7117800957,3.8087788,0
37477.8117801004,3.8094873,0
37477.9117801052,3.8101568,0
37478.0117801099,3.8107474,0
37478.1117801147,3.8111804,0
37478.2117801194,3.8118892,0
37478.3117801242,3.8124011,0
37478.4117801289,3.8127947,0
37478.5117801337,3.8133066,0
37478.6117801384,3.8137791,0
37478.7117801432,3.8143303,0
37478.8117801479,3.8147635,0
37478.9117801527,3.8149602,0
37479.0117801574,3.8154721,0
37479.1117801622,3.815984,0
37479.2117801669,3.8162596,0
37479.3117801717,3.8166535,0
37479.4117801764,3.8170471,0
37479.5117801812,3.8175197,0
37479.6117801859,3.8177166,0
37479.7117801907,3.8181496,0
37479.8117801954,3.8183858,0
37479.9117802002,3.818819,0
37480.0117802049,3.8190947,0
37480.1117802097,3.8193309,0
37480.2117802144,3.8197639,0
37480.3117802192,3.8200395,0
37480.4117802239,3.8203151,0
37480.5117802287,3.8206301,0
37480.6117802334,3.8209453,0
37480.7117802382,3.8214176,0
37480.8117802429,3.8214965,0
37480.9117802477,3.8217328,0
37481.0117802524,3.822087,0
37481.1117802572,3.8223233,0
37481.2117802619,3.8225596,0
37481.3117802667,3.8228745,0
37481.4117802714,3.8230712,0
37481.5117802762,3.8233864,0
37481.6117802809,3.823662,0
37481.7117802857,3.8238983,0
37481.8117802904,3.824095,0
37481.9117802952,3.82441,0
37482.0117802999,3.8245676,0
37482.1117803046,3.8249612,0
37482.2117803094,3.8251581,0
37482.3117803141,3.8252764,0
37482.4117803189,3.8256307,0
37482.5117803236,3.8258276,0
37482.6117803284,3.8259063,0
37482.7117803331,3.8261425,0
37482.8117803379,3.8265755,0
37482.9117803426,3.8267331,0
37483.0117803474,3.82693,0
37483.1117803521,3.8270874,0
37483.2117803569,3.8272843,0
37483.3117803616,3.8276782,0
37483.4117803664,3.8277569,0
37483.5117803711,3.8278356,0
37483.6117803759,3.8279538,0
37483.7117803806,3.8283081,0
37483.8117803854,3.8286231,0
37483.9117803901,3.8285837,0
37484.0117803949,3.828938,0
37484.1117803996,3.8291743,0
37484.2117804044,3.8292925,0
37484.3117804091,3.8295286,0
37484.4117804139,3.8297255,0
37484.5117804186,3.8298831,0
37484.6117804234,3.8300011,0
37484.7117804281,3.830198,0
37484.8117804329,3.830395,0
37484.9117804376,3.830631,0
37485.0117804424,3.830828,0
37485.1117804471,3.8310642,0
37485.2117804519,3.8310642,0
37485.3117804566,3.8313792,0
37485.4117804614,3.8315761,0
37485.5117804661,3.8316154,0
37485.6117804709,3.8319304,0
37485.7117804756,3.8319697,0
37485.8117804804,3.8322849,0
37485.9117804851,3.8324816,0
37486.0117804899,3.832521,0
37486.1117804946,3.8326786,0
37486.2117804994,3.8328362,0
37486.3117805041,3.8331118,0
37486.4117805089,3.8331118,0
37486.5117805136,3.8333085,0
37486.6117805184,3.8333874,0
37486.7117805231,3.8337023,0
37486.8117805279,3.833781,0
37486.9117805326,3.834096,0
37487.0117805374,3.8340173,0
37487.1117805421,3.8342535,0
37487.2117805469,3.8344109,0
37487.3117805516,3.8345685,0
37487.4117805564,3.8347654,0
37487.5117805611,3.8348835,0
37487.6117805659,3.8350017,0
37487.7117805706,3.8351197,0
37487.8117805754,3.8353953,0
37487.9117805801,3.8355136,0
37488.0117805849,3.8355923,0
37488.1117805896,3.8357892,0
37488.2117805944,3.8359466,0
37488.3117805991,3.8360252,0
37488.4117806039,3.8361828,0
37488.5117806086,3.8363008,0
37488.6117806134,3.8364978,0
37488.7117806181,3.836616,0
37488.8117806229,3.8366554,0
37488.9117806276,3.8368523,0
37489.0117806324,3.836931,0
37489.1117806371,3.8370883,0
37489.2117806419,3.8374035,0
37489.3117806466,3.8374035,0
37489.4117806514,3.8374429,0
37489.5117806561,3.8376396,0
37489.6117806609,3.8377578,0
37489.7117806656,3.8379152,0
37489.8117806704,3.8380334,0
37489.9117806751,3.8382697,0
37490.0117806799,3.8383877,0
37490.1117806846,3.838506,0
37490.2117806894,3.838624,0
37490.3117806941,3.8387816,0
37490.4117806989,3.8387423,0
37490.5117807036,3.8389783,0
37490.6117807084,3.8390179,0
37490.7117807131,3.8392146,0
37490.8117807179,3.8393328,0
37490.9117807226,3.8393722,0
37491.0117807274,3.8396871,0
37491.1117807321,3.8396478,0
37491.2117807369,3.8399234,0
37491.3117807416,3.8400021,0
37491.4117807464,3.8400414,0
37491.5117807511,3.8400021,0
37491.6117807559,3.840317,0
37491.7117807606,3.8404353,0
37491.8117807654,3.8405926,0
37491.9117807701,3.8406322,0
37492.0117807749,3.8407109,0
37492.1117807796,3.8409078,0
37492.2117807844,3.8410652,0
37492.3117807891,3.8411438,0
37492.4117807939,3.8412228,0
37492.5117807986,3.8413801,0
37492.6117808034,3.8414984,0
37492.7117808081,3.8416164,0
37492.8117808129,3.8416164,0
37492.9117808176,3.8418527,0
37493.0117808224,3.841892,0
37493.1117808271,3.8419707,0
37493.2117808319,3.8421676,0
37493.3117808366,3.842207,0
37493.4117808414,3.8423645,0
37493.5117808461,3.8424432,0
37493.6117808509,3.8425221,0
37493.7117808556,3.8427188,0
37493.8117808604,3.8427978,0
37493.9117808651,3.8429945,0
37494.0117808699,3.8430734,0
37494.1117808746,3.8431914,0
37494.2117808794,3.8431914,0
37494.3117808841,3.843349,0
37494.4117808889,3.8435063,0
37494.5117808936,3.8435063,0
37494.6117808984,3.8437426,0
37494.7117809031,3.8436639,0
37494.8117809079,3.8437033,0
37494.9117809126,3.8439002,0
37495.0117809174,3.8440182,0
37495.1117809221,3.8441365,0
37495.2117809269,3.8441758,0
37495.3117809316,3.8444121,0
37495.4117809364,3.8443725,0
37495.5117809411,3.8443725,0
37495.6117809459,3.8446481,0
37495.7117809506,3.8446481,0
37495.8117809554,3.8448844,0
37495.9117809601,3.8448844,0
37496.0117809649,3.8449633,0
37496.1117809696,3.8450813,0
37496.2117809744,3.8452783,0
37496.3117809791,3.8453176,0
37496.4117809839,3.8453963,0
37496.5117809886,3.8453176,0
37496.6117809934,3.8455539,0
37496.7117809981,3.8457112,0
37496.8117810029,3.8456719,0
37496.9117810076,3.8457901,0
37497.0117810124,3.8459082,0
37497.1117810171,3.8460658,0
37497.2117810219,3.8460658,0
37497.3117810266,3.8461838,0
37497.4117810314,3.8462231,0
37497.5117810361,3.8465381,0
37497.6117810409,3.8464987,0
37497.7117810456,3.8464987,0
37497.8117810504,3.846617,0
37497.9117810551,3.846735,0
37498.0117810599,3.8468926,0
37498.1117810646,3.8470106,0
37498.2117810694,3.8469713,0
37498.3117810741,3.8468137,0
37498.4117810789,3.8472075,0
37498.5117810836,3.8472862,0
37498.6117810884,3.8475225,0
37498.7117810931,3.8473649,0
37498.8117810979,3.8474438,0
37498.9117811026,3.8476405,0
37499.0117811074,3.8476012,0
37499.1117811121,3.8478374,0
37499.2117811169,3.8478768,0
37499.3117811216,3.847995,0
37499.4117811264,3.8481524,0
37499.5117811311,3.8480737,0
37499.6117811359,3.8482313,0
37499.7117811406,3.848428,0
37499.8117811454,3.8482313,0
37499.9117811501,3.848428,0
37500.0117811549,3.8485463,0
37500.1117811596,3.8485463,0
37500.2117811644,3.8487036,0
37500.3117811691,3.8487825,0
37500.4117811739,3.8487825,0
37500.5117811786,3.8489006,0
37500.6117811834,3.8490582,0
37500.7117811881,3.8491762,0
37500.8117811929,3.8491368,0
37500.9117811976,3.8492548,0
37501.0117812024,3.8492548,0
37501.1117812071,3.8494911,0
37501.2117812119,3.8494124,0
37501.3117812166,3.8496487,0
37501.4117812214,3.8497274,0
37501.5117812261,3.8497667,0
37501.6117812308,3.8497274,0
37501.7117812356,3.849885,0
37501.8117812403,3.8498063,0
37501.9117812451,3.850003,0
37502.0117812498,3.8500819,0
37502.1117812546,3.8501606,0
37502.2117812593,3.8501999,0
37502.3117812641,3.850318,0
37502.4117812688,3.8504755,0
37502.5117812736,3.8505542,0
37502.6117812783,3.8505149,0
37502.7117812831,3.8506331,0
37502.8117812878,3.8505542,0
37502.9117812926,3.8509481,0
37503.0117812973,3.8507905,0
37503.1117813021,3.8508692,0
37503.2117813068,3.8509481,0
37503.3117813116,3.8509874,0
37503.4117813163,3.8510661,0
37503.5117813211,3.8511055,0
37503.6117813258,3.8513417,0
37503.7117813306,3.8513811,0
37503.8117813353,3.8513417,0
37503.9117813401,3.8514206,0
37504.0117813448,3.8515387,0
37504.1117813496,3.851578,0
37504.2117813543,3.8517356,0
37504.3117813591,3.8518143,0
37504.4117813638,3.8520112,0
37504.5117813686,3.8519323,0
37504.6117813733,3.8520899,0
37504.7117813781,3.8521292,0
37504.8117813828,3.8521292,0
37504.9117813876,3.8522079,0
37505.0117813923,3.8522475,0
37505.1117813971,3.8524442,0
37505.2117814018,3.8524442,0
37505.3117814066,3.8524835,0
37505.4117814113,3.8525624,0
37505.5117814161,3.8525624,0
37505.6117814208,3.8527987,0
37505.7117814256,3.8526411,0
37505.8117814303,3.852838,0
37505.9117814351,3.852838,0
37506.0117814398,3.8529167,0
37506.1117814446,3.8530347,0
37506.2117814493,3.8529167,0
37506.3117814541,3.853153,0
37506.4117814588,3.853153,0
37506.5117814636,3.8533106,0
37506.6117814683,3.8534286,0
37506.7117814731,3.8534286,0
37506.8117814778,3.8535073,0
37506.9117814826,3.8535073,0
37507.0117814873,3.8535862,0
37507.1117814921,3.8537042,0
37507.2117814968,3.8537436,0
37507.3117815016,3.8537436,0
37507.4117815063,3.8540585,0
37507.5117815111,3.8538618,0
37507.6117815158,3.8539798,0
37507.7117815206,3.8539798,0
37507.8117815253,3.8540978,0
37507.9117815301,3.8541374,0
37508.0117815348,3.8542554,0
37508.1117815396,3.8542554,0
37508.2117815443,3.8543735,0
37508.3117815491,3.8543735,0
37508.4117815538,3.8546097,0
37508.5117815586,3.854531,0
37508.6117815633,3.8545704,0
37508.7117815681,3.8546886,0
37508.8117815728,3.8548853,0
37508.9117815776,3.854846,0
37509.0117815823,3.8548853,0
37509.1117815871,3.8549643,0
37509.2117815918,3.854846,0
37509.3117815966,3.8550429,0
37509.4117816013,3.8552792,0
37509.5117816061,3.8551216,0
37509.6117816108,3.8552005,0
37509.7117816156,3.8553579,0
37509.8117816203,3.8552792,0
37509.9117816251,3.8553579,0
37510.0117816298,3.8553972,0
37510.1117816346,3.8554366,0
37510.2117816393,3.8555548,0
37510.3117816441,3.8556335,0
37510.4117816488,3.8555942,0
37510.5117816536,3.8557122,0
37510.6117816583,3.8558698,0
37510.7117816631,3.8559091,0
37510.8117816678,3.8559878,0
37510.9117816726,3.856106,0
37511.0117816773,3.8559878,0
37511.1117816821,3.8561847,0
37511.2117816868,3.8561454,0
37511.3117816916,3.8562241,0
37511.4117816963,3.856303,0
37511.5117817011,3.856303,0
37511.6117817058,3.8563817,0
37511.7117817106,3.8564997,0
37511.8117817153,3.856539,0
37511.9117817201,3.8566179,0
37512.0117817248,3.8566179,0
37512.1117817296,3.8566573,0
37512.2117817343,3.8567359,0
37512.3117817391,3.8569329,0
37512.4117817438,3.8568146,0
37512.5117817486,3.8569722,0
37512.6117817533,3.8568542,0
37512.7117817581,3.8568935,0
37512.8117817628,3.8570116,0
37512.9117817676,3.8570509,0
37513.0117817723,3.8571692,0
37513.1117817771,3.8573265,0
37513.2117817818,3.8572872,0
37513.3117817866,3.8574054,0
37513.4117817913,3.8575628,0
37513.5117817961,3.8574054,0
37513.6117818008,3.8574448,0
37513.7117818056,3.8575628,0
37513.8117818103,3.8575234,0
37513.9117818151,3.8577204,0
37514.0117818198,3.8576021,0
37514.1117818246,3.8577991,0
37514.2117818293,3.8578384,0
37514.3117818341,3.8578777,0
37514.4117818388,3.8579173,0
37514.5117818436,3.857996,0
37514.6117818483,3.8580353,0
37514.7117818531,3.858114,0
37514.8117818578,3.8581533,0
37514.9117818626,3.8581533,0
37515.0117818673,3.8581929,0
37515.1117818721,3.8582716,0
37515.2117818768,3.8583503,0
37515.3117818816,3.8583896,0
37515.4117818863,3.8584685,0
37515.5117818911,3.8584685,0
37515.6117818958,3.8585472,0
37515.7117819006,3.8587441,0
37515.8117819053,3.8585079,0
37515.9117819101,3.8587046,0
37516.0117819148,3.8587441,0
37516.1117819196,3.8589408,0
37516.2117819243,3.8588228,0
37516.3457819307,4.0365958,0
37516.3477819308,4.0561643,3.8008486
37516.4477819355,4.1618834,3.9627939
37516.5477819403,4.1692066,3.9616104
37516.647781945,4.1730652,3.9645691
37516.7477819498,4.1758213,3.9625964
37516.8477819545,4.178184,3.9633857
37516.9477819593,4.1799951,3.9647664
37517.047781964,4.1817274,3.9645691
37517.1477819688,4.1833024,3.9651606
37517.2477819735,4.1846414,3.9641746
37517.3477819783,4.1859012,3.9647664
37517.447781983,4.1871614,3.9647664
37517.5477819878,4.1882639,3.9655554
37517.6477819925,4.1892872,3.9639773
37517.7477819973,4.190311,3.9653579
37517.847782002,4.1914134,3.9655554
37517.9477820068,4.1922402,3.9653579
37518.0477820115,4.1931853,3.9645691
37518.1477820163,4.1940908,3.9649636
37518.247782021,4.1947212,3.9661472
37518.3477820258,4.1955872,3.9647664
37518.4477820305,4.1964536,3.9657527
37518.5477820353,4.1971622,3.9649636
37518.64778204,4.1979103,3.9629912
37518.7477820448,4.1987371,3.9647664
37518.8477820495,4.1995244,3.9645691
37518.9477820543,4.2000756,3.9657527
37519.047782059,4.2007847,3.96595
37519.1477820638,4.2014537,3.9657527
37519.2477820685,4.2021232,3.9645691
37519.3477820733,4.2028713,3.9645691
37519.447782078,4.2034225,3.9633857
37519.5477820828,4.2040524,3.9655554
37519.6477820875,4.2046824,3.9651606
37519.7477820923,4.2052336,3.9639773
37519.847782097,4.2059031,3.96595
37519.9477821018,4.2063365,3.9647664
37520.0477821065,4.2070842,3.9657527
37520.1477821113,4.2077146,3.9647664
37520.247782116,4.2082262,3.9649636
37520.3477821208,4.2087774,3.9639773
37520.4477821255,4.2093682,3.9645691
37520.5477821303,4.2098799,3.96378
37520.647782135,4.2105098,3.9657527
37520.7477821398,4.2109432,3.9635828
37520.8477821445,4.2115335,3.9655554
37520.9477821493,4.2121243,3.9657527
37521.047782154,4.2124786,3.9653579
37521.1477821588,4.2131481,3.9661472
37521.2477821635,4.2135811,3.9651606
37521.3477821683,4.2140927,3.9649636
37521.447782173,4.2145262,3.9655554
37521.5477821778,4.2150378,3.9647664
37521.6477821825,4.2154317,3.9649636
37521.7477821873,4.2159829,3.9653579
37521.847782192,4.2165341,3.9643718
37521.9477821968,4.2170854,3.9647664
37522.0477822015,4.2174006,3.9651606
37522.1477822063,4.2180696,3.9645691
37522.247782211,4.2185817,3.9655554
37522.3477822158,4.2188573,3.9655554
37522.4477822205,4.2194476,3.9655554
37522.5477822253,4.2198415,3.9649636
37522.64778223,4.2203927,3.9645691
37522.7477822348,4.2207866,3.9635828
37522.8477822395,4.2212982,3.9645691
37522.9477822443,4.2218494,3.9655554
37523.047782249,4.2221251,3.96378
37523.1477822538,4.2225189,3.9653579
37523.2477822585,4.2229915,3.96595
37523.3477822633,4.2233458,3.96595
37523.447782268,4.2238574,3.9649636
37523.5477822728,4.2242513,3.9663445
37523.6477822775,4.2247634,3.9645691
37523.7477822823,4.2251177,3.9653579
37523.847782287,4.2255902,3.9657527
37523.9477822918,4.2260232,3.9645691
37524.0477822965,4.2264171,3.9649636
37524.1477823013,4.2269683,3.9657527
37524.247782306,4.2272043,3.9647664
37524.3477823108,4.2276373,3.9649636
37524.4477823155,4.2281098,3.9649636
37524.5477823203,4.228425,3.9655554
37524.647782325,4.228858,3.9651606
37524.7477823298,4.2293305,3.9645691
37524.8477823345,4.2297244,3.96595
37524.9477823393,4.2300391,3.96595
37525.047782344,4.2304726,3.9657527
37525.1477823487,4.2309055,3.9655554
37525.2477823535,4.2313385,3.9655554
37525.3477823582,4.2316537,3.9651606
37525.447782363,4.2321262,3.9653579
37525.5477823677,4.2324805,3.9649636
37525.6477823725,4.2327166,3.9643718
37525.7477823772,4.2333469,3.9653579
37525.847782382,4.233583,3.9645691
37525.9477823867,4.2340159,3.9641746
37526.0477823915,4.2344494,3.9649636
37526.1477823962,4.2346854,3.9643718
37526.247782401,4.2351184,3.9651606
37526.3457824057,4.2354336,3.9647664
37526.3897824077,3.9709594,0
37526.4897824125,3.9344993,0
37526.5897824172,3.9268608,0
37526.689782422,3.9228446,0
37526.7897824267,3.9202065,0
37526.8897824315,3.9182773,0
37526.9897824362,3.9165843,0
37527.089782441,3.9153242,0
37527.1897824457,3.9141824,0
37527.2897824505,3.9132769,0
37527.3897824552,3.9123712,0
37527.48978246,3.9116232,0
37527.5897824647,3.9107964,0
37527.6897824695,3.9102845,0
37527.7897824742,3.9097333,0
37527.889782479,3.9092607,0
37527.9897824837,3.9087489,0
37528.0897824885,3.908237,0
37528.1897824932,3.9078434,0
37528.289782498,3.9074495,0
37528.3897825027,3.9070559,0
37528.4897825075,3.906662,0
37528.5897825122,3.9064257,0
37528.689782517,3.9059138,0
37528.7897825217,3.9057171,0
37528.8897825265,3.9053626,0
37528.9897825312,3.905087,0
37529.089782536,3.9048903,0
37529.1897825407,3.9045751,0
37529.2897825455,3.9041815,0
37529.3897825502,3.9041815,0
37529.489782555,3.9038665,0
37529.5897825597,3.9036696,0
37529.6897825645,3.9033153,0
37529.7897825692,3.9031577,0
37529.889782574,3.9030004,0
37529.9897825787,3.9027247,0
37530.0897825835,3.9026065,0
37530.1897825882,3.9024096,0
37530.289782593,3.9023309,0
37530.3897825977,3.9020159,0
37530.4897826025,3.9018979,0
37530.5897826072,3.9017403,0
37530.689782612,3.9015827,0
37530.7897826167,3.9014254,0
37530.8897826215,3.9013071,0
37530.9897826262,3.9011104,0
37531.089782631,3.9009528,0
37531.1897826357,3.9007559,0
37531.2897826405,3.9006772,0
37531.3897826452,3.9005985,0
37531.48978265,3.9004409,0
37531.5897826547,3.9001653,0
37531.6897826595,3.900126,0
37531.7897826642,3.9000866,0
37531.889782669,3.9000473,0
37531.9897826737,3.8998504,0
37532.0897826785,3.8996534,0
37532.1897826832,3.8996534,0
37532.289782688,3.8995354,0
37532.3897826927,3.8992991,0
37532.4897826975,3.8992598,0
37532.5897827022,3.8991809,0
37532.689782707,3.8991416,0
37532.7897827117,3.8988659,0
37532.8897827165,3.8988659,0
37532.9897827212,3.8987873,0
37533.089782726,3.8985903,0
37533.1897827307,3.898551,0
37533.2897827355,3.8985903,0
37533.3897827402,3.8983541,0
37533.489782745,3.8983147,0
37533.5897827497,3.8983541,0
37533.6897827545,3.898236,0
37533.7897827592,3.8979998,0
37533.889782764,3.8979604,0
37533.9897827687,3.8978817,0
37534.0897827735,3.8977242,0
37534.1897827782,3.8977242,0
37534.289782783,3.8977635,0
37534.3897827877,3.8975272,0
37534.4897827925,3.8973699,0
37534.5897827972,3.8971729,0
37534.689782802,3.8973305,0
37534.7897828067,3.8971336,0
37534.8897828115,3.8972123,0
37534.9897828162,3.8970549,0
37535.089782821,3.8970549,0
37535.1897828257,3.8969367,0
37535.2897828305,3.8968186,0
37535.3897828352,3.8968186,0
37535.48978284,3.8967793,0
37535.5897828447,3.8967004,0
37535.6897828495,3.8966217,0
37535.7897828542,3.8965824,0
37535.889782859,3.8964641,0
37535.9897828637,3.8963854,0
37536.0897828685,3.8964641,0
37536.1897828732,3.8963854,0
37536.289782878,3.8963068,0
37536.3897828827,3.8960705,0
37536.4897828875,3.8962281,0
37536.5897828922,3.8960705,0
37536.689782897,3.8960311,0
37536.7897829017,3.8959918,0
37536.8897829065,3.8959918,0
37536.9897829112,3.8959525,0
37537.089782916,3.8959129,0
37537.1897829207,3.8957162,0
37537.2897829255,3.8957555,0
37537.3897829302,3.8957555,0
37537.489782935,3.8955979,0
37537.5897829397,3.8956373,0
37537.6897829445,3.8955979,0
37537.7897829492,3.8955193,0
37537.889782954,3.895401,0
37537.9897829587,3.895401,0
37538.0897829635,3.8955586,0
37538.1897829682,3.8953617,0
37538.289782973,3.895401,0
37538.3897829777,3.8953223,0
37538.4897829825,3.895165,0
37538.5897829872,3.895165,0
37538.689782992,3.8951254,0
37538.7897829967,3.8951254,0
37538.8897830015,3.8950467,0
37538.9897830062,3.8949287,0
37539.089783011,3.8948894,0
37539.1897830157,3.8947711,0
37539.2897830205,3.8948104,0
37539.3897830252,3.8948104,0
37539.48978303,3.8948498,0
37539.5897830347,3.8946531,0
37539.6897830395,3.8947318,0
37539.7897830442,3.8946531,0
37539.889783049,3.8946137,0
37539.9897830537,3.8946924,0
37540.0897830585,3.8946924,0
37540.1897830632,3.8945742,0
37540.289783068,3.8944955,0
37540.3897830727,3.8945348,0
37540.4897830775,3.8943381,0
37540.5897830822,3.8943775,0
37540.689783087,3.8943381,0
37540.7897830917,3.8943775,0
37540.8897830965,3.8942592,0
37540.9897831012,3.8943381,0
37541.089783106,3.8941805,0
37541.1897831107,3.8941805,0
37541.2897831155,3.8941019,0
37541.3897831202,3.8942199,0
37541.489783125,3.8942199,0
37541.5897831297,3.8941019,0
37541.6897831345,3.8940229,0
37541.7897831392,3.8941805,0
37541.889783144,3.8940229,0
37541.9897831487,3.8939049,0
37542.0897831535,3.8939836,0
37542.1897831582,3.8939836,0
37542.289783163,3.8940625,0
37542.3897831677,3.8938656,0
37542.4897831725,3.8938656,0
37542.5897831772,3.8937867,0
37542.689783182,3.8936293,0
37542.7897831867,3.8938262,0
37542.8897831914,3.8938262,0
37542.9897831962,3.8937473,0
37543.0897832009,3.8936293,0
37543.1897832057,3.8937867,0
37543.2897832104,3.8936687,0
37543.3897832152,3.8936293,0
37543.4897832199,3.89359,0
37543.5897832247,3.8936293,0
37543.6897832294,3.89359,0
37543.7897832342,3.8935506,0
37543.8897832389,3.8935506,0
37543.9897832437,3.893393,0
37544.0897832484,3.8934717,0
37544.1897832532,3.8934324,0
37544.2897832579,3.8935111,0
37544.3897832627,3.8934717,0
37544.4897832674,3.893393,0
37544.5897832722,3.8934324,0
37544.6897832769,3.893393,0
37544.7897832817,3.8933537,0
37544.8897832864,3.8934324,0
37544.9897832912,3.8933144,0
37545.0897832959,3.8933537,0
37545.1897833007,3.8933537,0
37545.2897833054,3.893275,0
37545.3897833102,3.8931961,0
37545.4897833149,3.893275,0
37545.5897833197,3.8933537,0
37545.6897833244,3.8931568,0
37545.7897833292,3.8932354,0
37545.8897833339,3.893393,0
37545.9897833387,3.8930387,0
37546.0897833434,3.8930387,0
37546.1897833482,3.8930781,0
37546.2897833529,3.8931568,0
37546.3897833577,3.8930781,0
37546.4897833624,3.8930387,0
37546.5897833672,3.8931568,0
37546.6897833719,3.8931174,0
37546.7897833767,3.8929994,0
37546.8897833814,3.8930781,0
37546.9897833862,3.8929994,0
37547.0897833909,3.8930781,0
37547.1897833957,3.8929205,0
37547.2897834004,3.8929994,0
37547.3897834052,3.8930387,0
37547.4897834099,3.8928812,0
37547.5897834147,3.8928812,0
37547.6897834194,3.8928812,0
37547.7897834242,3.8928812,0
37547.8897834289,3.8928418,0
37547.9897834337,3.8929205,0
37548.0897834384,3.8928812,0
37548.1897834432,3.8929205,0
37548.2897834479,3.8928812,0
37548.3897834527,3.8928418,0
37548.4897834574,3.8927631,0
37548.5897834622,3.8926842,0
37548.6897834669,3.8927631,0
37548.7897834717,3.8928418,0
37548.8897834764,3.8927631,0
37548.9897834812,3.8928025,0
37549.0897834859,3.8927631,0
37549.1897834907,3.8926842,0
37549.2897834954,3.8926842,0
37549.3897835002,3.8927238,0
37549.4897835049,3.8925662,0
37549.5897835097,3.8926842,0
37549.6897835144,3.8926449,0
37549.7897835192,3.8927238,0
37549.8897835239,3.8928025,0
37549.9897835287,3.8927238,0
37550.0897835334,3.8925662,0
37550.1897835382,3.8926449,0
37550.2897835429,3.8927238,0
37550.3897835477,3.8925662,0
37550.4897835524,3.8927238,0
37550.5897835572,3.8926842,0
37550.6897835619,3.8925662,0
37550.7897835667,3.8925662,0
37550.8897835714,3.8925662,0
37550.9897835762,3.8925662,0
37551.0897835809,3.8926449,0
37551.1897835857,3.8926449,0
37551.2897835904,3.8925662,0
37551.3897835952,3.8926449,0
37551.4897835999,3.8925269,0
37551.5897836047,3.8925269,0
37551.6897836094,3.8924875,0
37551.7897836142,3.8924482,0
37551.8897836189,3.8925662,0
37551.9897836237,3.8924482,0
37552.0897836284,3.8925662,0
37552.1897836332,3.8924875,0
37552.2897836379,3.8925662,0
37552.3897836427,3.8925269,0
37552.4897836474,3.8924482,0
37552.5897836522,3.8924482,0
37552.6897836569,3.8924086,0
37552.7897836617,3.8924482,0
37552.8897836664,3.8924875,0
37552.9897836712,3.8924086,0
37553.0897836759,3.8925269,0
37553.1897836807,3.8924482,0
37553.2897836854,3.8923693,0
37553.3897836902,3.8923693,0
37553.4897836949,3.8924086,0
37553.5897836997,3.8924086,0
37553.6897837044,3.8924086,0
37553.7897837092,3.8925269,0
37553.8897837139,3.8924086,0
37553.9897837187,3.8924086,0
37554.0897837234,3.8923693,0
37554.1897837282,3.8923693,0
37554.2897837329,3.8922906,0
37554.3897837377,3.8922513,0
37554.4897837424,3.8923299,0
37554.5897837472,3.8924086,0
37554.6897837519,3.8923693,0
37554.7897837567,3.8923693,0
37554.8897837614,3.8923693,0
37554.9897837662,3.8923299,0
37555.0897837709,3.8925269,0
37555.1897837757,3.8924086,0
37555.2897837804,3.8922906,0
37555.3897837852,3.8923299,0
37555.4897837899,3.8923693,0
37555.5897837947,3.8922906,0
37555.6897837994,3.8924482,0
37555.7897838042,3.8922906,0
37555.8897838089,3.8922513,0
37555.9897838137,3.8924482,0
37556.0897838184,3.8924086,0
37556.1897838232,3.8924086,0
37556.2897838279,3.8923299,0
37556.3897838327,3.8923299,0
37556.4897838374,3.8923299,0
37556.5897838422,3.8921726,0
37556.6897838469,3.8924086,0
37556.7897838517,3.8922906,0
37556.8897838564,3.8922906,0
37556.9897838612,3.8922906,0
37557.0897838659,3.8923299,0
37557.1897838707,3.8923299,0
37557.2897838754,3.8924086,0
37557.3897838802,3.8922513,0
37557.4897838849,3.8922119,0
37557.5897838897,3.8923299,0
37557.6897838944,3.8923299,0
37557.7897838992,3.8922513,0
37557.8897839039,3.8922119,0
37557.9897839087,3.8923299,0
37558.0897839134,3.8924482,0
37558.1897839182,3.8924086,0
37558.2897839229,3.8922513,0
37558.3897839277,3.8923693,0
37558.4897839324,3.8921726,0
37558.5897839372,3.8922513,0
37558.6897839419,3.892133,0
37558.7897839467,3.8922906,0
37558.8897839514,3.8922119,0
37558.9897839562,3.8923299,0
37559.0897839609,3.8923299,0
37559.1897839657,3.8922906,0
37559.2897839704,3.8923693,0
37559.3897839752,3.8923299,0
37559.4897839799,3.8922906,0
37559.5897839847,3.8923299,0
37559.6897839894,3.8923299,0
37559.7897839942,3.8922906,0
37559.8897839989,3.8923693,0
37559.9897840037,3.8923693,0
37560.0897840084,3.8922513,0
37560.1897840132,3.8922513,0
37560.2897840179,3.8923693,0
37560.3897840227,3.8922906,0
37560.4897840274,3.8923693,0
37560.5897840322,3.8923299,0
37560.6897840369,3.8922513,0
37560.7897840417,3.8921726,0
37560.8897840464,3.8922513,0
37560.9897840512,3.8923693,0
37561.0897840559,3.8923299,0
37561.1897840607,3.8922119,0
37561.2897840654,3.8923693,0
37561.3897840702,3.8923299,0
37561.4897840749,3.8922906,0
37561.5897840797,3.8922906,0
37561.6897840844,3.8923693,0
37561.7897840892,3.8924086,0
37561.8897840939,3.8922906,0
37561.9897840987,3.8924086,0
37562.0897841034,3.8923299,0
37562.1897841082,3.8924875,0
37562.2897841129,3.8923693,0
37562.3897841176,3.8923299,0
37562.4897841224,3.8924086,0
37562.5897841271,3.8924086,0
37562.6897841319,3.8924086,0
37562.7897841366,3.8922119,0
37562.8897841414,3.8923299,0
37562.9897841461,3.8923693,0
37563.0897841509,3.8922906,0
37563.1897841556,3.8924482,0
37563.2897841604,3.8923299,0
37563.3897841651,3.8924086,0
37563.4897841699,3.8925662,0
37563.5897841746,3.8923299,0
37563.6897841794,3.8923299,0
37563.7897841841,3.8923693,0
37563.8897841889,3.8923693,0
37563.9897841936,3.8923299,0
37564.0897841984,3.8924086,0
37564.1897842031,3.8923299,0
37564.2897842079,3.8924086,0
37564.3897842126,3.8924086,0
37564.4897842174,3.8924875,0
37564.5897842221,3.8924086,0
37564.6897842269,3.8923693,0
37564.7897842316,3.8924875,0
37564.8897842364,3.8923299,0
37564.9897842411,3.8923693,0
37565.0897842459,3.8924086,0
37565.1897842506,3.8923693,0
37565.2897842554,3.8924086,0
37565.3897842601,3.8924875,0
37565.4897842649,3.8923693,0
37565.5897842696,3.8924086,0
37565.6897842744,3.8923693,0
37565.7897842791,3.8924482,0
37565.8897842839,3.8924875,0
37565.9897842886,3.8923299,0
37566.0897842934,3.8923299,0
37566.1897842981,3.8924875,0
37566.2897843029,3.8924875,0
37566.4217843092,3.8601615,0
37566.4237843093,3.8569329,-0.76952063
37567.4237843568,3.8262606,-0.78392023
37568.4237844042,3.8241343,-0.78352576
37569.4237844517,3.8226383,-0.78273669
37570.4237844992,3.8214176,-0.78392023
37571.4237845467,3.8205121,-0.78273669
37572.4237845942,3.8195276,-0.78392023
37573.4237846417,3.8186615,-0.78352576
37574.4237846892,3.8179526,-0.78372296
37575.4237847367,3.8173227,-0.78332843
37576.4237847842,3.8167322,-0.78273669
37577.4237848317,3.8160627,-0.78352576
37578.4237848792,3.815551,-0.78293396
37579.4237849267,3.8149998,-0.78293396
37580.4237849742,3.8144879,-0.78431476
37581.4237850217,3.8139367,-0.78431476
37582.4237850692,3.8134248,-0.78332843
37583.4237851167,3.813031,-0.78234222
37584.4237851642,3.8125191,-0.78332843
37585.4237852117,3.8120072,-0.78332843
37586.4237852592,3.8115742,-0.78628723
37587.4237853067,3.8112593,-0.78234222
37588.4237853542,3.8108654,-0.78313123
37589.4237854017,3.8104324,-0.78313123
37590.4237854492,3.8101172,-0.78313123
37591.4237854967,3.8098023,-0.78352576
37592.4237855442,3.8094087,-0.78313123
37593.4237855917,3.8089755,-0.78253943
37594.4237856392,3.8085029,-0.78451196
37595.4237856867,3.8083062,-0.78549829
37596.4237857342,3.8079123,-0.78470929
37597.4237857817,3.8076367,-0.78273669
37598.4237858292,3.8073611,-0.78352576
37599.4237858767,3.8070068,-0.78549829
37600.4237859242,3.8066525,-0.78332843
37601.4237859717,3.8064556,-0.78313123
37602.4237860192,3.8062193,-0.78431476
37603.4237860667,3.8059437,-0.78372296
37604.4237861142,3.8056288,-0.78352576
37605.4237861617,3.8051562,-0.78352576
37606.4237862092,3.8049593,-0.78352576
37607.4237862567,3.8046443,-0.78411743
37608.4237863041,3.8044081,-0.78352576
37609.4237863516,3.8042114,-0.78313123
37610.4237863991,3.8038175,-0.78411743
37611.4237864466,3.8036206,-0.78451196
37612.4237864941,3.8034239,-0.78411743
37613.4237865416,3.80303,-0.78273669
37614.4237865891,3.802912,-0.78332843
37615.4237866366,3.8026364,-0.78352576
37616.4237866841,3.8023214,-0.78293396
37617.4237867316,3.8021638,-0.78332843
37618.4237867791,3.8019276,-0.78313123
37619.4237868266,3.8016126,-0.78313123
37620.4237868741,3.8012187,-0.78313123
37621.4237869216,3.8011401,-0.78332843
37622.4237869691,3.8008645,-0.78352576
37623.4237870166,3.8006675,-0.78253943
37624.4237870641,3.8004315,-0.78352576
37625.4237871116,3.8001952,-0.78372296
37626.4237871591,3.7999589,-0.78313123
37627.4237872066,3.799644,-0.78470929
37628.4237872541,3.7995257,-0.78352576
37629.4237873016,3.7993288,-0.78372296
37630.4237873491,3.7990928,-0.78273669
37631.4237873966,3.7989352,-0.78470929
37632.4237874441,3.7986989,-0.78451196
37633.4237874916,3.7984626,-0.78411743
37634.4237875391,3.7981477,-0.78293396
37635.4237875866,3.7981083,-0.78293396
37636.4237876341,3.7979114,-0.78392023
37637.4237876816,3.7975571,-0.78253943
37638.4237877291,3.7972422,-0.78352576
37639.4237877766,3.7972422,-0.78332843
37640.4237878241,3.7970059,-0.78372296
37641.4237878716,3.7967696,-0.78293396
37642.4237879191,3.7964547,-0.78332843
37643.4237879666,3.7964547,-0.78411743
37644.4237880141,3.7961791,-0.78372296
37645.4237880616,3.7960215,-0.78313123
37646.4237881091,3.7958641,-0.78392023
37647.4237881565,3.7957065,-0.78470929
37648.423788204,3.7953522,-0.78490649
37649.4237882515,3.7953129,-0.78431476
37650.423788299,3.7951159,-0.78313123
37651.4237883465,3.794919,-0.78470929
37652.423788394,3.7947221,-0.78293396
37653.4237884415,3.794486,-0.7858927
37654.423788489,3.7944071,-0.78451196
37655.4237885365,3.7942891,-0.78392023
37656.423788584,3.7940528,-0.78293396
37657.4237886315,3.7938952,-0.78352576
37658.423788679,3.7937379,-0.78392023
37659.4237887265,3.7936196,-0.78530096
37660.423788774,3.7934623,-0.78332843
37661.4237888215,3.7931473,-0.78470929
37662.423788869,3.7929897,-0.78313123
37663.4237889165,3.7929504,-0.78332843
37664.423788964,3.7927535,-0.78352576
37665.4237890115,3.7925961,-0.78392023
37666.423789059,3.7924385,-0.78313123
37667.4237891065,3.7922416,-0.78332843
37668.423789154,3.7921236,-0.78392023
37669.4237892015,3.7920842,-0.78313123
37670.423789249,3.7918479,-0.78332843
37671.4237892965,3.7916117,-0.78490649
37672.423789344,3.7914934,-0.78313123
37673.4237893915,3.7913361,-0.78411743
37674.423789439,3.7912967,-0.78253943
37675.4237894865,3.7910211,-0.78273669
37676.423789534,3.7909422,-0.78530096
37677.4237895815,3.7907455,-0.78530096
37678.423789629,3.7905486,-0.78372296
37679.4237896765,3.790391,-0.78352576
37680.423789724,3.7903516,-0.78313123
37681.4237897715,3.7901154,-0.78411743
37682.423789819,3.7900367,-0.78313123
37683.4237898665,3.7899973,-0.78451196
37684.423789914,3.7898004,-0.78372296
37685.4237899615,3.789643,-0.78411743
37686.4237900089,3.7894461,-0.78411743
37687.4237900564,3.7893279,-0.78372296
37688.4237901039,3.7891705,-0.78372296
37689.4237901514,3.7891312,-0.7858927
37690.4237901989,3.7890522,-0.78313123
37691.4237902464,3.788698,-0.78293396
37692.4237902939,3.7886193,-0.78234222
37693.4237903414,3.7885406,-0.78332843
37694.4237903889,3.7883437,-0.78372296
37695.4237904364,3.7882648,-0.7856955
37696.4237904839,3.7882648,-0.78273669
37697.4237905314,3.7880287,-0.78352576
37698.4237905789,3.7879891,-0.78293396
37699.4237906264,3.7877924,-0.78372296
37700.4237906739,3.7876348,-0.78313123
37701.4237907214,3.7874775,-0.78392023
37702.4237907689,3.7875168,-0.78470929
37703.4237908164,3.7872412,-0.78253943
37704.4237908639,3.7870049,-0.78352576
37705.4237909114,3.7870836,-0.78392023
37706.4237909589,3.7869263,-0.78431476
37707.4237910064,3.7867293,-0.78194769
37708.4237910539,3.7866111,-0.7856955
37709.4237911014,3.7865324,-0.78273669
37710.4237911489,3.7864144,-0.7821449
37711.4237911964,3.7862961,-0.78352576
37712.4237912439,3.7862961,-0.78352576
37713.4237912914,3.7860599,-0.78293396
37714.4237913389,3.7859418,-0.78332843
37715.4237913864,3.7857842,-0.78431476
37716.4237914339,3.7857449,-0.78392023
37717.4237914814,3.7856269,-0.78392023
37718.4237915289,3.7855086,-0.78470929
37719.4237915764,3.7853906,-0.78431476
37720.4237916239,3.7852724,-0.78273669
37721.4237916714,3.785115,-0.78451196
37722.4237917189,3.7848787,-0.78273669
37723.4237917664,3.7848394,-0.78451196
37724.4237918139,3.7847211,-0.78352576
37725.4237918613,3.7846031,-0.78392023
37726.4237919088,3.7844455,-0.78470929
37727.4237919563,3.7843275,-0.78352576
37728.4237920038,3.7842488,-0.78392023
37729.4237920513,3.7841306,-0.78332843
37730.4237920988,3.7840126,-0.78372296
37731.4237921463,3.7838943,-0.78253943
37732.4237921938,3.7838943,-0.78332843
37733.4237922413,3.7837369,-0.78392023
37734.4237922888,3.78354,-0.78352576
37735.4237923363,3.7835007,-0.78332843
37736.4237923838,3.7833037,-0.78293396
37737.4237924313,3.7832251,-0.78490649
37738.4237924788,3.7831464,-0.78392023
37739.4237925263,3.7830675,-0.78372296
37740.4237925738,3.7829494,-0.78372296
37741.4237926213,3.7827525,-0.78352576
37742.4237926688,3.7827132,-0.78352576
37743.4237927163,3.7826738,-0.78332843
37744.4237927638,3.7825162,-0.78332843
37745.4237928113,3.7823193,-0.78313123
37746.4237928588,3.7823193,-0.78431476
37747.4237929063,3.7820833,-0.78352576
37748.4237929538,3.7820437,-0.78273669
37749.4237930013,3.7820044,-0.78411743
37750.4237930488,3.7818863,-0.78352576
37751.4237930963,3.7816894,-0.78411743
37752.4237931438,3.781532,-0.78234222
37753.4237931913,3.7814925,-0.78273669
37754.4237932388,3.7814138,-0.78273669
37755.4237932863,3.7813745,-0.78510376
37756.4237933338,3.7811382,-0.78352576
37757.4237933813,3.7811382,-0.78392023
37758.4237934288,3.7810202,-0.78411743
37759.4237934763,3.7808232,-0.78392023
37760.4237935238,3.7807446,-0.78392023
37761.4237935713,3.7806263,-0.78273669
37762.4237936188,3.780587,-0.78431476
37763.4237936663,3.7804689,-0.78332843
37764.4237937138,3.7804294,-0.78293396
37765.4237937612,3.7802327,-0.78352576
37766.4237938087,3.7802327,-0.78411743
37767.4237938562,3.7799964,-0.78431476
37768.4237939037,3.7799964,-0.78332843
37769.4237939512,3.7797601,-0.78372296
37770.4237939987,3.7797601,-0.78293396
37771.4237940462,3.7797601,-0.78372296
37772.4237940937,3.7795238,-0.78313123
37773.4237941412,3.7794058,-0.78332843
37774.4237941887,3.7793269,-0.78293396
37775.4237942362,3.7792089,-0.78352576
37776.4237942837,3.7791302,-0.78411743
37777.4237943312,3.7789726,-0.78332843
37778.4237943787,3.7789333,-0.78411743
37779.4237944262,3.7788546,-0.78372296
37780.4237944737,3.7787757,-0.78431476
37781.4237945212,3.778579,-0.78293396
37782.4237945687,3.7785394,-0.78392023
37783.4237946162,3.7784607,-0.78313123
37784.4237946637,3.7782245,-0.7858927
37785.4237947112,3.7783034,-0.78490649
37786.4237947587,3.7781458,-0.78253943
37787.4237948062,3.7780671,-0.78293396
37788.4237948537,3.7779489,-0.78411743
37789.4237949012,3.7778702,-0.78372296
37790.4237949487,3.7778308,-0.78352576
37791.4237949962,3.777437,-0.78431476
37792.4237950437,3.7775552,-0.78392023
37793.4237950912,3.7774765,-0.78332843
37794.4237951387,3.777319,-0.78293396
37795.4237951862,3.7772009,-0.78470929
37796.4237952337,3.777122,-0.78313123
37797.4237952812,3.7770433,-0.78352576
37798.4237953287,3.7769251,-0.78293396
37799.4237953762,3.7768464,-0.78332843
37800.4237954237,3.7766891,-0.78470929
37801.4237954712,3.7766101,-0.78530096
37802.4237955187,3.7765708,-0.78352576
37803.4237955662,3.7764921,-0.78332843
37804.4237956136,3.7764134,-0.78313123
37805.4237956611,3.7762165,-0.78431476
37806.4237957086,3.7761772,-0.78431476
37807.4237957561,3.7760589,-0.78431476
37808.4237958036,3.7759409,-0.78352576
37809.4237958511,3.7758226,-0.78352576
37810.4237958986,3.7757833,-0.78293396
37811.4237959461,3.7756653,-0.78372296
37812.4237959936,3.7756259,-0.78352576
37813.4237960411,3.7754683,-0.78372296
37814.4237960886,3.775429,-0.78609003
37815.4237961361,3.775311,-0.78273669
37816.4237961836,3.775311,-0.78392023
37817.4237962311,3.7750747,-0.78392023
37818.4237962786,3.7751141,-0.78352576
37819.4237963261,3.7749171,-0.78332843
37820.4237963736,3.7748778,-0.78332843
37821.4237964211,3.7747991,-0.78313123
37822.4237964686,3.7746022,-0.78392023
37823.4237965161,3.7744839,-0.78273669
37824.4237965636,3.7746022,-0.78411743
37825.4237966111,3.7744446,-0.78313123
37826.4237966586,3.7743266,-0.78451196
37827.4237967061,3.7742083,-0.78431476
37828.4237967536,3.7740116,-0.78372296
37829.4237968011,3.774051,-0.78411743
37830.4237968486,3.7738934,-0.78253943
37831.4237968961,3.7737753,-0.78352576
37832.4237969436,3.7736571,-0.78431476
37833.4237969911,3.7736177,-0.78372296
37834.4237970386,3.7735391,-0.78352576
37835.4237970861,3.7734604,-0.78490649
37836.4237971336,3.7733815,-0.78352576
37837.4237971811,3.7733028,-0.78313123
37838.4237972286,3.7731059,-0.78392023
37839.4237972761,3.7731452,-0.78253943
37840.4237973236,3.7729878,-0.78392023
37841.4237973711,3.7729485,-0.78313123
37842.4237974186,3.7727909,-0.78451196
37843.423797466,3.7726729,-0.78352576
37844.4237975135,3.7726336,-0.78332843
37845.423797561,3.7725546,-0.78253943
37846.4237976085,3.7725153,-0.7858927
37847.423797656,3.7723579,-0.78411743
37848.4237977035,3.772161,-0.78253943
37849.423797751,3.772161,-0.78273669
37850.4237977985,3.772161,-0.78490649
37851.423797846,3.7720034,-0.78332843
37852.4237978935,3.7719247,-0.78372296
37853.423797941,3.7719641,-0.78332843
37854.4237979885,3.7717278,-0.78392023
37855.423798036,3.7717278,-0.78332843
37856.4237980835,3.7715309,-0.78253943
37857.423798131,3.7713342,-0.78293396
37858.4237981785,3.7713735,-0.78372296
37859.423798226,3.7712159,-0.78411743
37860.4237982735,3.7711372,-0.78332843
37861.423798321,3.7710979,-0.78372296
37862.4237983685,3.7710586,-0.78392023
37863.423798416,3.770901,-0.78411743
37864.4237984635,3.7708223,-0.78313123
37865.423798511,3.7707829,-0.78411743
37866.4237985585,3.770586,-0.78352576
37867.423798606,3.7706254,-0.78313123
37868.4237986535,3.7705073,-0.78392023
37869.423798701,3.7704284,-0.78332843
37870.4237987485,3.7703891,-0.78293396
37871.423798796,3.7702317,-0.78470929
37872.4237988435,3.7700741,-0.78234222
37873.423798891,3.7700348,-0.78392023
37874.4237989385,3.7699955,-0.78352576
37875.423798986,3.7698379,-0.78392023
37876.4237990335,3.7697985,-0.78332843
37877.423799081,3.7696805,-0.78313123
37878.4237991285,3.7696409,-0.78352576
37879.423799176,3.7694836,-0.78431476
37880.4237992235,3.7694049,-0.78352576
37881.423799271,3.769326,-0.78431476
37882.4237993184,3.7691686,-0.78352576
37883.4237993659,3.7691686,-0.78372296
37884.4237994134,3.7691293,-0.78352576
37885.4237994609,3.769011,-0.78352576
37886.4237995084,3.768893,-0.78392023
37887.4237995559,3.7688537,-0.78451196
37888.4237996034,3.7688141,-0.78332843
37889.4237996509,3.7687354,-0.78273669
37890.4237996984,3.7685385,-0.78273669
37891.4237997459,3.7684205,-0.78549829
37892.4237997934,3.7684991,-0.78332843
37893.4237998409,3.7683811,-0.78313123
37894.4237998884,3.7681842,-0.78372296
37895.4237999359,3.7680662,-0.78392023
37896.4237999834,3.7680662,-0.78313123
37897.4238000309,3.7679086,-0.78392023
37898.4238000784,3.7677906,-0.78392023
37899.4238001259,3.7678692,-0.78431476
37900.4238001734,3.767751,-0.78352576
37901.4238002209,3.767633,-0.78293396
37902.4238002684,3.7674754,-0.78352576
37903.4238003159,3.7674754,-0.78352576
37904.4238003634,3.7673573,-0.78332843
37905.4238004109,3.7673573,-0.78293396
37906.4238004584,3.7670817,-0.78392023
37907.4238005059,3.7670424,-0.78332843
37908.4238005534,3.7670424,-0.78332843
37909.4238006009,3.7669241,-0.78372296
37910.4238006484,3.7667668,-0.78332843
37911.4238006959,3.7667668,-0.78293396
37912.4238007434,3.7667668,-0.78313123
37913.4238007909,3.7666092,-0.78332843
37914.4238008384,3.7665305,-0.78352576
37915.4238008859,3.7662942,-0.78332843
37916.4238009334,3.7662942,-0.78411743
37917.4238009809,3.7662549,-0.78352576
37918.4238010284,3.7661762,-0.78194769
37919.4238010759,3.7660186,-0.78332843
37920.4238011234,3.76594,-0.78352576
37921.4238011708,3.76594,-0.78411743
37922.4238012183,3.7658217,-0.78253943
37923.4238012658,3.7657037,-0.78273669
37924.4238013133,3.7656643,-0.78273669
37925.4238013608,3.7655461,-0.78392023
37926.4238014083,3.7654281,-0.78352576
37927.4238014558,3.7653098,-0.78332843
37928.4238015033,3.7652705,-0.78332843
37929.4238015508,3.7651131,-0.78490649
37930.4238015983,3.7649555,-0.78352576
37931.4238016458,3.7651131,-0.78293396
37932.4238016933,3.7649555,-0.78411743
37933.4238017408,3.7647982,-0.78273669
37934.4238017883,3.7647586,-0.78392023
37935.4238018358,3.7646406,-0.78392023
37936.4238018833,3.7646406,-0.78293396
37937.4238019308,3.764483,-0.78293396
37938.4238019783,3.7644436,-0.78392023
37939.4238020258,3.7643256,-0.78372296
37940.4238020733,3.7642863,-0.78411743
37941.4238021208,3.7642469,-0.78313123
37942.4238021683,3.7640893,-0.78352576
37943.4238022158,3.7640107,-0.78470929
37944.4238022633,3.7638924,-0.78372296
37945.4238023108,3.7638137,-0.78411743
37946.4238023583,3.7637744,-0.78313123
37947.4238024058,3.7635775,-0.78392023
37948.4238024533,3.7636955,-0.78372296
37949.4238025008,3.7635381,-0.78431476
37950.4238025483,3.7634199,-0.78411743
37951.4238025958,3.7634199,-0.78293396
37952.4238026433,3.7632232,-0.78352576
37953.4238026908,3.7631443,-0.78372296
37954.4238027383,3.7631838,-0.78451196
37955.4238027858,3.7630262,-0.78470929
37956.4238028333,3.7629869,-0.78431476
37957.4238028808,3.7628686,-0.78332843
37958.4238029283,3.76279,-0.7821449
37959.4238029758,3.76279,-0.78372296
37960.4238030233,3.7625537,-0.78234222
37961.4238030707,3.7625144,-0.78313123
37962.4238031182,3.762475,-0.78372296
37963.4238031657,3.7624357,-0.78332843
37964.4238032132,3.7624357,-0.78411743
37965.4238032607,3.762357,-0.78411743
37966.4238033082,3.7621601,-0.78313123
37967.4238033557,3.7620418,-0.78313123
37968.4238034032,3.7619631,-0.78372296
37969.4238034507,3.7620025,-0.78332843
37970.4238034982,3.7617269,-0.78352576
37971.4238035457,3.7616875,-0.78372296
37972.4238035932,3.7616482,-0.78332843
37973.4238036407,3.7616482,-0.78293396
37974.4238036882,3.7614512,-0.78372296
37975.4238037357,3.7612939,-0.78372296
37976.4238037832,3.7612939,-0.78470929
37977.4238038307,3.7612543,-0.78273669
37978.4238038782,3.7612543,-0.78332843
37979.4238039257,3.7611756,-0.78451196
37980.4238039732,3.7610576,-0.78392023
37981.4238040207,3.761097,-0.78332843
37982.4238040682,3.760782,-0.78352576
37983.4238041157,3.7607427,-0.78352576
37984.4238041632,3.7607427,-0.78431476
37985.4238042107,3.7606244,-0.78372296
37986.4238042582,3.7604671,-0.78313123
37987.4238043057,3.7604671,-0.78411743
37988.4238043532,3.7604275,-0.78411743
37989.4238044007,3.7603095,-0.78352576
37990.4238044482,3.7603488,-0.78352576
37991.4238044957,3.7602308,-0.78431476
37992.4238045432,3.7600732,-0.78411743
37993.4238045907,3.7600338,-0.78392023
37994.4238046382,3.7599552,-0.78470929
37995.4238046857,3.7599156,-0.78451196
37996.4238047332,3.7597976,-0.78431476
37997.4238047807,3.7596796,-0.78313123
37998.4238048282,3.7595613,-0.78470929
37999.4238048757,3.7596006,-0.78332843
38000.4238049231,3.7594433,-0.78332843
38001.4238049706,3.759325,-0.78352576
38002.4238050181,3.759325,-0.78392023
38003.4238050656,3.7592463,-0.78372296
38004.4238051131,3.7591283,-0.78313123
38005.4238051606,3.7590888,-0.78332843
38006.4238052081,3.7589707,-0.78352576
38007.4238052556,3.7590101,-0.78332843
38008.4238053031,3.7587345,-0.78332843
38009.4238053506,3.7587738,-0.78313123
38010.4238053981,3.7587345,-0.78313123
38011.4238054456,3.7585375,-0.78451196
38012.4238054931,3.7585375,-0.78293396
38013.4238055406,3.7583408,-0.78273669
38014.4238055881,3.7583408,-0.78411743
38015.4238056356,3.7582226,-0.78392023
38016.4238056831,3.7581832,-0.78372296
38017.4238057306,3.7581832,-0.78273669
38018.4238057781,3.7580256,-0.78313123
38019.4238058256,3.757947,-0.78293396
38020.4238058731,3.757829,-0.78411743
38021.4238059206,3.7577896,-0.78431476
38022.4238059681,3.7577896,-0.78352576
38023.4238060156,3.7576714,-0.78313123
38024.4238060631,3.7575533,-0.78411743
38025.4238061106,3.7574744,-0.78510376
38026.4238061581,3.7573564,-0.78411743
38027.4238062056,3.7573564,-0.78451196
38028.4238062531,3.7571988,-0.78273669
38029.4238063006,3.7571595,-0.78411743
38030.4238063481,3.7571201,-0.78372296
38031.4238063956,3.7570021,-0.78530096
38032.4238064431,3.7570808,-0.78313123
38033.4238064906,3.7568445,-0.78332843
38034.4238065381,3.7568052,-0.78313123
38035.4238065856,3.7567265,-0.78313123
38036.4238066331,3.7567265,-0.78411743
38037.4238066806,3.7565296,-0.78372296
38038.4238067281,3.7564509,-0.78352576
38039.4238067755,3.7564509,-0.78313123
38040.423806823,3.756372,-0.78431476
38041.4238068705,3.7563326,-0.78431476
38042.423806918,3.7562146,-0.78194769
38043.4238069655,3.756057,-0.78372296
38044.423807013,3.756057,-0.78549829
38045.4238070605,3.7560177,-0.78313123
38046.423807108,3.7558997,-0.78352576
38047.4238071555,3.7558208,-0.78293396
38048.423807203,3.7557814,-0.78372296
38049.4238072505,3.7557421,-0.78293396
38050.423807298,3.7556634,-0.78451196
38051.4238073455,3.7554665,-0.78352576
38052.423807393,3.7554271,-0.78372296
38053.4238074405,3.7553089,-0.78352576
38054.423807488,3.7553484,-0.78313123
38055.4238075355,3.7552695,-0.78352576
38056.423807583,3.7551122,-0.78352576
38057.4238076305,3.7551515,-0.78372296
38058.423807678,3.7551515,-0.78431476
38059.4238077255,3.7549546,-0.78332843
38060.423807773,3.7549152,-0.78411743
38061.4238078205,3.7547576,-0.78332843
38062.423807868,3.7548366,-0.78372296
38063.4238079155,3.754679,-0.78313123
38064.423807963,3.7546003,-0.78313123
38065.4238080105,3.7545609,-0.78431476
38066.423808058,3.754482,-0.78451196
38067.4238081055,3.754364,-0.78293396
38068.423808153,3.7543247,-0.78273669
38069.4238082005,3.7542458,-0.78273669
38070.423808248,3.7541671,-0.78372296
38071.4238082955,3.7540097,-0.78332843
38072.423808343,3.7539701,-0.78549829
38073.4238083905,3.7539308,-0.78293396
38074.423808438,3.7538915,-0.78273669
38075.4238084855,3.7538915,-0.78392023
38076.423808533,3.7537735,-0.78470929
38077.4238085805,3.7536945,-0.78175043
38078.4238086279,3.7535765,-0.78352576
38079.4238086754,3.7534978,-0.78470929
38080.4238087229,3.7533796,-0.78293396
38081.4238087704,3.7533402,-0.78273669
38082.4238088179,3.7533796,-0.78372296
38083.4238088654,3.7531433,-0.78313123
38084.4238089129,3.7532616,-0.78352576
38085.4238089604,3.7530646,-0.78372296
38086.4238090079,3.753104,-0.7856955
38087.4238090554,3.7530253,-0.78628723
38088.4238091029,3.752907,-0.78273669
38089.4238091504,3.7528284,-0.78332843
38090.4238091979,3.7527497,-0.78332843
38091.4238092454,3.752671,-0.78431476
38092.4238092929,3.7525921,-0.78352576
38093.4238093404,3.7525134,-0.78392023
38094.4238093879,3.7525134,-0.78411743
38095.4238094354,3.7523954,-0.78372296
38096.4238094829,3.7522771,-0.78411743
38097.4238095304,3.7522771,-0.78313123
38098.4238095779,3.7521985,-0.78392023
38099.4238096254,3.7521591,-0.78273669
38100.4238096729,3.7520015,-0.7856955
38101.4238097204,3.7519622,-0.78332843
38102.4238097679,3.7518442,-0.78293396
38103.4238098154,3.7518835,-0.78372296
38104.4238098629,3.7517653,-0.7821449
38105.4238099104,3.7516472,-0.78392023
38106.4238099579,3.7515686,-0.78530096
38107.4238100054,3.7514896,-0.78372296
38108.4238100529,3.7514503,-0.78451196
38109.4238101004,3.7512929,-0.78352576
38110.4238101479,3.7513323,-0.78411743
38111.4238101954,3.7512534,-0.78352576
38112.4238102429,3.751096,-0.78372296
38113.4238102904,3.7511353,-0.78411743
38114.4238103379,3.7510171,-0.78313123
38115.4238103854,3.7509384,-0.78352576
38116.4238104329,3.7509778,-0.78431476
38117.4238104804,3.7508204,-0.78332843
38118.4238105278,3.7507415,-0.78411743
38119.4238105753,3.7506628,-0.78372296
38120.4238106228,3.7507021,-0.78431476
38121.4238106703,3.7505448,-0.78392023
38122.4238107178,3.7505054,-0.78372296
38123.4238107653,3.7505054,-0.78392023
38124.4238108128,3.7503872,-0.78411743
38125.4238108603,3.7502692,-0.78332843
38126.4238109078,3.7502692,-0.78392023
38127.4238109553,3.7502298,-0.78313123
38128.4238110028,3.7500722,-0.78431476
38129.4238110503,3.7500329,-0.78372296
38130.4238110978,3.7498753,-0.78332843
38131.4238111453,3.7498753,-0.78293396
38132.4238111928,3.749836,-0.78411743
38133.4238112403,3.749718,-0.78273669
38134.4238112878,3.7496786,-0.78293396
38135.4238113353,3.749521,-0.78234222
38136.4238113828,3.7494817,-0.78411743
38137.4238114303,3.749403,-0.78530096
38138.4238114778,3.749403,-0.78293396
38139.4238115253,3.7493241,-0.78273669
38140.4238115728,3.7493634,-0.78332843
38141.4238116203,3.7492061,-0.78392023
38142.4238116678,3.7492061,-0.78372296
38143.4238117153,3.7490878,-0.78352576
38144.4238117628,3.7490485,-0.78372296
38145.4238118103,3.7488515,-0.78392023
38146.4238118578,3.7488515,-0.78194769
38147.4238119053,3.7487729,-0.78352576
38148.4238119528,3.7487729,-0.78431476
38149.4238120003,3.7486548,-0.7821449
38150.4238120478,3.7486155,-0.78332843
38151.4238120953,3.7485759,-0.78313123
38152.4238121428,3.7484972,-0.78470929
38153.4238121903,3.7484186,-0.78431476
38154.4238122378,3.7483003,-0.78234222
38155.4238122853,3.7483003,-0.78332843
38156.4238123328,3.748143,-0.78293396
38157.4238123802,3.7481823,-0.78431476
38158.4238124277,3.7480247,-0.78352576
38159.4238124752,3.7481036,-0.78352576
38160.4238125227,3.7479067,-0.78411743
38161.4238125702,3.7477887,-0.7856955
38162.4238126177,3.747828,-0.78352576
38163.4238126652,3.7477098,-0.78313123
38164.4238127127,3.7476311,-0.78332843
38165.4238127602,3.7475131,-0.78372296
38166.4238128077,3.7475917,-0.78530096
38167.4238128552,3.7474341,-0.78332843
38168.4238129027,3.7473948,-0.78313123
38169.4238129502,3.7472768,-0.78372296
38170.4238129977,3.7471979,-0.78431476
38171.4238130452,3.7470012,-0.78411743
38172.4238130927,3.7470405,-0.78293396
38173.4238131402,3.7470405,-0.78273669
38174.4238131877,3.7469223,-0.78293396
38175.4238132352,3.7468436,-0.78451196
38176.4238132827,3.7468829,-0.78451196
38177.4238133302,3.7467649,-0.78392023
38178.4238133777,3.7467256,-0.78313123
38179.4238134252,3.7467256,-0.78234222
38180.4238134727,3.7466073,-0.78431476
38181.4238135202,3.7464104,-0.78451196
38182.4238135677,3.746568,-0.78313123
38183.4238136152,3.7464104,-0.78372296
38184.4238136627,3.7462924,-0.78431476
38185.4238137102,3.7461743,-0.78352576
38186.4238137577,3.7461743,-0.78411743
38187.4238138052,3.7461348,-0.78253943
38188.4238138527,3.7460561,-0.78313123
38189.4238139002,3.7459774,-0.78411743
38190.4238139477,3.7458198,-0.78332843
38191.4238139952,3.7457805,-0.78431476
38192.4238140427,3.7457411,-0.78332843
38193.4238140902,3.7456231,-0.78392023
38194.4238141377,3.7456625,-0.78470929
38195.4238141852,3.7455049,-0.78372296
38196.4238142326,3.7455049,-0.78431476
38197.4238142801,3.7453473,-0.78273669
38198.4238143276,3.7453473,-0.78411743
38199.4238143751,3.7453868,-0.78392023
38200.4238144226,3.7452686,-0.78253943
38201.4238144701,3.7451899,-0.78490649
38202.4238145176,3.7450716,-0.78411743
38203.4238145651,3.7451112,-0.78293396
38204.4238146126,3.7449536,-0.78470929
38205.4238146601,3.7449143,-0.78234222
38206.4238147076,3.7448356,-0.78372296
38207.4238147551,3.7448356,-0.78451196
38208.4238148026,3.7447567,-0.78431476
38209.4238148501,3.744678,-0.78332843
38210.4238148976,3.7444417,-0.78411743
38211.4238149451,3.7446387,-0.78372296
38212.4238149926,3.7443237,-0.78431476
38213.4238150401,3.7444811,-0.78332843
38214.4238150876,3.7442448,-0.78392023
38215.4238151351,3.7442844,-0.78332843
38216.4238151826,3.7441661,-0.78431476
38217.4238152301,3.7441268,-0.78392023
38218.4238152776,3.7440481,-0.78313123
38219.4238153251,3.7440875,-0.78411743
38220.4238153726,3.7438512,-0.78332843
38221.4238154201,3.7438905,-0.78313123
38222.4238154676,3.7437725,-0.78234222
38223.4238155151,3.7436543,-0.78293396
38224.4238155626,3.7436149,-0.78451196
38225.4238156101,3.7436149,-0.78372296
38226.4238156576,3.7434573,-0.78372296
38227.4238157051,3.743418,-0.78293396
38228.4238157526,3.7433786,-0.78313123
38229.4238158001,3.7433393,-0.78392023
38230.4238158476,3.7432213,-0.78451196
38231.4238158951,3.7431817,-0.78392023
38232.4238159426,3.743103,-0.78411743
38233.4238159901,3.7430637,-0.78372296
38234.4238160376,3.742985,-0.78372296
38235.423816085,3.7429457,-0.78372296
38236.4238161325,3.7429061,-0.78293396
38237.42381618,3.7427881,-0.78293396
38238.4238162275,3.7426701,-0.78352576
38239.423816275,3.7426701,-0.78313123
38240.4238163225,3.7425911,-0.78392023
38241.42381637,3.7425911,-0.78372296
38242.4238164175,3.7425125,-0.78352576
38243.423816465,3.7424731,-0.78352576
38244.4238165125,3.7422762,-0.78332843
38245.42381656,3.7422762,-0.78372296
38246.4238166075,3.7422369,-0.78411743
38247.423816655,3.7421188,-0.78549829
38248.4238167025,3.7421188,-0.78470929
38249.42381675,3.7419219,-0.78273669
38250.4238167975,3.7420006,-0.78352576
38251.423816845,3.7419219,-0.78332843
38252.4238168925,3.7417643,-0.78352576
38253.42381694,3.7417643,-0.78293396
38254.4238169875,3.7416463,-0.78707623
38255.423817035,3.7416463,-0.78352576
38256.4238170825,3.741607,-0.78392023
38257.42381713,3.7414887,-0.78510376
38258.4238171775,3.741607,-0.78431476
38259.423817225,3.7412918,-0.78273669
38260.4238172725,3.7412918,-0.78352576
38261.42381732,3.7412524,-0.78470929
38262.4238173675,3.7410951,-0.78372296
38263.423817415,3.7411737,-0.78273669
38264.4238174625,3.7410161,-0.78352576
38265.42381751,3.7409375,-0.78392023
38266.4238175575,3.7408981,-0.78431476
38267.423817605,3.7408195,-0.78332843
38268.4238176525,3.7408981,-0.78411743
38269.4238177,3.7407405,-0.78451196
38270.4238177475,3.7406619,-0.78352576
38271.423817795,3.7406225,-0.78510376
38272.4238178425,3.7405045,-0.78392023
38273.42381789,3.7405438,-0.78293396
38274.4238179375,3.7403076,-0.78372296
38275.4238179849,3.7403862,-0.78411743
38276.4238180324,3.7403076,-0.78352576
38277.4238180799,3.7402682,-0.78431476
38278.4238181274,3.7402289,-0.78332843
38279.4238181749,3.7400713,-0.78372296
38280.4238182224,3.7399926,-0.78392023
38281.4238182699,3.739953,-0.78313123
38282.4238183174,3.7398744,-0.78392023
38283.4238183649,3.7397563,-0.78293396
38284.4238184124,3.7396774,-0.78313123
38285.4238184599,3.7396381,-0.78332843
38286.4238185074,3.7395594,-0.78392023
38287.4238185549,3.7395201,-0.78273669
38288.4238186024,3.7394414,-0.78470929
38289.4238186499,3.7394414,-0.78352576
38290.4238186974,3.7393231,-0.78234222
38291.4238187449,3.7393231,-0.78332843
38292.4238187924,3.7392051,-0.78352576
38293.4238188399,3.7391658,-0.78490649
38294.4238188874,3.7390475,-0.78411743
38295.4238189349,3.7389688,-0.78411743
38296.4238189824,3.7390475,-0.78411743
38297.4238190299,3.7389295,-0.78273669
38298.4238190774,3.7388506,-0.78273669
38299.4238191249,3.7387719,-0.78352576
38300.4238191724,3.7386932,-0.78293396
38301.4238192199,3.7386146,-0.78332843
38302.4238192674,3.7386146,-0.78392023
38303.4238193149,3.7385356,-0.78253943
38304.4238193624,3.7384176,-0.78293396
38305.4238194099,3.7384176,-0.78313123
38306.4238194574,3.7382994,-0.78352576
38307.4238195049,3.7382207,-0.78352576
38308.4238195524,3.738142,-0.78431476
38309.4238195999,3.738142,-0.78352576
38310.4238196474,3.7380631,-0.78451196
38311.4238196949,3.7379844,-0.78392023
38312.4238197424,3.7378664,-0.7856955
38313.4238197899,3.7378664,-0.78372296
38314.4238198373,3.7376695,-0.78431476
38315.4238198848,3.7378271,-0.78372296
38316.4238199323,3.7376301,-0.78293396
38317.4238199798,3.7375119,-0.78431476
38318.4238200273,3.7374725,-0.78332843
38319.4238200748,3.7373939,-0.78313123
38320.4238201223,3.7373152,-0.78470929
38321.4238201698,3.7373545,-0.78392023
38322.4238202173,3.7372363,-0.78352576
38323.4238202648,3.7371576,-0.78293396
38324.4238203123,3.7370789,-0.78332843
38325.4238203598,3.7370002,-0.78293396
38326.4238204073,3.7369213,-0.78332843
38327.4238204548,3.7369213,-0.78392023
38328.4238205023,3.736764,-0.78273669
38329.4238205498,3.736764,-0.78313123
38330.4238205973,3.736764,-0.78372296
38331.4238206448,3.736685,-0.78234222
38332.4238206923,3.7366457,-0.78392023
38333.4238207398,3.7365277,-0.78332843
38334.4238207873,3.736567,-0.78352576
38335.4238208348,3.7363701,-0.78411743
38336.4238208823,3.7362914,-0.78313123
38337.4238209298,3.7363307,-0.78431476
38338.4238209773,3.7361732,-0.78411743
38339.4238210248,3.7360551,-0.78392023
38340.4238210723,3.7360945,-0.78293396
38341.4238211198,3.7360158,-0.78293396
38342.4238211673,3.7358975,-0.78451196
38343.4238212148,3.7358975,-0.78490649
38344.4238212623,3.7357402,-0.78372296
38345.4238213098,3.7357008,-0.78352576
38346.4238213573,3.7357402,-0.78352576
38347.4238214048,3.7356219,-0.78470929
38348.4238214523,3.7356219,-0.78392023
38349.4238214998,3.7354646,-0.78332843
38350.4238215473,3.7353859,-0.78313123
38351.4238215948,3.735307,-0.78470929
38352.4238216423,3.7353463,-0.78411743
38353.4238216897,3.735189,-0.78352576
38354.4238217372,3.7352283,-0.78273669
38355.4238217847,3.7350314,-0.78293396
38356.4238218322,3.7350707,-0.78451196
38357.4238218797,3.7349527,-0.78490649
38358.4238219272,3.7349133,-0.78470929
38359.4238219747,3.734874,-0.78352576
38360.4238220222,3.7347951,-0.78332843
38361.4238220697,3.7347164,-0.78372296
38362.4238221172,3.7345591,-0.78372296
38363.4238221647,3.7344801,-0.78332843
38364.4238222122,3.7344408,-0.78411743
38365.4238222597,3.7344015,-0.78470929
38366.4238223072,3.7344015,-0.78352576
38367.4238223547,3.7342439,-0.78352576
38368.4238224022,3.7342439,-0.78332843
38369.4238224497,3.7342045,-0.78273669
38370.4238224972,3.7342045,-0.78392023
38371.4238225447,3.7340076,-0.78411743
38372.4238225922,3.7339683,-0.78431476
38373.4238226397,3.7338109,-0.78332843
38374.4238226872,3.7338109,-0.78372296
38375.4238227347,3.7338502,-0.78313123
38376.4238227822,3.733732,-0.78392023
38377.4238228297,3.733614,-0.78352576
38378.4238228772,3.733614,-0.78372296
38379.4238229247,3.7335353,-0.78352576
38380.4238229722,3.7333777,-0.78372296
38381.4238230197,3.7334564,-0.78530096
38382.4238230672,3.733299,-0.78392023
38383.4238231147,3.733299,-0.78352576
38384.4238231622,3.7332203,-0.78392023
38385.4238232097,3.7331414,-0.78273669
38386.4238232572,3.7330234,-0.78352576
38387.4238233047,3.7329841,-0.78273669
38388.4238233522,3.7329447,-0.78470929
38389.4238233997,3.7328658,-0.78313123
38390.4238234472,3.7329051,-0.78352576
38391.4238234947,3.7327478,-0.78352576
38392.4238235421,3.7327085,-0.78234222
38393.4238235896,3.7325115,-0.78313123
38394.4238236371,3.7325509,-0.78313123
38395.4238236846,3.7325115,-0.78411743
38396.4238237321,3.7323146,-0.78392023
38397.4238237796,3.7323933,-0.78313123
38398.4238238271,3.7322359,-0.78352576
38399.4238238746,3.7321572,-0.78352576
38400.4238239221,3.7321572,-0.78273669
38401.4238239696,3.7319996,-0.78392023
38402.4238240171,3.7319603,-0.78313123
38403.4238240646,3.7319996,-0.78293396
38404.4238241121,3.7318816,-0.78313123
38405.4238241596,3.7318816,-0.78273669
38406.4238242071,3.731842,-0.78313123
38407.4238242546,3.731724,-0.78293396
38408.4238243021,3.7316453,-0.78431476
38409.4238243496,3.7315271,-0.7856955
38410.4238243971,3.7315664,-0.78234222
38411.4238244446,3.7314484,-0.78273669
38412.4238244921,3.7314091,-0.78470929
38413.4238245396,3.7312908,-0.78352576
38414.4238245871,3.7312908,-0.78332843
38415.4238246346,3.7311728,-0.78332843
38416.4238246821,3.7311728,-0.78313123
38417.4238247296,3.7310152,-0.78352576
38418.4238247771,3.7310152,-0.78411743
38419.4238248246,3.7309365,-0.78293396
38420.4238248721,3.7309365,-0.78411743
38421.4238249196,3.7306609,-0.78313123
38422.4238249671,3.7307003,-0.78332843
38423.4238250146,3.7306216,-0.78352576
38424.4238250621,3.7306609,-0.78273669
38425.4238251096,3.7305429,-0.78352576
38426.4238251571,3.7305429,-0.78372296
38427.4238252046,3.7304246,-0.78431476
38428.4238252521,3.7302277,-0.78234222
38429.4238252996,3.7301884,-0.78411743
38430.4238253471,3.7301884,-0.78470929
38431.4238253946,3.7301884,-0.78332843
38432.423825442,3.7301097,-0.78273669
38433.4238254895,3.7299917,-0.78253943
38434.423825537,3.7300704,-0.78530096
38435.4238255845,3.7299917,-0.78431476
38436.423825632,3.7298734,-0.78313123
38437.4238256795,3.7296765,-0.78234222
38438.423825727,3.7297161,-0.78253943
38439.4238257745,3.7296371,-0.78431476
38440.423825822,3.7295978,-0.78431476
38441.4238258695,3.7294405,-0.78352576
38442.423825917,3.7294009,-0.78392023
38443.4238259645,3.7294009,-0.78431476
38444.423826012,3.7294405,-0.78273669
38445.4238260595,3.7292042,-0.78372296
38446.423826107,3.7291648,-0.78293396
38447.4238261545,3.7291648,-0.78352576
38448.423826202,3.7290466,-0.78411743
38449.4238262495,3.7290072,-0.78411743
38450.423826297,3.728889,-0.78313123
38451.4238263445,3.728889,-0.78411743
38452.423826392,3.728771,-0.78411743
38453.4238264395,3.728771,-0.78372296
38454.423826487,3.728653,-0.78332843
38455.4238265345,3.728653,-0.78372296
38456.423826582,3.728574,-0.78273669
38457.4238266295,3.728456,-0.78234222
38458.423826677,3.7282984,-0.78352576
38459.4238267245,3.7282984,-0.78372296
38460.423826772,3.7282984,-0.78411743
38461.4238268195,3.7283378,-0.78470929
38462.423826867,3.7281804,-0.78332843
38463.4238269145,3.7280228,-0.78392023
38464.423826962,3.7280622,-0.78470929
38465.4238270095,3.7279835,-0.78352576
38466.423827057,3.7279048,-0.78411743
38467.4238271045,3.7277865,-0.78352576
38468.423827152,3.7279048,-0.78352576
38469.4238271995,3.7276685,-0.78313123
38470.423827247,3.7275898,-0.78549829
38471.4238272944,3.7275898,-0.78451196
38472.4238273419,3.7275505,-0.78451196
38473.4238273894,3.7275898,-0.78392023
38474.4238274369,3.7273536,-0.78490649
38475.4238274844,3.7272749,-0.78313123
38476.4238275319,3.7272749,-0.78392023
38477.4238275794,3.727196,-0.78293396
38478.4238276269,3.7271566,-0.78234222
38479.4238276744,3.727078,-0.78372296
38480.4238277219,3.7270386,-0.78332843
38481.4238277694,3.7269597,-0.78313123
38482.4238278169,3.726881,-0.78392023
38483.4238278644,3.726881,-0.78293396
38484.4238279119,3.7268023,-0.78372296
38485.4238279594,3.7267234,-0.7821449
38486.4238280069,3.7265661,-0.78392023
38487.4238280544,3.7266054,-0.78273669
38488.4238281019,3.7264085,-0.78332843
38489.4238281494,3.7264085,-0.78372296
38490.4238281969,3.7264478,-0.78293396
38491.4238282444,3.7262905,-0.78273669
38492.4238282919,3.7262905,-0.78313123
38493.4238283394,3.7261329,-0.78372296
38494.4238283869,3.7260935,-0.78293396
38495.4238284344,3.7259362,-0.78411743
38496.4238284819,3.7259362,-0.78352576
38497.4238285294,3.7260542,-0.78273669
38498.4238285769,3.7258573,-0.78273669
38499.4238286244,3.7258573,-0.78411743
38500.4238286719,3.7256999,-0.78510376
38501.4238287194,3.725621,-0.78332843
38502.4238287669,3.7255816,-0.78510376
38503.4238288144,3.7255816,-0.78451196
38504.4238288619,3.725503,-0.78510376
38505.4238289094,3.725385,-0.78352576
38506.4238289569,3.7252667,-0.78273669
38507.4238290044,3.725188,-0.78411743
38508.4238290519,3.7251487,-0.78372296
38509.4238290994,3.7251091,-0.7821449
38510.4238291468,3.7251091,-0.78372296
38511.4238291943,3.7250698,-0.78372296
38512.4238292418,3.7248731,-0.78372296
38513.4238292893,3.7249124,-0.78332843
38514.4238293368,3.7248731,-0.78392023
38515.4238293843,3.7247941,-0.78451196
38516.4238294318,3.7247548,-0.78332843
38517.4238294793,3.7247548,-0.78352576
38518.4238295268,3.7244399,-0.78352576
38519.4238295743,3.7243612,-0.78352576
38520.4238296218,3.7244399,-0.78392023
38521.4238296693,3.7243612,-0.78392023
38522.4238297168,3.7241642,-0.78451196
38523.4238297643,3.7242036,-0.78332843
38524.4238298118,3.7241642,-0.78392023
38525.4238298593,3.7240856,-0.78332843
38526.4238299068,3.7240462,-0.78372296
38527.4238299543,3.7240067,-0.78352576
38528.4238300018,3.72381,-0.78352576
38529.4238300493,3.7238493,-0.78332843
38530.4238300968,3.72381,-0.78293396
38531.4238301443,3.7237706,-0.78372296
38532.4238301918,3.7236917,-0.78372296
38533.4238302393,3.7236524,-0.78313123
38534.4238302868,3.7235737,-0.78293396
38535.4238303343,3.723495,-0.78372296
38536.4238303818,3.7233768,-0.78431476
38537.4238304293,3.7232981,-0.78273669
38538.4238304768,3.7232192,-0.78352576
38539.4238305243,3.7232192,-0.78332843
38540.4238305718,3.7231798,-0.78352576
38541.4238306193,3.7231011,-0.78332843
38542.4238306668,3.7230618,-0.78313123
38543.4238307143,3.7230618,-0.78451196
38544.4238307618,3.7229831,-0.78175043
38545.4238308093,3.7228649,-0.78352576
38546.4238308568,3.7228255,-0.78352576
38547.4238309043,3.7227468,-0.78352576
38548.4238309518,3.7226679,-0.78273669
38549.4238309992,3.7225893,-0.78332843
38550.4238310467,3.7223923,-0.78352576
38551.4238310942,3.7223923,-0.78332843
38552.4238311417,3.7223136,-0.78352576
38553.4238311892,3.7223136,-0.78411743
38554.4238312367,3.7222743,-0.78372296
38555.4238312842,3.7221563,-0.78313123
38556.4238313317,3.7219987,-0.78293396
38557.4238313792,3.722038,-0.78234222
38558.4238314267,3.7219987,-0.78352576
38559.4238314742,3.7219594,-0.78372296
38560.4238315217,3.7218018,-0.78332843
38561.4238315692,3.7217624,-0.78273669
38562.4238316167,3.7217231,-0.78352576
38563.4238316642,3.7216051,-0.78313123
38564.4238317117,3.7215261,-0.78451196
38565.4238317592,3.7215261,-0.78392023
38566.4238318067,3.7215261,-0.78313123
38567.4238318542,3.7214081,-0.78392023
38568.4238319017,3.7214081,-0.78352576
38569.4238319492,3.7212899,-0.78332843
38570.4238319967,3.7212112,-0.78490649
38571.4238320442,3.7211325,-0.78293396
38572.4238320917,3.7211325,-0.78470929
38573.4238321392,3.7210143,-0.78253943
38574.4238321867,3.7209749,-0.78392023
38575.4238322342,3.7209356,-0.78352576
38576.4238322817,3.720778,-0.78253943
38577.4238323292,3.720778,-0.78451196
38578.4238323767,3.7205813,-0.78372296
38579.4238324242,3.720542,-0.78293396
38580.4238324717,3.720542,-0.78273669
38581.4238325192,3.7205024,-0.78273669
38582.4238325667,3.720345,-0.78313123
38583.4238326142,3.7203844,-0.78194769
38584.4238326617,3.7203844,-0.78431476
38585.4238327092,3.7201874,-0.78609003
38586.4238327567,3.7201087,-0.78490649
38587.4238328042,3.7201481,-0.78431476
38588.4238328516,3.7201087,-0.78253943
38589.4238328991,3.7200694,-0.78293396
38590.4238329466,3.7199512,-0.78392023
38591.4238329941,3.7197151,-0.78332843
38592.4238330416,3.7197151,-0.78372296
38593.4238330891,3.7198331,-0.78332843
38594.4238331366,3.7195575,-0.78392023
38595.4238331841,3.7195969,-0.78234222
38596.4238332316,3.7195575,-0.78431476
38597.4238332791,3.7194788,-0.78392023
38598.4238333266,3.7193999,-0.78313123
38599.4238333741,3.7193606,-0.78293396
38600.4238334216,3.7192032,-0.78392023
38601.4238334691,3.7191637,-0.78372296
38602.4238335166,3.719085,-0.78392023
38603.4238335641,3.7190456,-0.78273669
38604.4238336116,3.7190063,-0.78234222
38605.4238336591,3.7189276,-0.78411743
38606.4238337066,3.7188487,-0.78253943
38607.4238337541,3.7188094,-0.78253943
38608.4238338016,3.7188094,-0.78352576
38609.4238338491,3.718652,-0.78372296
38610.4238338966,3.7185338,-0.78332843
38611.4238339441,3.7185731,-0.78234222
38612.4238339916,3.7185338,-0.78293396
38613.4238340391,3.7184551,-0.78273669
38614.4238340866,3.7183368,-0.78332843
38615.4238341341,3.7182188,-0.78293396
38616.4238341816,3.7182188,-0.78234222
38617.4238342291,3.7181401,-0.78352576
38618.4238342766,3.7181795,-0.78352576
38619.4238343241,3.7179825,-0.78253943
38620.4238343716,3.7179825,-0.7821449
38621.4238344191,3.7178645,-0.78313123
38622.4238344666,3.7178252,-0.78510376
38623.4238345141,3.7179039,-0.78253943
38624.4238345616,3.7177463,-0.78431476
38625.4238346091,3.7175889,-0.78273669
38626.4238346566,3.71751,-0.78431476
38627.4238347041,3.7176282,-0.78332843
38628.4238347515,3.7174706,-0.78411743
38629.423834799,3.7172344,-0.78234222
38630.4238348465,3.7173133,-0.78253943
38631.423834894,3.7173526,-0.78411743
38632.4238349415,3.7171164,-0.78352576
38633.423834989,3.7171557,-0.78332843
38634.4238350365,3.7170377,-0.78372296
38635.423835084,3.7170377,-0.78411743
38636.4238351315,3.7169981,-0.78352576
38637.423835179,3.7168801,-0.78392023
38638.4238352265,3.7168014,-0.78352576
38639.423835274,3.7166438,-0.78332843
38640.4238353215,3.7167225,-0.7821449
38641.423835369,3.7165651,-0.78372296
38642.4238354165,3.7165258,-0.78313123
38643.423835464,3.7164469,-0.78352576
38644.4238355115,3.7164075,-0.78392023
38645.423835559,3.7163682,-0.78411743
38645.9858355857,3.7162895,-0.78392023
38645.9878355858,3.7163682,-0.78352576
38646.0298355878,3.7717278,0
38706.0298384376,3.8112593,0
38766.0298412875,3.8185828,0
38826.0298441373,3.822717,0
38886.0298469872,3.8253157,0
38946.029849837,3.827245,0
39006.0298526869,3.828505,0
39066.0298555367,3.8295681,0
39126.0298583866,3.830513,0
39186.0298612364,3.8313792,0
39246.0298640863,3.8321667,0
39306.0298669361,3.8329148,0
39366.029869786,3.8333874,0
39426.0298726358,3.8339386,0
39486.0298754856,3.8345685,0
39546.0298783355,3.8349624,0
39606.0298811853,3.8354347,0
39666.0298840352,3.8359072,0
39726.029886885,3.8364584,0
39786.0298897349,3.8370097,0
39846.0298925847,3.8374035,0
39906.0298954346,3.8377185,0
39966.0298982844,3.8382304,0
40026.0299011343,3.8384666,0
40086.0299039841,3.8387816,0
40146.029906834,3.8390965,0
40206.0299096838,3.8395691,0
40266.0299125337,3.839884,0
40326.0299153835,3.840199,0
40386.0299182334,3.8405533,0
40446.0299210832,3.8408682,0
40506.029923933,3.8411438,0
40566.0299267829,3.8416164,0
40626.0299296327,3.8420889,0
40686.0299324826,3.8424039,0
40746.0299353324,3.8426402,0
40806.0299381823,3.8429945,0
40866.0299410321,3.843467,0
40926.029943882,3.8437033,0
40986.0299467318,3.8441758,0
41046.0299495817,3.8443332,0
41106.0299524315,3.8446877,0
41166.0299552814,3.8451207,0
41226.0299581312,3.8455145,0
41286.0299609811,3.8457901,0
41346.0299638309,3.8461838,0
41406.0299666808,3.846302,0
41466.0299695306,3.846735,0
41526.0299723804,3.8470106,0
41586.0299752303,3.8474045,0
41646.0299780801,3.8476801,0
41706.02998093,3.8480344,0
41766.0299837798,3.8483493,0
41826.0299866297,3.8486643,0
41886.0299894795,3.8489792,0
41946.0299923294,3.8493338,0
42006.0299951792,3.8494911,0
42066.0299980291,3.849885,0
42126.0300008789,3.8500819,0
42186.0300037288,3.8503575,0
42246.0640065802,3.8503575,0
42246.0660065803,3.5824971,-5.0761626
42246.1660065851,3.4232693,-5.2710493
42246.2660065898,3.4079528,-5.2937339
42246.3660065946,3.4011018,-5.2773613
42246.4660065993,3.3965738,-5.2834766
42246.5660066041,3.3932271,-5.2866323
42246.6660066088,3.390589,-5.2976782
42246.7660066136,3.3887777,-5.2846602
42246.8660066183,3.3868484,-5.2909722
42246.9660066231,3.3855884,-5.2876187
42247.0660066278,3.384171,-5.2862378
42247.1660066326,3.3829505,-5.2820952
42247.2660066373,3.3818085,-5.2876187
42247.3660066421,3.3808243,-5.2878164
42247.4660066468,3.3799186,-5.2874214
42247.5660066516,3.3789737,-5.2860405
42247.6660066563,3.3782649,-5.2876187
42247.7660066611,3.377517,-5.2858433
42247.8660066658,3.3768475,-5.2866323
42247.9660066706,3.3762176,-5.2866323
42248.0660066753,3.3752725,-5.2884072
42248.1660066801,3.3748002,-5.2848574
42248.2660066848,3.3741307,-5.2872241
42248.3660066896,3.3735402,-5.2876187
42248.4660066943,3.3727133,-5.2852515
42248.5660066991,3.3725164,-5.2836738
42248.6660067038,3.3719258,-5.2862378
42248.7660067086,3.3714139,-5.2862378
42248.8660067133,3.3708627,-5.2907749
42248.9660067181,3.3704295,-5.2874214
42249.0660067228,3.369839,-5.2864351
42249.1660067276,3.3693271,-5.288605
42249.2660067323,3.3689728,-5.2832793
42249.3660067371,3.3686185,-5.2897886
42249.4660067418,3.3681066,-5.2868296
42249.5660067466,3.3677521,-5.2905776
42249.6660067513,3.3672404,-5.2895913
42249.7660067561,3.3669252,-5.2862378
42249.8660067608,3.3664529,-5.2858433
42249.9660067656,3.3660197,-5.2905776
42250.0660067703,3.3656261,-5.2891968
42250.1660067751,3.3652716,-5.2860405
42250.2660067798,3.364996,-5.2864351
42250.3660067846,3.364563,-5.2880137
42250.4660067893,3.3642085,-5.2899858
42250.5660067941,3.3638935,-5.285646
42250.6660067988,3.3635786,-5.285646
42250.7660068036,3.3631847,-5.2868296
42250.8660068083,3.3627517,-5.2874214
42250.9660068131,3.3623579,-5.2874214
42251.0660068178,3.3621612,-5.2888022
42251.1660068226,3.3618462,-5.2878164
42251.2660068273,3.3614917,-5.3008345
42251.3660068321,3.3609798,-5.2868296
42251.4660068368,3.3609798,-5.28821
42251.5660068416,3.3605468,-5.2852515
42251.6660068463,3.3601923,-5.2901831
42251.7660068511,3.3599956,-5.2876187
42251.8660068558,3.3595231,-5.2907749
42251.9660068606,3.3593261,-5.2874214
42252.0660068653,3.3590899,-5.2872241
42252.1660068701,3.3587356,-5.289394
42252.2660068748,3.3585386,-5.2868296
42252.3660068796,3.358145,-5.2862378
42252.4660068843,3.3579874,-5.2880137
42252.5660068891,3.3575544,-5.2905776
42252.6660068938,3.3574755,-5.2878164
42252.7660068986,3.3571999,-5.2895913
42252.8660069033,3.3568456,-5.2864351
42252.9660069081,3.3566487,-5.2874214
42253.0660069128,3.356452,-5.2824897
42253.1660069176,3.3560188,-5.2899858
42253.2660069223,3.3558612,-5.2874214
42253.3660069271,3.3555069,-5.2895913
42253.4660069318,3.35531,-5.2862378
42253.5660069366,3.3551133,-5.2872241
42253.6660069413,3.3549163,-5.2876187
42253.7660069461,3.3547587,-5.2872241
42253.8660069508,3.3542469,-5.2888022
42253.9660069556,3.3541682,-5.2870269
42254.0660069603,3.3538532,-5.2880137
42254.1660069651,3.3536956,-5.2878164
42254.2660069698,3.3533413,-5.2913662
42254.3660069746,3.3531051,-5.2872241
42254.4660069793,3.3529477,-5.2888022
42254.5660069841,3.3525932,-5.288605
42254.6660069888,3.3523176,-5.2889995
42254.7660069936,3.3522389,-5.2884072
42254.8660069983,3.3520813,-5.285646
42254.9660070031,3.3518057,-5.2868296
42255.0660070078,3.3515694,-5.2864351
42255.1660070125,3.3513334,-5.2870269
42255.2660070173,3.3511758,-5.2864351
42255.366007022,3.3509789,-5.2891968
42255.4660070268,3.3507822,-5.2897886
42255.5660070315,3.3505852,-5.2872241
42255.6660070363,3.3502703,-5.289394
42255.766007041,3.350034,-5.288605
42255.8660070458,3.3498764,-5.289394
42255.9660070505,3.3496795,-5.2862378
42256.0660070553,3.3494434,-5.2878164
42256.16600706,3.3494828,-5.2870269
42256.2660070648,3.3491282,-5.2862378
42256.3660070695,3.3490102,-5.2852515
42256.4660070743,3.3486559,-5.2880137
42256.566007079,3.3486559,-5.2874214
42256.6660070838,3.3483014,-5.2888022
42256.7660070885,3.3482621,-5.2868296
42256.8660070933,3.3478684,-5.2870269
42256.966007098,3.3477895,-5.2860405
42257.0660071028,3.3476322,-5.2884072
42257.1660071075,3.3475535,-5.288605
42257.2660071123,3.3471596,-5.2860405
42257.366007117,3.3470416,-5.2884072
42257.4660071218,3.3469234,-5.2874214
42257.5660071265,3.3466871,-5.2870269
42257.6660071313,3.3466084,-5.2864351
42257.766007136,3.3464115,-5.2864351
42257.8660071408,3.3460572,-5.2888022
42257.9660071455,3.3459785,-5.2915635
42258.0660071503,3.3457422,-5.2917607
42258.166007155,3.345624,-5.2880137
42258.2660071598,3.3454666,-5.2872241
42258.3660071645,3.3453484,-5.2860405
42258.4660071693,3.3450334,-5.2870269
42258.566007174,3.3449941,-5.2860405
42258.6660071788,3.3447971,-5.289394
42258.7660071835,3.3447578,-5.2876187
42258.8660071883,3.3445609,-5.2874214
42258.966007193,3.3444428,-5.2872241
42259.0660071978,3.3440492,-5.2872241
42259.1660072025,3.3441279,-5.2862378
42259.2660072073,3.3438916,-5.2888022
42259.366007212,3.343734,-5.2864351
42259.4660072168,3.3435767,-5.2872241
42259.5660072215,3.3433797,-5.2889995
42259.6660072263,3.3433797,-5.2834766
42259.766007231,3.3431828,-5.2866323
42259.8660072358,3.3429465,-5.2891968
42259.9660072405,3.3429072,-5.2901831
42260.0660072453,3.3426709,-5.2866323
42260.16600725,3.3425136,-5.2862378
42260.2660072548,3.3423166,-5.2850542
42260.3660072595,3.3421593,-5.2884072
42260.4660072643,3.342041,-5.2878164
42260.566007269,3.3420017,-5.2866323
42260.6660072738,3.3417654,-5.2880137
42260.7660072785,3.3416867,-5.28821
42260.8660072833,3.3414898,-5.2878164
42260.966007288,3.3412929,-5.2868296
42261.0660072928,3.3411355,-5.2878164
42261.1660072975,3.3410566,-5.2895913
42261.2660073023,3.3408992,-5.2878164
42261.366007307,3.340781,-5.2870269
42261.4660073118,3.3405843,-5.2866323
42261.5660073165,3.3404267,-5.2891968
42261.6660073213,3.3405054,-5.2852515
42261.766007326,3.3402297,-5.2880137
42261.8660073308,3.3402297,-5.2860405
42261.9660073355,3.3399541,-5.2888022
42262.0660073403,3.3398755,-5.2872241
42262.166007345,3.3396785,-5.2878164
42262.2660073498,3.3396785,-5.2888022
42262.3660073545,3.3395212,-5.2905776
42262.4660073593,3.3392456,-5.2878164
42262.566007364,3.3392456,-5.2876187
42262.6660073688,3.3389699,-5.2888022
42262.7660073735,3.3390093,-5.2872241
42262.8660073783,3.338891,-5.2876187
42262.966007383,3.338773,-5.2860405
42263.0660073878,3.3385761,-5.2901831
42263.1660073925,3.3385367,-5.2878164
42263.2660073973,3.3384974,-5.2878164
42263.366007402,3.3382218,-5.2888022
42263.4660074068,3.3381038,-5.2862378
42263.5660074115,3.3381038,-5.2880137
42263.6660074163,3.3378675,-5.28821
42263.766007421,3.3377099,-5.28821
42263.8660074258,3.3377886,-5.2876187
42263.9660074305,3.3374736,-5.288605
42264.0660074353,3.337395,-5.288605
42264.16600744,3.3373556,-5.2880137
42264.2660074448,3.3373163,-5.28821
42264.3660074495,3.3370407,-5.2880137
42264.4660074543,3.33708,-5.2876187
42264.566007459,3.3368044,-5.2891968
42264.6660074638,3.3367255,-5.2880137
42264.7660074685,3.3365288,-5.2889995
42264.8660074733,3.3365681,-5.288605
42264.966007478,3.3365288,-5.2880137
42265.0660074828,3.3363318,-5.2889995
42265.1660074875,3.3363318,-5.2884072
42265.2660074923,3.3361349,-5.2870269
42265.366007497,3.3360169,-5.2888022
42265.4660075018,3.3359776,-5.2860405
42265.5660075065,3.33582,-5.2870269
42265.6660075113,3.335623,-5.2876187
42265.766007516,3.335623,-5.28821
42265.8660075208,3.3355837,-5.285646
42265.9660075255,3.3354657,-5.2870269
42266.0660075303,3.3354263,-5.2888022
42266.166007535,3.3352687,-5.2868296
42266.2660075398,3.3351507,-5.2889995
42266.3660075445,3.3349931,-5.2897886
42266.4660075493,3.3349538,-5.2868296
42266.566007554,3.3349144,-5.2864351
42266.6660075588,3.3346782,-5.2945225
42266.7660075635,3.3347175,-5.2874214
42266.8660075683,3.3344812,-5.2905776
42266.966007573,3.3344812,-5.2870269
42267.0660075778,3.3342056,-5.3049771
42267.1660075825,3.3342843,-5.2870269
42267.2660075873,3.3341663,-5.2852515
42267.366007592,3.3340876,-5.2864351
42267.4660075968,3.3339694,-5.2866323
42267.5660076015,3.3338907,-5.2876187
42267.6660076063,3.3337724,-5.289394
42267.766007611,3.3337331,-5.28821
42267.8660076158,3.3336937,-5.2866323
42267.9660076205,3.3335757,-5.2889995
42268.0660076253,3.3334575,-5.28821
42268.16600763,3.3332608,-5.2899858
42268.2660076348,3.3332608,-5.2878164
42268.3660076395,3.3332212,-5.2870269
42268.4660076443,3.3330638,-5.2889995
42268.566007649,3.3330245,-5.289394
42268.6660076538,3.3329852,-5.2878164
42268.7660076585,3.3329062,-5.2864351
42268.8660076633,3.3328669,-5.2864351
42268.966007668,3.3325913,-5.2913662
42269.0660076728,3.3327489,-5.2864351
42269.1660076775,3.3325126,-5.2878164
42269.2660076823,3.3324733,-5.28821
42269.366007687,3.3323944,-5.2868296
42269.4660076918,3.332355,-5.2891968
42269.5660076965,3.3322763,-5.2874214
42269.6660077013,3.3321977,-5.2870269
42269.766007706,3.3321977,-5.2854487
42269.8660077108,3.3321977,-5.2846602
42269.9660077155,3.3318825,-5.2874214
42270.0660077203,3.3318825,-5.285646
42270.166007725,3.3317645,-5.288605
42270.2660077298,3.3317645,-5.2852515
42270.3660077345,3.3316858,-5.2860405
42270.4660077393,3.3316858,-5.2850542
42270.566007744,3.3315282,-5.2874214
42270.6660077488,3.3310163,-5.2933394
42270.7660077535,3.3313313,-5.2848574
42270.8660077583,3.3313708,-5.2878164
42270.966007763,3.3312919,-5.2872241
42271.0660077678,3.3310952,-5.2878164
42271.1660077725,3.3310952,-5.2876187
42271.2660077773,3.330977,-5.285646
42271.366007782,3.3309376,-5.2866323
42271.4660077868,3.3308589,-5.2858433
42271.5660077915,3.3308196,-5.28821
42271.6660077963,3.3306227,-5.2876187
42271.766007801,3.3307014,-5.2878164
42271.8660078058,3.3305833,-5.2889995
42271.9660078105,3.330662,-5.285646
42272.0660078153,3.3303864,-5.2860405
42272.16600782,3.3303864,-5.2872241
42272.2660078248,3.3303077,-5.2870269
42272.3660078295,3.3303077,-5.2880137
42272.4660078343,3.3301501,-5.2889995
42272.566007839,3.3301895,-5.2878164
42272.6660078438,3.3299532,-5.2876187
42272.7660078485,3.3299925,-5.2876187
42272.8660078533,3.3298352,-5.2915635
42272.966007858,3.3299925,-5.2820952
42273.0660078628,3.3298352,-5.2860405
42273.1660078675,3.3297565,-5.2866323
42273.2660078723,3.3297565,-5.2860405
42273.366007877,3.3295989,-5.2888022
42273.4660078818,3.3295596,-5.2880137
42273.5660078865,3.3294809,-5.2880137
42273.6660078913,3.3294809,-5.2848574
42273.766007896,3.3294809,-5.2862378
42273.8660079008,3.3294413,-5.2880137
42273.9660079055,3.3292053,-5.2876187
42274.0660079103,3.3291657,-5.2884072
42274.166007915,3.3292446,-5.2852515
42274.2660079198,3.329087,-5.2868296
42274.3660079245,3.329087,-5.2864351
42274.4660079293,3.328969,-5.2864351
42274.566007934,3.3288114,-5.2880137
42274.6660079387,3.3288507,-5.2872241
42274.7660079435,3.3288114,-5.2860405
42274.8660079482,3.3287721,-5.2868296
42274.966007953,3.3286934,-5.2899858
42275.0660079577,3.3288507,-5.2850542
42275.1660079625,3.3288114,-5.2807148
42275.2660079672,3.3285751,-5.2888022
42275.366007972,3.3284571,-5.2864351
42275.4660079767,3.3284571,-5.2872241
42275.5660079815,3.3285751,-5.2860405
42275.6660079862,3.3283784,-5.2911694
42275.766007991,3.3282995,-5.2880137
42275.8660079957,3.3282602,-5.2854487
42275.9660080005,3.3283784,-5.2868296
42276.0640080052,3.3281815,-5.2860405
42276.1080080072,3.6626623,0
42276.208008012,3.710541,0
42276.3080080167,3.7198331,0
42276.4080080215,3.7241642,0
42276.5080080262,3.7269204,0
42276.608008031,3.7290859,0
42276.7080080357,3.7308972,0
42276.8080080405,3.7321966,0
42276.9080080452,3.7335353,0
42277.00800805,3.7345984,0
42277.1080080547,3.7357008,0
42277.2080080595,3.736449,0
42277.3080080642,3.7370789,0
42277.408008069,3.7377481,0
42277.5080080737,3.7386146,0
42277.6080080785,3.7393625,0
42277.7080080832,3.739835,0
42277.808008088,3.7404649,0
42277.9080080927,3.7410161,0
42278.0080080975,3.741607,0
42278.1080081022,3.7420793,0
42278.208008107,3.7425125,0
42278.3080081117,3.7431424,0
42278.4080081165,3.743418,0
42278.5080081212,3.7438905,0
42278.608008126,3.7442844,0
42278.7080081307,3.7447174,0
42278.8080081355,3.7451506,0
42278.9080081402,3.7455049,0
42279.008008145,3.7458198,0
42279.1080081497,3.7462924,0
42279.2080081545,3.7466466,0
42279.3080081592,3.7468436,0
42279.408008164,3.7471979,0
42279.5080081687,3.7475917,0
42279.6080081735,3.747828,0
42279.7080081782,3.7479854,0
42279.808008183,3.7483792,0
42279.9080081877,3.7488122,0
42280.0080081925,3.7491667,0
42280.1080081972,3.7493634,0
42280.208008202,3.7497573,0
42280.3080082067,3.7498753,0
42280.4080082115,3.7501903,0
42280.5080082162,3.7505054,0
42280.608008221,3.7506628,0
42280.7080082257,3.7510567,0
42280.8080082305,3.7512929,0
42280.9080082352,3.751529,0
42281.00800824,3.7517653,0
42281.1080082447,3.7520802,0
42281.2080082495,3.7522378,0
42281.3080082542,3.7524741,0
42281.408008259,3.7528284,0
42281.5080082637,3.7530253,0
42281.6080082685,3.7532616,0
42281.7080082732,3.7536159,0
42281.808008278,3.7538128,0
42281.9080082827,3.7540097,0
42282.0080082875,3.7541277,0
42282.1080082922,3.7544427,0
42282.208008297,3.7546003,0
42282.3080083017,3.7548759,0
42282.4080083065,3.7551908,0
42282.5080083112,3.7553484,0
42282.608008316,3.7554665,0
42282.7080083207,3.7556634,0
42282.8080083255,3.7558601,0
42282.9080083302,3.7560964,0
42283.008008335,3.756254,0
42283.1080083397,3.7564902,0
42283.2080083445,3.7566869,0
42283.3080083492,3.7568052,0
42283.408008354,3.7570808,0
42283.5080083587,3.7572384,0
42283.6080083635,3.7573957,0
42283.7080083682,3.7575533,0
42283.808008373,3.7577107,0
42283.9080083777,3.7579863,0
42284.0080083825,3.7581439,0
42284.1080083872,3.7583408,0
42284.208008392,3.7586164,0
42284.3080083967,3.7586558,0
42284.4080084015,3.7588527,0
42284.5080084062,3.7589707,0
42284.608008411,3.7591677,0
42284.7080084157,3.7594039,0
42284.8080084205,3.7596006,0
42284.9080084252,3.7597582,0
42285.00800843,3.7599552,0
42285.1080084347,3.7599552,0
42285.2080084395,3.7601912,0
42285.3080084442,3.7604671,0
42285.408008449,3.7604275,0
42285.5080084537,3.7606637,0
42285.6080084585,3.7609,0
42285.7080084632,3.7609394,0
42285.808008468,3.761215,0
42285.9080084727,3.7613332,0
42286.0080084775,3.7614906,0
42286.1080084822,3.7616875,0
42286.208008487,3.7618055,0
42286.3080084917,3.7618845,0
42286.4080084965,3.7620811,0
42286.5080085012,3.7621601,0
42286.608008506,3.762475,0
42286.7080085107,3.7625144,0
42286.8080085155,3.7627506,0
42286.9080085202,3.7628293,0
42287.008008525,3.7629476,0
42287.1080085297,3.7631049,0
42287.2080085345,3.7632232,0
42287.3080085392,3.7633805,0
42287.408008544,3.7635381,0
42287.5080085487,3.7637351,0
42287.6080085535,3.7638924,0
42287.7080085582,3.76405,0
42287.808008563,3.76405,0
42287.9080085677,3.764365,0
42288.0080085725,3.7642469,0
42288.1080085772,3.764483,0
42288.208008582,3.7646012,0
42288.3080085867,3.7647982,0
42288.4080085915,3.7648375,0
42288.5080085962,3.7649949,0
42288.608008601,3.7649949,0
42288.7080086057,3.7653494,0
42288.8080086105,3.7653494,0
42288.9080086152,3.7655854,0
42289.00800862,3.7657037,0
42289.1080086247,3.765861,0
42289.2080086295,3.7659793,0
42289.3080086342,3.7660186,0
42289.408008639,3.7662549,0
42289.5080086437,3.7663336,0
42289.6080086485,3.7665305,0
42289.7080086532,3.7665305,0
42289.808008658,3.7666485,0
42289.9080086627,3.7668061,0
42290.0080086675,3.7668848,0
42290.1080086722,3.7670424,0
42290.208008677,3.7672393,0
42290.3080086817,3.7674754,0
42290.4080086865,3.7673573,0
42290.5080086912,3.7674754,0
42290.608008696,3.7675936,0
42290.7080087007,3.7677906,0
42290.8080087055,3.7678299,0
42290.9080087102,3.7680662,0
42291.008008715,3.7681842,0
42291.1080087197,3.7681842,0
42291.2080087245,3.7683811,0
42291.3080087292,3.7684205,0
42291.408008734,3.7687354,0
42291.5080087387,3.7686567,0
42291.6080087435,3.7688537,0
42291.7080087482,3.7687747,0
42291.808008753,3.7689323,0
42291.9080087577,3.7691293,0
42292.0080087625,3.769208,0
42292.1080087672,3.7691686,0
42292.208008772,3.7694836,0
42292.3080087767,3.7695229,0
42292.4080087814,3.7696805,0
42292.5080087862,3.7697198,0
42292.6080087909,3.7697592,0
42292.7080087957,3.7699168,0
42292.8080088004,3.7699955,0
42292.9080088052,3.7700741,0
42293.0080088099,3.7703104,0
42293.1080088147,3.7703104,0
42293.2080088194,3.770468,0
42293.3080088242,3.7706254,0
42293.4080088289,3.770704,0
42293.5080088337,3.7708616,0
42293.6080088384,3.770901,0
42293.7080088432,3.770901,0
42293.8080088479,3.7710192,0
42293.9080088527,3.7712159,0
42294.0080088574,3.7712553,0
42294.1080088622,3.7711766,0
42294.2080088669,3.7714522,0
42294.3080088717,3.7716098,0
42294.4080088764,3.7716491,0
42294.5080088812,3.7717278,0
42294.6080088859,3.7718854,0
42294.7080088907,3.7719247,0
42294.8080088954,3.7720428,0
42294.9080089002,3.7721217,0
42295.0080089049,3.7722003,0
42295.1080089097,3.772161,0
42295.2080089144,3.7724366,0
42295.3080089192,3.772476,0
42295.4080089239,3.7727122,0
42295.5080089287,3.7725546,0
42295.6080089334,3.7727909,0
42295.7080089382,3.7729485,0
42295.8080089429,3.7728302,0
42295.9080089477,3.7729878,0
42296.0080089524,3.7731059,0
42296.1080089572,3.7733028,0
42296.2080089619,3.7733028,0
42296.3080089667,3.7733815,0
42296.4080089714,3.7735784,0
42296.5080089762,3.7736967,0
42296.6080089809,3.7736967,0
42296.7080089857,3.773736,0
42296.8080089904,3.7739723,0
42296.9080089952,3.7739327,0
42297.0080089999,3.7739723,0
42297.1080090047,3.7741296,0
42297.2080090094,3.7742872,0
42297.3080090142,3.7742083,0
42297.4080090189,3.7742479,0
42297.5080090237,3.7744446,0
42297.6080090284,3.7744446,0
42297.7080090332,3.7746415,0
42297.8080090379,3.7746022,0
42297.9080090427,3.7747991,0
42298.0080090474,3.7748778,0
42298.1080090522,3.7749171,0
42298.2080090569,3.7751141,0
42298.3080090617,3.7751141,0
42298.4080090664,3.7752321,0
42298.5080090712,3.7751927,0
42298.6080090759,3.7753503,0
42298.7080090807,3.7754683,0
42298.8080090854,3.7755077,0
42298.9080090902,3.7756653,0
42299.0080090949,3.7756653,0
42299.1080090997,3.7757046,0
42299.2080091044,3.7758622,0
42299.3080091092,3.7759409,0
42299.4080091139,3.7759802,0
42299.5080091187,3.7760196,0
42299.6080091234,3.7760589,0
42299.7080091282,3.7762952,0
42299.8080091329,3.7762952,0
42299.9080091377,3.7763739,0
42300.0080091424,3.7763739,0
42300.1080091472,3.7765315,0
42300.2080091519,3.7766495,0
42300.3080091567,3.7766495,0
42300.4080091614,3.7766495,0
42300.5080091662,3.7768071,0
42300.6080091709,3.7768857,0
42300.7080091757,3.7769647,0
42300.8080091804,3.777122,0
42300.9080091852,3.7771614,0
42301.0080091899,3.7772009,0
42301.1080091947,3.777319,0
42301.2080091994,3.7772009,0
42301.3080092042,3.7774765,0
42301.4080092089,3.7775159,0
42301.5080092137,3.7776339,0
42301.6080092184,3.7776732,0
42301.7080092232,3.7777126,0
42301.8080092279,3.7777522,0
42301.9080092327,3.7779882,0
42302.0080092374,3.7777915,0
42302.1080092422,3.7780278,0
42302.2080092469,3.7780671,0
42302.3080092517,3.7780278,0
42302.4080092564,3.7783821,0
42302.5080092612,3.7783427,0
42302.6080092659,3.7783034,0
42302.7080092707,3.7784214,0
42302.8080092754,3.7785394,0
42302.9080092802,3.7785394,0
42303.0080092849,3.778697,0
42303.1080092897,3.7786183,0
42303.2080092944,3.778697,0
42303.3080092992,3.7787757,0
42303.4080093039,3.7789333,0
42303.5080093087,3.7789726,0
42303.6080093134,3.779012,0
42303.7080093182,3.7790909,0
42303.8080093229,3.7791696,0
42303.9080093277,3.7792876,0
42304.0080093324,3.7792482,0
42304.1080093372,3.7792876,0
42304.2080093419,3.7794058,0
42304.3080093467,3.7794452,0
42304.4080093514,3.7795238,0
42304.5080093562,3.7796025,0
42304.6080093609,3.7796814,0
42304.7080093657,3.7797601,0
42304.8080093704,3.7797995,0
42304.9080093752,3.7798388,0
42305.0080093799,3.7800357,0
42305.1080093847,3.7799964,0
42305.2080093894,3.7799964,0
42305.3080093942,3.7801538,0
42305.4080093989,3.7801144,0
42305.5080094037,3.7803113,0
42305.6080094084,3.780272,0
42305.7080094132,3.7804294,0
42305.8080094179,3.7804294,0
42305.9080094227,3.7805476,0
42306.0080094274,3.7806656,0
42306.1080094322,3.780587,0
42306.2080094369,3.780705,0
42306.3080094417,3.780705,0
42306.4080094464,3.7808232,0
42306.5080094512,3.7808232,0
42306.6080094559,3.7810595,0
42306.7080094607,3.7810595,0
42306.8080094654,3.7811775,0
42306.9080094702,3.7812564,0
42307.0080094749,3.7812169,0
42307.1080094797,3.7812564,0
42307.2080094844,3.7813745,0
42307.3080094892,3.7814138,0
42307.4080094939,3.7814138,0
42307.5080094987,3.7814925,0
42307.6080095034,3.7814531,0
42307.7080095082,3.781532,0
42307.8080095129,3.7816894,0
42307.9080095177,3.7817681,0
42308.0080095224,3.7818077,0
42308.1080095272,3.7818077,0
42308.2080095319,3.7818863,0
42308.3080095367,3.7820437,0
42308.4080095414,3.781965,0
42308.5080095462,3.7820437,0
42308.6080095509,3.7820833,0
42308.7080095557,3.7822013,0
42308.8080095604,3.7822406,0
42308.9080095652,3.7823193,0
42309.0080095699,3.7823193,0
42309.1080095747,3.7824376,0
42309.2080095794,3.7824376,0
42309.3080095842,3.7825556,0
42309.4080095889,3.7825556,0
42309.5080095937,3.7826738,0
42309.6080095984,3.7826345,0
42309.7080096032,3.7827919,0
42309.8080096079,3.7828312,0
42309.9080096127,3.7828708,0
42310.0080096174,3.7829494,0
42310.1080096222,3.7829101,0
42310.2080096269,3.7830281,0
42310.3080096317,3.7831068,0
42310.4080096364,3.7830675,0
42310.5080096412,3.7832251,0
42310.6080096459,3.7832251,0
42310.7080096507,3.7833037,0
42310.8080096554,3.7833431,0
42310.9080096602,3.7833037,0
42311.0080096649,3.78354,0
42311.1080096697,3.78354,0
42311.2080096744,3.78354,0
42311.3080096792,3.7835793,0
42311.4080096839,3.7836976,0
42311.5080096887,3.7837369,0
42311.6080096934,3.7837763,0
42311.7080096982,3.7838156,0
42311.8080097029,3.7839336,0
42311.9080097076,3.7839336,0
42312.0080097124,3.7840519,0
42312.1080097171,3.7840912,0
42312.2080097219,3.7840519,0
42312.3080097266,3.7841306,0
42312.4080097314,3.7842488,0
42312.5080097361,3.7842882,0
42312.6080097409,3.7842488,0
42312.7080097456,3.7844062,0
42312.8080097504,3.7843275,0
42312.9080097551,3.7844455,0
42313.0080097599,3.7845638,0
42313.1080097646,3.7846031,0
42313.2080097694,3.7846031,0
42313.3080097741,3.7846031,0
42313.4080097789,3.7847211,0
42313.5080097836,3.7848394,0
42313.6080097884,3.7848001,0
42313.7080097931,3.7848394,0
42313.8080097979,3.7849181,0
42313.9080098026,3.7849574,0
42314.0080098074,3.7849574,0
42314.1080098121,3.7851543,0
42314.2080098169,3.785115,0
42314.3080098216,3.7850757,0
42314.4080098264,3.785233,0
42314.5080098311,3.785233,0
42314.6080098359,3.7853119,0
42314.7080098406,3.7853119,0
42314.8080098454,3.7853906,0
42314.9080098501,3.7854693,0
42315.0080098549,3.785548,0
42315.1080098596,3.7854693,0
42315.2080098644,3.7855086,0
42315.3080098691,3.7855086,0
42315.4080098739,3.7857056,0
42315.5080098786,3.7858632,0
42315.6080098834,3.7859025,0
42315.7080098881,3.7858236,0
42315.8080098929,3.7859025,0
42315.9080098976,3.7859418,0
42316.0080099024,3.7859025,0
42316.1440099088,3.9624548,0
42316.1460099089,3.9822204,3.7927612
42316.2460099137,4.0894747,3.9627939
42316.3460099184,4.0966406,3.9647664
42316.4460099232,4.1005387,3.9639773
42316.5460099279,4.1032948,3.9641746
42316.6460099327,4.1054211,3.9663445
42316.7460099374,4.1072321,3.9633857
42316.8460099422,4.1090436,3.9661472
42316.9460099469,4.1105003,3.9655554
42317.0460099517,4.111918,3.966936
42317.1460099564,4.1130991,3.9663445
42317.2460099612,4.1143198,3.9657527
42317.3460099659,4.1152644,3.9633857
42317.4460099707,4.1164455,3.9641746
42317.5460099754,4.1173906,3.9653579
42317.6460099802,4.1183357,3.9655554
42317.7460099849,4.1192808,3.9655554
42317.8460099897,4.1201863,3.9655554
42317.9460099944,4.1210132,3.9633857
42318.0460099992,4.1218004,3.9653579
42318.1460100039,4.1225486,3.9663445
42318.2460100087,4.1233363,3.9645691
42318.3460100134,4.1241632,3.9649636
42318.4460100182,4.1247535,3.9651606
42318.5460100229,4.1255412,3.9653579
42318.6460100277,4.126368,3.9657527
42318.7460100324,4.1269979,3.9661472
42318.8460100372,4.1276674,3.96595
42318.9460100419,4.1282973,3.9647664
42319.0460100467,4.1289668,3.9651606
42319.1460100514,4.129518,3.9647664
42319.2460100562,4.1301084,3.9649636
42319.3460100609,4.1307383,3.9651606
42319.4460100657,4.1313686,3.9649636
42319.5460100704,4.1321168,3.9651606
42319.6460100752,4.1324711,3.9643718
42319.7460100799,4.1331797,3.9651606
42319.8460100847,4.1338491,3.9653579
42319.9460100894,4.1343217,3.9649636
42320.0460100942,4.134912,3.9635828
42320.1460100989,4.1353455,3.9643718
42320.2460101037,4.1358967,3.9661472
42320.3460101084,4.1365266,3.9645691
42320.4460101132,4.1369991,3.9641746
42320.5460101179,4.1374321,3.9647664
42320.6460101227,4.1380224,3.9633857
42320.7460101274,4.1385345,3.9655554
42320.8460101322,4.1391253,3.9673306
42320.9460101369,4.1395187,3.9645691
42321.0460101417,4.1401486,3.9655554
42321.1460101464,4.1404243,3.9653579
42321.2460101512,4.1410151,3.9635828
42321.3460101559,4.1414876,3.9651606
42321.4460101607,4.1421571,3.9653579
42321.5460101654,4.1425114,3.9675278
42321.6460101702,4.1429839,3.9649636
42321.7460101749,4.1434565,3.9665417
42321.8460101797,4.1438894,3.9649636
42321.9460101844,4.144362,3.9641746
42322.0460101892,4.1449132,3.9641746
42322.1460101939,4.1453857,3.9651606
42322.2460101987,4.14574,3.9649636
42322.3460102034,4.1461334,3.9673306
42322.4460102082,4.1466851,3.9655554
42322.5460102129,4.1470785,3.9655554
42322.6460102177,4.1475906,3.9643718
42322.7460102224,4.1481023,3.9661472
42322.8460102272,4.1482992,3.9631885
42322.9460102319,4.1488109,3.96595
42323.0460102367,4.1494017,3.9655554
42323.1460102414,4.149756,3.9649636
42323.2460102462,4.1501102,3.9645691
42323.3460102509,4.1506615,3.9673306
42323.4460102557,4.1509767,3.9653579
42323.5460102604,4.1513705,3.9647664
42323.6460102652,4.1519217,3.9655554
42323.7460102699,4.1523151,3.9663445
42323.8460102747,4.1526699,3.9653579
42323.9460102794,4.153142,3.9681199
42324.0460102842,4.1535754,3.9645691
42324.1460102889,4.1539297,3.9647664
42324.2460102937,4.1543627,3.9655554
42324.3460102984,4.1546779,3.9657527
42324.4460103032,4.1551108,3.9647664
42324.5460103079,4.1555047,3.9653579
42324.6460103127,4.1560163,3.9649636
42324.7460103174,4.1562133,3.9649636
42324.8460103222,4.1566858,3.9655554
42324.9460103269,4.157001,3.9643718
42325.0460103317,4.1575913,3.9639773
42325.1460103364,4.1578279,3.9649636
42325.2460103412,4.1582608,3.9653579
42325.3460103459,4.1586151,3.9639773
42325.4460103507,4.1590481,3.9661472
42325.5460103554,4.1594028,3.9651606
42325.6460103602,4.1595993,3.9653579
42325.7460103649,4.1602297,3.9665417
42325.8460103697,4.160584,3.9645691
42325.9460103744,4.1610169,3.9645691
42326.0460103792,4.1612535,3.9643718
42326.1440103838,4.1616468,3.9655554
42326.190010386,3.8947711,0
42326.2900103908,3.8596103,0
42326.3900103955,3.8518929,0
42326.4900104003,3.8477194,0
42326.590010405,3.8451993,0
42326.6900104098,3.843152,0
42326.7900104145,3.8416164,0
42326.8900104193,3.8400807,0
42326.990010424,3.8389783,0
42327.0900104288,3.8380334,0
42327.1900104335,3.8372066,0
42327.2900104383,3.8363404,0
42327.390010443,3.8357103,0
42327.4900104478,3.8350804,0
42327.5900104525,3.8345292,0
42327.6900104573,3.8340173,0
42327.790010462,3.8335447,0
42327.8900104668,3.8329935,0
42327.9900104715,3.832521,0
42328.0900104763,3.8320487,0
42328.190010481,3.8317337,0
42328.2900104858,3.8314581,0
42328.3900104905,3.8308673,0
42328.4900104953,3.8307099,0
42328.5900105,3.8302767,0
42328.6900105048,3.8300405,0
42328.7900105095,3.8297648,0
42328.8900105143,3.8294106,0
42328.990010519,3.8292136,0
42329.0900105238,3.828938,0
42329.1900105285,3.8286231,0
42329.2900105333,3.8284261,0
42329.390010538,3.8281898,0
42329.4900105428,3.8278749,0
42329.5900105475,3.8277175,0
42329.6900105522,3.8274813,0
42329.790010557,3.8273237,0
42329.8900105617,3.8270874,0
42329.9900105665,3.82693,0
42330.0900105712,3.8267725,0
42330.190010576,3.8265755,0
42330.2900105807,3.8262606,0
42330.3900105855,3.8261032,0
42330.4900105902,3.8260639,0
42330.590010595,3.8258669,0
42330.6900105997,3.8256307,0
42330.7900106045,3.8254337,0
42330.8900106092,3.8254337,0
42330.990010614,3.8252368,0
42331.0900106187,3.8251581,0
42331.1900106235,3.8248432,0
42331.2900106282,3.8246856,0
42331.390010633,3.8245282,0
42331.4900106377,3.8244495,0
42331.5900106425,3.8243706,0
42331.6900106472,3.8242526,0
42331.790010652,3.8242133,0
42331.8900106567,3.824095,0
42331.9900106615,3.8238587,0
42332.0900106662,3.8237014,0
42332.190010671,3.8235831,0
42332.2900106757,3.8235044,0
42332.3900106805,3.8235438,0
42332.4900106852,3.8233864,0
42332.59001069,3.8232682,0
42332.6900106947,3.8231502,0
42332.7900106995,3.8229139,0
42332.8900107042,3.8227956,0
42332.990010709,3.8228745,0
42333.0900107137,3.822717,0
42333.1900107185,3.82252,0
42333.2900107232,3.8225596,0
42333.390010728,3.822402,0
42333.4900107327,3.8224807,0
42333.5900107375,3.822284,0
42333.6900107422,3.8221657,0
42333.790010747,3.8222444,0
42333.8900107517,3.822087,0
42333.9900107565,3.8219295,0
42334.0900107612,3.8219295,0
42334.190010766,3.8217721,0
42334.2900107707,3.8217721,0
42334.3900107755,3.8217328,0
42334.4900107802,3.8215358,0
42334.590010785,3.8214176,0
42334.6900107897,3.8214965,0
42334.7900107945,3.8214176,0
42334.8900107992,3.8212209,0
42334.990010804,3.8212209,0
42335.0900108087,3.8211026,0
42335.1900108135,3.8210633,0
42335.2900108182,3.8209846,0
42335.390010823,3.8209057,0
42335.4900108277,3.820827,0
42335.5900108325,3.8207483,0
42335.6900108372,3.8208663,0
42335.790010842,3.8208663,0
42335.8900108467,3.820709,0
42335.9900108515,3.8205514,0
42336.0900108562,3.8205907,0
42336.190010861,3.8205121,0
42336.2900108657,3.8203545,0
42336.3900108705,3.8204334,0
42336.4900108752,3.8203151,0
42336.59001088,3.8202364,0
42336.6900108847,3.8201971,0
42336.7900108895,3.8201971,0
42336.8900108942,3.8201971,0
42336.990010899,3.8200002,0
42337.0900109037,3.8200002,0
42337.1900109085,3.8200002,0
42337.2900109132,3.8199608,0
42337.390010918,3.8199215,0
42337.4900109227,3.8197246,0
42337.5900109275,3.8198032,0
42337.6900109322,3.8196852,0
42337.790010937,3.8198032,0
42337.8900109417,3.819567,0
42337.9900109465,3.8196852,0
42338.0900109512,3.8196459,0
42338.190010956,3.819567,0
42338.2900109607,3.8194883,0
42338.3900109655,3.8194096,0
42338.4900109702,3.8194096,0
42338.590010975,3.8193309,0
42338.6900109797,3.8194489,0
42338.7900109845,3.8194489,0
42338.8900109892,3.8193309,0
42338.990010994,3.8191733,0
42339.0900109987,3.8191733,0
42339.1900110035,3.819134,0
42339.2900110082,3.8190553,0
42339.390011013,3.8190947,0
42339.4900110177,3.8190947,0
42339.5900110225,3.8189764,0
42339.6900110272,3.8189371,0
42339.790011032,3.8189764,0
42339.8900110367,3.8189371,0
42339.9900110415,3.8187401,0
42340.0900110462,3.8188977,0
42340.190011051,3.818819,0
42340.2900110557,3.8189371,0
42340.3900110605,3.8187797,0
42340.4900110652,3.8186615,0
42340.59001107,3.8188584,0
42340.6900110747,3.8187008,0
42340.7900110795,3.8185828,0
42340.8900110842,3.8186221,0
42340.990011089,3.8186221,0
42341.0900110937,3.8185041,0
42341.1900110985,3.8185434,0
42341.2900111032,3.8184645,0
42341.390011108,3.8184645,0
42341.4900111127,3.8184645,0
42341.5900111175,3.8184645,0
42341.6900111222,3.8184252,0
42341.790011127,3.8182678,0
42341.8900111317,3.8183858,0
42341.9900111365,3.8183072,0
42342.0900111412,3.8182678,0
42342.190011146,3.8183072,0
42342.2900111507,3.8183072,0
42342.3900111555,3.8183072,0
42342.4900111602,3.8182678,0
42342.590011165,3.8181889,0
42342.6900111697,3.8181102,0
42342.7900111745,3.8181496,0
42342.8900111792,3.8181889,0
42342.990011184,3.8181102,0
42343.0900111887,3.8180709,0
42343.1900111935,3.8179922,0
42343.2900111982,3.8179526,0
42343.390011203,3.8180315,0
42343.4900112077,3.8179922,0
42343.5900112125,3.8180709,0
42343.6900112172,3.8179526,0
42343.790011222,3.8179133,0
42343.8900112267,3.8180315,0
42343.9900112315,3.817874,0
42344.0900112362,3.8179922,0
42344.190011241,3.8179133,0
42344.2900112457,3.8178346,0
42344.3900112505,3.8179133,0
42344.4900112552,3.8178346,0
42344.59001126,3.8177953,0
42344.6900112647,3.8179526,0
42344.7900112695,3.8178346,0
42344.8900112742,3.8178346,0
42344.990011279,3.8177559,0
42345.0900112837,3.8177559,0
42345.1900112885,3.8178346,0
42345.2900112932,3.8176377,0
42345.390011298,3.8177166,0
42345.4900113027,3.8177559,0
42345.5900113075,3.8177559,0
42345.6900113122,3.8177166,0
42345.790011317,3.8176377,0
42345.8900113217,3.8175983,0
42345.9900113265,3.8177166,0
42346.0900113312,3.8177559,0
42346.190011336,3.8175983,0
42346.2900113407,3.8175983,0
42346.3900113455,3.8175197,0
42346.4900113502,3.817559,0
42346.590011355,3.817677,0
42346.6900113597,3.8175983,0
42346.7900113645,3.8175197,0
42346.8900113692,3.817559,0
42346.990011374,3.8174803,0
42347.0900113787,3.8175197,0
42347.1900113835,3.8174803,0
42347.2900113882,3.8174014,0
42347.390011393,3.8175983,0
42347.4900113977,3.8174803,0
42347.5900114025,3.8174014,0
42347.6900114072,3.8175197,0
42347.790011412,3.817441,0
42347.8900114167,3.8174014,0
42347.9900114215,3.8174014,0
42348.0900114262,3.8173621,0
42348.190011431,3.8175197,0
42348.2900114357,3.8173621,0
42348.3900114405,3.8174014,0
42348.4900114452,3.8173621,0
42348.59001145,3.817441,0
42348.6900114547,3.8174014,0
42348.7900114595,3.8173621,0
42348.8900114642,3.8173621,0
42348.990011469,3.8172441,0
42349.0900114737,3.817441,0
42349.1900114784,3.8172834,0
42349.2900114832,3.8173227,0
42349.3900114879,3.8172047,0
42349.4900114927,3.8173621,0
42349.5900114974,3.8172047,0
42349.6900115022,3.8172834,0
42349.7900115069,3.8173227,0
42349.8900115117,3.8172834,0
42349.9900115164,3.8172441,0
42350.0900115212,3.8171258,0
42350.1900115259,3.8173227,0
42350.2900115307,3.8172441,0
42350.3900115354,3.8172047,0
42350.4900115402,3.8173227,0
42350.5900115449,3.8172441,0
42350.6900115497,3.8172047,0
42350.7900115544,3.8171654,0
42350.8900115592,3.8172047,0
42350.9900115639,3.8171258,0
42351.0900115687,3.8172834,0
42351.1900115734,3.8171654,0
42351.2900115782,3.8172834,0
42351.3900115829,3.8170865,0
42351.4900115877,3.8172441,0
42351.5900115924,3.8171654,0
42351.6900115972,3.8171654,0
42351.7900116019,3.8171258,0
42351.8900116067,3.8172047,0
42351.9900116114,3.8172441,0
42352.0900116162,3.8170865,0
42352.1900116209,3.8170078,0
42352.2900116257,3.8170865,0
42352.3900116304,3.8172047,0
42352.4900116352,3.8172441,0
42352.5900116399,3.8171654,0
42352.6900116447,3.8171654,0
42352.7900116494,3.8170865,0
42352.8900116542,3.8170078,0
42352.9900116589,3.8171258,0
42353.0900116637,3.8171654,0
42353.1900116684,3.8170865,0
42353.2900116732,3.8170078,0
42353.3900116779,3.8170865,0
42353.4900116827,3.8171258,0
42353.5900116874,3.8172047,0
42353.6900116922,3.8170865,0
42353.7900116969,3.8171654,0
42353.8900117017,3.8170471,0
42353.9900117064,3.8172047,0
42354.0900117112,3.8172834,0
42354.1900117159,3.8169684,0
42354.2900117207,3.8171258,0
42354.3900117254,3.8171258,0
42354.4900117302,3.8171654,0
42354.5900117349,3.8169291,0
42354.6900117397,3.8171258,0
42354.7900117444,3.8170865,0
42354.8900117492,3.8170471,0
42354.9900117539,3.8170865,0
42355.0900117587,3.8171654,0
42355.1900117634,3.8169684,0
42355.2900117682,3.8170471,0
42355.3900117729,3.8170865,0
42355.4900117777,3.8171258,0
42355.5900117824,3.8169684,0
42355.6900117872,3.8170865,0
42355.7900117919,3.8171654,0
42355.8900117967,3.8170471,0
42355.9900118014,3.8170865,0
42356.0900118062,3.8170865,0
42356.1900118109,3.8170078,0
42356.2900118157,3.8170471,0
42356.3900118204,3.8171654,0
42356.4900118252,3.8170865,0
42356.5900118299,3.8172047,0
42356.6900118347,3.8170865,0
42356.7900118394,3.8170471,0
42356.8900118442,3.8170471,0
42356.9900118489,3.8170078,0
42357.0900118537,3.8172441,0
42357.1900118584,3.8171654,0
42357.2900118632,3.8170078,0
42357.3900118679,3.8169291,0
42357.4900118727,3.8171258,0
42357.5900118774,3.8170865,0
42357.6900118822,3.8170471,0
42357.7900118869,3.8170078,0
42357.8900118917,3.8171258,0
42357.9900118964,3.8170865,0
42358.0900119012,3.8170471,0
42358.1900119059,3.8171258,0
42358.2900119107,3.8170471,0
42358.3900119154,3.8169684,0
42358.4900119202,3.8170078,0
42358.5900119249,3.8171654,0
42358.6900119297,3.8170471,0
42358.7900119344,3.8170471,0
42358.8900119392,3.8170865,0
42358.9900119439,3.8171654,0
42359.0900119487,3.8170471,0
42359.1900119534,3.8171654,0
42359.2900119582,3.8171654,0
42359.3900119629,3.8170078,0
42359.4900119677,3.8171258,0
42359.5900119724,3.8170471,0
42359.6900119772,3.8171258,0
42359.7900119819,3.8170865,0
42359.8900119867,3.8170865,0
42359.9900119914,3.8170865,0
42360.0900119962,3.8171654,0
42360.1900120009,3.8170865,0
42360.2900120057,3.8171258,0
42360.3900120104,3.8170471,0
42360.4900120152,3.8173227,0
42360.5900120199,3.8170471,0
42360.6900120247,3.8169684,0
42360.7900120294,3.8171258,0
42360.8900120342,3.8170078,0
42360.9900120389,3.8170865,0
42361.0900120437,3.8170078,0
42361.1900120484,3.8170471,0
42361.2900120532,3.8171258,0
42361.3900120579,3.8171258,0
42361.4900120627,3.8170865,0
42361.5900120674,3.8170471,0
42361.6900120722,3.8171258,0
42361.7900120769,3.8170865,0
42361.8900120817,3.8171258,0
42361.9900120864,3.8170078,0
42362.0900120912,3.8171258,0
42362.1900120959,3.8170078,0
42362.2900121007,3.8170865,0
42362.3900121054,3.8171258,0
42362.4900121102,3.8170865,0
42362.5900121149,3.8170865,0
42362.6900121197,3.8171258,0
42362.7900121244,3.8170865,0
42362.8900121292,3.8170865,0
42362.9900121339,3.8169684,0
42363.0900121387,3.8171654,0
42363.1900121434,3.8171258,0
42363.2900121482,3.8171258,0
42363.3900121529,3.8171258,0
42363.4900121577,3.8171258,0
42363.5900121624,3.8170865,0
42363.6900121672,3.8171654,0
42363.7900121719,3.8171654,0
42363.8900121767,3.8171654,0
42363.9900121814,3.8170471,0
42364.0900121862,3.8172834,0
42364.1900121909,3.8172441,0
42364.2900121957,3.8171654,0
42364.3900122004,3.8173227,0
42364.4900122052,3.8170865,0
42364.5900122099,3.8174014,0
42364.6900122147,3.8171654,0
42364.7900122194,3.8171258,0
42364.8900122242,3.8171654,0
42364.9900122289,3.8172047,0
42365.0900122337,3.8172047,0
42365.1900122384,3.8172047,0
42365.2900122432,3.8171258,0
42365.3900122479,3.8172441,0
42365.4900122527,3.8172441,0
42365.5900122574,3.8172834,0
42365.6900122622,3.8173621,0
42365.7900122669,3.8172441,0
42365.8900122717,3.8172441,0
42365.9900122764,3.8171258,0
42366.0900122812,3.8172441,0
42366.2220122874,3.7849967,0
42366.2240122875,3.7819257,-0.76873163
42367.224012335,3.7516472,-0.78293396
42368.2240123825,3.7499146,-0.78510376
42369.22401243,3.7485759,-0.78372296
42370.2240124775,3.7475131,-0.78332843
42371.224012525,3.7466466,-0.78332843
42372.2240125725,3.7459774,-0.78352576
42373.22401262,3.7451899,-0.78352576
42374.2240126675,3.7444024,-0.78332843
42375.224012715,3.7437725,-0.78194769
42376.2240127625,3.7433,-0.78293396
42377.22401281,3.7427881,-0.78372296
42378.2240128575,3.7421975,-0.78352576
42379.224012905,3.741607,-0.78431476
42380.2240129525,3.7410951,-0.78411743
42381.224013,3.7406225,-0.78234222
42382.2240130475,3.7401893,-0.78392023
42383.224013095,3.7397563,-0.78352576
42384.2240131425,3.7393231,-0.78332843
42385.22401319,3.7388902,-0.78352576
42386.2240132375,3.7384176,-0.78372296
42387.224013285,3.7380238,-0.78372296
42388.2240133325,3.7376301,-0.78273669
42389.22401338,3.7372363,-0.78451196
42390.2240134275,3.7368426,-0.78313123
42391.224013475,3.7364883,-0.78392023
42392.2240135225,3.7360945,-0.78313123
42393.22401357,3.7357795,-0.78352576
42394.2240136175,3.7354646,-0.78352576
42395.2240136649,3.7351103,-0.78372296
42396.2240137124,3.7346771,-0.78470929
42397.2240137599,3.7343621,-0.78352576
42398.2240138074,3.7340865,-0.78372296
42399.2240138549,3.7337716,-0.78293396
42400.2240139024,3.7334564,-0.78372296
42401.2240139499,3.7329841,-0.78313123
42402.2240139974,3.7327478,-0.78392023
42403.2240140449,3.7325115,-0.78332843
42404.2240140924,3.7321177,-0.78313123
42405.2240141399,3.7318816,-0.78352576
42406.2240141874,3.7315664,-0.78431476
42407.2240142349,3.7312515,-0.78490649
42408.2240142824,3.7309759,-0.78332843
42409.2240143299,3.7307396,-0.78372296
42410.2240143774,3.730464,-0.78332843
42411.2240144249,3.730149,-0.78273669
42412.2240144724,3.7298341,-0.78392023
42413.2240145199,3.7295585,-0.78332843
42414.2240145674,3.7292829,-0.78431476
42415.2240146149,3.7289679,-0.78431476
42416.2240146624,3.728653,-0.78451196
42417.2240147099,3.7284954,-0.78470929
42418.2240147574,3.7281804,-0.78470929
42419.2240148049,3.7279835,-0.78352576
42420.2240148524,3.7276292,-0.78411743
42421.2240148999,3.7274716,-0.78313123
42422.2240149474,3.727196,-0.78411743
42423.2240149949,3.7269597,-0.78293396
42424.2240150424,3.7266054,-0.78411743
42425.2240150899,3.7264874,-0.78253943
42426.2240151374,3.7261722,-0.78352576
42427.2240151849,3.7260149,-0.78411743
42428.2240152324,3.7257392,-0.78372296
42429.2240152799,3.7255816,-0.78411743
42430.2240153274,3.7254243,-0.78470929
42431.2240153749,3.7250698,-0.78411743
42432.2240154224,3.7247941,-0.78451196
42433.2240154699,3.7246761,-0.78352576
42434.2240155173,3.7244005,-0.78313123
42435.2240155648,3.7242036,-0.78352576
42436.2240156123,3.7240462,-0.78372296
42437.2240156598,3.7237706,-0.78431476
42438.2240157073,3.7236524,-0.78332843
42439.2240157548,3.7233768,-0.78273669
42440.2240158023,3.7231405,-0.78372296
42441.2240158498,3.7229831,-0.78451196
42442.2240158973,3.7227468,-0.78411743
42443.2240159448,3.7225106,-0.78332843
42444.2240159923,3.7223923,-0.78332843
42445.2240160398,3.722235,-0.78372296
42446.2240160873,3.72192,-0.78431476
42447.2240161348,3.7218018,-0.78313123
42448.2240161823,3.7217231,-0.78392023
42449.2240162298,3.7215261,-0.78332843
42450.2240162773,3.7212505,-0.78313123
42451.2240163248,3.7210932,-0.78451196
42452.2240163723,3.7209356,-0.78431476
42453.2240164198,3.7206993,-0.78549829
42454.2240164673,3.7206993,-0.78490649
42455.2240165148,3.720345,-0.78411743
42456.2240165623,3.7201874,-0.78352576
42457.2240166098,3.7199907,-0.78273669
42458.2240166573,3.7198331,-0.78352576
42459.2240167048,3.7195969,-0.78411743
42460.2240167523,3.7194788,-0.78490649
42461.2240167998,3.7193999,-0.78392023
42462.2240168473,3.719085,-0.78352576
42463.2240168948,3.718888,-0.78293396
42464.2240169423,3.7188094,-0.78352576
42465.2240169898,3.718652,-0.78392023
42466.2240170373,3.7184551,-0.78332843
42467.2240170848,3.7182975,-0.78332843
42468.2240171323,3.7180219,-0.78372296
42469.2240171798,3.7180612,-0.78352576
42470.2240172273,3.7179825,-0.78313123
42471.2240172748,3.7176676,-0.78194769
42472.2240173223,3.71751,-0.78313123
42473.2240173697,3.7173526,-0.78293396
42474.2240174172,3.717195,-0.78293396
42475.2240174647,3.7169588,-0.78372296
42476.2240175122,3.7169194,-0.78332843
42477.2240175597,3.7167225,-0.78392023
42478.2240176072,3.7165651,-0.78372296
42479.2240176547,3.7163682,-0.78392023
42480.2240177022,3.7162895,-0.78273669
42481.2240177497,3.7160926,-0.78490649
42482.2240177972,3.715935,-0.78372296
42483.2240178447,3.715817,-0.78392023
42484.2240178922,3.71562,-0.78352576
42485.2240179397,3.7154233,-0.78332843
42486.2240179872,3.7153051,-0.78392023
42487.2240180347,3.7151871,-0.78392023
42488.2240180822,3.7151477,-0.78411743
42489.2240181297,3.7148325,-0.78372296
42490.2240181772,3.7147145,-0.78234222
42491.2240182247,3.7147539,-0.78293396
42492.2240182722,3.7145176,-0.78372296
42493.2240183197,3.7143209,-0.78253943
42494.2240183672,3.7142026,-0.78352576
42495.2240184147,3.7140057,-0.78372296
42496.2240184622,3.7140057,-0.78372296
42497.2240185097,3.713809,-0.78352576
42498.2240185572,3.7136514,-0.78175043
42499.2240186047,3.7134545,-0.78392023
42500.2240186522,3.7134151,-0.78352576
42501.2240186997,3.7131395,-0.78431476
42502.2240187472,3.7131789,-0.78273669
42503.2240187947,3.7130215,-0.78372296
42504.2240188422,3.7127459,-0.78332843
42505.2240188897,3.7126276,-0.78372296
42506.2240189372,3.7126276,-0.78313123
42507.2240189847,3.7123127,-0.78392023
42508.2240190322,3.712352,-0.78332843
42509.2240190797,3.7120764,-0.78392023
42510.2240191272,3.7119977,-0.78313123
42511.2240191747,3.7118402,-0.78273669
42512.2240192221,3.7117221,-0.78293396
42513.2240192696,3.7116828,-0.78352576
42514.2240193171,3.7114859,-0.78352576
42515.2240193646,3.7114465,-0.78313123
42516.2240194121,3.7111709,-0.78332843
42517.2240194596,3.7110527,-0.78332843
42518.2240195071,3.7109346,-0.78392023
42519.2240195546,3.710856,-0.78411743
42520.2240196021,3.710777,-0.78372296
42521.2240196496,3.710659,-0.78352576
42522.2240196971,3.7104228,-0.78372296
42523.2240197446,3.7102652,-0.78352576
42524.2240197921,3.7102652,-0.78352576
42525.2240198396,3.7100685,-0.78392023
42526.2240198871,3.7099109,-0.78313123
42527.2240199346,3.7097929,-0.78392023
42528.2240199821,3.7096746,-0.78431476
42529.2240200296,3.7096746,-0.78411743
42530.2240200771,3.7095566,-0.78352576
42531.2240201246,3.709399,-0.78451196
42532.2240201721,3.709281,-0.78411743
42533.2240202196,3.709084,-0.78431476
42534.2240202671,3.709084,-0.78411743
42535.2240203146,3.7088084,-0.78332843
42536.2240203621,3.7087297,-0.78451196
42537.2240204096,3.7085721,-0.78332843
42538.2240204571,3.7084541,-0.78332843
42539.2240205046,3.7083359,-0.78293396
42540.2240205521,3.7082572,-0.78313123
42541.2240205996,3.7082572,-0.78332843
42542.2240206471,3.7080209,-0.78411743
42543.2240206946,3.7079029,-0.78431476
42544.2240207421,3.7078636,-0.78392023
42545.2240207896,3.7076666,-0.78372296
42546.2240208371,3.7075484,-0.78332843
42547.2240208846,3.707509,-0.78470929
42548.2240209321,3.7071548,-0.78392023
42549.2240209796,3.7071154,-0.78293396
42550.2240210271,3.7070367,-0.78352576
42551.2240210745,3.7068005,-0.78352576
42552.224021122,3.7068398,-0.78293396
42553.2240211695,3.7067611,-0.78332843
42554.224021217,3.7066035,-0.78273669
42555.2240212645,3.7064853,-0.78352576
42556.224021312,3.7063673,-0.78293396
42557.2240213595,3.706013,-0.78392023
42558.224021407,3.706131,-0.78332843
42559.2240214545,3.706013,-0.78332843
42560.224021502,3.7058554,-0.78431476
42561.2240215495,3.705698,-0.78392023
42562.224021597,3.7057374,-0.78510376
42563.2240216445,3.7055798,-0.7858927
42564.224021692,3.7053828,-0.78313123
42565.2240217395,3.7053435,-0.78352576
42566.224021787,3.7052255,-0.78352576
42567.2240218345,3.7050679,-0.78411743
42568.224021882,3.7050285,-0.78293396
42569.2240219295,3.7047923,-0.78510376
42570.224021977,3.7047136,-0.78293396
42571.2240220245,3.7046349,-0.78313123
42572.224022072,3.704556,-0.78510376
42573.2240221195,3.704438,-0.78273669
42574.224022167,3.704241,-0.78332843
42575.2240222145,3.704241,-0.78372296
42576.224022262,3.7040837,-0.78234222
42577.2240223095,3.7039654,-0.78273669
42578.224022357,3.7038081,-0.78411743
42579.2240224045,3.7036505,-0.78293396
42580.224022452,3.7036898,-0.78372296
42581.2240224995,3.7034929,-0.78313123
42582.224022547,3.7034142,-0.78293396
42583.2240225945,3.7033355,-0.78510376
42584.224022642,3.7030993,-0.78352576
42585.2240226895,3.7030993,-0.78332843
42586.224022737,3.7029417,-0.78293396
42587.2240227845,3.7028236,-0.78332843
42588.224022832,3.7026267,-0.78313123
42589.2240228795,3.702666,-0.78372296
42590.224022927,3.7024298,-0.78293396
42591.2240229744,3.7023904,-0.78411743
42592.2240230219,3.7022331,-0.78332843
42593.2240230694,3.7021937,-0.78313123
42594.2240231169,3.7020361,-0.78273669
42595.2240231644,3.7019181,-0.78451196
42596.2240232119,3.7017605,-0.78352576
42597.2240232594,3.7016425,-0.78273669
42598.2240233069,3.7016819,-0.78392023
42599.2240233544,3.7014849,-0.78273669
42600.2240234019,3.7013669,-0.78490649
42601.2240234494,3.7012093,-0.78352576
42602.2240234969,3.7011306,-0.78411743
42603.2240235444,3.7010911,-0.78194769
42604.2240235919,3.7010517,-0.78372296
42605.2240236394,3.7008944,-0.78352576
42606.2240236869,3.7007368,-0.78392023
42607.2240237344,3.7006974,-0.78273669
42608.2240237819,3.7005794,-0.78332843
42609.2240238294,3.7005398,-0.78352576
42610.2240238769,3.7003825,-0.78431476
42611.2240239244,3.7001855,-0.78372296
42612.2240239719,3.7000675,-0.78392023
42613.2240240194,3.6999493,-0.78332843
42614.2240240669,3.6999099,-0.78372296
42615.2240241144,3.6997526,-0.78313123
42616.2240241619,3.699595,-0.78332843
42617.2240242094,3.699477,-0.78451196
42618.2240242569,3.6995163,-0.78451196
42619.2240243044,3.6994374,-0.78332843
42620.2240243519,3.6992407,-0.78293396
42621.2240243994,3.6991224,-0.78451196
42622.2240244469,3.6990831,-0.78313123
42623.2240244944,3.6990438,-0.78451196
42624.2240245419,3.6989255,-0.78431476
42625.2240245894,3.6988075,-0.78372296
42626.2240246369,3.6986499,-0.78332843
42627.2240246844,3.6986105,-0.78372296
42628.2240247319,3.6984532,-0.78392023
42629.2240247794,3.6983743,-0.78372296
42630.2240248268,3.6982169,-0.78431476
42631.2240248743,3.6981382,-0.78372296
42632.2240249218,3.69802,-0.78372296
42633.2240249693,3.6979806,-0.78352576
42634.2240250168,3.697823,-0.78411743
42635.2240250643,3.697823,-0.78273669
42636.2240251118,3.697705,-0.78372296
42637.2240251593,3.697587,-0.78392023
42638.2240252068,3.6975081,-0.78313123
42639.2240252543,3.6973901,-0.78352576
42640.2240253018,3.6972325,-0.78431476
42641.2240253493,3.6971145,-0.78411743
42642.2240253968,3.6969569,-0.78313123
42643.2240254443,3.6969962,-0.78431476
42644.2240254918,3.6967995,-0.78451196
42645.2240255393,3.6967599,-0.78293396
42646.2240255868,3.6965239,-0.78253943
42647.2240256343,3.6964056,-0.78253943
42648.2240256818,3.696445,-0.78313123
42649.2240257293,3.6962483,-0.78411743
42650.2240257768,3.6961694,-0.78549829
42651.2240258243,3.6962087,-0.78392023
42652.2240258718,3.696012,-0.78352576
42653.2240259193,3.6958151,-0.78332843
42654.2240259668,3.6957757,-0.78253943
42655.2240260143,3.6956971,-0.78352576
42656.2240260618,3.6955001,-0.78253943
42657.2240261093,3.6955001,-0.78313123
42658.2240261568,3.6954212,-0.78451196
42659.2240262043,3.6951852,-0.78470929
42660.2240262518,3.6952639,-0.78352576
42661.2240262993,3.6949883,-0.78451196
42662.2240263468,3.6949883,-0.78313123
42663.2240263943,3.6948307,-0.78352576
42664.2240264418,3.6947913,-0.78431476
42665.2240264893,3.6947126,-0.78372296
42666.2240265368,3.6945944,-0.78530096
42667.2240265843,3.6945157,-0.78313123
42668.2240266318,3.6943188,-0.78372296
42669.2240266792,3.6942794,-0.78332843
42670.2240267267,3.6942008,-0.78510376
42671.2240267742,3.6941221,-0.78392023
42672.2240268217,3.6939645,-0.78411743
42673.2240268692,3.6938465,-0.78352576
42674.2240269167,3.6939251,-0.78293396
42675.2240269642,3.6937282,-0.78352576
42676.2240270117,3.6934919,-0.78510376
42677.2240270592,3.6934526,-0.78313123
42678.2240271067,3.6932952,-0.78293396
42679.2240271542,3.6932952,-0.78372296
42680.2240272017,3.693177,-0.78392023
42681.2240272492,3.693059,-0.78332843
42682.2240272967,3.6929014,-0.78470929
42683.2240273442,3.6929014,-0.78293396
42684.2240273917,3.692744,-0.78273669
42685.2240274392,3.6926258,-0.78411743
42686.2240274867,3.6925471,-0.78293396
42687.2240275342,3.6925077,-0.78470929
42688.2240275817,3.6923895,-0.78392023
42689.2240276292,3.6921928,-0.78313123
42690.2240276767,3.6921139,-0.78490649
42691.2240277242,3.6921139,-0.78411743
42692.2240277717,3.6919172,-0.78431476
42693.2240278192,3.6918383,-0.78293396
42694.2240278667,3.6918383,-0.78549829
42695.2240279142,3.6916809,-0.78411743
42696.2240279617,3.6914446,-0.78451196
42697.2240280092,3.6913657,-0.78470929
42698.2240280567,3.6913264,-0.78234222
42699.2240281042,3.691287,-0.78313123
42700.2240281517,3.6910901,-0.78372296
42701.2240281992,3.6910901,-0.78510376
42702.2240282467,3.6910114,-0.78372296
42703.2240282942,3.6909721,-0.78490649
42704.2240283417,3.6908145,-0.78451196
42705.2240283892,3.6906965,-0.78352576
42706.2240284367,3.6906178,-0.78332843
42707.2240284842,3.6904602,-0.78332843
42708.2240285316,3.6904209,-0.78313123
42709.2240285791,3.6903815,-0.78352576
42710.2240286266,3.6902633,-0.78451196
42711.2240286741,3.6901059,-0.78313123
42712.2240287216,3.6900272,-0.78273669
42713.2240287691,3.689909,-0.78490649
42714.2240288166,3.6898303,-0.78273669
42715.2240288641,3.6896334,-0.78352576
42716.2240289116,3.689594,-0.78372296
42717.2240289591,3.6895154,-0.78332843
42718.2240290066,3.6893971,-0.78451196
42719.2240290541,3.6893578,-0.78273669
42720.2240291016,3.6892397,-0.78332843
42721.2240291491,3.6891608,-0.78549829
42722.2240291966,3.6889641,-0.78352576
42723.2240292441,3.6889246,-0.78372296
42724.2240292916,3.6889246,-0.78194769
42725.2240293391,3.6888065,-0.78451196
42726.2240293866,3.6886489,-0.78411743
42727.2240294341,3.6884916,-0.78293396
42728.2240294816,3.6883733,-0.78451196
42729.2240295291,3.688334,-0.78352576
42730.2240295766,3.6880977,-0.78451196
42731.2240296241,3.6880977,-0.78313123
42732.2240296716,3.6879797,-0.78372296
42733.2240297191,3.688019,-0.78293396
42734.2240297666,3.6879797,-0.78352576
42735.2240298141,3.687901,-0.78352576
42736.2240298616,3.6876647,-0.78293396
42737.2240299091,3.6876254,-0.78372296
42738.2240299566,3.6874678,-0.78372296
42739.2240300041,3.6874285,-0.78352576
42740.2240300516,3.6873102,-0.78253943
42741.2240300991,3.6872315,-0.78313123
42742.2240301466,3.6871135,-0.78451196
42743.2240301941,3.6869559,-0.78313123
42744.2240302416,3.6868773,-0.78372296
42745.2240302891,3.6867986,-0.78431476
42746.2240303366,3.6867986,-0.78273669
42747.2240303841,3.6867197,-0.78411743
42748.2240304315,3.6864834,-0.78352576
42749.224030479,3.6864047,-0.78293396
42750.2240305265,3.6864047,-0.78332843
42751.224030574,3.6862471,-0.78332843
42752.2240306215,3.6861684,-0.78352576
42753.224030669,3.6861684,-0.78332843
42754.2240307165,3.6859715,-0.78411743
42755.224030764,3.6859715,-0.78372296
42756.2240308115,3.6858928,-0.78332843
42757.224030859,3.6856959,-0.78293396
42758.2240309065,3.6856565,-0.78352576
42759.224030954,3.6854599,-0.78253943
42760.2240310015,3.6853416,-0.78352576
42761.224031049,3.6853809,-0.78451196
42762.2240310965,3.6853023,-0.78332843
42763.224031144,3.6851842,-0.78273669
42764.2240311915,3.6851053,-0.78293396
42765.224031239,3.684948,-0.78273669
42766.2240312865,3.6849086,-0.78411743
42767.224031334,3.6847904,-0.78332843
42768.2240313815,3.684751,-0.78332843
42769.224031429,3.6846724,-0.78332843
42770.2240314765,3.6845934,-0.78352576
42771.224031524,3.6844361,-0.78549829
42772.2240315715,3.6842785,-0.78253943
42773.224031619,3.6841998,-0.78273669
42774.2240316665,3.6841998,-0.78411743
42775.224031714,3.6839242,-0.78392023
42776.2240317615,3.6838849,-0.78372296
42777.224031809,3.6838059,-0.78332843
42778.2240318565,3.6836486,-0.78372296
42779.224031904,3.6836092,-0.78451196
42780.2240319515,3.6835303,-0.78372296
42781.224031999,3.683491,-0.78372296
42782.2240320465,3.683373,-0.78332843
42783.224032094,3.683373,-0.78273669
42784.2240321415,3.6832943,-0.78372296
42785.224032189,3.6831367,-0.78332843
42786.2240322365,3.6829791,-0.78470929
42787.2240322839,3.6829398,-0.78313123
42788.2240323314,3.6829004,-0.78273669
42789.2240323789,3.6827431,-0.78451196
42790.2240324264,3.6825461,-0.78352576
42791.2240324739,3.6824279,-0.78313123
42792.2240325214,3.6824279,-0.78352576
42793.2240325689,3.6823885,-0.7821449
42794.2240326164,3.6822705,-0.78372296
42795.2240326639,3.6823099,-0.78273669
42796.2240327114,3.6820736,-0.78273669
42797.2240327589,3.6818767,-0.7821449
42798.2240328064,3.6818373,-0.78273669
42799.2240328539,3.6817193,-0.78510376
42800.2240329014,3.681601,-0.78313123
42801.2240329489,3.68168,-0.78273669
42802.2240329964,3.6815617,-0.78273669
42803.2240330439,3.6813648,-0.78234222
42804.2240330914,3.6813254,-0.78372296
42805.2240331389,3.6813648,-0.78332843
42806.2240331864,3.6811287,-0.78332843
42807.2240332339,3.6810105,-0.78313123
42808.2240332814,3.6808925,-0.78313123
42809.2240333289,3.6808136,-0.78313123
42810.2240333764,3.6808136,-0.78253943
42811.2240334239,3.6807349,-0.78352576
42812.2240334714,3.6805773,-0.78332843
42813.2240335189,3.6805379,-0.78411743
42814.2240335664,3.6804593,-0.78293396
42815.2240336139,3.6803806,-0.78352576
42816.2240336614,3.6802623,-0.78313123
42817.2240337089,3.680223,-0.78273669
42818.2240337564,3.6799474,-0.78451196
42819.2240338039,3.6800261,-0.78431476
42820.2240338514,3.679908,-0.78372296
42821.2240338989,3.6798294,-0.78372296
42822.2240339464,3.6797111,-0.78332843
42823.2240339939,3.6795144,-0.78293396
42824.2240340414,3.6793962,-0.78352576
42825.2240340889,3.6793962,-0.78293396
42826.2240341363,3.6792781,-0.78470929
42827.2240341838,3.6792388,-0.78372296
42828.2240342313,3.6791205,-0.78352576
42829.2240342788,3.6789632,-0.78372296
42830.2240343263,3.6788843,-0.78313123
42831.2240343738,3.6788056,-0.78293396
42832.2240344213,3.6787663,-0.7856955
42833.2240344688,3.6788449,-0.78352576
42834.2240345163,3.6785693,-0.78273669
42835.2240345638,3.6784513,-0.78293396
42836.2240346113,3.6784513,-0.78352576
42837.2240346588,3.6783724,-0.78470929
42838.2240347063,3.678333,-0.78392023
42839.2240347538,3.6781757,-0.78332843
42840.2240348013,3.6779788,-0.78273669
42841.2240348488,3.6780181,-0.78332843
42842.2240348963,3.6777818,-0.78352576
42843.2240349438,3.6776638,-0.78253943
42844.2240349913,3.6775455,-0.78392023
42845.2240350388,3.6775849,-0.78253943
42846.2240350863,3.6775849,-0.78510376
42847.2240351338,3.6774275,-0.78392023
42848.2240351813,3.6772699,-0.78293396
42849.2240352288,3.6771519,-0.78392023
42850.2240352763,3.6771519,-0.78372296
42851.2240353238,3.6769943,-0.78352576
42852.2240353713,3.6769156,-0.78293396
42853.2240354188,3.676837,-0.78392023
42854.2240354663,3.6767581,-0.78510376
42855.2240355138,3.6767974,-0.78332843
42856.2240355613,3.6764824,-0.78372296
42857.2240356088,3.6764824,-0.78273669
42858.2240356563,3.6764038,-0.78431476
42859.2240357038,3.6763644,-0.7821449
42860.2240357513,3.6762857,-0.78293396
42861.2240357988,3.6762068,-0.78253943
42862.2240358463,3.6760888,-0.78470929
42863.2240358938,3.6758919,-0.78253943
42864.2240359413,3.6758919,-0.7821449
42865.2240359887,3.6757739,-0.78431476
42866.2240360362,3.6757739,-0.78293396
42867.2240360837,3.6757345,-0.78332843
42868.2240361312,3.6755376,-0.78293396
42869.2240361787,3.6754982,-0.78352576
42870.2240362262,3.67538,-0.78530096
42871.2240362737,3.6752226,-0.78372296
42872.2240363212,3.6750257,-0.78392023
42873.2240363687,3.675065,-0.78431476
42874.2240364162,3.6751044,-0.78490649
42875.2240364637,3.6749074,-0.78352576
42876.2240365112,3.6748681,-0.7821449
42877.2240365587,3.6747501,-0.78392023
42878.2240366062,3.6746318,-0.78431476
42879.2240366537,3.6745532,-0.78431476
42880.2240367012,3.6743958,-0.78372296
42881.2240367487,3.6743958,-0.78352576
42882.2240367962,3.6742382,-0.78372296
42883.2240368437,3.6741202,-0.78332843
42884.2240368912,3.6741595,-0.78411743
42885.2240369387,3.6740019,-0.78392023
42886.2240369862,3.6739233,-0.78431476
42887.2240370337,3.6738446,-0.78253943
42888.2240370812,3.6737263,-0.78451196
42889.2240371287,3.6737263,-0.78234222
42890.2240371762,3.6735294,-0.78253943
42891.2240372237,3.67349,-0.78372296
42892.2240372712,3.6734114,-0.78352576
42893.2240373187,3.6732538,-0.78293396
42894.2240373662,3.6732144,-0.78411743
42895.2240374137,3.6730571,-0.78352576
42896.2240374612,3.6730964,-0.78352576
42897.2240375087,3.6730175,-0.78372296
42898.2240375562,3.6728601,-0.78411743
42899.2240376037,3.6727026,-0.78451196
42900.2240376512,3.6727026,-0.78332843
42901.2240376987,3.6725452,-0.78470929
42902.2240377462,3.6725452,-0.78372296
42903.2240377937,3.6725059,-0.78372296
42904.2240378412,3.6722696,-0.78313123
42905.2240378886,3.6723483,-0.78313123
42906.2240379361,3.6720726,-0.78313123
42907.2240379836,3.6721513,-0.78293396
42908.2240380311,3.6719546,-0.78234222
42909.2240380786,3.6719151,-0.78313123
42910.2240381261,3.6718757,-0.78332843
42911.2240381736,3.671679,-0.78293396
42912.2240382211,3.671679,-0.78332843
42913.2240382686,3.6715608,-0.78332843
42914.2240383161,3.6715608,-0.78372296
42915.2240383636,3.6712852,-0.78332843
42916.2240384111,3.6713245,-0.78273669
42917.2240384586,3.6712458,-0.78313123
42918.2240385061,3.6711276,-0.78332843
42919.2240385536,3.6709702,-0.78392023
42920.2240386011,3.6710882,-0.78411743
42921.2240386486,3.6707733,-0.78470929
42922.2240386961,3.6707339,-0.78332843
42923.2240387436,3.6706946,-0.78411743
42924.2240387911,3.670537,-0.78332843
42925.2240388386,3.6705763,-0.78194769
42926.2240388861,3.6703403,-0.78372296
42927.2240389336,3.6703796,-0.78431476
42928.2240389811,3.6703403,-0.78253943
42929.2240390286,3.6701827,-0.78332843
42930.2240390761,3.6699858,-0.78332843
42931.2240391236,3.6699464,-0.78253943
42932.2240391711,3.6697891,-0.78313123
42933.2240392186,3.6698678,-0.78490649
42934.2240392661,3.6697891,-0.78352576
42935.2240393136,3.6696315,-0.78352576
42936.2240393611,3.6696315,-0.78392023
42937.2240394086,3.6694345,-0.78313123
42938.2240394561,3.6693952,-0.78293396
42939.2240395036,3.6692772,-0.78372296
42940.2240395511,3.6692376,-0.78392023
42941.2240395986,3.6691983,-0.78352576
42942.2240396461,3.6691983,-0.78392023
42943.2240396936,3.6690409,-0.78313123
42944.224039741,3.6689227,-0.78332843
42945.2240397885,3.668844,-0.78293396
42946.224039836,3.6688046,-0.78411743
42947.2240398835,3.6686077,-0.78175043
42948.224039931,3.6685684,-0.78372296
42949.2240399785,3.6683714,-0.78392023
42950.224040026,3.6684897,-0.78234222
42951.2240400735,3.6684108,-0.78352576
42952.224040121,3.6682141,-0.78273669
42953.2240401685,3.6682534,-0.78332843
42954.224040216,3.6680171,-0.78293396
42955.2240402635,3.6679385,-0.78313123
42956.224040311,3.6678991,-0.78293396
42957.2240403585,3.6677022,-0.78352576
42958.224040406,3.6677022,-0.78392023
42959.2240404535,3.6677022,-0.78470929
42960.224040501,3.6675053,-0.78392023
42961.2240405485,3.6675053,-0.78470929
42962.224040596,3.6673083,-0.78234222
42963.2240406435,3.6673477,-0.78332843
42964.224040691,3.667151,-0.78372296
42965.2240407385,3.6671116,-0.78352576
42966.224040786,3.666954,-0.78352576
42967.2240408335,3.666954,-0.78313123
42968.224040881,3.666836,-0.78352576
42969.2240409285,3.666836,-0.78273669
42970.224040976,3.6666784,-0.78352576
42971.2240410235,3.6666391,-0.78372296
42972.224041071,3.6664815,-0.78273669
42973.2240411185,3.6664815,-0.78273669
42974.224041166,3.6663241,-0.78411743
42975.2240412135,3.6663241,-0.78411743
42976.224041261,3.6661665,-0.78273669
42977.2240413085,3.6660485,-0.78155322
42978.224041356,3.6660485,-0.78313123
42979.2240414035,3.6659696,-0.78392023
42980.224041451,3.6658123,-0.78273669
42981.2240414985,3.6658516,-0.78431476
42982.224041546,3.665694,-0.78451196
42983.2240415934,3.665576,-0.78273669
42984.2240416409,3.6656547,-0.78431476
42985.2240416884,3.665379,-0.78411743
42986.2240417359,3.665379,-0.78332843
42987.2240417834,3.6653397,-0.78332843
42988.2240418309,3.6652217,-0.78352576
42989.2240418784,3.6650641,-0.78332843
42990.2240419259,3.6649854,-0.78313123
42991.2240419734,3.6649854,-0.78253943
42992.2240420209,3.6647491,-0.78332843
42993.2240420684,3.6647491,-0.78273669
42994.2240421159,3.6646705,-0.78451196
42995.2240421634,3.6645916,-0.78313123
42996.2240422109,3.6645129,-0.78332843
42997.2240422584,3.6644342,-0.78372296
42998.2240423059,3.6642766,-0.78372296
42999.2240423534,3.6642373,-0.78313123
43000.2240424009,3.6642766,-0.78234222
43001.2240424484,3.6640403,-0.78431476
43002.2240424959,3.6640403,-0.78313123
43003.2240425434,3.663883,-0.78313123
43004.2240425909,3.6639223,-0.78332843
43005.2240426384,3.6638434,-0.78392023
43006.2240426859,3.6637647,-0.78392023
43007.2240427334,3.6635284,-0.78194769
43008.2240427809,3.6635284,-0.78431476
43009.2240428284,3.6634498,-0.78372296
43010.2240428759,3.6633711,-0.78372296
43011.2240429234,3.6634104,-0.78431476
43012.2240429709,3.6631742,-0.78273669
43013.2240430184,3.6630166,-0.78352576
43014.2240430659,3.6631348,-0.78332843
43015.2240431134,3.6630166,-0.78293396
43016.2240431609,3.6628985,-0.78372296
43017.2240432084,3.6628199,-0.78352576
43018.2240432559,3.6628985,-0.78451196
43019.2240433034,3.6626623,-0.78431476
43020.2240433509,3.6625836,-0.78431476
43021.2240433984,3.6625049,-0.78313123
43022.2240434458,3.6624653,-0.78234222
43023.2240434933,3.662426,-0.78411743
43024.2240435408,3.6623473,-0.78273669
43025.2240435883,3.6621897,-0.78470929
43026.2240436358,3.6620324,-0.78155322
43027.2240436833,3.662111,-0.78411743
43028.2240437308,3.6618748,-0.78372296
43029.2240437783,3.6618748,-0.78372296
43030.2240438258,3.6617174,-0.78411743
43031.2240438733,3.6617174,-0.78372296
43032.2240439208,3.6615598,-0.78372296
43033.2240439683,3.6615598,-0.78451196
43034.2240440158,3.6614022,-0.78273669
43035.2240440633,3.6613629,-0.78392023
43036.2240441108,3.6613235,-0.78431476
43037.2240441583,3.6612055,-0.78352576
43038.2240442058,3.6611266,-0.78332843
43039.2240442533,3.6610086,-0.78293396
43040.2240443008,3.6611266,-0.78392023
43041.2240443483,3.6608117,-0.78313123
43042.2240443958,3.6608906,-0.78273669
43043.2240444433,3.6608117,-0.78352576
43044.2240444908,3.6606936,-0.78431476
43045.2240445383,3.6605754,-0.78332843
43046.2240445858,3.6605754,-0.78392023
43047.2240446333,3.660418,-0.78194769
43048.2240446808,3.6603787,-0.78332843
43049.2240447283,3.6602998,-0.78392023
43050.2240447758,3.6601818,-0.78234222
43051.2240448233,3.6602211,-0.78313123
43052.2240448708,3.6601424,-0.78411743
43053.2240449183,3.6600242,-0.78332843
43054.2240449658,3.6599061,-0.78411743
43055.2240450133,3.6598275,-0.78372296
43056.2240450608,3.6597486,-0.78411743
43057.2240451083,3.6596699,-0.78313123
43058.2240451558,3.6595123,-0.78293396
43059.2240452033,3.6595123,-0.78549829
43060.2240452508,3.6595519,-0.78392023
43061.2240452983,3.6593156,-0.78352576
43062.2240453457,3.6593549,-0.78332843
43063.2240453932,3.6592762,-0.78352576
43064.2240454407,3.6590793,-0.7821449
43065.2240454882,3.65904,-0.78313123
43066.2240455357,3.65904,-0.78352576
43067.2240455832,3.6588824,-0.78510376
43068.2240456307,3.6588037,-0.78332843
43069.2240456782,3.6588037,-0.78372296
43070.2240457257,3.658725,-0.78332843
43071.2240457732,3.6586854,-0.78352576
43072.2240458207,3.6585674,-0.78372296
43073.2240458682,3.6584494,-0.78372296
43074.2240459157,3.6583705,-0.78332843
43075.2240459632,3.6583312,-0.78372296
43076.2240460107,3.6582131,-0.78293396
43077.2240460582,3.6582918,-0.78411743
43078.2240461057,3.6580555,-0.78392023
43079.2240461532,3.6579375,-0.78392023
43080.2240462007,3.6579769,-0.78431476
43081.2240462482,3.6578586,-0.78293396
43082.2240462957,3.6578193,-0.78352576
43083.2240463432,3.6576619,-0.78273669
43084.2240463907,3.6576223,-0.78293396
43085.2240464382,3.657465,-0.78332843
43086.2240464857,3.6575043,-0.78313123
43087.2240465332,3.6573074,-0.78313123
43088.2240465807,3.657268,-0.78392023
43089.2240466282,3.65715,-0.78313123
43090.2240466757,3.6572287,-0.78293396
43091.2240467232,3.6570711,-0.78293396
43092.2240467707,3.6570711,-0.78253943
43093.2240468182,3.6569531,-0.78392023
43094.2240468657,3.6569138,-0.78470929
43095.2240469132,3.6567955,-0.78234222
43096.2240469607,3.6566381,-0.78352576
43097.2240470082,3.6565988,-0.78411743
43098.2240470557,3.6565592,-0.7856955
43099.2240471032,3.6565592,-0.78313123
43100.2240471507,3.6563232,-0.78470929
43101.2240471981,3.6563232,-0.78313123
43102.2240472456,3.6562443,-0.78372296
43103.2240472931,3.6562049,-0.78372296
43104.2240473406,3.6561263,-0.78372296
43105.2240473881,3.656008,-0.78352576
43106.2240474356,3.6559687,-0.78332843
43107.2240474831,3.65589,-0.78352576
43108.2240475306,3.6557324,-0.78372296
43109.2240475781,3.6556931,-0.78293396
43110.2240476256,3.6556931,-0.78451196
43111.2240476731,3.6554964,-0.78273669
43112.2240477206,3.655575,-0.78392023
43113.2240477681,3.6553388,-0.78372296
43114.2240478156,3.6552994,-0.78392023
43115.2240478631,3.6552207,-0.78372296
43116.2240479106,3.6551812,-0.78293396
43117.2240479581,3.6551418,-0.78293396
43118.2240480056,3.6550238,-0.78490649
43119.2240480531,3.6550632,-0.78332843
43120.2240481006,3.6549056,-0.78332843
43121.2240481481,3.6548269,-0.78313123
43122.2240481956,3.6548269,-0.78510376
43123.2240482431,3.6546299,-0.78431476
43124.2240482906,3.6545119,-0.78352576
43125.2240483381,3.6545906,-0.78293396
43126.2240483856,3.654315,-0.78352576
43127.2240484331,3.6543543,-0.78352576
43128.2240484806,3.654315,-0.78313123
43129.2240485281,3.6542363,-0.78352576
43130.2240485756,3.6540787,-0.78372296
43131.2240486231,3.6541181,-0.78411743
43132.2240486706,3.6540394,-0.78253943
43133.2240487181,3.6539214,-0.78352576
43134.2240487656,3.653882,-0.78313123
43135.2240488131,3.6537244,-0.78411743
43136.2240488606,3.6536458,-0.78352576
43137.2240489081,3.6536458,-0.78293396
43138.2240489556,3.6535668,-0.78431476
43139.2240490031,3.6535275,-0.78352576
43140.2240490505,3.6534095,-0.78293396
43141.224049098,3.6533701,-0.78372296
43142.2240491455,3.6533701,-0.78273669
43143.224049193,3.6532519,-0.78332843
43144.2240492405,3.6530156,-0.78234222
43145.224049288,3.6530552,-0.78392023
43146.2240493355,3.6530156,-0.78293396
43147.224049383,3.6529369,-0.78234222
43148.2240494305,3.6527793,-0.78332843
43149.224049478,3.65274,-0.78273669
43150.2240495255,3.6526613,-0.78273669
43151.224049573,3.652622,-0.78332843
43152.2240496205,3.6525433,-0.78352576
43153.224049668,3.6524251,-0.78392023
43154.2240497155,3.652307,-0.78313123
43155.224049763,3.652307,-0.78451196
43156.2240498105,3.652307,-0.78372296
43157.224049858,3.6521101,-0.78194769
43158.2240499055,3.6520314,-0.78352576
43159.224049953,3.6519132,-0.78293396
43160.2240500005,3.6519132,-0.78352576
43161.224050048,3.6519132,-0.78273669
43162.2240500955,3.6517165,-0.78332843
43163.224050143,3.6515982,-0.78313123
43164.2240501905,3.6516769,-0.78352576
43165.224050238,3.6515589,-0.78372296
43166.2240502855,3.6514802,-0.78352576
43167.224050333,3.6514013,-0.78392023
43168.2240503805,3.6513226,-0.78470929
43169.224050428,3.6512439,-0.78411743
43170.2240504755,3.6511652,-0.78273669
43171.224050523,3.6512046,-0.78392023
43172.2240505705,3.6509683,-0.78372296
43173.224050618,3.6509683,-0.78411743
43174.2240506655,3.6507714,-0.78313123
43175.224050713,3.6508107,-0.78313123
43176.2240507605,3.6506534,-0.78313123
43177.224050808,3.6506927,-0.78392023
43178.2240508555,3.6505744,-0.78352576
43179.2240509029,3.6506138,-0.78490649
43180.2240509504,3.6504564,-0.78628723
43181.2240509979,3.6503382,-0.78313123
43182.2240510454,3.6502595,-0.78372296
43183.2240510929,3.6502988,-0.78392023
43184.2240511404,3.6501415,-0.78530096
43185.2240511879,3.6501021,-0.78431476
43186.2240512354,3.6499839,-0.78293396
43187.2240512829,3.6498659,-0.78293396
43188.2240513304,3.6498659,-0.78352576
43189.2240513779,3.6498659,-0.78431476
43190.2240514254,3.6496689,-0.78392023
43191.2240514729,3.6497083,-0.78332843
43192.2240515204,3.6495509,-0.78490649
43193.2240515679,3.6494327,-0.78411743
43194.2240516154,3.6493933,-0.78352576
43195.2240516629,3.6493933,-0.78411743
43196.2240517104,3.6492357,-0.78332843
43197.2240517579,3.649157,-0.78392023
43198.2240518054,3.6490784,-0.78253943
43199.2240518529,3.649039,-0.78253943
43200.2240519004,3.6488814,-0.78313123
43201.2240519479,3.6488814,-0.78253943
43202.2240519954,3.6487238,-0.78392023
43203.2240520429,3.6487634,-0.78332843
43204.2240520904,3.6486452,-0.78352576
43205.2240521379,3.6485665,-0.78411743
43206.2240521854,3.6485271,-0.78332843
43207.2240522329,3.6484878,-0.78234222
43208.2240522804,3.6483696,-0.78510376
43209.2240523279,3.6482122,-0.78411743
43210.2240523754,3.6482515,-0.78392023
43211.2240524229,3.6481333,-0.78332843
43212.2240524704,3.6480939,-0.78313123
43213.2240525179,3.6479759,-0.78628723
43214.2240525654,3.6479366,-0.78411743
43215.2240526129,3.647897,-0.78194769
43216.2240526604,3.6478183,-0.78253943
43217.2240527079,3.6477003,-0.78234222
43218.2240527554,3.6476214,-0.78313123
43219.2240528028,3.6475427,-0.78372296
43220.2240528503,3.647464,-0.78253943
43221.2240528978,3.6474247,-0.78352576
43222.2240529453,3.6473064,-0.78451196
43223.2240529928,3.6472671,-0.78273669
43224.2240530403,3.6472671,-0.78332843
43225.2240530878,3.6471095,-0.78234222
43226.2240531353,3.6471491,-0.78470929
43227.2240531828,3.6470308,-0.78352576
43228.2240532303,3.6469915,-0.78372296
43229.2240532778,3.6467946,-0.78372296
43230.2240533253,3.6467159,-0.78372296
43231.2240533728,3.6467159,-0.78490649
43232.2240534203,3.6466372,-0.78293396
43233.2240534678,3.6465979,-0.78431476
43234.2240535153,3.6465583,-0.78313123
43235.2240535628,3.6463223,-0.78372296
43236.2240536103,3.6464009,-0.78293396
43237.2240536578,3.6462433,-0.78372296
43238.2240537053,3.6462433,-0.78372296
43239.2240537528,3.6460466,-0.78411743
43240.2240538003,3.6460466,-0.78332843
43241.2240538478,3.6460071,-0.78372296
43242.2240538953,3.645889,-0.78332843
43243.2240539428,3.645889,-0.78332843
43244.2240539903,3.6456921,-0.78451196
43245.2240540378,3.6457314,-0.78273669
43246.2240540853,3.6456134,-0.78372296
43247.2240541328,3.6455348,-0.78352576
43248.2240541803,3.6453772,-0.78332843
43249.2240542278,3.6453772,-0.78352576
43250.2240542753,3.6453772,-0.78451196
43251.2240543228,3.6452196,-0.78392023
43252.2240543703,3.6451409,-0.78490649
43253.2240544178,3.6451802,-0.78372296
43254.2240544653,3.6449835,-0.78352576
43255.2240545128,3.6450229,-0.78234222
43256.2240545603,3.644944,-0.78392023
43257.2240546078,3.6447473,-0.78332843
43258.2240546552,3.6447473,-0.78234222
43259.2240547027,3.6446683,-0.78253943
43260.2240547502,3.6446683,-0.78273669
43261.2240547977,3.6445503,-0.78352576
43262.2240548452,3.6444716,-0.78273669
43263.2240548927,3.6442747,-0.78253943
43264.2240549402,3.644196,-0.78332843
43265.2240549877,3.644196,-0.78431476
43266.2240550352,3.6442747,-0.78372296
43267.2240550827,3.6441171,-0.78313123
43268.2240551302,3.6439204,-0.78451196
43269.2240551777,3.6439598,-0.78352576
43270.2240552252,3.6439204,-0.78352576
43271.2240552727,3.6437628,-0.78352576
43272.2240553202,3.6436055,-0.78352576
43273.2240553677,3.6436055,-0.78332843
43274.2240554152,3.6434479,-0.78372296
43275.2240554627,3.6436055,-0.78392023
43276.2240555102,3.6434085,-0.78273669
43277.2240555577,3.6433692,-0.7856955
43278.2240556052,3.6432116,-0.78293396
43279.2240556527,3.6431723,-0.78293396
43280.2240557002,3.6431723,-0.78392023
43281.2240557477,3.6431329,-0.78352576
43282.2240557952,3.6430147,-0.78234222
43283.2240558427,3.6428573,-0.78332843
43284.2240558902,3.6429753,-0.78411743
43285.2240559377,3.6427784,-0.78313123
43286.2240559852,3.6426997,-0.78372296
43287.2240560327,3.6426997,-0.78451196
43288.2240560802,3.6425817,-0.78293396
43289.2240561277,3.6424634,-0.78273669
43290.2240561752,3.6424241,-0.78411743
43291.2240562227,3.6423454,-0.78194769
43292.2240562702,3.6423454,-0.78352576
43293.2240563177,3.6421878,-0.78194769
43294.2240563652,3.6421485,-0.78253943
43295.2240564127,3.6421485,-0.78392023
43296.2240564602,3.6420305,-0.78313123
43297.2240565076,3.6419122,-0.78372296
43298.2240565551,3.6417942,-0.78411743
43299.2240566026,3.6417942,-0.78313123
43300.2240566501,3.6417153,-0.78273669
43301.2240566976,3.6416366,-0.78431476
43302.2240567451,3.6415186,-0.78372296
43303.2240567926,3.6415186,-0.78332843
43304.2240568401,3.6414397,-0.78372296
43305.2240568876,3.6414003,-0.78332843
43306.2240569351,3.6412036,-0.78352576
43307.2240569826,3.6412823,-0.78332843
43308.2240570301,3.641046,-0.78392023
43309.2240570776,3.6410067,-0.78490649
43310.2240571251,3.6409674,-0.78313123
43311.2240571726,3.6410067,-0.78372296
43312.2240572201,3.6408491,-0.78392023
43313.2240572676,3.6408885,-0.78470929
43314.2240573151,3.6406128,-0.78273669
43315.2240573626,3.6404948,-0.78352576
43316.2240574101,3.6405342,-0.78392023
43317.2240574576,3.6405342,-0.78352576
43318.2240575051,3.6403768,-0.78490649
43319.2240575526,3.6403768,-0.78451196
43320.2240576001,3.6402586,-0.78332843
43321.2240576476,3.6402192,-0.78372296
43322.2240576951,3.6401012,-0.78451196
43323.2240577426,3.6401405,-0.78313123
43324.2240577901,3.6399829,-0.78313123
43325.2240578376,3.6400223,-0.78332843
43326.2240578851,3.6399043,-0.78431476
43327.2240579326,3.639786,-0.78392023
43328.2240579801,3.6397073,-0.78411743
43329.2240580276,3.6395893,-0.78352576
43330.2240580751,3.6395497,-0.78313123
43331.2240581226,3.6394711,-0.78431476
43332.2240581701,3.6395104,-0.78352576
43333.2240582176,3.6393924,-0.78392023
43334.2240582651,3.6391954,-0.78411743
43335.2240583126,3.6391561,-0.78332843
43336.22405836,3.6390774,-0.78273669
43337.2240584075,3.6390774,-0.78273669
43338.224058455,3.6389592,-0.78313123
43339.2240585025,3.6388805,-0.78451196
43340.22405855,3.6388412,-0.78293396
43341.2240585975,3.6387229,-0.78253943
43342.224058645,3.6386442,-0.78293396
43343.2240586925,3.6386049,-0.78372296
43344.22405874,3.6385655,-0.78332843
43345.2240587875,3.6384079,-0.78313123
43346.224058835,3.6384473,-0.78332843
43347.2240588825,3.6383293,-0.78352576
43348.22405893,3.6382899,-0.78392023
43349.2240589775,3.6382113,-0.78411743
43350.224059025,3.6380537,-0.78293396
43351.2240590725,3.6380537,-0.78313123
43352.22405912,3.6379354,-0.78273669
43353.2240591675,3.6378961,-0.78352576
43354.224059215,3.6378567,-0.78451196
43355.2240592625,3.6378567,-0.78372296
43356.22405931,3.6376598,-0.78332843
43357.2240593575,3.6376204,-0.78372296
43358.224059405,3.6374631,-0.78352576
43359.2240594525,3.6373842,-0.78313123
43360.2240595,3.6373842,-0.78490649
43361.2240595475,3.6372662,-0.78332843
43362.224059595,3.6372268,-0.78332843
43363.2240596425,3.6371481,-0.78352576
43364.22405969,3.6370692,-0.78490649
43365.2240597375,3.6370692,-0.78411743
43366.224059785,3.6369512,-0.78273669
43367.2240598325,3.6369512,-0.78332843
43368.22405988,3.6368725,-0.78392023
43369.2240599275,3.6367543,-0.78352576
43370.224059975,3.6367149,-0.78313123
43371.2240600225,3.636518,-0.78332843
43372.22406007,3.6364393,-0.78352576
43373.2240601175,3.636518,-0.78411743
43374.224060165,3.6363606,-0.78372296
43375.2240602124,3.6363606,-0.78352576
43376.2240602599,3.6362031,-0.78392023
43377.2240603074,3.6362031,-0.78392023
43378.2240603549,3.6361637,-0.78253943
43379.2240604024,3.6359274,-0.78313123
43380.2240604499,3.6358881,-0.78293396
43381.2240604974,3.6359274,-0.78372296
43382.2240605449,3.6357305,-0.78253943
43383.2240605924,3.6356125,-0.78293396
43384.2240606399,3.6356912,-0.78352576
43385.2240606874,3.6355338,-0.78293396
43386.2240607349,3.6355338,-0.78431476
43387.2240607824,3.6354549,-0.78411743
43388.2240608299,3.6354156,-0.78372296
43389.2240608774,3.6353369,-0.78372296
43390.2240609249,3.6352186,-0.78352576
43391.2240609724,3.6352582,-0.78293396
43392.2240610199,3.6351793,-0.78332843
43393.2240610674,3.634943,-0.78411743
43394.2240611149,3.634825,-0.78332843
43395.2240611624,3.6348643,-0.78411743
43396.2240612099,3.6347857,-0.78490649
43397.2240612574,3.6347463,-0.78332843
43398.2240613049,3.6345887,-0.78431476
43399.2240613524,3.6346281,-0.78313123
43400.2240613999,3.6344707,-0.78372296
43401.2240614474,3.63451,-0.78411743
43402.2240614949,3.6343918,-0.78352576
43403.2240615424,3.6343918,-0.78431476
43404.2240615899,3.6343131,-0.78313123
43405.2240616374,3.6342344,-0.78332843
43406.2240616849,3.6340768,-0.78411743
43407.2240617324,3.6339588,-0.78253943
43408.2240617799,3.6340375,-0.78293396
43409.2240618274,3.6339195,-0.78411743
43410.2240618749,3.6337619,-0.78411743
43411.2240619224,3.6338406,-0.78451196
43412.2240619699,3.6336832,-0.78392023
43413.2240620174,3.6336043,-0.78293396
43414.2240620649,3.6334469,-0.78332843
43415.2240621123,3.6333683,-0.7821449
43416.2240621598,3.6332893,-0.78332843
43417.2240622073,3.6333683,-0.78293396
43418.2240622548,3.6330926,-0.78510376
43419.2240623023,3.6330926,-0.78293396
43420.2240623498,3.6330137,-0.78234222
43421.2240623973,3.6330137,-0.78313123
43422.2240624448,3.632935,-0.78313123
43423.2240624923,3.6328564,-0.78234222
43424.2240625398,3.6327381,-0.78451196
43425.2240625873,3.6327381,-0.78451196
43426.2240626348,3.6326201,-0.78313123
43427.2240626823,3.6326201,-0.78451196
43428.2240627298,3.6324625,-0.78392023
43429.2240627773,3.6324625,-0.7813559
43430.2240628248,3.6323445,-0.78431476
43431.2240628723,3.6323051,-0.78253943
43432.2240629198,3.6322262,-0.78392023
43433.2240629673,3.6321869,-0.78332843
43434.2240630148,3.6320295,-0.78372296
43435.2240630623,3.6320689,-0.78411743
43436.2240631098,3.6319506,-0.78332843
43437.2240631573,3.6317933,-0.78332843
43438.2240632048,3.6318326,-0.78313123
43439.2240632523,3.6317539,-0.78372296
43440.2240632998,3.631675,-0.78392023
43441.2240633473,3.631675,-0.78313123
43442.2240633948,3.631557,-0.7856955
43443.2240634423,3.6313601,-0.78392023
43444.2240634898,3.6313994,-0.78431476
43445.2240635373,3.6313207,-0.78273669
43445.8860635687,3.6312027,-0.78372296
43445.8880635688,3.6312814,-0.78470929
43445.9320635709,3.6878614,0
43505.9320664207,3.7244399,0
43565.9320692706,3.7312121,0
43625.9320721204,3.7345195,0
43685.9320749703,3.736567,0
43745.9320778201,3.7381027,0
43805.93208067,3.7393625,0
43865.9320835198,3.7404256,0
43925.9320863697,3.7411344,0
43985.9320892195,3.741843,0
44045.9320920694,3.7423944,0
44105.9320949192,3.7429457,0
44165.9320977691,3.7434573,0
44225.9321006189,3.7440088,0
44285.9321034688,3.7443631,0
44345.9321063186,3.744796,0
44405.9321091685,3.7451112,0
44465.9321120183,3.7454655,0
44525.9321148681,3.7457411,0
44585.932117718,3.7460954,0
44645.9321205678,3.7464104,0
44705.9321234177,3.746568,0
44765.9321262675,3.7468436,0
44825.9321291174,3.7469616,0
44885.9321319672,3.7472768,0
44945.9321348171,3.7474341,0
45005.9321376669,3.7477887,0
45065.9321405168,3.7479854,0
45125.9321433666,3.7481823,0
45185.9321462165,3.7483792,0
45245.9321490663,3.7484972,0
45305.9321519162,3.7487335,0
45365.932154766,3.7488911,0
45425.9321576159,3.7490485,0
45485.9321604657,3.7491667,0
45545.9321633155,3.7493241,0
45605.9321661654,3.7495997,0
45665.9321690152,3.7497573,0
45725.9321718651,3.7498753,0
45785.9321747149,3.7500329,0
45845.9321775648,3.7502298,0
45905.9321804146,3.7501903,0
45965.9321832645,3.7505054,0
46025.9321861143,3.7505054,0
46085.9321889642,3.7505448,0
46145.932191814,3.7508204,0
46205.9321946639,3.7509384,0
46265.9321975137,3.7511353,0
46325.9322003636,3.7512929,0
46385.9322032134,3.7513716,0
46445.9322060633,3.751529,0
46505.9322089131,3.7517259,0
46565.9322117629,3.7516866,0
46625.9322146128,3.7517259,0
46685.9322174626,3.7519228,0
46745.9322203125,3.7521198,0
46805.9322231623,3.7521985,0
46865.9322260122,3.7523165,0
46925.932228862,3.7525527,0
46985.9322317119,3.7525134,0
47045.9662345633,3.7525134,0
47045.9682345634,3.5117424,-4.9376904
47046.0682345682,3.3313313,-5.2852515
47046.1682345729,3.3181016,-5.2828843
47046.2682345777,3.3117626,-5.2836738
47046.3682345824,3.3077464,-5.2866323
47046.4682345872,3.3042421,-5.2970869
47046.5682345919,3.3024704,-5.3024126
47046.6682345967,3.3005409,-5.2872241
47046.7682346014,3.2987692,-5.288605
47046.8682346062,3.2973123,-5.2878164
47046.9682346109,3.2959735,-5.2838711
47047.0682346157,3.2947531,-5.28821
47047.1682346204,3.293808,-5.2836738
47047.2682346252,3.2925875,-5.2870269
47047.3682346299,3.2916031,-5.28821
47047.4682346347,3.2907763,-5.2868296
47047.5682346394,3.2898707,-5.2889995
47047.6682346442,3.2890046,-5.2899858
47047.7682346489,3.2881382,-5.2880137
47047.8682346537,3.2875869,-5.2888022
47047.9682346584,3.2867601,-5.2860405
47048.0682346632,3.2862482,-5.2820952
47048.1682346679,3.2855396,-5.285646
47048.2682346727,3.2843978,-5.2998486
47048.3682346774,3.2842009,-5.2876187
47048.4682346822,3.2836103,-5.2842656
47048.5682346869,3.2829802,-5.2990596
47048.6682346917,3.2825079,-5.2866323
47048.7682346964,3.2819171,-5.285646
47048.8682347012,3.2813659,-5.285646
47048.9682347059,3.2805784,-5.2913662
47049.0682347107,3.2801847,-5.2872241
47049.1682347154,3.2797909,-5.2884072
47049.2682347202,3.2793186,-5.2895913
47049.3682347249,3.2788067,-5.2889995
47049.4682347297,3.2783341,-5.2874214
47049.5682347344,3.2780192,-5.2868296
47049.6682347392,3.2774286,-5.2864351
47049.7682347439,3.2771137,-5.2824897
47049.8682347487,3.2765625,-5.2866323
47049.9682347534,3.2762866,-5.2878164
47050.0682347582,3.2756567,-5.3006372
47050.1682347629,3.2753811,-5.2862378
47050.2682347677,3.2749875,-5.2840684
47050.3682347724,3.2744756,-5.2858433
47050.4682347772,3.2740424,-5.2860405
47050.5682347819,3.2737274,-5.2854487
47050.6682347867,3.2732942,-5.2854487
47050.7682347914,3.2729793,-5.2874214
47050.8682347962,3.27231,-5.288605
47050.9682348009,3.2721131,-5.288605
47051.0682348057,3.2719555,-5.2880137
47051.1682348104,3.2714043,-5.285646
47051.2682348152,3.2711287,-5.2846602
47051.3682348199,3.2707744,-5.288605
47051.4682348247,3.2704201,-5.2854487
47051.5682348294,3.2701051,-5.2872241
47051.6682348342,3.2698295,-5.285646
47051.7682348389,3.269357,-5.2959033
47051.8682348437,3.2692387,-5.2848574
47051.9682348484,3.2688844,-5.2852515
47052.0682348532,3.2683725,-5.2860405
47052.1682348579,3.2678213,-5.2931421
47052.2682348627,3.2678607,-5.2854487
47052.3682348674,3.267585,-5.2828843
47052.4682348722,3.2671914,-5.297481
47052.5682348769,3.2669158,-5.2852515
47052.6682348817,3.2664039,-5.2988623
47052.7682348864,3.2664433,-5.2866323
47052.8682348912,3.2659707,-5.2866323
47052.9682348959,3.2656558,-5.2860405
47053.0682349007,3.2654195,-5.2866323
47053.1682349054,3.2651439,-5.2864351
47053.2682349102,3.2647896,-5.2880137
47053.3682349149,3.2646713,-5.285646
47053.4682349197,3.2643564,-5.2868296
47053.5682349244,3.2640414,-5.2870269
47053.6682349292,3.2637265,-5.2888022
47053.7682349339,3.2635295,-5.2903804
47053.8682349387,3.2631752,-5.2884072
47053.9682349434,3.2628996,-5.2876187
47054.0682349482,3.262742,-5.285646
47054.1682349529,3.2623878,-5.2998486
47054.2682349577,3.2622302,-5.285646
47054.3682349624,3.2619152,-5.2897886
47054.4682349672,3.2617579,-5.2860405
47054.5682349719,3.2615609,-5.2860405
47054.6682349767,3.261167,-5.2872241
47054.7682349814,3.261049,-5.2876187
47054.8682349862,3.2604978,-5.2978755
47054.9682349909,3.2605371,-5.2872241
47055.0682349957,3.2603402,-5.282687
47055.1682350004,3.2598679,-5.2854487
47055.2682350052,3.2598286,-5.2889995
47055.3682350099,3.2595923,-5.2878164
47055.4682350147,3.259356,-5.2864351
47055.5682350194,3.2590015,-5.2850542
47055.6682350242,3.2589228,-5.2820952
47055.7682350289,3.2586079,-5.2888022
47055.8682350337,3.2585292,-5.2846602
47055.9682350384,3.2581353,-5.2866323
47056.0682350432,3.257899,-5.2933394
47056.1682350479,3.2576628,-5.2901831
47056.2682350527,3.2575054,-5.28821
47056.3682350574,3.2573478,-5.2947197
47056.4682350622,3.2572691,-5.2813066
47056.5682350669,3.2569149,-5.2860405
47056.6682350717,3.2566392,-5.289394
47056.7682350764,3.256521,-5.2880137
47056.8682350812,3.2562847,-5.2866323
47056.9682350859,3.2561274,-5.2864351
47057.0682350907,3.2554972,-5.2927471
47057.1682350954,3.2558124,-5.2868296
47057.2682351002,3.2553792,-5.2909722
47057.3682351049,3.2552612,-5.28821
47057.4682351097,3.2549856,-5.2880137
47057.5682351144,3.254946,-5.2889995
47057.6682351192,3.254828,-5.2846602
47057.7682351239,3.254513,-5.2860405
47057.8682351287,3.2541587,-5.2864351
47057.9682351334,3.2541192,-5.2880137
47058.0682351382,3.2539618,-5.2917607
47058.1682351429,3.2536862,-5.2872241
47058.2682351477,3.2535679,-5.2868296
47058.3682351524,3.2535286,-5.2850542
47058.4682351572,3.2530956,-5.2911694
47058.5682351619,3.2530167,-5.28821
47058.6682351667,3.2527411,-5.2864351
47058.7682351714,3.2527411,-5.2838711
47058.8682351762,3.2525444,-5.2862378
47058.9682351809,3.2523475,-5.2866323
47059.0682351857,3.2521505,-5.2868296
47059.1682351904,3.2518356,-5.2852515
47059.2682351952,3.2517962,-5.2870269
47059.3682351999,3.2516387,-5.2880137
47059.4682352046,3.2514417,-5.2868296
47059.5682352094,3.2512844,-5.2905776
47059.6682352141,3.2510087,-5.2888022
47059.7682352189,3.2506938,-5.2842656
47059.8682352236,3.2508512,-5.2866323
47059.9682352284,3.2506545,-5.288605
47060.0682352331,3.2504575,-5.2872241
47060.1682352379,3.2502606,-5.2866323
47060.2682352426,3.250103,-5.2872241
47060.3682352474,3.249985,-5.2897886
47060.4682352521,3.2499063,-5.2876187
47060.5682352569,3.2495124,-5.2864351
47060.6682352616,3.2495124,-5.2888022
47060.7682352664,3.2493551,-5.2858433
47060.8682352711,3.2491188,-5.2872241
47060.9682352759,3.2490795,-5.2862378
47061.0682352806,3.2490401,-5.2818979
47061.1682352854,3.2487249,-5.2870269
47061.2682352901,3.2485282,-5.288605
47061.3682352949,3.24841,-5.2895913
47061.4682352996,3.248292,-5.2864351
47061.5682353044,3.2481737,-5.2897886
47061.6682353091,3.247977,-5.2889995
47061.7682353139,3.2477014,-5.2880137
47061.8682353186,3.2477801,-5.288605
47061.9682353234,3.2475832,-5.2850542
47062.0682353281,3.2475045,-5.2862378
47062.1682353329,3.2471895,-5.2888022
47062.2682353376,3.2471106,-5.2891968
47062.3682353424,3.2470713,-5.2860405
47062.4682353471,3.2468746,-5.2870269
47062.5682353519,3.2467563,-5.2866323
47062.6682353566,3.24652,-5.279334
47062.7682353614,3.246402,-5.2872241
47062.8682353661,3.2463231,-5.2897886
47062.9682353709,3.2462444,-5.2852515
47063.0682353756,3.2461264,-5.2862378
47063.1682353804,3.2458115,-5.2872241
47063.2682353851,3.2456932,-5.288605
47063.3682353899,3.2452602,-5.2951143
47063.4682353946,3.2454963,-5.2868296
47063.5682353994,3.2453389,-5.2876187
47063.6682354041,3.2453783,-5.2852515
47063.7682354089,3.2451813,-5.2874214
47063.8682354136,3.2450633,-5.2895913
47063.9682354184,3.244827,-5.288605
47064.0682354231,3.2447877,-5.2889995
47064.1682354279,3.2444332,-5.2868296
47064.2682354326,3.2444727,-5.28821
47064.3682354374,3.2443545,-5.2872241
47064.4682354421,3.2443545,-5.2876187
47064.5682354469,3.2442365,-5.2864351
47064.6682354516,3.2441182,-5.2840684
47064.7682354564,3.2438426,-5.2872241
47064.8682354611,3.2438819,-5.2876187
47064.9682354659,3.2437639,-5.2895913
47065.0682354706,3.243252,-5.2968896
47065.1682354754,3.2434883,-5.2878164
47065.2682354801,3.2430947,-5.2876187
47065.3682354849,3.243252,-5.2876187
47065.4682354896,3.2432127,-5.2870269
47065.5682354944,3.2430158,-5.28821
47065.6682354991,3.2428584,-5.2868296
47065.7682355039,3.2427795,-5.28821
47065.8682355086,3.2427402,-5.2891968
47065.9682355134,3.2425432,-5.2870269
47066.0682355181,3.2424645,-5.2868296
47066.1682355229,3.2424252,-5.2852515
47066.2682355276,3.2423859,-5.285646
47066.3682355324,3.2422283,-5.2878164
47066.4682355371,3.2421496,-5.2876187
47066.5682355419,3.2420316,-5.2874214
47066.6682355466,3.2419133,-5.2878164
47066.7682355514,3.2417953,-5.2868296
47066.8682355561,3.2416377,-5.2880137
47066.9682355609,3.2416377,-5.2860405
47067.0682355656,3.241559,-5.2866323
47067.1682355704,3.2415197,-5.2872241
47067.2682355751,3.2412834,-5.2862378
47067.3682355799,3.2412441,-5.2866323
47067.4682355846,3.2410471,-5.2870269
47067.5682355894,3.2409685,-5.2852515
47067.6682355941,3.2408895,-5.2878164
47067.7682355989,3.2407322,-5.2858433
47067.8682356036,3.2406139,-5.28821
47067.9682356084,3.240181,-5.3097114
47068.0682356131,3.2404566,-5.2874214
47068.1682356179,3.2404172,-5.2888022
47068.2682356226,3.2403383,-5.2884072
47068.3682356274,3.240181,-5.288605
47068.4682356321,3.2400627,-5.2880137
47068.5682356369,3.2400627,-5.2858433
47068.6682356416,3.2400234,-5.2868296
47068.7682356464,3.2397478,-5.2876187
47068.8682356511,3.239866,-5.28821
47068.9682356559,3.2396297,-5.2884072
47069.0682356606,3.2395508,-5.2866323
47069.1682356654,3.2395904,-5.2874214
47069.2682356701,3.2393148,-5.2864351
47069.3682356749,3.2392752,-5.2888022
47069.4682356796,3.2391965,-5.289394
47069.5682356844,3.2391572,-5.2884072
47069.6682356891,3.2390389,-5.2874214
47069.7682356939,3.2389996,-5.2868296
47069.8682356986,3.2388029,-5.2858433
47069.9682357034,3.2386847,-5.2866323
47070.0682357081,3.2385666,-5.2878164
47070.1682357129,3.2386453,-5.2876187
47070.2682357176,3.2385666,-5.2874214
47070.3682357224,3.238409,-5.2866323
47070.4682357271,3.238409,-5.28821
47070.5682357319,3.2381334,-5.2895913
47070.6682357366,3.2382517,-5.2874214
47070.7682357414,3.2381728,-5.2850542
47070.8682357461,3.2380154,-5.2878164
47070.9682357509,3.2378972,-5.2862378
47071.0682357556,3.2379761,-5.2868296
47071.1682357604,3.2377398,-5.2862378
47071.2682357651,3.2377005,-5.2872241
47071.3682357699,3.2375429,-5.2870269
47071.4682357746,3.2375035,-5.2884072
47071.5682357794,3.2374249,-5.2901831
47071.6682357841,3.2373853,-5.2868296
47071.7682357889,3.2371886,-5.2876187
47071.8682357936,3.2373066,-5.2876187
47071.9682357984,3.2370703,-5.2888022
47072.0682358031,3.2370703,-5.2866323
47072.1682358079,3.2369916,-5.288605
47072.2682358126,3.237031,-5.2868296
47072.3682358174,3.2368734,-5.2891968
47072.4682358221,3.2367947,-5.2864351
47072.5682358269,3.236716,-5.2860405
47072.6682358316,3.2365584,-5.2872241
47072.7682358364,3.2366374,-5.2862378
47072.8682358411,3.2365584,-5.2868296
47072.9682358459,3.2364404,-5.2874214
47073.0682358506,3.2364011,-5.2872241
47073.1682358554,3.2362041,-5.2872241
47073.2682358601,3.2361255,-5.2872241
47073.3682358649,3.2362435,-5.2889995
47073.4682358696,3.2361255,-5.285646
47073.5682358744,3.2360072,-5.2876187
47073.6682358791,3.2359679,-5.2876187
47073.7682358839,3.2360072,-5.288605
47073.8682358886,3.2358892,-5.2876187
47073.9682358934,3.2357709,-5.2868296
47074.0682358981,3.2357316,-5.289394
47074.1682359029,3.2356529,-5.2880137
47074.2682359076,3.2355349,-5.2874214
47074.3682359124,3.2355349,-5.2868296
47074.4682359171,3.2354167,-5.2880137
47074.5682359219,3.235338,-5.2870269
47074.6682359266,3.2352986,-5.2878164
47074.7682359314,3.2351804,-5.2880137
47074.8682359361,3.2352986,-5.2876187
47074.9682359409,3.2351804,-5.2888022
47075.0682359456,3.2349834,-5.2880137
47075.1682359504,3.2349834,-5.2852515
47075.2682359551,3.2349441,-5.2876187
47075.3682359599,3.2349048,-5.2878164
47075.4682359646,3.2349048,-5.2878164
47075.5682359694,3.2348261,-5.2878164
47075.6682359741,3.2347078,-5.2876187
47075.7682359789,3.2346292,-5.2888022
47075.8682359836,3.2345111,-5.2872241
47075.9662359883,3.2346292,-5.288605
47076.0102359904,3.5725749,0
47076.1102359951,3.6221073,0
47076.2102359999,3.6318719,0
47076.3102360046,3.6363606,0
47076.4102360094,3.6392741,0
47076.5102360141,3.6414793,0
47076.6102360189,3.6431329,0
47076.7102360236,3.6445503,0
47076.8102360284,3.6458497,0
47076.9102360331,3.6468735,0
47077.0102360379,3.6478577,0
47077.1102360426,3.6486845,0
47077.2102360473,3.6495509,0
47077.3102360521,3.6502988,0
47077.4102360568,3.6510077,0
47077.5102360616,3.6517951,0
47077.6102360663,3.6522677,0
47077.7102360711,3.6527007,0
47077.8102360758,3.6532912,0
47077.9102360806,3.6538424,0
47078.0102360853,3.6541576,0
47078.1102360901,3.6549056,0
47078.2102360948,3.6552207,0
47078.3102360996,3.655772,0
47078.4102361043,3.656008,0
47078.5102361091,3.6564806,0
47078.6102361138,3.6569924,0
47078.7102361186,3.657268,0
47078.8102361233,3.657583,0
47078.9102361281,3.6579769,0
47079.0102361328,3.6583705,0
47079.1102361376,3.6587644,0
47079.2102361423,3.6589611,0
47079.3102361471,3.6593156,0
47079.4102361518,3.6597879,0
47079.5102361566,3.6601424,0
47079.6102361613,3.6602998,0
47079.7102361661,3.6606936,0
47079.8102361708,3.6609299,0
47079.9102361756,3.6612055,0
47080.0102361803,3.6614811,0
47080.1102361851,3.6619141,0
47080.2102361898,3.6620324,0
47080.3102361946,3.6622686,0
47080.4102361993,3.6627016,0
47080.5102362041,3.6627805,0
47080.6102362088,3.6632135,0
47080.7102362136,3.6634104,0
47080.8102362183,3.6635284,0
47080.9102362231,3.663883,0
47081.0102362278,3.6641586,0
47081.1102362326,3.6643949,0
47081.2102362373,3.6646705,0
47081.3102362421,3.6649461,0
47081.4102362468,3.6650248,0
47081.5102362516,3.6652217,0
47081.6102362563,3.6655366,0
47081.7102362611,3.6657333,0
47081.8102362658,3.6660092,0
47081.9102362706,3.6661665,0
47082.0102362753,3.6663635,0
47082.1102362801,3.6665998,0
47082.2102362848,3.6667178,0
47082.3102362896,3.6671116,0
47082.4102362943,3.667151,0
47082.5102362991,3.6673872,0
47082.6102363038,3.6675446,0
47082.7102363086,3.6678991,0
47082.8102363133,3.6679778,0
47082.9102363181,3.6682141,0
47083.0102363228,3.6684504,0
47083.1102363276,3.668529,0
47083.2102363323,3.6687653,0
47083.3102363371,3.6690016,0
47083.4102363418,3.6691983,0
47083.5102363466,3.6693559,0
47083.6102363513,3.6695528,0
47083.7102363561,3.6697102,0
47083.8102363608,3.6699858,0
47083.9102363656,3.6699858,0
47084.0102363703,3.670222,0
47084.1102363751,3.670419,0
47084.2102363798,3.6706553,0
47084.3102363846,3.6707339,0
47084.4102363893,3.6708519,0
47084.5102363941,3.6711276,0
47084.6102363988,3.6712065,0
47084.7102364036,3.6712852,0
47084.8102364083,3.6716394,0
47084.9102364131,3.6718757,0
47085.0102364178,3.6719151,0
47085.1102364226,3.6721513,0
47085.2102364273,3.6721513,0
47085.3102364321,3.6723876,0
47085.4102364368,3.6727026,0
47085.5102364416,3.6727419,0
47085.6102364463,3.6728995,0
47085.7102364511,3.6732144,0
47085.8102364558,3.6731358,0
47085.9102364606,3.6734114,0
47086.0102364653,3.6734114,0
47086.1102364701,3.6736083,0
47086.2102364748,3.6738446,0
47086.3102364796,3.6737657,0
47086.4102364843,3.6740806,0
47086.5102364891,3.6742775,0
47086.6102364938,3.6744351,0
47086.7102364986,3.6744745,0
47086.8102365033,3.6746318,0
47086.9102365081,3.6745925,0
47087.0102365128,3.6749074,0
47087.1102365176,3.675065,0
47087.2102365223,3.6751437,0
47087.3102365271,3.6753407,0
47087.4102365318,3.6754589,0
47087.5102365366,3.6756556,0
47087.6102365413,3.6758132,0
47087.7102365461,3.6759312,0
47087.8102365508,3.6758919,0
47087.9102365556,3.6760495,0
47088.0102365603,3.6763251,0
47088.1102365651,3.6763251,0
47088.2102365698,3.6764824,0
47088.3102365746,3.6766007,0
47088.4102365793,3.6767581,0
47088.5102365841,3.676955,0
47088.6102365888,3.6770732,0
47088.7102365936,3.6772699,0
47088.8102365983,3.6771126,0
47088.9102366031,3.6775455,0
47089.0102366078,3.6773882,0
47089.1102366126,3.6776638,0
47089.2102366173,3.6777818,0
47089.3102366221,3.6779394,0
47089.4102366268,3.6780181,0
47089.5102366316,3.6781757,0
47089.6102366363,3.6782544,0
47089.7102366411,3.678333,0
47089.8102366458,3.67853,0
47089.9102366506,3.6786087,0
47090.0102366553,3.6788056,0
47090.1102366601,3.6788843,0
47090.2102366648,3.6788843,0
47090.3102366696,3.6790812,0
47090.4102366743,3.6792388,0
47090.5102366791,3.6793175,0
47090.6102366838,3.6793568,0
47090.7102366886,3.6794748,0
47090.8102366933,3.6796718,0
47090.9102366981,3.6797111,0
47091.0102367028,3.6798687,0
47091.1102367076,3.6800261,0
47091.2102367123,3.6801443,0
47091.3102367171,3.6801443,0
47091.4102367218,3.6802623,0
47091.5102367266,3.6803806,0
47091.6102367313,3.6805379,0
47091.7102367361,3.6806562,0
47091.8102367408,3.6807742,0
47091.9102367456,3.6808531,0
47092.0102367503,3.6809318,0
47092.1102367551,3.6810892,0
47092.2102367598,3.6812861,0
47092.3102367646,3.6812861,0
47092.4102367693,3.6813648,0
47092.5102367741,3.6814437,0
47092.6102367788,3.681601,0
47092.7102367836,3.68168,0
47092.8102367883,3.681916,0
47092.9102367931,3.6818373,0
47093.0102367978,3.6821523,0
47093.1102368026,3.6820736,0
47093.2102368073,3.6821523,0
47093.3102368121,3.6823099,0
47093.4102368168,3.6824279,0
47093.5102368216,3.6823885,0
47093.6102368263,3.6825461,0
47093.7102368311,3.6826248,0
47093.8102368358,3.6826248,0
47093.9102368406,3.6830187,0
47094.0102368453,3.6830974,0
47094.1102368501,3.683176,0
47094.2102368548,3.683176,0
47094.3102368596,3.6833336,0
47094.4102368643,3.6834123,0
47094.5102368691,3.6835303,0
47094.6102368738,3.6836092,0
47094.7102368786,3.6837666,0
47094.8102368833,3.6838059,0
47094.9102368881,3.6838849,0
47095.0102368928,3.6838849,0
47095.1102368976,3.6840422,0
47095.2102369023,3.6841998,0
47095.3102369071,3.6841211,0
47095.4102369118,3.6843967,0
47095.5102369166,3.6843967,0
47095.6102369213,3.6845541,0
47095.7102369261,3.6844754,0
47095.8102369308,3.6846724,0
47095.9102369356,3.6848691,0
47096.0102369403,3.684948,0
47096.1102369451,3.6848691,0
47096.2102369498,3.6850266,0
47096.3102369546,3.6850266,0
47096.4102369593,3.6852236,0
47096.5102369641,3.6851842,0
47096.6102369688,3.6854203,0
47096.7102369735,3.6853809,0
47096.8102369783,3.6855779,0
47096.910236983,3.6856172,0
47097.0102369878,3.6856565,0
47097.1102369925,3.6858141,0
47097.2102369973,3.6859322,0
47097.310237002,3.6860504,0
47097.4102370068,3.6859715,0
47097.5102370115,3.6860898,0
47097.6102370163,3.686326,0
47097.710237021,3.6863654,0
47097.8102370258,3.686444,0
47097.9102370305,3.6865623,0
47098.0102370353,3.6865623,0
47098.11023704,3.6864834,0
47098.2102370448,3.6866803,0
47098.3102370495,3.686759,0
47098.4102370543,3.6868379,0
47098.510237059,3.6870346,0
47098.6102370638,3.6869559,0
47098.7102370685,3.6870742,0
47098.8102370733,3.6872315,0
47098.910237078,3.6871529,0
47099.0102370828,3.6873891,0
47099.1102370875,3.6872709,0
47099.2102370923,3.6874678,0
47099.310237097,3.6876254,0
47099.4102371018,3.6877041,0
47099.5102371065,3.6877828,0
47099.6102371113,3.6878221,0
47099.710237116,3.6879797,0
47099.8102371208,3.6878614,0
47099.9102371255,3.6881373,0
47100.0102371303,3.6880977,0
47100.110237135,3.6880977,0
47100.2102371398,3.6881766,0
47100.3102371445,3.6883733,0
47100.4102371493,3.6884916,0
47100.510237154,3.6885309,0
47100.6102371588,3.6885703,0
47100.7102371635,3.6886096,0
47100.8102371683,3.6887279,0
47100.910237173,3.6886885,0
47101.0102371778,3.6889246,0
47101.1102371825,3.6888852,0
47101.2102371873,3.6889641,0
47101.310237192,3.6890821,0
47101.4102371968,3.6891215,0
47101.5102372015,3.6892002,0
47101.6102372063,3.6894364,0
47101.710237211,3.6894364,0
47101.8102372158,3.6893971,0
47101.9102372205,3.6895154,0
47102.0102372253,3.6895547,0
47102.11023723,3.6896334,0
47102.2102372348,3.6897514,0
47102.3102372395,3.689791,0
47102.4102372443,3.689791,0
47102.510237249,3.6900666,0
47102.6102372538,3.6899877,0
47102.7102372585,3.6899483,0
47102.8102372633,3.6903422,0
47102.910237268,3.6903422,0
47103.0102372728,3.6902633,0
47103.1102372775,3.6903028,0
47103.2102372823,3.6904209,0
47103.310237287,3.6904602,0
47103.4102372918,3.6905389,0
47103.5102372965,3.6906178,0
47103.6102373013,3.6906965,0
47103.710237306,3.6907358,0
47103.8102373108,3.6908541,0
47103.9102373155,3.6909328,0
47104.0102373203,3.6909721,0
47104.110237325,3.6912084,0
47104.2102373298,3.691169,0
47104.3102373345,3.6911297,0
47104.4102373393,3.691287,0
47104.510237344,3.6912477,0
47104.6102373488,3.691287,0
47104.7102373535,3.6914053,0
47104.8102373583,3.6914446,0
47104.910237363,3.6916413,0
47105.0102373678,3.6916809,0
47105.1102373725,3.6916809,0
47105.2102373773,3.6917989,0
47105.310237382,3.6917596,0
47105.4102373868,3.6919565,0
47105.5102373915,3.6918776,0
47105.6102373963,3.6920352,0
47105.710237401,3.6921139,0
47105.8102374058,3.6920352,0
47105.9102374105,3.6920745,0
47106.0102374153,3.6923895,0
47106.11023742,3.6923108,0
47106.2102374248,3.6923895,0
47106.3102374295,3.6924684,0
47106.4102374343,3.6925864,0
47106.510237439,3.6925471,0
47106.6102374438,3.6926258,0
47106.7102374485,3.6925471,0
47106.8102374533,3.692744,0
47106.910237458,3.692862,0
47107.0102374628,3.6928227,0
47107.1102374675,3.6929407,0
47107.2102374723,3.6930196,0
47107.310237477,3.6930983,0
47107.4102374818,3.693059,0
47107.5102374865,3.6932557,0
47107.6102374913,3.6932163,0
47107.710237496,3.6932163,0
47107.8102375008,3.6933739,0
47107.9102375055,3.6934919,0
47108.0102375103,3.6935313,0
47108.110237515,3.6934919,0
47108.2102375198,3.6936889,0
47108.3102375245,3.6935709,0
47108.4102375293,3.6937282,0
47108.510237534,3.6937282,0
47108.6102375388,3.6938465,0
47108.7102375435,3.6938858,0
47108.8102375483,3.6937675,0
47108.910237553,3.6940038,0
47109.0102375578,3.6940432,0
47109.1102375625,3.6941221,0
47109.2102375673,3.6940827,0
47109.310237572,3.6942401,0
47109.4102375768,3.6943188,0
47109.5102375815,3.6943583,0
47109.6102375863,3.694437,0
47109.710237591,3.694437,0
47109.8102375958,3.6943977,0
47109.9102376005,3.6944764,0
47110.0102376053,3.694634,0
47110.11023761,3.6946733,0
47110.2102376148,3.694752,0
47110.3102376195,3.69487,0
47110.4102376243,3.694752,0
47110.510237629,3.6949096,0
47110.6102376338,3.6949489,0
47110.7102376385,3.6949883,0
47110.8102376433,3.6950276,0
47110.910237648,3.6951456,0
47111.0102376528,3.6951852,0
47111.1102376575,3.6951852,0
47111.2102376623,3.6952245,0
47111.310237667,3.6953032,0
47111.4102376718,3.6953425,0
47111.5102376765,3.6952639,0
47111.6102376813,3.6955001,0
47111.710237686,3.6955788,0
47111.8102376908,3.6954608,0
47111.9102376955,3.6956575,0
47112.0102377003,3.6956971,0
47112.110237705,3.6958151,0
47112.2102377098,3.6958938,0
47112.3102377145,3.6958938,0
47112.4102377193,3.6958544,0
47112.510237724,3.6960907,0
47112.6102377288,3.6959727,0
47112.7102377335,3.6959727,0
47112.8102377383,3.6960514,0
47112.910237743,3.6960514,0
47113.0102377478,3.6962087,0
47113.1102377525,3.69613,0
47113.2102377573,3.6962876,0
47113.310237762,3.6962876,0
47113.4102377668,3.696327,0
47113.5102377715,3.696445,0
47113.6102377763,3.696445,0
47113.710237781,3.6965239,0
47113.8102377858,3.6966813,0
47113.9102377905,3.6966419,0
47114.0102377953,3.6967206,0
47114.1102378,3.6967599,0
47114.2102378048,3.6968782,0
47114.3102378095,3.6967599,0
47114.4102378143,3.6969175,0
47114.510237819,3.6968782,0
47114.6102378238,3.6969175,0
47114.7102378285,3.6970751,0
47114.8102378333,3.6970356,0
47114.910237838,3.6971538,0
47115.0102378428,3.6972718,0
47115.1102378475,3.6972325,0
47115.2102378523,3.6973112,0
47115.310237857,3.6972718,0
47115.4102378618,3.6974294,0
47115.5102378665,3.6974688,0
47115.6102378713,3.6973901,0
47115.710237876,3.6975474,0
47115.8102378808,3.6975474,0
47115.9102378855,3.697587,0
47116.046237892,3.8758323,0
47116.0482378921,3.895283,3.8045962
47116.1482378968,4.0034823,3.9620046
47116.2482379016,4.0107665,3.9655554
47116.3482379063,4.0145068,3.9657527
47116.4482379111,4.0172238,3.9647664
47116.5482379158,4.0193892,3.9657527
47116.6482379206,4.0212398,3.9643718
47116.7482379253,4.0228543,3.9653579
47116.8482379301,4.0242715,3.9655554
47116.9482379348,4.0258074,3.9653579
47117.0482379396,4.0270276,3.96595
47117.1482379443,4.028091,3.9645691
47117.2482379491,4.0292721,3.9643718
47117.3482379538,4.0301776,3.9651606
47117.4482379586,4.0312014,3.9657527
47117.5482379633,4.0320678,3.9635828
47117.6482379681,4.0329733,3.9647664
47117.7482379728,4.0338392,3.9645691
47117.8482379776,4.0345874,3.9653579
47117.9482379823,4.0354934,3.9667388
47118.0482379871,4.0362806,3.9649636
47118.1482379918,4.0370288,3.96595
47118.2482379966,4.0377769,3.9665417
47118.3482380013,4.0385251,3.9649636
47118.448238006,4.039155,3.9661472
47118.5482380108,4.0398636,3.9647664
47118.6482380155,4.0405331,3.9657527
47118.7482380203,4.0412025,3.9645691
47118.848238025,4.0418715,3.9655554
47118.9482380298,4.0423837,3.9643718
47119.0482380345,4.0431318,3.96595
47119.1482380393,4.0436435,3.9653579
47119.248238044,4.0442343,3.9627939
47119.3482380488,4.0449429,3.9645691
47119.4482380535,4.0456514,3.9651606
47119.5482380583,4.0460057,3.9655554
47119.648238063,4.0466361,3.9639773
47119.7482380678,4.0471478,3.9653579
47119.8482380725,4.0476203,3.9633857
47119.9482380773,4.0482502,3.9651606
47120.048238082,4.0486832,3.9665417
47120.1482380868,4.0493135,3.9649636
47120.2482380915,4.0498648,3.9657527
47120.3482380963,4.0502977,3.9641746
47120.448238101,4.050849,3.9657527
47120.5482381058,4.0512819,3.9653579
47120.6482381105,4.0517545,3.9649636
47120.7482381153,4.0523453,3.9663445
47120.84823812,4.0528569,3.9651606
47120.9482381248,4.0533295,3.9665417
47121.0482381295,4.0537624,3.9663445
47121.1482381343,4.054235,3.9655554
47121.248238139,4.0546684,3.9653579
47121.3482381438,4.0552197,3.9649636
47121.4482381485,4.0556526,3.9651606
47121.5482381533,4.0561643,3.9645691
47121.648238158,4.0564008,3.9655554
47121.7482381628,4.056952,3.96595
47121.8482381675,4.057385,3.9653579
47121.9482381723,4.0578575,3.96378
47122.048238177,4.0583301,3.9653579
47122.1482381818,4.0588813,3.9655554
47122.2482381865,4.0591569,3.9655554
47122.3482381913,4.0595899,3.9649636
47122.448238196,4.0599051,3.9653579
47122.5482382008,4.0604954,3.9653579
47122.6482382055,4.0609679,3.9649636
47122.7482382103,4.0612435,3.9655554
47122.848238215,4.0615978,3.9653579
47122.9482382198,4.0621886,3.9649636
47123.0482382245,4.0626216,3.9645691
47123.1482382293,4.0628972,3.9655554
47123.248238234,4.0633307,3.9655554
47123.3482382388,4.0637636,3.9645691
47123.4482382435,4.0641575,3.9651606
47123.5482382483,4.0645905,3.9655554
47123.648238253,4.0648661,3.9647664
47123.7482382578,4.065299,3.9649636
47123.8482382625,4.0656929,3.9653579
47123.9482382673,4.0659685,3.9651606
47124.048238272,4.0663624,3.9657527
47124.1482382768,4.0667953,3.9661472
47124.2482382815,4.067307,3.96595
47124.3482382863,4.0675826,3.9641746
47124.448238291,4.0680552,3.9655554
47124.5482382958,4.0683703,3.9653579
47124.6482383005,4.0687642,3.9625964
47124.7482383053,4.0691972,3.9651606
47124.84823831,4.0694728,3.9641746
47124.9482383148,4.069788,3.9649636
47125.0482383195,4.0701814,3.9651606
47125.1482383243,4.0705357,3.96378
47125.248238329,4.0710478,3.9653579
47125.3482383338,4.0713234,3.9647664
47125.4482383385,4.0717564,3.9657527
47125.5482383433,4.072032,3.9653579
47125.648238348,4.0723863,3.966936
47125.7482383528,4.0727801,3.9643718
47125.8482383575,4.0730166,3.9645691
47125.9482383623,4.0734496,3.9649636
47126.0462383669,4.0737252,3.9647664
47126.090238369,3.806298,0
47126.1902383738,3.7678692,0
47126.2902383785,3.7597189,0
47126.3902383833,3.7557027,0
47126.490238388,3.7531829,0
47126.5902383928,3.7510171,0
47126.6902383975,3.7494817,0
47126.7902384023,3.7481036,0
47126.890238407,3.7471192,0
47126.9902384118,3.7459774,0
47127.0902384165,3.7452686,0
47127.1902384213,3.7444811,0
47127.290238426,3.7438512,0
47127.3902384308,3.7433,0
47127.4902384355,3.7426701,0
47127.5902384403,3.7422369,0
47127.690238445,3.7416856,0
47127.7902384498,3.7411737,0
47127.8902384545,3.7408588,0
47127.9902384593,3.7403862,0
47128.090238464,3.740032,0
47128.1902384688,3.739717,0
47128.2902384735,3.7394414,0
47128.3902384783,3.7390869,0
47128.490238483,3.7386932,0
47128.5902384878,3.738575,0
47128.6902384925,3.7382207,0
47128.7902384973,3.7380238,0
47128.890238502,3.7377088,0
47128.9902385068,3.7375515,0
47129.0902385115,3.7372363,0
47129.1902385163,3.7370396,0
47129.290238521,3.7368033,0
47129.3902385258,3.7366457,0
47129.4902385305,3.736449,0
47129.5902385353,3.7361732,0
47129.69023854,3.7360551,0
47129.7902385448,3.7358975,0
47129.8902385495,3.7357402,0
47129.9902385543,3.7355433,0
47130.090238559,3.7354646,0
47130.1902385638,3.735189,0
47130.2902385685,3.7349527,0
47130.3902385733,3.7350314,0
47130.490238578,3.7347951,0
47130.5902385828,3.7349133,0
47130.6902385875,3.7345591,0
47130.7902385923,3.7343228,0
47130.890238597,3.7342832,0
47130.9902386018,3.7340472,0
47131.0902386065,3.7340076,0
47131.1902386113,3.7339289,0
47131.290238616,3.7338502,0
47131.3902386208,3.7338109,0
47131.4902386255,3.733614,0
47131.5902386303,3.7334564,0
47131.690238635,3.733417,0
47131.7902386398,3.7331808,0
47131.8902386445,3.7332203,0
47131.9902386493,3.7331021,0
47132.090238654,3.7330234,0
47132.1902386588,3.7329051,0
47132.2902386635,3.7329447,0
47132.3902386683,3.7327085,0
47132.490238673,3.7327085,0
47132.5902386778,3.7325115,0
47132.6902386825,3.7324722,0
47132.7902386873,3.7322752,0
47132.890238692,3.7321966,0
47132.9902386968,3.7321966,0
47133.0902387015,3.7321966,0
47133.1902387063,3.7320783,0
47133.290238711,3.732039,0
47133.3902387158,3.7320783,0
47133.4902387205,3.732039,0
47133.5902387253,3.7317634,0
47133.69023873,3.7317634,0
47133.7902387348,3.731724,0
47133.8902387395,3.7316453,0
47133.9902387443,3.731724,0
47134.090238749,3.7314091,0
47134.1902387538,3.7314091,0
47134.2902387585,3.7314484,0
47134.3902387633,3.7313697,0
47134.490238768,3.7312908,0
47134.5902387728,3.7311728,0
47134.6902387775,3.7311335,0
47134.7902387823,3.7311728,0
47134.890238787,3.7309759,0
47134.9902387918,3.7310152,0
47135.0902387965,3.7310548,0
47135.1902388013,3.7310152,0
47135.290238806,3.7309365,0
47135.3902388108,3.7308578,0
47135.4902388155,3.7307396,0
47135.5902388203,3.7307396,0
47135.690238825,3.7307003,0
47135.7902388298,3.7306216,0
47135.8902388345,3.7307396,0
47135.9902388392,3.7305822,0
47136.090238844,3.7305429,0
47136.1902388487,3.7305033,0
47136.2902388535,3.7305033,0
47136.3902388582,3.7304246,0
47136.490238863,3.7301884,0
47136.5902388677,3.7302673,0
47136.6902388725,3.7301884,0
47136.7902388772,3.7302673,0
47136.890238882,3.7302277,0
47136.9902388867,3.7301097,0
47137.0902388915,3.7301097,0
47137.1902388962,3.730149,0
47137.290238901,3.730031,0
47137.3902389057,3.7301097,0
47137.4902389105,3.730031,0
47137.5902389152,3.7300704,0
47137.69023892,3.730031,0
47137.7902389247,3.7299917,0
47137.8902389295,3.730031,0
47137.9902389342,3.7298341,0
47138.090238939,3.7298341,0
47138.1902389437,3.7298734,0
47138.2902389485,3.7296765,0
47138.3902389532,3.7296765,0
47138.490238958,3.7297947,0
47138.5902389627,3.7295978,0
47138.6902389675,3.7297161,0
47138.7902389722,3.7295585,0
47138.890238977,3.7295585,0
47138.9902389817,3.7296765,0
47139.0902389865,3.7295978,0
47139.1902389912,3.7295191,0
47139.290238996,3.7294405,0
47139.3902390007,3.7295585,0
47139.4902390055,3.7294405,0
47139.5902390102,3.7294798,0
47139.690239015,3.7294405,0
47139.7902390197,3.7293222,0
47139.8902390245,3.7294798,0
47139.9902390292,3.7293222,0
47140.090239034,3.7292829,0
47140.1902390387,3.7292435,0
47140.2902390435,3.7292042,0
47140.3902390482,3.7293615,0
47140.490239053,3.7292829,0
47140.5902390577,3.7291253,0
47140.6902390625,3.7292042,0
47140.7902390672,3.7292829,0
47140.890239072,3.7292042,0
47140.9902390767,3.7291253,0
47141.0902390815,3.7290859,0
47141.1902390862,3.7291648,0
47141.290239091,3.7289679,0
47141.3902390957,3.7290072,0
47141.4902391005,3.7291253,0
47141.5902391052,3.7290072,0
47141.69023911,3.7291253,0
47141.7902391147,3.7290466,0
47141.8902391195,3.7289679,0
47141.9902391242,3.7290466,0
47142.090239129,3.7289286,0
47142.1902391337,3.7289286,0
47142.2902391385,3.7290466,0
47142.3902391432,3.728889,0
47142.490239148,3.7289286,0
47142.5902391527,3.7289679,0
47142.6902391575,3.7287316,0
47142.7902391622,3.7288496,0
47142.890239167,3.7290466,0
47142.9902391717,3.7288496,0
47143.0902391765,3.7287316,0
47143.1902391812,3.7287316,0
47143.290239186,3.7288103,0
47143.3902391907,3.7286923,0
47143.4902391955,3.7287316,0
47143.5902392002,3.7286134,0
47143.690239205,3.728771,0
47143.7902392097,3.7287316,0
47143.8902392145,3.728653,0
47143.9902392192,3.7288496,0
47144.090239224,3.728653,0
47144.1902392287,3.7285347,0
47144.2902392335,3.7285347,0
47144.3902392382,3.728574,0
47144.490239243,3.7286923,0
47144.5902392477,3.728653,0
47144.6902392525,3.728574,0
47144.7902392572,3.7285347,0
47144.890239262,3.7286134,0
47144.9902392667,3.7286134,0
47145.0902392715,3.728653,0
47145.1902392762,3.7286134,0
47145.290239281,3.7286134,0
47145.3902392857,3.728653,0
47145.4902392905,3.728456,0
47145.5902392952,3.728653,0
47145.6902393,3.7286134,0
47145.7902393047,3.7286134,0
47145.8902393095,3.728456,0
47145.9902393142,3.7283773,0
47146.090239319,3.728574,0
47146.1902393237,3.7284954,0
47146.2902393285,3.7285347,0
47146.3902393332,3.7285347,0
47146.490239338,3.7283773,0
47146.5902393427,3.7284954,0
47146.6902393475,3.7283773,0
47146.7902393522,3.728456,0
47146.890239357,3.728456,0
47146.9902393617,3.7283773,0
47147.0902393665,3.7284167,0
47147.1902393712,3.7283378,0
47147.290239376,3.7283773,0
47147.3902393807,3.728456,0
47147.4902393855,3.7283773,0
47147.5902393902,3.7283773,0
47147.690239395,3.728456,0
47147.7902393997,3.7283773,0
47147.8902394045,3.7284167,0
47147.9902394092,3.7282984,0
47148.090239414,3.7282591,0
47148.1902394187,3.7284954,0
47148.2902394235,3.7282984,0
47148.3902394282,3.7283378,0
47148.490239433,3.7283773,0
47148.5902394377,3.7283378,0
47148.6902394425,3.7283378,0
47148.7902394472,3.7282591,0
47148.890239452,3.7282984,0
47148.9902394567,3.7282984,0
47149.0902394615,3.7282591,0
47149.1902394662,3.7283378,0
47149.290239471,3.7282591,0
47149.3902394757,3.7282197,0
47149.4902394805,3.7282591,0
47149.5902394852,3.7282197,0
47149.69023949,3.7283378,0
47149.7902394947,3.7282984,0
47149.8902394995,3.7282591,0
47149.9902395042,3.7281411,0
47150.090239509,3.7282197,0
47150.1902395137,3.7282197,0
47150.2902395185,3.7283378,0
47150.3902395232,3.7282591,0
47150.490239528,3.7284167,0
47150.5902395327,3.7282591,0
47150.6902395375,3.7282197,0
47150.7902395422,3.7282197,0
47150.890239547,3.7282591,0
47150.9902395517,3.7282591,0
47151.0902395565,3.7282591,0
47151.1902395612,3.7282197,0
47151.290239566,3.7282591,0
47151.3902395707,3.7281804,0
47151.4902395755,3.7282591,0
47151.5902395802,3.7282197,0
47151.690239585,3.7281411,0
47151.7902395897,3.7282197,0
47151.8902395945,3.7282197,0
47151.9902395992,3.7282197,0
47152.090239604,3.7281411,0
47152.1902396087,3.7282197,0
47152.2902396135,3.7282984,0
47152.3902396182,3.7281017,0
47152.490239623,3.7282197,0
47152.5902396277,3.7281411,0
47152.6902396325,3.7281804,0
47152.7902396372,3.7280228,0
47152.890239642,3.7281017,0
47152.9902396467,3.7281804,0
47153.0902396515,3.7282197,0
47153.1902396562,3.7281017,0
47153.290239661,3.7280622,0
47153.3902396657,3.7280622,0
47153.4902396705,3.7282197,0
47153.5902396752,3.7281411,0
47153.69023968,3.7280622,0
47153.7902396847,3.7282197,0
47153.8902396895,3.7280622,0
47153.9902396942,3.7281017,0
47154.090239699,3.7281804,0
47154.1902397037,3.7280228,0
47154.2902397085,3.7282197,0
47154.3902397132,3.7281017,0
47154.490239718,3.7281017,0
47154.5902397227,3.7281411,0
47154.6902397275,3.7281804,0
47154.7902397322,3.7281017,0
47154.890239737,3.7282197,0
47154.9902397417,3.7279835,0
47155.0902397465,3.7282197,0
47155.1902397512,3.7281411,0
47155.290239756,3.7281411,0
47155.3902397607,3.7280622,0
47155.4902397655,3.7281411,0
47155.5902397702,3.7281017,0
47155.6902397749,3.7281804,0
47155.7902397797,3.7280622,0
47155.8902397844,3.7282197,0
47155.9902397892,3.7281017,0
47156.0902397939,3.7281017,0
47156.1902397987,3.7281411,0
47156.2902398034,3.7282591,0
47156.3902398082,3.7279048,0
47156.4902398129,3.7280228,0
47156.5902398177,3.7281017,0
47156.6902398224,3.7282197,0
47156.7902398272,3.7281804,0
47156.8902398319,3.7282197,0
47156.9902398367,3.7281017,0
47157.0902398414,3.7281411,0
47157.1902398462,3.7280228,0
47157.2902398509,3.7281411,0
47157.3902398557,3.7280622,0
47157.4902398604,3.7283378,0
47157.5902398652,3.7281411,0
47157.6902398699,3.7280228,0
47157.7902398747,3.7281411,0
47157.8902398794,3.7281017,0
47157.9902398842,3.7280622,0
47158.0902398889,3.7279048,0
47158.1902398937,3.7280622,0
47158.2902398984,3.7280622,0
47158.3902399032,3.7281411,0
47158.4902399079,3.7281411,0
47158.5902399127,3.7279835,0
47158.6902399174,3.7281804,0
47158.7902399222,3.7281411,0
47158.8902399269,3.7281804,0
47158.9902399317,3.7282197,0
47159.0902399364,3.7280622,0
47159.1902399412,3.7280622,0
47159.2902399459,3.7281017,0
47159.3902399507,3.7280228,0
47159.4902399554,3.7281804,0
47159.5902399602,3.7281804,0
47159.6902399649,3.7281804,0
47159.7902399697,3.7281411,0
47159.8902399744,3.7281017,0
47159.9902399792,3.7281411,0
47160.0902399839,3.7281017,0
47160.1902399887,3.7282591,0
47160.2902399934,3.7281804,0
47160.3902399982,3.7281411,0
47160.4902400029,3.7283378,0
47160.5902400077,3.7281804,0
47160.6902400124,3.7280622,0
47160.7902400172,3.7282984,0
47160.8902400219,3.7281411,0
47160.9902400267,3.7281017,0
47161.0902400314,3.7282197,0
47161.1902400362,3.7282591,0
47161.2902400409,3.7281804,0
47161.3902400457,3.7282197,0
47161.4902400504,3.7280228,0
47161.5902400552,3.7281804,0
47161.6902400599,3.7281804,0
47161.7902400647,3.7282197,0
47161.8902400694,3.7280622,0
47161.9902400742,3.7281804,0
47162.0902400789,3.7281017,0
47162.1902400837,3.7281017,0
47162.2902400884,3.7280622,0
47162.3902400932,3.7281804,0
47162.4902400979,3.7282197,0
47162.5902401027,3.7281411,0
47162.6902401074,3.7282591,0
47162.7902401122,3.7282591,0
47162.8902401169,3.7281804,0
47162.9902401217,3.7280622,0
47163.0902401264,3.7282984,0
47163.1902401312,3.7282197,0
47163.2902401359,3.7281411,0
47163.3902401407,3.7280228,0
47163.4902401454,3.7282197,0
47163.5902401502,3.7281804,0
47163.6902401549,3.7281411,0
47163.7902401597,3.7281804,0
47163.8902401644,3.7281804,0
47163.9902401692,3.7282197,0
47164.0902401739,3.7281411,0
47164.1902401787,3.7282197,0
47164.2902401834,3.7281017,0
47164.3902401882,3.7281804,0
47164.4902401929,3.7282591,0
47164.5902401977,3.7281411,0
47164.6902402024,3.7281804,0
47164.7902402072,3.7280622,0
47164.8902402119,3.7282591,0
47164.9902402167,3.7283378,0
47165.0902402214,3.7281804,0
47165.1902402262,3.7282984,0
47165.2902402309,3.7281804,0
47165.3902402357,3.7282591,0
47165.4902402404,3.7281411,0
47165.5902402452,3.7281017,0
47165.6902402499,3.7281804,0
47165.7902402547,3.7282984,0
47165.8902402594,3.7282197,0
47165.9902402642,3.7281017,0
47166.1282402707,3.6957364,0
47166.1302402708,3.6924684,-0.76892896
47167.1302403183,3.6626623,-0.78352576
47168.1302403658,3.6611662,-0.78372296
47169.1302404133,3.6600635,-0.78411743
47170.1302404608,3.6593156,-0.78332843
47171.1302405083,3.6584888,-0.78431476
47172.1302405558,3.6578586,-0.78431476
47173.1302406033,3.6571107,-0.78332843
47174.1302406508,3.6565592,-0.78510376
47175.1302406983,3.6559293,-0.78352576
47176.1302407458,3.6553781,-0.78372296
47177.1302407933,3.6548662,-0.78293396
47178.1302408408,3.654315,-0.78490649
47179.1302408883,3.6538031,-0.78352576
47180.1302409358,3.6533308,-0.78372296
47181.1302409833,3.6528583,-0.78470929
47182.1302410308,3.652307,-0.78392023
47183.1302410783,3.6518738,-0.78372296
47184.1302411258,3.6514409,-0.78313123
47185.1302411733,3.651047,-0.78313123
47186.1302412208,3.6505351,-0.78293396
47187.1302412683,3.6501808,-0.78451196
47188.1302413158,3.6498265,-0.78352576
47189.1302413633,3.6493146,-0.78411743
47190.1302414108,3.6489995,-0.78293396
47191.1302414583,3.6485665,-0.78253943
47192.1302415058,3.6482122,-0.78293396
47193.1302415533,3.647779,-0.78313123
47194.1302416008,3.6473854,-0.78234222
47195.1302416482,3.6470702,-0.78332843
47196.1302416957,3.6467946,-0.78313123
47197.1302417432,3.6464009,-0.78372296
47198.1302417907,3.6459677,-0.78372296
47199.1302418382,3.6456528,-0.7821449
47200.1302418857,3.6453772,-0.78392023
47201.1302419332,3.644944,-0.78253943
47202.1302419807,3.6447473,-0.78313123
47203.1302420282,3.6443534,-0.78273669
47204.1302420757,3.644196,-0.78431476
47205.1302421232,3.6437628,-0.78332843
47206.1302421707,3.6434085,-0.78431476
47207.1302422182,3.6432509,-0.78352576
47208.1302422657,3.6428967,-0.78293396
47209.1302423132,3.6425028,-0.78313123
47210.1302423607,3.6421878,-0.78234222
47211.1302424082,3.6421092,-0.78352576
47212.1302424557,3.6417153,-0.78293396
47213.1302425032,3.6415186,-0.78273669
47214.1302425507,3.641243,-0.78431476
47215.1302425982,3.6409674,-0.78332843
47216.1302426457,3.6406128,-0.78234222
47217.1302426932,3.6404161,-0.78313123
47218.1302427407,3.6401799,-0.78352576
47219.1302427882,3.6398649,-0.78392023
47220.1302428357,3.6395893,-0.78352576
47221.1302428832,3.6393924,-0.78372296
47222.1302429307,3.6391561,-0.78253943
47223.1302429782,3.6388805,-0.78372296
47224.1302430257,3.6385655,-0.78431476
47225.1302430732,3.6384079,-0.78451196
47226.1302431207,3.6381323,-0.78352576
47227.1302431682,3.6379354,-0.78332843
47228.1302432157,3.6376994,-0.78332843
47229.1302432632,3.6374238,-0.78332843
47230.1302433107,3.6371481,-0.78451196
47231.1302433582,3.636833,-0.78332843
47232.1302434057,3.6367936,-0.78293396
47233.1302434532,3.6365573,-0.78313123
47234.1302435006,3.6363606,-0.78490649
47235.1302435481,3.6362031,-0.78293396
47236.1302435956,3.6359668,-0.78392023
47237.1302436431,3.6357698,-0.78411743
47238.1302436906,3.6354549,-0.78372296
47239.1302437381,3.6352582,-0.78332843
47240.1302437856,3.6351006,-0.78352576
47241.1302438331,3.6349826,-0.78431476
47242.1302438806,3.6346281,-0.78392023
47243.1302439281,3.6344707,-0.78490649
47244.1302439756,3.6342738,-0.78372296
47245.1302440231,3.6339982,-0.78293396
47246.1302440706,3.6339195,-0.78293396
47247.1302441181,3.6337225,-0.78313123
47248.1302441656,3.6334863,-0.78273669
47249.1302442131,3.63325,-0.78253943
47250.1302442606,3.633132,-0.78392023
47251.1302443081,3.632935,-0.78253943
47252.1302443556,3.6325808,-0.78352576
47253.1302444031,3.6325018,-0.78411743
47254.1302444506,3.6322656,-0.78392023
47255.1302444981,3.6320689,-0.78470929
47256.1302445456,3.6320295,-0.78313123
47257.1302445931,3.6316357,-0.78273669
47258.1302446406,3.631675,-0.78372296
47259.1302446881,3.6313994,-0.78451196
47260.1302447356,3.631242,-0.78352576
47261.1302447831,3.6310844,-0.78293396
47262.1302448306,3.6308875,-0.78392023
47263.1302448781,3.6306515,-0.78253943
47264.1302449256,3.6305726,-0.78352576
47265.1302449731,3.6302576,-0.7821449
47266.1302450206,3.6301396,-0.78510376
47267.1302450681,3.6300607,-0.78411743
47268.1302451156,3.6297851,-0.78352576
47269.1302451631,3.6297064,-0.78372296
47270.1302452106,3.6294701,-0.78293396
47271.1302452581,3.6294308,-0.78372296
47272.1302453056,3.6291158,-0.78293396
47273.1302453531,3.6289976,-0.78332843
47274.1302454005,3.6288795,-0.78372296
47275.130245448,3.6285646,-0.78510376
47276.1302454955,3.6285253,-0.78352576
47277.130245543,3.6284463,-0.78352576
47278.1302455905,3.6282496,-0.78451196
47279.130245638,3.6281314,-0.78293396
47280.1302456855,3.6278558,-0.78352576
47281.130245733,3.6278558,-0.78273669
47282.1302457805,3.6276195,-0.78411743
47283.130245828,3.6275408,-0.78392023
47284.1302458755,3.6272652,-0.78313123
47285.130245923,3.6271076,-0.78293396
47286.1302459705,3.626832,-0.78352576
47287.130246018,3.6267927,-0.78332843
47288.1302460655,3.6266747,-0.78431476
47289.130246113,3.6264777,-0.78372296
47290.1302461605,3.6262021,-0.78451196
47291.130246208,3.6262414,-0.78392023
47292.1302462555,3.6260841,-0.78431476
47293.130246303,3.6258872,-0.78352576
47294.1302463505,3.6257296,-0.78313123
47295.130246398,3.6256902,-0.78392023
47296.1302464455,3.6254933,-0.78352576
47297.130246493,3.6252966,-0.78352576
47298.1302465405,3.6252573,-0.78372296
47299.130246588,3.6249814,-0.78372296
47300.1302466355,3.6248634,-0.78392023
47301.130246683,3.6247058,-0.78352576
47302.1302467305,3.6245091,-0.78313123
47303.130246778,3.6245091,-0.78470929
47304.1302468255,3.6243515,-0.78411743
47305.130246873,3.6241546,-0.78392023
47306.1302469205,3.6240759,-0.78253943
47307.130246968,3.623879,-0.78313123
47308.1302470155,3.6237216,-0.78313123
47309.130247063,3.6236823,-0.78293396
47310.1302471105,3.6234853,-0.78313123
47311.130247158,3.6233673,-0.78372296
47312.1302472055,3.6231704,-0.78332843
47313.1302472529,3.6230521,-0.78431476
47314.1302473004,3.6230128,-0.78392023
47315.1302473479,3.6228158,-0.78352576
47316.1302473954,3.6226978,-0.78530096
47317.1302474429,3.6224222,-0.78313123
47318.1302474904,3.6224222,-0.78253943
47319.1302475379,3.6222253,-0.78372296
47320.1302475854,3.6221073,-0.78273669
47321.1302476329,3.6219103,-0.78332843
47322.1302476804,3.6219103,-0.78451196
47323.1302477279,3.6217923,-0.78332843
47324.1302477754,3.621556,-0.78332843
47325.1302478229,3.6214774,-0.78490649
47326.1302478704,3.6213591,-0.78372296
47327.1302479179,3.6212411,-0.78530096
47328.1302479654,3.6209655,-0.78372296
47329.1302480129,3.6208866,-0.78253943
47330.1302480604,3.6208079,-0.78175043
47331.1302481079,3.6206899,-0.78392023
47332.1302481554,3.620611,-0.78253943
47333.1302482029,3.6204929,-0.78313123
47334.1302482504,3.6202567,-0.78411743
47335.1302482979,3.6200991,-0.78352576
47336.1302483454,3.6200204,-0.78451196
47337.1302483929,3.619863,-0.78372296
47338.1302484404,3.6197448,-0.78372296
47339.1302484879,3.6196661,-0.78273669
47340.1302485354,3.6194692,-0.78332843
47341.1302485829,3.6193905,-0.78392023
47342.1302486304,3.6192722,-0.78332843
47343.1302486779,3.6191542,-0.78352576
47344.1302487254,3.6189573,-0.78273669
47345.1302487729,3.6189179,-0.78313123
47346.1302488204,3.6187999,-0.78392023
47347.1302488679,3.6186817,-0.78372296
47348.1302489154,3.6186423,-0.78411743
47349.1302489629,3.6184061,-0.78332843
47350.1302490104,3.618288,-0.78293396
47351.1302490579,3.6182091,-0.78293396
47352.1302491053,3.6181304,-0.78352576
47353.1302491528,3.6180124,-0.78451196
47354.1302492003,3.6177368,-0.78293396
47355.1302492478,3.6177368,-0.78313123
47356.1302492953,3.6176579,-0.78313123
47357.1302493428,3.6173823,-0.78411743
47358.1302493903,3.6173036,-0.78313123
47359.1302494378,3.6173429,-0.78372296
47360.1302494853,3.6169887,-0.78293396
47361.1302495328,3.61691,-0.78411743
47362.1302495803,3.6169493,-0.78313123
47363.1302496278,3.6167917,-0.78411743
47364.1302496753,3.616713,-0.78372296
47365.1302497228,3.6164374,-0.78332843
47366.1302497703,3.6162405,-0.78392023
47367.1302498178,3.6163192,-0.78253943
47368.1302498653,3.6161225,-0.78332843
47369.1302499128,3.6160831,-0.78372296
47370.1302499603,3.6160042,-0.78392023
47371.1302500078,3.6158075,-0.78313123
47372.1302500553,3.615768,-0.78332843
47373.1302501028,3.6154923,-0.78372296
47374.1302501503,3.6154137,-0.78392023
47375.1302501978,3.6154137,-0.78470929
47376.1302502453,3.6151381,-0.78392023
47377.1302502928,3.6150987,-0.78332843
47378.1302503403,3.6149805,-0.78253943
47379.1302503878,3.6149018,-0.78451196
47380.1302504353,3.6147048,-0.78313123
47381.1302504828,3.6146262,-0.78313123
47382.1302505303,3.6144688,-0.78392023
47383.1302505778,3.6143506,-0.78313123
47384.1302506253,3.6143112,-0.78313123
47385.1302506728,3.6141143,-0.78372296
47386.1302507203,3.6140749,-0.78372296
47387.1302507678,3.6139963,-0.78411743
47388.1302508153,3.6139176,-0.78411743
47389.1302508628,3.6137993,-0.78332843
47390.1302509103,3.6136024,-0.78332843
47391.1302509577,3.6134844,-0.78431476
47392.1302510052,3.6134057,-0.78451196
47393.1302510527,3.6133268,-0.78372296
47394.1302511002,3.6131301,-0.78253943
47395.1302511477,3.6130512,-0.78352576
47396.1302511952,3.6129332,-0.78313123
47397.1302512427,3.6128149,-0.78293396
47398.1302512902,3.6127362,-0.78431476
47399.1302513377,3.6125789,-0.78332843
47400.1302513852,3.6124606,-0.78392023
47401.1302514327,3.6123426,-0.78352576
47402.1302514802,3.6122637,-0.78490649
47403.1302515277,3.612185,-0.78431476
47404.1302515752,3.612067,-0.78352576
47405.1302516227,3.6119487,-0.78293396
47406.1302516702,3.6119094,-0.78392023
47407.1302517177,3.6116731,-0.78372296
47408.1302517652,3.6116731,-0.78392023
47409.1302518127,3.6115944,-0.78372296
47410.1302518602,3.6114762,-0.78313123
47411.1302519077,3.6112795,-0.78352576
47412.1302519552,3.6112401,-0.78352576
47413.1302520027,3.6110826,-0.78313123
47414.1302520502,3.6110432,-0.78332843
47415.1302520977,3.6108069,-0.78352576
47416.1302521452,3.6107676,-0.78352576
47417.1302521927,3.6106889,-0.78293396
47418.1302522402,3.6106493,-0.78392023
47419.1302522877,3.6104133,-0.78273669
47420.1302523352,3.6103344,-0.78411743
47421.1302523827,3.6102951,-0.78431476
47422.1302524302,3.6100588,-0.78332843
47423.1302524777,3.6100588,-0.78293396
47424.1302525252,3.6099014,-0.78392023
47425.1302525727,3.6098619,-0.78372296
47426.1302526202,3.6097045,-0.78431476
47427.1302526677,3.6095076,-0.78372296
47428.1302527152,3.6093895,-0.78352576
47429.1302527627,3.6093502,-0.78332843
47430.1302528102,3.6093106,-0.78293396
47431.1302528576,3.6091139,-0.78431476
47432.1302529051,3.6090746,-0.78411743
47433.1302529526,3.6088777,-0.78372296
47434.1302530001,3.6088383,-0.78293396
47435.1302530476,3.6087201,-0.78411743
47436.1302530951,3.6086807,-0.78253943
47437.1302531426,3.6085627,-0.78372296
47438.1302531901,3.6085234,-0.78332843
47439.1302532376,3.6083264,-0.78411743
47440.1302532851,3.6081688,-0.78313123
47441.1302533326,3.6081295,-0.78372296
47442.1302533801,3.6080902,-0.78372296
47443.1302534276,3.6078539,-0.78352576
47444.1302534751,3.6076963,-0.78313123
47445.1302535226,3.6076963,-0.78273669
47446.1302535701,3.6075783,-0.78352576
47447.1302536176,3.6074996,-0.78352576
47448.1302536651,3.607342,-0.78431476
47449.1302537126,3.6072633,-0.78313123
47450.1302537601,3.6071451,-0.78313123
47451.1302538076,3.6071451,-0.78332843
47452.1302538551,3.6069484,-0.78372296
47453.1302539026,3.6068695,-0.78293396
47454.1302539501,3.6067514,-0.78273669
47455.1302539976,3.6066334,-0.78372296
47456.1302540451,3.6065938,-0.78332843
47457.1302540926,3.6065545,-0.78313123
47458.1302541401,3.6063576,-0.78155322
47459.1302541876,3.6061609,-0.78313123
47460.1302542351,3.6061609,-0.78431476
47461.1302542826,3.606082,-0.78313123
47462.1302543301,3.6058459,-0.78392023
47463.1302543776,3.6058853,-0.78293396
47464.1302544251,3.605767,-0.78273669
47465.1302544726,3.6056097,-0.78352576
47466.1302545201,3.6055703,-0.78313123
47467.1302545676,3.6054521,-0.78313123
47468.1302546151,3.605334,-0.78372296
47469.1302546626,3.6052551,-0.78253943
47470.13025471,3.6050978,-0.78352576
47471.1302547575,3.6050191,-0.78293396
47472.130254805,3.6048615,-0.78313123
47473.1302548525,3.6047435,-0.78352576
47474.1302549,3.6047435,-0.78372296
47475.1302549475,3.6045859,-0.78253943
47476.130254995,3.6045465,-0.78352576
47477.1302550425,3.604389,-0.78293396
47478.13025509,3.6044676,-0.78392023
47479.1302551375,3.604192,-0.78411743
47480.130255185,3.6040347,-0.78313123
47481.1302552325,3.603956,-0.78470929
47482.13025528,3.6040347,-0.78490649
47483.1302553275,3.6038377,-0.78392023
47484.130255375,3.6037591,-0.78411743
47485.1302554225,3.6035621,-0.78293396
47486.13025547,3.6035228,-0.78352576
47487.1302555175,3.6034048,-0.78392023
47488.130255565,3.6033652,-0.7821449
47489.1302556125,3.6032472,-0.78293396
47490.13025566,3.6030109,-0.78411743
47491.1302557075,3.6030896,-0.78293396
47492.130255755,3.6029716,-0.78431476
47493.1302558025,3.6028929,-0.78313123
47494.13025585,3.6026566,-0.78451196
47495.1302558975,3.6026959,-0.78352576
47496.130255945,3.6025383,-0.78273669
47497.1302559925,3.6023417,-0.78293396
47498.13025604,3.6024203,-0.78352576
47499.1302560875,3.6022627,-0.78313123
47500.130256135,3.6021841,-0.78293396
47501.1302561825,3.6020265,-0.78313123
47502.13025623,3.6020265,-0.78431476
47503.1302562775,3.6018691,-0.78313123
47504.130256325,3.6018298,-0.78253943
47505.1302563725,3.6016328,-0.78372296
47506.13025642,3.6015542,-0.78431476
47507.1302564675,3.6014752,-0.78549829
47508.130256515,3.6013179,-0.78273669
47509.1302565624,3.6012785,-0.78411743
47510.1302566099,3.6011996,-0.78313123
47511.1302566574,3.6009636,-0.78332843
47512.1302567049,3.600924,-0.78392023
47513.1302567524,3.6010029,-0.78352576
47514.1302567999,3.6008847,-0.78313123
47515.1302568474,3.6006877,-0.78392023
47516.1302568949,3.6005697,-0.78352576
47517.1302569424,3.6005697,-0.78352576
47518.1302569899,3.6005304,-0.78175043
47519.1302570374,3.6003728,-0.78253943
47520.1302570849,3.6002548,-0.78530096
47521.1302571324,3.6002154,-0.78411743
47522.1302571799,3.6001365,-0.78411743
47523.1302572274,3.5998609,-0.78451196
47524.1302572749,3.5999005,-0.78313123
47525.1302573224,3.5997429,-0.78313123
47526.1302573699,3.5997036,-0.78392023
47527.1302574174,3.5997036,-0.78451196
47528.1302574649,3.599546,-0.78352576
47529.1302575124,3.5994279,-0.78273669
47530.1302575599,3.5993493,-0.78332843
47531.1302576074,3.5992703,-0.78293396
47532.1302576549,3.5992703,-0.78332843
47533.1302577024,3.5989947,-0.78253943
47534.1302577499,3.5989161,-0.78372296
47535.1302577974,3.5988374,-0.78293396
47536.1302578449,3.5986798,-0.78431476
47537.1302578924,3.5986404,-0.78431476
47538.1302579399,3.5986011,-0.78253943
47539.1302579874,3.5985222,-0.78451196
47540.1302580349,3.5984828,-0.78293396
47541.1302580824,3.5982862,-0.78451196
47542.1302581299,3.5981286,-0.78372296
47543.1302581774,3.5981679,-0.78372296
47544.1302582249,3.5980105,-0.78392023
47545.1302582724,3.5980105,-0.78431476
47546.1302583199,3.5979316,-0.78194769
47547.1302583674,3.5977743,-0.78293396
47548.1302584148,3.597656,-0.78392023
47549.1302584623,3.597656,-0.78510376
47550.1302585098,3.597538,-0.78392023
47551.1302585573,3.5974593,-0.78332843
47552.1302586048,3.5972624,-0.78431476
47553.1302586523,3.5973017,-0.78352576
47554.1302586998,3.5971441,-0.78411743
47555.1302587473,3.5970654,-0.78313123
47556.1302587948,3.5970261,-0.78372296
47557.1302588423,3.5968292,-0.78411743
47558.1302588898,3.5967898,-0.78411743
47559.1302589373,3.5966718,-0.78313123
47560.1302589848,3.5965536,-0.78313123
47561.1302590323,3.5964355,-0.7858927
47562.1302590798,3.5965142,-0.78392023
47563.1302591273,3.5963566,-0.78372296
47564.1302591748,3.5961993,-0.78372296
47565.1302592223,3.5961206,-0.78411743
47566.1302592698,3.596081,-0.78451196
47567.1302593173,3.595963,-0.78372296
47568.1302593648,3.5958843,-0.78411743
47569.1302594123,3.595845,-0.78332843
47570.1302594598,3.5956874,-0.78392023
47571.1302595073,3.5956087,-0.78352576
47572.1302595548,3.5956087,-0.78313123
47573.1302596023,3.5955694,-0.78332843
47574.1302596498,3.5954118,-0.78313123
47575.1302596973,3.5953724,-0.78392023
47576.1302597448,3.5952542,-0.78392023
47577.1302597923,3.5951362,-0.78372296
47578.1302598398,3.5951362,-0.78372296
47579.1302598873,3.5949786,-0.78332843
47580.1302599348,3.5949392,-0.78293396
47581.1302599823,3.5948212,-0.78392023
47582.1302600298,3.5946243,-0.78313123
47583.1302600773,3.5946243,-0.78313123
47584.1302601248,3.5945849,-0.78510376
47585.1302601723,3.5944667,-0.78372296
47586.1302602198,3.594388,-0.78392023
47587.1302602672,3.5943487,-0.78352576
47588.1302603147,3.5941517,-0.78451196
47589.1302603622,3.5940337,-0.78332843
47590.1302604097,3.5941517,-0.78392023
47591.1302604572,3.593955,-0.78273669
47592.1302605047,3.5938368,-0.78273669
47593.1302605522,3.5937188,-0.78392023
47594.1302605997,3.5937581,-0.78293396
47595.1302606472,3.5936794,-0.78372296
47596.1302606947,3.5934432,-0.78273669
47597.1302607422,3.5934432,-0.78431476
47598.1302607897,3.5933642,-0.78549829
47599.1302608372,3.5932856,-0.78332843
47600.1302608847,3.5932069,-0.78273669
47601.1302609322,3.5931675,-0.78411743
47602.1302609797,3.5930493,-0.78431476
47603.1302610272,3.5930099,-0.78332843
47604.1302610747,3.5928524,-0.78352576
47605.1302611222,3.5927343,-0.78510376
47606.1302611697,3.5925374,-0.78332843
47607.1302612172,3.5925767,-0.78293396
47608.1302612647,3.5925374,-0.78293396
47609.1302613122,3.5924194,-0.78293396
47610.1302613597,3.59238,-0.78470929
47611.1302614072,3.5923407,-0.78392023
47612.1302614547,3.5921438,-0.78372296
47613.1302615022,3.5920651,-0.78293396
47614.1302615497,3.5920255,-0.78313123
47615.1302615972,3.5919468,-0.78411743
47616.1302616447,3.5917895,-0.78431476
47617.1302616922,3.5918682,-0.78352576
47618.1302617397,3.5917499,-0.78332843
47619.1302617872,3.5916319,-0.78352576
47620.1302618347,3.5915532,-0.78352576
47621.1302618822,3.5913956,-0.78431476
47622.1302619297,3.5913169,-0.78392023
47623.1302619772,3.5913169,-0.78392023
47624.1302620247,3.5913169,-0.78431476
47625.1302620722,3.5910807,-0.78431476
47626.1302621197,3.5911987,-0.78253943
47627.1302621671,3.5909231,-0.78332843
47628.1302622146,3.5909231,-0.78293396
47629.1302622621,3.5908051,-0.78332843
47630.1302623096,3.5907657,-0.78352576
47631.1302623571,3.5907264,-0.78352576
47632.1302624046,3.5905294,-0.78392023
47633.1302624521,3.5904901,-0.78313123
47634.1302624996,3.5903718,-0.78352576
47635.1302625471,3.5903718,-0.78293396
47636.1302625946,3.5902932,-0.78293396
47637.1302626421,3.5902145,-0.78313123
47638.1302626896,3.5901752,-0.78451196
47639.1302627371,3.5900176,-0.78253943
47640.1302627846,3.5899389,-0.78411743
47641.1302628321,3.5899389,-0.78411743
47642.1302628796,3.5898995,-0.78451196
47643.1302629271,3.58986,-0.78234222
47644.1302629746,3.5897026,-0.78470929
47645.1302630221,3.5895057,-0.78490649
47646.1302630696,3.5895057,-0.78372296
47647.1302631171,3.5894663,-0.78431476
47648.1302631646,3.5893087,-0.78352576
47649.1302632121,3.5893087,-0.78530096
47650.1302632596,3.5891514,-0.78470929
47651.1302633071,3.5891514,-0.78372296
47652.1302633546,3.5889544,-0.78313123
47653.1302634021,3.5889151,-0.78332843
47654.1302634496,3.5889151,-0.78352576
47655.1302634971,3.5887575,-0.78451196
47656.1302635446,3.5887575,-0.78293396
47657.1302635921,3.5886395,-0.78352576
47658.1302636396,3.5885608,-0.78431476
47659.1302636871,3.5884032,-0.78313123
47660.1302637346,3.5884426,-0.78273669
47661.1302637821,3.5882852,-0.78332843
47662.1302638296,3.588167,-0.78372296
47663.1302638771,3.588167,-0.78490649
47664.1302639246,3.588167,-0.78313123
47665.1302639721,3.5880096,-0.78332843
47666.1302640195,3.58797,-0.78392023
47667.130264067,3.5877733,-0.78332843
47668.1302641145,3.5877733,-0.78372296
47669.130264162,3.5876551,-0.78411743
47670.1302642095,3.5876551,-0.78352576
47671.130264257,3.5875371,-0.78332843
47672.1302643045,3.5874188,-0.78431476
47673.130264352,3.5874977,-0.78313123
47674.1302643995,3.5874581,-0.78451196
47675.130264447,3.5872614,-0.78313123
47676.1302644945,3.5872221,-0.78451196
47677.130264542,3.5871038,-0.78352576
47678.1302645895,3.5869465,-0.78234222
47679.130264637,3.5870252,-0.78431476
47680.1302646845,3.5868676,-0.78234222
47681.130264732,3.5868282,-0.78470929
47682.1302647795,3.5866709,-0.78392023
47683.130264827,3.5866709,-0.78372296
47684.1302648745,3.586592,-0.78490649
47685.130264922,3.5864346,-0.78470929
47686.1302649695,3.5865133,-0.78253943
47687.130265017,3.5863953,-0.78392023
47688.1302650645,3.5863163,-0.78313123
47689.130265112,3.586159,-0.78273669
47690.1302651595,3.5860801,-0.78332843
47691.130265207,3.5860014,-0.78411743
47692.1302652545,3.5859621,-0.78352576
47693.130265302,3.5859621,-0.78372296
47694.1302653495,3.5858834,-0.78253943
47695.130265397,3.5857651,-0.78352576
47696.1302654445,3.5856864,-0.78293396
47697.130265492,3.5856864,-0.78411743
47698.1302655395,3.5855682,-0.78431476
47699.130265587,3.5854502,-0.78332843
47700.1302656345,3.5853322,-0.78451196
47701.130265682,3.5854108,-0.78431476
47702.1302657295,3.5853715,-0.78431476
47703.130265777,3.5852139,-0.78253943
47704.1302658245,3.5851746,-0.78392023
47705.1302658719,3.5850565,-0.78273669
47706.1302659194,3.5850565,-0.78352576
47707.1302659669,3.5850565,-0.78470929
47708.1302660144,3.5848989,-0.78392023
47709.1302660619,3.5847809,-0.78392023
47710.1302661094,3.5847414,-0.78392023
47711.1302661569,3.5846627,-0.78372296
47712.1302662044,3.5845447,-0.78431476
47713.1302662519,3.584584,-0.78392023
47714.1302662994,3.5843871,-0.78332843
47715.1302663469,3.5843477,-0.78352576
47716.1302663944,3.584269,-0.78451196
47717.1302664419,3.5843084,-0.78313123
47718.1302664894,3.5841115,-0.78411743
47719.1302665369,3.5841115,-0.78411743
47720.1302665844,3.5839934,-0.78372296
47721.1302666319,3.5838752,-0.78293396
47722.1302666794,3.5838752,-0.78313123
47723.1302667269,3.5837965,-0.78372296
47724.1302667744,3.5837178,-0.78372296
47725.1302668219,3.5836782,-0.78293396
47726.1302668694,3.5835209,-0.78332843
47727.1302669169,3.5835602,-0.78273669
47728.1302669644,3.5834026,-0.78431476
47729.1302670119,3.5832846,-0.7821449
47730.1302670594,3.583324,-0.78411743
47731.1302671069,3.5831666,-0.78372296
47732.1302671544,3.5832059,-0.78332843
47733.1302672019,3.583127,-0.78431476
47734.1302672494,3.583009,-0.78352576
47735.1302672969,3.5828514,-0.78273669
47736.1302673444,3.5828514,-0.78530096
47737.1302673919,3.5829303,-0.78490649
47738.1302674394,3.5828121,-0.78510376
47739.1302674869,3.5827334,-0.78313123
47740.1302675344,3.5825758,-0.78293396
47741.1302675819,3.5825365,-0.78470929
47742.1302676294,3.5825758,-0.78293396
47743.1302676769,3.5823791,-0.78609003
47744.1302677243,3.5824184,-0.78293396
47745.1302677718,3.5822608,-0.78352576
47746.1302678193,3.5821428,-0.78352576
47747.1302678668,3.5820639,-0.78490649
47748.1302679143,3.5820246,-0.78352576
47749.1302679618,3.5819459,-0.78352576
47750.1302680093,3.5818279,-0.78411743
47751.1302680568,3.5818672,-0.78293396
47752.1302681043,3.5816309,-0.78332843
47753.1302681518,3.581749,-0.78313123
47754.1302681993,3.5816703,-0.78352576
47755.1302682468,3.5815127,-0.78372296
47756.1302682943,3.5815523,-0.78332843
47757.1302683418,3.5815523,-0.78392023
47758.1302683893,3.5812767,-0.78332843
47759.1302684368,3.581316,-0.78293396
47760.1302684843,3.5812371,-0.78352576
47761.1302685318,3.5812371,-0.78293396
47762.1302685793,3.5810797,-0.78253943
47763.1302686268,3.5810404,-0.78372296
47764.1302686743,3.5808828,-0.78253943
47765.1302687218,3.5808434,-0.78411743
47766.1302687693,3.5808041,-0.78431476
47767.1302688168,3.5808041,-0.78411743
47768.1302688643,3.5806465,-0.78451196
47769.1302689118,3.5805678,-0.78313123
47770.1302689593,3.5807254,-0.78352576
47771.1302690068,3.5805285,-0.78411743
47772.1302690543,3.5804102,-0.78411743
47773.1302691018,3.5804102,-0.78431476
47774.1302691493,3.580174,-0.78352576
47775.1302691968,3.5802529,-0.78313123
47776.1302692443,3.5800953,-0.78372296
47777.1302692918,3.580056,-0.78392023
47778.1302693393,3.5800166,-0.78352576
47779.1302693868,3.5798984,-0.78431476
47780.1302694343,3.5798197,-0.78392023
47781.1302694818,3.5797803,-0.78392023
47782.1302695293,3.5797017,-0.78352576
47783.1302695768,3.5796227,-0.78313123
47784.1302696242,3.5796227,-0.78411743
47785.1302696717,3.5795441,-0.78332843
47786.1302697192,3.5794261,-0.78234222
47787.1302697667,3.5794261,-0.78411743
47788.1302698142,3.5793867,-0.78352576
47789.1302698617,3.5793471,-0.78332843
47790.1302699092,3.5793078,-0.78411743
47791.1302699567,3.5791111,-0.78451196
47792.1302700042,3.5790715,-0.78470929
47793.1302700517,3.5789535,-0.78392023
47794.1302700992,3.5789928,-0.78451196
47795.1302701467,3.5788748,-0.78392023
47796.1302701942,3.5787172,-0.78352576
47797.1302702417,3.5787172,-0.78411743
47798.1302702892,3.5787566,-0.78470929
47799.1302703367,3.5786386,-0.7821449
47800.1302703842,3.5784416,-0.78490649
47801.1302704317,3.5784416,-0.78332843
47802.1302704792,3.5784416,-0.78392023
47803.1302705267,3.578284,-0.78392023
47804.1302705742,3.5783629,-0.78392023
47805.1302706217,3.5782447,-0.78451196
47806.1302706692,3.5780873,-0.78470929
47807.1302707167,3.5780873,-0.78411743
47808.1302707642,3.5780084,-0.78332843
47809.1302708117,3.5780084,-0.78411743
47810.1302708592,3.5779691,-0.78313123
47811.1302709067,3.5778511,-0.78490649
47812.1302709542,3.5778117,-0.78392023
47813.1302710017,3.5776935,-0.78352576
47814.1302710492,3.5776148,-0.78392023
47815.1302710967,3.5776148,-0.78293396
47816.1302711442,3.5775361,-0.78372296
47817.1302711917,3.5774968,-0.78313123
47818.1302712392,3.5773392,-0.78313123
47819.1302712867,3.5772998,-0.78253943
47820.1302713342,3.5773392,-0.78431476
47821.1302713817,3.5771029,-0.78313123
47822.1302714292,3.5771816,-0.78431476
47823.1302714766,3.5770636,-0.78372296
47824.1302715241,3.5771029,-0.78372296
47825.1302715716,3.5769455,-0.78332843
47826.1302716191,3.5769849,-0.78470929
47827.1302716666,3.5768666,-0.78293396
47828.1302717141,3.5767486,-0.78253943
47829.1302717616,3.5766697,-0.78313123
47830.1302718091,3.576591,-0.78372296
47831.1302718566,3.5765517,-0.78510376
47832.1302719041,3.5764337,-0.78392023
47833.1302719516,3.5764337,-0.78411743
47834.1302719991,3.5763154,-0.78470929
47835.1302720466,3.5763154,-0.78431476
47836.1302720941,3.5762761,-0.78332843
47837.1302721416,3.5761974,-0.78293396
47838.1302721891,3.5760398,-0.78332843
47839.1302722366,3.5760398,-0.78313123
47840.1302722841,3.5760005,-0.78431476
47841.1302723316,3.5760791,-0.78431476
47842.1302723791,3.5759218,-0.78411743
47843.1302724266,3.5759218,-0.78352576
47844.1302724741,3.5758035,-0.78313123
47845.1302725216,3.5756068,-0.78332843
47846.1302725691,3.5756462,-0.78372296
47847.1302726166,3.5756462,-0.78451196
47848.1302726641,3.5754492,-0.7856955
47849.1302727116,3.5754492,-0.78253943
47850.1302727591,3.5752916,-0.78392023
47851.1302728066,3.5752916,-0.78332843
47852.1302728541,3.5752523,-0.78313123
47853.1302729016,3.5751343,-0.78313123
47854.1302729491,3.5751343,-0.78313123
47855.1302729966,3.575016,-0.78332843
47856.1302730441,3.5749767,-0.78352576
47857.1302730916,3.5748587,-0.78313123
47858.1302731391,3.5749373,-0.78352576
47859.1302731866,3.574898,-0.78470929
47860.1302732341,3.5747011,-0.78470929
47861.1302732816,3.5747404,-0.78313123
47862.130273329,3.5746617,-0.78332843
47863.1302733765,3.5745437,-0.78313123
47864.130273424,3.5745041,-0.78411743
47865.1302734715,3.5745437,-0.78313123
47866.130273519,3.5743468,-0.78332843
47867.1302735665,3.5743074,-0.78293396
47868.130273614,3.5743074,-0.78293396
47869.1302736615,3.5741498,-0.78273669
47870.130273709,3.5741498,-0.78352576
47871.1302737565,3.5740318,-0.78451196
47872.130273804,3.5739925,-0.78470929
47873.1302738515,3.5738349,-0.78392023
47874.130273899,3.5739136,-0.78332843
47875.1302739465,3.5737956,-0.78332843
47876.130273994,3.5737169,-0.78293396
47877.1302740415,3.5736773,-0.78431476
47878.130274089,3.573638,-0.78352576
47879.1302741365,3.5735593,-0.78490649
47880.130274184,3.5734806,-0.78293396
47881.1302742315,3.5734806,-0.78372296
47882.130274279,3.5733624,-0.78234222
47883.1302743265,3.5734017,-0.78411743
47884.130274374,3.5732837,-0.78490649
47885.1302744215,3.5731261,-0.78451196
47886.130274469,3.5731657,-0.78352576
47887.1302745165,3.5730867,-0.78372296
47888.130274564,3.5729294,-0.78451196
47889.1302746115,3.5728898,-0.78372296
47890.130274659,3.5728505,-0.78332843
47891.1302747065,3.5727324,-0.78332843
47892.130274754,3.5727718,-0.78470929
47893.1302748015,3.5727324,-0.78392023
47894.130274849,3.5726142,-0.78332843
47895.1302748965,3.5726142,-0.78470929
47896.130274944,3.5724962,-0.78352576
47897.1302749915,3.5724962,-0.78411743
47898.130275039,3.5724568,-0.78352576
47899.1302750865,3.5723782,-0.78332843
47900.130275134,3.5722599,-0.78352576
47901.1302751814,3.5722599,-0.78411743
47902.1302752289,3.5721419,-0.78431476
47903.1302752764,3.5720236,-0.78352576
47904.1302753239,3.572063,-0.78273669
47905.1302753714,3.5719843,-0.78431476
47906.1302754189,3.5718269,-0.78470929
47907.1302754664,3.5718269,-0.78253943
47908.1302755139,3.5717874,-0.78411743
47909.1302755614,3.5717087,-0.78392023
47910.1302756089,3.5716693,-0.78470929
47911.1302756564,3.57163,-0.78392023
47912.1302757039,3.5714331,-0.78372296
47913.1302757514,3.5713937,-0.78372296
47914.1302757989,3.5714331,-0.78313123
47915.1302758464,3.5713544,-0.78332843
47916.1302758939,3.5713151,-0.78392023
47917.1302759414,3.5713544,-0.78352576
47918.1302759889,3.5711575,-0.78392023
47919.1302760364,3.5711575,-0.78510376
47920.1302760839,3.5710394,-0.78332843
47921.1302761314,3.5709212,-0.78352576
47922.1302761789,3.5708425,-0.78470929
47923.1302762264,3.5708425,-0.78372296
47924.1302762739,3.5706849,-0.78352576
47925.1302763214,3.5707638,-0.78431476
47926.1302763689,3.5707242,-0.78253943
47927.1302764164,3.5706062,-0.78411743
47928.1302764639,3.5706062,-0.78431476
47929.1302765114,3.5704486,-0.78431476
47930.1302765589,3.5704882,-0.78313123
47931.1302766064,3.5704093,-0.78392023
47932.1302766539,3.57037,-0.78372296
47933.1302767014,3.5702913,-0.78372296
47934.1302767489,3.570173,-0.78352576
47935.1302767964,3.5702126,-0.78411743
47936.1302768439,3.570055,-0.78293396
47937.1302768914,3.570055,-0.78411743
47938.1302769389,3.5699763,-0.78332843
47939.1302769864,3.5698581,-0.78352576
47940.1302770339,3.5698974,-0.78332843
47941.1302770813,3.5697401,-0.78293396
47942.1302771288,3.5697401,-0.78431476
47943.1302771763,3.5695038,-0.78392023
47944.1302772238,3.5697007,-0.78372296
47945.1302772713,3.5695825,-0.78313123
47946.1302773188,3.5695038,-0.78411743
47947.1302773663,3.5695038,-0.78411743
47948.1302774138,3.5694251,-0.78431476
47949.1302774613,3.5693462,-0.78411743
47950.1302775088,3.5692675,-0.78332843
47951.1302775563,3.5692675,-0.78313123
47952.1302776038,3.5691099,-0.78392023
47953.1302776513,3.5690706,-0.78155322
47954.1302776988,3.5690312,-0.78293396
47955.1302777463,3.5690312,-0.78273669
47956.1302777938,3.5688739,-0.78313123
47957.1302778413,3.5688343,-0.78313123
47958.1302778888,3.5688343,-0.78372296
47959.1302779363,3.5687163,-0.78332843
47960.1302779838,3.5687163,-0.78332843
47961.1302780313,3.5687556,-0.78510376
47962.1302780788,3.5686769,-0.78392023
47963.1302781263,3.5685983,-0.78372296
47964.1302781738,3.5684407,-0.78253943
47965.1302782213,3.568362,-0.78372296
47966.1302782688,3.5684013,-0.78411743
47967.1302783163,3.5682831,-0.78372296
47968.1302783638,3.5682044,-0.78431476
47969.1302784113,3.5680864,-0.78392023
47970.1302784588,3.568047,-0.78411743
47971.1302785063,3.5680075,-0.78332843
47972.1302785538,3.5680075,-0.78411743
47973.1302786013,3.5678895,-0.78253943
47974.1302786488,3.5679288,-0.78313123
47975.1302786963,3.5678108,-0.78392023
47976.1302787438,3.5678108,-0.78411743
47977.1302787913,3.5675745,-0.78510376
47978.1302788388,3.5676138,-0.78313123
47979.1302788863,3.5675352,-0.78431476
47980.1302789337,3.5674562,-0.78451196
47981.1302789812,3.5674169,-0.78392023
47982.1302790287,3.5674169,-0.78392023
47983.1302790762,3.5673382,-0.78313123
47984.1302791237,3.56722,-0.78431476
47985.1302791712,3.56722,-0.78431476
47986.1302792187,3.567102,-0.78273669
47987.1302792662,3.5671413,-0.78392023
47988.1302793137,3.5669839,-0.78352576
47989.1302793612,3.5669444,-0.78313123
47990.1302794087,3.5669444,-0.78313123
47991.1302794562,3.5668263,-0.78313123
47992.1302795037,3.5667477,-0.78392023
47993.1302795512,3.5667083,-0.78451196
47994.1302795987,3.5666687,-0.78332843
47995.1302796462,3.5666687,-0.78332843
47996.1302796937,3.5665114,-0.78392023
47997.1302797412,3.5665901,-0.78313123
47998.1302797887,3.5664327,-0.78313123
47999.1302798362,3.5663931,-0.78372296
48000.1302798837,3.5663931,-0.78352576
48001.1302799312,3.5662358,-0.78549829
48002.1302799787,3.5661571,-0.78293396
48003.1302800262,3.5661964,-0.78392023
48004.1302800737,3.5661175,-0.78372296
48005.1302801212,3.5661175,-0.78392023
48006.1302801687,3.5659602,-0.78313123
48007.1302802162,3.5658815,-0.78313123
48008.1302802637,3.5658815,-0.78352576
48009.1302803112,3.5657632,-0.78332843
48010.1302803587,3.5657239,-0.78273669
48011.1302804062,3.5657239,-0.78392023
48012.1302804537,3.565527,-0.78293396
48013.1302805012,3.5656056,-0.78372296
48014.1302805487,3.5655663,-0.78411743
48015.1302805962,3.5654483,-0.78293396
48016.1302806437,3.5653696,-0.78372296
48017.1302806912,3.56533,-0.78392023
48018.1302807387,3.56533,-0.78313123
48019.1302807861,3.565212,-0.78609003
48020.1302808336,3.565212,-0.78293396
48021.1302808811,3.565094,-0.78431476
48022.1302809286,3.5650544,-0.78372296
48023.1302809761,3.5649757,-0.78293396
48024.1302810236,3.5648577,-0.78372296
48025.1302810711,3.5648577,-0.78392023
48026.1302811186,3.5648577,-0.78392023
48027.1302811661,3.5647001,-0.78234222
48028.1302812136,3.5647001,-0.78470929
48029.1302812611,3.5647001,-0.78332843
48030.1302813086,3.5645821,-0.78313123
48031.1302813561,3.5646214,-0.78313123
48032.1302814036,3.5645821,-0.78352576
48033.1302814511,3.5644639,-0.78411743
48034.1302814986,3.5643852,-0.78332843
48035.1302815461,3.5644245,-0.78352576
48036.1302815936,3.5643065,-0.78332843
48037.1302816411,3.5641882,-0.78332843
48038.1302816886,3.5641096,-0.78372296
48039.1302817361,3.5641096,-0.78332843
48040.1302817836,3.5639915,-0.78332843
48041.1302818311,3.5640309,-0.78293396
48042.1302818786,3.563834,-0.78609003
48043.1302819261,3.5639126,-0.78411743
48044.1302819736,3.5636764,-0.78372296
48045.1302820211,3.5637946,-0.78392023
48046.1302820686,3.5636764,-0.78530096
48047.1302821161,3.563637,-0.78411743
48048.1302821636,3.5635977,-0.78411743
48049.1302822111,3.5634007,-0.78332843
48050.1302822586,3.5634797,-0.78293396
48051.1302823061,3.5633221,-0.78451196
48052.1302823536,3.5633221,-0.78392023
48053.1302824011,3.5633221,-0.78372296
48054.1302824486,3.5630858,-0.78451196
48055.1302824961,3.5631645,-0.78352576
48056.1302825436,3.5630858,-0.78411743
48057.1302825911,3.5630858,-0.78411743
48058.1302826385,3.5630465,-0.78470929
48059.130282686,3.5628495,-0.78431476
48060.1302827335,3.5629284,-0.78411743
48061.130282781,3.5628102,-0.78313123
48062.1302828285,3.5627315,-0.78352576
48063.130282876,3.5626528,-0.78293396
48064.1302829235,3.5626528,-0.78352576
48065.130282971,3.5626528,-0.78392023
48066.1302830185,3.5626528,-0.78431476
48067.130283066,3.5625346,-0.78392023
48068.1302831135,3.5623772,-0.78293396
48069.130283161,3.5622983,-0.78332843
48070.1302832085,3.5623376,-0.78352576
48071.130283256,3.5622196,-0.78372296
48072.1302833035,3.5622196,-0.78332843
48073.130283351,3.5621803,-0.78352576
48074.1302833985,3.5621016,-0.78293396
48075.130283446,3.5621016,-0.78352576
48076.1302834935,3.5619833,-0.78253943
48077.130283541,3.5620227,-0.78332843
48078.1302835885,3.561944,-0.78451196
48079.130283636,3.5619047,-0.78332843
48080.1302836835,3.5617864,-0.78332843
48081.130283731,3.5618258,-0.78352576
48082.1302837785,3.5617077,-0.78411743
48083.130283826,3.5615108,-0.78392023
48084.1302838735,3.5615108,-0.78293396
48085.130283921,3.5615108,-0.78372296
48086.1302839685,3.5613928,-0.78332843
48087.130284016,3.5613141,-0.78470929
48088.1302840635,3.5612352,-0.78352576
48089.130284111,3.5612745,-0.78431476
48090.1302841585,3.5611959,-0.78392023
48091.130284206,3.5611172,-0.78313123
48092.1302842535,3.5610385,-0.78273669
48093.130284301,3.5610778,-0.78372296
48094.1302843485,3.5609596,-0.78490649
48095.130284396,3.5609202,-0.78372296
48096.1302844435,3.5608809,-0.78332843
48097.130284491,3.5608416,-0.78392023
48098.1302845384,3.5607629,-0.78392023
48099.1302845859,3.5607629,-0.78332843
48100.1302846334,3.5606053,-0.78411743
48101.1302846809,3.5604873,-0.78273669
48102.1302847284,3.5605266,-0.78194769
48103.1302847759,3.5604873,-0.78273669
48104.1302848234,3.5602903,-0.78510376
48105.1302848709,3.5605266,-0.78253943
48106.1302849184,3.5604084,-0.78372296
48107.1302849659,3.5603297,-0.78392023
48108.1302850134,3.5603297,-0.78431476
48109.1302850609,3.5600541,-0.78392023
48110.1302851084,3.5600541,-0.78332843
48111.1302851559,3.5600934,-0.78411743
48112.1302852034,3.5598965,-0.78392023
48113.1302852509,3.5599754,-0.78332843
48114.1302852984,3.5598965,-0.78431476
48115.1302853459,3.5598178,-0.78431476
48116.1302853934,3.5598178,-0.78313123
48117.1302854409,3.5597391,-0.78392023
48118.1302854884,3.5596209,-0.78293396
48119.1302855359,3.5596209,-0.78530096
48120.1302855834,3.5595422,-0.78372296
48121.1302856309,3.5594635,-0.78332843
48122.1302856784,3.5594242,-0.78234222
48123.1302857259,3.5592666,-0.78411743
48124.1302857734,3.5594242,-0.78332843
48125.1302858209,3.5593059,-0.78549829
48126.1302858684,3.5593059,-0.78313123
48127.1302859159,3.5590303,-0.78352576
48128.1302859634,3.5591879,-0.78392023
48129.1302860109,3.5590696,-0.78332843
48130.1302860584,3.5590303,-0.78273669
48131.1302861059,3.5588729,-0.78313123
48132.1302861534,3.5589516,-0.78313123
48133.1302862009,3.5589123,-0.78313123
48134.1302862484,3.5588334,-0.78372296
48135.1302862959,3.5587153,-0.78332843
48136.1302863434,3.558676,-0.78411743
48137.1302863908,3.5585973,-0.78372296
48138.1302864383,3.5585973,-0.78530096
48139.1302864858,3.5586367,-0.78293396
48140.1302865333,3.5584791,-0.78431476
48141.1302865808,3.5583611,-0.78451196
48142.1302866283,3.5582821,-0.78392023
48143.1302866758,3.5582035,-0.78352576
48144.1302867233,3.5582428,-0.78372296
48145.1302867708,3.5581248,-0.78431476
48146.1302868183,3.5582035,-0.78313123
48147.1302868658,3.5581248,-0.78411743
48148.1302869133,3.5579672,-0.78392023
48149.1302869608,3.5579278,-0.78293396
48150.1302870083,3.5578492,-0.78352576
48151.1302870558,3.5578098,-0.78313123
48152.1302871033,3.5578885,-0.78392023
48153.1302871508,3.5576916,-0.78392023
48154.1302871983,3.5576916,-0.78352576
48155.1302872458,3.5576129,-0.78470929
48156.1302872933,3.5575342,-0.78352576
48157.1302873408,3.5574946,-0.78372296
48158.1302873883,3.5574946,-0.78372296
48159.1302874358,3.5574553,-0.78372296
48160.1302874833,3.5573766,-0.78332843
48161.1302875308,3.5572586,-0.78372296
48162.1302875783,3.5571797,-0.78332843
48163.1302876258,3.557219,-0.78392023
48164.1302876733,3.5571404,-0.78293396
48165.1302877208,3.557101,-0.78313123
48166.1302877683,3.5570223,-0.78372296
48167.1302878158,3.5569434,-0.78313123
48168.1302878633,3.5568254,-0.78313123
48169.1302879108,3.5569041,-0.78411743
48170.1302879583,3.5567861,-0.78352576
48171.1302880058,3.5568254,-0.78293396
48172.1302880533,3.5567467,-0.78352576
48173.1302881008,3.5565498,-0.78332843
48174.1302881483,3.5566678,-0.78451196
48175.1302881958,3.5565891,-0.78451196
48176.1302882432,3.5564318,-0.78392023
48177.1302882907,3.5564318,-0.78451196
48178.1302883382,3.5562742,-0.78392023
48179.1302883857,3.5562348,-0.78372296
48180.1302884332,3.5561955,-0.78392023
48181.1302884807,3.5562348,-0.78530096
48182.1302885282,3.5560772,-0.78372296
48183.1302885757,3.5561166,-0.78332843
48184.1302886232,3.5559986,-0.78352576
48185.1302886707,3.5560772,-0.78352576
48186.1302887182,3.5559199,-0.7821449
48187.1302887657,3.5559199,-0.7856955
48188.1302888132,3.555723,-0.78470929
48189.1302888607,3.555723,-0.78273669
48190.1302889082,3.555723,-0.78392023
48191.1302889557,3.5556047,-0.78431476
48192.1302890032,3.5556836,-0.78273669
48193.1302890507,3.5556047,-0.78253943
48194.1302890982,3.5555654,-0.78431476
48195.1302891457,3.555526,-0.78372296
48196.1302891932,3.5554473,-0.78313123
48197.1302892407,3.5553291,-0.78411743
48198.1302892882,3.555408,-0.78352576
48199.1302893357,3.5552111,-0.78392023
48200.1302893832,3.5551324,-0.78372296
48201.1302894307,3.5551324,-0.78273669
48202.1302894782,3.5550535,-0.78332843
48203.1302895257,3.5549355,-0.78451196
48204.1302895732,3.5549355,-0.78313123
48205.1302896207,3.5549355,-0.78253943
48206.1302896682,3.5550141,-0.78273669
48207.1302897157,3.5547385,-0.78352576
48208.1302897632,3.5548961,-0.78293396
48209.1302898107,3.5546992,-0.78293396
48210.1302898582,3.5546598,-0.78372296
48211.1302899057,3.5545812,-0.78313123
48212.1302899532,3.5545812,-0.78234222
48213.1302900007,3.5544629,-0.78470929
48214.1302900482,3.5544629,-0.78313123
48215.1302900956,3.5544236,-0.78293396
48216.1302901431,3.554266,-0.78372296
48217.1302901906,3.554266,-0.78372296
48218.1302902381,3.5543449,-0.78313123
48219.1302902856,3.5541086,-0.78293396
48220.1302903331,3.5541086,-0.78392023
48221.1302903806,3.5541086,-0.78332843
48222.1302904281,3.553951,-0.78372296
48223.1302904756,3.5539904,-0.78372296
48224.1302905231,3.5538723,-0.7856955
48225.1302905706,3.5537937,-0.78352576
48226.1302906181,3.5539117,-0.78293396
48227.1302906656,3.5537148,-0.78372296
48228.1302907131,3.5535967,-0.78332843
48229.1302907606,3.5537148,-0.78273669
48230.1302908081,3.5535574,-0.78313123
48231.1302908556,3.5535967,-0.78253943
48232.1302909031,3.5535967,-0.78332843
48233.1302909506,3.5533605,-0.78332843
48234.1302909981,3.5533211,-0.78194769
48235.1302910456,3.5532031,-0.7821449
48236.1302910931,3.5532424,-0.78293396
48237.1302911406,3.5533211,-0.78313123
48238.1302911881,3.5531242,-0.78313123
48239.1302912356,3.5530849,-0.78253943
48240.1302912831,3.5530849,-0.78332843
48241.1302913306,3.5530062,-0.78293396
48242.1302913781,3.5529275,-0.78234222
48243.1302914256,3.5528486,-0.78352576
48244.1302914731,3.5528486,-0.78451196
48245.1302915206,3.5527306,-0.78253943
48245.7222915487,3.5528092,-0.78352576
48245.7242915488,3.5526912,-0.78313123
48245.770291551,3.6108069,0
48305.7702944008,3.6461253,0
48365.7702972507,3.6523464,0
48425.7703001005,3.6556144,0
48485.7703029504,3.6577799,0
48545.7703058002,3.65904,0
48605.7703086501,3.6600635,0
48665.7703114999,3.6607723,0
48725.7703143497,3.6614418,0
48785.7703171996,3.6618748,0
48845.7703200494,3.6625836,0
48905.7703228993,3.6628592,0
48965.7703257491,3.6632528,0
49025.770328599,3.6636467,0
49085.7703314488,3.6638041,0
49145.7703342987,3.6640797,0
49205.7703371485,3.6643553,0
49265.7703399984,3.6645522,0
49325.7703428482,3.6648672,0
49385.7703456981,3.6650248,0
49445.7703485479,3.665261,0
49505.7703513978,3.665379,0
49565.7703542476,3.6654973,0
49625.7703570975,3.665694,0
49685.7703599473,3.6658909,0
49745.7703627971,3.6659303,0
49805.770365647,3.6660879,0
49865.7703684968,3.6661665,0
49925.7703713467,3.6663635,0
49985.7703741965,3.6663241,0
50045.7703770464,3.6665208,0
50105.7703798962,3.6666391,0
50165.7703827461,3.6666391,0
50225.7703855959,3.6668754,0
50285.7703884458,3.6667571,0
50345.7703912956,3.666954,0
50405.7703941455,3.6670327,0
50465.7703969953,3.6669934,0
50525.7703998452,3.6670327,0
50585.770402695,3.6672297,0
50645.7704055449,3.6671903,0
50705.7704083947,3.667269,0
50765.7704112445,3.6673872,0
50825.7704140944,3.6674659,0
50885.7704169442,3.6673477,0
50945.7704197941,3.6675053,0
51005.7704226439,3.6675839,0
51065.7704254938,3.6677022,0
51125.7704283436,3.6676233,0
51185.7704311935,3.6677415,0
51245.7704340433,3.6678202,0
51305.7704368932,3.6678202,0
51365.770439743,3.6679385,0
51425.7704425929,3.6678596,0
51485.7704454427,3.6677809,0
51545.7704482926,3.6680958,0
51605.7704511424,3.6680171,0
51665.7704539923,3.6680565,0
51725.7704568421,3.6681747,0
51785.7704596919,3.6679385,0
51845.8024625433,3.6679385,0
51845.8044625434,3.4256318,-4.9493281
51845.9044625482,3.2473075,-5.2876187
51846.0044625529,3.2354953,-5.288605
51846.1044625577,3.2299438,-5.2862378
51846.2044625624,3.2263608,-5.2866323
51846.3044625672,3.2236438,-5.2876187
51846.4044625719,3.2215178,-5.2884072
51846.5044625767,3.2196672,-5.28821
51846.6044625814,3.2180135,-5.2888022
51846.7044625862,3.2163596,-5.2957061
51846.8044625909,3.2153754,-5.2862378
51846.9044625957,3.2141941,-5.2874214
51847.0044626004,3.2131705,-5.2858433
51847.1044626052,3.2120681,-5.289394
51847.2044626099,3.2111623,-5.2876187
51847.3044626147,3.2101386,-5.2888022
51847.4044626194,3.2093117,-5.2878164
51847.5044626242,3.2085638,-5.2866323
51847.6044626289,3.2076581,-5.2866323
51847.7044626337,3.2069888,-5.2878164
51847.8044626384,3.2062407,-5.2864351
51847.9044626432,3.2055712,-5.2884072
51848.0044626479,3.20502,-5.2874214
51848.1044626527,3.2043507,-5.2868296
51848.2044626574,3.2036026,-5.2876187
51848.3044626622,3.203012,-5.2870269
51848.4044626669,3.2024214,-5.288605
51848.5044626717,3.2017913,-5.28821
51848.6044626764,3.2010827,-5.2870269
51848.7044626812,3.2006495,-5.2878164
51848.8044626859,3.2000589,-5.2884072
51848.9044626907,3.1995864,-5.2876187
51849.0044626954,3.1990745,-5.2895913
51849.1044627002,3.1985629,-5.2870269
51849.2044627049,3.1979721,-5.28821
51849.3044627097,3.1975391,-5.2878164
51849.4044627144,3.1970272,-5.2874214
51849.5044627192,3.1966333,-5.2891968
51849.6044627239,3.1962004,-5.2888022
51849.7044627287,3.1956885,-5.2884072
51849.8044627334,3.1952159,-5.2872241
51849.9044627382,3.1948223,-5.2872241
51850.0044627429,3.1943498,-5.288605
51850.1044627476,3.1939955,-5.2878164
51850.2044627524,3.1935229,-5.2870269
51850.3044627571,3.1930504,-5.2872241
51850.4044627619,3.1926172,-5.2889995
51850.5044627666,3.1923416,-5.285646
51850.6044627714,3.1918693,-5.2870269
51850.7044627761,3.1914754,-5.2862378
51850.8044627809,3.1910818,-5.28821
51850.9044627856,3.1907668,-5.2870269
51851.0044627904,3.1902943,-5.2891968
51851.1044627951,3.18994,-5.28821
51851.2044627999,3.1895461,-5.2872241
51851.3044628046,3.1891525,-5.2897886
51851.4044628094,3.1889162,-5.2866323
51851.5044628141,3.1885223,-5.2868296
51851.6044628189,3.188168,-5.2860405
51851.7044628236,3.1877744,-5.2891968
51851.8044628284,3.1874199,-5.2866323
51851.9044628331,3.1871049,-5.2870269
51852.0044628379,3.18679,-5.2876187
51852.1044628426,3.1863961,-5.2868296
51852.2044628474,3.1861205,-5.2872241
51852.3044628521,3.1858449,-5.2878164
51852.4044628569,3.1854906,-5.2876187
51852.5044628616,3.1851363,-5.2889995
51852.6044628664,3.1848214,-5.289394
51852.7044628711,3.1846638,-5.2878164
51852.8044628759,3.1841912,-5.2884072
51852.9044628806,3.1840339,-5.2866323
51853.0044628854,3.1836793,-5.2874214
51853.1044628901,3.1832464,-5.2878164
51853.2044628949,3.1830101,-5.2880137
51853.3044628996,3.1826162,-5.2925498
51853.4044629044,3.1824589,-5.2876187
51853.5044629091,3.1821833,-5.2878164
51853.6044629139,3.181829,-5.2862378
51853.7044629186,3.181632,-5.28821
51853.8044629234,3.1812775,-5.2874214
51853.9044629281,3.1810415,-5.2876187
51854.0044629329,3.1807263,-5.2870269
51854.1044629376,3.1804903,-5.2858433
51854.2044629424,3.1801357,-5.2872241
51854.3044629471,3.1798601,-5.2884072
51854.4044629519,3.1797028,-5.2858433
51854.5044629566,3.1793876,-5.2860405
51854.6044629614,3.1791515,-5.2872241
51854.7044629661,3.1788759,-5.2880137
51854.8044629709,3.1786003,-5.2868296
51854.9044629756,3.1784034,-5.2876187
51855.0044629804,3.1782851,-5.2888022
51855.1044629851,3.1778915,-5.2870269
51855.2044629899,3.1776946,-5.289394
51855.3044629946,3.1774189,-5.289394
51855.4044629994,3.1771433,-5.28821
51855.5044630041,3.1770647,-5.2866323
51855.6044630089,3.1765921,-5.2874214
51855.7044630136,3.1763952,-5.2880137
51855.8044630184,3.1761985,-5.2876187
51855.9044630231,3.1760802,-5.2891968
51856.0044630279,3.1757259,-5.2866323
51856.1044630326,3.175529,-5.2876187
51856.2044630374,3.1752927,-5.2872241
51856.3044630421,3.1750565,-5.2888022
51856.4044630469,3.1748991,-5.2866323
51856.5044630516,3.1746628,-5.288605
51856.6044630564,3.1743872,-5.2895913
51856.7044630611,3.1742692,-5.2860405
51856.8044630659,3.1739933,-5.2866323
51856.9044630706,3.1737967,-5.288605
51857.0044630754,3.1735604,-5.2884072
51857.1044630801,3.1732848,-5.2878164
51857.2044630849,3.1731272,-5.2866323
51857.3044630896,3.1729305,-5.2868296
51857.4044630944,3.1727335,-5.2866323
51857.5044630991,3.1726942,-5.2888022
51857.6044631039,3.1722217,-5.2897886
51857.7044631086,3.172143,-5.2860405
51857.8044631134,3.1720247,-5.2876187
51857.9044631181,3.1717098,-5.2870269
51858.0044631229,3.1715522,-5.2880137
51858.1044631276,3.1714735,-5.2852515
51858.2044631324,3.1711192,-5.2884072
51858.3044631371,3.1710405,-5.288605
51858.4044631419,3.1707649,-5.2880137
51858.5044631466,3.170568,-5.2880137
51858.6044631514,3.1704497,-5.2876187
51858.7044631561,3.1701741,-5.2878164
51858.8044631609,3.1700954,-5.2884072
51858.9044631656,3.1699378,-5.2874214
51859.0044631704,3.1698198,-5.2868296
51859.1044631751,3.1694655,-5.289394
51859.2044631799,3.1693866,-5.2880137
51859.3044631846,3.1691899,-5.2864351
51859.4044631894,3.168993,-5.2884072
51859.5044631941,3.1687961,-5.2889995
51859.6044631989,3.1685205,-5.2880137
51859.7044632036,3.1684811,-5.2870269
51859.8044632084,3.1682842,-5.2880137
51859.9044632131,3.1681662,-5.2874214
51860.0044632179,3.1679692,-5.2878164
51860.1044632226,3.167733,-5.2889995
51860.2044632274,3.1675756,-5.2870269
51860.3044632321,3.1674573,-5.2884072
51860.4044632369,3.1673787,-5.2862378
51860.5044632416,3.1671817,-5.2876187
51860.6044632464,3.1669455,-5.2880137
51860.7044632511,3.1668274,-5.2878164
51860.8044632559,3.1666698,-5.2860405
51860.9044632606,3.1665125,-5.2870269
51861.0044632654,3.1662369,-5.2880137
51861.1044632701,3.1662369,-5.2888022
51861.2044632749,3.1660793,-5.28821
51861.3044632796,3.165843,-5.28821
51861.4044632844,3.1656067,-5.2868296
51861.5044632891,3.1655674,-5.2876187
51861.6044632939,3.16541,-5.288605
51861.7044632986,3.1652524,-5.2897886
51861.8044633034,3.1650951,-5.2874214
51861.9044633081,3.1649768,-5.2862378
51862.0044633129,3.1648192,-5.28821
51862.1044633176,3.1645436,-5.2874214
51862.2044633224,3.1645043,-5.2876187
51862.3044633271,3.1644256,-5.2872241
51862.4044633319,3.1641107,-5.2870269
51862.5044633366,3.1639924,-5.2880137
51862.6044633414,3.164032,-5.2862378
51862.7044633461,3.163835,-5.2891968
51862.8044633509,3.1635988,-5.2878164
51862.9044633556,3.1636381,-5.2876187
51863.0044633604,3.1633232,-5.2895913
51863.1044633651,3.1633232,-5.2866323
51863.2044633699,3.1632051,-5.2876187
51863.3044633746,3.1630476,-5.2852515
51863.4044633794,3.16289,-5.2872241
51863.5044633841,3.1626933,-5.2870269
51863.6044633889,3.162457,-5.2874214
51863.7044633936,3.1625357,-5.2868296
51863.8044633984,3.1624963,-5.2870269
51863.9044634031,3.1623781,-5.2866323
51864.0044634079,3.1621025,-5.2868296
51864.1044634126,3.1620238,-5.2884072
51864.2044634174,3.1617482,-5.2884072
51864.3044634221,3.1617875,-5.28821
51864.4044634269,3.1616695,-5.2864351
51864.5044634316,3.1616302,-5.2864351
51864.6044634364,3.1613939,-5.2864351
51864.7044634411,3.1612363,-5.28821
51864.8044634459,3.1610789,-5.2868296
51864.9044634506,3.1609607,-5.2868296
51865.0044634554,3.1609213,-5.2872241
51865.1044634601,3.160882,-5.2822925
51865.2044634649,3.1606851,-5.2897886
51865.3044634696,3.1605277,-5.289394
51865.4044634744,3.1604881,-5.288605
51865.5044634791,3.1603701,-5.2880137
51865.6044634839,3.1602125,-5.2880137
51865.7044634886,3.1599765,-5.2876187
51865.8044634934,3.1599369,-5.2884072
51865.9044634981,3.1598189,-5.28821
51866.0044635029,3.1597402,-5.2858433
51866.1044635076,3.1596613,-5.2874214
51866.2044635124,3.1594646,-5.2872241
51866.3044635171,3.1594253,-5.2862378
51866.4044635219,3.1593463,-5.2836738
51866.5044635266,3.1592677,-5.2876187
51866.6044635314,3.1591101,-5.2862378
51866.7044635361,3.1589527,-5.2864351
51866.8044635409,3.1589527,-5.2854487
51866.9044635456,3.1586771,-5.2874214
51867.0044635504,3.1586771,-5.288605
51867.1044635551,3.1586378,-5.289394
51867.2044635599,3.1585195,-5.2878164
51867.3044635646,3.1584015,-5.2870269
51867.4044635694,3.1583622,-5.2880137
51867.5044635741,3.1581652,-5.2868296
51867.6044635789,3.158047,-5.2874214
51867.7044635836,3.1580865,-5.2878164
51867.8044635884,3.1578503,-5.2872241
51867.9044635931,3.1577713,-5.2888022
51868.0044635979,3.157732,-5.2876187
51868.1044636026,3.1576927,-5.285646
51868.2044636074,3.1574957,-5.2870269
51868.3044636121,3.1574171,-5.2850542
51868.4044636169,3.1572201,-5.2905776
51868.5044636216,3.1572595,-5.2858433
51868.6044636264,3.1570628,-5.2876187
51868.7044636311,3.1571414,-5.2884072
51868.8044636359,3.1569445,-5.2872241
51868.9044636406,3.1569052,-5.2874214
51869.0044636454,3.1567872,-5.2874214
51869.1044636501,3.1567082,-5.2872241
51869.2044636549,3.1566689,-5.2880137
51869.3044636596,3.1565902,-5.2870269
51869.4044636644,3.1563933,-5.2872241
51869.5044636691,3.156354,-5.2878164
51869.6044636739,3.1563146,-5.2878164
51869.7044636786,3.1560783,-5.2897886
51869.8044636833,3.1561966,-5.2870269
51869.9044636881,3.1560783,-5.2858433
51870.0044636928,3.1558421,-5.288605
51870.1044636976,3.155921,-5.2840684
51870.2044637023,3.155724,-5.2876187
51870.3044637071,3.1556058,-5.2846602
51870.4044637118,3.1554878,-5.2870269
51870.5044637166,3.1554091,-5.2874214
51870.6044637213,3.1553695,-5.2872241
51870.7044637261,3.1554091,-5.2868296
51870.8044637308,3.1553302,-5.2889995
51870.9044637356,3.1551335,-5.2889995
51871.0044637403,3.1550939,-5.288605
51871.1044637451,3.1550152,-5.2874214
51871.2044637498,3.1548972,-5.2895913
51871.3044637546,3.1548972,-5.2864351
51871.4044637593,3.1548972,-5.2820952
51871.5044637641,3.1547003,-5.2880137
51871.6044637688,3.1547396,-5.2852515
51871.7044637736,3.1546609,-5.2876187
51871.8044637783,3.1546216,-5.2868296
51871.9044637831,3.1545033,-5.2876187
51872.0044637878,3.154346,-5.2862378
51872.1044637926,3.1543067,-5.2880137
51872.2044637973,3.1542277,-5.285646
51872.3044638021,3.1542277,-5.2864351
51872.4044638068,3.1540704,-5.2880137
51872.5044638116,3.1539521,-5.2895913
51872.6044638163,3.154031,-5.2866323
51872.7044638211,3.1539915,-5.2878164
51872.8044638258,3.1539128,-5.2891968
51872.9044638306,3.1536372,-5.288605
51873.0044638353,3.1537552,-5.28821
51873.1044638401,3.1536372,-5.2872241
51873.2044638448,3.1536372,-5.2822925
51873.3044638496,3.1534009,-5.2901831
51873.4044638543,3.1534402,-5.2878164
51873.5044638591,3.1532435,-5.2864351
51873.6044638638,3.1534402,-5.2842656
51873.7044638686,3.1532829,-5.2872241
51873.8044638733,3.1532829,-5.2872241
51873.9044638781,3.153204,-5.279334
51874.0044638828,3.1530859,-5.2870269
51874.1044638876,3.1529284,-5.288605
51874.2044638923,3.1530073,-5.2872241
51874.3044638971,3.1528497,-5.2866323
51874.4044639018,3.1528497,-5.2897886
51874.5044639066,3.1527317,-5.2870269
51874.6044639113,3.1526527,-5.289394
51874.7044639161,3.1526527,-5.2864351
51874.8044639208,3.1526134,-5.2888022
51874.9044639256,3.1526527,-5.2860405
51875.0044639303,3.152456,-5.2909722
51875.1044639351,3.1523378,-5.2907749
51875.2044639398,3.1523771,-5.2854487
51875.3044639446,3.1523378,-5.2870269
51875.4044639493,3.1523771,-5.2870269
51875.5044639541,3.1522591,-5.2862378
51875.6044639588,3.1521411,-5.2884072
51875.7044639636,3.1522591,-5.2884072
51875.8024639682,3.1520228,-5.2870269
51875.8444639702,3.4905591,0
51875.944463975,3.5450132,0
51876.0444639797,3.5553291,0
51876.1444639845,3.5599754,0
51876.2444639892,3.5630858,0
51876.344463994,3.5651727,0
51876.4444639987,3.5668657,0
51876.5444640035,3.5684407,0
51876.6444640082,3.5695431,0
51876.744464013,3.5707638,0
51876.8444640177,3.5716693,0
51876.9444640225,3.5725355,0
51877.0444640272,3.573205,0
51877.144464032,3.5739925,0
51877.2444640367,3.5747404,0
51877.3444640415,3.5754492,0
51877.4444640462,3.5760398,0
51877.544464051,3.576591,0
51877.6444640557,3.5772212,0
51877.7444640605,3.5776541,0
51877.8444640652,3.5782053,0
51877.94446407,3.5786779,0
51878.0444640747,3.5790322,0
51878.1444640795,3.5795047,0
51878.2444640842,3.5799773,0
51878.344464089,3.5803709,0
51878.4444640937,3.5807648,0
51878.5444640985,3.5811977,0
51878.6444641032,3.5816309,0
51878.744464108,3.5818279,0
51878.8444641127,3.5822608,0
51878.9444641175,3.5826154,0
51879.0444641222,3.583009,0
51879.144464127,3.5832846,0
51879.2444641317,3.5837572,0
51879.3444641365,3.5838752,0
51879.4444641412,3.5841901,0
51879.544464146,3.584584,0
51879.6444641507,3.5847414,0
51879.7444641555,3.585017,0
51879.8444641602,3.5854108,0
51879.944464165,3.5856471,0
51880.0444641697,3.5857651,0
51880.1444641745,3.5862377,0
51880.2444641792,3.5863953,0
51880.344464184,3.5867102,0
51880.4444641887,3.5868676,0
51880.5444641935,3.5873008,0
51880.6444641982,3.5875371,0
51880.744464203,3.5876944,0
51880.8444642077,3.5879307,0
51880.9444642125,3.5882063,0
51881.0444642172,3.5885212,0
51881.144464222,3.5886788,0
51881.2444642267,3.5889544,0
51881.3444642315,3.589112,0
51881.4444642362,3.5895057,0
51881.544464241,3.5895844,0
51881.6444642457,3.58986,0
51881.7444642505,3.5900569,0
51881.8444642552,3.5902538,0
51881.94446426,3.5905294,0
51882.0444642647,3.5906868,0
51882.1444642695,3.591002,0
51882.2444642742,3.5910413,0
51882.344464279,3.5913956,0
51882.4444642837,3.5916319,0
51882.5444642885,3.5917499,0
51882.6444642932,3.5919862,0
51882.744464298,3.5921044,0
51882.8444643027,3.5922225,0
51882.9444643075,3.5924194,0
51883.0444643122,3.5926557,0
51883.144464317,3.5928919,0
51883.2444643217,3.5930099,0
51883.3444643265,3.5931675,0
51883.4444643312,3.5934432,0
51883.544464336,3.5936794,0
51883.6444643407,3.5937974,0
51883.7444643455,3.5938761,0
51883.8444643502,3.5941517,0
51883.944464355,3.5942307,0
51884.0444643597,3.5944667,0
51884.1444643645,3.5946243,0
51884.2444643692,3.5947423,0
51884.344464374,3.5948999,0
51884.4444643787,3.5952148,0
51884.5444643835,3.5952148,0
51884.6444643882,3.5954905,0
51884.744464393,3.5956087,0
51884.8444643977,3.5958054,0
51884.9444644025,3.5958843,0
51885.0444644072,3.596081,0
51885.144464412,3.5963173,0
51885.2444644167,3.5964749,0
51885.3444644215,3.5965929,0
51885.4444644262,3.5966718,0
51885.544464431,3.5967898,0
51885.6444644357,3.5970654,0
51885.7444644405,3.5971048,0
51885.8444644452,3.5974197,0
51885.94446445,3.5974197,0
51886.0444644547,3.5976167,0
51886.1444644595,3.5976954,0
51886.2444644642,3.5977349,0
51886.344464469,3.5981286,0
51886.4444644737,3.5981286,0
51886.5444644785,3.5982862,0
51886.6444644832,3.5984435,0
51886.744464488,3.5984435,0
51886.8444644927,3.5988374,0
51886.9444644975,3.5987978,0
51887.0444645022,3.5990736,0
51887.144464507,3.5991523,0
51887.2444645117,3.5993097,0
51887.3444645165,3.5994673,0
51887.4444645212,3.5995853,0
51887.544464526,3.5997429,0
51887.6444645307,3.5998216,0
51887.7444645355,3.5999792,0
51887.8444645402,3.6001365,0
51887.944464545,3.6002548,0
51888.0444645497,3.6004121,0
51888.1444645545,3.600491,0
51888.2444645592,3.600491,0
51888.344464564,3.6006877,0
51888.4444645687,3.6008847,0
51888.5444645735,3.6009636,0
51888.6444645782,3.6010816,0
51888.744464583,3.6011996,0
51888.8444645877,3.6013179,0
51888.9444645925,3.6015148,0
51889.0444645972,3.6016328,0
51889.144464602,3.6017904,0
51889.2444646067,3.6018691,0
51889.3444646114,3.6019871,0
51889.4444646162,3.6020265,0
51889.5444646209,3.6021054,0
51889.6444646257,3.6023021,0
51889.7444646304,3.602499,0
51889.8444646352,3.602499,0
51889.9444646399,3.6025777,0
51890.0444646447,3.6027746,0
51890.1444646494,3.6029322,0
51890.2444646542,3.6029716,0
51890.3444646589,3.6030109,0
51890.4444646637,3.6032472,0
51890.5444646684,3.6032865,0
51890.6444646732,3.6033258,0
51890.7444646779,3.6036015,0
51890.8444646827,3.6036804,0
51890.9444646874,3.6036804,0
51891.0444646922,3.6039953,0
51891.1444646969,3.603956,0
51891.2444647017,3.6040347,0
51891.3444647064,3.6043103,0
51891.4444647112,3.6042709,0
51891.5444647159,3.604389,0
51891.6444647207,3.6045072,0
51891.7444647254,3.6045859,0
51891.8444647302,3.6047039,0
51891.9444647349,3.6047828,0
51892.0444647397,3.6049402,0
51892.1444647444,3.6050584,0
51892.2444647492,3.6051371,0
51892.3444647539,3.6052158,0
51892.4444647587,3.6051764,0
51892.5444647634,3.6054521,0
51892.6444647682,3.6054127,0
51892.7444647729,3.6055703,0
51892.8444647777,3.6058853,0
51892.9444647824,3.6059639,0
51893.0444647872,3.6060426,0
51893.1444647919,3.6059639,0
51893.2444647967,3.6060426,0
51893.3444648014,3.6062396,0
51893.4444648062,3.6063576,0
51893.5444648109,3.6064758,0
51893.6444648157,3.6065545,0
51893.7444648204,3.6065938,0
51893.8444648252,3.6066728,0
51893.9444648299,3.6067908,0
51894.0444648347,3.6069484,0
51894.1444648394,3.6071057,0
51894.2444648442,3.6071057,0
51894.3444648489,3.6073027,0
51894.4444648537,3.6072633,0
51894.5444648584,3.6073813,0
51894.6444648632,3.6074207,0
51894.7444648679,3.6075783,0
51894.8444648727,3.6074996,0
51894.9444648774,3.6077359,0
51895.0444648822,3.6077752,0
51895.1444648869,3.6078539,0
51895.2444648917,3.6079719,0
51895.3444648964,3.6080902,0
51895.4444649012,3.6081688,0
51895.5444649059,3.6082082,0
51895.6444649107,3.6083264,0
51895.7444649154,3.6084051,0
51895.8444649202,3.6085234,0
51895.9444649249,3.6086414,0
51896.0444649297,3.6086414,0
51896.1444649344,3.6086807,0
51896.2444649392,3.608917,0
51896.3444649439,3.6089563,0
51896.4444649487,3.609035,0
51896.5444649534,3.609035,0
51896.6444649582,3.6093106,0
51896.7444649629,3.6092713,0
51896.8444649677,3.6092713,0
51896.9444649724,3.6095076,0
51897.0444649772,3.6095469,0
51897.1444649819,3.6095862,0
51897.2444649867,3.6096652,0
51897.3444649914,3.6098225,0
51897.4444649962,3.6097832,0
51897.5444650009,3.6099801,0
51897.6444650057,3.6099408,0
51897.7444650104,3.6101375,0
51897.8444650152,3.6102164,0
51897.9444650199,3.6102557,0
51898.0444650247,3.6103737,0
51898.1444650294,3.6103737,0
51898.2444650342,3.610492,0
51898.3444650389,3.6105707,0
51898.4444650437,3.6105707,0
51898.5444650484,3.6107283,0
51898.6444650532,3.6106889,0
51898.7444650579,3.6107676,0
51898.8444650627,3.6109645,0
51898.9444650674,3.6109645,0
51899.0444650722,3.6110826,0
51899.1444650769,3.6112006,0
51899.2444650817,3.6112795,0
51899.3444650864,3.6113582,0
51899.4444650912,3.6113975,0
51899.5444650959,3.6113582,0
51899.6444651007,3.6114762,0
51899.7444651054,3.6115158,0
51899.8444651102,3.6117125,0
51899.9444651149,3.6118307,0
51900.0444651197,3.6120274,0
51900.1444651244,3.6119487,0
51900.2444651292,3.6119487,0
51900.3444651339,3.612185,0
51900.4444651387,3.612185,0
51900.5444651434,3.6121457,0
51900.6444651482,3.6123819,0
51900.7444651529,3.6123033,0
51900.8444651577,3.6124606,0
51900.9444651624,3.6124606,0
51901.0444651672,3.6126182,0
51901.1444651719,3.6126575,0
51901.2444651767,3.6126969,0
51901.3444651814,3.6128149,0
51901.4444651862,3.6128149,0
51901.5444651909,3.6128545,0
51901.6444651957,3.6129725,0
51901.7444652004,3.6130512,0
51901.8444652052,3.6132088,0
51901.9444652099,3.6132481,0
51902.0444652147,3.6132481,0
51902.1444652194,3.6132481,0
51902.2444652242,3.6135237,0
51902.3444652289,3.6134057,0
51902.4444652337,3.6135237,0
51902.5444652384,3.6136417,0
51902.6444652432,3.6136813,0
51902.7444652479,3.6137207,0
51902.8444652527,3.613878,0
51902.9444652574,3.6139569,0
51903.0444652622,3.6139176,0
51903.1444652669,3.6140356,0
51903.2444652717,3.6139569,0
51903.3444652764,3.6141143,0
51903.4444652812,3.6141143,0
51903.5444652859,3.6143112,0
51903.6444652907,3.6143112,0
51903.7444652954,3.6143899,0
51903.8444653002,3.6145475,0
51903.9444653049,3.6145082,0
51904.0444653097,3.6146262,0
51904.1444653144,3.6145082,0
51904.2444653192,3.6147048,0
51904.3444653239,3.6147838,0
51904.4444653287,3.6147838,0
51904.5444653334,3.6149018,0
51904.6444653382,3.6148231,0
51904.7444653429,3.6149018,0
51904.8444653477,3.6150594,0
51904.9444653524,3.61502,0
51905.0444653572,3.6152167,0
51905.1444653619,3.6152561,0
51905.2444653667,3.615335,0
51905.3444653714,3.6153743,0
51905.4444653762,3.6155317,0
51905.5444653809,3.615453,0
51905.6444653857,3.6154923,0
51905.7444653904,3.6157286,0
51905.8444653952,3.6156893,0
51905.9444653999,3.6158075,0
51906.0444654047,3.6158075,0
51906.1444654094,3.6159649,0
51906.2444654142,3.6159256,0
51906.3444654189,3.6160436,0
51906.4444654237,3.6161618,0
51906.5444654284,3.6161225,0
51906.6444654332,3.6161618,0
51906.7444654379,3.6162405,0
51906.8444654427,3.6162798,0
51906.9444654474,3.6164374,0
51907.0444654522,3.6164374,0
51907.1444654569,3.6165948,0
51907.2444654617,3.6165555,0
51907.3444654664,3.6165948,0
51907.4444654712,3.6167524,0
51907.5444654759,3.6168311,0
51907.6444654807,3.6168704,0
51907.7444654854,3.616713,0
51907.8444654902,3.6168704,0
51907.9444654949,3.6169493,0
51908.0444654997,3.617028,0
51908.1444655044,3.617028,0
51908.2444655092,3.6171856,0
51908.3444655139,3.6172249,0
51908.4444655187,3.6172643,0
51908.5444655234,3.6173429,0
51908.6444655282,3.6173429,0
51908.7444655329,3.6174612,0
51908.8444655377,3.6174216,0
51908.9444655424,3.6174612,0
51909.0444655471,3.6173823,0
51909.1444655519,3.6176186,0
51909.2444655566,3.6176579,0
51909.3444655614,3.6177762,0
51909.4444655661,3.6179335,0
51909.5444655709,3.6179335,0
51909.6444655756,3.6179731,0
51909.7444655804,3.6179731,0
51909.8444655851,3.6180518,0
51909.9444655899,3.6180911,0
51910.0444655946,3.6181698,0
51910.1444655994,3.6181304,0
51910.2444656041,3.6182091,0
51910.3444656089,3.618288,0
51910.4444656136,3.6183274,0
51910.5444656184,3.6184454,0
51910.6444656231,3.6184061,0
51910.7444656279,3.6185637,0
51910.8444656326,3.6185243,0
51910.9444656374,3.6187603,0
51911.0444656421,3.6186423,0
51911.1444656469,3.618721,0
51911.2444656516,3.6188786,0
51911.3444656564,3.6187999,0
51911.4444656611,3.619036,0
51911.5444656659,3.6189179,0
51911.6444656706,3.6189573,0
51911.7444656754,3.6189179,0
51911.8444656801,3.6190755,0
51911.9444656849,3.6192329,0
51912.0444656896,3.6191936,0
51912.1444656944,3.6191542,0
51912.2444656991,3.6193511,0
51912.3444657039,3.6192329,0
51912.4444657086,3.6195085,0
51912.5444657134,3.6193905,0
51912.6444657181,3.6194692,0
51912.7444657229,3.6195085,0
51912.8444657276,3.6196268,0
51912.9444657324,3.6195874,0
51913.0444657371,3.6197841,0
51913.1444657419,3.6197054,0
51913.2444657466,3.6197054,0
51913.3444657514,3.6197841,0
51913.4444657561,3.6200204,0
51913.5444657609,3.6200204,0
51913.6444657656,3.6199811,0
51913.7444657704,3.6200204,0
51913.8444657751,3.6199811,0
51913.9444657799,3.6200991,0
51914.0444657846,3.6201386,0
51914.1444657894,3.6202173,0
51914.2444657941,3.6203353,0
51914.3444657989,3.6202567,0
51914.4444658036,3.6204143,0
51914.5444658084,3.620296,0
51914.6444658131,3.6204536,0
51914.7444658179,3.6204536,0
51914.8444658226,3.6205323,0
51914.9444658274,3.6207685,0
51915.0444658321,3.6207292,0
51915.1444658369,3.6204536,0
51915.2444658416,3.620611,0
51915.3444658464,3.6207685,0
51915.4444658511,3.6208472,0
51915.5444658559,3.6208866,0
51915.6444658606,3.6208866,0
51915.7444658654,3.6212015,0
51915.8784658717,3.799644,0
51915.8804658718,3.8193309,3.8059771
51915.9804658766,3.9298139,3.9635828
51916.0804658813,3.9369404,3.9635828
51916.1804658861,3.9407599,3.9635828
51916.2804658908,3.9434767,3.9643718
51916.3804658956,3.9455633,3.9649636
51916.4804659003,3.9473746,3.9651606
51916.5804659051,3.9490676,3.9643718
51916.6804659098,3.9504063,3.9655554
51916.7804659146,3.951745,3.9653579
51916.8804659193,3.9528868,3.9651606
51916.9804659241,3.9539499,3.9657527
51917.0804659288,3.955013,3.9653579
51917.1804659336,3.9561155,3.9649636
51917.2804659383,3.9570212,3.9653579
51917.3804659431,3.9578087,3.9647664
51917.4804659478,3.9587536,3.9657527
51917.5804659526,3.9595411,3.9645691
51917.6804659573,3.9603679,3.9639773
51917.7804659621,3.9610374,3.9647664
51917.8804659668,3.9618249,3.9643718
51917.9804659716,3.9626122,3.9649636
51918.0804659763,3.9632423,3.9651606
51918.1804659811,3.9638722,3.9641746
51918.2804659858,3.9645417,3.96378
51918.3804659906,3.9652503,3.9649636
51918.4804659953,3.9658804,3.9651606
51918.5804660001,3.9665496,3.9655554
51918.6804660048,3.9671402,3.9629912
51918.7804660096,3.9677703,3.9655554
51918.8804660143,3.9684002,3.9665417
51918.9804660191,3.9689515,3.9649636
51919.0804660238,3.9694633,3.9643718
51919.1804660286,3.9701326,3.9647664
51919.2804660333,3.9706445,3.9649636
51919.3804660381,3.971235,3.9657527
51919.4804660428,3.9717076,3.9655554
51919.5804660476,3.9722195,3.9651606
51919.6804660523,3.9727314,3.9645691
51919.7804660571,3.9732826,3.9655554
51919.8804660618,3.9737551,3.9647664
51919.9804660666,3.974267,3.9647664
51920.0804660713,3.9747789,3.9647664
51920.1804660761,3.9752512,3.9643718
51920.2804660808,3.9756844,3.9645691
51920.3804660856,3.9761963,3.9657527
51920.4804660903,3.9767475,3.9651606
51920.5804660951,3.9771411,3.9655554
51920.6804660998,3.9776137,3.9655554
51920.7804661046,3.9780076,3.9647664
51920.8804661093,3.9784405,3.9625964
51920.9804661141,3.9788737,3.96595
51921.0804661188,3.9795036,3.9665417
51921.1804661236,3.9797792,3.9657527
51921.2804661283,3.9802518,3.9653579
51921.3804661331,3.9808424,3.9649636
51921.4804661378,3.9811573,3.9643718
51921.5804661426,3.9817479,3.9657527
51921.6804661473,3.9820235,3.9643718
51921.7804661521,3.9823387,3.9635828
51921.8804661568,3.9828503,3.9645691
51921.9804661616,3.9832048,3.9645691
51922.0804661663,3.9836378,3.9657527
51922.1804661711,3.9839923,3.9655554
51922.2804661758,3.9843466,3.9655554
51922.3804661806,3.9848585,3.9649636
51922.4804661853,3.9851735,3.9641746
51922.5804661901,3.9855673,3.9643718
51922.6804661948,3.9860003,3.9639773
51922.7804661996,3.9863153,3.9645691
51922.8804662043,3.9868271,3.9647664
51922.9804662091,3.9871421,3.9647664
51923.0804662138,3.987536,3.9657527
51923.1804662186,3.9879296,3.9645691
51923.2804662233,3.9883235,3.9639773
51923.3804662281,3.9885597,3.9649636
51923.4804662328,3.988914,3.9649636
51923.5804662376,3.9893866,3.9649636
51923.6804662423,3.9897015,3.9655554
51923.7804662471,3.9899771,3.9643718
51923.8804662518,3.9904101,3.9653579
51923.9804662566,3.9907646,3.9655554
51924.0804662613,3.9911582,3.9645691
51924.1804662661,3.9913945,3.9655554
51924.2804662708,3.9918671,3.9651606
51924.3804662756,3.9921427,3.9653579
51924.4804662803,3.992497,3.9643718
51924.5804662851,3.9928515,3.96595
51924.6804662898,3.9931664,3.9653579
51924.7804662946,3.9935601,3.9655554
51924.8804662993,3.9939144,3.9643718
51924.9804663041,3.9941113,3.9655554
51925.0804663088,3.9944658,3.9651606
51925.1804663136,3.9947808,3.9651606
51925.2804663183,3.9951351,3.9655554
51925.3804663231,3.99545,3.9649636
51925.4804663278,3.9958043,3.9655554
51925.5804663326,3.9960802,3.96595
51925.6804663373,3.9964345,3.9657527
51925.7804663421,3.9968281,3.9645691
51925.8784663467,3.997025,3.9649636
51925.9224663488,3.7270386,0
51926.0224663536,3.686523,0
51926.1224663583,3.6784117,0
51926.2224663631,3.6744351,0
51926.3224663678,3.6719151,0
51926.4224663726,3.6701827,0
51926.5224663773,3.6687653,0
51926.6224663821,3.6675053,0
51926.7224663868,3.6665604,0
51926.8224663916,3.6658123,0
51926.9224663963,3.6649461,0
51927.0224664011,3.6643553,0
51927.1224664058,3.6636467,0
51927.2224664106,3.6631742,0
51927.3224664153,3.6627409,0
51927.4224664201,3.6622686,0
51927.5224664248,3.6618354,0
51927.6224664296,3.6615205,0
51927.7224664343,3.6611266,0
51927.8224664391,3.6608117,0
51927.9224664438,3.6605361,0
51928.0224664486,3.6602211,0
51928.1224664533,3.6600242,0
51928.2224664581,3.6596699,0
51928.3224664628,3.6593943,0
51928.4224664676,3.659158,0
51928.5224664723,3.6589217,0
51928.6224664771,3.6587644,0
51928.7224664818,3.6584888,0
51928.8224664866,3.6582918,0
51928.9224664913,3.6581736,0
51929.0224664961,3.6580555,0
51929.1224665008,3.6578586,0
51929.2224665056,3.6576223,0
51929.3224665103,3.6575043,0
51929.4224665151,3.6573863,0
51929.5224665198,3.657268,0
51929.6224665246,3.6569138,0
51929.7224665293,3.6570711,0
51929.8224665341,3.6568351,0
51929.9224665388,3.6567562,0
51930.0224665436,3.6565592,0
51930.1224665483,3.6565199,0
51930.2224665531,3.6563232,0
51930.3224665578,3.6563232,0
51930.4224665626,3.6561656,0
51930.5224665673,3.656008,0
51930.622466572,3.6558506,0
51930.7224665768,3.655772,0
51930.8224665815,3.6556537,0
51930.9224665863,3.6556537,0
51931.022466591,3.6554964,0
51931.1224665958,3.6554174,0
51931.2224666005,3.6552994,0
51931.3224666053,3.6552207,0
51931.42246661,3.6550238,0
51931.5224666148,3.6549845,0
51931.6224666195,3.6548662,0
51931.7224666243,3.6548269,0
51931.822466629,3.6548269,0
51931.9224666338,3.6546693,0
51932.0224666385,3.6546693,0
51932.1224666433,3.6547482,0
51932.222466648,3.6545906,0
51932.3224666528,3.6544726,0
51932.4224666575,3.6542363,0
51932.5224666623,3.6542757,0
51932.622466667,3.6542363,0
51932.7224666718,3.654197,0
51932.8224666765,3.654197,0
51932.9224666813,3.6541576,0
51933.022466686,3.654,0
51933.1224666908,3.6540394,0
51933.2224666955,3.6539214,0
51933.3224667003,3.6539214,0
51933.422466705,3.653882,0
51933.5224667098,3.653882,0
51933.6224667145,3.6537638,0
51933.7224667193,3.6537244,0
51933.822466724,3.6536458,0
51933.9224667288,3.6534882,0
51934.0224667335,3.6535668,0
51934.1224667383,3.6535275,0
51934.222466743,3.6535275,0
51934.3224667478,3.6534488,0
51934.4224667525,3.6534882,0
51934.5224667573,3.6533308,0
51934.622466762,3.6532519,0
51934.7224667668,3.6532125,0
51934.8224667715,3.6532125,0
51934.9224667763,3.6530945,0
51935.022466781,3.6530156,0
51935.1224667858,3.6529763,0
51935.2224667905,3.6530945,0
51935.3224667953,3.6530156,0
51935.4224668,3.6529763,0
51935.5224668048,3.6529763,0
51935.6224668095,3.6529763,0
51935.7224668143,3.6528976,0
51935.822466819,3.6528189,0
51935.9224668238,3.6527007,0
51936.0224668285,3.6527007,0
51936.1224668333,3.6528189,0
51936.222466838,3.6526613,0
51936.3224668428,3.6525826,0
51936.4224668475,3.6525826,0
51936.5224668523,3.6524644,0
51936.622466857,3.6525037,0
51936.7224668618,3.6525037,0
51936.8224668665,3.6524644,0
51936.9224668713,3.6524644,0
51937.022466876,3.6524251,0
51937.1224668808,3.6524251,0
51937.2224668855,3.652307,0
51937.3224668903,3.6523464,0
51937.422466895,3.6523464,0
51937.5224668998,3.6523857,0
51937.6224669045,3.6522281,0
51937.7224669093,3.652307,0
51937.822466914,3.6523464,0
51937.9224669188,3.6521888,0
51938.0224669235,3.6521888,0
51938.1224669283,3.6521101,0
51938.222466933,3.6520708,0
51938.3224669378,3.6521101,0
51938.4224669425,3.6521101,0
51938.5224669473,3.6520708,0
51938.622466952,3.6519921,0
51938.7224669568,3.6519921,0
51938.8224669615,3.6520708,0
51938.9224669663,3.6520708,0
51939.022466971,3.6518738,0
51939.1224669758,3.6520314,0
51939.2224669805,3.6518738,0
51939.3224669853,3.6519525,0
51939.42246699,3.6517951,0
51939.5224669948,3.6517165,0
51939.6224669995,3.6518345,0
51939.7224670043,3.6518738,0
51939.822467009,3.6517951,0
51939.9224670138,3.6517951,0
51940.0224670185,3.6517558,0
51940.1224670233,3.6517165,0
51940.222467028,3.6517165,0
51940.3224670328,3.6517558,0
51940.4224670375,3.6517558,0
51940.5224670423,3.6516769,0
51940.622467047,3.6516769,0
51940.7224670518,3.6516376,0
51940.8224670565,3.6515589,0
51940.9224670613,3.6516769,0
51941.022467066,3.6515195,0
51941.1224670708,3.6515982,0
51941.2224670755,3.6515589,0
51941.3224670803,3.6514409,0
51941.422467085,3.6514409,0
51941.5224670898,3.6515589,0
51941.6224670945,3.6515982,0
51941.7224670993,3.6514409,0
51941.822467104,3.6514013,0
51941.9224671088,3.6514013,0
51942.0224671135,3.6514802,0
51942.1224671183,3.6514409,0
51942.222467123,3.6514013,0
51942.3224671278,3.6514409,0
51942.4224671325,3.6513619,0
51942.5224671373,3.6513619,0
51942.622467142,3.6513226,0
51942.7224671468,3.6512046,0
51942.8224671515,3.6513619,0
51942.9224671563,3.6512439,0
51943.022467161,3.6513226,0
51943.1224671658,3.6513226,0
51943.2224671705,3.6512833,0
51943.3224671753,3.6514013,0
51943.42246718,3.6512833,0
51943.5224671848,3.6512833,0
51943.6224671895,3.6512439,0
51943.7224671943,3.6512439,0
51943.822467199,3.6511257,0
51943.9224672038,3.6512046,0
51944.0224672085,3.6511257,0
51944.1224672133,3.6512833,0
51944.222467218,3.6511652,0
51944.3224672228,3.6511652,0
51944.4224672275,3.6512046,0
51944.5224672323,3.6512046,0
51944.622467237,3.6511257,0
51944.7224672418,3.6512046,0
51944.8224672465,3.6512439,0
51944.9224672513,3.6511257,0
51945.022467256,3.6511257,0
51945.1224672608,3.6512046,0
51945.2224672655,3.6511257,0
51945.3224672703,3.6511257,0
51945.422467275,3.6511257,0
51945.5224672798,3.6512439,0
51945.6224672845,3.651047,0
51945.7224672893,3.6511257,0
51945.822467294,3.6510077,0
51945.9224672988,3.6510863,0
51946.0224673035,3.6510077,0
51946.1224673083,3.6511257,0
51946.222467313,3.6510863,0
51946.3224673178,3.650929,0
51946.4224673225,3.6510077,0
51946.5224673273,3.6510077,0
51946.622467332,3.6510863,0
51946.7224673368,3.650929,0
51946.8224673415,3.6509683,0
51946.9224673463,3.6509683,0
51947.022467351,3.651047,0
51947.1224673558,3.6510077,0
51947.2224673605,3.6509683,0
51947.3224673653,3.6509683,0
51947.42246737,3.651047,0
51947.5224673748,3.6509683,0
51947.6224673795,3.6510077,0
51947.7224673843,3.6510077,0
51947.822467389,3.651047,0
51947.9224673938,3.651047,0
51948.0224673985,3.6508894,0
51948.1224674033,3.6508894,0
51948.222467408,3.6510077,0
51948.3224674128,3.650929,0
51948.4224674175,3.6508107,0
51948.5224674223,3.6508894,0
51948.622467427,3.650929,0
51948.7224674318,3.6508107,0
51948.8224674365,3.6508501,0
51948.9224674413,3.650929,0
51949.022467446,3.6507714,0
51949.1224674508,3.6508894,0
51949.2224674555,3.6508501,0
51949.3224674603,3.6508501,0
51949.422467465,3.6507714,0
51949.5224674698,3.6508894,0
51949.6224674745,3.6508501,0
51949.7224674793,3.6508107,0
51949.822467484,3.6508107,0
51949.9224674888,3.6508501,0
51950.0224674935,3.6508107,0
51950.1224674983,3.6507714,0
51950.222467503,3.650929,0
51950.3224675077,3.6508894,0
51950.4224675125,3.6508107,0
51950.5224675172,3.6507714,0
51950.622467522,3.6508107,0
51950.7224675267,3.6508107,0
51950.8224675315,3.650732,0
51950.9224675362,3.6508107,0
51951.022467541,3.6508501,0
51951.1224675457,3.6508501,0
51951.2224675505,3.6507714,0
51951.3224675552,3.6507714,0
51951.42246756,3.6507714,0
51951.5224675647,3.6508501,0
51951.6224675695,3.6508107,0
51951.7224675742,3.6508107,0
51951.822467579,3.6508107,0
51951.9224675837,3.6508107,0
51952.0224675885,3.650732,0
51952.1224675932,3.6507714,0
51952.222467598,3.6507714,0
51952.3224676027,3.6508107,0
51952.4224676075,3.6507714,0
51952.5224676122,3.6507714,0
51952.622467617,3.6508107,0
51952.7224676217,3.6507714,0
51952.8224676265,3.6508107,0
51952.9224676312,3.6507714,0
51953.022467636,3.6508107,0
51953.1224676407,3.6507714,0
51953.2224676455,3.6506927,0
51953.3224676502,3.6506534,0
51953.422467655,3.6508107,0
51953.5224676597,3.650732,0
51953.6224676645,3.6506927,0
51953.7224676692,3.6508107,0
51953.822467674,3.6507714,0
51953.9224676787,3.6507714,0
51954.0224676835,3.6507714,0
51954.1224676882,3.6506927,0
51954.222467693,3.6506534,0
51954.3224676977,3.6506927,0
51954.4224677025,3.6508501,0
51954.5224677072,3.6507714,0
51954.622467712,3.6506927,0
51954.7224677167,3.6507714,0
51954.8224677215,3.6508107,0
51954.9224677262,3.6507714,0
51955.022467731,3.6508107,0
51955.1224677357,3.6508501,0
51955.2224677405,3.6508107,0
51955.3224677452,3.6508107,0
51955.42246775,3.6508107,0
51955.5224677547,3.6507714,0
51955.6224677595,3.6507714,0
51955.7224677642,3.6507714,0
51955.822467769,3.6506927,0
51955.9224677737,3.6508501,0
51956.0224677785,3.6508501,0
51956.1224677832,3.650732,0
51956.222467788,3.6508107,0
51956.3224677927,3.650732,0
51956.4224677975,3.6507714,0
51956.5224678022,3.6508107,0
51956.622467807,3.6506927,0
51956.7224678117,3.6507714,0
51956.8224678165,3.6508107,0
51956.9224678212,3.650732,0
51957.022467826,3.6508107,0
51957.1224678307,3.6507714,0
51957.2224678355,3.6507714,0
51957.3224678402,3.650732,0
51957.422467845,3.6508894,0
51957.5224678497,3.6506534,0
51957.6224678545,3.6507714,0
51957.7224678592,3.6508501,0
51957.822467864,3.6506927,0
51957.9224678687,3.6506927,0
51958.0224678735,3.650732,0
51958.1224678782,3.650732,0
51958.222467883,3.6508501,0
51958.3224678877,3.6508107,0
51958.4224678925,3.6508107,0
51958.5224678972,3.6507714,0
51958.622467902,3.6507714,0
51958.7224679067,3.6506534,0
51958.8224679115,3.6508894,0
51958.9224679162,3.6507714,0
51959.022467921,3.6507714,0
51959.1224679257,3.6508501,0
51959.2224679305,3.6507714,0
51959.3224679352,3.6508894,0
51959.42246794,3.650732,0
51959.5224679447,3.6507714,0
51959.6224679495,3.6508894,0
51959.7224679542,3.6507714,0
51959.822467959,3.6508501,0
51959.9224679637,3.6507714,0
51960.0224679685,3.6506927,0
51960.1224679732,3.6508501,0
51960.222467978,3.6507714,0
51960.3224679827,3.6508107,0
51960.4224679875,3.650929,0
51960.5224679922,3.6507714,0
51960.622467997,3.6508501,0
51960.7224680017,3.650732,0
51960.8224680065,3.6509683,0
51960.9224680112,3.650732,0
51961.022468016,3.6508894,0
51961.1224680207,3.6508894,0
51961.2224680255,3.650732,0
51961.3224680302,3.6508894,0
51961.422468035,3.6508894,0
51961.5224680397,3.6507714,0
51961.6224680445,3.6508107,0
51961.7224680492,3.6508501,0
51961.822468054,3.6508894,0
51961.9224680587,3.6508501,0
51962.0224680635,3.6508501,0
51962.1224680682,3.6508107,0
51962.222468073,3.650732,0
51962.3224680777,3.6508894,0
51962.4224680825,3.6508501,0
51962.5224680872,3.6508107,0
51962.622468092,3.6508107,0
51962.7224680967,3.6508107,0
51962.8224681015,3.6508107,0
51962.9224681062,3.6508107,0
51963.022468111,3.6508501,0
51963.1224681157,3.6507714,0
51963.2224681205,3.650929,0
51963.3224681252,3.6508501,0
51963.42246813,3.6508107,0
51963.5224681347,3.6508894,0
51963.6224681395,3.6508501,0
51963.7224681442,3.6508894,0
51963.822468149,3.6508894,0
51963.9224681537,3.6508107,0
51964.0224681585,3.6508501,0
51964.1224681632,3.6508501,0
51964.222468168,3.6508107,0
51964.3224681727,3.6508501,0
51964.4224681775,3.6508894,0
51964.5224681822,3.650929,0
51964.622468187,3.6508501,0
51964.7224681917,3.6507714,0
51964.8224681965,3.650929,0
51964.9224682012,3.6508501,0
51965.022468206,3.6509683,0
51965.1224682107,3.6508894,0
51965.2224682155,3.6510077,0
51965.3224682202,3.6508501,0
51965.422468225,3.6508894,0
51965.5224682297,3.650929,0
51965.6224682345,3.650929,0
51965.7224682392,3.650929,0
51965.822468244,3.6510077,0
51965.9524682501,3.6184061,0
51965.9544682502,3.6150594,-0.76971796
51966.9544682977,3.5846627,-0.78411743
51967.9544683452,3.5834026,-0.78490649
51968.9544683927,3.5825758,-0.78352576
51969.9544684402,3.5817883,-0.78490649
51970.9544684877,3.5810797,-0.78352576
51971.9544685352,3.5805678,-0.78352576
51972.9544685827,3.5798197,-0.78372296
51973.9544686302,3.5793078,-0.78411743
51974.9544686777,3.5788355,-0.78253943
51975.9544687252,3.5783236,-0.78470929
51976.9544687727,3.5777724,-0.78510376
51977.9544688202,3.5772998,-0.78352576
51978.9544688677,3.5767879,-0.78372296
51979.9544689152,3.5762761,-0.78530096
51980.9544689627,3.5759218,-0.78332843
51981.9544690102,3.5754099,-0.78392023
51982.9544690577,3.575016,-0.78431476
51983.9544691052,3.5745831,-0.78392023
51984.9544691527,3.5743074,-0.78293396
51985.9544692002,3.5739925,-0.78392023
51986.9544692477,3.5734806,-0.78352576
51987.9544692952,3.5730474,-0.78372296
51988.9544693427,3.5726142,-0.78372296
51989.9544693902,3.5723386,-0.78372296
51990.9544694377,3.571945,-0.78313123
51991.9544694852,3.57163,-0.78431476
51992.9544695327,3.5713937,-0.78293396
51993.9544695802,3.5709605,-0.78490649
51994.9544696277,3.5706062,-0.78470929
51995.9544696752,3.57037,-0.78352576
51996.9544697227,3.570055,-0.78332843
51997.9544697701,3.5697007,-0.78392023
51998.9544698176,3.5695038,-0.78293396
51999.9544698651,3.5691099,-0.78470929
52000.9544699126,3.5687163,-0.7856955
52001.9544699601,3.5684013,-0.78431476
52002.9544700076,3.5682044,-0.78392023
52003.9544700551,3.5679288,-0.78451196
52004.9544701026,3.5676532,-0.78392023
52005.9544701501,3.5674169,-0.78431476
52006.9544701976,3.5670626,-0.78313123
52007.9544702451,3.5668657,-0.78273669
52008.9544702926,3.5664327,-0.78490649
52009.9544703401,3.5661571,-0.78530096
52010.9544703876,3.5659995,-0.78253943
52011.9544704351,3.5657239,-0.78352576
52012.9544704826,3.5654483,-0.78411743
52013.9544705301,3.5652907,-0.78234222
52014.9544705776,3.5650544,-0.78490649
52015.9544706251,3.5647788,-0.78372296
52016.9544706726,3.5644245,-0.78431476
52017.9544707201,3.5643065,-0.78392023
52018.9544707676,3.5640309,-0.78352576
52019.9544708151,3.563834,-0.78332843
52020.9544708626,3.5635583,-0.78411743
52021.9544709101,3.5633614,-0.78431476
52022.9544709576,3.5630071,-0.78411743
52023.9544710051,3.5628495,-0.78392023
52024.9544710526,3.5626132,-0.78352576
52025.9544711001,3.5625346,-0.78372296
52026.9544711476,3.5621016,-0.78352576
52027.9544711951,3.562062,-0.78352576
52028.9544712426,3.5618653,-0.78352576
52029.9544712901,3.5615897,-0.78332843
52030.9544713376,3.5613928,-0.78293396
52031.9544713851,3.5611959,-0.78372296
52032.9544714326,3.5609202,-0.78372296
52033.9544714801,3.5607629,-0.78313123
52034.9544715276,3.5606053,-0.78431476
52035.9544715751,3.5604873,-0.78293396
52036.9544716225,3.5600934,-0.78411743
52037.95447167,3.5599358,-0.78372296
52038.9544717175,3.5597391,-0.78352576
52039.954471765,3.5596602,-0.78352576
52040.9544718125,3.5593452,-0.78451196
52041.95447186,3.5593452,-0.78431476
52042.9544719075,3.5591486,-0.78332843
52043.954471955,3.558794,-0.78372296
52044.9544720025,3.5585973,-0.78411743
52045.95447205,3.5585577,-0.78313123
52046.9544720975,3.5583611,-0.78234222
52047.954472145,3.5581248,-0.78451196
52048.9544721925,3.5580854,-0.78293396
52049.95447224,3.5578098,-0.78293396
52050.9544722875,3.5577309,-0.78313123
52051.954472335,3.5574946,-0.78293396
52052.9544723825,3.5572586,-0.78293396
52053.95447243,3.557219,-0.78313123
52054.9544724775,3.5570223,-0.78273669
52055.954472525,3.5567467,-0.78392023
52056.9544725725,3.5566678,-0.78352576
52057.95447262,3.5565104,-0.78313123
52058.9544726675,3.5563922,-0.78372296
52059.954472715,3.5561955,-0.78372296
52060.9544727625,3.5559986,-0.78313123
52061.95447281,3.555841,-0.78293396
52062.9544728575,3.5557623,-0.78352576
52063.954472905,3.5556443,-0.78470929
52064.9544729525,3.555408,-0.78490649
52065.954473,3.5552504,-0.78451196
52066.9544730475,3.5550535,-0.78392023
52067.954473095,3.5548961,-0.7858927
52068.9544731425,3.5549355,-0.78253943
52069.95447319,3.5546598,-0.78451196
52070.9544732375,3.5545022,-0.78392023
52071.954473285,3.5543056,-0.7856955
52072.9544733325,3.5542266,-0.78352576
52073.95447338,3.5541873,-0.78352576
52074.9544734275,3.5539117,-0.78431476
52075.9544734749,3.553833,-0.78372296
52076.9544735224,3.5535967,-0.78293396
52077.9544735699,3.5535574,-0.78332843
52078.9544736174,3.5533211,-0.78372296
52079.9544736649,3.5532031,-0.78273669
52080.9544737124,3.5531242,-0.78332843
52081.9544737599,3.5528879,-0.78392023
52082.9544738074,3.5528486,-0.78313123
52083.9544738549,3.5528092,-0.78313123
52084.9544739024,3.5525336,-0.78313123
52085.9544739499,3.5524943,-0.78392023
52086.9544739974,3.5522974,-0.78352576
52087.9544740449,3.55214,-0.78313123
52088.9544740924,3.5520217,-0.78392023
52089.9544741399,3.5520217,-0.78392023
52090.9544741874,3.5518248,-0.78352576
52091.9544742349,3.5516675,-0.78411743
52092.9544742824,3.5514312,-0.78451196
52093.9544743299,3.5513918,-0.78372296
52094.9544743774,3.5511556,-0.78253943
52095.9544744249,3.5511162,-0.78313123
52096.9544744724,3.550998,-0.78372296
52097.9544745199,3.5509193,-0.78313123
52098.9544745674,3.5507224,-0.78293396
52099.9544746149,3.5506437,-0.7856955
52100.9544746624,3.5505257,-0.78313123
52101.9544747099,3.5504467,-0.78332843
52102.9544747574,3.5502501,-0.78253943
52103.9544748049,3.5502501,-0.78293396
52104.9544748524,3.5501318,-0.78372296
52105.9544748999,3.5499744,-0.78332843
52106.9544749474,3.5497775,-0.78332843
52107.9544749949,3.5497382,-0.78431476
52108.9544750424,3.5495806,-0.78431476
52109.9544750899,3.5494626,-0.78372296
52110.9544751374,3.5493836,-0.78332843
52111.9544751849,3.5492656,-0.78470929
52112.9544752324,3.5491476,-0.78352576
52113.9544752799,3.5489507,-0.78352576
52114.9544753273,3.5488324,-0.78293396
52115.9544753748,3.5487931,-0.78332843
52116.9544754223,3.5486751,-0.78470929
52117.9544754698,3.5485568,-0.7864845
52118.9544755173,3.5485568,-0.78470929
52119.9544755648,3.5483601,-0.7858927
52120.9544756123,3.5482025,-0.78372296
52121.9544756598,3.5479662,-0.78451196
52122.9544757073,3.5480056,-0.78372296
52123.9544757548,3.5480056,-0.78332843
52124.9544758023,3.5478876,-0.78234222
52125.9544758498,3.5478089,-0.78332843
52126.9544758973,3.547415,-0.78273669
52127.9544759448,3.5475333,-0.78332843
52128.9544759923,3.547415,-0.78372296
52129.9544760398,3.5473363,-0.78332843
52130.9544760873,3.5472181,-0.78372296
52131.9544761348,3.5470607,-0.78549829
52132.9544761823,3.5469031,-0.78313123
52133.9544762298,3.5468245,-0.78253943
52134.9544762773,3.5467851,-0.78392023
52135.9544763248,3.5465882,-0.78253943
52136.9544763723,3.5465882,-0.78431476
52137.9544764198,3.5464306,-0.78411743
52138.9544764673,3.5463912,-0.78372296
52139.9544765148,3.5462339,-0.78411743
52140.9544765623,3.5460763,-0.78293396
52141.9544766098,3.546037,-0.78451196
52142.9544766573,3.5459189,-0.78392023
52143.9544767048,3.5458794,-0.78451196
52144.9544767523,3.545722,-0.78451196
52145.9544767998,3.5456827,-0.78332843
52146.9544768473,3.5456038,-0.7858927
52147.9544768948,3.5454071,-0.78372296
52148.9544769423,3.5454464,-0.78451196
52149.9544769898,3.5452495,-0.78352576
52150.9544770373,3.5451314,-0.78372296
52151.9544770848,3.5450525,-0.78470929
52152.9544771323,3.5449739,-0.78273669
52153.9544771798,3.5448558,-0.78332843
52154.9544772272,3.5446589,-0.78431476
52155.9544772747,3.5446589,-0.78411743
52156.9544773222,3.5445802,-0.78411743
52157.9544773697,3.5445802,-0.78392023
52158.9544774172,3.5443833,-0.78411743
52159.9544774647,3.5443439,-0.78293396
52160.9544775122,3.544147,-0.78332843
52161.9544775597,3.544147,-0.78372296
52162.9544776072,3.5439894,-0.78392023
52163.9544776547,3.5438714,-0.78194769
52164.9544777022,3.5437927,-0.78313123
52165.9544777497,3.5437138,-0.78253943
52166.9544777972,3.5435958,-0.78332843
52167.9544778447,3.5436745,-0.78549829
52168.9544778922,3.5434778,-0.78352576
52169.9544779397,3.5433595,-0.78411743
52170.9544779872,3.5433202,-0.78313123
52171.9544780347,3.5432808,-0.78451196
52172.9544780822,3.5429263,-0.78352576
52173.9544781297,3.5431232,-0.78392023
52174.9544781772,3.542887,-0.78411743
52175.9544782247,3.5428476,-0.7858927
52176.9544782722,3.5427296,-0.78411743
52177.9544783197,3.5426903,-0.78352576
52178.9544783672,3.542572,-0.78332843
52179.9544784147,3.542454,-0.78411743
52180.9544784622,3.542454,-0.78451196
52181.9544785097,3.5423751,-0.78253943
52182.9544785572,3.5422177,-0.78431476
52183.9544786047,3.5420208,-0.78293396
52184.9544786522,3.5420995,-0.78293396
52185.9544786997,3.5419421,-0.78470929
52186.9544787472,3.5418239,-0.78431476
52187.9544787947,3.5418634,-0.78352576
52188.9544788422,3.5416272,-0.78313123
52189.9544788897,3.5415483,-0.78411743
52190.9544789372,3.5415483,-0.78490649
52191.9544789847,3.5414696,-0.78313123
52192.9544790322,3.5413516,-0.78352576
52193.9544790796,3.541312,-0.78332843
52194.9544791271,3.5412333,-0.78352576
52195.9544791746,3.541194,-0.78392023
52196.9544792221,3.5410759,-0.78332843
52197.9544792696,3.5409577,-0.78431476
52198.9544793171,3.540879,-0.78372296
52199.9544793646,3.5408003,-0.78609003
52200.9544794121,3.5407608,-0.78549829
52201.9544794596,3.5406427,-0.78372296
52202.9544795071,3.5405641,-0.78293396
52203.9544795546,3.5403278,-0.78392023
52204.9544796021,3.5403278,-0.78431476
52205.9544796496,3.5403671,-0.78490649
52206.9544796971,3.5402095,-0.78451196
52207.9544797446,3.5403278,-0.78352576
52208.9544797921,3.5400915,-0.78392023
52209.9544798396,3.5399339,-0.78392023
52210.9544798871,3.5398946,-0.78293396
52211.9544799346,3.5398159,-0.78431476
52212.9544799821,3.5397372,-0.78332843
52213.9544800296,3.5397372,-0.78352576
52214.9544800771,3.539619,-0.78372296
52215.9544801246,3.5393827,-0.78332843
52216.9544801721,3.5394616,-0.78332843
52217.9544802196,3.5393434,-0.7821449
52218.9544802671,3.5392253,-0.78392023
52219.9544803146,3.5391464,-0.78372296
52220.9544803621,3.539186,-0.78451196
52221.9544804096,3.5390284,-0.78392023
52222.9544804571,3.5389104,-0.78411743
52223.9544805046,3.5389104,-0.78352576
52224.9544805521,3.5388708,-0.78293396
52225.9544805996,3.5387528,-0.78392023
52226.9544806471,3.5385952,-0.78352576
52227.9544806946,3.5385559,-0.78372296
52228.9544807421,3.5384772,-0.78392023
52229.9544807896,3.5383985,-0.78411743
52230.9544808371,3.5383196,-0.78372296
52231.9544808846,3.5381622,-0.78392023
52232.954480932,3.5381622,-0.78352576
52233.9544809795,3.538044,-0.78372296
52234.954481027,3.5380046,-0.78372296
52235.9544810745,3.537926,-0.78273669
52236.954481122,3.537926,-0.78352576
52237.9544811695,3.537729,-0.78372296
52238.954481217,3.5376503,-0.78628723
52239.9544812645,3.5375321,-0.78392023
52240.954481312,3.5375321,-0.78392023
52241.9544813595,3.5374141,-0.78273669
52242.954481407,3.5374534,-0.78431476
52243.9544814545,3.5373747,-0.78392023
52244.954481502,3.5371778,-0.78392023
52245.9544815495,3.5371385,-0.78431476
52246.954481597,3.5370598,-0.78313123
52247.9544816445,3.5370598,-0.78431476
52248.954481692,3.5369809,-0.78392023
52249.9544817395,3.5368629,-0.78372296
52250.954481787,3.5367448,-0.78352576
52251.9544818345,3.5367448,-0.7856955
52252.954481882,3.5366659,-0.78372296
52253.9544819295,3.5366266,-0.78372296
52254.954481977,3.5365479,-0.78273669
52255.9544820245,3.5363903,-0.78549829
52256.954482072,3.5364296,-0.78470929
52257.9544821195,3.5361936,-0.78332843
52258.954482167,3.5362329,-0.78352576
52259.9544822145,3.5361147,-0.78372296
52260.954482262,3.5360754,-0.78392023
52261.9544823095,3.536036,-0.78411743
52262.954482357,3.5359573,-0.78313123
52263.9544824045,3.5358391,-0.78293396
52264.954482452,3.5357211,-0.78549829
52265.9544824995,3.5357604,-0.78352576
52266.954482547,3.5356817,-0.78431476
52267.9544825945,3.5355635,-0.78411743
52268.954482642,3.5355241,-0.78451196
52269.9544826895,3.5354061,-0.78530096
52270.954482737,3.5354061,-0.78332843
52271.9544827844,3.5352092,-0.78352576
52272.9544828319,3.5352485,-0.78313123
52273.9544828794,3.5351698,-0.78313123
52274.9544829269,3.5350909,-0.78411743
52275.9544829744,3.5349336,-0.78431476
52276.9544830219,3.5349336,-0.78392023
52277.9544830694,3.5348942,-0.78313123
52278.9544831169,3.534776,-0.78313123
52279.9544831644,3.5346973,-0.78253943
52280.9544832119,3.5346186,-0.78332843
52281.9544832594,3.534658,-0.78411743
52282.9544833069,3.534461,-0.78352576
52283.9544833544,3.534461,-0.78372296
52284.9544834019,3.5342641,-0.78431476
52285.9544834494,3.5342641,-0.78451196
52286.9544834969,3.5343037,-0.78392023
52287.9544835444,3.5341461,-0.78352576
52288.9544835919,3.5340278,-0.78293396
52289.9544836394,3.5341067,-0.78372296
52290.9544836869,3.5340278,-0.78293396
52291.9544837344,3.5339491,-0.78313123
52292.9544837819,3.5337522,-0.78411743
52293.9544838294,3.5337129,-0.78352576
52294.9544838769,3.5336342,-0.78352576
52295.9544839244,3.5335555,-0.78293396
52296.9544839719,3.5335162,-0.78372296
52297.9544840194,3.5335162,-0.78313123
52298.9544840669,3.5333979,-0.78293396
52299.9544841144,3.5333586,-0.78293396
52300.9544841619,3.5332406,-0.78392023
52301.9544842094,3.5332406,-0.78332843
52302.9544842569,3.5331223,-0.78332843
52303.9544843044,3.533083,-0.78411743
52304.9544843519,3.5328467,-0.78431476
52305.9544843994,3.5329254,-0.78273669
52306.9544844469,3.5328074,-0.7864845
52307.9544844944,3.532768,-0.78313123
52308.9544845419,3.532768,-0.78411743
52309.9544845894,3.5326498,-0.78313123
52310.9544846369,3.5325317,-0.78313123
52311.9544846843,3.5324137,-0.78431476
52312.9544847318,3.5324137,-0.78332843
52313.9544847793,3.5323348,-0.78293396
52314.9544848268,3.5323348,-0.78313123
52315.9544848743,3.5322955,-0.78372296
52316.9544849218,3.5320592,-0.78470929
52317.9544849693,3.5321774,-0.78332843
52318.9544850168,3.5321774,-0.78411743
52319.9544850643,3.5320985,-0.78253943
52320.9544851118,3.5318623,-0.78451196
52321.9544851593,3.5319805,-0.78411743
52322.9544852068,3.5318229,-0.78451196
52323.9544852543,3.5317442,-0.78332843
52324.9544853018,3.5317442,-0.78392023
52325.9544853493,3.5315866,-0.78451196
52326.9544853968,3.5316656,-0.78352576
52327.9544854443,3.531508,-0.78372296
52328.9544854918,3.531508,-0.78372296
52329.9544855393,3.5313506,-0.78609003
52330.9544855868,3.5312717,-0.78352576
52331.9544856343,3.531311,-0.78352576
52332.9544856818,3.5312717,-0.78253943
52333.9544857293,3.5312717,-0.78392023
52334.9544857768,3.5310354,-0.78372296
52335.9544858243,3.5309174,-0.78431476
52336.9544858718,3.5308387,-0.78352576
52337.9544859193,3.5307994,-0.78372296
52338.9544859668,3.5307598,-0.78352576
52339.9544860143,3.5307205,-0.78392023
52340.9544860618,3.5307598,-0.78352576
52341.9544861093,3.5304842,-0.78313123
52342.9544861568,3.5304449,-0.78352576
52343.9544862043,3.5303662,-0.78392023
52344.9544862518,3.5303662,-0.78313123
52345.9544862993,3.5303268,-0.78411743
52346.9544863468,3.5302086,-0.78332843
52347.9544863943,3.5302479,-0.78431476
52348.9544864418,3.5301692,-0.78490649
52349.9544864893,3.5301692,-0.78313123
52350.9544865367,3.5300119,-0.78392023
52351.9544865842,3.529933,-0.78352576
52352.9544866317,3.529815,-0.78411743
52353.9544866792,3.5297756,-0.78313123
52354.9544867267,3.529815,-0.78451196
52355.9544867742,3.5297363,-0.78392023
52356.9544868217,3.5296967,-0.78451196
52357.9544868692,3.5295787,-0.78372296
52358.9544869167,3.5294211,-0.78372296
52359.9544869642,3.5294211,-0.78313123
52360.9544870117,3.5293424,-0.78352576
52361.9544870592,3.5292637,-0.78332843
52362.9544871067,3.5292244,-0.78451196
52363.9544871542,3.5291455,-0.78352576
52364.9544872017,3.5291455,-0.78332843
52365.9544872492,3.5290275,-0.78470929
52366.9544872967,3.5290275,-0.78372296
52367.9544873442,3.5289488,-0.78352576
52368.9544873917,3.5287519,-0.78470929
52369.9544874392,3.5287912,-0.78392023
52370.9544874867,3.5287125,-0.78332843
52371.9544875342,3.5286732,-0.78352576
52372.9544875817,3.5285156,-0.78372296
52373.9544876292,3.5286338,-0.78451196
52374.9544876767,3.5286338,-0.78332843
52375.9544877242,3.5283976,-0.78549829
52376.9544877717,3.5283976,-0.78332843
52377.9544878192,3.5283976,-0.78411743
52378.9544878667,3.5282006,-0.78392023
52379.9544879142,3.52824,-0.78372296
52380.9544879617,3.5281613,-0.78431476
52381.9544880092,3.5281613,-0.78352576
52382.9544880567,3.5280824,-0.78352576
52383.9544881042,3.5279644,-0.78352576
52384.9544881517,3.5279644,-0.78352576
52385.9544881992,3.5277674,-0.78372296
52386.9544882467,3.5276887,-0.78273669
52387.9544882942,3.5278463,-0.78332843
52388.9544883417,3.5276887,-0.78372296
52389.9544883891,3.5274918,-0.78490649
52390.9544884366,3.5274918,-0.78392023
52391.9544884841,3.5274918,-0.78332843
52392.9544885316,3.5274131,-0.78411743
52393.9544885791,3.5273738,-0.78372296
52394.9544886266,3.5272951,-0.78352576
52395.9544886741,3.5272555,-0.78372296
52396.9544887216,3.5271769,-0.78372296
52397.9544887691,3.5270982,-0.78253943
52398.9544888166,3.5270982,-0.78253943
52399.9544888641,3.5269799,-0.78628723
52400.9544889116,3.5269406,-0.78411743
52401.9544889591,3.5268226,-0.78273669
52402.9544890066,3.5269406,-0.78392023
52403.9544890541,3.5267043,-0.78392023
52404.9544891016,3.526665,-0.78392023
52405.9544891491,3.5267439,-0.78431476
52406.9544891966,3.5266256,-0.78253943
52407.9544892441,3.5267043,-0.78372296
52408.9544892916,3.5263894,-0.78392023
52409.9544893391,3.5264287,-0.78392023
52410.9544893866,3.5263894,-0.78372296
52411.9544894341,3.526232,-0.78234222
52412.9544894816,3.526232,-0.78313123
52413.9544895291,3.5261137,-0.78372296
52414.9544895766,3.5261531,-0.78332843
52415.9544896241,3.5259168,-0.78431476
52416.9544896716,3.5259957,-0.78392023
52417.9544897191,3.5259168,-0.78392023
52418.9544897666,3.5257988,-0.78352576
52419.9544898141,3.5257988,-0.78470929
52420.9544898616,3.5258381,-0.78392023
52421.9544899091,3.5258381,-0.78392023
52422.9544899566,3.5255625,-0.78273669
52423.9544900041,3.5255625,-0.78451196
52424.9544900516,3.5255625,-0.78431476
52425.9544900991,3.5254445,-0.78372296
52426.9544901466,3.5254445,-0.78392023
52427.9544901941,3.5252476,-0.78392023
52428.9544902415,3.5251689,-0.78431476
52429.954490289,3.5252082,-0.78372296
52430.9544903365,3.52509,-0.78411743
52431.954490384,3.5251689,-0.78352576
52432.9544904315,3.5250506,-0.78253943
52433.954490479,3.5250113,-0.78273669
52434.9544905265,3.524972,-0.78411743
52435.954490574,3.5248144,-0.78253943
52436.9544906215,3.5248144,-0.78352576
52437.954490669,3.5248144,-0.78451196
52438.9544907165,3.5246964,-0.78530096
52439.954490764,3.5245781,-0.78273669
52440.9544908115,3.5246177,-0.78392023
52441.954490859,3.5245388,-0.78628723
52442.9544909065,3.5245388,-0.78332843
52443.954490954,3.5243814,-0.78234222
52444.9544910015,3.5243814,-0.78372296
52445.954491049,3.5242631,-0.78293396
52446.9544910965,3.5242238,-0.78352576
52447.954491144,3.5242238,-0.78451196
52448.9544911915,3.5241451,-0.78313123
52449.954491239,3.5240269,-0.78372296
52450.9544912865,3.5239875,-0.78431476
52451.954491334,3.5239482,-0.78313123
52452.9544913815,3.5239482,-0.78352576
52453.954491429,3.5238695,-0.78392023
52454.9544914765,3.5238695,-0.78332843
52455.954491524,3.5236726,-0.78411743
52456.9544915715,3.5236726,-0.78372296
52457.954491619,3.5236332,-0.78392023
52458.9544916665,3.5235152,-0.78352576
52459.954491714,3.5235546,-0.78273669
52460.9544917615,3.5234756,-0.78313123
52461.954491809,3.5233576,-0.78313123
52462.9544918565,3.523397,-0.78352576
52463.954491904,3.5233576,-0.78392023
52464.9544919515,3.523279,-0.78352576
52465.954491999,3.5231214,-0.78253943
52466.9544920465,3.5231607,-0.78352576
52467.954492094,3.523082,-0.78253943
52468.9544921414,3.5230427,-0.78313123
52469.9544921889,3.5228851,-0.78293396
52470.9544922364,3.5228851,-0.78372296
52471.9544922839,3.5229244,-0.78352576
52472.9544923314,3.5228457,-0.78392023
52473.9544923789,3.5228064,-0.7858927
52474.9544924264,3.5225701,-0.78431476
52475.9544924739,3.5225701,-0.78352576
52476.9544925214,3.5225308,-0.78234222
52477.9544925689,3.5224125,-0.78372296
52478.9544926164,3.5224521,-0.78332843
52479.9544926639,3.5223732,-0.78313123
52480.9544927114,3.5222945,-0.78332843
52481.9544927589,3.5222945,-0.78293396
52482.9544928064,3.5222945,-0.78273669
52483.9544928539,3.5221369,-0.78234222
52484.9544929014,3.5222552,-0.78313123
52485.9544929489,3.5221369,-0.78392023
52486.9544929964,3.5220189,-0.78372296
52487.9544930439,3.5219796,-0.7858927
52488.9544930914,3.5219009,-0.78313123
52489.9544931389,3.521822,-0.78234222
52490.9544931864,3.5218613,-0.78372296
52491.9544932339,3.5216646,-0.78293396
52492.9544932814,3.521822,-0.78530096
52493.9544933289,3.5215857,-0.78431476
52494.9544933764,3.5216253,-0.78273669
52495.9544934239,3.521507,-0.78293396
52496.9544934714,3.5214677,-0.78273669
52497.9544935189,3.5214677,-0.78372296
52498.9544935664,3.521389,-0.78332843
52499.9544936139,3.521389,-0.78470929
52500.9544936614,3.5212314,-0.78470929
52501.9544937089,3.5211921,-0.78392023
52502.9544937564,3.5211527,-0.78313123
52503.9544938039,3.5210738,-0.78392023
52504.9544938514,3.5211134,-0.78411743
52505.9544938989,3.5208771,-0.78352576
52506.9544939464,3.5209165,-0.78470929
52507.9544939938,3.5208771,-0.78431476
52508.9544940413,3.5207982,-0.78411743
52509.9544940888,3.5206802,-0.78411743
52510.9544941363,3.5207195,-0.78392023
52511.9544941838,3.5207195,-0.78392023
52512.9544942313,3.5205622,-0.78470929
52513.9544942788,3.5204833,-0.78411743
52514.9544943263,3.5206015,-0.78253943
52515.9544943738,3.5204833,-0.78372296
52516.9544944213,3.5203652,-0.78293396
52517.9544944688,3.5202866,-0.78372296
52518.9544945163,3.5203259,-0.78470929
52519.9544945638,3.5202076,-0.78293396
52520.9544946113,3.5201683,-0.78352576
52521.9544946588,3.520129,-0.78372296
52522.9544947063,3.520129,-0.78411743
52523.9544947538,3.5199714,-0.78253943
52524.9544948013,3.5199714,-0.78332843
52525.9544948488,3.5199714,-0.78628723
52526.9544948963,3.5198534,-0.78293396
52527.9544949438,3.519814,-0.78253943
52528.9544949913,3.5196958,-0.78431476
52529.9544950388,3.5197353,-0.78313123
52530.9544950863,3.5197353,-0.78253943
52531.9544951338,3.5197747,-0.78352576
52532.9544951813,3.5195384,-0.78431476
52533.9544952288,3.5194991,-0.78392023
52534.9544952763,3.5194597,-0.78313123
52535.9544953238,3.5193808,-0.78332843
52536.9544953713,3.5193415,-0.78431476
52537.9544954188,3.5193021,-0.78372296
52538.9544954663,3.5192235,-0.78372296
52539.9544955138,3.5192628,-0.78313123
52540.9544955613,3.5190659,-0.78411743
52541.9544956088,3.5190659,-0.78431476
52542.9544956563,3.5190265,-0.78352576
52543.9544957038,3.5190265,-0.78115869
52544.9544957513,3.5189083,-0.78372296
52545.9544957988,3.5189083,-0.78332843
52546.9544958462,3.5189083,-0.78549829
52547.9544958937,3.5188689,-0.78392023
52548.9544959412,3.5187509,-0.78313123
52549.9544959887,3.5186327,-0.78234222
52550.9544960362,3.5186327,-0.78352576
52551.9544960837,3.5184753,-0.78352576
52552.9544961312,3.518554,-0.78313123
52553.9544961787,3.5185146,-0.78352576
52554.9544962262,3.5185146,-0.78510376
52555.9544962737,3.5183177,-0.78392023
52556.9544963212,3.518239,-0.78470929
52557.9544963687,3.518239,-0.78470929
52558.9544964162,3.5183177,-0.78510376
52559.9544964637,3.5181603,-0.78392023
52560.9544965112,3.5180814,-0.78392023
52561.9544965587,3.5180027,-0.78293396
52562.9544966062,3.5180027,-0.78411743
52563.9544966537,3.5180027,-0.78372296
52564.9544967012,3.5178847,-0.78293396
52565.9544967487,3.5178058,-0.78313123
52566.9544967962,3.5177665,-0.78273669
52567.9544968437,3.5177271,-0.78411743
52568.9544968912,3.5176878,-0.78451196
52569.9544969387,3.5176091,-0.78293396
52570.9544969862,3.5175302,-0.78510376
52571.9544970337,3.5175302,-0.78293396
52572.9544970812,3.5175302,-0.78451196
52573.9544971287,3.5174515,-0.78392023
52574.9544971762,3.5174122,-0.78313123
52575.9544972237,3.5173335,-0.78431476
52576.9544972712,3.5172546,-0.78470929
52577.9544973187,3.5172153,-0.78372296
52578.9544973662,3.5171366,-0.78451196
52579.9544974137,3.5170972,-0.78392023
52580.9544974612,3.5170579,-0.78313123
52581.9544975087,3.516979,-0.78411743
52582.9544975562,3.516979,-0.78313123
52583.9544976037,3.516979,-0.78352576
52584.9544976512,3.5169003,-0.78293396
52585.9544976986,3.5167823,-0.78431476
52586.9544977461,3.5167427,-0.78490649
52587.9544977936,3.5166247,-0.78313123
52588.9544978411,3.516664,-0.78411743
52589.9544978886,3.5165067,-0.78352576
52590.9544979361,3.516546,-0.78411743
52591.9544979836,3.5164278,-0.78313123
52592.9544980311,3.5164671,-0.78352576
52593.9544980786,3.5164278,-0.78273669
52594.9544981261,3.5163491,-0.78372296
52595.9544981736,3.5161915,-0.78273669
52596.9544982211,3.5161915,-0.78411743
52597.9544982686,3.5162704,-0.78253943
52598.9544983161,3.5161915,-0.78530096
52599.9544983636,3.5159948,-0.78411743
52600.9544984111,3.5161128,-0.78352576
52601.9544984586,3.5159159,-0.78372296
52602.9544985061,3.5159159,-0.78313123
52603.9544985536,3.5159159,-0.78411743
52604.9544986011,3.5157979,-0.78313123
52605.9544986486,3.5157585,-0.78451196
52606.9544986961,3.5157192,-0.78372296
52607.9544987436,3.5157585,-0.78490649
52608.9544987911,3.5157192,-0.78411743
52609.9544988386,3.5156403,-0.78372296
52610.9544988861,3.5156009,-0.78372296
52611.9544989336,3.5154436,-0.78372296
52612.9544989811,3.5154829,-0.78549829
52613.9544990286,3.5153646,-0.78451196
52614.9544990761,3.5153253,-0.78490649
52615.9544991236,3.5153646,-0.78352576
52616.9544991711,3.5152073,-0.78332843
52617.9544992186,3.5150104,-0.78332843
52618.9544992661,3.515089,-0.78392023
52619.9544993136,3.5150104,-0.78293396
52620.9544993611,3.5150104,-0.78313123
52621.9544994086,3.5149317,-0.78372296
52622.9544994561,3.5148134,-0.78293396
52623.9544995036,3.5148134,-0.78372296
52624.9544995511,3.5148134,-0.78530096
52625.9544995985,3.5147741,-0.78293396
52626.954499646,3.5147741,-0.78273669
52627.9544996935,3.5146561,-0.78332843
52628.954499741,3.5147347,-0.78411743
52629.9544997885,3.5146167,-0.78313123
52630.954499836,3.5144591,-0.78352576
52631.9544998835,3.5143805,-0.78332843
52632.954499931,3.5143805,-0.78352576
52633.9544999785,3.5144198,-0.78253943
52634.954500026,3.5143015,-0.78392023
52635.9545000735,3.5143805,-0.78352576
52636.954500121,3.5141835,-0.78293396
52637.9545001685,3.5141442,-0.78392023
52638.954500216,3.5141048,-0.78431476
52639.9545002635,3.5140655,-0.78332843
52640.954500311,3.5140259,-0.78313123
52641.9545003585,3.5140655,-0.78352576
52642.954500406,3.5138686,-0.78332843
52643.9545004535,3.5138292,-0.78352576
52644.954500501,3.5137899,-0.78253943
52645.9545005485,3.5138292,-0.78372296
52646.954500596,3.513593,-0.78175043
52647.9545006435,3.5136716,-0.78293396
52648.954500691,3.5135536,-0.78293396
52649.9545007385,3.513514,-0.78293396
52650.954500786,3.5134747,-0.78273669
52651.9545008335,3.5133173,-0.78332843
52652.954500881,3.5133567,-0.78470929
52653.9545009285,3.5133567,-0.78332843
52654.954500976,3.5132384,-0.78273669
52655.9545010235,3.513278,-0.78411743
52656.954501071,3.5131598,-0.78313123
52657.9545011185,3.5130811,-0.78431476
52658.954501166,3.5131598,-0.78510376
52659.9545012135,3.5131204,-0.78273669
52660.954501261,3.5130811,-0.78392023
52661.9545013085,3.5129628,-0.78332843
52662.954501356,3.5129235,-0.78332843
52663.9545014035,3.5128448,-0.78411743
52664.9545014509,3.5128055,-0.78392023
52665.9545014984,3.5128055,-0.78510376
52666.9545015459,3.5126479,-0.78470929
52667.9545015934,3.5126085,-0.78253943
52668.9545016409,3.5125299,-0.78332843
52669.9545016884,3.5125692,-0.78451196
52670.9545017359,3.5124905,-0.78549829
52671.9545017834,3.5124905,-0.78470929
52672.9545018309,3.5123723,-0.78530096
52673.9545018784,3.5123329,-0.78332843
52674.9545019259,3.5122936,-0.78451196
52675.9545019734,3.5122542,-0.78411743
52676.9545020209,3.5122149,-0.78352576
52677.9545020684,3.5120966,-0.78332843
52678.9545021159,3.5120573,-0.78392023
52679.9545021634,3.5120966,-0.7858927
52680.9545022109,3.512018,-0.78293396
52681.9545022584,3.512018,-0.78332843
52682.9545023059,3.5118999,-0.78372296
52683.9545023534,3.5119393,-0.78372296
52684.9545024009,3.5117817,-0.78470929
52685.9545024484,3.5117817,-0.78332843
52686.9545024959,3.5117424,-0.78392023
52687.9545025434,3.5116241,-0.78392023
52688.9545025909,3.511703,-0.78332843
52689.9545026384,3.5115848,-0.78352576
52690.9545026859,3.5116241,-0.78392023
52691.9545027334,3.5115454,-0.78293396
52692.9545027809,3.5114667,-0.78451196
52693.9545028284,3.5113881,-0.78352576
52694.9545028759,3.5113091,-0.78293396
52695.9545029234,3.5113091,-0.78411743
52696.9545029709,3.5112305,-0.78293396
52697.9545030184,3.5111911,-0.78411743
52698.9545030659,3.5111911,-0.78372296
52699.9545031134,3.5112305,-0.78352576
52700.9545031609,3.5110729,-0.78332843
52701.9545032084,3.5109549,-0.78411743
52702.9545032559,3.5109549,-0.78352576
52703.9545033033,3.5110335,-0.78372296
52704.9545033508,3.5107579,-0.78372296
52705.9545033983,3.5107186,-0.78332843
52706.9545034458,3.5107973,-0.78313123
52707.9545034933,3.5107579,-0.78313123
52708.9545035408,3.5106792,-0.78352576
52709.9545035883,3.5106399,-0.78470929
52710.9545036358,3.5104823,-0.78411743
52711.9545036833,3.5106006,-0.78392023
52712.9545037308,3.510443,-0.78352576
52713.9545037783,3.5104036,-0.78372296
52714.9545038258,3.5104036,-0.78234222
52715.9545038733,3.5102856,-0.78352576
52716.9545039208,3.510246,-0.78470929
52717.9545039683,3.510128,-0.78313123
52718.9545040158,3.510246,-0.78411743
52719.9545040633,3.510246,-0.78313123
52720.9545041108,3.5101674,-0.78372296
52721.9545041583,3.5100887,-0.78332843
52722.9545042058,3.5098917,-0.78332843
52723.9545042533,3.5100493,-0.78372296
52724.9545043008,3.5098917,-0.78313123
52725.9545043483,3.5097737,-0.78293396
52726.9545043958,3.5098917,-0.78332843
52727.9545044433,3.5098524,-0.78451196
52728.9545044908,3.5097342,-0.78372296
52729.9545045383,3.5098131,-0.78372296
52730.9545045858,3.5096555,-0.78451196
52731.9545046333,3.5096161,-0.78411743
52732.9545046808,3.5094981,-0.78332843
52733.9545047283,3.5095375,-0.78332843
52734.9545047758,3.5095375,-0.78411743
52735.9545048233,3.5093405,-0.78510376
52736.9545048708,3.5093799,-0.78451196
52737.9545049183,3.5093799,-0.78470929
52738.9545049658,3.5093405,-0.78332843
52739.9545050133,3.5092618,-0.78332843
52740.9545050608,3.5092225,-0.78431476
52741.9545051083,3.5091829,-0.78411743
52742.9545051557,3.5090649,-0.78372296
52743.9545052032,3.5090256,-0.78332843
52744.9545052507,3.5089073,-0.78392023
52745.9545052982,3.5089862,-0.78411743
52746.9545053457,3.5089073,-0.78372296
52747.9545053932,3.508868,-0.78313123
52748.9545054407,3.5088286,-0.78431476
52749.9545054882,3.5087106,-0.78392023
52750.9545055357,3.50875,-0.78470929
52751.9545055832,3.5086317,-0.78293396
52752.9545056307,3.5086317,-0.78332843
52753.9545056782,3.5085924,-0.78490649
52754.9545057257,3.5085924,-0.78332843
52755.9545057732,3.508435,-0.78451196
52756.9545058207,3.508435,-0.78392023
52757.9545058682,3.5083957,-0.78411743
52758.9545059157,3.5083168,-0.78332843
52759.9545059632,3.5082774,-0.78392023
52760.9545060107,3.5083168,-0.78253943
52761.9545060582,3.5081594,-0.78392023
52762.9545061057,3.5082381,-0.78392023
52763.9545061532,3.5080411,-0.78352576
52764.9545062007,3.5080805,-0.78175043
52765.9545062482,3.5080805,-0.78293396
52766.9545062957,3.5080018,-0.78431476
52767.9545063432,3.5080018,-0.78313123
52768.9545063907,3.5078838,-0.78372296
52769.9545064382,3.5078049,-0.78293396
52770.9545064857,3.5078049,-0.78352576
52771.9545065332,3.5077262,-0.78332843
52772.9545065807,3.5076082,-0.78372296
52773.9545066282,3.5076475,-0.7866817
52774.9545066757,3.5076475,-0.78470929
52775.9545067232,3.5076082,-0.78392023
52776.9545067707,3.5074899,-0.78392023
52777.9545068182,3.5075293,-0.78431476
52778.9545068657,3.5074899,-0.78411743
52779.9545069132,3.5073719,-0.78431476
52780.9545069607,3.507293,-0.78451196
52781.9545070081,3.5073719,-0.78352576
52782.9545070556,3.5073719,-0.78431476
52783.9545071031,3.507293,-0.78352576
52784.9545071506,3.507175,-0.78332843
52785.9545071981,3.5071356,-0.78392023
52786.9545072456,3.5071356,-0.78392023
52787.9545072931,3.5070174,-0.7821449
52788.9545073406,3.5069387,-0.78313123
52789.9545073881,3.506978,-0.78392023
52790.9545074356,3.5068994,-0.78392023
52791.9545074831,3.5067813,-0.78451196
52792.9545075306,3.5067418,-0.78332843
52793.9545075781,3.5067418,-0.78372296
52794.9545076256,3.5067024,-0.78372296
52795.9545076731,3.5066237,-0.78372296
52796.9545077206,3.5066631,-0.78431476
52797.9545077681,3.5065451,-0.78372296
52798.9545078156,3.5065057,-0.78352576
52799.9545078631,3.5065057,-0.78332843
52800.9545079106,3.5065057,-0.78372296
52801.9545079581,3.5063875,-0.78352576
52802.9545080056,3.5063481,-0.78175043
52803.9545080531,3.5063875,-0.78293396
52804.9545081006,3.5062299,-0.78352576
52805.9545081481,3.5062695,-0.78352576
52806.9545081956,3.5061905,-0.78352576
52807.9545082431,3.5062299,-0.78332843
52808.9545082906,3.5060725,-0.78293396
52809.9545083381,3.5060725,-0.78411743
52810.9545083856,3.5059938,-0.7856955
52811.9545084331,3.5059938,-0.78352576
52812.9545084806,3.5058756,-0.78352576
52813.9545085281,3.5059938,-0.78313123
52814.9545085756,3.5057969,-0.78411743
52815.9545086231,3.5057576,-0.78392023
52816.9545086706,3.5057576,-0.78273669
52817.9545087181,3.5056,-0.78470929
52818.9545087656,3.5056393,-0.78372296
52819.9545088131,3.5056,-0.78490649
52820.9545088606,3.505482,-0.78332843
52821.954508908,3.505482,-0.78411743
52822.9545089555,3.5054426,-0.78451196
52823.954509003,3.5054426,-0.78273669
52824.9545090505,3.5053637,-0.78411743
52825.954509098,3.505285,-0.78372296
52826.9545091455,3.5053244,-0.78431476
52827.954509193,3.505167,-0.78549829
52828.9545092405,3.5052063,-0.7856955
52829.954509288,3.5052063,-0.78411743
52830.9545093355,3.5050488,-0.78313123
52831.954509383,3.5052063,-0.78431476
52832.9545094305,3.5050094,-0.78293396
52833.954509478,3.5049701,-0.78352576
52834.9545095255,3.5049701,-0.78352576
52835.954509573,3.5049701,-0.78490649
52836.9545096205,3.5047731,-0.78313123
52837.954509668,3.5048125,-0.78372296
52838.9545097155,3.5048914,-0.78352576
52839.954509763,3.5046945,-0.78332843
52840.9545098105,3.5046158,-0.78372296
52841.954509858,3.5046945,-0.78431476
52842.9545099055,3.5045369,-0.78470929
52843.954509953,3.5045369,-0.78372296
52844.9545100005,3.5045369,-0.78431476
52845.954510048,3.5044188,-0.78352576
52846.9545100955,3.5044188,-0.78372296
52847.954510143,3.5044975,-0.78313123
52848.9545101905,3.5042219,-0.78431476
52849.954510238,3.5042613,-0.78411743
52850.9545102855,3.5042219,-0.78332843
52851.954510333,3.5041826,-0.78431476
52852.9545103805,3.5041432,-0.78392023
52853.954510428,3.5040643,-0.78332843
52854.9545104755,3.5040643,-0.78411743
52855.954510523,3.5038676,-0.78470929
52856.9545105705,3.5039463,-0.78372296
52857.954510618,3.5039463,-0.78313123
52858.9545106655,3.5038283,-0.78451196
52859.954510713,3.5037887,-0.78490649
52860.9545107604,3.5037887,-0.78431476
52861.9545108079,3.50371,-0.78332843
52862.9545108554,3.5037494,-0.78392023
52863.9545109029,3.5035527,-0.78451196
52864.9545109504,3.503592,-0.78332843
52865.9545109979,3.5035527,-0.78431476
52866.9545110454,3.5034738,-0.78352576
52867.9545110929,3.5034344,-0.78431476
52868.9545111404,3.5034344,-0.78352576
52869.9545111879,3.5033557,-0.78431476
52870.9545112354,3.5034344,-0.78352576
52871.9545112829,3.5033164,-0.78490649
52872.9545113304,3.5032771,-0.78293396
52873.9545113779,3.5032375,-0.78313123
52874.9545114254,3.5031981,-0.78293396
52875.9545114729,3.5031195,-0.78253943
52876.9545115204,3.5031195,-0.78352576
52877.9545115679,3.5031195,-0.78332843
52878.9545116154,3.5030801,-0.78293396
52879.9545116629,3.5028832,-0.78451196
52880.9545117104,3.5028439,-0.78451196
52881.9545117579,3.5028439,-0.78273669
52882.9545118054,3.5027652,-0.78332843
52883.9545118529,3.5027652,-0.78431476
52884.9545119004,3.5026469,-0.78431476
52885.9545119479,3.5027652,-0.78470929
52886.9545119954,3.5026469,-0.78411743
52887.9545120429,3.5025682,-0.78451196
52888.9545120904,3.5025289,-0.78313123
52889.9545121379,3.50245,-0.78392023
52890.9545121854,3.5024107,-0.78253943
52891.9545122329,3.5022926,-0.78411743
52892.9545122804,3.5023713,-0.78431476
52893.9545123279,3.5022533,-0.78451196
52894.9545123754,3.502214,-0.78293396
52895.9545124229,3.5021744,-0.78372296
52896.9545124704,3.5021744,-0.78431476
52897.9545125179,3.5021744,-0.78332843
52898.9545125654,3.5020564,-0.78372296
52899.9545126128,3.502017,-0.78352576
52900.9545126603,3.5020564,-0.78372296
52901.9545127078,3.5018201,-0.78332843
52902.9545127553,3.5019777,-0.78392023
52903.9545128028,3.5017807,-0.78431476
52904.9545128503,3.5018988,-0.78392023
52905.9545128978,3.5017021,-0.78490649
52906.9545129453,3.5016232,-0.78628723
52907.9545129928,3.5015838,-0.78352576
52908.9545130403,3.5016627,-0.78234222
52909.9545130878,3.5015838,-0.78332843
52910.9545131353,3.5015445,-0.78332843
52911.9545131828,3.5015051,-0.78332843
52912.9545132303,3.5014658,-0.78392023
52913.9545132778,3.5013475,-0.78332843
52914.9545133253,3.5013475,-0.78352576
52915.9545133728,3.5013082,-0.78293396
52916.9545134203,3.5012689,-0.78392023
52917.9545134678,3.5011902,-0.78313123
52918.9545135153,3.5011508,-0.78352576
52919.9545135628,3.5012295,-0.78470929
52920.9545136103,3.5010719,-0.78332843
52921.9545136578,3.5011508,-0.78392023
52922.9545137053,3.5010326,-0.78332843
52923.9545137528,3.5010326,-0.78372296
52924.9545138003,3.5009539,-0.78352576
52925.9545138478,3.5007963,-0.78392023
52926.9545138953,3.5007963,-0.78253943
52927.9545139428,3.5007963,-0.78392023
52928.9545139903,3.5007963,-0.78392023
52929.9545140378,3.5008752,-0.78470929
52930.9545140853,3.500639,-0.78313123
52931.9545141328,3.500639,-0.78332843
52932.9545141803,3.5005996,-0.78332843
52933.9545142278,3.5005207,-0.78332843
52934.9545142753,3.500442,-0.78234222
52935.9545143228,3.5005207,-0.78372296
52936.9545143703,3.5004814,-0.78372296
52937.9545144178,3.5004027,-0.78392023
52938.9545144652,3.5002451,-0.78411743
52939.9545145127,3.5002844,-0.78293396
52940.9545145602,3.5002058,-0.78470929
52941.9545146077,3.5001271,-0.78293396
52942.9545146552,3.5000877,-0.78411743
52943.9545147027,3.5000088,-0.78332843
52944.9545147502,3.5000877,-0.78293396
52945.9545147977,3.4999301,-0.78372296
52946.9545148452,3.4998908,-0.78411743
52947.9545148927,3.4999301,-0.78332843
52948.9545149402,3.4997728,-0.78470929
52949.9545149877,3.4997728,-0.78253943
52950.9545150352,3.4998121,-0.78332843
52951.9545150827,3.4996545,-0.78293396
52952.9545151302,3.4996545,-0.78293396
52953.9545151777,3.4996939,-0.78431476
52954.9545152252,3.4996545,-0.78392023
52955.9545152727,3.4995365,-0.78352576
52956.9545153202,3.4995365,-0.78372296
52957.9545153677,3.4994183,-0.78392023
52958.9545154152,3.4994183,-0.78273669
52959.9545154627,3.4993002,-0.78332843
52960.9545155102,3.4993789,-0.78332843
52961.9545155577,3.4993396,-0.78392023
52962.9545156052,3.499182,-0.78392023
52963.9545156527,3.4992216,-0.78372296
52964.9545157002,3.4991426,-0.78372296
52965.9545157477,3.499064,-0.78372296
52966.9545157952,3.499064,-0.78392023
52967.9545158427,3.4990246,-0.78431476
52968.9545158902,3.4989853,-0.78451196
52969.9545159377,3.4989064,-0.78490649
52970.9545159852,3.4988277,-0.78313123
52971.9545160327,3.498867,-0.78273669
52972.9545160802,3.4987097,-0.78549829
52973.9545161277,3.4988277,-0.78451196
52974.9545161752,3.4986701,-0.78313123
52975.9545162227,3.4986308,-0.78293396
52976.9545162702,3.4985914,-0.78332843
52977.9545163177,3.4985127,-0.78411743
52978.9545163651,3.4985521,-0.78352576
52979.9545164126,3.4984734,-0.78332843
52980.9545164601,3.4985127,-0.78392023
52981.9545165076,3.4983158,-0.78273669
52982.9545165551,3.4982371,-0.78352576
52983.9545166026,3.4982371,-0.78293396
52984.9545166501,3.4982765,-0.78490649
52985.9545166976,3.4982765,-0.78411743
52986.9545167451,3.4981585,-0.78451196
52987.9545167926,3.4981189,-0.78253943
52988.9545168401,3.4980009,-0.78332843
52989.9545168876,3.4980402,-0.78451196
52990.9545169351,3.4978828,-0.78392023
52991.9545169826,3.4980009,-0.78392023
52992.9545170301,3.4978828,-0.7821449
52993.9545170776,3.4978433,-0.78313123
52994.9545171251,3.4978039,-0.78451196
52995.9545171726,3.4977252,-0.78293396
52996.9545172201,3.4977252,-0.78372296
52997.9545172676,3.4977252,-0.78352576
52998.9545173151,3.4976859,-0.78411743
52999.9545173626,3.4975283,-0.78273669
53000.9545174101,3.4975283,-0.78372296
53001.9545174576,3.4975283,-0.78372296
53002.9545175051,3.4974103,-0.78332843
53003.9545175526,3.497371,-0.78431476
53004.9545176001,3.4973316,-0.78293396
53005.9545176476,3.4973316,-0.78332843
53006.9545176951,3.497292,-0.78293396
53007.9545177426,3.4972527,-0.78293396
53008.9545177901,3.497174,-0.78313123
53009.9545178376,3.497056,-0.78273669
53010.9545178851,3.4970164,-0.78392023
53011.9545179326,3.4970953,-0.78352576
53012.9545179801,3.4969771,-0.78392023
53013.9545180276,3.4969378,-0.78392023
53014.9545180751,3.4968197,-0.78352576
53015.9545181226,3.4968984,-0.78431476
53016.9545181701,3.4968197,-0.78332843
53017.9545182175,3.4967408,-0.78392023
53018.954518265,3.4966228,-0.78392023
53019.9545183125,3.4966621,-0.78392023
53020.95451836,3.4966621,-0.78293396
53021.9545184075,3.4967015,-0.78372296
53022.954518455,3.4965441,-0.78392023
53023.9545185025,3.4965045,-0.78194769
53024.95451855,3.4963865,-0.78332843
53025.9545185975,3.4963472,-0.78470929
53026.954518645,3.4963865,-0.78411743
53027.9545186925,3.4962289,-0.78549829
53028.95451874,3.4961896,-0.78372296
53029.9545187875,3.4962289,-0.78411743
53030.954518835,3.4961503,-0.78253943
53031.9545188825,3.4961109,-0.78372296
53032.95451893,3.4961109,-0.78253943
53033.9545189775,3.4959533,-0.78411743
53034.954519025,3.4960322,-0.78431476
53035.9545190725,3.495914,-0.78470929
53036.95451912,3.495914,-0.78372296
53037.9545191675,3.4958353,-0.78352576
53038.954519215,3.4958353,-0.78392023
53039.9545192625,3.4957173,-0.78352576
53040.95451931,3.495796,-0.78372296
53041.9545193575,3.4957173,-0.78253943
53042.954519405,3.4957566,-0.78411743
53043.9545194525,3.495599,-0.78332843
53044.9545195,3.4955204,-0.78411743
53045.4685195244,3.4955597,-0.78332843
53045.4705195245,3.495481,-0.78510376
53045.5125195265,3.5531242,0
53105.5125223763,3.5908051,0
53165.5125252262,3.5977743,0
53225.512528076,3.6017904,0
53285.5125309259,3.6040347,0
53345.5125337757,3.6058853,0
53405.5125366256,3.607224,0
53465.5125394754,3.6085234,0
53525.5125423253,3.6093502,0
53585.5125451751,3.6099801,0
53645.512548025,3.6106889,0
53705.5125508748,3.6111219,0
53765.5125537246,3.6117125,0
53825.5125565745,3.6119487,0
53885.5125594243,3.6124606,0
53945.5125622742,3.6128149,0
54005.512565124,3.6131301,0
54065.5125679739,3.6134057,0
54125.5125708237,3.6136024,0
54185.5125736736,3.6138387,0
54245.5125765234,3.6140356,0
54305.5125793733,3.6143112,0
54365.5125822231,3.6144688,0
54425.512585073,3.6147838,0
54485.5125879228,3.6147838,0
54545.5125907727,3.6150987,0
54605.5125936225,3.6152167,0
54665.5125964724,3.6152956,0
54725.5125993222,3.6154137,0
54785.512602172,3.6156499,0
54845.5126050219,3.6156499,0
54905.5126078717,3.6159649,0
54965.5126107216,3.6159649,0
55025.5126135714,3.6160831,0
55085.5126164213,3.6162012,0
55145.5126192711,3.6163192,0
55205.512622121,3.6162798,0
55265.5126249708,3.6164374,0
55325.5126278207,3.6163981,0
55385.5126306705,3.616713,0
55445.5126335204,3.616713,0
55505.5126363702,3.616713,0
55565.5126392201,3.6167917,0
55625.5126420699,3.6168704,0
55685.5126449198,3.6169493,0
55745.5126477696,3.6168311,0
55805.5126506194,3.6170673,0
55865.5126534693,3.6171067,0
55925.5126563191,3.6171856,0
55985.512659169,3.6172249,0
56045.5126620188,3.6170673,0
56105.5126648687,3.6172249,0
56165.5126677185,3.6173036,0
56225.5126705684,3.6173036,0
56285.5126734182,3.6174612,0
56345.5126762681,3.6173823,0
56405.5126791179,3.6172249,0
56465.5126819678,3.6175005,0
56525.5126848176,3.6175005,0
56585.5126876675,3.6174612,0
56645.548690519,3.6174612,0
56645.5506905191,3.3464904,-5.0905625
56645.6506905239,3.1908848,-5.2840684
56645.7506905286,3.1782458,-5.2872241
56645.8506905334,3.1724579,-5.2943252
56645.9506905381,3.1691506,-5.2858433
56646.0506905429,3.1660793,-5.289394
56646.1506905476,3.1639924,-5.2891968
56646.2506905524,3.1619451,-5.2933394
56646.3506905571,3.1606064,-5.2876187
56646.4506905619,3.1591101,-5.2868296
56646.5506905666,3.157732,-5.2862378
56646.6506905714,3.1566689,-5.2866323
56646.7506905761,3.1553695,-5.2878164
56646.8506905809,3.1543067,-5.2866323
56646.9506905856,3.1533616,-5.2880137
56647.0506905904,3.1526134,-5.2880137
56647.1506905951,3.1514716,-5.2870269
56647.2506905999,3.1504872,-5.3000459
56647.3506906046,3.1500149,-5.2866323
56647.4506906094,3.1492667,-5.2866323
56647.5506906141,3.1484399,-5.2866323
56647.6506906189,3.1477311,-5.2880137
56647.7506906236,3.1469829,-5.289394
56647.8506906284,3.1463137,-5.291958
56647.9506906331,3.1457624,-5.2866323
56648.0506906379,3.1451325,-5.2870269
56648.1506906426,3.1444237,-5.2878164
56648.2506906474,3.1437938,-5.2889995
56648.3506906521,3.1433213,-5.285646
56648.4506906569,3.1426911,-5.2888022
56648.5506906616,3.1422188,-5.2870269
56648.6506906664,3.1416676,-5.2870269
56648.7506906711,3.1409981,-5.2889995
56648.8506906759,3.1407225,-5.2870269
56648.9506906806,3.1400139,-5.28821
56649.0506906854,3.1395807,-5.2878164
56649.1506906901,3.1388326,-5.3006372
56649.2506906949,3.1386356,-5.2874214
56649.3506906996,3.1382027,-5.2858433
56649.4506907044,3.1376908,-5.28821
56649.5506907091,3.1372182,-5.2878164
56649.6506907139,3.1367457,-5.2864351
56649.7506907186,3.1362734,-5.2876187
56649.8506907234,3.1359584,-5.2862378
56649.9506907281,3.1356039,-5.2895913
56650.0506907329,3.1350527,-5.2876187
56650.1506907376,3.1345015,-5.2880137
56650.2506907424,3.1341865,-5.2889995
56650.3506907471,3.133714,-5.2878164
56650.4506907519,3.1331234,-5.2923525
56650.5506907566,3.1330054,-5.2864351
56650.6506907613,3.1325722,-5.2880137
56650.7506907661,3.1322179,-5.2864351
56650.8506907708,3.1318634,-5.2880137
56650.9506907756,3.1313515,-5.2866323
56651.0506907803,3.1309972,-5.288605
56651.1506907851,3.1305642,-5.2907749
56651.2506907898,3.1302886,-5.2870269
56651.3506907946,3.1299734,-5.2872241
56651.4506907993,3.1295404,-5.2862378
56651.5506908041,3.1292648,-5.28821
56651.6506908088,3.1287923,-5.2868296
56651.7506908136,3.1285167,-5.28821
56651.8506908183,3.1282017,-5.2872241
56651.9506908231,3.1276898,-5.2880137
56652.0506908278,3.1274536,-5.2866323
56652.1506908326,3.1272566,-5.2876187
56652.2506908373,3.1267843,-5.2876187
56652.3506908421,3.1265874,-5.2870269
56652.4506908468,3.1262331,-5.2872241
56652.5506908516,3.1259179,-5.2850542
56652.6506908563,3.1254456,-5.2878164
56652.7506908611,3.125288,-5.2860405
56652.8506908658,3.1248548,-5.2872241
56652.9506908706,3.1246974,-5.2846602
56653.0506908753,3.1244218,-5.2868296
56653.1506908801,3.1240673,-5.2866323
56653.2506908848,3.123713,-5.2862378
56653.3506908896,3.1233587,-5.2866323
56653.4506908943,3.1230831,-5.2858433
56653.5506908991,3.1228468,-5.2889995
56653.6506909038,3.1224136,-5.2901831
56653.7506909086,3.1222169,-5.28821
56653.8506909133,3.1220987,-5.28821
56653.9506909181,3.1214294,-5.2943252
56654.0506909228,3.1215081,-5.2852515
56654.1506909276,3.1212325,-5.2872241
56654.2506909323,3.1208782,-5.2872241
56654.3506909371,3.1205633,-5.2880137
56654.4506909418,3.1204057,-5.2844629
56654.5506909466,3.1200118,-5.2889995
56654.6506909513,3.1198151,-5.2878164
56654.7506909561,3.1195395,-5.2888022
56654.8506909608,3.1192245,-5.2889995
56654.9506909656,3.1190276,-5.2874214
56655.0506909703,3.1187913,-5.2895913
56655.1506909751,3.1185551,-5.288605
56655.2506909798,3.1182795,-5.2858433
56655.3506909846,3.1179252,-5.2870269
56655.4506909893,3.1176889,-5.2870269
56655.5506909941,3.1176102,-5.2862378
56655.6506909988,3.1172163,-5.2864351
56655.7506910036,3.1170194,-5.2911694
56655.8506910083,3.1169014,-5.288605
56655.9506910131,3.1165471,-5.2872241
56656.0506910178,3.1163108,-5.288605
56656.1506910226,3.1160746,-5.2907749
56656.2506910273,3.1158383,-5.2878164
56656.3506910321,3.1156414,-5.2874214
56656.4506910368,3.1153657,-5.2901831
56656.5506910416,3.115169,-5.2862378
56656.6506910463,3.1149328,-5.2870269
56656.7506910511,3.1145782,-5.2872241
56656.8506910558,3.1144996,-5.2864351
56656.9506910606,3.1141846,-5.2862378
56657.0506910653,3.1140664,-5.28821
56657.1506910701,3.1138303,-5.28821
56657.2506910748,3.1136727,-5.2852515
56657.3506910796,3.1133578,-5.2866323
56657.4506910843,3.1130822,-5.2878164
56657.5506910891,3.1128459,-5.2923525
56657.6506910938,3.1127672,-5.2852515
56657.7506910986,3.1127276,-5.28821
56657.8506911033,3.1123734,-5.2891968
56657.9506911081,3.1121371,-5.2878164
56658.0506911128,3.1119008,-5.2872241
56658.1506911176,3.1119404,-5.2844629
56658.2506911223,3.1116648,-5.2876187
56658.3506911271,3.1114285,-5.2880137
56658.4506911318,3.1110346,-5.2923525
56658.5506911366,3.110956,-5.2840684
56658.6506911413,3.110759,-5.28821
56658.7506911461,3.1105621,-5.2844629
56658.8506911508,3.1103654,-5.2905776
56658.9506911556,3.1102078,-5.2872241
56659.0506911603,3.1099715,-5.2888022
56659.1506911651,3.1096566,-5.2888022
56659.2506911698,3.1096566,-5.285646
56659.3506911746,3.1094203,-5.2872241
56659.4506911793,3.1092234,-5.2874214
56659.5506911841,3.1089873,-5.2880137
56659.6506911888,3.1084754,-5.297481
56659.7506911936,3.1087117,-5.2868296
56659.8506911983,3.1084754,-5.2872241
56659.9506912031,3.1082392,-5.2874214
56660.0506912078,3.1081605,-5.2874214
56660.1506912126,3.1078453,-5.288605
56660.2506912173,3.1077273,-5.28821
56660.3506912221,3.1077273,-5.2878164
56660.4506912268,3.1075697,-5.2864351
56660.5506912316,3.1072154,-5.2858433
56660.6506912363,3.1070578,-5.2889995
56660.7506912411,3.1069005,-5.2864351
56660.8506912458,3.1067035,-5.2889995
56660.9506912506,3.1066642,-5.2868296
56661.0506912553,3.1064672,-5.2878164
56661.1506912601,3.1064279,-5.2852515
56661.2506912648,3.1060343,-5.2880137
56661.3506912696,3.105916,-5.2884072
56661.4506912743,3.1057193,-5.2866323
56661.5506912791,3.1056798,-5.288605
56661.6506912838,3.1054041,-5.2870269
56661.7506912886,3.1052074,-5.2858433
56661.8506912933,3.1051285,-5.2878164
56661.9506912981,3.1050105,-5.2868296
56662.0506913028,3.1048136,-5.2878164
56662.1506913076,3.1046166,-5.2872241
56662.2506913123,3.104538,-5.2878164
56662.3506913171,3.1038687,-5.2996514
56662.4506913218,3.1041837,-5.2872241
56662.5506913266,3.1040261,-5.2888022
56662.6506913313,3.1039081,-5.285646
56662.7506913361,3.1036325,-5.2878164
56662.8506913408,3.1035931,-5.2889995
56662.9506913456,3.1034749,-5.2878164
56663.0506913503,3.1033175,-5.2878164
56663.1506913551,3.1032779,-5.2878164
56663.2506913598,3.1030419,-5.2870269
56663.3506913646,3.102963,-5.2868296
56663.4506913693,3.1028056,-5.2880137
56663.5506913741,3.102648,-5.28821
56663.6506913788,3.1023724,-5.2860405
56663.7506913836,3.1022544,-5.2897886
56663.8506913883,3.1021755,-5.2888022
56663.9506913931,3.1020181,-5.2895913
56664.0506913978,3.1018999,-5.2880137
56664.1506914026,3.1017425,-5.2872241
56664.2506914073,3.1016243,-5.2888022
56664.3506914121,3.1015062,-5.2870269
56664.4506914168,3.1013486,-5.2866323
56664.5506914216,3.1011124,-5.2907749
56664.6506914263,3.1011124,-5.288605
56664.7506914311,3.1010337,-5.2854487
56664.8506914358,3.1008368,-5.2862378
56664.9506914406,3.1006401,-5.2874214
56665.0506914453,3.1006007,-5.2880137
56665.1506914501,3.1003644,-5.2899858
56665.2506914548,3.1002069,-5.2880137
56665.3506914596,3.1002855,-5.2876187
56665.4506914643,3.1002069,-5.288605
56665.5506914691,3.0999706,-5.2860405
56665.6506914738,3.0998526,-5.2866323
56665.7506914786,3.0996163,-5.2866323
56665.8506914833,3.099498,-5.28821
56665.9506914881,3.09938,-5.2895913
56666.0506914928,3.0993407,-5.2880137
56666.1506914976,3.0992224,-5.2880137
56666.2506915023,3.0990651,-5.2889995
56666.3506915071,3.0990257,-5.2895913
56666.4506915118,3.0988288,-5.2876187
56666.5506915166,3.0987501,-5.2868296
56666.6506915213,3.0987501,-5.2878164
56666.7506915261,3.0984352,-5.2884072
56666.8506915308,3.0983562,-5.2901831
56666.9506915356,3.0983562,-5.2872241
56667.0506915403,3.09812,-5.2888022
56667.1506915451,3.0980413,-5.2878164
56667.2506915498,3.0980806,-5.2880137
56667.3506915546,3.097805,-5.2870269
56667.4506915593,3.0977657,-5.2866323
56667.5506915641,3.0975294,-5.2870269
56667.6506915688,3.0975688,-5.2868296
56667.7506915736,3.0974114,-5.2878164
56667.8506915783,3.0972931,-5.2897886
56667.9506915831,3.0971358,-5.2880137
56668.0506915878,3.0969782,-5.2868296
56668.1506915926,3.0969782,-5.2870269
56668.2506915973,3.0968602,-5.2874214
56668.3506916021,3.0967026,-5.288605
56668.4506916068,3.0966239,-5.288605
56668.5506916116,3.0965452,-5.2864351
56668.6506916163,3.096427,-5.2884072
56668.7506916211,3.0963876,-5.2868296
56668.8506916258,3.09623,-5.288605
56668.9506916306,3.0962694,-5.2878164
56669.0506916353,3.0960727,-5.2862378
56669.1506916401,3.0959938,-5.2864351
56669.2506916448,3.0958757,-5.2880137
56669.3506916496,3.0957181,-5.2884072
56669.4506916543,3.0956395,-5.288605
56669.5506916591,3.0956001,-5.2876187
56669.6506916638,3.0956001,-5.2860405
56669.7506916686,3.0952852,-5.2884072
56669.8506916733,3.0952852,-5.2870269
56669.9506916781,3.0952065,-5.2876187
56670.0506916828,3.0951276,-5.2878164
56670.1506916876,3.0949702,-5.2888022
56670.2506916923,3.0949309,-5.2880137
56670.350691697,3.0948913,-5.288605
56670.4506917018,3.094852,-5.2880137
56670.5506917065,3.0948126,-5.2860405
56670.6506917113,3.0946157,-5.2876187
56670.750691716,3.0944583,-5.2891968
56670.8506917208,3.0943794,-5.2866323
56670.9506917255,3.0942614,-5.2866323
56671.0506917303,3.0943007,-5.2876187
56671.150691735,3.0941434,-5.2880137
56671.2506917398,3.0939465,-5.2876187
56671.3506917445,3.0939071,-5.2876187
56671.4506917493,3.0938282,-5.288605
56671.550691754,3.0937495,-5.2874214
56671.6506917588,3.0936708,-5.2984673
56671.7506917635,3.0936708,-5.2884072
56671.8506917683,3.0935922,-5.2870269
56671.950691773,3.0934739,-5.2884072
56672.0506917778,3.0933166,-5.2891968
56672.1506917825,3.093277,-5.2878164
56672.2506917873,3.0931983,-5.288605
56672.350691792,3.0932376,-5.2868296
56672.4506917968,3.0930803,-5.2880137
56672.5506918015,3.092962,-5.2876187
56672.6506918063,3.0929227,-5.2872241
56672.750691811,3.092844,-5.2854487
56672.8506918158,3.0926471,-5.2891968
56672.9506918205,3.0926864,-5.2872241
56673.0506918253,3.0924895,-5.2903804
56673.15069183,3.0925291,-5.2880137
56673.2506918348,3.0924895,-5.2876187
56673.3506918395,3.0924501,-5.2874214
56673.4506918443,3.0923321,-5.2872241
56673.550691849,3.0922139,-5.2866323
56673.6506918538,3.0920959,-5.2891968
56673.7506918585,3.0921352,-5.2876187
56673.8506918633,3.0920565,-5.2868296
56673.950691868,3.0917809,-5.2939312
56674.0506918728,3.0918989,-5.2880137
56674.1506918775,3.0917022,-5.2874214
56674.2506918823,3.0916233,-5.2876187
56674.350691887,3.0915053,-5.2895913
56674.4506918918,3.091584,-5.2876187
56674.5506918965,3.0915053,-5.2884072
56674.6506919013,3.0914266,-5.28821
56674.750691906,3.091466,-5.2880137
56674.8506919108,3.0913084,-5.2878164
56674.9506919155,3.0913084,-5.2874214
56675.0506919203,3.091151,-5.2870269
56675.150691925,3.0911114,-5.288605
56675.2506919298,3.0910721,-5.2862378
56675.3506919345,3.0909934,-5.288605
56675.4506919393,3.0909147,-5.2891968
56675.5486919439,3.0908754,-5.2872241
56675.592691946,3.4350421,0
56675.6926919508,3.4919374,0
56675.7926919555,3.5033557,0
56675.8926919603,3.5084743,0
56675.992691965,3.5117424,0
56676.0926919698,3.5139866,0
56676.1926919745,3.5158372,0
56676.2926919793,3.5174122,0
56676.392691984,3.5185933,0
56676.4926919888,3.5196171,0
56676.5926919935,3.5206802,0
56676.6926919983,3.5215857,0
56676.792692003,3.5224125,0
56676.8926920078,3.5230033,0
56676.9926920125,3.5238695,0
56677.0926920173,3.5245388,0
56677.192692022,3.5250506,0
56677.2926920268,3.5257201,0
56677.3926920315,3.5262713,0
56677.4926920363,3.5267439,0
56677.592692041,3.5272951,0
56677.6926920458,3.5277281,0
56677.7926920505,3.5282006,0
56677.8926920553,3.5287912,0
56677.99269206,3.5290668,0
56678.0926920648,3.5295,0
56678.1926920695,3.5298543,0
56678.2926920743,3.5302479,0
56678.392692079,3.5305631,0
56678.4926920838,3.5311143,0
56678.5926920885,3.5314293,0
56678.6926920933,3.5318229,0
56678.792692098,3.5320985,0
56678.8926921028,3.5324137,0
56678.9926921075,3.5326498,0
56679.0926921123,3.5330436,0
56679.192692117,3.5333192,0
56679.2926921218,3.5337522,0
56679.3926921265,3.5339098,0
56679.4926921313,3.5341461,0
56679.592692136,3.534658,0
56679.6926921408,3.5348549,0
56679.7926921455,3.5351305,0
56679.8926921503,3.5353665,0
56679.992692155,3.5356817,0
56680.0926921598,3.5358391,0
56680.1926921645,3.5360754,0
56680.2926921693,3.536351,0
56680.392692174,3.5367053,0
56680.4926921788,3.5369022,0
56680.5926921835,3.5371778,0
56680.6926921883,3.5374928,0
56680.792692193,3.5375321,0
56680.8926921978,3.537926,0
56680.9926922025,3.538044,0
56681.0926922073,3.5383592,0
56681.192692212,3.5386348,0
56681.2926922168,3.5387135,0
56681.3926922215,3.5389891,0
56681.4926922263,3.539304,0
56681.592692231,3.539422,0
56681.6926922358,3.5396583,0
56681.7926922405,3.5398552,0
56681.8926922453,3.5400915,0
56681.99269225,3.5402884,0
56682.0926922548,3.5405641,0
56682.1926922595,3.5407608,0
56682.2926922643,3.5408397,0
56682.392692269,3.5411546,0
56682.4926922738,3.5413516,0
56682.5926922785,3.5415089,0
56682.6926922833,3.5416272,0
56682.792692288,3.5419421,0
56682.8926922928,3.5420601,0
56682.9926922975,3.5422964,0
56683.0926923023,3.5424147,0
56683.192692307,3.5426903,0
56683.2926923118,3.5428476,0
56683.3926923165,3.5428476,0
56683.4926923213,3.5432415,0
56683.592692326,3.5433595,0
56683.6926923308,3.5435958,0
56683.7926923355,3.5436745,0
56683.8926923403,3.5438321,0
56683.992692345,3.5439501,0
56684.0926923498,3.5441864,0
56684.1926923545,3.5444226,0
56684.2926923593,3.5445802,0
56684.392692364,3.5446982,0
56684.4926923688,3.5448558,0
56684.5926923735,3.5449345,0
56684.6926923783,3.5452101,0
56684.792692383,3.5453281,0
56684.8926923878,3.5454857,0
56684.9926923925,3.545722,0
56685.0926923973,3.54584,0
56685.192692402,3.5458794,0
56685.2926924068,3.5460763,0
56685.3926924115,3.5462339,0
56685.4926924163,3.5464702,0
56685.592692421,3.5465488,0
56685.6926924258,3.5467062,0
56685.7926924305,3.5469031,0
56685.8926924353,3.5469818,0
56685.99269244,3.5471787,0
56686.0926924448,3.547297,0
56686.1926924495,3.547415,0
56686.2926924543,3.5476513,0
56686.392692459,3.5476906,0
56686.4926924638,3.5479662,0
56686.5926924685,3.5480056,0
56686.6926924733,3.5481238,0
56686.792692478,3.5482812,0
56686.8926924828,3.5483601,0
56686.9926924875,3.5485568,0
56687.0926924923,3.5487931,0
56687.192692497,3.5487931,0
56687.2926925018,3.5489507,0
56687.3926925065,3.54899,0
56687.4926925113,3.549305,0
56687.592692516,3.5493836,0
56687.6926925208,3.5496199,0
56687.7926925255,3.5496593,0
56687.8926925302,3.5497775,0
56687.992692535,3.5498562,0
56688.0926925397,3.5499349,0
56688.1926925445,3.5501318,0
56688.2926925492,3.5502894,0
56688.392692554,3.5502894,0
56688.4926925587,3.550565,0
56688.5926925635,3.5506043,0
56688.6926925682,3.5508406,0
56688.792692573,3.5507617,0
56688.8926925777,3.550998,0
56688.9926925825,3.5511949,0
56689.0926925872,3.5511949,0
56689.192692592,3.5513132,0
56689.2926925967,3.5514312,0
56689.3926926015,3.5516281,0
56689.4926926062,3.5516675,0
56689.592692611,3.5517855,0
56689.6926926157,3.5519431,0
56689.7926926205,3.5521004,0
56689.8926926252,3.5521793,0
56689.99269263,3.5523367,0
56690.0926926347,3.5524549,0
56690.1926926395,3.5524549,0
56690.2926926442,3.5526912,0
56690.392692649,3.5527699,0
56690.4926926537,3.5528879,0
56690.5926926585,3.5529275,0
56690.6926926632,3.5531242,0
56690.792692668,3.5531635,0
56690.8926926727,3.5533211,0
56690.9926926775,3.5533998,0
56691.0926926822,3.5534787,0
56691.192692687,3.5536361,0
56691.2926926917,3.5536754,0
56691.3926926965,3.5537543,0
56691.4926927012,3.553951,0
56691.592692706,3.5540693,0
56691.6926927107,3.5541086,0
56691.7926927155,3.5541873,0
56691.8926927202,3.5544236,0
56691.992692725,3.5544629,0
56692.0926927297,3.5545812,0
56692.1926927345,3.5547779,0
56692.2926927392,3.5546598,0
56692.392692744,3.5548568,0
56692.4926927487,3.5550141,0
56692.5926927535,3.5550535,0
56692.6926927582,3.5550535,0
56692.792692763,3.5551324,0
56692.8926927677,3.5552897,0
56692.9926927725,3.5554473,0
56693.0926927772,3.5556047,0
56693.192692782,3.5557623,0
56693.2926927867,3.5556836,0
56693.3926927915,3.5558016,0
56693.4926927962,3.555841,0
56693.592692801,3.5561166,0
56693.6926928057,3.5561559,0
56693.7926928105,3.5561559,0
56693.8926928152,3.5563529,0
56693.99269282,3.5563529,0
56694.0926928247,3.5564318,0
56694.1926928295,3.5565891,0
56694.2926928342,3.5567467,0
56694.392692839,3.5568254,0
56694.4926928437,3.5568254,0
56694.5926928485,3.5570223,0
56694.6926928532,3.5570617,0
56694.792692858,3.5570223,0
56694.8926928627,3.5571404,0
56694.9926928675,3.557416,0
56695.0926928722,3.557416,0
56695.192692877,3.5576129,0
56695.2926928817,3.5575342,0
56695.3926928865,3.5576129,0
56695.4926928912,3.5577309,0
56695.592692896,3.5578492,0
56695.6926929007,3.5579278,0
56695.7926929055,3.5579278,0
56695.8926929102,3.5579278,0
56695.992692915,3.5582428,0
56696.0926929197,3.5582428,0
56696.1926929245,3.5584004,0
56696.2926929292,3.5585184,0
56696.392692934,3.5585184,0
56696.4926929387,3.5585973,0
56696.5926929435,3.5588334,0
56696.6926929482,3.558794,0
56696.792692953,3.558991,0
56696.8926929577,3.5589123,0
56696.9926929625,3.559109,0
56697.0926929672,3.5590696,0
56697.192692972,3.5591879,0
56697.2926929767,3.5592666,0
56697.3926929815,3.5593846,0
56697.4926929862,3.5592666,0
56697.592692991,3.5595028,0
56697.6926929957,3.5596602,0
56697.7926930005,3.5596602,0
56697.8926930052,3.5598178,0
56697.99269301,3.5598965,0
56698.0926930147,3.5599754,0
56698.1926930195,3.5600934,0
56698.2926930242,3.5600934,0
56698.392693029,3.5601327,0
56698.4926930337,3.5602117,0
56698.5926930385,3.560369,0
56698.6926930432,3.5604477,0
56698.792693048,3.5604873,0
56698.8926930527,3.5604873,0
56698.9926930575,3.560684,0
56699.0926930622,3.5607233,0
56699.192693067,3.5608416,0
56699.2926930717,3.5608022,0
56699.3926930765,3.5609989,0
56699.4926930812,3.5609202,0
56699.592693086,3.5610385,0
56699.6926930907,3.5612352,0
56699.7926930955,3.5613141,0
56699.8926931002,3.5613534,0
56699.992693105,3.5613928,0
56700.0926931097,3.5614715,0
56700.1926931145,3.5615501,0
56700.2926931192,3.5615897,0
56700.392693124,3.5616291,0
56700.4926931287,3.5618653,0
56700.5926931335,3.5618653,0
56700.6926931382,3.561944,0
56700.792693143,3.5619833,0
56700.8926931477,3.5619833,0
56700.9926931525,3.5621803,0
56701.0926931572,3.562259,0
56701.192693162,3.562259,0
56701.2926931667,3.5624166,0
56701.3926931715,3.5623376,0
56701.4926931762,3.5624166,0
56701.592693181,3.5625346,0
56701.6926931857,3.5627315,0
56701.7926931905,3.5626528,0
56701.8926931952,3.5627315,0
56701.9926932,3.5628495,0
56702.0926932047,3.5628889,0
56702.1926932095,3.5629284,0
56702.2926932142,3.5629284,0
56702.392693219,3.5629284,0
56702.4926932237,3.5631645,0
56702.5926932285,3.5632041,0
56702.6926932332,3.5632041,0
56702.792693238,3.5633614,0
56702.8926932427,3.5634797,0
56702.9926932475,3.5633614,0
56703.0926932522,3.563637,0
56703.192693257,3.5636764,0
56703.2926932617,3.5637553,0
56703.3926932665,3.5636764,0
56703.4926932712,3.5638733,0
56703.592693276,3.563834,0
56703.6926932807,3.5640309,0
56703.7926932855,3.5640702,0
56703.8926932902,3.5640702,0
56703.992693295,3.5641489,0
56704.0926932997,3.5641096,0
56704.1926933045,3.5643065,0
56704.2926933092,3.5643852,0
56704.392693314,3.5645032,0
56704.4926933187,3.5643852,0
56704.5926933235,3.5645821,0
56704.6926933282,3.5645821,0
56704.792693333,3.5646608,0
56704.8926933377,3.5647788,0
56704.9926933425,3.5648577,0
56705.0926933472,3.5647395,0
56705.192693352,3.5648577,0
56705.2926933567,3.5649364,0
56705.3926933615,3.565212,0
56705.4926933662,3.565094,0
56705.592693371,3.5652514,0
56705.6926933757,3.5651727,0
56705.7926933805,3.5651727,0
56705.8926933852,3.5654089,0
56705.99269339,3.565527,0
56706.0926933947,3.565527,0
56706.1926933995,3.5655663,0
56706.2926934042,3.565527,0
56706.392693409,3.5656452,0
56706.4926934137,3.5657239,0
56706.5926934185,3.5657632,0
56706.6926934232,3.5658026,0
56706.792693428,3.5658419,0
56706.8926934327,3.5658815,0
56706.9926934375,3.5660782,0
56707.0926934422,3.5660388,0
56707.192693447,3.5661175,0
56707.2926934517,3.5661964,0
56707.3926934565,3.5660782,0
56707.4926934612,3.5662751,0
56707.5926934659,3.5663538,0
56707.6926934707,3.5663145,0
56707.7926934754,3.5665114,0
56707.8926934802,3.5665114,0
56707.9926934849,3.5665507,0
56708.0926934897,3.5667083,0
56708.1926934944,3.5666687,0
56708.2926934992,3.5667477,0
56708.3926935039,3.5668657,0
56708.4926935087,3.5668657,0
56708.5926935134,3.5670233,0
56708.6926935182,3.5670626,0
56708.7926935229,3.5670626,0
56708.8926935277,3.5671413,0
56708.9926935324,3.5671806,0
56709.0926935372,3.56722,0
56709.1926935419,3.56722,0
56709.2926935467,3.5672596,0
56709.3926935514,3.5673382,0
56709.4926935562,3.5674956,0
56709.5926935609,3.5673382,0
56709.6926935657,3.5675352,0
56709.7926935704,3.5674956,0
56709.8926935752,3.5676532,0
56709.9926935799,3.5676925,0
56710.0926935847,3.5676532,0
56710.1926935894,3.5678501,0
56710.2926935942,3.5678108,0
56710.3926935989,3.5678501,0
56710.4926936037,3.5680864,0
56710.5926936084,3.5680075,0
56710.6926936132,3.5680075,0
56710.7926936179,3.5679681,0
56710.8926936227,3.5681651,0
56710.9926936274,3.5681257,0
56711.0926936322,3.5682831,0
56711.1926936369,3.568362,0
56711.2926936417,3.5682831,0
56711.3926936464,3.56848,0
56711.4926936512,3.5684407,0
56711.5926936559,3.5685194,0
56711.6926936607,3.5686376,0
56711.7926936654,3.5685983,0
56711.8926936702,3.5686769,0
56711.9926936749,3.5688739,0
56712.0926936797,3.5687163,0
56712.1926936844,3.5688739,0
56712.2926936892,3.5688739,0
56712.3926936939,3.5689526,0
56712.4926936987,3.5689919,0
56712.5926937034,3.5690706,0
56712.6926937082,3.5691495,0
56712.7926937129,3.5691099,0
56712.8926937177,3.5691495,0
56712.9926937224,3.5691888,0
56713.0926937272,3.5692675,0
56713.1926937319,3.5692675,0
56713.2926937367,3.5694251,0
56713.3926937414,3.5694644,0
56713.4926937462,3.5693855,0
56713.5926937509,3.5695825,0
56713.6926937557,3.5695431,0
56713.7926937604,3.5697007,0
56713.8926937652,3.5696218,0
56713.9926937699,3.5697794,0
56714.0926937747,3.5698187,0
56714.1926937794,3.5698974,0
56714.2926937842,3.569937,0
56714.3926937889,3.570055,0
56714.4926937937,3.5699763,0
56714.5926937984,3.5700157,0
56714.6926938032,3.5700157,0
56714.7926938079,3.5700943,0
56714.8926938127,3.5701337,0
56714.9926938174,3.5702519,0
56715.0926938222,3.5702126,0
56715.1926938269,3.5702913,0
56715.2926938317,3.5704093,0
56715.3926938364,3.5704486,0
56715.4926938412,3.5704486,0
56715.6266938475,3.7501116,0
56715.6286938476,3.7699561,3.8120918
56715.7286938524,3.8845339,3.9633857
56715.8286938571,3.8921726,3.9639773
56715.9286938619,3.8959129,3.9651606
56716.0286938666,3.898551,3.9643718
56716.1286938714,3.9008348,3.9639773
56716.2286938761,3.9025278,3.96378
56716.3286938809,3.9041028,3.9645691
56716.4286938856,3.9055989,3.9641746
56716.5286938904,3.9068983,3.9647664
56716.6286938951,3.908119,3.9643718
56716.7286938999,3.9090638,3.9645691
56716.8286939046,3.9102056,3.9641746
56716.9286939094,3.9111507,3.9655554
56717.0286939141,3.9120955,3.9643718
56717.1286939189,3.9128044,3.9645691
56717.2286939236,3.9137888,3.9649636
56717.3286939284,3.9146156,3.9655554
56717.4286939331,3.9152849,3.9655554
56717.5286939379,3.9161117,3.9645691
56717.6286939426,3.9168205,3.9649636
56717.7286939474,3.917726,3.9627939
56717.8286939521,3.9182379,3.9651606
56717.9286939569,3.9189861,3.9647664
56718.0286939616,3.919498,3.9651606
56718.1286939664,3.9200492,3.9655554
56718.2286939711,3.9207973,3.9649636
56718.3286939759,3.9213879,3.9655554
56718.4286939806,3.9220178,3.9655554
56718.5286939854,3.9226873,3.9655554
56718.6286939901,3.9231203,3.9653579
56718.7286939949,3.9238291,3.9653579
56718.8286939996,3.924262,3.9645691
56718.9286940044,3.9248528,3.9655554
56719.0286940091,3.9253252,3.96378
56719.1286940139,3.9257977,3.9645691
56719.2286940186,3.9264276,3.9639773
56719.3286940234,3.9268608,3.9657527
56719.4286940281,3.9273727,3.9653579
56719.5286940329,3.9279633,3.9641746
56719.6286940376,3.9284751,3.9649636
56719.7286940424,3.9288688,3.9653579
56719.8286940471,3.9293807,3.9651606
56719.9286940519,3.9297745,3.9645691
56720.0286940566,3.9303651,3.9653579
56720.1286940614,3.9307983,3.9645691
56720.2286940661,3.9312706,3.9645691
56720.3286940709,3.9315858,3.9647664
56720.4286940756,3.9321764,3.9655554
56720.5286940804,3.9326093,3.9649636
56720.6286940851,3.9331605,3.9647664
56720.7286940899,3.9334757,3.9655554
56720.8286940946,3.9338694,3.9649636
56720.9286940994,3.9343026,3.9647664
56721.0286941041,3.9347749,3.9647664
56721.1286941089,3.9351687,3.9641746
56721.2286941136,3.9354837,3.9643718
56721.3286941184,3.9360349,3.9641746
56721.4286941231,3.9363105,3.9651606
56721.5286941279,3.9367437,3.9645691
56721.6286941326,3.9371374,3.9649636
56721.7286941374,3.9375706,3.9649636
56721.8286941421,3.9379642,3.96378
56721.9286941469,3.9383185,3.9655554
56722.0286941516,3.938791,3.9649636
56722.1286941564,3.9391456,3.9655554
56722.2286941611,3.9394605,3.9653579
56722.3286941659,3.9398148,3.9653579
56722.4286941706,3.9402874,3.9643718
56722.5286941754,3.9407203,3.9645691
56722.6286941801,3.9408779,3.9651606
56722.7286941849,3.9412322,3.9651606
56722.8286941896,3.9417834,3.9649636
56722.9286941944,3.942138,3.9645691
56723.0286941991,3.9423742,3.9645691
56723.1286942039,3.9427679,3.9645691
56723.2286942086,3.9431615,3.9649636
56723.3286942134,3.943516,3.96595
56723.4286942181,3.9438703,3.9657527
56723.5286942229,3.9442642,3.9649636
56723.6286942276,3.9445791,3.9647664
56723.7286942324,3.9449334,3.9655554
56723.8286942371,3.945406,3.9651606
56723.9286942419,3.9454846,3.9639773
56724.0286942466,3.9459178,3.9643718
56724.1286942514,3.9462328,3.9639773
56724.2286942561,3.9465871,3.9657527
56724.3286942609,3.946981,3.96595
56724.4286942656,3.9471776,3.9647664
56724.5286942704,3.9476109,3.9649636
56724.6286942751,3.9478865,3.9647664
56724.7286942799,3.9482408,3.9645691
56724.8286942846,3.9485557,3.9649636
56724.9286942894,3.9488709,3.9653579
56725.0286942941,3.9492645,3.9645691
56725.1286942989,3.9494615,3.96595
56725.2286943036,3.9498944,3.9645691
56725.3286943084,3.9500127,3.9647664
56725.4286943131,3.9504457,3.9641746
56725.5286943179,3.9507608,3.9651606
56725.6266943225,3.9510758,3.9655554
56725.6706943246,3.678215,0
56725.7706943294,3.6351793,0
56725.8706943341,3.626832,0
56725.9706943389,3.6228948,0
56726.0706943436,3.6204143,0
56726.1706943484,3.6185637,0
56726.2706943531,3.617146,0
56726.3706943579,3.6160042,0
56726.4706943626,3.6149805,0
56726.5706943674,3.6142325,0
56726.6706943721,3.6134844,0
56726.7706943769,3.6128149,0
56726.8706943816,3.6124213,0
56726.9706943864,3.6118701,0
56727.0706943911,3.6114368,0
56727.1706943959,3.610925,0
56727.2706944006,3.610492,0
56727.3706944054,3.6103344,0
56727.4706944101,3.6098225,0
56727.5706944149,3.6095076,0
56727.6706944196,3.6093106,0
56727.7706944244,3.6091139,0
56727.8706944291,3.608799,0
56727.9706944339,3.6085234,0
56728.0706944386,3.6082871,0
56728.1706944434,3.6080508,0
56728.2706944481,3.6080115,0
56728.3706944529,3.6076176,0
56728.4706944576,3.6074996,0
56728.5706944624,3.6074996,0
56728.6706944671,3.6071846,0
56728.7706944719,3.6070664,0
56728.8706944766,3.606909,0
56728.9706944814,3.6067121,0
56729.0706944861,3.6065545,0
56729.1706944908,3.6063972,0
56729.2706944956,3.6063182,0
56729.3706945003,3.6062002,0
56729.4706945051,3.6060033,0
56729.5706945098,3.6058853,0
56729.6706945146,3.605767,0
56729.7706945193,3.605649,0
56729.8706945241,3.605767,0
56729.9706945288,3.6054521,0
56730.0706945336,3.6052551,0
56730.1706945383,3.605334,0
56730.2706945431,3.6051371,0
56730.3706945478,3.6050191,0
56730.4706945526,3.6050191,0
56730.5706945573,3.6049795,0
56730.6706945621,3.6048222,0
56730.7706945668,3.6047828,0
56730.8706945716,3.6045465,0
56730.9706945763,3.6045072,0
56731.0706945811,3.6046252,0
56731.1706945858,3.6043103,0
56731.2706945906,3.6042316,0
56731.3706945953,3.6042316,0
56731.4706946001,3.6041527,0
56731.5706946048,3.604192,0
56731.6706946096,3.6041133,0
56731.7706946143,3.603956,0
56731.8706946191,3.6039953,0
56731.9706946238,3.6038771,0
56732.0706946286,3.6036408,0
56732.1706946333,3.6037197,0
56732.2706946381,3.6036015,0
56732.3706946428,3.6037197,0
56732.4706946476,3.6036015,0
56732.5706946523,3.6034441,0
56732.6706946571,3.6034834,0
56732.7706946618,3.6034048,0
56732.8706946666,3.6032865,0
56732.9706946713,3.6032472,0
56733.0706946761,3.6033258,0
56733.1706946808,3.6031291,0
56733.2706946856,3.6031685,0
56733.3706946903,3.6031291,0
56733.4706946951,3.6030896,0
56733.5706946998,3.6030109,0
56733.6706947046,3.6030109,0
56733.7706947093,3.6029716,0
56733.8706947141,3.6029322,0
56733.9706947188,3.6028929,0
56734.0706947236,3.6027353,0
56734.1706947283,3.602814,0
56734.2706947331,3.6027746,0
56734.3706947378,3.6027353,0
56734.4706947426,3.6025777,0
56734.5706947473,3.6026173,0
56734.6706947521,3.6026566,0
56734.7706947568,3.6024203,0
56734.8706947616,3.6024597,0
56734.9706947663,3.6024597,0
56735.0706947711,3.6024597,0
56735.1706947758,3.6024203,0
56735.2706947806,3.6022627,0
56735.3706947853,3.6024203,0
56735.4706947901,3.6022627,0
56735.5706947948,3.6022627,0
56735.6706947996,3.6022234,0
56735.7706948043,3.6023021,0
56735.8706948091,3.6022234,0
56735.9706948138,3.6021054,0
56736.0706948186,3.6022234,0
56736.1706948233,3.6019478,0
56736.2706948281,3.6021841,0
56736.3706948328,3.602066,0
56736.4706948376,3.6019871,0
56736.5706948423,3.6019871,0
56736.6706948471,3.602066,0
56736.7706948518,3.6018298,0
56736.8706948566,3.6018298,0
56736.9706948613,3.6018691,0
56737.0706948661,3.6017509,0
56737.1706948708,3.6018691,0
56737.2706948756,3.6018298,0
56737.3706948803,3.6017904,0
56737.4706948851,3.6018298,0
56737.5706948898,3.6016722,0
56737.6706948946,3.6016722,0
56737.7706948993,3.6017115,0
56737.8706949041,3.6015935,0
56737.9706949088,3.6016722,0
56738.0706949136,3.6015542,0
56738.1706949183,3.6015542,0
56738.2706949231,3.6015148,0
56738.3706949278,3.6015148,0
56738.4706949326,3.6015542,0
56738.5706949373,3.6014752,0
56738.6706949421,3.6014752,0
56738.7706949468,3.6015542,0
56738.8706949516,3.6013966,0
56738.9706949563,3.6013966,0
56739.0706949611,3.6014359,0
56739.1706949658,3.6013966,0
56739.2706949706,3.6013572,0
56739.3706949753,3.6013179,0
56739.4706949801,3.6013179,0
56739.5706949848,3.6013179,0
56739.6706949896,3.6012392,0
56739.7706949943,3.6013179,0
56739.8706949991,3.6012785,0
56739.9706950038,3.6012392,0
56740.0706950086,3.6011996,0
56740.1706950133,3.6012392,0
56740.2706950181,3.6012392,0
56740.3706950228,3.6010816,0
56740.4706950276,3.6010816,0
56740.5706950323,3.6013179,0
56740.6706950371,3.6011996,0
56740.7706950418,3.6011209,0
56740.8706950466,3.6012392,0
56740.9706950513,3.6010816,0
56741.0706950561,3.6010816,0
56741.1706950608,3.6010423,0
56741.2706950656,3.6011209,0
56741.3706950703,3.6010423,0
56741.4706950751,3.6011603,0
56741.5706950798,3.6011209,0
56741.6706950846,3.6010423,0
56741.7706950893,3.6010423,0
56741.8706950941,3.6010029,0
56741.9706950988,3.600924,0
56742.0706951036,3.6009636,0
56742.1706951083,3.6010029,0
56742.2706951131,3.6010816,0
56742.3706951178,3.6008847,0
56742.4706951226,3.6009636,0
56742.5706951273,3.600806,0
56742.6706951321,3.6009636,0
56742.7706951368,3.6008453,0
56742.8706951416,3.6008453,0
56742.9706951463,3.600924,0
56743.0706951511,3.600924,0
56743.1706951558,3.600806,0
56743.2706951606,3.600924,0
56743.3706951653,3.6008453,0
56743.4706951701,3.600806,0
56743.5706951748,3.6008453,0
56743.6706951796,3.6007667,0
56743.7706951843,3.6007667,0
56743.8706951891,3.6007667,0
56743.9706951938,3.6008847,0
56744.0706951986,3.6007273,0
56744.1706952033,3.6006091,0
56744.2706952081,3.6008847,0
56744.3706952128,3.6007273,0
56744.4706952176,3.6007273,0
56744.5706952223,3.600806,0
56744.6706952271,3.6007667,0
56744.7706952318,3.6007667,0
56744.8706952366,3.6007667,0
56744.9706952413,3.6006091,0
56745.0706952461,3.600806,0
56745.1706952508,3.6006484,0
56745.2706952556,3.6006877,0
56745.3706952603,3.6006091,0
56745.4706952651,3.6006877,0
56745.5706952698,3.6006877,0
56745.6706952746,3.6006484,0
56745.7706952793,3.6006877,0
56745.8706952841,3.6007667,0
56745.9706952888,3.6006484,0
56746.0706952936,3.6006877,0
56746.1706952983,3.6006877,0
56746.2706953031,3.6005697,0
56746.3706953078,3.6007273,0
56746.4706953126,3.6007667,0
56746.5706953173,3.6006091,0
56746.6706953221,3.6006091,0
56746.7706953268,3.6006877,0
56746.8706953316,3.6005697,0
56746.9706953363,3.6005697,0
56747.0706953411,3.6006484,0
56747.1706953458,3.6006484,0
56747.2706953506,3.600491,0
56747.3706953553,3.6006091,0
56747.4706953601,3.6005697,0
56747.5706953648,3.6006091,0
56747.6706953696,3.6006091,0
56747.7706953743,3.6003335,0
56747.8706953791,3.6005697,0
56747.9706953838,3.6006091,0
56748.0706953886,3.6006877,0
56748.1706953933,3.6006091,0
56748.2706953981,3.6005697,0
56748.3706954028,3.600491,0
56748.4706954076,3.6005304,0
56748.5706954123,3.600491,0
56748.6706954171,3.6005304,0
56748.7706954218,3.6005304,0
56748.8706954265,3.6005697,0
56748.9706954313,3.600491,0
56749.070695436,3.6006091,0
56749.1706954408,3.6005304,0
56749.2706954455,3.6005304,0
56749.3706954503,3.6005304,0
56749.470695455,3.6005697,0
56749.5706954598,3.6005697,0
56749.6706954645,3.6004517,0
56749.7706954693,3.6006091,0
56749.870695474,3.6004517,0
56749.9706954788,3.6004517,0
56750.0706954835,3.6003335,0
56750.1706954883,3.600491,0
56750.270695493,3.6005697,0
56750.3706954978,3.600491,0
56750.4706955025,3.6005304,0
56750.5706955073,3.600491,0
56750.670695512,3.6006091,0
56750.7706955168,3.6004517,0
56750.8706955215,3.600491,0
56750.9706955263,3.600491,0
56751.070695531,3.6004517,0
56751.1706955358,3.600491,0
56751.2706955405,3.600491,0
56751.3706955453,3.6004121,0
56751.47069555,3.6005304,0
56751.5706955548,3.6004517,0
56751.6706955595,3.6003728,0
56751.7706955643,3.6003728,0
56751.870695569,3.6004517,0
56751.9706955738,3.6004517,0
56752.0706955785,3.6004121,0
56752.1706955833,3.6004121,0
56752.270695588,3.6004517,0
56752.3706955928,3.6004121,0
56752.4706955975,3.6004121,0
56752.5706956023,3.600491,0
56752.670695607,3.600491,0
56752.7706956118,3.6004517,0
56752.8706956165,3.600491,0
56752.9706956213,3.6004121,0
56753.070695626,3.6004517,0
56753.1706956308,3.6004517,0
56753.2706956355,3.6004517,0
56753.3706956403,3.6005697,0
56753.470695645,3.6004121,0
56753.5706956498,3.600491,0
56753.6706956545,3.6005697,0
56753.7706956593,3.600491,0
56753.870695664,3.6004517,0
56753.9706956688,3.6003728,0
56754.0706956735,3.6005304,0
56754.1706956783,3.6004121,0
56754.270695683,3.6004517,0
56754.3706956878,3.6005697,0
56754.4706956925,3.600491,0
56754.5706956973,3.6004517,0
56754.670695702,3.6003335,0
56754.7706957068,3.6005304,0
56754.8706957115,3.6004517,0
56754.9706957163,3.6004517,0
56755.070695721,3.6004121,0
56755.1706957258,3.6005304,0
56755.2706957305,3.600491,0
56755.3706957353,3.6004517,0
56755.47069574,3.600491,0
56755.5706957448,3.6004121,0
56755.6706957495,3.6004121,0
56755.7706957543,3.600491,0
56755.870695759,3.6004517,0
56755.9706957638,3.600491,0
56756.0706957685,3.6004121,0
56756.1706957733,3.600491,0
56756.270695778,3.600491,0
56756.3706957828,3.6004121,0
56756.4706957875,3.6004517,0
56756.5706957923,3.6005697,0
56756.670695797,3.600491,0
56756.7706958018,3.600491,0
56756.8706958065,3.6004517,0
56756.9706958113,3.600491,0
56757.070695816,3.6005304,0
56757.1706958208,3.6003728,0
56757.2706958255,3.6005304,0
56757.3706958303,3.6004517,0
56757.470695835,3.6004517,0
56757.5706958398,3.6005304,0
56757.6706958445,3.600491,0
56757.7706958493,3.6004517,0
56757.870695854,3.6003728,0
56757.9706958588,3.6004517,0
56758.0706958635,3.600491,0
56758.1706958683,3.6004121,0
56758.270695873,3.6004517,0
56758.3706958778,3.6005304,0
56758.4706958825,3.600491,0
56758.5706958873,3.6003728,0
56758.670695892,3.600491,0
56758.7706958968,3.6006484,0
56758.8706959015,3.6004121,0
56758.9706959063,3.600491,0
56759.070695911,3.6006091,0
56759.1706959158,3.6004517,0
56759.2706959205,3.600491,0
56759.3706959253,3.6006091,0
56759.47069593,3.6005697,0
56759.5706959348,3.600491,0
56759.6706959395,3.6005697,0
56759.7706959443,3.600491,0
56759.870695949,3.6004121,0
56759.9706959538,3.6005304,0
56760.0706959585,3.6005697,0
56760.1706959633,3.6006091,0
56760.270695968,3.6005304,0
56760.3706959728,3.6006091,0
56760.4706959775,3.600491,0
56760.5706959823,3.6005304,0
56760.670695987,3.600491,0
56760.7706959918,3.6006484,0
56760.8706959965,3.600491,0
56760.9706960013,3.6005304,0
56761.070696006,3.6005304,0
56761.1706960108,3.6005697,0
56761.2706960155,3.6005697,0
56761.3706960203,3.6005697,0
56761.470696025,3.6005697,0
56761.5706960298,3.600491,0
56761.6706960345,3.6006877,0
56761.7706960393,3.6005304,0
56761.870696044,3.6006484,0
56761.9706960488,3.6005304,0
56762.0706960535,3.6005697,0
56762.1706960583,3.6006091,0
56762.270696063,3.6006091,0
56762.3706960678,3.6006484,0
56762.4706960725,3.6006091,0
56762.5706960773,3.6006091,0
56762.670696082,3.6007667,0
56762.7706960868,3.6004517,0
56762.8706960915,3.6007273,0
56762.9706960963,3.6006484,0
56763.070696101,3.6006091,0
56763.1706961058,3.6006484,0
56763.2706961105,3.6005304,0
56763.3706961153,3.6006091,0
56763.47069612,3.6006484,0
56763.5706961248,3.6006091,0
56763.6706961295,3.6005697,0
56763.7706961343,3.6007273,0
56763.870696139,3.6006877,0
56763.9706961438,3.6006091,0
56764.0706961485,3.6005697,0
56764.1706961533,3.6006091,0
56764.270696158,3.6006877,0
56764.3706961628,3.6005697,0
56764.4706961675,3.6006484,0
56764.5706961723,3.6006484,0
56764.670696177,3.6007273,0
56764.7706961818,3.6006484,0
56764.8706961865,3.6006484,0
56764.9706961913,3.6006091,0
56765.070696196,3.6005697,0
56765.1706962008,3.6005304,0
56765.2706962055,3.6006484,0
56765.3706962103,3.6005697,0
56765.470696215,3.6006877,0
56765.5706962198,3.6006877,0
56765.7006962259,3.5678108,0
56765.702696226,3.5644639,-0.76873163
56766.7026962735,3.5329254,-0.78411743
56767.702696321,3.5318229,-0.78352576
56768.7026963685,3.5308781,-0.78451196
56769.702696416,3.5301299,-0.78273669
56770.7026964635,3.5295,-0.78392023
56771.702696511,3.5289094,-0.78411743
56772.7026965585,3.52824,-0.78451196
56773.702696606,3.5276887,-0.78431476
56774.7026966535,3.5272555,-0.78372296
56775.702696701,3.526665,-0.78372296
56776.7026967485,3.5261137,-0.78451196
56777.702696796,3.5257201,-0.78352576
56778.7026968435,3.5252476,-0.78293396
56779.702696891,3.524775,-0.78352576
56780.7026969385,3.5243814,-0.78392023
56781.702696986,3.5239482,-0.78392023
56782.7026970335,3.5235152,-0.78273669
56783.702697081,3.5231607,-0.78293396
56784.7026971285,3.5227671,-0.78392023
56785.702697176,3.5222552,-0.78451196
56786.7026972235,3.5219796,-0.78392023
56787.702697271,3.5216646,-0.78313123
56788.7026973185,3.5211134,-0.78392023
56789.702697366,3.5207982,-0.78392023
56790.7026974135,3.5204833,-0.78352576
56791.702697461,3.5201683,-0.78392023
56792.7026975085,3.5198927,-0.78372296
56793.702697556,3.5194201,-0.78352576
56794.7026976035,3.5191839,-0.78392023
56795.702697651,3.5189478,-0.78293396
56796.7026976984,3.5185146,-0.78273669
56797.7026977459,3.518357,-0.78372296
56798.7026977934,3.5180027,-0.78313123
56799.7026978409,3.5175698,-0.78273669
56800.7026978884,3.5174122,-0.78411743
56801.7026979359,3.5170579,-0.78234222
56802.7026979834,3.516861,-0.78411743
56803.7026980309,3.516546,-0.78313123
56804.7026980784,3.5163097,-0.78332843
56805.7026981259,3.5160341,-0.78392023
56806.7026981734,3.5157585,-0.78411743
56807.7026982209,3.515404,-0.78431476
56808.7026982684,3.5152466,-0.78293396
56809.7026983159,3.5148528,-0.78392023
56810.7026983634,3.5145772,-0.78372296
56811.7026984109,3.5143805,-0.78352576
56812.7026984584,3.5140655,-0.78293396
56813.7026985059,3.5138292,-0.78431476
56814.7026985534,3.5135536,-0.78273669
56815.7026986009,3.5133567,-0.78273669
56816.7026986484,3.5131598,-0.78372296
56817.7026986959,3.5129628,-0.78293396
56818.7026987434,3.5126085,-0.78372296
56819.7026987909,3.5124116,-0.78392023
56820.7026988384,3.5122149,-0.7856955
56821.7026988859,3.5118999,-0.78352576
56822.7026989334,3.5117424,-0.78530096
56823.7026989809,3.5115848,-0.78352576
56824.7026990284,3.5113091,-0.78194769
56825.7026990759,3.5110729,-0.78392023
56826.7026991234,3.5107973,-0.78313123
56827.7026991709,3.5106792,-0.78332843
56828.7026992184,3.5104036,-0.78431476
56829.7026992659,3.5102856,-0.78490649
56830.7026993134,3.5100493,-0.78431476
56831.7026993609,3.5098524,-0.78451196
56832.7026994084,3.5096555,-0.78392023
56833.7026994559,3.5094192,-0.78273669
56834.7026995034,3.5091829,-0.78372296
56835.7026995508,3.5089073,-0.78332843
56836.7026995983,3.5088286,-0.78372296
56837.7026996458,3.5086317,-0.78273669
56838.7026996933,3.5085137,-0.78273669
56839.7026997408,3.5080805,-0.78352576
56840.7026997883,3.5079231,-0.78372296
56841.7026998358,3.5078049,-0.78332843
56842.7026998833,3.5076869,-0.78392023
56843.7026999308,3.5075293,-0.78332843
56844.7026999783,3.507293,-0.78332843
56845.7027000258,3.5072143,-0.78273669
56846.7027000733,3.5068994,-0.78352576
56847.7027001208,3.5066631,-0.78372296
56848.7027001683,3.5065451,-0.78530096
56849.7027002158,3.5063481,-0.78352576
56850.7027002633,3.5062299,-0.78352576
56851.7027003108,3.5060725,-0.78352576
56852.7027003583,3.5059938,-0.78352576
56853.7027004058,3.5057576,-0.78372296
56854.7027004533,3.5055213,-0.78352576
56855.7027005008,3.5055606,-0.78293396
56856.7027005483,3.505167,-0.78470929
56857.7027005958,3.5050488,-0.78470929
56858.7027006433,3.5048914,-0.78372296
56859.7027006908,3.5048125,-0.78490649
56860.7027007383,3.5045762,-0.78411743
56861.7027007858,3.5044582,-0.78392023
56862.7027008333,3.5043006,-0.78411743
56863.7027008808,3.5041432,-0.78490649
56864.7027009283,3.5038676,-0.78352576
56865.7027009758,3.5038283,-0.78392023
56866.7027010233,3.5035527,-0.78313123
56867.7027010708,3.5035131,-0.78293396
56868.7027011183,3.5032375,-0.78332843
56869.7027011658,3.5033164,-0.78431476
56870.7027012133,3.5030408,-0.78392023
56871.7027012608,3.5028439,-0.78332843
56872.7027013083,3.5027258,-0.78332843
56873.7027013558,3.5026076,-0.78392023
56874.7027014032,3.5024107,-0.78352576
56875.7027014507,3.5022926,-0.78392023
56876.7027014982,3.5022533,-0.78313123
56877.7027015457,3.502017,-0.78392023
56878.7027015932,3.502017,-0.7821449
56879.7027016407,3.5017807,-0.78431476
56880.7027016882,3.5016232,-0.78313123
56881.7027017357,3.5013871,-0.78194769
56882.7027017832,3.5012689,-0.78392023
56883.7027018307,3.5011902,-0.78352576
56884.7027018782,3.5009146,-0.78431476
56885.7027019257,3.5009146,-0.78332843
56886.7027019732,3.5008752,-0.78293396
56887.7027020207,3.5007176,-0.78293396
56888.7027020682,3.5005207,-0.78352576
56889.7027021157,3.5004027,-0.78431476
56890.7027021632,3.5001664,-0.78352576
56891.7027022107,3.5002451,-0.78273669
56892.7027022582,3.4999695,-0.78293396
56893.7027023057,3.4999301,-0.78293396
56894.7027023532,3.4997332,-0.78411743
56895.7027024007,3.4996939,-0.78431476
56896.7027024482,3.4994183,-0.78411743
56897.7027024957,3.4993789,-0.78372296
56898.7027025432,3.4992216,-0.78372296
56899.7027025907,3.499064,-0.78332843
56900.7027026382,3.498946,-0.78490649
56901.7027026857,3.498867,-0.78293396
56902.7027027332,3.4987097,-0.78332843
56903.7027027807,3.4985521,-0.78372296
56904.7027028282,3.4984734,-0.78411743
56905.7027028757,3.4983945,-0.78431476
56906.7027029232,3.4982765,-0.78273669
56907.7027029707,3.4980795,-0.78352576
56908.7027030182,3.4979615,-0.78392023
56909.7027030657,3.4979222,-0.78392023
56910.7027031132,3.4977646,-0.78372296
56911.7027031607,3.4977252,-0.7821449
56912.7027032082,3.497489,-0.78431476
56913.7027032556,3.497371,-0.78372296
56914.7027033031,3.4972134,-0.78549829
56915.7027033506,3.4972134,-0.78313123
56916.7027033981,3.497056,-0.78273669
56917.7027034456,3.4968984,-0.78352576
56918.7027034931,3.4968984,-0.78352576
56919.7027035406,3.4967015,-0.78273669
56920.7027035881,3.4966228,-0.78470929
56921.7027036356,3.4964652,-0.78431476
56922.7027036831,3.4964259,-0.78332843
56923.7027037306,3.4963472,-0.78293396
56924.7027037781,3.4962685,-0.78332843
56925.7027038256,3.4961896,-0.78392023
56926.7027038731,3.4961109,-0.78372296
56927.7027039206,3.495796,-0.78313123
56928.7027039681,3.495796,-0.78431476
56929.7027040156,3.4956777,-0.78234222
56930.7027040631,3.4955204,-0.78253943
56931.7027041106,3.4954021,-0.78273669
56932.7027041581,3.4953234,-0.78372296
56933.7027042056,3.4952841,-0.78451196
56934.7027042531,3.4951265,-0.78470929
56935.7027043006,3.4949691,-0.78470929
56936.7027043481,3.4948902,-0.78392023
56937.7027043956,3.4948115,-0.78253943
56938.7027044431,3.4946935,-0.78352576
56939.7027044906,3.4945359,-0.78470929
56940.7027045381,3.4943786,-0.78352576
56941.7027045856,3.4942603,-0.78313123
56942.7027046331,3.4942997,-0.78352576
56943.7027046806,3.4941423,-0.78313123
56944.7027047281,3.494024,-0.78352576
56945.7027047756,3.4938273,-0.78392023
56946.7027048231,3.493906,-0.78431476
56947.7027048706,3.4937091,-0.78392023
56948.7027049181,3.4937878,-0.78332843
56949.7027049656,3.4935122,-0.78431476
56950.7027050131,3.4934728,-0.78352576
56951.7027050606,3.4932759,-0.78352576
56952.7027051081,3.4931579,-0.78411743
56953.7027051555,3.4930792,-0.78411743
56954.702705203,3.4930792,-0.78372296
56955.7027052505,3.4929216,-0.78392023
56956.702705298,3.4926853,-0.78313123
56957.7027053455,3.4928036,-0.78332843
56958.702705393,3.492646,-0.78352576
56959.7027054405,3.4925673,-0.78372296
56960.702705488,3.4924097,-0.78332843
56961.7027055355,3.492449,-0.78372296
56962.702705583,3.4922917,-0.78352576
56963.7027056305,3.4921341,-0.78332843
56964.702705678,3.4920554,-0.78431476
56965.7027057255,3.4919767,-0.78530096
56966.702705773,3.4918978,-0.78372296
56967.7027058205,3.4917798,-0.78392023
56968.702705868,3.4916618,-0.78352576
56969.7027059155,3.4917011,-0.78352576
56970.702705963,3.4915042,-0.78372296
56971.7027060105,3.4914255,-0.78332843
56972.702706058,3.4913073,-0.78451196
56973.7027061055,3.4911892,-0.78431476
56974.702706153,3.4910316,-0.78293396
56975.7027062005,3.491071,-0.78293396
56976.702706248,3.4909136,-0.78313123
56977.7027062955,3.4908743,-0.78352576
56978.702706343,3.4907954,-0.78431476
56979.7027063905,3.4907167,-0.78293396
56980.702706438,3.4905591,-0.78372296
56981.7027064855,3.4904411,-0.78411743
56982.702706533,3.4904017,-0.78313123
56983.7027065805,3.4903624,-0.78411743
56984.702706628,3.4901655,-0.78392023
56985.7027066755,3.4900475,-0.78411743
56986.702706723,3.4900079,-0.78332843
56987.7027067705,3.4899292,-0.78411743
56988.702706818,3.4898899,-0.78411743
56989.7027068655,3.4896536,-0.78273669
56990.702706913,3.4896929,-0.78411743
56991.7027069605,3.4896142,-0.78332843
56992.7027070079,3.489496,-0.78273669
56993.7027070554,3.489378,-0.78332843
56994.7027071029,3.4893386,-0.78510376
56995.7027071504,3.489181,-0.78372296
56996.7027071979,3.4891024,-0.78530096
56997.7027072454,3.4889054,-0.78293396
56998.7027072929,3.4889843,-0.78273669
56999.7027073404,3.4889448,-0.78411743
57000.7027073879,3.4888268,-0.78234222
57001.7027074354,3.4886298,-0.7856955
57002.7027074829,3.4886298,-0.78372296
57003.7027075304,3.4885118,-0.78431476
57004.7027075779,3.4885118,-0.7856955
57005.7027076254,3.4882755,-0.78392023
57006.7027076729,3.4882362,-0.78313123
57007.7027077204,3.4883149,-0.78470929
57008.7027077679,3.4881968,-0.78431476
57009.7027078154,3.4880786,-0.78392023
57010.7027078629,3.4879999,-0.78332843
57011.7027079104,3.4878819,-0.78451196
57012.7027079579,3.487803,-0.78293396
57013.7027080054,3.4877243,-0.78431476
57014.7027080529,3.4876456,-0.78431476
57015.7027081004,3.4875274,-0.78431476
57016.7027081479,3.4874094,-0.78392023
57017.7027081954,3.4873304,-0.78372296
57018.7027082429,3.4872518,-0.78313123
57019.7027082904,3.4872124,-0.78352576
57020.7027083379,3.4870155,-0.78332843
57021.7027083854,3.4869368,-0.78392023
57022.7027084329,3.4868188,-0.78352576
57023.7027084804,3.4868581,-0.78352576
57024.7027085279,3.4867792,-0.78352576
57025.7027085754,3.4867005,-0.78411743
57026.7027086229,3.4865432,-0.78451196
57027.7027086704,3.4864643,-0.78372296
57028.7027087179,3.4862676,-0.78530096
57029.7027087654,3.4863856,-0.78372296
57030.7027088129,3.4862676,-0.78352576
57031.7027088603,3.4861887,-0.78392023
57032.7027089078,3.48611,-0.78273669
57033.7027089553,3.48611,-0.78313123
57034.7027090028,3.4859524,-0.78372296
57035.7027090503,3.4858344,-0.78392023
57036.7027090978,3.4858737,-0.78609003
57037.7027091453,3.4857557,-0.78372296
57038.7027091928,3.4855587,-0.78411743
57039.7027092403,3.4855194,-0.78411743
57040.7027092878,3.4854405,-0.78332843
57041.7027093353,3.4853225,-0.78431476
57042.7027093828,3.4853225,-0.78332843
57043.7027094303,3.4852045,-0.78411743
57044.7027094778,3.4851255,-0.78372296
57045.7027095253,3.4852045,-0.78411743
57046.7027095728,3.4850075,-0.78451196
57047.7027096203,3.4850469,-0.78372296
57048.7027096678,3.4848106,-0.78352576
57049.7027097153,3.4847319,-0.7821449
57050.7027097628,3.4846926,-0.78253943
57051.7027098103,3.4846137,-0.78332843
57052.7027098578,3.4844956,-0.78392023
57053.7027099053,3.4844956,-0.78431476
57054.7027099528,3.484535,-0.78411743
57055.7027100003,3.4842987,-0.78352576
57056.7027100478,3.4842594,-0.78313123
57057.7027100953,3.4841413,-0.78451196
57058.7027101428,3.4840624,-0.78372296
57059.7027101903,3.4839444,-0.78293396
57060.7027102378,3.4839051,-0.78332843
57061.7027102853,3.4839051,-0.78451196
57062.7027103328,3.4838262,-0.78431476
57063.7027103803,3.4837868,-0.78352576
57064.7027104278,3.4836295,-0.78372296
57065.7027104753,3.4835505,-0.78411743
57066.7027105228,3.4834325,-0.78392023
57067.7027105703,3.4833932,-0.78530096
57068.7027106178,3.4833539,-0.78451196
57069.7027106653,3.4832749,-0.78352576
57070.7027107127,3.4831569,-0.78352576
57071.7027107602,3.4830782,-0.78392023
57072.7027108077,3.4829206,-0.78431476
57073.7027108552,3.4829206,-0.78293396
57074.7027109027,3.4827633,-0.78372296
57075.7027109502,3.482842,-0.78352576
57076.7027109977,3.4826844,-0.78352576
57077.7027110452,3.4827237,-0.78431476
57078.7027110927,3.4826057,-0.78352576
57079.7027111402,3.482527,-0.78352576
57080.7027111877,3.4824877,-0.78490649
57081.7027112352,3.4823301,-0.78332843
57082.7027112827,3.4822121,-0.78273669
57083.7027113302,3.4821725,-0.78431476
57084.7027113777,3.4820938,-0.78392023
57085.7027114252,3.4821332,-0.78431476
57086.7027114727,3.4820545,-0.78293396
57087.7027115202,3.4817789,-0.78411743
57088.7027115677,3.4818575,-0.78411743
57089.7027116152,3.4816606,-0.78431476
57090.7027116627,3.4817002,-0.78411743
57091.7027117102,3.4816213,-0.78293396
57092.7027117577,3.4815426,-0.78392023
57093.7027118052,3.4815032,-0.78431476
57094.7027118527,3.4814639,-0.78372296
57095.7027119002,3.4812276,-0.78431476
57096.7027119477,3.4812276,-0.78352576
57097.7027119952,3.481149,-0.78392023
57098.7027120427,3.481149,-0.78431476
57099.7027120902,3.4809914,-0.78372296
57100.7027121377,3.4809914,-0.78253943
57101.7027121852,3.480952,-0.78332843
57102.7027122327,3.4807551,-0.78293396
57103.7027122802,3.4807158,-0.78411743
57104.7027123277,3.4806764,-0.78352576
57105.7027123752,3.4806371,-0.78431476
57106.7027124227,3.4804401,-0.78194769
57107.7027124702,3.4804401,-0.78431476
57108.7027125177,3.4803219,-0.78332843
57109.7027125651,3.4802432,-0.78372296
57110.7027126126,3.4802432,-0.78392023
57111.7027126601,3.4801645,-0.78293396
57112.7027127076,3.4801252,-0.78273669
57113.7027127551,3.4799283,-0.78313123
57114.7027128026,3.4799676,-0.78293396
57115.7027128501,3.4798889,-0.78411743
57116.7027128976,3.4797707,-0.78332843
57117.7027129451,3.4798102,-0.78352576
57118.7027129926,3.4796133,-0.78451196
57119.7027130401,3.479574,-0.78490649
57120.7027130876,3.479574,-0.78352576
57121.7027131351,3.4794557,-0.78352576
57122.7027131826,3.4793377,-0.78352576
57123.7027132301,3.4792194,-0.78411743
57124.7027132776,3.4792984,-0.78332843
57125.7027133251,3.4792194,-0.78313123
57126.7027133726,3.4790621,-0.78332843
57127.7027134201,3.4791014,-0.78510376
57128.7027134676,3.4789438,-0.78273669
57129.7027135151,3.4788651,-0.78431476
57130.7027135626,3.4787865,-0.78470929
57131.7027136101,3.4787078,-0.78411743
57132.7027136576,3.4785895,-0.78293396
57133.7027137051,3.4786289,-0.78372296
57134.7027137526,3.4785109,-0.78411743
57135.7027138001,3.4784319,-0.78411743
57136.7027138476,3.4785109,-0.78372296
57137.7027138951,3.4784319,-0.78332843
57138.7027139426,3.4782746,-0.78352576
57139.7027139901,3.4781563,-0.78431476
57140.7027140376,3.4781959,-0.78293396
57141.7027140851,3.4780777,-0.78352576
57142.7027141326,3.4778807,-0.78392023
57143.7027141801,3.4778414,-0.78352576
57144.7027142276,3.4778807,-0.78392023
57145.7027142751,3.4776447,-0.78332843
57146.7027143226,3.4776447,-0.78411743
57147.7027143701,3.4776447,-0.78490649
57148.7027144176,3.4776051,-0.78332843
57149.702714465,3.4774477,-0.78392023
57150.7027145125,3.4774084,-0.78234222
57151.70271456,3.4772902,-0.78392023
57152.7027146075,3.4773295,-0.78431476
57153.702714655,3.4772508,-0.78372296
57154.7027147025,3.4771721,-0.78313123
57155.70271475,3.4770935,-0.78253943
57156.7027147975,3.4770145,-0.78332843
57157.702714845,3.4770539,-0.78372296
57158.7027148925,3.4768572,-0.78313123
57159.70271494,3.4768178,-0.78253943
57160.7027149875,3.4767783,-0.78332843
57161.702715035,3.4766996,-0.78392023
57162.7027150825,3.4765816,-0.78470929
57163.70271513,3.4764633,-0.78273669
57164.7027151775,3.476542,-0.78332843
57165.702715225,3.4765027,-0.78352576
57166.7027152725,3.4763453,-0.78372296
57167.70271532,3.476306,-0.78392023
57168.7027153675,3.476227,-0.78372296
57169.702715415,3.4761484,-0.78313123
57170.7027154625,3.4760697,-0.78431476
57171.70271551,3.4759908,-0.78293396
57172.7027155575,3.4759514,-0.78352576
57173.702715605,3.4759121,-0.78273669
57174.7027156525,3.4758728,-0.78293396
57175.7027157,3.4758334,-0.78392023
57176.7027157475,3.4756758,-0.78313123
57177.702715795,3.4756365,-0.78352576
57178.7027158425,3.4755971,-0.78313123
57179.70271589,3.4754791,-0.78332843
57180.7027159375,3.4753609,-0.78372296
57181.702715985,3.4753215,-0.78470929
57182.7027160325,3.4753215,-0.78372296
57183.70271608,3.4752035,-0.78372296
57184.7027161275,3.4752035,-0.78510376
57185.702716175,3.4751246,-0.78490649
57186.7027162225,3.4751246,-0.78431476
57187.70271627,3.4749279,-0.78352576
57188.7027163174,3.4749279,-0.78352576
57189.7027163649,3.474849,-0.78451196
57190.7027164124,3.4747703,-0.78352576
57191.7027164599,3.474731,-0.78313123
57192.7027165074,3.4745734,-0.78411743
57193.7027165549,3.4745734,-0.78352576
57194.7027166024,3.474534,-0.78313123
57195.7027166499,3.4744554,-0.78332843
57196.7027166974,3.4742978,-0.78392023
57197.7027167449,3.4743764,-0.78332843
57198.7027167924,3.4742978,-0.78352576
57199.7027168399,3.4742584,-0.78392023
57200.7027168874,3.4741404,-0.78431476
57201.7027169349,3.4740615,-0.78273669
57202.7027169824,3.4739828,-0.78313123
57203.7027170299,3.4740222,-0.78194769
57204.7027170774,3.4739435,-0.78411743
57205.7027171249,3.4738252,-0.78392023
57206.7027171724,3.4737072,-0.78392023
57207.7027172199,3.4736679,-0.78411743
57208.7027172674,3.4736285,-0.78392023
57209.7027173149,3.4735892,-0.78530096
57210.7027173624,3.4734316,-0.78293396
57211.7027174099,3.4735103,-0.78431476
57212.7027174574,3.4733529,-0.78313123
57213.7027175049,3.4733136,-0.78352576
57214.7027175524,3.4733136,-0.78352576
57215.7027175999,3.4731953,-0.78411743
57216.7027176474,3.473156,-0.78332843
57217.7027176949,3.4731166,-0.78392023
57218.7027177424,3.4729984,-0.78470929
57219.7027177899,3.4728017,-0.78313123
57220.7027178374,3.472841,-0.78313123
57221.7027178849,3.4727621,-0.78372296
57222.7027179324,3.4725654,-0.78372296
57223.7027179799,3.4726048,-0.78372296
57224.7027180274,3.4726048,-0.78451196
57225.7027180749,3.4724078,-0.7821449
57226.7027181224,3.4724865,-0.78372296
57227.7027181698,3.4724472,-0.78332843
57228.7027182173,3.4723291,-0.78293396
57229.7027182648,3.4722109,-0.78411743
57230.7027183123,3.4721322,-0.78372296
57231.7027183598,3.4721715,-0.78332843
57232.7027184073,3.4720535,-0.78392023
57233.7027184548,3.4718959,-0.78313123
57234.7027185023,3.4719748,-0.78392023
57235.7027185498,3.4718566,-0.78431476
57236.7027185973,3.4718173,-0.78431476
57237.7027186448,3.4717386,-0.78372296
57238.7027186923,3.4716992,-0.78313123
57239.7027187398,3.4716992,-0.78352576
57240.7027187873,3.4715416,-0.78332843
57241.7027188348,3.4715023,-0.78530096
57242.7027188823,3.4715416,-0.78411743
57243.7027189298,3.4713447,-0.78293396
57244.7027189773,3.471266,-0.78392023
57245.7027190248,3.4711084,-0.78313123
57246.7027190723,3.4712267,-0.78313123
57247.7027191198,3.471148,-0.78392023
57248.7027191673,3.4710298,-0.78352576
57249.7027192148,3.4710298,-0.78431476
57250.7027192623,3.4709117,-0.78313123
57251.7027193098,3.4708722,-0.78273669
57252.7027193573,3.4708722,-0.78293396
57253.7027194048,3.4707935,-0.78510376
57254.7027194523,3.4707541,-0.78411743
57255.7027194998,3.4705572,-0.78293396
57256.7027195473,3.4705966,-0.78352576
57257.7027195948,3.4705179,-0.78431476
57258.7027196423,3.4704785,-0.78332843
57259.7027196898,3.4704392,-0.78372296
57260.7027197373,3.4703209,-0.78352576
57261.7027197848,3.4703605,-0.78293396
57262.7027198323,3.4701636,-0.78313123
57263.7027198798,3.4701242,-0.78332843
57264.7027199273,3.4700849,-0.78332843
57265.7027199748,3.470006,-0.78431476
57266.7027200222,3.4699273,-0.78273669
57267.7027200697,3.469888,-0.78313123
57268.7027201172,3.4698486,-0.78313123
57269.7027201647,3.4697304,-0.78313123
57270.7027202122,3.4697697,-0.78332843
57271.7027202597,3.4696124,-0.78352576
57272.7027203072,3.4695337,-0.78352576
57273.7027203547,3.4695337,-0.78451196
57274.7027204022,3.4694154,-0.78332843
57275.7027204497,3.4694154,-0.78313123
57276.7027204972,3.4693761,-0.78352576
57277.7027205447,3.4692581,-0.78293396
57278.7027205922,3.4691792,-0.78352576
57279.7027206397,3.4692185,-0.78372296
57280.7027206872,3.4691005,-0.78431476
57281.7027207347,3.4689035,-0.78332843
57282.7027207822,3.4689429,-0.78332843
57283.7027208297,3.4688642,-0.78372296
57284.7027208772,3.4689429,-0.78273669
57285.7027209247,3.4687462,-0.78352576
57286.7027209722,3.4687855,-0.78253943
57287.7027210197,3.4686673,-0.78372296
57288.7027210672,3.4686279,-0.78293396
57289.7027211147,3.4685099,-0.78352576
57290.7027211622,3.4683917,-0.78234222
57291.7027212097,3.4685099,-0.78352576
57292.7027212572,3.468431,-0.78352576
57293.7027213047,3.468313,-0.78234222
57294.7027213522,3.4682736,-0.78352576
57295.7027213997,3.468116,-0.78293396
57296.7027214472,3.468116,-0.78470929
57297.7027214947,3.468116,-0.78273669
57298.7027215422,3.4679587,-0.78332843
57299.7027215897,3.4679193,-0.78431476
57300.7027216372,3.4678798,-0.78352576
57301.7027216847,3.4677224,-0.78273669
57302.7027217322,3.4678011,-0.78313123
57303.7027217797,3.4676831,-0.78372296
57304.7027218272,3.4675255,-0.78372296
57305.7027218747,3.4675648,-0.78332843
57306.7027219221,3.4674861,-0.78372296
57307.7027219696,3.4675255,-0.78332843
57308.7027220171,3.4674075,-0.78451196
57309.7027220646,3.4673285,-0.78352576
57310.7027221121,3.4672105,-0.78332843
57311.7027221596,3.4670923,-0.78332843
57312.7027222071,3.4670923,-0.78332843
57313.7027222546,3.4670923,-0.7821449
57314.7027223021,3.4670923,-0.78530096
57315.7027223496,3.4669743,-0.78431476
57316.7027223971,3.4669743,-0.78372296
57317.7027224446,3.4668562,-0.78431476
57318.7027224921,3.4667773,-0.78549829
57319.7027225396,3.466738,-0.78313123
57320.7027225871,3.4666593,-0.78372296
57321.7027226346,3.4665411,-0.78372296
57322.7027226821,3.4665411,-0.78352576
57323.7027227296,3.4665017,-0.78372296
57324.7027227771,3.466423,-0.78332843
57325.7027228246,3.4663837,-0.78392023
57326.7027228721,3.4663837,-0.78490649
57327.7027229196,3.4662261,-0.78313123
57328.7027229671,3.4661474,-0.78352576
57329.7027230146,3.4660687,-0.78392023
57330.7027230621,3.4660687,-0.7858927
57331.7027231096,3.4661081,-0.78431476
57332.7027231571,3.4659898,-0.78470929
57333.7027232046,3.4659111,-0.78431476
57334.7027232521,3.4658718,-0.78332843
57335.7027232996,3.4657931,-0.78372296
57336.7027233471,3.4657931,-0.78392023
57337.7027233946,3.4655962,-0.78392023
57338.7027234421,3.4656355,-0.78352576
57339.7027234896,3.4655962,-0.78372296
57340.7027235371,3.4655175,-0.78490649
57341.7027235846,3.4653993,-0.78352576
57342.7027236321,3.4653993,-0.78293396
57343.7027236796,3.4653599,-0.78332843
57344.7027237271,3.4652812,-0.78352576
57345.7027237745,3.4652023,-0.78411743
57346.702723822,3.4651237,-0.78490649
57347.7027238695,3.4650056,-0.78470929
57348.702723917,3.465045,-0.78253943
57349.7027239645,3.4648874,-0.78549829
57350.702724012,3.4650056,-0.78293396
57351.7027240595,3.464848,-0.78352576
57352.702724107,3.4648087,-0.78451196
57353.7027241545,3.4646907,-0.78273669
57354.702724202,3.4646511,-0.78332843
57355.7027242495,3.4646907,-0.78411743
57356.702724297,3.4644938,-0.78510376
57357.7027243445,3.4644938,-0.78451196
57358.702724392,3.4644544,-0.78332843
57359.7027244395,3.4643755,-0.78352576
57360.702724487,3.4644151,-0.78253943
57361.7027245345,3.4642181,-0.78372296
57362.702724582,3.4641788,-0.78470929
57363.7027246295,3.4640999,-0.78332843
57364.702724677,3.4640605,-0.78313123
57365.7027247245,3.4639819,-0.78234222
57366.702724772,3.4640212,-0.78451196
57367.7027248195,3.4638638,-0.78234222
57368.702724867,3.4639032,-0.78411743
57369.7027249145,3.4637456,-0.78411743
57370.702724962,3.4638243,-0.78451196
57371.7027250095,3.4637063,-0.78293396
57372.702725057,3.463588,-0.7821449
57373.7027251045,3.4636669,-0.78332843
57374.702725152,3.4635093,-0.78411743
57375.7027251995,3.463588,-0.78332843
57376.702725247,3.4634306,-0.78293396
57377.7027252945,3.4633124,-0.78490649
57378.702725342,3.463273,-0.78431476
57379.7027253895,3.4632337,-0.78352576
57380.702725437,3.4630764,-0.78411743
57381.7027254845,3.4630764,-0.78411743
57382.702725532,3.4630764,-0.78392023
57383.7027255795,3.4629581,-0.78411743
57384.7027256269,3.4628401,-0.78293396
57385.7027256744,3.4628794,-0.78372296
57386.7027257219,3.4628401,-0.78352576
57387.7027257694,3.4627218,-0.78490649
57388.7027258169,3.4626038,-0.78313123
57389.7027258644,3.4626038,-0.78392023
57390.7027259119,3.4624462,-0.78411743
57391.7027259594,3.4624462,-0.78313123
57392.7027260069,3.4624856,-0.78372296
57393.7027260544,3.4623282,-0.78352576
57394.7027261019,3.4624069,-0.78451196
57395.7027261494,3.4622099,-0.78451196
57396.7027261969,3.4622495,-0.78352576
57397.7027262444,3.4621313,-0.78293396
57398.7027262919,3.4621313,-0.78530096
57399.7027263394,3.4620132,-0.78372296
57400.7027263869,3.4619739,-0.78293396
57401.7027264344,3.4618556,-0.78273669
57402.7027264819,3.461895,-0.78490649
57403.7027265294,3.4618556,-0.78431476
57404.7027265769,3.4617376,-0.78372296
57405.7027266244,3.4616981,-0.78411743
57406.7027266719,3.4616194,-0.78293396
57407.7027267194,3.4616194,-0.78431476
57408.7027267669,3.4616194,-0.78431476
57409.7027268144,3.4615014,-0.78332843
57410.7027268619,3.4614224,-0.78372296
57411.7027269094,3.4613831,-0.78372296
57412.7027269569,3.4613438,-0.78451196
57413.7027270044,3.4611864,-0.78411743
57414.7027270519,3.4612257,-0.78332843
57415.7027270994,3.4611468,-0.78431476
57416.7027271469,3.4610682,-0.78411743
57417.7027271944,3.4609895,-0.78332843
57418.7027272419,3.4608712,-0.78313123
57419.7027272894,3.4608712,-0.78470929
57420.7027273369,3.4608712,-0.78411743
57421.7027273844,3.4608319,-0.78372296
57422.7027274319,3.4607139,-0.78352576
57423.7027274793,3.4607925,-0.78451196
57424.7027275268,3.4605563,-0.78293396
57425.7027275743,3.4606352,-0.78549829
57426.7027276218,3.4605169,-0.7856955
57427.7027276693,3.4604383,-0.78313123
57428.7027277168,3.4603989,-0.78470929
57429.7027277643,3.4602807,-0.7856955
57430.7027278118,3.4603596,-0.78530096
57431.7027278593,3.46032,-0.78293396
57432.7027279068,3.4602413,-0.7856955
57433.7027279543,3.4601233,-0.78313123
57434.7027280018,3.4601233,-0.78372296
57435.7027280493,3.4599264,-0.78372296
57436.7027280968,3.460005,-0.78431476
57437.7027281443,3.459887,-0.78273669
57438.7027281918,3.4599264,-0.78372296
57439.7027282393,3.4597294,-0.78411743
57440.7027282868,3.4597688,-0.78431476
57441.7027283343,3.4596114,-0.78273669
57442.7027283818,3.4596508,-0.78313123
57443.7027284293,3.4595721,-0.78372296
57444.7027284768,3.4594932,-0.78372296
57445.7027285243,3.4595325,-0.78372296
57446.7027285718,3.4593358,-0.78411743
57447.7027286193,3.4593358,-0.78332843
57448.7027286668,3.4593358,-0.78431476
57449.7027287143,3.4591782,-0.78352576
57450.7027287618,3.4590995,-0.78352576
57451.7027288093,3.4590602,-0.78332843
57452.7027288568,3.4590602,-0.78313123
57453.7027289043,3.4589419,-0.78352576
57454.7027289518,3.4589026,-0.78392023
57455.7027289993,3.4589419,-0.78293396
57456.7027290468,3.4587846,-0.78293396
57457.7027290943,3.4587057,-0.78490649
57458.7027291418,3.4585876,-0.78293396
57459.7027291893,3.4585876,-0.78392023
57460.7027292368,3.4585483,-0.78392023
57461.7027292843,3.4586663,-0.78392023
57462.7027293318,3.458509,-0.78411743
57463.7027293792,3.4584301,-0.78352576
57464.7027294267,3.4584696,-0.78392023
57465.7027294742,3.4584696,-0.78313123
57466.7027295217,3.4582727,-0.78411743
57467.7027295692,3.4581544,-0.78411743
57468.7027296167,3.458194,-0.78411743
57469.7027296642,3.4581544,-0.78253943
57470.7027297117,3.4581151,-0.78411743
57471.7027297592,3.4579971,-0.78352576
57472.7027298067,3.4578788,-0.78352576
57473.7027298542,3.4579971,-0.78234222
57474.7027299017,3.4579182,-0.78332843
57475.7027299492,3.4578001,-0.78431476
57476.7027299967,3.4577608,-0.78392023
57477.7027300442,3.4577608,-0.78332843
57478.7027300917,3.4577215,-0.78411743
57479.7027301392,3.4574852,-0.78392023
57480.7027301867,3.4575245,-0.78411743
57481.7027302342,3.4574459,-0.78392023
57482.7027302817,3.4574852,-0.78332843
57483.7027303292,3.4573669,-0.78372296
57484.7027303767,3.4572489,-0.78372296
57485.7027304242,3.4572096,-0.78194769
57486.7027304717,3.4571702,-0.78372296
57487.7027305192,3.4571702,-0.78431476
57488.7027305667,3.4570127,-0.78392023
57489.7027306142,3.4569733,-0.78332843
57490.7027306617,3.456934,-0.78451196
57491.7027307092,3.456934,-0.78372296
57492.7027307567,3.4570127,-0.78372296
57493.7027308042,3.456737,-0.78372296
57494.7027308517,3.4567764,-0.78234222
57495.7027308992,3.456619,-0.78392023
57496.7027309467,3.4566584,-0.78372296
57497.7027309942,3.4565797,-0.78510376
57498.7027310417,3.4564614,-0.78451196
57499.7027310892,3.4564221,-0.78332843
57500.7027311367,3.4564221,-0.78392023
57501.7027311842,3.4563434,-0.78372296
57502.7027312316,3.4563434,-0.78313123
57503.7027312791,3.4563434,-0.78352576
57504.7027313266,3.4562645,-0.78628723
57505.7027313741,3.4563434,-0.78273669
57506.7027314216,3.4561071,-0.78431476
57507.7027314691,3.4560678,-0.78352576
57508.7027315166,3.4560678,-0.78313123
57509.7027315641,3.4559102,-0.78392023
57510.7027316116,3.4559495,-0.78411743
57511.7027316591,3.4558315,-0.78392023
57512.7027317066,3.4557922,-0.78431476
57513.7027317541,3.4556346,-0.78332843
57514.7027318016,3.4558315,-0.78273669
57515.7027318491,3.4556739,-0.78392023
57516.7027318966,3.4555953,-0.78273669
57517.7027319441,3.4555166,-0.78372296
57518.7027319916,3.4555559,-0.78392023
57519.7027320391,3.4553983,-0.78332843
57520.7027320866,3.455359,-0.78372296
57521.7027321341,3.4553196,-0.78372296
57522.7027321816,3.455359,-0.78332843
57523.7027322291,3.455241,-0.78372296
57524.7027322766,3.4551227,-0.78411743
57525.7027323241,3.4550834,-0.78313123
57526.7027323716,3.4550834,-0.78332843
57527.7027324191,3.4549654,-0.78352576
57528.7027324666,3.4550047,-0.78411743
57529.7027325141,3.4549258,-0.78392023
57530.7027325616,3.4548471,-0.78313123
57531.7027326091,3.4547684,-0.78273669
57532.7027326566,3.4547684,-0.78313123
57533.7027327041,3.4546502,-0.78431476
57534.7027327516,3.4546108,-0.78313123
57535.7027327991,3.4546502,-0.78392023
57536.7027328466,3.4544928,-0.78372296
57537.7027328941,3.4545321,-0.78332843
57538.7027329416,3.4544141,-0.78411743
57539.7027329891,3.4543352,-0.78313123
57540.7027330366,3.4542959,-0.78451196
57541.702733084,3.4542959,-0.78372296
57542.7027331315,3.4541383,-0.78352576
57543.702733179,3.4542172,-0.78431476
57544.7027332265,3.4542172,-0.78411743
57545.702733274,3.4542172,-0.78451196
57546.7027333215,3.4539809,-0.78411743
57547.702733369,3.4540203,-0.78234222
57548.7027334165,3.4539022,-0.78332843
57549.702733464,3.4539416,-0.78392023
57550.7027335115,3.453784,-0.78411743
57551.702733559,3.453784,-0.78352576
57552.7027336065,3.4537446,-0.78411743
57553.702733654,3.453666,-0.78451196
57554.7027337015,3.4535871,-0.78273669
57555.702733749,3.4534297,-0.78293396
57556.7027337965,3.4534297,-0.78293396
57557.702733844,3.4533904,-0.78431476
57558.7027338915,3.4533114,-0.78234222
57559.702733939,3.4532721,-0.78411743
57560.7027339865,3.4532328,-0.78392023
57561.702734034,3.4532328,-0.78234222
57562.7027340815,3.4531934,-0.78313123
57563.702734129,3.4531541,-0.78352576
57564.7027341765,3.4529965,-0.78352576
57565.702734224,3.4529965,-0.78490649
57566.7027342715,3.4529965,-0.78392023
57567.702734319,3.4529178,-0.78352576
57568.7027343665,3.4527998,-0.78352576
57569.702734414,3.4528391,-0.78352576
57570.7027344615,3.4527602,-0.78352576
57571.702734509,3.4526815,-0.78510376
57572.7027345565,3.4526422,-0.78431476
57573.702734604,3.4524846,-0.78451196
57574.7027346515,3.4525635,-0.78530096
57575.702734699,3.4524846,-0.78313123
57576.7027347465,3.4524453,-0.78431476
57577.702734794,3.4524059,-0.78470929
57578.7027348415,3.4522483,-0.78273669
57579.702734889,3.4522879,-0.78352576
57580.7027349364,3.4521697,-0.78234222
57581.7027349839,3.4521303,-0.78313123
57582.7027350314,3.4521303,-0.78451196
57583.7027350789,3.4520123,-0.78332843
57584.7027351264,3.4520123,-0.78352576
57585.7027351739,3.4519334,-0.78451196
57586.7027352214,3.451894,-0.78411743
57587.7027352689,3.451776,-0.78470929
57588.7027353164,3.4517367,-0.78372296
57589.7027353639,3.4518154,-0.78352576
57590.7027354114,3.4516578,-0.78411743
57591.7027354589,3.4516184,-0.78392023
57592.7027355064,3.4515791,-0.78352576
57593.7027355539,3.4515004,-0.78332843
57594.7027356014,3.4514611,-0.78332843
57595.7027356489,3.4513822,-0.78293396
57596.7027356964,3.4514215,-0.78431476
57597.7027357439,3.4513428,-0.78372296
57598.7027357914,3.4512248,-0.78313123
57599.7027358389,3.4513035,-0.78372296
57600.7027358864,3.4513035,-0.78451196
57601.7027359339,3.4511065,-0.78352576
57602.7027359814,3.4510279,-0.78352576
57603.7027360289,3.4510672,-0.78392023
57604.7027360764,3.4509492,-0.78470929
57605.7027361239,3.4509099,-0.78313123
57606.7027361714,3.4508703,-0.78293396
57607.7027362189,3.4509099,-0.78372296
57608.7027362664,3.4507916,-0.78313123
57609.7027363139,3.4507129,-0.78332843
57610.7027363614,3.450634,-0.78293396
57611.7027364089,3.4505947,-0.78411743
57612.7027364564,3.450516,-0.78352576
57613.7027365039,3.450516,-0.78352576
57614.7027365514,3.4504766,-0.78332843
57615.7027365989,3.4504373,-0.78332843
57616.7027366464,3.4502797,-0.78392023
57617.7027366939,3.4503191,-0.78273669
57618.7027367414,3.4501224,-0.78372296
57619.7027367889,3.4501617,-0.78332843
57620.7027368363,3.4501224,-0.78392023
57621.7027368838,3.4500434,-0.78273669
57622.7027369313,3.4499648,-0.78372296
57623.7027369788,3.4498467,-0.78332843
57624.7027370263,3.4499254,-0.78313123
57625.7027370738,3.4498467,-0.78411743
57626.7027371213,3.4497285,-0.78352576
57627.7027371688,3.4496498,-0.78549829
57628.7027372163,3.4496891,-0.78451196
57629.7027372638,3.4495711,-0.78431476
57630.7027373113,3.4496105,-0.78313123
57631.7027373588,3.4495316,-0.78411743
57632.7027374063,3.4494529,-0.78352576
57633.7027374538,3.4494135,-0.78332843
57634.7027375013,3.4493742,-0.78392023
57635.7027375488,3.4493742,-0.78332843
57636.7027375963,3.4493349,-0.78411743
57637.7027376438,3.4491773,-0.78313123
57638.7027376913,3.4491379,-0.78451196
57639.7027377388,3.4490986,-0.78431476
57640.7027377863,3.4491379,-0.78372296
57641.7027378338,3.4490199,-0.78332843
57642.7027378813,3.4489017,-0.78293396
57643.7027379288,3.448823,-0.78332843
57644.7027379763,3.4487836,-0.78431476
57645.7027380238,3.4487441,-0.78352576
57646.7027380713,3.4487441,-0.78451196
57647.7027381188,3.448626,-0.78628723
57648.7027381663,3.448626,-0.78234222
57649.7027382138,3.4485474,-0.78392023
57650.7027382613,3.448508,-0.78313123
57651.7027383088,3.4484684,-0.78392023
57652.7027383563,3.4484291,-0.78313123
57653.7027384038,3.4484291,-0.78372296
57654.7027384513,3.4481928,-0.78628723
57655.7027384988,3.4482324,-0.78293396
57656.7027385463,3.4481928,-0.78392023
57657.7027385938,3.4481142,-0.78411743
57658.7027386413,3.4481535,-0.78392023
57659.7027386887,3.4479961,-0.78392023
57660.7027387362,3.4481142,-0.78431476
57661.7027387837,3.4479172,-0.78392023
57662.7027388312,3.4479172,-0.78332843
57663.7027388787,3.4478385,-0.78470929
57664.7027389262,3.4477992,-0.78352576
57665.7027389737,3.4478385,-0.78332843
57666.7027390212,3.4477599,-0.78411743
57667.7027390687,3.4476416,-0.78273669
57668.7027391162,3.4475629,-0.78411743
57669.7027391637,3.4475629,-0.78352576
57670.7027392112,3.4475236,-0.78253943
57671.7027392587,3.4474843,-0.78332843
57672.7027393062,3.4474056,-0.78332843
57673.7027393537,3.4472086,-0.78372296
57674.7027394012,3.4472873,-0.78313123
57675.7027394487,3.4471693,-0.78411743
57676.7027394962,3.4471693,-0.78313123
57677.7027395437,3.4470904,-0.78253943
57678.7027395912,3.44713,-0.78431476
57679.7027396387,3.446933,-0.78490649
57680.7027396862,3.446933,-0.78372296
57681.7027397337,3.4468937,-0.78293396
57682.7027397812,3.4468148,-0.78313123
57683.7027398287,3.4467361,-0.78313123
57684.7027398762,3.4467361,-0.78392023
57685.7027399237,3.4465785,-0.78431476
57686.7027399712,3.4465392,-0.78392023
57687.7027400187,3.4465392,-0.78392023
57688.7027400662,3.4465392,-0.78313123
57689.7027401137,3.4464211,-0.78411743
57690.7027401612,3.4464211,-0.78293396
57691.7027402087,3.4464211,-0.78273669
57692.7027402562,3.4463425,-0.78332843
57693.7027403037,3.4462636,-0.78490649
57694.7027403512,3.4461455,-0.78313123
57695.7027403987,3.4461062,-0.78293396
57696.7027404462,3.4460273,-0.78372296
57697.7027404937,3.4460273,-0.78313123
57698.7027405411,3.4459879,-0.78392023
57699.7027405886,3.4459486,-0.78451196
57700.7027406361,3.4459093,-0.78352576
57701.7027406836,3.4457517,-0.78411743
57702.7027407311,3.445673,-0.78293396
57703.7027407786,3.445673,-0.78352576
57704.7027408261,3.4456336,-0.78313123
57705.7027408736,3.445673,-0.78332843
57706.7027409211,3.445555,-0.78392023
57707.7027409686,3.4453974,-0.78451196
57708.7027410161,3.445358,-0.78470929
57709.7027410636,3.4453187,-0.78451196
57710.7027411111,3.445358,-0.78293396
57711.7027411586,3.4451611,-0.78372296
57712.7027412061,3.4452794,-0.78352576
57713.7027412536,3.4452004,-0.78253943
57714.7027413011,3.4451611,-0.78313123
57715.7027413486,3.4450431,-0.78253943
57716.7027413961,3.4450037,-0.78372296
57717.7027414436,3.4450431,-0.78549829
57718.7027414911,3.4448068,-0.78293396
57719.7027415386,3.4449248,-0.78392023
57720.7027415861,3.4448462,-0.78392023
57721.7027416336,3.4448855,-0.78332843
57722.7027416811,3.4447675,-0.78293396
57723.7027417286,3.4446099,-0.78332843
57724.7027417761,3.4446099,-0.78273669
57725.7027418236,3.4445312,-0.78372296
57726.7027418711,3.4444525,-0.78431476
57727.7027419186,3.4443736,-0.78530096
57728.7027419661,3.4443736,-0.78332843
57729.7027420136,3.4442556,-0.78392023
57730.7027420611,3.4442949,-0.78293396
57731.7027421086,3.4441373,-0.78392023
57732.7027421561,3.4441373,-0.78234222
57733.7027422036,3.444098,-0.78352576
57734.7027422511,3.44398,-0.78372296
57735.7027422986,3.4439406,-0.78431476
57736.7027423461,3.4439013,-0.78332843
57737.7027423935,3.4438617,-0.78431476
57738.702742441,3.4439406,-0.78431476
57739.7027424885,3.4437437,-0.78392023
57740.702742536,3.4437044,-0.78451196
57741.7027425835,3.4437044,-0.78352576
57742.702742631,3.4437044,-0.78313123
57743.7027426785,3.4436257,-0.78332843
57744.702742726,3.4435468,-0.78372296
57745.7027427735,3.4435074,-0.78372296
57746.702742821,3.4433894,-0.78313123
57747.7027428685,3.4433501,-0.78431476
57748.702742916,3.4432712,-0.78352576
57749.7027429635,3.4432712,-0.78372296
57750.702743011,3.4430349,-0.78313123
57751.7027430585,3.4431531,-0.78431476
57752.702743106,3.4431531,-0.78372296
57753.7027431535,3.4430349,-0.78273669
57754.702743201,3.4430742,-0.78253943
57755.7027432485,3.4429169,-0.78411743
57756.702743296,3.4428382,-0.78293396
57757.7027433435,3.4427986,-0.7821449
57758.702743391,3.4427986,-0.78411743
57759.7027434385,3.4425626,-0.78431476
57760.702743486,3.4426413,-0.78372296
57761.7027435335,3.4426806,-0.78372296
57762.702743581,3.4426806,-0.78372296
57763.7027436285,3.4424837,-0.78293396
57764.702743676,3.4424443,-0.78431476
57765.7027437235,3.442405,-0.78372296
57766.702743771,3.4423656,-0.78234222
57767.7027438185,3.44209,-0.78372296
57768.702743866,3.4423263,-0.7856955
57769.7027439135,3.4421687,-0.78411743
57770.702743961,3.4421687,-0.78392023
57771.7027440085,3.4421687,-0.78372296
57772.702744056,3.4421294,-0.78451196
57773.7027441035,3.4419324,-0.78470929
57774.702744151,3.4418144,-0.78470929
57775.7027441985,3.4418144,-0.78313123
57776.7027442459,3.4418144,-0.78431476
57777.7027442934,3.4418144,-0.78234222
57778.7027443409,3.4416962,-0.78313123
57779.7027443884,3.4415781,-0.78332843
57780.7027444359,3.4414995,-0.78313123
57781.7027444834,3.4414995,-0.78549829
57782.7027445309,3.4414601,-0.78549829
57783.7027445784,3.4413025,-0.78332843
57784.7027446259,3.4413419,-0.78332843
57785.7027446734,3.4412632,-0.78332843
57786.7027447209,3.4412632,-0.78392023
57787.7027447684,3.4411843,-0.78352576
57788.7027448159,3.4410269,-0.78313123
57789.7027448634,3.4411843,-0.78293396
57790.7027449109,3.4410269,-0.7856955
57791.7027449584,3.4409876,-0.78411743
57792.7027450059,3.4409876,-0.78332843
57793.7027450534,3.4409087,-0.78332843
57794.7027451009,3.44083,-0.78234222
57795.7027451484,3.4407513,-0.78510376
57796.7027451959,3.4407513,-0.78451196
57797.7027452434,3.4406726,-0.78352576
57798.7027452909,3.4405544,-0.78253943
57799.7027453384,3.4406331,-0.78352576
57800.7027453859,3.4405544,-0.78332843
57801.7027454334,3.4404757,-0.78411743
57802.7027454809,3.440397,-0.78431476
57803.7027455284,3.4403181,-0.78392023
57804.7027455759,3.4402788,-0.78352576
57805.7027456234,3.4402001,-0.78293396
57806.7027456709,3.4402394,-0.78392023
57807.7027457184,3.4402001,-0.78352576
57808.7027457659,3.4401214,-0.78293396
57809.7027458134,3.4399638,-0.78352576
57810.7027458609,3.4399245,-0.78234222
57811.7027459084,3.4398851,-0.78352576
57812.7027459559,3.4398851,-0.78352576
57813.7027460034,3.4398851,-0.78332843
57814.7027460509,3.4398458,-0.78451196
57815.7027460984,3.4395702,-0.78392023
57816.7027461458,3.4396095,-0.78372296
57817.7027461933,3.4396882,-0.78352576
57818.7027462408,3.4394126,-0.78372296
57819.7027462883,3.4394519,-0.78313123
57820.7027463358,3.4394126,-0.78313123
57821.7027463833,3.4392943,-0.78332843
57822.7027464308,3.4394126,-0.78293396
57823.7027464783,3.4392943,-0.78273669
57824.7027465258,3.4391763,-0.78372296
57825.7027465733,3.439137,-0.78352576
57826.7027466208,3.4390976,-0.78313123
57827.7027466683,3.4390583,-0.78372296
57828.7027467158,3.4389794,-0.78293396
57829.7027467633,3.4389007,-0.78234222
57830.7027468108,3.4388614,-0.78451196
57831.7027468583,3.4388614,-0.78253943
57832.7027469058,3.4387431,-0.78253943
57833.7027469533,3.4387827,-0.78431476
57834.7027470008,3.4387827,-0.78313123
57835.7027470483,3.4386644,-0.78293396
57836.7027470958,3.4386644,-0.78392023
57837.7027471433,3.4386644,-0.78332843
57838.7027471908,3.4384675,-0.78411743
57839.7027472383,3.4383888,-0.78313123
57840.7027472858,3.4384282,-0.78411743
57841.7027473333,3.4384282,-0.78451196
57842.7027473808,3.4382315,-0.78352576
57843.7027474283,3.4381132,-0.78451196
57844.7027474758,3.4381919,-0.78332843
57845.2067474997,3.4380345,-0.78313123
57845.2087474998,3.4381132,-0.78332843
57845.254747502,3.4982371,0
57905.2547503518,3.5367448,0
57965.2547532017,3.5437138,0
58025.2547560515,3.5480449,0
58085.2547589014,3.5513525,0
58145.2547617512,3.553833,0
58205.2547646011,3.5558016,0
58265.2547674509,3.5576522,0
58325.2547703008,3.5590303,0
58385.2547731506,3.560369,0
58445.2547760005,3.5615501,0
58505.2547788503,3.5624952,0
58565.2547817002,3.5634007,0
58625.25478455,3.5644639,0
58685.2547873999,3.56533,0
58745.2547902497,3.5660782,0
58805.2547930995,3.5665507,0
58865.2547959494,3.5671806,0
58925.2547987992,3.5678501,0
58985.2548016491,3.568362,0
59045.2548044989,3.5687163,0
59105.2548073488,3.5692282,0
59165.2548101986,3.5696614,0
59225.2548130485,3.5699763,0
59285.2548158983,3.5703306,0
59345.2548187482,3.5706456,0
59405.254821598,3.5709999,0
59465.2548244479,3.5713544,0
59525.2548272977,3.5714724,0
59585.2548301476,3.5717874,0
59645.2548329974,3.572063,0
59705.2548358473,3.5722206,0
59765.2548386971,3.5723782,0
59825.2548415469,3.5727718,0
59885.2548443968,3.5728505,0
59945.2548472466,3.5731261,0
60005.2548500965,3.5733624,0
60065.2548529463,3.5734413,0
60125.2548557962,3.5734806,0
60185.254858646,3.5738349,0
60245.2548614959,3.5739529,0
60305.2548643457,3.5739529,0
60365.2548671956,3.5743074,0
60425.2548700454,3.5744255,0
60485.2548728953,3.5745041,0
60545.2548757451,3.5745831,0
60605.254878595,3.5747011,0
60665.2548814448,3.574898,0
60725.2548842947,3.5749767,0
60785.2548871445,3.5750949,0
60845.2548899943,3.575213,0
60905.2548928442,3.5753312,0
60965.254895694,3.5754099,0
61025.2548985439,3.5755279,0
61085.2549013937,3.5757642,0
61145.2549042436,3.5758035,0
61205.2549070934,3.5758429,0
61265.2549099433,3.5758824,0
61325.2549127931,3.5760791,0
61385.254915643,3.576158,0
61445.2949184947,3.576158,0
61445.2969184948,3.3036122,-5.0933237
61445.3969184996,3.1362734,-5.2866323
61445.4969185043,3.1206419,-5.2874214
61445.5969185091,3.113909,-5.2866323
61445.6969185138,3.1095779,-5.2872241
61445.7969185186,3.1062706,-5.2884072
61445.8969185233,3.1037898,-5.288605
61445.9969185281,3.1015062,-5.2870269
61446.0969185328,3.0998132,-5.2860405
61446.1969185376,3.09812,-5.2864351
61446.2969185423,3.0964663,-5.2889995
61446.3969185471,3.0953245,-5.2854487
61446.4969185518,3.0939465,-5.2866323
61446.5969185566,3.0927653,-5.2884072
61446.6969185613,3.0916233,-5.2872241
61446.7969185661,3.0904815,-5.2925498
61446.8969185708,3.089694,-5.2878164
61446.9969185756,3.0886309,-5.2870269
61447.0969185803,3.0878828,-5.2874214
61447.1969185851,3.0869379,-5.2880137
61447.2969185898,3.0861111,-5.2880137
61447.3969185946,3.0854416,-5.2878164
61447.4969185993,3.0844967,-5.2888022
61447.5969186041,3.0838273,-5.2878164
61447.6969186088,3.0830398,-5.2872241
61447.7969186136,3.0823312,-5.2884072
61447.8969186183,3.0816617,-5.2880137
61447.9969186231,3.0810318,-5.2870269
61448.0969186278,3.0804019,-5.2850542
61448.1969186326,3.07989,-5.2862378
61448.2969186373,3.0792599,-5.2880137
61448.3969186421,3.0786693,-5.2872241
61448.4969186468,3.0779607,-5.289394
61448.5969186516,3.0774488,-5.2854487
61448.6969186563,3.076937,-5.2862378
61448.7969186611,3.0763071,-5.2888022
61448.8969186658,3.0757556,-5.2858433
61448.9969186706,3.0752439,-5.288605
61449.0969186753,3.0746531,-5.28821
61449.1969186801,3.0742989,-5.2864351
61449.2969186848,3.0737083,-5.2876187
61449.3969186896,3.0731177,-5.2884072
61449.4969186943,3.0726845,-5.2878164
61449.5969186991,3.0722516,-5.2884072
61449.6969187038,3.0718184,-5.2862378
61449.7969187086,3.0712671,-5.2866323
61449.8969187133,3.0707159,-5.2872241
61449.9969187181,3.0703614,-5.2878164
61450.0969187228,3.0700071,-5.2844629
61450.1969187276,3.0693772,-5.2870269
61450.2969187323,3.0689833,-5.2876187
61450.3969187371,3.0687473,-5.2832793
61450.4969187418,3.0681171,-5.2860405
61450.5969187466,3.0676842,-5.289394
61450.6969187513,3.0672116,-5.2870269
61450.7969187561,3.066936,-5.2846602
61450.8969187608,3.0664635,-5.2872241
61450.9969187656,3.0660698,-5.2878164
61451.0969187703,3.0657153,-5.2874214
61451.196918775,3.065243,-5.2876187
61451.2969187798,3.0649278,-5.2872241
61451.3969187845,3.0646129,-5.2909722
61451.4969187893,3.0642586,-5.2872241
61451.596918794,3.063786,-5.2866323
61451.6969187988,3.0632348,-5.28821
61451.7969188035,3.0629592,-5.2872241
61451.8969188083,3.0627229,-5.2897886
61451.996918813,3.06229,-5.28821
61452.0969188178,3.0619748,-5.2872241
61452.1969188225,3.0615811,-5.2880137
61452.2969188273,3.0612268,-5.2872241
61452.396918832,3.0609117,-5.2872241
61452.4969188368,3.0605967,-5.2897886
61452.5969188415,3.0602031,-5.2866323
61452.6969188463,3.0598092,-5.2880137
61452.796918851,3.0596519,-5.2880137
61452.8969188558,3.0591793,-5.2888022
61452.9969188605,3.0588644,-5.2872241
61453.0969188653,3.0585887,-5.288605
61453.19691887,3.0581949,-5.2870269
61453.2969188748,3.0578012,-5.2880137
61453.3969188795,3.0576043,-5.2852515
61453.4969188843,3.0570924,-5.28821
61453.596918889,3.0568562,-5.2876187
61453.6969188938,3.0566595,-5.2850542
61453.7969188985,3.0563445,-5.2880137
61453.8969189033,3.0560689,-5.2868296
61453.996918908,3.0557933,-5.2872241
61454.0969189128,3.0553207,-5.2891968
61454.1969189175,3.0550845,-5.2872241
61454.2969189223,3.0546906,-5.2876187
61454.396918927,3.0545332,-5.2880137
61454.4969189318,3.0540607,-5.2880137
61454.5969189365,3.0539033,-5.2878164
61454.6969189413,3.0535095,-5.2872241
61454.796918946,3.0533915,-5.2864351
61454.8969189508,3.0530369,-5.288605
61454.9969189555,3.0527613,-5.2876187
61455.0969189603,3.052407,-5.2878164
61455.196918965,3.052289,-5.2854487
61455.2969189698,3.0520527,-5.2874214
61455.3969189745,3.0516589,-5.2870269
61455.4969189793,3.0513046,-5.2862378
61455.596918984,3.0509107,-5.2878164
61455.6969189888,3.0507927,-5.2862378
61455.7969189935,3.0505564,-5.2884072
61455.8969189983,3.0502808,-5.289394
61455.996919003,3.0502021,-5.285646
61456.0969190078,3.0496116,-5.2880137
61456.1969190125,3.0494146,-5.2888022
61456.2969190173,3.0490997,-5.2878164
61456.396919022,3.0489028,-5.2884072
61456.4969190268,3.0487847,-5.2876187
61456.5969190315,3.0485091,-5.2874214
61456.6969190363,3.0482335,-5.2884072
61456.796919041,3.0479972,-5.2891968
61456.8969190458,3.0476034,-5.28821
61456.9969190505,3.0475247,-5.2876187
61457.0969190553,3.0472884,-5.2868296
61457.19691906,3.0470521,-5.285646
61457.2969190648,3.0467372,-5.2880137
61457.3969190695,3.0465403,-5.2866323
61457.4969190743,3.0462646,-5.2870269
61457.596919079,3.0460284,-5.2876187
61457.6969190838,3.045989,-5.2858433
61457.7969190885,3.0456741,-5.2842656
61457.8969190933,3.0452805,-5.2870269
61457.996919098,3.0451229,-5.28821
61458.0969191028,3.0448079,-5.2862378
61458.1969191075,3.0445323,-5.2880137
61458.2969191123,3.0443747,-5.2876187
61458.396919117,3.0442173,-5.2844629
61458.4969191218,3.0438235,-5.2888022
61458.5969191265,3.0437448,-5.2872241
61458.6969191313,3.0435085,-5.2888022
61458.796919136,3.0431936,-5.2866323
61458.8969191408,3.0430753,-5.2866323
61458.9969191455,3.0425637,-5.2931421
61459.0969191503,3.0426424,-5.2870269
61459.196919155,3.0422878,-5.2888022
61459.2969191598,3.0420122,-5.2984673
61459.3969191645,3.0418942,-5.2876187
61459.4969191693,3.0417366,-5.285646
61459.596919174,3.041461,-5.2880137
61459.6969191788,3.041343,-5.2884072
61459.7969191835,3.0409493,-5.2874214
61459.8969191883,3.0409098,-5.2868296
61459.996919193,3.0405948,-5.2874214
61460.0969191978,3.0403979,-5.2878164
61460.1969192025,3.0402012,-5.2888022
61460.2969192073,3.0399256,-5.2891968
61460.396919212,3.0399649,-5.2874214
61460.4969192168,3.0396893,-5.2878164
61460.5969192215,3.0395317,-5.2858433
61460.6969192263,3.0392954,-5.2880137
61460.796919231,3.0390987,-5.285646
61460.8969192358,3.0388625,-5.2884072
61460.9969192405,3.0386262,-5.2880137
61461.0969192453,3.0384686,-5.2878164
61461.19691925,3.0383112,-5.2876187
61461.2969192548,3.0381143,-5.2884072
61461.3969192595,3.0378387,-5.2880137
61461.4969192643,3.0376418,-5.288605
61461.596919269,3.0374844,-5.2878164
61461.6969192738,3.0373662,-5.2907749
61461.7969192785,3.0370119,-5.2870269
61461.8969192833,3.0366576,-5.2945225
61461.996919288,3.0366969,-5.2878164
61462.0969192928,3.0365787,-5.2895913
61462.1969192975,3.0365,-5.2858433
61462.2969193023,3.0361457,-5.2872241
61462.396919307,3.0360274,-5.2868296
61462.4969193118,3.0359488,-5.2848574
61462.5969193165,3.0356731,-5.2854487
61462.6969193213,3.0353975,-5.2872241
61462.796919326,3.0352399,-5.2895913
61462.8969193308,3.0350432,-5.2848574
61462.9969193355,3.0348856,-5.2874214
61463.0969193403,3.034807,-5.2868296
61463.196919345,3.0345314,-5.2862378
61463.2969193498,3.0344131,-5.2866323
61463.3969193545,3.0342557,-5.2858433
61463.4969193593,3.0340195,-5.2876187
61463.596919364,3.0339012,-5.2866323
61463.6969193688,3.0337045,-5.2889995
61463.7969193735,3.0335469,-5.2888022
61463.8969193783,3.0333896,-5.2878164
61463.996919383,3.0332713,-5.2888022
61464.0969193878,3.0331533,-5.2858433
61464.1969193925,3.0328777,-5.2876187
61464.2969193973,3.0327201,-5.2884072
61464.396919402,3.0325232,-5.28821
61464.4969194068,3.0323658,-5.2935366
61464.5969194115,3.0322475,-5.2872241
61464.6969194163,3.0320508,-5.2858433
61464.796919421,3.0317357,-5.2866323
61464.8969194258,3.0316963,-5.2870269
61464.9969194305,3.031657,-5.2844629
61465.0969194353,3.0314996,-5.2874214
61465.19691944,3.0311844,-5.289394
61465.2969194448,3.0311844,-5.2866323
61465.3969194495,3.0309088,-5.2862378
61465.4969194543,3.0307908,-5.297481
61465.596919459,3.0305939,-5.2870269
61465.6969194638,3.0305545,-5.2868296
61465.7969194685,3.0303969,-5.2862378
61465.8969194733,3.0301213,-5.2878164
61465.996919478,3.0302002,-5.2866323
61466.0969194828,3.0298457,-5.2878164
61466.1969194875,3.0297277,-5.2860405
61466.2969194923,3.029649,-5.2874214
61466.396919497,3.0294127,-5.2880137
61466.4969195018,3.0292945,-5.289394
61466.5969195065,3.0290582,-5.2889995
61466.6969195113,3.0287433,-5.2913662
61466.796919516,3.0289009,-5.2870269
61466.8969195208,3.0287433,-5.2870269
61466.9969195255,3.0284677,-5.28821
61467.0969195303,3.0284283,-5.2870269
61467.196919535,3.0283103,-5.2874214
61467.2969195398,3.0281134,-5.2868296
61467.3969195445,3.0279558,-5.2878164
61467.4969195493,3.0278771,-5.2868296
61467.596919554,3.0276802,-5.2884072
61467.6969195588,3.0275228,-5.2874214
61467.7969195635,3.0274439,-5.2870269
61467.8969195683,3.0273652,-5.2866323
61467.996919573,3.0271289,-5.288605
61468.0969195778,3.0270109,-5.2884072
61468.1969195825,3.0269716,-5.2959033
61468.2969195873,3.0267353,-5.28821
61468.396919592,3.0264204,-5.2862378
61468.4969195968,3.0264597,-5.2876187
61468.5969196015,3.0263021,-5.2866323
61468.6969196063,3.0261054,-5.2874214
61468.796919611,3.0261054,-5.2864351
61468.8969196158,3.0260265,-5.2878164
61468.9969196205,3.0258691,-5.2868296
61469.0969196253,3.0257509,-5.2872241
61469.19691963,3.0254753,-5.2876187
61469.2969196348,3.0252783,-5.28821
61469.3969196395,3.0254753,-5.2872241
61469.4969196443,3.025121,-5.288605
61469.596919649,3.0243728,-5.3069492
61469.6969196538,3.0249634,-5.28821
61469.7969196585,3.0247667,-5.2884072
61469.8969196633,3.0246091,-5.2872241
61469.996919668,3.0244911,-5.2878164
61470.0969196728,3.0244122,-5.2889995
61470.1969196775,3.0243728,-5.2870269
61470.2969196823,3.0238216,-5.2961006
61470.396919687,3.0240972,-5.2868296
61470.4969196918,3.0239003,-5.2870269
61470.5969196965,3.0237823,-5.28821
61470.6969197013,3.0237429,-5.2874214
61470.796919706,3.023546,-5.2880137
61470.8969197107,3.0236247,-5.2870269
61470.9969197155,3.0233884,-5.2911694
61471.0969197202,3.0231917,-5.2891968
61471.196919725,3.0231128,-5.2876187
61471.2969197297,3.0230341,-5.2880137
61471.3969197345,3.0228767,-5.2884072
61471.4969197392,3.0228767,-5.2868296
61471.596919744,3.0227585,-5.2860405
61471.6969197487,3.0225222,-5.2889995
61471.7969197535,3.0223649,-5.2872241
61471.8969197582,3.0223649,-5.2860405
61471.996919763,3.0222466,-5.2978755
61472.0969197677,3.0220103,-5.2996514
61472.1969197725,3.0219316,-5.2880137
61472.2969197772,3.021853,-5.2872241
61472.396919782,3.0217347,-5.28821
61472.4969197867,3.0216954,-5.2870269
61472.5969197915,3.021538,-5.2860405
61472.6969197962,3.0214591,-5.2880137
61472.796919801,3.0213017,-5.2866323
61472.8969198057,3.0213017,-5.2889995
61472.9969198105,3.0211048,-5.2876187
61473.0969198152,3.0209472,-5.2884072
61473.19691982,3.0207112,-5.2909722
61473.2969198247,3.0208685,-5.2876187
61473.3969198295,3.0207505,-5.2895913
61473.4969198342,3.0205929,-5.2872241
61473.596919839,3.0204749,-5.2876187
61473.6969198437,3.0204749,-5.2872241
61473.7969198485,3.0202386,-5.288605
61473.8969198532,3.0201597,-5.288605
61473.996919858,3.0200024,-5.2858433
61474.0969198627,3.0199237,-5.288605
61474.1969198675,3.0197268,-5.28821
61474.2969198722,3.0197268,-5.28821
61474.396919877,3.0196481,-5.2874214
61474.4969198817,3.0195692,-5.2836738
61474.5969198865,3.0194905,-5.2868296
61474.6969198912,3.0194118,-5.2868296
61474.796919896,3.0191755,-5.2866323
61474.8969199007,3.0192542,-5.2868296
61474.9969199055,3.0191362,-5.288605
61475.0969199102,3.0189393,-5.2870269
61475.196919915,3.0188606,-5.2864351
61475.2949199196,3.0187817,-5.2872241
61475.3389199217,3.3666496,0
61475.4389199265,3.4347665,0
61475.5389199312,3.4516971,0
61475.638919936,3.4590209,0
61475.7389199407,3.4635487,0
61475.8389199455,3.4663837,0
61475.9389199502,3.4686673,0
61476.038919955,3.4703999,0
61476.1389199597,3.4719748,0
61476.2389199645,3.473156,0
61476.3389199692,3.4741404,0
61476.438919974,3.4752429,0
61476.5389199787,3.4761877,0
61476.6389199835,3.4771328,0
61476.7389199882,3.4777234,0
61476.838919993,3.4784715,0
61476.9389199977,3.4791408,0
61477.0389200025,3.4797707,0
61477.1389200072,3.4802432,0
61477.238920012,3.4807944,0
61477.3389200167,3.4815032,0
61477.4389200215,3.4820151,0
61477.5389200262,3.4824877,0
61477.638920031,3.482842,0
61477.7389200357,3.4833145,0
61477.8389200405,3.4838262,0
61477.9389200452,3.4841413,0
61478.03892005,3.484535,0
61478.1389200547,3.4849682,0
61478.2389200595,3.4854012,0
61478.3389200642,3.4856768,0
61478.438920069,3.4860706,0
61478.5389200737,3.4863856,0
61478.6389200785,3.4867005,0
61478.7389200832,3.4871731,0
61478.838920088,3.4874094,0
61478.9389200927,3.487803,0
61479.0389200975,3.4881179,0
61479.1389201022,3.4883935,0
61479.238920107,3.4886298,0
61479.3389201117,3.489063,0
61479.4389201165,3.4892993,0
61479.5389201212,3.4895749,0
61479.638920126,3.4898505,0
61479.7389201307,3.4901261,0
61479.8389201355,3.4903624,0
61479.9389201402,3.4906774,0
61480.038920145,3.4907954,0
61480.1389201497,3.491071,0
61480.2389201545,3.4914649,0
61480.3389201592,3.4917405,0
61480.438920164,3.4918978,0
61480.5389201687,3.4921341,0
61480.6389201735,3.4923704,0
61480.7389201782,3.4927247,0
61480.838920183,3.4928823,0
61480.9389201877,3.4930398,0
61481.0389201925,3.4932365,0
61481.1389201972,3.4935517,0
61481.238920202,3.4937878,0
61481.3389202067,3.4940634,0
61481.4389202115,3.4941423,0
61481.5389202162,3.4944179,0
61481.638920221,3.4945753,0
61481.7389202257,3.4948115,0
61481.8389202305,3.4950871,0
61481.9389202352,3.4953234,0
61482.03892024,3.4954417,0
61482.1389202447,3.4956777,0
61482.2389202495,3.4957566,0
61482.3389202542,3.4960322,0
61482.438920259,3.4962685,0
61482.5389202637,3.4963078,0
61482.6389202685,3.4964652,0
61482.7389202732,3.4968197,0
61482.838920278,3.4970164,0
61482.9389202827,3.4969771,0
61483.0389202875,3.4972527,0
61483.1389202922,3.4974103,0
61483.238920297,3.4977252,0
61483.3389203017,3.4979222,0
61483.4389203065,3.4980795,0
61483.5389203112,3.4981978,0
61483.638920316,3.4983945,0
61483.7389203207,3.4984734,0
61483.8389203255,3.498749,0
61483.9389203302,3.498867,0
61484.038920335,3.4991033,0
61484.1389203397,3.4992216,0
61484.2389203445,3.4994972,0
61484.3389203492,3.4995365,0
61484.438920354,3.4996545,0
61484.5389203587,3.4998908,0
61484.6389203635,3.5000484,0
61484.7389203682,3.5001664,0
61484.838920373,3.5004027,0
61484.9389203777,3.500442,0
61485.0389203825,3.50056,0
61485.1389203872,3.5008752,0
61485.238920392,3.5009146,0
61485.3389203967,3.5010719,0
61485.4389204015,3.5010719,0
61485.5389204062,3.5013475,0
61485.638920411,3.5015838,0
61485.7389204157,3.5016232,0
61485.8389204205,3.5017807,0
61485.9389204252,3.5018201,0
61486.03892043,3.5021744,0
61486.1389204347,3.5022926,0
61486.2389204395,3.5023713,0
61486.3389204442,3.5024107,0
61486.438920449,3.5028045,0
61486.5389204537,3.5026863,0
61486.6389204585,3.5030015,0
61486.7389204632,3.5031195,0
61486.838920468,3.5031195,0
61486.9389204727,3.5033557,0
61487.0389204775,3.5035131,0
61487.1389204822,3.5035131,0
61487.238920487,3.5037494,0
61487.3389204917,3.5038676,0
61487.4389204965,3.5039463,0
61487.5389205012,3.5041432,0
61487.638920506,3.5042613,0
61487.7389205107,3.5043006,0
61487.8389205155,3.5046551,0
61487.9389205202,3.5047338,0
61488.038920525,3.5048518,0
61488.1389205297,3.5048914,0
61488.2389205345,3.5050488,0
61488.3389205392,3.5051274,0
61488.4389205439,3.5052457,0
61488.5389205487,3.5054426,0
61488.6389205534,3.5054426,0
61488.7389205582,3.5055606,0
61488.8389205629,3.5057576,0
61488.9389205677,3.5057969,0
61489.0389205724,3.5059543,0
61489.1389205772,3.5061905,0
61489.2389205819,3.5061512,0
61489.3389205867,3.5061905,0
61489.4389205914,3.5064268,0
61489.5389205962,3.5065451,0
61489.6389206009,3.5066237,0
61489.7389206057,3.50686,0
61489.8389206104,3.50686,0
61489.9389206152,3.507057,0
61490.0389206199,3.5070963,0
61490.1389206247,3.5072143,0
61490.2389206294,3.5072536,0
61490.3389206342,3.5074506,0
61490.4389206389,3.5074899,0
61490.5389206437,3.5076082,0
61490.6389206484,3.5076869,0
61490.7389206532,3.5078049,0
61490.8389206579,3.5080018,0
61490.9389206627,3.5080805,0
61491.0389206674,3.5082774,0
61491.1389206722,3.5082381,0
61491.2389206769,3.5085137,0
61491.3389206817,3.508553,0
61491.4389206864,3.5085924,0
61491.5389206912,3.5087106,0
61491.6389206959,3.50875,0
61491.7389207007,3.5089469,0
61491.8389207054,3.5089073,0
61491.9389207102,3.5091436,0
61492.0389207149,3.5091829,0
61492.1389207197,3.5092618,0
61492.2389207244,3.5094192,0
61492.3389207292,3.5094981,0
61492.4389207339,3.5096555,0
61492.5389207387,3.5097342,0
61492.6389207434,3.5098524,0
61492.7389207482,3.5099704,0
61492.8389207529,3.5100493,0
61492.9389207577,3.5102067,0
61493.0389207624,3.5102856,0
61493.1389207672,3.510325,0
61493.2389207719,3.5103643,0
61493.3389207767,3.5104823,0
61493.4389207814,3.5106006,0
61493.5389207862,3.5107579,0
61493.6389207909,3.5107186,0
61493.7389207957,3.5108368,0
61493.8389208004,3.5109549,0
61493.9389208052,3.5110335,0
61494.0389208099,3.5111518,0
61494.1389208147,3.5112698,0
61494.2389208194,3.5113091,0
61494.3389208242,3.5114274,0
61494.4389208289,3.5116241,0
61494.5389208337,3.5115454,0
61494.6389208384,3.5115454,0
61494.7389208432,3.5118604,0
61494.8389208479,3.511821,0
61494.9389208527,3.5119393,0
61495.0389208574,3.5120966,0
61495.1389208622,3.5121756,0
61495.2389208669,3.512136,0
61495.3389208717,3.5121756,0
61495.4389208764,3.5123329,0
61495.5389208812,3.5125299,0
61495.6389208859,3.5125299,0
61495.7389208907,3.5126872,0
61495.8389208954,3.5128448,0
61495.9389209002,3.5128448,0
61496.0389209049,3.5128841,0
61496.1389209097,3.5130417,0
61496.2389209144,3.5130417,0
61496.3389209192,3.5132384,0
61496.4389209239,3.513278,0
61496.5389209287,3.5131991,0
61496.6389209334,3.5135536,0
61496.7389209382,3.5134747,0
61496.8389209429,3.5136323,0
61496.9389209477,3.513593,0
61497.0389209524,3.513711,0
61497.1389209572,3.5138686,0
61497.2389209619,3.5139472,0
61497.3389209667,3.5139866,0
61497.4389209714,3.5141442,0
61497.5389209762,3.5141442,0
61497.6389209809,3.5144198,0
61497.7389209857,3.5143805,0
61497.8389209904,3.5144198,0
61497.9389209952,3.5146167,0
61498.0389209999,3.5145772,0
61498.1389210047,3.5146561,0
61498.2389210094,3.5146954,0
61498.3389210142,3.5146954,0
61498.4389210189,3.5148923,0
61498.5389210237,3.514971,0
61498.6389210284,3.5150104,0
61498.7389210332,3.515089,0
61498.8389210379,3.5152073,0
61498.9389210427,3.5152073,0
61499.0389210474,3.5152073,0
61499.1389210522,3.5153646,0
61499.2389210569,3.5155616,0
61499.3389210617,3.5154436,0
61499.4389210664,3.5156798,0
61499.5389210712,3.5157192,0
61499.6389210759,3.5157585,0
61499.7389210807,3.5156798,0
61499.8389210854,3.5158765,0
61499.9389210902,3.5160341,0
61500.0389210949,3.5160735,0
61500.1389210997,3.5161521,0
61500.2389211044,3.5162704,0
61500.3389211092,3.5163097,0
61500.4389211139,3.5163491,0
61500.5389211187,3.5163884,0
61500.6389211234,3.516546,0
61500.7389211282,3.5164671,0
61500.8389211329,3.516546,0
61500.9389211377,3.5167823,0
61501.0389211424,3.5168216,0
61501.1389211472,3.5168216,0
61501.2389211519,3.5169003,0
61501.3389211567,3.5169396,0
61501.4389211614,3.5170579,0
61501.5389211662,3.5170972,0
61501.6389211709,3.5170972,0
61501.7389211757,3.5172153,0
61501.8389211804,3.5173728,0
61501.9389211852,3.5172939,0
61502.0389211899,3.5173728,0
61502.1389211947,3.5173728,0
61502.2389211994,3.5177665,0
61502.3389212042,3.5177271,0
61502.4389212089,3.5176091,0
61502.5389212137,3.5177271,0
61502.6389212184,3.5179634,0
61502.7389212232,3.5178847,0
61502.8389212279,3.5179634,0
61502.9389212327,3.518121,0
61503.0389212374,3.5181603,0
61503.1389212422,3.518239,0
61503.2389212469,3.5182784,0
61503.3389212517,3.518357,0
61503.4389212564,3.5183177,0
61503.5389212612,3.518436,0
61503.6389212659,3.518357,0
61503.7389212707,3.5184753,0
61503.8389212754,3.5185933,0
61503.9389212802,3.5186722,0
61504.0389212849,3.5188689,0
61504.1389212897,3.5187902,0
61504.2389212944,3.5188296,0
61504.3389212992,3.5188689,0
61504.4389213039,3.5189478,0
61504.5389213087,3.5190659,0
61504.6389213134,3.5191052,0
61504.7389213182,3.5191052,0
61504.8389213229,3.5192235,0
61504.9389213277,3.5193808,0
61505.0389213324,3.5193415,0
61505.1389213372,3.5193415,0
61505.2389213419,3.5195384,0
61505.3389213467,3.5195777,0
61505.4389213514,3.5195777,0
61505.5389213562,3.5196171,0
61505.6389213609,3.5196958,0
61505.7389213657,3.5196958,0
61505.8389213704,3.519932,0
61505.9389213752,3.5198534,0
61506.0389213799,3.5200896,0
61506.1389213847,3.5200503,0
61506.2389213894,3.520129,0
61506.3389213942,3.5201683,0
61506.4389213989,3.5202076,0
61506.5389214037,3.5203652,0
61506.6389214084,3.5203259,0
61506.7389214132,3.5204046,0
61506.8389214179,3.5204439,0
61506.9389214227,3.5204046,0
61507.0389214274,3.5206015,0
61507.1389214322,3.5207195,0
61507.2389214369,3.5206409,0
61507.3389214417,3.5206409,0
61507.4389214464,3.5209165,0
61507.5389214512,3.5207982,0
61507.6389214559,3.5209165,0
61507.7389214607,3.5209951,0
61507.8389214654,3.5210345,0
61507.9389214702,3.5210345,0
61508.0389214749,3.5210738,0
61508.1389214796,3.5212708,0
61508.2389214844,3.5212314,0
61508.3389214891,3.5212708,0
61508.4389214939,3.521389,0
61508.5389214986,3.521507,0
61508.6389215034,3.5215464,0
61508.7389215081,3.5214677,0
61508.8389215129,3.5214677,0
61508.9389215176,3.5215464,0
61509.0389215224,3.5216646,0
61509.1389215271,3.521822,0
61509.2389215319,3.5217826,0
61509.3389215366,3.5217826,0
61509.4389215414,3.5219009,0
61509.5389215461,3.5219402,0
61509.6389215509,3.5219796,0
61509.7389215556,3.5220582,0
61509.8389215604,3.5220976,0
61509.9389215651,3.5221369,0
61510.0389215699,3.5222945,0
61510.1389215746,3.5221369,0
61510.2389215794,3.5223732,0
61510.3389215841,3.5223339,0
61510.4389215889,3.5224521,0
61510.5389215936,3.5225308,0
61510.6389215984,3.5224915,0
61510.7389216031,3.5227671,0
61510.8389216079,3.5227277,0
61510.9389216126,3.5226488,0
61511.0389216174,3.5226882,0
61511.1389216221,3.5228064,0
61511.2389216269,3.5227277,0
61511.3389216316,3.5229244,0
61511.4389216364,3.5229244,0
61511.5389216411,3.5230427,0
61511.6389216459,3.5230427,0
61511.7389216506,3.523082,0
61511.8389216554,3.5231607,0
61511.9389216601,3.5231214,0
61512.0389216649,3.5233183,0
61512.1389216696,3.5232396,0
61512.2389216744,3.5233183,0
61512.3389216791,3.5234756,0
61512.4389216839,3.5236726,0
61512.5389216886,3.5235546,0
61512.6389216934,3.5235152,0
61512.7389216981,3.5235546,0
61512.8389217029,3.5236332,0
61512.9389217076,3.5237119,0
61513.0389217124,3.5237908,0
61513.1389217171,3.5239089,0
61513.2389217219,3.5238695,0
61513.3389217266,3.5239089,0
61513.4389217314,3.5240664,0
61513.5389217361,3.5241058,0
61513.6389217409,3.5241451,0
61513.7389217456,3.5240664,0
61513.8389217504,3.5241845,0
61513.9389217551,3.5242238,0
61514.0389217599,3.5242238,0
61514.1389217646,3.5242631,0
61514.2389217694,3.5243814,0
61514.3389217741,3.5244207,0
61514.4389217789,3.5244994,0
61514.5389217836,3.5244994,0
61514.6389217884,3.5244994,0
61514.7389217931,3.5245781,0
61514.8389217979,3.5246964,0
61514.9389218026,3.5246964,0
61515.0389218074,3.5245781,0
61515.1389218121,3.5247357,0
61515.2389218169,3.5248144,0
61515.3729218232,3.7050679,0
61515.3749218233,3.7251487,3.8130784
61515.4749218281,3.8489006,3.9627939
61515.5749218328,3.8578777,3.9641746
61515.6749218376,3.8618152,3.9643718
61515.7749218423,3.8646107,3.9657527
61515.8749218471,3.8668158,3.9645691
61515.9749218518,3.8686268,3.9649636
61516.0749218566,3.8702412,3.9639773
61516.1749218613,3.8716981,3.9651606
61516.2749218661,3.8729973,3.9655554
61516.3749218708,3.8741,3.9647664
61516.4749218756,3.8751628,3.9647664
61516.5749218803,3.8762655,3.9645691
61516.6749218851,3.8772104,3.9653579
61516.7749218898,3.8781159,3.9653579
61516.8749218946,3.8789823,3.96595
61516.9749218993,3.8797302,3.9651606
61517.0749219041,3.8805571,3.9643718
61517.1749219088,3.8813446,3.9649636
61517.2749219136,3.8821714,3.96595
61517.3749219183,3.8827622,3.9651606
61517.4749219231,3.8834708,3.9653579
61517.5749219278,3.8841403,3.9651606
61517.6749219326,3.8848488,3.9649636
61517.7749219373,3.8855577,3.9653579
61517.8749219421,3.8861089,3.9647664
61517.9749219468,3.8867388,3.9653579
61518.0749219516,3.8872507,3.9639773
61518.1749219563,3.8878019,3.9645691
61518.2749219611,3.888432,3.9649636
61518.3749219658,3.8890226,3.9657527
61518.4749219706,3.8895738,3.9643718
61518.5749219753,3.8900464,3.9643718
61518.6749219801,3.8906763,3.9635828
61518.7749219848,3.8911095,3.9643718
61518.8749219896,3.891818,3.9643718
61518.9749219943,3.8920937,3.9645691
61519.0749219991,3.8928025,3.9641746
61519.1749220038,3.8931568,3.9633857
61519.2749220086,3.8936687,3.9653579
61519.3749220133,3.8942199,3.9647664
61519.4749220181,3.8945742,3.9647664
61519.5749220228,3.8951254,3.9649636
61519.6749220276,3.8955586,3.9645691
61519.7749220323,3.8959129,3.9657527
61519.8749220371,3.8964641,3.9651606
61519.9749220418,3.8968973,3.9649636
61520.0749220466,3.8974092,3.9647664
61520.1749220513,3.8977635,3.9641746
61520.2749220561,3.8981574,3.9649636
61520.3749220608,3.8986297,3.9649636
61520.4749220656,3.8990629,3.9657527
61520.5749220703,3.8995354,3.9651606
61520.6749220751,3.8998504,3.9663445
61520.7749220798,3.9002836,3.9647664
61520.8749220846,3.9007165,3.9649636
61520.9749220893,3.9012284,3.9647664
61521.0749220941,3.901504,3.9651606
61521.1749220988,3.9018979,3.96378
61521.2749221036,3.9023309,3.9651606
61521.3749221083,3.9026458,3.9647664
61521.4749221131,3.9031184,3.9655554
61521.5749221178,3.9035909,3.9647664
61521.6749221226,3.9038665,3.9647664
61521.7749221273,3.9041815,3.9655554
61521.8749221321,3.9045751,3.9651606
61521.9749221368,3.9050083,3.9641746
61522.0749221416,3.9054022,3.9649636
61522.1749221463,3.9056382,3.9645691
61522.2749221511,3.9061108,3.9647664
61522.3749221558,3.906347,3.9641746
61522.4749221606,3.9068196,3.9651606
61522.5749221653,3.9070952,3.9655554
61522.6749221701,3.9075282,3.9641746
61522.7749221748,3.9078038,3.9655554
61522.8749221796,3.9081976,3.9655554
61522.9749221843,3.9085913,3.9647664
61523.0749221891,3.9089065,3.9647664
61523.1749221938,3.9092607,3.9653579
61523.2749221986,3.9096544,3.9655554
61523.3749222033,3.90993,3.9641746
61523.4749222081,3.9101663,3.9657527
61523.5749222128,3.9105206,3.9639773
61523.6749222176,3.9109144,3.9655554
61523.7749222223,3.91119,3.9651606
61523.8749222271,3.9115443,3.9639773
61523.9749222318,3.9118593,3.9653579
61524.0749222366,3.9122925,3.96595
61524.1749222413,3.9125288,3.9641746
61524.2749222461,3.912883,3.9641746
61524.3749222508,3.9132769,3.9647664
61524.4749222556,3.9134343,3.9645691
61524.5749222603,3.9139068,3.9645691
61524.6749222651,3.9141037,3.9647664
61524.7749222698,3.9144187,3.9649636
61524.8749222746,3.9146156,3.9635828
61524.9749222793,3.9150486,3.9645691
61525.0749222841,3.9153242,3.9661472
61525.1749222888,3.9155998,3.9653579
61525.2749222936,3.916033,3.9643718
61525.3729222982,3.9161904,3.9647664
61525.4149223002,3.642621,0
61525.514922305,3.5923407,0
61525.6149223097,3.582891,0
61525.7149223145,3.578481,0
61525.8149223192,3.5758035,0
61525.914922324,3.5739136,0
61526.0149223287,3.5723386,0
61526.1149223335,3.5712361,0
61526.2149223382,3.5702519,0
61526.314922343,3.5693855,0
61526.4149223477,3.5685587,0
61526.5149223525,3.5680864,0
61526.6149223572,3.5673776,0
61526.714922362,3.5669839,0
61526.8149223667,3.5665114,0
61526.9149223715,3.5661175,0
61527.0149223762,3.5656846,0
61527.114922381,3.565212,0
61527.2149223857,3.5649757,0
61527.3149223905,3.5646608,0
61527.4149223952,3.5643852,0
61527.5149224,3.5641096,0
61527.6149224047,3.5639126,0
61527.7149224095,3.5635977,0
61527.8149224142,3.5632827,0
61527.914922419,3.5631645,0
61528.0149224237,3.5629284,0
61528.1149224285,3.5627708,0
61528.2149224332,3.5626132,0
61528.314922438,3.5625346,0
61528.4149224427,3.5621803,0
61528.5149224475,3.5620227,0
61528.6149224522,3.5618258,0
61528.714922457,3.5617077,0
61528.8149224617,3.5615897,0
61528.9149224665,3.5614715,0
61529.0149224712,3.5612352,0
61529.114922476,3.5610778,0
61529.2149224807,3.5610778,0
61529.3149224855,3.5609596,0
61529.4149224902,3.5608022,0
61529.514922495,3.5607629,0
61529.6149224997,3.560684,0
61529.7149225045,3.5605266,0
61529.8149225092,3.5604477,0
61529.914922514,3.5602903,0
61530.0149225187,3.5602903,0
61530.1149225235,3.5601327,0
61530.2149225282,3.5600147,0
61530.314922533,3.5599358,0
61530.4149225377,3.5598571,0
61530.5149225425,3.5597785,0
61530.6149225472,3.5597785,0
61530.714922552,3.5594242,0
61530.8149225567,3.5596209,0
61530.9149225615,3.5594635,0
61531.0149225662,3.5595028,0
61531.114922571,3.5593059,0
61531.2149225757,3.5591879,0
61531.3149225805,3.5591879,0
61531.4149225852,3.5590696,0
61531.51492259,3.558991,0
61531.6149225947,3.5590303,0
61531.7149225994,3.5588334,0
61531.8149226042,3.5587547,0
61531.9149226089,3.5587547,0
61532.0149226137,3.5585973,0
61532.1149226184,3.5585577,0
61532.2149226232,3.558676,0
61532.3149226279,3.5585577,0
61532.4149226327,3.5584397,0
61532.5149226374,3.5584791,0
61532.6149226422,3.5584397,0
61532.7149226469,3.5583217,0
61532.8149226517,3.5581641,0
61532.9149226564,3.5582035,0
61533.0149226612,3.5582428,0
61533.1149226659,3.5581641,0
61533.2149226707,3.5581248,0
61533.3149226754,3.5580459,0
61533.4149226802,3.5580459,0
61533.5149226849,3.5579672,0
61533.6149226897,3.5578098,0
61533.7149226944,3.5578885,0
61533.8149226992,3.5578492,0
61533.9149227039,3.5578098,0
61534.0149227087,3.5577309,0
61534.1149227134,3.5577309,0
61534.2149227182,3.5577309,0
61534.3149227229,3.5576522,0
61534.4149227277,3.5576129,0
61534.5149227324,3.5575736,0
61534.6149227372,3.5575342,0
61534.7149227419,3.5574946,0
61534.8149227467,3.5574946,0
61534.9149227514,3.5574553,0
61535.0149227562,3.557416,0
61535.1149227609,3.5575342,0
61535.2149227657,3.5573373,0
61535.3149227704,3.5573373,0
61535.4149227752,3.5572979,0
61535.5149227799,3.557219,0
61535.6149227847,3.5571797,0
61535.7149227894,3.5572979,0
61535.8149227942,3.557219,0
61535.9149227989,3.5570223,0
61536.0149228037,3.5570617,0
61536.1149228084,3.5570617,0
61536.2149228132,3.5571797,0
61536.3149228179,3.5570223,0
61536.4149228227,3.5569434,0
61536.5149228274,3.5569041,0
61536.6149228322,3.5569434,0
61536.7149228369,3.5570223,0
61536.8149228417,3.5567861,0
61536.9149228464,3.5569041,0
61537.0149228512,3.5567861,0
61537.1149228559,3.5568254,0
61537.2149228607,3.5567861,0
61537.3149228654,3.5567074,0
61537.4149228702,3.5567074,0
61537.5149228749,3.5567861,0
61537.6149228797,3.5567074,0
61537.7149228844,3.5566678,0
61537.8149228892,3.5567074,0
61537.9149228939,3.5565498,0
61538.0149228987,3.5566285,0
61538.1149229034,3.5565104,0
61538.2149229082,3.5566285,0
61538.3149229129,3.5565498,0
61538.4149229177,3.5566285,0
61538.5149229224,3.5565104,0
61538.6149229272,3.5565891,0
61538.7149229319,3.5564711,0
61538.8149229367,3.5564318,0
61538.9149229414,3.5563529,0
61539.0149229462,3.5563922,0
61539.1149229509,3.5565104,0
61539.2149229557,3.5564711,0
61539.3149229604,3.5564318,0
61539.4149229652,3.5563529,0
61539.5149229699,3.5563135,0
61539.6149229747,3.5563529,0
61539.7149229794,3.5563529,0
61539.8149229842,3.5563529,0
61539.9149229889,3.5563529,0
61540.0149229937,3.5563135,0
61540.1149229984,3.5563135,0
61540.2149230032,3.5563135,0
61540.3149230079,3.5561955,0
61540.4149230127,3.5563135,0
61540.5149230174,3.5561166,0
61540.6149230222,3.5561559,0
61540.7149230269,3.5562348,0
61540.8149230317,3.5562742,0
61540.9149230364,3.5562348,0
61541.0149230412,3.5561955,0
61541.1149230459,3.5560772,0
61541.2149230507,3.5561166,0
61541.3149230554,3.5560379,0
61541.4149230602,3.5561955,0
61541.5149230649,3.5561955,0
61541.6149230697,3.5561559,0
61541.7149230744,3.5559986,0
61541.8149230792,3.5559199,0
61541.9149230839,3.5560772,0
61542.0149230887,3.5560379,0
61542.1149230934,3.5559986,0
61542.2149230982,3.5560772,0
61542.3149231029,3.5558803,0
61542.4149231077,3.5559199,0
61542.5149231124,3.5559592,0
61542.6149231172,3.5559199,0
61542.7149231219,3.5559199,0
61542.8149231267,3.5559986,0
61542.9149231314,3.5559199,0
61543.0149231362,3.5559592,0
61543.1149231409,3.5559199,0
61543.2149231457,3.5559592,0
61543.3149231504,3.5559592,0
61543.4149231552,3.5559592,0
61543.5149231599,3.5559199,0
61543.6149231647,3.555841,0
61543.7149231694,3.555841,0
61543.8149231742,3.5559986,0
61543.9149231789,3.555841,0
61544.0149231837,3.5559986,0
61544.1149231884,3.5559199,0
61544.2149231932,3.5557623,0
61544.3149231979,3.555841,0
61544.4149232027,3.5558016,0
61544.5149232074,3.5558016,0
61544.6149232122,3.5558016,0
61544.7149232169,3.555841,0
61544.8149232217,3.5557623,0
61544.9149232264,3.5558016,0
61545.0149232312,3.5556836,0
61545.1149232359,3.5558016,0
61545.2149232407,3.5557623,0
61545.3149232454,3.5556836,0
61545.4149232502,3.555526,0
61545.5149232549,3.555841,0
61545.6149232597,3.5557623,0
61545.7149232644,3.555723,0
61545.8149232692,3.5557623,0
61545.9149232739,3.555723,0
61546.0149232787,3.5556836,0
61546.1149232834,3.555841,0
61546.2149232882,3.555723,0
61546.3149232929,3.5558016,0
61546.4149232977,3.5556443,0
61546.5149233024,3.5556443,0
61546.6149233072,3.5558016,0
61546.7149233119,3.5555654,0
61546.8149233167,3.5556836,0
61546.9149233214,3.5556047,0
61547.0149233262,3.5557623,0
61547.1149233309,3.5556443,0
61547.2149233357,3.5556836,0
61547.3149233404,3.5556836,0
61547.4149233452,3.5556443,0
61547.5149233499,3.5556443,0
61547.6149233547,3.555723,0
61547.7149233594,3.5556443,0
61547.8149233642,3.5556047,0
61547.9149233689,3.5555654,0
61548.0149233737,3.5556047,0
61548.1149233784,3.5557623,0
61548.2149233832,3.5556443,0
61548.3149233879,3.5555654,0
61548.4149233927,3.5556836,0
61548.5149233974,3.555526,0
61548.6149234022,3.5555654,0
61548.7149234069,3.555526,0
61548.8149234117,3.5556047,0
61548.9149234164,3.555526,0
61549.0149234212,3.5556047,0
61549.1149234259,3.555526,0
61549.2149234307,3.5556443,0
61549.3149234354,3.555526,0
61549.4149234402,3.5555654,0
61549.5149234449,3.5556443,0
61549.6149234497,3.5556047,0
61549.7149234544,3.5555654,0
61549.8149234592,3.555526,0
61549.9149234639,3.5556443,0
61550.0149234687,3.5556836,0
61550.1149234734,3.5556047,0
61550.2149234782,3.555526,0
61550.3149234829,3.5555654,0
61550.4149234877,3.5556836,0
61550.5149234924,3.5556047,0
61550.6149234972,3.5555654,0
61550.7149235019,3.5555654,0
61550.8149235067,3.5554867,0
61550.9149235114,3.555526,0
61551.0149235162,3.5556047,0
61551.1149235209,3.5555654,0
61551.2149235256,3.555723,0
61551.3149235304,3.5554473,0
61551.4149235351,3.5554867,0
61551.5149235399,3.555526,0
61551.6149235446,3.555526,0
61551.7149235494,3.5555654,0
61551.8149235541,3.5554867,0
61551.9149235589,3.5556443,0
61552.0149235636,3.5556047,0
61552.1149235684,3.5556836,0
61552.2149235731,3.5554867,0
61552.3149235779,3.555526,0
61552.4149235826,3.555408,0
61552.5149235874,3.555408,0
61552.6149235921,3.5555654,0
61552.7149235969,3.5556047,0
61552.8149236016,3.5554867,0
61552.9149236064,3.5554867,0
61553.0149236111,3.555526,0
61553.1149236159,3.5556047,0
61553.2149236206,3.5555654,0
61553.3149236254,3.5554473,0
61553.4149236301,3.5556047,0
61553.5149236349,3.5556047,0
61553.6149236396,3.555526,0
61553.7149236444,3.5556047,0
61553.8149236491,3.5554867,0
61553.9149236539,3.555526,0
61554.0149236586,3.5555654,0
61554.1149236634,3.5556047,0
61554.2149236681,3.5555654,0
61554.3149236729,3.5556047,0
61554.4149236776,3.5556047,0
61554.5149236824,3.5556836,0
61554.6149236871,3.5555654,0
61554.7149236919,3.5554867,0
61554.8149236966,3.5555654,0
61554.9149237014,3.555408,0
61555.0149237061,3.5555654,0
61555.1149237109,3.5554867,0
61555.2149237156,3.5556047,0
61555.3149237204,3.555526,0
61555.4149237251,3.555526,0
61555.5149237299,3.5554473,0
61555.6149237346,3.5556047,0
61555.7149237394,3.5555654,0
61555.8149237441,3.5556836,0
61555.9149237489,3.5556047,0
61556.0149237536,3.5554473,0
61556.1149237584,3.555526,0
61556.2149237631,3.5556047,0
61556.3149237679,3.5554473,0
61556.4149237726,3.5556047,0
61556.5149237774,3.5554473,0
61556.6149237821,3.5555654,0
61556.7149237869,3.5556047,0
61556.8149237916,3.555526,0
61556.9149237964,3.5556836,0
61557.0149238011,3.5556047,0
61557.1149238059,3.5554867,0
61557.2149238106,3.5554473,0
61557.3149238154,3.555526,0
61557.4149238201,3.5555654,0
61557.5149238249,3.5554473,0
61557.6149238296,3.5556047,0
61557.7149238344,3.5555654,0
61557.8149238391,3.5556047,0
61557.9149238439,3.5555654,0
61558.0149238486,3.555408,0
61558.1149238534,3.555526,0
61558.2149238581,3.5556047,0
61558.3149238629,3.5555654,0
61558.4149238676,3.5555654,0
61558.5149238724,3.555526,0
61558.6149238771,3.5554473,0
61558.7149238819,3.555723,0
61558.8149238866,3.5555654,0
61558.9149238914,3.5556047,0
61559.0149238961,3.555526,0
61559.1149239009,3.5556047,0
61559.2149239056,3.5556047,0
61559.3149239104,3.5555654,0
61559.4149239151,3.5556836,0
61559.5149239199,3.5556443,0
61559.6149239246,3.5555654,0
61559.7149239294,3.5555654,0
61559.8149239341,3.5556047,0
61559.9149239389,3.5555654,0
61560.0149239436,3.5555654,0
61560.1149239484,3.555723,0
61560.2149239531,3.5556047,0
61560.3149239579,3.5556047,0
61560.4149239626,3.5556443,0
61560.5149239674,3.555526,0
61560.6149239721,3.5555654,0
61560.7149239769,3.5556047,0
61560.8149239816,3.555526,0
61560.9149239864,3.5556443,0
61561.0149239911,3.555526,0
61561.1149239959,3.5556443,0
61561.2149240006,3.5557623,0
61561.3149240054,3.5556047,0
61561.4149240101,3.5556443,0
61561.5149240149,3.5556443,0
61561.6149240196,3.5556047,0
61561.7149240244,3.5556047,0
61561.8149240291,3.5555654,0
61561.9149240339,3.5556443,0
61562.0149240386,3.555526,0
61562.1149240434,3.5555654,0
61562.2149240481,3.5558016,0
61562.3149240529,3.5557623,0
61562.4149240576,3.5556443,0
61562.5149240624,3.5557623,0
61562.6149240671,3.555723,0
61562.7149240719,3.5556836,0
61562.8149240766,3.5556836,0
61562.9149240814,3.5558016,0
61563.0149240861,3.5556836,0
61563.1149240909,3.5556836,0
61563.2149240956,3.555723,0
61563.3149241004,3.5556047,0
61563.4149241051,3.5557623,0
61563.5149241099,3.5556443,0
61563.6149241146,3.555723,0
61563.7149241194,3.5556836,0
61563.8149241241,3.5557623,0
61563.9149241289,3.5556836,0
61564.0149241336,3.555723,0
61564.1149241384,3.5556836,0
61564.2149241431,3.555723,0
61564.3149241479,3.5557623,0
61564.4149241526,3.555723,0
61564.5149241574,3.5556836,0
61564.6149241621,3.555723,0
61564.7149241669,3.555723,0
61564.8149241716,3.5556836,0
61564.9149241764,3.5556047,0
61565.0149241811,3.555723,0
61565.1149241859,3.5556836,0
61565.2149241906,3.5558016,0
61565.3149241954,3.5557623,0
61565.4489242017,3.5228064,0
61565.4509242018,3.5193415,-0.76873163
61566.4509242493,3.4853618,-0.78332843
61567.4509242968,3.4840624,-0.78352576
61568.4509243443,3.4831963,-0.7856955
61569.4509243918,3.4823694,-0.78392023
61570.4509244393,3.4816213,-0.78332843
61571.4509244868,3.48107,-0.78372296
61572.4509245343,3.4803615,-0.78470929
61573.4509245818,3.4799283,-0.78313123
61574.4509246293,3.4792984,-0.78293396
61575.4509246768,3.4787471,-0.78451196
61576.4509247243,3.4782352,-0.78392023
61577.4509247718,3.477684,-0.78392023
61578.4509248193,3.4773295,-0.7856955
61579.4509248668,3.4767783,-0.78253943
61580.4509249143,3.476306,-0.78332843
61581.4509249618,3.4759514,-0.78313123
61582.4509250093,3.4754002,-0.78352576
61583.4509250568,3.4749279,-0.78313123
61584.4509251043,3.4745734,-0.78372296
61585.4509251518,3.4741797,-0.78392023
61586.4509251993,3.4738252,-0.78194769
61587.4509252468,3.4734709,-0.78411743
61588.4509252943,3.473038,-0.78372296
61589.4509253418,3.4726441,-0.78372296
61590.4509253893,3.4722109,-0.78352576
61591.4509254368,3.4719353,-0.78392023
61592.4509254843,3.4715416,-0.78431476
61593.4509255318,3.4710691,-0.78352576
61594.4509255792,3.4709117,-0.78293396
61595.4509256267,3.4705572,-0.78352576
61596.4509256742,3.4702029,-0.78470929
61597.4509257217,3.4698486,-0.78372296
61598.4509257692,3.4694548,-0.78392023
61599.4509258167,3.4691792,-0.78431476
61600.4509258642,3.4689035,-0.78372296
61601.4509259117,3.4685886,-0.78411743
61602.4509259592,3.4682343,-0.78510376
61603.4509260067,3.467998,-0.78372296
61604.4509260542,3.4676042,-0.78293396
61605.4509261017,3.4672499,-0.78392023
61606.4509261492,3.4669743,-0.78352576
61607.4509261967,3.466738,-0.78372296
61608.4509262442,3.466423,-0.78451196
61609.4509262917,3.4661081,-0.78332843
61610.4509263392,3.4659111,-0.78332843
61611.4509263867,3.4655962,-0.78451196
61612.4509264342,3.4653206,-0.78352576
61613.4509264817,3.465045,-0.78332843
61614.4509265292,3.4648087,-0.78352576
61615.4509265767,3.4646511,-0.78411743
61616.4509266242,3.4642575,-0.78372296
61617.4509266717,3.4640212,-0.78372296
61618.4509267192,3.4637063,-0.78490649
61619.4509267667,3.4635487,-0.78392023
61620.4509268142,3.463155,-0.78332843
61621.4509268617,3.4629974,-0.78352576
61622.4509269092,3.4627218,-0.78372296
61623.4509269567,3.4624069,-0.78372296
61624.4509270042,3.4621706,-0.78293396
61625.4509270517,3.4619739,-0.78392023
61626.4509270992,3.46158,-0.78392023
61627.4509271467,3.4614224,-0.78352576
61628.4509271942,3.4611468,-0.78372296
61629.4509272417,3.4609895,-0.78747076
61630.4509272892,3.4607139,-0.78470929
61631.4509273367,3.4605956,-0.78352576
61632.4509273842,3.4602807,-0.78372296
61633.4509274317,3.4600444,-0.78293396
61634.4509274791,3.4598081,-0.78332843
61635.4509275266,3.4595721,-0.78411743
61636.4509275741,3.4594145,-0.78332843
61637.4509276216,3.4590602,-0.78273669
61638.4509276691,3.4589026,-0.78431476
61639.4509277166,3.4587452,-0.78431476
61640.4509277641,3.4585876,-0.78313123
61641.4509278116,3.4584301,-0.78372296
61642.4509278591,3.4581151,-0.78273669
61643.4509279066,3.4577608,-0.7821449
61644.4509279541,3.4576426,-0.78451196
61645.4509280016,3.4574852,-0.78451196
61646.4509280491,3.4572883,-0.78234222
61647.4509280966,3.4570127,-0.78372296
61648.4509281441,3.4568553,-0.78313123
61649.4509281916,3.4565401,-0.78372296
61650.4509282391,3.4565008,-0.78411743
61651.4509282866,3.4563041,-0.78431476
61652.4509283341,3.4559889,-0.78372296
61653.4509283816,3.4557133,-0.78273669
61654.4509284291,3.4555953,-0.78273669
61655.4509284766,3.4553196,-0.78411743
61656.4509285241,3.4552014,-0.78372296
61657.4509285716,3.4549654,-0.78372296
61658.4509286191,3.4549258,-0.78332843
61659.4509286666,3.4546897,-0.78392023
61660.4509287141,3.4544928,-0.78411743
61661.4509287616,3.4542172,-0.78352576
61662.4509288091,3.4540203,-0.78293396
61663.4509288566,3.4539416,-0.78293396
61664.4509289041,3.453666,-0.78332843
61665.4509289516,3.453469,-0.78332843
61666.4509289991,3.4533904,-0.78273669
61667.4509290466,3.4531934,-0.78332843
61668.4509290941,3.4529572,-0.78392023
61669.4509291416,3.4527602,-0.78372296
61670.4509291891,3.4526029,-0.78392023
61671.4509292366,3.4525242,-0.78392023
61672.4509292841,3.4522879,-0.78332843
61673.4509293315,3.4521303,-0.78451196
61674.450929379,3.4519727,-0.78530096
61675.4509294265,3.4517367,-0.78372296
61676.450929474,3.4516578,-0.78411743
61677.4509295215,3.4513428,-0.78470929
61678.450929569,3.4511459,-0.78392023
61679.4509296165,3.4509885,-0.78352576
61680.450929664,3.4508703,-0.78332843
61681.4509297115,3.4507129,-0.78392023
61682.450929759,3.4505553,-0.78352576
61683.4509298065,3.4502797,-0.78431476
61684.450929854,3.4501617,-0.78372296
61685.4509299015,3.4500434,-0.78530096
61686.450929949,3.4498072,-0.78293396
61687.4509299965,3.4496498,-0.78352576
61688.450930044,3.4495711,-0.78392023
61689.4509300915,3.4494529,-0.78332843
61690.450930139,3.4492166,-0.78313123
61691.4509301865,3.4490199,-0.78253943
61692.450930234,3.448823,-0.78510376
61693.4509302815,3.4487441,-0.78352576
61694.450930329,3.4485474,-0.78451196
61695.4509303765,3.4483111,-0.78332843
61696.450930424,3.4482718,-0.78313123
61697.4509304715,3.4480355,-0.78332843
61698.450930519,3.4478385,-0.78411743
61699.4509305665,3.4478385,-0.78313123
61700.450930614,3.4476023,-0.78352576
61701.4509306615,3.4474843,-0.78234222
61702.450930709,3.4472873,-0.78332843
61703.4509307565,3.4470904,-0.78332843
61704.450930804,3.4469724,-0.78372296
61705.4509308515,3.4468541,-0.78293396
61706.450930899,3.4468148,-0.78253943
61707.4509309465,3.4466574,-0.78372296
61708.450930994,3.4463425,-0.78332843
61709.4509310415,3.4461849,-0.78431476
61710.450931089,3.4461455,-0.78293396
61711.4509311365,3.4459093,-0.78392023
61712.4509311839,3.4458306,-0.78470929
61713.4509312314,3.4457517,-0.78253943
61714.4509312789,3.4454761,-0.78253943
61715.4509313264,3.445358,-0.78352576
61716.4509313739,3.4452004,-0.78313123
61717.4509314214,3.4450824,-0.78273669
61718.4509314689,3.4448855,-0.78352576
61719.4509315164,3.4447281,-0.78352576
61720.4509315639,3.4446492,-0.78293396
61721.4509316114,3.4444525,-0.78253943
61722.4509316589,3.4443736,-0.78352576
61723.4509317064,3.4442163,-0.78411743
61724.4509317539,3.4441769,-0.78549829
61725.4509318014,3.4439013,-0.78352576
61726.4509318489,3.4439406,-0.78313123
61727.4509318964,3.4437044,-0.78470929
61728.4509319439,3.4435861,-0.78293396
61729.4509319914,3.4433894,-0.78352576
61730.4509320389,3.4432712,-0.78392023
61731.4509320864,3.4430742,-0.78352576
61732.4509321339,3.4429562,-0.78431476
61733.4509321814,3.4428382,-0.78411743
61734.4509322289,3.4427199,-0.78490649
61735.4509322764,3.4426806,-0.78332843
61736.4509323239,3.4424837,-0.78431476
61737.4509323714,3.442405,-0.78352576
61738.4509324189,3.4422081,-0.78273669
61739.4509324664,3.44209,-0.78411743
61740.4509325139,3.4418538,-0.78431476
61741.4509325614,3.4416962,-0.78431476
61742.4509326089,3.4416568,-0.78372296
61743.4509326564,3.4414995,-0.78451196
61744.4509327039,3.4413025,-0.78332843
61745.4509327514,3.4412239,-0.78332843
61746.4509327989,3.4411449,-0.78431476
61747.4509328464,3.4410269,-0.7821449
61748.4509328939,3.4409482,-0.78490649
61749.4509329414,3.4406726,-0.78332843
61750.4509329889,3.4406331,-0.78293396
61751.4509330363,3.4404364,-0.78510376
61752.4509330838,3.4404364,-0.78372296
61753.4509331313,3.4401608,-0.78372296
61754.4509331788,3.4400425,-0.78392023
61755.4509332263,3.4399638,-0.78372296
61756.4509332738,3.4397669,-0.78372296
61757.4509333213,3.4396489,-0.78431476
61758.4509333688,3.4396489,-0.78273669
61759.4509334163,3.4392943,-0.78273669
61760.4509334638,3.4394126,-0.78372296
61761.4509335113,3.4392157,-0.7858927
61762.4509335588,3.4390583,-0.78352576
61763.4509336063,3.4388614,-0.78372296
61764.4509336538,3.4387431,-0.78313123
61765.4509337013,3.4386251,-0.78431476
61766.4509337488,3.4384675,-0.78411743
61767.4509337963,3.4383495,-0.78372296
61768.4509338438,3.4383495,-0.78372296
61769.4509338913,3.4381919,-0.78332843
61770.4509339388,3.4380739,-0.78372296
61771.4509339863,3.4379952,-0.78411743
61772.4509340338,3.4378769,-0.78372296
61773.4509340813,3.4376013,-0.7864845
61774.4509341288,3.437562,-0.78293396
61775.4509341763,3.4373651,-0.78510376
61776.4509342238,3.4373257,-0.78392023
61777.4509342713,3.4371684,-0.78470929
61778.4509343188,3.4370501,-0.78273669
61779.4509343663,3.4368927,-0.78431476
61780.4509344138,3.4367745,-0.78392023
61781.4509344613,3.4367352,-0.78332843
61782.4509345088,3.4365382,-0.78293396
61783.4509345563,3.4363415,-0.78352576
61784.4509346038,3.4362626,-0.78273669
61785.4509346513,3.4361446,-0.78313123
61786.4509346988,3.435987,-0.78332843
61787.4509347463,3.435987,-0.78332843
61788.4509347938,3.4357901,-0.78313123
61789.4509348413,3.4357114,-0.78372296
61790.4509348888,3.435554,-0.78411743
61791.4509349362,3.435554,-0.78392023
61792.4509349837,3.4354358,-0.78273669
61793.4509350312,3.4351995,-0.78470929
61794.4509350787,3.4351995,-0.78293396
61795.4509351262,3.4350028,-0.78431476
61796.4509351737,3.4348452,-0.78411743
61797.4509352212,3.4347665,-0.78332843
61798.4509352687,3.4346089,-0.78293396
61799.4509353162,3.4346089,-0.78372296
61800.4509353637,3.4344516,-0.78392023
61801.4509354112,3.4343333,-0.78313123
61802.4509354587,3.434176,-0.78411743
61803.4509355062,3.434176,-0.78392023
61804.4509355537,3.4339397,-0.78411743
61805.4509356012,3.4337821,-0.78372296
61806.4509356487,3.4337034,-0.78470929
61807.4509356962,3.4335852,-0.78451196
61808.4509357437,3.4335065,-0.78332843
61809.4509357912,3.4332702,-0.78372296
61810.4509358387,3.4333096,-0.78273669
61811.4509358862,3.4331522,-0.78352576
61812.4509359337,3.4330733,-0.78411743
61813.4509359812,3.4329553,-0.78293396
61814.4509360287,3.4328372,-0.78392023
61815.4509360762,3.4326403,-0.78273669
61816.4509361237,3.432601,-0.78253943
61817.4509361712,3.4324827,-0.78352576
61818.4509362187,3.432404,-0.78253943
61819.4509362662,3.432286,-0.78253943
61820.4509363137,3.4320891,-0.78372296
61821.4509363612,3.4319315,-0.78352576
61822.4509364087,3.4318135,-0.78372296
61823.4509364562,3.4317741,-0.78332843
61824.4509365037,3.4316559,-0.78253943
61825.4509365512,3.4316165,-0.78470929
61826.4509365987,3.4314196,-0.7858927
61827.4509366462,3.4313016,-0.78372296
61828.4509366937,3.431144,-0.78392023
61829.4509367412,3.431144,-0.78470929
61830.4509367886,3.431026,-0.78332843
61831.4509368361,3.4309866,-0.78451196
61832.4509368836,3.4309077,-0.78392023
61833.4509369311,3.4306321,-0.78332843
61834.4509369786,3.4305928,-0.7821449
61835.4509370261,3.4305141,-0.78332843
61836.4509370736,3.4303961,-0.78411743
61837.4509371211,3.4302385,-0.78490649
61838.4509371686,3.4301598,-0.78372296
61839.4509372161,3.4300022,-0.78372296
61840.4509372636,3.4298842,-0.78332843
61841.4509373111,3.4298446,-0.78253943
61842.4509373586,3.4296479,-0.78431476
61843.4509374061,3.429569,-0.78372296
61844.4509374536,3.4293723,-0.78372296
61845.4509375011,3.4294116,-0.78293396
61846.4509375486,3.4292934,-0.78451196
61847.4509375961,3.4292541,-0.78411743
61848.4509376436,3.4290967,-0.78332843
61849.4509376911,3.4290178,-0.78687903
61850.4509377386,3.4288604,-0.78372296
61851.4509377861,3.4287028,-0.78392023
61852.4509378336,3.4287028,-0.78332843
61853.4509378811,3.4285848,-0.78411743
61854.4509379286,3.4285061,-0.78352576
61855.4509379761,3.4283485,-0.78411743
61856.4509380236,3.4281516,-0.78411743
61857.4509380711,3.4281909,-0.78431476
61858.4509381186,3.4280336,-0.78372296
61859.4509381661,3.427876,-0.78273669
61860.4509382136,3.427876,-0.78313123
61861.4509382611,3.4277186,-0.78392023
61862.4509383086,3.4276004,-0.78372296
61863.4509383561,3.4274824,-0.78372296
61864.4509384036,3.4273641,-0.78490649
61865.4509384511,3.4272854,-0.78470929
61866.4509384986,3.4270885,-0.78293396
61867.4509385461,3.4270885,-0.78470929
61868.4509385936,3.4268918,-0.78332843
61869.450938641,3.4268129,-0.78411743
61870.4509386885,3.4268129,-0.78313123
61871.450938736,3.4266555,-0.78372296
61872.4509387835,3.4264586,-0.78352576
61873.450938831,3.4264979,-0.78392023
61874.4509388785,3.4263799,-0.78352576
61875.450938926,3.4262223,-0.78470929
61876.4509389735,3.4260647,-0.78451196
61877.450939021,3.4260254,-0.78155322
61878.4509390685,3.4257891,-0.78332843
61879.450939116,3.4257891,-0.78273669
61880.4509391635,3.4257498,-0.78451196
61881.450939211,3.4256711,-0.78451196
61882.4509392585,3.4254742,-0.78490649
61883.450939306,3.4254348,-0.78372296
61884.4509393535,3.4251986,-0.78352576
61885.450939401,3.4251986,-0.78411743
61886.4509394485,3.4250805,-0.78253943
61887.450939496,3.4250805,-0.78490649
61888.4509395435,3.4248049,-0.78352576
61889.450939591,3.4247656,-0.78392023
61890.4509396385,3.424608,-0.78332843
61891.450939686,3.4246867,-0.78352576
61892.4509397335,3.4244504,-0.78392023
61893.450939781,3.4243717,-0.78411743
61894.4509398285,3.4242144,-0.78332843
61895.450939876,3.4242144,-0.78313123
61896.4509399235,3.4240568,-0.78431476
61897.450939971,3.4240174,-0.78313123
61898.4509400185,3.4239388,-0.78431476
61899.450940066,3.4238205,-0.78253943
61900.4509401135,3.4236236,-0.78451196
61901.450940161,3.4236631,-0.78352576
61902.4509402085,3.4234662,-0.78431476
61903.450940256,3.4233086,-0.78273669
61904.4509403035,3.4233479,-0.78372296
61905.450940351,3.4231906,-0.78253943
61906.4509403985,3.423033,-0.78194769
61907.450940446,3.4229937,-0.78332843
61908.4509404934,3.4228756,-0.78372296
61909.4509405409,3.4227574,-0.78332843
61910.4509405884,3.4227574,-0.78392023
61911.4509406359,3.4226787,-0.78372296
61912.4509406834,3.4224818,-0.78392023
61913.4509407309,3.4223638,-0.78510376
61914.4509407784,3.4222455,-0.78352576
61915.4509408259,3.4221668,-0.78392023
61916.4509408734,3.4221275,-0.78273669
61917.4509409209,3.4220881,-0.78332843
61918.4509409684,3.4218912,-0.78431476
61919.4509410159,3.4218519,-0.78313123
61920.4509410634,3.4215763,-0.78411743
61921.4509411109,3.4216156,-0.78332843
61922.4509411584,3.421458,-0.78293396
61923.4509412059,3.4214187,-0.78352576
61924.4509412534,3.42134,-0.78392023
61925.4509413009,3.421222,-0.78332843
61926.4509413484,3.4209857,-0.78332843
61927.4509413959,3.4209461,-0.78313123
61928.4509414434,3.4209461,-0.78352576
61929.4509414909,3.4208281,-0.78392023
61930.4509415384,3.4207888,-0.78431476
61931.4509415859,3.4207101,-0.78372296
61932.4509416334,3.4205918,-0.78372296
61933.4509416809,3.4203949,-0.78313123
61934.4509417284,3.4203556,-0.78372296
61935.4509417759,3.4202375,-0.78313123
61936.4509418234,3.4201982,-0.78451196
61937.4509418709,3.4198833,-0.78313123
61938.4509419184,3.4199619,-0.78490649
61939.4509419659,3.4198833,-0.78372296
61940.4509420134,3.4197257,-0.78431476
61941.4509420609,3.4195681,-0.78411743
61942.4509421084,3.4195681,-0.78372296
61943.4509421559,3.419332,-0.78490649
61944.4509422034,3.4194107,-0.78392023
61945.4509422509,3.4192924,-0.78451196
61946.4509422984,3.4192138,-0.78411743
61947.4509423458,3.4189382,-0.78332843
61948.4509423933,3.4190168,-0.78451196
61949.4509424408,3.4188595,-0.78392023
61950.4509424883,3.4188595,-0.78372296
61951.4509425358,3.4185839,-0.78372296
61952.4509425833,3.4185445,-0.78313123
61953.4509426308,3.418505,-0.78352576
61954.4509426783,3.4183869,-0.78372296
61955.4509427258,3.4182689,-0.78313123
61956.4509427733,3.4183476,-0.78273669
61957.4509428208,3.4181113,-0.78451196
61958.4509428683,3.4179537,-0.78431476
61959.4509429158,3.4179144,-0.78332843
61960.4509429633,3.417757,-0.78411743
61961.4509430108,3.4176781,-0.78411743
61962.4509430583,3.4175994,-0.78510376
61963.4509431058,3.4175994,-0.78313123
61964.4509431533,3.4174421,-0.78313123
61965.4509432008,3.4173238,-0.78411743
61966.4509432483,3.4174421,-0.78372296
61967.4509432958,3.4172451,-0.78194769
61968.4509433433,3.4170482,-0.78431476
61969.4509433908,3.4170482,-0.78451196
61970.4509434383,3.4168513,-0.78470929
61971.4509434858,3.4167333,-0.78372296
61972.4509435333,3.4166939,-0.78372296
61973.4509435808,3.4166939,-0.78313123
61974.4509436283,3.416497,-0.78411743
61975.4509436758,3.4164577,-0.78273669
61976.4509437233,3.4162607,-0.78530096
61977.4509437708,3.4163394,-0.78392023
61978.4509438183,3.4161034,-0.78253943
61979.4509438658,3.4161427,-0.78411743
61980.4509439133,3.4159064,-0.78293396
61981.4509439608,3.4158278,-0.78352576
61982.4509440083,3.4158278,-0.78332843
61983.4509440558,3.4155915,-0.78253943
61984.4509441033,3.4155521,-0.78273669
61985.4509441508,3.4155521,-0.78431476
61986.4509441983,3.4153159,-0.78392023
61987.4509442457,3.4153159,-0.78392023
61988.4509442932,3.4152369,-0.78431476
61989.4509443407,3.4150007,-0.78392023
61990.4509443882,3.4150796,-0.78431476
61991.4509444357,3.4148433,-0.78352576
61992.4509444832,3.414804,-0.78451196
61993.4509445307,3.414804,-0.78372296
61994.4509445782,3.4146857,-0.78411743
61995.4509446257,3.4145677,-0.78313123
61996.4509446732,3.414607,-0.78332843
61997.4509447207,3.4144495,-0.78372296
61998.4509447682,3.4142921,-0.78411743
61999.4509448157,3.4141345,-0.78332843
62000.4509448632,3.4141345,-0.78411743
62001.4509449107,3.4140165,-0.78313123
62002.4509449582,3.4138196,-0.78313123
62003.4509450057,3.4138196,-0.78392023
62004.4509450532,3.4137409,-0.78332843
62005.4509451007,3.4136226,-0.78352576
62006.4509451482,3.4136226,-0.78352576
62007.4509451957,3.413347,-0.78332843
62008.4509452432,3.4133077,-0.78431476
62009.4509452907,3.4131107,-0.78332843
62010.4509453382,3.4131896,-0.78392023
62011.4509453857,3.4130321,-0.78392023
62012.4509454332,3.4129927,-0.78431476
62013.4509454807,3.4127564,-0.78332843
62014.4509455282,3.4128351,-0.78332843
62015.4509455757,3.4126384,-0.78392023
62016.4509456232,3.4126384,-0.78234222
62017.4509456707,3.4125202,-0.78431476
62018.4509457182,3.4124022,-0.78392023
62019.4509457657,3.4122446,-0.78451196
62020.4509458132,3.4122052,-0.7866817
62021.4509458607,3.4122052,-0.78372296
62022.4509459082,3.4119689,-0.78313123
62023.4509459557,3.4120479,-0.78372296
62024.4509460032,3.4118509,-0.78372296
62025.4509460507,3.4117327,-0.78490649
62026.4509460981,3.411654,-0.78392023
62027.4509461456,3.411654,-0.78411743
62028.4509461931,3.411536,-0.78332843
62029.4509462406,3.411536,-0.78352576
62030.4509462881,3.4114177,-0.78352576
62031.4509463356,3.4111421,-0.78352576
62032.4509463831,3.4111814,-0.78273669
62033.4509464306,3.4110241,-0.78411743
62034.4509464781,3.4108272,-0.78411743
62035.4509465256,3.4108665,-0.78392023
62036.4509465731,3.4109058,-0.78332843
62037.4509466206,3.4107485,-0.78313123
62038.4509466681,3.4105909,-0.78194769
62039.4509467156,3.4104729,-0.78392023
62040.4509467631,3.4104335,-0.78392023
62041.4509468106,3.4103546,-0.78451196
62042.4509468581,3.4102759,-0.78293396
62043.4509469056,3.4101183,-0.78293396
62044.4509469531,3.4101183,-0.78549829
62045.4509470006,3.4100003,-0.78352576
62046.4509470481,3.4099216,-0.78352576
62047.4509470956,3.4097247,-0.78332843
62048.4509471431,3.4097247,-0.78352576
62049.4509471906,3.4095278,-0.78293396
62050.4509472381,3.4094491,-0.78293396
62051.4509472856,3.4094884,-0.78411743
62052.4509473331,3.4093704,-0.78273669
62053.4509473806,3.4093308,-0.78332843
62054.4509474281,3.4090948,-0.78431476
62055.4509474756,3.4090159,-0.78372296
62056.4509475231,3.4090948,-0.78293396
62057.4509475706,3.4089372,-0.78332843
62058.4509476181,3.4088192,-0.78372296
62059.4509476656,3.4087796,-0.7856955
62060.4509477131,3.4085436,-0.78253943
62061.4509477606,3.4085436,-0.78313123
62062.4509478081,3.4084253,-0.78411743
62063.4509478556,3.408386,-0.78431476
62064.4509479031,3.4083467,-0.78431476
62065.4509479505,3.4082284,-0.78372296
62066.450947998,3.408071,-0.78313123
62067.4509480455,3.4079921,-0.78392023
62068.450948093,3.4079134,-0.78332843
62069.4509481405,3.4079528,-0.78490649
62070.450948188,3.4077165,-0.78510376
62071.4509482355,3.4076378,-0.78392023
62072.450948283,3.4075985,-0.78411743
62073.4509483305,3.4074016,-0.78372296
62074.450948378,3.4073229,-0.78372296
62075.4509484255,3.4072835,-0.78352576
62076.450948473,3.4072835,-0.78352576
62077.4509485205,3.4072049,-0.78411743
62078.450948568,3.4070866,-0.78451196
62079.4509486155,3.4070079,-0.78293396
62080.450948663,3.4068503,-0.78372296
62081.4509487105,3.4068503,-0.78411743
62082.450948758,3.4067717,-0.78313123
62083.4509488055,3.4065747,-0.78411743
62084.450948853,3.4065747,-0.78313123
62085.4509489005,3.4064174,-0.78352576
62086.450948948,3.4064174,-0.78372296
62087.4509489955,3.4062598,-0.78293396
62088.450949043,3.4061811,-0.78313123
62089.4509490905,3.4061022,-0.78352576
62090.450949138,3.4060628,-0.78372296
62091.4509491855,3.4059448,-0.78313123
62092.450949233,3.4059448,-0.78352576
62093.4509492805,3.4058266,-0.78411743
62094.450949328,3.4057086,-0.78392023
62095.4509493755,3.405551,-0.78352576
62096.450949423,3.4055905,-0.78372296
62097.4509494705,3.405551,-0.78411743
62098.450949518,3.4054723,-0.78332843
62099.4509495655,3.4053543,-0.78411743
62100.450949613,3.4051573,-0.78352576
62101.4509496605,3.4051573,-0.78352576
62102.450949708,3.4049604,-0.78332843
62103.4509497555,3.4049997,-0.78313123
62104.4509498029,3.4048424,-0.78313123
62105.4509498504,3.404803,-0.78332843
62106.4509498979,3.4047637,-0.78332843
62107.4509499454,3.4046454,-0.78470929
62108.4509499929,3.4045668,-0.78352576
62109.4509500404,3.4044092,-0.78253943
62110.4509500879,3.4042912,-0.78431476
62111.4509501354,3.4043305,-0.78470929
62112.4509501829,3.4042122,-0.78313123
62113.4509502304,3.4041336,-0.78392023
62114.4509502779,3.4040942,-0.78372296
62115.4509503254,3.4038973,-0.78332843
62116.4509503729,3.4039366,-0.78451196
62117.4509504204,3.4037399,-0.78332843
62118.4509504679,3.4037006,-0.78313123
62119.4509505154,3.4036217,-0.78411743
62120.4509505629,3.403543,-0.78332843
62121.4509506104,3.4033854,-0.78490649
62122.4509506579,3.4033461,-0.78411743
62123.4509507054,3.4031887,-0.78234222
62124.4509507529,3.4032674,-0.78392023
62125.4509508004,3.4031494,-0.78411743
62126.4509508479,3.4031098,-0.78372296
62127.4509508954,3.4029918,-0.78313123
62128.4509509429,3.4028342,-0.78451196
62129.4509509904,3.4027555,-0.78273669
62130.4509510379,3.4027162,-0.78293396
62131.4509510854,3.4026375,-0.78431476
62132.4509511329,3.4025586,-0.78431476
62133.4509511804,3.4023619,-0.78352576
62134.4509512279,3.4024405,-0.78332843
62135.4509512754,3.4023619,-0.78431476
62136.4509513229,3.4022436,-0.78549829
62137.4509513704,3.4021256,-0.78490649
62138.4509514179,3.4022043,-0.78609003
62139.4509514654,3.4020073,-0.78352576
62140.4509515129,3.401968,-0.78273669
62141.4509515604,3.4018893,-0.78431476
62142.4509516079,3.4016924,-0.78293396
62143.4509516554,3.4016531,-0.78273669
62144.4509517028,3.4014955,-0.78431476
62145.4509517503,3.4014168,-0.78392023
62146.4509517978,3.4013774,-0.78392023
62147.4509518453,3.4012594,-0.78332843
62148.4509518928,3.4012594,-0.78273669
62149.4509519403,3.4011018,-0.78352576
62150.4509519878,3.4009442,-0.78293396
62151.4509520353,3.4009049,-0.78392023
62152.4509520828,3.4007869,-0.78392023
62153.4509521303,3.4009049,-0.78431476
62154.4509521778,3.4007475,-0.78352576
62155.4509522253,3.4006686,-0.78411743
62156.4509522728,3.4005113,-0.78313123
62157.4509523203,3.4004719,-0.78332843
62158.4509523678,3.4003143,-0.78332843
62159.4509524153,3.4003143,-0.78273669
62160.4509524628,3.4001963,-0.78332843
62161.4509525103,3.400275,-0.78372296
62162.4509525578,3.4000781,-0.78451196
62163.4509526053,3.39996,-0.78273669
62164.4509526528,3.3999994,-0.78490649
62165.4509527003,3.3998811,-0.78451196
62166.4509527478,3.3997238,-0.78352576
62167.4509527953,3.3996451,-0.78332843
62168.4509528428,3.3996055,-0.78273669
62169.4509528903,3.3994875,-0.78352576
62170.4509529378,3.3994482,-0.78313123
62171.4509529853,3.3993695,-0.78392023
62172.4509530328,3.3992906,-0.78372296
62173.4509530803,3.3992119,-0.78431476
62174.4509531278,3.3990939,-0.78332843
62175.4509531753,3.3990543,-0.78253943
62176.4509532228,3.3988969,-0.78411743
62177.4509532703,3.3988183,-0.78372296
62178.4509533178,3.3988576,-0.78372296
62179.4509533653,3.3987393,-0.78451196
62180.4509534128,3.398582,-0.78372296
62181.4509534603,3.3985424,-0.78372296
62182.4509535078,3.3985424,-0.78273669
62183.4509535552,3.398385,-0.78411743
62184.4509536027,3.3983064,-0.78490649
62185.4509536502,3.3981881,-0.7856955
62186.4509536977,3.3981488,-0.7821449
62187.4509537452,3.3981094,-0.78352576
62188.4509537927,3.3980308,-0.78313123
62189.4509538402,3.3978338,-0.78313123
62190.4509538877,3.3978338,-0.78352576
62191.4509539352,3.3977551,-0.78332843
62192.4509539827,3.3976762,-0.78332843
62193.4509540302,3.3975582,-0.78313123
62194.4509540777,3.3974006,-0.78313123
62195.4509541252,3.39744,-0.78253943
62196.4509541727,3.3973613,-0.78293396
62197.4509542202,3.3972433,-0.78470929
62198.4509542677,3.3972039,-0.78411743
62199.4509543152,3.3971643,-0.78332843
62200.4509543627,3.3970857,-0.78470929
62201.4509544102,3.3969676,-0.78332843
62202.4509544577,3.3968101,-0.78332843
62203.4509545052,3.3968101,-0.78411743
62204.4509545527,3.3967707,-0.78392023
62205.4509546002,3.396692,-0.78313123
62206.4509546477,3.3964951,-0.78392023
62207.4509546952,3.3964951,-0.78352576
62208.4509547427,3.3964164,-0.78411743
62209.4509547902,3.3964164,-0.78470929
62210.4509548377,3.3962982,-0.78332843
62211.4509548852,3.3961408,-0.78372296
62212.4509549327,3.3960226,-0.78549829
62213.4509549802,3.3960619,-0.78234222
62214.4509550277,3.3959832,-0.78431476
62215.4509550752,3.3957863,-0.78313123
62216.4509551227,3.3957469,-0.78392023
62217.4509551702,3.3957863,-0.78352576
62218.4509552177,3.3955896,-0.78352576
62219.4509552652,3.3955896,-0.78411743
62220.4509553127,3.3955107,-0.78431476
62221.4509553602,3.395432,-0.78411743
62222.4509554076,3.395314,-0.78313123
62223.4509554551,3.3951957,-0.78392023
62224.4509555026,3.395117,-0.78470929
62225.4509555501,3.3949988,-0.78392023
62226.4509555976,3.3949988,-0.78273669
62227.4509556451,3.3948414,-0.78253943
62228.4509556926,3.3947625,-0.78313123
62229.4509557401,3.3946838,-0.78431476
62230.4509557876,3.3946052,-0.78313123
62231.4509558351,3.3945265,-0.78273669
62232.4509558826,3.3943689,-0.78332843
62233.4509559301,3.3944082,-0.78490649
62234.4509559776,3.3942902,-0.78293396
62235.4509560251,3.3943295,-0.7858927
62236.4509560726,3.3940933,-0.78431476
62237.4509561201,3.3939753,-0.78392023
62238.4509561676,3.3939753,-0.78431476
62239.4509562151,3.393857,-0.78293396
62240.4509562626,3.3938963,-0.78470929
62241.4509563101,3.3938177,-0.78451196
62242.4509563576,3.3936207,-0.78352576
62243.4509564051,3.3936996,-0.78510376
62244.4509564526,3.3935027,-0.78470929
62245.4509565001,3.393424,-0.78372296
62246.4509565476,3.3934634,-0.78332843
62247.4509565951,3.3932664,-0.78352576
62248.4509566426,3.3931878,-0.78392023
62249.4509566901,3.3931482,-0.78372296
62250.4509567376,3.3930302,-0.78372296
62251.4509567851,3.3929515,-0.78392023
62252.4509568326,3.3928726,-0.78293396
62253.4509568801,3.3928726,-0.78332843
62254.4509569276,3.3927152,-0.78451196
62255.4509569751,3.3926365,-0.78372296
62256.4509570226,3.392597,-0.78273669
62257.4509570701,3.3924396,-0.78392023
62258.4509571176,3.3923213,-0.78392023
62259.4509571651,3.3923213,-0.78313123
62260.4509572126,3.392282,-0.78293396
62261.45095726,3.392164,-0.78431476
62262.4509573075,3.3921247,-0.78313123
62263.450957355,3.3921247,-0.78313123
62264.4509574025,3.391849,-0.78431476
62265.45095745,3.3919671,-0.78352576
62266.4509574975,3.3917701,-0.78431476
62267.450957545,3.3915734,-0.78451196
62268.4509575925,3.3915734,-0.78451196
62269.45095764,3.3914945,-0.78273669
62270.4509576875,3.3914945,-0.78431476
62271.450957735,3.3914158,-0.78392023
62272.4509577825,3.3913765,-0.78352576
62273.45095783,3.3912189,-0.78372296
62274.4509578775,3.3911009,-0.78451196
62275.450957925,3.3911009,-0.78352576
62276.4509579725,3.3909433,-0.78313123
62277.45095802,3.3909433,-0.78273669
62278.4509580675,3.3907859,-0.78392023
62279.450958115,3.3907466,-0.78352576
62280.4509581625,3.390707,-0.78293396
62281.45095821,3.3905497,-0.78470929
62282.4509582575,3.390589,-0.78332843
62283.450958305,3.3905497,-0.78332843
62284.4509583525,3.3903134,-0.78372296
62285.4509584,3.390274,-0.78372296
62286.4509584475,3.390274,-0.78392023
62287.450958495,3.3902347,-0.78392023
62288.4509585425,3.3901165,-0.78530096
62289.45095859,3.3899591,-0.78313123
62290.4509586375,3.3898802,-0.78332843
62291.450958685,3.3898802,-0.78392023
62292.4509587325,3.3896835,-0.78352576
62293.45095878,3.3896046,-0.78451196
62294.4509588275,3.3896046,-0.78372296
62295.450958875,3.3894866,-0.78392023
62296.4509589225,3.3894079,-0.78352576
62297.45095897,3.3892896,-0.7856955
62298.4509590175,3.389329,-0.78392023
62299.450959065,3.3891323,-0.78372296
62300.4509591125,3.3890533,-0.78313123
62301.4509591599,3.3889747,-0.78392023
62302.4509592074,3.3888566,-0.78332843
62303.4509592549,3.388896,-0.78332843
62304.4509593024,3.3888171,-0.78431476
62305.4509593499,3.3887384,-0.78313123
62306.4509593974,3.3886204,-0.78372296
62307.4509594449,3.3886597,-0.78411743
62308.4509594924,3.3885021,-0.78332843
62309.4509595399,3.3883448,-0.78352576
62310.4509595874,3.3883054,-0.78313123
62311.4509596349,3.3883054,-0.78352576
62312.4509596824,3.3881478,-0.78352576
62313.4509597299,3.3880298,-0.78313123
62314.4509597774,3.3879116,-0.78352576
62315.4509598249,3.3877935,-0.78273669
62316.4509598724,3.3878329,-0.78451196
62317.4509599199,3.3877935,-0.78549829
62318.4509599674,3.3877542,-0.78392023
62319.4509600149,3.3875573,-0.78411743
62320.4509600624,3.3875573,-0.78352576
62321.4509601099,3.3873997,-0.78352576
62322.4509601574,3.387321,-0.78490649
62323.4509602049,3.3872423,-0.78352576
62324.4509602524,3.3872423,-0.78411743
62325.4509602999,3.3870847,-0.78510376
62326.4509603474,3.387006,-0.78313123
62327.4509603949,3.3868484,-0.78332843
62328.4509604424,3.387006,-0.78411743
62329.4509604899,3.3867698,-0.78313123
62330.4509605374,3.3867304,-0.78372296
62331.4509605849,3.3866122,-0.78510376
62332.4509606324,3.3865335,-0.78411743
62333.4509606799,3.3865335,-0.78549829
62334.4509607274,3.3864548,-0.78411743
62335.4509607749,3.3862972,-0.78332843
62336.4509608224,3.3862185,-0.78332843
62337.4509608699,3.3861399,-0.78313123
62338.4509609174,3.3859823,-0.78332843
62339.4509609649,3.3859429,-0.78332843
62340.4509610123,3.3859429,-0.78510376
62341.4509610598,3.3859429,-0.78332843
62342.4509611073,3.385746,-0.78411743
62343.4509611548,3.385746,-0.78293396
62344.4509612023,3.3857853,-0.78431476
62345.4509612498,3.3856673,-0.78470929
62346.4509612973,3.3855491,-0.78352576
62347.4509613448,3.3853917,-0.78431476
62348.4509613923,3.3853524,-0.78332843
62349.4509614398,3.3852341,-0.78470929
62350.4509614873,3.3851554,-0.78411743
62351.4509615348,3.3851161,-0.78431476
62352.4509615823,3.3849978,-0.78372296
62353.4509616298,3.3849192,-0.78392023
62354.4509616773,3.3848405,-0.78372296
62355.4509617248,3.3848798,-0.78352576
62356.4509617723,3.3846042,-0.78332843
62357.4509618198,3.3846042,-0.78392023
62358.4509618673,3.3845255,-0.78372296
62359.4509619148,3.3845255,-0.78490649
62360.4509619623,3.384486,-0.78411743
62361.4509620098,3.3842499,-0.78411743
62362.4509620573,3.3842103,-0.78549829
62363.4509621048,3.384171,-0.78609003
62364.4509621523,3.384053,-0.78273669
62365.4509621998,3.384053,-0.78352576
62366.4509622473,3.3839743,-0.78431476
62367.4509622948,3.3838167,-0.78451196
62368.4509623423,3.3836985,-0.78431476
62369.4509623898,3.3836985,-0.78372296
62370.4509624373,3.3836198,-0.78253943
62371.4509624848,3.3835018,-0.78293396
62372.4509625323,3.3834624,-0.78332843
62373.4509625798,3.3833048,-0.78451196
62374.4509626273,3.3833835,-0.78372296
62375.4509626748,3.3831472,-0.78313123
62376.4509627223,3.3830686,-0.78352576
62377.4509627698,3.3829899,-0.78332843
62378.4509628173,3.3829899,-0.78313123
62379.4509628647,3.3828323,-0.78293396
62380.4509629122,3.3828323,-0.78510376
62381.4509629597,3.3827143,-0.78352576
62382.4509630072,3.3826749,-0.78431476
62383.4509630547,3.382596,-0.78530096
62384.4509631022,3.382596,-0.78431476
62385.4509631497,3.382478,-0.78609003
62386.4509631972,3.38236,-0.78352576
62387.4509632447,3.382163,-0.78293396
62388.4509632922,3.3822024,-0.78628723
62389.4509633397,3.382163,-0.78372296
62390.4509633872,3.3819661,-0.78411743
62391.4509634347,3.3819268,-0.78313123
62392.4509634822,3.3818085,-0.78313123
62393.4509635297,3.3818481,-0.78352576
62394.4509635772,3.3817692,-0.78253943
62395.4509636247,3.3816905,-0.78332843
62396.4509636722,3.3814936,-0.78411743
62397.4509637197,3.3814149,-0.78411743
62398.4509637672,3.3814542,-0.78352576
62399.4509638147,3.3812573,-0.78431476
62400.4509638622,3.381218,-0.78431476
62401.4509639097,3.381218,-0.78352576
62402.4509639572,3.3810213,-0.78313123
62403.4509640047,3.3809817,-0.78332843
62404.4509640522,3.380903,-0.78431476
62405.4509640997,3.3808243,-0.78372296
62406.4509641472,3.380785,-0.78411743
62407.4509641947,3.3806667,-0.78352576
62408.4509642422,3.3805487,-0.78352576
62409.4509642897,3.3804305,-0.78253943
62410.4509643372,3.3805881,-0.78451196
62411.4509643847,3.3803518,-0.78431476
62412.4509644322,3.3803518,-0.78392023
62413.4509644797,3.3802338,-0.78293396
62414.4509645272,3.3801155,-0.78332843
62415.4509645747,3.3799975,-0.78372296
62416.4509646222,3.3800368,-0.78392023
62417.4509646697,3.3799582,-0.78352576
62418.4509647171,3.3798006,-0.78352576
62419.4509647646,3.3797219,-0.78609003
62420.4509648121,3.379643,-0.78293396
62421.4509648596,3.3795643,-0.78392023
62422.4509649071,3.3795249,-0.78332843
62423.4509649546,3.3794463,-0.78372296
62424.4509650021,3.379328,-0.78253943
62425.4509650496,3.3793674,-0.78372296
62426.4509650971,3.3792493,-0.78372296
62427.4509651446,3.37921,-0.78352576
62428.4509651921,3.3790917,-0.78293396
62429.4509652396,3.3789737,-0.78490649
62430.4509652871,3.3789737,-0.78273669
62431.4509653346,3.3787768,-0.78332843
62432.4509653821,3.3786981,-0.78372296
62433.4509654296,3.3786588,-0.78470929
62434.4509654771,3.3783832,-0.78313123
62435.4509655246,3.3784618,-0.78372296
62436.4509655721,3.3783438,-0.78332843
62437.4509656196,3.3782649,-0.78451196
62438.4509656671,3.3783832,-0.78313123
62439.4509657146,3.3781469,-0.78411743
62440.4509657621,3.3779893,-0.78431476
62441.4509658096,3.3779893,-0.78411743
62442.4509658571,3.3779106,-0.78392023
62443.4509659046,3.3778319,-0.78451196
62444.4509659521,3.3777926,-0.78352576
62445.4509659996,3.377635,-0.78411743
62446.4509660471,3.377517,-0.78411743
62447.4509660946,3.3775563,-0.78293396
62448.4509661421,3.3774381,-0.78234222
62449.4509661896,3.3774774,-0.78372296
62450.4509662371,3.3773201,-0.78392023
62451.4509662846,3.3772414,-0.78352576
62452.4509663321,3.3771625,-0.78313123
62453.4509663796,3.3770838,-0.78530096
62454.4509664271,3.3768868,-0.78372296
62455.4509664746,3.3768868,-0.78392023
62456.4509665221,3.3767295,-0.78392023
62457.4509665696,3.3767295,-0.78392023
62458.450966617,3.3767295,-0.78332843
62459.4509666645,3.3766112,-0.78313123
62460.450966712,3.3764932,-0.78392023
62461.4509667595,3.3766112,-0.78392023
62462.450966807,3.3764143,-0.78293396
62463.4509668545,3.3762176,-0.78273669
62464.450966902,3.3762963,-0.7821449
62465.4509669495,3.3761387,-0.78313123
62466.450966997,3.3760207,-0.78293396
62467.4509670445,3.3760207,-0.78273669
62468.450967092,3.3759027,-0.78293396
62469.4509671395,3.3758237,-0.78490649
62470.450967187,3.3756664,-0.78352576
62471.4509672345,3.3755875,-0.78313123
62472.450967282,3.375627,-0.78470929
62473.4509673295,3.3755481,-0.78372296
62474.450967377,3.3753514,-0.78392023
62475.4509674245,3.3753514,-0.78372296
62476.450967472,3.3752332,-0.78293396
62477.4509675195,3.3750362,-0.78372296
62478.450967567,3.3750758,-0.78313123
62479.4509676145,3.3749969,-0.78273669
62480.450967662,3.3749182,-0.78352576
62481.4509677095,3.3749969,-0.78411743
62482.450967757,3.3747606,-0.78352576
62483.4509678045,3.3746819,-0.78293396
62484.450967852,3.3746819,-0.78392023
62485.4509678995,3.3745244,-0.78332843
62486.450967947,3.3743277,-0.78392023
62487.4509679945,3.374367,-0.78411743
62488.450968042,3.3743277,-0.78470929
62489.4509680895,3.3742883,-0.78411743
62490.450968137,3.3741701,-0.78431476
62491.4509681845,3.3740914,-0.78332843
62492.450968232,3.3740127,-0.78332843
62493.4509682795,3.3739338,-0.78372296
62494.450968327,3.3738158,-0.78392023
62495.4509683745,3.3736975,-0.78332843
62496.450968422,3.3737371,-0.78332843
62497.4509684694,3.3735795,-0.78273669
62498.4509685169,3.3735795,-0.78470929
62499.4509685644,3.3733432,-0.78392023
62500.4509686119,3.3733432,-0.78352576
62501.4509686594,3.3732252,-0.78530096
62502.4509687069,3.3731859,-0.78253943
62503.4509687544,3.373107,-0.78273669
62504.4509688019,3.3730676,-0.78490649
62505.4509688494,3.3729496,-0.78253943
62506.4509688969,3.3728707,-0.78431476
62507.4509689444,3.3727527,-0.78352576
62508.4509689919,3.372674,-0.78372296
62509.4509690394,3.372674,-0.78392023
62510.4509690869,3.3726344,-0.78411743
62511.4509691344,3.3724771,-0.78530096
62512.4509691819,3.3724377,-0.78313123
62513.4509692294,3.3724377,-0.78411743
62514.4509692769,3.3722408,-0.78313123
62515.4509693244,3.3721621,-0.78372296
62516.4509693719,3.3720438,-0.78332843
62517.4509694194,3.3720438,-0.78372296
62518.4509694669,3.3718472,-0.78490649
62519.4509695144,3.3718076,-0.78313123
62520.4509695619,3.3718076,-0.78431476
62521.4509696094,3.3716502,-0.78372296
62522.4509696569,3.3716109,-0.78332843
62523.4509697044,3.3715715,-0.78372296
62524.4509697519,3.3714533,-0.78392023
62525.4509697994,3.3712959,-0.78372296
62526.4509698469,3.371217,-0.78372296
62527.4509698944,3.3712564,-0.78352576
62528.4509699419,3.3711383,-0.78352576
62529.4509699894,3.3709807,-0.78313123
62530.4509700369,3.3709807,-0.78411743
62531.4509700844,3.370784,-0.78234222
62532.4509701319,3.370784,-0.78234222
62533.4509701794,3.3706658,-0.78253943
62534.4509702269,3.3707051,-0.78352576
62535.4509702744,3.3705478,-0.78313123
62536.4509703218,3.3703508,-0.7858927
62537.4509703693,3.3703115,-0.78431476
62538.4509704168,3.3703115,-0.78332843
62539.4509704643,3.3701539,-0.78352576
62540.4509705118,3.3701539,-0.78332843
62541.4509705593,3.3699572,-0.78332843
62542.4509706068,3.3700359,-0.78510376
62543.4509706543,3.3698783,-0.78490649
62544.4509707018,3.369839,-0.78155322
62545.4509707493,3.3696816,-0.78332843
62546.4509707968,3.369524,-0.78470929
62547.4509708443,3.3694847,-0.78372296
62548.4509708918,3.369406,-0.78411743
62549.4509709393,3.3694453,-0.78273669
62550.4509709868,3.3692484,-0.78372296
62551.4509710343,3.3691697,-0.78253943
62552.4509710818,3.3691697,-0.78392023
62553.4509711293,3.3690515,-0.78352576
62554.4509711768,3.3689728,-0.78352576
62555.4509712243,3.3688545,-0.78293396
62556.4509712718,3.3688152,-0.78392023
62557.4509713193,3.3688152,-0.78372296
62558.4509713668,3.3686972,-0.78332843
62559.4509714143,3.3685396,-0.78332843
62560.4509714618,3.3685002,-0.78411743
62561.4509715093,3.3683822,-0.78392023
62562.4509715568,3.3683033,-0.78392023
62563.4509716043,3.368264,-0.78313123
62564.4509716518,3.3682246,-0.78372296
62565.4509716993,3.3681066,-0.78372296
62566.4509717468,3.3680277,-0.78293396
62567.4509717943,3.3680277,-0.78470929
62568.4509718418,3.3677127,-0.78411743
62569.4509718893,3.3678703,-0.78273669
62570.4509719368,3.3676341,-0.78332843
62571.4509719843,3.3675554,-0.78273669
62572.4509720318,3.3674371,-0.78332843
62573.4509720793,3.3673978,-0.78293396
62574.4509721268,3.3673191,-0.78273669
62575.4509721742,3.3672404,-0.78372296
62576.4509722217,3.3671615,-0.78392023
62577.4509722692,3.3671222,-0.78313123
62578.4509723167,3.3670042,-0.78372296
62579.4509723642,3.3670042,-0.78530096
62580.4509724117,3.3667679,-0.78372296
62581.4509724592,3.3668072,-0.78451196
62582.4509725067,3.366689,-0.78470929
62583.4509725542,3.3666496,-0.78332843
62584.4509726017,3.3665709,-0.78332843
62585.4509726492,3.3664923,-0.78313123
62586.4509726967,3.3664134,-0.78352576
62587.4509727442,3.3662953,-0.78392023
62588.4509727917,3.3662953,-0.78352576
62589.4509728392,3.3661377,-0.78451196
62590.4509728867,3.3660591,-0.78411743
62591.4509729342,3.3660197,-0.78372296
62592.4509729817,3.3658621,-0.78431476
62593.4509730292,3.3658228,-0.78372296
62594.4509730767,3.3657835,-0.78392023
62595.4509731242,3.3654685,-0.78431476
62596.4509731717,3.3655078,-0.78352576
62597.4509732192,3.3654292,-0.78470929
62598.4509732667,3.3653109,-0.78372296
62599.4509733142,3.3653109,-0.78372296
62600.4509733617,3.3652322,-0.78392023
62601.4509734092,3.3650746,-0.78352576
62602.4509734567,3.364996,-0.78332843
62603.4509735042,3.3649566,-0.78431476
62604.4509735517,3.3649173,-0.78411743
62605.4509735992,3.364799,-0.78470929
62606.4509736467,3.3646417,-0.78273669
62607.4509736942,3.3647203,-0.78332843
62608.4509737417,3.364563,-0.78411743
62609.4509737892,3.3644841,-0.78530096
62610.4509738367,3.3644054,-0.78313123
62611.4509738842,3.3642085,-0.78313123
62612.4509739317,3.3641691,-0.78530096
62613.4509739792,3.3640118,-0.78392023
62614.4509740266,3.3639722,-0.78411743
62615.4509740741,3.3639328,-0.78352576
62616.4509741216,3.3638542,-0.78293396
62617.4509741691,3.3637362,-0.78470929
62618.4509742166,3.3637362,-0.78352576
62619.4509742641,3.3635392,-0.7858927
62620.4509743116,3.3635392,-0.78332843
62621.4509743591,3.3633423,-0.78273669
62622.4509744066,3.3633029,-0.78273669
62623.4509744541,3.3633029,-0.78293396
62624.4509745016,3.3631454,-0.78253943
62625.4509745491,3.3631454,-0.78332843
62626.4509745966,3.3629487,-0.78392023
62627.4509746441,3.3628304,-0.78313123
62628.4509746916,3.3627517,-0.78411743
62629.4509747391,3.3627124,-0.78352576
62630.4509747866,3.3627124,-0.78352576
62631.4509748341,3.3625941,-0.78431476
62632.4509748816,3.3624761,-0.78530096
62633.4509749291,3.3624761,-0.78273669
62634.4509749766,3.3623185,-0.78392023
62635.4509750241,3.3622792,-0.78332843
62636.4509750716,3.3620822,-0.78392023
62637.4509751191,3.3620429,-0.78332843
62638.4509751666,3.3620036,-0.78392023
62639.4509752141,3.3620036,-0.78392023
62640.4509752616,3.3617673,-0.78470929
62641.4509753091,3.361728,-0.78411743
62642.4509753566,3.3616099,-0.78352576
62643.4509754041,3.3615704,-0.78352576
62644.4509754516,3.361531,-0.78293396
62644.9389754748,3.3614523,-0.78392023
62644.9409754748,3.3614917,-0.78372296
62644.986975477,3.422915,0
62704.9869783269,3.4717779,0
62764.9869811767,3.4781959,0
62824.9869840266,3.4817395,0
62884.9869868764,3.4840624,0
62944.9869897263,3.485913,0
63004.9869925761,3.487488,0
63064.986995426,3.4889448,0
63124.9869982758,3.4904411,0
63184.9870011257,3.4918585,0
63244.9870039755,3.4933941,0
63304.9870068253,3.4944572,0
63364.9870096752,3.4957566,0
63424.987012525,3.4970164,0
63484.9870153749,3.4980795,0
63544.9870182247,3.4991033,0
63604.9870210746,3.5000877,0
63664.9870239244,3.5009933,0
63724.9870267743,3.5018594,0
63784.9870296241,3.5027258,0
63844.987032474,3.5035131,0
63904.9870353238,3.5041826,0
63964.9870381737,3.5049701,0
64024.9870410235,3.5057182,0
64084.9870438734,3.5062695,0
64144.9870467232,3.5068207,0
64204.9870495731,3.5075686,0
64264.9870524229,3.5080805,0
64324.9870552728,3.5085924,0
64384.9870581226,3.5090256,0
64444.9870609724,3.5095768,0
64504.9870638223,3.5099704,0
64564.9870666721,3.5105217,0
64624.987069522,3.5109549,0
64684.9870723718,3.5114274,0
64744.9870752217,3.5118604,0
64804.9870780715,3.5122149,0
64864.9870809214,3.5124905,0
64924.9870837712,3.5130417,0
64984.9870866211,3.5132384,0
65044.9870894709,3.5137503,0
65104.9870923208,3.5138686,0
65164.9870951706,3.5144591,0
65224.9870980205,3.5147741,0
65284.9871008703,3.515089,0
65344.9871037202,3.5153646,0
65404.98710657,3.5156009,0
65464.9871094198,3.5159554,0
65524.9871122697,3.5163884,0
65584.9871152567,3.5166247,0
65644.9871182742,3.5168216,0
65704.9871212916,3.5171759,0
65764.9871243091,3.5172939,0
65824.9871273266,3.5176878,0
65884.9871303441,3.5178454,0
65944.9871333616,3.5181997,0
66004.9871363791,3.518357,0
66064.9871393966,3.5185933,0
66124.987142414,3.5188296,0
66184.9871454315,3.5190659,0
66244.9271484459,3.5192628,0
66244.9831484488,3.5193021,0
66244.9851484489,3.5194201,0
66245.109148455,3.4801645,-0.76656189
66246.1091485053,3.4237812,-0.78313123
66247.1091485556,3.4218125,-0.78490649
66248.1091486059,3.4204738,-0.78293396
66249.1091486562,3.4193714,-0.78392023
66250.1091487065,3.4185839,-0.78293396
66251.1091487568,3.417757,-0.78352576
66252.1091488071,3.4169695,-0.78313123
66253.1091488574,3.4162214,-0.78234222
66254.1091489077,3.4156702,-0.78392023
66255.109148958,3.4148827,-0.78451196
66256.1091490082,3.4142528,-0.78411743
66257.1091490585,3.4137015,-0.78470929
66258.1091491088,3.4130714,-0.7858927
66259.1091491591,3.4124808,-0.78332843
66260.1091492094,3.4120083,-0.78411743
66261.1091492597,3.4113784,-0.78470929
66262.10914931,3.4108665,-0.78234222
66263.1091493603,3.4104729,-0.78411743
66264.1091494106,3.409961,-0.78490649
66265.1091494609,3.4095278,-0.78411743
66266.1091495112,3.4089372,-0.78352576
66267.1091495615,3.408504,-0.78392023
66268.1091496117,3.4080317,-0.78332843
66269.109149662,3.4076378,-0.78411743
66270.1091497123,3.4071653,-0.78352576
66271.1091497626,3.4067717,-0.78490649
66272.1091498129,3.4062204,-0.78609003
66273.1091498632,3.4058266,-0.78392023
66274.1091499135,3.4053936,-0.78352576
66275.1091499638,3.4049211,-0.78372296
66276.1091500141,3.4046061,-0.78332843
66277.1091500644,3.4041336,-0.78451196
66278.1091501147,3.4037399,-0.78372296
66279.1091501649,3.4033461,-0.78431476
66280.1091502152,3.4030704,-0.78392023
66281.1091502655,3.4025586,-0.78411743
66282.1091503158,3.4022436,-0.78372296
66283.1091503661,3.4018893,-0.78332843
66284.1091504164,3.4014168,-0.78470929
66285.1091504667,3.4011018,-0.78392023
66286.109150517,3.4008262,-0.78372296
66287.1091505673,3.4004323,-0.78332843
66288.1091506176,3.39996,-0.78332843
66289.1091506679,3.3997238,-0.78352576
66290.1091507182,3.3993299,-0.78490649
66291.1091507684,3.3989363,-0.78293396
66292.1091508187,3.3985424,-0.78411743
66293.109150869,3.3982668,-0.78392023
66294.1091509193,3.3979912,-0.78313123
66295.1091509696,3.3976762,-0.78293396
66296.1091510199,3.3973613,-0.78352576
66297.1091510702,3.397007,-0.78352576
66298.1091511205,3.3967314,-0.78253943
66299.1091511708,3.3962982,-0.78273669
66300.1091512211,3.3960226,-0.78372296
66301.1091512714,3.3957076,-0.78313123
66302.1091513217,3.3953927,-0.78372296
66303.1091513719,3.3950384,-0.78273669
66304.1091514222,3.3948414,-0.78313123
66305.1091514725,3.3946052,-0.78332843
66306.1091515228,3.3942902,-0.78510376
66307.1091515731,3.3937783,-0.78470929
66308.1091516234,3.3936601,-0.78352576
66309.1091516737,3.3933451,-0.78352576
66310.109151724,3.3930695,-0.78431476
66311.1091517743,3.3928332,-0.78313123
66312.1091518246,3.3925183,-0.78332843
66313.1091518749,3.392164,-0.78392023
66314.1091519251,3.3918097,-0.78352576
66315.1091519754,3.3916128,-0.78332843
66316.1091520257,3.3913765,-0.78313123
66317.109152076,3.3911402,-0.78411743
66318.1091521263,3.3908646,-0.78352576
66319.1091521766,3.3905103,-0.78431476
66320.1091522269,3.3903134,-0.78451196
66321.1091522772,3.3899984,-0.78411743
66322.1091523275,3.3896835,-0.78352576
66323.1091523778,3.3894079,-0.78431476
66324.1091524281,3.3891323,-0.78293396
66325.1091524784,3.3888566,-0.78313123
66326.1091525286,3.3887384,-0.78411743
66327.1091525789,3.3884628,-0.78372296
66328.1091526292,3.3881478,-0.78451196
66329.1091526795,3.3879509,-0.78313123
66330.1091527298,3.3876359,-0.78372296
66331.1091527801,3.387321,-0.78273669
66332.1091528304,3.3871634,-0.78313123
66333.1091528807,3.3868484,-0.78372296
66334.109152931,3.3866911,-0.78510376
66335.1091529813,3.3863366,-0.78313123
66336.1091530316,3.3861399,-0.78451196
66337.1091530819,3.3858643,-0.78332843
66338.1091531321,3.385628,-0.78352576
66339.1091531824,3.3854311,-0.78392023
66340.1091532327,3.3851161,-0.78411743
66341.109153283,3.3849192,-0.78332843
66342.1091533333,3.3848011,-0.78372296
66343.1091533836,3.384486,-0.78431476
66344.1091534339,3.3842893,-0.78352576
66345.1091534842,3.384053,-0.78332843
66346.1091535345,3.383738,-0.78372296
66347.1091535848,3.3836591,-0.78332843
66348.1091536351,3.3832262,-0.78372296
66349.1091536853,3.3829899,-0.78451196
66350.1091537356,3.3827929,-0.78352576
66351.1091537859,3.382596,-0.78451196
66352.1091538362,3.38236,-0.78392023
66353.1091538865,3.382163,-0.7856955
66354.1091539368,3.3819661,-0.78372296
66355.1091539871,3.3817692,-0.78451196
66356.1091540374,3.3814936,-0.78392023
66357.1091540877,3.3813362,-0.78392023
66358.109154138,3.3809817,-0.78313123
66359.1091541883,3.3808243,-0.78332843
66360.1091542386,3.3807456,-0.78332843
66361.1091542888,3.38047,-0.78352576
66362.1091543391,3.3801155,-0.78372296
66363.1091543894,3.3799186,-0.78273669
66364.1091544397,3.379643,-0.78293396
66365.10915449,3.3795643,-0.78352576
66366.1091545403,3.3793674,-0.78313123
66367.1091545906,3.37921,-0.78431476
66368.1091546409,3.3788557,-0.78332843
66369.1091546912,3.3786981,-0.78451196
66370.1091547415,3.3783832,-0.78332843
66371.1091547918,3.3783042,-0.78411743
66372.1091548421,3.3781862,-0.78372296
66373.1091548923,3.3778713,-0.78352576
66374.1091549426,3.3776743,-0.78253943
66375.1091549929,3.3774381,-0.78411743
66376.1091550432,3.3772807,-0.78273669
66377.1091550935,3.3770051,-0.78253943
66378.1091551438,3.3769262,-0.78411743
66379.1091551941,3.3766506,-0.78431476
66380.1091552444,3.3764932,-0.78352576
66381.1091552947,3.3761783,-0.78431476
66382.109155345,3.37606,-0.78352576
66383.1091553953,3.3758631,-0.78372296
66384.1091554455,3.3755875,-0.78431476
66385.1091554958,3.3754694,-0.78392023
66386.1091555461,3.3752725,-0.78372296
66387.1091555964,3.3751938,-0.78411743
66388.1091556467,3.3749182,-0.78352576
66389.109155697,3.3747606,-0.78352576
66390.1091557473,3.3744457,-0.78628723
66391.1091557976,3.3742487,-0.78470929
66392.1091558479,3.3740914,-0.78431476
66393.1091558982,3.3740127,-0.78352576
66394.1091559485,3.3738158,-0.78332843
66395.1091559988,3.3735402,-0.78352576
66396.109156049,3.3732646,-0.78332843
66397.1091560993,3.3732252,-0.78332843
66398.1091561496,3.3729103,-0.78313123
66399.1091561999,3.3727133,-0.78510376
66400.1091562502,3.3725557,-0.78411743
66401.1091563005,3.3725164,-0.78490649
66402.1091563508,3.3722801,-0.78392023
66403.1091564011,3.3720832,-0.78332843
66404.1091564514,3.3718865,-0.78451196
66405.1091565017,3.3716896,-0.78470929
66406.109156552,3.3714533,-0.78431476
66407.1091566023,3.3712959,-0.78451196
66408.1091566525,3.3711383,-0.78490649
66409.1091567028,3.371099,-0.78431476
66410.1091567531,3.3706658,-0.78313123
66411.1091568034,3.3705084,-0.78411743
66412.1091568537,3.3703902,-0.78313123
66413.109156904,3.3702722,-0.78372296
66414.1091569543,3.3699965,-0.78372296
66415.1091570046,3.3697603,-0.78313123
66416.1091570549,3.3696816,-0.78451196
66417.1091571052,3.369524,-0.78313123
66418.1091571555,3.369406,-0.78352576
66419.1091572057,3.3691697,-0.78510376
66420.109157256,3.3689728,-0.78470929
66421.1091573063,3.3688545,-0.78352576
66422.1091573566,3.3686578,-0.78392023
66423.1091574069,3.3685002,-0.78352576
66424.1091574572,3.3682246,-0.78510376
66425.1091575075,3.3681066,-0.78392023
66426.1091575578,3.367831,-0.78411743
66427.1091576081,3.3677521,-0.78392023
66428.1091576584,3.367516,-0.78313123
66429.1091577087,3.3673978,-0.78273669
66430.109157759,3.3672798,-0.78352576
66431.1091578092,3.3672009,-0.78372296
66432.1091578595,3.3668859,-0.78352576
66433.1091579098,3.3668466,-0.78352576
66434.1091579601,3.3664923,-0.78352576
66435.1091580104,3.366374,-0.78530096
66436.1091580607,3.366256,-0.78490649
66437.109158111,3.3659804,-0.78451196
66438.1091581613,3.3658621,-0.78352576
66439.1091582116,3.3657048,-0.7821449
66440.1091582619,3.3655865,-0.78392023
66441.1091583122,3.3654292,-0.78490649
66442.1091583624,3.3651929,-0.78352576
66443.1091584127,3.3650353,-0.78253943
66444.109158463,3.3648779,-0.78313123
66445.1091585133,3.364681,-0.78372296
66446.1091585636,3.3644841,-0.78372296
66447.1091586139,3.3643267,-0.78313123
66448.1091586642,3.3642478,-0.78372296
66449.1091587145,3.3640118,-0.78332843
66450.1091587648,3.3638935,-0.78332843
66451.1091588151,3.3638148,-0.78352576
66452.1091588654,3.3635392,-0.78352576
66453.1091589157,3.3633816,-0.78372296
66454.1091589659,3.3632636,-0.78372296
66455.1091590162,3.3630273,-0.78431476
66456.1091590665,3.362988,-0.78332843
66457.1091591168,3.362673,-0.78411743
66458.1091591671,3.3625941,-0.78313123
66459.1091592174,3.3624368,-0.78411743
66460.1091592677,3.3621612,-0.78451196
66461.109159318,3.3620822,-0.78470929
66462.1091593683,3.3619642,-0.78411743
66463.1091594186,3.3616886,-0.78549829
66464.1091594689,3.3616099,-0.78352576
66465.1091595192,3.361413,-0.78451196
66466.1091595694,3.3613343,-0.78372296
66467.1091596197,3.3610587,-0.78411743
66468.10915967,3.3609798,-0.78352576
66469.1091597203,3.3607831,-0.78352576
66470.1091597706,3.3606648,-0.78372296
66471.1091598209,3.3604679,-0.78313123
66472.1091598712,3.3603499,-0.78332843
66473.1091599215,3.3601136,-0.78510376
66474.1091599718,3.3599563,-0.78470929
66475.1091600221,3.3597987,-0.78392023
66476.1091600724,3.3596804,-0.78352576
66477.1091601226,3.3594444,-0.78431476
66478.1091601729,3.3593261,-0.78332843
66479.1091602232,3.3592474,-0.78372296
66480.1091602735,3.3590505,-0.78372296
66481.1091603238,3.3589325,-0.78431476
66482.1091603741,3.3587749,-0.78332843
66483.1091604244,3.3586175,-0.78431476
66484.1091604747,3.3583813,-0.78253943
66485.109160525,3.3583419,-0.78392023
66486.1091605753,3.358145,-0.78392023
66487.1091606256,3.3579481,-0.78411743
66488.1091606759,3.3577118,-0.78470929
66489.1091607261,3.3575938,-0.78313123
66490.1091607764,3.3575544,-0.78392023
66491.1091608267,3.3573575,-0.78392023
66492.109160877,3.3571999,-0.78293396
66493.1091609273,3.3570426,-0.78431476
66494.1091609776,3.356885,-0.78490649
66495.1091610279,3.3568456,-0.78431476
66496.1091610782,3.3566093,-0.78332843
66497.1091611285,3.3564913,-0.78273669
66498.1091611788,3.3562551,-0.78392023
66499.1091612291,3.3561368,-0.78372296
66500.1091612794,3.3559794,-0.78352576
66501.1091613296,3.3558218,-0.78313123
66502.1091613799,3.3556645,-0.78352576
66503.1091614302,3.3555856,-0.78392023
66504.1091614805,3.35531,-0.78313123
66505.1091615308,3.3552706,-0.78372296
66506.1091615811,3.3551526,-0.78372296
66507.1091616314,3.3549557,-0.78313123
66508.1091616817,3.3547981,-0.78194769
66509.109161732,3.3547194,-0.78490649
66510.1091617823,3.3544831,-0.78352576
66511.1091618326,3.3542864,-0.78253943
66512.1091618828,3.3542469,-0.78530096
66513.1091619331,3.3541682,-0.78352576
66514.1091619834,3.3539712,-0.78293396
66515.1091620337,3.3538532,-0.78490649
66516.109162084,3.3536563,-0.7856955
66517.1091621343,3.3534989,-0.78411743
66518.1091621846,3.353302,-0.78451196
66519.1091622349,3.3532233,-0.78451196
66520.1091622852,3.3529871,-0.78332843
66521.1091623355,3.3529081,-0.78392023
66522.1091623858,3.3526721,-0.78372296
66523.1091624361,3.3525538,-0.78332843
66524.1091624863,3.3523569,-0.78313123
66525.1091625366,3.3522782,-0.78273669
66526.1091625869,3.3521602,-0.78313123
66527.1091626372,3.3520813,-0.78411743
66528.1091626875,3.3518846,-0.78510376
66529.1091627378,3.3516877,-0.78352576
66530.1091627881,3.3514907,-0.78332843
66531.1091628384,3.3513727,-0.78253943
66532.1091628887,3.3513334,-0.78293396
66533.109162939,3.3511364,-0.78451196
66534.1091629893,3.3510182,-0.78332843
66535.1091630396,3.3508215,-0.78372296
66536.1091630898,3.3506639,-0.7821449
66537.1091631401,3.350467,-0.78352576
66538.1091631904,3.3503489,-0.78273669
66539.1091632407,3.3503096,-0.78352576
66540.109163291,3.3500733,-0.78313123
66541.1091633413,3.3499551,-0.78293396
66542.1091633916,3.3496795,-0.78411743
66543.1091634419,3.3496008,-0.78273669
66544.1091634922,3.3494039,-0.78253943
66545.1091635425,3.3492858,-0.78372296
66546.1091635928,3.3490889,-0.78392023
66547.109163643,3.3491282,-0.78273669
66548.1091636933,3.3488922,-0.78313123
66549.1091637436,3.3486953,-0.78293396
66550.1091637939,3.348577,-0.78313123
66551.1091638442,3.3484983,-0.78392023
66552.1091638945,3.3483407,-0.78411743
66553.1091639448,3.3481441,-0.78431476
66554.1091639951,3.3480651,-0.78372296
66555.1091640454,3.3478684,-0.78273669
66556.1091640957,3.3476715,-0.78411743
66557.109164146,3.3476322,-0.78352576
66558.1091641963,3.3475535,-0.78372296
66559.1091642465,3.347199,-0.78332843
66560.1091642968,3.3470809,-0.78372296
66561.1091643471,3.3470416,-0.78273669
66562.1091643974,3.346884,-0.78313123
66563.1091644477,3.3466084,-0.78411743
66564.109164498,3.3466477,-0.78313123
66565.1091645483,3.3464115,-0.78392023
66566.1091645986,3.3463721,-0.78372296
66567.1091646489,3.3461359,-0.78431476
66568.1091646992,3.3459785,-0.78372296
66569.1091647495,3.3457816,-0.78332843
66570.1091647998,3.345624,-0.78431476
66571.10916485,3.3455453,-0.78273669
66572.1091649003,3.3454666,-0.78411743
66573.1091649506,3.3452697,-0.78372296
66574.1091650009,3.3451517,-0.78372296
66575.1091650512,3.3450334,-0.78431476
66576.1091651015,3.3447578,-0.78313123
66577.1091651518,3.3446004,-0.78313123
66578.1091652021,3.3444822,-0.78273669
66579.1091652524,3.3444035,-0.78411743
66580.1091653027,3.3442852,-0.78411743
66581.109165353,3.3442066,-0.78687903
66582.1091654032,3.3440492,-0.7866817
66583.1091654535,3.343931,-0.78313123
66584.1091655038,3.3437736,-0.78372296
66585.1091655541,3.3435373,-0.78352576
66586.1091656044,3.3433404,-0.78352576
66587.1091656547,3.3432617,-0.78451196
66588.109165705,3.3431041,-0.78372296
66589.1091657553,3.3429861,-0.78293396
66590.1091658056,3.3427892,-0.78332843
66591.1091658559,3.3427498,-0.78490649
66592.1091659062,3.3426316,-0.78392023
66593.1091659565,3.3423953,-0.78372296
66594.1091660067,3.3423166,-0.78352576
66595.109166057,3.3421593,-0.78470929
66596.1091661073,3.342041,-0.78352576
66597.1091661576,3.3418837,-0.78372296
66598.1091662079,3.3416474,-0.78431476
66599.1091662582,3.3415685,-0.78372296
66600.1091663085,3.3413324,-0.78510376
66601.1091663588,3.3412535,-0.78392023
66602.1091664091,3.3412142,-0.78392023
66603.1091664594,3.3410172,-0.78470929
66604.1091665097,3.3408992,-0.78313123
66605.10916656,3.3406236,-0.78411743
66606.1091666102,3.340663,-0.78490649
66607.1091666605,3.3403873,-0.78332843
66608.1091667108,3.3402693,-0.78293396
66609.1091667611,3.3400331,-0.78411743
66610.1091668114,3.3399937,-0.78411743
66611.1091668617,3.3398361,-0.78273669
66612.109166912,3.3396392,-0.78273669
66613.1091669623,3.3396785,-0.78273669
66614.1091670126,3.3394818,-0.78372296
66615.1091670629,3.3393242,-0.78313123
66616.1091671132,3.3392456,-0.78411743
66617.1091671634,3.3390093,-0.78490649
66618.1091672137,3.3388517,-0.78253943
66619.109167264,3.338773,-0.78411743
66620.1091673143,3.3386154,-0.78332843
66621.1091673646,3.3383794,-0.78470929
66622.1091674149,3.3382611,-0.78372296
66623.1091674652,3.3381824,-0.78332843
66624.1091675155,3.3380249,-0.78352576
66625.1091675658,3.3378282,-0.78293396
66626.1091676161,3.3378282,-0.78490649
66627.1091676664,3.3375525,-0.78510376
66628.1091677167,3.3374736,-0.78352576
66629.1091677669,3.3372374,-0.78411743
66630.1091678172,3.3371193,-0.78549829
66631.1091678675,3.3370011,-0.78372296
66632.1091679178,3.3367651,-0.78392023
66633.1091679681,3.3367651,-0.78392023
66634.1091680184,3.3366468,-0.78392023
66635.1091680687,3.3363318,-0.78411743
66636.109168119,3.3362532,-0.78411743
66637.1091681693,3.3361349,-0.78490649
66638.1091682196,3.3360169,-0.78411743
66639.1091682699,3.3359382,-0.78431476
66640.1091683202,3.3357019,-0.78411743
66641.1091683704,3.3355837,-0.78431476
66642.1091684207,3.3353868,-0.78293396
66643.109168471,3.3353474,-0.78392023
66644.1091685213,3.3353081,-0.78234222
66645.1091685716,3.3350325,-0.78372296
66646.1091686219,3.3349144,-0.78332843
66647.1091686722,3.3347569,-0.78352576
66648.1091687225,3.3346782,-0.78431476
66649.1091687728,3.3344812,-0.78411743
66650.1091688231,3.3344026,-0.78372296
66651.1091688734,3.3342056,-0.78332843
66652.1091689236,3.3340876,-0.78273669
66653.1091689739,3.3339694,-0.78293396
66654.1091690242,3.3337331,-0.78313123
66655.1091690745,3.3335757,-0.78470929
66656.1091691248,3.3335757,-0.78411743
66657.1091691751,3.3333395,-0.78332843
66658.1091692254,3.3331425,-0.78273669
66659.1091692757,3.3331032,-0.78253943
66660.109169326,3.3328669,-0.7858927
66661.1091693763,3.3327096,-0.78372296
66662.1091694266,3.3326306,-0.78372296
66663.1091694769,3.3325126,-0.78411743
66664.1091695271,3.332355,-0.78332843
66665.1091695774,3.3322763,-0.78352576
66666.1091696277,3.3320794,-0.78392023
66667.109169678,3.3319221,-0.78372296
66668.1091697283,3.3318825,-0.78411743
66669.1091697786,3.3315675,-0.78313123
66670.1091698289,3.3315282,-0.78332843
66671.1091698792,3.3313313,-0.78372296
66672.1091699295,3.3312132,-0.78273669
66673.1091699798,3.3312132,-0.78332843
66674.1091700301,3.3310163,-0.78392023
66675.1091700804,3.3308983,-0.78332843
66676.1091701306,3.3305833,-0.78490649
66677.1091701809,3.3306227,-0.78431476
66678.1091702312,3.3303864,-0.78332843
66679.1091702815,3.3301501,-0.78707623
66680.1091703318,3.3301895,-0.78411743
66681.1091703821,3.3299139,-0.78392023
66682.1091704324,3.3299139,-0.78411743
66683.1091704827,3.3297958,-0.78470929
66684.109170533,3.3296382,-0.78392023
66685.1091705833,3.3294809,-0.78332843
66686.1091706336,3.329284,-0.78273669
66687.1091706838,3.3291657,-0.78332843
66688.1091707341,3.329087,-0.78411743
66689.1091707844,3.3288114,-0.78372296
66690.1091708347,3.3286541,-0.78273669
66691.109170885,3.3285358,-0.78273669
66692.1091709353,3.3285358,-0.78451196
66693.1091709856,3.3282602,-0.78293396
66694.1091710359,3.3282208,-0.78352576
66695.1091710862,3.3280239,-0.78253943
66696.1091711365,3.3279846,-0.78313123
66697.1091711868,3.3277483,-0.78313123
66698.1091712371,3.3275909,-0.78332843
66699.1091712873,3.3274727,-0.78313123
66700.1091713376,3.327394,-0.78372296
66701.1091713879,3.3272364,-0.78431476
66702.1091714382,3.3271184,-0.78332843
66703.1091714885,3.3269608,-0.78234222
66704.1091715388,3.3268034,-0.78372296
66705.1091715891,3.3266459,-0.78352576
66706.1091716394,3.3265278,-0.78352576
66707.1091716897,3.3263702,-0.78372296
66708.10917174,3.3262522,-0.78470929
66709.1091717903,3.3260159,-0.78293396
66710.1091718406,3.3259766,-0.78332843
66711.1091718908,3.3258584,-0.78234222
66712.1091719411,3.3256221,-0.78313123
66713.1091719914,3.3255827,-0.78372296
66714.1091720417,3.3254254,-0.78372296
66715.109172092,3.3251891,-0.78332843
66716.1091721423,3.3250709,-0.78372296
66717.1091721926,3.3249922,-0.78273669
66718.1091722429,3.3247952,-0.78332843
66719.1091722932,3.3246772,-0.78313123
66720.1091723435,3.3245196,-0.78392023
66721.1091723938,3.3245196,-0.78352576
66722.109172444,3.3242047,-0.78332843
66723.1091724943,3.3242047,-0.78411743
66724.1091725446,3.3239684,-0.78313123
66725.1091725949,3.3238111,-0.78273669
66726.1091726452,3.3236535,-0.78352576
66727.1091726955,3.3236535,-0.78431476
66728.1091727458,3.3234172,-0.78372296
66729.1091727961,3.3232598,-0.78372296
66730.1091728464,3.3231022,-0.7858927
66731.1091728967,3.3230629,-0.78392023
66732.109172947,3.322866,-0.78510376
66733.1091729973,3.3227086,-0.78411743
66734.1091730475,3.3225117,-0.78411743
66735.1091730978,3.322551,-0.78352576
66736.1091731481,3.3223147,-0.78372296
66737.1091731984,3.3222361,-0.78372296
66738.1091732487,3.3221571,-0.78372296
66739.109173299,3.3219604,-0.78293396
66740.1091733493,3.3218815,-0.78411743
66741.1091733996,3.3215272,-0.78392023
66742.1091734499,3.3215666,-0.78392023
66743.1091735002,3.3213303,-0.78392023
66744.1091735505,3.3211336,-0.78273669
66745.1091736007,3.3210547,-0.78352576
66746.109173651,3.3208973,-0.78352576
66747.1091737013,3.3207397,-0.78253943
66748.1091737516,3.3206217,-0.78490649
66749.1091738019,3.3204641,-0.78352576
66750.1091738522,3.3203461,-0.78451196
66751.1091739025,3.3202672,-0.78411743
66752.1091739528,3.3201885,-0.78372296
66753.1091740031,3.3199916,-0.78392023
66754.1091740534,3.3197949,-0.78372296
66755.1091741037,3.3196766,-0.78392023
66756.109174154,3.3195586,-0.78372296
66757.1091742042,3.3194404,-0.78392023
66758.1091742545,3.319283,-0.78431476
66759.1091743048,3.3191648,-0.78352576
66760.1091743551,3.3189285,-0.78372296
66761.1091744054,3.3188498,-0.78273669
66762.1091744557,3.3186924,-0.78352576
66763.109174506,3.3184955,-0.78431476
66764.1091745563,3.3183379,-0.78470929
66765.1091746066,3.3182986,-0.78352576
66766.1091746569,3.3181016,-0.78234222
66767.1091747072,3.3179443,-0.78332843
66768.1091747575,3.3177474,-0.78352576
66769.1091748077,3.3177474,-0.78352576
66770.109174858,3.3174717,-0.78313123
66771.1091749083,3.3174324,-0.78372296
66772.1091749586,3.3172355,-0.78431476
66773.1091750089,3.3170385,-0.78352576
66774.1091750592,3.3170781,-0.78372296
66775.1091751095,3.3169205,-0.78293396
66776.1091751598,3.3167629,-0.78431476
66777.1091752101,3.3165662,-0.78352576
66778.1091752604,3.3164086,-0.78372296
66779.1091753107,3.3161724,-0.78273669
66780.1091753609,3.3161724,-0.78372296
66781.1091754112,3.3159757,-0.78332843
66782.1091754615,3.3158574,-0.78372296
66783.1091755118,3.3157787,-0.78510376
66784.1091755621,3.3155031,-0.78273669
66785.1091756124,3.3154244,-0.78451196
66786.1091756627,3.3153849,-0.78411743
66787.109175713,3.3151486,-0.78313123
66788.1091757633,3.3149519,-0.78431476
66789.1091758136,3.3147156,-0.78372296
66790.1091758639,3.3146369,-0.78392023
66791.1091759142,3.314558,-0.78273669
66792.1091759644,3.3145187,-0.78352576
66793.1091760147,3.3142431,-0.78253943
66794.109176065,3.3140068,-0.78273669
66795.1091761153,3.3139281,-0.78352576
66796.1091761656,3.3139675,-0.78372296
66797.1091762159,3.3136525,-0.78332843
66798.1091762662,3.3134949,-0.78332843
66799.1091763165,3.3133769,-0.78332843
66800.1091763668,3.3133376,-0.78392023
66801.1091764171,3.3130226,-0.78332843
66802.1091764674,3.3130226,-0.78332843
66803.1091765177,3.3128257,-0.78372296
66804.1091765679,3.3126681,-0.78451196
66805.1091766182,3.3124714,-0.78352576
66806.1091766685,3.3123531,-0.78293396
66807.1091767188,3.3122745,-0.78313123
66808.1091767691,3.3120775,-0.78352576
66809.1091768194,3.3119988,-0.78392023
66810.1091768697,3.3118412,-0.78352576
66811.10917692,3.3115263,-0.78313123
66812.1091769703,3.3113687,-0.78431476
66813.1091770206,3.3113294,-0.78372296
66814.1091770709,3.311172,-0.78332843
66815.1091771211,3.3109751,-0.78411743
66816.1091771714,3.3108571,-0.78372296
66817.1091772217,3.3108571,-0.78451196
66818.109177272,3.3105814,-0.78372296
66819.1091773223,3.3104239,-0.78372296
66820.1091773726,3.3102663,-0.78253943
66821.1091774229,3.3101482,-0.78332843
66822.1091774732,3.3100302,-0.78332843
66823.1091775235,3.309715,-0.78352576
66824.1091775738,3.3097546,-0.78332843
66825.1091776241,3.3095183,-0.78451196
66826.1091776744,3.3093607,-0.78470929
66827.1091777246,3.3093214,-0.78451196
66828.1091777749,3.3091638,-0.78431476
66829.1091778252,3.3091245,-0.78313123
66830.1091778755,3.3088489,-0.78411743
66831.1091779258,3.3086915,-0.78352576
66832.1091779761,3.3084946,-0.78490649
66833.1091780264,3.3084159,-0.78470929
66834.1091780767,3.3082976,-0.78352576
66835.109178127,3.3081007,-0.78253943
66836.1091781773,3.3078647,-0.78372296
66837.1091782276,3.3078647,-0.78431476
66838.1091782779,3.3077071,-0.78431476
66839.1091783281,3.3074708,-0.78431476
66840.1091783784,3.3073921,-0.78293396
66841.1091784287,3.3072739,-0.78431476
66842.109178479,3.3070376,-0.78372296
66843.1091785293,3.3069589,-0.78411743
66844.1091785796,3.3067226,-0.78293396
66845.1091786299,3.306762,-0.78332843
66846.1091786802,3.3064864,-0.78313123
66847.1091787305,3.3063684,-0.78352576
66848.1091787808,3.3061714,-0.78332843
66849.1091788311,3.3060927,-0.78372296
66850.1091788813,3.3058565,-0.78313123
66851.1091789316,3.3057384,-0.78392023
66852.1091789819,3.3056595,-0.78490649
66853.1091790322,3.3055415,-0.78352576
66854.1091790825,3.3052659,-0.78411743
66855.1091791328,3.3051476,-0.78510376
66856.1091791831,3.3049903,-0.78332843
66857.1091792334,3.304951,-0.78273669
66858.1091792837,3.304636,-0.78411743
66859.109179334,3.3045177,-0.78372296
66860.1091793843,3.3043997,-0.78392023
66861.1091794346,3.3042421,-0.78431476
66862.1091794848,3.3041241,-0.78253943
66863.1091795351,3.3039665,-0.78470929
66864.1091795854,3.3037696,-0.78332843
66865.1091796357,3.3035333,-0.78392023
66866.109179686,3.3035333,-0.78352576
66867.1091797363,3.303376,-0.78313123
66868.1091797866,3.3032184,-0.78392023
66869.1091798369,3.3030217,-0.78392023
66870.1091798872,3.3028247,-0.78352576
66871.1091799375,3.3027461,-0.78372296
66872.1091799878,3.3026671,-0.78431476
66873.1091800381,3.3023522,-0.78293396
66874.1091800883,3.3023129,-0.78392023
66875.1091801386,3.3020766,-0.78313123
66876.1091801889,3.3019979,-0.78332843
66877.1091802392,3.3018403,-0.78332843
66878.1091802895,3.301604,-0.78273669
66879.1091803398,3.3015647,-0.78470929
66880.1091803901,3.3014467,-0.78313123
66881.1091804404,3.3012497,-0.78372296
66882.1091804907,3.3011317,-0.78470929
66883.109180541,3.3010135,-0.78352576
66884.1091805913,3.3008561,-0.78411743
66885.1091806415,3.3006985,-0.78293396
66886.1091806918,3.3005409,-0.78411743
66887.1091807421,3.3003836,-0.78313123
66888.1091807924,3.3003047,-0.78313123
66889.1091808427,3.300108,-0.78332843
66890.109180893,3.299793,-0.78332843
66891.1091809433,3.2998323,-0.78470929
66892.1091809936,3.2995567,-0.78332843
66893.1091810439,3.2995174,-0.78313123
66894.1091810942,3.2992418,-0.78273669
66895.1091811445,3.2991235,-0.78372296
66896.1091811948,3.2990055,-0.78392023
66897.109181245,3.2989266,-0.78411743
66898.1091812953,3.2987299,-0.78293396
66899.1091813456,3.2984543,-0.78332843
66900.1091813959,3.2983754,-0.78293396
66901.1091814462,3.2980998,-0.78332843
66902.1091814965,3.2980211,-0.78510376
66903.1091815468,3.2979424,-0.78332843
66904.1091815971,3.2976274,-0.78332843
66905.1091816474,3.2976668,-0.78411743
66906.1091816977,3.2973912,-0.78451196
66907.109181748,3.2973518,-0.78293396
66908.1091817983,3.2971549,-0.78372296
66909.1091818485,3.2969973,-0.78510376
66910.1091818988,3.2968793,-0.78411743
66911.1091819491,3.2966824,-0.78411743
66912.1091819994,3.2965248,-0.78392023
66913.1091820497,3.2963281,-0.78332843
66914.1091821,3.2961311,-0.78332843
66915.1091821503,3.2960918,-0.78313123
66916.1091822006,3.2957768,-0.78313123
66917.1091822509,3.2957768,-0.78273669
66918.1091823012,3.2956586,-0.78392023
66919.1091823515,3.2955012,-0.78470929
66920.1091824017,3.2953436,-0.78313123
66921.109182452,3.295068,-0.78234222
66922.1091825023,3.29495,-0.78470929
66923.1091825526,3.2948318,-0.78372296
66924.1091826029,3.2947137,-0.78392023
66925.1091826532,3.2946348,-0.78352576
66926.1091827035,3.2943988,-0.78392023
66927.1091827538,3.2942805,-0.78392023
66928.1091828041,3.2940443,-0.78352576
66929.1091828544,3.2938869,-0.78392023
66930.1091829047,3.2937293,-0.78234222
66931.109182955,3.293493,-0.78490649
66932.1091830052,3.2934537,-0.78411743
66933.1091830555,3.2932963,-0.78372296
66934.1091831058,3.2930994,-0.78431476
66935.1091831561,3.2929418,-0.78293396
66936.1091832064,3.2929025,-0.78411743
66937.1091832567,3.2926662,-0.78293396
66938.109183307,3.2924693,-0.78332843
66939.1091833573,3.2923119,-0.78352576
66940.1091834076,3.292115,-0.78372296
66941.1091834579,3.2918394,-0.78293396
66942.1091835082,3.2918,-0.78411743
66943.1091835585,3.2916424,-0.78372296
66944.1091836087,3.2916031,-0.78392023
66945.109183659,3.2913275,-0.78352576
66946.1091837093,3.2912095,-0.78332843
66947.1091837596,3.2910519,-0.78332843
66948.1091838099,3.2908945,-0.78313123
66949.1091838602,3.2907369,-0.78490649
66950.1091839105,3.2905793,-0.78490649
66951.1091839608,3.290422,-0.78411743
66952.1091840111,3.2903433,-0.78352576
66953.1091840614,3.2900677,-0.78332843
66954.1091841117,3.2899494,-0.78293396
66955.1091841619,3.2897131,-0.78332843
66956.1091842122,3.2895951,-0.78411743
66957.1091842625,3.2895164,-0.78253943
66958.1091843128,3.2892406,-0.78352576
66959.1091843631,3.2890046,-0.78431476
66960.1091844134,3.2889256,-0.78332843
66961.1091844637,3.2887683,-0.78313123
66962.109184514,3.28865,-0.78392023
66963.1091845643,3.2883744,-0.78293396
66964.1091846146,3.2884138,-0.78273669
66965.1091846649,3.2880988,-0.78332843
66966.1091847152,3.2880201,-0.78530096
66967.1091847654,3.2878232,-0.78352576
66968.1091848157,3.2876265,-0.78293396
66969.109184866,3.2874689,-0.78372296
66970.1091849163,3.287272,-0.78313123
66971.1091849666,3.2871146,-0.78392023
66972.1091850169,3.2870357,-0.78372296
66973.1091850672,3.2869177,-0.78352576
66974.1091851175,3.2866027,-0.78234222
66975.1091851678,3.2864058,-0.78372296
66976.1091852181,3.2863271,-0.7856955
66977.1091852684,3.2862089,-0.78372296
66978.1091853187,3.2858939,-0.78431476
66979.1091853689,3.2858939,-0.78332843
66980.1091854192,3.2855396,-0.78332843
66981.1091854695,3.2855396,-0.78313123
66982.1091855198,3.2853034,-0.78431476
66983.1091855701,3.2851851,-0.78628723
66984.1091856204,3.2849095,-0.78313123
66985.1091856707,3.2847915,-0.78273669
66986.109185721,3.2845945,-0.78451196
66987.1091857713,3.2844765,-0.78293396
66988.1091858216,3.2843189,-0.78332843
66989.1091858719,3.2840433,-0.78431476
66990.1091859221,3.2839646,-0.78372296
66991.1091859724,3.2838466,-0.78490649
66992.1091860227,3.2834921,-0.78352576
66993.109186073,3.2834134,-0.78313123
66994.1091861233,3.2832952,-0.78392023
66995.1091861736,3.2831771,-0.78293396
66996.1091862239,3.2829015,-0.78431476
66997.1091862742,3.2828228,-0.78490649
66998.1091863245,3.2825472,-0.78332843
66999.1091863748,3.2823896,-0.78352576
67000.1091864251,3.282311,-0.78372296
67001.1091864754,3.2819567,-0.78490649
67002.1091865256,3.2818778,-0.78332843
67003.1091865759,3.2817204,-0.78431476
67004.1091866262,3.2815628,-0.78411743
67005.1091866765,3.2813265,-0.78392023
67006.1091867268,3.2811692,-0.78451196
67007.1091867771,3.2809722,-0.78332843
67008.1091868274,3.280854,-0.78293396
67009.1091868777,3.2806966,-0.78313123
67010.109186928,3.2804997,-0.78352576
67011.1091869783,3.2803423,-0.78313123
67012.1091870286,3.2801454,-0.78293396
67013.1091870789,3.2799091,-0.78332843
67014.1091871291,3.2797909,-0.78332843
67015.1091871794,3.2797122,-0.78293396
67016.1091872297,3.2794759,-0.78313123
67017.10918728,3.2792003,-0.78332843
67018.1091873303,3.2792003,-0.78372296
67019.1091873806,3.278964,-0.78372296
67020.1091874309,3.2788067,-0.78431476
67021.1091874812,3.2786098,-0.78372296
67022.1091875315,3.2783735,-0.78273669
67023.1091875818,3.2782555,-0.78234222
67024.1091876321,3.2781372,-0.78411743
67025.1091876823,3.2779009,-0.78332843
67026.1091877326,3.2777829,-0.78352576
67027.1091877829,3.2775466,-0.78313123
67028.1091878332,3.2773497,-0.78431476
67029.1091878835,3.277153,-0.78352576
67030.1091879338,3.2771137,-0.78451196
67031.1091879841,3.2769561,-0.78352576
67032.1091880344,3.2765625,-0.78332843
67033.1091880847,3.2764442,-0.78372296
67034.109188135,3.2762866,-0.78372296
67035.1091881853,3.2762079,-0.78431476
67036.1091882356,3.275893,-0.78549829
67037.1091882858,3.275775,-0.78372296
67038.1091883361,3.2756174,-0.78313123
67039.1091883864,3.2754204,-0.78411743
67040.1091884367,3.2752631,-0.78431476
67041.109188487,3.2750268,-0.78352576
67042.1091885373,3.2749085,-0.78332843
67043.1091885876,3.2747118,-0.78392023
67044.1091886379,3.2744362,-0.78372296
67045.1091886882,3.2744362,-0.78332843
67046.1091887385,3.274121,-0.78352576
67047.1091887888,3.2739637,-0.78451196
67048.109188839,3.2738454,-0.78352576
67049.1091888893,3.2736094,-0.78293396
67050.1091889396,3.2733338,-0.78392023
67051.1091889899,3.2732155,-0.78411743
67052.1091890402,3.2730186,-0.78352576
67053.1091890905,3.2729006,-0.78372296
67054.1091891408,3.2727036,-0.78411743
67055.1091891911,3.2725067,-0.78234222
67056.1091892414,3.2723494,-0.78411743
67057.1091892917,3.2721524,-0.78372296
67058.109189342,3.2719555,-0.78352576
67059.1091893923,3.2718375,-0.78332843
67060.1091894425,3.2714832,-0.78352576
67061.1091894928,3.2713649,-0.78372296
67062.1091895431,3.2712076,-0.78352576
67063.1091895934,3.2710106,-0.78352576
67064.1091896437,3.270853,-0.78273669
67065.109189694,3.2705774,-0.78490649
67066.1091897443,3.2703412,-0.78313123
67067.1091897946,3.2702231,-0.78293396
67068.1091898449,3.2700262,-0.78332843
67069.1091898952,3.2698689,-0.78372296
67070.1091899455,3.2697113,-0.78510376
67071.1091899958,3.2696326,-0.78293396
67072.109190046,3.269357,-0.78372296
67073.1091900963,3.2691207,-0.78392023
67074.1091901466,3.2688844,-0.78411743
67075.1091901969,3.2688057,-0.78490649
67076.1091902472,3.2685695,-0.78470929
67077.1091902975,3.2682939,-0.78392023
67078.1091903478,3.2681363,-0.78313123
67079.1091903981,3.2680182,-0.78411743
67080.1091904484,3.2678607,-0.78352576
67081.1091904987,3.2676244,-0.78293396
67082.109190549,3.2674277,-0.78372296
67083.1091905992,3.2672307,-0.78352576
67084.1091906495,3.2669945,-0.78352576
67085.1091906998,3.2667975,-0.78273669
67086.1091907501,3.2666008,-0.78372296
67087.1091908004,3.2664433,-0.78372296
67088.1091908507,3.266207,-0.78451196
67089.109190901,3.2660496,-0.78431476
67090.1091909513,3.265892,-0.78253943
67091.1091910016,3.2656951,-0.78313123
67092.1091910519,3.2655377,-0.78372296
67093.1091911022,3.2652228,-0.78431476
67094.1091911525,3.2651045,-0.78293396
67095.1091912027,3.2648683,-0.78431476
67096.109191253,3.2647109,-0.78372296
67097.1091913033,3.2644353,-0.78293396
67098.1091913536,3.2642777,-0.78352576
67099.1091914039,3.2639627,-0.78352576
67100.1091914542,3.2638445,-0.78372296
67101.1091915045,3.2637265,-0.78411743
67102.1091915548,3.2634115,-0.78372296
67103.1091916051,3.2632933,-0.78332843
67104.1091916554,3.263057,-0.78392023
67105.1091917057,3.2627814,-0.78510376
67106.109191756,3.2627027,-0.78392023
67107.1091918062,3.2624664,-0.78470929
67108.1091918565,3.2622697,-0.78293396
67109.1091919068,3.2619941,-0.78372296
67110.1091919571,3.2617185,-0.78431476
67111.1091920074,3.2617185,-0.78431476
67112.1091920577,3.2614427,-0.78549829
67113.109192108,3.2611277,-0.78392023
67114.1091921583,3.2611277,-0.78332843
67115.1091922086,3.2608128,-0.78352576
67116.1091922589,3.2605765,-0.78392023
67117.1091923092,3.2604191,-0.78313123
67118.1091923594,3.2601829,-0.78530096
67119.1091924097,3.2599859,-0.78372296
67120.10919246,3.2598286,-0.78392023
67121.1091925103,3.2597103,-0.78392023
67122.1091925606,3.259474,-0.78392023
67123.1091926109,3.2590411,-0.78392023
67124.1091926612,3.2588441,-0.78372296
67125.1091927115,3.2588048,-0.78411743
67126.1091927618,3.2586472,-0.78411743
67127.1091928121,3.2583323,-0.7858927
67128.1091928624,3.2580566,-0.78411743
67129.1091929127,3.2580566,-0.78451196
67130.1091929629,3.2577024,-0.78253943
67131.1091930132,3.2575448,-0.78352576
67132.1091930635,3.2573085,-0.78352576
67133.1091931138,3.2569935,-0.78293396
67134.1091931641,3.2569149,-0.78372296
67135.1091932144,3.2567179,-0.78372296
67136.1091932647,3.256403,-0.78293396
67137.109193315,3.2562454,-0.78392023
67138.1091933653,3.2560091,-0.78392023
67139.1091934156,3.2558517,-0.78352576
67140.1091934659,3.2556155,-0.78372296
67141.1091935162,3.2554185,-0.78490649
67142.1091935664,3.2552216,-0.78392023
67143.1091936167,3.2549856,-0.78372296
67144.109193667,3.25471,-0.78372296
67145.1091937173,3.2544737,-0.78253943
67146.1091937676,3.2542768,-0.78313123
67147.1091938179,3.2540405,-0.78372296
67148.1091938682,3.2538829,-0.78411743
67149.1091939185,3.2536862,-0.78431476
67150.1091939688,3.2534106,-0.78352576
67151.1091940191,3.253253,-0.78411743
67152.1091940694,3.252938,-0.78253943
67153.1091941196,3.2527018,-0.78392023
67154.1091941699,3.2524655,-0.78313123
67155.1091942202,3.2522688,-0.78411743
67156.1091942705,3.2521505,-0.78332843
67157.1091943208,3.2519143,-0.78372296
67158.1091943711,3.2515993,-0.78332843
67159.1091944214,3.2514024,-0.78392023
67160.1091944717,3.251245,-0.78332843
67161.109194522,3.2509694,-0.78352576
67162.1091945723,3.2507331,-0.78293396
67163.1091946226,3.2504575,-0.78332843
67164.1091946729,3.2503393,-0.78313123
67165.1091947231,3.2501426,-0.78470929
67166.1091947734,3.249788,-0.78490649
67167.1091948237,3.2495914,-0.78372296
67168.109194874,3.2493551,-0.78372296
67169.1091949243,3.2492368,-0.78194769
67170.1091949746,3.2490401,-0.78530096
67171.1091950249,3.2487645,-0.78490649
67172.1091950752,3.2484889,-0.78332843
67173.1091951255,3.2483313,-0.78332843
67174.1091951758,3.2481344,-0.78392023
67175.1091952261,3.2477407,-0.78273669
67176.1091952764,3.2475832,-0.78332843
67177.1091953266,3.2473075,-0.78392023
67178.1091953769,3.2469532,-0.78313123
67179.1091954272,3.2469532,-0.78392023
67180.1091954775,3.2466776,-0.78313123
67181.1091955278,3.2464414,-0.78372296
67182.1091955781,3.2462444,-0.78332843
67183.1091956284,3.2458901,-0.78234222
67184.1091956787,3.2456145,-0.78490649
67185.109195729,3.2455359,-0.78273669
67186.1091957793,3.2451813,-0.78352576
67187.1091958296,3.2451026,-0.78332843
67188.1091958798,3.2447877,-0.78313123
67189.1091959301,3.2446301,-0.78411743
67190.1091959804,3.2444332,-0.78372296
67191.1091960307,3.2440002,-0.78372296
67192.109196081,3.2437246,-0.78313123
67193.1091961313,3.2436063,-0.78313123
67194.1091961816,3.2433307,-0.78293396
67195.1091962319,3.243252,-0.78293396
67196.1091962822,3.2428977,-0.78451196
67197.1091963325,3.2426615,-0.78470929
67198.1091963828,3.2425039,-0.78332843
67199.1091964331,3.2421496,-0.78352576
67200.1091964833,3.241992,-0.78352576
67201.1091965336,3.241677,-0.78372296
67202.1091965839,3.2414408,-0.78253943
67203.1091966342,3.2411258,-0.78273669
67204.1091966845,3.2409289,-0.78332843
67205.1091967348,3.2406533,-0.78352576
67206.1091967851,3.2403383,-0.78313123
67207.1091968354,3.2402203,-0.78372296
67208.1091968857,3.239866,-0.78392023
67209.109196936,3.2396691,-0.78392023
67210.1091969863,3.2394722,-0.78332843
67211.1091970366,3.2391179,-0.78372296
67212.1091970868,3.2389603,-0.78332843
67213.1091971371,3.238606,-0.78372296
67214.1091971874,3.2385273,-0.78332843
67215.1091972377,3.2382121,-0.78332843
67216.109197288,3.2378972,-0.78392023
67217.1091973383,3.2376215,-0.78332843
67218.1091973886,3.2373459,-0.78293396
67219.1091974389,3.237149,-0.78431476
67220.1091974892,3.236834,-0.78411743
67221.1091975395,3.2365584,-0.78392023
67222.1091975898,3.2363617,-0.78352576
67223.10919764,3.2361255,-0.78392023
67224.1091976903,3.2358105,-0.78372296
67225.1091977406,3.2354953,-0.78372296
67226.1091977909,3.2352197,-0.78253943
67227.1091978412,3.2351017,-0.78293396
67228.1091978915,3.2347474,-0.78372296
67229.1091979418,3.2345505,-0.78332843
67230.1091979921,3.2342749,-0.78470929
67231.1091980424,3.2339599,-0.78313123
67232.1091980927,3.2336843,-0.78352576
67233.109198143,3.2334874,-0.78490649
67234.1091981933,3.2331724,-0.78273669
67235.1091982435,3.2328575,-0.78332843
67236.1091982938,3.2327785,-0.78411743
67237.1091983441,3.2324243,-0.78372296
67238.1091983944,3.2320306,-0.78313123
67239.1091984447,3.231873,-0.78313123
67240.109198495,3.2315974,-0.78313123
67241.1091985453,3.2312431,-0.78332843
67242.1091985956,3.2311249,-0.78313123
67243.1091986459,3.2307706,-0.78332843
67244.1091986962,3.2304163,-0.78273669
67245.1091987465,3.23018,-0.78687903
67246.1091987968,3.2300224,-0.78352576
67247.109198847,3.2297468,-0.78352576
67248.1091988973,3.2295499,-0.7858927
67249.1091989476,3.2291169,-0.78372296
67250.1091989979,3.22892,-0.78313123
67251.1091990482,3.228605,-0.78313123
67252.1091990985,3.2282507,-0.78273669
67253.1091991488,3.2280145,-0.78332843
67254.1091991991,3.2277782,-0.78332843
67255.1091992494,3.2275813,-0.78372296
67256.1091992997,3.2270694,-0.78549829
67257.10919935,3.2268331,-0.78392023
67258.1091994002,3.2265575,-0.78431476
67259.1091994505,3.2264001,-0.78273669
67260.1091995008,3.2261245,-0.78411743
67261.1091995511,3.2257307,-0.78372296
67262.1091996014,3.225455,-0.78293396
67263.1091996517,3.2251401,-0.78293396
67264.109199702,3.2249038,-0.78372296
67265.1091997523,3.2246675,-0.78253943
67266.1091998026,3.2242739,-0.78313123
67267.1091998529,3.2240376,-0.78332843
67268.1091999032,3.2238014,-0.78372296
67269.1091999535,3.2236044,-0.78451196
67270.1092000037,3.2230532,-0.78470929
67271.109200054,3.2228565,-0.78273669
67272.1092001043,3.222502,-0.78411743
67273.1092001546,3.2221477,-0.78352576
67274.1092002049,3.222069,-0.78352576
67275.1092002552,3.2217145,-0.78352576
67276.1092003055,3.2214389,-0.78392023
67277.1092003558,3.2211239,-0.78313123
67278.1092004061,3.2207303,-0.78392023
67279.1092004564,3.2205334,-0.78293396
67280.1092005067,3.2202971,-0.78510376
67281.109200557,3.2199428,-0.78490649
67282.1092006072,3.2195883,-0.7821449
67283.1092006575,3.2192733,-0.78352576
67284.1092007078,3.2190371,-0.78234222
67285.1092007581,3.218801,-0.78332843
67286.1092008084,3.2184072,-0.78352576
67287.1092008587,3.2181709,-0.78372296
67288.109200909,3.2177773,-0.78352576
67289.1092009593,3.2174623,-0.78352576
67290.1092010096,3.2173047,-0.78392023
67291.1092010599,3.2168322,-0.78313123
67292.1092011102,3.2165959,-0.78392023
67293.1092011604,3.2163596,-0.78352576
67294.1092012107,3.2160053,-0.78332843
67295.109201261,3.2156904,-0.78411743
67296.1092013113,3.2152572,-0.78332843
67297.1092013616,3.2150605,-0.78293396
67298.1092014119,3.2146273,-0.78234222
67299.1092014622,3.214391,-0.78313123
67300.1092015125,3.2139974,-0.78549829
67301.1092015628,3.2137218,-0.78313123
67302.1092016131,3.2134461,-0.78470929
67303.1092016634,3.2132099,-0.78234222
67304.1092017137,3.2127767,-0.78372296
67305.1092017639,3.212383,-0.78411743
67306.1092018142,3.2121468,-0.78411743
67307.1092018645,3.2117529,-0.78332843
67308.1092019148,3.2114773,-0.78411743
67309.1092019651,3.211123,-0.78253943
67310.1092020154,3.2108474,-0.78293396
67311.1092020657,3.2104537,-0.78293396
67312.109202116,3.2102175,-0.78313123
67313.1092021663,3.2098236,-0.78352576
67314.1092022166,3.209548,-0.78332843
67315.1092022669,3.2091544,-0.78352576
67316.1092023172,3.2088394,-0.78313123
67317.1092023674,3.2085638,-0.78253943
67318.1092024177,3.2081699,-0.78293396
67319.109202468,3.2078943,-0.78293396
67320.1092025183,3.2075794,-0.78332843
67321.1092025686,3.2071462,-0.78293396
67322.1092026189,3.2068706,-0.78431476
67323.1092026692,3.2064769,-0.78470929
67324.1092027195,3.206162,-0.78332843
67325.1092027698,3.2058074,-0.78392023
67326.1092028201,3.2054925,-0.78273669
67327.1092028704,3.2051775,-0.78332843
67328.1092029206,3.2047839,-0.78332843
67329.1092029709,3.20439,-0.78313123
67330.1092030212,3.2041144,-0.78392023
67331.1092030715,3.2038388,-0.78392023
67332.1092031218,3.2034452,-0.7858927
67333.1092031721,3.2030513,-0.78352576
67334.1092032224,3.2026577,-0.78332843
67335.1092032727,3.2025001,-0.78352576
67336.109203323,3.2020276,-0.78253943
67337.1092033733,3.2017519,-0.78273669
67338.1092034236,3.201319,-0.78372296
67339.1092034739,3.201004,-0.78352576
67340.1092035241,3.2006102,-0.78372296
67341.1092035744,3.2003345,-0.78451196
67342.1092036247,3.1999409,-0.78352576
67343.109203675,3.1995077,-0.78352576
67344.1092037253,3.1991141,-0.78411743
67345.1092037756,3.1987596,-0.78392023
67346.1092038259,3.1984446,-0.78372296
67347.1092038762,3.1982083,-0.78431476
67348.1092039265,3.197854,-0.78372296
67349.1092039768,3.1973422,-0.78530096
67350.1092040271,3.1971059,-0.78352576
67351.1092040773,3.1967909,-0.78392023
67352.1092041276,3.1963971,-0.78372296
67353.1092041779,3.1959248,-0.78352576
67354.1092042282,3.1956098,-0.78332843
67355.1092042785,3.1951373,-0.78332843
67356.1092043288,3.1949403,-0.78313123
67357.1092043791,3.1945071,-0.78253943
67358.1092044294,3.1941135,-0.78352576
67359.1092044797,3.1937592,-0.78372296
67360.10920453,3.1934047,-0.78372296
67361.1092045803,3.1929717,-0.78313123
67362.1092046306,3.1925385,-0.78431476
67363.1092046808,3.1922235,-0.78470929
67364.1092047311,3.1918693,-0.78352576
67365.1092047814,3.1914754,-0.78352576
67366.1092048317,3.1911604,-0.78352576
67367.109204882,3.1907668,-0.78332843
67368.1092049323,3.1902549,-0.78530096
67369.1092049826,3.1899004,-0.78313123
67370.1092050329,3.1895461,-0.78293396
67371.1092050832,3.1891918,-0.78451196
67372.1092051335,3.188798,-0.78392023
67373.1092051838,3.1884043,-0.78411743
67374.1092052341,3.1880105,-0.78253943
67375.1092052843,3.1875381,-0.78273669
67376.1092053346,3.187223,-0.78293396
67377.1092053849,3.18679,-0.78352576
67378.1092054352,3.1863961,-0.78411743
67379.1092054855,3.1860025,-0.78392023
67380.1092055358,3.1856482,-0.78332843
67381.1092055861,3.1851757,-0.78313123
67382.1092056364,3.1847425,-0.78392023
67383.1092056867,3.1845458,-0.78431476
67384.109205737,3.1839945,-0.78313123
67385.1092057873,3.183522,-0.78293396
67386.1092058375,3.1831675,-0.78411743
67387.1092058878,3.1827345,-0.78411743
67388.1092059381,3.1824195,-0.78411743
67389.1092059884,3.1818683,-0.78313123
67390.1092060387,3.1815927,-0.78372296
67391.109206089,3.1811202,-0.78293396
67392.1092061393,3.1807659,-0.78372296
67393.1092061896,3.1802933,-0.78313123
67394.1092062399,3.1798601,-0.78411743
67395.1092062902,3.1794665,-0.78352576
67396.1092063405,3.1789546,-0.78332843
67397.1092063908,3.1786003,-0.78411743
67398.109206441,3.1782064,-0.78431476
67399.1092064913,3.1778522,-0.78313123
67400.1092065416,3.1774189,-0.78392023
67401.1092065919,3.1768677,-0.78332843
67402.1092066422,3.1765921,-0.78253943
67403.1092066925,3.1760409,-0.78313123
67404.1092067428,3.1755683,-0.78392023
67405.1092067931,3.1752534,-0.78273669
67406.1092068434,3.1747022,-0.78372296
67407.1092068937,3.1743085,-0.78411743
67408.109206944,3.1738753,-0.78293396
67409.1092069943,3.1734817,-0.78451196
67410.1092070445,3.1730878,-0.78372296
67411.1092070948,3.1726942,-0.78175043
67412.1092071451,3.1721823,-0.78490649
67413.1092071954,3.1716704,-0.78352576
67414.1092072457,3.1713948,-0.78313123
67415.109207296,3.1708436,-0.78332843
67416.1092073463,3.1704891,-0.78313123
67417.1092073966,3.1700168,-0.78352576
67418.1092074469,3.1695049,-0.78392023
67419.1092074972,3.169111,-0.78253943
67420.1092075475,3.1687961,-0.78352576
67421.1092075977,3.1682842,-0.78352576
67422.109207648,3.1677723,-0.78392023
67423.1092076983,3.1673,-0.78352576
67424.1092077486,3.1668274,-0.78352576
67425.1092077989,3.1663942,-0.78609003
67426.1092078492,3.1660006,-0.78352576
67427.1092078995,3.1655674,-0.78293396
67428.1092079498,3.1649768,-0.78352576
67429.1092080001,3.1645832,-0.78352576
67430.1092080504,3.164268,-0.78293396
67431.1092081007,3.1637168,-0.78273669
67432.109208151,3.1632445,-0.78332843
67433.1092082012,3.1628113,-0.78234222
67434.1092082515,3.1622601,-0.78253943
67435.1092083018,3.1617875,-0.78372296
67436.1092083521,3.1612756,-0.78352576
67437.1092084024,3.1608427,-0.78411743
67438.1092084527,3.1604095,-0.78392023
67439.109208503,3.1598976,-0.78293396
67440.1092085533,3.1593857,-0.78253943
67441.1092086036,3.1588738,-0.78372296
67442.1092086539,3.1584408,-0.78293396
67443.1092087042,3.1580076,-0.78392023
67444.1092087545,3.1574957,-0.78372296
67445.1092088047,3.1570234,-0.78411743
67446.109208855,3.1565902,-0.78332843
67447.1092089053,3.1559603,-0.78273669
67448.1092089556,3.1555665,-0.78293396
67449.1092090059,3.1550939,-0.78293396
67450.1092090562,3.1546216,-0.78392023
67451.1092091065,3.1541097,-0.78411743
67452.1092091568,3.1535192,-0.78332843
67453.1092092071,3.1530073,-0.78332843
67454.1092092574,3.1526923,-0.78313123
67455.1092093077,3.1521411,-0.78392023
67456.1092093579,3.1515503,-0.78372296
67457.1092094082,3.151078,-0.78313123
67458.1092094585,3.1505268,-0.78313123
67459.1092095088,3.1500936,-0.78431476
67460.1092095591,3.149503,-0.78411743
67461.1092096094,3.1491091,-0.78332843
67462.1092096597,3.1485186,-0.78392023
67463.10920971,3.147928,-0.78253943
67464.1092097603,3.1474555,-0.78392023
67465.1092098106,3.1469436,-0.7821449
67466.1092098609,3.1464317,-0.78392023
67467.1092099112,3.1459987,-0.78431476
67468.1092099614,3.1454082,-0.78194769
67469.1092100117,3.1448569,-0.78372296
67470.109210062,3.1444631,-0.78273669
67471.1092101123,3.1438725,-0.78451196
67472.1092101626,3.1432819,-0.78313123
67473.1092102129,3.1428094,-0.78451196
67474.1092102632,3.1424155,-0.78332843
67475.1092103135,3.141825,-0.78313123
67476.1092103638,3.1411557,-0.78273669
67477.1092104141,3.1407225,-0.78332843
67478.1092104644,3.1401713,-0.78293396
67479.1092105147,3.1395807,-0.78293396
67480.1092105649,3.1390295,-0.78273669
67481.1092106152,3.138557,-0.78451196
67482.1092106655,3.1380844,-0.78372296
67483.1092107158,3.1374545,-0.78392023
67484.1092107661,3.1369033,-0.78332843
67485.1092108164,3.1362734,-0.78392023
67486.1092108667,3.1358402,-0.78372296
67487.109210917,3.1352496,-0.78352576
67488.1092109673,3.1346984,-0.78332843
67489.1092110176,3.1341078,-0.78293396
67490.1092110679,3.1335959,-0.78332843
67491.1092111181,3.1330054,-0.78234222
67492.1092111684,3.1324542,-0.78313123
67493.1092112187,3.1318634,-0.78372296
67494.109211269,3.1313515,-0.78411743
67495.1092113193,3.1307216,-0.78234222
67496.1092113696,3.1303279,-0.78234222
67497.1092114199,3.1295798,-0.78293396
67498.1092114702,3.1291466,-0.78372296
67499.1092115205,3.128438,-0.78352576
67500.1092115708,3.1279655,-0.78451196
67501.1092116211,3.1273355,-0.78392023
67502.1092116714,3.1267843,-0.78273669
67503.1092117216,3.1260755,-0.78273669
67504.1092117719,3.1256423,-0.78490649
67505.1092118222,3.1250517,-0.78431476
67506.1092118725,3.1244218,-0.78273669
67507.1092119228,3.1238706,-0.78372296
67508.1092119731,3.1232405,-0.78490649
67509.1092120234,3.1226892,-0.78313123
67510.1092120737,3.12202,-0.78490649
67511.109212124,3.1215081,-0.78530096
67512.1092121743,3.1209569,-0.78411743
67513.1092122246,3.1201694,-0.78332843
67514.1092122749,3.1197758,-0.78431476
67515.1092123251,3.1191063,-0.78234222
67516.1092123754,3.1185551,-0.78332843
67517.1092124257,3.1178858,-0.78352576
67518.109212476,3.1172557,-0.7821449
67519.1092125263,3.1166651,-0.78392023
67520.1092125766,3.1159959,-0.78352576
67521.1092126269,3.115484,-0.78352576
67522.1092126772,3.1147752,-0.78293396
67523.1092127275,3.1141453,-0.78431476
67524.1092127778,3.1136334,-0.78372296
67525.1092128281,3.1129639,-0.78332843
67526.1092128783,3.112334,-0.78372296
67527.1092129286,3.1116648,-0.78372296
67528.1092129789,3.1111133,-0.78293396
67529.1092130292,3.1104047,-0.78372296
67530.1092130795,3.1098142,-0.78392023
67531.1092131298,3.1091447,-0.78273669
67532.1092131801,3.1086328,-0.78530096
67533.1092132304,3.1079242,-0.78293396
67534.1092132807,3.1073334,-0.78313123
67535.109213331,3.1067035,-0.78293396
67536.1092133813,3.1059949,-0.78313123
67537.1092134316,3.1054435,-0.78372296
67538.1092134818,3.1047742,-0.78530096
67539.1092135321,3.1040654,-0.78352576
67540.1092135824,3.1033568,-0.78313123
67541.1092136327,3.1028056,-0.78253943
67542.109213683,3.1020968,-0.78431476
67543.1092137333,3.1013486,-0.78313123
67544.1092137836,3.1008368,-0.78392023
67545.1092138339,3.1000888,-0.78332843
67546.1092138842,3.0994587,-0.78490649
67547.1092139345,3.0988288,-0.78332843
67548.1092139848,3.0980806,-0.78451196
67549.1092140351,3.0973721,-0.78313123
67550.1092140853,3.0967813,-0.78392023
67551.1092141356,3.0961514,-0.78313123
67552.1092141859,3.0953245,-0.78293396
67553.1092142362,3.0946946,-0.78352576
67554.1092142865,3.0941434,-0.78234222
67555.1092143368,3.0933952,-0.78352576
67556.1092143871,3.0927258,-0.78352576
67557.1092144374,3.0919778,-0.78234222
67558.1092144877,3.0913084,-0.78293396
67559.109214538,3.0905602,-0.78372296
67560.1092145883,3.0899303,-0.78313123
67561.1092146385,3.0892215,-0.78313123
67562.1092146888,3.0885129,-0.78332843
67563.1092147391,3.0878434,-0.78490649
67564.1092147894,3.0870955,-0.78293396
67565.1092148397,3.0864654,-0.78352576
67566.10921489,3.0857568,-0.78411743
67567.1092149403,3.0850873,-0.78392023
67568.1092149906,3.0844181,-0.78273669
67569.1092150409,3.0835912,-0.78392023
67570.1092150912,3.0827641,-0.78253943
67571.1092151415,3.0822129,-0.78352576
67572.1092151918,3.0813861,-0.78253943
67573.109215242,3.0807562,-0.78332843
67574.1092152923,3.0800474,-0.78313123
67575.1092153426,3.0792994,-0.78372296
67576.1092153929,3.078433,-0.78234222
67577.1092154432,3.0777245,-0.78313123
67578.1092154935,3.0771732,-0.78293396
67579.1092155438,3.0763857,-0.7821449
67580.1092155941,3.0755982,-0.78392023
67581.1092156444,3.0749288,-0.78372296
67582.1092156947,3.0740626,-0.78332843
67583.109215745,3.0733933,-0.78293396
67584.1092157953,3.0725665,-0.78273669
67585.1092158455,3.0718577,-0.78253943
67586.1092158958,3.0710702,-0.78253943
67587.1092159461,3.070401,-0.78352576
67588.1092159964,3.0695741,-0.78392023
67589.1092160467,3.0687866,-0.78411743
67590.109216097,3.0681171,-0.78293396
67591.1092161473,3.0673296,-0.78392023
67592.1092161976,3.0665815,-0.78332843
67593.1092162479,3.0657153,-0.78293396
67594.1092162982,3.0649278,-0.78273669
67595.1092163485,3.0642586,-0.78431476
67596.1092163987,3.0633924,-0.78372296
67597.109216449,3.0626442,-0.78372296
67598.1092164993,3.0618961,-0.78372296
67599.1092165496,3.0610693,-0.78470929
67600.1092165999,3.0602818,-0.78470929
67601.1092166502,3.0595732,-0.78293396
67602.1092167005,3.0586674,-0.78332843
67603.1092167508,3.0578799,-0.78392023
67604.1092168011,3.0571318,-0.78352576
67605.1092168514,3.0562656,-0.78253943
67606.1092169017,3.0553601,-0.78194769
67607.109216952,3.0546906,-0.78372296
67608.1092170022,3.0539427,-0.78273669
67609.1092170525,3.0530763,-0.78293396
67610.1092171028,3.0522494,-0.78332843
67611.1092171531,3.0515409,-0.78293396
67612.1092172034,3.0506351,-0.78392023
67613.1092172537,3.0498476,-0.78253943
67614.109217304,3.0489814,-0.78273669
67615.1092173543,3.0480759,-0.78352576
67616.1092174046,3.0472884,-0.78411743
67617.1092174549,3.0464616,-0.78313123
67618.1092175052,3.0457134,-0.78332843
67619.1092175555,3.0449259,-0.78194769
67620.1092176057,3.0440204,-0.78332843
67621.109217656,3.0431542,-0.78372296
67622.1092177063,3.0422878,-0.78609003
67623.1092177566,3.041461,-0.78332843
67624.1092178069,3.0406342,-0.78411743
67625.1092178572,3.039768,-0.78411743
67626.1092179075,3.0388625,-0.78451196
67627.1092179578,3.0379567,-0.78332843
67628.1092180081,3.0371299,-0.78313123
67629.1092180584,3.0362637,-0.78332843
67630.1092181087,3.0353582,-0.78411743
67631.1092181589,3.034492,-0.78253943
67632.1092182092,3.0335863,-0.78392023
67633.1092182595,3.0327594,-0.78411743
67634.1092183098,3.0318146,-0.78431476
67635.1092183601,3.0309877,-0.78490649
67636.1092184104,3.0300426,-0.78451196
67637.1092184607,3.0292945,-0.78411743
67638.109218511,3.0283103,-0.78411743
67639.1092185613,3.0273259,-0.78313123
67640.1092186116,3.0265384,-0.78431476
67641.1092186619,3.0255539,-0.78332843
67642.1092187122,3.0246484,-0.78332843
67643.1092187624,3.0237036,-0.78372296
67644.1092188127,3.0229161,-0.78332843
67645.109218863,3.021853,-0.78253943
67646.1092189133,3.0209472,-0.78352576
67647.1092189636,3.020081,-0.78352576
67648.1092190139,3.0190969,-0.78313123
67649.1092190642,3.0181911,-0.78332843
67650.1092191145,3.0173643,-0.78332843
67651.1092191648,3.0163798,-0.78470929
67652.1092192151,3.0153956,-0.78352576
67653.1092192654,3.0144899,-0.78352576
67654.1092193156,3.013545,-0.78372296
67655.1092193659,3.0124426,-0.78372296
67656.1092194162,3.0117338,-0.7856955
67657.1092194665,3.010592,-0.78313123
67658.1092195168,3.0096471,-0.78332843
67659.1092195671,3.008584,-0.78293396
67660.1092196174,3.0077572,-0.78273669
67661.1092196677,3.0067334,-0.78332843
67662.109219718,3.0057883,-0.78352576
67663.1092197683,3.0048041,-0.78273669
67664.1092198186,3.003741,-0.78253943
67665.1092198689,3.0028353,-0.78273669
67666.1092199191,3.0018511,-0.78372296
67667.1092199694,3.000906,-0.78352576
67668.1092200197,2.9999611,-0.78372296
67669.10922007,2.9988191,-0.78411743
67670.1092201203,2.997756,-0.78352576
67671.1092201706,2.9969292,-0.78411743
67672.1092202209,2.9958661,-0.78411743
67673.1092202712,2.9948819,-0.78352576
67674.1092203215,2.9938581,-0.78451196
67675.1092203718,2.992795,-0.78352576
67676.1092204221,2.9917319,-0.78372296
67677.1092204724,2.9908264,-0.78490649
67678.1092205226,2.9896846,-0.78253943
67679.1092205729,2.9887395,-0.78293396
67680.1092206232,2.987519,-0.78253943
67681.1092206735,2.9865346,-0.78451196
67682.1092207238,2.9855108,-0.78293396
67683.1092207741,2.984566,-0.78332843
67684.1092208244,2.9833453,-0.78253943
67685.1092208747,2.9823215,-0.78273669
67686.109220925,2.9812977,-0.78293396
67687.1092209753,2.9802349,-0.78332843
67688.1092210256,2.9791718,-0.78352576
67689.1092210758,2.978148,-0.78352576
67690.1092211261,2.9770455,-0.78194769
67691.1092211764,2.9758642,-0.78332843
67692.1092212267,2.9749587,-0.78431476
67693.109221277,2.9737775,-0.78392023
67694.1092213273,2.9726355,-0.78253943
67695.1092213776,2.97173,-0.78411743
67696.1092214279,2.9705489,-0.78352576
67697.1092214782,2.9694068,-0.78352576
67698.1092215285,2.9683044,-0.78431476
67699.1092215788,2.9672413,-0.78392023
67700.1092216291,2.9660602,-0.78392023
67701.1092216793,2.9650364,-0.78470929
67702.1092217296,2.9638553,-0.78293396
67703.1092217799,2.9626739,-0.78293396
67704.1092218302,2.9615321,-0.78273669
67705.1092218805,2.9603903,-0.78313123
67706.1092219308,2.9593272,-0.78234222
67707.1092219811,2.9582248,-0.78273669
67708.1092220314,2.9570041,-0.78352576
67709.1092220817,2.9558623,-0.78273669
67710.109222132,2.9547598,-0.78293396
67711.1092221823,2.9535394,-0.78352576
67712.1092222326,2.9523973,-0.78352576
67713.1092222828,2.9513342,-0.78352576
67714.1092223331,2.9501138,-0.78392023
67715.1092223834,2.948972,-0.78332843
67716.1092224337,2.9477119,-0.78313123
67717.109222484,2.9464915,-0.78411743
67718.1092225343,2.9452708,-0.78332843
67719.1092225846,2.9441683,-0.78392023
67720.1092226349,2.9428689,-0.78372296
67721.1092226852,2.9418845,-0.78313123
67722.1092227355,2.940546,-0.78490649
67723.1092227858,2.9393647,-0.78293396
67724.109222836,2.9381046,-0.78332843
67725.1092228863,2.9369235,-0.78451196
67726.1092229366,2.9357817,-0.78313123
67727.1092229869,2.9344823,-0.78352576
67728.1092230372,2.9332223,-0.78293396
67729.1092230875,2.9319625,-0.78352576
67730.1092231378,2.9308205,-0.7858927
67731.1092231881,2.9295607,-0.78411743
67732.1092232384,2.9282613,-0.78451196
67733.1092232887,2.9269619,-0.78451196
67734.109223339,2.9257414,-0.78372296
67735.1092233893,2.9244814,-0.78411743
67736.1092234395,2.9232213,-0.78411743
67737.1092234898,2.9219615,-0.78411743
67738.1092235401,2.9206622,-0.78313123
67739.1092235904,2.9194415,-0.78411743
67740.1092236407,2.9180241,-0.78313123
67741.109223691,2.9169216,-0.78273669
67742.1092237413,2.9155436,-0.78313123
67743.1092237916,2.9142442,-0.78451196
67744.1092238419,2.9128661,-0.78332843
67745.1092238922,2.9116454,-0.78313123
67746.1092239425,2.9103463,-0.78352576
67747.1092239928,2.9088893,-0.78352576
67748.109224043,2.9076295,-0.78313123
67749.1092240933,2.9063694,-0.78332843
67750.1092241436,2.9050701,-0.78431476
67751.1092241939,2.9037313,-0.78352576
67752.1092242442,2.9022353,-0.78372296
67753.1092242945,2.9008965,-0.78293396
67754.1092243448,2.8996365,-0.78313123
67755.1092243951,2.8981009,-0.78293396
67756.1092244454,2.8968804,-0.78411743
67757.1092244957,2.8955023,-0.78392023
67758.109224546,2.8942423,-0.78372296
67759.1092245962,2.8927855,-0.78392023
67760.1092246465,2.8913286,-0.78332843
67761.1092246968,2.8899505,-0.78293396
67762.1092247471,2.8885331,-0.78392023
67763.1092247974,2.8870761,-0.78392023
67764.1092248477,2.8856587,-0.78392023
67765.109224898,2.8842807,-0.78273669
67766.1092249483,2.8829026,-0.7821449
67767.1092249986,2.8815246,-0.78530096
67768.1092250489,2.8800282,-0.78332843
67769.1092250992,2.8786108,-0.78253943
67770.1092251495,2.8772328,-0.78352576
67771.1092251997,2.8758154,-0.78273669
67772.10922525,2.8742797,-0.78372296
67773.1092253003,2.8729017,-0.7856955
67774.1092253506,2.8714054,-0.78313123
67775.1092254009,2.869988,-0.78411743
67776.1092254512,2.8684919,-0.78313123
67777.1092255015,2.8669562,-0.78352576
67778.1092255518,2.8655782,-0.78273669
67779.1092256021,2.8639245,-0.78530096
67780.1092256524,2.8625858,-0.78411743
67781.1092257027,2.8610501,-0.78332843
67782.109225753,2.8595934,-0.78411743
67783.1092258032,2.8580184,-0.78332843
67784.1092258535,2.8565614,-0.78253943
67785.1092259038,2.8551047,-0.78332843
67786.1092259541,2.853451,-0.78392023
67787.1092260044,2.8520336,-0.78411743
67788.1092260547,2.8505766,-0.78352576
67789.109226105,2.8488836,-0.78332843
67790.1092261553,2.8473086,-0.78293396
67791.1092262056,2.8458519,-0.78392023
67792.1092262559,2.8442769,-0.78332843
67793.1092263062,2.8427806,-0.78313123
67794.1092263564,2.8412056,-0.78273669
67795.1092264067,2.8395519,-0.78392023
67796.109226457,2.8381345,-0.78273669
67797.1092265073,2.8364415,-0.78411743
67798.1092265576,2.8349059,-0.78352576
67799.1092266079,2.8332522,-0.78352576
67800.1092266582,2.8318348,-0.78293396
67801.1092267085,2.8301022,-0.78411743
67802.1092267588,2.8284879,-0.78293396
67803.1092268091,2.8268735,-0.78352576
67804.1092268594,2.8254168,-0.78510376
67805.1092269097,2.8237238,-0.78293396
67806.1092269599,2.8221095,-0.78234222
67807.1092270102,2.8203375,-0.78352576
67808.1092270605,2.8187625,-0.78352576
67809.1092271108,2.8172665,-0.78293396
67810.1092271611,2.8154945,-0.78451196
67811.1092272114,2.8138802,-0.78332843
67812.1092272617,2.8122659,-0.78293396
67813.109227312,2.8105729,-0.78411743
67814.1092273623,2.8089585,-0.78332843
67815.1092274126,2.8071866,-0.78431476
67816.1092274629,2.8054543,-0.78313123
67817.1092275132,2.8038399,-0.78392023
67818.1092275634,2.8022256,-0.78273669
67819.1092276137,2.8004537,-0.78431476
67820.109227664,2.7987213,-0.78332843
67821.1092277143,2.7971463,-0.78332843
67822.1092277646,2.7953351,-0.78253943
67823.1092278149,2.793524,-0.78411743
67824.1092278652,2.7918704,-0.78392023
67825.1092279155,2.7900984,-0.78490649
67826.1092279658,2.7884054,-0.78470929
67827.1092280161,2.7865942,-0.78372296
67828.1092280664,2.7849011,-0.78372296
67829.1092281166,2.7831686,-0.78490649
67830.1092281669,2.7814755,-0.78332843
67831.1092282172,2.7797039,-0.78332843
67832.1092282675,2.777735,-0.78392023
67833.1092283178,2.7760026,-0.78332843
67834.1092283681,2.7743096,-0.78372296
67835.1092284184,2.7724984,-0.78372296
67836.1092284687,2.7707658,-0.78313123
67837.109228519,2.7689548,-0.78411743
67838.1092285693,2.7671828,-0.78372296
67839.1092286196,2.7652929,-0.78253943
67840.1092286699,2.7634423,-0.78293396
67841.1092287201,2.7615917,-0.78352576
67842.1092287704,2.7597806,-0.78530096
67843.1092288207,2.7580874,-0.78313123
67844.109228871,2.7560794,-0.78194769
67845.1092289213,2.7543075,-0.78372296
67846.1092289716,2.7523389,-0.78352576
67847.1092290219,2.7505672,-0.78392023
67848.1092290722,2.7487166,-0.78313123
67849.1092291225,2.7468266,-0.78273669
67850.1092291728,2.7450154,-0.78372296
67851.1092292231,2.7431254,-0.78313123
67852.1092292734,2.7411568,-0.78313123
67853.1092293236,2.7393456,-0.78431476
67854.1092293739,2.7373376,-0.78352576
67855.1092294242,2.735487,-0.78332843
67856.1092294745,2.7335181,-0.78313123
67857.1092295248,2.7315888,-0.78253943
67858.1092295751,2.7298172,-0.78313123
67859.1092296254,2.7276516,-0.78431476
67860.1092296757,2.725801,-0.78372296
67861.109229726,2.7238324,-0.78293396
67862.1092297763,2.7219028,-0.78332843
67863.1092298266,2.7200129,-0.78352576
67864.1092298768,2.7180836,-0.78530096
67865.1092299271,2.7160757,-0.78332843
67866.1092299774,2.7139888,-0.78352576
67867.1092300277,2.7120202,-0.78293396
67868.109230078,2.7101302,-0.78234222
67869.1092301283,2.708004,-0.78411743
67870.1092301786,2.7060354,-0.78273669
67871.1092302289,2.7040272,-0.78313123
67872.1092302792,2.7021372,-0.78372296
67873.1092303295,2.6999717,-0.78431476
67874.1092303798,2.6979244,-0.78352576
67875.1092304301,2.6958768,-0.7856955
67876.1092304803,2.6939082,-0.78372296
67877.1092305306,2.6920183,-0.78293396
67878.1092305809,2.6899314,-0.78352576
67879.1092306312,2.6878052,-0.78392023
67880.1092306815,2.6857576,-0.78411743
67881.1092307318,2.683671,-0.78451196
67882.1092307821,2.6816628,-0.78392023
67883.1092308324,2.6796155,-0.78332843
67884.1092308827,2.6774106,-0.78352576
67885.109230933,2.6755207,-0.78372296
67886.1092309833,2.6732368,-0.78293396
67887.1092310336,2.6713076,-0.78451196
67888.1092310838,2.6691027,-0.78293396
67889.1092311341,2.6670551,-0.78293396
67890.1092311844,2.6648896,-0.78392023
67891.1092312347,2.6627634,-0.78372296
67892.109231285,2.6605978,-0.78352576
67893.1092313353,2.6584322,-0.78253943
67894.1092313856,2.6564243,-0.78313123
67895.1092314359,2.6541798,-0.78332843
67896.1092314862,2.6520143,-0.78332843
67897.1092315365,2.6498487,-0.78372296
67898.1092315868,2.6476045,-0.78392023
67899.109231637,2.6455176,-0.78313123
67900.1092316873,2.6434703,-0.78372296
67901.1092317376,2.6411865,-0.78293396
67902.1092317879,2.6390209,-0.78431476
67903.1092318382,2.6368947,-0.78273669
67904.1092318885,2.6346898,-0.78313123
67905.1092319388,2.6324062,-0.78431476
67906.1092319891,2.6302407,-0.78352576
67907.1092320394,2.6279569,-0.78411743
67908.1092320897,2.6258307,-0.78293396
67909.10923214,2.6235471,-0.78431476
67910.1092321903,2.6213028,-0.78332843
67911.1092322405,2.6191373,-0.78352576
67912.1092322908,2.6168928,-0.78313123
67913.1092323411,2.6145699,-0.78352576
67914.1092323914,2.6123254,-0.78332843
67915.1092324417,2.6100812,-0.78392023
67916.109232492,2.607837,-0.78411743
67917.1092325423,2.6054745,-0.78273669
67918.1092325926,2.6033483,-0.7856955
67919.1092326429,2.6010647,-0.78530096
67920.1092326932,2.5986629,-0.7821449
67921.1092327435,2.596379,-0.78253943
67922.1092327937,2.5940561,-0.78352576
67923.109232844,2.5916543,-0.78352576
67924.1092328943,2.5894494,-0.78372296
67925.1092329446,2.5872049,-0.78313123
67926.1092329949,2.584882,-0.78628723
67927.1092330452,2.5824802,-0.78293396
67928.1092330955,2.5801177,-0.78372296
67929.1092331458,2.5778341,-0.78332843
67930.1092331961,2.5752747,-0.78352576
67931.1092332464,2.5731878,-0.78372296
67932.1092332967,2.5709043,-0.78352576
67933.109233347,2.5683844,-0.78332843
67934.1092333972,2.5660613,-0.78352576
67935.1092334475,2.5637774,-0.78490649
67936.1092334978,2.5613759,-0.78313123
67937.1092335481,2.5590134,-0.78352576
67938.1092335984,2.5566509,-0.78332843
67939.1092336487,2.554249,-0.78253943
67940.109233699,2.5519261,-0.78273669
67941.1092337493,2.5494061,-0.78293396
67942.1092337996,2.5470436,-0.78431476
67943.1092338499,2.5446813,-0.78352576
67944.1092339002,2.5422008,-0.78352576
67945.1092339505,2.5398777,-0.78372296
67946.1092340007,2.5374758,-0.78431476
67947.109234051,2.5349953,-0.78470929
67948.1092341013,2.5324755,-0.78372296
67949.1092341516,2.530113,-0.78470929
67950.1092342019,2.5275929,-0.78352576
67951.1092342522,2.5252306,-0.78372296
67952.1092343025,2.5228288,-0.78372296
67953.1092343528,2.5203876,-0.78313123
67954.1092344031,2.5179071,-0.78293396
67955.1092344534,2.5154264,-0.78332843
67956.1092345037,2.5128672,-0.78234222
67957.1092345539,2.5104654,-0.78431476
67958.1092346042,2.5081029,-0.78530096
67959.1092346545,2.5055437,-0.78372296
67960.1092347048,2.5030236,-0.78313123
67961.1092347551,2.5004644,-0.78332843
67961.2772347636,2.4999919,-0.78332843
67961.2792347637,2.5001101,-0.78392023
67961.3252347661,2.5591707,0
68021.3252377836,3.3164086,0
68081.325240801,3.341608,0
68141.3252438185,3.3527508,0
68201.325246836,3.3594837,0
68261.3252498535,3.3642478,0
68321.325252871,3.367516,0
68381.3252558885,3.3701932,0
68441.325258906,3.3723195,0
68501.3252619234,3.3741307,0
68561.3252649409,3.3756664,0
68621.3252679584,3.3769262,0
68681.3252709759,3.3779893,0
68741.3252739934,3.3788161,0
68801.3252770109,3.3797612,0
68861.3252800284,3.3805094,0
68921.3252830458,3.3811393,0
68981.3252860633,3.3818481,0
69041.3252890808,3.38236,0
69101.3252920983,3.3827536,0
69161.3252951158,3.3833048,0
69221.3252981333,3.3836985,0
69281.3253011507,3.3841317,0
69341.3253041682,3.384486,0
69401.3253071857,3.3847222,0
69461.3253102032,3.3850372,0
69521.3253132207,3.3855097,0
69581.3253162382,3.3856673,0
69641.3253192557,3.3859823,0
69701.3253222731,3.3862185,0
69761.3253252906,3.3864548,0
69821.3253283081,3.3867304,0
69881.3253313256,3.3868484,0
69941.3253343431,3.3871241,0
70001.3253373606,3.3872423,0
70061.3253403781,3.3875179,0
70121.3253433955,3.3873997,0
70181.325346413,3.3878329,0
70241.3253494305,3.3879902,0
70301.325352448,3.3881872,0
70361.3253554655,3.3883054,0
70421.325358483,3.3885021,0
70481.3253615004,3.3887384,0
70541.3253645179,3.3887777,0
70601.3253675354,3.388896,0
70661.3253705529,3.389014,0
70721.3253735704,3.3891323,0
70781.3253765879,3.3892896,0
70841.3253796054,3.3893683,0
70901.3253826228,3.3894079,0
70961.3253856403,3.3895652,0
71021.3253886578,3.3897622,0
71081.3253916753,3.3897622,0
71141.3253946928,3.3899591,0
71201.3253977103,3.3901165,0
71261.3254007278,3.3901165,0
71321.3254037452,3.3900378,0
71381.3254067627,3.3901558,0
71441.3254097802,3.3902347,0
71501.3254127977,3.3903134,0
71561.2654158121,3.390471,0
71561.3234158151,3.3905497,0
