*******************************************
***COMSOL 6.3.0.290 progress output file***
*******************************************
Wed Sep 30 05:33:11 SGT 2026
---------- 当前进度: 100 % - 正在更新选择
Memory: 488/488 556/556
           当前进度:   0 % - EATCS radiator S1-1 panel 1
Memory: 527/527 566/567
           当前进度:   0 % - 矩形 1
           当前进度:   2 % - EATCS radiator S1-1 panel 2
Memory: 530/530 567/567
           当前进度:   2 % - 矩形 1
           当前进度:   3 % - EATCS radiator S1-1 panel 3
           当前进度:   3 % - 矩形 1
           当前进度:   5 % - EATCS radiator S1-1 panel 4
           当前进度:   5 % - 矩形 1
           当前进度:   7 % - EATCS radiator S1-1 panel 5
           当前进度:   7 % - 矩形 1
           当前进度:   9 % - EATCS radiator S1-1 panel 6
           当前进度:   9 % - 矩形 1
-          当前进度:  10 % - EATCS radiator S1-1 panel 7
-          当前进度:  10 % - 矩形 1
-          当前进度:  12 % - EATCS radiator S1-1 panel 8
-          当前进度:  12 % - 矩形 1
-          当前进度:  14 % - EATCS radiator S1-2 panel 1
Memory: 533/533 570/570
-          当前进度:  14 % - 矩形 1
-          当前进度:  16 % - EATCS radiator S1-2 panel 2
Memory: 531/533 568/570
-          当前进度:  16 % - 矩形 1
-          当前进度:  17 % - EATCS radiator S1-2 panel 3
-          当前进度:  17 % - 矩形 1
-          当前进度:  19 % - EATCS radiator S1-2 panel 4
Memory: 531/533 569/570
-          当前进度:  19 % - 矩形 1
--         当前进度:  21 % - EATCS radiator S1-2 panel 5
--         当前进度:  21 % - 矩形 1
--         当前进度:  22 % - EATCS radiator S1-2 panel 6
--         当前进度:  22 % - 矩形 1
--         当前进度:  24 % - EATCS radiator S1-2 panel 7
Memory: 532/533 569/570
--         当前进度:  24 % - 矩形 1
--         当前进度:  26 % - EATCS radiator S1-2 panel 8
--         当前进度:  26 % - 矩形 1
--         当前进度:  28 % - EATCS radiator S1-3 panel 1
--         当前进度:  28 % - 矩形 1
--         当前进度:  29 % - EATCS radiator S1-3 panel 2
--         当前进度:  29 % - 矩形 1
---        当前进度:  31 % - EATCS radiator S1-3 panel 3
---        当前进度:  31 % - 矩形 1
---        当前进度:  33 % - EATCS radiator S1-3 panel 4
---        当前进度:  33 % - 矩形 1
---        当前进度:  34 % - EATCS radiator S1-3 panel 5
---        当前进度:  34 % - 矩形 1
---        当前进度:  36 % - EATCS radiator S1-3 panel 6
---        当前进度:  36 % - 矩形 1
---        当前进度:  38 % - EATCS radiator S1-3 panel 7
---        当前进度:  38 % - 矩形 1
----       当前进度:  40 % - EATCS radiator S1-3 panel 8
----       当前进度:  40 % - 矩形 1
----       当前进度:  41 % - EATCS radiator P1-1 panel 1
----       当前进度:  41 % - 矩形 1
----       当前进度:  43 % - EATCS radiator P1-1 panel 2
----       当前进度:  43 % - 矩形 1
----       当前进度:  45 % - EATCS radiator P1-1 panel 3
----       当前进度:  45 % - 矩形 1
----       当前进度:  47 % - EATCS radiator P1-1 panel 4
----       当前进度:  47 % - 矩形 1
----       当前进度:  48 % - EATCS radiator P1-1 panel 5
----       当前进度:  48 % - 矩形 1
-----      当前进度:  50 % - EATCS radiator P1-1 panel 6
-----      当前进度:  50 % - 矩形 1
-----      当前进度:  52 % - EATCS radiator P1-1 panel 7
Memory: 531/533 568/570
-----      当前进度:  52 % - 矩形 1
-----      当前进度:  53 % - EATCS radiator P1-1 panel 8
-----      当前进度:  53 % - 矩形 1
-----      当前进度:  55 % - EATCS radiator P1-2 panel 1
-----      当前进度:  55 % - 矩形 1
-----      当前进度:  57 % - EATCS radiator P1-2 panel 2
-----      当前进度:  57 % - 矩形 1
-----      当前进度:  59 % - EATCS radiator P1-2 panel 3
-----      当前进度:  59 % - 矩形 1
------     当前进度:  60 % - EATCS radiator P1-2 panel 4
------     当前进度:  60 % - 矩形 1
------     当前进度:  62 % - EATCS radiator P1-2 panel 5
------     当前进度:  62 % - 矩形 1
------     当前进度:  64 % - EATCS radiator P1-2 panel 6
------     当前进度:  64 % - 矩形 1
------     当前进度:  66 % - EATCS radiator P1-2 panel 7
------     当前进度:  66 % - 矩形 1
------     当前进度:  67 % - EATCS radiator P1-2 panel 8
------     当前进度:  67 % - 矩形 1
------     当前进度:  69 % - EATCS radiator P1-3 panel 1
------     当前进度:  69 % - 矩形 1
-------    当前进度:  71 % - EATCS radiator P1-3 panel 2
-------    当前进度:  71 % - 矩形 1
-------    当前进度:  72 % - EATCS radiator P1-3 panel 3
-------    当前进度:  72 % - 矩形 1
-------    当前进度:  74 % - EATCS radiator P1-3 panel 4
-------    当前进度:  74 % - 矩形 1
-------    当前进度:  76 % - EATCS radiator P1-3 panel 5
-------    当前进度:  76 % - 矩形 1
-------    当前进度:  78 % - EATCS radiator P1-3 panel 6
-------    当前进度:  78 % - 矩形 1
-------    当前进度:  79 % - EATCS radiator P1-3 panel 7
Memory: 532/533 569/570
-------    当前进度:  79 % - 矩形 1
--------   当前进度:  81 % - EATCS radiator P1-3 panel 8
--------   当前进度:  81 % - 矩形 1
--------   当前进度:  83 % - 形成联合体
--------   当前进度:  83 % - 执行布尔操作
Memory: 543/543 577/577
---------- 当前进度: 100 % - 正在更新选择
Memory: 544/544 577/577
---------- 当前进度: 100 % - 正在创建可视化网格
Memory: 548/548 579/579
---------- 当前进度: 100 % - 正在更新选择
Memory: 658/658 856/858
           当前进度:   0 % - 线段间隔 1
Memory: 665/665 855/858
           当前进度:   9 % - 形成联合体
Memory: 666/666 855/858
---------- 当前进度: 100 % - 正在更新选择
           当前进度:   0 % - 线段间隔 1
Memory: 793/793 878/879
           当前进度:   9 % - 形成联合体
---------- 当前进度: 100 % - 正在更新选择
顶点单元数：192
---------  当前进度:  90 % - 正在创建边界网格
Memory: 1227/1229 1229/1232
边单元数：576
边界单元数：1056
---------- 当前进度: 100 % - 正在创建边界网格
边界单元数：2
单元数：2
-----      当前进度:  54 % - 生成方程
Memory: 1257/1259 1259/1260
------     当前进度:  66 % - 生成方程
Memory: 1249/1263 1252/1265
---        当前进度:  39 % - 生成方程
Memory: 1255/1263 1257/1265
-----      当前进度:  54 % - 生成方程
Memory: 1254/1263 1256/1265
------     当前进度:  66 % - 生成方程
Memory: 1258/1263 1259/1265
-----      当前进度:  54 % - 生成方程
Memory: 1259/1263 1261/1265
------     当前进度:  66 % - 生成方程
Memory: 1250/1263 1253/1265
---        当前进度:  39 % - 生成方程
Memory: 1254/1263 1256/1265
-----      当前进度:  54 % - 生成方程
Memory: 1256/1263 1258/1265
---        当前进度:  39 % - 生成方程
Memory: 1257/1263 1258/1265
-----      当前进度:  54 % - 生成方程
Memory: 1242/1263 1246/1266
------     当前进度:  66 % - 生成方程
Memory: 1259/1265 1260/1268
-----      当前进度:  54 % - 生成方程
Memory: 1261/1265 1263/1268
------     当前进度:  66 % - 生成方程
Memory: 1251/1265 1253/1268
---        当前进度:  39 % - 生成方程
Memory: 1255/1265 1257/1268
-----      当前进度:  54 % - 生成方程
Memory: 1256/1265 1258/1268
-------    当前进度:  72 % - 生成方程
Memory: 1257/1265 1259/1268
---        当前进度:  39 % - 生成方程
Memory: 1258/1265 1260/1268
-----      当前进度:  54 % - 生成方程
Memory: 1238/1266 1246/1268
<---- O: orbital transient, 2.0 orbits/解 4 (sol4) 中的“编译方程: 轨道热载荷” --------------
开始于 2026年9月30日 上午5:34:17。
几何形函数: 二次拉格朗日单元
几何形函数: 二次拉格朗日单元
在 AMD64 Family 25 Model 117 Stepping 2, AuthenticAMD 上运行。
在以下位置使用 1 个插槽： MarkLiu 上（共 1 个内核）。
可用内存：32.38 GB。
           当前进度:   0 % - 生成方程
Memory: 1258/1266 1261/1268
           当前进度:   1 % - 编译方程: 轨道热载荷
Memory: 1283/1283 1282/1282
           当前进度:   1 % - 正在创建可视化网格
Memory: 1291/1294 1289/1292
时间：4。
物理内存: 1.33 GB
虚拟内存: 1.33 GB
结束时间：2026年9月30日 上午5:34:20。
----- O: orbital transient, 2.0 orbits/解 4 (sol4) 中的“编译方程: 轨道热载荷” ------------->
<---- O: orbital transient, 2.0 orbits/解 4 (sol4) 中的“因变量 1” --------------------
开始于 2026年9月30日 上午5:34:20。
           当前进度:   1 % - 因变量 1
Memory: 1331/1333 1328/1331
求解时间：0 s。
物理内存: 1.33 GB
虚拟内存: 1.33 GB
结束时间：2026年9月30日 上午5:34:21。
----- O: orbital transient, 2.0 orbits/解 4 (sol4) 中的“因变量 1” ------------------->
<---- O: orbital transient, 2.0 orbits/解 4 (sol4) 中的“瞬态求解器 1” ------------------
开始于 2026年9月30日 上午5:34:21。
瞬态求解器 (BDF)
求解的自由度数：10（加上 4224 个内部自由度）。
           当前进度:   2 % - 组装稀疏模式
Memory: 1339/1339 1332/1332
找到对称矩阵。
缩放因变量：
形函数 (comp1.otl.ds_hrs.storeGextd_band): 1
形函数 (comp1.otl.ds_hrs.storeGextu_band): 1
           当前进度:   2 % - 矩阵分解
Memory: 1353/1353 1346/1346
指示器状态的比例：
comp1.otl.inEclipse_event: 4e+05
comp1.otl.outEclipse_event: 4e+05
Step        Time    Stepsize      Res  Jac  Sol Order Tfail NLfail   LinErr   LinRes
   0           0           - out    2    3    2                  0        0        0
指示器状态的比例：
comp1.otl.inEclipse_event: 4e+05
comp1.otl.outEclipse_event: 4e+05
           当前进度:   2 % - 约束处理
Memory: 1360/1360 1353/1353
           当前进度:   2 % - 求解线性方程组
Memory: 1362/1368 1367/1367
           当前进度:   2 % - 
Memory: 1367/1368 1371/1371
   1         120         120 out    3    4    3     1     0      0        0        0
           当前进度:   3 % - 
Memory: 1374/1374 1377/1377
   2         240         120 out    4    5    4     1     0      0        0        0
   3         360         120 out    5    6    5     2     0      0        0        0
           当前进度:   4 % - 
Memory: 1375/1375 1377/1377
   4         480         120 out    6    7    6     2     0      0        0        0
   5         600         120 out    7    8    7     2     0      0        0        0
           当前进度:   5 % - 
   6         720         120 out    8    9    8     2     0      0        0        0
   7         840         120 out    9   10    9     2     0      0        0        0
           当前进度:   6 % - 
   8         960         120 out   10   11   10     2     0      0        0        0
   9        1080         120 out   11   12   11     2     0      0        0        0
           当前进度:   7 % - 
Memory: 1375/1375 1378/1378
  10        1200         120 out   12   13   12     2     0      0        0        0
           当前进度:   8 % - 
  11        1320         120 out   13   14   13     2     0      0        0        0
  12        1440         120 out   14   15   14     2     0      0        0        0
           当前进度:   9 % - 
  13        1560         120 out   15   16   15     2     0      0        0        0
  14        1680         120 out   16   17   16     2     0      0        0        0
-          当前进度:  10 % - 
  15        1800         120 out   17   18   17     2     0      0        0        0
  16        1920         120 out   18   19   18     2     0      0        0        0
-          当前进度:  11 % - 
  17        2040         120 out   19   20   19     2     0      0        0        0
  18        2160         120 out   20   21   20     2     0      0        0        0
-          当前进度:  12 % - 
  19        2280         120 out   21   22   21     2     0      0        0        0
  20        2400         120 out   22   23   22     2     0      0        0        0
-          当前进度:  13 % - 
  21        2520         120 out   23   24   23     2     0      0        0        0
  22        2640         120 out   24   25   24     2     0      0        0        0
-          当前进度:  14 % - 
Memory: 1376/1376 1378/1378
  23        2760         120 out   25   26   25     2     0      0        0        0
  24        2880         120 out   26   27   26     2     0      0        0        0
-          当前进度:  15 % - 
  25        3000         120 out   27   28   27     2     0      0        0        0
  26        3120         120 out   28   29   28     2     0      0        0        0
-          当前进度:  16 % - 
  27        3240         120 out   29   30   29     2     0      0        0        0
  28        3360         120 out   30   31   30     2     0      0        0        0
-          当前进度:  17 % - 
  29        3480         120 out   31   32   31     2     0      0        0        0
  30        3600         120 out   32   33   32     2     0      0        0        0
-          当前进度:  18 % - 
  31        3720         120 out   33   34   33     2     0      0        0        0
  32        3840         120 out   34   35   34     2     0      0        0        0
-          当前进度:  19 % - 
  33        3960         120 out   35   36   35     2     0      0        0        0
  34        4080         120 out   36   37   36     2     0      0        0        0
--         当前进度:  20 % - 
  35        4200         120 out   37   38   37     2     0      0        0        0
--         当前进度:  21 % - 
  36        4320         120 out   38   39   38     2     0      0        0        0
  37        4440         120 out   39   40   39     2     0      0        0        0
--         当前进度:  22 % - 
Memory: 1377/1377 1378/1378
  38        4560         120 out   40   41   40     2     0      0        0        0
  39        4680         120 out   41   42   41     2     0      0        0        0
--         当前进度:  23 % - 
  40        4800         120 out   42   43   42     2     0      0        0        0
  41        4920         120 out   43   44   43     2     0      0        0        0
--         当前进度:  24 % - 
  42        5040         120 out   44   45   44     2     0      0        0        0
  43        5160         120 out   45   46   45     2     0      0        0        0
--         当前进度:  25 % - 
  44        5280         120 out   46   47   46     2     0      0        0        0
  45        5400         120 out   47   48   47     2     0      0        0        0
--         当前进度:  26 % - 
  46        5520         120 out   48   49   48     2     0      0        0        0
  47        5640         120 out   49   50   49     2     0      0        0        0
--         当前进度:  27 % - 
  48        5760         120 out   50   51   50     2     0      0        0        0
  49        5880         120 out   51   52   51     2     0      0        0        0
--         当前进度:  28 % - 
  50        6000         120 out   52   53   52     2     0      0        0        0
  51        6120         120 out   53   54   53     2     0      0        0        0
--         当前进度:  29 % - 
  52        6240         120 out   54   55   54     2     0      0        0        0
  53        6360         120 out   55   56   55     2     0      0        0        0
---        当前进度:  30 % - 
  54        6480         120 out   56   57   56     2     0      0        0        0
---        当前进度:  30 % - 组装矩阵
---        当前进度:  30 % - 
  55        6600         120 out   57   58   57     2     0      0        0        0
---        当前进度:  31 % - 
  56        6720         120 out   58   59   58     2     0      0        0        0
  57        6840         120 out   59   60   59     2     0      0        0        0
---        当前进度:  32 % - 
Memory: 1379/1381 1379/1381
  58        6960         120 out   60   61   60     2     0      0        0        0
---        当前进度:  33 % - 
  59        7080         120 out   61   62   61     2     0      0        0        0
  60        7200         120 out   62   63   62     2     0      0        0        0
---        当前进度:  34 % - 
  61        7320         120 out   63   64   63     2     0      0        0        0
  62        7440         120 out   64   65   64     2     0      0        0        0
---        当前进度:  35 % - 
  63        7560         120 out   65   66   65     2     0      0        0        0
  64        7680         120 out   66   67   66     2     0      0        0        0
---        当前进度:  36 % - 
Memory: 1379/1381 1387/1387
  65        7800         120 out   67   68   67     2     0      0        0        0
  66        7920         120 out   68   69   68     2     0      0        0        0
---        当前进度:  37 % - 
  67        8040         120 out   69   70   69     2     0      0        0        0
  68        8160         120 out   70   71   70     2     0      0        0        0
---        当前进度:  38 % - 
  69        8280         120 out   71   72   71     2     0      0        0        0
  70        8400         120 out   72   73   72     2     0      0        0        0
---        当前进度:  39 % - 
  71        8520         120 out   73   74   73     2     0      0        0        0
  72        8640         120 out   74   75   74     2     0      0        0        0
----       当前进度:  40 % - 
  73        8760         120 out   75   76   75     2     0      0        0        0
  74        8880         120 out   76   77   76     2     0      0        0        0
----       当前进度:  41 % - 
Memory: 1379/1381 1387/1388
  75        9000         120 out   77   78   77     2     0      0        0        0
  76        9120         120 out   78   79   78     2     0      0        0        0
----       当前进度:  42 % - 
Memory: 1380/1381 1387/1388
  77        9240         120 out   79   80   79     2     0      0        0        0
  78        9360         120 out   80   81   80     2     0      0        0        0
----       当前进度:  43 % - 
  79        9480         120 out   81   82   81     2     0      0        0        0
  80        9600         120 out   82   83   82     2     0      0        0        0
----       当前进度:  44 % - 
  81        9720         120 out   83   84   83     2     0      0        0        0
  82        9840         120 out   84   85   84     2     0      0        0        0
----       当前进度:  45 % - 
  83        9960         120 out   85   86   85     2     0      0        0        0
----       当前进度:  46 % - 
  84       10080         120 out   86   87   86     2     0      0        0        0
  85       10200         120 out   87   88   87     2     0      0        0        0
----       当前进度:  47 % - 
  86       10320         120 out   88   89   88     2     0      0        0        0
  87       10440         120 out   89   90   89     2     0      0        0        0
----       当前进度:  48 % - 
  88       10560         120 out   90   91   90     2     0      0        0        0
  89       10680         120 out   91   92   91     2     0      0        0        0
----       当前进度:  49 % - 
  90       10800         120 out   92   93   92     2     0      0        0        0
  91       10920         120 out   93   94   93     2     0      0        0        0
-----      当前进度:  50 % - 
  92       11040         120 out   94   95   94     2     0      0        0        0
时间步进已完成。
求解时间：991 s。 （16 分钟，31 秒）
物理内存: 1.38 GB
虚拟内存: 1.39 GB
结束时间：2026年9月30日 上午5:50:52。
----- O: orbital transient, 2.0 orbits/解 4 (sol4) 中的“瞬态求解器 1” ----------------->
<---- O: orbital transient, 2.0 orbits/解 4 (sol4) 中的“编译方程: 轨道温度” ---------------
开始于 2026年9月30日 上午5:50:52。
几何形函数: 二次拉格朗日单元
几何形函数: 二次拉格朗日单元
-----      当前进度:  50 % - 生成方程
Memory: 1155/1382 1163/1390
-----      当前进度:  51 % - 编译方程: 轨道温度
Memory: 1246/1382 1253/1390
-----      当前进度:  51 % - 正在创建可视化网格
Memory: 1249/1382 1257/1390
时间：4。
物理内存: 1.28 GB
虚拟内存: 1.28 GB
结束时间：2026年9月30日 上午5:50:56。
----- O: orbital transient, 2.0 orbits/解 4 (sol4) 中的“编译方程: 轨道温度” -------------->
<---- O: orbital transient, 2.0 orbits/解 4 (sol4) 中的“因变量 2” --------------------
开始于 2026年9月30日 上午5:50:56。
待求解变量的初始值: 解 4 (sol4), 解存储 2 (sol5), t=11040 s [自动（单一解）].
不求解变量的值: 解 4 (sol4), 解存储 2 (sol5), t=11040 s [自动（单一解）].
-----      当前进度:  51 % - 因变量 2
Memory: 1262/1382 1268/1390
求解时间：0 s。
物理内存: 1.26 GB
虚拟内存: 1.27 GB
结束时间：2026年9月30日 上午5:50:56。
----- O: orbital transient, 2.0 orbits/解 4 (sol4) 中的“因变量 2” ------------------->
<---- O: orbital transient, 2.0 orbits/解 4 (sol4) 中的“瞬态求解器 2” ------------------
开始于 2026年9月30日 上午5:50:56。
瞬态求解器 (BDF)
-----      当前进度:  52 % - 瞬态求解器 2
Memory: 1263/1382 1268/1390
求解的自由度数：6246。
-----      当前进度:  52 % - 组装稀疏模式
-----      当前进度:  52 % - 组装矩阵
Memory: 1265/1382 1268/1390
找到非对称矩阵。
缩放因变量：
温度 (comp1.T2): 3e+02
NH3 panel outlet temperatures (K) (comp1.ODE1): 3e+02
已使用正交零空间函数。
-----      当前进度:  52 % - 约束处理
Memory: 1266/1382 1268/1390
找到对称矩阵。
缩放因变量：
表面辐射度，下侧 (comp1.otl.ds_hrs.Jd_band): 1.2e+02
表面辐射度，上侧 (comp1.otl.ds_hrs.Ju_band): 1.2e+02
已使用正交零空间函数。
-----      当前进度:  52 % - 组装矩阵
Memory: 1267/1382 1268/1390
找到对称矩阵。
指示器状态的比例：
comp1.otl.inEclipse_event: 4e+05
comp1.otl.outEclipse_event: 4e+05
Step        Time    Stepsize      Res  Jac  Sol Order Tfail NLfail   LinErr   LinRes
-----      当前进度:  52 % - 约束处理
Memory: 1272/1382 1273/1390
-----      当前进度:  52 % - 组装矩阵
Memory: 1273/1382 1273/1390
-----      当前进度:  52 % - 约束处理
Memory: 1262/1382 1262/1390
-----      当前进度:  52 % - 组装稀疏模式
-----      当前进度:  52 % - 组装矩阵
Memory: 1268/1382 1268/1390
-----      当前进度:  52 % - 求解线性方程组
Memory: 1273/1382 1270/1390
-----      当前进度:  52 % - 组装矩阵
Memory: 1278/1382 1274/1390
   0           0           - out   18    6   18                  0
                   Group #1:        9    3    9                     4.2e-16  1.8e-16
                   Group #2:        9    3    9                     3.3e-16  1.3e-16
指示器状态的比例：
comp1.otl.inEclipse_event: 4e+05
comp1.otl.outEclipse_event: 4e+05
   1         120         120 out   26    8   26     1     0      0
                   Group #1:       13    4   13                     1.6e-15  1.4e-16
                   Group #2:       13    4   13                     3.6e-16  1.4e-16
-----      当前进度:  53 % - 组装矩阵
Memory: 1326/1382 1331/1390
-----      当前进度:  53 % - 组装稀疏模式
-----      当前进度:  53 % - 组装矩阵
Memory: 1329/1382 1334/1390
   2         240         120 out   34   10   34     1     0      0
                   Group #1:       17    5   17                     1.9e-15  1.5e-16
                   Group #2:       17    5   17                     3.3e-16  1.3e-16
   3         360         120 out   42   12   42     2     0      0
                   Group #1:       21    6   21                     1.5e-15  1.6e-16
                   Group #2:       21    6   21                     3.2e-16  1.3e-16
-----      当前进度:  54 % - 组装矩阵
Memory: 1348/1382 1352/1390
   4         480         120 out   50   14   50     2     0      0
                   Group #1:       25    7   25                     4.1e-16  2.5e-16
                   Group #2:       25    7   25                     3.4e-16  1.5e-16
   5         600         120 out   56   16   56     2     0      0
                   Group #1:       28    8   28                     3.9e-16  2.7e-16
                   Group #2:       28    8   28                     3.2e-16  1.4e-16
-----      当前进度:  55 % - 组装矩阵
Memory: 1357/1382 1361/1390
   6         720         120 out   62   18   62     2     0      0
                   Group #1:       31    9   31                     3.9e-16  2.4e-16
                   Group #2:       31    9   31                       3e-16  1.6e-16
   7         840         120 out   68   20   68     2     0      0
                   Group #1:       34   10   34                     3.8e-16  2.3e-16
                   Group #2:       34   10   34                     2.8e-16    2e-16
-----      当前进度:  56 % - 组装矩阵
Memory: 1364/1382 1368/1390
   8         960         120 out   74   22   74     2     0      0
                   Group #1:       37   11   37                     3.8e-16  2.7e-16
                   Group #2:       37   11   37                     2.5e-16  1.4e-16
   9        1080         120 out   82   24   82     2     0      0
                   Group #1:       41   12   41                       4e-16  3.3e-16
                   Group #2:       41   12   41                     3.2e-16  1.4e-16
-----      当前进度:  57 % - 组装矩阵
Memory: 1372/1382 1376/1390
  10        1200         120 out   88   26   88     2     0      0
                   Group #1:       44   13   44                     4.1e-16  2.1e-16
                   Group #2:       44   13   44                     2.6e-16  1.5e-16
-----      当前进度:  57 % - 组装稀疏模式
Memory: 1376/1382 1381/1390
-----      当前进度:  57 % - 组装矩阵
  11        1320         120 out   96   28   96     2     0      0
                   Group #1:       48   14   48                     4.2e-16  2.3e-16
                   Group #2:       48   14   48                     3.3e-16  1.4e-16
-----      当前进度:  58 % - 组装矩阵
Memory: 1380/1382 1384/1390
  12        1440         120 out  102   30  102     2     0      0
                   Group #1:       51   15   51                     3.9e-16    2e-16
                   Group #2:       51   15   51                     2.7e-16  1.5e-16
-----      当前进度:  58 % - 矩阵分解
Memory: 1385/1385 1389/1391
-----      当前进度:  58 % - 组装矩阵
Memory: 1385/1385 1390/1392
  13        1560         120 out  108   32  108     2     0      0
                   Group #1:       54   16   54                     4.1e-16  2.1e-16
                   Group #2:       54   16   54                     2.9e-16  1.6e-16
-----      当前进度:  59 % - 组装矩阵
Memory: 1387/1387 1392/1395
  14        1680         120 out  114   34  114     2     0      0
                   Group #1:       57   17   57                     4.4e-16  2.2e-16
                   Group #2:       57   17   57                     2.8e-16  1.8e-16
  15        1800         120 out  122   36  122     2     0      0
                   Group #1:       61   18   61                     4.1e-16  2.2e-16
                   Group #2:       61   18   61                     3.3e-16  1.4e-16
------     当前进度:  60 % - 组装矩阵
Memory: 1399/1399 1404/1407
  16        1920         120 out  128   38  128     2     0      0
                   Group #1:       64   19   64                     4.1e-16    2e-16
                   Group #2:       64   19   64                     2.4e-16  1.5e-16
  17        2040         120 out  134   40  134     2     0      0
                   Group #1:       67   20   67                     3.8e-16  1.9e-16
                   Group #2:       67   20   67                     2.5e-16  1.5e-16
------     当前进度:  61 % - 组装矩阵
Memory: 1407/1407 1411/1414
  18        2160         120 out  140   42  140     2     0      0
                   Group #1:       70   21   70                     3.6e-16  1.7e-16
                   Group #2:       70   21   70                       3e-16  2.1e-16
  19        2280         120 out  146   44  146     2     0      0
                   Group #1:       73   22   73                     3.5e-16    2e-16
                   Group #2:       73   22   73                     2.7e-16  1.9e-16
------     当前进度:  62 % - 组装矩阵
Memory: 1413/1413 1418/1420
  20        2400         120 out  152   46  152     2     0      0
                   Group #1:       76   23   76                     3.4e-16  1.9e-16
                   Group #2:       76   23   76                     2.4e-16  1.8e-16
------     当前进度:  63 % - 组装矩阵
Memory: 1418/1418 1422/1424
  21        2520         120 out  158   48  158     2     0      0
                   Group #1:       79   24   79                     3.8e-16  2.2e-16
                   Group #2:       79   24   79                     2.6e-16  1.5e-16
  22        2640         120 out  164   50  164     2     0      0
                   Group #1:       82   25   82                       4e-16  2.4e-16
                   Group #2:       82   25   82                     2.3e-16  1.4e-16
------     当前进度:  64 % - 组装矩阵
Memory: 1425/1425 1429/1431
  23        2760         120 out  170   52  170     2     0      0
                   Group #1:       85   26   85                     3.9e-16  2.3e-16
                   Group #2:       85   26   85                     2.7e-16  1.5e-16
------     当前进度:  64 % - 
Memory: 1428/1428 1432/1435
------     当前进度:  64 % - 组装矩阵
  24        2880         120 out  176   54  176     2     0      0
                   Group #1:       88   27   88                     3.6e-16  2.3e-16
                   Group #2:       88   27   88                     2.4e-16  1.6e-16
------     当前进度:  65 % - 组装矩阵
Memory: 1432/1432 1436/1439
------     当前进度:  65 % - 矩阵分解
------     当前进度:  65 % - 组装矩阵
Memory: 1433/1433 1437/1439
  25        3000         120 out  180   56  180     2     0      0
                   Group #1:       90   28   90                     3.3e-16  2.4e-16
                   Group #2:       90   28   90                     2.8e-16  2.3e-16
  26        3120         120 out  186   58  186     2     0      0
                   Group #1:       93   29   93                     4.3e-16  2.4e-16
                   Group #2:       93   29   93                     2.5e-16  1.5e-16
------     当前进度:  66 % - 组装矩阵
Memory: 1439/1439 1442/1445
------     当前进度:  66 % - 组装稀疏模式
------     当前进度:  66 % - 组装矩阵
  27        3240         120 out  192   60  192     2     0      0
                   Group #1:       96   30   96                       4e-16  2.4e-16
                   Group #2:       96   30   96                     2.4e-16  1.8e-16
  28        3360         120 out  198   62  198     2     0      0
                   Group #1:       99   31   99                     3.9e-16  2.2e-16
                   Group #2:       99   31   99                     2.4e-16  1.6e-16
------     当前进度:  67 % - 组装矩阵
Memory: 1445/1445 1449/1452
  29        3480         120 out  204   64  204     2     0      0
                   Group #1:      102   32  102                     3.4e-16    2e-16
                   Group #2:      102   32  102                     2.6e-16  1.8e-16
------     当前进度:  67 % - 矩阵分解
Memory: 1451/1451 1455/1457
------     当前进度:  67 % - 组装矩阵
Memory: 1452/1452 1457/1458
  30        3600         120 out  210   66  210     2     0      0
                   Group #1:      105   33  105                     4.6e-16  2.4e-16
                   Group #2:      105   33  105                     2.6e-16  2.1e-16
------     当前进度:  68 % - 组装矩阵
Memory: 1455/1455 1459/1461
  31        3720         120 out  216   68  216     2     0      0
                   Group #1:      108   34  108                     4.3e-16  2.3e-16
                   Group #2:      108   34  108                     2.5e-16  1.5e-16
  32        3840         120 out  222   70  222     2     0      0
                   Group #1:      111   35  111                     4.2e-16  2.6e-16
                   Group #2:      111   35  111                       3e-16  1.5e-16
------     当前进度:  69 % - 组装矩阵
Memory: 1462/1462 1466/1469
  33        3960         120 out  228   72  228     2     0      0
                   Group #1:      114   36  114                     4.1e-16  2.2e-16
                   Group #2:      114   36  114                     2.8e-16  1.7e-16
------     当前进度:  69 % - 组装稀疏模式
Memory: 1467/1467 1471/1473
------     当前进度:  69 % - 组装矩阵
  34        4080         120 out  236   74  236     2     0      0
                   Group #1:      118   37  118                       4e-16    2e-16
                   Group #2:      118   37  118                     3.3e-16  1.4e-16
-------    当前进度:  70 % - 组装矩阵
Memory: 1471/1471 1475/1478
  35        4200         120 out  242   76  242     2     0      0
                   Group #1:      121   38  121                     4.3e-16    2e-16
                   Group #2:      121   38  121                     2.8e-16  1.5e-16
  36        4320         120 out  248   78  248     2     0      0
                   Group #1:      124   39  124                       4e-16  2.2e-16
                   Group #2:      124   39  124                     2.8e-16  1.4e-16
-------    当前进度:  71 % - 组装矩阵
Memory: 1481/1481 1485/1488
  37        4440         120 out  254   80  254     2     0      0
                   Group #1:      127   40  127                     3.7e-16  1.9e-16
                   Group #2:      127   40  127                     2.4e-16  1.6e-16
  38        4560         120 out  262   82  262     2     0      0
                   Group #1:      131   41  131                     3.9e-16  2.3e-16
                   Group #2:      131   41  131                     3.5e-16  1.4e-16
-------    当前进度:  72 % - 组装矩阵
Memory: 1489/1489 1493/1496
-------    当前进度:  72 % - 组装稀疏模式
Memory: 1490/1490 1493/1496
-------    当前进度:  72 % - 组装矩阵
-------    当前进度:  72 % - 求解线性方程组
Memory: 1490/1490 1493/1497
-------    当前进度:  72 % - 组装矩阵
Memory: 1490/1490 1494/1497
  39        4680         120 out  268   84  268     2     0      0
                   Group #1:      134   42  134                       4e-16  2.2e-16
                   Group #2:      134   42  134                       3e-16  1.5e-16
-------    当前进度:  72 % - 求解线性方程组
Memory: 1495/1495 1499/1502
-------    当前进度:  72 % - 组装矩阵
  40        4800         120 out  274   86  274     2     0      0
                   Group #1:      137   43  137                     3.7e-16  2.8e-16
                   Group #2:      137   43  137                     2.6e-16  1.5e-16
-------    当前进度:  73 % - 组装矩阵
Memory: 1497/1497 1500/1503
  41        4920         120 out  280   88  280     2     0      0
                   Group #1:      140   44  140                     4.1e-16  2.4e-16
                   Group #2:      140   44  140                     2.6e-16  1.8e-16
  42        5040         120 out  286   90  286     2     0      0
                   Group #1:      143   45  143                     4.1e-16  3.6e-16
                   Group #2:      143   45  143                     3.2e-16  1.6e-16
-------    当前进度:  74 % - 组装矩阵
Memory: 1504/1504 1508/1510
-------    当前进度:  74 % - 组装稀疏模式
Memory: 1505/1505 1508/1510
-------    当前进度:  74 % - 组装矩阵
-------    当前进度:  74 % - 矩阵分解
-------    当前进度:  74 % - 组装矩阵
Memory: 1505/1505 1508/1511
  43        5160         120 out  292   92  292     2     0      0
                   Group #1:      146   46  146                     3.9e-16  3.9e-16
                   Group #2:      146   46  146                     2.9e-16  1.5e-16
  44        5280         120 out  300   94  300     2     0      0
                   Group #1:      150   47  150                     3.9e-16  3.5e-16
                   Group #2:      150   47  150                     3.3e-16  1.4e-16
-------    当前进度:  75 % - 组装矩阵
Memory: 1512/1512 1516/1518
  45        5400         120 out  308   96  308     2     0      0
                   Group #1:      154   48  154                       4e-16  3.5e-16
                   Group #2:      154   48  154                     3.4e-16  1.4e-16
-------    当前进度:  76 % - 组装矩阵
Memory: 1517/1517 1520/1523
  46        5520         120 out  314   98  314     2     0      0
                   Group #1:      157   49  157                     4.6e-16  4.5e-16
                   Group #2:      157   49  157                     3.1e-16  1.4e-16
  47        5640         120 out  320  100  320     2     0      0
                   Group #1:      160   50  160                     4.3e-16  4.3e-16
                   Group #2:      160   50  160                     2.9e-16  1.5e-16
-------    当前进度:  77 % - 组装矩阵
Memory: 1525/1525 1528/1530
  48        5760         120 out  326  102  326     2     0      0
                   Group #1:      163   51  163                     4.4e-16  4.5e-16
                   Group #2:      163   51  163                     3.1e-16  1.4e-16
  49        5880         120 out  332  104  332     2     0      0
                   Group #1:      166   52  166                     4.2e-16  4.1e-16
                   Group #2:      166   52  166                       3e-16  1.4e-16
-------    当前进度:  78 % - 组装矩阵
Memory: 1533/1533 1535/1538
-------    当前进度:  78 % - 组装稀疏模式
-------    当前进度:  78 % - 组装矩阵
  50        6000         120 out  338  106  338     2     0      0
                   Group #1:      169   53  169                     3.7e-16  3.6e-16
                   Group #2:      169   53  169                     3.1e-16  1.5e-16
-------    当前进度:  78 % - 组装稀疏模式
Memory: 1534/1534 1536/1539
-------    当前进度:  78 % - 组装矩阵
  51        6120         120 out  344  108  344     2     0      0
                   Group #1:      172   54  172                     3.3e-16  2.3e-16
                   Group #2:      172   54  172                     2.5e-16  1.6e-16
-------    当前进度:  79 % - 组装矩阵
Memory: 1535/1535 1537/1540
  52        6240         120 out  350  110  350     2     0      0
                   Group #1:      175   55  175                     3.7e-16  2.3e-16
                   Group #2:      175   55  175                     2.9e-16    2e-16
  53        6360         120 out  356  112  356     2     0      0
                   Group #1:      178   56  178                     4.2e-16  2.4e-16
                   Group #2:      178   56  178                     2.7e-16    2e-16
--------   当前进度:  80 % - 组装矩阵
Memory: 1537/1537 1539/1542
  54        6480         120 out  362  114  362     2     0      0
                   Group #1:      181   57  181                     3.6e-16  1.9e-16
                   Group #2:      181   57  181                     2.5e-16  1.7e-16
  55        6600         120 out  368  116  368     2     0      0
                   Group #1:      184   58  184                     4.4e-16  3.9e-16
                   Group #2:      184   58  184                       3e-16  1.4e-16
--------   当前进度:  81 % - 组装矩阵
Memory: 1539/1539 1541/1544
  56        6720         120 out  376  118  376     2     0      0
                   Group #1:      188   59  188                     3.8e-16  3.2e-16
                   Group #2:      188   59  188                     3.4e-16  1.4e-16
  57        6840         120 out  384  120  384     2     0      0
                   Group #1:      192   60  192                     3.7e-16  2.3e-16
                   Group #2:      192   60  192                     3.4e-16  1.4e-16
--------   当前进度:  82 % - 组装矩阵
Memory: 1543/1543 1544/1547
  58        6960         120 out  392  122  392     2     0      0
                   Group #1:      196   61  196                     3.7e-16  2.4e-16
                   Group #2:      196   61  196                       3e-16  1.3e-16
  59        7080         120 out  398  124  398     2     0      0
                   Group #1:      199   62  199                     4.3e-16  3.1e-16
                   Group #2:      199   62  199                     2.9e-16  1.4e-16
--------   当前进度:  83 % - 组装矩阵
Memory: 1545/1545 1547/1550
  60        7200         120 out  404  126  404     2     0      0
                   Group #1:      202   63  202                       4e-16  2.2e-16
                   Group #2:      202   63  202                     3.1e-16  1.5e-16
  61        7320         120 out  412  128  412     2     0      0
                   Group #1:      206   64  206                     4.3e-16  2.2e-16
                   Group #2:      206   64  206                     3.1e-16  1.3e-16
--------   当前进度:  84 % - 组装矩阵
Memory: 1549/1549 1550/1552
  62        7440         120 out  418  130  418     2     0      0
                   Group #1:      209   65  209                     4.2e-16  2.2e-16
                   Group #2:      209   65  209                     2.9e-16  1.5e-16
  63        7560         120 out  424  132  424     2     0      0
                   Group #1:      212   66  212                     3.7e-16  2.3e-16
                   Group #2:      212   66  212                     2.8e-16  1.5e-16
--------   当前进度:  85 % - 组装矩阵
Memory: 1551/1551 1552/1555
  64        7680         120 out  430  134  430     2     0      0
                   Group #1:      215   67  215                     3.2e-16  1.8e-16
                   Group #2:      215   67  215                     2.3e-16  1.5e-16
  65        7800         120 out  436  136  436     2     0      0
                   Group #1:      218   68  218                     3.5e-16    2e-16
                   Group #2:      218   68  218                     2.8e-16    2e-16
--------   当前进度:  86 % - 组装矩阵
Memory: 1554/1554 1563/1565
--------   当前进度:  86 % - 组装稀疏模式
--------   当前进度:  86 % - 组装矩阵
  66        7920         120 out  442  138  442     2     0      0
                   Group #1:      221   69  221                     3.5e-16  2.1e-16
                   Group #2:      221   69  221                     2.6e-16  1.8e-16
  67        8040         120 out  448  140  448     2     0      0
                   Group #1:      224   70  224                       4e-16  2.3e-16
                   Group #2:      224   70  224                     2.7e-16  1.5e-16
--------   当前进度:  87 % - 组装矩阵
Memory: 1557/1557 1565/1568
  68        8160         120 out  454  142  454     2     0      0
                   Group #1:      227   71  227                     3.5e-16    2e-16
                   Group #2:      227   71  227                     2.3e-16  1.4e-16
--------   当前进度:  88 % - 组装矩阵
Memory: 1558/1558 1566/1569
  69        8280         120 out  460  144  460     2     0      0
                   Group #1:      230   72  230                     3.6e-16    2e-16
                   Group #2:      230   72  230                     2.6e-16  1.4e-16
--------   当前进度:  88 % - 组装稀疏模式
Memory: 1559/1559 1568/1570
--------   当前进度:  88 % - 组装矩阵
  70        8400         120 out  464  146  464     2     0      0
                   Group #1:      232   73  232                     3.7e-16  2.6e-16
                   Group #2:      232   73  232                     2.1e-16  1.5e-16
--------   当前进度:  89 % - 组装矩阵
Memory: 1561/1561 1569/1572
  71        8520         120 out  468  148  468     2     0      0
                   Group #1:      234   74  234                     3.9e-16  2.8e-16
                   Group #2:      234   74  234                     2.2e-16  1.6e-16
--------   当前进度:  89 % - 组装稀疏模式
Memory: 1561/1561 1570/1573
--------   当前进度:  89 % - 组装矩阵
  72        8640         120 out  474  150  474     2     0      0
                   Group #1:      237   75  237                     3.3e-16    2e-16
                   Group #2:      237   75  237                     2.7e-16  1.6e-16
---------  当前进度:  90 % - 组装矩阵
Memory: 1564/1564 1572/1575
  73        8760         120 out  480  152  480     2     0      0
                   Group #1:      240   76  240                     3.6e-16  2.1e-16
                   Group #2:      240   76  240                     2.1e-16  1.4e-16
  74        8880         120 out  486  154  486     2     0      0
                   Group #1:      243   77  243                     3.8e-16  2.2e-16
                   Group #2:      243   77  243                     2.5e-16  1.6e-16
---------  当前进度:  91 % - 组装矩阵
Memory: 1568/1568 1576/1579
  75        9000         120 out  492  156  492     2     0      0
                   Group #1:      246   78  246                     3.4e-16  2.2e-16
                   Group #2:      246   78  246                     2.6e-16  1.9e-16
  76        9120         120 out  498  158  498     2     0      0
                   Group #1:      249   79  249                     3.7e-16    2e-16
                   Group #2:      249   79  249                     2.8e-16  2.4e-16
---------  当前进度:  92 % - 组装矩阵
Memory: 1573/1573 1581/1584
  77        9240         120 out  504  160  504     2     0      0
                   Group #1:      252   80  252                     4.1e-16  2.1e-16
                   Group #2:      252   80  252                     2.5e-16  1.8e-16
  78        9360         120 out  510  162  510     2     0      0
                   Group #1:      255   81  255                     4.1e-16  2.8e-16
                   Group #2:      255   81  255                       3e-16  1.5e-16
---------  当前进度:  93 % - 组装矩阵
Memory: 1578/1578 1586/1588
---------  当前进度:  93 % - 组装稀疏模式
---------  当前进度:  93 % - 组装矩阵
  79        9480         120 out  516  164  516     2     0      0
                   Group #1:      258   82  258                     3.7e-16  2.1e-16
                   Group #2:      258   82  258                     2.8e-16  1.6e-16
  80        9600         120 out  522  166  522     2     0      0
                   Group #1:      261   83  261                     3.7e-16    2e-16
                   Group #2:      261   83  261                     2.9e-16  1.6e-16
---------  当前进度:  94 % - 组装矩阵
Memory: 1582/1582 1590/1593
  81        9720         120 out  530  168  530     2     0      0
                   Group #1:      265   84  265                     3.9e-16  2.2e-16
                   Group #2:      265   84  265                     3.2e-16  1.3e-16
  82        9840         120 out  536  170  536     2     0      0
                   Group #1:      268   85  268                     4.1e-16  3.2e-16
                   Group #2:      268   85  268                     3.1e-16  1.4e-16
---------  当前进度:  95 % - 组装矩阵
Memory: 1588/1588 1596/1599
  83        9960         120 out  542  172  542     2     0      0
                   Group #1:      271   86  271                     3.9e-16  2.2e-16
                   Group #2:      271   86  271                       3e-16  1.6e-16
---------  当前进度:  95 % - 组装稀疏模式
Memory: 1591/1591 1598/1600
---------  当前进度:  95 % - 组装矩阵
  84       10080         120 out  550  174  550     2     0      0
                   Group #1:      275   87  275                       4e-16  2.3e-16
                   Group #2:      275   87  275                     3.1e-16  1.3e-16
---------  当前进度:  96 % - 组装矩阵
Memory: 1593/1593 1600/1603
  85       10200         120 out  558  176  558     2     0      0
                   Group #1:      279   88  279                     3.9e-16  2.6e-16
                   Group #2:      279   88  279                     3.2e-16  1.3e-16
  86       10320         120 out  566  178  566     2     0      0
                   Group #1:      283   89  283                     3.9e-16  3.2e-16
                   Group #2:      283   89  283                     3.3e-16  1.4e-16
---------  当前进度:  97 % - 组装矩阵
Memory: 1599/1599 1606/1609
---------  当前进度:  97 % - 组装稀疏模式
Memory: 1599/1599 1607/1609
---------  当前进度:  97 % - 组装矩阵
  87       10440         120 out  574  180  574     2     0      0
                   Group #1:      287   90  287                     4.3e-16  3.1e-16
                   Group #2:      287   90  287                     3.3e-16  1.4e-16
  88       10560         120 out  580  182  580     2     0      0
                   Group #1:      290   91  290                     3.7e-16  2.1e-16
                   Group #2:      290   91  290                     2.8e-16  1.9e-16
---------  当前进度:  98 % - 组装矩阵
Memory: 1604/1604 1611/1614
  89       10680         120 out  586  184  586     2     0      0
                   Group #1:      293   92  293                     4.1e-16  2.9e-16
                   Group #2:      293   92  293                     2.9e-16  2.1e-16
---------  当前进度:  98 % - 组装稀疏模式
Memory: 1606/1606 1614/1617
---------  当前进度:  98 % - 组装矩阵
  90       10800         120 out  594  186  594     2     0      0
                   Group #1:      297   93  297                       4e-16  3.3e-16
                   Group #2:      297   93  297                     3.4e-16  1.4e-16
---------  当前进度:  99 % - 组装矩阵
Memory: 1610/1610 1617/1620
  91       10920         120 out  602  188  602     2     0      0
                   Group #1:      301   94  301                     4.2e-16  3.8e-16
                   Group #2:      301   94  301                     3.3e-16  1.3e-16
  92       11040         120 out  608  190  608     2     0      0
                   Group #1:      304   95  304                     3.8e-16  2.8e-16
                   Group #2:      304   95  304                     2.6e-16  1.5e-16
时间步进已完成。
---------- 当前进度: 100 % - 
Memory: 1617/1617 1624/1626
求解时间：855 s。 （14 分钟，15 秒）
物理内存: 1.62 GB
虚拟内存: 1.63 GB
结束时间：2026年9月30日 上午6:05:11。
----- O: orbital transient, 2.0 orbits/解 4 (sol4) 中的“瞬态求解器 2” ----------------->
           当前进度:   0 % - 
Memory: 1645/1647 1653/1655
---------- 当前进度: 100 % - 计算
Memory: 1646/1649 1653/1657
           当前进度:   0 % - 
---------- 当前进度: 100 % - 计算
           当前进度:   0 % - 
---------- 当前进度: 100 % - 计算
           当前进度:   0 % - 
Memory: 1662/1662 1669/1669
---------- 当前进度: 100 % - 计算
           当前进度:   0 % - 
Memory: 1663/1663 1670/1670
---------- 当前进度: 100 % - 计算
Memory: 1663/1664 1670/1671
           当前进度:   0 % - 
Memory: 1663/1668 1670/1675
---------- 当前进度: 100 % - 计算
           当前进度:   0 % - 
Memory: 1686/1686 1694/1694
---------- 当前进度: 100 % - 计算
           当前进度:   0 % - 
Memory: 1687/1687 1694/1694
---------- 当前进度: 100 % - 计算
           当前进度:   0 % - 
Memory: 1687/1687 1695/1695
---------- 当前进度: 100 % - 计算
<---- O: orbital transient, 2.0 orbits/解 4 (sol4) 中的“编译方程: 轨道温度” ---------------
开始于 2026年9月30日 上午6:05:15。
几何形函数: 二次拉格朗日单元
几何形函数: 二次拉格朗日单元
在 AMD64 Family 25 Model 117 Stepping 2, AuthenticAMD 上运行。
在以下位置使用 1 个插槽： MarkLiu 上（共 1 个内核）。
可用内存：32.38 GB。
           当前进度:   0 % - 生成方程
Memory: 1698/1702 1705/1710
在 AMD64 Family 25 Model 117 Stepping 2, AuthenticAMD 上运行。
在以下位置使用 1 个插槽： MarkLiu 上（共 1 个内核）。
可用内存：32.38 GB。
           当前进度:   2 % - 编译方程: 轨道温度
Memory: 1764/1764 1771/1771
           当前进度:   2 % - 正在创建可视化网格
Memory: 1886/1887 1894/1897
时间：3。
物理内存: 1.89 GB
虚拟内存: 1.9 GB
结束时间：2026年9月30日 上午6:05:18。
----- O: orbital transient, 2.0 orbits/解 4 (sol4) 中的“编译方程: 轨道温度” -------------->
<---- O: orbital transient, 2.0 orbits/解 4 (sol4) 中的“因变量 2” --------------------
开始于 2026年9月30日 上午6:05:18。
待求解变量的初始值: 解 4 (sol4), 解存储 2 (sol5), t=11040 s [自动（单一解）].
不求解变量的值: 解 4 (sol4), 解存储 2 (sol5), t=11040 s [自动（单一解）].
           当前进度:   2 % - 因变量 2
Memory: 1890/1892 1899/1901
求解时间：0 s。
物理内存: 1.89 GB
虚拟内存: 1.9 GB
结束时间：2026年9月30日 上午6:05:18。
----- O: orbital transient, 2.0 orbits/解 4 (sol4) 中的“因变量 2” ------------------->
<---- O: orbital transient, 2.0 orbits/解 4 (sol4) 中的“瞬态求解器 2” ------------------
开始于 2026年9月30日 上午6:05:19。
瞬态求解器 (BDF)
           当前进度:   4 % - 瞬态求解器 2
Memory: 1650/1897 1658/1906
求解的自由度数：6246。
           当前进度:   4 % - 组装稀疏模式
Memory: 1321/1897 1328/1906
           当前进度:   4 % - 组装矩阵
Memory: 1323/1897 1330/1906
找到非对称矩阵。
缩放因变量：
温度 (comp1.T2): 3e+02
NH3 panel outlet temperatures (K) (comp1.ODE1): 3e+02
已使用正交零空间函数。
           当前进度:   4 % - 约束处理
           当前进度:   4 % - 组装矩阵
找到对称矩阵。
缩放因变量：
表面辐射度，下侧 (comp1.otl.ds_hrs.Jd_band): 1.2e+02
表面辐射度，上侧 (comp1.otl.ds_hrs.Ju_band): 1.2e+02
已使用正交零空间函数。
           当前进度:   4 % - 约束处理
           当前进度:   4 % - 组装矩阵
找到对称矩阵。
指示器状态的比例：
comp1.otl.inEclipse_event: 4e+05
comp1.otl.outEclipse_event: 4e+05
Step        Time    Stepsize      Res  Jac  Sol Order Tfail NLfail   LinErr   LinRes
           当前进度:   4 % - 约束处理
Memory: 1327/1897 1334/1906
           当前进度:   4 % - 组装矩阵
Memory: 1301/1897 1308/1906
           当前进度:   4 % - 约束处理
Memory: 1319/1897 1325/1906
           当前进度:   4 % - 组装稀疏模式
Memory: 1321/1897 1327/1906
           当前进度:   4 % - 组装矩阵
Memory: 1326/1897 1332/1906
           当前进度:   4 % - 求解线性方程组
Memory: 1328/1897 1334/1906
           当前进度:   4 % - 组装矩阵
           当前进度:   4 % - 组装稀疏模式
Memory: 1355/1897 1362/1906
           当前进度:   4 % - 组装矩阵
   0           0           - out   18    6   18                  0
                   Group #1:        9    3    9                     4.3e-16  1.9e-16
                   Group #2:        9    3    9                     3.3e-16  1.3e-16
指示器状态的比例：
comp1.otl.inEclipse_event: 4e+05
comp1.otl.outEclipse_event: 4e+05
   1         120         120 out   26    8   26     1     0      0
                   Group #1:       13    4   13                     1.8e-15  1.4e-16
                   Group #2:       13    4   13                     3.3e-16  1.3e-16
           当前进度:   5 % - 组装矩阵
Memory: 1362/1897 1369/1906
           当前进度:   5 % - 组装稀疏模式
Memory: 1366/1897 1373/1906
           当前进度:   5 % - 组装矩阵
Memory: 1373/1897 1382/1906
   2         240         120 out   34   10   34     1     0      0
                   Group #1:       17    5   17                     1.5e-15  1.5e-16
                   Group #2:       17    5   17                     3.4e-16  1.4e-16
           当前进度:   6 % - 组装矩阵
Memory: 1390/1897 1398/1906
   3         360         120 out   42   12   42     2     0      0
                   Group #1:       21    6   21                     1.5e-15  1.6e-16
                   Group #2:       21    6   21                     3.4e-16  1.4e-16
           当前进度:   7 % - 组装矩阵
Memory: 1393/1897 1401/1906
   4         480         120 out   50   14   50     2     0      0
                   Group #1:       25    7   25                     4.1e-16  2.7e-16
                   Group #2:       25    7   25                     3.2e-16  1.3e-16
           当前进度:   8 % - 组装矩阵
Memory: 1395/1897 1403/1906
   5         600         120 out   56   16   56     2     0      0
                   Group #1:       28    8   28                     4.3e-16  2.5e-16
                   Group #2:       28    8   28                     3.2e-16  1.4e-16
           当前进度:   9 % - 组装矩阵
Memory: 1397/1897 1405/1906
           当前进度:   9 % - 矩阵分解
Memory: 1398/1897 1406/1906
           当前进度:   9 % - 组装矩阵
Memory: 1398/1897 1407/1906
   6         720         120 out   62   18   62     2     0      0
                   Group #1:       31    9   31                     3.9e-16  2.3e-16
                   Group #2:       31    9   31                     3.1e-16  1.5e-16
-          当前进度:  10 % - 组装矩阵
Memory: 1400/1897 1409/1906
   7         840         120 out   68   20   68     2     0      0
                   Group #1:       34   10   34                       4e-16  2.3e-16
                   Group #2:       34   10   34                     2.8e-16  1.8e-16
-          当前进度:  11 % - 组装矩阵
Memory: 1403/1897 1412/1906
   8         960         120 out   74   22   74     2     0      0
                   Group #1:       37   11   37                     4.1e-16  2.6e-16
                   Group #2:       37   11   37                     2.6e-16  1.5e-16
-          当前进度:  12 % - 组装矩阵
Memory: 1406/1897 1414/1906
   9        1080         120 out   82   24   82     2     0      0
                   Group #1:       41   12   41                     4.2e-16  3.5e-16
                   Group #2:       41   12   41                     3.4e-16  1.4e-16
-          当前进度:  13 % - 组装矩阵
Memory: 1410/1897 1419/1906
-          当前进度:  13 % - 组装稀疏模式
Memory: 1411/1897 1419/1906
-          当前进度:  13 % - 组装矩阵
  10        1200         120 out   88   26   88     2     0      0
                   Group #1:       44   13   44                     3.6e-16    2e-16
                   Group #2:       44   13   44                     2.6e-16  1.5e-16
-          当前进度:  14 % - 组装矩阵
Memory: 1413/1897 1421/1906
  11        1320         120 out   96   28   96     2     0      0
                   Group #1:       48   14   48                     4.3e-16  2.4e-16
                   Group #2:       48   14   48                     3.3e-16  1.3e-16
-          当前进度:  15 % - 组装矩阵
Memory: 1416/1897 1425/1906
  12        1440         120 out  102   30  102     2     0      0
                   Group #1:       51   15   51                       4e-16  1.9e-16
                   Group #2:       51   15   51                       3e-16  1.6e-16
-          当前进度:  16 % - 组装矩阵
Memory: 1419/1897 1428/1906
  13        1560         120 out  108   32  108     2     0      0
                   Group #1:       54   16   54                     3.9e-16    2e-16
                   Group #2:       54   16   54                       3e-16  1.6e-16
-          当前进度:  17 % - 组装矩阵
Memory: 1423/1897 1433/1906
  14        1680         120 out  114   34  114     2     0      0
                   Group #1:       57   17   57                     4.3e-16  2.1e-16
                   Group #2:       57   17   57                     2.6e-16  1.7e-16
-          当前进度:  18 % - 组装矩阵
Memory: 1427/1897 1437/1906
-          当前进度:  18 % - 组装稀疏模式
Memory: 1428/1897 1437/1906
-          当前进度:  18 % - 组装矩阵
  15        1800         120 out  122   36  122     2     0      0
                   Group #1:       61   18   61                     3.9e-16    2e-16
                   Group #2:       61   18   61                     3.3e-16  1.4e-16
--         当前进度:  20 % - 组装矩阵
Memory: 1430/1897 1439/1906
  16        1920         120 out  128   38  128     2     0      0
                   Group #1:       64   19   64                     3.7e-16  1.9e-16
                   Group #2:       64   19   64                     2.6e-16  1.6e-16
--         当前进度:  21 % - 组装矩阵
Memory: 1433/1897 1442/1906
  17        2040         120 out  134   40  134     2     0      0
                   Group #1:       67   20   67                     3.4e-16  1.8e-16
                   Group #2:       67   20   67                     2.8e-16  1.7e-16
--         当前进度:  22 % - 组装矩阵
Memory: 1436/1897 1445/1906
  18        2160         120 out  140   42  140     2     0      0
                   Group #1:       70   21   70                     4.1e-16    2e-16
                   Group #2:       70   21   70                     2.6e-16  1.8e-16
--         当前进度:  23 % - 组装矩阵
Memory: 1440/1897 1449/1906
  19        2280         120 out  146   44  146     2     0      0
                   Group #1:       73   22   73                     4.1e-16  2.1e-16
                   Group #2:       73   22   73                     2.3e-16  1.7e-16
--         当前进度:  24 % - 组装矩阵
Memory: 1444/1897 1453/1906
--         当前进度:  24 % - 组装稀疏模式
Memory: 1445/1897 1454/1906
--         当前进度:  24 % - 组装矩阵
  20        2400         120 out  152   46  152     2     0      0
                   Group #1:       76   23   76                     3.4e-16  1.9e-16
                   Group #2:       76   23   76                     2.7e-16  1.9e-16
--         当前进度:  25 % - 组装矩阵
Memory: 1447/1897 1457/1906
--         当前进度:  25 % - 组装稀疏模式
Memory: 1448/1897 1457/1906
--         当前进度:  25 % - 组装矩阵
  21        2520         120 out  158   48  158     2     0      0
                   Group #1:       79   24   79                     3.7e-16    2e-16
                   Group #2:       79   24   79                     2.7e-16  1.6e-16
--         当前进度:  26 % - 组装矩阵
Memory: 1450/1897 1460/1906
  22        2640         120 out  164   50  164     2     0      0
                   Group #1:       82   25   82                     4.1e-16  2.2e-16
                   Group #2:       82   25   82                     2.5e-16  1.6e-16
--         当前进度:  27 % - 组装矩阵
Memory: 1454/1897 1463/1906
  23        2760         120 out  170   52  170     2     0      0
                   Group #1:       85   26   85                     3.4e-16    2e-16
                   Group #2:       85   26   85                     2.4e-16  1.4e-16
--         当前进度:  28 % - 组装矩阵
Memory: 1458/1897 1467/1906
  24        2880         120 out  174   54  174     2     0      0
                   Group #1:       87   27   87                       3e-16  2.2e-16
                   Group #2:       87   27   87                     2.6e-16  1.8e-16
--         当前进度:  29 % - 组装矩阵
Memory: 1460/1897 1470/1906
  25        3000         120 out  178   56  178     2     0      0
                   Group #1:       89   28   89                     3.3e-16  2.5e-16
                   Group #2:       89   28   89                     2.5e-16    2e-16
---        当前进度:  30 % - 组装矩阵
Memory: 1463/1897 1472/1906
---        当前进度:  30 % - 组装稀疏模式
Memory: 1464/1897 1473/1906
---        当前进度:  30 % - 组装矩阵
  26        3120         120 out  184   58  184     2     0      0
                   Group #1:       92   29   92                     3.4e-16  2.1e-16
                   Group #2:       92   29   92                     2.5e-16  1.5e-16
---        当前进度:  31 % - 组装矩阵
Memory: 1467/1897 1477/1906
---        当前进度:  31 % - 组装稀疏模式
Memory: 1468/1897 1478/1906
---        当前进度:  31 % - 组装矩阵
  27        3240         120 out  190   60  190     2     0      0
                   Group #1:       95   30   95                     3.1e-16  1.8e-16
                   Group #2:       95   30   95                     2.5e-16  1.9e-16
---        当前进度:  32 % - 组装矩阵
Memory: 1471/1897 1481/1906
  28        3360         120 out  196   62  196     2     0      0
                   Group #1:       98   31   98                       3e-16  1.9e-16
                   Group #2:       98   31   98                     2.2e-16  1.4e-16
---        当前进度:  33 % - 组装矩阵
Memory: 1474/1897 1483/1906
  29        3480         120 out  202   64  202     2     0      0
                   Group #1:      101   32  101                     3.4e-16  2.2e-16
                   Group #2:      101   32  101                     2.9e-16  1.9e-16
---        当前进度:  34 % - 组装矩阵
Memory: 1477/1897 1486/1906
  30        3600         120 out  208   66  208     2     0      0
                   Group #1:      104   33  104                     4.1e-16  2.1e-16
                   Group #2:      104   33  104                     2.3e-16  1.9e-16
---        当前进度:  35 % - 组装矩阵
Memory: 1481/1897 1490/1906
  31        3720         120 out  214   68  214     2     0      0
                   Group #1:      107   34  107                     3.8e-16  2.2e-16
                   Group #2:      107   34  107                     2.5e-16  1.5e-16
---        当前进度:  36 % - 组装矩阵
Memory: 1484/1897 1493/1906
  32        3840         120 out  220   70  220     2     0      0
                   Group #1:      110   35  110                     3.9e-16  2.5e-16
                   Group #2:      110   35  110                     2.9e-16  1.4e-16
---        当前进度:  37 % - 组装矩阵
Memory: 1489/1897 1498/1906
  33        3960         120 out  226   72  226     2     0      0
                   Group #1:      113   36  113                     3.6e-16  1.9e-16
                   Group #2:      113   36  113                     2.5e-16  1.6e-16
---        当前进度:  38 % - 组装矩阵
Memory: 1492/1897 1500/1906
  34        4080         120 out  234   74  234     2     0      0
                   Group #1:      117   37  117                     3.5e-16  1.8e-16
                   Group #2:      117   37  117                     3.2e-16  1.3e-16
---        当前进度:  39 % - 组装矩阵
Memory: 1497/1897 1505/1906
  35        4200         120 out  240   76  240     2     0      0
                   Group #1:      120   38  120                     3.5e-16  1.8e-16
                   Group #2:      120   38  120                     2.6e-16  1.4e-16
----       当前进度:  40 % - 组装矩阵
Memory: 1501/1897 1509/1906
  36        4320         120 out  246   78  246     2     0      0
                   Group #1:      123   39  123                     3.7e-16    2e-16
                   Group #2:      123   39  123                     2.8e-16  1.5e-16
----       当前进度:  41 % - 组装矩阵
Memory: 1505/1897 1521/1906
----       当前进度:  41 % - 组装稀疏模式
Memory: 1505/1897 1522/1906
----       当前进度:  41 % - 组装矩阵
  37        4440         120 out  252   80  252     2     0      0
                   Group #1:      126   40  126                       4e-16    2e-16
                   Group #2:      126   40  126                     2.5e-16  1.6e-16
----       当前进度:  43 % - 组装矩阵
Memory: 1509/1897 1524/1906
----       当前进度:  43 % - 组装稀疏模式
Memory: 1510/1897 1525/1906
----       当前进度:  43 % - 组装矩阵
  38        4560         120 out  260   82  260     2     0      0
                   Group #1:      130   41  130                       4e-16  2.5e-16
                   Group #2:      130   41  130                     3.1e-16  1.3e-16
----       当前进度:  44 % - 组装矩阵
Memory: 1513/1897 1528/1906
  39        4680         120 out  266   84  266     2     0      0
                   Group #1:      133   42  133                     4.3e-16  2.2e-16
                   Group #2:      133   42  133                     2.7e-16  1.5e-16
----       当前进度:  45 % - 组装矩阵
Memory: 1517/1897 1531/1906
----       当前进度:  45 % - 组装稀疏模式
----       当前进度:  45 % - 组装矩阵
  40        4800         120 out  272   86  272     2     0      0
                   Group #1:      136   43  136                       4e-16  2.5e-16
                   Group #2:      136   43  136                     2.4e-16  1.4e-16
----       当前进度:  46 % - 组装矩阵
Memory: 1518/1897 1533/1906
  41        4920         120 out  278   88  278     2     0      0
                   Group #1:      139   44  139                     3.5e-16    2e-16
                   Group #2:      139   44  139                     2.5e-16  1.8e-16
----       当前进度:  47 % - 组装矩阵
Memory: 1519/1897 1535/1906
  42        5040         120 out  284   90  284     2     0      0
                   Group #1:      142   45  142                     3.8e-16  3.4e-16
                   Group #2:      142   45  142                     2.8e-16  1.6e-16
----       当前进度:  48 % - 组装矩阵
Memory: 1521/1897 1535/1906
  43        5160         120 out  290   92  290     2     0      0
                   Group #1:      145   46  145                     3.9e-16  3.5e-16
                   Group #2:      145   46  145                     2.8e-16  1.5e-16
----       当前进度:  49 % - 组装矩阵
Memory: 1522/1897 1537/1906
  44        5280         120 out  298   94  298     2     0      0
                   Group #1:      149   47  149                     4.2e-16  3.7e-16
                   Group #2:      149   47  149                     3.2e-16  1.3e-16
-----      当前进度:  50 % - 组装矩阵
Memory: 1523/1897 1537/1906
-----      当前进度:  50 % - 组装稀疏模式
-----      当前进度:  50 % - 组装矩阵
  45        5400         120 out  306   96  306     2     0      0
                   Group #1:      153   48  153                     3.9e-16  3.4e-16
                   Group #2:      153   48  153                     3.3e-16  1.4e-16
-----      当前进度:  51 % - 组装矩阵
Memory: 1524/1897 1538/1906
  46        5520         120 out  312   98  312     2     0      0
                   Group #1:      156   49  156                     3.9e-16    4e-16
                   Group #2:      156   49  156                     2.9e-16  1.4e-16
-----      当前进度:  52 % - 组装矩阵
Memory: 1525/1897 1539/1906
-----      当前进度:  52 % - 组装稀疏模式
Memory: 1526/1897 1540/1906
-----      当前进度:  52 % - 组装矩阵
  47        5640         120 out  318  100  318     2     0      0
                   Group #1:      159   50  159                     4.2e-16    4e-16
                   Group #2:      159   50  159                       3e-16  1.6e-16
-----      当前进度:  53 % - 组装矩阵
Memory: 1527/1897 1541/1906
-----      当前进度:  53 % - 组装稀疏模式
-----      当前进度:  53 % - 组装矩阵
  48        5760         120 out  324  102  324     2     0      0
                   Group #1:      162   51  162                     4.4e-16  4.5e-16
                   Group #2:      162   51  162                       3e-16  1.4e-16
-----      当前进度:  54 % - 组装矩阵
Memory: 1528/1897 1542/1906
  49        5880         120 out  330  104  330     2     0      0
                   Group #1:      165   52  165                     4.1e-16  3.9e-16
                   Group #2:      165   52  165                     3.2e-16  1.6e-16
-----      当前进度:  55 % - 组装矩阵
Memory: 1529/1897 1542/1906
  50        6000         120 out  336  106  336     2     0      0
                   Group #1:      168   53  168                     4.1e-16  3.5e-16
                   Group #2:      168   53  168                     2.9e-16  1.5e-16
-----      当前进度:  56 % - 组装矩阵
Memory: 1530/1897 1543/1906
  51        6120         120 out  342  108  342     2     0      0
                   Group #1:      171   54  171                     3.6e-16  2.4e-16
                   Group #2:      171   54  171                     2.6e-16  1.7e-16
-----      当前进度:  57 % - 组装矩阵
Memory: 1531/1897 1544/1906
  52        6240         120 out  348  110  348     2     0      0
                   Group #1:      174   55  174                     3.9e-16  2.2e-16
                   Group #2:      174   55  174                     2.7e-16    2e-16
-----      当前进度:  58 % - 组装矩阵
Memory: 1532/1897 1545/1906
  53        6360         120 out  354  112  354     2     0      0
                   Group #1:      177   56  177                     3.8e-16  2.1e-16
                   Group #2:      177   56  177                     2.6e-16    2e-16
-----      当前进度:  59 % - 组装矩阵
Memory: 1533/1897 1545/1906
  54        6480         120 out  360  114  360     2     0      0
                   Group #1:      180   57  180                       4e-16    2e-16
                   Group #2:      180   57  180                     2.5e-16  1.6e-16
------     当前进度:  60 % - 组装矩阵
Memory: 1534/1897 1546/1906
  55        6600         120 out  366  116  366     2     0      0
                   Group #1:      183   58  183                       4e-16  3.7e-16
                   Group #2:      183   58  183                     2.9e-16  1.3e-16
------     当前进度:  61 % - 组装矩阵
Memory: 1535/1897 1547/1906
  56        6720         120 out  374  118  374     2     0      0
                   Group #1:      187   59  187                     3.8e-16  3.3e-16
                   Group #2:      187   59  187                     3.5e-16  1.5e-16
------     当前进度:  62 % - 组装矩阵
Memory: 1536/1897 1549/1906
  57        6840         120 out  382  120  382     2     0      0
                   Group #1:      191   60  191                     3.8e-16  2.3e-16
                   Group #2:      191   60  191                     3.2e-16  1.4e-16
------     当前进度:  63 % - 组装矩阵
Memory: 1539/1897 1550/1906
  58        6960         120 out  390  122  390     2     0      0
                   Group #1:      195   61  195                     4.1e-16  2.5e-16
                   Group #2:      195   61  195                     3.2e-16  1.4e-16
------     当前进度:  64 % - 组装矩阵
Memory: 1540/1897 1552/1906
  59        7080         120 out  396  124  396     2     0      0
                   Group #1:      198   62  198                     3.8e-16  2.9e-16
                   Group #2:      198   62  198                     3.1e-16  1.4e-16
------     当前进度:  66 % - 组装矩阵
Memory: 1541/1897 1553/1906
  60        7200         120 out  402  126  402     2     0      0
                   Group #1:      201   63  201                     4.2e-16  2.1e-16
                   Group #2:      201   63  201                     2.9e-16  1.5e-16
------     当前进度:  67 % - 组装矩阵
Memory: 1543/1897 1555/1906
  61        7320         120 out  410  128  410     2     0      0
                   Group #1:      205   64  205                     4.1e-16  2.1e-16
                   Group #2:      205   64  205                     3.2e-16  1.4e-16
------     当前进度:  68 % - 组装矩阵
Memory: 1545/1897 1556/1906
  62        7440         120 out  416  130  416     2     0      0
                   Group #1:      208   65  208                     3.7e-16    2e-16
                   Group #2:      208   65  208                     2.9e-16  1.5e-16
------     当前进度:  69 % - 组装矩阵
Memory: 1546/1897 1557/1906
  63        7560         120 out  422  132  422     2     0      0
                   Group #1:      211   66  211                     3.9e-16  2.3e-16
                   Group #2:      211   66  211                     2.7e-16  1.5e-16
-------    当前进度:  70 % - 组装矩阵
Memory: 1547/1897 1559/1906
  64        7680         120 out  428  134  428     2     0      0
                   Group #1:      214   67  214                     3.7e-16  2.1e-16
                   Group #2:      214   67  214                     2.7e-16  1.8e-16
-------    当前进度:  71 % - 组装矩阵
Memory: 1549/1897 1560/1906
-------    当前进度:  71 % - 组装稀疏模式
Memory: 1549/1897 1561/1906
-------    当前进度:  71 % - 组装矩阵
-------    当前进度:  71 % - 求解线性方程组
Memory: 1550/1897 1562/1906
-------    当前进度:  71 % - 组装矩阵
  65        7800         120 out  434  136  434     2     0      0
                   Group #1:      217   68  217                     3.5e-16  2.1e-16
                   Group #2:      217   68  217                     2.4e-16  1.7e-16
-------    当前进度:  72 % - 组装矩阵
  66        7920         120 out  440  138  440     2     0      0
                   Group #1:      220   69  220                     3.5e-16    2e-16
                   Group #2:      220   69  220                     2.9e-16  2.1e-16
-------    当前进度:  73 % - 组装矩阵
Memory: 1552/1897 1563/1906
-------    当前进度:  73 % - 组装稀疏模式
-------    当前进度:  73 % - 组装矩阵
  67        8040         120 out  446  140  446     2     0      0
                   Group #1:      223   70  223                       4e-16  2.1e-16
                   Group #2:      223   70  223                     2.6e-16  1.5e-16
-------    当前进度:  74 % - 组装矩阵
Memory: 1554/1897 1566/1906
  68        8160         120 out  452  142  452     2     0      0
                   Group #1:      226   71  226                     3.7e-16    2e-16
                   Group #2:      226   71  226                     2.5e-16  1.6e-16
-------    当前进度:  75 % - 组装矩阵
Memory: 1557/1897 1568/1906
  69        8280         120 out  458  144  458     2     0      0
                   Group #1:      229   72  229                       4e-16  2.4e-16
                   Group #2:      229   72  229                     2.6e-16  1.4e-16
-------    当前进度:  76 % - 组装矩阵
Memory: 1559/1897 1570/1906
-------    当前进度:  76 % - 矩阵分解
Memory: 1560/1897 1571/1906
-------    当前进度:  76 % - 组装矩阵
  70        8400         120 out  462  146  462     2     0      0
                   Group #1:      231   73  231                     3.5e-16  2.7e-16
                   Group #2:      231   73  231                     2.5e-16  1.8e-16
-------    当前进度:  77 % - 组装矩阵
Memory: 1561/1897 1572/1906
  71        8520         120 out  464  148  464     2     0      0
                   Group #1:      232   74  232                     3.5e-16  2.2e-16
                   Group #2:      232   74  232                     1.8e-16  1.3e-16
-------    当前进度:  78 % - 组装矩阵
Memory: 1562/1897 1573/1906
-------    当前进度:  78 % - 组装稀疏模式
Memory: 1562/1897 1574/1906
-------    当前进度:  78 % - 组装矩阵
  72        8640         120 out  470  150  470     2     0      0
                   Group #1:      235   75  235                     3.8e-16  2.3e-16
                   Group #2:      235   75  235                     2.9e-16  1.5e-16
-------    当前进度:  79 % - 组装矩阵
Memory: 1564/1897 1576/1906
  73        8760         120 out  476  152  476     2     0      0
                   Group #1:      238   76  238                     3.5e-16    2e-16
                   Group #2:      238   76  238                     2.4e-16  1.5e-16
--------   当前进度:  80 % - 组装矩阵
Memory: 1566/1897 1577/1906
--------   当前进度:  80 % - 组装稀疏模式
Memory: 1567/1897 1578/1906
--------   当前进度:  80 % - 组装矩阵
  74        8880         120 out  482  154  482     2     0      0
                   Group #1:      241   77  241                     3.6e-16  2.2e-16
                   Group #2:      241   77  241                     2.2e-16  1.3e-16
--------   当前进度:  81 % - 组装矩阵
Memory: 1569/1897 1580/1906
  75        9000         120 out  488  156  488     2     0      0
                   Group #1:      244   78  244                     3.7e-16  2.3e-16
                   Group #2:      244   78  244                     2.8e-16    2e-16
--------   当前进度:  82 % - 组装矩阵
Memory: 1571/1897 1582/1906
  76        9120         120 out  494  158  494     2     0      0
                   Group #1:      247   79  247                     3.5e-16  1.9e-16
                   Group #2:      247   79  247                     2.6e-16  2.1e-16
--------   当前进度:  83 % - 组装矩阵
Memory: 1574/1897 1584/1906
  77        9240         120 out  500  160  500     2     0      0
                   Group #1:      250   80  250                     3.9e-16    2e-16
                   Group #2:      250   80  250                     2.5e-16  1.8e-16
--------   当前进度:  84 % - 组装矩阵
Memory: 1576/1897 1587/1906
  78        9360         120 out  506  162  506     2     0      0
                   Group #1:      253   81  253                     3.8e-16  2.8e-16
                   Group #2:      253   81  253                     2.8e-16  1.4e-16
--------   当前进度:  85 % - 组装矩阵
Memory: 1579/1897 1589/1906
  79        9480         120 out  512  164  512     2     0      0
                   Group #1:      256   82  256                     3.9e-16  2.1e-16
                   Group #2:      256   82  256                     2.5e-16  1.6e-16
--------   当前进度:  86 % - 组装矩阵
Memory: 1581/1897 1592/1906
--------   当前进度:  86 % - 矩阵分解
Memory: 1582/1897 1593/1906
--------   当前进度:  86 % - 组装矩阵
  80        9600         120 out  518  166  518     2     0      0
                   Group #1:      259   83  259                     3.5e-16  1.8e-16
                   Group #2:      259   83  259                     2.9e-16  1.7e-16
--------   当前进度:  87 % - 组装矩阵
Memory: 1584/1897 1595/1906
  81        9720         120 out  526  168  526     2     0      0
                   Group #1:      263   84  263                     4.2e-16  2.3e-16
                   Group #2:      263   84  263                     3.3e-16  1.4e-16
--------   当前进度:  89 % - 组装矩阵
Memory: 1589/1897 1600/1906
--------   当前进度:  89 % - 组装稀疏模式
Memory: 1590/1897 1601/1906
--------   当前进度:  89 % - 组装矩阵
  82        9840         120 out  532  170  532     2     0      0
                   Group #1:      266   85  266                       4e-16  3.2e-16
                   Group #2:      266   85  266                       3e-16  1.3e-16
---------  当前进度:  90 % - 组装矩阵
Memory: 1594/1897 1604/1906
---------  当前进度:  90 % - 组装稀疏模式
Memory: 1594/1897 1605/1906
---------  当前进度:  90 % - 组装矩阵
  83        9960         120 out  538  172  538     2     0      0
                   Group #1:      269   86  269                     3.7e-16    2e-16
                   Group #2:      269   86  269                     2.9e-16  1.5e-16
---------  当前进度:  91 % - 组装矩阵
Memory: 1597/1897 1608/1906
  84       10080         120 out  546  174  546     2     0      0
                   Group #1:      273   87  273                     3.9e-16  2.3e-16
                   Group #2:      273   87  273                     3.3e-16  1.4e-16
---------  当前进度:  92 % - 组装矩阵
Memory: 1602/1897 1613/1906
  85       10200         120 out  554  176  554     2     0      0
                   Group #1:      277   88  277                     4.2e-16  2.7e-16
                   Group #2:      277   88  277                     3.4e-16  1.4e-16
---------  当前进度:  93 % - 组装矩阵
Memory: 1607/1897 1618/1906
  86       10320         120 out  562  178  562     2     0      0
                   Group #1:      281   89  281                     3.7e-16    3e-16
                   Group #2:      281   89  281                     3.5e-16  1.5e-16
---------  当前进度:  94 % - 组装矩阵
Memory: 1609/1897 1620/1906
  87       10440         120 out  570  180  570     2     0      0
                   Group #1:      285   90  285                     4.1e-16  3.2e-16
                   Group #2:      285   90  285                     3.1e-16  1.3e-16
---------  当前进度:  95 % - 组装矩阵
Memory: 1610/1897 1621/1906
  88       10560         120 out  576  182  576     2     0      0
                   Group #1:      288   91  288                     3.7e-16  2.1e-16
                   Group #2:      288   91  288                     2.7e-16  1.8e-16
---------  当前进度:  96 % - 组装矩阵
Memory: 1611/1897 1622/1906
  89       10680         120 out  582  184  582     2     0      0
                   Group #1:      291   92  291                     3.9e-16  2.8e-16
                   Group #2:      291   92  291                     2.6e-16  1.9e-16
---------  当前进度:  97 % - 组装矩阵
Memory: 1612/1897 1623/1906
  90       10800         120 out  590  186  590     2     0      0
                   Group #1:      295   93  295                     3.9e-16  3.4e-16
                   Group #2:      295   93  295                     3.3e-16  1.4e-16
---------  当前进度:  98 % - 组装矩阵
Memory: 1614/1897 1625/1906
  91       10920         120 out  598  188  598     2     0      0
                   Group #1:      299   94  299                       4e-16  3.8e-16
                   Group #2:      299   94  299                     3.4e-16  1.4e-16
---------  当前进度:  99 % - 组装矩阵
Memory: 1616/1897 1626/1906
  92       11040         120 out  604  190  604     2     0      0
                   Group #1:      302   95  302                     3.9e-16  2.8e-16
                   Group #2:      302   95  302                     2.3e-16  1.4e-16
时间步进已完成。
---------- 当前进度: 100 % - 
Memory: 1617/1897 1627/1906
求解时间：872 s。 （14 分钟，32 秒）
物理内存: 1.65 GB
虚拟内存: 1.66 GB
结束时间：2026年9月30日 上午6:19:51。
----- O: orbital transient, 2.0 orbits/解 4 (sol4) 中的“瞬态求解器 2” ----------------->
           当前进度:   0 % - 
Memory: 1638/1897 1648/1906
---------- 当前进度: 100 % - 计算
           当前进度:   0 % - 
---------- 当前进度: 100 % - 计算
           当前进度:   0 % - 
Memory: 1669/1897 1679/1906
---------- 当前进度: 100 % - 计算
           当前进度:   0 % - 
Memory: 1669/1897 1680/1906
---------- 当前进度: 100 % - 计算
           当前进度:   0 % - 
---------- 当前进度: 100 % - 计算
           当前进度:   0 % - 
Memory: 1704/1897 1715/1906
---------- 当前进度: 100 % - 计算
           当前进度:   0 % - 
---------- 当前进度: 100 % - 计算
<---- O: orbital transient, 2.0 orbits/解 4 (sol4) 中的“编译方程: 轨道温度” ---------------
开始于 2026年9月30日 上午6:19:54。
几何形函数: 二次拉格朗日单元
几何形函数: 二次拉格朗日单元
在 AMD64 Family 25 Model 117 Stepping 2, AuthenticAMD 上运行。
在以下位置使用 1 个插槽： MarkLiu 上（共 1 个内核）。
可用内存：32.38 GB。
           当前进度:   0 % - 生成方程
Memory: 1710/1897 1721/1906
在 AMD64 Family 25 Model 117 Stepping 2, AuthenticAMD 上运行。
在以下位置使用 1 个插槽： MarkLiu 上（共 1 个内核）。
可用内存：32.38 GB。
           当前进度:   2 % - 编译方程: 轨道温度
Memory: 1710/1897 1720/1906
           当前进度:   2 % - 正在创建可视化网格
Memory: 1743/1897 1785/1906
时间：3。
物理内存: 1.78 GB
虚拟内存: 1.79 GB
结束时间：2026年9月30日 上午6:19:58。
----- O: orbital transient, 2.0 orbits/解 4 (sol4) 中的“编译方程: 轨道温度” -------------->
<---- O: orbital transient, 2.0 orbits/解 4 (sol4) 中的“因变量 2” --------------------
开始于 2026年9月30日 上午6:19:58。
待求解变量的初始值: 解 4 (sol4), 解存储 2 (sol5), t=11040 s [自动（单一解）].
不求解变量的值: 解 4 (sol4), 解存储 2 (sol5), t=11040 s [自动（单一解）].
           当前进度:   2 % - 因变量 2
Memory: 1785/1897 1795/1906
求解时间：0 s。
物理内存: 1.78 GB
虚拟内存: 1.79 GB
结束时间：2026年9月30日 上午6:19:58。
----- O: orbital transient, 2.0 orbits/解 4 (sol4) 中的“因变量 2” ------------------->
<---- O: orbital transient, 2.0 orbits/解 4 (sol4) 中的“瞬态求解器 2” ------------------
开始于 2026年9月30日 上午6:19:58。
瞬态求解器 (BDF)
           当前进度:   4 % - 瞬态求解器 2
Memory: 1642/1897 1651/1906
求解的自由度数：6246。
           当前进度:   4 % - 组装稀疏模式
Memory: 1333/1897 1339/1906
           当前进度:   4 % - 组装矩阵
Memory: 1333/1897 1343/1906
找到非对称矩阵。
缩放因变量：
温度 (comp1.T2): 3e+02
NH3 panel outlet temperatures (K) (comp1.ODE1): 3e+02
已使用正交零空间函数。
           当前进度:   4 % - 约束处理
Memory: 1312/1897 1322/1906
找到对称矩阵。
缩放因变量：
表面辐射度，下侧 (comp1.otl.ds_hrs.Jd_band): 1.2e+02
表面辐射度，上侧 (comp1.otl.ds_hrs.Ju_band): 1.2e+02
已使用正交零空间函数。
           当前进度:   4 % - 组装矩阵
找到对称矩阵。
指示器状态的比例：
comp1.otl.inEclipse_event: 4e+05
comp1.otl.outEclipse_event: 4e+05
Step        Time    Stepsize      Res  Jac  Sol Order Tfail NLfail   LinErr   LinRes
           当前进度:   4 % - 约束处理
Memory: 1316/1897 1326/1906
           当前进度:   4 % - 组装矩阵
Memory: 1319/1897 1329/1906
           当前进度:   4 % - 约束处理
Memory: 1330/1897 1340/1906
           当前进度:   4 % - 组装稀疏模式
           当前进度:   4 % - 组装矩阵
Memory: 1335/1897 1346/1906
           当前进度:   4 % - 求解线性方程组
Memory: 1337/1897 1348/1906
           当前进度:   4 % - 组装矩阵
Memory: 1337/1897 1347/1906
   0           0           - out   18    6   18                  0
                   Group #1:        9    3    9                     4.3e-16  1.9e-16
                   Group #2:        9    3    9                     3.4e-16  1.4e-16
指示器状态的比例：
comp1.otl.inEclipse_event: 4e+05
comp1.otl.outEclipse_event: 4e+05
   1         120         120 out   26    8   26     1     0      0
                   Group #1:       13    4   13                     1.6e-15  1.4e-16
                   Group #2:       13    4   13                     3.4e-16  1.3e-16
           当前进度:   5 % - 组装矩阵
Memory: 1359/1897 1371/1906
           当前进度:   5 % - 组装稀疏模式
Memory: 1367/1897 1379/1906
           当前进度:   5 % - 组装矩阵
Memory: 1373/1897 1385/1906
   2         240         120 out   34   10   34     1     0      0
                   Group #1:       17    5   17                     4.9e-16  4.2e-16
                   Group #2:       17    5   17                     3.3e-16  1.4e-16
           当前进度:   6 % - 组装矩阵
Memory: 1381/1897 1394/1906
           当前进度:   6 % - 组装稀疏模式
Memory: 1381/1897 1395/1906
           当前进度:   6 % - 组装矩阵
   3         360         120 out   42   12   42     2     0      0
                   Group #1:       21    6   21                     1.1e-15  1.7e-16
                   Group #2:       21    6   21                     3.3e-16  1.4e-16
           当前进度:   7 % - 组装矩阵
Memory: 1385/1897 1398/1906
   4         480         120 out   50   14   50     2     0      0
                   Group #1:       25    7   25                     4.4e-16  2.9e-16
                   Group #2:       25    7   25                     3.4e-16  1.4e-16
           当前进度:   8 % - 组装矩阵
Memory: 1389/1897 1402/1906
   5         600         120 out   56   16   56     2     0      0
                   Group #1:       28    8   28                     4.4e-16  2.4e-16
                   Group #2:       28    8   28                     3.3e-16  1.4e-16
           当前进度:   9 % - 组装矩阵
Memory: 1391/1897 1404/1906
   6         720         120 out   62   18   62     2     0      0
                   Group #1:       31    9   31                     3.9e-16  2.3e-16
                   Group #2:       31    9   31                     3.3e-16  1.4e-16
-          当前进度:  10 % - 组装矩阵
Memory: 1393/1897 1406/1906
   7         840         120 out   68   20   68     2     0      0
                   Group #1:       34   10   34                       4e-16  2.2e-16
                   Group #2:       34   10   34                     2.9e-16  1.6e-16
-          当前进度:  11 % - 组装矩阵
Memory: 1396/1897 1409/1906
   8         960         120 out   74   22   74     2     0      0
                   Group #1:       37   11   37                     3.9e-16  2.6e-16
                   Group #2:       37   11   37                     2.5e-16  1.4e-16
-          当前进度:  12 % - 组装矩阵
Memory: 1399/1897 1413/1906
   9        1080         120 out   82   24   82     2     0      0
                   Group #1:       41   12   41                     4.1e-16  3.8e-16
                   Group #2:       41   12   41                     3.6e-16  1.5e-16
-          当前进度:  13 % - 组装矩阵
Memory: 1403/1897 1417/1906
  10        1200         120 out   88   26   88     2     0      0
                   Group #1:       44   13   44                     4.3e-16  2.2e-16
                   Group #2:       44   13   44                     2.5e-16  1.4e-16
-          当前进度:  14 % - 组装矩阵
Memory: 1406/1897 1420/1906
  11        1320         120 out   96   28   96     2     0      0
                   Group #1:       48   14   48                     3.7e-16  2.2e-16
                   Group #2:       48   14   48                     3.1e-16  1.3e-16
-          当前进度:  15 % - 组装矩阵
Memory: 1411/1897 1426/1906
-          当前进度:  15 % - 求解线性方程组
Memory: 1414/1897 1428/1906
-          当前进度:  15 % - 组装矩阵
  12        1440         120 out  102   30  102     2     0      0
                   Group #1:       51   15   51                       4e-16    2e-16
                   Group #2:       51   15   51                       3e-16  1.6e-16
-          当前进度:  16 % - 组装矩阵
Memory: 1415/1897 1429/1906
  13        1560         120 out  108   32  108     2     0      0
                   Group #1:       54   16   54                     3.8e-16    2e-16
                   Group #2:       54   16   54                       3e-16  1.5e-16
-          当前进度:  17 % - 组装矩阵
Memory: 1419/1897 1434/1906
  14        1680         120 out  114   34  114     2     0      0
                   Group #1:       57   17   57                       4e-16    2e-16
                   Group #2:       57   17   57                       3e-16  1.8e-16
-          当前进度:  18 % - 组装矩阵
Memory: 1423/1897 1438/1906
  15        1800         120 out  122   36  122     2     0      0
                   Group #1:       61   18   61                       4e-16    2e-16
                   Group #2:       61   18   61                     3.5e-16  1.5e-16
--         当前进度:  20 % - 组装矩阵
Memory: 1427/1897 1442/1906
  16        1920         120 out  128   38  128     2     0      0
                   Group #1:       64   19   64                     3.6e-16  1.9e-16
                   Group #2:       64   19   64                     2.5e-16  1.6e-16
--         当前进度:  21 % - 组装矩阵
Memory: 1430/1897 1445/1906
  17        2040         120 out  134   40  134     2     0      0
                   Group #1:       67   20   67                     3.6e-16  1.9e-16
                   Group #2:       67   20   67                     2.7e-16  1.6e-16
--         当前进度:  22 % - 组装矩阵
Memory: 1434/1897 1450/1906
  18        2160         120 out  140   42  140     2     0      0
                   Group #1:       70   21   70                     3.8e-16  1.9e-16
                   Group #2:       70   21   70                       3e-16  2.2e-16
--         当前进度:  23 % - 组装矩阵
Memory: 1437/1897 1453/1906
  19        2280         120 out  146   44  146     2     0      0
                   Group #1:       73   22   73                     3.6e-16  2.1e-16
                   Group #2:       73   22   73                     2.6e-16  1.9e-16
--         当前进度:  24 % - 组装矩阵
Memory: 1441/1897 1456/1906
--         当前进度:  24 % - 矩阵分解
Memory: 1442/1897 1456/1906
--         当前进度:  24 % - 组装矩阵
Memory: 1442/1897 1457/1906
  20        2400         120 out  152   46  152     2     0      0
                   Group #1:       76   23   76                     3.7e-16    2e-16
                   Group #2:       76   23   76                     2.6e-16  1.8e-16
--         当前进度:  25 % - 组装矩阵
Memory: 1445/1897 1459/1906
  21        2520         120 out  158   48  158     2     0      0
                   Group #1:       79   24   79                     3.8e-16  2.1e-16
                   Group #2:       79   24   79                     2.5e-16  1.5e-16
--         当前进度:  26 % - 组装矩阵
Memory: 1448/1897 1463/1906
  22        2640         120 out  164   50  164     2     0      0
                   Group #1:       82   25   82                     4.2e-16  2.2e-16
                   Group #2:       82   25   82                     2.5e-16  1.5e-16
--         当前进度:  27 % - 组装矩阵
Memory: 1452/1897 1467/1906
  23        2760         120 out  170   52  170     2     0      0
                   Group #1:       85   26   85                     4.5e-16  2.4e-16
                   Group #2:       85   26   85                     2.6e-16  1.4e-16
--         当前进度:  28 % - 组装矩阵
Memory: 1456/1897 1470/1906
  24        2880         120 out  174   54  174     2     0      0
                   Group #1:       87   27   87                     3.4e-16  2.2e-16
                   Group #2:       87   27   87                     2.2e-16  1.6e-16
--         当前进度:  29 % - 组装矩阵
Memory: 1458/1897 1473/1906
--         当前进度:  29 % - 矩阵分解
Memory: 1460/1897 1475/1906
--         当前进度:  29 % - 组装矩阵
  25        3000         120 out  178   56  178     2     0      0
                   Group #1:       89   28   89                     3.6e-16  2.4e-16
                   Group #2:       89   28   89                     2.2e-16  1.7e-16
---        当前进度:  30 % - 组装矩阵
Memory: 1461/1897 1476/1906
  26        3120         120 out  184   58  184     2     0      0
                   Group #1:       92   29   92                     3.5e-16  2.2e-16
                   Group #2:       92   29   92                     2.6e-16  1.4e-16
---        当前进度:  31 % - 组装矩阵
Memory: 1464/1897 1479/1906
  27        3240         120 out  190   60  190     2     0      0
                   Group #1:       95   30   95                     3.2e-16  1.9e-16
                   Group #2:       95   30   95                     2.4e-16  1.8e-16
---        当前进度:  32 % - 组装矩阵
Memory: 1468/1897 1483/1906
---        当前进度:  32 % - 组装稀疏模式
Memory: 1469/1897 1484/1906
---        当前进度:  32 % - 组装矩阵
---        当前进度:  32 % - 求解线性方程组
Memory: 1472/1897 1487/1906
---        当前进度:  32 % - 组装矩阵
  28        3360         120 out  196   62  196     2     0      0
                   Group #1:       98   31   98                     3.2e-16    2e-16
                   Group #2:       98   31   98                     2.1e-16  1.5e-16
---        当前进度:  33 % - 组装矩阵
  29        3480         120 out  202   64  202     2     0      0
                   Group #1:      101   32  101                     3.5e-16    2e-16
                   Group #2:      101   32  101                     2.8e-16  1.9e-16
---        当前进度:  34 % - 组装矩阵
Memory: 1476/1897 1491/1906
---        当前进度:  34 % - 组装稀疏模式
Memory: 1477/1897 1492/1906
---        当前进度:  34 % - 组装矩阵
  30        3600         120 out  208   66  208     2     0      0
                   Group #1:      104   33  104                     4.2e-16  2.1e-16
                   Group #2:      104   33  104                     2.8e-16  2.1e-16
---        当前进度:  35 % - 组装矩阵
Memory: 1479/1897 1494/1906
  31        3720         120 out  214   68  214     2     0      0
                   Group #1:      107   34  107                     4.2e-16  2.2e-16
                   Group #2:      107   34  107                     2.5e-16  1.6e-16
---        当前进度:  36 % - 组装矩阵
Memory: 1483/1897 1497/1906
  32        3840         120 out  220   70  220     2     0      0
                   Group #1:      110   35  110                     3.9e-16  2.7e-16
                   Group #2:      110   35  110                     2.9e-16  1.4e-16
---        当前进度:  37 % - 组装矩阵
Memory: 1486/1897 1502/1906
  33        3960         120 out  226   72  226     2     0      0
                   Group #1:      113   36  113                     3.5e-16  1.9e-16
                   Group #2:      113   36  113                     2.6e-16  1.6e-16
---        当前进度:  38 % - 组装矩阵
Memory: 1490/1897 1505/1906
---        当前进度:  38 % - 求解线性方程组
Memory: 1492/1897 1507/1906
---        当前进度:  38 % - 组装矩阵
Memory: 1493/1897 1508/1906
  34        4080         120 out  234   74  234     2     0      0
                   Group #1:      117   37  117                     3.9e-16    2e-16
                   Group #2:      117   37  117                     3.3e-16  1.4e-16
---        当前进度:  39 % - 组装矩阵
Memory: 1495/1897 1510/1906
  35        4200         120 out  240   76  240     2     0      0
                   Group #1:      120   38  120                     3.8e-16    2e-16
                   Group #2:      120   38  120                     2.5e-16  1.4e-16
----       当前进度:  40 % - 组装矩阵
Memory: 1499/1897 1514/1906
----       当前进度:  40 % - 组装稀疏模式
Memory: 1500/1897 1515/1906
----       当前进度:  40 % - 组装矩阵
  36        4320         120 out  246   78  246     2     0      0
                   Group #1:      123   39  123                     3.9e-16  2.2e-16
                   Group #2:      123   39  123                     2.7e-16  1.4e-16
----       当前进度:  41 % - 组装矩阵
Memory: 1503/1897 1518/1906
  37        4440         120 out  252   80  252     2     0      0
                   Group #1:      126   40  126                     4.1e-16    2e-16
                   Group #2:      126   40  126                     2.6e-16  1.7e-16
----       当前进度:  43 % - 组装矩阵
Memory: 1506/1897 1522/1906
  38        4560         120 out  260   82  260     2     0      0
                   Group #1:      130   41  130                     3.8e-16  2.4e-16
                   Group #2:      130   41  130                     3.4e-16  1.4e-16
----       当前进度:  44 % - 组装矩阵
Memory: 1512/1897 1527/1906
  39        4680         120 out  266   84  266     2     0      0
                   Group #1:      133   42  133                       4e-16  2.1e-16
                   Group #2:      133   42  133                     2.9e-16  1.6e-16
----       当前进度:  45 % - 组装矩阵
Memory: 1515/1897 1530/1906
  40        4800         120 out  272   86  272     2     0      0
                   Group #1:      136   43  136                     3.8e-16  2.5e-16
                   Group #2:      136   43  136                     2.5e-16  1.4e-16
----       当前进度:  46 % - 组装矩阵
Memory: 1519/1897 1533/1906
----       当前进度:  46 % - 组装稀疏模式
Memory: 1519/1897 1534/1906
----       当前进度:  46 % - 组装矩阵
----       当前进度:  46 % - 求解线性方程组
Memory: 1521/1897 1536/1906
----       当前进度:  46 % - 组装矩阵
  41        4920         120 out  278   88  278     2     0      0
                   Group #1:      139   44  139                       4e-16    2e-16
                   Group #2:      139   44  139                     2.2e-16  1.6e-16
----       当前进度:  47 % - 组装矩阵
  42        5040         120 out  284   90  284     2     0      0
                   Group #1:      142   45  142                     3.9e-16  3.1e-16
                   Group #2:      142   45  142                     2.9e-16  1.6e-16
----       当前进度:  48 % - 组装矩阵
Memory: 1523/1897 1537/1906
  43        5160         120 out  290   92  290     2     0      0
                   Group #1:      145   46  145                       4e-16  3.4e-16
                   Group #2:      145   46  145                     2.9e-16  1.6e-16
----       当前进度:  49 % - 组装矩阵
Memory: 1523/1897 1538/1906
  44        5280         120 out  298   94  298     2     0      0
                   Group #1:      149   47  149                       4e-16  3.7e-16
                   Group #2:      149   47  149                     3.4e-16  1.3e-16
-----      当前进度:  50 % - 组装矩阵
Memory: 1525/1897 1539/1906
  45        5400         120 out  306   96  306     2     0      0
                   Group #1:      153   48  153                       4e-16  3.4e-16
                   Group #2:      153   48  153                     3.1e-16  1.3e-16
-----      当前进度:  51 % - 组装矩阵
Memory: 1526/1897 1539/1906
-----      当前进度:  51 % - 组装稀疏模式
-----      当前进度:  51 % - 组装矩阵
-----      当前进度:  51 % - 求解线性方程组
Memory: 1526/1897 1540/1906
-----      当前进度:  51 % - 组装矩阵
  46        5520         120 out  312   98  312     2     0      0
                   Group #1:      156   49  156                     4.1e-16  4.1e-16
                   Group #2:      156   49  156                     3.1e-16  1.5e-16
-----      当前进度:  52 % - 组装矩阵
Memory: 1527/1897 1540/1906
  47        5640         120 out  318  100  318     2     0      0
                   Group #1:      159   50  159                     3.8e-16  3.9e-16
                   Group #2:      159   50  159                     2.9e-16  1.6e-16
-----      当前进度:  53 % - 组装矩阵
Memory: 1527/1897 1542/1906
  48        5760         120 out  324  102  324     2     0      0
                   Group #1:      162   51  162                     4.3e-16  4.3e-16
                   Group #2:      162   51  162                     3.1e-16  1.5e-16
-----      当前进度:  54 % - 组装矩阵
Memory: 1529/1897 1543/1906
  49        5880         120 out  330  104  330     2     0      0
                   Group #1:      165   52  165                     3.9e-16  3.7e-16
                   Group #2:      165   52  165                     2.8e-16  1.4e-16
-----      当前进度:  55 % - 
Memory: 1530/1897 1544/1906
-----      当前进度:  55 % - 组装矩阵
  50        6000         120 out  336  106  336     2     0      0
                   Group #1:      168   53  168                     3.8e-16  3.4e-16
                   Group #2:      168   53  168                     2.8e-16  1.5e-16
-----      当前进度:  56 % - 组装矩阵
Memory: 1531/1897 1545/1906
  51        6120         120 out  342  108  342     2     0      0
                   Group #1:      171   54  171                     3.7e-16  2.3e-16
                   Group #2:      171   54  171                     2.5e-16  1.7e-16
-----      当前进度:  57 % - 组装矩阵
Memory: 1534/1897 1547/1906
-----      当前进度:  57 % - 求解线性方程组
Memory: 1535/1897 1548/1906
  52        6240         120 out  348  110  348     2     0      0
                   Group #1:      174   55  174                     4.1e-16  2.3e-16
                   Group #2:      174   55  174                     2.8e-16  2.1e-16
-----      当前进度:  58 % - 组装矩阵
  53        6360         120 out  354  112  354     2     0      0
                   Group #1:      177   56  177                     3.9e-16  2.1e-16
                   Group #2:      177   56  177                     2.8e-16  2.3e-16
-----      当前进度:  59 % - 组装矩阵
Memory: 1536/1897 1548/1906
-----      当前进度:  59 % - 组装稀疏模式
Memory: 1536/1897 1549/1906
-----      当前进度:  59 % - 组装矩阵
  54        6480         120 out  360  114  360     2     0      0
                   Group #1:      180   57  180                     4.1e-16  2.1e-16
                   Group #2:      180   57  180                     2.6e-16  1.8e-16
------     当前进度:  60 % - 组装矩阵
Memory: 1537/1897 1549/1906
------     当前进度:  60 % - 组装稀疏模式
------     当前进度:  60 % - 组装矩阵
  55        6600         120 out  366  116  366     2     0      0
                   Group #1:      183   58  183                     4.1e-16  3.6e-16
                   Group #2:      183   58  183                     3.2e-16  1.4e-16
------     当前进度:  61 % - 组装矩阵
Memory: 1538/1897 1551/1906
  56        6720         120 out  374  118  374     2     0      0
                   Group #1:      187   59  187                       4e-16  3.4e-16
                   Group #2:      187   59  187                     3.2e-16  1.3e-16
------     当前进度:  62 % - 组装矩阵
Memory: 1540/1897 1552/1906
  57        6840         120 out  382  120  382     2     0      0
                   Group #1:      191   60  191                     3.4e-16  2.1e-16
                   Group #2:      191   60  191                     3.4e-16  1.4e-16
------     当前进度:  63 % - 组装矩阵
Memory: 1541/1897 1554/1906
  58        6960         120 out  390  122  390     2     0      0
                   Group #1:      195   61  195                     3.9e-16  2.5e-16
                   Group #2:      195   61  195                     3.2e-16  1.3e-16
------     当前进度:  64 % - 组装矩阵
Memory: 1543/1897 1555/1906
  59        7080         120 out  396  124  396     2     0      0
                   Group #1:      198   62  198                     3.8e-16  2.9e-16
                   Group #2:      198   62  198                     2.9e-16  1.3e-16
------     当前进度:  66 % - 组装矩阵
Memory: 1544/1897 1557/1906
  60        7200         120 out  402  126  402     2     0      0
                   Group #1:      201   63  201                       4e-16  2.1e-16
                   Group #2:      201   63  201                     2.8e-16  1.5e-16
------     当前进度:  67 % - 组装矩阵
Memory: 1545/1897 1558/1906
  61        7320         120 out  410  128  410     2     0      0
                   Group #1:      205   64  205                       4e-16    2e-16
                   Group #2:      205   64  205                     3.3e-16  1.4e-16
------     当前进度:  68 % - 组装矩阵
Memory: 1546/1897 1559/1906
  62        7440         120 out  416  130  416     2     0      0
                   Group #1:      208   65  208                     4.1e-16  2.2e-16
                   Group #2:      208   65  208                       3e-16  1.5e-16
------     当前进度:  69 % - 组装矩阵
Memory: 1548/1897 1560/1906
  63        7560         120 out  422  132  422     2     0      0
                   Group #1:      211   66  211                     4.3e-16  2.3e-16
                   Group #2:      211   66  211                     2.6e-16  1.4e-16
-------    当前进度:  70 % - 组装矩阵
  64        7680         120 out  428  134  428     2     0      0
                   Group #1:      214   67  214                     3.7e-16  1.9e-16
                   Group #2:      214   67  214                     2.4e-16  1.6e-16
-------    当前进度:  71 % - 组装矩阵
Memory: 1550/1897 1562/1906
  65        7800         120 out  434  136  434     2     0      0
                   Group #1:      217   68  217                     3.6e-16  2.1e-16
                   Group #2:      217   68  217                     2.6e-16  1.9e-16
-------    当前进度:  72 % - 组装矩阵
Memory: 1551/1897 1563/1906
-------    当前进度:  72 % - 组装稀疏模式
-------    当前进度:  72 % - 组装矩阵
  66        7920         120 out  440  138  440     2     0      0
                   Group #1:      220   69  220                     3.7e-16    2e-16
                   Group #2:      220   69  220                     2.7e-16  1.9e-16
-------    当前进度:  73 % - 组装矩阵
Memory: 1552/1897 1564/1906
  67        8040         120 out  446  140  446     2     0      0
                   Group #1:      223   70  223                     3.9e-16  2.2e-16
                   Group #2:      223   70  223                     2.6e-16  1.5e-16
-------    当前进度:  74 % - 组装矩阵
Memory: 1553/1897 1566/1906
  68        8160         120 out  452  142  452     2     0      0
                   Group #1:      226   71  226                     3.7e-16  2.1e-16
                   Group #2:      226   71  226                     2.4e-16  1.4e-16
-------    当前进度:  75 % - 组装矩阵
Memory: 1554/1897 1567/1906
  69        8280         120 out  458  144  458     2     0      0
                   Group #1:      229   72  229                     4.4e-16  2.4e-16
                   Group #2:      229   72  229                     2.5e-16  1.4e-16
-------    当前进度:  76 % - 组装矩阵
Memory: 1556/1897 1568/1906
  70        8400         120 out  462  146  462     2     0      0
                   Group #1:      231   73  231                     3.2e-16  2.3e-16
                   Group #2:      231   73  231                     2.3e-16  1.6e-16
-------    当前进度:  77 % - 组装矩阵
Memory: 1556/1897 1569/1906
  71        8520         120 out  464  148  464     2     0      0
                   Group #1:      232   74  232                     3.5e-16  2.3e-16
                   Group #2:      232   74  232                     2.5e-16  1.8e-16
-------    当前进度:  78 % - 组装矩阵
Memory: 1558/1897 1570/1906
  72        8640         120 out  468  150  468     2     0      0
                   Group #1:      234   75  234                     3.4e-16  2.3e-16
                   Group #2:      234   75  234                     2.3e-16  1.4e-16
-------    当前进度:  79 % - 组装矩阵
Memory: 1558/1897 1571/1906
-------    当前进度:  79 % - 组装稀疏模式
-------    当前进度:  79 % - 组装矩阵
  73        8760         120 out  474  152  474     2     0      0
                   Group #1:      237   76  237                     3.9e-16  2.1e-16
                   Group #2:      237   76  237                     2.4e-16  1.5e-16
--------   当前进度:  80 % - 组装矩阵
Memory: 1560/1897 1573/1906
--------   当前进度:  80 % - 组装稀疏模式
Memory: 1561/1897 1573/1906
--------   当前进度:  80 % - 组装矩阵
  74        8880         120 out  480  154  480     2     0      0
                   Group #1:      240   77  240                     3.5e-16    2e-16
                   Group #2:      240   77  240                     2.5e-16  1.5e-16
--------   当前进度:  81 % - 组装矩阵
Memory: 1562/1897 1575/1906
  75        9000         120 out  486  156  486     2     0      0
                   Group #1:      243   78  243                     3.5e-16  2.1e-16
                   Group #2:      243   78  243                     2.5e-16    2e-16
--------   当前进度:  82 % - 组装矩阵
Memory: 1564/1897 1577/1906
--------   当前进度:  82 % - 组装稀疏模式
Memory: 1565/1897 1578/1906
--------   当前进度:  82 % - 组装矩阵
  76        9120         120 out  492  158  492     2     0      0
                   Group #1:      246   79  246                     3.5e-16  1.9e-16
                   Group #2:      246   79  246                     2.8e-16  2.3e-16
--------   当前进度:  83 % - 组装矩阵
Memory: 1566/1897 1580/1906
  77        9240         120 out  498  160  498     2     0      0
                   Group #1:      249   80  249                     3.6e-16  1.9e-16
                   Group #2:      249   80  249                     2.4e-16  1.6e-16
--------   当前进度:  84 % - 组装矩阵
Memory: 1569/1897 1581/1906
--------   当前进度:  84 % - 组装稀疏模式
--------   当前进度:  84 % - 组装矩阵
  78        9360         120 out  504  162  504     2     0      0
                   Group #1:      252   81  252                     4.1e-16  2.8e-16
                   Group #2:      252   81  252                     2.9e-16  1.4e-16
--------   当前进度:  85 % - 组装矩阵
Memory: 1571/1897 1583/1906
  79        9480         120 out  510  164  510     2     0      0
                   Group #1:      255   82  255                     3.7e-16    2e-16
                   Group #2:      255   82  255                     2.5e-16  1.5e-16
--------   当前进度:  86 % - 组装矩阵
Memory: 1572/1897 1583/1906
  80        9600         120 out  516  166  516     2     0      0
                   Group #1:      258   83  258                       4e-16    2e-16
                   Group #2:      258   83  258                     2.8e-16  1.7e-16
--------   当前进度:  87 % - 组装矩阵
Memory: 1574/1897 1584/1906
  81        9720         120 out  524  168  524     2     0      0
                   Group #1:      262   84  262                     4.1e-16  2.3e-16
                   Group #2:      262   84  262                     3.1e-16  1.4e-16
--------   当前进度:  89 % - 组装矩阵
Memory: 1577/1897 1588/1906
  82        9840         120 out  530  170  530     2     0      0
                   Group #1:      265   85  265                     4.2e-16  3.2e-16
                   Group #2:      265   85  265                     3.3e-16  1.5e-16
---------  当前进度:  90 % - 组装矩阵
Memory: 1580/1897 1589/1906
  83        9960         120 out  536  172  536     2     0      0
                   Group #1:      268   86  268                     4.3e-16  2.1e-16
                   Group #2:      268   86  268                     2.9e-16  1.6e-16
---------  当前进度:  91 % - 组装矩阵
Memory: 1583/1897 1592/1906
---------  当前进度:  91 % - 组装稀疏模式
Memory: 1584/1897 1593/1906
---------  当前进度:  91 % - 组装矩阵
  84       10080         120 out  544  174  544     2     0      0
                   Group #1:      272   87  272                     3.8e-16  2.2e-16
                   Group #2:      272   87  272                     3.2e-16  1.4e-16
---------  当前进度:  92 % - 组装矩阵
Memory: 1589/1897 1598/1906
  85       10200         120 out  552  176  552     2     0      0
                   Group #1:      276   88  276                     4.1e-16  2.9e-16
                   Group #2:      276   88  276                     3.2e-16  1.4e-16
---------  当前进度:  93 % - 组装矩阵
Memory: 1594/1897 1603/1906
  86       10320         120 out  560  178  560     2     0      0
                   Group #1:      280   89  280                     4.2e-16  3.2e-16
                   Group #2:      280   89  280                     3.4e-16  1.4e-16
---------  当前进度:  94 % - 组装矩阵
Memory: 1598/1897 1608/1906
  87       10440         120 out  568  180  568     2     0      0
                   Group #1:      284   90  284                     3.9e-16  3.2e-16
                   Group #2:      284   90  284                     3.4e-16  1.4e-16
---------  当前进度:  95 % - 组装矩阵
Memory: 1603/1897 1612/1906
---------  当前进度:  95 % - 组装稀疏模式
Memory: 1603/1897 1613/1906
---------  当前进度:  95 % - 组装矩阵
  88       10560         120 out  574  182  574     2     0      0
                   Group #1:      287   91  287                     3.8e-16  2.1e-16
                   Group #2:      287   91  287                     2.9e-16    2e-16
---------  当前进度:  96 % - 组装矩阵
Memory: 1606/1897 1615/1906
  89       10680         120 out  580  184  580     2     0      0
                   Group #1:      290   92  290                     3.8e-16  2.5e-16
                   Group #2:      290   92  290                     2.7e-16  2.2e-16
---------  当前进度:  97 % - 组装矩阵
Memory: 1607/1897 1616/1906
  90       10800         120 out  588  186  588     2     0      0
                   Group #1:      294   93  294                     3.9e-16  3.3e-16
                   Group #2:      294   93  294                     3.3e-16  1.4e-16
---------  当前进度:  98 % - 组装矩阵
Memory: 1608/1897 1618/1906
  91       10920         120 out  596  188  596     2     0      0
                   Group #1:      298   94  298                     3.8e-16  3.5e-16
                   Group #2:      298   94  298                     3.3e-16  1.3e-16
---------  当前进度:  99 % - 组装矩阵
Memory: 1609/1897 1619/1906
---------  当前进度:  99 % - 组装稀疏模式
---------  当前进度:  99 % - 组装矩阵
---------  当前进度:  99 % - 矩阵分解
---------  当前进度:  99 % - 组装矩阵
Memory: 1610/1897 1619/1906
  92       11040         120 out  602  190  602     2     0      0
                   Group #1:      301   95  301                     4.2e-16  2.6e-16
                   Group #2:      301   95  301                     2.6e-16  1.5e-16
时间步进已完成。
---------- 当前进度: 100 % - 
Memory: 1610/1897 1620/1906
求解时间：945 s。 （15 分钟，45 秒）
物理内存: 1.64 GB
虚拟内存: 1.65 GB
结束时间：2026年9月30日 上午6:35:43。
----- O: orbital transient, 2.0 orbits/解 4 (sol4) 中的“瞬态求解器 2” ----------------->
           当前进度:   0 % - 
Memory: 1624/1897 1633/1906
---------- 当前进度: 100 % - 计算
           当前进度:   0 % - 
---------- 当前进度: 100 % - 计算
           当前进度:   0 % - 
Memory: 1660/1897 1670/1906
---------- 当前进度: 100 % - 计算
Memory: 1661/1897 1670/1906
           当前进度:   0 % - 
---------- 当前进度: 100 % - 计算
           当前进度:   0 % - 
---------- 当前进度: 100 % - 计算
           当前进度:   0 % - 
---------- 当前进度: 100 % - 计算
           当前进度:   0 % - 
---------- 当前进度: 100 % - 计算
<---- O: orbital transient, 2.0 orbits/解 4 (sol4) 中的“编译方程: 轨道温度” ---------------
开始于 2026年9月30日 上午6:35:46。
几何形函数: 二次拉格朗日单元
几何形函数: 二次拉格朗日单元
在 AMD64 Family 25 Model 117 Stepping 2, AuthenticAMD 上运行。
在以下位置使用 1 个插槽： MarkLiu 上（共 1 个内核）。
可用内存：32.38 GB。
           当前进度:   0 % - 生成方程
Memory: 1669/1897 1679/1906
在 AMD64 Family 25 Model 117 Stepping 2, AuthenticAMD 上运行。
在以下位置使用 1 个插槽： MarkLiu 上（共 1 个内核）。
可用内存：32.38 GB。
           当前进度:   2 % - 编译方程: 轨道温度
Memory: 1744/1897 1753/1906
           当前进度:   2 % - 正在创建可视化网格
Memory: 1748/1897 1756/1906
时间：3。
物理内存: 1.75 GB
虚拟内存: 1.76 GB
结束时间：2026年9月30日 上午6:35:49。
----- O: orbital transient, 2.0 orbits/解 4 (sol4) 中的“编译方程: 轨道温度” -------------->
<---- O: orbital transient, 2.0 orbits/解 4 (sol4) 中的“因变量 2” --------------------
开始于 2026年9月30日 上午6:35:49。
待求解变量的初始值: 解 4 (sol4), 解存储 2 (sol5), t=11040 s [自动（单一解）].
不求解变量的值: 解 4 (sol4), 解存储 2 (sol5), t=11040 s [自动（单一解）].
           当前进度:   2 % - 因变量 2
Memory: 1749/1897 1758/1906
求解时间：0 s。
物理内存: 1.75 GB
虚拟内存: 1.76 GB
结束时间：2026年9月30日 上午6:35:49。
----- O: orbital transient, 2.0 orbits/解 4 (sol4) 中的“因变量 2” ------------------->
<---- O: orbital transient, 2.0 orbits/解 4 (sol4) 中的“瞬态求解器 2” ------------------
开始于 2026年9月30日 上午6:35:50。
瞬态求解器 (BDF)
           当前进度:   4 % - 瞬态求解器 2
Memory: 1644/1897 1652/1906
求解的自由度数：6246。
           当前进度:   4 % - 组装稀疏模式
Memory: 1351/1897 1390/1906
           当前进度:   4 % - 组装矩阵
Memory: 1352/1897 1391/1906
找到非对称矩阵。
缩放因变量：
温度 (comp1.T2): 3e+02
NH3 panel outlet temperatures (K) (comp1.ODE1): 3e+02
已使用正交零空间函数。
           当前进度:   4 % - 约束处理
找到对称矩阵。
缩放因变量：
表面辐射度，下侧 (comp1.otl.ds_hrs.Jd_band): 1.2e+02
表面辐射度，上侧 (comp1.otl.ds_hrs.Ju_band): 1.2e+02
已使用正交零空间函数。
           当前进度:   4 % - 组装矩阵
找到对称矩阵。
指示器状态的比例：
comp1.otl.inEclipse_event: 4e+05
comp1.otl.outEclipse_event: 4e+05
Step        Time    Stepsize      Res  Jac  Sol Order Tfail NLfail   LinErr   LinRes
           当前进度:   4 % - 约束处理
Memory: 1352/1897 1392/1906
           当前进度:   4 % - 组装矩阵
Memory: 1355/1897 1394/1906
           当前进度:   4 % - 约束处理
Memory: 1361/1897 1406/1906
           当前进度:   4 % - 组装稀疏模式
Memory: 1362/1897 1407/1906
           当前进度:   4 % - 组装矩阵
Memory: 1366/1897 1411/1906
           当前进度:   4 % - 求解线性方程组
Memory: 1367/1897 1412/1906
           当前进度:   4 % - 组装矩阵
Memory: 1368/1897 1413/1906
           当前进度:   4 % - 矩阵分解
Memory: 1383/1897 1429/1906
           当前进度:   4 % - 组装矩阵
   0           0           - out   18    6   18                  0
                   Group #1:        9    3    9                     4.1e-16  1.8e-16
                   Group #2:        9    3    9                     3.1e-16  1.3e-16
指示器状态的比例：
comp1.otl.inEclipse_event: 4e+05
comp1.otl.outEclipse_event: 4e+05
           当前进度:   4 % - 组装稀疏模式
Memory: 1386/1897 1431/1906
           当前进度:   4 % - 组装矩阵
   1         120         120 out   26    8   26     1     0      0
                   Group #1:       13    4   13                     1.9e-15  1.5e-16
                   Group #2:       13    4   13                     3.3e-16  1.3e-16
           当前进度:   5 % - 组装矩阵
Memory: 1388/1897 1433/1906
           当前进度:   5 % - 组装稀疏模式
Memory: 1394/1897 1439/1906
           当前进度:   5 % - 组装矩阵
Memory: 1398/1897 1444/1906
   2         240         120 out   34   10   34     1     0      0
                   Group #1:       17    5   17                     9.7e-16  1.6e-16
                   Group #2:       17    5   17                     3.4e-16  1.4e-16
           当前进度:   6 % - 组装矩阵
Memory: 1405/1897 1450/1906
           当前进度:   6 % - 矩阵分解
Memory: 1405/1897 1451/1906
           当前进度:   6 % - 组装矩阵
   3         360         120 out   42   12   42     2     0      0
                   Group #1:       21    6   21                     8.8e-16  2.1e-16
                   Group #2:       21    6   21                     3.2e-16  1.4e-16
           当前进度:   7 % - 组装矩阵
Memory: 1407/1897 1452/1906
   4         480         120 out   50   14   50     2     0      0
                   Group #1:       25    7   25                     4.3e-16  2.9e-16
                   Group #2:       25    7   25                     3.4e-16  1.4e-16
           当前进度:   8 % - 组装矩阵
Memory: 1410/1897 1455/1906
   5         600         120 out   56   16   56     2     0      0
                   Group #1:       28    8   28                     4.3e-16  2.4e-16
                   Group #2:       28    8   28                     3.2e-16  1.3e-16
           当前进度:   9 % - 组装矩阵
Memory: 1412/1897 1458/1906
   6         720         120 out   62   18   62     2     0      0
                   Group #1:       31    9   31                     4.1e-16  2.4e-16
                   Group #2:       31    9   31                     3.5e-16  1.4e-16
-          当前进度:  10 % - 组装矩阵
Memory: 1417/1897 1462/1906
   7         840         120 out   68   20   68     2     0      0
                   Group #1:       34   10   34                     4.2e-16  2.3e-16
                   Group #2:       34   10   34                     3.2e-16  1.6e-16
-          当前进度:  11 % - 组装矩阵
Memory: 1419/1897 1465/1906
   8         960         120 out   74   22   74     2     0      0
                   Group #1:       37   11   37                       4e-16  2.6e-16
                   Group #2:       37   11   37                     2.7e-16  1.5e-16
-          当前进度:  12 % - 组装矩阵
Memory: 1422/1897 1468/1906
   9        1080         120 out   82   24   82     2     0      0
                   Group #1:       41   12   41                       4e-16    4e-16
                   Group #2:       41   12   41                     3.3e-16  1.4e-16
-          当前进度:  13 % - 组装矩阵
Memory: 1426/1897 1473/1906
  10        1200         120 out   88   26   88     2     0      0
                   Group #1:       44   13   44                       4e-16  2.2e-16
                   Group #2:       44   13   44                     2.7e-16  1.5e-16
-          当前进度:  14 % - 组装矩阵
Memory: 1429/1897 1477/1906
  11        1320         120 out   96   28   96     2     0      0
                   Group #1:       48   14   48                     4.2e-16  2.6e-16
                   Group #2:       48   14   48                     3.3e-16  1.4e-16
-          当前进度:  15 % - 组装矩阵
Memory: 1433/1897 1481/1906
  12        1440         120 out  102   30  102     2     0      0
                   Group #1:       51   15   51                     4.3e-16  2.1e-16
                   Group #2:       51   15   51                     2.8e-16  1.5e-16
-          当前进度:  16 % - 组装矩阵
Memory: 1436/1897 1484/1906
  13        1560         120 out  108   32  108     2     0      0
                   Group #1:       54   16   54                     3.8e-16  2.1e-16
                   Group #2:       54   16   54                     3.1e-16  1.6e-16
-          当前进度:  17 % - 组装矩阵
Memory: 1440/1897 1488/1906
  14        1680         120 out  114   34  114     2     0      0
                   Group #1:       57   17   57                     4.1e-16    2e-16
                   Group #2:       57   17   57                       3e-16  1.7e-16
-          当前进度:  18 % - 组装矩阵
Memory: 1443/1897 1491/1906
  15        1800         120 out  122   36  122     2     0      0
                   Group #1:       61   18   61                     4.2e-16  2.2e-16
                   Group #2:       61   18   61                     3.4e-16  1.4e-16
--         当前进度:  20 % - 组装矩阵
Memory: 1448/1897 1496/1906
  16        1920         120 out  128   38  128     2     0      0
                   Group #1:       64   19   64                     3.8e-16  1.9e-16
                   Group #2:       64   19   64                     2.7e-16  1.6e-16
--         当前进度:  21 % - 组装矩阵
Memory: 1451/1897 1498/1906
  17        2040         120 out  134   40  134     2     0      0
                   Group #1:       67   20   67                     3.8e-16  1.8e-16
                   Group #2:       67   20   67                     2.9e-16  1.8e-16
--         当前进度:  22 % - 组装矩阵
Memory: 1454/1897 1502/1906
  18        2160         120 out  140   42  140     2     0      0
                   Group #1:       70   21   70                     3.9e-16    2e-16
                   Group #2:       70   21   70                     2.5e-16  1.8e-16
--         当前进度:  23 % - 组装矩阵
Memory: 1458/1897 1506/1906
  19        2280         120 out  146   44  146     2     0      0
                   Group #1:       73   22   73                     3.5e-16  1.9e-16
                   Group #2:       73   22   73                     2.6e-16  1.9e-16
--         当前进度:  24 % - 组装矩阵
Memory: 1461/1897 1509/1906
  20        2400         120 out  152   46  152     2     0      0
                   Group #1:       76   23   76                     3.7e-16    2e-16
                   Group #2:       76   23   76                     2.4e-16  1.7e-16
--         当前进度:  25 % - 组装矩阵
Memory: 1465/1897 1513/1906
--         当前进度:  25 % - 组装稀疏模式
Memory: 1466/1897 1514/1906
--         当前进度:  25 % - 组装矩阵
  21        2520         120 out  158   48  158     2     0      0
                   Group #1:       79   24   79                     3.9e-16  2.1e-16
                   Group #2:       79   24   79                     2.7e-16  1.7e-16
--         当前进度:  26 % - 组装矩阵
Memory: 1468/1897 1516/1906
  22        2640         120 out  164   50  164     2     0      0
                   Group #1:       82   25   82                     3.9e-16  2.1e-16
                   Group #2:       82   25   82                     2.7e-16  1.6e-16
--         当前进度:  27 % - 组装矩阵
Memory: 1471/1897 1516/1906
  23        2760         120 out  170   52  170     2     0      0
                   Group #1:       85   26   85                     3.2e-16  2.1e-16
                   Group #2:       85   26   85                     2.7e-16  1.4e-16
--         当前进度:  28 % - 组装矩阵
Memory: 1475/1897 1520/1906
  24        2880         120 out  174   54  174     2     0      0
                   Group #1:       87   27   87                     3.3e-16  2.6e-16
                   Group #2:       87   27   87                     2.6e-16  1.9e-16
--         当前进度:  29 % - 组装矩阵
Memory: 1478/1897 1522/1906
  25        3000         120 out  178   56  178     2     0      0
                   Group #1:       89   28   89                     3.8e-16  2.7e-16
                   Group #2:       89   28   89                       3e-16  2.3e-16
---        当前进度:  30 % - 组装矩阵
Memory: 1480/1897 1524/1906
  26        3120         120 out  182   58  182     2     0      0
                   Group #1:       91   29   91                     3.9e-16  2.3e-16
                   Group #2:       91   29   91                     2.4e-16  1.7e-16
---        当前进度:  31 % - 组装矩阵
Memory: 1483/1897 1526/1906
  27        3240         120 out  188   60  188     2     0      0
                   Group #1:       94   30   94                     3.4e-16  1.9e-16
                   Group #2:       94   30   94                     2.4e-16  1.8e-16
---        当前进度:  32 % - 组装矩阵
Memory: 1486/1897 1529/1906
  28        3360         120 out  194   62  194     2     0      0
                   Group #1:       97   31   97                     3.5e-16  2.1e-16
                   Group #2:       97   31   97                     2.3e-16  1.6e-16
---        当前进度:  33 % - 组装矩阵
Memory: 1490/1897 1533/1906
  29        3480         120 out  200   64  200     2     0      0
                   Group #1:      100   32  100                     3.5e-16  2.1e-16
                   Group #2:      100   32  100                     2.7e-16    2e-16
---        当前进度:  34 % - 组装矩阵
Memory: 1493/1897 1536/1906
---        当前进度:  34 % - 组装稀疏模式
Memory: 1494/1897 1537/1906
---        当前进度:  34 % - 组装矩阵
  30        3600         120 out  206   66  206     2     0      0
                   Group #1:      103   33  103                     4.1e-16  2.1e-16
                   Group #2:      103   33  103                     2.8e-16  2.1e-16
---        当前进度:  35 % - 组装矩阵
Memory: 1497/1897 1540/1906
  31        3720         120 out  212   68  212     2     0      0
                   Group #1:      106   34  106                       4e-16  2.2e-16
                   Group #2:      106   34  106                     2.3e-16  1.5e-16
---        当前进度:  36 % - 组装矩阵
Memory: 1500/1897 1543/1906
  32        3840         120 out  218   70  218     2     0      0
                   Group #1:      109   35  109                     4.4e-16  2.5e-16
                   Group #2:      109   35  109                     2.7e-16  1.4e-16
---        当前进度:  37 % - 组装矩阵
Memory: 1504/1897 1546/1906
---        当前进度:  37 % - 组装稀疏模式
Memory: 1505/1897 1546/1906
---        当前进度:  37 % - 组装矩阵
  33        3960         120 out  224   72  224     2     0      0
                   Group #1:      112   36  112                       4e-16  1.9e-16
                   Group #2:      112   36  112                     2.8e-16  1.7e-16
---        当前进度:  38 % - 组装矩阵
Memory: 1508/1897 1549/1906
  34        4080         120 out  232   74  232     2     0      0
                   Group #1:      116   37  116                     3.7e-16  1.9e-16
                   Group #2:      116   37  116                     3.4e-16  1.4e-16
---        当前进度:  39 % - 组装矩阵
Memory: 1513/1897 1554/1906
  35        4200         120 out  238   76  238     2     0      0
                   Group #1:      119   38  119                     4.1e-16  2.1e-16
                   Group #2:      119   38  119                     2.7e-16  1.5e-16
----       当前进度:  40 % - 组装矩阵
Memory: 1516/1897 1556/1906
  36        4320         120 out  244   78  244     2     0      0
                   Group #1:      122   39  122                       4e-16  2.1e-16
                   Group #2:      122   39  122                     2.5e-16  1.4e-16
----       当前进度:  41 % - 组装矩阵
Memory: 1519/1897 1559/1906
  37        4440         120 out  250   80  250     2     0      0
                   Group #1:      125   40  125                     4.1e-16    2e-16
                   Group #2:      125   40  125                     2.6e-16  1.7e-16
----       当前进度:  43 % - 组装矩阵
Memory: 1523/1897 1561/1906
----       当前进度:  43 % - 组装稀疏模式
Memory: 1532/1897 1777/1906
----       当前进度:  43 % - 组装矩阵
  38        4560         120 out  258   82  258     2     0      0
                   Group #1:      129   41  129                     3.8e-16  2.3e-16
                   Group #2:      129   41  129                     3.4e-16  1.4e-16
----       当前进度:  44 % - 组装矩阵
Memory: 1540/1897 1779/1906
----       当前进度:  44 % - 求解线性方程组
Memory: 1542/1897 1780/1906
----       当前进度:  44 % - 组装矩阵
  39        4680         120 out  264   84  264     2     0      0
                   Group #1:      132   42  132                     3.6e-16  1.9e-16
                   Group #2:      132   42  132                     2.7e-16  1.5e-16
----       当前进度:  45 % - 组装矩阵
Memory: 1548/1897 1780/1906
----       当前进度:  45 % - 组装稀疏模式
Memory: 1549/1897 1780/1906
----       当前进度:  45 % - 组装矩阵
  40        4800         120 out  270   86  270     2     0      0
                   Group #1:      135   43  135                     3.7e-16  2.3e-16
                   Group #2:      135   43  135                     2.4e-16  1.4e-16
----       当前进度:  46 % - 组装矩阵
Memory: 1555/1897 1780/1906
----       当前进度:  46 % - 求解线性方程组
Memory: 1562/1897 1782/1906
----       当前进度:  46 % - 组装矩阵
  41        4920         120 out  276   88  276     2     0      0
                   Group #1:      138   44  138                     3.9e-16  2.1e-16
                   Group #2:      138   44  138                     2.2e-16  1.6e-16
----       当前进度:  47 % - 组装矩阵
Memory: 1563/1897 1782/1906
----       当前进度:  47 % - 组装稀疏模式
Memory: 1564/1897 1782/1906
----       当前进度:  47 % - 组装矩阵
  42        5040         120 out  282   90  282     2     0      0
                   Group #1:      141   45  141                     3.7e-16  2.9e-16
                   Group #2:      141   45  141                     2.9e-16  1.6e-16
----       当前进度:  48 % - 组装矩阵
Memory: 1570/1897 1783/1906
  43        5160         120 out  288   92  288     2     0      0
                   Group #1:      144   46  144                       4e-16  3.3e-16
                   Group #2:      144   46  144                     2.7e-16  1.6e-16
----       当前进度:  49 % - 组装矩阵
Memory: 1577/1897 1784/1906
  44        5280         120 out  296   94  296     2     0      0
                   Group #1:      148   47  148                       4e-16  3.7e-16
                   Group #2:      148   47  148                     3.5e-16  1.4e-16
-----      当前进度:  50 % - 组装矩阵
Memory: 1587/1897 1785/1906
  45        5400         120 out  304   96  304     2     0      0
                   Group #1:      152   48  152                     4.2e-16  3.4e-16
                   Group #2:      152   48  152                     3.4e-16  1.4e-16
-----      当前进度:  51 % - 组装矩阵
Memory: 1597/1897 1786/1906
  46        5520         120 out  310   98  310     2     0      0
                   Group #1:      155   49  155                       4e-16  3.9e-16
                   Group #2:      155   49  155                     3.1e-16  1.5e-16
-----      当前进度:  52 % - 组装矩阵
Memory: 1604/1897 1786/1906
  47        5640         120 out  316  100  316     2     0      0
                   Group #1:      158   50  158                     3.6e-16  3.7e-16
                   Group #2:      158   50  158                     2.7e-16  1.6e-16
-----      当前进度:  53 % - 组装矩阵
Memory: 1612/1897 1786/1906
-----      当前进度:  53 % - 组装稀疏模式
Memory: 1613/1897 1786/1906
-----      当前进度:  53 % - 组装矩阵
  48        5760         120 out  322  102  322     2     0      0
                   Group #1:      161   51  161                     4.1e-16  4.3e-16
                   Group #2:      161   51  161                     3.1e-16  1.5e-16
-----      当前进度:  54 % - 组装矩阵
Memory: 1620/1897 1788/1906
  49        5880         120 out  328  104  328     2     0      0
                   Group #1:      164   52  164                     4.2e-16  3.8e-16
                   Group #2:      164   52  164                     2.9e-16  1.5e-16
-----      当前进度:  55 % - 组装矩阵
Memory: 1627/1897 1788/1906
-----      当前进度:  55 % - 组装稀疏模式
Memory: 1628/1897 1788/1906
-----      当前进度:  55 % - 组装矩阵
  50        6000         120 out  334  106  334     2     0      0
                   Group #1:      167   53  167                     3.6e-16  3.1e-16
                   Group #2:      167   53  167                     2.7e-16  1.5e-16
-----      当前进度:  56 % - 组装矩阵
Memory: 1634/1897 1788/1906
  51        6120         120 out  340  108  340     2     0      0
                   Group #1:      170   54  170                     3.4e-16  2.2e-16
                   Group #2:      170   54  170                     2.6e-16  1.7e-16
-----      当前进度:  57 % - 组装矩阵
Memory: 1642/1897 1789/1906
  52        6240         120 out  346  110  346     2     0      0
                   Group #1:      173   55  173                     4.3e-16  2.5e-16
                   Group #2:      173   55  173                     2.8e-16    2e-16
-----      当前进度:  58 % - 组装矩阵
Memory: 1649/1897 1790/1906
  53        6360         120 out  352  112  352     2     0      0
                   Group #1:      176   56  176                       4e-16  2.1e-16
                   Group #2:      176   56  176                     2.7e-16  2.2e-16
-----      当前进度:  59 % - 组装矩阵
Memory: 1657/1897 1790/1906
  54        6480         120 out  358  114  358     2     0      0
                   Group #1:      179   57  179                       4e-16  1.9e-16
                   Group #2:      179   57  179                     2.4e-16  1.7e-16
------     当前进度:  60 % - 组装矩阵
Memory: 1664/1897 1791/1906
  55        6600         120 out  364  116  364     2     0      0
                   Group #1:      182   58  182                       4e-16  3.4e-16
                   Group #2:      182   58  182                     2.8e-16  1.4e-16
------     当前进度:  61 % - 组装矩阵
Memory: 1672/1897 1792/1906
  56        6720         120 out  372  118  372     2     0      0
                   Group #1:      186   59  186                     4.1e-16  3.5e-16
                   Group #2:      186   59  186                     3.4e-16  1.4e-16
------     当前进度:  62 % - 组装矩阵
Memory: 1682/1897 1793/1906
  57        6840         120 out  380  120  380     2     0      0
                   Group #1:      190   60  190                     3.7e-16  2.4e-16
                   Group #2:      190   60  190                     3.4e-16  1.4e-16
------     当前进度:  63 % - 组装矩阵
Memory: 1692/1897 1794/1906
------     当前进度:  63 % - 组装稀疏模式
Memory: 1693/1897 1794/1906
------     当前进度:  63 % - 组装矩阵
  58        6960         120 out  388  122  388     2     0      0
                   Group #1:      194   61  194                     3.9e-16  2.6e-16
                   Group #2:      194   61  194                     3.5e-16  1.4e-16
------     当前进度:  64 % - 组装矩阵
Memory: 1702/1897 1795/1906
  59        7080         120 out  394  124  394     2     0      0
                   Group #1:      197   62  197                     3.8e-16  2.9e-16
                   Group #2:      197   62  197                       3e-16  1.4e-16
------     当前进度:  66 % - 组装矩阵
Memory: 1709/1897 1796/1906
------     当前进度:  66 % - 求解线性方程组
Memory: 1714/1897 1797/1906
------     当前进度:  66 % - 组装矩阵
  60        7200         120 out  400  126  400     2     0      0
                   Group #1:      200   63  200                       4e-16    2e-16
                   Group #2:      200   63  200                     2.9e-16  1.4e-16
------     当前进度:  67 % - 组装矩阵
Memory: 1717/1897 1797/1906
  61        7320         120 out  408  128  408     2     0      0
                   Group #1:      204   64  204                     4.2e-16  2.2e-16
                   Group #2:      204   64  204                     3.4e-16  1.5e-16
------     当前进度:  68 % - 组装矩阵
Memory: 1728/1897 1798/1906
  62        7440         120 out  414  130  414     2     0      0
                   Group #1:      207   65  207                     4.4e-16  2.3e-16
                   Group #2:      207   65  207                     2.9e-16  1.5e-16
------     当前进度:  69 % - 组装矩阵
Memory: 1736/1897 1800/1906
  63        7560         120 out  420  132  420     2     0      0
                   Group #1:      210   66  210                     3.7e-16  2.1e-16
                   Group #2:      210   66  210                     2.8e-16  1.5e-16
-------    当前进度:  70 % - 组装矩阵
Memory: 1745/1897 1801/1906
  64        7680         120 out  426  134  426     2     0      0
                   Group #1:      213   67  213                     3.5e-16  1.8e-16
                   Group #2:      213   67  213                     2.6e-16  1.7e-16
-------    当前进度:  71 % - 组装矩阵
Memory: 1753/1897 1802/1906
  65        7800         120 out  432  136  432     2     0      0
                   Group #1:      216   68  216                     3.6e-16  2.1e-16
                   Group #2:      216   68  216                     2.8e-16  1.9e-16
-------    当前进度:  72 % - 组装矩阵
Memory: 1762/1897 1805/1906
-------    当前进度:  72 % - 组装稀疏模式
Memory: 1763/1897 1805/1906
-------    当前进度:  72 % - 组装矩阵
  66        7920         120 out  438  138  438     2     0      0
                   Group #1:      219   69  219                     3.5e-16  1.9e-16
                   Group #2:      219   69  219                     2.6e-16    2e-16
-------    当前进度:  73 % - 组装矩阵
Memory: 1771/1897 1807/1906
  67        8040         120 out  444  140  444     2     0      0
                   Group #1:      222   70  222                       4e-16  2.3e-16
                   Group #2:      222   70  222                     2.7e-16  1.6e-16
-------    当前进度:  74 % - 组装矩阵
Memory: 1779/1897 1809/1906
  68        8160         120 out  450  142  450     2     0      0
                   Group #1:      225   71  225                     3.6e-16    2e-16
                   Group #2:      225   71  225                     2.6e-16  1.6e-16
-------    当前进度:  75 % - 组装矩阵
Memory: 1782/1897 1810/1906
  69        8280         120 out  456  144  456     2     0      0
                   Group #1:      228   72  228                     3.3e-16  1.9e-16
                   Group #2:      228   72  228                     2.6e-16  1.4e-16
-------    当前进度:  76 % - 组装矩阵
Memory: 1784/1897 1812/1906
  70        8400         120 out  460  146  460     2     0      0
                   Group #1:      230   73  230                     3.6e-16  2.6e-16
                   Group #2:      230   73  230                     2.5e-16  1.7e-16
-------    当前进度:  77 % - 组装矩阵
Memory: 1786/1897 1814/1906
  71        8520         120 out  462  148  462     2     0      0
                   Group #1:      231   74  231                     3.3e-16  2.1e-16
                   Group #2:      231   74  231                     2.2e-16  1.6e-16
-------    当前进度:  78 % - 组装矩阵
Memory: 1787/1897 1815/1906
  72        8640         120 out  466  150  466     2     0      0
                   Group #1:      233   75  233                     3.7e-16  2.2e-16
                   Group #2:      233   75  233                     2.3e-16  1.5e-16
-------    当前进度:  79 % - 组装矩阵
Memory: 1788/1897 1816/1906
  73        8760         120 out  472  152  472     2     0      0
                   Group #1:      236   76  236                     3.7e-16  2.1e-16
                   Group #2:      236   76  236                     2.5e-16  1.5e-16
--------   当前进度:  80 % - 组装矩阵
Memory: 1790/1897 1818/1906
  74        8880         120 out  478  154  478     2     0      0
                   Group #1:      239   77  239                     3.6e-16  2.2e-16
                   Group #2:      239   77  239                     2.2e-16  1.3e-16
--------   当前进度:  81 % - 组装矩阵
Memory: 1793/1897 1820/1906
--------   当前进度:  81 % - 组装稀疏模式
--------   当前进度:  81 % - 组装矩阵
  75        9000         120 out  484  156  484     2     0      0
                   Group #1:      242   78  242                     3.6e-16  2.3e-16
                   Group #2:      242   78  242                     2.4e-16  1.7e-16
--------   当前进度:  82 % - 组装矩阵
Memory: 1795/1897 1822/1906
  76        9120         120 out  490  158  490     2     0      0
                   Group #1:      245   79  245                     3.5e-16    2e-16
                   Group #2:      245   79  245                     2.6e-16  2.2e-16
--------   当前进度:  83 % - 组装矩阵
Memory: 1798/1897 1824/1906
  77        9240         120 out  496  160  496     2     0      0
                   Group #1:      248   80  248                     3.7e-16    2e-16
                   Group #2:      248   80  248                     2.3e-16  1.7e-16
--------   当前进度:  84 % - 组装矩阵
Memory: 1802/1897 1826/1906
  78        9360         120 out  502  162  502     2     0      0
                   Group #1:      251   81  251                     3.9e-16  2.8e-16
                   Group #2:      251   81  251                     2.7e-16  1.4e-16
--------   当前进度:  85 % - 组装矩阵
Memory: 1805/1897 1827/1906
  79        9480         120 out  508  164  508     2     0      0
                   Group #1:      254   82  254                     3.6e-16  1.9e-16
                   Group #2:      254   82  254                     2.5e-16  1.5e-16
--------   当前进度:  86 % - 组装矩阵
Memory: 1809/1897 1831/1906
  80        9600         120 out  514  166  514     2     0      0
                   Group #1:      257   83  257                     4.1e-16  2.1e-16
                   Group #2:      257   83  257                     2.8e-16  1.7e-16
--------   当前进度:  87 % - 组装矩阵
Memory: 1813/1897 1834/1906
  81        9720         120 out  522  168  522     2     0      0
                   Group #1:      261   84  261                     4.1e-16  2.4e-16
                   Group #2:      261   84  261                     3.4e-16  1.4e-16
--------   当前进度:  89 % - 组装矩阵
Memory: 1817/1897 1835/1906
  82        9840         120 out  528  170  528     2     0      0
                   Group #1:      264   85  264                       4e-16    3e-16
                   Group #2:      264   85  264                     3.1e-16  1.5e-16
---------  当前进度:  90 % - 
Memory: 1820/1897 1835/1906
---------  当前进度:  90 % - 组装矩阵
Memory: 1821/1897 1836/1906
  83        9960         120 out  534  172  534     2     0      0
                   Group #1:      267   86  267                     3.8e-16    2e-16
                   Group #2:      267   86  267                     2.6e-16  1.4e-16
---------  当前进度:  91 % - 组装矩阵
Memory: 1825/1897 1839/1906
  84       10080         120 out  542  174  542     2     0      0
                   Group #1:      271   87  271                     3.8e-16  2.2e-16
                   Group #2:      271   87  271                     3.3e-16  1.3e-16
---------  当前进度:  92 % - 组装矩阵
Memory: 1830/1897 1843/1906
  85       10200         120 out  550  176  550     2     0      0
                   Group #1:      275   88  275                     3.9e-16    3e-16
                   Group #2:      275   88  275                     3.3e-16  1.4e-16
---------  当前进度:  93 % - 组装矩阵
Memory: 1834/1897 1848/1906
  86       10320         120 out  558  178  558     2     0      0
                   Group #1:      279   89  279                       4e-16  3.3e-16
                   Group #2:      279   89  279                     3.3e-16  1.4e-16
---------  当前进度:  94 % - 组装矩阵
Memory: 1839/1897 1853/1906
  87       10440         120 out  566  180  566     2     0      0
                   Group #1:      283   90  283                     4.1e-16  3.2e-16
                   Group #2:      283   90  283                     3.4e-16  1.4e-16
---------  当前进度:  95 % - 组装矩阵
Memory: 1844/1897 1858/1906
  88       10560         120 out  572  182  572     2     0      0
                   Group #1:      286   91  286                     3.7e-16  2.1e-16
                   Group #2:      286   91  286                     2.7e-16  1.9e-16
---------  当前进度:  96 % - 组装矩阵
Memory: 1848/1897 1862/1906
  89       10680         120 out  578  184  578     2     0      0
                   Group #1:      289   92  289                     4.1e-16  2.6e-16
                   Group #2:      289   92  289                     2.8e-16  2.1e-16
---------  当前进度:  97 % - 组装矩阵
Memory: 1851/1897 1865/1906
  90       10800         120 out  586  186  586     2     0      0
                   Group #1:      293   93  293                     3.7e-16  3.4e-16
                   Group #2:      293   93  293                     3.4e-16  1.5e-16
---------  当前进度:  98 % - 组装矩阵
Memory: 1857/1897 1871/1906
  91       10920         120 out  594  188  594     2     0      0
                   Group #1:      297   94  297                       4e-16  3.6e-16
                   Group #2:      297   94  297                     3.3e-16  1.3e-16
---------  当前进度:  99 % - 组装矩阵
Memory: 1861/1897 1876/1906
---------  当前进度:  99 % - 组装稀疏模式
---------  当前进度:  99 % - 组装矩阵
  92       11040         120 out  600  190  600     2     0      0
                   Group #1:      300   95  300                     3.8e-16  2.4e-16
                   Group #2:      300   95  300                     2.6e-16  1.5e-16
时间步进已完成。
---------- 当前进度: 100 % - 
Memory: 1865/1897 1879/1906
求解时间：884 s。 （14 分钟，44 秒）
物理内存: 1.87 GB
虚拟内存: 1.88 GB
结束时间：2026年9月30日 上午6:50:34。
----- O: orbital transient, 2.0 orbits/解 4 (sol4) 中的“瞬态求解器 2” ----------------->
           当前进度:   0 % - 
Memory: 1708/1897 1719/1906
---------- 当前进度: 100 % - 计算
           当前进度:   0 % - 
Memory: 1709/1897 1719/1906
---------- 当前进度: 100 % - 计算
           当前进度:   0 % - 
Memory: 1738/1897 1749/1906
---------- 当前进度: 100 % - 计算
           当前进度:   0 % - 
Memory: 1739/1897 1749/1906
---------- 当前进度: 100 % - 计算
Memory: 1742/1897 1753/1906
           当前进度:   0 % - 
Memory: 1740/1897 1751/1906
---------- 当前进度: 100 % - 计算
           当前进度:   0 % - 
Memory: 1777/1897 1789/1906
---------- 当前进度: 100 % - 计算
           当前进度:   0 % - 
Memory: 1778/1897 1789/1906
---------- 当前进度: 100 % - 计算
Memory: 1778/1897 1791/1906
<---- O: orbital transient, 2.0 orbits/解 4 (sol4) 中的“编译方程: 轨道温度” ---------------
开始于 2026年9月30日 上午6:50:37。
几何形函数: 二次拉格朗日单元
几何形函数: 二次拉格朗日单元
在 AMD64 Family 25 Model 117 Stepping 2, AuthenticAMD 上运行。
在以下位置使用 1 个插槽： MarkLiu 上（共 1 个内核）。
可用内存：32.38 GB。
           当前进度:   0 % - 生成方程
Memory: 1778/1897 1789/1906
在 AMD64 Family 25 Model 117 Stepping 2, AuthenticAMD 上运行。
在以下位置使用 1 个插槽： MarkLiu 上（共 1 个内核）。
可用内存：32.38 GB。
           当前进度:   2 % - 编译方程: 轨道温度
Memory: 1805/1897 1816/1906
           当前进度:   2 % - 正在创建可视化网格
Memory: 1862/1897 1874/1906
时间：3。
物理内存: 1.87 GB
虚拟内存: 1.88 GB
结束时间：2026年9月30日 上午6:50:40。
----- O: orbital transient, 2.0 orbits/解 4 (sol4) 中的“编译方程: 轨道温度” -------------->
<---- O: orbital transient, 2.0 orbits/解 4 (sol4) 中的“因变量 2” --------------------
开始于 2026年9月30日 上午6:50:40。
待求解变量的初始值: 解 4 (sol4), 解存储 2 (sol5), t=11040 s [自动（单一解）].
不求解变量的值: 解 4 (sol4), 解存储 2 (sol5), t=11040 s [自动（单一解）].
           当前进度:   2 % - 因变量 2
Memory: 1865/1897 1876/1906
求解时间：0 s。
物理内存: 1.87 GB
虚拟内存: 1.88 GB
结束时间：2026年9月30日 上午6:50:40。
----- O: orbital transient, 2.0 orbits/解 4 (sol4) 中的“因变量 2” ------------------->
<---- O: orbital transient, 2.0 orbits/解 4 (sol4) 中的“瞬态求解器 2” ------------------
开始于 2026年9月30日 上午6:50:41。
瞬态求解器 (BDF)
           当前进度:   4 % - 瞬态求解器 2
Memory: 1700/1897 1710/1906
求解的自由度数：6246。
           当前进度:   4 % - 组装稀疏模式
Memory: 1375/1897 1401/1906
           当前进度:   4 % - 组装矩阵
Memory: 1376/1897 1402/1906
找到非对称矩阵。
缩放因变量：
温度 (comp1.T2): 3e+02
NH3 panel outlet temperatures (K) (comp1.ODE1): 3e+02
已使用正交零空间函数。
           当前进度:   4 % - 约束处理
Memory: 1350/1897 1393/1906
找到对称矩阵。
缩放因变量：
表面辐射度，下侧 (comp1.otl.ds_hrs.Jd_band): 1.2e+02
表面辐射度，上侧 (comp1.otl.ds_hrs.Ju_band): 1.2e+02
已使用正交零空间函数。
找到对称矩阵。
           当前进度:   4 % - 组装矩阵
Memory: 1351/1897 1394/1906
指示器状态的比例：
comp1.otl.inEclipse_event: 4e+05
comp1.otl.outEclipse_event: 4e+05
Step        Time    Stepsize      Res  Jac  Sol Order Tfail NLfail   LinErr   LinRes
           当前进度:   4 % - 约束处理
           当前进度:   4 % - 组装矩阵
Memory: 1353/1897 1396/1906
           当前进度:   4 % - 约束处理
Memory: 1359/1897 1402/1906
           当前进度:   4 % - 组装稀疏模式
Memory: 1361/1897 1404/1906
           当前进度:   4 % - 组装矩阵
Memory: 1366/1897 1408/1906
           当前进度:   4 % - 矩阵分解
Memory: 1368/1897 1410/1906
           当前进度:   4 % - 组装矩阵
   0           0           - out   18    6   18                  0
                   Group #1:        9    3    9                     4.1e-16  1.8e-16
                   Group #2:        9    3    9                     3.4e-16  1.3e-16
指示器状态的比例：
comp1.otl.inEclipse_event: 4e+05
comp1.otl.outEclipse_event: 4e+05
   1         120         120 out   26    8   26     1     0      0
                   Group #1:       13    4   13                     2.1e-15  1.5e-16
                   Group #2:       13    4   13                     3.4e-16  1.3e-16
           当前进度:   5 % - 组装矩阵
Memory: 1386/1897 1428/1906
           当前进度:   5 % - 组装稀疏模式
Memory: 1392/1897 1433/1906
           当前进度:   5 % - 组装矩阵
Memory: 1398/1897 1439/1906
           当前进度:   5 % - 求解线性方程组
           当前进度:   5 % - 组装矩阵
Memory: 1399/1897 1440/1906
   2         240         120 out   34   10   34     1     0      0
                   Group #1:       17    5   17                     8.5e-16  1.7e-16
                   Group #2:       17    5   17                     3.6e-16  1.4e-16
           当前进度:   6 % - 组装矩阵
Memory: 1407/1897 1449/1906
   3         360         120 out   42   12   42     2     0      0
                   Group #1:       21    6   21                     8.6e-16  2.7e-16
                   Group #2:       21    6   21                     3.3e-16  1.4e-16
           当前进度:   7 % - 组装矩阵
Memory: 1410/1897 1452/1906
   4         480         120 out   50   14   50     2     0      0
                   Group #1:       25    7   25                     4.2e-16  3.2e-16
                   Group #2:       25    7   25                     3.3e-16  1.4e-16
           当前进度:   8 % - 组装矩阵
Memory: 1414/1897 1456/1906
           当前进度:   8 % - 求解线性方程组
Memory: 1416/1897 1458/1906
           当前进度:   8 % - 组装矩阵
   5         600         120 out   56   16   56     2     0      0
                   Group #1:       28    8   28                     4.4e-16  2.4e-16
                   Group #2:       28    8   28                     3.3e-16  1.4e-16
           当前进度:   9 % - 组装矩阵
   6         720         120 out   62   18   62     2     0      0
                   Group #1:       31    9   31                     4.1e-16  2.3e-16
                   Group #2:       31    9   31                     3.3e-16  1.4e-16
-          当前进度:  10 % - 组装矩阵
Memory: 1419/1897 1461/1906
   7         840         120 out   68   20   68     2     0      0
                   Group #1:       34   10   34                       4e-16  2.2e-16
                   Group #2:       34   10   34                     3.1e-16  1.5e-16
-          当前进度:  11 % - 组装矩阵
Memory: 1422/1897 1464/1906
   8         960         120 out   74   22   74     2     0      0
                   Group #1:       37   11   37                       4e-16  2.7e-16
                   Group #2:       37   11   37                     2.8e-16  1.5e-16
-          当前进度:  12 % - 组装矩阵
Memory: 1424/1897 1466/1906
   9        1080         120 out   82   24   82     2     0      0
                   Group #1:       41   12   41                     4.2e-16  4.2e-16
                   Group #2:       41   12   41                     3.4e-16  1.4e-16
-          当前进度:  13 % - 组装矩阵
Memory: 1428/1897 1470/1906
  10        1200         120 out   88   26   88     2     0      0
                   Group #1:       44   13   44                     3.8e-16  2.2e-16
                   Group #2:       44   13   44                     2.8e-16  1.4e-16
-          当前进度:  14 % - 组装矩阵
Memory: 1432/1897 1475/1906
  11        1320         120 out   96   28   96     2     0      0
                   Group #1:       48   14   48                     4.2e-16  2.9e-16
                   Group #2:       48   14   48                     3.3e-16  1.4e-16
-          当前进度:  15 % - 组装矩阵
Memory: 1437/1897 1479/1906
  12        1440         120 out  102   30  102     2     0      0
                   Group #1:       51   15   51                     3.8e-16    2e-16
                   Group #2:       51   15   51                     3.2e-16  1.6e-16
-          当前进度:  16 % - 组装矩阵
Memory: 1440/1897 1484/1906
  13        1560         120 out  108   32  108     2     0      0
                   Group #1:       54   16   54                       4e-16  2.2e-16
                   Group #2:       54   16   54                       3e-16  1.5e-16
-          当前进度:  17 % - 组装矩阵
Memory: 1443/1897 1487/1906
  14        1680         120 out  114   34  114     2     0      0
                   Group #1:       57   17   57                     3.8e-16    2e-16
                   Group #2:       57   17   57                     2.9e-16  1.6e-16
-          当前进度:  18 % - 组装矩阵
Memory: 1447/1897 1491/1906
  15        1800         120 out  122   36  122     2     0      0
                   Group #1:       61   18   61                       4e-16    2e-16
                   Group #2:       61   18   61                     3.3e-16  1.4e-16
--         当前进度:  20 % - 组装矩阵
Memory: 1452/1897 1495/1906
  16        1920         120 out  128   38  128     2     0      0
                   Group #1:       64   19   64                     3.8e-16    2e-16
                   Group #2:       64   19   64                     2.6e-16  1.5e-16
--         当前进度:  21 % - 组装矩阵
Memory: 1455/1897 1498/1906
  17        2040         120 out  134   40  134     2     0      0
                   Group #1:       67   20   67                     3.6e-16  1.8e-16
                   Group #2:       67   20   67                       3e-16  1.7e-16
--         当前进度:  22 % - 组装矩阵
Memory: 1459/1897 1501/1906
--         当前进度:  22 % - 组装稀疏模式
Memory: 1459/1897 1502/1906
--         当前进度:  22 % - 组装矩阵
  18        2160         120 out  140   42  140     2     0      0
                   Group #1:       70   21   70                       4e-16    2e-16
                   Group #2:       70   21   70                     2.7e-16  1.9e-16
--         当前进度:  23 % - 组装矩阵
Memory: 1462/1897 1505/1906
  19        2280         120 out  146   44  146     2     0      0
                   Group #1:       73   22   73                     3.2e-16  1.9e-16
                   Group #2:       73   22   73                       3e-16  2.1e-16
--         当前进度:  24 % - 组装矩阵
Memory: 1465/1897 1508/1906
  20        2400         120 out  152   46  152     2     0      0
                   Group #1:       76   23   76                     3.5e-16    2e-16
                   Group #2:       76   23   76                     2.6e-16  1.8e-16
--         当前进度:  25 % - 组装矩阵
Memory: 1469/1897 1512/1906
  21        2520         120 out  158   48  158     2     0      0
                   Group #1:       79   24   79                     3.9e-16  2.2e-16
                   Group #2:       79   24   79                     2.2e-16  1.4e-16
--         当前进度:  26 % - 组装矩阵
Memory: 1473/1897 1515/1906
--         当前进度:  26 % - 组装稀疏模式
Memory: 1474/1897 1515/1906
--         当前进度:  26 % - 组装矩阵
  22        2640         120 out  164   50  164     2     0      0
                   Group #1:       82   25   82                     3.6e-16    2e-16
                   Group #2:       82   25   82                     2.4e-16  1.5e-16
--         当前进度:  27 % - 组装矩阵
Memory: 1476/1897 1517/1906
  23        2760         120 out  168   52  168     2     0      0
                   Group #1:       84   26   84                     3.4e-16  2.1e-16
                   Group #2:       84   26   84                     2.4e-16  1.9e-16
--         当前进度:  28 % - 组装矩阵
Memory: 1479/1897 1520/1906
  24        2880         120 out  172   54  172     2     0      0
                   Group #1:       86   27   86                     3.2e-16  2.3e-16
                   Group #2:       86   27   86                     2.1e-16  1.5e-16
--         当前进度:  29 % - 组装矩阵
Memory: 1481/1897 1522/1906
  25        3000         120 out  176   56  176     2     0      0
                   Group #1:       88   28   88                     3.2e-16  2.5e-16
                   Group #2:       88   28   88                     1.9e-16  1.6e-16
---        当前进度:  30 % - 组装矩阵
Memory: 1484/1897 1525/1906
  26        3120         120 out  180   58  180     2     0      0
                   Group #1:       90   29   90                     3.7e-16  2.2e-16
                   Group #2:       90   29   90                     2.4e-16  1.6e-16
---        当前进度:  31 % - 组装矩阵
Memory: 1487/1897 1528/1906
  27        3240         120 out  186   60  186     2     0      0
                   Group #1:       93   30   93                     3.9e-16  2.1e-16
                   Group #2:       93   30   93                     2.2e-16  1.7e-16
---        当前进度:  32 % - 组装矩阵
Memory: 1491/1897 1532/1906
  28        3360         120 out  192   62  192     2     0      0
                   Group #1:       96   31   96                     3.5e-16  2.2e-16
                   Group #2:       96   31   96                     2.3e-16  1.6e-16
---        当前进度:  33 % - 组装矩阵
Memory: 1494/1897 1535/1906
  29        3480         120 out  198   64  198     2     0      0
                   Group #1:       99   32   99                     3.3e-16    2e-16
                   Group #2:       99   32   99                     2.7e-16  1.8e-16
---        当前进度:  34 % - 组装矩阵
Memory: 1497/1897 1537/1906
  30        3600         120 out  204   66  204     2     0      0
                   Group #1:      102   33  102                     4.3e-16  2.1e-16
                   Group #2:      102   33  102                     2.6e-16  1.9e-16
---        当前进度:  35 % - 组装矩阵
Memory: 1501/1897 1541/1906
  31        3720         120 out  210   68  210     2     0      0
                   Group #1:      105   34  105                       4e-16  2.1e-16
                   Group #2:      105   34  105                     2.5e-16  1.5e-16
---        当前进度:  36 % - 组装矩阵
Memory: 1505/1897 1545/1906
  32        3840         120 out  216   70  216     2     0      0
                   Group #1:      108   35  108                     3.9e-16  2.4e-16
                   Group #2:      108   35  108                     2.7e-16  1.4e-16
---        当前进度:  37 % - 组装矩阵
Memory: 1508/1897 1548/1906
  33        3960         120 out  222   72  222     2     0      0
                   Group #1:      111   36  111                     3.8e-16    2e-16
                   Group #2:      111   36  111                     2.7e-16  1.7e-16
---        当前进度:  38 % - 组装矩阵
Memory: 1512/1897 1551/1906
---        当前进度:  38 % - 求解线性方程组
Memory: 1517/1897 1556/1906
---        当前进度:  38 % - 组装矩阵
  34        4080         120 out  230   74  230     2     0      0
                   Group #1:      115   37  115                     3.8e-16  1.9e-16
                   Group #2:      115   37  115                     3.3e-16  1.4e-16
---        当前进度:  39 % - 组装矩阵
Memory: 1517/1897 1557/1906
  35        4200         120 out  236   76  236     2     0      0
                   Group #1:      118   38  118                     4.2e-16    2e-16
                   Group #2:      118   38  118                     2.7e-16  1.5e-16
----       当前进度:  40 % - 组装矩阵
Memory: 1521/1897 1560/1906
----       当前进度:  40 % - 求解线性方程组
Memory: 1524/1897 1563/1906
----       当前进度:  40 % - 组装矩阵
----       当前进度:  40 % - 求解线性方程组
  36        4320         120 out  242   78  242     2     0      0
                   Group #1:      121   39  121                       4e-16  2.1e-16
                   Group #2:      121   39  121                     2.5e-16  1.4e-16
----       当前进度:  41 % - 组装矩阵
Memory: 1525/1897 1563/1906
  37        4440         120 out  248   80  248     2     0      0
                   Group #1:      124   40  124                     3.8e-16    2e-16
                   Group #2:      124   40  124                     2.8e-16  1.8e-16
----       当前进度:  43 % - 组装矩阵
Memory: 1528/1897 1565/1906
  38        4560         120 out  256   82  256     2     0      0
                   Group #1:      128   41  128                       4e-16  2.4e-16
                   Group #2:      128   41  128                     3.1e-16  1.3e-16
----       当前进度:  44 % - 组装矩阵
Memory: 1533/1897 1570/1906
  39        4680         120 out  262   84  262     2     0      0
                   Group #1:      131   42  131                     3.7e-16    2e-16
                   Group #2:      131   42  131                     2.7e-16  1.5e-16
----       当前进度:  45 % - 组装矩阵
Memory: 1536/1897 1574/1906
----       当前进度:  45 % - 组装稀疏模式
----       当前进度:  45 % - 组装矩阵
  40        4800         120 out  268   86  268     2     0      0
                   Group #1:      134   43  134                     3.4e-16  2.1e-16
                   Group #2:      134   43  134                     2.4e-16  1.4e-16
----       当前进度:  46 % - 组装矩阵
Memory: 1540/1897 1577/1906
  41        4920         120 out  274   88  274     2     0      0
                   Group #1:      137   44  137                     3.7e-16    2e-16
                   Group #2:      137   44  137                     2.4e-16  1.8e-16
----       当前进度:  47 % - 组装矩阵
Memory: 1543/1897 1580/1906
  42        5040         120 out  280   90  280     2     0      0
                   Group #1:      140   45  140                     3.9e-16  2.9e-16
                   Group #2:      140   45  140                     2.8e-16  1.6e-16
----       当前进度:  48 % - 组装矩阵
Memory: 1546/1897 1583/1906
  43        5160         120 out  286   92  286     2     0      0
                   Group #1:      143   46  143                     3.7e-16  3.1e-16
                   Group #2:      143   46  143                     2.8e-16  1.6e-16
----       当前进度:  49 % - 组装矩阵
Memory: 1551/1897 1586/1906
  44        5280         120 out  294   94  294     2     0      0
                   Group #1:      147   47  147                       4e-16  3.8e-16
                   Group #2:      147   47  147                     3.3e-16  1.4e-16
-----      当前进度:  50 % - 组装矩阵
  45        5400         120 out  302   96  302     2     0      0
                   Group #1:      151   48  151                     3.8e-16  3.5e-16
                   Group #2:      151   48  151                     3.3e-16  1.4e-16
-----      当前进度:  51 % - 组装矩阵
Memory: 1553/1897 1587/1906
  46        5520         120 out  308   98  308     2     0      0
                   Group #1:      154   49  154                     3.9e-16  3.7e-16
                   Group #2:      154   49  154                     3.3e-16  1.5e-16
-----      当前进度:  52 % - 组装矩阵
  47        5640         120 out  314  100  314     2     0      0
                   Group #1:      157   50  157                     3.5e-16  3.6e-16
                   Group #2:      157   50  157                     2.7e-16  1.5e-16
-----      当前进度:  53 % - 组装矩阵
Memory: 1554/1897 1588/1906
-----      当前进度:  53 % - 求解线性方程组
-----      当前进度:  53 % - 组装矩阵
  48        5760         120 out  320  102  320     2     0      0
                   Group #1:      160   51  160                       4e-16  4.1e-16
                   Group #2:      160   51  160                       3e-16  1.5e-16
-----      当前进度:  54 % - 组装矩阵
  49        5880         120 out  326  104  326     2     0      0
                   Group #1:      163   52  163                     3.9e-16  3.5e-16
                   Group #2:      163   52  163                     2.7e-16  1.4e-16
-----      当前进度:  55 % - 
Memory: 1555/1897 1589/1906
-----      当前进度:  55 % - 组装矩阵
  50        6000         120 out  332  106  332     2     0      0
                   Group #1:      166   53  166                     3.6e-16  2.9e-16
                   Group #2:      166   53  166                     2.7e-16  1.5e-16
-----      当前进度:  56 % - 组装矩阵
Memory: 1556/1897 1590/1906
  51        6120         120 out  338  108  338     2     0      0
                   Group #1:      169   54  169                     3.1e-16  2.2e-16
                   Group #2:      169   54  169                     2.3e-16  1.6e-16
-----      当前进度:  57 % - 组装矩阵
Memory: 1557/1897 1590/1906
-----      当前进度:  57 % - 求解线性方程组
Memory: 1558/1897 1591/1906
-----      当前进度:  57 % - 组装矩阵
  52        6240         120 out  344  110  344     2     0      0
                   Group #1:      172   55  172                     3.3e-16  2.1e-16
                   Group #2:      172   55  172                     2.5e-16    2e-16
-----      当前进度:  58 % - 组装矩阵
Memory: 1559/1897 1591/1906
-----      当前进度:  58 % - 组装稀疏模式
-----      当前进度:  58 % - 组装矩阵
  53        6360         120 out  350  112  350     2     0      0
                   Group #1:      175   56  175                     3.9e-16  2.1e-16
                   Group #2:      175   56  175                     2.5e-16  2.1e-16
-----      当前进度:  59 % - 组装矩阵
Memory: 1560/1897 1592/1906
  54        6480         120 out  356  114  356     2     0      0
                   Group #1:      178   57  178                     3.7e-16  1.9e-16
                   Group #2:      178   57  178                     2.8e-16  1.8e-16
------     当前进度:  60 % - 组装矩阵
Memory: 1561/1897 1593/1906
  55        6600         120 out  362  116  362     2     0      0
                   Group #1:      181   58  181                     3.8e-16  3.2e-16
                   Group #2:      181   58  181                     2.7e-16  1.3e-16
------     当前进度:  61 % - 组装矩阵
Memory: 1563/1897 1594/1906
------     当前进度:  61 % - 组装稀疏模式
------     当前进度:  61 % - 组装矩阵
  56        6720         120 out  370  118  370     2     0      0
                   Group #1:      185   59  185                       4e-16  3.6e-16
                   Group #2:      185   59  185                     3.3e-16  1.3e-16
------     当前进度:  62 % - 组装矩阵
Memory: 1564/1897 1596/1906
  57        6840         120 out  378  120  378     2     0      0
                   Group #1:      189   60  189                     4.3e-16  2.4e-16
                   Group #2:      189   60  189                     3.5e-16  1.4e-16
------     当前进度:  63 % - 组装矩阵
Memory: 1565/1897 1597/1906
  58        6960         120 out  386  122  386     2     0      0
                   Group #1:      193   61  193                     3.9e-16  2.5e-16
                   Group #2:      193   61  193                     3.4e-16  1.4e-16
------     当前进度:  64 % - 组装矩阵
Memory: 1567/1897 1598/1906
  59        7080         120 out  392  124  392     2     0      0
                   Group #1:      196   62  196                     4.1e-16  2.9e-16
                   Group #2:      196   62  196                     3.1e-16  1.5e-16
------     当前进度:  66 % - 组装矩阵
Memory: 1568/1897 1599/1906
  60        7200         120 out  398  126  398     2     0      0
                   Group #1:      199   63  199                     3.8e-16    2e-16
                   Group #2:      199   63  199                     3.2e-16  1.6e-16
------     当前进度:  67 % - 组装矩阵
Memory: 1569/1897 1600/1906
------     当前进度:  67 % - 组装稀疏模式
------     当前进度:  67 % - 组装矩阵
  61        7320         120 out  406  128  406     2     0      0
                   Group #1:      203   64  203                     4.3e-16  2.1e-16
                   Group #2:      203   64  203                     3.2e-16  1.4e-16
------     当前进度:  68 % - 组装矩阵
Memory: 1570/1897 1601/1906
  62        7440         120 out  412  130  412     2     0      0
                   Group #1:      206   65  206                       4e-16  2.1e-16
                   Group #2:      206   65  206                       3e-16  1.5e-16
------     当前进度:  69 % - 组装矩阵
Memory: 1571/1897 1602/1906
  63        7560         120 out  418  132  418     2     0      0
                   Group #1:      209   66  209                     3.7e-16    2e-16
                   Group #2:      209   66  209                     2.6e-16  1.5e-16
-------    当前进度:  70 % - 组装矩阵
Memory: 1573/1897 1602/1906
  64        7680         120 out  424  134  424     2     0      0
                   Group #1:      212   67  212                     3.2e-16  1.7e-16
                   Group #2:      212   67  212                     2.5e-16  1.6e-16
-------    当前进度:  71 % - 组装矩阵
Memory: 1574/1897 1603/1906
-------    当前进度:  71 % - 矩阵分解
Memory: 1574/1897 1604/1906
-------    当前进度:  71 % - 组装矩阵
  65        7800         120 out  430  136  430     2     0      0
                   Group #1:      215   68  215                     3.3e-16  1.8e-16
                   Group #2:      215   68  215                     2.9e-16    2e-16
-------    当前进度:  72 % - 组装矩阵
Memory: 1575/1897 1604/1906
-------    当前进度:  72 % - 组装稀疏模式
-------    当前进度:  72 % - 组装矩阵
  66        7920         120 out  436  138  436     2     0      0
                   Group #1:      218   69  218                     3.5e-16    2e-16
                   Group #2:      218   69  218                     2.6e-16  1.9e-16
-------    当前进度:  73 % - 组装矩阵
Memory: 1576/1897 1605/1906
  67        8040         120 out  442  140  442     2     0      0
                   Group #1:      221   70  221                     4.2e-16  2.3e-16
                   Group #2:      221   70  221                     2.6e-16  1.5e-16
-------    当前进度:  74 % - 组装矩阵
Memory: 1577/1897 1607/1906
  68        8160         120 out  448  142  448     2     0      0
                   Group #1:      224   71  224                     3.5e-16  2.1e-16
                   Group #2:      224   71  224                     2.5e-16  1.6e-16
-------    当前进度:  75 % - 组装矩阵
Memory: 1579/1897 1608/1906
  69        8280         120 out  454  144  454     2     0      0
                   Group #1:      227   72  227                     3.7e-16    2e-16
                   Group #2:      227   72  227                     2.5e-16  1.4e-16
-------    当前进度:  76 % - 组装矩阵
Memory: 1580/1897 1609/1906
  70        8400         120 out  458  146  458     2     0      0
                   Group #1:      229   73  229                     3.5e-16  2.3e-16
                   Group #2:      229   73  229                     2.5e-16  1.7e-16
-------    当前进度:  77 % - 组装矩阵
  71        8520         120 out  460  148  460     2     0      0
                   Group #1:      230   74  230                     3.1e-16    2e-16
                   Group #2:      230   74  230                     2.3e-16  1.8e-16
-------    当前进度:  78 % - 组装矩阵
Memory: 1581/1897 1609/1906
  72        8640         120 out  464  150  464     2     0      0
                   Group #1:      232   75  232                     3.2e-16    2e-16
                   Group #2:      232   75  232                     2.6e-16  1.7e-16
-------    当前进度:  79 % - 组装矩阵
Memory: 1582/1897 1611/1906
  73        8760         120 out  470  152  470     2     0      0
                   Group #1:      235   76  235                     3.8e-16    2e-16
                   Group #2:      235   76  235                     2.3e-16  1.4e-16
--------   当前进度:  80 % - 组装矩阵
Memory: 1583/1897 1611/1906
--------   当前进度:  80 % - 组装稀疏模式
Memory: 1583/1897 1612/1906
--------   当前进度:  80 % - 组装矩阵
  74        8880         120 out  476  154  476     2     0      0
                   Group #1:      238   77  238                     3.6e-16  2.1e-16
                   Group #2:      238   77  238                     2.3e-16  1.4e-16
--------   当前进度:  81 % - 组装矩阵
Memory: 1584/1897 1612/1906
--------   当前进度:  81 % - 组装稀疏模式
Memory: 1585/1897 1612/1906
--------   当前进度:  81 % - 组装矩阵
  75        9000         120 out  482  156  482     2     0      0
                   Group #1:      241   78  241                     3.5e-16  2.2e-16
                   Group #2:      241   78  241                     2.7e-16  1.9e-16
--------   当前进度:  82 % - 组装矩阵
Memory: 1585/1897 1613/1906
--------   当前进度:  82 % - 矩阵分解
Memory: 1586/1897 1613/1906
--------   当前进度:  82 % - 组装矩阵
  76        9120         120 out  488  158  488     2     0      0
                   Group #1:      244   79  244                     4.2e-16  2.1e-16
                   Group #2:      244   79  244                     2.5e-16  2.1e-16
--------   当前进度:  83 % - 组装矩阵
Memory: 1587/1897 1614/1906
--------   当前进度:  83 % - 组装稀疏模式
--------   当前进度:  83 % - 组装矩阵
  77        9240         120 out  494  160  494     2     0      0
                   Group #1:      247   80  247                       4e-16    2e-16
                   Group #2:      247   80  247                     2.5e-16  1.8e-16
--------   当前进度:  84 % - 组装矩阵
Memory: 1588/1897 1615/1906
--------   当前进度:  84 % - 组装稀疏模式
Memory: 1589/1897 1615/1906
--------   当前进度:  84 % - 组装矩阵
  78        9360         120 out  500  162  500     2     0      0
                   Group #1:      250   81  250                     3.6e-16  2.5e-16
                   Group #2:      250   81  250                     2.7e-16  1.4e-16
--------   当前进度:  85 % - 组装矩阵
Memory: 1591/1897 1617/1906
  79        9480         120 out  506  164  506     2     0      0
                   Group #1:      253   82  253                     3.6e-16  1.9e-16
                   Group #2:      253   82  253                     2.4e-16  1.4e-16
--------   当前进度:  86 % - 组装矩阵
Memory: 1592/1897 1617/1906
  80        9600         120 out  512  166  512     2     0      0
                   Group #1:      256   83  256                     3.7e-16  1.9e-16
                   Group #2:      256   83  256                     2.7e-16  1.7e-16
--------   当前进度:  87 % - 组装矩阵
Memory: 1594/1897 1619/1906
--------   当前进度:  87 % - 组装稀疏模式
Memory: 1595/1897 1620/1906
--------   当前进度:  87 % - 组装矩阵
  81        9720         120 out  520  168  520     2     0      0
                   Group #1:      260   84  260                     4.2e-16  2.4e-16
                   Group #2:      260   84  260                     3.5e-16  1.5e-16
--------   当前进度:  89 % - 组装矩阵
Memory: 1598/1897 1622/1906
  82        9840         120 out  526  170  526     2     0      0
                   Group #1:      263   85  263                     3.5e-16  2.9e-16
                   Group #2:      263   85  263                     3.3e-16  1.4e-16
---------  当前进度:  90 % - 组装矩阵
Memory: 1600/1897 1624/1906
  83        9960         120 out  532  172  532     2     0      0
                   Group #1:      266   86  266                     4.1e-16    2e-16
                   Group #2:      266   86  266                     2.8e-16  1.6e-16
---------  当前进度:  91 % - 组装矩阵
Memory: 1602/1897 1625/1906
  84       10080         120 out  540  174  540     2     0      0
                   Group #1:      270   87  270                     3.8e-16  2.2e-16
                   Group #2:      270   87  270                       3e-16  1.3e-16
---------  当前进度:  92 % - 组装矩阵
Memory: 1605/1897 1628/1906
  85       10200         120 out  548  176  548     2     0      0
                   Group #1:      274   88  274                     3.9e-16    3e-16
                   Group #2:      274   88  274                     3.5e-16  1.4e-16
---------  当前进度:  93 % - 组装矩阵
Memory: 1609/1897 1632/1906
  86       10320         120 out  556  178  556     2     0      0
                   Group #1:      278   89  278                     4.1e-16  3.3e-16
                   Group #2:      278   89  278                     3.6e-16  1.5e-16
---------  当前进度:  94 % - 组装矩阵
Memory: 1616/1897 1637/1906
  87       10440         120 out  564  180  564     2     0      0
                   Group #1:      282   90  282                     4.2e-16  3.2e-16
                   Group #2:      282   90  282                     3.2e-16  1.4e-16
---------  当前进度:  95 % - 组装矩阵
Memory: 1619/1897 1640/1906
  88       10560         120 out  570  182  570     2     0      0
                   Group #1:      285   91  285                       4e-16  2.2e-16
                   Group #2:      285   91  285                     2.7e-16  1.9e-16
---------  当前进度:  96 % - 组装矩阵
Memory: 1623/1897 1642/1906
  89       10680         120 out  576  184  576     2     0      0
                   Group #1:      288   92  288                     3.9e-16  2.4e-16
                   Group #2:      288   92  288                     2.7e-16    2e-16
---------  当前进度:  97 % - 组装矩阵
Memory: 1627/1897 1647/1906
  90       10800         120 out  584  186  584     2     0      0
                   Group #1:      292   93  292                     4.1e-16  3.6e-16
                   Group #2:      292   93  292                     3.3e-16  1.4e-16
---------  当前进度:  98 % - 组装矩阵
Memory: 1632/1897 1651/1906
  91       10920         120 out  592  188  592     2     0      0
                   Group #1:      296   94  296                     4.2e-16  3.7e-16
                   Group #2:      296   94  296                     3.3e-16  1.4e-16
---------  当前进度:  99 % - 组装矩阵
Memory: 1634/1897 1652/1906
  92       11040         120 out  598  190  598     2     0      0
                   Group #1:      299   95  299                       4e-16  2.3e-16
                   Group #2:      299   95  299                     2.6e-16  1.5e-16
时间步进已完成。
---------- 当前进度: 100 % - 
Memory: 1635/1897 1653/1906
求解时间：839 s。 （13 分钟，59 秒）
物理内存: 1.7 GB
虚拟内存: 1.71 GB
结束时间：2026年9月30日 上午7:04:40。
----- O: orbital transient, 2.0 orbits/解 4 (sol4) 中的“瞬态求解器 2” ----------------->
           当前进度:   0 % - 
Memory: 1650/1897 1660/1906
---------- 当前进度: 100 % - 计算
           当前进度:   0 % - 
---------- 当前进度: 100 % - 计算
           当前进度:   0 % - 
Memory: 1672/1897 1683/1906
---------- 当前进度: 100 % - 计算
           当前进度:   0 % - 
Memory: 1673/1897 1683/1906
---------- 当前进度: 100 % - 计算
           当前进度:   0 % - 
---------- 当前进度: 100 % - 计算
           当前进度:   0 % - 
Memory: 1696/1897 1707/1906
---------- 当前进度: 100 % - 计算
           当前进度:   0 % - 
Memory: 1697/1897 1707/1906
---------- 当前进度: 100 % - 计算
