*******************************************
***COMSOL 6.3.0.290 progress output file***
*******************************************
Wed Sep 30 07:13:49 SGT 2026
---------- 当前进度: 100 % - 正在更新选择
Memory: 461/461 477/477
           当前进度:   0 % - EATCS radiator S1-1 panel 1
Memory: 542/542 714/715
           当前进度:   0 % - 矩形 1
           当前进度:   2 % - EATCS radiator S1-1 panel 2
Memory: 546/546 715/716
           当前进度:   2 % - 矩形 1
           当前进度:   3 % - EATCS radiator S1-1 panel 3
           当前进度:   3 % - 矩形 1
           当前进度:   5 % - EATCS radiator S1-1 panel 4
           当前进度:   5 % - 矩形 1
           当前进度:   7 % - EATCS radiator S1-1 panel 5
Memory: 547/547 715/716
           当前进度:   7 % - 矩形 1
           当前进度:   9 % - EATCS radiator S1-1 panel 6
           当前进度:   9 % - 矩形 1
-          当前进度:  10 % - EATCS radiator S1-1 panel 7
Memory: 548/548 715/716
-          当前进度:  10 % - 矩形 1
-          当前进度:  12 % - EATCS radiator S1-1 panel 8
-          当前进度:  12 % - 矩形 1
-          当前进度:  14 % - EATCS radiator S1-2 panel 1
Memory: 549/549 715/716
-          当前进度:  14 % - 矩形 1
-          当前进度:  16 % - EATCS radiator S1-2 panel 2
-          当前进度:  16 % - 矩形 1
-          当前进度:  17 % - EATCS radiator S1-2 panel 3
Memory: 550/550 715/716
-          当前进度:  17 % - 矩形 1
Memory: 550/550 716/716
-          当前进度:  19 % - EATCS radiator S1-2 panel 4
Memory: 551/551 716/716
-          当前进度:  19 % - 矩形 1
--         当前进度:  21 % - EATCS radiator S1-2 panel 5
Memory: 551/551 715/717
--         当前进度:  21 % - 矩形 1
Memory: 551/551 716/717
--         当前进度:  22 % - EATCS radiator S1-2 panel 6
Memory: 552/552 716/717
--         当前进度:  22 % - 矩形 1
--         当前进度:  24 % - EATCS radiator S1-2 panel 7
Memory: 552/552 717/717
--         当前进度:  24 % - 矩形 1
Memory: 552/552 715/717
--         当前进度:  26 % - EATCS radiator S1-2 panel 8
--         当前进度:  26 % - 矩形 1
--         当前进度:  28 % - EATCS radiator S1-3 panel 1
Memory: 553/553 716/717
--         当前进度:  28 % - 矩形 1
--         当前进度:  29 % - EATCS radiator S1-3 panel 2
Memory: 553/554 715/717
--         当前进度:  29 % - 矩形 1
---        当前进度:  31 % - EATCS radiator S1-3 panel 3
Memory: 554/554 716/717
---        当前进度:  31 % - 矩形 1
---        当前进度:  33 % - EATCS radiator S1-3 panel 4
Memory: 555/555 716/717
---        当前进度:  33 % - 矩形 1
Memory: 554/555 715/717
---        当前进度:  34 % - EATCS radiator S1-3 panel 5
---        当前进度:  34 % - 矩形 1
---        当前进度:  36 % - EATCS radiator S1-3 panel 6
---        当前进度:  36 % - 矩形 1
---        当前进度:  38 % - EATCS radiator S1-3 panel 7
Memory: 556/556 716/717
---        当前进度:  38 % - 矩形 1
Memory: 555/556 715/717
----       当前进度:  40 % - EATCS radiator S1-3 panel 8
----       当前进度:  40 % - 矩形 1
----       当前进度:  41 % - EATCS radiator P1-1 panel 1
Memory: 556/556 715/717
----       当前进度:  41 % - 矩形 1
----       当前进度:  43 % - EATCS radiator P1-1 panel 2
----       当前进度:  43 % - 矩形 1
----       当前进度:  45 % - EATCS radiator P1-1 panel 3
----       当前进度:  45 % - 矩形 1
Memory: 557/557 715/717
----       当前进度:  47 % - EATCS radiator P1-1 panel 4
Memory: 559/559 718/718
----       当前进度:  47 % - 矩形 1
----       当前进度:  48 % - EATCS radiator P1-1 panel 5
Memory: 557/560 715/718
----       当前进度:  48 % - 矩形 1
-----      当前进度:  50 % - EATCS radiator P1-1 panel 6
-----      当前进度:  50 % - 矩形 1
-----      当前进度:  52 % - EATCS radiator P1-1 panel 7
Memory: 558/560 715/718
-----      当前进度:  52 % - 矩形 1
-----      当前进度:  53 % - EATCS radiator P1-1 panel 8
-----      当前进度:  53 % - 矩形 1
-----      当前进度:  55 % - EATCS radiator P1-2 panel 1
-----      当前进度:  55 % - 矩形 1
-----      当前进度:  57 % - EATCS radiator P1-2 panel 2
Memory: 560/560 717/718
-----      当前进度:  57 % - 矩形 1
-----      当前进度:  59 % - EATCS radiator P1-2 panel 3
-----      当前进度:  59 % - 矩形 1
------     当前进度:  60 % - EATCS radiator P1-2 panel 4
Memory: 561/561 717/718
------     当前进度:  60 % - 矩形 1
------     当前进度:  62 % - EATCS radiator P1-2 panel 5
------     当前进度:  62 % - 矩形 1
------     当前进度:  64 % - EATCS radiator P1-2 panel 6
Memory: 560/561 715/718
------     当前进度:  64 % - 矩形 1
------     当前进度:  66 % - EATCS radiator P1-2 panel 7
Memory: 560/561 716/718
------     当前进度:  66 % - 矩形 1
------     当前进度:  67 % - EATCS radiator P1-2 panel 8
Memory: 561/561 716/718
------     当前进度:  67 % - 矩形 1
------     当前进度:  69 % - EATCS radiator P1-3 panel 1
------     当前进度:  69 % - 矩形 1
-------    当前进度:  71 % - EATCS radiator P1-3 panel 2
-------    当前进度:  71 % - 矩形 1
-------    当前进度:  72 % - EATCS radiator P1-3 panel 3
Memory: 562/562 716/718
-------    当前进度:  72 % - 矩形 1
-------    当前进度:  74 % - EATCS radiator P1-3 panel 4
-------    当前进度:  74 % - 矩形 1
-------    当前进度:  76 % - EATCS radiator P1-3 panel 5
-------    当前进度:  76 % - 矩形 1
-------    当前进度:  78 % - EATCS radiator P1-3 panel 6
Memory: 563/563 716/718
-------    当前进度:  78 % - 矩形 1
-------    当前进度:  79 % - EATCS radiator P1-3 panel 7
-------    当前进度:  79 % - 矩形 1
--------   当前进度:  81 % - EATCS radiator P1-3 panel 8
--------   当前进度:  81 % - 矩形 1
--------   当前进度:  83 % - 形成联合体
Memory: 564/564 716/718
--------   当前进度:  83 % - 执行布尔操作
Memory: 571/571 719/720
---------- 当前进度: 100 % - 正在更新选择
Memory: 572/572 719/720
---------- 当前进度: 100 % - 正在创建可视化网格
Memory: 582/582 721/721
---------- 当前进度: 100 % - 正在更新选择
Memory: 601/601 731/731
           当前进度:   0 % - 线段间隔 1
Memory: 602/602 732/732
           当前进度:   9 % - 形成联合体
---------- 当前进度: 100 % - 正在更新选择
           当前进度:   0 % - 线段间隔 1
Memory: 662/663 764/766
           当前进度:   9 % - 形成联合体
---------- 当前进度: 100 % - 正在更新选择
Memory: 662/663 766/766
顶点单元数：192
-----      当前进度:  55 % - 正在创建边界网格
Memory: 1041/1044 1041/1045
--------   当前进度:  86 % - 正在创建边界网格
边单元数：576
边界单元数：1056
---------- 当前进度: 100 % - 正在创建边界网格
边界单元数：2
单元数：2
-----      当前进度:  54 % - 生成方程
Memory: 1055/1071 1055/1071
------     当前进度:  66 % - 生成方程
Memory: 1058/1071 1057/1071
---        当前进度:  39 % - 生成方程
Memory: 1062/1071 1061/1071
-----      当前进度:  54 % - 生成方程
Memory: 1063/1071 1063/1071
------     当前进度:  66 % - 生成方程
Memory: 1065/1071 1065/1071
-----      当前进度:  54 % - 生成方程
------     当前进度:  66 % - 生成方程
Memory: 1067/1071 1066/1071
---        当前进度:  39 % - 生成方程
-----      当前进度:  54 % - 生成方程
Memory: 1047/1071 1048/1071
---        当前进度:  39 % - 生成方程
Memory: 1063/1071 1064/1071
-----      当前进度:  54 % - 生成方程
Memory: 1065/1071 1065/1071
-------    当前进度:  72 % - 生成方程
-----      当前进度:  54 % - 生成方程
Memory: 1063/1071 1062/1071
------     当前进度:  60 % - 生成方程
Memory: 1064/1071 1063/1071
------     当前进度:  66 % - 生成方程
-----      当前进度:  54 % - 生成方程
Memory: 1123/1126 1123/1125
------     当前进度:  66 % - 生成方程
Memory: 1124/1126 1123/1125
---        当前进度:  39 % - 生成方程
Memory: 1126/1127 1125/1126
-----      当前进度:  54 % - 生成方程
Memory: 1124/1127 1123/1127
-------    当前进度:  72 % - 生成方程
---        当前进度:  39 % - 生成方程
Memory: 1125/1127 1124/1127
-----      当前进度:  54 % - 生成方程
Memory: 1118/1127 1119/1127
<---- O: orbital transient, 2.0 orbits/解 4 (sol4) 中的“编译方程: 轨道热载荷” --------------
开始于 2026年9月30日 上午7:15:34。
几何形函数: 二次拉格朗日单元
几何形函数: 二次拉格朗日单元
在 AMD64 Family 25 Model 117 Stepping 2, AuthenticAMD 上运行。
在以下位置使用 1 个插槽： MarkLiu 上（共 1 个内核）。
可用内存：32.38 GB。
           当前进度:   0 % - 生成方程
Memory: 1124/1127 1123/1127
           当前进度:   1 % - 编译方程: 轨道热载荷
Memory: 1223/1223 1223/1223
           当前进度:   1 % - 正在创建可视化网格
Memory: 1227/1230 1226/1229
时间：5。
物理内存: 1.26 GB
虚拟内存: 1.26 GB
结束时间：2026年9月30日 上午7:15:38。
----- O: orbital transient, 2.0 orbits/解 4 (sol4) 中的“编译方程: 轨道热载荷” ------------->
<---- O: orbital transient, 2.0 orbits/解 4 (sol4) 中的“因变量 1” --------------------
开始于 2026年9月30日 上午7:15:38。
           当前进度:   1 % - 因变量 1
Memory: 1265/1265 1263/1265
求解时间：1 s。
物理内存: 1.26 GB
虚拟内存: 1.26 GB
结束时间：2026年9月30日 上午7:15:39。
----- O: orbital transient, 2.0 orbits/解 4 (sol4) 中的“因变量 1” ------------------->
<---- O: orbital transient, 2.0 orbits/解 4 (sol4) 中的“瞬态求解器 1” ------------------
开始于 2026年9月30日 上午7:15:39。
瞬态求解器 (BDF)
求解的自由度数：10（加上 4224 个内部自由度）。
           当前进度:   2 % - 组装稀疏模式
Memory: 1274/1274 1268/1268
找到对称矩阵。
           当前进度:   2 % - 组装矩阵
Memory: 1281/1281 1276/1276
缩放因变量：
形函数 (comp1.otl.ds_hrs.storeGextd_band): 1
形函数 (comp1.otl.ds_hrs.storeGextu_band): 1
指示器状态的比例：
comp1.otl.inEclipse_event: 4e+05
comp1.otl.outEclipse_event: 4e+05
Step        Time    Stepsize      Res  Jac  Sol Order Tfail NLfail   LinErr   LinRes
   0           0           - out    2    3    2                  0        0        0
指示器状态的比例：
comp1.otl.inEclipse_event: 4e+05
comp1.otl.outEclipse_event: 4e+05
           当前进度:   2 % - 约束处理
Memory: 1291/1292 1285/1285
           当前进度:   2 % - 组装矩阵
Memory: 1302/1302 1297/1297
           当前进度:   2 % - 
Memory: 1308/1308 1302/1302
   1         120         120 out    3    4    3     1     0      0        0        0
           当前进度:   3 % - 组装矩阵
Memory: 1308/1308 1303/1303
           当前进度:   3 % - 
Memory: 1313/1313 1308/1308
   2         240         120 out    4    5    4     1     0      0        0        0
   3         360         120 out    5    6    5     2     0      0        0        0
           当前进度:   4 % - 
Memory: 1314/1314 1308/1308
   4         480         120 out    6    7    6     2     0      0        0        0
   5         600         120 out    7    8    7     2     0      0        0        0
           当前进度:   5 % - 
   6         720         120 out    8    9    8     2     0      0        0        0
   7         840         120 out    9   10    9     2     0      0        0        0
           当前进度:   6 % - 组装矩阵
           当前进度:   6 % - 
   8         960         120 out   10   11   10     2     0      0        0        0
   9        1080         120 out   11   12   11     2     0      0        0        0
           当前进度:   7 % - 
  10        1200         120 out   12   13   12     2     0      0        0        0
           当前进度:   8 % - 
  11        1320         120 out   13   14   13     2     0      0        0        0
  12        1440         120 out   14   15   14     2     0      0        0        0
           当前进度:   9 % - 
  13        1560         120 out   15   16   15     2     0      0        0        0
  14        1680         120 out   16   17   16     2     0      0        0        0
-          当前进度:  10 % - 
  15        1800         120 out   17   18   17     2     0      0        0        0
  16        1920         120 out   18   19   18     2     0      0        0        0
-          当前进度:  11 % - 
  17        2040         120 out   19   20   19     2     0      0        0        0
-          当前进度:  11 % - 组装矩阵
-          当前进度:  11 % - 
  18        2160         120 out   20   21   20     2     0      0        0        0
-          当前进度:  12 % - 
  19        2280         120 out   21   22   21     2     0      0        0        0
  20        2400         120 out   22   23   22     2     0      0        0        0
-          当前进度:  13 % - 
  21        2520         120 out   23   24   23     2     0      0        0        0
  22        2640         120 out   24   25   24     2     0      0        0        0
-          当前进度:  14 % - 
  23        2760         120 out   25   26   25     2     0      0        0        0
  24        2880         120 out   26   27   26     2     0      0        0        0
-          当前进度:  15 % - 
  25        3000         120 out   27   28   27     2     0      0        0        0
  26        3120         120 out   28   29   28     2     0      0        0        0
-          当前进度:  16 % - 
  27        3240         120 out   29   30   29     2     0      0        0        0
  28        3360         120 out   30   31   30     2     0      0        0        0
-          当前进度:  17 % - 
  29        3480         120 out   31   32   31     2     0      0        0        0
  30        3600         120 out   32   33   32     2     0      0        0        0
-          当前进度:  18 % - 
  31        3720         120 out   33   34   33     2     0      0        0        0
  32        3840         120 out   34   35   34     2     0      0        0        0
-          当前进度:  19 % - 
  33        3960         120 out   35   36   35     2     0      0        0        0
  34        4080         120 out   36   37   36     2     0      0        0        0
--         当前进度:  20 % - 
Memory: 1315/1315 1308/1308
  35        4200         120 out   37   38   37     2     0      0        0        0
--         当前进度:  21 % - 
Memory: 1315/1315 1309/1309
  36        4320         120 out   38   39   38     2     0      0        0        0
  37        4440         120 out   39   40   39     2     0      0        0        0
--         当前进度:  22 % - 
Memory: 1316/1317 1309/1311
  38        4560         120 out   40   41   40     2     0      0        0        0
  39        4680         120 out   41   42   41     2     0      0        0        0
--         当前进度:  23 % - 
  40        4800         120 out   42   43   42     2     0      0        0        0
  41        4920         120 out   43   44   43     2     0      0        0        0
--         当前进度:  24 % - 
  42        5040         120 out   44   45   44     2     0      0        0        0
  43        5160         120 out   45   46   45     2     0      0        0        0
--         当前进度:  25 % - 
  44        5280         120 out   46   47   46     2     0      0        0        0
  45        5400         120 out   47   48   47     2     0      0        0        0
--         当前进度:  26 % - 
  46        5520         120 out   48   49   48     2     0      0        0        0
  47        5640         120 out   49   50   49     2     0      0        0        0
--         当前进度:  27 % - 
  48        5760         120 out   50   51   50     2     0      0        0        0
  49        5880         120 out   51   52   51     2     0      0        0        0
--         当前进度:  28 % - 
  50        6000         120 out   52   53   52     2     0      0        0        0
  51        6120         120 out   53   54   53     2     0      0        0        0
--         当前进度:  29 % - 
  52        6240         120 out   54   55   54     2     0      0        0        0
  53        6360         120 out   55   56   55     2     0      0        0        0
---        当前进度:  30 % - 
  54        6480         120 out   56   57   56     2     0      0        0        0
  55        6600         120 out   57   58   57     2     0      0        0        0
---        当前进度:  31 % - 
  56        6720         120 out   58   59   58     2     0      0        0        0
  57        6840         120 out   59   60   59     2     0      0        0        0
---        当前进度:  32 % - 
  58        6960         120 out   60   61   60     2     0      0        0        0
---        当前进度:  33 % - 
  59        7080         120 out   61   62   61     2     0      0        0        0
  60        7200         120 out   62   63   62     2     0      0        0        0
---        当前进度:  34 % - 
Memory: 1318/1318 1311/1311
  61        7320         120 out   63   64   63     2     0      0        0        0
  62        7440         120 out   64   65   64     2     0      0        0        0
---        当前进度:  35 % - 
  63        7560         120 out   65   66   65     2     0      0        0        0
  64        7680         120 out   66   67   66     2     0      0        0        0
---        当前进度:  36 % - 
Memory: 1318/1318 1319/1319
  65        7800         120 out   67   68   67     2     0      0        0        0
  66        7920         120 out   68   69   68     2     0      0        0        0
---        当前进度:  37 % - 
  67        8040         120 out   69   70   69     2     0      0        0        0
  68        8160         120 out   70   71   70     2     0      0        0        0
---        当前进度:  38 % - 
  69        8280         120 out   71   72   71     2     0      0        0        0
  70        8400         120 out   72   73   72     2     0      0        0        0
---        当前进度:  39 % - 
  71        8520         120 out   73   74   73     2     0      0        0        0
  72        8640         120 out   74   75   74     2     0      0        0        0
----       当前进度:  40 % - 
  73        8760         120 out   75   76   75     2     0      0        0        0
  74        8880         120 out   76   77   76     2     0      0        0        0
----       当前进度:  41 % - 
  75        9000         120 out   77   78   77     2     0      0        0        0
  76        9120         120 out   78   79   78     2     0      0        0        0
----       当前进度:  42 % - 
  77        9240         120 out   79   80   79     2     0      0        0        0
  78        9360         120 out   80   81   80     2     0      0        0        0
----       当前进度:  43 % - 
Memory: 1319/1319 1319/1319
  79        9480         120 out   81   82   81     2     0      0        0        0
  80        9600         120 out   82   83   82     2     0      0        0        0
----       当前进度:  44 % - 
  81        9720         120 out   83   84   83     2     0      0        0        0
  82        9840         120 out   84   85   84     2     0      0        0        0
----       当前进度:  45 % - 
  83        9960         120 out   85   86   85     2     0      0        0        0
----       当前进度:  46 % - 
  84       10080         120 out   86   87   86     2     0      0        0        0
  85       10200         120 out   87   88   87     2     0      0        0        0
----       当前进度:  47 % - 
  86       10320         120 out   88   89   88     2     0      0        0        0
----       当前进度:  47 % - 组装矩阵
----       当前进度:  47 % - 
  87       10440         120 out   89   90   89     2     0      0        0        0
----       当前进度:  48 % - 
  88       10560         120 out   90   91   90     2     0      0        0        0
  89       10680         120 out   91   92   91     2     0      0        0        0
----       当前进度:  49 % - 
  90       10800         120 out   92   93   92     2     0      0        0        0
  91       10920         120 out   93   94   93     2     0      0        0        0
-----      当前进度:  50 % - 
  92       11040         120 out   94   95   94     2     0      0        0        0
时间步进已完成。
求解时间：869 s。 （14 分钟，29 秒）
物理内存: 1.32 GB
虚拟内存: 1.32 GB
结束时间：2026年9月30日 上午7:30:08。
----- O: orbital transient, 2.0 orbits/解 4 (sol4) 中的“瞬态求解器 1” ----------------->
<---- O: orbital transient, 2.0 orbits/解 4 (sol4) 中的“编译方程: 轨道温度” ---------------
开始于 2026年9月30日 上午7:30:08。
几何形函数: 二次拉格朗日单元
几何形函数: 二次拉格朗日单元
-----      当前进度:  50 % - 生成方程
Memory: 1161/1321 1162/1322
-----      当前进度:  51 % - 编译方程: 轨道温度
Memory: 1198/1321 1198/1322
-----      当前进度:  51 % - 正在创建可视化网格
Memory: 1203/1321 1202/1322
时间：3。
物理内存: 1.23 GB
虚拟内存: 1.23 GB
结束时间：2026年9月30日 上午7:30:11。
----- O: orbital transient, 2.0 orbits/解 4 (sol4) 中的“编译方程: 轨道温度” -------------->
<---- O: orbital transient, 2.0 orbits/解 4 (sol4) 中的“因变量 2” --------------------
开始于 2026年9月30日 上午7:30:11。
待求解变量的初始值: 解 4 (sol4), 解存储 2 (sol5), t=11040 s [自动（单一解）].
不求解变量的值: 解 4 (sol4), 解存储 2 (sol5), t=11040 s [自动（单一解）].
-----      当前进度:  51 % - 因变量 2
Memory: 1228/1321 1227/1322
求解时间：0 s。
物理内存: 1.23 GB
虚拟内存: 1.23 GB
结束时间：2026年9月30日 上午7:30:11。
----- O: orbital transient, 2.0 orbits/解 4 (sol4) 中的“因变量 2” ------------------->
<---- O: orbital transient, 2.0 orbits/解 4 (sol4) 中的“瞬态求解器 2” ------------------
开始于 2026年9月30日 上午7:30:11。
瞬态求解器 (BDF)
-----      当前进度:  52 % - 瞬态求解器 2
求解的自由度数：6246。
-----      当前进度:  52 % - 组装稀疏模式
Memory: 1231/1321 1229/1322
-----      当前进度:  52 % - 组装矩阵
Memory: 1238/1321 1235/1322
找到非对称矩阵。
缩放因变量：
温度 (comp1.T2): 3e+02
NH3 panel outlet temperatures (K) (comp1.ODE1): 3e+02
已使用正交零空间函数。
-----      当前进度:  52 % - 约束处理
Memory: 1239/1321 1236/1322
找到对称矩阵。
缩放因变量：
表面辐射度，下侧 (comp1.otl.ds_hrs.Jd_band): 1.2e+02
表面辐射度，上侧 (comp1.otl.ds_hrs.Ju_band): 1.2e+02
已使用正交零空间函数。
找到对称矩阵。
-----      当前进度:  52 % - 组装矩阵
Memory: 1240/1321 1236/1322
指示器状态的比例：
comp1.otl.inEclipse_event: 4e+05
comp1.otl.outEclipse_event: 4e+05
Step        Time    Stepsize      Res  Jac  Sol Order Tfail NLfail   LinErr   LinRes
-----      当前进度:  52 % - 约束处理
Memory: 1244/1321 1239/1322
-----      当前进度:  52 % - 组装矩阵
Memory: 1247/1321 1240/1322
-----      当前进度:  52 % - 约束处理
Memory: 1262/1321 1255/1322
-----      当前进度:  52 % - 组装稀疏模式
-----      当前进度:  52 % - 组装矩阵
-----      当前进度:  52 % - 求解线性方程组
Memory: 1266/1321 1255/1322
-----      当前进度:  52 % - 组装矩阵
Memory: 1266/1321 1263/1322
-----      当前进度:  52 % - 矩阵分解
Memory: 1275/1321 1266/1322
-----      当前进度:  52 % - 组装矩阵
Memory: 1278/1321 1268/1322
   0           0           - out   18    6   18                  0
                   Group #1:        9    3    9                     4.2e-16  1.9e-16
                   Group #2:        9    3    9                     3.4e-16  1.4e-16
指示器状态的比例：
comp1.otl.inEclipse_event: 4e+05
comp1.otl.outEclipse_event: 4e+05
   1         120         120 out   26    8   26     1     0      0
                   Group #1:       13    4   13                     1.3e-15  1.3e-16
                   Group #2:       13    4   13                     3.3e-16  1.4e-16
-----      当前进度:  53 % - 组装矩阵
Memory: 1311/1326 1308/1325
-----      当前进度:  53 % - 组装稀疏模式
-----      当前进度:  53 % - 组装矩阵
Memory: 1313/1326 1311/1325
-----      当前进度:  53 % - 矩阵分解
-----      当前进度:  53 % - 组装矩阵
Memory: 1317/1326 1315/1325
   2         240         120 out   34   10   34     1     0      0
                   Group #1:       17    5   17                     1.7e-15  1.5e-16
                   Group #2:       17    5   17                     3.4e-16  1.4e-16
   3         360         120 out   42   12   42     2     0      0
                   Group #1:       21    6   21                     1.4e-15  1.6e-16
                   Group #2:       21    6   21                     3.5e-16  1.4e-16
-----      当前进度:  54 % - 组装矩阵
Memory: 1333/1333 1335/1340
   4         480         120 out   50   14   50     2     0      0
                   Group #1:       25    7   25                     4.2e-16    3e-16
                   Group #2:       25    7   25                     3.4e-16  1.4e-16
   5         600         120 out   56   16   56     2     0      0
                   Group #1:       28    8   28                     4.3e-16  2.7e-16
                   Group #2:       28    8   28                     3.1e-16  1.5e-16
-----      当前进度:  55 % - 组装矩阵
Memory: 1342/1342 1346/1349
   6         720         120 out   62   18   62     2     0      0
                   Group #1:       31    9   31                     3.9e-16  2.2e-16
                   Group #2:       31    9   31                     2.9e-16  1.6e-16
   7         840         120 out   68   20   68     2     0      0
                   Group #1:       34   10   34                     4.2e-16  2.2e-16
                   Group #2:       34   10   34                     2.7e-16    2e-16
-----      当前进度:  56 % - 组装矩阵
Memory: 1350/1350 1348/1355
   8         960         120 out   74   22   74     2     0      0
                   Group #1:       37   11   37                     3.9e-16  2.3e-16
                   Group #2:       37   11   37                     2.6e-16  1.5e-16
   9        1080         120 out   80   24   80     2     0      0
                   Group #1:       40   12   40                     3.9e-16  3.4e-16
                   Group #2:       40   12   40                       3e-16  1.4e-16
-----      当前进度:  57 % - 组装矩阵
Memory: 1357/1357 1358/1360
  10        1200         120 out   86   26   86     2     0      0
                   Group #1:       43   13   43                     4.3e-16  2.2e-16
                   Group #2:       43   13   43                     2.4e-16  1.5e-16
  11        1320         120 out   94   28   94     2     0      0
                   Group #1:       47   14   47                     4.6e-16    3e-16
                   Group #2:       47   14   47                     3.1e-16  1.3e-16
-----      当前进度:  58 % - 组装矩阵
Memory: 1366/1366 1370/1373
  12        1440         120 out  100   30  100     2     0      0
                   Group #1:       50   15   50                     4.3e-16    2e-16
                   Group #2:       50   15   50                     2.8e-16  1.5e-16
  13        1560         120 out  106   32  106     2     0      0
                   Group #1:       53   16   53                     3.6e-16    2e-16
                   Group #2:       53   16   53                     2.8e-16  1.5e-16
-----      当前进度:  59 % - 组装矩阵
Memory: 1374/1374 1374/1379
  14        1680         120 out  112   34  112     2     0      0
                   Group #1:       56   17   56                     4.2e-16    2e-16
                   Group #2:       56   17   56                     2.6e-16  1.7e-16
  15        1800         120 out  120   36  120     2     0      0
                   Group #1:       60   18   60                     3.9e-16  2.3e-16
                   Group #2:       60   18   60                     3.4e-16  1.4e-16
------     当前进度:  60 % - 组装矩阵
Memory: 1383/1383 1383/1388
  16        1920         120 out  126   38  126     2     0      0
                   Group #1:       63   19   63                     4.1e-16  2.1e-16
                   Group #2:       63   19   63                     2.6e-16  1.6e-16
  17        2040         120 out  132   40  132     2     0      0
                   Group #1:       66   20   66                       4e-16    2e-16
                   Group #2:       66   20   66                     2.4e-16  1.5e-16
------     当前进度:  61 % - 组装矩阵
Memory: 1391/1391 1393/1396
  18        2160         120 out  138   42  138     2     0      0
                   Group #1:       69   21   69                     4.2e-16    2e-16
                   Group #2:       69   21   69                     2.7e-16    2e-16
------     当前进度:  61 % - 组装稀疏模式
Memory: 1396/1396 1398/1400
------     当前进度:  61 % - 组装矩阵
  19        2280         120 out  144   44  144     2     0      0
                   Group #1:       72   22   72                     3.9e-16    2e-16
                   Group #2:       72   22   72                     2.6e-16  1.9e-16
------     当前进度:  62 % - 组装矩阵
Memory: 1399/1399 1397/1403
  20        2400         120 out  150   46  150     2     0      0
                   Group #1:       75   23   75                     3.3e-16  1.9e-16
                   Group #2:       75   23   75                     2.6e-16  1.9e-16
------     当前进度:  63 % - 组装矩阵
Memory: 1403/1403 1403/1406
  21        2520         120 out  156   48  156     2     0      0
                   Group #1:       78   24   78                     3.9e-16  2.3e-16
                   Group #2:       78   24   78                     2.6e-16  1.5e-16
  22        2640         120 out  162   50  162     2     0      0
                   Group #1:       81   25   81                     3.8e-16  2.2e-16
                   Group #2:       81   25   81                     2.2e-16  1.5e-16
------     当前进度:  64 % - 组装矩阵
Memory: 1411/1411 1415/1418
  23        2760         120 out  168   52  168     2     0      0
                   Group #1:       84   26   84                       4e-16  2.4e-16
                   Group #2:       84   26   84                     2.6e-16  1.5e-16
  24        2880         120 out  174   54  174     2     0      0
                   Group #1:       87   27   87                     2.8e-16    2e-16
                   Group #2:       87   27   87                     2.6e-16  1.8e-16
------     当前进度:  65 % - 组装矩阵
Memory: 1418/1418 1418/1421
  25        3000         120 out  178   56  178     2     0      0
                   Group #1:       89   28   89                     3.7e-16  2.7e-16
                   Group #2:       89   28   89                     2.3e-16    2e-16
  26        3120         120 out  184   58  184     2     0      0
                   Group #1:       92   29   92                     3.9e-16  2.3e-16
                   Group #2:       92   29   92                     2.6e-16  1.6e-16
------     当前进度:  66 % - 组装矩阵
Memory: 1425/1425 1427/1429
  27        3240         120 out  190   60  190     2     0      0
                   Group #1:       95   30   95                     3.5e-16    2e-16
                   Group #2:       95   30   95                     2.2e-16  1.6e-16
  28        3360         120 out  196   62  196     2     0      0
                   Group #1:       98   31   98                     3.8e-16  2.2e-16
                   Group #2:       98   31   98                     2.3e-16  1.6e-16
------     当前进度:  67 % - 组装矩阵
Memory: 1433/1433 1430/1433
------     当前进度:  67 % - 求解线性方程组
Memory: 1434/1434 1431/1433
------     当前进度:  67 % - 组装矩阵
Memory: 1435/1435 1433/1434
  29        3480         120 out  202   64  202     2     0      0
                   Group #1:      101   32  101                     3.5e-16    2e-16
                   Group #2:      101   32  101                     2.4e-16  1.7e-16
  30        3600         120 out  208   66  208     2     0      0
                   Group #1:      104   33  104                     4.3e-16  2.4e-16
                   Group #2:      104   33  104                     2.4e-16  1.9e-16
------     当前进度:  68 % - 组装矩阵
Memory: 1441/1441 1437/1441
  31        3720         120 out  214   68  214     2     0      0
                   Group #1:      107   34  107                     4.2e-16  2.2e-16
                   Group #2:      107   34  107                     2.4e-16  1.5e-16
  32        3840         120 out  220   70  220     2     0      0
                   Group #1:      110   35  110                     3.9e-16  2.6e-16
                   Group #2:      110   35  110                     2.7e-16  1.4e-16
------     当前进度:  69 % - 组装矩阵
Memory: 1449/1449 1445/1447
------     当前进度:  69 % - 组装稀疏模式
------     当前进度:  69 % - 组装矩阵
------     当前进度:  69 % - 求解线性方程组
Memory: 1452/1452 1448/1451
------     当前进度:  69 % - 组装矩阵
  33        3960         120 out  226   72  226     2     0      0
                   Group #1:      113   36  113                     4.2e-16  2.1e-16
                   Group #2:      113   36  113                     2.8e-16  1.7e-16
  34        4080         120 out  234   74  234     2     0      0
                   Group #1:      117   37  117                       4e-16  2.4e-16
                   Group #2:      117   37  117                     3.4e-16  1.4e-16
-------    当前进度:  70 % - 组装矩阵
Memory: 1458/1458 1453/1456
  35        4200         120 out  240   76  240     2     0      0
                   Group #1:      120   38  120                     4.2e-16    2e-16
                   Group #2:      120   38  120                     2.6e-16  1.5e-16
  36        4320         120 out  246   78  246     2     0      0
                   Group #1:      123   39  123                       4e-16  2.1e-16
                   Group #2:      123   39  123                     2.7e-16  1.4e-16
-------    当前进度:  71 % - 组装矩阵
Memory: 1466/1466 1461/1464
  37        4440         120 out  252   80  252     2     0      0
                   Group #1:      126   40  126                     3.8e-16    2e-16
                   Group #2:      126   40  126                     2.5e-16  1.7e-16
  38        4560         120 out  260   82  260     2     0      0
                   Group #1:      130   41  130                       4e-16    3e-16
                   Group #2:      130   41  130                     3.4e-16  1.4e-16
-------    当前进度:  72 % - 组装矩阵
Memory: 1475/1475 1470/1473
-------    当前进度:  72 % - 组装稀疏模式
Memory: 1475/1475 1471/1473
-------    当前进度:  72 % - 组装矩阵
  39        4680         120 out  266   84  266     2     0      0
                   Group #1:      133   42  133                       4e-16  2.1e-16
                   Group #2:      133   42  133                     2.8e-16  1.5e-16
  40        4800         120 out  272   86  272     2     0      0
                   Group #1:      136   43  136                     3.5e-16  2.4e-16
                   Group #2:      136   43  136                     2.5e-16  1.5e-16
-------    当前进度:  73 % - 组装矩阵
Memory: 1482/1482 1478/1480
-------    当前进度:  73 % - 矩阵分解
Memory: 1484/1484 1480/1482
-------    当前进度:  73 % - 组装矩阵
  41        4920         120 out  278   88  278     2     0      0
                   Group #1:      139   44  139                     3.5e-16    2e-16
                   Group #2:      139   44  139                     2.4e-16  1.8e-16
  42        5040         120 out  284   90  284     2     0      0
                   Group #1:      142   45  142                     3.8e-16  3.1e-16
                   Group #2:      142   45  142                     2.7e-16  1.6e-16
-------    当前进度:  74 % - 组装矩阵
Memory: 1491/1491 1486/1489
-------    当前进度:  74 % - 组装稀疏模式
Memory: 1491/1491 1487/1489
-------    当前进度:  74 % - 组装矩阵
  43        5160         120 out  290   92  290     2     0      0
                   Group #1:      145   46  145                       4e-16  3.6e-16
                   Group #2:      145   46  145                     2.7e-16  1.5e-16
  44        5280         120 out  298   94  298     2     0      0
                   Group #1:      149   47  149                     4.3e-16  3.9e-16
                   Group #2:      149   47  149                     3.2e-16  1.4e-16
-------    当前进度:  75 % - 组装矩阵
Memory: 1500/1500 1495/1497
  45        5400         120 out  306   96  306     2     0      0
                   Group #1:      153   48  153                       4e-16  3.7e-16
                   Group #2:      153   48  153                     3.2e-16  1.4e-16
-------    当前进度:  76 % - 组装矩阵
Memory: 1504/1504 1508/1511
  46        5520         120 out  312   98  312     2     0      0
                   Group #1:      156   49  156                     3.9e-16  4.2e-16
                   Group #2:      156   49  156                     3.3e-16  1.5e-16
  47        5640         120 out  318  100  318     2     0      0
                   Group #1:      159   50  159                     3.8e-16  3.8e-16
                   Group #2:      159   50  159                     2.5e-16  1.5e-16
-------    当前进度:  77 % - 组装矩阵
Memory: 1511/1511 1514/1518
  48        5760         120 out  324  102  324     2     0      0
                   Group #1:      162   51  162                     3.9e-16  4.3e-16
                   Group #2:      162   51  162                     3.1e-16  1.5e-16
  49        5880         120 out  330  104  330     2     0      0
                   Group #1:      165   52  165                       4e-16  3.8e-16
                   Group #2:      165   52  165                     2.8e-16  1.4e-16
-------    当前进度:  78 % - 组装矩阵
Memory: 1514/1514 1517/1520
  50        6000         120 out  336  106  336     2     0      0
                   Group #1:      168   53  168                     4.2e-16  3.5e-16
                   Group #2:      168   53  168                     2.8e-16  1.5e-16
  51        6120         120 out  342  108  342     2     0      0
                   Group #1:      171   54  171                     3.3e-16  2.3e-16
                   Group #2:      171   54  171                     2.5e-16  1.6e-16
-------    当前进度:  79 % - 组装矩阵
Memory: 1516/1516 1519/1522
  52        6240         120 out  348  110  348     2     0      0
                   Group #1:      174   55  174                       4e-16  2.4e-16
                   Group #2:      174   55  174                     2.6e-16  1.9e-16
  53        6360         120 out  354  112  354     2     0      0
                   Group #1:      177   56  177                     4.3e-16  2.2e-16
                   Group #2:      177   56  177                     2.6e-16    2e-16
--------   当前进度:  80 % - 组装矩阵
Memory: 1518/1518 1521/1524
  54        6480         120 out  360  114  360     2     0      0
                   Group #1:      180   57  180                     3.5e-16  1.8e-16
                   Group #2:      180   57  180                     2.5e-16  1.8e-16
  55        6600         120 out  366  116  366     2     0      0
                   Group #1:      183   58  183                     4.3e-16  3.6e-16
                   Group #2:      183   58  183                     2.9e-16  1.4e-16
--------   当前进度:  81 % - 组装矩阵
Memory: 1521/1521 1523/1526
  56        6720         120 out  372  118  372     2     0      0
                   Group #1:      186   59  186                     3.7e-16  2.9e-16
                   Group #2:      186   59  186                     2.9e-16  1.5e-16
  57        6840         120 out  380  120  380     2     0      0
                   Group #1:      190   60  190                     4.2e-16  2.9e-16
                   Group #2:      190   60  190                     3.5e-16  1.4e-16
--------   当前进度:  82 % - 组装矩阵
Memory: 1524/1524 1526/1529
  58        6960         120 out  386  122  386     2     0      0
                   Group #1:      193   61  193                     3.9e-16    2e-16
                   Group #2:      193   61  193                       3e-16  1.5e-16
  59        7080         120 out  392  124  392     2     0      0
                   Group #1:      196   62  196                     3.8e-16    3e-16
                   Group #2:      196   62  196                       3e-16  1.4e-16
--------   当前进度:  83 % - 组装矩阵
Memory: 1526/1526 1528/1531
  60        7200         120 out  398  126  398     2     0      0
                   Group #1:      199   63  199                       4e-16  2.3e-16
                   Group #2:      199   63  199                     3.2e-16  1.5e-16
  61        7320         120 out  406  128  406     2     0      0
                   Group #1:      203   64  203                     3.9e-16  2.2e-16
                   Group #2:      203   64  203                     3.3e-16  1.4e-16
--------   当前进度:  84 % - 组装矩阵
Memory: 1530/1530 1532/1535
  62        7440         120 out  412  130  412     2     0      0
                   Group #1:      206   65  206                     4.3e-16  2.2e-16
                   Group #2:      206   65  206                     2.7e-16  1.4e-16
--------   当前进度:  84 % - 组装稀疏模式
Memory: 1531/1531 1532/1536
--------   当前进度:  84 % - 组装矩阵
  63        7560         120 out  418  132  418     2     0      0
                   Group #1:      209   66  209                     4.2e-16  2.4e-16
                   Group #2:      209   66  209                     2.9e-16  1.6e-16
--------   当前进度:  85 % - 组装矩阵
Memory: 1532/1532 1534/1536
  64        7680         120 out  424  134  424     2     0      0
                   Group #1:      212   67  212                     3.4e-16  1.8e-16
                   Group #2:      212   67  212                     2.4e-16  1.6e-16
  65        7800         120 out  430  136  430     2     0      0
                   Group #1:      215   68  215                     3.5e-16  1.9e-16
                   Group #2:      215   68  215                     2.8e-16  1.9e-16
--------   当前进度:  86 % - 组装矩阵
Memory: 1535/1535 1536/1539
  66        7920         120 out  436  138  436     2     0      0
                   Group #1:      218   69  218                     3.3e-16  1.9e-16
                   Group #2:      218   69  218                     2.9e-16    2e-16
  67        8040         120 out  442  140  442     2     0      0
                   Group #1:      221   70  221                       4e-16  2.3e-16
                   Group #2:      221   70  221                     2.5e-16  1.4e-16
--------   当前进度:  87 % - 组装矩阵
Memory: 1538/1538 1539/1542
  68        8160         120 out  448  142  448     2     0      0
                   Group #1:      224   71  224                     4.5e-16  2.4e-16
                   Group #2:      224   71  224                     2.7e-16  1.6e-16
--------   当前进度:  88 % - 组装矩阵
Memory: 1539/1539 1540/1543
  69        8280         120 out  454  144  454     2     0      0
                   Group #1:      227   72  227                     3.8e-16    2e-16
                   Group #2:      227   72  227                       3e-16  1.7e-16
  70        8400         120 out  458  146  458     2     0      0
                   Group #1:      229   73  229                     3.4e-16  2.4e-16
                   Group #2:      229   73  229                     2.5e-16  1.7e-16
--------   当前进度:  89 % - 组装矩阵
Memory: 1542/1542 1543/1546
--------   当前进度:  89 % - 组装稀疏模式
--------   当前进度:  89 % - 组装矩阵
  71        8520         120 out  462  148  462     2     0      0
                   Group #1:      231   74  231                       4e-16  2.3e-16
                   Group #2:      231   74  231                     2.6e-16  2.1e-16
  72        8640         120 out  468  150  468     2     0      0
                   Group #1:      234   75  234                     3.3e-16  1.9e-16
                   Group #2:      234   75  234                     2.8e-16  1.6e-16
---------  当前进度:  90 % - 组装矩阵
Memory: 1546/1546 1547/1549
---------  当前进度:  90 % - 组装稀疏模式
---------  当前进度:  90 % - 组装矩阵
  73        8760         120 out  474  152  474     2     0      0
                   Group #1:      237   76  237                     3.9e-16  2.1e-16
                   Group #2:      237   76  237                     2.4e-16  1.5e-16
  74        8880         120 out  480  154  480     2     0      0
                   Group #1:      240   77  240                     3.8e-16  2.3e-16
                   Group #2:      240   77  240                     2.2e-16  1.4e-16
---------  当前进度:  91 % - 组装矩阵
Memory: 1549/1549 1550/1552
  75        9000         120 out  486  156  486     2     0      0
                   Group #1:      243   78  243                     3.4e-16  2.1e-16
                   Group #2:      243   78  243                     2.6e-16  1.8e-16
  76        9120         120 out  492  158  492     2     0      0
                   Group #1:      246   79  246                     3.9e-16  2.1e-16
                   Group #2:      246   79  246                     2.6e-16  2.2e-16
---------  当前进度:  92 % - 组装矩阵
Memory: 1551/1551 1552/1555
  77        9240         120 out  498  160  498     2     0      0
                   Group #1:      249   80  249                     4.1e-16    2e-16
                   Group #2:      249   80  249                     2.4e-16  1.7e-16
---------  当前进度:  92 % - 组装稀疏模式
Memory: 1552/1552 1553/1556
---------  当前进度:  92 % - 组装矩阵
---------  当前进度:  92 % - 约束处理
Memory: 1553/1553 1553/1556
---------  当前进度:  92 % - 组装矩阵
Memory: 1553/1553 1554/1556
  78        9360         120 out  504  162  504     2     0      0
                   Group #1:      252   81  252                       4e-16  2.7e-16
                   Group #2:      252   81  252                       3e-16  1.5e-16
---------  当前进度:  93 % - 组装矩阵
Memory: 1554/1554 1554/1557
  79        9480         120 out  510  164  510     2     0      0
                   Group #1:      255   82  255                     3.7e-16  2.1e-16
                   Group #2:      255   82  255                     2.8e-16  1.7e-16
  80        9600         120 out  516  166  516     2     0      0
                   Group #1:      258   83  258                     4.2e-16    2e-16
                   Group #2:      258   83  258                     2.8e-16  1.7e-16
---------  当前进度:  94 % - 组装矩阵
Memory: 1556/1556 1556/1559
  81        9720         120 out  524  168  524     2     0      0
                   Group #1:      262   84  262                     4.1e-16  2.6e-16
                   Group #2:      262   84  262                     3.1e-16  1.3e-16
  82        9840         120 out  530  170  530     2     0      0
                   Group #1:      265   85  265                     3.8e-16  3.1e-16
                   Group #2:      265   85  265                     3.2e-16  1.4e-16
---------  当前进度:  95 % - 组装矩阵
Memory: 1559/1559 1559/1562
  83        9960         120 out  536  172  536     2     0      0
                   Group #1:      268   86  268                       4e-16  2.2e-16
                   Group #2:      268   86  268                     2.7e-16  1.5e-16
  84       10080         120 out  544  174  544     2     0      0
                   Group #1:      272   87  272                     3.8e-16  2.5e-16
                   Group #2:      272   87  272                     3.2e-16  1.3e-16
---------  当前进度:  96 % - 组装矩阵
Memory: 1562/1562 1562/1565
  85       10200         120 out  552  176  552     2     0      0
                   Group #1:      276   88  276                       4e-16  3.1e-16
                   Group #2:      276   88  276                     3.7e-16  1.5e-16
---------  当前进度:  96 % - 组装稀疏模式
Memory: 1564/1564 1564/1566
---------  当前进度:  96 % - 组装矩阵
  86       10320         120 out  560  178  560     2     0      0
                   Group #1:      280   89  280                     4.1e-16  3.5e-16
                   Group #2:      280   89  280                     3.4e-16  1.5e-16
---------  当前进度:  97 % - 组装矩阵
Memory: 1566/1566 1565/1568
  87       10440         120 out  566  180  566     2     0      0
                   Group #1:      283   90  283                     4.1e-16  3.4e-16
                   Group #2:      283   90  283                       3e-16  1.5e-16
  88       10560         120 out  572  182  572     2     0      0
                   Group #1:      286   91  286                     3.9e-16  2.1e-16
                   Group #2:      286   91  286                     2.7e-16  1.9e-16
---------  当前进度:  98 % - 组装矩阵
Memory: 1568/1568 1568/1570
  89       10680         120 out  578  184  578     2     0      0
                   Group #1:      289   92  289                       4e-16  2.8e-16
                   Group #2:      289   92  289                     2.7e-16    2e-16
---------  当前进度:  98 % - 组装稀疏模式
Memory: 1571/1571 1570/1573
---------  当前进度:  98 % - 组装矩阵
  90       10800         120 out  586  186  586     2     0      0
                   Group #1:      293   93  293                     4.1e-16  3.8e-16
                   Group #2:      293   93  293                     3.7e-16  1.5e-16
---------  当前进度:  99 % - 组装矩阵
Memory: 1573/1573 1573/1575
  91       10920         120 out  592  188  592     2     0      0
                   Group #1:      296   94  296                     4.5e-16    4e-16
                   Group #2:      296   94  296                       3e-16  1.5e-16
  92       11040         120 out  598  190  598     2     0      0
                   Group #1:      299   95  299                     4.1e-16  2.5e-16
                   Group #2:      299   95  299                     2.4e-16  1.4e-16
时间步进已完成。
---------- 当前进度: 100 % - 
Memory: 1579/1579 1578/1581
求解时间：628 s。 （10 分钟，28 秒）
物理内存: 1.58 GB
虚拟内存: 1.58 GB
结束时间：2026年9月30日 上午7:40:40。
----- O: orbital transient, 2.0 orbits/解 4 (sol4) 中的“瞬态求解器 2” ----------------->
           当前进度:   0 % - 
Memory: 1608/1609 1607/1608
---------- 当前进度: 100 % - 计算
           当前进度:   0 % - 
Memory: 1613/1614 1612/1613
---------- 当前进度: 100 % - 计算
           当前进度:   0 % - 
Memory: 1634/1638 1633/1637
---------- 当前进度: 100 % - 计算
           当前进度:   0 % - 
---------- 当前进度: 100 % - 计算
           当前进度:   0 % - 
Memory: 1657/1657 1658/1658
---------- 当前进度: 100 % - 计算
           当前进度:   0 % - 
Memory: 1659/1659 1658/1658
---------- 当前进度: 100 % - 计算
Memory: 1656/1659 1656/1658
           当前进度:   0 % - 
---------- 当前进度: 100 % - 计算
           当前进度:   0 % - 
Memory: 1675/1675 1675/1675
---------- 当前进度: 100 % - 计算
           当前进度:   0 % - 
Memory: 1676/1676 1676/1676
---------- 当前进度: 100 % - 计算
<---- O: orbital transient, 2.0 orbits/解 4 (sol4) 中的“编译方程: 轨道温度” ---------------
开始于 2026年9月30日 上午7:40:42。
几何形函数: 二次拉格朗日单元
几何形函数: 二次拉格朗日单元
在 AMD64 Family 25 Model 117 Stepping 2, AuthenticAMD 上运行。
在以下位置使用 1 个插槽： MarkLiu 上（共 1 个内核）。
可用内存：32.38 GB。
           当前进度:   0 % - 生成方程
Memory: 1677/1677 1676/1676
在 AMD64 Family 25 Model 117 Stepping 2, AuthenticAMD 上运行。
在以下位置使用 1 个插槽： MarkLiu 上（共 1 个内核）。
可用内存：32.38 GB。
           当前进度:   2 % - 编译方程: 轨道温度
Memory: 1880/1882 1880/1881
           当前进度:   2 % - 正在创建可视化网格
Memory: 1882/1884 1882/1884
时间：2。
物理内存: 1.88 GB
虚拟内存: 1.88 GB
结束时间：2026年9月30日 上午7:40:45。
----- O: orbital transient, 2.0 orbits/解 4 (sol4) 中的“编译方程: 轨道温度” -------------->
<---- O: orbital transient, 2.0 orbits/解 4 (sol4) 中的“因变量 2” --------------------
开始于 2026年9月30日 上午7:40:45。
待求解变量的初始值: 解 4 (sol4), 解存储 2 (sol5), t=11040 s [自动（单一解）].
不求解变量的值: 解 4 (sol4), 解存储 2 (sol5), t=11040 s [自动（单一解）].
           当前进度:   2 % - 因变量 2
Memory: 1884/1887 1883/1886
求解时间：0 s。
物理内存: 1.89 GB
虚拟内存: 1.89 GB
结束时间：2026年9月30日 上午7:40:45。
----- O: orbital transient, 2.0 orbits/解 4 (sol4) 中的“因变量 2” ------------------->
<---- O: orbital transient, 2.0 orbits/解 4 (sol4) 中的“瞬态求解器 2” ------------------
开始于 2026年9月30日 上午7:40:45。
瞬态求解器 (BDF)
           当前进度:   4 % - 瞬态求解器 2
Memory: 1553/1887 1554/1887
求解的自由度数：6246。
           当前进度:   4 % - 组装稀疏模式
Memory: 1324/1887 1322/1887
           当前进度:   4 % - 组装矩阵
Memory: 1326/1887 1324/1887
找到非对称矩阵。
缩放因变量：
温度 (comp1.T2): 3e+02
NH3 panel outlet temperatures (K) (comp1.ODE1): 3e+02
已使用正交零空间函数。
           当前进度:   4 % - 约束处理
Memory: 1327/1887 1324/1887
找到对称矩阵。
缩放因变量：
表面辐射度，下侧 (comp1.otl.ds_hrs.Jd_band): 1.2e+02
表面辐射度，上侧 (comp1.otl.ds_hrs.Ju_band): 1.2e+02
已使用正交零空间函数。
           当前进度:   4 % - 组装矩阵
Memory: 1327/1887 1325/1887
找到对称矩阵。
指示器状态的比例：
comp1.otl.inEclipse_event: 4e+05
comp1.otl.outEclipse_event: 4e+05
Step        Time    Stepsize      Res  Jac  Sol Order Tfail NLfail   LinErr   LinRes
           当前进度:   4 % - 约束处理
Memory: 1342/1887 1349/1887
           当前进度:   4 % - 组装稀疏模式
           当前进度:   4 % - 组装矩阵
Memory: 1348/1887 1355/1887
           当前进度:   4 % - 求解线性方程组
Memory: 1350/1887 1357/1887
           当前进度:   4 % - 组装矩阵
Memory: 1352/1887 1358/1887
   0           0           - out   18    6   18                  0
                   Group #1:        9    3    9                     4.6e-16    2e-16
                   Group #2:        9    3    9                     3.5e-16  1.4e-16
指示器状态的比例：
comp1.otl.inEclipse_event: 4e+05
comp1.otl.outEclipse_event: 4e+05
   1         120         120 out   26    8   26     1     0      0
                   Group #1:       13    4   13                     1.4e-15  1.3e-16
                   Group #2:       13    4   13                     3.4e-16  1.3e-16
           当前进度:   5 % - 组装矩阵
Memory: 1379/1887 1388/1887
           当前进度:   5 % - 组装稀疏模式
Memory: 1388/1887 1399/1887
           当前进度:   5 % - 组装矩阵
Memory: 1392/1887 1405/1887
   2         240         120 out   34   10   34     1     0      0
                   Group #1:       17    5   17                     1.4e-15  1.6e-16
                   Group #2:       17    5   17                     3.4e-16  1.4e-16
           当前进度:   6 % - 组装矩阵
Memory: 1401/1887 1411/1887
   3         360         120 out   42   12   42     2     0      0
                   Group #1:       21    6   21                     1.2e-15  1.7e-16
                   Group #2:       21    6   21                     3.4e-16  1.4e-16
           当前进度:   7 % - 组装矩阵
Memory: 1405/1887 1415/1887
           当前进度:   7 % - 组装稀疏模式
Memory: 1406/1887 1416/1887
           当前进度:   7 % - 组装矩阵
   4         480         120 out   50   14   50     2     0      0
                   Group #1:       25    7   25                       4e-16  3.1e-16
                   Group #2:       25    7   25                     3.3e-16  1.4e-16
           当前进度:   8 % - 组装矩阵
Memory: 1414/1887 1423/1887
           当前进度:   8 % - 组装稀疏模式
           当前进度:   8 % - 组装矩阵
   5         600         120 out   56   16   56     2     0      0
                   Group #1:       28    8   28                     4.2e-16  2.4e-16
                   Group #2:       28    8   28                     3.3e-16  1.4e-16
           当前进度:   9 % - 组装矩阵
Memory: 1416/1887 1423/1887
   6         720         120 out   62   18   62     2     0      0
                   Group #1:       31    9   31                       4e-16  2.2e-16
                   Group #2:       31    9   31                     3.2e-16  1.5e-16
-          当前进度:  10 % - 组装矩阵
Memory: 1418/1887 1427/1887
   7         840         120 out   68   20   68     2     0      0
                   Group #1:       34   10   34                       4e-16  2.3e-16
                   Group #2:       34   10   34                     2.7e-16  1.7e-16
-          当前进度:  11 % - 组装矩阵
Memory: 1421/1887 1430/1887
   8         960         120 out   74   22   74     2     0      0
                   Group #1:       37   11   37                       4e-16  2.4e-16
                   Group #2:       37   11   37                     2.6e-16  1.5e-16
-          当前进度:  12 % - 组装矩阵
Memory: 1424/1887 1434/1887
   9        1080         120 out   80   24   80     2     0      0
                   Group #1:       40   12   40                     4.2e-16  3.2e-16
                   Group #2:       40   12   40                     2.8e-16  1.3e-16
-          当前进度:  13 % - 组装矩阵
Memory: 1428/1887 1437/1887
  10        1200         120 out   86   26   86     2     0      0
                   Group #1:       43   13   43                       4e-16    2e-16
                   Group #2:       43   13   43                     2.5e-16  1.5e-16
-          当前进度:  14 % - 组装矩阵
Memory: 1430/1887 1439/1887
  11        1320         120 out   94   28   94     2     0      0
                   Group #1:       47   14   47                     4.2e-16    3e-16
                   Group #2:       47   14   47                     3.3e-16  1.4e-16
-          当前进度:  15 % - 组装矩阵
Memory: 1434/1887 1441/1887
  12        1440         120 out  100   30  100     2     0      0
                   Group #1:       50   15   50                     4.5e-16  2.1e-16
                   Group #2:       50   15   50                     2.8e-16  1.5e-16
-          当前进度:  16 % - 组装矩阵
Memory: 1437/1887 1444/1887
  13        1560         120 out  106   32  106     2     0      0
                   Group #1:       53   16   53                     4.1e-16  2.1e-16
                   Group #2:       53   16   53                     2.9e-16  1.5e-16
-          当前进度:  17 % - 组装矩阵
Memory: 1441/1887 1447/1887
  14        1680         120 out  112   34  112     2     0      0
                   Group #1:       56   17   56                     4.2e-16  2.1e-16
                   Group #2:       56   17   56                     2.8e-16  1.7e-16
-          当前进度:  18 % - 组装矩阵
Memory: 1443/1887 1449/1887
  15        1800         120 out  120   36  120     2     0      0
                   Group #1:       60   18   60                     4.3e-16  2.4e-16
                   Group #2:       60   18   60                     3.4e-16  1.4e-16
--         当前进度:  20 % - 组装矩阵
Memory: 1447/1887 1452/1887
--         当前进度:  20 % - 矩阵分解
--         当前进度:  20 % - 组装矩阵
Memory: 1448/1887 1453/1887
  16        1920         120 out  126   38  126     2     0      0
                   Group #1:       63   19   63                     4.1e-16  1.9e-16
                   Group #2:       63   19   63                     2.4e-16  1.5e-16
--         当前进度:  21 % - 组装矩阵
Memory: 1450/1887 1455/1887
  17        2040         120 out  132   40  132     2     0      0
                   Group #1:       66   20   66                       4e-16  1.9e-16
                   Group #2:       66   20   66                     2.7e-16  1.6e-16
--         当前进度:  22 % - 组装矩阵
Memory: 1454/1887 1467/1887
--         当前进度:  22 % - 组装稀疏模式
Memory: 1455/1887 1468/1887
--         当前进度:  22 % - 组装矩阵
  18        2160         120 out  138   42  138     2     0      0
                   Group #1:       69   21   69                       4e-16  1.9e-16
                   Group #2:       69   21   69                     2.8e-16    2e-16
--         当前进度:  23 % - 组装矩阵
Memory: 1458/1887 1470/1887
  19        2280         120 out  144   44  144     2     0      0
                   Group #1:       72   22   72                     3.8e-16    2e-16
                   Group #2:       72   22   72                     2.9e-16  2.1e-16
--         当前进度:  24 % - 组装矩阵
Memory: 1461/1887 1473/1887
--         当前进度:  24 % - 组装稀疏模式
Memory: 1462/1887 1474/1887
--         当前进度:  24 % - 组装矩阵
  20        2400         120 out  150   46  150     2     0      0
                   Group #1:       75   23   75                     3.9e-16    2e-16
                   Group #2:       75   23   75                     2.5e-16  1.8e-16
--         当前进度:  25 % - 组装矩阵
Memory: 1465/1887 1475/1887
  21        2520         120 out  156   48  156     2     0      0
                   Group #1:       78   24   78                     3.4e-16    2e-16
                   Group #2:       78   24   78                     2.7e-16  1.7e-16
--         当前进度:  26 % - 组装矩阵
Memory: 1468/1887 1478/1887
  22        2640         120 out  162   50  162     2     0      0
                   Group #1:       81   25   81                     4.2e-16  2.3e-16
                   Group #2:       81   25   81                     2.7e-16  1.6e-16
--         当前进度:  27 % - 组装矩阵
Memory: 1471/1887 1482/1887
--         当前进度:  27 % - 组装稀疏模式
Memory: 1472/1887 1482/1887
--         当前进度:  27 % - 组装矩阵
  23        2760         120 out  168   52  168     2     0      0
                   Group #1:       84   26   84                     3.8e-16  2.4e-16
                   Group #2:       84   26   84                     2.5e-16  1.3e-16
--         当前进度:  28 % - 组装矩阵
Memory: 1475/1887 1485/1887
  24        2880         120 out  172   54  172     2     0      0
                   Group #1:       86   27   86                     4.4e-16  2.7e-16
                   Group #2:       86   27   86                     2.5e-16  1.9e-16
--         当前进度:  29 % - 组装矩阵
Memory: 1477/1887 1487/1887
--         当前进度:  29 % - 组装稀疏模式
Memory: 1478/1887 1487/1887
--         当前进度:  29 % - 组装矩阵
  25        3000         120 out  176   56  176     2     0      0
                   Group #1:       88   28   88                     3.8e-16  2.5e-16
                   Group #2:       88   28   88                     2.1e-16  1.8e-16
---        当前进度:  30 % - 组装矩阵
Memory: 1480/1887 1489/1887
  26        3120         120 out  182   58  182     2     0      0
                   Group #1:       91   29   91                     3.8e-16  2.2e-16
                   Group #2:       91   29   91                     2.8e-16  1.5e-16
---        当前进度:  31 % - 组装矩阵
Memory: 1483/1887 1493/1887
  27        3240         120 out  188   60  188     2     0      0
                   Group #1:       94   30   94                     3.5e-16  1.9e-16
                   Group #2:       94   30   94                     2.2e-16  1.7e-16
---        当前进度:  32 % - 组装矩阵
Memory: 1486/1887 1495/1887
  28        3360         120 out  194   62  194     2     0      0
                   Group #1:       97   31   97                     3.5e-16  2.1e-16
                   Group #2:       97   31   97                     2.3e-16  1.5e-16
---        当前进度:  33 % - 组装矩阵
Memory: 1490/1887 1499/1887
---        当前进度:  33 % - 组装稀疏模式
Memory: 1491/1887 1500/1887
---        当前进度:  33 % - 组装矩阵
---        当前进度:  33 % - 求解线性方程组
Memory: 1494/1887 1503/1887
  29        3480         120 out  200   64  200     2     0      0
                   Group #1:      100   32  100                     3.9e-16  2.1e-16
                   Group #2:      100   32  100                     2.5e-16  1.7e-16
---        当前进度:  34 % - 组装矩阵
  30        3600         120 out  206   66  206     2     0      0
                   Group #1:      103   33  103                     3.9e-16  1.9e-16
                   Group #2:      103   33  103                     2.8e-16  2.1e-16
---        当前进度:  35 % - 组装矩阵
Memory: 1497/1887 1506/1887
  31        3720         120 out  212   68  212     2     0      0
                   Group #1:      106   34  106                     3.8e-16  2.2e-16
                   Group #2:      106   34  106                     2.5e-16  1.5e-16
---        当前进度:  36 % - 组装矩阵
Memory: 1501/1887 1510/1887
  32        3840         120 out  218   70  218     2     0      0
                   Group #1:      109   35  109                       4e-16  2.5e-16
                   Group #2:      109   35  109                       3e-16  1.5e-16
---        当前进度:  37 % - 组装矩阵
Memory: 1505/1887 1514/1887
  33        3960         120 out  224   72  224     2     0      0
                   Group #1:      112   36  112                     3.5e-16  1.9e-16
                   Group #2:      112   36  112                     2.5e-16  1.6e-16
---        当前进度:  38 % - 组装矩阵
Memory: 1509/1887 1516/1887
  34        4080         120 out  232   74  232     2     0      0
                   Group #1:      116   37  116                     3.9e-16  2.3e-16
                   Group #2:      116   37  116                     3.4e-16  1.4e-16
---        当前进度:  39 % - 组装矩阵
Memory: 1513/1887 1520/1887
  35        4200         120 out  238   76  238     2     0      0
                   Group #1:      119   38  119                       4e-16  1.9e-16
                   Group #2:      119   38  119                     2.8e-16  1.5e-16
----       当前进度:  40 % - 组装矩阵
Memory: 1517/1887 1524/1887
  36        4320         120 out  244   78  244     2     0      0
                   Group #1:      122   39  122                     3.8e-16  2.1e-16
                   Group #2:      122   39  122                     2.9e-16  1.5e-16
----       当前进度:  41 % - 组装矩阵
Memory: 1521/1887 1528/1887
  37        4440         120 out  250   80  250     2     0      0
                   Group #1:      125   40  125                     4.1e-16    2e-16
                   Group #2:      125   40  125                     2.7e-16  1.7e-16
----       当前进度:  43 % - 组装矩阵
Memory: 1523/1887 1529/1887
  38        4560         120 out  258   82  258     2     0      0
                   Group #1:      129   41  129                     3.8e-16  2.8e-16
                   Group #2:      129   41  129                     3.1e-16  1.3e-16
----       当前进度:  44 % - 组装矩阵
Memory: 1525/1887 1531/1887
  39        4680         120 out  264   84  264     2     0      0
                   Group #1:      132   42  132                     3.8e-16    2e-16
                   Group #2:      132   42  132                     2.8e-16  1.5e-16
----       当前进度:  45 % - 组装矩阵
Memory: 1526/1887 1532/1887
----       当前进度:  45 % - 组装稀疏模式
Memory: 1527/1887 1533/1887
----       当前进度:  45 % - 组装矩阵
  40        4800         120 out  270   86  270     2     0      0
                   Group #1:      135   43  135                     3.8e-16  2.4e-16
                   Group #2:      135   43  135                     2.4e-16  1.5e-16
----       当前进度:  46 % - 组装矩阵
Memory: 1528/1887 1534/1887
  41        4920         120 out  276   88  276     2     0      0
                   Group #1:      138   44  138                     3.7e-16    2e-16
                   Group #2:      138   44  138                     2.2e-16  1.7e-16
----       当前进度:  47 % - 组装矩阵
Memory: 1528/1887 1535/1887
----       当前进度:  47 % - 组装稀疏模式
Memory: 1529/1887 1535/1887
----       当前进度:  47 % - 组装矩阵
  42        5040         120 out  282   90  282     2     0      0
                   Group #1:      141   45  141                     3.7e-16  2.9e-16
                   Group #2:      141   45  141                     2.8e-16  1.6e-16
----       当前进度:  48 % - 组装矩阵
Memory: 1530/1887 1536/1887
  43        5160         120 out  288   92  288     2     0      0
                   Group #1:      144   46  144                     4.1e-16  3.4e-16
                   Group #2:      144   46  144                     2.8e-16  1.6e-16
----       当前进度:  49 % - 组装矩阵
Memory: 1531/1887 1537/1887
  44        5280         120 out  296   94  296     2     0      0
                   Group #1:      148   47  148                     4.1e-16    4e-16
                   Group #2:      148   47  148                     3.2e-16  1.4e-16
-----      当前进度:  50 % - 组装矩阵
Memory: 1532/1887 1538/1887
  45        5400         120 out  304   96  304     2     0      0
                   Group #1:      152   48  152                     4.2e-16  3.6e-16
                   Group #2:      152   48  152                     3.4e-16  1.4e-16
-----      当前进度:  51 % - 组装矩阵
Memory: 1533/1887 1539/1887
-----      当前进度:  51 % - 组装稀疏模式
-----      当前进度:  51 % - 组装矩阵
  46        5520         120 out  310   98  310     2     0      0
                   Group #1:      155   49  155                     4.3e-16    4e-16
                   Group #2:      155   49  155                     3.1e-16  1.5e-16
-----      当前进度:  52 % - 组装矩阵
Memory: 1535/1887 1539/1887
  47        5640         120 out  316  100  316     2     0      0
                   Group #1:      158   50  158                     3.8e-16  3.7e-16
                   Group #2:      158   50  158                     2.5e-16  1.5e-16
-----      当前进度:  53 % - 组装矩阵
Memory: 1536/1887 1540/1887
  48        5760         120 out  322  102  322     2     0      0
                   Group #1:      161   51  161                     4.1e-16  4.2e-16
                   Group #2:      161   51  161                     2.7e-16  1.5e-16
-----      当前进度:  54 % - 组装矩阵
Memory: 1540/1887 1543/1887
  49        5880         120 out  328  104  328     2     0      0
                   Group #1:      164   52  164                     3.8e-16  3.5e-16
                   Group #2:      164   52  164                     2.7e-16  1.4e-16
-----      当前进度:  55 % - 组装矩阵
  50        6000         120 out  334  106  334     2     0      0
                   Group #1:      167   53  167                       4e-16  3.3e-16
                   Group #2:      167   53  167                     2.6e-16  1.5e-16
-----      当前进度:  56 % - 组装矩阵
Memory: 1541/1887 1544/1887
  51        6120         120 out  340  108  340     2     0      0
                   Group #1:      170   54  170                     3.1e-16  2.1e-16
                   Group #2:      170   54  170                     2.4e-16  1.5e-16
-----      当前进度:  57 % - 组装矩阵
Memory: 1542/1887 1545/1887
  52        6240         120 out  346  110  346     2     0      0
                   Group #1:      173   55  173                       4e-16  2.4e-16
                   Group #2:      173   55  173                     2.9e-16    2e-16
-----      当前进度:  58 % - 组装矩阵
Memory: 1543/1887 1546/1887
  53        6360         120 out  352  112  352     2     0      0
                   Group #1:      176   56  176                       4e-16  2.1e-16
                   Group #2:      176   56  176                     2.6e-16  2.2e-16
-----      当前进度:  59 % - 组装矩阵
Memory: 1544/1887 1547/1887
  54        6480         120 out  358  114  358     2     0      0
                   Group #1:      179   57  179                     3.6e-16  1.9e-16
                   Group #2:      179   57  179                     2.4e-16  1.7e-16
------     当前进度:  60 % - 组装矩阵
Memory: 1545/1887 1548/1887
------     当前进度:  60 % - 组装稀疏模式
Memory: 1546/1887 1548/1887
------     当前进度:  60 % - 组装矩阵
  55        6600         120 out  364  116  364     2     0      0
                   Group #1:      182   58  182                     3.9e-16  3.4e-16
                   Group #2:      182   58  182                       3e-16  1.4e-16
------     当前进度:  61 % - 组装矩阵
Memory: 1547/1887 1549/1887
  56        6720         120 out  370  118  370     2     0      0
                   Group #1:      185   59  185                     3.9e-16  2.7e-16
                   Group #2:      185   59  185                     2.9e-16  1.6e-16
------     当前进度:  62 % - 组装矩阵
Memory: 1548/1887 1550/1887
  57        6840         120 out  378  120  378     2     0      0
                   Group #1:      189   60  189                     3.9e-16  2.8e-16
                   Group #2:      189   60  189                     3.4e-16  1.4e-16
------     当前进度:  63 % - 组装矩阵
Memory: 1550/1887 1552/1887
  58        6960         120 out  384  122  384     2     0      0
                   Group #1:      192   61  192                       4e-16  2.1e-16
                   Group #2:      192   61  192                     2.9e-16  1.6e-16
------     当前进度:  64 % - 组装矩阵
Memory: 1551/1887 1553/1887
------     当前进度:  64 % - 组装稀疏模式
------     当前进度:  64 % - 组装矩阵
  59        7080         120 out  390  124  390     2     0      0
                   Group #1:      195   62  195                     4.2e-16    3e-16
                   Group #2:      195   62  195                       3e-16  1.4e-16
------     当前进度:  66 % - 组装矩阵
Memory: 1552/1887 1554/1887
  60        7200         120 out  396  126  396     2     0      0
                   Group #1:      198   63  198                     4.4e-16  2.2e-16
                   Group #2:      198   63  198                       3e-16  1.5e-16
------     当前进度:  67 % - 组装矩阵
Memory: 1554/1887 1556/1887
------     当前进度:  67 % - 求解线性方程组
Memory: 1554/1887 1557/1887
------     当前进度:  67 % - 组装矩阵
Memory: 1555/1887 1557/1887
  61        7320         120 out  404  128  404     2     0      0
                   Group #1:      202   64  202                     3.9e-16  2.2e-16
                   Group #2:      202   64  202                     3.4e-16  1.5e-16
------     当前进度:  68 % - 组装矩阵
  62        7440         120 out  410  130  410     2     0      0
                   Group #1:      205   65  205                     3.9e-16    2e-16
                   Group #2:      205   65  205                     2.8e-16  1.5e-16
------     当前进度:  69 % - 组装矩阵
Memory: 1557/1887 1559/1887
------     当前进度:  69 % - 组装稀疏模式
------     当前进度:  69 % - 组装矩阵
  63        7560         120 out  416  132  416     2     0      0
                   Group #1:      208   66  208                     3.8e-16  2.3e-16
                   Group #2:      208   66  208                     2.7e-16  1.4e-16
-------    当前进度:  70 % - 组装矩阵
Memory: 1558/1887 1560/1887
  64        7680         120 out  422  134  422     2     0      0
                   Group #1:      211   67  211                     4.3e-16  2.2e-16
                   Group #2:      211   67  211                     2.7e-16  1.7e-16
-------    当前进度:  71 % - 组装矩阵
Memory: 1560/1887 1562/1887
  65        7800         120 out  428  136  428     2     0      0
                   Group #1:      214   68  214                     3.5e-16  1.9e-16
                   Group #2:      214   68  214                       3e-16  2.2e-16
-------    当前进度:  72 % - 组装矩阵
Memory: 1562/1887 1564/1887
-------    当前进度:  72 % - 组装稀疏模式
Memory: 1563/1887 1565/1887
-------    当前进度:  72 % - 组装矩阵
  66        7920         120 out  434  138  434     2     0      0
                   Group #1:      217   69  217                     3.4e-16  1.9e-16
                   Group #2:      217   69  217                     2.6e-16  1.9e-16
-------    当前进度:  73 % - 组装矩阵
Memory: 1565/1887 1567/1887
  67        8040         120 out  440  140  440     2     0      0
                   Group #1:      220   70  220                     4.1e-16  2.4e-16
                   Group #2:      220   70  220                     2.6e-16  1.5e-16
-------    当前进度:  74 % - 组装矩阵
Memory: 1567/1887 1569/1887
  68        8160         120 out  446  142  446     2     0      0
                   Group #1:      223   71  223                     3.6e-16  2.1e-16
                   Group #2:      223   71  223                     2.3e-16  1.4e-16
-------    当前进度:  75 % - 组装矩阵
Memory: 1569/1887 1571/1887
  69        8280         120 out  452  144  452     2     0      0
                   Group #1:      226   72  226                     3.7e-16    2e-16
                   Group #2:      226   72  226                     2.8e-16  1.6e-16
-------    当前进度:  76 % - 组装矩阵
Memory: 1572/1887 1574/1887
  70        8400         120 out  456  146  456     2     0      0
                   Group #1:      228   73  228                     3.1e-16  2.2e-16
                   Group #2:      228   73  228                     2.2e-16  1.6e-16
-------    当前进度:  77 % - 组装矩阵
Memory: 1574/1887 1575/1887
-------    当前进度:  77 % - 组装稀疏模式
Memory: 1574/1887 1576/1887
-------    当前进度:  77 % - 组装矩阵
  71        8520         120 out  458  148  458     2     0      0
                   Group #1:      229   74  229                     3.6e-16  2.3e-16
                   Group #2:      229   74  229                     2.3e-16  1.6e-16
-------    当前进度:  78 % - 组装矩阵
  72        8640         120 out  464  150  464     2     0      0
                   Group #1:      232   75  232                     3.7e-16  2.3e-16
                   Group #2:      232   75  232                     2.9e-16  1.5e-16
-------    当前进度:  79 % - 组装矩阵
Memory: 1577/1887 1578/1887
  73        8760         120 out  470  152  470     2     0      0
                   Group #1:      235   76  235                     2.9e-16  1.7e-16
                   Group #2:      235   76  235                     2.1e-16  1.3e-16
--------   当前进度:  80 % - 组装矩阵
Memory: 1579/1887 1581/1887
  74        8880         120 out  476  154  476     2     0      0
                   Group #1:      238   77  238                     3.3e-16  2.1e-16
                   Group #2:      238   77  238                     2.2e-16  1.4e-16
--------   当前进度:  81 % - 组装矩阵
Memory: 1581/1887 1583/1887
  75        9000         120 out  482  156  482     2     0      0
                   Group #1:      241   78  241                     3.5e-16  2.2e-16
                   Group #2:      241   78  241                     2.4e-16  1.8e-16
--------   当前进度:  82 % - 组装矩阵
Memory: 1584/1887 1586/1887
  76        9120         120 out  488  158  488     2     0      0
                   Group #1:      244   79  244                     3.7e-16  2.1e-16
                   Group #2:      244   79  244                     2.9e-16  2.4e-16
--------   当前进度:  83 % - 组装矩阵
Memory: 1587/1887 1588/1887
  77        9240         120 out  494  160  494     2     0      0
                   Group #1:      247   80  247                     3.6e-16    2e-16
                   Group #2:      247   80  247                     2.7e-16  1.8e-16
--------   当前进度:  84 % - 组装矩阵
Memory: 1590/1887 1591/1887
  78        9360         120 out  500  162  500     2     0      0
                   Group #1:      250   81  250                     3.9e-16  2.8e-16
                   Group #2:      250   81  250                       3e-16  1.5e-16
--------   当前进度:  85 % - 组装矩阵
Memory: 1594/1887 1595/1887
  79        9480         120 out  506  164  506     2     0      0
                   Group #1:      253   82  253                     3.6e-16    2e-16
                   Group #2:      253   82  253                     2.8e-16  1.6e-16
--------   当前进度:  86 % - 组装矩阵
Memory: 1597/1887 1599/1887
  80        9600         120 out  512  166  512     2     0      0
                   Group #1:      256   83  256                     3.5e-16  1.8e-16
                   Group #2:      256   83  256                     2.8e-16  1.7e-16
--------   当前进度:  87 % - 组装矩阵
Memory: 1600/1887 1602/1887
--------   当前进度:  87 % - 求解线性方程组
Memory: 1603/1887 1605/1887
--------   当前进度:  87 % - 组装矩阵
  81        9720         120 out  520  168  520     2     0      0
                   Group #1:      260   84  260                     4.3e-16  2.7e-16
                   Group #2:      260   84  260                     3.5e-16  1.4e-16
--------   当前进度:  89 % - 组装矩阵
Memory: 1605/1887 1607/1887
  82        9840         120 out  526  170  526     2     0      0
                   Group #1:      263   85  263                       4e-16  3.2e-16
                   Group #2:      263   85  263                     3.2e-16  1.4e-16
---------  当前进度:  90 % - 组装矩阵
Memory: 1609/1887 1610/1887
  83        9960         120 out  532  172  532     2     0      0
                   Group #1:      266   86  266                     4.1e-16  2.2e-16
                   Group #2:      266   86  266                     2.8e-16  1.5e-16
---------  当前进度:  91 % - 组装矩阵
Memory: 1612/1887 1614/1887
  84       10080         120 out  540  174  540     2     0      0
                   Group #1:      270   87  270                     4.2e-16  2.7e-16
                   Group #2:      270   87  270                     3.3e-16  1.4e-16
---------  当前进度:  92 % - 组装矩阵
Memory: 1618/1887 1619/1887
  85       10200         120 out  548  176  548     2     0      0
                   Group #1:      274   88  274                     4.2e-16  3.4e-16
                   Group #2:      274   88  274                     3.4e-16  1.4e-16
---------  当前进度:  93 % - 组装矩阵
Memory: 1619/1887 1621/1887
  86       10320         120 out  556  178  556     2     0      0
                   Group #1:      278   89  278                       4e-16  3.5e-16
                   Group #2:      278   89  278                     3.1e-16  1.4e-16
---------  当前进度:  94 % - 组装矩阵
Memory: 1621/1887 1622/1887
  87       10440         120 out  562  180  562     2     0      0
                   Group #1:      281   90  281                       4e-16  3.2e-16
                   Group #2:      281   90  281                     2.8e-16  1.4e-16
---------  当前进度:  95 % - 组装矩阵
Memory: 1622/1887 1624/1887
  88       10560         120 out  568  182  568     2     0      0
                   Group #1:      284   91  284                       4e-16  2.1e-16
                   Group #2:      284   91  284                     2.5e-16  1.9e-16
---------  当前进度:  96 % - 组装矩阵
Memory: 1623/1887 1624/1887
  89       10680         120 out  574  184  574     2     0      0
                   Group #1:      287   92  287                     3.8e-16  2.5e-16
                   Group #2:      287   92  287                     2.5e-16  1.9e-16
---------  当前进度:  97 % - 组装矩阵
Memory: 1624/1887 1634/1887
  90       10800         120 out  582  186  582     2     0      0
                   Group #1:      291   93  291                     3.7e-16  3.7e-16
                   Group #2:      291   93  291                     3.5e-16  1.5e-16
---------  当前进度:  98 % - 组装矩阵
Memory: 1625/1887 1635/1887
---------  当前进度:  98 % - 组装稀疏模式
Memory: 1626/1887 1635/1887
---------  当前进度:  98 % - 组装矩阵
  91       10920         120 out  588  188  588     2     0      0
                   Group #1:      294   94  294                     3.9e-16  3.5e-16
                   Group #2:      294   94  294                     2.8e-16  1.4e-16
---------  当前进度:  99 % - 组装矩阵
Memory: 1627/1887 1636/1887
  92       11040         120 out  594  190  594     2     0      0
                   Group #1:      297   95  297                     3.6e-16  2.2e-16
                   Group #2:      297   95  297                     2.5e-16  1.5e-16
时间步进已完成。
---------- 当前进度: 100 % - 
Memory: 1628/1887 1638/1887
求解时间：568 s。 （9 分钟，28 秒）
物理内存: 1.64 GB
虚拟内存: 1.64 GB
结束时间：2026年9月30日 上午7:50:13。
----- O: orbital transient, 2.0 orbits/解 4 (sol4) 中的“瞬态求解器 2” ----------------->
           当前进度:   0 % - 
Memory: 1644/1887 1652/1887
---------- 当前进度: 100 % - 计算
           当前进度:   0 % - 
---------- 当前进度: 100 % - 计算
           当前进度:   0 % - 
Memory: 1667/1887 1677/1887
---------- 当前进度: 100 % - 计算
           当前进度:   0 % - 
Memory: 1668/1887 1677/1887
---------- 当前进度: 100 % - 计算
           当前进度:   0 % - 
Memory: 1673/1887 1681/1887
---------- 当前进度: 100 % - 计算
Memory: 1673/1887 1682/1887
           当前进度:   0 % - 
Memory: 1699/1887 1709/1887
---------- 当前进度: 100 % - 计算
           当前进度:   0 % - 
Memory: 1702/1887 1711/1887
---------- 当前进度: 100 % - 计算
           当前进度:   0 % - 
---------- 当前进度: 100 % - 计算
           当前进度:   0 % - 
Memory: 1732/1887 1741/1887
---------- 当前进度: 100 % - 计算
<---- O: orbital transient, 2.0 orbits/解 4 (sol4) 中的“编译方程: 轨道温度” ---------------
开始于 2026年9月30日 上午7:50:15。
几何形函数: 二次拉格朗日单元
几何形函数: 二次拉格朗日单元
在 AMD64 Family 25 Model 117 Stepping 2, AuthenticAMD 上运行。
在以下位置使用 1 个插槽： MarkLiu 上（共 1 个内核）。
可用内存：32.38 GB。
           当前进度:   0 % - 生成方程
在 AMD64 Family 25 Model 117 Stepping 2, AuthenticAMD 上运行。
在以下位置使用 1 个插槽： MarkLiu 上（共 1 个内核）。
可用内存：32.38 GB。
           当前进度:   2 % - 编译方程: 轨道温度
Memory: 1829/1887 1838/1887
           当前进度:   2 % - 正在创建可视化网格
Memory: 1832/1887 1841/1887
时间：2。
物理内存: 1.84 GB
虚拟内存: 1.84 GB
结束时间：2026年9月30日 上午7:50:17。
----- O: orbital transient, 2.0 orbits/解 4 (sol4) 中的“编译方程: 轨道温度” -------------->
<---- O: orbital transient, 2.0 orbits/解 4 (sol4) 中的“因变量 2” --------------------
开始于 2026年9月30日 上午7:50:17。
待求解变量的初始值: 解 4 (sol4), 解存储 2 (sol5), t=11040 s [自动（单一解）].
不求解变量的值: 解 4 (sol4), 解存储 2 (sol5), t=11040 s [自动（单一解）].
           当前进度:   2 % - 因变量 2
Memory: 1836/1887 1844/1887
求解时间：0 s。
物理内存: 1.84 GB
虚拟内存: 1.84 GB
结束时间：2026年9月30日 上午7:50:17。
----- O: orbital transient, 2.0 orbits/解 4 (sol4) 中的“因变量 2” ------------------->
<---- O: orbital transient, 2.0 orbits/解 4 (sol4) 中的“瞬态求解器 2” ------------------
开始于 2026年9月30日 上午7:50:17。
瞬态求解器 (BDF)
           当前进度:   4 % - 瞬态求解器 2
Memory: 1838/1887 1846/1887
求解的自由度数：6246。
           当前进度:   4 % - 组装稀疏模式
Memory: 1838/1887 1847/1887
           当前进度:   4 % - 组装矩阵
Memory: 1842/1887 1850/1887
找到非对称矩阵。
缩放因变量：
温度 (comp1.T2): 3e+02
NH3 panel outlet temperatures (K) (comp1.ODE1): 3e+02
已使用正交零空间函数。
           当前进度:   4 % - 约束处理
Memory: 1842/1887 1851/1887
找到对称矩阵。
缩放因变量：
表面辐射度，下侧 (comp1.otl.ds_hrs.Jd_band): 1.2e+02
表面辐射度，上侧 (comp1.otl.ds_hrs.Ju_band): 1.2e+02
已使用正交零空间函数。
找到对称矩阵。
           当前进度:   4 % - 组装矩阵
Memory: 1844/1887 1852/1887
指示器状态的比例：
comp1.otl.inEclipse_event: 4e+05
comp1.otl.outEclipse_event: 4e+05
Step        Time    Stepsize      Res  Jac  Sol Order Tfail NLfail   LinErr   LinRes
           当前进度:   4 % - 组装稀疏模式
Memory: 1869/1887 1884/1887
           当前进度:   4 % - 
Memory: 1687/1887 1701/1891
           当前进度:   4 % - 组装矩阵
Memory: 1624/1887 1642/1891
   0           0           - out   18    6   18                  0
                   Group #1:        9    3    9                     4.4e-16  1.9e-16
                   Group #2:        9    3    9                     3.3e-16  1.4e-16
指示器状态的比例：
comp1.otl.inEclipse_event: 4e+05
comp1.otl.outEclipse_event: 4e+05
   1         120         120 out   26    8   26     1     0      0
                   Group #1:       13    4   13                     1.6e-15  1.4e-16
                   Group #2:       13    4   13                     3.3e-16  1.3e-16
           当前进度:   5 % - 组装矩阵
Memory: 1429/1887 1482/1891
           当前进度:   5 % - 组装稀疏模式
Memory: 1433/1887 1486/1891
           当前进度:   5 % - 组装矩阵
Memory: 1436/1887 1489/1891
   2         240         120 out   34   10   34     1     0      0
                   Group #1:       17    5   17                     1.5e-15  1.5e-16
                   Group #2:       17    5   17                     3.3e-16  1.4e-16
           当前进度:   6 % - 组装矩阵
Memory: 1443/1887 1495/1891
   3         360         120 out   42   12   42     2     0      0
                   Group #1:       21    6   21                     9.5e-16    2e-16
                   Group #2:       21    6   21                     3.3e-16  1.3e-16
           当前进度:   7 % - 组装矩阵
Memory: 1446/1887 1498/1891
   4         480         120 out   50   14   50     2     0      0
                   Group #1:       25    7   25                     4.3e-16  3.3e-16
                   Group #2:       25    7   25                     3.6e-16  1.5e-16
           当前进度:   8 % - 组装矩阵
Memory: 1451/1887 1503/1891
   5         600         120 out   56   16   56     2     0      0
                   Group #1:       28    8   28                     4.5e-16  2.5e-16
                   Group #2:       28    8   28                     3.4e-16  1.4e-16
           当前进度:   9 % - 组装矩阵
Memory: 1453/1887 1505/1891
   6         720         120 out   62   18   62     2     0      0
                   Group #1:       31    9   31                     3.9e-16  2.3e-16
                   Group #2:       31    9   31                     3.3e-16  1.4e-16
-          当前进度:  10 % - 组装矩阵
Memory: 1455/1887 1506/1891
   7         840         120 out   68   20   68     2     0      0
                   Group #1:       34   10   34                     3.9e-16  2.1e-16
                   Group #2:       34   10   34                     2.7e-16  1.6e-16
-          当前进度:  11 % - 组装矩阵
Memory: 1457/1887 1509/1891
   8         960         120 out   74   22   74     2     0      0
                   Group #1:       37   11   37                     4.1e-16  2.4e-16
                   Group #2:       37   11   37                     2.6e-16  1.5e-16
-          当前进度:  12 % - 组装矩阵
Memory: 1458/1887 1510/1891
   9        1080         120 out   80   24   80     2     0      0
                   Group #1:       40   12   40                     4.1e-16  3.1e-16
                   Group #2:       40   12   40                       3e-16  1.3e-16
-          当前进度:  13 % - 组装矩阵
Memory: 1460/1887 1513/1891
  10        1200         120 out   86   26   86     2     0      0
                   Group #1:       43   13   43                     4.2e-16  2.2e-16
                   Group #2:       43   13   43                     2.6e-16  1.5e-16
-          当前进度:  14 % - 组装矩阵
Memory: 1462/1887 1515/1891
  11        1320         120 out   94   28   94     2     0      0
                   Group #1:       47   14   47                       4e-16  3.1e-16
                   Group #2:       47   14   47                     3.3e-16  1.4e-16
-          当前进度:  15 % - 组装矩阵
Memory: 1466/1887 1519/1891
  12        1440         120 out  100   30  100     2     0      0
                   Group #1:       50   15   50                     4.2e-16  2.1e-16
                   Group #2:       50   15   50                     3.1e-16  1.6e-16
-          当前进度:  16 % - 组装矩阵
Memory: 1467/1887 1521/1891
  13        1560         120 out  106   32  106     2     0      0
                   Group #1:       53   16   53                     3.9e-16  2.2e-16
                   Group #2:       53   16   53                       3e-16  1.5e-16
-          当前进度:  17 % - 组装矩阵
Memory: 1470/1887 1524/1891
  14        1680         120 out  112   34  112     2     0      0
                   Group #1:       56   17   56                     4.3e-16  2.2e-16
                   Group #2:       56   17   56                     2.8e-16  1.6e-16
-          当前进度:  18 % - 组装矩阵
Memory: 1473/1887 1527/1891
  15        1800         120 out  120   36  120     2     0      0
                   Group #1:       60   18   60                     3.8e-16  2.2e-16
                   Group #2:       60   18   60                     3.3e-16  1.4e-16
--         当前进度:  20 % - 组装矩阵
Memory: 1477/1887 1532/1891
  16        1920         120 out  126   38  126     2     0      0
                   Group #1:       63   19   63                     3.7e-16  1.9e-16
                   Group #2:       63   19   63                     2.6e-16  1.6e-16
--         当前进度:  21 % - 组装矩阵
Memory: 1480/1887 1535/1891
--         当前进度:  21 % - 组装稀疏模式
--         当前进度:  21 % - 组装矩阵
  17        2040         120 out  132   40  132     2     0      0
                   Group #1:       66   20   66                     3.6e-16  1.8e-16
                   Group #2:       66   20   66                     2.5e-16  1.5e-16
--         当前进度:  22 % - 组装矩阵
Memory: 1483/1887 1538/1891
--         当前进度:  22 % - 组装稀疏模式
Memory: 1484/1887 1539/1891
--         当前进度:  22 % - 组装矩阵
  18        2160         120 out  138   42  138     2     0      0
                   Group #1:       69   21   69                     4.4e-16  2.1e-16
                   Group #2:       69   21   69                     2.7e-16  1.9e-16
--         当前进度:  23 % - 组装矩阵
Memory: 1487/1887 1543/1891
--         当前进度:  23 % - 求解线性方程组
Memory: 1488/1887 1544/1891
--         当前进度:  23 % - 组装矩阵
  19        2280         120 out  144   44  144     2     0      0
                   Group #1:       72   22   72                       4e-16  2.2e-16
                   Group #2:       72   22   72                     2.5e-16  1.8e-16
--         当前进度:  24 % - 组装矩阵
Memory: 1490/1887 1546/1891
  20        2400         120 out  150   46  150     2     0      0
                   Group #1:       75   23   75                     3.8e-16    2e-16
                   Group #2:       75   23   75                     2.8e-16    2e-16
--         当前进度:  25 % - 组装矩阵
Memory: 1494/1887 1549/1891
--         当前进度:  25 % - 矩阵分解
--         当前进度:  25 % - 组装矩阵
  21        2520         120 out  156   48  156     2     0      0
                   Group #1:       78   24   78                     4.2e-16  2.1e-16
                   Group #2:       78   24   78                     2.4e-16  1.4e-16
--         当前进度:  26 % - 组装矩阵
Memory: 1497/1887 1550/1891
  22        2640         120 out  162   50  162     2     0      0
                   Group #1:       81   25   81                     4.1e-16  2.2e-16
                   Group #2:       81   25   81                     2.8e-16  1.6e-16
--         当前进度:  27 % - 组装矩阵
Memory: 1500/1887 1552/1891
  23        2760         120 out  168   52  168     2     0      0
                   Group #1:       84   26   84                     3.7e-16    2e-16
                   Group #2:       84   26   84                     2.9e-16  1.6e-16
--         当前进度:  28 % - 组装矩阵
Memory: 1503/1887 1553/1891
  24        2880         120 out  172   54  172     2     0      0
                   Group #1:       86   27   86                     2.9e-16  2.2e-16
                   Group #2:       86   27   86                     2.4e-16  1.8e-16
--         当前进度:  29 % - 组装矩阵
Memory: 1505/1887 1556/1891
  25        3000         120 out  176   56  176     2     0      0
                   Group #1:       88   28   88                     3.6e-16  2.6e-16
                   Group #2:       88   28   88                     2.2e-16    2e-16
---        当前进度:  30 % - 组装矩阵
Memory: 1508/1887 1559/1891
  26        3120         120 out  182   58  182     2     0      0
                   Group #1:       91   29   91                     3.8e-16  2.4e-16
                   Group #2:       91   29   91                     2.5e-16  1.5e-16
---        当前进度:  31 % - 组装矩阵
Memory: 1511/1887 1563/1891
  27        3240         120 out  188   60  188     2     0      0
                   Group #1:       94   30   94                     3.3e-16  1.9e-16
                   Group #2:       94   30   94                     2.2e-16  1.7e-16
---        当前进度:  32 % - 组装矩阵
Memory: 1515/1887 1568/1891
---        当前进度:  32 % - 组装稀疏模式
Memory: 1515/1887 1569/1891
---        当前进度:  32 % - 组装矩阵
Memory: 1516/1887 1569/1891
  28        3360         120 out  194   62  194     2     0      0
                   Group #1:       97   31   97                     3.5e-16  2.1e-16
                   Group #2:       97   31   97                     2.4e-16  1.7e-16
---        当前进度:  33 % - 组装矩阵
Memory: 1518/1887 1573/1891
  29        3480         120 out  200   64  200     2     0      0
                   Group #1:      100   32  100                     4.1e-16  2.4e-16
                   Group #2:      100   32  100                     2.6e-16  1.9e-16
---        当前进度:  34 % - 组装矩阵
Memory: 1522/1887 1575/1891
  30        3600         120 out  206   66  206     2     0      0
                   Group #1:      103   33  103                       4e-16  2.1e-16
                   Group #2:      103   33  103                     2.5e-16  1.9e-16
---        当前进度:  35 % - 组装矩阵
Memory: 1526/1887 1579/1891
  31        3720         120 out  212   68  212     2     0      0
                   Group #1:      106   34  106                     3.8e-16  2.1e-16
                   Group #2:      106   34  106                     2.5e-16  1.6e-16
---        当前进度:  36 % - 组装矩阵
Memory: 1529/1887 1583/1891
  32        3840         120 out  218   70  218     2     0      0
                   Group #1:      109   35  109                       4e-16  2.5e-16
                   Group #2:      109   35  109                     2.7e-16  1.4e-16
---        当前进度:  37 % - 组装矩阵
Memory: 1533/1887 1585/1891
---        当前进度:  37 % - 组装稀疏模式
Memory: 1534/1887 1585/1891
---        当前进度:  37 % - 组装矩阵
  33        3960         120 out  224   72  224     2     0      0
                   Group #1:      112   36  112                       4e-16    2e-16
                   Group #2:      112   36  112                     2.6e-16  1.6e-16
---        当前进度:  38 % - 组装矩阵
Memory: 1537/1887 1589/1891
  34        4080         120 out  232   74  232     2     0      0
                   Group #1:      116   37  116                     3.7e-16  2.3e-16
                   Group #2:      116   37  116                     3.3e-16  1.4e-16
---        当前进度:  39 % - 组装矩阵
Memory: 1541/1887 1592/1891
  35        4200         120 out  238   76  238     2     0      0
                   Group #1:      119   38  119                     3.9e-16  1.9e-16
                   Group #2:      119   38  119                     2.7e-16  1.5e-16
----       当前进度:  40 % - 组装矩阵
Memory: 1545/1887 1595/1891
  36        4320         120 out  244   78  244     2     0      0
                   Group #1:      122   39  122                     4.1e-16  2.2e-16
                   Group #2:      122   39  122                     2.8e-16  1.4e-16
----       当前进度:  41 % - 组装矩阵
Memory: 1548/1887 1598/1891
  37        4440         120 out  250   80  250     2     0      0
                   Group #1:      125   40  125                     3.9e-16    2e-16
                   Group #2:      125   40  125                     2.7e-16  1.7e-16
----       当前进度:  43 % - 组装矩阵
Memory: 1552/1887 1602/1891
  38        4560         120 out  258   82  258     2     0      0
                   Group #1:      129   41  129                     3.9e-16  2.9e-16
                   Group #2:      129   41  129                     3.3e-16  1.4e-16
----       当前进度:  44 % - 组装矩阵
Memory: 1556/1887 1604/1891
  39        4680         120 out  264   84  264     2     0      0
                   Group #1:      132   42  132                     3.6e-16  1.9e-16
                   Group #2:      132   42  132                     2.5e-16  1.4e-16
----       当前进度:  45 % - 组装矩阵
Memory: 1560/1887 1607/1891
  40        4800         120 out  270   86  270     2     0      0
                   Group #1:      135   43  135                     4.2e-16  2.4e-16
                   Group #2:      135   43  135                     2.4e-16  1.4e-16
----       当前进度:  46 % - 组装矩阵
Memory: 1564/1887 1612/1891
  41        4920         120 out  276   88  276     2     0      0
                   Group #1:      138   44  138                     3.5e-16  1.8e-16
                   Group #2:      138   44  138                     2.2e-16  1.6e-16
----       当前进度:  47 % - 组装矩阵
Memory: 1567/1887 1614/1891
  42        5040         120 out  282   90  282     2     0      0
                   Group #1:      141   45  141                       4e-16  2.9e-16
                   Group #2:      141   45  141                     2.7e-16  1.6e-16
----       当前进度:  48 % - 组装矩阵
Memory: 1570/1887 1617/1891
  43        5160         120 out  288   92  288     2     0      0
                   Group #1:      144   46  144                     3.9e-16  3.2e-16
                   Group #2:      144   46  144                     2.9e-16  1.7e-16
----       当前进度:  49 % - 组装矩阵
Memory: 1574/1887 1621/1891
  44        5280         120 out  296   94  296     2     0      0
                   Group #1:      148   47  148                       4e-16    4e-16
                   Group #2:      148   47  148                     3.5e-16  1.4e-16
-----      当前进度:  50 % - 组装矩阵
Memory: 1579/1887 1624/1891
  45        5400         120 out  304   96  304     2     0      0
                   Group #1:      152   48  152                     3.9e-16  3.6e-16
                   Group #2:      152   48  152                     3.3e-16  1.4e-16
-----      当前进度:  51 % - 组装矩阵
Memory: 1584/1887 1629/1891
  46        5520         120 out  310   98  310     2     0      0
                   Group #1:      155   49  155                     4.3e-16  3.8e-16
                   Group #2:      155   49  155                       3e-16  1.5e-16
-----      当前进度:  52 % - 组装矩阵
Memory: 1587/1887 1630/1891
  47        5640         120 out  316  100  316     2     0      0
                   Group #1:      158   50  158                     3.7e-16  3.6e-16
                   Group #2:      158   50  158                     2.9e-16  1.7e-16
-----      当前进度:  53 % - 组装矩阵
Memory: 1588/1887 1631/1891
  48        5760         120 out  322  102  322     2     0      0
                   Group #1:      161   51  161                     4.1e-16  4.2e-16
                   Group #2:      161   51  161                     2.6e-16  1.4e-16
-----      当前进度:  54 % - 组装矩阵
Memory: 1589/1887 1631/1891
  49        5880         120 out  328  104  328     2     0      0
                   Group #1:      164   52  164                     4.1e-16  3.5e-16
                   Group #2:      164   52  164                     2.7e-16  1.4e-16
-----      当前进度:  55 % - 组装矩阵
Memory: 1589/1887 1632/1891
-----      当前进度:  55 % - 求解线性方程组
Memory: 1591/1887 1633/1891
-----      当前进度:  55 % - 组装矩阵
  50        6000         120 out  334  106  334     2     0      0
                   Group #1:      167   53  167                     4.3e-16  3.1e-16
                   Group #2:      167   53  167                     2.5e-16  1.5e-16
-----      当前进度:  56 % - 组装矩阵
-----      当前进度:  56 % - 组装稀疏模式
-----      当前进度:  56 % - 组装矩阵
  51        6120         120 out  340  108  340     2     0      0
                   Group #1:      170   54  170                     3.4e-16  2.3e-16
                   Group #2:      170   54  170                     2.4e-16  1.6e-16
-----      当前进度:  57 % - 组装矩阵
Memory: 1591/1887 1634/1891
  52        6240         120 out  346  110  346     2     0      0
                   Group #1:      173   55  173                     3.6e-16  2.1e-16
                   Group #2:      173   55  173                     2.8e-16  2.2e-16
-----      当前进度:  58 % - 组装矩阵
Memory: 1593/1887 1635/1891
  53        6360         120 out  352  112  352     2     0      0
                   Group #1:      176   56  176                     3.8e-16    2e-16
                   Group #2:      176   56  176                     2.8e-16  2.3e-16
-----      当前进度:  59 % - 组装矩阵
  54        6480         120 out  358  114  358     2     0      0
                   Group #1:      179   57  179                     3.9e-16    2e-16
                   Group #2:      179   57  179                     2.6e-16  1.8e-16
------     当前进度:  60 % - 组装矩阵
Memory: 1595/1887 1637/1891
  55        6600         120 out  364  116  364     2     0      0
                   Group #1:      182   58  182                     3.9e-16  3.2e-16
                   Group #2:      182   58  182                     2.8e-16  1.4e-16
------     当前进度:  61 % - 组装矩阵
Memory: 1596/1887 1637/1891
------     当前进度:  61 % - 组装稀疏模式
Memory: 1596/1887 1638/1891
------     当前进度:  61 % - 组装矩阵
  56        6720         120 out  370  118  370     2     0      0
                   Group #1:      185   59  185                     3.6e-16  2.6e-16
                   Group #2:      185   59  185                     2.8e-16  1.6e-16
------     当前进度:  62 % - 组装矩阵
Memory: 1597/1887 1639/1891
  57        6840         120 out  378  120  378     2     0      0
                   Group #1:      189   60  189                       4e-16  2.8e-16
                   Group #2:      189   60  189                     3.4e-16  1.4e-16
------     当前进度:  63 % - 组装矩阵
Memory: 1598/1887 1640/1891
  58        6960         120 out  384  122  384     2     0      0
                   Group #1:      192   61  192                     3.6e-16  1.9e-16
                   Group #2:      192   61  192                     2.8e-16  1.5e-16
------     当前进度:  64 % - 组装矩阵
Memory: 1600/1887 1641/1891
  59        7080         120 out  390  124  390     2     0      0
                   Group #1:      195   62  195                     4.1e-16    3e-16
                   Group #2:      195   62  195                       3e-16  1.4e-16
------     当前进度:  66 % - 组装矩阵
Memory: 1601/1887 1641/1891
------     当前进度:  66 % - 组装稀疏模式
------     当前进度:  66 % - 组装矩阵
  60        7200         120 out  396  126  396     2     0      0
                   Group #1:      198   63  198                     4.3e-16  2.2e-16
                   Group #2:      198   63  198                     3.1e-16  1.5e-16
------     当前进度:  67 % - 组装矩阵
Memory: 1602/1887 1642/1891
  61        7320         120 out  404  128  404     2     0      0
                   Group #1:      202   64  202                       4e-16  2.2e-16
                   Group #2:      202   64  202                     3.5e-16  1.5e-16
------     当前进度:  68 % - 组装矩阵
Memory: 1603/1887 1643/1891
  62        7440         120 out  410  130  410     2     0      0
                   Group #1:      205   65  205                       4e-16  2.1e-16
                   Group #2:      205   65  205                     3.1e-16  1.6e-16
------     当前进度:  69 % - 组装矩阵
Memory: 1605/1887 1644/1891
  63        7560         120 out  416  132  416     2     0      0
                   Group #1:      208   66  208                     3.7e-16  2.1e-16
                   Group #2:      208   66  208                     2.7e-16  1.4e-16
-------    当前进度:  70 % - 组装矩阵
Memory: 1606/1887 1644/1891
  64        7680         120 out  422  134  422     2     0      0
                   Group #1:      211   67  211                     3.4e-16  1.9e-16
                   Group #2:      211   67  211                     2.7e-16  1.7e-16
-------    当前进度:  71 % - 组装矩阵
Memory: 1607/1887 1645/1891
  65        7800         120 out  428  136  428     2     0      0
                   Group #1:      214   68  214                     3.4e-16  1.9e-16
                   Group #2:      214   68  214                     2.6e-16  1.8e-16
-------    当前进度:  72 % - 组装矩阵
Memory: 1608/1887 1646/1891
  66        7920         120 out  434  138  434     2     0      0
                   Group #1:      217   69  217                     3.6e-16    2e-16
                   Group #2:      217   69  217                     2.5e-16  1.9e-16
-------    当前进度:  73 % - 组装矩阵
Memory: 1609/1887 1647/1891
  67        8040         120 out  440  140  440     2     0      0
                   Group #1:      220   70  220                     4.2e-16  2.4e-16
                   Group #2:      220   70  220                     2.7e-16  1.6e-16
-------    当前进度:  74 % - 组装矩阵
Memory: 1610/1887 1647/1891
-------    当前进度:  74 % - 组装稀疏模式
-------    当前进度:  74 % - 组装矩阵
  68        8160         120 out  446  142  446     2     0      0
                   Group #1:      223   71  223                     3.6e-16  2.1e-16
                   Group #2:      223   71  223                     2.2e-16  1.4e-16
-------    当前进度:  75 % - 组装矩阵
Memory: 1611/1887 1647/1891
-------    当前进度:  75 % - 求解线性方程组
Memory: 1613/1887 1650/1891
-------    当前进度:  75 % - 组装矩阵
  69        8280         120 out  452  144  452     2     0      0
                   Group #1:      226   72  226                     3.6e-16    2e-16
                   Group #2:      226   72  226                     2.5e-16  1.4e-16
-------    当前进度:  76 % - 组装矩阵
  70        8400         120 out  456  146  456     2     0      0
                   Group #1:      228   73  228                     3.7e-16  2.4e-16
                   Group #2:      228   73  228                     2.6e-16  1.8e-16
-------    当前进度:  77 % - 组装矩阵
Memory: 1614/1887 1650/1891
  71        8520         120 out  458  148  458     2     0      0
                   Group #1:      229   74  229                     3.5e-16  2.3e-16
                   Group #2:      229   74  229                       2e-16  1.6e-16
-------    当前进度:  78 % - 组装矩阵
Memory: 1615/1887 1650/1891
  72        8640         120 out  462  150  462     2     0      0
                   Group #1:      231   75  231                     3.2e-16    2e-16
                   Group #2:      231   75  231                     2.1e-16  1.5e-16
-------    当前进度:  79 % - 组装矩阵
Memory: 1615/1887 1651/1891
  73        8760         120 out  468  152  468     2     0      0
                   Group #1:      234   76  234                     3.3e-16    2e-16
                   Group #2:      234   76  234                     2.4e-16  1.5e-16
--------   当前进度:  80 % - 组装矩阵
Memory: 1616/1887 1652/1891
--------   当前进度:  80 % - 组装稀疏模式
Memory: 1617/1887 1652/1891
--------   当前进度:  80 % - 组装矩阵
  74        8880         120 out  474  154  474     2     0      0
                   Group #1:      237   77  237                     3.4e-16  2.1e-16
                   Group #2:      237   77  237                     2.5e-16  1.4e-16
--------   当前进度:  81 % - 组装矩阵
Memory: 1617/1887 1653/1891
--------   当前进度:  81 % - 组装稀疏模式
--------   当前进度:  81 % - 组装矩阵
  75        9000         120 out  480  156  480     2     0      0
                   Group #1:      240   78  240                     3.5e-16  2.2e-16
                   Group #2:      240   78  240                     2.4e-16  1.8e-16
--------   当前进度:  82 % - 组装矩阵
Memory: 1619/1887 1653/1891
  76        9120         120 out  486  158  486     2     0      0
                   Group #1:      243   79  243                     3.6e-16  1.9e-16
                   Group #2:      243   79  243                     2.5e-16  2.1e-16
--------   当前进度:  83 % - 组装矩阵
  77        9240         120 out  492  160  492     2     0      0
                   Group #1:      246   80  246                       4e-16    2e-16
                   Group #2:      246   80  246                     2.6e-16  1.8e-16
--------   当前进度:  84 % - 组装矩阵
Memory: 1621/1887 1655/1891
  78        9360         120 out  498  162  498     2     0      0
                   Group #1:      249   81  249                     4.3e-16  2.8e-16
                   Group #2:      249   81  249                     3.1e-16  1.5e-16
--------   当前进度:  85 % - 组装矩阵
Memory: 1623/1887 1656/1891
  79        9480         120 out  504  164  504     2     0      0
                   Group #1:      252   82  252                     3.5e-16    2e-16
                   Group #2:      252   82  252                     2.4e-16  1.5e-16
--------   当前进度:  86 % - 组装矩阵
Memory: 1625/1887 1656/1891
  80        9600         120 out  510  166  510     2     0      0
                   Group #1:      255   83  255                     3.9e-16    2e-16
                   Group #2:      255   83  255                     2.7e-16  1.7e-16
--------   当前进度:  87 % - 组装矩阵
Memory: 1627/1887 1658/1891
  81        9720         120 out  518  168  518     2     0      0
                   Group #1:      259   84  259                     3.8e-16  2.6e-16
                   Group #2:      259   84  259                     3.2e-16  1.4e-16
--------   当前进度:  89 % - 组装矩阵
Memory: 1629/1887 1658/1891
--------   当前进度:  89 % - 求解线性方程组
Memory: 1631/1887 1659/1891
--------   当前进度:  89 % - 组装矩阵
  82        9840         120 out  524  170  524     2     0      0
                   Group #1:      262   85  262                       4e-16  3.1e-16
                   Group #2:      262   85  262                     3.3e-16  1.5e-16
---------  当前进度:  90 % - 组装矩阵
Memory: 1631/1887 1660/1891
---------  当前进度:  90 % - 组装稀疏模式
Memory: 1632/1887 1660/1891
---------  当前进度:  90 % - 组装矩阵
  83        9960         120 out  530  172  530     2     0      0
                   Group #1:      265   86  265                     3.8e-16    2e-16
                   Group #2:      265   86  265                     2.9e-16  1.6e-16
---------  当前进度:  91 % - 组装矩阵
Memory: 1634/1887 1662/1891
  84       10080         120 out  538  174  538     2     0      0
                   Group #1:      269   87  269                       4e-16  2.5e-16
                   Group #2:      269   87  269                     3.5e-16  1.4e-16
---------  当前进度:  92 % - 组装矩阵
Memory: 1637/1887 1664/1891
  85       10200         120 out  546  176  546     2     0      0
                   Group #1:      273   88  273                       4e-16  3.4e-16
                   Group #2:      273   88  273                     3.4e-16  1.4e-16
---------  当前进度:  93 % - 组装矩阵
Memory: 1640/1887 1666/1891
  86       10320         120 out  554  178  554     2     0      0
                   Group #1:      277   89  277                     3.9e-16  3.4e-16
                   Group #2:      277   89  277                     3.4e-16  1.4e-16
---------  当前进度:  94 % - 组装矩阵
Memory: 1642/1887 1668/1891
  87       10440         120 out  560  180  560     2     0      0
                   Group #1:      280   90  280                       4e-16  2.9e-16
                   Group #2:      280   90  280                     2.7e-16  1.5e-16
---------  当前进度:  95 % - 组装矩阵
Memory: 1644/1887 1670/1891
  88       10560         120 out  566  182  566     2     0      0
                   Group #1:      283   91  283                     3.6e-16  2.1e-16
                   Group #2:      283   91  283                     2.8e-16  1.9e-16
---------  当前进度:  96 % - 组装矩阵
Memory: 1646/1887 1670/1891
  89       10680         120 out  572  184  572     2     0      0
                   Group #1:      286   92  286                     4.2e-16  2.5e-16
                   Group #2:      286   92  286                     2.7e-16    2e-16
---------  当前进度:  97 % - 组装矩阵
Memory: 1648/1887 1670/1891
  90       10800         120 out  580  186  580     2     0      0
                   Group #1:      290   93  290                     3.6e-16  3.7e-16
                   Group #2:      290   93  290                     3.5e-16  1.5e-16
---------  当前进度:  98 % - 组装矩阵
Memory: 1651/1887 1674/1891
  91       10920         120 out  586  188  586     2     0      0
                   Group #1:      293   94  293                       4e-16  3.5e-16
                   Group #2:      293   94  293                     2.8e-16  1.5e-16
---------  当前进度:  99 % - 组装矩阵
Memory: 1653/1887 1676/1891
---------  当前进度:  99 % - 组装稀疏模式
Memory: 1654/1887 1676/1891
---------  当前进度:  99 % - 组装矩阵
  92       11040         120 out  592  190  592     2     0      0
                   Group #1:      296   95  296                     4.3e-16  2.5e-16
                   Group #2:      296   95  296                     2.7e-16  1.5e-16
时间步进已完成。
---------- 当前进度: 100 % - 
Memory: 1656/1887 1678/1891
求解时间：570 s。 （9 分钟，30 秒）
物理内存: 1.87 GB
虚拟内存: 1.89 GB
结束时间：2026年9月30日 上午7:59:47。
----- O: orbital transient, 2.0 orbits/解 4 (sol4) 中的“瞬态求解器 2” ----------------->
           当前进度:   0 % - 
Memory: 1676/1887 1692/1891
---------- 当前进度: 100 % - 计算
           当前进度:   0 % - 
---------- 当前进度: 100 % - 计算
           当前进度:   0 % - 
Memory: 1699/1887 1716/1891
---------- 当前进度: 100 % - 计算
           当前进度:   0 % - 
Memory: 1700/1887 1716/1891
---------- 当前进度: 100 % - 计算
           当前进度:   0 % - 
---------- 当前进度: 100 % - 计算
           当前进度:   0 % - 
Memory: 1729/1887 1746/1891
---------- 当前进度: 100 % - 计算
           当前进度:   0 % - 
---------- 当前进度: 100 % - 计算
           当前进度:   0 % - 
---------- 当前进度: 100 % - 计算
           当前进度:   0 % - 
Memory: 1744/1887 1762/1891
---------- 当前进度: 100 % - 计算
