#usda 1.0
(
    defaultPrim = "ComputeSatelliteMesh"
    metersPerUnit = 0.01
    upAxis = "Y"
)

def Xform "ComputeSatelliteMesh"
{
    def Scope "_Materials"
    {
        def Material "Kapton"
        {
            token outputs:surface.connect = </ComputeSatelliteMesh/_Materials/Kapton/Shader.outputs:surface>
            def Shader "Shader"
            {
                uniform token info:id = "UsdPreviewSurface"
                color3f inputs:diffuseColor = (0.925, 0.645, 0.08)
                float inputs:metallic = 0.38
                float inputs:roughness = 0.18
                color3f inputs:specularColor = (1, 0.94, 0.68)
                token outputs:surface
            }
        }

        def Material "ShellDark"
        {
            token outputs:surface.connect = </ComputeSatelliteMesh/_Materials/ShellDark/Shader.outputs:surface>
            def Shader "Shader"
            {
                uniform token info:id = "UsdPreviewSurface"
                color3f inputs:diffuseColor = (0.11, 0.12, 0.15)
                float inputs:metallic = 0.58
                float inputs:roughness = 0.26
                token outputs:surface
            }
        }

        def Material "FrameMetal"
        {
            token outputs:surface.connect = </ComputeSatelliteMesh/_Materials/FrameMetal/Shader.outputs:surface>
            def Shader "Shader"
            {
                uniform token info:id = "UsdPreviewSurface"
                color3f inputs:diffuseColor = (0.7, 0.73, 0.78)
                float inputs:metallic = 0.88
                float inputs:roughness = 0.16
                token outputs:surface
            }
        }

        def Material "SolarBlueDark"
        {
            token outputs:surface.connect = </ComputeSatelliteMesh/_Materials/SolarBlueDark/Shader.outputs:surface>
            def Shader "Shader"
            {
                uniform token info:id = "UsdPreviewSurface"
                color3f inputs:diffuseColor = (0.03, 0.13, 0.31)
                float inputs:metallic = 0.84
                float inputs:roughness = 0.09
                color3f inputs:specularColor = (0.18, 0.38, 0.62)
                token outputs:surface
            }
        }

        def Material "SolarBlueLight"
        {
            token outputs:surface.connect = </ComputeSatelliteMesh/_Materials/SolarBlueLight/Shader.outputs:surface>
            def Shader "Shader"
            {
                uniform token info:id = "UsdPreviewSurface"
                color3f inputs:diffuseColor = (0.1, 0.28, 0.52)
                float inputs:metallic = 0.62
                float inputs:roughness = 0.12
                color3f inputs:specularColor = (0.32, 0.54, 0.82)
                token outputs:surface
            }
        }

        def Material "RadiatorWhite"
        {
            token outputs:surface.connect = </ComputeSatelliteMesh/_Materials/RadiatorWhite/Shader.outputs:surface>
            def Shader "Shader"
            {
                uniform token info:id = "UsdPreviewSurface"
                color3f inputs:diffuseColor = (0.92, 0.94, 0.97)
                float inputs:metallic = 0.08
                float inputs:roughness = 0.42
                token outputs:surface
            }
        }

        def Material "ServerDark"
        {
            token outputs:surface.connect = </ComputeSatelliteMesh/_Materials/ServerDark/Shader.outputs:surface>
            def Shader "Shader"
            {
                uniform token info:id = "UsdPreviewSurface"
                color3f inputs:diffuseColor = (0.09, 0.1, 0.12)
                float inputs:metallic = 0.28
                float inputs:roughness = 0.54
                token outputs:surface
            }
        }

        def Material "ServerGlass"
        {
            token outputs:surface.connect = </ComputeSatelliteMesh/_Materials/ServerGlass/Shader.outputs:surface>
            def Shader "Shader"
            {
                uniform token info:id = "UsdPreviewSurface"
                color3f inputs:diffuseColor = (0.15, 0.24, 0.3)
                float inputs:metallic = 0.02
                float inputs:roughness = 0.08
                float inputs:opacity = 0.38
                token outputs:surface
            }
        }

        def Material "LedCyan"
        {
            token outputs:surface.connect = </ComputeSatelliteMesh/_Materials/LedCyan/Shader.outputs:surface>
            def Shader "Shader"
            {
                uniform token info:id = "UsdPreviewSurface"
                color3f inputs:diffuseColor = (0.2, 0.82, 0.98)
                float inputs:metallic = 0.02
                float inputs:roughness = 0.18
                color3f inputs:emissiveColor = (0.1, 0.72, 0.98)
                token outputs:surface
            }
        }

        def Material "CableBlue"
        {
            token outputs:surface.connect = </ComputeSatelliteMesh/_Materials/CableBlue/Shader.outputs:surface>
            def Shader "Shader"
            {
                uniform token info:id = "UsdPreviewSurface"
                color3f inputs:diffuseColor = (0.2, 0.55, 0.84)
                float inputs:metallic = 0.2
                float inputs:roughness = 0.34
                token outputs:surface
            }
        }
    }

    def Mesh "BodyShell"
    {
        rel material:binding = </ComputeSatelliteMesh/_Materials/Kapton>
        uniform token subdivisionScheme = "none"
        int[] faceVertexCounts = [3, 3, 3, 3, 3, 3, 3, 3, 3, 3, 3, 3, 3, 3, 3, 3, 3, 3, 3, 3, 3, 3, 3, 3, 3, 3, 3, 3, 3, 3, 3, 3, 3, 3, 3, 3, 3, 3, 3, 3, 3, 3, 3, 3, 3, 3, 3, 3, 3, 3, 3, 3, 3, 3, 3, 3, 3, 3, 3, 3, 3, 3, 3, 3, 3, 3, 3, 3, 3, 3, 3, 3, 3, 3, 3, 3, 3, 3, 3, 3, 3, 3, 3, 3, 3, 3, 3, 3, 3, 3, 3, 3, 3, 3, 3, 3, 3, 3, 3, 3, 3, 3, 3, 3, 3, 3, 3, 3, 3, 3, 3, 3, 3, 3, 3, 3, 3, 3, 3, 3, 3, 3, 3, 3, 3, 3, 3, 3, 3, 3, 3, 3, 3, 3, 3, 3, 3, 3, 3, 3, 3, 3, 3, 3]
        int[] faceVertexIndices = [1, 3, 0, 4, 1, 0, 0, 3, 2, 2, 4, 0, 1, 7, 3, 5, 1, 4, 5, 7, 1, 3, 7, 2, 6, 4, 2, 2, 7, 6, 6, 5, 4, 7, 5, 6, 9, 11, 8, 12, 9, 8, 8, 11, 10, 10, 12, 8, 9, 15, 11, 13, 9, 12, 13, 15, 9, 11, 15, 10, 14, 12, 10, 10, 15, 14, 14, 13, 12, 15, 13, 14, 17, 19, 16, 20, 17, 16, 16, 19, 18, 18, 20, 16, 17, 23, 19, 21, 17, 20, 21, 23, 17, 19, 23, 18, 22, 20, 18, 18, 23, 22, 22, 21, 20, 23, 21, 22, 25, 27, 24, 28, 25, 24, 24, 27, 26, 26, 28, 24, 25, 31, 27, 29, 25, 28, 29, 31, 25, 27, 31, 26, 30, 28, 26, 26, 31, 30, 30, 29, 28, 31, 29, 30, 33, 35, 32, 36, 33, 32, 32, 35, 34, 34, 36, 32, 33, 39, 35, 37, 33, 36, 37, 39, 33, 35, 39, 34, 38, 36, 34, 34, 39, 38, 38, 37, 36, 39, 37, 38, 41, 43, 40, 44, 41, 40, 40, 43, 42, 42, 44, 40, 41, 47, 43, 45, 41, 44, 45, 47, 41, 43, 47, 42, 46, 44, 42, 42, 47, 46, 46, 45, 44, 47, 45, 46, 49, 51, 48, 52, 49, 48, 48, 51, 50, 50, 52, 48, 49, 55, 51, 53, 49, 52, 53, 55, 49, 51, 55, 50, 54, 52, 50, 50, 55, 54, 54, 53, 52, 55, 53, 54, 56, 57, 58, 56, 58, 59, 60, 63, 62, 60, 62, 61, 56, 60, 61, 56, 61, 57, 57, 61, 62, 57, 62, 58, 58, 62, 63, 58, 63, 59, 59, 63, 60, 59, 60, 56, 64, 65, 66, 64, 66, 67, 68, 71, 70, 68, 70, 69, 64, 68, 69, 64, 69, 65, 65, 69, 70, 65, 70, 66, 66, 70, 71, 66, 71, 67, 67, 71, 68, 67, 68, 64, 72, 73, 74, 72, 74, 75, 76, 79, 78, 76, 78, 77, 72, 76, 77, 72, 77, 73, 73, 77, 78, 73, 78, 74, 74, 78, 79, 74, 79, 75, 75, 79, 76, 75, 76, 72, 81, 83, 80, 84, 81, 80, 80, 83, 82, 82, 84, 80, 81, 87, 83, 85, 81, 84, 85, 87, 81, 83, 87, 82, 86, 84, 82, 82, 87, 86, 86, 85, 84, 87, 85, 86, 89, 91, 88, 92, 89, 88, 88, 91, 90, 90, 92, 88, 89, 95, 91, 93, 89, 92, 93, 95, 89, 91, 95, 90, 94, 92, 90, 90, 95, 94, 94, 93, 92, 95, 93, 94]
        point3f[] points = [(-94, -60, -75), (-94, -60, 75), (-94, -48, -75), (-94, -48, 75), (94, -60, -75), (94, -60, 75), (94, -48, -75), (94, -48, 75), (-85, 47, -70), (-85, 47, 70), (-85, 57, -70), (-85, 57, 70), (85, 47, -70), (85, 47, 70), (85, 57, -70), (85, 57, 70), (-94, -54, -77), (-94, -54, -67), (-94, 52, -77), (-94, 52, -67), (94, -54, -77), (94, -54, -67), (94, 52, -77), (94, 52, -67), (-98, -54, -70), (-98, -54, 70), (-98, 52, -70), (-98, 52, 70), (-86, -54, -70), (-86, -54, 70), (-86, 52, -70), (-86, 52, 70), (86, -54, -70), (86, -54, 70), (86, 52, -70), (86, 52, 70), (98, -54, -70), (98, -54, 70), (98, 52, -70), (98, 52, 70), (-76, 3, 64), (-76, 3, 76), (-76, 17, 64), (-76, 17, 76), (76, 3, 64), (76, 3, 76), (76, 17, 64), (76, 17, 76), (-72, -36, 63), (-72, -36, 75), (-72, -24, 63), (-72, -24, 75), (72, -36, 63), (72, -36, 75), (72, -24, 63), (72, -24, 75), (-94, 31, -75), (-94, 31, 75), (-94, 57, 75), (-94, 57, -75), (94, 39, -75), (94, 39, 75), (94, 49, 75), (94, 49, -75), (-92, 46, -70), (-92, 46, 70), (-92, -30, 70), (-92, -30, -70), (-138, 26, -70), (-138, 26, 70), (-138, -10, 70), (-138, -10, -70), (92, -30, -70), (92, -30, 70), (92, 46, 70), (92, 46, -70), (138, -10, -70), (138, -10, 70), (138, 26, 70), (138, 26, -70), (-79, 36.5, -69), (-79, 36.5, 69), (-79, 39.5, -69), (-79, 39.5, 69), (79, 36.5, -69), (79, 36.5, 69), (79, 39.5, -69), (79, 39.5, 69), (-82, 56, -74), (-82, 56, 74), (-82, 58, -74), (-82, 58, 74), (82, 56, -74), (82, 56, 74), (82, 58, -74), (82, 58, 74)]
    }

    def Mesh "PayloadFrame"
    {
        rel material:binding = </ComputeSatelliteMesh/_Materials/FrameMetal>
        uniform token subdivisionScheme = "none"
        int[] faceVertexCounts = [3, 3, 3, 3, 3, 3, 3, 3, 3, 3, 3, 3, 3, 3, 3, 3, 3, 3, 3, 3, 3, 3, 3, 3, 3, 3, 3, 3, 3, 3, 3, 3, 3, 3, 3, 3, 3, 3, 3, 3, 3, 3, 3, 3, 3, 3, 3, 3, 3, 3, 3, 3, 3, 3, 3, 3, 3, 3, 3, 3, 3, 3, 3, 3, 3, 3, 3, 3, 3, 3, 3, 3, 3, 3, 3, 3, 3, 3, 3, 3, 3, 3, 3, 3, 3, 3, 3, 3, 3, 3, 3, 3, 3, 3, 3, 3, 3, 3, 3, 3, 3, 3, 3, 3, 3, 3, 3, 3, 3, 3, 3, 3, 3, 3, 3, 3, 3, 3, 3, 3, 3, 3, 3, 3, 3, 3, 3, 3, 3, 3, 3, 3, 3, 3, 3, 3, 3, 3, 3, 3, 3, 3, 3, 3, 3, 3, 3, 3, 3, 3, 3, 3, 3, 3, 3, 3, 3, 3, 3, 3, 3, 3, 3, 3, 3, 3, 3, 3, 3, 3, 3, 3, 3, 3, 3, 3, 3, 3, 3, 3, 3, 3, 3, 3, 3, 3, 3, 3, 3, 3, 3, 3, 3, 3, 3, 3, 3, 3, 3, 3, 3, 3, 3, 3, 3, 3, 3, 3, 3, 3, 3, 3, 3, 3, 3, 3, 3, 3, 3, 3, 3, 3, 3, 3, 3, 3, 3, 3, 3, 3, 3, 3, 3, 3, 3, 3, 3, 3, 3, 3, 3, 3, 3, 3, 3, 3, 3, 3, 3, 3, 3, 3, 3, 3, 3, 3, 3, 3, 3, 3, 3, 3, 3, 3, 3, 3, 3, 3, 3, 3, 3, 3, 3, 3, 3, 3]
        int[] faceVertexIndices = [1, 3, 0, 4, 1, 0, 0, 3, 2, 2, 4, 0, 1, 7, 3, 5, 1, 4, 5, 7, 1, 3, 7, 2, 6, 4, 2, 2, 7, 6, 6, 5, 4, 7, 5, 6, 9, 11, 8, 12, 9, 8, 8, 11, 10, 10, 12, 8, 9, 15, 11, 13, 9, 12, 13, 15, 9, 11, 15, 10, 14, 12, 10, 10, 15, 14, 14, 13, 12, 15, 13, 14, 17, 19, 16, 20, 17, 16, 16, 19, 18, 18, 20, 16, 17, 23, 19, 21, 17, 20, 21, 23, 17, 19, 23, 18, 22, 20, 18, 18, 23, 22, 22, 21, 20, 23, 21, 22, 25, 27, 24, 28, 25, 24, 24, 27, 26, 26, 28, 24, 25, 31, 27, 29, 25, 28, 29, 31, 25, 27, 31, 26, 30, 28, 26, 26, 31, 30, 30, 29, 28, 31, 29, 30, 33, 35, 32, 36, 33, 32, 32, 35, 34, 34, 36, 32, 33, 39, 35, 37, 33, 36, 37, 39, 33, 35, 39, 34, 38, 36, 34, 34, 39, 38, 38, 37, 36, 39, 37, 38, 41, 43, 40, 44, 41, 40, 40, 43, 42, 42, 44, 40, 41, 47, 43, 45, 41, 44, 45, 47, 41, 43, 47, 42, 46, 44, 42, 42, 47, 46, 46, 45, 44, 47, 45, 46, 49, 51, 48, 52, 49, 48, 48, 51, 50, 50, 52, 48, 49, 55, 51, 53, 49, 52, 53, 55, 49, 51, 55, 50, 54, 52, 50, 50, 55, 54, 54, 53, 52, 55, 53, 54, 57, 59, 56, 60, 57, 56, 56, 59, 58, 58, 60, 56, 57, 63, 59, 61, 57, 60, 61, 63, 57, 59, 63, 58, 62, 60, 58, 58, 63, 62, 62, 61, 60, 63, 61, 62, 65, 67, 64, 68, 65, 64, 64, 67, 66, 66, 68, 64, 65, 71, 67, 69, 65, 68, 69, 71, 65, 67, 71, 66, 70, 68, 66, 66, 71, 70, 70, 69, 68, 71, 69, 70, 73, 75, 72, 76, 73, 72, 72, 75, 74, 74, 76, 72, 73, 79, 75, 77, 73, 76, 77, 79, 73, 75, 79, 74, 78, 76, 74, 74, 79, 78, 78, 77, 76, 79, 77, 78, 81, 83, 80, 84, 81, 80, 80, 83, 82, 82, 84, 80, 81, 87, 83, 85, 81, 84, 85, 87, 81, 83, 87, 82, 86, 84, 82, 82, 87, 86, 86, 85, 84, 87, 85, 86, 89, 91, 88, 92, 89, 88, 88, 91, 90, 90, 92, 88, 89, 95, 91, 93, 89, 92, 93, 95, 89, 91, 95, 90, 94, 92, 90, 90, 95, 94, 94, 93, 92, 95, 93, 94, 97, 99, 96, 100, 97, 96, 96, 99, 98, 98, 100, 96, 97, 103, 99, 101, 97, 100, 101, 103, 97, 99, 103, 98, 102, 100, 98, 98, 103, 102, 102, 101, 100, 103, 101, 102, 105, 107, 104, 108, 105, 104, 104, 107, 106, 106, 108, 104, 105, 111, 107, 109, 105, 108, 109, 111, 105, 107, 111, 106, 110, 108, 106, 106, 111, 110, 110, 109, 108, 111, 109, 110, 113, 115, 112, 116, 113, 112, 112, 115, 114, 114, 116, 112, 113, 119, 115, 117, 113, 116, 117, 119, 113, 115, 119, 114, 118, 116, 114, 114, 119, 118, 118, 117, 116, 119, 117, 118, 121, 123, 120, 124, 121, 120, 120, 123, 122, 122, 124, 120, 121, 127, 123, 125, 121, 124, 125, 127, 121, 123, 127, 122, 126, 124, 122, 122, 127, 126, 126, 125, 124, 127, 125, 126, 129, 131, 128, 132, 129, 128, 128, 131, 130, 130, 132, 128, 129, 135, 131, 133, 129, 132, 133, 135, 129, 131, 135, 130, 134, 132, 130, 130, 135, 134, 134, 133, 132, 135, 133, 134, 137, 139, 136, 140, 137, 136, 136, 139, 138, 138, 140, 136, 137, 143, 139, 141, 137, 140, 141, 143, 137, 139, 143, 138, 142, 140, 138, 138, 143, 142, 142, 141, 140, 143, 141, 142, 145, 147, 144, 148, 145, 144, 144, 147, 146, 146, 148, 144, 145, 151, 147, 149, 145, 148, 149, 151, 145, 147, 151, 146, 150, 148, 146, 146, 151, 150, 150, 149, 148, 151, 149, 150, 153, 155, 152, 156, 153, 152, 152, 155, 154, 154, 156, 152, 153, 159, 155, 157, 153, 156, 157, 159, 153, 155, 159, 154, 158, 156, 154, 154, 159, 158, 158, 157, 156, 159, 157, 158, 161, 163, 160, 164, 161, 160, 160, 163, 162, 162, 164, 160, 161, 167, 163, 165, 161, 164, 165, 167, 161, 163, 167, 162, 166, 164, 162, 162, 167, 166, 166, 165, 164, 167, 165, 166, 169, 171, 168, 172, 169, 168, 168, 171, 170, 170, 172, 168, 169, 175, 171, 173, 169, 172, 173, 175, 169, 171, 175, 170, 174, 172, 170, 170, 175, 174, 174, 173, 172, 175, 173, 174, 177, 179, 176, 180, 177, 176, 176, 179, 178, 178, 180, 176, 177, 183, 179, 181, 177, 180, 181, 183, 177, 179, 183, 178, 182, 180, 178, 178, 183, 182, 182, 181, 180, 183, 181, 182]
        point3f[] points = [(-80, -49, -65), (-80, -49, 65), (-80, -43, -65), (-80, -43, 65), (80, -49, -65), (80, -49, 65), (80, -43, -65), (80, -43, 65), (-80, 13, -65), (-80, 13, 65), (-80, 19, -65), (-80, 19, 65), (80, 13, -65), (80, 13, 65), (80, 19, -65), (80, 19, 65), (-77, -46, -65), (-77, -46, 65), (-77, 16, -65), (-77, 16, 65), (-71, -46, -65), (-71, -46, 65), (-71, 16, -65), (-71, 16, 65), (71, -46, -65), (71, -46, 65), (71, 16, -65), (71, 16, 65), (77, -46, -65), (77, -46, 65), (77, 16, -65), (77, 16, 65), (-80, -17.5, 59), (-80, -17.5, 65), (-80, -12.5, 59), (-80, -12.5, 65), (80, -17.5, 59), (80, -17.5, 65), (80, -12.5, 59), (80, -12.5, 65), (-80, -17.5, -65), (-80, -17.5, -59), (-80, -12.5, -65), (-80, -12.5, -59), (80, -17.5, -65), (80, -17.5, -59), (80, -12.5, -65), (80, -12.5, -59), (-85, -56, -8), (-85, -56, 8), (-85, -48, -8), (-85, -48, 8), (85, -56, -8), (85, -56, 8), (85, -48, -8), (85, -48, 8), (-63, 6, 57), (-63, 6, 63), (-63, 8, 57), (-63, 8, 63), (63, 6, 57), (63, 6, 63), (63, 8, 57), (63, 8, 63), (-63, 6, -63), (-63, 6, -57), (-63, 8, -63), (-63, 8, -57), (63, 6, -63), (63, 6, -57), (63, 8, -63), (63, 8, -57), (-68, -38, 46), (-68, -38, 58), (-68, -36, 46), (-68, -36, 58), (68, -38, 46), (68, -38, 58), (68, -36, 46), (68, -36, 58), (-68, -38, -58), (-68, -38, -46), (-68, -36, -58), (-68, -36, -46), (68, -38, -58), (68, -38, -46), (68, -36, -58), (68, -36, -46), (-53, -25, -58), (-53, -25, 58), (-53, 3, -58), (-53, 3, 58), (-51, -25, -58), (-51, -25, 58), (-51, 3, -58), (-51, 3, 58), (-19, -25, -58), (-19, -25, 58), (-19, 3, -58), (-19, 3, 58), (-17, -25, -58), (-17, -25, 58), (-17, 3, -58), (-17, 3, 58), (17, -25, -58), (17, -25, 58), (17, 3, -58), (17, 3, 58), (19, -25, -58), (19, -25, 58), (19, 3, -58), (19, 3, 58), (51, -25, -58), (51, -25, 58), (51, 3, -58), (51, 3, 58), (53, -25, -58), (53, -25, 58), (53, 3, -58), (53, 3, 58), (-66, 7.1, -39.2), (-66, 7.1, -36.8), (-66, 8.9, -39.2), (-66, 8.9, -36.8), (66, 7.1, -39.2), (66, 7.1, -36.8), (66, 8.9, -39.2), (66, 8.9, -36.8), (-66, -31.6, -39.2), (-66, -31.6, -36.8), (-66, -30.4, -39.2), (-66, -30.4, -36.8), (66, -31.6, -39.2), (66, -31.6, -36.8), (66, -30.4, -39.2), (66, -30.4, -36.8), (-66, 7.1, -15.2), (-66, 7.1, -12.8), (-66, 8.9, -15.2), (-66, 8.9, -12.8), (66, 7.1, -15.2), (66, 7.1, -12.8), (66, 8.9, -15.2), (66, 8.9, -12.8), (-66, -31.6, -15.2), (-66, -31.6, -12.8), (-66, -30.4, -15.2), (-66, -30.4, -12.8), (66, -31.6, -15.2), (66, -31.6, -12.8), (66, -30.4, -15.2), (66, -30.4, -12.8), (-66, 7.1, 12.8), (-66, 7.1, 15.2), (-66, 8.9, 12.8), (-66, 8.9, 15.2), (66, 7.1, 12.8), (66, 7.1, 15.2), (66, 8.9, 12.8), (66, 8.9, 15.2), (-66, -31.6, 12.8), (-66, -31.6, 15.2), (-66, -30.4, 12.8), (-66, -30.4, 15.2), (66, -31.6, 12.8), (66, -31.6, 15.2), (66, -30.4, 12.8), (66, -30.4, 15.2), (-66, 7.1, 36.8), (-66, 7.1, 39.2), (-66, 8.9, 36.8), (-66, 8.9, 39.2), (66, 7.1, 36.8), (66, 7.1, 39.2), (66, 8.9, 36.8), (66, 8.9, 39.2), (-66, -31.6, 36.8), (-66, -31.6, 39.2), (-66, -30.4, 36.8), (-66, -30.4, 39.2), (66, -31.6, 36.8), (66, -31.6, 39.2), (66, -30.4, 36.8), (66, -30.4, 39.2)]
    }

    def Mesh "RackBodies"
    {
        rel material:binding = </ComputeSatelliteMesh/_Materials/ServerDark>
        uniform token subdivisionScheme = "none"
        int[] faceVertexCounts = [3, 3, 3, 3, 3, 3, 3, 3, 3, 3, 3, 3, 3, 3, 3, 3, 3, 3, 3, 3, 3, 3, 3, 3, 3, 3, 3, 3, 3, 3, 3, 3, 3, 3, 3, 3, 3, 3, 3, 3, 3, 3, 3, 3, 3, 3, 3, 3, 3, 3, 3, 3, 3, 3, 3, 3, 3, 3, 3, 3, 3, 3, 3, 3, 3, 3, 3, 3, 3, 3, 3, 3, 3, 3, 3, 3, 3, 3, 3, 3, 3, 3, 3, 3, 3, 3, 3, 3, 3, 3, 3, 3, 3, 3, 3, 3, 3, 3, 3, 3, 3, 3, 3, 3, 3, 3, 3, 3, 3, 3, 3, 3, 3, 3, 3, 3, 3, 3, 3, 3, 3, 3, 3, 3, 3, 3, 3, 3, 3, 3, 3, 3, 3, 3, 3, 3, 3, 3, 3, 3, 3, 3, 3, 3, 3, 3, 3, 3, 3, 3, 3, 3, 3, 3, 3, 3, 3, 3, 3, 3, 3, 3, 3, 3, 3, 3, 3, 3, 3, 3, 3, 3, 3, 3, 3, 3, 3, 3, 3, 3, 3, 3, 3, 3, 3, 3, 3, 3, 3, 3, 3, 3, 3, 3, 3, 3, 3, 3, 3, 3, 3, 3, 3, 3, 3, 3, 3, 3, 3, 3, 3, 3, 3, 3, 3, 3, 3, 3, 3, 3, 3, 3, 3, 3, 3, 3, 3, 3, 3, 3, 3, 3, 3, 3, 3, 3, 3, 3, 3, 3, 3, 3, 3, 3, 3, 3, 3, 3, 3, 3, 3, 3, 3, 3, 3, 3, 3, 3, 3, 3, 3, 3, 3, 3, 3, 3, 3, 3, 3, 3, 3, 3, 3, 3, 3, 3, 3, 3, 3, 3, 3, 3, 3, 3, 3, 3, 3, 3, 3, 3, 3, 3, 3, 3, 3, 3, 3, 3, 3, 3, 3, 3, 3, 3, 3, 3, 3, 3, 3, 3, 3, 3, 3, 3, 3, 3, 3, 3, 3, 3, 3, 3, 3, 3, 3, 3, 3, 3, 3, 3, 3, 3, 3, 3, 3, 3, 3, 3, 3, 3, 3, 3, 3, 3, 3, 3, 3, 3, 3, 3, 3, 3, 3, 3, 3, 3, 3, 3, 3, 3, 3, 3, 3, 3, 3, 3, 3, 3, 3, 3, 3, 3, 3, 3, 3, 3, 3, 3, 3, 3, 3, 3, 3, 3, 3, 3, 3, 3, 3, 3, 3, 3, 3, 3, 3, 3, 3, 3, 3, 3, 3, 3, 3, 3, 3, 3, 3, 3, 3, 3, 3, 3, 3, 3, 3, 3, 3, 3, 3, 3, 3, 3, 3, 3, 3, 3, 3, 3, 3, 3, 3, 3, 3, 3, 3, 3, 3, 3, 3, 3, 3, 3, 3, 3, 3, 3, 3, 3, 3, 3, 3, 3, 3, 3, 3, 3, 3, 3, 3, 3, 3, 3, 3, 3, 3, 3, 3, 3, 3, 3, 3, 3, 3, 3, 3, 3, 3, 3, 3, 3, 3, 3, 3, 3, 3, 3, 3, 3, 3, 3, 3, 3, 3, 3, 3, 3, 3, 3, 3, 3, 3, 3, 3, 3, 3, 3, 3, 3, 3, 3, 3, 3, 3, 3, 3, 3, 3, 3, 3, 3, 3, 3, 3, 3, 3, 3, 3, 3, 3, 3, 3, 3, 3, 3, 3, 3, 3, 3, 3, 3, 3, 3, 3, 3, 3, 3, 3, 3, 3, 3, 3, 3, 3, 3, 3, 3, 3, 3, 3, 3, 3, 3, 3, 3, 3, 3, 3, 3, 3, 3, 3, 3, 3, 3, 3, 3, 3, 3, 3, 3, 3, 3, 3, 3, 3, 3, 3, 3, 3, 3, 3, 3, 3, 3, 3, 3, 3, 3, 3, 3, 3, 3, 3, 3, 3, 3, 3, 3, 3, 3, 3, 3, 3, 3, 3, 3, 3, 3, 3, 3, 3, 3, 3, 3, 3, 3, 3, 3, 3, 3, 3, 3, 3, 3, 3, 3, 3, 3, 3, 3, 3, 3, 3, 3, 3, 3, 3, 3, 3, 3, 3, 3, 3, 3, 3, 3, 3, 3, 3, 3, 3, 3, 3, 3, 3, 3, 3, 3, 3, 3, 3, 3, 3, 3, 3, 3, 3, 3, 3, 3, 3, 3, 3, 3, 3, 3, 3, 3, 3, 3, 3, 3, 3, 3, 3, 3, 3, 3, 3, 3, 3, 3, 3, 3, 3, 3, 3, 3, 3, 3, 3, 3, 3, 3, 3, 3, 3, 3, 3, 3, 3, 3, 3, 3, 3, 3, 3, 3, 3, 3, 3, 3, 3, 3, 3, 3, 3, 3, 3, 3, 3, 3, 3, 3, 3, 3, 3, 3, 3, 3, 3, 3, 3, 3, 3, 3, 3, 3, 3, 3, 3, 3, 3, 3, 3, 3, 3, 3, 3, 3, 3, 3, 3, 3, 3, 3, 3, 3, 3, 3, 3, 3, 3, 3, 3, 3, 3, 3, 3, 3, 3, 3, 3, 3, 3, 3, 3, 3, 3, 3, 3, 3, 3, 3, 3, 3, 3, 3, 3, 3, 3, 3, 3, 3, 3, 3, 3, 3, 3, 3, 3, 3, 3, 3, 3, 3, 3, 3, 3, 3, 3, 3, 3, 3, 3, 3, 3, 3, 3, 3, 3, 3, 3, 3, 3, 3, 3, 3, 3, 3, 3, 3, 3, 3, 3, 3, 3, 3, 3, 3, 3, 3, 3, 3, 3, 3, 3, 3, 3, 3, 3, 3, 3, 3, 3, 3, 3, 3, 3, 3, 3, 3, 3, 3, 3, 3, 3, 3, 3, 3, 3, 3, 3, 3, 3, 3, 3, 3, 3, 3, 3, 3, 3, 3, 3, 3, 3, 3, 3, 3, 3, 3, 3, 3, 3, 3, 3, 3, 3, 3, 3, 3, 3, 3, 3, 3, 3, 3, 3, 3, 3, 3, 3, 3, 3, 3, 3, 3, 3, 3, 3, 3, 3, 3, 3, 3, 3, 3, 3, 3, 3, 3, 3, 3, 3, 3, 3, 3, 3, 3, 3, 3, 3, 3, 3, 3, 3, 3, 3, 3, 3, 3, 3, 3, 3, 3, 3, 3, 3, 3, 3, 3, 3, 3, 3, 3, 3, 3, 3, 3, 3, 3, 3, 3, 3, 3, 3, 3, 3, 3, 3, 3, 3, 3, 3, 3, 3, 3, 3, 3, 3, 3, 3, 3, 3, 3, 3, 3, 3, 3, 3, 3, 3, 3, 3, 3, 3, 3, 3, 3, 3, 3, 3, 3, 3, 3, 3, 3, 3, 3, 3, 3, 3, 3, 3, 3, 3, 3, 3, 3, 3, 3, 3, 3, 3, 3, 3, 3, 3, 3, 3, 3, 3, 3, 3, 3, 3, 3, 3, 3, 3, 3, 3, 3, 3, 3, 3, 3, 3, 3, 3, 3, 3, 3, 3, 3, 3, 3, 3, 3, 3, 3, 3, 3, 3, 3, 3, 3, 3, 3, 3, 3, 3, 3, 3, 3, 3, 3, 3, 3, 3, 3, 3, 3, 3, 3, 3, 3, 3, 3, 3, 3, 3, 3, 3, 3, 3, 3, 3, 3, 3, 3, 3, 3, 3, 3, 3, 3, 3, 3, 3, 3, 3, 3, 3, 3, 3, 3, 3, 3, 3, 3, 3, 3, 3, 3, 3, 3, 3, 3, 3, 3, 3, 3, 3, 3, 3, 3, 3, 3, 3, 3, 3, 3, 3, 3, 3, 3, 3, 3, 3, 3, 3, 3, 3, 3, 3, 3, 3, 3, 3, 3, 3, 3, 3, 3, 3, 3, 3, 3, 3, 3, 3, 3, 3, 3, 3, 3, 3, 3, 3, 3, 3, 3, 3, 3, 3, 3, 3, 3, 3, 3, 3, 3, 3, 3, 3, 3, 3, 3, 3, 3, 3, 3, 3, 3, 3, 3, 3, 3, 3, 3, 3, 3, 3, 3, 3, 3, 3, 3, 3, 3, 3, 3, 3, 3, 3, 3, 3, 3, 3, 3, 3, 3, 3, 3, 3, 3, 3, 3, 3, 3, 3, 3, 3, 3, 3, 3, 3, 3, 3, 3, 3, 3, 3, 3, 3, 3, 3, 3, 3, 3, 3, 3, 3, 3]
        int[] faceVertexIndices = [1, 3, 0, 4, 1, 0, 0, 3, 2, 2, 4, 0, 1, 7, 3, 5, 1, 4, 5, 7, 1, 3, 7, 2, 6, 4, 2, 2, 7, 6, 6, 5, 4, 7, 5, 6, 9, 11, 8, 12, 9, 8, 8, 11, 10, 10, 12, 8, 9, 15, 11, 13, 9, 12, 13, 15, 9, 11, 15, 10, 14, 12, 10, 10, 15, 14, 14, 13, 12, 15, 13, 14, 17, 19, 16, 20, 17, 16, 16, 19, 18, 18, 20, 16, 17, 23, 19, 21, 17, 20, 21, 23, 17, 19, 23, 18, 22, 20, 18, 18, 23, 22, 22, 21, 20, 23, 21, 22, 25, 27, 24, 28, 25, 24, 24, 27, 26, 26, 28, 24, 25, 31, 27, 29, 25, 28, 29, 31, 25, 27, 31, 26, 30, 28, 26, 26, 31, 30, 30, 29, 28, 31, 29, 30, 33, 35, 32, 36, 33, 32, 32, 35, 34, 34, 36, 32, 33, 39, 35, 37, 33, 36, 37, 39, 33, 35, 39, 34, 38, 36, 34, 34, 39, 38, 38, 37, 36, 39, 37, 38, 41, 43, 40, 44, 41, 40, 40, 43, 42, 42, 44, 40, 41, 47, 43, 45, 41, 44, 45, 47, 41, 43, 47, 42, 46, 44, 42, 42, 47, 46, 46, 45, 44, 47, 45, 46, 49, 51, 48, 52, 49, 48, 48, 51, 50, 50, 52, 48, 49, 55, 51, 53, 49, 52, 53, 55, 49, 51, 55, 50, 54, 52, 50, 50, 55, 54, 54, 53, 52, 55, 53, 54, 57, 59, 56, 60, 57, 56, 56, 59, 58, 58, 60, 56, 57, 63, 59, 61, 57, 60, 61, 63, 57, 59, 63, 58, 62, 60, 58, 58, 63, 62, 62, 61, 60, 63, 61, 62, 65, 67, 64, 68, 65, 64, 64, 67, 66, 66, 68, 64, 65, 71, 67, 69, 65, 68, 69, 71, 65, 67, 71, 66, 70, 68, 66, 66, 71, 70, 70, 69, 68, 71, 69, 70, 73, 75, 72, 76, 73, 72, 72, 75, 74, 74, 76, 72, 73, 79, 75, 77, 73, 76, 77, 79, 73, 75, 79, 74, 78, 76, 74, 74, 79, 78, 78, 77, 76, 79, 77, 78, 81, 83, 80, 84, 81, 80, 80, 83, 82, 82, 84, 80, 81, 87, 83, 85, 81, 84, 85, 87, 81, 83, 87, 82, 86, 84, 82, 82, 87, 86, 86, 85, 84, 87, 85, 86, 89, 91, 88, 92, 89, 88, 88, 91, 90, 90, 92, 88, 89, 95, 91, 93, 89, 92, 93, 95, 89, 91, 95, 90, 94, 92, 90, 90, 95, 94, 94, 93, 92, 95, 93, 94, 97, 99, 96, 100, 97, 96, 96, 99, 98, 98, 100, 96, 97, 103, 99, 101, 97, 100, 101, 103, 97, 99, 103, 98, 102, 100, 98, 98, 103, 102, 102, 101, 100, 103, 101, 102, 105, 107, 104, 108, 105, 104, 104, 107, 106, 106, 108, 104, 105, 111, 107, 109, 105, 108, 109, 111, 105, 107, 111, 106, 110, 108, 106, 106, 111, 110, 110, 109, 108, 111, 109, 110, 113, 115, 112, 116, 113, 112, 112, 115, 114, 114, 116, 112, 113, 119, 115, 117, 113, 116, 117, 119, 113, 115, 119, 114, 118, 116, 114, 114, 119, 118, 118, 117, 116, 119, 117, 118, 121, 123, 120, 124, 121, 120, 120, 123, 122, 122, 124, 120, 121, 127, 123, 125, 121, 124, 125, 127, 121, 123, 127, 122, 126, 124, 122, 122, 127, 126, 126, 125, 124, 127, 125, 126, 129, 131, 128, 132, 129, 128, 128, 131, 130, 130, 132, 128, 129, 135, 131, 133, 129, 132, 133, 135, 129, 131, 135, 130, 134, 132, 130, 130, 135, 134, 134, 133, 132, 135, 133, 134, 137, 139, 136, 140, 137, 136, 136, 139, 138, 138, 140, 136, 137, 143, 139, 141, 137, 140, 141, 143, 137, 139, 143, 138, 142, 140, 138, 138, 143, 142, 142, 141, 140, 143, 141, 142, 145, 147, 144, 148, 145, 144, 144, 147, 146, 146, 148, 144, 145, 151, 147, 149, 145, 148, 149, 151, 145, 147, 151, 146, 150, 148, 146, 146, 151, 150, 150, 149, 148, 151, 149, 150, 153, 155, 152, 156, 153, 152, 152, 155, 154, 154, 156, 152, 153, 159, 155, 157, 153, 156, 157, 159, 153, 155, 159, 154, 158, 156, 154, 154, 159, 158, 158, 157, 156, 159, 157, 158, 161, 163, 160, 164, 161, 160, 160, 163, 162, 162, 164, 160, 161, 167, 163, 165, 161, 164, 165, 167, 161, 163, 167, 162, 166, 164, 162, 162, 167, 166, 166, 165, 164, 167, 165, 166, 169, 171, 168, 172, 169, 168, 168, 171, 170, 170, 172, 168, 169, 175, 171, 173, 169, 172, 173, 175, 169, 171, 175, 170, 174, 172, 170, 170, 175, 174, 174, 173, 172, 175, 173, 174, 177, 179, 176, 180, 177, 176, 176, 179, 178, 178, 180, 176, 177, 183, 179, 181, 177, 180, 181, 183, 177, 179, 183, 178, 182, 180, 178, 178, 183, 182, 182, 181, 180, 183, 181, 182, 185, 187, 184, 188, 185, 184, 184, 187, 186, 186, 188, 184, 185, 191, 187, 189, 185, 188, 189, 191, 185, 187, 191, 186, 190, 188, 186, 186, 191, 190, 190, 189, 188, 191, 189, 190, 193, 195, 192, 196, 193, 192, 192, 195, 194, 194, 196, 192, 193, 199, 195, 197, 193, 196, 197, 199, 193, 195, 199, 194, 198, 196, 194, 194, 199, 198, 198, 197, 196, 199, 197, 198, 201, 203, 200, 204, 201, 200, 200, 203, 202, 202, 204, 200, 201, 207, 203, 205, 201, 204, 205, 207, 201, 203, 207, 202, 206, 204, 202, 202, 207, 206, 206, 205, 204, 207, 205, 206, 209, 211, 208, 212, 209, 208, 208, 211, 210, 210, 212, 208, 209, 215, 211, 213, 209, 212, 213, 215, 209, 211, 215, 210, 214, 212, 210, 210, 215, 214, 214, 213, 212, 215, 213, 214, 217, 219, 216, 220, 217, 216, 216, 219, 218, 218, 220, 216, 217, 223, 219, 221, 217, 220, 221, 223, 217, 219, 223, 218, 222, 220, 218, 218, 223, 222, 222, 221, 220, 223, 221, 222, 225, 227, 224, 228, 225, 224, 224, 227, 226, 226, 228, 224, 225, 231, 227, 229, 225, 228, 229, 231, 225, 227, 231, 226, 230, 228, 226, 226, 231, 230, 230, 229, 228, 231, 229, 230, 233, 235, 232, 236, 233, 232, 232, 235, 234, 234, 236, 232, 233, 239, 235, 237, 233, 236, 237, 239, 233, 235, 239, 234, 238, 236, 234, 234, 239, 238, 238, 237, 236, 239, 237, 238, 241, 243, 240, 244, 241, 240, 240, 243, 242, 242, 244, 240, 241, 247, 243, 245, 241, 244, 245, 247, 241, 243, 247, 242, 246, 244, 242, 242, 247, 246, 246, 245, 244, 247, 245, 246, 249, 251, 248, 252, 249, 248, 248, 251, 250, 250, 252, 248, 249, 255, 251, 253, 249, 252, 253, 255, 249, 251, 255, 250, 254, 252, 250, 250, 255, 254, 254, 253, 252, 255, 253, 254, 257, 259, 256, 260, 257, 256, 256, 259, 258, 258, 260, 256, 257, 263, 259, 261, 257, 260, 261, 263, 257, 259, 263, 258, 262, 260, 258, 258, 263, 262, 262, 261, 260, 263, 261, 262, 265, 267, 264, 268, 265, 264, 264, 267, 266, 266, 268, 264, 265, 271, 267, 269, 265, 268, 269, 271, 265, 267, 271, 266, 270, 268, 266, 266, 271, 270, 270, 269, 268, 271, 269, 270, 273, 275, 272, 276, 273, 272, 272, 275, 274, 274, 276, 272, 273, 279, 275, 277, 273, 276, 277, 279, 273, 275, 279, 274, 278, 276, 274, 274, 279, 278, 278, 277, 276, 279, 277, 278, 281, 283, 280, 284, 281, 280, 280, 283, 282, 282, 284, 280, 281, 287, 283, 285, 281, 284, 285, 287, 281, 283, 287, 282, 286, 284, 282, 282, 287, 286, 286, 285, 284, 287, 285, 286, 289, 291, 288, 292, 289, 288, 288, 291, 290, 290, 292, 288, 289, 295, 291, 293, 289, 292, 293, 295, 289, 291, 295, 290, 294, 292, 290, 290, 295, 294, 294, 293, 292, 295, 293, 294, 297, 299, 296, 300, 297, 296, 296, 299, 298, 298, 300, 296, 297, 303, 299, 301, 297, 300, 301, 303, 297, 299, 303, 298, 302, 300, 298, 298, 303, 302, 302, 301, 300, 303, 301, 302, 305, 307, 304, 308, 305, 304, 304, 307, 306, 306, 308, 304, 305, 311, 307, 309, 305, 308, 309, 311, 305, 307, 311, 306, 310, 308, 306, 306, 311, 310, 310, 309, 308, 311, 309, 310, 313, 315, 312, 316, 313, 312, 312, 315, 314, 314, 316, 312, 313, 319, 315, 317, 313, 316, 317, 319, 313, 315, 319, 314, 318, 316, 314, 314, 319, 318, 318, 317, 316, 319, 317, 318, 321, 323, 320, 324, 321, 320, 320, 323, 322, 322, 324, 320, 321, 327, 323, 325, 321, 324, 325, 327, 321, 323, 327, 322, 326, 324, 322, 322, 327, 326, 326, 325, 324, 327, 325, 326, 329, 331, 328, 332, 329, 328, 328, 331, 330, 330, 332, 328, 329, 335, 331, 333, 329, 332, 333, 335, 329, 331, 335, 330, 334, 332, 330, 330, 335, 334, 334, 333, 332, 335, 333, 334, 337, 339, 336, 340, 337, 336, 336, 339, 338, 338, 340, 336, 337, 343, 339, 341, 337, 340, 341, 343, 337, 339, 343, 338, 342, 340, 338, 338, 343, 342, 342, 341, 340, 343, 341, 342, 345, 347, 344, 348, 345, 344, 344, 347, 346, 346, 348, 344, 345, 351, 347, 349, 345, 348, 349, 351, 345, 347, 351, 346, 350, 348, 346, 346, 351, 350, 350, 349, 348, 351, 349, 350, 353, 355, 352, 356, 353, 352, 352, 355, 354, 354, 356, 352, 353, 359, 355, 357, 353, 356, 357, 359, 353, 355, 359, 354, 358, 356, 354, 354, 359, 358, 358, 357, 356, 359, 357, 358, 361, 363, 360, 364, 361, 360, 360, 363, 362, 362, 364, 360, 361, 367, 363, 365, 361, 364, 365, 367, 361, 363, 367, 362, 366, 364, 362, 362, 367, 366, 366, 365, 364, 367, 365, 366, 369, 371, 368, 372, 369, 368, 368, 371, 370, 370, 372, 368, 369, 375, 371, 373, 369, 372, 373, 375, 369, 371, 375, 370, 374, 372, 370, 370, 375, 374, 374, 373, 372, 375, 373, 374, 377, 379, 376, 380, 377, 376, 376, 379, 378, 378, 380, 376, 377, 383, 379, 381, 377, 380, 381, 383, 377, 379, 383, 378, 382, 380, 378, 378, 383, 382, 382, 381, 380, 383, 381, 382, 385, 387, 384, 388, 385, 384, 384, 387, 386, 386, 388, 384, 385, 391, 387, 389, 385, 388, 389, 391, 385, 387, 391, 386, 390, 388, 386, 386, 391, 390, 390, 389, 388, 391, 389, 390, 393, 395, 392, 396, 393, 392, 392, 395, 394, 394, 396, 392, 393, 399, 395, 397, 393, 396, 397, 399, 393, 395, 399, 394, 398, 396, 394, 394, 399, 398, 398, 397, 396, 399, 397, 398, 401, 403, 400, 404, 401, 400, 400, 403, 402, 402, 404, 400, 401, 407, 403, 405, 401, 404, 405, 407, 401, 403, 407, 402, 406, 404, 402, 402, 407, 406, 406, 405, 404, 407, 405, 406, 409, 411, 408, 412, 409, 408, 408, 411, 410, 410, 412, 408, 409, 415, 411, 413, 409, 412, 413, 415, 409, 411, 415, 410, 414, 412, 410, 410, 415, 414, 414, 413, 412, 415, 413, 414, 417, 419, 416, 420, 417, 416, 416, 419, 418, 418, 420, 416, 417, 423, 419, 421, 417, 420, 421, 423, 417, 419, 423, 418, 422, 420, 418, 418, 423, 422, 422, 421, 420, 423, 421, 422, 425, 427, 424, 428, 425, 424, 424, 427, 426, 426, 428, 424, 425, 431, 427, 429, 425, 428, 429, 431, 425, 427, 431, 426, 430, 428, 426, 426, 431, 430, 430, 429, 428, 431, 429, 430, 433, 435, 432, 436, 433, 432, 432, 435, 434, 434, 436, 432, 433, 439, 435, 437, 433, 436, 437, 439, 433, 435, 439, 434, 438, 436, 434, 434, 439, 438, 438, 437, 436, 439, 437, 438, 441, 443, 440, 444, 441, 440, 440, 443, 442, 442, 444, 440, 441, 447, 443, 445, 441, 444, 445, 447, 441, 443, 447, 442, 446, 444, 442, 442, 447, 446, 446, 445, 444, 447, 445, 446, 449, 451, 448, 452, 449, 448, 448, 451, 450, 450, 452, 448, 449, 455, 451, 453, 449, 452, 453, 455, 449, 451, 455, 450, 454, 452, 450, 450, 455, 454, 454, 453, 452, 455, 453, 454, 457, 459, 456, 460, 457, 456, 456, 459, 458, 458, 460, 456, 457, 463, 459, 461, 457, 460, 461, 463, 457, 459, 463, 458, 462, 460, 458, 458, 463, 462, 462, 461, 460, 463, 461, 462, 465, 467, 464, 468, 465, 464, 464, 467, 466, 466, 468, 464, 465, 471, 467, 469, 465, 468, 469, 471, 465, 467, 471, 466, 470, 468, 466, 466, 471, 470, 470, 469, 468, 471, 469, 470, 473, 475, 472, 476, 473, 472, 472, 475, 474, 474, 476, 472, 473, 479, 475, 477, 473, 476, 477, 479, 473, 475, 479, 474, 478, 476, 474, 474, 479, 478, 478, 477, 476, 479, 477, 478, 481, 483, 480, 484, 481, 480, 480, 483, 482, 482, 484, 480, 481, 487, 483, 485, 481, 484, 485, 487, 481, 483, 487, 482, 486, 484, 482, 482, 487, 486, 486, 485, 484, 487, 485, 486, 489, 491, 488, 492, 489, 488, 488, 491, 490, 490, 492, 488, 489, 495, 491, 493, 489, 492, 493, 495, 489, 491, 495, 490, 494, 492, 490, 490, 495, 494, 494, 493, 492, 495, 493, 494, 497, 499, 496, 500, 497, 496, 496, 499, 498, 498, 500, 496, 497, 503, 499, 501, 497, 500, 501, 503, 497, 499, 503, 498, 502, 500, 498, 498, 503, 502, 502, 501, 500, 503, 501, 502, 505, 507, 504, 508, 505, 504, 504, 507, 506, 506, 508, 504, 505, 511, 507, 509, 505, 508, 509, 511, 505, 507, 511, 506, 510, 508, 506, 506, 511, 510, 510, 509, 508, 511, 509, 510, 513, 515, 512, 516, 513, 512, 512, 515, 514, 514, 516, 512, 513, 519, 515, 517, 513, 516, 517, 519, 513, 515, 519, 514, 518, 516, 514, 514, 519, 518, 518, 517, 516, 519, 517, 518, 521, 523, 520, 524, 521, 520, 520, 523, 522, 522, 524, 520, 521, 527, 523, 525, 521, 524, 525, 527, 521, 523, 527, 522, 526, 524, 522, 522, 527, 526, 526, 525, 524, 527, 525, 526, 529, 531, 528, 532, 529, 528, 528, 531, 530, 530, 532, 528, 529, 535, 531, 533, 529, 532, 533, 535, 529, 531, 535, 530, 534, 532, 530, 530, 535, 534, 534, 533, 532, 535, 533, 534, 537, 539, 536, 540, 537, 536, 536, 539, 538, 538, 540, 536, 537, 543, 539, 541, 537, 540, 541, 543, 537, 539, 543, 538, 542, 540, 538, 538, 543, 542, 542, 541, 540, 543, 541, 542, 545, 547, 544, 548, 545, 544, 544, 547, 546, 546, 548, 544, 545, 551, 547, 549, 545, 548, 549, 551, 545, 547, 551, 546, 550, 548, 546, 546, 551, 550, 550, 549, 548, 551, 549, 550, 553, 555, 552, 556, 553, 552, 552, 555, 554, 554, 556, 552, 553, 559, 555, 557, 553, 556, 557, 559, 553, 555, 559, 554, 558, 556, 554, 554, 559, 558, 558, 557, 556, 559, 557, 558, 561, 563, 560, 564, 561, 560, 560, 563, 562, 562, 564, 560, 561, 567, 563, 565, 561, 564, 565, 567, 561, 563, 567, 562, 566, 564, 562, 562, 567, 566, 566, 565, 564, 567, 565, 566, 569, 571, 568, 572, 569, 568, 568, 571, 570, 570, 572, 568, 569, 575, 571, 573, 569, 572, 573, 575, 569, 571, 575, 570, 574, 572, 570, 570, 575, 574, 574, 573, 572, 575, 573, 574, 577, 579, 576, 580, 577, 576, 576, 579, 578, 578, 580, 576, 577, 583, 579, 581, 577, 580, 581, 583, 577, 579, 583, 578, 582, 580, 578, 578, 583, 582, 582, 581, 580, 583, 581, 582, 585, 587, 584, 588, 585, 584, 584, 587, 586, 586, 588, 584, 585, 591, 587, 589, 585, 588, 589, 591, 585, 587, 591, 586, 590, 588, 586, 586, 591, 590, 590, 589, 588, 591, 589, 590, 593, 595, 592, 596, 593, 592, 592, 595, 594, 594, 596, 592, 593, 599, 595, 597, 593, 596, 597, 599, 593, 595, 599, 594, 598, 596, 594, 594, 599, 598, 598, 597, 596, 599, 597, 598, 601, 603, 600, 604, 601, 600, 600, 603, 602, 602, 604, 600, 601, 607, 603, 605, 601, 604, 605, 607, 601, 603, 607, 602, 606, 604, 602, 602, 607, 606, 606, 605, 604, 607, 605, 606, 609, 611, 608, 612, 609, 608, 608, 611, 610, 610, 612, 608, 609, 615, 611, 613, 609, 612, 613, 615, 609, 611, 615, 610, 614, 612, 610, 610, 615, 614, 614, 613, 612, 615, 613, 614, 617, 619, 616, 620, 617, 616, 616, 619, 618, 618, 620, 616, 617, 623, 619, 621, 617, 620, 621, 623, 617, 619, 623, 618, 622, 620, 618, 618, 623, 622, 622, 621, 620, 623, 621, 622, 625, 627, 624, 628, 625, 624, 624, 627, 626, 626, 628, 624, 625, 631, 627, 629, 625, 628, 629, 631, 625, 627, 631, 626, 630, 628, 626, 626, 631, 630, 630, 629, 628, 631, 629, 630, 633, 635, 632, 636, 633, 632, 632, 635, 634, 634, 636, 632, 633, 639, 635, 637, 633, 636, 637, 639, 633, 635, 639, 634, 638, 636, 634, 634, 639, 638, 638, 637, 636, 639, 637, 638, 641, 643, 640, 644, 641, 640, 640, 643, 642, 642, 644, 640, 641, 647, 643, 645, 641, 644, 645, 647, 641, 643, 647, 642, 646, 644, 642, 642, 647, 646, 646, 645, 644, 647, 645, 646, 649, 651, 648, 652, 649, 648, 648, 651, 650, 650, 652, 648, 649, 655, 651, 653, 649, 652, 653, 655, 649, 651, 655, 650, 654, 652, 650, 650, 655, 654, 654, 653, 652, 655, 653, 654, 657, 659, 656, 660, 657, 656, 656, 659, 658, 658, 660, 656, 657, 663, 659, 661, 657, 660, 661, 663, 657, 659, 663, 658, 662, 660, 658, 658, 663, 662, 662, 661, 660, 663, 661, 662, 665, 667, 664, 668, 665, 664, 664, 667, 666, 666, 668, 664, 665, 671, 667, 669, 665, 668, 669, 671, 665, 667, 671, 666, 670, 668, 666, 666, 671, 670, 670, 669, 668, 671, 669, 670, 673, 675, 672, 676, 673, 672, 672, 675, 674, 674, 676, 672, 673, 679, 675, 677, 673, 676, 677, 679, 673, 675, 679, 674, 678, 676, 674, 674, 679, 678, 678, 677, 676, 679, 677, 678, 681, 683, 680, 684, 681, 680, 680, 683, 682, 682, 684, 680, 681, 687, 683, 685, 681, 684, 685, 687, 681, 683, 687, 682, 686, 684, 682, 682, 687, 686, 686, 685, 684, 687, 685, 686, 689, 691, 688, 692, 689, 688, 688, 691, 690, 690, 692, 688, 689, 695, 691, 693, 689, 692, 693, 695, 689, 691, 695, 690, 694, 692, 690, 690, 695, 694, 694, 693, 692, 695, 693, 694, 697, 699, 696, 700, 697, 696, 696, 699, 698, 698, 700, 696, 697, 703, 699, 701, 697, 700, 701, 703, 697, 699, 703, 698, 702, 700, 698, 698, 703, 702, 702, 701, 700, 703, 701, 702, 705, 707, 704, 708, 705, 704, 704, 707, 706, 706, 708, 704, 705, 711, 707, 709, 705, 708, 709, 711, 705, 707, 711, 706, 710, 708, 706, 706, 711, 710, 710, 709, 708, 711, 709, 710, 713, 715, 712, 716, 713, 712, 712, 715, 714, 714, 716, 712, 713, 719, 715, 717, 713, 716, 717, 719, 713, 715, 719, 714, 718, 716, 714, 714, 719, 718, 718, 717, 716, 719, 717, 718, 721, 723, 720, 724, 721, 720, 720, 723, 722, 722, 724, 720, 721, 727, 723, 725, 721, 724, 725, 727, 721, 723, 727, 722, 726, 724, 722, 722, 727, 726, 726, 725, 724, 727, 725, 726, 729, 731, 728, 732, 729, 728, 728, 731, 730, 730, 732, 728, 729, 735, 731, 733, 729, 732, 733, 735, 729, 731, 735, 730, 734, 732, 730, 730, 735, 734, 734, 733, 732, 735, 733, 734, 737, 739, 736, 740, 737, 736, 736, 739, 738, 738, 740, 736, 737, 743, 739, 741, 737, 740, 741, 743, 737, 739, 743, 738, 742, 740, 738, 738, 743, 742, 742, 741, 740, 743, 741, 742, 745, 747, 744, 748, 745, 744, 744, 747, 746, 746, 748, 744, 745, 751, 747, 749, 745, 748, 749, 751, 745, 747, 751, 746, 750, 748, 746, 746, 751, 750, 750, 749, 748, 751, 749, 750, 753, 755, 752, 756, 753, 752, 752, 755, 754, 754, 756, 752, 753, 759, 755, 757, 753, 756, 757, 759, 753, 755, 759, 754, 758, 756, 754, 754, 759, 758, 758, 757, 756, 759, 757, 758, 761, 763, 760, 764, 761, 760, 760, 763, 762, 762, 764, 760, 761, 767, 763, 765, 761, 764, 765, 767, 761, 763, 767, 762, 766, 764, 762, 762, 767, 766, 766, 765, 764, 767, 765, 766, 769, 771, 768, 772, 769, 768, 768, 771, 770, 770, 772, 768, 769, 775, 771, 773, 769, 772, 773, 775, 769, 771, 775, 770, 774, 772, 770, 770, 775, 774, 774, 773, 772, 775, 773, 774, 777, 779, 776, 780, 777, 776, 776, 779, 778, 778, 780, 776, 777, 783, 779, 781, 777, 780, 781, 783, 777, 779, 783, 778, 782, 780, 778, 778, 783, 782, 782, 781, 780, 783, 781, 782, 785, 787, 784, 788, 785, 784, 784, 787, 786, 786, 788, 784, 785, 791, 787, 789, 785, 788, 789, 791, 785, 787, 791, 786, 790, 788, 786, 786, 791, 790, 790, 789, 788, 791, 789, 790, 793, 795, 792, 796, 793, 792, 792, 795, 794, 794, 796, 792, 793, 799, 795, 797, 793, 796, 797, 799, 793, 795, 799, 794, 798, 796, 794, 794, 799, 798, 798, 797, 796, 799, 797, 798, 801, 803, 800, 804, 801, 800, 800, 803, 802, 802, 804, 800, 801, 807, 803, 805, 801, 804, 805, 807, 801, 803, 807, 802, 806, 804, 802, 802, 807, 806, 806, 805, 804, 807, 805, 806, 809, 811, 808, 812, 809, 808, 808, 811, 810, 810, 812, 808, 809, 815, 811, 813, 809, 812, 813, 815, 809, 811, 815, 810, 814, 812, 810, 810, 815, 814, 814, 813, 812, 815, 813, 814, 817, 819, 816, 820, 817, 816, 816, 819, 818, 818, 820, 816, 817, 823, 819, 821, 817, 820, 821, 823, 817, 819, 823, 818, 822, 820, 818, 818, 823, 822, 822, 821, 820, 823, 821, 822, 825, 827, 824, 828, 825, 824, 824, 827, 826, 826, 828, 824, 825, 831, 827, 829, 825, 828, 829, 831, 825, 827, 831, 826, 830, 828, 826, 826, 831, 830, 830, 829, 828, 831, 829, 830, 833, 835, 832, 836, 833, 832, 832, 835, 834, 834, 836, 832, 833, 839, 835, 837, 833, 836, 837, 839, 833, 835, 839, 834, 838, 836, 834, 834, 839, 838, 838, 837, 836, 839, 837, 838, 841, 843, 840, 844, 841, 840, 840, 843, 842, 842, 844, 840, 841, 847, 843, 845, 841, 844, 845, 847, 841, 843, 847, 842, 846, 844, 842, 842, 847, 846, 846, 845, 844, 847, 845, 846, 849, 851, 848, 852, 849, 848, 848, 851, 850, 850, 852, 848, 849, 855, 851, 853, 849, 852, 853, 855, 849, 851, 855, 850, 854, 852, 850, 850, 855, 854, 854, 853, 852, 855, 853, 854, 857, 859, 856, 860, 857, 856, 856, 859, 858, 858, 860, 856, 857, 863, 859, 861, 857, 860, 861, 863, 857, 859, 863, 858, 862, 860, 858, 858, 863, 862, 862, 861, 860, 863, 861, 862]
        point3f[] points = [(-54.5, -33, 26), (-54.5, -33, 46), (-54.5, 13, 26), (-54.5, 13, 46), (-29.5, -33, 26), (-29.5, -33, 46), (-29.5, 13, 26), (-29.5, 13, 46), (-53, 12, 27), (-53, 12, 45), (-53, 14, 27), (-53, 14, 45), (-31, 12, 27), (-31, 12, 45), (-31, 14, 27), (-31, 14, 45), (-53, -34, 27), (-53, -34, 45), (-53, -32, 27), (-53, -32, 45), (-31, -34, 27), (-31, -34, 45), (-31, -32, 27), (-31, -32, 45), (-52.5, -31, 26.25), (-52.5, -31, 27.75), (-52.5, 11, 26.25), (-52.5, 11, 27.75), (-31.5, -31, 26.25), (-31.5, -31, 27.75), (-31.5, 11, 26.25), (-31.5, 11, 27.75), (-52.5, -31, 44.25), (-52.5, -31, 45.75), (-52.5, 11, 44.25), (-52.5, 11, 45.75), (-31.5, -31, 44.25), (-31.5, -31, 45.75), (-31.5, 11, 44.25), (-31.5, 11, 45.75), (-52, -21.5, 28), (-52, -21.5, 44), (-52, -20.5, 28), (-52, -20.5, 44), (-32, -21.5, 28), (-32, -21.5, 44), (-32, -20.5, 28), (-32, -20.5, 44), (-52, -9.5, 28), (-52, -9.5, 44), (-52, -8.5, 28), (-52, -8.5, 44), (-32, -9.5, 28), (-32, -9.5, 44), (-32, -8.5, 28), (-32, -8.5, 44), (-52, 2.5, 28), (-52, 2.5, 44), (-52, 3.5, 28), (-52, 3.5, 44), (-32, 2.5, 28), (-32, 2.5, 44), (-32, 3.5, 28), (-32, 3.5, 44), (-52, 14.5, 28), (-52, 14.5, 44), (-52, 15.5, 28), (-52, 15.5, 44), (-32, 14.5, 28), (-32, 14.5, 44), (-32, 15.5, 28), (-32, 15.5, 44), (-12.5, -33, 26), (-12.5, -33, 46), (-12.5, 13, 26), (-12.5, 13, 46), (12.5, -33, 26), (12.5, -33, 46), (12.5, 13, 26), (12.5, 13, 46), (-11, 12, 27), (-11, 12, 45), (-11, 14, 27), (-11, 14, 45), (11, 12, 27), (11, 12, 45), (11, 14, 27), (11, 14, 45), (-11, -34, 27), (-11, -34, 45), (-11, -32, 27), (-11, -32, 45), (11, -34, 27), (11, -34, 45), (11, -32, 27), (11, -32, 45), (-10.5, -31, 26.25), (-10.5, -31, 27.75), (-10.5, 11, 26.25), (-10.5, 11, 27.75), (10.5, -31, 26.25), (10.5, -31, 27.75), (10.5, 11, 26.25), (10.5, 11, 27.75), (-10.5, -31, 44.25), (-10.5, -31, 45.75), (-10.5, 11, 44.25), (-10.5, 11, 45.75), (10.5, -31, 44.25), (10.5, -31, 45.75), (10.5, 11, 44.25), (10.5, 11, 45.75), (-10, -21.5, 28), (-10, -21.5, 44), (-10, -20.5, 28), (-10, -20.5, 44), (10, -21.5, 28), (10, -21.5, 44), (10, -20.5, 28), (10, -20.5, 44), (-10, -9.5, 28), (-10, -9.5, 44), (-10, -8.5, 28), (-10, -8.5, 44), (10, -9.5, 28), (10, -9.5, 44), (10, -8.5, 28), (10, -8.5, 44), (-10, 2.5, 28), (-10, 2.5, 44), (-10, 3.5, 28), (-10, 3.5, 44), (10, 2.5, 28), (10, 2.5, 44), (10, 3.5, 28), (10, 3.5, 44), (-10, 14.5, 28), (-10, 14.5, 44), (-10, 15.5, 28), (-10, 15.5, 44), (10, 14.5, 28), (10, 14.5, 44), (10, 15.5, 28), (10, 15.5, 44), (29.5, -33, 26), (29.5, -33, 46), (29.5, 13, 26), (29.5, 13, 46), (54.5, -33, 26), (54.5, -33, 46), (54.5, 13, 26), (54.5, 13, 46), (31, 12, 27), (31, 12, 45), (31, 14, 27), (31, 14, 45), (53, 12, 27), (53, 12, 45), (53, 14, 27), (53, 14, 45), (31, -34, 27), (31, -34, 45), (31, -32, 27), (31, -32, 45), (53, -34, 27), (53, -34, 45), (53, -32, 27), (53, -32, 45), (31.5, -31, 26.25), (31.5, -31, 27.75), (31.5, 11, 26.25), (31.5, 11, 27.75), (52.5, -31, 26.25), (52.5, -31, 27.75), (52.5, 11, 26.25), (52.5, 11, 27.75), (31.5, -31, 44.25), (31.5, -31, 45.75), (31.5, 11, 44.25), (31.5, 11, 45.75), (52.5, -31, 44.25), (52.5, -31, 45.75), (52.5, 11, 44.25), (52.5, 11, 45.75), (32, -21.5, 28), (32, -21.5, 44), (32, -20.5, 28), (32, -20.5, 44), (52, -21.5, 28), (52, -21.5, 44), (52, -20.5, 28), (52, -20.5, 44), (32, -9.5, 28), (32, -9.5, 44), (32, -8.5, 28), (32, -8.5, 44), (52, -9.5, 28), (52, -9.5, 44), (52, -8.5, 28), (52, -8.5, 44), (32, 2.5, 28), (32, 2.5, 44), (32, 3.5, 28), (32, 3.5, 44), (52, 2.5, 28), (52, 2.5, 44), (52, 3.5, 28), (52, 3.5, 44), (32, 14.5, 28), (32, 14.5, 44), (32, 15.5, 28), (32, 15.5, 44), (52, 14.5, 28), (52, 14.5, 44), (52, 15.5, 28), (52, 15.5, 44), (-54.5, -33, 2), (-54.5, -33, 22), (-54.5, 13, 2), (-54.5, 13, 22), (-29.5, -33, 2), (-29.5, -33, 22), (-29.5, 13, 2), (-29.5, 13, 22), (-53, 12, 3), (-53, 12, 21), (-53, 14, 3), (-53, 14, 21), (-31, 12, 3), (-31, 12, 21), (-31, 14, 3), (-31, 14, 21), (-53, -34, 3), (-53, -34, 21), (-53, -32, 3), (-53, -32, 21), (-31, -34, 3), (-31, -34, 21), (-31, -32, 3), (-31, -32, 21), (-52.5, -31, 2.25), (-52.5, -31, 3.75), (-52.5, 11, 2.25), (-52.5, 11, 3.75), (-31.5, -31, 2.25), (-31.5, -31, 3.75), (-31.5, 11, 2.25), (-31.5, 11, 3.75), (-52.5, -31, 20.25), (-52.5, -31, 21.75), (-52.5, 11, 20.25), (-52.5, 11, 21.75), (-31.5, -31, 20.25), (-31.5, -31, 21.75), (-31.5, 11, 20.25), (-31.5, 11, 21.75), (-52, -21.5, 4), (-52, -21.5, 20), (-52, -20.5, 4), (-52, -20.5, 20), (-32, -21.5, 4), (-32, -21.5, 20), (-32, -20.5, 4), (-32, -20.5, 20), (-52, -9.5, 4), (-52, -9.5, 20), (-52, -8.5, 4), (-52, -8.5, 20), (-32, -9.5, 4), (-32, -9.5, 20), (-32, -8.5, 4), (-32, -8.5, 20), (-52, 2.5, 4), (-52, 2.5, 20), (-52, 3.5, 4), (-52, 3.5, 20), (-32, 2.5, 4), (-32, 2.5, 20), (-32, 3.5, 4), (-32, 3.5, 20), (-52, 14.5, 4), (-52, 14.5, 20), (-52, 15.5, 4), (-52, 15.5, 20), (-32, 14.5, 4), (-32, 14.5, 20), (-32, 15.5, 4), (-32, 15.5, 20), (-12.5, -33, 2), (-12.5, -33, 22), (-12.5, 13, 2), (-12.5, 13, 22), (12.5, -33, 2), (12.5, -33, 22), (12.5, 13, 2), (12.5, 13, 22), (-11, 12, 3), (-11, 12, 21), (-11, 14, 3), (-11, 14, 21), (11, 12, 3), (11, 12, 21), (11, 14, 3), (11, 14, 21), (-11, -34, 3), (-11, -34, 21), (-11, -32, 3), (-11, -32, 21), (11, -34, 3), (11, -34, 21), (11, -32, 3), (11, -32, 21), (-10.5, -31, 2.25), (-10.5, -31, 3.75), (-10.5, 11, 2.25), (-10.5, 11, 3.75), (10.5, -31, 2.25), (10.5, -31, 3.75), (10.5, 11, 2.25), (10.5, 11, 3.75), (-10.5, -31, 20.25), (-10.5, -31, 21.75), (-10.5, 11, 20.25), (-10.5, 11, 21.75), (10.5, -31, 20.25), (10.5, -31, 21.75), (10.5, 11, 20.25), (10.5, 11, 21.75), (-10, -21.5, 4), (-10, -21.5, 20), (-10, -20.5, 4), (-10, -20.5, 20), (10, -21.5, 4), (10, -21.5, 20), (10, -20.5, 4), (10, -20.5, 20), (-10, -9.5, 4), (-10, -9.5, 20), (-10, -8.5, 4), (-10, -8.5, 20), (10, -9.5, 4), (10, -9.5, 20), (10, -8.5, 4), (10, -8.5, 20), (-10, 2.5, 4), (-10, 2.5, 20), (-10, 3.5, 4), (-10, 3.5, 20), (10, 2.5, 4), (10, 2.5, 20), (10, 3.5, 4), (10, 3.5, 20), (-10, 14.5, 4), (-10, 14.5, 20), (-10, 15.5, 4), (-10, 15.5, 20), (10, 14.5, 4), (10, 14.5, 20), (10, 15.5, 4), (10, 15.5, 20), (29.5, -33, 2), (29.5, -33, 22), (29.5, 13, 2), (29.5, 13, 22), (54.5, -33, 2), (54.5, -33, 22), (54.5, 13, 2), (54.5, 13, 22), (31, 12, 3), (31, 12, 21), (31, 14, 3), (31, 14, 21), (53, 12, 3), (53, 12, 21), (53, 14, 3), (53, 14, 21), (31, -34, 3), (31, -34, 21), (31, -32, 3), (31, -32, 21), (53, -34, 3), (53, -34, 21), (53, -32, 3), (53, -32, 21), (31.5, -31, 2.25), (31.5, -31, 3.75), (31.5, 11, 2.25), (31.5, 11, 3.75), (52.5, -31, 2.25), (52.5, -31, 3.75), (52.5, 11, 2.25), (52.5, 11, 3.75), (31.5, -31, 20.25), (31.5, -31, 21.75), (31.5, 11, 20.25), (31.5, 11, 21.75), (52.5, -31, 20.25), (52.5, -31, 21.75), (52.5, 11, 20.25), (52.5, 11, 21.75), (32, -21.5, 4), (32, -21.5, 20), (32, -20.5, 4), (32, -20.5, 20), (52, -21.5, 4), (52, -21.5, 20), (52, -20.5, 4), (52, -20.5, 20), (32, -9.5, 4), (32, -9.5, 20), (32, -8.5, 4), (32, -8.5, 20), (52, -9.5, 4), (52, -9.5, 20), (52, -8.5, 4), (52, -8.5, 20), (32, 2.5, 4), (32, 2.5, 20), (32, 3.5, 4), (32, 3.5, 20), (52, 2.5, 4), (52, 2.5, 20), (52, 3.5, 4), (52, 3.5, 20), (32, 14.5, 4), (32, 14.5, 20), (32, 15.5, 4), (32, 15.5, 20), (52, 14.5, 4), (52, 14.5, 20), (52, 15.5, 4), (52, 15.5, 20), (-54.5, -33, -22), (-54.5, -33, -2), (-54.5, 13, -22), (-54.5, 13, -2), (-29.5, -33, -22), (-29.5, -33, -2), (-29.5, 13, -22), (-29.5, 13, -2), (-53, 12, -21), (-53, 12, -3), (-53, 14, -21), (-53, 14, -3), (-31, 12, -21), (-31, 12, -3), (-31, 14, -21), (-31, 14, -3), (-53, -34, -21), (-53, -34, -3), (-53, -32, -21), (-53, -32, -3), (-31, -34, -21), (-31, -34, -3), (-31, -32, -21), (-31, -32, -3), (-52.5, -31, -21.75), (-52.5, -31, -20.25), (-52.5, 11, -21.75), (-52.5, 11, -20.25), (-31.5, -31, -21.75), (-31.5, -31, -20.25), (-31.5, 11, -21.75), (-31.5, 11, -20.25), (-52.5, -31, -3.75), (-52.5, -31, -2.25), (-52.5, 11, -3.75), (-52.5, 11, -2.25), (-31.5, -31, -3.75), (-31.5, -31, -2.25), (-31.5, 11, -3.75), (-31.5, 11, -2.25), (-52, -21.5, -20), (-52, -21.5, -4), (-52, -20.5, -20), (-52, -20.5, -4), (-32, -21.5, -20), (-32, -21.5, -4), (-32, -20.5, -20), (-32, -20.5, -4), (-52, -9.5, -20), (-52, -9.5, -4), (-52, -8.5, -20), (-52, -8.5, -4), (-32, -9.5, -20), (-32, -9.5, -4), (-32, -8.5, -20), (-32, -8.5, -4), (-52, 2.5, -20), (-52, 2.5, -4), (-52, 3.5, -20), (-52, 3.5, -4), (-32, 2.5, -20), (-32, 2.5, -4), (-32, 3.5, -20), (-32, 3.5, -4), (-52, 14.5, -20), (-52, 14.5, -4), (-52, 15.5, -20), (-52, 15.5, -4), (-32, 14.5, -20), (-32, 14.5, -4), (-32, 15.5, -20), (-32, 15.5, -4), (-12.5, -33, -22), (-12.5, -33, -2), (-12.5, 13, -22), (-12.5, 13, -2), (12.5, -33, -22), (12.5, -33, -2), (12.5, 13, -22), (12.5, 13, -2), (-11, 12, -21), (-11, 12, -3), (-11, 14, -21), (-11, 14, -3), (11, 12, -21), (11, 12, -3), (11, 14, -21), (11, 14, -3), (-11, -34, -21), (-11, -34, -3), (-11, -32, -21), (-11, -32, -3), (11, -34, -21), (11, -34, -3), (11, -32, -21), (11, -32, -3), (-10.5, -31, -21.75), (-10.5, -31, -20.25), (-10.5, 11, -21.75), (-10.5, 11, -20.25), (10.5, -31, -21.75), (10.5, -31, -20.25), (10.5, 11, -21.75), (10.5, 11, -20.25), (-10.5, -31, -3.75), (-10.5, -31, -2.25), (-10.5, 11, -3.75), (-10.5, 11, -2.25), (10.5, -31, -3.75), (10.5, -31, -2.25), (10.5, 11, -3.75), (10.5, 11, -2.25), (-10, -21.5, -20), (-10, -21.5, -4), (-10, -20.5, -20), (-10, -20.5, -4), (10, -21.5, -20), (10, -21.5, -4), (10, -20.5, -20), (10, -20.5, -4), (-10, -9.5, -20), (-10, -9.5, -4), (-10, -8.5, -20), (-10, -8.5, -4), (10, -9.5, -20), (10, -9.5, -4), (10, -8.5, -20), (10, -8.5, -4), (-10, 2.5, -20), (-10, 2.5, -4), (-10, 3.5, -20), (-10, 3.5, -4), (10, 2.5, -20), (10, 2.5, -4), (10, 3.5, -20), (10, 3.5, -4), (-10, 14.5, -20), (-10, 14.5, -4), (-10, 15.5, -20), (-10, 15.5, -4), (10, 14.5, -20), (10, 14.5, -4), (10, 15.5, -20), (10, 15.5, -4), (29.5, -33, -22), (29.5, -33, -2), (29.5, 13, -22), (29.5, 13, -2), (54.5, -33, -22), (54.5, -33, -2), (54.5, 13, -22), (54.5, 13, -2), (31, 12, -21), (31, 12, -3), (31, 14, -21), (31, 14, -3), (53, 12, -21), (53, 12, -3), (53, 14, -21), (53, 14, -3), (31, -34, -21), (31, -34, -3), (31, -32, -21), (31, -32, -3), (53, -34, -21), (53, -34, -3), (53, -32, -21), (53, -32, -3), (31.5, -31, -21.75), (31.5, -31, -20.25), (31.5, 11, -21.75), (31.5, 11, -20.25), (52.5, -31, -21.75), (52.5, -31, -20.25), (52.5, 11, -21.75), (52.5, 11, -20.25), (31.5, -31, -3.75), (31.5, -31, -2.25), (31.5, 11, -3.75), (31.5, 11, -2.25), (52.5, -31, -3.75), (52.5, -31, -2.25), (52.5, 11, -3.75), (52.5, 11, -2.25), (32, -21.5, -20), (32, -21.5, -4), (32, -20.5, -20), (32, -20.5, -4), (52, -21.5, -20), (52, -21.5, -4), (52, -20.5, -20), (52, -20.5, -4), (32, -9.5, -20), (32, -9.5, -4), (32, -8.5, -20), (32, -8.5, -4), (52, -9.5, -20), (52, -9.5, -4), (52, -8.5, -20), (52, -8.5, -4), (32, 2.5, -20), (32, 2.5, -4), (32, 3.5, -20), (32, 3.5, -4), (52, 2.5, -20), (52, 2.5, -4), (52, 3.5, -20), (52, 3.5, -4), (32, 14.5, -20), (32, 14.5, -4), (32, 15.5, -20), (32, 15.5, -4), (52, 14.5, -20), (52, 14.5, -4), (52, 15.5, -20), (52, 15.5, -4), (-54.5, -33, -46), (-54.5, -33, -26), (-54.5, 13, -46), (-54.5, 13, -26), (-29.5, -33, -46), (-29.5, -33, -26), (-29.5, 13, -46), (-29.5, 13, -26), (-53, 12, -45), (-53, 12, -27), (-53, 14, -45), (-53, 14, -27), (-31, 12, -45), (-31, 12, -27), (-31, 14, -45), (-31, 14, -27), (-53, -34, -45), (-53, -34, -27), (-53, -32, -45), (-53, -32, -27), (-31, -34, -45), (-31, -34, -27), (-31, -32, -45), (-31, -32, -27), (-52.5, -31, -45.75), (-52.5, -31, -44.25), (-52.5, 11, -45.75), (-52.5, 11, -44.25), (-31.5, -31, -45.75), (-31.5, -31, -44.25), (-31.5, 11, -45.75), (-31.5, 11, -44.25), (-52.5, -31, -27.75), (-52.5, -31, -26.25), (-52.5, 11, -27.75), (-52.5, 11, -26.25), (-31.5, -31, -27.75), (-31.5, -31, -26.25), (-31.5, 11, -27.75), (-31.5, 11, -26.25), (-52, -21.5, -44), (-52, -21.5, -28), (-52, -20.5, -44), (-52, -20.5, -28), (-32, -21.5, -44), (-32, -21.5, -28), (-32, -20.5, -44), (-32, -20.5, -28), (-52, -9.5, -44), (-52, -9.5, -28), (-52, -8.5, -44), (-52, -8.5, -28), (-32, -9.5, -44), (-32, -9.5, -28), (-32, -8.5, -44), (-32, -8.5, -28), (-52, 2.5, -44), (-52, 2.5, -28), (-52, 3.5, -44), (-52, 3.5, -28), (-32, 2.5, -44), (-32, 2.5, -28), (-32, 3.5, -44), (-32, 3.5, -28), (-52, 14.5, -44), (-52, 14.5, -28), (-52, 15.5, -44), (-52, 15.5, -28), (-32, 14.5, -44), (-32, 14.5, -28), (-32, 15.5, -44), (-32, 15.5, -28), (-12.5, -33, -46), (-12.5, -33, -26), (-12.5, 13, -46), (-12.5, 13, -26), (12.5, -33, -46), (12.5, -33, -26), (12.5, 13, -46), (12.5, 13, -26), (-11, 12, -45), (-11, 12, -27), (-11, 14, -45), (-11, 14, -27), (11, 12, -45), (11, 12, -27), (11, 14, -45), (11, 14, -27), (-11, -34, -45), (-11, -34, -27), (-11, -32, -45), (-11, -32, -27), (11, -34, -45), (11, -34, -27), (11, -32, -45), (11, -32, -27), (-10.5, -31, -45.75), (-10.5, -31, -44.25), (-10.5, 11, -45.75), (-10.5, 11, -44.25), (10.5, -31, -45.75), (10.5, -31, -44.25), (10.5, 11, -45.75), (10.5, 11, -44.25), (-10.5, -31, -27.75), (-10.5, -31, -26.25), (-10.5, 11, -27.75), (-10.5, 11, -26.25), (10.5, -31, -27.75), (10.5, -31, -26.25), (10.5, 11, -27.75), (10.5, 11, -26.25), (-10, -21.5, -44), (-10, -21.5, -28), (-10, -20.5, -44), (-10, -20.5, -28), (10, -21.5, -44), (10, -21.5, -28), (10, -20.5, -44), (10, -20.5, -28), (-10, -9.5, -44), (-10, -9.5, -28), (-10, -8.5, -44), (-10, -8.5, -28), (10, -9.5, -44), (10, -9.5, -28), (10, -8.5, -44), (10, -8.5, -28), (-10, 2.5, -44), (-10, 2.5, -28), (-10, 3.5, -44), (-10, 3.5, -28), (10, 2.5, -44), (10, 2.5, -28), (10, 3.5, -44), (10, 3.5, -28), (-10, 14.5, -44), (-10, 14.5, -28), (-10, 15.5, -44), (-10, 15.5, -28), (10, 14.5, -44), (10, 14.5, -28), (10, 15.5, -44), (10, 15.5, -28), (29.5, -33, -46), (29.5, -33, -26), (29.5, 13, -46), (29.5, 13, -26), (54.5, -33, -46), (54.5, -33, -26), (54.5, 13, -46), (54.5, 13, -26), (31, 12, -45), (31, 12, -27), (31, 14, -45), (31, 14, -27), (53, 12, -45), (53, 12, -27), (53, 14, -45), (53, 14, -27), (31, -34, -45), (31, -34, -27), (31, -32, -45), (31, -32, -27), (53, -34, -45), (53, -34, -27), (53, -32, -45), (53, -32, -27), (31.5, -31, -45.75), (31.5, -31, -44.25), (31.5, 11, -45.75), (31.5, 11, -44.25), (52.5, -31, -45.75), (52.5, -31, -44.25), (52.5, 11, -45.75), (52.5, 11, -44.25), (31.5, -31, -27.75), (31.5, -31, -26.25), (31.5, 11, -27.75), (31.5, 11, -26.25), (52.5, -31, -27.75), (52.5, -31, -26.25), (52.5, 11, -27.75), (52.5, 11, -26.25), (32, -21.5, -44), (32, -21.5, -28), (32, -20.5, -44), (32, -20.5, -28), (52, -21.5, -44), (52, -21.5, -28), (52, -20.5, -44), (52, -20.5, -28), (32, -9.5, -44), (32, -9.5, -28), (32, -8.5, -44), (32, -8.5, -28), (52, -9.5, -44), (52, -9.5, -28), (52, -8.5, -44), (52, -8.5, -28), (32, 2.5, -44), (32, 2.5, -28), (32, 3.5, -44), (32, 3.5, -28), (52, 2.5, -44), (52, 2.5, -28), (52, 3.5, -44), (52, 3.5, -28), (32, 14.5, -44), (32, 14.5, -28), (32, 15.5, -44), (32, 15.5, -28), (52, 14.5, -44), (52, 14.5, -28), (52, 15.5, -44), (52, 15.5, -28)]
    }

    def Mesh "RackGlass"
    {
        rel material:binding = </ComputeSatelliteMesh/_Materials/ServerGlass>
        uniform token subdivisionScheme = "none"
        int[] faceVertexCounts = [3, 3, 3, 3, 3, 3, 3, 3, 3, 3, 3, 3, 3, 3, 3, 3, 3, 3, 3, 3, 3, 3, 3, 3, 3, 3, 3, 3, 3, 3, 3, 3, 3, 3, 3, 3, 3, 3, 3, 3, 3, 3, 3, 3, 3, 3, 3, 3, 3, 3, 3, 3, 3, 3, 3, 3, 3, 3, 3, 3, 3, 3, 3, 3, 3, 3, 3, 3, 3, 3, 3, 3, 3, 3, 3, 3, 3, 3, 3, 3, 3, 3, 3, 3, 3, 3, 3, 3, 3, 3, 3, 3, 3, 3, 3, 3, 3, 3, 3, 3, 3, 3, 3, 3, 3, 3, 3, 3, 3, 3, 3, 3, 3, 3, 3, 3, 3, 3, 3, 3, 3, 3, 3, 3, 3, 3, 3, 3, 3, 3, 3, 3, 3, 3, 3, 3, 3, 3, 3, 3, 3, 3, 3, 3]
        int[] faceVertexIndices = [1, 3, 0, 4, 1, 0, 0, 3, 2, 2, 4, 0, 1, 7, 3, 5, 1, 4, 5, 7, 1, 3, 7, 2, 6, 4, 2, 2, 7, 6, 6, 5, 4, 7, 5, 6, 9, 11, 8, 12, 9, 8, 8, 11, 10, 10, 12, 8, 9, 15, 11, 13, 9, 12, 13, 15, 9, 11, 15, 10, 14, 12, 10, 10, 15, 14, 14, 13, 12, 15, 13, 14, 17, 19, 16, 20, 17, 16, 16, 19, 18, 18, 20, 16, 17, 23, 19, 21, 17, 20, 21, 23, 17, 19, 23, 18, 22, 20, 18, 18, 23, 22, 22, 21, 20, 23, 21, 22, 25, 27, 24, 28, 25, 24, 24, 27, 26, 26, 28, 24, 25, 31, 27, 29, 25, 28, 29, 31, 25, 27, 31, 26, 30, 28, 26, 26, 31, 30, 30, 29, 28, 31, 29, 30, 33, 35, 32, 36, 33, 32, 32, 35, 34, 34, 36, 32, 33, 39, 35, 37, 33, 36, 37, 39, 33, 35, 39, 34, 38, 36, 34, 34, 39, 38, 38, 37, 36, 39, 37, 38, 41, 43, 40, 44, 41, 40, 40, 43, 42, 42, 44, 40, 41, 47, 43, 45, 41, 44, 45, 47, 41, 43, 47, 42, 46, 44, 42, 42, 47, 46, 46, 45, 44, 47, 45, 46, 49, 51, 48, 52, 49, 48, 48, 51, 50, 50, 52, 48, 49, 55, 51, 53, 49, 52, 53, 55, 49, 51, 55, 50, 54, 52, 50, 50, 55, 54, 54, 53, 52, 55, 53, 54, 57, 59, 56, 60, 57, 56, 56, 59, 58, 58, 60, 56, 57, 63, 59, 61, 57, 60, 61, 63, 57, 59, 63, 58, 62, 60, 58, 58, 63, 62, 62, 61, 60, 63, 61, 62, 65, 67, 64, 68, 65, 64, 64, 67, 66, 66, 68, 64, 65, 71, 67, 69, 65, 68, 69, 71, 65, 67, 71, 66, 70, 68, 66, 66, 71, 70, 70, 69, 68, 71, 69, 70, 73, 75, 72, 76, 73, 72, 72, 75, 74, 74, 76, 72, 73, 79, 75, 77, 73, 76, 77, 79, 73, 75, 79, 74, 78, 76, 74, 74, 79, 78, 78, 77, 76, 79, 77, 78, 81, 83, 80, 84, 81, 80, 80, 83, 82, 82, 84, 80, 81, 87, 83, 85, 81, 84, 85, 87, 81, 83, 87, 82, 86, 84, 82, 82, 87, 86, 86, 85, 84, 87, 85, 86, 89, 91, 88, 92, 89, 88, 88, 91, 90, 90, 92, 88, 89, 95, 91, 93, 89, 92, 93, 95, 89, 91, 95, 90, 94, 92, 90, 90, 95, 94, 94, 93, 92, 95, 93, 94]
        point3f[] points = [(-53, -31, 45.2), (-53, -31, 46), (-53, 11, 45.2), (-53, 11, 46), (-31, -31, 45.2), (-31, -31, 46), (-31, 11, 45.2), (-31, 11, 46), (-11, -31, 45.2), (-11, -31, 46), (-11, 11, 45.2), (-11, 11, 46), (11, -31, 45.2), (11, -31, 46), (11, 11, 45.2), (11, 11, 46), (31, -31, 45.2), (31, -31, 46), (31, 11, 45.2), (31, 11, 46), (53, -31, 45.2), (53, -31, 46), (53, 11, 45.2), (53, 11, 46), (-53, -31, 21.2), (-53, -31, 22), (-53, 11, 21.2), (-53, 11, 22), (-31, -31, 21.2), (-31, -31, 22), (-31, 11, 21.2), (-31, 11, 22), (-11, -31, 21.2), (-11, -31, 22), (-11, 11, 21.2), (-11, 11, 22), (11, -31, 21.2), (11, -31, 22), (11, 11, 21.2), (11, 11, 22), (31, -31, 21.2), (31, -31, 22), (31, 11, 21.2), (31, 11, 22), (53, -31, 21.2), (53, -31, 22), (53, 11, 21.2), (53, 11, 22), (-53, -31, -2.8), (-53, -31, -2), (-53, 11, -2.8), (-53, 11, -2), (-31, -31, -2.8), (-31, -31, -2), (-31, 11, -2.8), (-31, 11, -2), (-11, -31, -2.8), (-11, -31, -2), (-11, 11, -2.8), (-11, 11, -2), (11, -31, -2.8), (11, -31, -2), (11, 11, -2.8), (11, 11, -2), (31, -31, -2.8), (31, -31, -2), (31, 11, -2.8), (31, 11, -2), (53, -31, -2.8), (53, -31, -2), (53, 11, -2.8), (53, 11, -2), (-53, -31, -26.8), (-53, -31, -26), (-53, 11, -26.8), (-53, 11, -26), (-31, -31, -26.8), (-31, -31, -26), (-31, 11, -26.8), (-31, 11, -26), (-11, -31, -26.8), (-11, -31, -26), (-11, 11, -26.8), (-11, 11, -26), (11, -31, -26.8), (11, -31, -26), (11, 11, -26.8), (11, 11, -26), (31, -31, -26.8), (31, -31, -26), (31, 11, -26.8), (31, 11, -26), (53, -31, -26.8), (53, -31, -26), (53, 11, -26.8), (53, 11, -26)]
    }

    def Mesh "RackLeds"
    {
        rel material:binding = </ComputeSatelliteMesh/_Materials/LedCyan>
        uniform token subdivisionScheme = "none"
        int[] faceVertexCounts = [3, 3, 3, 3, 3, 3, 3, 3, 3, 3, 3, 3, 3, 3, 3, 3, 3, 3, 3, 3, 3, 3, 3, 3, 3, 3, 3, 3, 3, 3, 3, 3, 3, 3, 3, 3, 3, 3, 3, 3, 3, 3, 3, 3, 3, 3, 3, 3, 3, 3, 3, 3, 3, 3, 3, 3, 3, 3, 3, 3, 3, 3, 3, 3, 3, 3, 3, 3, 3, 3, 3, 3, 3, 3, 3, 3, 3, 3, 3, 3, 3, 3, 3, 3, 3, 3, 3, 3, 3, 3, 3, 3, 3, 3, 3, 3, 3, 3, 3, 3, 3, 3, 3, 3, 3, 3, 3, 3, 3, 3, 3, 3, 3, 3, 3, 3, 3, 3, 3, 3, 3, 3, 3, 3, 3, 3, 3, 3, 3, 3, 3, 3, 3, 3, 3, 3, 3, 3, 3, 3, 3, 3, 3, 3, 3, 3, 3, 3, 3, 3, 3, 3, 3, 3, 3, 3, 3, 3, 3, 3, 3, 3, 3, 3, 3, 3, 3, 3, 3, 3, 3, 3, 3, 3, 3, 3, 3, 3, 3, 3, 3, 3, 3, 3, 3, 3, 3, 3, 3, 3, 3, 3, 3, 3, 3, 3, 3, 3, 3, 3, 3, 3, 3, 3, 3, 3, 3, 3, 3, 3, 3, 3, 3, 3, 3, 3, 3, 3, 3, 3, 3, 3, 3, 3, 3, 3, 3, 3, 3, 3, 3, 3, 3, 3, 3, 3, 3, 3, 3, 3, 3, 3, 3, 3, 3, 3, 3, 3, 3, 3, 3, 3, 3, 3, 3, 3, 3, 3, 3, 3, 3, 3, 3, 3, 3, 3, 3, 3, 3, 3, 3, 3, 3, 3, 3, 3, 3, 3, 3, 3, 3, 3, 3, 3, 3, 3, 3, 3]
        int[] faceVertexIndices = [1, 3, 0, 4, 1, 0, 0, 3, 2, 2, 4, 0, 1, 7, 3, 5, 1, 4, 5, 7, 1, 3, 7, 2, 6, 4, 2, 2, 7, 6, 6, 5, 4, 7, 5, 6, 9, 11, 8, 12, 9, 8, 8, 11, 10, 10, 12, 8, 9, 15, 11, 13, 9, 12, 13, 15, 9, 11, 15, 10, 14, 12, 10, 10, 15, 14, 14, 13, 12, 15, 13, 14, 17, 19, 16, 20, 17, 16, 16, 19, 18, 18, 20, 16, 17, 23, 19, 21, 17, 20, 21, 23, 17, 19, 23, 18, 22, 20, 18, 18, 23, 22, 22, 21, 20, 23, 21, 22, 25, 27, 24, 28, 25, 24, 24, 27, 26, 26, 28, 24, 25, 31, 27, 29, 25, 28, 29, 31, 25, 27, 31, 26, 30, 28, 26, 26, 31, 30, 30, 29, 28, 31, 29, 30, 33, 35, 32, 36, 33, 32, 32, 35, 34, 34, 36, 32, 33, 39, 35, 37, 33, 36, 37, 39, 33, 35, 39, 34, 38, 36, 34, 34, 39, 38, 38, 37, 36, 39, 37, 38, 41, 43, 40, 44, 41, 40, 40, 43, 42, 42, 44, 40, 41, 47, 43, 45, 41, 44, 45, 47, 41, 43, 47, 42, 46, 44, 42, 42, 47, 46, 46, 45, 44, 47, 45, 46, 49, 51, 48, 52, 49, 48, 48, 51, 50, 50, 52, 48, 49, 55, 51, 53, 49, 52, 53, 55, 49, 51, 55, 50, 54, 52, 50, 50, 55, 54, 54, 53, 52, 55, 53, 54, 57, 59, 56, 60, 57, 56, 56, 59, 58, 58, 60, 56, 57, 63, 59, 61, 57, 60, 61, 63, 57, 59, 63, 58, 62, 60, 58, 58, 63, 62, 62, 61, 60, 63, 61, 62, 65, 67, 64, 68, 65, 64, 64, 67, 66, 66, 68, 64, 65, 71, 67, 69, 65, 68, 69, 71, 65, 67, 71, 66, 70, 68, 66, 66, 71, 70, 70, 69, 68, 71, 69, 70, 73, 75, 72, 76, 73, 72, 72, 75, 74, 74, 76, 72, 73, 79, 75, 77, 73, 76, 77, 79, 73, 75, 79, 74, 78, 76, 74, 74, 79, 78, 78, 77, 76, 79, 77, 78, 81, 83, 80, 84, 81, 80, 80, 83, 82, 82, 84, 80, 81, 87, 83, 85, 81, 84, 85, 87, 81, 83, 87, 82, 86, 84, 82, 82, 87, 86, 86, 85, 84, 87, 85, 86, 89, 91, 88, 92, 89, 88, 88, 91, 90, 90, 92, 88, 89, 95, 91, 93, 89, 92, 93, 95, 89, 91, 95, 90, 94, 92, 90, 90, 95, 94, 94, 93, 92, 95, 93, 94, 97, 99, 96, 100, 97, 96, 96, 99, 98, 98, 100, 96, 97, 103, 99, 101, 97, 100, 101, 103, 97, 99, 103, 98, 102, 100, 98, 98, 103, 102, 102, 101, 100, 103, 101, 102, 105, 107, 104, 108, 105, 104, 104, 107, 106, 106, 108, 104, 105, 111, 107, 109, 105, 108, 109, 111, 105, 107, 111, 106, 110, 108, 106, 106, 111, 110, 110, 109, 108, 111, 109, 110, 113, 115, 112, 116, 113, 112, 112, 115, 114, 114, 116, 112, 113, 119, 115, 117, 113, 116, 117, 119, 113, 115, 119, 114, 118, 116, 114, 114, 119, 118, 118, 117, 116, 119, 117, 118, 121, 123, 120, 124, 121, 120, 120, 123, 122, 122, 124, 120, 121, 127, 123, 125, 121, 124, 125, 127, 121, 123, 127, 122, 126, 124, 122, 122, 127, 126, 126, 125, 124, 127, 125, 126, 129, 131, 128, 132, 129, 128, 128, 131, 130, 130, 132, 128, 129, 135, 131, 133, 129, 132, 133, 135, 129, 131, 135, 130, 134, 132, 130, 130, 135, 134, 134, 133, 132, 135, 133, 134, 137, 139, 136, 140, 137, 136, 136, 139, 138, 138, 140, 136, 137, 143, 139, 141, 137, 140, 141, 143, 137, 139, 143, 138, 142, 140, 138, 138, 143, 142, 142, 141, 140, 143, 141, 142, 145, 147, 144, 148, 145, 144, 144, 147, 146, 146, 148, 144, 145, 151, 147, 149, 145, 148, 149, 151, 145, 147, 151, 146, 150, 148, 146, 146, 151, 150, 150, 149, 148, 151, 149, 150, 153, 155, 152, 156, 153, 152, 152, 155, 154, 154, 156, 152, 153, 159, 155, 157, 153, 156, 157, 159, 153, 155, 159, 154, 158, 156, 154, 154, 159, 158, 158, 157, 156, 159, 157, 158, 161, 163, 160, 164, 161, 160, 160, 163, 162, 162, 164, 160, 161, 167, 163, 165, 161, 164, 165, 167, 161, 163, 167, 162, 166, 164, 162, 162, 167, 166, 166, 165, 164, 167, 165, 166, 169, 171, 168, 172, 169, 168, 168, 171, 170, 170, 172, 168, 169, 175, 171, 173, 169, 172, 173, 175, 169, 171, 175, 170, 174, 172, 170, 170, 175, 174, 174, 173, 172, 175, 173, 174, 177, 179, 176, 180, 177, 176, 176, 179, 178, 178, 180, 176, 177, 183, 179, 181, 177, 180, 181, 183, 177, 179, 183, 178, 182, 180, 178, 178, 183, 182, 182, 181, 180, 183, 181, 182, 185, 187, 184, 188, 185, 184, 184, 187, 186, 186, 188, 184, 185, 191, 187, 189, 185, 188, 189, 191, 185, 187, 191, 186, 190, 188, 186, 186, 191, 190, 190, 189, 188, 191, 189, 190]
        point3f[] points = [(-52.8, -28, 45.975), (-52.8, -28, 46.225), (-52.8, 8, 45.975), (-52.8, 8, 46.225), (-52.2, -28, 45.975), (-52.2, -28, 46.225), (-52.2, 8, 45.975), (-52.2, 8, 46.225), (-31.8, -28, 45.975), (-31.8, -28, 46.225), (-31.8, 8, 45.975), (-31.8, 8, 46.225), (-31.2, -28, 45.975), (-31.2, -28, 46.225), (-31.2, 8, 45.975), (-31.2, 8, 46.225), (-10.8, -28, 45.975), (-10.8, -28, 46.225), (-10.8, 8, 45.975), (-10.8, 8, 46.225), (-10.2, -28, 45.975), (-10.2, -28, 46.225), (-10.2, 8, 45.975), (-10.2, 8, 46.225), (10.2, -28, 45.975), (10.2, -28, 46.225), (10.2, 8, 45.975), (10.2, 8, 46.225), (10.8, -28, 45.975), (10.8, -28, 46.225), (10.8, 8, 45.975), (10.8, 8, 46.225), (31.2, -28, 45.975), (31.2, -28, 46.225), (31.2, 8, 45.975), (31.2, 8, 46.225), (31.8, -28, 45.975), (31.8, -28, 46.225), (31.8, 8, 45.975), (31.8, 8, 46.225), (52.2, -28, 45.975), (52.2, -28, 46.225), (52.2, 8, 45.975), (52.2, 8, 46.225), (52.8, -28, 45.975), (52.8, -28, 46.225), (52.8, 8, 45.975), (52.8, 8, 46.225), (-52.8, -28, 21.975), (-52.8, -28, 22.225), (-52.8, 8, 21.975), (-52.8, 8, 22.225), (-52.2, -28, 21.975), (-52.2, -28, 22.225), (-52.2, 8, 21.975), (-52.2, 8, 22.225), (-31.8, -28, 21.975), (-31.8, -28, 22.225), (-31.8, 8, 21.975), (-31.8, 8, 22.225), (-31.2, -28, 21.975), (-31.2, -28, 22.225), (-31.2, 8, 21.975), (-31.2, 8, 22.225), (-10.8, -28, 21.975), (-10.8, -28, 22.225), (-10.8, 8, 21.975), (-10.8, 8, 22.225), (-10.2, -28, 21.975), (-10.2, -28, 22.225), (-10.2, 8, 21.975), (-10.2, 8, 22.225), (10.2, -28, 21.975), (10.2, -28, 22.225), (10.2, 8, 21.975), (10.2, 8, 22.225), (10.8, -28, 21.975), (10.8, -28, 22.225), (10.8, 8, 21.975), (10.8, 8, 22.225), (31.2, -28, 21.975), (31.2, -28, 22.225), (31.2, 8, 21.975), (31.2, 8, 22.225), (31.8, -28, 21.975), (31.8, -28, 22.225), (31.8, 8, 21.975), (31.8, 8, 22.225), (52.2, -28, 21.975), (52.2, -28, 22.225), (52.2, 8, 21.975), (52.2, 8, 22.225), (52.8, -28, 21.975), (52.8, -28, 22.225), (52.8, 8, 21.975), (52.8, 8, 22.225), (-52.8, -28, -2.025), (-52.8, -28, -1.775), (-52.8, 8, -2.025), (-52.8, 8, -1.775), (-52.2, -28, -2.025), (-52.2, -28, -1.775), (-52.2, 8, -2.025), (-52.2, 8, -1.775), (-31.8, -28, -2.025), (-31.8, -28, -1.775), (-31.8, 8, -2.025), (-31.8, 8, -1.775), (-31.2, -28, -2.025), (-31.2, -28, -1.775), (-31.2, 8, -2.025), (-31.2, 8, -1.775), (-10.8, -28, -2.025), (-10.8, -28, -1.775), (-10.8, 8, -2.025), (-10.8, 8, -1.775), (-10.2, -28, -2.025), (-10.2, -28, -1.775), (-10.2, 8, -2.025), (-10.2, 8, -1.775), (10.2, -28, -2.025), (10.2, -28, -1.775), (10.2, 8, -2.025), (10.2, 8, -1.775), (10.8, -28, -2.025), (10.8, -28, -1.775), (10.8, 8, -2.025), (10.8, 8, -1.775), (31.2, -28, -2.025), (31.2, -28, -1.775), (31.2, 8, -2.025), (31.2, 8, -1.775), (31.8, -28, -2.025), (31.8, -28, -1.775), (31.8, 8, -2.025), (31.8, 8, -1.775), (52.2, -28, -2.025), (52.2, -28, -1.775), (52.2, 8, -2.025), (52.2, 8, -1.775), (52.8, -28, -2.025), (52.8, -28, -1.775), (52.8, 8, -2.025), (52.8, 8, -1.775), (-52.8, -28, -26.025), (-52.8, -28, -25.775), (-52.8, 8, -26.025), (-52.8, 8, -25.775), (-52.2, -28, -26.025), (-52.2, -28, -25.775), (-52.2, 8, -26.025), (-52.2, 8, -25.775), (-31.8, -28, -26.025), (-31.8, -28, -25.775), (-31.8, 8, -26.025), (-31.8, 8, -25.775), (-31.2, -28, -26.025), (-31.2, -28, -25.775), (-31.2, 8, -26.025), (-31.2, 8, -25.775), (-10.8, -28, -26.025), (-10.8, -28, -25.775), (-10.8, 8, -26.025), (-10.8, 8, -25.775), (-10.2, -28, -26.025), (-10.2, -28, -25.775), (-10.2, 8, -26.025), (-10.2, 8, -25.775), (10.2, -28, -26.025), (10.2, -28, -25.775), (10.2, 8, -26.025), (10.2, 8, -25.775), (10.8, -28, -26.025), (10.8, -28, -25.775), (10.8, 8, -26.025), (10.8, 8, -25.775), (31.2, -28, -26.025), (31.2, -28, -25.775), (31.2, 8, -26.025), (31.2, 8, -25.775), (31.8, -28, -26.025), (31.8, -28, -25.775), (31.8, 8, -26.025), (31.8, 8, -25.775), (52.2, -28, -26.025), (52.2, -28, -25.775), (52.2, 8, -26.025), (52.2, 8, -25.775), (52.8, -28, -26.025), (52.8, -28, -25.775), (52.8, 8, -26.025), (52.8, 8, -25.775)]
    }

    def Mesh "ServiceModules"
    {
        rel material:binding = </ComputeSatelliteMesh/_Materials/ShellDark>
        uniform token subdivisionScheme = "none"
        int[] faceVertexCounts = [3, 3, 3, 3, 3, 3, 3, 3, 3, 3, 3, 3, 3, 3, 3, 3, 3, 3, 3, 3, 3, 3, 3, 3, 3, 3, 3, 3, 3, 3, 3, 3, 3, 3, 3, 3, 3, 3, 3, 3, 3, 3, 3, 3, 3, 3, 3, 3, 3, 3, 3, 3, 3, 3, 3, 3, 3, 3, 3, 3]
        int[] faceVertexIndices = [1, 3, 0, 4, 1, 0, 0, 3, 2, 2, 4, 0, 1, 7, 3, 5, 1, 4, 5, 7, 1, 3, 7, 2, 6, 4, 2, 2, 7, 6, 6, 5, 4, 7, 5, 6, 9, 11, 8, 12, 9, 8, 8, 11, 10, 10, 12, 8, 9, 15, 11, 13, 9, 12, 13, 15, 9, 11, 15, 10, 14, 12, 10, 10, 15, 14, 14, 13, 12, 15, 13, 14, 17, 19, 16, 20, 17, 16, 16, 19, 18, 18, 20, 16, 17, 23, 19, 21, 17, 20, 21, 23, 17, 19, 23, 18, 22, 20, 18, 18, 23, 22, 22, 21, 20, 23, 21, 22, 25, 27, 24, 28, 25, 24, 24, 27, 26, 26, 28, 24, 25, 31, 27, 29, 25, 28, 29, 31, 25, 27, 31, 26, 30, 28, 26, 26, 31, 30, 30, 29, 28, 31, 29, 30, 33, 35, 32, 36, 33, 32, 32, 35, 34, 34, 36, 32, 33, 39, 35, 37, 33, 36, 37, 39, 33, 35, 39, 34, 38, 36, 34, 34, 39, 38, 38, 37, 36, 39, 37, 38]
        point3f[] points = [(-16, 17, -74), (-16, 17, -46), (-16, 35, -74), (-16, 35, -46), (16, 17, -74), (16, 17, -46), (16, 35, -74), (16, 35, -46), (-40.0579, 20.5275, -65), (-40.0579, 20.5275, -43), (-41.728, 32.4107, -65), (-41.728, 32.4107, -43), (-18.272, 23.5893, -65), (-18.272, 23.5893, -43), (-19.9421, 35.4725, -65), (-19.9421, 35.4725, -43), (18.272, 23.5893, -65), (18.272, 23.5893, -43), (19.9421, 35.4725, -65), (19.9421, 35.4725, -43), (40.0579, 20.5275, -65), (40.0579, 20.5275, -43), (41.728, 32.4107, -65), (41.728, 32.4107, -43), (-91, -8, -44), (-91, -8, 4), (-91, 20, -44), (-91, 20, 4), (-73, -8, -44), (-73, -8, 4), (-73, 20, -44), (-73, 20, 4), (73, -8, -44), (73, -8, 4), (73, 20, -44), (73, 20, 4), (91, -8, -44), (91, -8, 4), (91, 20, -44), (91, 20, 4)]
    }

    def Mesh "ServiceFrames"
    {
        rel material:binding = </ComputeSatelliteMesh/_Materials/FrameMetal>
        uniform token subdivisionScheme = "none"
        int[] faceVertexCounts = [3, 3, 3, 3, 3, 3, 3, 3, 3, 3, 3, 3, 3, 3, 3, 3, 3, 3, 3, 3, 3, 3, 3, 3]
        int[] faceVertexIndices = [1, 3, 0, 4, 1, 0, 0, 3, 2, 2, 4, 0, 1, 7, 3, 5, 1, 4, 5, 7, 1, 3, 7, 2, 6, 4, 2, 2, 7, 6, 6, 5, 4, 7, 5, 6, 9, 11, 8, 12, 9, 8, 8, 11, 10, 10, 12, 8, 9, 15, 11, 13, 9, 12, 13, 15, 9, 11, 15, 10, 14, 12, 10, 10, 15, 14, 14, 13, 12, 15, 13, 14]
        point3f[] points = [(-43, 11.9, -65), (-43, 11.9, 65), (-43, 14.1, -65), (-43, 14.1, 65), (43, 11.9, -65), (43, 11.9, 65), (43, 14.1, -65), (43, 14.1, 65), (-29, -5, -65), (-29, -5, 65), (-29, -3, -65), (-29, -3, 65), (29, -5, -65), (29, -5, 65), (29, -3, -65), (29, -3, 65)]
    }

    def Mesh "LeftRootShell"
    {
        rel material:binding = </ComputeSatelliteMesh/_Materials/Kapton>
        uniform token subdivisionScheme = "none"
        int[] faceVertexCounts = [3, 3, 3, 3, 3, 3, 3, 3, 3, 3, 3, 3, 3, 3, 3, 3, 3, 3, 3, 3, 3, 3, 3, 3, 3, 3, 3, 3, 3, 3, 3, 3, 3, 3, 3, 3, 3, 3, 3, 3, 3, 3, 3, 3, 3, 3, 3, 3]
        int[] faceVertexIndices = [0, 1, 2, 0, 2, 3, 4, 7, 6, 4, 6, 5, 0, 4, 5, 0, 5, 1, 1, 5, 6, 1, 6, 2, 2, 6, 7, 2, 7, 3, 3, 7, 4, 3, 4, 0, 9, 11, 8, 12, 9, 8, 8, 11, 10, 10, 12, 8, 9, 15, 11, 13, 9, 12, 13, 15, 9, 11, 15, 10, 14, 12, 10, 10, 15, 14, 14, 13, 12, 15, 13, 14, 17, 19, 16, 20, 17, 16, 16, 19, 18, 18, 20, 16, 17, 23, 19, 21, 17, 20, 21, 23, 17, 19, 23, 18, 22, 20, 18, 18, 23, 22, 22, 21, 20, 23, 21, 22, 25, 27, 24, 28, 25, 24, 24, 27, 26, 26, 28, 24, 25, 31, 27, 29, 25, 28, 29, 31, 25, 27, 31, 26, 30, 28, 26, 26, 31, 30, 30, 29, 28, 31, 29, 30]
        point3f[] points = [(-76, -37, 66), (-76, -37, -66), (-76, 45, -66), (-76, 45, 66), (-208, -13, 66), (-208, -13, -66), (-208, 21, -66), (-208, 21, 66), (-164, -9, -61), (-164, -9, 61), (-164, 5, -61), (-164, 5, 61), (-76, -9, -61), (-76, -9, 61), (-76, 5, -61), (-76, 5, 61), (-165, 12, -58), (-165, 12, 58), (-165, 16, -58), (-165, 16, 58), (-87, 12, -58), (-87, 12, 58), (-87, 16, -58), (-87, 16, 58), (-163, -17, -54), (-163, -17, 54), (-163, -13, -54), (-163, -13, 54), (-89, -17, -54), (-89, -17, 54), (-89, -13, -54), (-89, -13, 54)]
    }

    def Mesh "LeftRootFrame"
    {
        rel material:binding = </ComputeSatelliteMesh/_Materials/FrameMetal>
        uniform token subdivisionScheme = "none"
        int[] faceVertexCounts = [3, 3, 3, 3, 3, 3, 3, 3, 3, 3, 3, 3, 3, 3, 3, 3, 3, 3, 3, 3, 3, 3, 3, 3, 3, 3, 3, 3, 3, 3, 3, 3, 3, 3, 3, 3, 3, 3, 3, 3, 3, 3, 3, 3, 3, 3, 3, 3, 3, 3, 3, 3, 3, 3, 3, 3, 3, 3, 3, 3]
        int[] faceVertexIndices = [1, 3, 0, 4, 1, 0, 0, 3, 2, 2, 4, 0, 1, 7, 3, 5, 1, 4, 5, 7, 1, 3, 7, 2, 6, 4, 2, 2, 7, 6, 6, 5, 4, 7, 5, 6, 9, 11, 8, 12, 9, 8, 8, 11, 10, 10, 12, 8, 9, 15, 11, 13, 9, 12, 13, 15, 9, 11, 15, 10, 14, 12, 10, 10, 15, 14, 14, 13, 12, 15, 13, 14, 17, 19, 16, 20, 17, 16, 16, 19, 18, 18, 20, 16, 17, 23, 19, 21, 17, 20, 21, 23, 17, 19, 23, 18, 22, 20, 18, 18, 23, 22, 22, 21, 20, 23, 21, 22, 25, 27, 24, 28, 25, 24, 24, 27, 26, 26, 28, 24, 25, 31, 27, 29, 25, 28, 29, 31, 25, 27, 31, 26, 30, 28, 26, 26, 31, 30, 30, 29, 28, 31, 29, 30, 33, 35, 32, 36, 33, 32, 32, 35, 34, 34, 36, 32, 33, 39, 35, 37, 33, 36, 37, 39, 33, 35, 39, 34, 38, 36, 34, 34, 39, 38, 38, 37, 36, 39, 37, 38]
        point3f[] points = [(-299, -6, -22), (-299, -6, 22), (-299, 6, -22), (-299, 6, 22), (-173, -6, -22), (-173, -6, 22), (-173, 6, -22), (-173, 6, 22), (-299, 2.75, -60), (-299, 2.75, 60), (-299, 7.25, -60), (-299, 7.25, 60), (-173, 2.75, -60), (-173, 2.75, 60), (-173, 7.25, -60), (-173, 7.25, 60), (-299, -7.25, -56), (-299, -7.25, 56), (-299, -2.75, -56), (-299, -2.75, 56), (-173, -7.25, -56), (-173, -7.25, 56), (-173, -2.75, -56), (-173, -2.75, 56), (-111, -6, -59), (-111, -6, 59), (-111, 6, -59), (-111, 6, 59), (-85, -6, -59), (-85, -6, 59), (-85, 6, -59), (-85, 6, 59), (-328, -6, -11), (-328, -6, 11), (-328, 6, -11), (-328, 6, 11), (-272, -6, -11), (-272, -6, 11), (-272, 6, -11), (-272, 6, 11)]
    }

    def Mesh "LeftRootCable"
    {
        rel material:binding = </ComputeSatelliteMesh/_Materials/CableBlue>
        uniform token subdivisionScheme = "none"
        int[] faceVertexCounts = [3, 3, 3, 3, 3, 3, 3, 3, 3, 3, 3, 3, 3, 3, 3, 3, 3, 3, 3, 3, 3, 3, 3, 3]
        int[] faceVertexIndices = [1, 3, 0, 4, 1, 0, 0, 3, 2, 2, 4, 0, 1, 7, 3, 5, 1, 4, 5, 7, 1, 3, 7, 2, 6, 4, 2, 2, 7, 6, 6, 5, 4, 7, 5, 6, 9, 11, 8, 12, 9, 8, 8, 11, 10, 10, 12, 8, 9, 15, 11, 13, 9, 12, 13, 15, 9, 11, 15, 10, 14, 12, 10, 10, 15, 14, 14, 13, 12, 15, 13, 14]
        point3f[] points = [(-299, 2.4, 15), (-299, 2.4, 25), (-299, 3.6, 15), (-299, 3.6, 25), (-173, 2.4, 15), (-173, 2.4, 25), (-173, 3.6, 15), (-173, 3.6, 25), (-299, -3.6, -25), (-299, -3.6, -15), (-299, -2.4, -25), (-299, -2.4, -15), (-173, -3.6, -25), (-173, -3.6, -15), (-173, -2.4, -25), (-173, -2.4, -15)]
    }

    def Mesh "LeftWingFrame"
    {
        rel material:binding = </ComputeSatelliteMesh/_Materials/FrameMetal>
        uniform token subdivisionScheme = "none"
        int[] faceVertexCounts = [3, 3, 3, 3, 3, 3, 3, 3, 3, 3, 3, 3, 3, 3, 3, 3, 3, 3, 3, 3, 3, 3, 3, 3, 3, 3, 3, 3, 3, 3, 3, 3, 3, 3, 3, 3, 3, 3, 3, 3, 3, 3, 3, 3, 3, 3, 3, 3, 3, 3, 3, 3, 3, 3, 3, 3, 3, 3, 3, 3, 3, 3, 3, 3, 3, 3, 3, 3, 3, 3, 3, 3, 3, 3, 3, 3, 3, 3, 3, 3, 3, 3, 3, 3, 3, 3, 3, 3, 3, 3, 3, 3, 3, 3, 3, 3, 3, 3, 3, 3, 3, 3, 3, 3, 3, 3, 3, 3, 3, 3, 3, 3, 3, 3, 3, 3, 3, 3, 3, 3, 3, 3, 3, 3, 3, 3, 3, 3, 3, 3, 3, 3, 3, 3, 3, 3, 3, 3, 3, 3, 3, 3, 3, 3, 3, 3, 3, 3, 3, 3, 3, 3, 3, 3, 3, 3, 3, 3, 3, 3, 3, 3, 3, 3, 3, 3, 3, 3, 3, 3, 3, 3, 3, 3, 3, 3, 3, 3, 3, 3, 3, 3, 3, 3, 3, 3, 3, 3, 3, 3, 3, 3, 3, 3, 3, 3, 3, 3, 3, 3, 3, 3, 3, 3, 3, 3, 3, 3, 3, 3, 3, 3, 3, 3, 3, 3]
        int[] faceVertexIndices = [1, 3, 0, 4, 1, 0, 0, 3, 2, 2, 4, 0, 1, 7, 3, 5, 1, 4, 5, 7, 1, 3, 7, 2, 6, 4, 2, 2, 7, 6, 6, 5, 4, 7, 5, 6, 9, 11, 8, 12, 9, 8, 8, 11, 10, 10, 12, 8, 9, 15, 11, 13, 9, 12, 13, 15, 9, 11, 15, 10, 14, 12, 10, 10, 15, 14, 14, 13, 12, 15, 13, 14, 17, 19, 16, 20, 17, 16, 16, 19, 18, 18, 20, 16, 17, 23, 19, 21, 17, 20, 21, 23, 17, 19, 23, 18, 22, 20, 18, 18, 23, 22, 22, 21, 20, 23, 21, 22, 25, 27, 24, 28, 25, 24, 24, 27, 26, 26, 28, 24, 25, 31, 27, 29, 25, 28, 29, 31, 25, 27, 31, 26, 30, 28, 26, 26, 31, 30, 30, 29, 28, 31, 29, 30, 33, 35, 32, 36, 33, 32, 32, 35, 34, 34, 36, 32, 33, 39, 35, 37, 33, 36, 37, 39, 33, 35, 39, 34, 38, 36, 34, 34, 39, 38, 38, 37, 36, 39, 37, 38, 41, 43, 40, 44, 41, 40, 40, 43, 42, 42, 44, 40, 41, 47, 43, 45, 41, 44, 45, 47, 41, 43, 47, 42, 46, 44, 42, 42, 47, 46, 46, 45, 44, 47, 45, 46, 49, 51, 48, 52, 49, 48, 48, 51, 50, 50, 52, 48, 49, 55, 51, 53, 49, 52, 53, 55, 49, 51, 55, 50, 54, 52, 50, 50, 55, 54, 54, 53, 52, 55, 53, 54, 57, 59, 56, 60, 57, 56, 56, 59, 58, 58, 60, 56, 57, 63, 59, 61, 57, 60, 61, 63, 57, 59, 63, 58, 62, 60, 58, 58, 63, 62, 62, 61, 60, 63, 61, 62, 65, 67, 64, 68, 65, 64, 64, 67, 66, 66, 68, 64, 65, 71, 67, 69, 65, 68, 69, 71, 65, 67, 71, 66, 70, 68, 66, 66, 71, 70, 70, 69, 68, 71, 69, 70, 73, 75, 72, 76, 73, 72, 72, 75, 74, 74, 76, 72, 73, 79, 75, 77, 73, 76, 77, 79, 73, 75, 79, 74, 78, 76, 74, 74, 79, 78, 78, 77, 76, 79, 77, 78, 81, 83, 80, 84, 81, 80, 80, 83, 82, 82, 84, 80, 81, 87, 83, 85, 81, 84, 85, 87, 81, 83, 87, 82, 86, 84, 82, 82, 87, 86, 86, 85, 84, 87, 85, 86, 89, 91, 88, 92, 89, 88, 88, 91, 90, 90, 92, 88, 89, 95, 91, 93, 89, 92, 93, 95, 89, 91, 95, 90, 94, 92, 90, 90, 95, 94, 94, 93, 92, 95, 93, 94, 97, 99, 96, 100, 97, 96, 96, 99, 98, 98, 100, 96, 97, 103, 99, 101, 97, 100, 101, 103, 97, 99, 103, 98, 102, 100, 98, 98, 103, 102, 102, 101, 100, 103, 101, 102, 105, 107, 104, 108, 105, 104, 104, 107, 106, 106, 108, 104, 105, 111, 107, 109, 105, 108, 109, 111, 105, 107, 111, 106, 110, 108, 106, 106, 111, 110, 110, 109, 108, 111, 109, 110, 113, 115, 112, 116, 113, 112, 112, 115, 114, 114, 116, 112, 113, 119, 115, 117, 113, 116, 117, 119, 113, 115, 119, 114, 118, 116, 114, 114, 119, 118, 118, 117, 116, 119, 117, 118, 121, 123, 120, 124, 121, 120, 120, 123, 122, 122, 124, 120, 121, 127, 123, 125, 121, 124, 125, 127, 121, 123, 127, 122, 126, 124, 122, 122, 127, 126, 126, 125, 124, 127, 125, 126, 129, 131, 128, 132, 129, 128, 128, 131, 130, 130, 132, 128, 129, 135, 131, 133, 129, 132, 133, 135, 129, 131, 135, 130, 134, 132, 130, 130, 135, 134, 134, 133, 132, 135, 133, 134, 137, 139, 136, 140, 137, 136, 136, 139, 138, 138, 140, 136, 137, 143, 139, 141, 137, 140, 141, 143, 137, 139, 143, 138, 142, 140, 138, 138, 143, 142, 142, 141, 140, 143, 141, 142]
        point3f[] points = [(-2733, -4, -15), (-2733, -4, 15), (-2733, 4, -15), (-2733, 4, 15), (-139, -4, -15), (-139, -4, 15), (-139, 4, -15), (-139, 4, 15), (-2733, 0.75, -161), (-2733, 0.75, 161), (-2733, 5.25, -161), (-2733, 5.25, 161), (-139, 0.75, -161), (-139, 0.75, 161), (-139, 5.25, -161), (-139, 5.25, 161), (-2733, -2, 157), (-2733, -2, 167), (-2733, 4, 157), (-2733, 4, 167), (-139, -2, 157), (-139, -2, 167), (-139, 4, 157), (-139, 4, 167), (-2733, -2, -167), (-2733, -2, -157), (-2733, 4, -167), (-2733, 4, -157), (-139, -2, -167), (-139, -2, -157), (-139, 4, -167), (-139, 4, -157), (-262, -7, -159), (-262, -7, 159), (-262, 7, -159), (-262, 7, 159), (-90, -7, -159), (-90, -7, 159), (-90, 7, -159), (-90, 7, 159), (-176, -6, -147), (-176, -6, 147), (-176, 6, -147), (-176, 6, 147), (-72, -6, -147), (-72, -6, 147), (-72, 6, -147), (-72, 6, 147), (-203, -2, -160), (-203, -2, 160), (-203, 4, -160), (-203, 4, 160), (-195, -2, -160), (-195, -2, 160), (-195, 4, -160), (-195, 4, 160), (-427.9091, -2, -160), (-427.9091, -2, 160), (-427.9091, 4, -160), (-427.9091, 4, 160), (-419.9091, -2, -160), (-419.9091, -2, 160), (-419.9091, 4, -160), (-419.9091, 4, 160), (-652.8182, -2, -160), (-652.8182, -2, 160), (-652.8182, 4, -160), (-652.8182, 4, 160), (-644.8182, -2, -160), (-644.8182, -2, 160), (-644.8182, 4, -160), (-644.8182, 4, 160), (-877.7273, -2, -160), (-877.7273, -2, 160), (-877.7273, 4, -160), (-877.7273, 4, 160), (-869.7273, -2, -160), (-869.7273, -2, 160), (-869.7273, 4, -160), (-869.7273, 4, 160), (-1102.6364, -2, -160), (-1102.6364, -2, 160), (-1102.6364, 4, -160), (-1102.6364, 4, 160), (-1094.6364, -2, -160), (-1094.6364, -2, 160), (-1094.6364, 4, -160), (-1094.6364, 4, 160), (-1327.5455, -2, -160), (-1327.5455, -2, 160), (-1327.5455, 4, -160), (-1327.5455, 4, 160), (-1319.5455, -2, -160), (-1319.5455, -2, 160), (-1319.5455, 4, -160), (-1319.5455, 4, 160), (-1552.4545, -2, -160), (-1552.4545, -2, 160), (-1552.4545, 4, -160), (-1552.4545, 4, 160), (-1544.4545, -2, -160), (-1544.4545, -2, 160), (-1544.4545, 4, -160), (-1544.4545, 4, 160), (-1777.3636, -2, -160), (-1777.3636, -2, 160), (-1777.3636, 4, -160), (-1777.3636, 4, 160), (-1769.3636, -2, -160), (-1769.3636, -2, 160), (-1769.3636, 4, -160), (-1769.3636, 4, 160), (-2002.2727, -2, -160), (-2002.2727, -2, 160), (-2002.2727, 4, -160), (-2002.2727, 4, 160), (-1994.2727, -2, -160), (-1994.2727, -2, 160), (-1994.2727, 4, -160), (-1994.2727, 4, 160), (-2227.1818, -2, -160), (-2227.1818, -2, 160), (-2227.1818, 4, -160), (-2227.1818, 4, 160), (-2219.1818, -2, -160), (-2219.1818, -2, 160), (-2219.1818, 4, -160), (-2219.1818, 4, 160), (-2452.0909, -2, -160), (-2452.0909, -2, 160), (-2452.0909, 4, -160), (-2452.0909, 4, 160), (-2444.0909, -2, -160), (-2444.0909, -2, 160), (-2444.0909, 4, -160), (-2444.0909, 4, 160), (-2677, -2, -160), (-2677, -2, 160), (-2677, 4, -160), (-2677, 4, 160), (-2669, -2, -160), (-2669, -2, 160), (-2669, 4, -160), (-2669, 4, 160)]
    }

    def Mesh "LeftWingSolarDark"
    {
        rel material:binding = </ComputeSatelliteMesh/_Materials/SolarBlueDark>
        uniform token subdivisionScheme = "none"
        int[] faceVertexCounts = [3, 3, 3, 3, 3, 3, 3, 3, 3, 3, 3, 3, 3, 3, 3, 3, 3, 3, 3, 3, 3, 3, 3, 3, 3, 3, 3, 3, 3, 3, 3, 3, 3, 3, 3, 3, 3, 3, 3, 3, 3, 3, 3, 3, 3, 3, 3, 3, 3, 3, 3, 3, 3, 3, 3, 3, 3, 3, 3, 3, 3, 3, 3, 3, 3, 3, 3, 3, 3, 3, 3, 3, 3, 3, 3, 3, 3, 3, 3, 3, 3, 3, 3, 3, 3, 3, 3, 3, 3, 3, 3, 3, 3, 3, 3, 3, 3, 3, 3, 3, 3, 3, 3, 3, 3, 3, 3, 3, 3, 3, 3, 3, 3, 3, 3, 3, 3, 3, 3, 3, 3, 3, 3, 3, 3, 3, 3, 3, 3, 3, 3, 3, 3, 3, 3, 3, 3, 3, 3, 3, 3, 3, 3, 3, 3, 3, 3, 3, 3, 3, 3, 3, 3, 3, 3, 3, 3, 3, 3, 3, 3, 3, 3, 3, 3, 3, 3, 3, 3, 3, 3, 3, 3, 3, 3, 3, 3, 3, 3, 3, 3, 3, 3, 3, 3, 3, 3, 3, 3, 3, 3, 3, 3, 3, 3, 3, 3, 3, 3, 3, 3, 3, 3, 3, 3, 3, 3, 3, 3, 3, 3, 3, 3, 3, 3, 3, 3, 3, 3, 3, 3, 3, 3, 3, 3, 3, 3, 3, 3, 3, 3, 3, 3, 3, 3, 3, 3, 3, 3, 3, 3, 3, 3, 3, 3, 3, 3, 3, 3, 3, 3, 3, 3, 3, 3, 3, 3, 3, 3, 3, 3, 3, 3, 3, 3, 3, 3, 3, 3, 3, 3, 3, 3, 3, 3, 3, 3, 3, 3, 3, 3, 3, 3, 3, 3, 3, 3, 3, 3, 3, 3, 3, 3, 3, 3, 3, 3, 3, 3, 3, 3, 3, 3, 3, 3, 3, 3, 3, 3, 3, 3, 3, 3, 3, 3, 3, 3, 3, 3, 3, 3, 3, 3, 3, 3, 3, 3, 3, 3, 3, 3, 3, 3, 3, 3, 3, 3, 3, 3, 3, 3, 3, 3, 3, 3, 3, 3, 3, 3, 3, 3, 3, 3, 3, 3, 3, 3, 3, 3, 3, 3, 3, 3, 3, 3, 3, 3, 3, 3, 3, 3, 3, 3, 3, 3, 3, 3, 3, 3, 3, 3, 3, 3, 3, 3, 3, 3, 3, 3, 3, 3, 3, 3, 3, 3, 3, 3, 3, 3, 3, 3, 3, 3, 3, 3, 3, 3, 3, 3, 3, 3, 3, 3, 3, 3, 3, 3, 3, 3, 3, 3, 3, 3, 3, 3, 3, 3, 3, 3, 3, 3, 3]
        int[] faceVertexIndices = [1, 3, 0, 4, 1, 0, 0, 3, 2, 2, 4, 0, 1, 7, 3, 5, 1, 4, 5, 7, 1, 3, 7, 2, 6, 4, 2, 2, 7, 6, 6, 5, 4, 7, 5, 6, 9, 11, 8, 12, 9, 8, 8, 11, 10, 10, 12, 8, 9, 15, 11, 13, 9, 12, 13, 15, 9, 11, 15, 10, 14, 12, 10, 10, 15, 14, 14, 13, 12, 15, 13, 14, 17, 19, 16, 20, 17, 16, 16, 19, 18, 18, 20, 16, 17, 23, 19, 21, 17, 20, 21, 23, 17, 19, 23, 18, 22, 20, 18, 18, 23, 22, 22, 21, 20, 23, 21, 22, 25, 27, 24, 28, 25, 24, 24, 27, 26, 26, 28, 24, 25, 31, 27, 29, 25, 28, 29, 31, 25, 27, 31, 26, 30, 28, 26, 26, 31, 30, 30, 29, 28, 31, 29, 30, 33, 35, 32, 36, 33, 32, 32, 35, 34, 34, 36, 32, 33, 39, 35, 37, 33, 36, 37, 39, 33, 35, 39, 34, 38, 36, 34, 34, 39, 38, 38, 37, 36, 39, 37, 38, 41, 43, 40, 44, 41, 40, 40, 43, 42, 42, 44, 40, 41, 47, 43, 45, 41, 44, 45, 47, 41, 43, 47, 42, 46, 44, 42, 42, 47, 46, 46, 45, 44, 47, 45, 46, 49, 51, 48, 52, 49, 48, 48, 51, 50, 50, 52, 48, 49, 55, 51, 53, 49, 52, 53, 55, 49, 51, 55, 50, 54, 52, 50, 50, 55, 54, 54, 53, 52, 55, 53, 54, 57, 59, 56, 60, 57, 56, 56, 59, 58, 58, 60, 56, 57, 63, 59, 61, 57, 60, 61, 63, 57, 59, 63, 58, 62, 60, 58, 58, 63, 62, 62, 61, 60, 63, 61, 62, 65, 67, 64, 68, 65, 64, 64, 67, 66, 66, 68, 64, 65, 71, 67, 69, 65, 68, 69, 71, 65, 67, 71, 66, 70, 68, 66, 66, 71, 70, 70, 69, 68, 71, 69, 70, 73, 75, 72, 76, 73, 72, 72, 75, 74, 74, 76, 72, 73, 79, 75, 77, 73, 76, 77, 79, 73, 75, 79, 74, 78, 76, 74, 74, 79, 78, 78, 77, 76, 79, 77, 78, 81, 83, 80, 84, 81, 80, 80, 83, 82, 82, 84, 80, 81, 87, 83, 85, 81, 84, 85, 87, 81, 83, 87, 82, 86, 84, 82, 82, 87, 86, 86, 85, 84, 87, 85, 86, 89, 91, 88, 92, 89, 88, 88, 91, 90, 90, 92, 88, 89, 95, 91, 93, 89, 92, 93, 95, 89, 91, 95, 90, 94, 92, 90, 90, 95, 94, 94, 93, 92, 95, 93, 94, 97, 99, 96, 100, 97, 96, 96, 99, 98, 98, 100, 96, 97, 103, 99, 101, 97, 100, 101, 103, 97, 99, 103, 98, 102, 100, 98, 98, 103, 102, 102, 101, 100, 103, 101, 102, 105, 107, 104, 108, 105, 104, 104, 107, 106, 106, 108, 104, 105, 111, 107, 109, 105, 108, 109, 111, 105, 107, 111, 106, 110, 108, 106, 106, 111, 110, 110, 109, 108, 111, 109, 110, 113, 115, 112, 116, 113, 112, 112, 115, 114, 114, 116, 112, 113, 119, 115, 117, 113, 116, 117, 119, 113, 115, 119, 114, 118, 116, 114, 114, 119, 118, 118, 117, 116, 119, 117, 118, 121, 123, 120, 124, 121, 120, 120, 123, 122, 122, 124, 120, 121, 127, 123, 125, 121, 124, 125, 127, 121, 123, 127, 122, 126, 124, 122, 122, 127, 126, 126, 125, 124, 127, 125, 126, 129, 131, 128, 132, 129, 128, 128, 131, 130, 130, 132, 128, 129, 135, 131, 133, 129, 132, 133, 135, 129, 131, 135, 130, 134, 132, 130, 130, 135, 134, 134, 133, 132, 135, 133, 134, 137, 139, 136, 140, 137, 136, 136, 139, 138, 138, 140, 136, 137, 143, 139, 141, 137, 140, 141, 143, 137, 139, 143, 138, 142, 140, 138, 138, 143, 142, 142, 141, 140, 143, 141, 142, 145, 147, 144, 148, 145, 144, 144, 147, 146, 146, 148, 144, 145, 151, 147, 149, 145, 148, 149, 151, 145, 147, 151, 146, 150, 148, 146, 146, 151, 150, 150, 149, 148, 151, 149, 150, 153, 155, 152, 156, 153, 152, 152, 155, 154, 154, 156, 152, 153, 159, 155, 157, 153, 156, 157, 159, 153, 155, 159, 154, 158, 156, 154, 154, 159, 158, 158, 157, 156, 159, 157, 158, 161, 163, 160, 164, 161, 160, 160, 163, 162, 162, 164, 160, 161, 167, 163, 165, 161, 164, 165, 167, 161, 163, 167, 162, 166, 164, 162, 162, 167, 166, 166, 165, 164, 167, 165, 166, 169, 171, 168, 172, 169, 168, 168, 171, 170, 170, 172, 168, 169, 175, 171, 173, 169, 172, 173, 175, 169, 171, 175, 170, 174, 172, 170, 170, 175, 174, 174, 173, 172, 175, 173, 174, 177, 179, 176, 180, 177, 176, 176, 179, 178, 178, 180, 176, 177, 183, 179, 181, 177, 180, 181, 183, 177, 179, 183, 178, 182, 180, 178, 178, 183, 182, 182, 181, 180, 183, 181, 182, 185, 187, 184, 188, 185, 184, 184, 187, 186, 186, 188, 184, 185, 191, 187, 189, 185, 188, 189, 191, 185, 187, 191, 186, 190, 188, 186, 186, 191, 190, 190, 189, 188, 191, 189, 190, 193, 195, 192, 196, 193, 192, 192, 195, 194, 194, 196, 192, 193, 199, 195, 197, 193, 196, 197, 199, 193, 195, 199, 194, 198, 196, 194, 194, 199, 198, 198, 197, 196, 199, 197, 198, 201, 203, 200, 204, 201, 200, 200, 203, 202, 202, 204, 200, 201, 207, 203, 205, 201, 204, 205, 207, 201, 203, 207, 202, 206, 204, 202, 202, 207, 206, 206, 205, 204, 207, 205, 206, 209, 211, 208, 212, 209, 208, 208, 211, 210, 210, 212, 208, 209, 215, 211, 213, 209, 212, 213, 215, 209, 211, 215, 210, 214, 212, 210, 210, 215, 214, 214, 213, 212, 215, 213, 214, 217, 219, 216, 220, 217, 216, 216, 219, 218, 218, 220, 216, 217, 223, 219, 221, 217, 220, 221, 223, 217, 219, 223, 218, 222, 220, 218, 218, 223, 222, 222, 221, 220, 223, 221, 222, 225, 227, 224, 228, 225, 224, 224, 227, 226, 226, 228, 224, 225, 231, 227, 229, 225, 228, 229, 231, 225, 227, 231, 226, 230, 228, 226, 226, 231, 230, 230, 229, 228, 231, 229, 230, 233, 235, 232, 236, 233, 232, 232, 235, 234, 234, 236, 232, 233, 239, 235, 237, 233, 236, 237, 239, 233, 235, 239, 234, 238, 236, 234, 234, 239, 238, 238, 237, 236, 239, 237, 238, 241, 243, 240, 244, 241, 240, 240, 243, 242, 242, 244, 240, 241, 247, 243, 245, 241, 244, 245, 247, 241, 243, 247, 242, 246, 244, 242, 242, 247, 246, 246, 245, 244, 247, 245, 246, 249, 251, 248, 252, 249, 248, 248, 251, 250, 250, 252, 248, 249, 255, 251, 253, 249, 252, 253, 255, 249, 251, 255, 250, 254, 252, 250, 250, 255, 254, 254, 253, 252, 255, 253, 254, 257, 259, 256, 260, 257, 256, 256, 259, 258, 258, 260, 256, 257, 263, 259, 261, 257, 260, 261, 263, 257, 259, 263, 258, 262, 260, 258, 258, 263, 262, 262, 261, 260, 263, 261, 262, 265, 267, 264, 268, 265, 264, 264, 267, 266, 266, 268, 264, 265, 271, 267, 269, 265, 268, 269, 271, 265, 267, 271, 266, 270, 268, 266, 266, 271, 270, 270, 269, 268, 271, 269, 270, 273, 275, 272, 276, 273, 272, 272, 275, 274, 274, 276, 272, 273, 279, 275, 277, 273, 276, 277, 279, 273, 275, 279, 274, 278, 276, 274, 274, 279, 278, 278, 277, 276, 279, 277, 278, 281, 283, 280, 284, 281, 280, 280, 283, 282, 282, 284, 280, 281, 287, 283, 285, 281, 284, 285, 287, 281, 283, 287, 282, 286, 284, 282, 282, 287, 286, 286, 285, 284, 287, 285, 286]
        point3f[] points = [(-279, 3.525, -165), (-279, 3.525, -19), (-279, 4.575, -165), (-279, 4.575, -19), (-145, 3.525, -165), (-145, 3.525, -19), (-145, 4.575, -165), (-145, 4.575, -19), (-279, 3.525, 19), (-279, 3.525, 165), (-279, 4.575, 19), (-279, 4.575, 165), (-145, 3.525, 19), (-145, 3.525, 165), (-145, 4.575, 19), (-145, 4.575, 165), (-423, 3.525, -165), (-423, 3.525, -19), (-423, 4.575, -165), (-423, 4.575, -19), (-289, 3.525, -165), (-289, 3.525, -19), (-289, 4.575, -165), (-289, 4.575, -19), (-423, 3.525, 19), (-423, 3.525, 165), (-423, 4.575, 19), (-423, 4.575, 165), (-289, 3.525, 19), (-289, 3.525, 165), (-289, 4.575, 19), (-289, 4.575, 165), (-567, 3.525, -165), (-567, 3.525, -19), (-567, 4.575, -165), (-567, 4.575, -19), (-433, 3.525, -165), (-433, 3.525, -19), (-433, 4.575, -165), (-433, 4.575, -19), (-567, 3.525, 19), (-567, 3.525, 165), (-567, 4.575, 19), (-567, 4.575, 165), (-433, 3.525, 19), (-433, 3.525, 165), (-433, 4.575, 19), (-433, 4.575, 165), (-711, 3.525, -165), (-711, 3.525, -19), (-711, 4.575, -165), (-711, 4.575, -19), (-577, 3.525, -165), (-577, 3.525, -19), (-577, 4.575, -165), (-577, 4.575, -19), (-711, 3.525, 19), (-711, 3.525, 165), (-711, 4.575, 19), (-711, 4.575, 165), (-577, 3.525, 19), (-577, 3.525, 165), (-577, 4.575, 19), (-577, 4.575, 165), (-855, 3.525, -165), (-855, 3.525, -19), (-855, 4.575, -165), (-855, 4.575, -19), (-721, 3.525, -165), (-721, 3.525, -19), (-721, 4.575, -165), (-721, 4.575, -19), (-855, 3.525, 19), (-855, 3.525, 165), (-855, 4.575, 19), (-855, 4.575, 165), (-721, 3.525, 19), (-721, 3.525, 165), (-721, 4.575, 19), (-721, 4.575, 165), (-999, 3.525, -165), (-999, 3.525, -19), (-999, 4.575, -165), (-999, 4.575, -19), (-865, 3.525, -165), (-865, 3.525, -19), (-865, 4.575, -165), (-865, 4.575, -19), (-999, 3.525, 19), (-999, 3.525, 165), (-999, 4.575, 19), (-999, 4.575, 165), (-865, 3.525, 19), (-865, 3.525, 165), (-865, 4.575, 19), (-865, 4.575, 165), (-1143, 3.525, -165), (-1143, 3.525, -19), (-1143, 4.575, -165), (-1143, 4.575, -19), (-1009, 3.525, -165), (-1009, 3.525, -19), (-1009, 4.575, -165), (-1009, 4.575, -19), (-1143, 3.525, 19), (-1143, 3.525, 165), (-1143, 4.575, 19), (-1143, 4.575, 165), (-1009, 3.525, 19), (-1009, 3.525, 165), (-1009, 4.575, 19), (-1009, 4.575, 165), (-1287, 3.525, -165), (-1287, 3.525, -19), (-1287, 4.575, -165), (-1287, 4.575, -19), (-1153, 3.525, -165), (-1153, 3.525, -19), (-1153, 4.575, -165), (-1153, 4.575, -19), (-1287, 3.525, 19), (-1287, 3.525, 165), (-1287, 4.575, 19), (-1287, 4.575, 165), (-1153, 3.525, 19), (-1153, 3.525, 165), (-1153, 4.575, 19), (-1153, 4.575, 165), (-1431, 3.525, -165), (-1431, 3.525, -19), (-1431, 4.575, -165), (-1431, 4.575, -19), (-1297, 3.525, -165), (-1297, 3.525, -19), (-1297, 4.575, -165), (-1297, 4.575, -19), (-1431, 3.525, 19), (-1431, 3.525, 165), (-1431, 4.575, 19), (-1431, 4.575, 165), (-1297, 3.525, 19), (-1297, 3.525, 165), (-1297, 4.575, 19), (-1297, 4.575, 165), (-1575, 3.525, -165), (-1575, 3.525, -19), (-1575, 4.575, -165), (-1575, 4.575, -19), (-1441, 3.525, -165), (-1441, 3.525, -19), (-1441, 4.575, -165), (-1441, 4.575, -19), (-1575, 3.525, 19), (-1575, 3.525, 165), (-1575, 4.575, 19), (-1575, 4.575, 165), (-1441, 3.525, 19), (-1441, 3.525, 165), (-1441, 4.575, 19), (-1441, 4.575, 165), (-1719, 3.525, -165), (-1719, 3.525, -19), (-1719, 4.575, -165), (-1719, 4.575, -19), (-1585, 3.525, -165), (-1585, 3.525, -19), (-1585, 4.575, -165), (-1585, 4.575, -19), (-1719, 3.525, 19), (-1719, 3.525, 165), (-1719, 4.575, 19), (-1719, 4.575, 165), (-1585, 3.525, 19), (-1585, 3.525, 165), (-1585, 4.575, 19), (-1585, 4.575, 165), (-1863, 3.525, -165), (-1863, 3.525, -19), (-1863, 4.575, -165), (-1863, 4.575, -19), (-1729, 3.525, -165), (-1729, 3.525, -19), (-1729, 4.575, -165), (-1729, 4.575, -19), (-1863, 3.525, 19), (-1863, 3.525, 165), (-1863, 4.575, 19), (-1863, 4.575, 165), (-1729, 3.525, 19), (-1729, 3.525, 165), (-1729, 4.575, 19), (-1729, 4.575, 165), (-2007, 3.525, -165), (-2007, 3.525, -19), (-2007, 4.575, -165), (-2007, 4.575, -19), (-1873, 3.525, -165), (-1873, 3.525, -19), (-1873, 4.575, -165), (-1873, 4.575, -19), (-2007, 3.525, 19), (-2007, 3.525, 165), (-2007, 4.575, 19), (-2007, 4.575, 165), (-1873, 3.525, 19), (-1873, 3.525, 165), (-1873, 4.575, 19), (-1873, 4.575, 165), (-2151, 3.525, -165), (-2151, 3.525, -19), (-2151, 4.575, -165), (-2151, 4.575, -19), (-2017, 3.525, -165), (-2017, 3.525, -19), (-2017, 4.575, -165), (-2017, 4.575, -19), (-2151, 3.525, 19), (-2151, 3.525, 165), (-2151, 4.575, 19), (-2151, 4.575, 165), (-2017, 3.525, 19), (-2017, 3.525, 165), (-2017, 4.575, 19), (-2017, 4.575, 165), (-2295, 3.525, -165), (-2295, 3.525, -19), (-2295, 4.575, -165), (-2295, 4.575, -19), (-2161, 3.525, -165), (-2161, 3.525, -19), (-2161, 4.575, -165), (-2161, 4.575, -19), (-2295, 3.525, 19), (-2295, 3.525, 165), (-2295, 4.575, 19), (-2295, 4.575, 165), (-2161, 3.525, 19), (-2161, 3.525, 165), (-2161, 4.575, 19), (-2161, 4.575, 165), (-2439, 3.525, -165), (-2439, 3.525, -19), (-2439, 4.575, -165), (-2439, 4.575, -19), (-2305, 3.525, -165), (-2305, 3.525, -19), (-2305, 4.575, -165), (-2305, 4.575, -19), (-2439, 3.525, 19), (-2439, 3.525, 165), (-2439, 4.575, 19), (-2439, 4.575, 165), (-2305, 3.525, 19), (-2305, 3.525, 165), (-2305, 4.575, 19), (-2305, 4.575, 165), (-2583, 3.525, -165), (-2583, 3.525, -19), (-2583, 4.575, -165), (-2583, 4.575, -19), (-2449, 3.525, -165), (-2449, 3.525, -19), (-2449, 4.575, -165), (-2449, 4.575, -19), (-2583, 3.525, 19), (-2583, 3.525, 165), (-2583, 4.575, 19), (-2583, 4.575, 165), (-2449, 3.525, 19), (-2449, 3.525, 165), (-2449, 4.575, 19), (-2449, 4.575, 165), (-2727, 3.525, -165), (-2727, 3.525, -19), (-2727, 4.575, -165), (-2727, 4.575, -19), (-2593, 3.525, -165), (-2593, 3.525, -19), (-2593, 4.575, -165), (-2593, 4.575, -19), (-2727, 3.525, 19), (-2727, 3.525, 165), (-2727, 4.575, 19), (-2727, 4.575, 165), (-2593, 3.525, 19), (-2593, 3.525, 165), (-2593, 4.575, 19), (-2593, 4.575, 165)]
    }

    def Mesh "LeftWingSolarLight"
    {
        rel material:binding = </ComputeSatelliteMesh/_Materials/SolarBlueLight>
        uniform token subdivisionScheme = "none"
        int[] faceVertexCounts = [3, 3, 3, 3, 3, 3, 3, 3, 3, 3, 3, 3, 3, 3, 3, 3, 3, 3, 3, 3, 3, 3, 3, 3, 3, 3, 3, 3, 3, 3, 3, 3, 3, 3, 3, 3, 3, 3, 3, 3, 3, 3, 3, 3, 3, 3, 3, 3, 3, 3, 3, 3, 3, 3, 3, 3, 3, 3, 3, 3, 3, 3, 3, 3, 3, 3, 3, 3, 3, 3, 3, 3, 3, 3, 3, 3, 3, 3, 3, 3, 3, 3, 3, 3, 3, 3, 3, 3, 3, 3, 3, 3, 3, 3, 3, 3, 3, 3, 3, 3, 3, 3, 3, 3, 3, 3, 3, 3, 3, 3, 3, 3, 3, 3, 3, 3, 3, 3, 3, 3, 3, 3, 3, 3, 3, 3, 3, 3, 3, 3, 3, 3, 3, 3, 3, 3, 3, 3, 3, 3, 3, 3, 3, 3, 3, 3, 3, 3, 3, 3, 3, 3, 3, 3, 3, 3, 3, 3, 3, 3, 3, 3, 3, 3, 3, 3, 3, 3, 3, 3, 3, 3, 3, 3, 3, 3, 3, 3, 3, 3, 3, 3, 3, 3, 3, 3, 3, 3, 3, 3, 3, 3, 3, 3, 3, 3, 3, 3, 3, 3, 3, 3, 3, 3, 3, 3, 3, 3, 3, 3, 3, 3, 3, 3, 3, 3, 3, 3, 3, 3, 3, 3, 3, 3, 3, 3, 3, 3, 3, 3, 3, 3, 3, 3, 3, 3, 3, 3, 3, 3, 3, 3, 3, 3, 3, 3, 3, 3, 3, 3, 3, 3, 3, 3, 3, 3, 3, 3, 3, 3, 3, 3, 3, 3, 3, 3, 3, 3, 3, 3, 3, 3, 3, 3, 3, 3, 3, 3, 3, 3, 3, 3, 3, 3, 3, 3, 3, 3, 3, 3, 3, 3, 3, 3, 3, 3, 3, 3, 3, 3, 3, 3, 3, 3, 3, 3, 3, 3, 3, 3, 3, 3, 3, 3, 3, 3, 3, 3, 3, 3, 3, 3, 3, 3, 3, 3, 3, 3, 3, 3, 3, 3, 3, 3, 3, 3, 3, 3, 3, 3, 3, 3, 3, 3, 3, 3, 3, 3, 3, 3, 3, 3, 3, 3, 3, 3, 3, 3, 3, 3, 3, 3, 3, 3, 3, 3, 3, 3, 3, 3, 3, 3, 3, 3, 3, 3, 3, 3, 3, 3, 3, 3, 3, 3, 3, 3, 3, 3, 3, 3, 3, 3, 3, 3, 3, 3, 3, 3, 3, 3, 3, 3, 3, 3, 3, 3, 3, 3, 3, 3, 3, 3, 3, 3, 3, 3, 3, 3, 3, 3, 3, 3, 3, 3, 3, 3, 3, 3, 3, 3, 3, 3]
        int[] faceVertexIndices = [1, 3, 0, 4, 1, 0, 0, 3, 2, 2, 4, 0, 1, 7, 3, 5, 1, 4, 5, 7, 1, 3, 7, 2, 6, 4, 2, 2, 7, 6, 6, 5, 4, 7, 5, 6, 9, 11, 8, 12, 9, 8, 8, 11, 10, 10, 12, 8, 9, 15, 11, 13, 9, 12, 13, 15, 9, 11, 15, 10, 14, 12, 10, 10, 15, 14, 14, 13, 12, 15, 13, 14, 17, 19, 16, 20, 17, 16, 16, 19, 18, 18, 20, 16, 17, 23, 19, 21, 17, 20, 21, 23, 17, 19, 23, 18, 22, 20, 18, 18, 23, 22, 22, 21, 20, 23, 21, 22, 25, 27, 24, 28, 25, 24, 24, 27, 26, 26, 28, 24, 25, 31, 27, 29, 25, 28, 29, 31, 25, 27, 31, 26, 30, 28, 26, 26, 31, 30, 30, 29, 28, 31, 29, 30, 33, 35, 32, 36, 33, 32, 32, 35, 34, 34, 36, 32, 33, 39, 35, 37, 33, 36, 37, 39, 33, 35, 39, 34, 38, 36, 34, 34, 39, 38, 38, 37, 36, 39, 37, 38, 41, 43, 40, 44, 41, 40, 40, 43, 42, 42, 44, 40, 41, 47, 43, 45, 41, 44, 45, 47, 41, 43, 47, 42, 46, 44, 42, 42, 47, 46, 46, 45, 44, 47, 45, 46, 49, 51, 48, 52, 49, 48, 48, 51, 50, 50, 52, 48, 49, 55, 51, 53, 49, 52, 53, 55, 49, 51, 55, 50, 54, 52, 50, 50, 55, 54, 54, 53, 52, 55, 53, 54, 57, 59, 56, 60, 57, 56, 56, 59, 58, 58, 60, 56, 57, 63, 59, 61, 57, 60, 61, 63, 57, 59, 63, 58, 62, 60, 58, 58, 63, 62, 62, 61, 60, 63, 61, 62, 65, 67, 64, 68, 65, 64, 64, 67, 66, 66, 68, 64, 65, 71, 67, 69, 65, 68, 69, 71, 65, 67, 71, 66, 70, 68, 66, 66, 71, 70, 70, 69, 68, 71, 69, 70, 73, 75, 72, 76, 73, 72, 72, 75, 74, 74, 76, 72, 73, 79, 75, 77, 73, 76, 77, 79, 73, 75, 79, 74, 78, 76, 74, 74, 79, 78, 78, 77, 76, 79, 77, 78, 81, 83, 80, 84, 81, 80, 80, 83, 82, 82, 84, 80, 81, 87, 83, 85, 81, 84, 85, 87, 81, 83, 87, 82, 86, 84, 82, 82, 87, 86, 86, 85, 84, 87, 85, 86, 89, 91, 88, 92, 89, 88, 88, 91, 90, 90, 92, 88, 89, 95, 91, 93, 89, 92, 93, 95, 89, 91, 95, 90, 94, 92, 90, 90, 95, 94, 94, 93, 92, 95, 93, 94, 97, 99, 96, 100, 97, 96, 96, 99, 98, 98, 100, 96, 97, 103, 99, 101, 97, 100, 101, 103, 97, 99, 103, 98, 102, 100, 98, 98, 103, 102, 102, 101, 100, 103, 101, 102, 105, 107, 104, 108, 105, 104, 104, 107, 106, 106, 108, 104, 105, 111, 107, 109, 105, 108, 109, 111, 105, 107, 111, 106, 110, 108, 106, 106, 111, 110, 110, 109, 108, 111, 109, 110, 113, 115, 112, 116, 113, 112, 112, 115, 114, 114, 116, 112, 113, 119, 115, 117, 113, 116, 117, 119, 113, 115, 119, 114, 118, 116, 114, 114, 119, 118, 118, 117, 116, 119, 117, 118, 121, 123, 120, 124, 121, 120, 120, 123, 122, 122, 124, 120, 121, 127, 123, 125, 121, 124, 125, 127, 121, 123, 127, 122, 126, 124, 122, 122, 127, 126, 126, 125, 124, 127, 125, 126, 129, 131, 128, 132, 129, 128, 128, 131, 130, 130, 132, 128, 129, 135, 131, 133, 129, 132, 133, 135, 129, 131, 135, 130, 134, 132, 130, 130, 135, 134, 134, 133, 132, 135, 133, 134, 137, 139, 136, 140, 137, 136, 136, 139, 138, 138, 140, 136, 137, 143, 139, 141, 137, 140, 141, 143, 137, 139, 143, 138, 142, 140, 138, 138, 143, 142, 142, 141, 140, 143, 141, 142, 145, 147, 144, 148, 145, 144, 144, 147, 146, 146, 148, 144, 145, 151, 147, 149, 145, 148, 149, 151, 145, 147, 151, 146, 150, 148, 146, 146, 151, 150, 150, 149, 148, 151, 149, 150, 153, 155, 152, 156, 153, 152, 152, 155, 154, 154, 156, 152, 153, 159, 155, 157, 153, 156, 157, 159, 153, 155, 159, 154, 158, 156, 154, 154, 159, 158, 158, 157, 156, 159, 157, 158, 161, 163, 160, 164, 161, 160, 160, 163, 162, 162, 164, 160, 161, 167, 163, 165, 161, 164, 165, 167, 161, 163, 167, 162, 166, 164, 162, 162, 167, 166, 166, 165, 164, 167, 165, 166, 169, 171, 168, 172, 169, 168, 168, 171, 170, 170, 172, 168, 169, 175, 171, 173, 169, 172, 173, 175, 169, 171, 175, 170, 174, 172, 170, 170, 175, 174, 174, 173, 172, 175, 173, 174, 177, 179, 176, 180, 177, 176, 176, 179, 178, 178, 180, 176, 177, 183, 179, 181, 177, 180, 181, 183, 177, 179, 183, 178, 182, 180, 178, 178, 183, 182, 182, 181, 180, 183, 181, 182, 185, 187, 184, 188, 185, 184, 184, 187, 186, 186, 188, 184, 185, 191, 187, 189, 185, 188, 189, 191, 185, 187, 191, 186, 190, 188, 186, 186, 191, 190, 190, 189, 188, 191, 189, 190, 193, 195, 192, 196, 193, 192, 192, 195, 194, 194, 196, 192, 193, 199, 195, 197, 193, 196, 197, 199, 193, 195, 199, 194, 198, 196, 194, 194, 199, 198, 198, 197, 196, 199, 197, 198, 201, 203, 200, 204, 201, 200, 200, 203, 202, 202, 204, 200, 201, 207, 203, 205, 201, 204, 205, 207, 201, 203, 207, 202, 206, 204, 202, 202, 207, 206, 206, 205, 204, 207, 205, 206, 209, 211, 208, 212, 209, 208, 208, 211, 210, 210, 212, 208, 209, 215, 211, 213, 209, 212, 213, 215, 209, 211, 215, 210, 214, 212, 210, 210, 215, 214, 214, 213, 212, 215, 213, 214, 217, 219, 216, 220, 217, 216, 216, 219, 218, 218, 220, 216, 217, 223, 219, 221, 217, 220, 221, 223, 217, 219, 223, 218, 222, 220, 218, 218, 223, 222, 222, 221, 220, 223, 221, 222, 225, 227, 224, 228, 225, 224, 224, 227, 226, 226, 228, 224, 225, 231, 227, 229, 225, 228, 229, 231, 225, 227, 231, 226, 230, 228, 226, 226, 231, 230, 230, 229, 228, 231, 229, 230, 233, 235, 232, 236, 233, 232, 232, 235, 234, 234, 236, 232, 233, 239, 235, 237, 233, 236, 237, 239, 233, 235, 239, 234, 238, 236, 234, 234, 239, 238, 238, 237, 236, 239, 237, 238, 241, 243, 240, 244, 241, 240, 240, 243, 242, 242, 244, 240, 241, 247, 243, 245, 241, 244, 245, 247, 241, 243, 247, 242, 246, 244, 242, 242, 247, 246, 246, 245, 244, 247, 245, 246, 249, 251, 248, 252, 249, 248, 248, 251, 250, 250, 252, 248, 249, 255, 251, 253, 249, 252, 253, 255, 249, 251, 255, 250, 254, 252, 250, 250, 255, 254, 254, 253, 252, 255, 253, 254, 257, 259, 256, 260, 257, 256, 256, 259, 258, 258, 260, 256, 257, 263, 259, 261, 257, 260, 261, 263, 257, 259, 263, 258, 262, 260, 258, 258, 263, 262, 262, 261, 260, 263, 261, 262, 265, 267, 264, 268, 265, 264, 264, 267, 266, 266, 268, 264, 265, 271, 267, 269, 265, 268, 269, 271, 265, 267, 271, 266, 270, 268, 266, 266, 271, 270, 270, 269, 268, 271, 269, 270, 273, 275, 272, 276, 273, 272, 272, 275, 274, 274, 276, 272, 273, 279, 275, 277, 273, 276, 277, 279, 273, 275, 279, 274, 278, 276, 274, 274, 279, 278, 278, 277, 276, 279, 277, 278, 281, 283, 280, 284, 281, 280, 280, 283, 282, 282, 284, 280, 281, 287, 283, 285, 281, 284, 285, 287, 281, 283, 287, 282, 286, 284, 282, 282, 287, 286, 286, 285, 284, 287, 285, 286]
        point3f[] points = [(-274, 4.275, -161), (-274, 4.275, -23), (-274, 4.625, -161), (-274, 4.625, -23), (-150, 4.275, -161), (-150, 4.275, -23), (-150, 4.625, -161), (-150, 4.625, -23), (-274, 4.275, 23), (-274, 4.275, 161), (-274, 4.625, 23), (-274, 4.625, 161), (-150, 4.275, 23), (-150, 4.275, 161), (-150, 4.625, 23), (-150, 4.625, 161), (-418, 4.275, -161), (-418, 4.275, -23), (-418, 4.625, -161), (-418, 4.625, -23), (-294, 4.275, -161), (-294, 4.275, -23), (-294, 4.625, -161), (-294, 4.625, -23), (-418, 4.275, 23), (-418, 4.275, 161), (-418, 4.625, 23), (-418, 4.625, 161), (-294, 4.275, 23), (-294, 4.275, 161), (-294, 4.625, 23), (-294, 4.625, 161), (-562, 4.275, -161), (-562, 4.275, -23), (-562, 4.625, -161), (-562, 4.625, -23), (-438, 4.275, -161), (-438, 4.275, -23), (-438, 4.625, -161), (-438, 4.625, -23), (-562, 4.275, 23), (-562, 4.275, 161), (-562, 4.625, 23), (-562, 4.625, 161), (-438, 4.275, 23), (-438, 4.275, 161), (-438, 4.625, 23), (-438, 4.625, 161), (-706, 4.275, -161), (-706, 4.275, -23), (-706, 4.625, -161), (-706, 4.625, -23), (-582, 4.275, -161), (-582, 4.275, -23), (-582, 4.625, -161), (-582, 4.625, -23), (-706, 4.275, 23), (-706, 4.275, 161), (-706, 4.625, 23), (-706, 4.625, 161), (-582, 4.275, 23), (-582, 4.275, 161), (-582, 4.625, 23), (-582, 4.625, 161), (-850, 4.275, -161), (-850, 4.275, -23), (-850, 4.625, -161), (-850, 4.625, -23), (-726, 4.275, -161), (-726, 4.275, -23), (-726, 4.625, -161), (-726, 4.625, -23), (-850, 4.275, 23), (-850, 4.275, 161), (-850, 4.625, 23), (-850, 4.625, 161), (-726, 4.275, 23), (-726, 4.275, 161), (-726, 4.625, 23), (-726, 4.625, 161), (-994, 4.275, -161), (-994, 4.275, -23), (-994, 4.625, -161), (-994, 4.625, -23), (-870, 4.275, -161), (-870, 4.275, -23), (-870, 4.625, -161), (-870, 4.625, -23), (-994, 4.275, 23), (-994, 4.275, 161), (-994, 4.625, 23), (-994, 4.625, 161), (-870, 4.275, 23), (-870, 4.275, 161), (-870, 4.625, 23), (-870, 4.625, 161), (-1138, 4.275, -161), (-1138, 4.275, -23), (-1138, 4.625, -161), (-1138, 4.625, -23), (-1014, 4.275, -161), (-1014, 4.275, -23), (-1014, 4.625, -161), (-1014, 4.625, -23), (-1138, 4.275, 23), (-1138, 4.275, 161), (-1138, 4.625, 23), (-1138, 4.625, 161), (-1014, 4.275, 23), (-1014, 4.275, 161), (-1014, 4.625, 23), (-1014, 4.625, 161), (-1282, 4.275, -161), (-1282, 4.275, -23), (-1282, 4.625, -161), (-1282, 4.625, -23), (-1158, 4.275, -161), (-1158, 4.275, -23), (-1158, 4.625, -161), (-1158, 4.625, -23), (-1282, 4.275, 23), (-1282, 4.275, 161), (-1282, 4.625, 23), (-1282, 4.625, 161), (-1158, 4.275, 23), (-1158, 4.275, 161), (-1158, 4.625, 23), (-1158, 4.625, 161), (-1426, 4.275, -161), (-1426, 4.275, -23), (-1426, 4.625, -161), (-1426, 4.625, -23), (-1302, 4.275, -161), (-1302, 4.275, -23), (-1302, 4.625, -161), (-1302, 4.625, -23), (-1426, 4.275, 23), (-1426, 4.275, 161), (-1426, 4.625, 23), (-1426, 4.625, 161), (-1302, 4.275, 23), (-1302, 4.275, 161), (-1302, 4.625, 23), (-1302, 4.625, 161), (-1570, 4.275, -161), (-1570, 4.275, -23), (-1570, 4.625, -161), (-1570, 4.625, -23), (-1446, 4.275, -161), (-1446, 4.275, -23), (-1446, 4.625, -161), (-1446, 4.625, -23), (-1570, 4.275, 23), (-1570, 4.275, 161), (-1570, 4.625, 23), (-1570, 4.625, 161), (-1446, 4.275, 23), (-1446, 4.275, 161), (-1446, 4.625, 23), (-1446, 4.625, 161), (-1714, 4.275, -161), (-1714, 4.275, -23), (-1714, 4.625, -161), (-1714, 4.625, -23), (-1590, 4.275, -161), (-1590, 4.275, -23), (-1590, 4.625, -161), (-1590, 4.625, -23), (-1714, 4.275, 23), (-1714, 4.275, 161), (-1714, 4.625, 23), (-1714, 4.625, 161), (-1590, 4.275, 23), (-1590, 4.275, 161), (-1590, 4.625, 23), (-1590, 4.625, 161), (-1858, 4.275, -161), (-1858, 4.275, -23), (-1858, 4.625, -161), (-1858, 4.625, -23), (-1734, 4.275, -161), (-1734, 4.275, -23), (-1734, 4.625, -161), (-1734, 4.625, -23), (-1858, 4.275, 23), (-1858, 4.275, 161), (-1858, 4.625, 23), (-1858, 4.625, 161), (-1734, 4.275, 23), (-1734, 4.275, 161), (-1734, 4.625, 23), (-1734, 4.625, 161), (-2002, 4.275, -161), (-2002, 4.275, -23), (-2002, 4.625, -161), (-2002, 4.625, -23), (-1878, 4.275, -161), (-1878, 4.275, -23), (-1878, 4.625, -161), (-1878, 4.625, -23), (-2002, 4.275, 23), (-2002, 4.275, 161), (-2002, 4.625, 23), (-2002, 4.625, 161), (-1878, 4.275, 23), (-1878, 4.275, 161), (-1878, 4.625, 23), (-1878, 4.625, 161), (-2146, 4.275, -161), (-2146, 4.275, -23), (-2146, 4.625, -161), (-2146, 4.625, -23), (-2022, 4.275, -161), (-2022, 4.275, -23), (-2022, 4.625, -161), (-2022, 4.625, -23), (-2146, 4.275, 23), (-2146, 4.275, 161), (-2146, 4.625, 23), (-2146, 4.625, 161), (-2022, 4.275, 23), (-2022, 4.275, 161), (-2022, 4.625, 23), (-2022, 4.625, 161), (-2290, 4.275, -161), (-2290, 4.275, -23), (-2290, 4.625, -161), (-2290, 4.625, -23), (-2166, 4.275, -161), (-2166, 4.275, -23), (-2166, 4.625, -161), (-2166, 4.625, -23), (-2290, 4.275, 23), (-2290, 4.275, 161), (-2290, 4.625, 23), (-2290, 4.625, 161), (-2166, 4.275, 23), (-2166, 4.275, 161), (-2166, 4.625, 23), (-2166, 4.625, 161), (-2434, 4.275, -161), (-2434, 4.275, -23), (-2434, 4.625, -161), (-2434, 4.625, -23), (-2310, 4.275, -161), (-2310, 4.275, -23), (-2310, 4.625, -161), (-2310, 4.625, -23), (-2434, 4.275, 23), (-2434, 4.275, 161), (-2434, 4.625, 23), (-2434, 4.625, 161), (-2310, 4.275, 23), (-2310, 4.275, 161), (-2310, 4.625, 23), (-2310, 4.625, 161), (-2578, 4.275, -161), (-2578, 4.275, -23), (-2578, 4.625, -161), (-2578, 4.625, -23), (-2454, 4.275, -161), (-2454, 4.275, -23), (-2454, 4.625, -161), (-2454, 4.625, -23), (-2578, 4.275, 23), (-2578, 4.275, 161), (-2578, 4.625, 23), (-2578, 4.625, 161), (-2454, 4.275, 23), (-2454, 4.275, 161), (-2454, 4.625, 23), (-2454, 4.625, 161), (-2722, 4.275, -161), (-2722, 4.275, -23), (-2722, 4.625, -161), (-2722, 4.625, -23), (-2598, 4.275, -161), (-2598, 4.275, -23), (-2598, 4.625, -161), (-2598, 4.625, -23), (-2722, 4.275, 23), (-2722, 4.275, 161), (-2722, 4.625, 23), (-2722, 4.625, 161), (-2598, 4.275, 23), (-2598, 4.275, 161), (-2598, 4.625, 23), (-2598, 4.625, 161)]
    }

    def Mesh "LeftWingRadiator"
    {
        rel material:binding = </ComputeSatelliteMesh/_Materials/RadiatorWhite>
        uniform token subdivisionScheme = "none"
        int[] faceVertexCounts = [3, 3, 3, 3, 3, 3, 3, 3, 3, 3, 3, 3, 3, 3, 3, 3, 3, 3, 3, 3, 3, 3, 3, 3, 3, 3, 3, 3, 3, 3, 3, 3, 3, 3, 3, 3, 3, 3, 3, 3, 3, 3, 3, 3, 3, 3, 3, 3, 3, 3, 3, 3, 3, 3, 3, 3, 3, 3, 3, 3, 3, 3, 3, 3, 3, 3, 3, 3, 3, 3, 3, 3, 3, 3, 3, 3, 3, 3, 3, 3, 3, 3, 3, 3, 3, 3, 3, 3, 3, 3, 3, 3, 3, 3, 3, 3, 3, 3, 3, 3, 3, 3, 3, 3, 3, 3, 3, 3, 3, 3, 3, 3, 3, 3, 3, 3, 3, 3, 3, 3, 3, 3, 3, 3, 3, 3, 3, 3, 3, 3, 3, 3, 3, 3, 3, 3, 3, 3, 3, 3, 3, 3, 3, 3, 3, 3, 3, 3, 3, 3, 3, 3, 3, 3, 3, 3, 3, 3, 3, 3, 3, 3, 3, 3, 3, 3, 3, 3, 3, 3, 3, 3, 3, 3, 3, 3, 3, 3, 3, 3, 3, 3, 3, 3, 3, 3, 3, 3, 3, 3, 3, 3, 3, 3, 3, 3, 3, 3, 3, 3, 3, 3, 3, 3, 3, 3, 3, 3, 3, 3, 3, 3, 3, 3, 3, 3, 3, 3, 3, 3, 3, 3, 3, 3, 3, 3, 3, 3, 3, 3, 3, 3, 3, 3, 3, 3, 3, 3, 3, 3, 3, 3, 3, 3, 3, 3, 3, 3, 3, 3, 3, 3, 3, 3, 3, 3, 3, 3, 3, 3, 3, 3, 3, 3, 3, 3, 3, 3, 3, 3, 3, 3, 3, 3, 3, 3, 3, 3, 3, 3, 3, 3, 3, 3, 3, 3, 3, 3, 3, 3, 3, 3, 3, 3, 3, 3, 3, 3, 3, 3, 3, 3, 3, 3, 3, 3, 3, 3, 3, 3, 3, 3, 3, 3, 3, 3, 3, 3, 3, 3, 3, 3, 3, 3, 3, 3, 3, 3, 3, 3, 3, 3, 3, 3, 3, 3, 3, 3, 3, 3, 3, 3, 3, 3, 3, 3, 3, 3, 3, 3, 3, 3, 3, 3, 3, 3, 3, 3, 3, 3, 3, 3, 3, 3, 3, 3, 3, 3, 3, 3, 3, 3, 3, 3, 3, 3, 3, 3, 3, 3, 3, 3, 3, 3, 3, 3, 3, 3, 3, 3, 3, 3, 3, 3, 3, 3, 3, 3, 3, 3, 3, 3, 3, 3, 3, 3, 3, 3, 3, 3, 3, 3, 3, 3, 3, 3, 3, 3, 3, 3, 3, 3, 3, 3, 3, 3, 3, 3, 3, 3, 3, 3]
        int[] faceVertexIndices = [1, 3, 0, 4, 1, 0, 0, 3, 2, 2, 4, 0, 1, 7, 3, 5, 1, 4, 5, 7, 1, 3, 7, 2, 6, 4, 2, 2, 7, 6, 6, 5, 4, 7, 5, 6, 9, 11, 8, 12, 9, 8, 8, 11, 10, 10, 12, 8, 9, 15, 11, 13, 9, 12, 13, 15, 9, 11, 15, 10, 14, 12, 10, 10, 15, 14, 14, 13, 12, 15, 13, 14, 17, 19, 16, 20, 17, 16, 16, 19, 18, 18, 20, 16, 17, 23, 19, 21, 17, 20, 21, 23, 17, 19, 23, 18, 22, 20, 18, 18, 23, 22, 22, 21, 20, 23, 21, 22, 25, 27, 24, 28, 25, 24, 24, 27, 26, 26, 28, 24, 25, 31, 27, 29, 25, 28, 29, 31, 25, 27, 31, 26, 30, 28, 26, 26, 31, 30, 30, 29, 28, 31, 29, 30, 33, 35, 32, 36, 33, 32, 32, 35, 34, 34, 36, 32, 33, 39, 35, 37, 33, 36, 37, 39, 33, 35, 39, 34, 38, 36, 34, 34, 39, 38, 38, 37, 36, 39, 37, 38, 41, 43, 40, 44, 41, 40, 40, 43, 42, 42, 44, 40, 41, 47, 43, 45, 41, 44, 45, 47, 41, 43, 47, 42, 46, 44, 42, 42, 47, 46, 46, 45, 44, 47, 45, 46, 49, 51, 48, 52, 49, 48, 48, 51, 50, 50, 52, 48, 49, 55, 51, 53, 49, 52, 53, 55, 49, 51, 55, 50, 54, 52, 50, 50, 55, 54, 54, 53, 52, 55, 53, 54, 57, 59, 56, 60, 57, 56, 56, 59, 58, 58, 60, 56, 57, 63, 59, 61, 57, 60, 61, 63, 57, 59, 63, 58, 62, 60, 58, 58, 63, 62, 62, 61, 60, 63, 61, 62, 65, 67, 64, 68, 65, 64, 64, 67, 66, 66, 68, 64, 65, 71, 67, 69, 65, 68, 69, 71, 65, 67, 71, 66, 70, 68, 66, 66, 71, 70, 70, 69, 68, 71, 69, 70, 73, 75, 72, 76, 73, 72, 72, 75, 74, 74, 76, 72, 73, 79, 75, 77, 73, 76, 77, 79, 73, 75, 79, 74, 78, 76, 74, 74, 79, 78, 78, 77, 76, 79, 77, 78, 81, 83, 80, 84, 81, 80, 80, 83, 82, 82, 84, 80, 81, 87, 83, 85, 81, 84, 85, 87, 81, 83, 87, 82, 86, 84, 82, 82, 87, 86, 86, 85, 84, 87, 85, 86, 89, 91, 88, 92, 89, 88, 88, 91, 90, 90, 92, 88, 89, 95, 91, 93, 89, 92, 93, 95, 89, 91, 95, 90, 94, 92, 90, 90, 95, 94, 94, 93, 92, 95, 93, 94, 97, 99, 96, 100, 97, 96, 96, 99, 98, 98, 100, 96, 97, 103, 99, 101, 97, 100, 101, 103, 97, 99, 103, 98, 102, 100, 98, 98, 103, 102, 102, 101, 100, 103, 101, 102, 105, 107, 104, 108, 105, 104, 104, 107, 106, 106, 108, 104, 105, 111, 107, 109, 105, 108, 109, 111, 105, 107, 111, 106, 110, 108, 106, 106, 111, 110, 110, 109, 108, 111, 109, 110, 113, 115, 112, 116, 113, 112, 112, 115, 114, 114, 116, 112, 113, 119, 115, 117, 113, 116, 117, 119, 113, 115, 119, 114, 118, 116, 114, 114, 119, 118, 118, 117, 116, 119, 117, 118, 121, 123, 120, 124, 121, 120, 120, 123, 122, 122, 124, 120, 121, 127, 123, 125, 121, 124, 125, 127, 121, 123, 127, 122, 126, 124, 122, 122, 127, 126, 126, 125, 124, 127, 125, 126, 129, 131, 128, 132, 129, 128, 128, 131, 130, 130, 132, 128, 129, 135, 131, 133, 129, 132, 133, 135, 129, 131, 135, 130, 134, 132, 130, 130, 135, 134, 134, 133, 132, 135, 133, 134, 137, 139, 136, 140, 137, 136, 136, 139, 138, 138, 140, 136, 137, 143, 139, 141, 137, 140, 141, 143, 137, 139, 143, 138, 142, 140, 138, 138, 143, 142, 142, 141, 140, 143, 141, 142, 145, 147, 144, 148, 145, 144, 144, 147, 146, 146, 148, 144, 145, 151, 147, 149, 145, 148, 149, 151, 145, 147, 151, 146, 150, 148, 146, 146, 151, 150, 150, 149, 148, 151, 149, 150, 153, 155, 152, 156, 153, 152, 152, 155, 154, 154, 156, 152, 153, 159, 155, 157, 153, 156, 157, 159, 153, 155, 159, 154, 158, 156, 154, 154, 159, 158, 158, 157, 156, 159, 157, 158, 161, 163, 160, 164, 161, 160, 160, 163, 162, 162, 164, 160, 161, 167, 163, 165, 161, 164, 165, 167, 161, 163, 167, 162, 166, 164, 162, 162, 167, 166, 166, 165, 164, 167, 165, 166, 169, 171, 168, 172, 169, 168, 168, 171, 170, 170, 172, 168, 169, 175, 171, 173, 169, 172, 173, 175, 169, 171, 175, 170, 174, 172, 170, 170, 175, 174, 174, 173, 172, 175, 173, 174, 177, 179, 176, 180, 177, 176, 176, 179, 178, 178, 180, 176, 177, 183, 179, 181, 177, 180, 181, 183, 177, 179, 183, 178, 182, 180, 178, 178, 183, 182, 182, 181, 180, 183, 181, 182, 185, 187, 184, 188, 185, 184, 184, 187, 186, 186, 188, 184, 185, 191, 187, 189, 185, 188, 189, 191, 185, 187, 191, 186, 190, 188, 186, 186, 191, 190, 190, 189, 188, 191, 189, 190, 193, 195, 192, 196, 193, 192, 192, 195, 194, 194, 196, 192, 193, 199, 195, 197, 193, 196, 197, 199, 193, 195, 199, 194, 198, 196, 194, 194, 199, 198, 198, 197, 196, 199, 197, 198, 201, 203, 200, 204, 201, 200, 200, 203, 202, 202, 204, 200, 201, 207, 203, 205, 201, 204, 205, 207, 201, 203, 207, 202, 206, 204, 202, 202, 207, 206, 206, 205, 204, 207, 205, 206, 209, 211, 208, 212, 209, 208, 208, 211, 210, 210, 212, 208, 209, 215, 211, 213, 209, 212, 213, 215, 209, 211, 215, 210, 214, 212, 210, 210, 215, 214, 214, 213, 212, 215, 213, 214, 217, 219, 216, 220, 217, 216, 216, 219, 218, 218, 220, 216, 217, 223, 219, 221, 217, 220, 221, 223, 217, 219, 223, 218, 222, 220, 218, 218, 223, 222, 222, 221, 220, 223, 221, 222, 225, 227, 224, 228, 225, 224, 224, 227, 226, 226, 228, 224, 225, 231, 227, 229, 225, 228, 229, 231, 225, 227, 231, 226, 230, 228, 226, 226, 231, 230, 230, 229, 228, 231, 229, 230, 233, 235, 232, 236, 233, 232, 232, 235, 234, 234, 236, 232, 233, 239, 235, 237, 233, 236, 237, 239, 233, 235, 239, 234, 238, 236, 234, 234, 239, 238, 238, 237, 236, 239, 237, 238, 241, 243, 240, 244, 241, 240, 240, 243, 242, 242, 244, 240, 241, 247, 243, 245, 241, 244, 245, 247, 241, 243, 247, 242, 246, 244, 242, 242, 247, 246, 246, 245, 244, 247, 245, 246, 249, 251, 248, 252, 249, 248, 248, 251, 250, 250, 252, 248, 249, 255, 251, 253, 249, 252, 253, 255, 249, 251, 255, 250, 254, 252, 250, 250, 255, 254, 254, 253, 252, 255, 253, 254, 257, 259, 256, 260, 257, 256, 256, 259, 258, 258, 260, 256, 257, 263, 259, 261, 257, 260, 261, 263, 257, 259, 263, 258, 262, 260, 258, 258, 263, 262, 262, 261, 260, 263, 261, 262, 265, 267, 264, 268, 265, 264, 264, 267, 266, 266, 268, 264, 265, 271, 267, 269, 265, 268, 269, 271, 265, 267, 271, 266, 270, 268, 266, 266, 271, 270, 270, 269, 268, 271, 269, 270, 273, 275, 272, 276, 273, 272, 272, 275, 274, 274, 276, 272, 273, 279, 275, 277, 273, 276, 277, 279, 273, 275, 279, 274, 278, 276, 274, 274, 279, 278, 278, 277, 276, 279, 277, 278, 281, 283, 280, 284, 281, 280, 280, 283, 282, 282, 284, 280, 281, 287, 283, 285, 281, 284, 285, 287, 281, 283, 287, 282, 286, 284, 282, 282, 287, 286, 286, 285, 284, 287, 285, 286]
        point3f[] points = [(-279, -3.975, -164), (-279, -3.975, -20), (-279, -3.125, -164), (-279, -3.125, -20), (-145, -3.975, -164), (-145, -3.975, -20), (-145, -3.125, -164), (-145, -3.125, -20), (-279, -3.975, 20), (-279, -3.975, 164), (-279, -3.125, 20), (-279, -3.125, 164), (-145, -3.975, 20), (-145, -3.975, 164), (-145, -3.125, 20), (-145, -3.125, 164), (-423, -3.975, -164), (-423, -3.975, -20), (-423, -3.125, -164), (-423, -3.125, -20), (-289, -3.975, -164), (-289, -3.975, -20), (-289, -3.125, -164), (-289, -3.125, -20), (-423, -3.975, 20), (-423, -3.975, 164), (-423, -3.125, 20), (-423, -3.125, 164), (-289, -3.975, 20), (-289, -3.975, 164), (-289, -3.125, 20), (-289, -3.125, 164), (-567, -3.975, -164), (-567, -3.975, -20), (-567, -3.125, -164), (-567, -3.125, -20), (-433, -3.975, -164), (-433, -3.975, -20), (-433, -3.125, -164), (-433, -3.125, -20), (-567, -3.975, 20), (-567, -3.975, 164), (-567, -3.125, 20), (-567, -3.125, 164), (-433, -3.975, 20), (-433, -3.975, 164), (-433, -3.125, 20), (-433, -3.125, 164), (-711, -3.975, -164), (-711, -3.975, -20), (-711, -3.125, -164), (-711, -3.125, -20), (-577, -3.975, -164), (-577, -3.975, -20), (-577, -3.125, -164), (-577, -3.125, -20), (-711, -3.975, 20), (-711, -3.975, 164), (-711, -3.125, 20), (-711, -3.125, 164), (-577, -3.975, 20), (-577, -3.975, 164), (-577, -3.125, 20), (-577, -3.125, 164), (-855, -3.975, -164), (-855, -3.975, -20), (-855, -3.125, -164), (-855, -3.125, -20), (-721, -3.975, -164), (-721, -3.975, -20), (-721, -3.125, -164), (-721, -3.125, -20), (-855, -3.975, 20), (-855, -3.975, 164), (-855, -3.125, 20), (-855, -3.125, 164), (-721, -3.975, 20), (-721, -3.975, 164), (-721, -3.125, 20), (-721, -3.125, 164), (-999, -3.975, -164), (-999, -3.975, -20), (-999, -3.125, -164), (-999, -3.125, -20), (-865, -3.975, -164), (-865, -3.975, -20), (-865, -3.125, -164), (-865, -3.125, -20), (-999, -3.975, 20), (-999, -3.975, 164), (-999, -3.125, 20), (-999, -3.125, 164), (-865, -3.975, 20), (-865, -3.975, 164), (-865, -3.125, 20), (-865, -3.125, 164), (-1143, -3.975, -164), (-1143, -3.975, -20), (-1143, -3.125, -164), (-1143, -3.125, -20), (-1009, -3.975, -164), (-1009, -3.975, -20), (-1009, -3.125, -164), (-1009, -3.125, -20), (-1143, -3.975, 20), (-1143, -3.975, 164), (-1143, -3.125, 20), (-1143, -3.125, 164), (-1009, -3.975, 20), (-1009, -3.975, 164), (-1009, -3.125, 20), (-1009, -3.125, 164), (-1287, -3.975, -164), (-1287, -3.975, -20), (-1287, -3.125, -164), (-1287, -3.125, -20), (-1153, -3.975, -164), (-1153, -3.975, -20), (-1153, -3.125, -164), (-1153, -3.125, -20), (-1287, -3.975, 20), (-1287, -3.975, 164), (-1287, -3.125, 20), (-1287, -3.125, 164), (-1153, -3.975, 20), (-1153, -3.975, 164), (-1153, -3.125, 20), (-1153, -3.125, 164), (-1431, -3.975, -164), (-1431, -3.975, -20), (-1431, -3.125, -164), (-1431, -3.125, -20), (-1297, -3.975, -164), (-1297, -3.975, -20), (-1297, -3.125, -164), (-1297, -3.125, -20), (-1431, -3.975, 20), (-1431, -3.975, 164), (-1431, -3.125, 20), (-1431, -3.125, 164), (-1297, -3.975, 20), (-1297, -3.975, 164), (-1297, -3.125, 20), (-1297, -3.125, 164), (-1575, -3.975, -164), (-1575, -3.975, -20), (-1575, -3.125, -164), (-1575, -3.125, -20), (-1441, -3.975, -164), (-1441, -3.975, -20), (-1441, -3.125, -164), (-1441, -3.125, -20), (-1575, -3.975, 20), (-1575, -3.975, 164), (-1575, -3.125, 20), (-1575, -3.125, 164), (-1441, -3.975, 20), (-1441, -3.975, 164), (-1441, -3.125, 20), (-1441, -3.125, 164), (-1719, -3.975, -164), (-1719, -3.975, -20), (-1719, -3.125, -164), (-1719, -3.125, -20), (-1585, -3.975, -164), (-1585, -3.975, -20), (-1585, -3.125, -164), (-1585, -3.125, -20), (-1719, -3.975, 20), (-1719, -3.975, 164), (-1719, -3.125, 20), (-1719, -3.125, 164), (-1585, -3.975, 20), (-1585, -3.975, 164), (-1585, -3.125, 20), (-1585, -3.125, 164), (-1863, -3.975, -164), (-1863, -3.975, -20), (-1863, -3.125, -164), (-1863, -3.125, -20), (-1729, -3.975, -164), (-1729, -3.975, -20), (-1729, -3.125, -164), (-1729, -3.125, -20), (-1863, -3.975, 20), (-1863, -3.975, 164), (-1863, -3.125, 20), (-1863, -3.125, 164), (-1729, -3.975, 20), (-1729, -3.975, 164), (-1729, -3.125, 20), (-1729, -3.125, 164), (-2007, -3.975, -164), (-2007, -3.975, -20), (-2007, -3.125, -164), (-2007, -3.125, -20), (-1873, -3.975, -164), (-1873, -3.975, -20), (-1873, -3.125, -164), (-1873, -3.125, -20), (-2007, -3.975, 20), (-2007, -3.975, 164), (-2007, -3.125, 20), (-2007, -3.125, 164), (-1873, -3.975, 20), (-1873, -3.975, 164), (-1873, -3.125, 20), (-1873, -3.125, 164), (-2151, -3.975, -164), (-2151, -3.975, -20), (-2151, -3.125, -164), (-2151, -3.125, -20), (-2017, -3.975, -164), (-2017, -3.975, -20), (-2017, -3.125, -164), (-2017, -3.125, -20), (-2151, -3.975, 20), (-2151, -3.975, 164), (-2151, -3.125, 20), (-2151, -3.125, 164), (-2017, -3.975, 20), (-2017, -3.975, 164), (-2017, -3.125, 20), (-2017, -3.125, 164), (-2295, -3.975, -164), (-2295, -3.975, -20), (-2295, -3.125, -164), (-2295, -3.125, -20), (-2161, -3.975, -164), (-2161, -3.975, -20), (-2161, -3.125, -164), (-2161, -3.125, -20), (-2295, -3.975, 20), (-2295, -3.975, 164), (-2295, -3.125, 20), (-2295, -3.125, 164), (-2161, -3.975, 20), (-2161, -3.975, 164), (-2161, -3.125, 20), (-2161, -3.125, 164), (-2439, -3.975, -164), (-2439, -3.975, -20), (-2439, -3.125, -164), (-2439, -3.125, -20), (-2305, -3.975, -164), (-2305, -3.975, -20), (-2305, -3.125, -164), (-2305, -3.125, -20), (-2439, -3.975, 20), (-2439, -3.975, 164), (-2439, -3.125, 20), (-2439, -3.125, 164), (-2305, -3.975, 20), (-2305, -3.975, 164), (-2305, -3.125, 20), (-2305, -3.125, 164), (-2583, -3.975, -164), (-2583, -3.975, -20), (-2583, -3.125, -164), (-2583, -3.125, -20), (-2449, -3.975, -164), (-2449, -3.975, -20), (-2449, -3.125, -164), (-2449, -3.125, -20), (-2583, -3.975, 20), (-2583, -3.975, 164), (-2583, -3.125, 20), (-2583, -3.125, 164), (-2449, -3.975, 20), (-2449, -3.975, 164), (-2449, -3.125, 20), (-2449, -3.125, 164), (-2727, -3.975, -164), (-2727, -3.975, -20), (-2727, -3.125, -164), (-2727, -3.125, -20), (-2593, -3.975, -164), (-2593, -3.975, -20), (-2593, -3.125, -164), (-2593, -3.125, -20), (-2727, -3.975, 20), (-2727, -3.975, 164), (-2727, -3.125, 20), (-2727, -3.125, 164), (-2593, -3.975, 20), (-2593, -3.975, 164), (-2593, -3.125, 20), (-2593, -3.125, 164)]
    }

    def Mesh "RightRootShell"
    {
        rel material:binding = </ComputeSatelliteMesh/_Materials/Kapton>
        uniform token subdivisionScheme = "none"
        int[] faceVertexCounts = [3, 3, 3, 3, 3, 3, 3, 3, 3, 3, 3, 3, 3, 3, 3, 3, 3, 3, 3, 3, 3, 3, 3, 3, 3, 3, 3, 3, 3, 3, 3, 3, 3, 3, 3, 3, 3, 3, 3, 3, 3, 3, 3, 3, 3, 3, 3, 3]
        int[] faceVertexIndices = [0, 1, 2, 0, 2, 3, 4, 7, 6, 4, 6, 5, 0, 4, 5, 0, 5, 1, 1, 5, 6, 1, 6, 2, 2, 6, 7, 2, 7, 3, 3, 7, 4, 3, 4, 0, 9, 11, 8, 12, 9, 8, 8, 11, 10, 10, 12, 8, 9, 15, 11, 13, 9, 12, 13, 15, 9, 11, 15, 10, 14, 12, 10, 10, 15, 14, 14, 13, 12, 15, 13, 14, 17, 19, 16, 20, 17, 16, 16, 19, 18, 18, 20, 16, 17, 23, 19, 21, 17, 20, 21, 23, 17, 19, 23, 18, 22, 20, 18, 18, 23, 22, 22, 21, 20, 23, 21, 22, 25, 27, 24, 28, 25, 24, 24, 27, 26, 26, 28, 24, 25, 31, 27, 29, 25, 28, 29, 31, 25, 27, 31, 26, 30, 28, 26, 26, 31, 30, 30, 29, 28, 31, 29, 30]
        point3f[] points = [(76, -37, -66), (76, -37, 66), (76, 45, 66), (76, 45, -66), (208, -13, -66), (208, -13, 66), (208, 21, 66), (208, 21, -66), (76, -9, -61), (76, -9, 61), (76, 5, -61), (76, 5, 61), (164, -9, -61), (164, -9, 61), (164, 5, -61), (164, 5, 61), (87, 12, -58), (87, 12, 58), (87, 16, -58), (87, 16, 58), (165, 12, -58), (165, 12, 58), (165, 16, -58), (165, 16, 58), (89, -17, -54), (89, -17, 54), (89, -13, -54), (89, -13, 54), (163, -17, -54), (163, -17, 54), (163, -13, -54), (163, -13, 54)]
    }

    def Mesh "RightRootFrame"
    {
        rel material:binding = </ComputeSatelliteMesh/_Materials/FrameMetal>
        uniform token subdivisionScheme = "none"
        int[] faceVertexCounts = [3, 3, 3, 3, 3, 3, 3, 3, 3, 3, 3, 3, 3, 3, 3, 3, 3, 3, 3, 3, 3, 3, 3, 3, 3, 3, 3, 3, 3, 3, 3, 3, 3, 3, 3, 3, 3, 3, 3, 3, 3, 3, 3, 3, 3, 3, 3, 3, 3, 3, 3, 3, 3, 3, 3, 3, 3, 3, 3, 3]
        int[] faceVertexIndices = [1, 3, 0, 4, 1, 0, 0, 3, 2, 2, 4, 0, 1, 7, 3, 5, 1, 4, 5, 7, 1, 3, 7, 2, 6, 4, 2, 2, 7, 6, 6, 5, 4, 7, 5, 6, 9, 11, 8, 12, 9, 8, 8, 11, 10, 10, 12, 8, 9, 15, 11, 13, 9, 12, 13, 15, 9, 11, 15, 10, 14, 12, 10, 10, 15, 14, 14, 13, 12, 15, 13, 14, 17, 19, 16, 20, 17, 16, 16, 19, 18, 18, 20, 16, 17, 23, 19, 21, 17, 20, 21, 23, 17, 19, 23, 18, 22, 20, 18, 18, 23, 22, 22, 21, 20, 23, 21, 22, 25, 27, 24, 28, 25, 24, 24, 27, 26, 26, 28, 24, 25, 31, 27, 29, 25, 28, 29, 31, 25, 27, 31, 26, 30, 28, 26, 26, 31, 30, 30, 29, 28, 31, 29, 30, 33, 35, 32, 36, 33, 32, 32, 35, 34, 34, 36, 32, 33, 39, 35, 37, 33, 36, 37, 39, 33, 35, 39, 34, 38, 36, 34, 34, 39, 38, 38, 37, 36, 39, 37, 38]
        point3f[] points = [(173, -6, -22), (173, -6, 22), (173, 6, -22), (173, 6, 22), (299, -6, -22), (299, -6, 22), (299, 6, -22), (299, 6, 22), (173, 2.75, -60), (173, 2.75, 60), (173, 7.25, -60), (173, 7.25, 60), (299, 2.75, -60), (299, 2.75, 60), (299, 7.25, -60), (299, 7.25, 60), (173, -7.25, -56), (173, -7.25, 56), (173, -2.75, -56), (173, -2.75, 56), (299, -7.25, -56), (299, -7.25, 56), (299, -2.75, -56), (299, -2.75, 56), (85, -6, -59), (85, -6, 59), (85, 6, -59), (85, 6, 59), (111, -6, -59), (111, -6, 59), (111, 6, -59), (111, 6, 59), (272, -6, -11), (272, -6, 11), (272, 6, -11), (272, 6, 11), (328, -6, -11), (328, -6, 11), (328, 6, -11), (328, 6, 11)]
    }

    def Mesh "RightRootCable"
    {
        rel material:binding = </ComputeSatelliteMesh/_Materials/CableBlue>
        uniform token subdivisionScheme = "none"
        int[] faceVertexCounts = [3, 3, 3, 3, 3, 3, 3, 3, 3, 3, 3, 3, 3, 3, 3, 3, 3, 3, 3, 3, 3, 3, 3, 3]
        int[] faceVertexIndices = [1, 3, 0, 4, 1, 0, 0, 3, 2, 2, 4, 0, 1, 7, 3, 5, 1, 4, 5, 7, 1, 3, 7, 2, 6, 4, 2, 2, 7, 6, 6, 5, 4, 7, 5, 6, 9, 11, 8, 12, 9, 8, 8, 11, 10, 10, 12, 8, 9, 15, 11, 13, 9, 12, 13, 15, 9, 11, 15, 10, 14, 12, 10, 10, 15, 14, 14, 13, 12, 15, 13, 14]
        point3f[] points = [(173, 2.4, 15), (173, 2.4, 25), (173, 3.6, 15), (173, 3.6, 25), (299, 2.4, 15), (299, 2.4, 25), (299, 3.6, 15), (299, 3.6, 25), (173, -3.6, -25), (173, -3.6, -15), (173, -2.4, -25), (173, -2.4, -15), (299, -3.6, -25), (299, -3.6, -15), (299, -2.4, -25), (299, -2.4, -15)]
    }

    def Mesh "RightWingFrame"
    {
        rel material:binding = </ComputeSatelliteMesh/_Materials/FrameMetal>
        uniform token subdivisionScheme = "none"
        int[] faceVertexCounts = [3, 3, 3, 3, 3, 3, 3, 3, 3, 3, 3, 3, 3, 3, 3, 3, 3, 3, 3, 3, 3, 3, 3, 3, 3, 3, 3, 3, 3, 3, 3, 3, 3, 3, 3, 3, 3, 3, 3, 3, 3, 3, 3, 3, 3, 3, 3, 3, 3, 3, 3, 3, 3, 3, 3, 3, 3, 3, 3, 3, 3, 3, 3, 3, 3, 3, 3, 3, 3, 3, 3, 3, 3, 3, 3, 3, 3, 3, 3, 3, 3, 3, 3, 3, 3, 3, 3, 3, 3, 3, 3, 3, 3, 3, 3, 3, 3, 3, 3, 3, 3, 3, 3, 3, 3, 3, 3, 3, 3, 3, 3, 3, 3, 3, 3, 3, 3, 3, 3, 3, 3, 3, 3, 3, 3, 3, 3, 3, 3, 3, 3, 3, 3, 3, 3, 3, 3, 3, 3, 3, 3, 3, 3, 3, 3, 3, 3, 3, 3, 3, 3, 3, 3, 3, 3, 3, 3, 3, 3, 3, 3, 3, 3, 3, 3, 3, 3, 3, 3, 3, 3, 3, 3, 3, 3, 3, 3, 3, 3, 3, 3, 3, 3, 3, 3, 3, 3, 3, 3, 3, 3, 3, 3, 3, 3, 3, 3, 3, 3, 3, 3, 3, 3, 3, 3, 3, 3, 3, 3, 3, 3, 3, 3, 3, 3, 3]
        int[] faceVertexIndices = [1, 3, 0, 4, 1, 0, 0, 3, 2, 2, 4, 0, 1, 7, 3, 5, 1, 4, 5, 7, 1, 3, 7, 2, 6, 4, 2, 2, 7, 6, 6, 5, 4, 7, 5, 6, 9, 11, 8, 12, 9, 8, 8, 11, 10, 10, 12, 8, 9, 15, 11, 13, 9, 12, 13, 15, 9, 11, 15, 10, 14, 12, 10, 10, 15, 14, 14, 13, 12, 15, 13, 14, 17, 19, 16, 20, 17, 16, 16, 19, 18, 18, 20, 16, 17, 23, 19, 21, 17, 20, 21, 23, 17, 19, 23, 18, 22, 20, 18, 18, 23, 22, 22, 21, 20, 23, 21, 22, 25, 27, 24, 28, 25, 24, 24, 27, 26, 26, 28, 24, 25, 31, 27, 29, 25, 28, 29, 31, 25, 27, 31, 26, 30, 28, 26, 26, 31, 30, 30, 29, 28, 31, 29, 30, 33, 35, 32, 36, 33, 32, 32, 35, 34, 34, 36, 32, 33, 39, 35, 37, 33, 36, 37, 39, 33, 35, 39, 34, 38, 36, 34, 34, 39, 38, 38, 37, 36, 39, 37, 38, 41, 43, 40, 44, 41, 40, 40, 43, 42, 42, 44, 40, 41, 47, 43, 45, 41, 44, 45, 47, 41, 43, 47, 42, 46, 44, 42, 42, 47, 46, 46, 45, 44, 47, 45, 46, 49, 51, 48, 52, 49, 48, 48, 51, 50, 50, 52, 48, 49, 55, 51, 53, 49, 52, 53, 55, 49, 51, 55, 50, 54, 52, 50, 50, 55, 54, 54, 53, 52, 55, 53, 54, 57, 59, 56, 60, 57, 56, 56, 59, 58, 58, 60, 56, 57, 63, 59, 61, 57, 60, 61, 63, 57, 59, 63, 58, 62, 60, 58, 58, 63, 62, 62, 61, 60, 63, 61, 62, 65, 67, 64, 68, 65, 64, 64, 67, 66, 66, 68, 64, 65, 71, 67, 69, 65, 68, 69, 71, 65, 67, 71, 66, 70, 68, 66, 66, 71, 70, 70, 69, 68, 71, 69, 70, 73, 75, 72, 76, 73, 72, 72, 75, 74, 74, 76, 72, 73, 79, 75, 77, 73, 76, 77, 79, 73, 75, 79, 74, 78, 76, 74, 74, 79, 78, 78, 77, 76, 79, 77, 78, 81, 83, 80, 84, 81, 80, 80, 83, 82, 82, 84, 80, 81, 87, 83, 85, 81, 84, 85, 87, 81, 83, 87, 82, 86, 84, 82, 82, 87, 86, 86, 85, 84, 87, 85, 86, 89, 91, 88, 92, 89, 88, 88, 91, 90, 90, 92, 88, 89, 95, 91, 93, 89, 92, 93, 95, 89, 91, 95, 90, 94, 92, 90, 90, 95, 94, 94, 93, 92, 95, 93, 94, 97, 99, 96, 100, 97, 96, 96, 99, 98, 98, 100, 96, 97, 103, 99, 101, 97, 100, 101, 103, 97, 99, 103, 98, 102, 100, 98, 98, 103, 102, 102, 101, 100, 103, 101, 102, 105, 107, 104, 108, 105, 104, 104, 107, 106, 106, 108, 104, 105, 111, 107, 109, 105, 108, 109, 111, 105, 107, 111, 106, 110, 108, 106, 106, 111, 110, 110, 109, 108, 111, 109, 110, 113, 115, 112, 116, 113, 112, 112, 115, 114, 114, 116, 112, 113, 119, 115, 117, 113, 116, 117, 119, 113, 115, 119, 114, 118, 116, 114, 114, 119, 118, 118, 117, 116, 119, 117, 118, 121, 123, 120, 124, 121, 120, 120, 123, 122, 122, 124, 120, 121, 127, 123, 125, 121, 124, 125, 127, 121, 123, 127, 122, 126, 124, 122, 122, 127, 126, 126, 125, 124, 127, 125, 126, 129, 131, 128, 132, 129, 128, 128, 131, 130, 130, 132, 128, 129, 135, 131, 133, 129, 132, 133, 135, 129, 131, 135, 130, 134, 132, 130, 130, 135, 134, 134, 133, 132, 135, 133, 134, 137, 139, 136, 140, 137, 136, 136, 139, 138, 138, 140, 136, 137, 143, 139, 141, 137, 140, 141, 143, 137, 139, 143, 138, 142, 140, 138, 138, 143, 142, 142, 141, 140, 143, 141, 142]
        point3f[] points = [(139, -4, -15), (139, -4, 15), (139, 4, -15), (139, 4, 15), (2733, -4, -15), (2733, -4, 15), (2733, 4, -15), (2733, 4, 15), (139, 0.75, -161), (139, 0.75, 161), (139, 5.25, -161), (139, 5.25, 161), (2733, 0.75, -161), (2733, 0.75, 161), (2733, 5.25, -161), (2733, 5.25, 161), (139, -2, 157), (139, -2, 167), (139, 4, 157), (139, 4, 167), (2733, -2, 157), (2733, -2, 167), (2733, 4, 157), (2733, 4, 167), (139, -2, -167), (139, -2, -157), (139, 4, -167), (139, 4, -157), (2733, -2, -167), (2733, -2, -157), (2733, 4, -167), (2733, 4, -157), (90, -7, -159), (90, -7, 159), (90, 7, -159), (90, 7, 159), (262, -7, -159), (262, -7, 159), (262, 7, -159), (262, 7, 159), (72, -6, -147), (72, -6, 147), (72, 6, -147), (72, 6, 147), (176, -6, -147), (176, -6, 147), (176, 6, -147), (176, 6, 147), (195, -2, -160), (195, -2, 160), (195, 4, -160), (195, 4, 160), (203, -2, -160), (203, -2, 160), (203, 4, -160), (203, 4, 160), (419.9091, -2, -160), (419.9091, -2, 160), (419.9091, 4, -160), (419.9091, 4, 160), (427.9091, -2, -160), (427.9091, -2, 160), (427.9091, 4, -160), (427.9091, 4, 160), (644.8182, -2, -160), (644.8182, -2, 160), (644.8182, 4, -160), (644.8182, 4, 160), (652.8182, -2, -160), (652.8182, -2, 160), (652.8182, 4, -160), (652.8182, 4, 160), (869.7273, -2, -160), (869.7273, -2, 160), (869.7273, 4, -160), (869.7273, 4, 160), (877.7273, -2, -160), (877.7273, -2, 160), (877.7273, 4, -160), (877.7273, 4, 160), (1094.6364, -2, -160), (1094.6364, -2, 160), (1094.6364, 4, -160), (1094.6364, 4, 160), (1102.6364, -2, -160), (1102.6364, -2, 160), (1102.6364, 4, -160), (1102.6364, 4, 160), (1319.5455, -2, -160), (1319.5455, -2, 160), (1319.5455, 4, -160), (1319.5455, 4, 160), (1327.5455, -2, -160), (1327.5455, -2, 160), (1327.5455, 4, -160), (1327.5455, 4, 160), (1544.4545, -2, -160), (1544.4545, -2, 160), (1544.4545, 4, -160), (1544.4545, 4, 160), (1552.4545, -2, -160), (1552.4545, -2, 160), (1552.4545, 4, -160), (1552.4545, 4, 160), (1769.3636, -2, -160), (1769.3636, -2, 160), (1769.3636, 4, -160), (1769.3636, 4, 160), (1777.3636, -2, -160), (1777.3636, -2, 160), (1777.3636, 4, -160), (1777.3636, 4, 160), (1994.2727, -2, -160), (1994.2727, -2, 160), (1994.2727, 4, -160), (1994.2727, 4, 160), (2002.2727, -2, -160), (2002.2727, -2, 160), (2002.2727, 4, -160), (2002.2727, 4, 160), (2219.1818, -2, -160), (2219.1818, -2, 160), (2219.1818, 4, -160), (2219.1818, 4, 160), (2227.1818, -2, -160), (2227.1818, -2, 160), (2227.1818, 4, -160), (2227.1818, 4, 160), (2444.0909, -2, -160), (2444.0909, -2, 160), (2444.0909, 4, -160), (2444.0909, 4, 160), (2452.0909, -2, -160), (2452.0909, -2, 160), (2452.0909, 4, -160), (2452.0909, 4, 160), (2669, -2, -160), (2669, -2, 160), (2669, 4, -160), (2669, 4, 160), (2677, -2, -160), (2677, -2, 160), (2677, 4, -160), (2677, 4, 160)]
    }

    def Mesh "RightWingSolarDark"
    {
        rel material:binding = </ComputeSatelliteMesh/_Materials/SolarBlueDark>
        uniform token subdivisionScheme = "none"
        int[] faceVertexCounts = [3, 3, 3, 3, 3, 3, 3, 3, 3, 3, 3, 3, 3, 3, 3, 3, 3, 3, 3, 3, 3, 3, 3, 3, 3, 3, 3, 3, 3, 3, 3, 3, 3, 3, 3, 3, 3, 3, 3, 3, 3, 3, 3, 3, 3, 3, 3, 3, 3, 3, 3, 3, 3, 3, 3, 3, 3, 3, 3, 3, 3, 3, 3, 3, 3, 3, 3, 3, 3, 3, 3, 3, 3, 3, 3, 3, 3, 3, 3, 3, 3, 3, 3, 3, 3, 3, 3, 3, 3, 3, 3, 3, 3, 3, 3, 3, 3, 3, 3, 3, 3, 3, 3, 3, 3, 3, 3, 3, 3, 3, 3, 3, 3, 3, 3, 3, 3, 3, 3, 3, 3, 3, 3, 3, 3, 3, 3, 3, 3, 3, 3, 3, 3, 3, 3, 3, 3, 3, 3, 3, 3, 3, 3, 3, 3, 3, 3, 3, 3, 3, 3, 3, 3, 3, 3, 3, 3, 3, 3, 3, 3, 3, 3, 3, 3, 3, 3, 3, 3, 3, 3, 3, 3, 3, 3, 3, 3, 3, 3, 3, 3, 3, 3, 3, 3, 3, 3, 3, 3, 3, 3, 3, 3, 3, 3, 3, 3, 3, 3, 3, 3, 3, 3, 3, 3, 3, 3, 3, 3, 3, 3, 3, 3, 3, 3, 3, 3, 3, 3, 3, 3, 3, 3, 3, 3, 3, 3, 3, 3, 3, 3, 3, 3, 3, 3, 3, 3, 3, 3, 3, 3, 3, 3, 3, 3, 3, 3, 3, 3, 3, 3, 3, 3, 3, 3, 3, 3, 3, 3, 3, 3, 3, 3, 3, 3, 3, 3, 3, 3, 3, 3, 3, 3, 3, 3, 3, 3, 3, 3, 3, 3, 3, 3, 3, 3, 3, 3, 3, 3, 3, 3, 3, 3, 3, 3, 3, 3, 3, 3, 3, 3, 3, 3, 3, 3, 3, 3, 3, 3, 3, 3, 3, 3, 3, 3, 3, 3, 3, 3, 3, 3, 3, 3, 3, 3, 3, 3, 3, 3, 3, 3, 3, 3, 3, 3, 3, 3, 3, 3, 3, 3, 3, 3, 3, 3, 3, 3, 3, 3, 3, 3, 3, 3, 3, 3, 3, 3, 3, 3, 3, 3, 3, 3, 3, 3, 3, 3, 3, 3, 3, 3, 3, 3, 3, 3, 3, 3, 3, 3, 3, 3, 3, 3, 3, 3, 3, 3, 3, 3, 3, 3, 3, 3, 3, 3, 3, 3, 3, 3, 3, 3, 3, 3, 3, 3, 3, 3, 3, 3, 3, 3, 3, 3, 3, 3, 3, 3, 3, 3, 3, 3, 3, 3, 3, 3, 3, 3, 3, 3, 3, 3, 3]
        int[] faceVertexIndices = [1, 3, 0, 4, 1, 0, 0, 3, 2, 2, 4, 0, 1, 7, 3, 5, 1, 4, 5, 7, 1, 3, 7, 2, 6, 4, 2, 2, 7, 6, 6, 5, 4, 7, 5, 6, 9, 11, 8, 12, 9, 8, 8, 11, 10, 10, 12, 8, 9, 15, 11, 13, 9, 12, 13, 15, 9, 11, 15, 10, 14, 12, 10, 10, 15, 14, 14, 13, 12, 15, 13, 14, 17, 19, 16, 20, 17, 16, 16, 19, 18, 18, 20, 16, 17, 23, 19, 21, 17, 20, 21, 23, 17, 19, 23, 18, 22, 20, 18, 18, 23, 22, 22, 21, 20, 23, 21, 22, 25, 27, 24, 28, 25, 24, 24, 27, 26, 26, 28, 24, 25, 31, 27, 29, 25, 28, 29, 31, 25, 27, 31, 26, 30, 28, 26, 26, 31, 30, 30, 29, 28, 31, 29, 30, 33, 35, 32, 36, 33, 32, 32, 35, 34, 34, 36, 32, 33, 39, 35, 37, 33, 36, 37, 39, 33, 35, 39, 34, 38, 36, 34, 34, 39, 38, 38, 37, 36, 39, 37, 38, 41, 43, 40, 44, 41, 40, 40, 43, 42, 42, 44, 40, 41, 47, 43, 45, 41, 44, 45, 47, 41, 43, 47, 42, 46, 44, 42, 42, 47, 46, 46, 45, 44, 47, 45, 46, 49, 51, 48, 52, 49, 48, 48, 51, 50, 50, 52, 48, 49, 55, 51, 53, 49, 52, 53, 55, 49, 51, 55, 50, 54, 52, 50, 50, 55, 54, 54, 53, 52, 55, 53, 54, 57, 59, 56, 60, 57, 56, 56, 59, 58, 58, 60, 56, 57, 63, 59, 61, 57, 60, 61, 63, 57, 59, 63, 58, 62, 60, 58, 58, 63, 62, 62, 61, 60, 63, 61, 62, 65, 67, 64, 68, 65, 64, 64, 67, 66, 66, 68, 64, 65, 71, 67, 69, 65, 68, 69, 71, 65, 67, 71, 66, 70, 68, 66, 66, 71, 70, 70, 69, 68, 71, 69, 70, 73, 75, 72, 76, 73, 72, 72, 75, 74, 74, 76, 72, 73, 79, 75, 77, 73, 76, 77, 79, 73, 75, 79, 74, 78, 76, 74, 74, 79, 78, 78, 77, 76, 79, 77, 78, 81, 83, 80, 84, 81, 80, 80, 83, 82, 82, 84, 80, 81, 87, 83, 85, 81, 84, 85, 87, 81, 83, 87, 82, 86, 84, 82, 82, 87, 86, 86, 85, 84, 87, 85, 86, 89, 91, 88, 92, 89, 88, 88, 91, 90, 90, 92, 88, 89, 95, 91, 93, 89, 92, 93, 95, 89, 91, 95, 90, 94, 92, 90, 90, 95, 94, 94, 93, 92, 95, 93, 94, 97, 99, 96, 100, 97, 96, 96, 99, 98, 98, 100, 96, 97, 103, 99, 101, 97, 100, 101, 103, 97, 99, 103, 98, 102, 100, 98, 98, 103, 102, 102, 101, 100, 103, 101, 102, 105, 107, 104, 108, 105, 104, 104, 107, 106, 106, 108, 104, 105, 111, 107, 109, 105, 108, 109, 111, 105, 107, 111, 106, 110, 108, 106, 106, 111, 110, 110, 109, 108, 111, 109, 110, 113, 115, 112, 116, 113, 112, 112, 115, 114, 114, 116, 112, 113, 119, 115, 117, 113, 116, 117, 119, 113, 115, 119, 114, 118, 116, 114, 114, 119, 118, 118, 117, 116, 119, 117, 118, 121, 123, 120, 124, 121, 120, 120, 123, 122, 122, 124, 120, 121, 127, 123, 125, 121, 124, 125, 127, 121, 123, 127, 122, 126, 124, 122, 122, 127, 126, 126, 125, 124, 127, 125, 126, 129, 131, 128, 132, 129, 128, 128, 131, 130, 130, 132, 128, 129, 135, 131, 133, 129, 132, 133, 135, 129, 131, 135, 130, 134, 132, 130, 130, 135, 134, 134, 133, 132, 135, 133, 134, 137, 139, 136, 140, 137, 136, 136, 139, 138, 138, 140, 136, 137, 143, 139, 141, 137, 140, 141, 143, 137, 139, 143, 138, 142, 140, 138, 138, 143, 142, 142, 141, 140, 143, 141, 142, 145, 147, 144, 148, 145, 144, 144, 147, 146, 146, 148, 144, 145, 151, 147, 149, 145, 148, 149, 151, 145, 147, 151, 146, 150, 148, 146, 146, 151, 150, 150, 149, 148, 151, 149, 150, 153, 155, 152, 156, 153, 152, 152, 155, 154, 154, 156, 152, 153, 159, 155, 157, 153, 156, 157, 159, 153, 155, 159, 154, 158, 156, 154, 154, 159, 158, 158, 157, 156, 159, 157, 158, 161, 163, 160, 164, 161, 160, 160, 163, 162, 162, 164, 160, 161, 167, 163, 165, 161, 164, 165, 167, 161, 163, 167, 162, 166, 164, 162, 162, 167, 166, 166, 165, 164, 167, 165, 166, 169, 171, 168, 172, 169, 168, 168, 171, 170, 170, 172, 168, 169, 175, 171, 173, 169, 172, 173, 175, 169, 171, 175, 170, 174, 172, 170, 170, 175, 174, 174, 173, 172, 175, 173, 174, 177, 179, 176, 180, 177, 176, 176, 179, 178, 178, 180, 176, 177, 183, 179, 181, 177, 180, 181, 183, 177, 179, 183, 178, 182, 180, 178, 178, 183, 182, 182, 181, 180, 183, 181, 182, 185, 187, 184, 188, 185, 184, 184, 187, 186, 186, 188, 184, 185, 191, 187, 189, 185, 188, 189, 191, 185, 187, 191, 186, 190, 188, 186, 186, 191, 190, 190, 189, 188, 191, 189, 190, 193, 195, 192, 196, 193, 192, 192, 195, 194, 194, 196, 192, 193, 199, 195, 197, 193, 196, 197, 199, 193, 195, 199, 194, 198, 196, 194, 194, 199, 198, 198, 197, 196, 199, 197, 198, 201, 203, 200, 204, 201, 200, 200, 203, 202, 202, 204, 200, 201, 207, 203, 205, 201, 204, 205, 207, 201, 203, 207, 202, 206, 204, 202, 202, 207, 206, 206, 205, 204, 207, 205, 206, 209, 211, 208, 212, 209, 208, 208, 211, 210, 210, 212, 208, 209, 215, 211, 213, 209, 212, 213, 215, 209, 211, 215, 210, 214, 212, 210, 210, 215, 214, 214, 213, 212, 215, 213, 214, 217, 219, 216, 220, 217, 216, 216, 219, 218, 218, 220, 216, 217, 223, 219, 221, 217, 220, 221, 223, 217, 219, 223, 218, 222, 220, 218, 218, 223, 222, 222, 221, 220, 223, 221, 222, 225, 227, 224, 228, 225, 224, 224, 227, 226, 226, 228, 224, 225, 231, 227, 229, 225, 228, 229, 231, 225, 227, 231, 226, 230, 228, 226, 226, 231, 230, 230, 229, 228, 231, 229, 230, 233, 235, 232, 236, 233, 232, 232, 235, 234, 234, 236, 232, 233, 239, 235, 237, 233, 236, 237, 239, 233, 235, 239, 234, 238, 236, 234, 234, 239, 238, 238, 237, 236, 239, 237, 238, 241, 243, 240, 244, 241, 240, 240, 243, 242, 242, 244, 240, 241, 247, 243, 245, 241, 244, 245, 247, 241, 243, 247, 242, 246, 244, 242, 242, 247, 246, 246, 245, 244, 247, 245, 246, 249, 251, 248, 252, 249, 248, 248, 251, 250, 250, 252, 248, 249, 255, 251, 253, 249, 252, 253, 255, 249, 251, 255, 250, 254, 252, 250, 250, 255, 254, 254, 253, 252, 255, 253, 254, 257, 259, 256, 260, 257, 256, 256, 259, 258, 258, 260, 256, 257, 263, 259, 261, 257, 260, 261, 263, 257, 259, 263, 258, 262, 260, 258, 258, 263, 262, 262, 261, 260, 263, 261, 262, 265, 267, 264, 268, 265, 264, 264, 267, 266, 266, 268, 264, 265, 271, 267, 269, 265, 268, 269, 271, 265, 267, 271, 266, 270, 268, 266, 266, 271, 270, 270, 269, 268, 271, 269, 270, 273, 275, 272, 276, 273, 272, 272, 275, 274, 274, 276, 272, 273, 279, 275, 277, 273, 276, 277, 279, 273, 275, 279, 274, 278, 276, 274, 274, 279, 278, 278, 277, 276, 279, 277, 278, 281, 283, 280, 284, 281, 280, 280, 283, 282, 282, 284, 280, 281, 287, 283, 285, 281, 284, 285, 287, 281, 283, 287, 282, 286, 284, 282, 282, 287, 286, 286, 285, 284, 287, 285, 286]
        point3f[] points = [(145, 3.525, -165), (145, 3.525, -19), (145, 4.575, -165), (145, 4.575, -19), (279, 3.525, -165), (279, 3.525, -19), (279, 4.575, -165), (279, 4.575, -19), (145, 3.525, 19), (145, 3.525, 165), (145, 4.575, 19), (145, 4.575, 165), (279, 3.525, 19), (279, 3.525, 165), (279, 4.575, 19), (279, 4.575, 165), (289, 3.525, -165), (289, 3.525, -19), (289, 4.575, -165), (289, 4.575, -19), (423, 3.525, -165), (423, 3.525, -19), (423, 4.575, -165), (423, 4.575, -19), (289, 3.525, 19), (289, 3.525, 165), (289, 4.575, 19), (289, 4.575, 165), (423, 3.525, 19), (423, 3.525, 165), (423, 4.575, 19), (423, 4.575, 165), (433, 3.525, -165), (433, 3.525, -19), (433, 4.575, -165), (433, 4.575, -19), (567, 3.525, -165), (567, 3.525, -19), (567, 4.575, -165), (567, 4.575, -19), (433, 3.525, 19), (433, 3.525, 165), (433, 4.575, 19), (433, 4.575, 165), (567, 3.525, 19), (567, 3.525, 165), (567, 4.575, 19), (567, 4.575, 165), (577, 3.525, -165), (577, 3.525, -19), (577, 4.575, -165), (577, 4.575, -19), (711, 3.525, -165), (711, 3.525, -19), (711, 4.575, -165), (711, 4.575, -19), (577, 3.525, 19), (577, 3.525, 165), (577, 4.575, 19), (577, 4.575, 165), (711, 3.525, 19), (711, 3.525, 165), (711, 4.575, 19), (711, 4.575, 165), (721, 3.525, -165), (721, 3.525, -19), (721, 4.575, -165), (721, 4.575, -19), (855, 3.525, -165), (855, 3.525, -19), (855, 4.575, -165), (855, 4.575, -19), (721, 3.525, 19), (721, 3.525, 165), (721, 4.575, 19), (721, 4.575, 165), (855, 3.525, 19), (855, 3.525, 165), (855, 4.575, 19), (855, 4.575, 165), (865, 3.525, -165), (865, 3.525, -19), (865, 4.575, -165), (865, 4.575, -19), (999, 3.525, -165), (999, 3.525, -19), (999, 4.575, -165), (999, 4.575, -19), (865, 3.525, 19), (865, 3.525, 165), (865, 4.575, 19), (865, 4.575, 165), (999, 3.525, 19), (999, 3.525, 165), (999, 4.575, 19), (999, 4.575, 165), (1009, 3.525, -165), (1009, 3.525, -19), (1009, 4.575, -165), (1009, 4.575, -19), (1143, 3.525, -165), (1143, 3.525, -19), (1143, 4.575, -165), (1143, 4.575, -19), (1009, 3.525, 19), (1009, 3.525, 165), (1009, 4.575, 19), (1009, 4.575, 165), (1143, 3.525, 19), (1143, 3.525, 165), (1143, 4.575, 19), (1143, 4.575, 165), (1153, 3.525, -165), (1153, 3.525, -19), (1153, 4.575, -165), (1153, 4.575, -19), (1287, 3.525, -165), (1287, 3.525, -19), (1287, 4.575, -165), (1287, 4.575, -19), (1153, 3.525, 19), (1153, 3.525, 165), (1153, 4.575, 19), (1153, 4.575, 165), (1287, 3.525, 19), (1287, 3.525, 165), (1287, 4.575, 19), (1287, 4.575, 165), (1297, 3.525, -165), (1297, 3.525, -19), (1297, 4.575, -165), (1297, 4.575, -19), (1431, 3.525, -165), (1431, 3.525, -19), (1431, 4.575, -165), (1431, 4.575, -19), (1297, 3.525, 19), (1297, 3.525, 165), (1297, 4.575, 19), (1297, 4.575, 165), (1431, 3.525, 19), (1431, 3.525, 165), (1431, 4.575, 19), (1431, 4.575, 165), (1441, 3.525, -165), (1441, 3.525, -19), (1441, 4.575, -165), (1441, 4.575, -19), (1575, 3.525, -165), (1575, 3.525, -19), (1575, 4.575, -165), (1575, 4.575, -19), (1441, 3.525, 19), (1441, 3.525, 165), (1441, 4.575, 19), (1441, 4.575, 165), (1575, 3.525, 19), (1575, 3.525, 165), (1575, 4.575, 19), (1575, 4.575, 165), (1585, 3.525, -165), (1585, 3.525, -19), (1585, 4.575, -165), (1585, 4.575, -19), (1719, 3.525, -165), (1719, 3.525, -19), (1719, 4.575, -165), (1719, 4.575, -19), (1585, 3.525, 19), (1585, 3.525, 165), (1585, 4.575, 19), (1585, 4.575, 165), (1719, 3.525, 19), (1719, 3.525, 165), (1719, 4.575, 19), (1719, 4.575, 165), (1729, 3.525, -165), (1729, 3.525, -19), (1729, 4.575, -165), (1729, 4.575, -19), (1863, 3.525, -165), (1863, 3.525, -19), (1863, 4.575, -165), (1863, 4.575, -19), (1729, 3.525, 19), (1729, 3.525, 165), (1729, 4.575, 19), (1729, 4.575, 165), (1863, 3.525, 19), (1863, 3.525, 165), (1863, 4.575, 19), (1863, 4.575, 165), (1873, 3.525, -165), (1873, 3.525, -19), (1873, 4.575, -165), (1873, 4.575, -19), (2007, 3.525, -165), (2007, 3.525, -19), (2007, 4.575, -165), (2007, 4.575, -19), (1873, 3.525, 19), (1873, 3.525, 165), (1873, 4.575, 19), (1873, 4.575, 165), (2007, 3.525, 19), (2007, 3.525, 165), (2007, 4.575, 19), (2007, 4.575, 165), (2017, 3.525, -165), (2017, 3.525, -19), (2017, 4.575, -165), (2017, 4.575, -19), (2151, 3.525, -165), (2151, 3.525, -19), (2151, 4.575, -165), (2151, 4.575, -19), (2017, 3.525, 19), (2017, 3.525, 165), (2017, 4.575, 19), (2017, 4.575, 165), (2151, 3.525, 19), (2151, 3.525, 165), (2151, 4.575, 19), (2151, 4.575, 165), (2161, 3.525, -165), (2161, 3.525, -19), (2161, 4.575, -165), (2161, 4.575, -19), (2295, 3.525, -165), (2295, 3.525, -19), (2295, 4.575, -165), (2295, 4.575, -19), (2161, 3.525, 19), (2161, 3.525, 165), (2161, 4.575, 19), (2161, 4.575, 165), (2295, 3.525, 19), (2295, 3.525, 165), (2295, 4.575, 19), (2295, 4.575, 165), (2305, 3.525, -165), (2305, 3.525, -19), (2305, 4.575, -165), (2305, 4.575, -19), (2439, 3.525, -165), (2439, 3.525, -19), (2439, 4.575, -165), (2439, 4.575, -19), (2305, 3.525, 19), (2305, 3.525, 165), (2305, 4.575, 19), (2305, 4.575, 165), (2439, 3.525, 19), (2439, 3.525, 165), (2439, 4.575, 19), (2439, 4.575, 165), (2449, 3.525, -165), (2449, 3.525, -19), (2449, 4.575, -165), (2449, 4.575, -19), (2583, 3.525, -165), (2583, 3.525, -19), (2583, 4.575, -165), (2583, 4.575, -19), (2449, 3.525, 19), (2449, 3.525, 165), (2449, 4.575, 19), (2449, 4.575, 165), (2583, 3.525, 19), (2583, 3.525, 165), (2583, 4.575, 19), (2583, 4.575, 165), (2593, 3.525, -165), (2593, 3.525, -19), (2593, 4.575, -165), (2593, 4.575, -19), (2727, 3.525, -165), (2727, 3.525, -19), (2727, 4.575, -165), (2727, 4.575, -19), (2593, 3.525, 19), (2593, 3.525, 165), (2593, 4.575, 19), (2593, 4.575, 165), (2727, 3.525, 19), (2727, 3.525, 165), (2727, 4.575, 19), (2727, 4.575, 165)]
    }

    def Mesh "RightWingSolarLight"
    {
        rel material:binding = </ComputeSatelliteMesh/_Materials/SolarBlueLight>
        uniform token subdivisionScheme = "none"
        int[] faceVertexCounts = [3, 3, 3, 3, 3, 3, 3, 3, 3, 3, 3, 3, 3, 3, 3, 3, 3, 3, 3, 3, 3, 3, 3, 3, 3, 3, 3, 3, 3, 3, 3, 3, 3, 3, 3, 3, 3, 3, 3, 3, 3, 3, 3, 3, 3, 3, 3, 3, 3, 3, 3, 3, 3, 3, 3, 3, 3, 3, 3, 3, 3, 3, 3, 3, 3, 3, 3, 3, 3, 3, 3, 3, 3, 3, 3, 3, 3, 3, 3, 3, 3, 3, 3, 3, 3, 3, 3, 3, 3, 3, 3, 3, 3, 3, 3, 3, 3, 3, 3, 3, 3, 3, 3, 3, 3, 3, 3, 3, 3, 3, 3, 3, 3, 3, 3, 3, 3, 3, 3, 3, 3, 3, 3, 3, 3, 3, 3, 3, 3, 3, 3, 3, 3, 3, 3, 3, 3, 3, 3, 3, 3, 3, 3, 3, 3, 3, 3, 3, 3, 3, 3, 3, 3, 3, 3, 3, 3, 3, 3, 3, 3, 3, 3, 3, 3, 3, 3, 3, 3, 3, 3, 3, 3, 3, 3, 3, 3, 3, 3, 3, 3, 3, 3, 3, 3, 3, 3, 3, 3, 3, 3, 3, 3, 3, 3, 3, 3, 3, 3, 3, 3, 3, 3, 3, 3, 3, 3, 3, 3, 3, 3, 3, 3, 3, 3, 3, 3, 3, 3, 3, 3, 3, 3, 3, 3, 3, 3, 3, 3, 3, 3, 3, 3, 3, 3, 3, 3, 3, 3, 3, 3, 3, 3, 3, 3, 3, 3, 3, 3, 3, 3, 3, 3, 3, 3, 3, 3, 3, 3, 3, 3, 3, 3, 3, 3, 3, 3, 3, 3, 3, 3, 3, 3, 3, 3, 3, 3, 3, 3, 3, 3, 3, 3, 3, 3, 3, 3, 3, 3, 3, 3, 3, 3, 3, 3, 3, 3, 3, 3, 3, 3, 3, 3, 3, 3, 3, 3, 3, 3, 3, 3, 3, 3, 3, 3, 3, 3, 3, 3, 3, 3, 3, 3, 3, 3, 3, 3, 3, 3, 3, 3, 3, 3, 3, 3, 3, 3, 3, 3, 3, 3, 3, 3, 3, 3, 3, 3, 3, 3, 3, 3, 3, 3, 3, 3, 3, 3, 3, 3, 3, 3, 3, 3, 3, 3, 3, 3, 3, 3, 3, 3, 3, 3, 3, 3, 3, 3, 3, 3, 3, 3, 3, 3, 3, 3, 3, 3, 3, 3, 3, 3, 3, 3, 3, 3, 3, 3, 3, 3, 3, 3, 3, 3, 3, 3, 3, 3, 3, 3, 3, 3, 3, 3, 3, 3, 3, 3, 3, 3, 3, 3, 3, 3, 3, 3, 3, 3, 3, 3, 3, 3, 3]
        int[] faceVertexIndices = [1, 3, 0, 4, 1, 0, 0, 3, 2, 2, 4, 0, 1, 7, 3, 5, 1, 4, 5, 7, 1, 3, 7, 2, 6, 4, 2, 2, 7, 6, 6, 5, 4, 7, 5, 6, 9, 11, 8, 12, 9, 8, 8, 11, 10, 10, 12, 8, 9, 15, 11, 13, 9, 12, 13, 15, 9, 11, 15, 10, 14, 12, 10, 10, 15, 14, 14, 13, 12, 15, 13, 14, 17, 19, 16, 20, 17, 16, 16, 19, 18, 18, 20, 16, 17, 23, 19, 21, 17, 20, 21, 23, 17, 19, 23, 18, 22, 20, 18, 18, 23, 22, 22, 21, 20, 23, 21, 22, 25, 27, 24, 28, 25, 24, 24, 27, 26, 26, 28, 24, 25, 31, 27, 29, 25, 28, 29, 31, 25, 27, 31, 26, 30, 28, 26, 26, 31, 30, 30, 29, 28, 31, 29, 30, 33, 35, 32, 36, 33, 32, 32, 35, 34, 34, 36, 32, 33, 39, 35, 37, 33, 36, 37, 39, 33, 35, 39, 34, 38, 36, 34, 34, 39, 38, 38, 37, 36, 39, 37, 38, 41, 43, 40, 44, 41, 40, 40, 43, 42, 42, 44, 40, 41, 47, 43, 45, 41, 44, 45, 47, 41, 43, 47, 42, 46, 44, 42, 42, 47, 46, 46, 45, 44, 47, 45, 46, 49, 51, 48, 52, 49, 48, 48, 51, 50, 50, 52, 48, 49, 55, 51, 53, 49, 52, 53, 55, 49, 51, 55, 50, 54, 52, 50, 50, 55, 54, 54, 53, 52, 55, 53, 54, 57, 59, 56, 60, 57, 56, 56, 59, 58, 58, 60, 56, 57, 63, 59, 61, 57, 60, 61, 63, 57, 59, 63, 58, 62, 60, 58, 58, 63, 62, 62, 61, 60, 63, 61, 62, 65, 67, 64, 68, 65, 64, 64, 67, 66, 66, 68, 64, 65, 71, 67, 69, 65, 68, 69, 71, 65, 67, 71, 66, 70, 68, 66, 66, 71, 70, 70, 69, 68, 71, 69, 70, 73, 75, 72, 76, 73, 72, 72, 75, 74, 74, 76, 72, 73, 79, 75, 77, 73, 76, 77, 79, 73, 75, 79, 74, 78, 76, 74, 74, 79, 78, 78, 77, 76, 79, 77, 78, 81, 83, 80, 84, 81, 80, 80, 83, 82, 82, 84, 80, 81, 87, 83, 85, 81, 84, 85, 87, 81, 83, 87, 82, 86, 84, 82, 82, 87, 86, 86, 85, 84, 87, 85, 86, 89, 91, 88, 92, 89, 88, 88, 91, 90, 90, 92, 88, 89, 95, 91, 93, 89, 92, 93, 95, 89, 91, 95, 90, 94, 92, 90, 90, 95, 94, 94, 93, 92, 95, 93, 94, 97, 99, 96, 100, 97, 96, 96, 99, 98, 98, 100, 96, 97, 103, 99, 101, 97, 100, 101, 103, 97, 99, 103, 98, 102, 100, 98, 98, 103, 102, 102, 101, 100, 103, 101, 102, 105, 107, 104, 108, 105, 104, 104, 107, 106, 106, 108, 104, 105, 111, 107, 109, 105, 108, 109, 111, 105, 107, 111, 106, 110, 108, 106, 106, 111, 110, 110, 109, 108, 111, 109, 110, 113, 115, 112, 116, 113, 112, 112, 115, 114, 114, 116, 112, 113, 119, 115, 117, 113, 116, 117, 119, 113, 115, 119, 114, 118, 116, 114, 114, 119, 118, 118, 117, 116, 119, 117, 118, 121, 123, 120, 124, 121, 120, 120, 123, 122, 122, 124, 120, 121, 127, 123, 125, 121, 124, 125, 127, 121, 123, 127, 122, 126, 124, 122, 122, 127, 126, 126, 125, 124, 127, 125, 126, 129, 131, 128, 132, 129, 128, 128, 131, 130, 130, 132, 128, 129, 135, 131, 133, 129, 132, 133, 135, 129, 131, 135, 130, 134, 132, 130, 130, 135, 134, 134, 133, 132, 135, 133, 134, 137, 139, 136, 140, 137, 136, 136, 139, 138, 138, 140, 136, 137, 143, 139, 141, 137, 140, 141, 143, 137, 139, 143, 138, 142, 140, 138, 138, 143, 142, 142, 141, 140, 143, 141, 142, 145, 147, 144, 148, 145, 144, 144, 147, 146, 146, 148, 144, 145, 151, 147, 149, 145, 148, 149, 151, 145, 147, 151, 146, 150, 148, 146, 146, 151, 150, 150, 149, 148, 151, 149, 150, 153, 155, 152, 156, 153, 152, 152, 155, 154, 154, 156, 152, 153, 159, 155, 157, 153, 156, 157, 159, 153, 155, 159, 154, 158, 156, 154, 154, 159, 158, 158, 157, 156, 159, 157, 158, 161, 163, 160, 164, 161, 160, 160, 163, 162, 162, 164, 160, 161, 167, 163, 165, 161, 164, 165, 167, 161, 163, 167, 162, 166, 164, 162, 162, 167, 166, 166, 165, 164, 167, 165, 166, 169, 171, 168, 172, 169, 168, 168, 171, 170, 170, 172, 168, 169, 175, 171, 173, 169, 172, 173, 175, 169, 171, 175, 170, 174, 172, 170, 170, 175, 174, 174, 173, 172, 175, 173, 174, 177, 179, 176, 180, 177, 176, 176, 179, 178, 178, 180, 176, 177, 183, 179, 181, 177, 180, 181, 183, 177, 179, 183, 178, 182, 180, 178, 178, 183, 182, 182, 181, 180, 183, 181, 182, 185, 187, 184, 188, 185, 184, 184, 187, 186, 186, 188, 184, 185, 191, 187, 189, 185, 188, 189, 191, 185, 187, 191, 186, 190, 188, 186, 186, 191, 190, 190, 189, 188, 191, 189, 190, 193, 195, 192, 196, 193, 192, 192, 195, 194, 194, 196, 192, 193, 199, 195, 197, 193, 196, 197, 199, 193, 195, 199, 194, 198, 196, 194, 194, 199, 198, 198, 197, 196, 199, 197, 198, 201, 203, 200, 204, 201, 200, 200, 203, 202, 202, 204, 200, 201, 207, 203, 205, 201, 204, 205, 207, 201, 203, 207, 202, 206, 204, 202, 202, 207, 206, 206, 205, 204, 207, 205, 206, 209, 211, 208, 212, 209, 208, 208, 211, 210, 210, 212, 208, 209, 215, 211, 213, 209, 212, 213, 215, 209, 211, 215, 210, 214, 212, 210, 210, 215, 214, 214, 213, 212, 215, 213, 214, 217, 219, 216, 220, 217, 216, 216, 219, 218, 218, 220, 216, 217, 223, 219, 221, 217, 220, 221, 223, 217, 219, 223, 218, 222, 220, 218, 218, 223, 222, 222, 221, 220, 223, 221, 222, 225, 227, 224, 228, 225, 224, 224, 227, 226, 226, 228, 224, 225, 231, 227, 229, 225, 228, 229, 231, 225, 227, 231, 226, 230, 228, 226, 226, 231, 230, 230, 229, 228, 231, 229, 230, 233, 235, 232, 236, 233, 232, 232, 235, 234, 234, 236, 232, 233, 239, 235, 237, 233, 236, 237, 239, 233, 235, 239, 234, 238, 236, 234, 234, 239, 238, 238, 237, 236, 239, 237, 238, 241, 243, 240, 244, 241, 240, 240, 243, 242, 242, 244, 240, 241, 247, 243, 245, 241, 244, 245, 247, 241, 243, 247, 242, 246, 244, 242, 242, 247, 246, 246, 245, 244, 247, 245, 246, 249, 251, 248, 252, 249, 248, 248, 251, 250, 250, 252, 248, 249, 255, 251, 253, 249, 252, 253, 255, 249, 251, 255, 250, 254, 252, 250, 250, 255, 254, 254, 253, 252, 255, 253, 254, 257, 259, 256, 260, 257, 256, 256, 259, 258, 258, 260, 256, 257, 263, 259, 261, 257, 260, 261, 263, 257, 259, 263, 258, 262, 260, 258, 258, 263, 262, 262, 261, 260, 263, 261, 262, 265, 267, 264, 268, 265, 264, 264, 267, 266, 266, 268, 264, 265, 271, 267, 269, 265, 268, 269, 271, 265, 267, 271, 266, 270, 268, 266, 266, 271, 270, 270, 269, 268, 271, 269, 270, 273, 275, 272, 276, 273, 272, 272, 275, 274, 274, 276, 272, 273, 279, 275, 277, 273, 276, 277, 279, 273, 275, 279, 274, 278, 276, 274, 274, 279, 278, 278, 277, 276, 279, 277, 278, 281, 283, 280, 284, 281, 280, 280, 283, 282, 282, 284, 280, 281, 287, 283, 285, 281, 284, 285, 287, 281, 283, 287, 282, 286, 284, 282, 282, 287, 286, 286, 285, 284, 287, 285, 286]
        point3f[] points = [(150, 4.275, -161), (150, 4.275, -23), (150, 4.625, -161), (150, 4.625, -23), (274, 4.275, -161), (274, 4.275, -23), (274, 4.625, -161), (274, 4.625, -23), (150, 4.275, 23), (150, 4.275, 161), (150, 4.625, 23), (150, 4.625, 161), (274, 4.275, 23), (274, 4.275, 161), (274, 4.625, 23), (274, 4.625, 161), (294, 4.275, -161), (294, 4.275, -23), (294, 4.625, -161), (294, 4.625, -23), (418, 4.275, -161), (418, 4.275, -23), (418, 4.625, -161), (418, 4.625, -23), (294, 4.275, 23), (294, 4.275, 161), (294, 4.625, 23), (294, 4.625, 161), (418, 4.275, 23), (418, 4.275, 161), (418, 4.625, 23), (418, 4.625, 161), (438, 4.275, -161), (438, 4.275, -23), (438, 4.625, -161), (438, 4.625, -23), (562, 4.275, -161), (562, 4.275, -23), (562, 4.625, -161), (562, 4.625, -23), (438, 4.275, 23), (438, 4.275, 161), (438, 4.625, 23), (438, 4.625, 161), (562, 4.275, 23), (562, 4.275, 161), (562, 4.625, 23), (562, 4.625, 161), (582, 4.275, -161), (582, 4.275, -23), (582, 4.625, -161), (582, 4.625, -23), (706, 4.275, -161), (706, 4.275, -23), (706, 4.625, -161), (706, 4.625, -23), (582, 4.275, 23), (582, 4.275, 161), (582, 4.625, 23), (582, 4.625, 161), (706, 4.275, 23), (706, 4.275, 161), (706, 4.625, 23), (706, 4.625, 161), (726, 4.275, -161), (726, 4.275, -23), (726, 4.625, -161), (726, 4.625, -23), (850, 4.275, -161), (850, 4.275, -23), (850, 4.625, -161), (850, 4.625, -23), (726, 4.275, 23), (726, 4.275, 161), (726, 4.625, 23), (726, 4.625, 161), (850, 4.275, 23), (850, 4.275, 161), (850, 4.625, 23), (850, 4.625, 161), (870, 4.275, -161), (870, 4.275, -23), (870, 4.625, -161), (870, 4.625, -23), (994, 4.275, -161), (994, 4.275, -23), (994, 4.625, -161), (994, 4.625, -23), (870, 4.275, 23), (870, 4.275, 161), (870, 4.625, 23), (870, 4.625, 161), (994, 4.275, 23), (994, 4.275, 161), (994, 4.625, 23), (994, 4.625, 161), (1014, 4.275, -161), (1014, 4.275, -23), (1014, 4.625, -161), (1014, 4.625, -23), (1138, 4.275, -161), (1138, 4.275, -23), (1138, 4.625, -161), (1138, 4.625, -23), (1014, 4.275, 23), (1014, 4.275, 161), (1014, 4.625, 23), (1014, 4.625, 161), (1138, 4.275, 23), (1138, 4.275, 161), (1138, 4.625, 23), (1138, 4.625, 161), (1158, 4.275, -161), (1158, 4.275, -23), (1158, 4.625, -161), (1158, 4.625, -23), (1282, 4.275, -161), (1282, 4.275, -23), (1282, 4.625, -161), (1282, 4.625, -23), (1158, 4.275, 23), (1158, 4.275, 161), (1158, 4.625, 23), (1158, 4.625, 161), (1282, 4.275, 23), (1282, 4.275, 161), (1282, 4.625, 23), (1282, 4.625, 161), (1302, 4.275, -161), (1302, 4.275, -23), (1302, 4.625, -161), (1302, 4.625, -23), (1426, 4.275, -161), (1426, 4.275, -23), (1426, 4.625, -161), (1426, 4.625, -23), (1302, 4.275, 23), (1302, 4.275, 161), (1302, 4.625, 23), (1302, 4.625, 161), (1426, 4.275, 23), (1426, 4.275, 161), (1426, 4.625, 23), (1426, 4.625, 161), (1446, 4.275, -161), (1446, 4.275, -23), (1446, 4.625, -161), (1446, 4.625, -23), (1570, 4.275, -161), (1570, 4.275, -23), (1570, 4.625, -161), (1570, 4.625, -23), (1446, 4.275, 23), (1446, 4.275, 161), (1446, 4.625, 23), (1446, 4.625, 161), (1570, 4.275, 23), (1570, 4.275, 161), (1570, 4.625, 23), (1570, 4.625, 161), (1590, 4.275, -161), (1590, 4.275, -23), (1590, 4.625, -161), (1590, 4.625, -23), (1714, 4.275, -161), (1714, 4.275, -23), (1714, 4.625, -161), (1714, 4.625, -23), (1590, 4.275, 23), (1590, 4.275, 161), (1590, 4.625, 23), (1590, 4.625, 161), (1714, 4.275, 23), (1714, 4.275, 161), (1714, 4.625, 23), (1714, 4.625, 161), (1734, 4.275, -161), (1734, 4.275, -23), (1734, 4.625, -161), (1734, 4.625, -23), (1858, 4.275, -161), (1858, 4.275, -23), (1858, 4.625, -161), (1858, 4.625, -23), (1734, 4.275, 23), (1734, 4.275, 161), (1734, 4.625, 23), (1734, 4.625, 161), (1858, 4.275, 23), (1858, 4.275, 161), (1858, 4.625, 23), (1858, 4.625, 161), (1878, 4.275, -161), (1878, 4.275, -23), (1878, 4.625, -161), (1878, 4.625, -23), (2002, 4.275, -161), (2002, 4.275, -23), (2002, 4.625, -161), (2002, 4.625, -23), (1878, 4.275, 23), (1878, 4.275, 161), (1878, 4.625, 23), (1878, 4.625, 161), (2002, 4.275, 23), (2002, 4.275, 161), (2002, 4.625, 23), (2002, 4.625, 161), (2022, 4.275, -161), (2022, 4.275, -23), (2022, 4.625, -161), (2022, 4.625, -23), (2146, 4.275, -161), (2146, 4.275, -23), (2146, 4.625, -161), (2146, 4.625, -23), (2022, 4.275, 23), (2022, 4.275, 161), (2022, 4.625, 23), (2022, 4.625, 161), (2146, 4.275, 23), (2146, 4.275, 161), (2146, 4.625, 23), (2146, 4.625, 161), (2166, 4.275, -161), (2166, 4.275, -23), (2166, 4.625, -161), (2166, 4.625, -23), (2290, 4.275, -161), (2290, 4.275, -23), (2290, 4.625, -161), (2290, 4.625, -23), (2166, 4.275, 23), (2166, 4.275, 161), (2166, 4.625, 23), (2166, 4.625, 161), (2290, 4.275, 23), (2290, 4.275, 161), (2290, 4.625, 23), (2290, 4.625, 161), (2310, 4.275, -161), (2310, 4.275, -23), (2310, 4.625, -161), (2310, 4.625, -23), (2434, 4.275, -161), (2434, 4.275, -23), (2434, 4.625, -161), (2434, 4.625, -23), (2310, 4.275, 23), (2310, 4.275, 161), (2310, 4.625, 23), (2310, 4.625, 161), (2434, 4.275, 23), (2434, 4.275, 161), (2434, 4.625, 23), (2434, 4.625, 161), (2454, 4.275, -161), (2454, 4.275, -23), (2454, 4.625, -161), (2454, 4.625, -23), (2578, 4.275, -161), (2578, 4.275, -23), (2578, 4.625, -161), (2578, 4.625, -23), (2454, 4.275, 23), (2454, 4.275, 161), (2454, 4.625, 23), (2454, 4.625, 161), (2578, 4.275, 23), (2578, 4.275, 161), (2578, 4.625, 23), (2578, 4.625, 161), (2598, 4.275, -161), (2598, 4.275, -23), (2598, 4.625, -161), (2598, 4.625, -23), (2722, 4.275, -161), (2722, 4.275, -23), (2722, 4.625, -161), (2722, 4.625, -23), (2598, 4.275, 23), (2598, 4.275, 161), (2598, 4.625, 23), (2598, 4.625, 161), (2722, 4.275, 23), (2722, 4.275, 161), (2722, 4.625, 23), (2722, 4.625, 161)]
    }

    def Mesh "RightWingRadiator"
    {
        rel material:binding = </ComputeSatelliteMesh/_Materials/RadiatorWhite>
        uniform token subdivisionScheme = "none"
        int[] faceVertexCounts = [3, 3, 3, 3, 3, 3, 3, 3, 3, 3, 3, 3, 3, 3, 3, 3, 3, 3, 3, 3, 3, 3, 3, 3, 3, 3, 3, 3, 3, 3, 3, 3, 3, 3, 3, 3, 3, 3, 3, 3, 3, 3, 3, 3, 3, 3, 3, 3, 3, 3, 3, 3, 3, 3, 3, 3, 3, 3, 3, 3, 3, 3, 3, 3, 3, 3, 3, 3, 3, 3, 3, 3, 3, 3, 3, 3, 3, 3, 3, 3, 3, 3, 3, 3, 3, 3, 3, 3, 3, 3, 3, 3, 3, 3, 3, 3, 3, 3, 3, 3, 3, 3, 3, 3, 3, 3, 3, 3, 3, 3, 3, 3, 3, 3, 3, 3, 3, 3, 3, 3, 3, 3, 3, 3, 3, 3, 3, 3, 3, 3, 3, 3, 3, 3, 3, 3, 3, 3, 3, 3, 3, 3, 3, 3, 3, 3, 3, 3, 3, 3, 3, 3, 3, 3, 3, 3, 3, 3, 3, 3, 3, 3, 3, 3, 3, 3, 3, 3, 3, 3, 3, 3, 3, 3, 3, 3, 3, 3, 3, 3, 3, 3, 3, 3, 3, 3, 3, 3, 3, 3, 3, 3, 3, 3, 3, 3, 3, 3, 3, 3, 3, 3, 3, 3, 3, 3, 3, 3, 3, 3, 3, 3, 3, 3, 3, 3, 3, 3, 3, 3, 3, 3, 3, 3, 3, 3, 3, 3, 3, 3, 3, 3, 3, 3, 3, 3, 3, 3, 3, 3, 3, 3, 3, 3, 3, 3, 3, 3, 3, 3, 3, 3, 3, 3, 3, 3, 3, 3, 3, 3, 3, 3, 3, 3, 3, 3, 3, 3, 3, 3, 3, 3, 3, 3, 3, 3, 3, 3, 3, 3, 3, 3, 3, 3, 3, 3, 3, 3, 3, 3, 3, 3, 3, 3, 3, 3, 3, 3, 3, 3, 3, 3, 3, 3, 3, 3, 3, 3, 3, 3, 3, 3, 3, 3, 3, 3, 3, 3, 3, 3, 3, 3, 3, 3, 3, 3, 3, 3, 3, 3, 3, 3, 3, 3, 3, 3, 3, 3, 3, 3, 3, 3, 3, 3, 3, 3, 3, 3, 3, 3, 3, 3, 3, 3, 3, 3, 3, 3, 3, 3, 3, 3, 3, 3, 3, 3, 3, 3, 3, 3, 3, 3, 3, 3, 3, 3, 3, 3, 3, 3, 3, 3, 3, 3, 3, 3, 3, 3, 3, 3, 3, 3, 3, 3, 3, 3, 3, 3, 3, 3, 3, 3, 3, 3, 3, 3, 3, 3, 3, 3, 3, 3, 3, 3, 3, 3, 3, 3, 3, 3, 3, 3, 3, 3, 3, 3, 3, 3, 3, 3, 3, 3]
        int[] faceVertexIndices = [1, 3, 0, 4, 1, 0, 0, 3, 2, 2, 4, 0, 1, 7, 3, 5, 1, 4, 5, 7, 1, 3, 7, 2, 6, 4, 2, 2, 7, 6, 6, 5, 4, 7, 5, 6, 9, 11, 8, 12, 9, 8, 8, 11, 10, 10, 12, 8, 9, 15, 11, 13, 9, 12, 13, 15, 9, 11, 15, 10, 14, 12, 10, 10, 15, 14, 14, 13, 12, 15, 13, 14, 17, 19, 16, 20, 17, 16, 16, 19, 18, 18, 20, 16, 17, 23, 19, 21, 17, 20, 21, 23, 17, 19, 23, 18, 22, 20, 18, 18, 23, 22, 22, 21, 20, 23, 21, 22, 25, 27, 24, 28, 25, 24, 24, 27, 26, 26, 28, 24, 25, 31, 27, 29, 25, 28, 29, 31, 25, 27, 31, 26, 30, 28, 26, 26, 31, 30, 30, 29, 28, 31, 29, 30, 33, 35, 32, 36, 33, 32, 32, 35, 34, 34, 36, 32, 33, 39, 35, 37, 33, 36, 37, 39, 33, 35, 39, 34, 38, 36, 34, 34, 39, 38, 38, 37, 36, 39, 37, 38, 41, 43, 40, 44, 41, 40, 40, 43, 42, 42, 44, 40, 41, 47, 43, 45, 41, 44, 45, 47, 41, 43, 47, 42, 46, 44, 42, 42, 47, 46, 46, 45, 44, 47, 45, 46, 49, 51, 48, 52, 49, 48, 48, 51, 50, 50, 52, 48, 49, 55, 51, 53, 49, 52, 53, 55, 49, 51, 55, 50, 54, 52, 50, 50, 55, 54, 54, 53, 52, 55, 53, 54, 57, 59, 56, 60, 57, 56, 56, 59, 58, 58, 60, 56, 57, 63, 59, 61, 57, 60, 61, 63, 57, 59, 63, 58, 62, 60, 58, 58, 63, 62, 62, 61, 60, 63, 61, 62, 65, 67, 64, 68, 65, 64, 64, 67, 66, 66, 68, 64, 65, 71, 67, 69, 65, 68, 69, 71, 65, 67, 71, 66, 70, 68, 66, 66, 71, 70, 70, 69, 68, 71, 69, 70, 73, 75, 72, 76, 73, 72, 72, 75, 74, 74, 76, 72, 73, 79, 75, 77, 73, 76, 77, 79, 73, 75, 79, 74, 78, 76, 74, 74, 79, 78, 78, 77, 76, 79, 77, 78, 81, 83, 80, 84, 81, 80, 80, 83, 82, 82, 84, 80, 81, 87, 83, 85, 81, 84, 85, 87, 81, 83, 87, 82, 86, 84, 82, 82, 87, 86, 86, 85, 84, 87, 85, 86, 89, 91, 88, 92, 89, 88, 88, 91, 90, 90, 92, 88, 89, 95, 91, 93, 89, 92, 93, 95, 89, 91, 95, 90, 94, 92, 90, 90, 95, 94, 94, 93, 92, 95, 93, 94, 97, 99, 96, 100, 97, 96, 96, 99, 98, 98, 100, 96, 97, 103, 99, 101, 97, 100, 101, 103, 97, 99, 103, 98, 102, 100, 98, 98, 103, 102, 102, 101, 100, 103, 101, 102, 105, 107, 104, 108, 105, 104, 104, 107, 106, 106, 108, 104, 105, 111, 107, 109, 105, 108, 109, 111, 105, 107, 111, 106, 110, 108, 106, 106, 111, 110, 110, 109, 108, 111, 109, 110, 113, 115, 112, 116, 113, 112, 112, 115, 114, 114, 116, 112, 113, 119, 115, 117, 113, 116, 117, 119, 113, 115, 119, 114, 118, 116, 114, 114, 119, 118, 118, 117, 116, 119, 117, 118, 121, 123, 120, 124, 121, 120, 120, 123, 122, 122, 124, 120, 121, 127, 123, 125, 121, 124, 125, 127, 121, 123, 127, 122, 126, 124, 122, 122, 127, 126, 126, 125, 124, 127, 125, 126, 129, 131, 128, 132, 129, 128, 128, 131, 130, 130, 132, 128, 129, 135, 131, 133, 129, 132, 133, 135, 129, 131, 135, 130, 134, 132, 130, 130, 135, 134, 134, 133, 132, 135, 133, 134, 137, 139, 136, 140, 137, 136, 136, 139, 138, 138, 140, 136, 137, 143, 139, 141, 137, 140, 141, 143, 137, 139, 143, 138, 142, 140, 138, 138, 143, 142, 142, 141, 140, 143, 141, 142, 145, 147, 144, 148, 145, 144, 144, 147, 146, 146, 148, 144, 145, 151, 147, 149, 145, 148, 149, 151, 145, 147, 151, 146, 150, 148, 146, 146, 151, 150, 150, 149, 148, 151, 149, 150, 153, 155, 152, 156, 153, 152, 152, 155, 154, 154, 156, 152, 153, 159, 155, 157, 153, 156, 157, 159, 153, 155, 159, 154, 158, 156, 154, 154, 159, 158, 158, 157, 156, 159, 157, 158, 161, 163, 160, 164, 161, 160, 160, 163, 162, 162, 164, 160, 161, 167, 163, 165, 161, 164, 165, 167, 161, 163, 167, 162, 166, 164, 162, 162, 167, 166, 166, 165, 164, 167, 165, 166, 169, 171, 168, 172, 169, 168, 168, 171, 170, 170, 172, 168, 169, 175, 171, 173, 169, 172, 173, 175, 169, 171, 175, 170, 174, 172, 170, 170, 175, 174, 174, 173, 172, 175, 173, 174, 177, 179, 176, 180, 177, 176, 176, 179, 178, 178, 180, 176, 177, 183, 179, 181, 177, 180, 181, 183, 177, 179, 183, 178, 182, 180, 178, 178, 183, 182, 182, 181, 180, 183, 181, 182, 185, 187, 184, 188, 185, 184, 184, 187, 186, 186, 188, 184, 185, 191, 187, 189, 185, 188, 189, 191, 185, 187, 191, 186, 190, 188, 186, 186, 191, 190, 190, 189, 188, 191, 189, 190, 193, 195, 192, 196, 193, 192, 192, 195, 194, 194, 196, 192, 193, 199, 195, 197, 193, 196, 197, 199, 193, 195, 199, 194, 198, 196, 194, 194, 199, 198, 198, 197, 196, 199, 197, 198, 201, 203, 200, 204, 201, 200, 200, 203, 202, 202, 204, 200, 201, 207, 203, 205, 201, 204, 205, 207, 201, 203, 207, 202, 206, 204, 202, 202, 207, 206, 206, 205, 204, 207, 205, 206, 209, 211, 208, 212, 209, 208, 208, 211, 210, 210, 212, 208, 209, 215, 211, 213, 209, 212, 213, 215, 209, 211, 215, 210, 214, 212, 210, 210, 215, 214, 214, 213, 212, 215, 213, 214, 217, 219, 216, 220, 217, 216, 216, 219, 218, 218, 220, 216, 217, 223, 219, 221, 217, 220, 221, 223, 217, 219, 223, 218, 222, 220, 218, 218, 223, 222, 222, 221, 220, 223, 221, 222, 225, 227, 224, 228, 225, 224, 224, 227, 226, 226, 228, 224, 225, 231, 227, 229, 225, 228, 229, 231, 225, 227, 231, 226, 230, 228, 226, 226, 231, 230, 230, 229, 228, 231, 229, 230, 233, 235, 232, 236, 233, 232, 232, 235, 234, 234, 236, 232, 233, 239, 235, 237, 233, 236, 237, 239, 233, 235, 239, 234, 238, 236, 234, 234, 239, 238, 238, 237, 236, 239, 237, 238, 241, 243, 240, 244, 241, 240, 240, 243, 242, 242, 244, 240, 241, 247, 243, 245, 241, 244, 245, 247, 241, 243, 247, 242, 246, 244, 242, 242, 247, 246, 246, 245, 244, 247, 245, 246, 249, 251, 248, 252, 249, 248, 248, 251, 250, 250, 252, 248, 249, 255, 251, 253, 249, 252, 253, 255, 249, 251, 255, 250, 254, 252, 250, 250, 255, 254, 254, 253, 252, 255, 253, 254, 257, 259, 256, 260, 257, 256, 256, 259, 258, 258, 260, 256, 257, 263, 259, 261, 257, 260, 261, 263, 257, 259, 263, 258, 262, 260, 258, 258, 263, 262, 262, 261, 260, 263, 261, 262, 265, 267, 264, 268, 265, 264, 264, 267, 266, 266, 268, 264, 265, 271, 267, 269, 265, 268, 269, 271, 265, 267, 271, 266, 270, 268, 266, 266, 271, 270, 270, 269, 268, 271, 269, 270, 273, 275, 272, 276, 273, 272, 272, 275, 274, 274, 276, 272, 273, 279, 275, 277, 273, 276, 277, 279, 273, 275, 279, 274, 278, 276, 274, 274, 279, 278, 278, 277, 276, 279, 277, 278, 281, 283, 280, 284, 281, 280, 280, 283, 282, 282, 284, 280, 281, 287, 283, 285, 281, 284, 285, 287, 281, 283, 287, 282, 286, 284, 282, 282, 287, 286, 286, 285, 284, 287, 285, 286]
        point3f[] points = [(145, -3.975, -164), (145, -3.975, -20), (145, -3.125, -164), (145, -3.125, -20), (279, -3.975, -164), (279, -3.975, -20), (279, -3.125, -164), (279, -3.125, -20), (145, -3.975, 20), (145, -3.975, 164), (145, -3.125, 20), (145, -3.125, 164), (279, -3.975, 20), (279, -3.975, 164), (279, -3.125, 20), (279, -3.125, 164), (289, -3.975, -164), (289, -3.975, -20), (289, -3.125, -164), (289, -3.125, -20), (423, -3.975, -164), (423, -3.975, -20), (423, -3.125, -164), (423, -3.125, -20), (289, -3.975, 20), (289, -3.975, 164), (289, -3.125, 20), (289, -3.125, 164), (423, -3.975, 20), (423, -3.975, 164), (423, -3.125, 20), (423, -3.125, 164), (433, -3.975, -164), (433, -3.975, -20), (433, -3.125, -164), (433, -3.125, -20), (567, -3.975, -164), (567, -3.975, -20), (567, -3.125, -164), (567, -3.125, -20), (433, -3.975, 20), (433, -3.975, 164), (433, -3.125, 20), (433, -3.125, 164), (567, -3.975, 20), (567, -3.975, 164), (567, -3.125, 20), (567, -3.125, 164), (577, -3.975, -164), (577, -3.975, -20), (577, -3.125, -164), (577, -3.125, -20), (711, -3.975, -164), (711, -3.975, -20), (711, -3.125, -164), (711, -3.125, -20), (577, -3.975, 20), (577, -3.975, 164), (577, -3.125, 20), (577, -3.125, 164), (711, -3.975, 20), (711, -3.975, 164), (711, -3.125, 20), (711, -3.125, 164), (721, -3.975, -164), (721, -3.975, -20), (721, -3.125, -164), (721, -3.125, -20), (855, -3.975, -164), (855, -3.975, -20), (855, -3.125, -164), (855, -3.125, -20), (721, -3.975, 20), (721, -3.975, 164), (721, -3.125, 20), (721, -3.125, 164), (855, -3.975, 20), (855, -3.975, 164), (855, -3.125, 20), (855, -3.125, 164), (865, -3.975, -164), (865, -3.975, -20), (865, -3.125, -164), (865, -3.125, -20), (999, -3.975, -164), (999, -3.975, -20), (999, -3.125, -164), (999, -3.125, -20), (865, -3.975, 20), (865, -3.975, 164), (865, -3.125, 20), (865, -3.125, 164), (999, -3.975, 20), (999, -3.975, 164), (999, -3.125, 20), (999, -3.125, 164), (1009, -3.975, -164), (1009, -3.975, -20), (1009, -3.125, -164), (1009, -3.125, -20), (1143, -3.975, -164), (1143, -3.975, -20), (1143, -3.125, -164), (1143, -3.125, -20), (1009, -3.975, 20), (1009, -3.975, 164), (1009, -3.125, 20), (1009, -3.125, 164), (1143, -3.975, 20), (1143, -3.975, 164), (1143, -3.125, 20), (1143, -3.125, 164), (1153, -3.975, -164), (1153, -3.975, -20), (1153, -3.125, -164), (1153, -3.125, -20), (1287, -3.975, -164), (1287, -3.975, -20), (1287, -3.125, -164), (1287, -3.125, -20), (1153, -3.975, 20), (1153, -3.975, 164), (1153, -3.125, 20), (1153, -3.125, 164), (1287, -3.975, 20), (1287, -3.975, 164), (1287, -3.125, 20), (1287, -3.125, 164), (1297, -3.975, -164), (1297, -3.975, -20), (1297, -3.125, -164), (1297, -3.125, -20), (1431, -3.975, -164), (1431, -3.975, -20), (1431, -3.125, -164), (1431, -3.125, -20), (1297, -3.975, 20), (1297, -3.975, 164), (1297, -3.125, 20), (1297, -3.125, 164), (1431, -3.975, 20), (1431, -3.975, 164), (1431, -3.125, 20), (1431, -3.125, 164), (1441, -3.975, -164), (1441, -3.975, -20), (1441, -3.125, -164), (1441, -3.125, -20), (1575, -3.975, -164), (1575, -3.975, -20), (1575, -3.125, -164), (1575, -3.125, -20), (1441, -3.975, 20), (1441, -3.975, 164), (1441, -3.125, 20), (1441, -3.125, 164), (1575, -3.975, 20), (1575, -3.975, 164), (1575, -3.125, 20), (1575, -3.125, 164), (1585, -3.975, -164), (1585, -3.975, -20), (1585, -3.125, -164), (1585, -3.125, -20), (1719, -3.975, -164), (1719, -3.975, -20), (1719, -3.125, -164), (1719, -3.125, -20), (1585, -3.975, 20), (1585, -3.975, 164), (1585, -3.125, 20), (1585, -3.125, 164), (1719, -3.975, 20), (1719, -3.975, 164), (1719, -3.125, 20), (1719, -3.125, 164), (1729, -3.975, -164), (1729, -3.975, -20), (1729, -3.125, -164), (1729, -3.125, -20), (1863, -3.975, -164), (1863, -3.975, -20), (1863, -3.125, -164), (1863, -3.125, -20), (1729, -3.975, 20), (1729, -3.975, 164), (1729, -3.125, 20), (1729, -3.125, 164), (1863, -3.975, 20), (1863, -3.975, 164), (1863, -3.125, 20), (1863, -3.125, 164), (1873, -3.975, -164), (1873, -3.975, -20), (1873, -3.125, -164), (1873, -3.125, -20), (2007, -3.975, -164), (2007, -3.975, -20), (2007, -3.125, -164), (2007, -3.125, -20), (1873, -3.975, 20), (1873, -3.975, 164), (1873, -3.125, 20), (1873, -3.125, 164), (2007, -3.975, 20), (2007, -3.975, 164), (2007, -3.125, 20), (2007, -3.125, 164), (2017, -3.975, -164), (2017, -3.975, -20), (2017, -3.125, -164), (2017, -3.125, -20), (2151, -3.975, -164), (2151, -3.975, -20), (2151, -3.125, -164), (2151, -3.125, -20), (2017, -3.975, 20), (2017, -3.975, 164), (2017, -3.125, 20), (2017, -3.125, 164), (2151, -3.975, 20), (2151, -3.975, 164), (2151, -3.125, 20), (2151, -3.125, 164), (2161, -3.975, -164), (2161, -3.975, -20), (2161, -3.125, -164), (2161, -3.125, -20), (2295, -3.975, -164), (2295, -3.975, -20), (2295, -3.125, -164), (2295, -3.125, -20), (2161, -3.975, 20), (2161, -3.975, 164), (2161, -3.125, 20), (2161, -3.125, 164), (2295, -3.975, 20), (2295, -3.975, 164), (2295, -3.125, 20), (2295, -3.125, 164), (2305, -3.975, -164), (2305, -3.975, -20), (2305, -3.125, -164), (2305, -3.125, -20), (2439, -3.975, -164), (2439, -3.975, -20), (2439, -3.125, -164), (2439, -3.125, -20), (2305, -3.975, 20), (2305, -3.975, 164), (2305, -3.125, 20), (2305, -3.125, 164), (2439, -3.975, 20), (2439, -3.975, 164), (2439, -3.125, 20), (2439, -3.125, 164), (2449, -3.975, -164), (2449, -3.975, -20), (2449, -3.125, -164), (2449, -3.125, -20), (2583, -3.975, -164), (2583, -3.975, -20), (2583, -3.125, -164), (2583, -3.125, -20), (2449, -3.975, 20), (2449, -3.975, 164), (2449, -3.125, 20), (2449, -3.125, 164), (2583, -3.975, 20), (2583, -3.975, 164), (2583, -3.125, 20), (2583, -3.125, 164), (2593, -3.975, -164), (2593, -3.975, -20), (2593, -3.125, -164), (2593, -3.125, -20), (2727, -3.975, -164), (2727, -3.975, -20), (2727, -3.125, -164), (2727, -3.125, -20), (2593, -3.975, 20), (2593, -3.975, 164), (2593, -3.125, 20), (2593, -3.125, 164), (2727, -3.975, 20), (2727, -3.975, 164), (2727, -3.125, 20), (2727, -3.125, 164)]
    }

    def Mesh "TopDetailDark"
    {
        rel material:binding = </ComputeSatelliteMesh/_Materials/ShellDark>
        uniform token subdivisionScheme = "none"
        int[] faceVertexCounts = [3, 3, 3, 3, 3, 3, 3, 3, 3, 3, 3, 3, 3, 3, 3, 3, 3, 3, 3, 3, 3, 3, 3, 3, 3, 3, 3, 3, 3, 3, 3, 3, 3, 3, 3, 3, 3, 3, 3, 3, 3, 3, 3, 3, 3, 3, 3, 3]
        int[] faceVertexIndices = [1, 3, 0, 4, 1, 0, 0, 3, 2, 2, 4, 0, 1, 7, 3, 5, 1, 4, 5, 7, 1, 3, 7, 2, 6, 4, 2, 2, 7, 6, 6, 5, 4, 7, 5, 6, 9, 11, 8, 12, 9, 8, 8, 11, 10, 10, 12, 8, 9, 15, 11, 13, 9, 12, 13, 15, 9, 11, 15, 10, 14, 12, 10, 10, 15, 14, 14, 13, 12, 15, 13, 14, 17, 19, 16, 20, 17, 16, 16, 19, 18, 18, 20, 16, 17, 23, 19, 21, 17, 20, 21, 23, 17, 19, 23, 18, 22, 20, 18, 18, 23, 22, 22, 21, 20, 23, 21, 22, 25, 27, 24, 28, 25, 24, 24, 27, 26, 26, 28, 24, 25, 31, 27, 29, 25, 28, 29, 31, 25, 27, 31, 26, 30, 28, 26, 26, 31, 30, 30, 29, 28, 31, 29, 30]
        point3f[] points = [(-43, 52, -30), (-43, 52, -6), (-43, 58, -30), (-43, 58, -6), (-13, 52, -30), (-13, 52, -6), (-13, 58, -30), (-13, 58, -6), (17, 52, 7), (17, 52, 25), (17, 58, 7), (17, 58, 25), (35, 52, 7), (35, 52, 25), (35, 58, 7), (35, 58, 25), (42, 51, -36), (42, 51, -24), (42, 63, -36), (42, 63, -24), (54, 51, -36), (54, 51, -24), (54, 63, -36), (54, 63, -24), (-56, 51, 26), (-56, 51, 38), (-56, 63, 26), (-56, 63, 38), (-44, 51, 26), (-44, 51, 38), (-44, 63, 26), (-44, 63, 38)]
    }

    def Mesh "TopDetailMetal"
    {
        rel material:binding = </ComputeSatelliteMesh/_Materials/FrameMetal>
        uniform token subdivisionScheme = "none"
        int[] faceVertexCounts = [3, 3, 3, 3, 3, 3, 3, 3, 3, 3, 3, 3, 3, 3, 3, 3, 3, 3, 3, 3, 3, 3, 3, 3]
        int[] faceVertexIndices = [1, 3, 0, 4, 1, 0, 0, 3, 2, 2, 4, 0, 1, 7, 3, 5, 1, 4, 5, 7, 1, 3, 7, 2, 6, 4, 2, 2, 7, 6, 6, 5, 4, 7, 5, 6, 9, 11, 8, 12, 9, 8, 8, 11, 10, 10, 12, 8, 9, 15, 11, 13, 9, 12, 13, 15, 9, 11, 15, 10, 14, 12, 10, 10, 15, 14, 14, 13, 12, 15, 13, 14]
        point3f[] points = [(-40, 52.1, -40), (-40, 52.1, 40), (-40, 53.9, -40), (-40, 53.9, 40), (40, 52.1, -40), (40, 52.1, 40), (40, 53.9, -40), (40, 53.9, 40), (-16, 53.1, 31), (-16, 53.1, 49), (-16, 54.9, 31), (-16, 54.9, 49), (16, 53.1, 31), (16, 53.1, 49), (16, 54.9, 31), (16, 54.9, 49)]
    }

    def Mesh "TopDetailGlass"
    {
        rel material:binding = </ComputeSatelliteMesh/_Materials/ServerGlass>
        uniform token subdivisionScheme = "none"
        int[] faceVertexCounts = [3, 3, 3, 3, 3, 3, 3, 3, 3, 3, 3, 3, 3, 3, 3, 3, 3, 3, 3, 3, 3, 3, 3, 3, 3, 3, 3, 3, 3, 3, 3, 3, 3, 3, 3, 3, 3, 3, 3, 3, 3, 3, 3, 3, 3, 3, 3, 3, 3, 3, 3, 3, 3, 3, 3, 3, 3, 3, 3, 3, 3, 3, 3, 3, 3, 3, 3, 3, 3, 3, 3, 3, 3, 3, 3, 3, 3, 3, 3, 3, 3, 3, 3, 3, 3, 3, 3, 3, 3, 3, 3, 3, 3, 3, 3, 3, 3, 3, 3, 3, 3, 3, 3, 3, 3, 3, 3, 3, 3, 3, 3, 3, 3, 3, 3, 3, 3, 3, 3, 3, 3, 3, 3, 3, 3, 3, 3, 3, 3, 3, 3, 3, 3, 3, 3, 3, 3, 3, 3, 3, 3, 3, 3, 3, 3, 3, 3, 3, 3, 3, 3, 3, 3, 3, 3, 3, 3, 3, 3, 3, 3, 3, 3, 3, 3, 3, 3, 3, 3, 3, 3, 3, 3, 3, 3, 3, 3, 3, 3, 3, 3, 3, 3, 3, 3, 3, 3, 3, 3, 3, 3, 3, 3, 3, 3, 3, 3, 3, 3, 3, 3, 3, 3, 3, 3, 3, 3, 3, 3, 3, 3, 3, 3, 3, 3, 3, 3, 3, 3, 3, 3, 3, 3, 3, 3, 3, 3, 3, 3, 3, 3, 3, 3, 3, 3, 3, 3, 3, 3, 3, 3, 3, 3, 3, 3, 3, 3, 3, 3, 3, 3, 3, 3, 3, 3, 3, 3, 3, 3, 3, 3, 3, 3, 3, 3, 3, 3, 3, 3, 3, 3, 3, 3, 3, 3, 3, 3, 3, 3, 3, 3, 3, 3, 3, 3, 3, 3, 3, 3, 3, 3, 3, 3, 3, 3, 3, 3, 3, 3, 3, 3, 3, 3, 3, 3, 3, 3, 3, 3, 3, 3, 3, 3, 3, 3, 3, 3, 3, 3, 3, 3, 3, 3, 3, 3, 3, 3, 3, 3, 3, 3, 3, 3, 3, 3, 3, 3, 3, 3, 3, 3, 3, 3, 3, 3, 3, 3, 3, 3, 3, 3, 3, 3, 3, 3, 3, 3, 3, 3, 3, 3, 3, 3, 3, 3, 3, 3, 3, 3, 3, 3, 3, 3, 3, 3, 3, 3, 3, 3, 3, 3, 3, 3, 3, 3, 3, 3, 3, 3, 3, 3, 3, 3, 3, 3, 3, 3, 3, 3, 3, 3, 3, 3, 3, 3, 3, 3, 3, 3, 3, 3, 3, 3, 3, 3, 3, 3, 3, 3, 3, 3, 3, 3, 3, 3, 3, 3, 3, 3, 3, 3, 3, 3, 3, 3, 3, 3, 3, 3, 3, 3, 3, 3, 3, 3, 3, 3, 3, 3, 3, 3, 3, 3, 3, 3, 3, 3, 3, 3, 3, 3, 3, 3, 3, 3, 3, 3, 3, 3, 3, 3, 3, 3, 3, 3, 3, 3, 3, 3, 3, 3, 3, 3, 3, 3, 3, 3, 3, 3, 3, 3, 3, 3, 3, 3, 3, 3, 3, 3, 3, 3, 3, 3, 3, 3, 3, 3, 3, 3, 3, 3, 3, 3, 3, 3, 3, 3, 3, 3, 3, 3, 3, 3, 3, 3, 3, 3, 3, 3, 3, 3, 3, 3, 3, 3, 3, 3, 3, 3, 3, 3, 3, 3, 3, 3, 3, 3, 3, 3, 3, 3, 3, 3, 3, 3, 3, 3, 3, 3, 3, 3, 3, 3, 3, 3, 3, 3, 3, 3, 3, 3, 3, 3, 3, 3, 3, 3, 3, 3, 3, 3, 3, 3, 3, 3, 3, 3, 3, 3, 3, 3, 3, 3, 3, 3, 3, 3, 3, 3, 3, 3, 3, 3, 3, 3, 3, 3, 3, 3, 3, 3, 3, 3, 3, 3, 3, 3, 3, 3, 3, 3, 3, 3, 3, 3, 3, 3, 3, 3, 3, 3, 3, 3, 3, 3, 3, 3, 3, 3, 3]
        int[] faceVertexIndices = [0, 137, 53, 137, 37, 139, 53, 139, 16, 137, 139, 53, 37, 138, 154, 138, 11, 151, 154, 151, 40, 138, 151, 154, 16, 152, 54, 152, 40, 150, 54, 150, 5, 152, 150, 54, 37, 154, 139, 154, 40, 152, 139, 152, 16, 154, 152, 139, 0, 53, 42, 53, 16, 55, 42, 55, 12, 53, 55, 42, 16, 54, 59, 54, 5, 57, 59, 57, 17, 54, 57, 59, 12, 58, 43, 58, 17, 56, 43, 56, 1, 58, 56, 43, 16, 59, 55, 59, 17, 58, 55, 58, 12, 59, 58, 55, 0, 42, 69, 42, 12, 71, 69, 71, 21, 42, 71, 69, 12, 43, 74, 43, 1, 72, 74, 72, 22, 43, 72, 74, 21, 75, 70, 75, 22, 73, 70, 73, 7, 75, 73, 70, 12, 74, 71, 74, 22, 75, 71, 75, 21, 74, 75, 71, 0, 69, 120, 69, 21, 122, 120, 122, 33, 69, 122, 120, 21, 70, 133, 70, 7, 131, 133, 131, 36, 70, 131, 133, 33, 135, 121, 135, 36, 132, 121, 132, 10, 135, 132, 121, 21, 133, 122, 133, 36, 135, 122, 135, 33, 133, 135, 122, 0, 120, 137, 120, 33, 140, 137, 140, 37, 120, 140, 137, 33, 121, 158, 121, 10, 156, 158, 156, 41, 121, 156, 158, 37, 160, 138, 160, 41, 157, 138, 157, 11, 160, 157, 138, 33, 158, 140, 158, 41, 160, 140, 160, 37, 158, 160, 140, 1, 56, 95, 56, 17, 97, 95, 97, 28, 56, 97, 95, 17, 57, 110, 57, 5, 108, 110, 108, 31, 57, 108, 110, 28, 112, 96, 112, 31, 109, 96, 109, 9, 112, 109, 96, 17, 110, 97, 110, 31, 112, 97, 112, 28, 110, 112, 97, 5, 150, 61, 150, 40, 153, 61, 153, 18, 150, 153, 61, 40, 151, 155, 151, 11, 146, 155, 146, 39, 151, 146, 155, 18, 148, 60, 148, 39, 145, 60, 145, 4, 148, 145, 60, 40, 155, 153, 155, 39, 148, 153, 148, 18, 155, 148, 153, 11, 157, 142, 157, 41, 161, 142, 161, 38, 157, 161, 142, 41, 156, 159, 156, 10, 124, 159, 124, 34, 156, 124, 159, 38, 144, 141, 144, 34, 123, 141, 123, 2, 144, 123, 141, 41, 159, 161, 159, 34, 144, 161, 144, 38, 159, 144, 161, 10, 132, 127, 132, 36, 136, 127, 136, 35, 132, 136, 127, 36, 131, 134, 131, 7, 77, 134, 77, 23, 131, 77, 134, 35, 129, 126, 129, 23, 76, 126, 76, 6, 129, 76, 126, 36, 134, 136, 134, 23, 129, 136, 129, 35, 134, 129, 136, 7, 73, 89, 73, 22, 91, 89, 91, 27, 73, 91, 89, 22, 72, 80, 72, 1, 78, 80, 78, 24, 72, 78, 80, 27, 93, 90, 93, 24, 79, 90, 79, 8, 93, 79, 90, 22, 80, 91, 80, 24, 93, 91, 93, 27, 80, 93, 91, 3, 99, 49, 99, 29, 101, 49, 101, 15, 99, 101, 49, 29, 100, 107, 100, 9, 104, 107, 104, 30, 100, 104, 107, 15, 105, 50, 105, 30, 103, 50, 103, 4, 105, 103, 50, 29, 107, 101, 107, 30, 105, 101, 105, 15, 107, 105, 101, 3, 49, 45, 49, 15, 51, 45, 51, 13, 49, 51, 45, 15, 50, 52, 50, 4, 47, 52, 47, 14, 50, 47, 52, 13, 48, 44, 48, 14, 46, 44, 46, 2, 48, 46, 44, 15, 52, 51, 52, 14, 48, 51, 48, 13, 52, 48, 51, 3, 45, 65, 45, 13, 67, 65, 67, 20, 45, 67, 65, 13, 44, 64, 44, 2, 62, 64, 62, 19, 44, 62, 64, 20, 68, 66, 68, 19, 63, 66, 63, 6, 68, 63, 66, 13, 64, 67, 64, 19, 68, 67, 68, 20, 64, 68, 67, 3, 65, 81, 65, 20, 83, 81, 83, 25, 65, 83, 81, 20, 66, 86, 66, 6, 84, 86, 84, 26, 66, 84, 86, 25, 88, 82, 88, 26, 85, 82, 85, 8, 88, 85, 82, 20, 86, 83, 86, 26, 88, 83, 88, 25, 86, 88, 83, 3, 81, 99, 81, 25, 102, 99, 102, 29, 81, 102, 99, 25, 82, 117, 82, 8, 114, 117, 114, 32, 82, 114, 117, 29, 119, 100, 119, 32, 115, 100, 115, 9, 119, 115, 100, 25, 117, 102, 117, 32, 119, 102, 119, 29, 117, 119, 102, 4, 103, 60, 103, 30, 106, 60, 106, 18, 103, 106, 60, 30, 104, 113, 104, 9, 109, 113, 109, 31, 104, 109, 113, 18, 111, 61, 111, 31, 108, 61, 108, 5, 111, 108, 61, 30, 113, 106, 113, 31, 111, 106, 111, 18, 113, 111, 106, 2, 46, 141, 46, 14, 143, 141, 143, 38, 46, 143, 141, 14, 47, 147, 47, 4, 145, 147, 145, 39, 47, 145, 147, 38, 149, 142, 149, 39, 146, 142, 146, 11, 149, 146, 142, 14, 147, 143, 147, 39, 149, 143, 149, 38, 147, 149, 143, 6, 63, 126, 63, 19, 128, 126, 128, 35, 63, 128, 126, 19, 62, 125, 62, 2, 123, 125, 123, 34, 62, 123, 125, 35, 130, 127, 130, 34, 124, 127, 124, 10, 130, 124, 127, 19, 125, 128, 125, 34, 130, 128, 130, 35, 125, 130, 128, 8, 85, 90, 85, 26, 94, 90, 94, 27, 85, 94, 90, 26, 84, 87, 84, 6, 76, 87, 76, 23, 84, 76, 87, 27, 92, 89, 92, 23, 77, 89, 77, 7, 92, 77, 89, 26, 87, 94, 87, 23, 92, 94, 92, 27, 87, 92, 94, 9, 115, 96, 115, 32, 118, 96, 118, 28, 115, 118, 96, 32, 114, 116, 114, 8, 79, 116, 79, 24, 114, 79, 116, 28, 98, 95, 98, 24, 78, 95, 78, 1, 98, 78, 95, 32, 116, 118, 116, 24, 98, 118, 98, 28, 116, 98, 118, 162, 299, 215, 299, 199, 301, 215, 301, 178, 299, 301, 215, 199, 300, 316, 300, 173, 313, 316, 313, 202, 300, 313, 316, 178, 314, 216, 314, 202, 312, 216, 312, 167, 314, 312, 216, 199, 316, 301, 316, 202, 314, 301, 314, 178, 316, 314, 301, 162, 215, 204, 215, 178, 217, 204, 217, 174, 215, 217, 204, 178, 216, 221, 216, 167, 219, 221, 219, 179, 216, 219, 221, 174, 220, 205, 220, 179, 218, 205, 218, 163, 220, 218, 205, 178, 221, 217, 221, 179, 220, 217, 220, 174, 221, 220, 217, 162, 204, 231, 204, 174, 233, 231, 233, 183, 204, 233, 231, 174, 205, 236, 205, 163, 234, 236, 234, 184, 205, 234, 236, 183, 237, 232, 237, 184, 235, 232, 235, 169, 237, 235, 232, 174, 236, 233, 236, 184, 237, 233, 237, 183, 236, 237, 233, 162, 231, 282, 231, 183, 284, 282, 284, 195, 231, 284, 282, 183, 232, 295, 232, 169, 293, 295, 293, 198, 232, 293, 295, 195, 297, 283, 297, 198, 294, 283, 294, 172, 297, 294, 283, 183, 295, 284, 295, 198, 297, 284, 297, 195, 295, 297, 284, 162, 282, 299, 282, 195, 302, 299, 302, 199, 282, 302, 299, 195, 283, 320, 283, 172, 318, 320, 318, 203, 283, 318, 320, 199, 322, 300, 322, 203, 319, 300, 319, 173, 322, 319, 300, 195, 320, 302, 320, 203, 322, 302, 322, 199, 320, 322, 302, 163, 218, 257, 218, 179, 259, 257, 259, 190, 218, 259, 257, 179, 219, 272, 219, 167, 270, 272, 270, 193, 219, 270, 272, 190, 274, 258, 274, 193, 271, 258, 271, 171, 274, 271, 258, 179, 272, 259, 272, 193, 274, 259, 274, 190, 272, 274, 259, 167, 312, 223, 312, 202, 315, 223, 315, 180, 312, 315, 223, 202, 313, 317, 313, 173, 308, 317, 308, 201, 313, 308, 317, 180, 310, 222, 310, 201, 307, 222, 307, 166, 310, 307, 222, 202, 317, 315, 317, 201, 310, 315, 310, 180, 317, 310, 315, 173, 319, 304, 319, 203, 323, 304, 323, 200, 319, 323, 304, 203, 318, 321, 318, 172, 286, 321, 286, 196, 318, 286, 321, 200, 306, 303, 306, 196, 285, 303, 285, 164, 306, 285, 303, 203, 321, 323, 321, 196, 306, 323, 306, 200, 321, 306, 323, 172, 294, 289, 294, 198, 298, 289, 298, 197, 294, 298, 289, 198, 293, 296, 293, 169, 239, 296, 239, 185, 293, 239, 296, 197, 291, 288, 291, 185, 238, 288, 238, 168, 291, 238, 288, 198, 296, 298, 296, 185, 291, 298, 291, 197, 296, 291, 298, 169, 235, 251, 235, 184, 253, 251, 253, 189, 235, 253, 251, 184, 234, 242, 234, 163, 240, 242, 240, 186, 234, 240, 242, 189, 255, 252, 255, 186, 241, 252, 241, 170, 255, 241, 252, 184, 242, 253, 242, 186, 255, 253, 255, 189, 242, 255, 253, 165, 261, 211, 261, 191, 263, 211, 263, 177, 261, 263, 211, 191, 262, 269, 262, 171, 266, 269, 266, 192, 262, 266, 269, 177, 267, 212, 267, 192, 265, 212, 265, 166, 267, 265, 212, 191, 269, 263, 269, 192, 267, 263, 267, 177, 269, 267, 263, 165, 211, 207, 211, 177, 213, 207, 213, 175, 211, 213, 207, 177, 212, 214, 212, 166, 209, 214, 209, 176, 212, 209, 214, 175, 210, 206, 210, 176, 208, 206, 208, 164, 210, 208, 206, 177, 214, 213, 214, 176, 210, 213, 210, 175, 214, 210, 213, 165, 207, 227, 207, 175, 229, 227, 229, 182, 207, 229, 227, 175, 206, 226, 206, 164, 224, 226, 224, 181, 206, 224, 226, 182, 230, 228, 230, 181, 225, 228, 225, 168, 230, 225, 228, 175, 226, 229, 226, 181, 230, 229, 230, 182, 226, 230, 229, 165, 227, 243, 227, 182, 245, 243, 245, 187, 227, 245, 243, 182, 228, 248, 228, 168, 246, 248, 246, 188, 228, 246, 248, 187, 250, 244, 250, 188, 247, 244, 247, 170, 250, 247, 244, 182, 248, 245, 248, 188, 250, 245, 250, 187, 248, 250, 245, 165, 243, 261, 243, 187, 264, 261, 264, 191, 243, 264, 261, 187, 244, 279, 244, 170, 276, 279, 276, 194, 244, 276, 279, 191, 281, 262, 281, 194, 277, 262, 277, 171, 281, 277, 262, 187, 279, 264, 279, 194, 281, 264, 281, 191, 279, 281, 264, 166, 265, 222, 265, 192, 268, 222, 268, 180, 265, 268, 222, 192, 266, 275, 266, 171, 271, 275, 271, 193, 266, 271, 275, 180, 273, 223, 273, 193, 270, 223, 270, 167, 273, 270, 223, 192, 275, 268, 275, 193, 273, 268, 273, 180, 275, 273, 268, 164, 208, 303, 208, 176, 305, 303, 305, 200, 208, 305, 303, 176, 209, 309, 209, 166, 307, 309, 307, 201, 209, 307, 309, 200, 311, 304, 311, 201, 308, 304, 308, 173, 311, 308, 304, 176, 309, 305, 309, 201, 311, 305, 311, 200, 309, 311, 305, 168, 225, 288, 225, 181, 290, 288, 290, 197, 225, 290, 288, 181, 224, 287, 224, 164, 285, 287, 285, 196, 224, 285, 287, 197, 292, 289, 292, 196, 286, 289, 286, 172, 292, 286, 289, 181, 287, 290, 287, 196, 292, 290, 292, 197, 287, 292, 290, 170, 247, 252, 247, 188, 256, 252, 256, 189, 247, 256, 252, 188, 246, 249, 246, 168, 238, 249, 238, 185, 246, 238, 249, 189, 254, 251, 254, 185, 239, 251, 239, 169, 254, 239, 251, 188, 249, 256, 249, 185, 254, 256, 254, 189, 249, 254, 256, 171, 277, 258, 277, 194, 280, 258, 280, 190, 277, 280, 258, 194, 276, 278, 276, 170, 241, 278, 241, 186, 276, 241, 278, 190, 260, 257, 260, 186, 240, 257, 240, 163, 260, 240, 257, 194, 278, 280, 278, 186, 260, 280, 260, 190, 278, 260, 280]
        point3f[] points = [(-2.5235, 59.8374, 0), (2.5235, 59.8374, 0), (-2.5235, 56.1626, 0), (2.5235, 56.1626, 0), (0, 56.8644, 4.0831), (0, 59.1356, 4.0831), (0, 56.8644, -4.0831), (0, 59.1356, -4.0831), (4.0831, 58, -2.5235), (4.0831, 58, 2.5235), (-4.0831, 58, -2.5235), (-4.0831, 58, 2.5235), (0, 60.16, 0), (0, 55.84, 0), (-1.4833, 56.2525, 2.4), (1.4833, 56.2525, 2.4), (-1.4833, 59.7475, 2.4), (1.4833, 59.7475, 2.4), (0, 58, 4.8), (-1.4833, 56.2525, -2.4), (1.4833, 56.2525, -2.4), (-1.4833, 59.7475, -2.4), (1.4833, 59.7475, -2.4), (0, 58, -4.8), (3.8833, 59.08, -1.4833), (3.8833, 56.92, -1.4833), (2.4, 57.3325, -3.8833), (2.4, 58.6675, -3.8833), (3.8833, 59.08, 1.4833), (3.8833, 56.92, 1.4833), (2.4, 57.3325, 3.8833), (2.4, 58.6675, 3.8833), (4.8, 58, 0), (-3.8833, 59.08, -1.4833), (-3.8833, 56.92, -1.4833), (-2.4, 57.3325, -3.8833), (-2.4, 58.6675, -3.8833), (-3.8833, 59.08, 1.4833), (-3.8833, 56.92, 1.4833), (-2.4, 57.3325, 3.8833), (-2.4, 58.6675, 3.8833), (-4.8, 58, 0), (-1.3117, 60.0778, 0), (1.3117, 60.0778, 0), (-1.3117, 55.9222, 0), (1.3117, 55.9222, 0), (-2.0827, 56.1366, 1.2475), (-0.771, 56.5014, 3.3698), (-0.7798, 55.9457, 1.2618), (2.0827, 56.1366, 1.2475), (0.771, 56.5014, 3.3698), (0.7798, 55.9457, 1.2618), (0, 56.1626, 2.5235), (-2.0827, 59.8634, 1.2475), (-0.771, 59.4986, 3.3698), (-0.7798, 60.0543, 1.2618), (2.0827, 59.8634, 1.2475), (0.771, 59.4986, 3.3698), (0.7798, 60.0543, 1.2618), (0, 59.8374, 2.5235), (0, 57.4097, 4.6173), (0, 58.5903, 4.6173), (-2.0827, 56.1366, -1.2475), (-0.771, 56.5014, -3.3698), (-0.7798, 55.9457, -1.2618), (2.0827, 56.1366, -1.2475), (0.771, 56.5014, -3.3698), (0.7798, 55.9457, -1.2618), (0, 56.1626, -2.5235), (-2.0827, 59.8634, -1.2475), (-0.771, 59.4986, -3.3698), (-0.7798, 60.0543, -1.2618), (2.0827, 59.8634, -1.2475), (0.771, 59.4986, -3.3698), (0.7798, 60.0543, -1.2618), (0, 59.8374, -2.5235), (0, 57.4097, -4.6173), (0, 58.5903, -4.6173), (3.3301, 59.5164, -0.771), (4.1408, 58.5614, -2.0827), (2.8214, 59.4865, -2.0416), (3.3301, 56.4836, -0.771), (4.1408, 57.4386, -2.0827), (2.8214, 56.5135, -2.0416), (1.2475, 57.0628, -4.1408), (3.3698, 57.6531, -3.3301), (2.0416, 56.7304, -3.3033), (1.2618, 57.6491, -4.5651), (3.3033, 57.0813, -2.8214), (1.2475, 58.9372, -4.1408), (3.3698, 58.3469, -3.3301), (2.0416, 59.2696, -3.3033), (1.2618, 58.3509, -4.5651), (3.3033, 58.9187, -2.8214), (2.5235, 58, -4.0831), (3.3301, 59.5164, 0.771), (4.1408, 58.5614, 2.0827), (2.8214, 59.4865, 2.0416), (4.0831, 59.1356, 0), (3.3301, 56.4836, 0.771), (4.1408, 57.4386, 2.0827), (2.8214, 56.5135, 2.0416), (4.0831, 56.8644, 0), (1.2475, 57.0628, 4.1408), (3.3698, 57.6531, 3.3301), (2.0416, 56.7304, 3.3033), (1.2618, 57.6491, 4.5651), (3.3033, 57.0813, 2.8214), (1.2475, 58.9372, 4.1408), (3.3698, 58.3469, 3.3301), (2.0416, 59.2696, 3.3033), (1.2618, 58.3509, 4.5651), (3.3033, 58.9187, 2.8214), (2.5235, 58, 4.0831), (4.6173, 58, -1.3117), (4.6173, 58, 1.3117), (4.5651, 58.5678, -0.7798), (4.5651, 57.4322, -0.7798), (4.5651, 58.5678, 0.7798), (4.5651, 57.4322, 0.7798), (-3.3301, 59.5164, -0.771), (-4.1408, 58.5614, -2.0827), (-2.8214, 59.4865, -2.0416), (-3.3301, 56.4836, -0.771), (-4.1408, 57.4386, -2.0827), (-2.8214, 56.5135, -2.0416), (-1.2475, 57.0628, -4.1408), (-3.3698, 57.6531, -3.3301), (-2.0416, 56.7304, -3.3033), (-1.2618, 57.6491, -4.5651), (-3.3033, 57.0813, -2.8214), (-1.2475, 58.9372, -4.1408), (-3.3698, 58.3469, -3.3301), (-2.0416, 59.2696, -3.3033), (-1.2618, 58.3509, -4.5651), (-3.3033, 58.9187, -2.8214), (-2.5235, 58, -4.0831), (-3.3301, 59.5164, 0.771), (-4.1408, 58.5614, 2.0827), (-2.8214, 59.4865, 2.0416), (-4.0831, 59.1356, 0), (-3.3301, 56.4836, 0.771), (-4.1408, 57.4386, 2.0827), (-2.8214, 56.5135, 2.0416), (-4.0831, 56.8644, 0), (-1.2475, 57.0628, 4.1408), (-3.3698, 57.6531, 3.3301), (-2.0416, 56.7304, 3.3033), (-1.2618, 57.6491, 4.5651), (-3.3033, 57.0813, 2.8214), (-1.2475, 58.9372, 4.1408), (-3.3698, 58.3469, 3.3301), (-2.0416, 59.2696, 3.3033), (-1.2618, 58.3509, 4.5651), (-3.3033, 58.9187, 2.8214), (-2.5235, 58, 4.0831), (-4.6173, 58, -1.3117), (-4.6173, 58, 1.3117), (-4.5651, 58.5678, -0.7798), (-4.5651, 57.4322, -0.7798), (-4.5651, 58.5678, 0.7798), (-4.5651, 57.4322, 0.7798), (50.2147, 63.3686, -38), (57.7853, 63.3686, -38), (50.2147, 56.6314, -38), (57.7853, 56.6314, -38), (54, 57.9181, -31.8753), (54, 62.0819, -31.8753), (54, 57.9181, -44.1247), (54, 62.0819, -44.1247), (60.1247, 60, -41.7853), (60.1247, 60, -34.2147), (47.8753, 60, -41.7853), (47.8753, 60, -34.2147), (54, 63.96, -38), (54, 56.04, -38), (51.7751, 56.7963, -34.4), (56.2249, 56.7963, -34.4), (51.7751, 63.2037, -34.4), (56.2249, 63.2037, -34.4), (54, 60, -30.8), (51.7751, 56.7963, -41.6), (56.2249, 56.7963, -41.6), (51.7751, 63.2037, -41.6), (56.2249, 63.2037, -41.6), (54, 60, -45.2), (59.8249, 61.98, -40.2249), (59.8249, 58.02, -40.2249), (57.6, 58.7763, -43.8249), (57.6, 61.2237, -43.8249), (59.8249, 61.98, -35.7751), (59.8249, 58.02, -35.7751), (57.6, 58.7763, -32.1751), (57.6, 61.2237, -32.1751), (61.2, 60, -38), (48.1751, 61.98, -40.2249), (48.1751, 58.02, -40.2249), (50.4, 58.7763, -43.8249), (50.4, 61.2237, -43.8249), (48.1751, 61.98, -35.7751), (48.1751, 58.02, -35.7751), (50.4, 58.7763, -32.1751), (50.4, 61.2237, -32.1751), (46.8, 60, -38), (52.0325, 63.8093, -38), (55.9675, 63.8093, -38), (52.0325, 56.1907, -38), (55.9675, 56.1907, -38), (50.876, 56.5838, -36.1288), (52.8435, 57.2526, -32.9453), (52.8303, 56.2338, -36.1074), (57.124, 56.5838, -36.1288), (55.1565, 57.2526, -32.9453), (55.1697, 56.2338, -36.1074), (54, 56.6314, -34.2147), (50.876, 63.4162, -36.1288), (52.8435, 62.7474, -32.9453), (52.8303, 63.7662, -36.1074), (57.124, 63.4162, -36.1288), (55.1565, 62.7474, -32.9453), (55.1697, 63.7662, -36.1074), (54, 63.3686, -34.2147), (54, 58.9179, -31.074), (54, 61.0821, -31.074), (50.876, 56.5838, -39.8712), (52.8435, 57.2526, -43.0547), (52.8303, 56.2338, -39.8926), (57.124, 56.5838, -39.8712), (55.1565, 57.2526, -43.0547), (55.1697, 56.2338, -39.8926), (54, 56.6314, -41.7853), (50.876, 63.4162, -39.8712), (52.8435, 62.7474, -43.0547), (52.8303, 63.7662, -39.8926), (57.124, 63.4162, -39.8712), (55.1565, 62.7474, -43.0547), (55.1697, 63.7662, -39.8926), (54, 63.3686, -41.7853), (54, 58.9179, -44.926), (54, 61.0821, -44.926), (58.9952, 62.7801, -39.1565), (60.2112, 61.0292, -41.124), (58.2321, 62.7252, -41.0623), (58.9952, 57.2199, -39.1565), (60.2112, 58.9708, -41.124), (58.2321, 57.2748, -41.0623), (55.8712, 58.2818, -44.2112), (59.0547, 59.3639, -42.9952), (57.0623, 57.6724, -42.955), (55.8926, 59.3567, -44.8476), (58.955, 58.3157, -42.2321), (55.8712, 61.7182, -44.2112), (59.0547, 60.6361, -42.9952), (57.0623, 62.3276, -42.955), (55.8926, 60.6433, -44.8476), (58.955, 61.6843, -42.2321), (57.7853, 60, -44.1247), (58.9952, 62.7801, -36.8435), (60.2112, 61.0292, -34.876), (58.2321, 62.7252, -34.9377), (60.1247, 62.0819, -38), (58.9952, 57.2199, -36.8435), (60.2112, 58.9708, -34.876), (58.2321, 57.2748, -34.9377), (60.1247, 57.9181, -38), (55.8712, 58.2818, -31.7888), (59.0547, 59.3639, -33.0048), (57.0623, 57.6724, -33.045), (55.8926, 59.3567, -31.1524), (58.955, 58.3157, -33.7679), (55.8712, 61.7182, -31.7888), (59.0547, 60.6361, -33.0048), (57.0623, 62.3276, -33.045), (55.8926, 60.6433, -31.1524), (58.955, 61.6843, -33.7679), (57.7853, 60, -31.8753), (60.926, 60, -39.9675), (60.926, 60, -36.0325), (60.8476, 61.0409, -39.1697), (60.8476, 58.9591, -39.1697), (60.8476, 61.0409, -36.8303), (60.8476, 58.9591, -36.8303), (49.0048, 62.7801, -39.1565), (47.7888, 61.0292, -41.124), (49.7679, 62.7252, -41.0623), (49.0048, 57.2199, -39.1565), (47.7888, 58.9708, -41.124), (49.7679, 57.2748, -41.0623), (52.1288, 58.2818, -44.2112), (48.9453, 59.3639, -42.9952), (50.9377, 57.6724, -42.955), (52.1074, 59.3567, -44.8476), (49.045, 58.3157, -42.2321), (52.1288, 61.7182, -44.2112), (48.9453, 60.6361, -42.9952), (50.9377, 62.3276, -42.955), (52.1074, 60.6433, -44.8476), (49.045, 61.6843, -42.2321), (50.2147, 60, -44.1247), (49.0048, 62.7801, -36.8435), (47.7888, 61.0292, -34.876), (49.7679, 62.7252, -34.9377), (47.8753, 62.0819, -38), (49.0048, 57.2199, -36.8435), (47.7888, 58.9708, -34.876), (49.7679, 57.2748, -34.9377), (47.8753, 57.9181, -38), (52.1288, 58.2818, -31.7888), (48.9453, 59.3639, -33.0048), (50.9377, 57.6724, -33.045), (52.1074, 59.3567, -31.1524), (49.045, 58.3157, -33.7679), (52.1288, 61.7182, -31.7888), (48.9453, 60.6361, -33.0048), (50.9377, 62.3276, -33.045), (52.1074, 60.6433, -31.1524), (49.045, 61.6843, -33.7679), (50.2147, 60, -31.8753), (47.074, 60, -39.9675), (47.074, 60, -36.0325), (47.1524, 61.0409, -39.1697), (47.1524, 58.9591, -39.1697), (47.1524, 61.0409, -36.8303), (47.1524, 58.9591, -36.8303)]
    }
}
