time_s,current_A,measured_voltage_V,reference_soc,open_loop_voltage_V,prior_voltage_V,posterior_voltage_V,estimated_soc,polarization_V,r0_ohm,r1_ohm,tau_s,c1_F,innovation_V,rls_status,boundary_hits
0,5.9863657,3.7965667,0.76566010553885,3.73818273466889,3.73818273466889,3.79646675063491,0.845343170610977,-0.00111054850104702,0.0444841874298605,0.0112027549073226,10.3555848129336,924.378413935023,0.0583839653311125,0,0
0.1,5.9863657,3.7517965021493,0.76560155344867,3.73749622987388,3.79576957330267,3.77367259157699,0.812238067762718,-0.00206966147033441,0.0444841874298605,0.0112027549073226,10.3555848129336,924.378413935023,-0.0439730711533719,0,0
0.2,6.1867007,3.7481740003443,0.76554300135849,3.72790417906456,3.76405445733688,3.75865356488582,0.802796135525428,-0.00273706373328373,0.0444841874298605,0.0112027549073226,10.3555848129336,924.378413935023,-0.0158804569925839,0,0
0.3,6.1880796,3.7459688003153,0.76548248981018,3.72714568882145,3.75785644322402,3.75474944478285,0.79630246402952,-0.00355356293371465,0.0444841874298605,0.0112027549073226,10.3555848129336,924.378413935023,-0.0118876429087211,0,0
0.4,6.1870947,3.7441576003442,0.76542196477496,3.72649847464584,3.75404947003426,3.75191032700709,0.790964777086935,-0.00450048122578229,0.0444841874298605,0.0112027549073226,10.3555848129336,924.378413935023,-0.00989186969006317,0,0
0.5,6.1870947,3.7426612003562,0.76536144937297,3.7258137844664,3.75115755270228,3.74956010420037,0.786278019646216,-0.00551305795257718,0.0444841874298605,0.0112027549073226,10.3555848129336,924.378413935023,-0.00849635234608392,0,0
0.6,6.1868975,3.7414012003591,0.76530093397097,3.72514402926665,3.74880637116351,3.74755173889396,0.782041495944254,-0.00653567228432954,0.0444841874298605,0.0112027549073226,10.3555848129336,924.378413935023,-0.00740517080441183,0,0
0.7,6.1882769,3.7402987003672,0.76524042049777,3.72441026638499,3.74671806722501,3.74571131584923,0.778216107477212,-0.00750136863663357,0.0444841874298605,0.0112027549073226,10.3555848129336,924.378413935023,-0.00641936685780564,0,0
0.8,6.1861094,3.7393537003591,0.76517989353279,3.72384017089498,3.74502598647135,3.74418556016524,0.774700314142679,-0.00840181350416004,0.0444841874298605,0.0112027549073226,10.3555848129336,924.378413935023,-0.00567228611225312,0,0
0.9,6.1868975,3.7382512004719,0.76511938776792,3.72314483445697,3.7433603484778,3.74263401828387,0.771420445094952,-0.00923867139212466,0.0444841874298605,0.0112027549073226,10.3555848129336,924.378413935023,-0.00510914800590445,0,0
1,6.1867007,3.7372668004676,0.76505887429472,3.72249914828139,3.74184448636537,3.74121273967175,0.768392118694943,-0.0099814954824291,0.0444841874298605,0.0112027549073226,10.3555848129336,924.378413935023,-0.00457768589776952,0,0
1.1,6.1880796,3.7365186003913,0.7649983627464,3.72178926294917,3.74034599793713,3.73982878651657,0.765793402745935,-0.0105234885839189,0.0444841874298605,0.0112027549073226,10.3555848129336,924.378413935023,-0.0038273975458254,0,0
1.2,6.1876855,3.7355738005385,0.76493783771119,3.72116390532606,3.7390355484819,3.73857459562181,0.763398309370146,-0.0109702720664349,0.0444841874298605,0.0112027549073226,10.3555848129336,924.378413935023,-0.00346174794340159,0,0
1.3,6.1874888,3.7347074005354,0.76487731653064,3.72053557263336,3.73776832794707,3.73736492029647,0.761250356162507,-0.0112930265333269,0.0444841874298605,0.0112027549073226,10.3555848129336,924.378413935023,-0.00306092741166486,0,0
1.4,6.1870947,3.7340381004451,0.76481679727399,3.71992174881983,3.73656435463879,3.73623381392796,0.759456790421002,-0.0114312919098774,0.0444841874298605,0.0112027549073226,10.3555848129336,924.378413935023,-0.0025262541936879,0,0
1.5,6.1874888,3.7332900005334,0.76475628187199,3.71927855787699,3.73539690227742,3.73512266829623,0.757949258955382,-0.0114193477499838,0.0444841874298605,0.0112027549073226,10.3555848129336,924.378413935023,-0.00210690174401673,0,0
1.6,6.1867007,3.7325811005388,0.76469576261534,3.71869350635234,3.7343384154426,3.7341105941727,0.756685630888752,-0.0112788825454209,0.0444841874298605,0.0112027549073226,10.3555848129336,924.378413935023,-0.00175731490380393,0,0
1.7,6.1863066,3.7318723005727,0.76463525106702,3.7180965604771,3.73331025481864,3.7331244500732,0.755647509706203,-0.0110200704881385,0.0444841874298605,0.0112027549073226,10.3555848129336,924.378413935023,-0.00143795424593662,0,0
1.8,6.1878828,3.7312818005049,0.76457474337336,3.71741750056824,3.73223899594185,3.73211568203901,0.754942941888388,-0.0105869535168609,0.0444841874298605,0.0112027549073226,10.3555848129336,924.378413935023,-0.000957195436950276,0,0
1.9,6.1861094,3.7305729006402,0.76451422026303,3.71689269895635,3.7313832137052,3.73127912955811,0.7543443790963,-0.0101009881036079,0.0444841874298605,0.0112027549073226,10.3555848129336,924.378413935023,-0.00081031306500412,0,0
2,6.1874888,3.7298641006734,0.76445371449816,3.71623323518809,3.73041128504857,3.73034121458627,0.753926240679894,-0.00952445348997515,0.0444841874298605,0.0112027549073226,10.3555848129336,924.378413935023,-0.000547184375166321,0,0
2.1,6.1874888,3.7293129005501,0.76439319524151,3.71564030536277,3.72954011396184,3.72951111301708,0.753719857899954,-0.00884243381425899,0.0444841874298605,0.0112027549073226,10.3555848129336,924.378413935023,-0.000227213411736482,0,0
2.2,6.1878828,3.728761700576,0.76433267598486,3.71503512960823,3.7286990399339,3.72870700953099,0.753698777977875,-0.00807098217181172,0.0444841874298605,0.0112027549073226,10.3555848129336,924.378413935023,6.26606420977005e-05,0,0
2.3,6.1872915,3.7280922007318,0.76427215287453,3.71447896903136,3.72794613530022,3.72796464214669,0.753728255855378,-0.0072811605891696,0.0444841874298605,0.0112027549073226,10.3555848129336,924.378413935023,0.000146065431577025,0,0
2.4,6.1874888,3.7275410006284,0.76421163554766,3.71389297627006,3.72717634579842,3.72722236021108,0.753887426298696,-0.00643344885623759,0.0444841874298605,0.0112027549073226,10.3555848129336,924.378413935023,0.000364654829984268,0,0
2.5,6.1878828,3.726989700655,0.764151116291,3.71330334068512,3.72643343783372,3.72650332733184,0.754154239731887,-0.00554050120117147,0.0444841874298605,0.0112027549073226,10.3555848129336,924.378413935023,0.000556262821280296,0,0
2.6,6.1865034,3.7264385006807,0.76409059318068,3.71279762892261,3.72580182938986,3.72588145877023,0.75445936300777,-0.00463834187615637,0.0444841874298605,0.0112027549073226,10.3555848129336,924.378413935023,0.000636671290838553,0,0
2.7,6.1863066,3.7258084008084,0.76403008356213,3.71224450067546,3.72513618190117,3.72521986083773,0.754775403833408,-0.00374122671939877,0.0444841874298605,0.0112027549073226,10.3555848129336,924.378413935023,0.000672218907226796,0,0
2.8,6.1868975,3.7253754005759,0.76396957586847,3.71166133734242,3.72444818775373,3.7245630477805,0.755221252512667,-0.0027907980829125,0.0444841874298605,0.0112027549073226,10.3555848129336,924.378413935023,0.000927212822166457,0,0
2.9,6.1868975,3.7247453008683,0.76390906239527,3.71110932640579,3.72382672640097,3.72393995075018,0.755649630737208,-0.0018603350086125,0.0444841874298605,0.0112027549073226,10.3555848129336,924.378413935023,0.000918574467332789,0,0
3,6.1865034,3.7241940007856,0.76384854892207,3.71057973433128,3.72323010247825,3.72334831377499,0.756088989292324,-0.000935922264339015,0.0444841874298605,0.0112027549073226,10.3555848129336,924.378413935023,0.00096389830735033,0,0
3.1,6.1878828,3.723721500696,0.76378803930352,3.70997613541787,3.72256850173603,3.7227091837411,0.756611035229363,1.64199297692611e-05,0.0444841874298605,0.0112027549073226,10.3555848129336,924.378413935023,0.00115299895996701,0,0
3.2,6.1878828,3.7231703008378,0.7637275161932,3.70943853355121,3.72199972715432,3.72214182312524,0.757126716708182,0.000953787625864487,0.0444841874298605,0.0112027549073226,10.3555848129336,924.378413935023,0.00117057368348084,0,0
3.3,6.1876855,3.7227767006172,0.76366699308287,3.70891445751882,3.72145015151242,3.72161035861851,0.757702389888597,0.00190708064261154,0.0444841874298605,0.0112027549073226,10.3555848129336,924.378413935023,0.00132654910477736,0,0
3.4,6.1865034,3.7222252008907,0.76360647190231,3.70843891560467,3.72097167894795,3.7211222970199,0.758227651509042,0.00282460793542731,0.0444841874298605,0.0112027549073226,10.3555848129336,924.378413935023,0.00125352194274875,0,0
3.5,6.1870947,3.7219496004583,0.76354596228377,3.70788927905284,3.72041368222682,3.72059730185112,0.758866628013828,0.00378177220904017,0.0444841874298605,0.0112027549073226,10.3555848129336,924.378413935023,0.0015359182314767,0,0
3.6,6.1874888,3.7212410012117,0.76348544688177,3.7073529590453,3.71990659002253,3.720065324902,0.759398485509369,0.00467783148839025,0.0444841874298605,0.0112027549073226,10.3555848129336,924.378413935023,0.00133441118917199,0,0
3.7,6.1867007,3.7208471006925,0.76342492762512,3.70687375141027,3.71943576834888,3.71960282935127,0.759948813950185,0.00557025168023617,0.0444841874298605,0.0112027549073226,10.3555848129336,924.378413935023,0.00141133234361535,0,0
3.8,6.1878828,3.7204533007108,0.7633644160768,3.70631151627282,3.7188942967214,3.71907794720598,0.760546362169705,0.00647129642632934,0.0444841874298605,0.0112027549073226,10.3555848129336,924.378413935023,0.00155900398939801,0,0
3.9,6.1867007,3.7200203008024,0.76330389296647,3.70585879565619,3.7184831077059,3.71866333143647,0.761118815573469,0.00734923850879978,0.0444841874298605,0.0112027549073226,10.3555848129336,924.378413935023,0.00153719309650402,0,0
4,6.1884731,3.7194691010473,0.76324338141816,3.7052792207987,3.71794563612031,3.71812342198146,0.761670467569376,0.00820612050821682,0.0444841874298605,0.0112027549073226,10.3555848129336,924.378413935023,0.00152346492698996,0,0
4.1,6.1882769,3.7190359008439,0.76318285253416,3.70479140910727,3.71750132974548,3.71767959950638,0.762211859018327,0.00904712504482046,0.0444841874298605,0.0112027549073226,10.3555848129336,924.378413935023,0.00153457109842359,0,0
4.2,6.1880796,3.7185240010212,0.76312232556917,3.70430802329697,3.71706566088225,3.71723432460884,0.7627098972167,0.00985852450680847,0.0444841874298605,0.0112027549073226,10.3555848129336,924.378413935023,0.00145834013895119,0,0
4.3,6.1872915,3.7182090006435,0.76306180053396,3.70385525376937,3.71665448753883,3.71683349733768,0.763230968943607,0.0106682844080551,0.0444841874298605,0.0112027549073226,10.3555848129336,924.378413935023,0.0015545131046717,0,0
4.4,6.1882769,3.7176971010699,0.76300128320708,3.703327952665,3.71618263985283,3.71635630318127,0.763724120731555,0.011455485627716,0.0444841874298605,0.0112027549073226,10.3555848129336,924.378413935023,0.0015144612170741,0,0
4.5,6.1880796,3.7173033008419,0.7629407562421,3.70285737889924,3.71576550926261,3.71594112492356,0.764213144259688,0.0122303203257412,0.0444841874298605,0.0112027549073226,10.3555848129336,924.378413935023,0.00153779157929446,0,0
4.6,6.1872915,3.7169490007742,0.76288023120689,3.70241729829053,3.71538408116617,3.71556208190112,0.764699476780474,0.0129933702193342,0.0444841874298605,0.0112027549073226,10.3555848129336,924.378413935023,0.00156491960803073,0,0
4.7,6.1868975,3.7165945007916,0.76281971388001,3.70196392565077,3.71499493032687,3.71517616655867,0.765185738250838,0.013745710235224,0.0444841874298605,0.0112027549073226,10.3555848129336,924.378413935023,0.00159957046473247,0,0
4.8,6.1876855,3.7160826011671,0.76275920040681,3.701462126008,3.71456370995813,3.71473515603629,0.76563328417572,0.0144727862957453,0.0444841874298605,0.0112027549073226,10.3555848129336,924.378413935023,0.00151889120897453,0,0
4.9,6.1867007,3.7156889009165,0.76269867922626,3.70104316580245,3.71420845794662,3.71437495189675,0.766057505794909,0.0151811820974136,0.0444841874298605,0.0112027549073226,10.3555848129336,924.378413935023,0.00148044296987893,0,0
5,6.1868975,3.7152557010289,0.76263816767794,3.70057578597097,3.71380261201579,3.71396544811326,0.766462896277011,0.0158728034811136,0.0444841874298605,0.0112027549073226,10.3555848129336,924.378413935023,0.00145308901310859,0,0
5.1,6.1867007,3.7148225010497,0.76257765420474,3.70012988275463,3.71341724122479,3.713574173269,0.766843740517786,0.0165460927061257,0.0444841874298605,0.0112027549073226,10.3555848129336,924.378413935023,0.0014052598249128,0,0
5.2,6.1867007,3.7143896010693,0.76251714265642,3.69967919968358,3.71302370487126,3.713175729178,0.767203597702037,0.0172027382480532,0.0444841874298605,0.0112027549073226,10.3555848129336,924.378413935023,0.00136589619804184,0,0
5.3,6.1876855,3.714153300595,0.7624566311081,3.69918862246594,3.71258776321436,3.71276144001085,0.767615365947833,0.0178686675906558,0.0444841874298605,0.0112027549073226,10.3555848129336,924.378413935023,0.00156553738063714,0,0
5.4,6.1874888,3.713838300808,0.76239610992755,3.69875436664899,3.71223231886031,3.71240991911004,0.768029897593237,0.0185263695037101,0.0444841874298605,0.0112027549073226,10.3555848129336,924.378413935023,0.00160598194768502,0,0
5.5,6.1867007,3.713405101132,0.7623355906709,3.69835028137325,3.71191344907889,3.71207789963358,0.76840216471946,0.0191605526877968,0.0444841874298605,0.0112027549073226,10.3555848129336,924.378413935023,0.0014916520531103,0,0
5.6,6.1872915,3.7130508009424,0.76227507912258,3.697888750158,3.71152627532943,3.71169384930631,0.768775645804952,0.0197862985056565,0.0444841874298605,0.0112027549073226,10.3555848129336,924.378413935023,0.00152452561296768,0,0
5.7,6.1870947,3.7126176011731,0.7622145617957,3.69746595250363,3.7111832065073,3.71134041734369,0.769115895372453,0.0203926177286143,0.0444841874298605,0.0112027549073226,10.3555848129336,924.378413935023,0.00143439466580153,0,0
5.8,6.1876855,3.7122631009767,0.7621540463937,3.69701187166213,3.71080058818573,3.71096043065168,0.769456550959761,0.0209907472585706,0.0444841874298605,0.0112027549073226,10.3555848129336,924.378413935023,0.00146251279096532,0,0
5.9,6.1868975,3.7117908013239,0.76209352521315,3.69662275180734,3.71048761665382,3.71062965730539,0.769747081194701,0.021565032753925,0.0444841874298605,0.0112027549073226,10.3555848129336,924.378413935023,0.00130318467007839,0,0
6,6.1868975,3.7115152007855,0.76203301173995,3.69620232783197,3.71012739910366,3.71027826206419,0.770053809820648,0.02213650912654,0.0444841874298605,0.0112027549073226,10.3555848129336,924.378413935023,0.00138780168183805,0,0
6.1,6.1872915,3.7112000009134,0.76197249826675,3.69576800016024,3.70976396906605,3.70991967349753,0.770366694266744,0.022702068922814,0.0444841874298605,0.0112027549073226,10.3555848129336,924.378413935023,0.0014360318473492,0,0
6.2,6.1874888,3.7108850009277,0.76191198093987,3.69534596560021,3.70941952047014,3.70957802097051,0.770680710072128,0.0232602544817198,0.0444841874298605,0.0112027549073226,10.3555848129336,924.378413935023,0.00146548045755734,0,0
6.3,6.1876855,3.7104518012966,0.76185146168322,3.69492748928389,3.70908323625438,3.70923089550411,0.770964061237309,0.0238019374570396,0.0444841874298605,0.0112027549073226,10.3555848129336,924.378413935023,0.00136856504221816,0,0
6.4,6.1868975,3.710018901316,0.76179094050266,3.69455631421687,3.70878509746459,3.70891790287355,0.771208405809719,0.0243253035205275,0.0444841874298605,0.0112027549073226,10.3555848129336,924.378413935023,0.00123380385140592,0,0
6.5,6.1868975,3.7097039009727,0.76173042702946,3.69415366257717,3.70844217128681,3.70857767124251,0.771454563674541,0.0248421561018687,0.0444841874298605,0.0112027549073226,10.3555848129336,924.378413935023,0.00126172968588856,0,0
6.6,6.1876855,3.7094676007408,0.76166991355626,3.69371940967646,3.7080718531467,3.70822141149143,0.771727835028932,0.0253594374877576,0.0444841874298605,0.0112027549073226,10.3555848129336,924.378413935023,0.0013957475941031,0,0
6.7,6.1872915,3.7089558016291,0.76160939237571,3.69334106582073,3.70777305449035,3.70789951453989,0.771945676053957,0.0258551645183332,0.0444841874298605,0.0112027549073226,10.3555848129336,924.378413935023,0.00118274713874689,0,0
6.8,6.1874888,3.708798200509,0.76154887504883,3.6929398507071,3.70742966323286,3.70757567960185,0.772202215374487,0.0263542924840841,0.0444841874298605,0.0112027549073226,10.3555848129336,924.378413935023,0.00136853727613984,0,0
6.9,6.1865034,3.7084043012912,0.76148835579218,3.69259457851714,3.70716321381173,3.70729536030651,0.77242479956024,0.0268381530764083,0.0444841874298605,0.0112027549073226,10.3555848129336,924.378413935023,0.0012410874794706,0,0
7,6.1876855,3.708089401047,0.76142784617363,3.69215632192659,3.70679123801657,3.70692918582584,0.77265592026317,0.0273175744219045,0.0444841874298605,0.0112027549073226,10.3555848129336,924.378413935023,0.00129816303043073,0,0
7.1,6.1872915,3.7077351011951,0.76136732499308,3.69179133042967,3.70649964681362,3.7066306759025,0.772868791561243,0.027786348591038,0.0444841874298605,0.0112027549073226,10.3555848129336,924.378413935023,0.0012354543814781,0,0
7.2,6.1872915,3.7075381006737,0.7613068076662,3.69141211608686,3.70618816029348,3.70633106065399,0.773102597231983,0.0282537219559891,0.0444841874298605,0.0112027549073226,10.3555848129336,924.378413935023,0.00134994038022285,0,0
7.3,6.1874888,3.707144501365,0.76124629033932,3.69102735203004,3.70588425984275,3.7060174192175,0.773312852182051,0.0287094468800428,0.0444841874298605,0.0112027549073226,10.3555848129336,924.378413935023,0.00126024152225401,0,0
7.4,6.1874888,3.7067506013846,0.76118577108267,3.69065453808148,3.70558375209515,3.70570682223359,0.773499445459532,0.0291539265737833,0.0444841874298605,0.0112027549073226,10.3555848129336,924.378413935023,0.00116684928945432,0,0
7.5,6.1890645,3.7065144008416,0.76112525182602,3.69021479589291,3.70520733289345,3.70534495114886,0.773711820447162,0.0295980852921711,0.0444841874298605,0.0112027549073226,10.3555848129336,924.378413935023,0.00130706794815127,0,0
7.6,6.1880796,3.706160101279,0.76106471715759,3.6898919142897,3.70496345575256,3.70508923316582,0.773897641366069,0.0300309442855449,0.0444841874298605,0.0112027549073226,10.3555848129336,924.378413935023,0.0011966455264365,0,0
7.7,6.1880796,3.705844901153,0.76100419212238,3.68952843973169,3.70466819807942,3.70479167389305,0.774076033238007,0.030456501670305,0.0444841874298605,0.0112027549073226,10.3555848129336,924.378413935023,0.00117670307357765,0,0
7.8,6.1867007,3.7054513014583,0.76094366708717,3.68922938012107,3.70443606772282,3.70454242737004,0.774218841990487,0.0308695542753952,0.0444841874298605,0.0112027549073226,10.3555848129336,924.378413935023,0.00101523373547963,0,0
7.9,6.1888672,3.7052543007393,0.76088315553885,3.68877581054529,3.7040332345886,3.70416095585682,0.774399612308353,0.031284355469405,0.0444841874298605,0.0112027549073226,10.3555848129336,924.378413935023,0.00122106615070017,0,0
8,6.1872915,3.7049000013463,0.7608226228002,3.68849147668853,3.70382196965309,3.7039345559374,0.774549280957696,0.0316882380097347,0.0444841874298605,0.0112027549073226,10.3555848129336,924.378413935023,0.00107803169321041,0,0
8.1,6.1888672,3.7046244010605,0.76076210547332,3.68807012476723,3.70345944433526,3.70358092575214,0.774712948939943,0.0320892080215601,0.0444841874298605,0.0112027549073226,10.3555848129336,924.378413935023,0.00116495672524186,0,0
8.2,6.1857158,3.7043488010735,0.76070157273467,3.68786183170344,3.70331976803597,3.70342691776869,0.774847891979934,0.0324802265748845,0.0444841874298605,0.0112027549073226,10.3555848129336,924.378413935023,0.00102903303753221,0,0
8.3,6.1876855,3.7039549015532,0.76064107081956,3.68742902361722,3.7029420712235,3.70304738259808,0.774977339433806,0.0328650212002048,0.0444841874298605,0.0112027549073226,10.3555848129336,924.378413935023,0.00101283032969679,0,0
8.4,6.1867007,3.7038369004708,0.76058054963901,3.68713031830157,3.7026974366372,3.70281574910758,0.775127831054058,0.0332484420958715,0.0444841874298605,0.0112027549073226,10.3555848129336,924.378413935023,0.0011394638336033,0,0
8.5,6.1890645,3.7034824014315,0.76052003809069,3.68668564045835,3.70232064106378,3.70244110360647,0.775279790607062,0.0336269685098607,0.0444841874298605,0.0112027549073226,10.3555848129336,924.378413935023,0.00116176036772053,0,0
8.6,6.1872915,3.7031674012868,0.76045950342226,3.68642755937196,3.7021333843687,3.70224045792722,0.775406045411806,0.0339970738515743,0.0444841874298605,0.0112027549073226,10.3555848129336,924.378413935023,0.00103401691810268,0,0
8.7,6.1872915,3.7028131014643,0.76039898609539,3.68609363189029,3.70185762831703,3.70195643933743,0.775516037962034,0.034360013294706,0.0444841874298605,0.0112027549073226,10.3555848129336,924.378413935023,0.000955473147266073,0,0
8.8,6.1872915,3.7024586014818,0.76033846876851,3.68576249621129,3.70157709762958,3.70166814264468,0.775610947096021,0.0347164083252791,0.0444841874298605,0.0112027549073226,10.3555848129336,924.378413935023,0.000881503852220966,0,0
8.9,6.1876855,3.7023013006651,0.76027795144163,3.68541659873545,3.70127469917654,3.70138059802755,0.77572929843817,0.0350713445501757,0.0444841874298605,0.0112027549073226,10.3555848129336,924.378413935023,0.00102660148855893,0,0
9,6.1867007,3.7020650010102,0.76021743026108,3.68513472927531,3.70105185516411,3.70115623837994,0.775843237536428,0.035421264770123,0.0444841874298605,0.0112027549073226,10.3555848129336,924.378413935023,0.00101314584609202,0,0
9.1,6.1888672,3.7017894011914,0.76015691871276,3.68471550222268,3.70069078821726,3.70080384180224,0.775969717006185,0.0357680367534982,0.0444841874298605,0.0112027549073226,10.3555848129336,924.378413935023,0.00109861297414415,0,0
9.2,6.1872915,3.7014349015492,0.7600963859741,3.68446518085229,3.70050794444638,3.7006032221678,0.776065155679209,0.0361072284099294,0.0444841874298605,0.0112027549073226,10.3555848129336,924.378413935023,0.000926957102815429,0,0
9.3,6.1870947,3.701198601044,0.76003586864723,3.68415636277449,3.70024942594667,3.7003468757622,0.77616254401159,0.0364422064932977,0.0444841874298605,0.0112027549073226,10.3555848129336,924.378413935023,0.000949175097331612,0,0
9.4,6.1872915,3.700844301582,0.75997535324523,3.68383269291863,3.69997881232303,3.70006757079992,0.776244403845821,0.036771492290548,0.0444841874298605,0.0112027549073226,10.3555848129336,924.378413935023,0.000865489258966345,0,0
9.5,6.1884731,3.7005687012438,0.75991483591835,3.68346780157303,3.6996588412501,3.69975204779084,0.776331907402342,0.0370972375390602,0.0444841874298605,0.0112027549073226,10.3555848129336,924.378413935023,0.000909859993699413,0,0
9.6,6.1874888,3.7002931012567,0.75985430703435,3.68320170726177,3.69944266149955,3.69952968747799,0.776408220924,0.0374181394209485,0.0444841874298605,0.0112027549073226,10.3555848129336,924.378413935023,0.000850439757154042,0,0
9.7,6.1878828,3.699938501634,0.7597937877777,3.68287697389659,3.69916218542386,3.6992415427696,0.776471266953573,0.0377339935726965,0.0444841874298605,0.0112027549073226,10.3555848129336,924.378413935023,0.000776316210138628,0,0
9.8,6.1872915,3.6996629012829,0.75973326466737,3.68259856061577,3.69892086120784,3.69899663661002,0.776527590618993,0.038045616075975,0.0444841874298605,0.0112027549073226,10.3555848129336,924.378413935023,0.000742040075059958,0,0
9.9,6.1882769,3.6995842003701,0.7596727473405,3.68225258796934,3.69860887937795,3.69870837635522,0.776619029450158,0.038355649970217,0.0444841874298605,0.0112027549073226,10.3555848129336,924.378413935023,0.000975320992146145,0,0
10,6.1884731,3.6991904018705,0.75961222037551,3.68194409554017,3.69835859251222,3.69844336526628,0.776686742831993,0.0386605183509024,0.0444841874298605,0.0112027549073226,10.3555848129336,924.378413935023,0.000831809358282865,0,0
10.1,6.1863066,3.6989937009438,0.75955169149151,3.68174314682691,3.69820159154382,3.69828224004977,0.776747068772405,0.0389613030790683,0.0444841874298605,0.0112027549073226,10.3555848129336,924.378413935023,0.000792109399979424,0,0
10.2,6.1868975,3.6987574011449,0.75949118379785,3.68142222582044,3.69792094466514,3.69800602739684,0.776812873757495,0.0392584458195012,0.0444841874298605,0.0112027549073226,10.3555848129336,924.378413935023,0.000836456479757164,0,0
10.3,6.1874888,3.6984425015408,0.75943067032465,3.68110363352237,3.69764750204146,3.69772829245973,0.776871194392682,0.0395517229478259,0.0444841874298605,0.0112027549073226,10.3555848129336,924.378413935023,0.000794999499342808,0,0
10.4,6.1884731,3.6982849007785,0.759370151068,3.68076988280477,3.69735503544663,3.69744944496147,0.776948272449198,0.0398420890058433,0.0444841874298605,0.0112027549073226,10.3555848129336,924.378413935023,0.000929865331869895,0,0
10.5,6.1872915,3.6979306017673,0.759309622184,3.68053473681378,3.69717521383356,3.69725183981024,0.77699841095719,0.0401282315987609,0.0444841874298605,0.0112027549073226,10.3555848129336,924.378413935023,0.000755387933738305,0,0
10.6,6.1874888,3.6975760017854,0.75924910485712,3.68024073463204,3.696919154813,3.69698572623023,0.777033176933289,0.0404105134152732,0.0444841874298605,0.0112027549073226,10.3555848129336,924.378413935023,0.000656846972395542,0,0
10.7,6.1880796,3.6973791010008,0.75918858560047,3.67993152906543,3.69663822684974,3.69671324957035,0.77707908237082,0.0406896464688664,0.0444841874298605,0.0112027549073226,10.3555848129336,924.378413935023,0.000740874151055948,0,0
10.8,6.1867007,3.6971428012122,0.75912806056526,3.67971217789224,3.69645598545244,3.69652547513604,0.777116264221885,0.0409654385325133,0.0444841874298605,0.0112027549073226,10.3555848129336,924.378413935023,0.00068681575975571,0,0
10.9,6.1863066,3.6968279016306,0.75906754901694,3.67945145695421,3.69622721152292,3.69628793673459,0.777140390236643,0.0412378188307147,0.0444841874298605,0.0112027549073226,10.3555848129336,924.378413935023,0.00060069010767716,0,0
11,6.1870947,3.6966310010288,0.75900704132328,3.67914044879873,3.69593974672512,3.69600957019978,0.777176358322339,0.0415069348708265,0.0444841874298605,0.0112027549073226,10.3555848129336,924.378413935023,0.000691254303677447,0,0
11.1,6.1868975,3.69647360083,0.75894652592129,3.67887541523377,3.69570770632781,3.69578500713202,0.777221733288191,0.0417728272527828,0.0444841874298605,0.0112027549073226,10.3555848129336,924.378413935023,0.000765894502185116,0,0
11.2,6.1878828,3.6961980014662,0.75888601244809,3.67856001576971,3.6954331185885,3.69551025646513,0.777265987670732,0.0420355006514924,0.0444841874298605,0.0112027549073226,10.3555848129336,924.378413935023,0.000764882877704043,0,0
11.3,6.1870947,3.6959224014794,0.75882548933776,3.67832558412811,3.69523966751796,3.69530846744743,0.777298119394086,0.0422954025189397,0.0444841874298605,0.0112027549073226,10.3555848129336,924.378413935023,0.000682733961439919,0,0
11.4,6.1867007,3.6956861012796,0.75876497393576,3.67807588415141,3.6950229353556,3.69508971257644,0.777326782333918,0.0425522501314337,0.0444841874298605,0.0112027549073226,10.3555848129336,924.378413935023,0.00066316592400284,0,0
11.5,6.1876855,3.6954892010757,0.75870446238744,3.67776704537212,3.69474535921411,3.69482020410477,0.777365393893588,0.0428056547901296,0.0444841874298605,0.0112027549073226,10.3555848129336,924.378413935023,0.000743841861585715,0,0
11.6,6.1898525,3.695252901302,0.75864394120689,3.67740763418612,3.69442558385778,3.69450876688726,0.777414132265545,0.0430556650864399,0.0444841874298605,0.0112027549073226,10.3555848129336,924.378413935023,0.000827317444216824,0,0
11.7,6.1865034,3.6950166013134,0.75858339883111,3.67729546400551,3.69436167999555,3.69442748185235,0.777439314299728,0.0433040004973924,0.0444841874298605,0.0112027549073226,10.3555848129336,924.378413935023,0.000654921317848611,0,0
11.8,6.1868975,3.6947803013245,0.75852288921256,3.67701925693113,3.69411665235899,3.69418328380476,0.777464907332237,0.0435490306064225,0.0444841874298605,0.0112027549073226,10.3555848129336,924.378413935023,0.000663648965508301,0,0
11.9,6.1868975,3.6944654017801,0.75846237573936,3.67676260455683,3.69389229511104,3.69394979582797,0.777478101119141,0.0437919852690812,0.0444841874298605,0.0112027549073226,10.3555848129336,924.378413935023,0.000573106669055079,0,0
12,6.1880796,3.6942685011223,0.75840186226616,3.67645541662846,3.69360855720695,3.69367472503337,0.777501729471583,0.0440314249060615,0.0444841874298605,0.0112027549073226,10.3555848129336,924.378413935023,0.000659943915351846,0,0
12.1,6.1872915,3.6939929015842,0.75834133723095,3.67623776539596,3.69342329464822,3.69348036651594,0.777513206192223,0.0442690760837294,0.0444841874298605,0.0112027549073226,10.3555848129336,924.378413935023,0.000569606935975742,0,0
12.2,6.1878828,3.6937566013694,0.75828081990407,3.67596085428297,3.69316994888379,3.69322868963847,0.777526215368652,0.0445037836870115,0.0444841874298605,0.0112027549073226,10.3555848129336,924.378413935023,0.000586652485607075,0,0
12.3,6.1861094,3.6935203013807,0.75822029679374,3.67579105820511,3.69302565153038,3.69307514785777,0.7775271657353,0.0447368956241287,0.0444841874298605,0.0112027549073226,10.3555848129336,924.378413935023,0.000494649850316442,0,0
12.4,6.1878828,3.6933236011586,0.75815979102888,3.67546566154475,3.69271677684436,3.69277745873971,0.777541444360561,0.0449659415534156,0.0444841874298605,0.0112027549073226,10.3555848129336,924.378413935023,0.000606824314238974,0,0
12.5,6.1865034,3.6931660009358,0.75809926791855,3.6752822630324,3.692561335268,3.69262176310052,0.777554822545678,0.0451925976743401,0.0444841874298605,0.0112027549073226,10.3555848129336,924.378413935023,0.000604665667796489,0,0
12.6,6.1876855,3.6928511018847,0.7580387583,3.67498701131082,3.69229402976886,3.69234966668329,0.777561838314879,0.0454171432244629,0.0444841874298605,0.0112027549073226,10.3555848129336,924.378413935023,0.000557072115841883,0,0
12.7,6.1868975,3.6926935009508,0.75797823711945,3.67478117715453,3.69211159400467,3.6921696757062,0.7775712784242,0.0456389611225431,0.0444841874298605,0.0112027549073226,10.3555848129336,924.378413935023,0.000581906946125699,0,0
12.8,6.1886704,3.6924179016756,0.75791772364625,3.6744634114588,3.6918199055415,3.69187955719729,0.777582079877389,0.0458579637759278,0.0444841874298605,0.0112027549073226,10.3555848129336,924.378413935023,0.000597996134103163,0,0
12.9,6.1861094,3.6922209012072,0.75785719283248,3.67434011106808,3.69172447838801,3.69177396848079,0.777580276402197,0.0460761824833335,0.0444841874298605,0.0112027549073226,10.3555848129336,924.378413935023,0.00049642281918727,0,0
13,6.1876855,3.6919847014585,0.75779668706761,3.67403493121458,3.69143724494463,3.69149179089799,0.777584020617908,0.0462909350538908,0.0444841874298605,0.0112027549073226,10.3555848129336,924.378413935023,0.000547456513873446,0,0
13.1,6.1859126,3.6916697019602,0.75773616588705,3.67388038999181,3.69130592796578,3.69134215183344,0.777565855700119,0.0465064066078876,0.0444841874298605,0.0112027549073226,10.3555848129336,924.378413935023,0.000363773994424665,0,0
13.2,6.1884731,3.6915121009882,0.75767566204707,3.67353511006547,3.69096579515001,3.69102016436546,0.777568463842874,0.0467163636848032,0.0444841874298605,0.0112027549073226,10.3555848129336,924.378413935023,0.000546305838188044,0,0
13.3,6.1872915,3.6911972019895,0.75761513316307,3.67335780716512,3.69081199604556,3.6908503109695,0.777552090572018,0.0469270315963758,0.0444841874298605,0.0112027549073226,10.3555848129336,924.378413935023,0.000385205943941092,0,0
13.4,6.1884731,3.6910002012539,0.75755461583619,3.67307730640758,3.6905391776716,3.6905850086911,0.777544012870649,0.0471339755201605,0.0444841874298605,0.0112027549073226,10.3555848129336,924.378413935023,0.000461023582295272,0,0
13.5,6.1878828,3.6907642015135,0.75749408695219,3.67287726490837,3.69035455018338,3.6903952521769,0.777529724265835,0.0473397388205519,0.0444841874298605,0.0112027549073226,10.3555848129336,924.378413935023,0.000409651330119942,0,0
13.6,6.1876855,3.690567301272,0.75743356384187,3.67266156622967,3.69014935649407,3.69019086036617,0.777516019964183,0.0475430743756902,0.0444841874298605,0.0112027549073226,10.3555848129336,924.378413935023,0.000417944777928003,0,0
13.7,6.1865034,3.6904490007699,0.75737304266131,3.67249143811672,3.68999074942221,3.69003623201939,0.777506446642225,0.0477434185176055,0.0444841874298605,0.0112027549073226,10.3555848129336,924.378413935023,0.000458251347688066,0,0
13.8,6.1874888,3.6902523012894,0.75731253304277,3.67222674907549,3.68974176249729,3.6897924085219,0.777502274401677,0.0479404136687517,0.0444841874298605,0.0112027549073226,10.3555848129336,924.378413935023,0.000510538792112492,0,0
13.9,6.1878828,3.6900554013001,0.75725201378611,3.67198996018479,3.68952602709735,3.68957851482176,0.777499738181955,0.0481349608337592,0.0444841874298605,0.0112027549073226,10.3555848129336,924.378413935023,0.000529374202749011,0,0
14,6.1868975,3.6896615026194,0.75719149067579,3.67181617298875,3.68937531488114,3.689403676272,0.777470331070378,0.0483325297303965,0.0444841874298605,0.0112027549073226,10.3555848129336,924.378413935023,0.000286187738264942,0,0
14.1,6.1878828,3.6895828005271,0.75713097720259,3.67155651225137,3.68911482745057,3.689161180895,0.777460326974185,0.0485240167894895,0.0444841874298605,0.0112027549073226,10.3555848129336,924.378413935023,0.000467973076528683,0,0
14.2,6.1874888,3.6893859013281,0.75707045409226,3.67135975246068,3.68893541634029,3.68898001575401,0.777448073433124,0.0487139166510948,0.0444841874298605,0.0112027549073226,10.3555848129336,924.378413935023,0.000450484987811528,0,0
14.3,6.1867007,3.6891890013375,0.75700993483561,3.67118221106705,3.6887736525668,3.68881475356968,0.777431738802395,0.048902516547997,0.0444841874298605,0.0112027549073226,10.3555848129336,924.378413935023,0.000415348770704593,0,0
14.4,6.1870947,3.6889527016163,0.75694942328729,3.67095380110139,3.68855770847551,3.68859677660543,0.777412946439802,0.0490894830174648,0.0444841874298605,0.0112027549073226,10.3555848129336,924.378413935023,0.000394993140794053,0,0
14.5,6.1874888,3.6886377021697,0.75688890788529,3.67072695087268,3.68834147865542,3.68837076391216,0.77738349639517,0.0492768337645386,0.0444841874298605,0.0112027549073226,10.3555848129336,924.378413935023,0.000296223514275606,0,0
14.6,6.1868975,3.6885591005451,0.75682838862864,3.67054548447752,3.68816105595453,3.68820038926196,0.777364426832177,0.0494598292955285,0.0444841874298605,0.0112027549073226,10.3555848129336,924.378413935023,0.000398044590568691,0,0
14.7,6.1874888,3.6883621013757,0.75676787515544,3.67031305828751,3.68793990072784,3.68798160202949,0.777347571292772,0.0496402189947838,0.0444841874298605,0.0112027549073226,10.3555848129336,924.378413935023,0.000422200647864024,0,0
14.8,6.1876855,3.6881258016612,0.75670735589879,3.6700996813548,3.68774033271858,3.68777838886146,0.777326635150601,0.0498196602130029,0.0444841874298605,0.0112027549073226,10.3555848129336,924.378413935023,0.000385468942618594,0,0
14.9,6.1868975,3.6878896016718,0.75664683471823,3.66993163463562,3.68758262502969,3.68761291842831,0.777297419675399,0.0499992217640425,0.0444841874298605,0.0112027549073226,10.3555848129336,924.378413935023,0.00030697664210777,0,0
15,6.1874888,3.6877716008408,0.75658632124503,3.66970385574994,3.68735761353649,3.68739844919485,0.77727883609865,0.0501740535786546,0.0444841874298605,0.0112027549073226,10.3555848129336,924.378413935023,0.000413987304304975,0,0
15.1,6.1876855,3.687535301695,0.75652580198838,3.66949508146026,3.68716231011416,3.6871990860697,0.77725583790441,0.0503481652091674,0.0444841874298605,0.0112027549073226,10.3555848129336,924.378413935023,0.000372991580844584,0,0
15.2,6.1876855,3.6872990017061,0.75646528080783,3.66929653961234,3.68697334771031,3.68700544262484,0.77722785483105,0.0505217304939718,0.0444841874298605,0.0112027549073226,10.3555848129336,924.378413935023,0.000325653995786546,0,0
15.3,6.1886704,3.6871021014311,0.75640475962727,3.66905567598812,3.6867375597776,3.68677347216485,0.777203513185446,0.0506924230818021,0.0444841874298605,0.0112027549073226,10.3555848129336,924.378413935023,0.000364541653495198,0,0
15.4,6.1870947,3.6869841008632,0.7563442288135,3.66893008200185,3.68662102296283,3.6866567763027,0.777178776804418,0.0508614640551495,0.0444841874298605,0.0112027549073226,10.3555848129336,924.378413935023,0.000363077900371156,0,0
15.5,6.1872915,3.6868265011604,0.75628371341151,3.66872728369646,3.68642728408572,3.68646658004827,0.777157358476929,0.051027537938136,0.0444841874298605,0.0112027549073226,10.3555848129336,924.378413935023,0.000399217074676717,0,0
15.6,6.1857158,3.6865115023342,0.75622319608463,3.66860475855764,3.68631750947973,3.68633659697174,0.777115714967523,0.0511977350770277,0.0444841874298605,0.0112027549073226,10.3555848129336,924.378413935023,0.000193992854474079,0,0
15.7,6.1878828,3.6863539011754,0.75616269416953,3.66831735695453,3.68602285175308,3.686055411613,0.777087211200187,0.0513620714379491,0.0444841874298605,0.0112027549073226,10.3555848129336,924.378413935023,0.000331049422316543,0,0
15.8,6.1872915,3.6861966011805,0.7561021710592,3.66815382597469,3.68586569791819,3.68589823057297,0.77705846487211,0.0515249301743766,0.0444841874298605,0.0112027549073226,10.3555848129336,924.378413935023,0.000330903262309779,0,0
15.9,6.1886704,3.6858814023807,0.75604165373232,3.66790412706539,3.68562250703804,3.68564795034858,0.777022649345353,0.0516881731219983,0.0444841874298605,0.0112027549073226,10.3555848129336,924.378413935023,0.000258895342661436,0,0
16,6.1870947,3.6858027005981,0.75598112291855,3.66778709588085,3.68550507045341,3.68553430923984,0.77699033451361,0.0518487217209754,0.0444841874298605,0.0112027549073226,10.3555848129336,924.378413935023,0.000297630144693972,0,0
16.1,6.1872915,3.6855271021075,0.75592060751655,3.66759277808738,3.68531430471671,3.68533520171251,0.77694986459811,0.0520100371548618,0.0444841874298605,0.0112027549073226,10.3555848129336,924.378413935023,0.000212797390786168,0,0
16.2,6.1880796,3.685409100908,0.75586009018967,3.66737350023924,3.68509042138617,3.68512170442161,0.776919177352427,0.0521664580244898,0.0444841874298605,0.0112027549073226,10.3555848129336,924.378413935023,0.000318679521832177,0,0
16.3,6.1882769,3.6852515012201,0.75579956515446,3.66718176636128,3.68490461820337,3.6849386572154,0.776890918753018,0.0523204526475128,0.0444841874298605,0.0112027549073226,10.3555848129336,924.378413935023,0.000346883016726807,0,0
16.4,6.1870947,3.6850152018408,0.75573903818948,3.66705271669591,3.68478439421911,3.68480703467687,0.776851727309618,0.0524765441047331,0.0444841874298605,0.0112027549073226,10.3555848129336,924.378413935023,0.000230807621685258,0,0
16.5,6.1872915,3.6847396021599,0.75567852278748,3.66686378712835,3.68459306362077,3.684607432735,0.776804673839892,0.0526336301812651,0.0444841874298605,0.0112027549073226,10.3555848129336,924.378413935023,0.000146538539131047,0,0
16.6,6.1863066,3.6846609006206,0.75561800546061,3.66672871618879,3.68444751569524,3.68446843209125,0.776763638746994,0.0527870001749161,0.0444841874298605,0.0112027549073226,10.3555848129336,924.378413935023,0.000213384925363158,0,0
16.7,6.1870947,3.6843457025002,0.75555749776694,3.66651618953733,3.68423123144218,3.6842424481566,0.776713518457603,0.0529419642676773,0.0444841874298605,0.0112027549073226,10.3555848129336,924.378413935023,0.00011447105802409,0,0
16.8,6.1865034,3.6841884012553,0.75549698236495,3.66636622227266,3.684068007846,3.68407980076608,0.776663861484833,0.053095285739163,0.0444841874298605,0.0112027549073226,10.3555848129336,924.378413935023,0.000120393409301478,0,0
16.9,6.1870947,3.6840308012651,0.7554364727464,3.66616499252838,3.68385429470684,3.68387157813801,0.776619175073957,0.0532451418804695,0.0444841874298605,0.0112027549073226,10.3555848129336,924.378413935023,0.000176506558258627,0,0
17,6.1876855,3.6839914003182,0.75537595734441,3.66596498104718,3.68364746665167,3.68368113300288,0.776589307097403,0.0533878751590314,0.0444841874298605,0.0112027549073226,10.3555848129336,924.378413935023,0.000343933666532958,0,0
17.1,6.1882769,3.6836765025576,0.75531543616385,3.66576612742,3.68345829876238,3.68347965071704,0.776548113754832,0.053533492824264,0.0444841874298605,0.0112027549073226,10.3555848129336,924.378413935023,0.000218203795216088,0,0
17.2,6.1876855,3.6835582009665,0.75525490919887,3.66562106274192,3.68331076396038,3.6833349684358,0.776509374076598,0.0536766869126856,0.0444841874298605,0.0112027549073226,10.3555848129336,924.378413935023,0.00024743700612273,0,0
17.3,6.1867007,3.6832826022646,0.75519438801831,3.6654947955235,3.68318502569569,3.68319456757514,0.776457394063269,0.0538235995751593,0.0444841874298605,0.0112027549073226,10.3555848129336,924.378413935023,9.75765689128494e-05,0,0
17.4,6.1878828,3.6831646009753,0.75513387647,3.66527346558589,3.6829497568369,3.68297075933234,0.776415578306463,0.053964819798838,0.0444841874298605,0.0112027549073226,10.3555848129336,924.378413935023,0.000214844138402004,0,0
17.5,6.1865034,3.6829677016366,0.75507335335967,3.66516715074932,3.68284111642674,3.68285348703294,0.776366006536508,0.0541078853012685,0.0444841874298605,0.0112027549073226,10.3555848129336,924.378413935023,0.000126585209856422,0,0
17.6,6.1872915,3.6828496009873,0.75501284374112,3.6649657686877,3.68262895771889,3.68265051335858,0.776324475076899,0.054246001712695,0.0444841874298605,0.0112027549073226,10.3555848129336,924.378413935023,0.0002206432684142,0,0
17.7,6.1882769,3.6826921013241,0.75495232641424,3.66475670068012,3.68241844425594,3.68244517066956,0.776287360349498,0.0543808794620873,0.0444841874298605,0.0112027549073226,10.3555848129336,924.378413935023,0.000273657068158961,0,0
17.8,6.1874888,3.6823771026633,0.75489179944926,3.66462758300141,3.68229317746492,3.68230137138477,0.77623396944652,0.0545214281803198,0.0444841874298605,0.0112027549073226,10.3555848129336,924.378413935023,8.39251983824063e-05,0,0
17.9,6.1865034,3.6821015023432,0.75483128019261,3.66450849282653,3.6821595959823,3.68215392582966,0.77616853864364,0.0546657611396845,0.0444841874298605,0.0112027549073226,10.3555848129336,924.378413935023,-5.80936390961462e-05,0,0
18,6.1867007,3.6820621003369,0.75477077057406,3.66433805263584,3.6819610390438,3.68197090000699,0.776116524983177,0.054802689864026,0.0444841874298605,0.0112027549073226,10.3555848129336,924.378413935023,0.000101061293098947,0,0
18.1,6.1867007,3.6818652016927,0.75471025902575,3.66417750292214,3.68178808323085,3.6817956057383,0.77606246014292,0.0549391920206996,0.0444841874298605,0.0112027549073226,10.3555848129336,924.378413935023,7.71184618524323e-05,0,0
18.2,6.1863066,3.6817076013625,0.75464974747743,3.66403561008292,3.68163163198658,3.68163904020957,0.776008263756029,0.0550744022695474,0.0444841874298605,0.0112027549073226,10.3555848129336,924.378413935023,7.59693759220248e-05,0,0
18.3,6.1872915,3.6815896010257,0.75458923978377,3.66383353358236,3.68141506734872,3.68143208216877,0.775962184036313,0.0552044851331421,0.0444841874298605,0.0112027549073226,10.3555848129336,924.378413935023,0.000174533676981614,0,0
18.4,6.1872915,3.6813927017209,0.75452872245689,3.66367626032856,3.68125305895347,3.68126666840412,0.775913146621932,0.0553347140186293,0.0444841874298605,0.0112027549073226,10.3555848129336,924.378413935023,0.000139642767425396,0,0
18.5,6.1868975,3.6811564020764,0.75446820513001,3.66353760797371,3.68110642347775,3.68111129294688,0.775856715422225,0.0554671262450145,0.0444841874298605,0.0112027549073226,10.3555848129336,924.378413935023,4.9978598654743e-05,0,0
18.6,6.1882769,3.6809988013924,0.75440769165681,3.66332119615839,3.68087347744698,3.68088568443008,0.775806392156827,0.0555952657823967,0.0444841874298605,0.0112027549073226,10.3555848129336,924.378413935023,0.000125323945421307,0,0
18.7,6.1878828,3.680841401398,0.75434716469183,3.66318459165558,3.6807278348898,3.68073889355282,0.775755049232315,0.0557227487701219,0.0444841874298605,0.0112027549073226,10.3555848129336,924.378413935023,0.000113566508204599,0,0
18.8,6.1874888,3.6806839014065,0.7542866415815,3.66304909180946,3.68058230988932,3.68059219972713,0.775702697375954,0.0558494063382646,0.0444841874298605,0.0112027549073226,10.3555848129336,924.378413935023,0.000101591517178701,0,0
18.9,6.1868975,3.6804476021213,0.75422612232485,3.66292346715508,3.68044565517514,3.68044584465643,0.775642333875746,0.0559787534398399,0.0444841874298605,0.0112027549073226,10.3555848129336,924.378413935023,1.94694615807123e-06,0,0
19,6.1888672,3.6802902014205,0.75416560885165,3.66268502905441,3.68018668695456,3.68019675848203,0.775590057360916,0.0561027101412246,0.0444841874298605,0.0112027549073226,10.3555848129336,924.378413935023,0.000103514465940258,0,0
19.1,6.1868975,3.6802113007158,0.75410507611299,3.66262263819618,3.6801138071492,3.68012329031657,0.775537241263714,0.0562259026854077,0.0444841874298605,0.0112027549073226,10.3555848129336,924.378413935023,9.74935666007148e-05,0,0
19.2,6.1868975,3.6800146017939,0.75404456263979,3.66247387695031,3.67995412825991,3.67996000893508,0.77548148899579,0.0563491812071504,0.0444841874298605,0.0112027549073226,10.3555848129336,924.378413935023,6.04735339919671e-05,0,0
19.3,6.1868975,3.6798570014447,0.75398404916659,3.66232612805845,3.67979203160345,3.67979834785239,0.775426063850368,0.0564710741440557,0.0444841874298605,0.0112027549073226,10.3555848129336,924.378413935023,6.49698412460431e-05,0,0
19.4,6.1861094,3.6796601018144,0.75392353569339,3.66221443977984,3.67966659991823,3.67966596834916,0.775365044116684,0.0565947293115727,0.0444841874298605,0.0112027549073226,10.3555848129336,924.378413935023,-6.49810383190896e-06,0,0
19.5,6.1865034,3.6794631018246,0.75386302992852,3.6620512501108,3.67948291437948,3.67948098923807,0.775303002800852,0.0567176663326659,0.0444841874298605,0.0112027549073226,10.3555848129336,924.378413935023,-1.98125548771522e-05,0,0
19.6,6.1874888,3.6793058014645,0.75380252030998,3.66186268994174,3.67927276357995,3.67927597297722,0.77524504050808,0.0568372592985656,0.0444841874298605,0.0112027549073226,10.3555848129336,924.378413935023,3.30378845507795e-05,0,0
19.7,6.1868975,3.6791482014747,0.75374200105333,3.66174512858323,3.67913892183995,3.67913982306314,0.775185233060725,0.0569568002174951,0.0444841874298605,0.0112027549073226,10.3555848129336,924.378413935023,9.27963474639526e-06,0,0
19.8,6.1882769,3.6791482,0.75368148758013,3.66154093530481,3.67891632355296,3.67893883738668,0.775142415045708,0.0570657020134678,0.0444841874298605,0.0112027549073226,10.3555848129336,924.378413935023,0.000231876447042811,0,0
19.9,6.1870947,3.6788332029774,0.75362096061514,3.66145148990504,3.67883017694665,3.67883047068361,0.77508211783451,0.0571833940168452,0.0444841874298605,0.0112027549073226,10.3555848129336,924.378413935023,3.02603074553431e-06,0,0
20,6.1878828,3.678715201121,0.75356044521315,3.66127548050014,3.67863542965925,3.67864317118088,0.775027628482139,0.0572965388273867,0.0444841874298605,0.0112027549073226,10.3555848129336,924.378413935023,7.97714617477574e-05,0,0
20.1,6.1872915,3.6785970011285,0.75349992210282,3.66116167949269,3.67851048860544,3.67851888228429,0.774973607738714,0.0574083707519589,0.0444841874298605,0.0112027549073226,10.3555848129336,924.378413935023,8.65125230595787e-05,0,0
20.2,6.1868975,3.6784394015122,0.75343940477594,3.6610400986592,3.67837856550932,3.67838446656459,0.774917639998236,0.0575201557778563,0.0444841874298605,0.0112027549073226,10.3555848129336,924.378413935023,6.08360028762078e-05,0,0
20.3,6.1865034,3.6782427018966,0.75337889130274,3.66091948701177,3.67824527369202,3.67824502428877,0.774856935153337,0.0576335728842436,0.0444841874298605,0.0112027549073226,10.3555848129336,924.378413935023,-2.5717954175164e-06,0,0
20.4,6.1872915,3.6780064022898,0.7533183816842,3.66074724166236,3.67805437735981,3.67804972601008,0.774792873328763,0.0577478481176309,0.0444841874298605,0.0112027549073226,10.3555848129336,924.378413935023,-4.79750700050907e-05,0,0
20.5,6.1867007,3.6779671003827,0.75325786435732,3.66063714633505,3.67792142615147,3.67792585339408,0.774735721164736,0.0578569946911134,0.0444841874298605,0.0112027549073226,10.3555848129336,924.378413935023,4.56742312278102e-05,0,0
20.6,6.1878828,3.6777701019276,0.753197352809,3.66044914605263,3.67771980418627,3.67772467846372,0.774678897240124,0.057964813078417,0.0444841874298605,0.0112027549073226,10.3555848129336,924.378413935023,5.02977413296968e-05,0,0
20.7,6.1872915,3.6775732019359,0.75313682969867,3.66034078258017,3.67759841810379,3.67759597500228,0.774616534411462,0.0580750740307742,0.0444841874298605,0.0112027549073226,10.3555848129336,924.378413935023,-2.52161678941931e-05,0,0
20.8,6.1882769,3.6774552011658,0.75307631237179,3.66016322553801,3.67740070385742,3.67740598270477,0.774559973776064,0.0581806487377719,0.0444841874298605,0.0112027549073226,10.3555848129336,924.378413935023,5.44973083820288e-05,0,0
20.9,6.1865034,3.6773369011744,0.75301578540681,3.66010915071793,3.67733434056958,3.67733458854531,0.77449963182109,0.0582876395934202,0.0444841874298605,0.0112027549073226,10.3555848129336,924.378413935023,2.56060482195508e-06,0,0
21,6.1867007,3.6771007023561,0.75295527578827,3.65996847032377,3.6771765085532,3.67716916891183,0.774433671362244,0.0583969551487499,0.0444841874298605,0.0112027549073226,10.3555848129336,924.378413935023,-7.58061970964619e-05,0,0
21.1,6.1874888,3.6769433015775,0.75289476423995,3.6598023364224,3.67698583557464,3.67698171829131,0.774370116046473,0.0585037461495524,0.0444841874298605,0.0112027549073226,10.3555848129336,924.378413935023,-4.25339971448224e-05,0,0
21.2,6.1876855,3.676785701587,0.7528342449833,3.65966326250028,3.67682562880229,3.67682176469734,0.774306753172441,0.0586094861512978,0.0444841874298605,0.0112027549073226,10.3555848129336,924.378413935023,-3.99272152868946e-05,0,0
21.3,6.1872915,3.6766281015944,0.75277372380274,3.65955127795881,3.67669294563789,3.67668667146893,0.774241635681587,0.0587153836403074,0.0444841874298605,0.0112027549073226,10.3555848129336,924.378413935023,-6.48440434898312e-05,0,0
21.4,6.1880796,3.676470801599,0.75271320647586,3.65938758114865,3.67650633052539,3.67650289355874,0.774178611849576,0.058818883276175,0.0444841874298605,0.0112027549073226,10.3555848129336,924.378413935023,-3.55289263853642e-05,0,0
21.5,6.1868975,3.6763132016094,0.75265268144065,3.65931225565472,3.67641109963047,3.67640163126246,0.774111212684338,0.0589243706949276,0.0444841874298605,0.0112027549073226,10.3555848129336,924.378413935023,-9.78980210706304e-05,0,0
21.6,6.1876855,3.6761951012117,0.75259216796745,3.65915023931717,3.67622334834735,3.67622061695259,0.774048725036719,0.0590254958970405,0.0444841874298605,0.0112027549073226,10.3555848129336,924.378413935023,-2.82471356483072e-05,0,0
21.7,6.1857158,3.6760375016244,0.7525316467869,3.65911160952465,3.67616588954316,3.67615347748212,0.773979272602915,0.0591304229934308,0.0444841874298605,0.0112027549073226,10.3555848129336,924.378413935023,-0.000128387918756356,0,0
21.8,6.1882769,3.6758800016309,0.7524711448718,3.65887245262436,3.67589843536275,3.67589665362603,0.773917494283019,0.0592289917793974,0.0444841874298605,0.0112027549073226,10.3555848129336,924.378413935023,-1.84337318520633e-05,0,0
21.9,6.1874888,3.6756833020461,0.75241061790681,3.65878277474264,3.675791251506,3.675780819638,0.773849526987406,0.0593311164803254,0.0444841874298605,0.0112027549073226,10.3555848129336,924.378413935023,-0.000107949459902112,0,0
22,6.1870947,3.6755650012362,0.75235009865016,3.65867644184236,3.67565896255956,3.67564988429384,0.773782561184823,0.0594315343497037,0.0444841874298605,0.0112027549073226,10.3555848129336,924.378413935023,-9.39613233561509e-05,0,0
22.1,6.1868975,3.6754470012386,0.75228958324816,3.65856216824921,3.67552027850425,3.67551320008996,0.773717041257229,0.0595299795733464,0.0444841874298605,0.0112027549073226,10.3555848129336,924.378413935023,-7.32772656530933e-05,0,0
22.2,6.1872915,3.6752894016619,0.75222906977496,3.65842238343111,3.67535826393661,3.6753516133212,0.77365184612103,0.0596272613516326,0.0444841874298605,0.0112027549073226,10.3555848129336,924.378413935023,-6.8862274708259e-05,0,0
22.3,6.1870947,3.6751320016672,0.75216855244809,3.65830959234211,3.67522384813507,3.67521497948629,0.773585112726917,0.0597247677371774,0.0444841874298605,0.0112027549073226,10.3555848129336,924.378413935023,-9.18464678667519e-05,0,0
22.4,6.1857158,3.674935102095,0.75210803704609,3.65825015936049,3.67514075867772,3.67512090445419,0.773510741270814,0.0598268196851778,0.0444841874298605,0.0112027549073226,10.3555848129336,924.378413935023,-0.000205656582717317,0,0
22.5,6.1865034,3.67497439958,0.75204753513099,3.65809525287843,3.67495144751761,3.67495366289675,0.773451778826851,0.0599167193005656,0.0444841874298605,0.0112027549073226,10.3555848129336,924.378413935023,2.29520623924451e-05,0,0
22.6,6.1878828,3.6747382025356,0.75198702551244,3.6579146651254,3.67475865384636,3.67475668022291,0.773389903578617,0.0600079443214273,0.0444841874298605,0.0112027549073226,10.3555848129336,924.378413935023,-2.04513107573412e-05,0,0
22.7,6.1868975,3.6744626029715,0.75192650240212,3.65783983948847,3.67466758142972,3.67464780404267,0.773315753758827,0.0601074474678581,0.0444841874298605,0.0112027549073226,10.3555848129336,924.378413935023,-0.000204978458215876,0,0
22.8,6.1868975,3.6744232004267,0.75186598892892,3.6577220195447,3.67451594421202,3.67450699749339,0.773249101994392,0.0602004306498723,0.0444841874298605,0.0112027549073226,10.3555848129336,924.378413935023,-9.27437853168733e-05,0,0
22.9,6.1867007,3.6741869025702,0.75180547545572,3.65761366909248,3.67438478573312,3.67436570009017,0.773175549041528,0.0602977074960242,0.0444841874298605,0.0112027549073226,10.3555848129336,924.378413935023,-0.000197883162916579,0,0
23,6.1865034,3.6740687012913,0.7517449639074,3.65750607158317,3.67424446798567,3.67422751858928,0.773103506000777,0.0603929740603342,0.0444841874298605,0.0112027549073226,10.3555848129336,924.378413935023,-0.000175766694371582,0,0
23.1,6.1861094,3.673911301727,0.75168445428885,3.65740794786282,3.67411597467636,3.6740962414317,0.77302962686918,0.0604887689058044,0.0444841874298605,0.0112027549073226,10.3555848129336,924.378413935023,-0.000204672949360329,0,0
23.2,6.1876855,3.6738324008695,0.75162394852399,3.65722292520923,3.67389802500708,3.67389169910078,0.772964853014233,0.0605767237621726,0.0444841874298605,0.0112027549073226,10.3555848129336,924.378413935023,-6.56241375791566e-05,0,0
23.3,6.1874888,3.6737144013059,0.75156342734343,3.65711727048147,3.67377300875888,3.67376736025061,0.772900536533029,0.0606636648759209,0.0444841874298605,0.0112027549073226,10.3555848129336,924.378413935023,-5.8607452976478e-05,0,0
23.4,6.1882769,3.6735175021885,0.75150290808678,3.65696851241307,3.6736057199552,3.67359721916241,0.77283432899286,0.0607512433444919,0.0444841874298605,0.0112027549073226,10.3555848129336,924.378413935023,-8.82177667018702e-05,0,0
23.5,6.1868975,3.6733994013182,0.75144238112179,3.65691675881423,3.67353274960767,3.67351990224643,0.772765240468757,0.0608403499797388,0.0444841874298605,0.0112027549073226,10.3555848129336,924.378413935023,-0.000133348289469648,0,0
23.6,6.1861094,3.6733205008845,0.75138186764859,3.65683952959833,3.67343014370667,3.67341958208845,0.772697717380369,0.0609272795741428,0.0444841874298605,0.0112027549073226,10.3555848129336,924.378413935023,-0.000109642822168077,0,0
23.7,6.1882769,3.6730845026567,0.75132136188373,3.65663157512885,3.6731992718685,3.67318821836179,0.772629905337634,0.0610135679449617,0.0444841874298605,0.0112027549073226,10.3555848129336,924.378413935023,-0.000114769211803534,0,0
23.8,6.1882769,3.6731237995557,0.75126083491874,3.65652044622824,3.67306490829756,3.67307057917909,0.772573111618731,0.0610904570154907,0.0444841874298605,0.0112027549073226,10.3555848129336,924.378413935023,5.88912581394041e-05,0,0
23.9,6.1870947,3.6728086035782,0.75120030795376,3.65646255714251,3.67300059723671,3.67298211254036,0.772500464844503,0.0611793880084854,0.0444841874298605,0.0112027549073226,10.3555848129336,924.378413935023,-0.000191993658507972,0,0
24,6.1876855,3.6726906013452,0.75113979255176,3.65632657752094,3.67283425034621,3.67282042250559,0.772430919340164,0.0612648971281518,0.0444841874298605,0.0112027549073226,10.3555848129336,924.378413935023,-0.00014364900101338,0,0
24.1,6.1876855,3.6726513004499,0.75107927137121,3.65621744834606,3.67269959557301,3.67269494740338,0.772367374850987,0.061344778366956,0.0444841874298605,0.0112027549073226,10.3555848129336,924.378413935023,-4.82951231077777e-05,0,0
24.2,6.1888672,3.6723363036209,0.75101875019065,3.65605638363763,3.67252232117717,3.67250442088289,0.772295257083282,0.0614309926389923,0.0444841874298605,0.0112027549073226,10.3555848129336,924.378413935023,-0.000186017556269125,0,0
24.3,6.1874888,3.6722968004559,0.750958217452,3.65600969274497,3.67244637164191,3.67243198092864,0.772225438335555,0.0615146538849172,0.0444841874298605,0.0112027549073226,10.3555848129336,924.378413935023,-0.000149571186007336,0,0
24.4,6.1882769,3.6721394018243,0.75089769819535,3.65586740550785,3.67227851876491,3.67226513608341,0.772156317585252,0.0615968458505022,0.0444841874298605,0.0112027549073226,10.3555848129336,924.378413935023,-0.000139116940610418,0,0
24.5,6.1872915,3.6720607009158,0.75083717123036,3.65580453378479,3.6721912661254,3.6721787081415,0.772087750885279,0.0616779111563331,0.0444841874298605,0.0112027549073226,10.3555848129336,924.378413935023,-0.000130565209601308,0,0
24.6,6.1882769,3.6717849032227,0.75077665390349,3.65565471373692,3.67201806080038,3.67199563892707,0.772012935012861,0.0617634644487662,0.0444841874298605,0.0112027549073226,10.3555848129336,924.378413935023,-0.000233157577677279,0,0
24.7,6.1865034,3.6717062009233,0.7507161269385,3.65562810935447,3.67195842818683,3.67193417633712,0.771937002752993,0.0618493375212708,0.0444841874298605,0.0112027549073226,10.3555848129336,924.378413935023,-0.000252227263529914,0,0
24.8,6.1874888,3.67158820139,0.75065561731996,3.6554795774148,3.67177526680678,3.67175728317538,0.771865113857015,0.0619308148985029,0.0444841874298605,0.0112027549073226,10.3555848129336,924.378413935023,-0.000187065416781262,0,0
24.9,6.1878828,3.6714699013991,0.75059509806331,3.65535782933855,3.67162535159952,3.67161040966673,0.771795176503979,0.0620099808244216,0.0444841874298605,0.0112027549073226,10.3555848129336,924.378413935023,-0.000155450200417295,0,0
25,6.1868975,3.6713126018679,0.75053457495298,3.6552979773975,3.67154055074383,3.67151864363302,0.771720898178879,0.0620922816203705,0.0444841874298605,0.0112027549073226,10.3555848129336,924.378413935023,-0.000227948875925588,0,0
25.1,6.1867007,3.6712337009406,0.75047406147978,3.65520374173825,3.67141461284357,3.67139722893234,0.771649511377605,0.0621712300013404,0.0444841874298605,0.0112027549073226,10.3555848129336,924.378413935023,-0.000180911902971648,0,0
25.2,6.1890645,3.6710370023545,0.75041354993146,3.65499619492421,3.67118007320696,3.67116632757342,0.771580434989607,0.0622474165769291,0.0444841874298605,0.0112027549073226,10.3555848129336,924.378413935023,-0.000143070852460347,0,0
25.3,6.1878828,3.6709187014216,0.75035301526303,3.65494666250231,3.67110735162296,3.67108922968475,0.771508651544213,0.0623255760256204,0.0444841874298605,0.0112027549073226,10.3555848129336,924.378413935023,-0.000188650201363938,0,0
25.4,6.1870947,3.6708400009495,0.7502924921527,3.6548803203997,3.67101363139717,3.67099695479535,0.771437816002865,0.0624020836303496,0.0444841874298605,0.0112027549073226,10.3555848129336,924.378413935023,-0.000173630447674711,0,0
25.5,6.1874888,3.6707611009556,0.75023197675071,3.65476203660826,3.6708695929287,3.67085917421498,0.77137088219701,0.0624743072573989,0.0444841874298605,0.0112027549073226,10.3555848129336,924.378413935023,-0.000108491973099145,0,0
25.6,6.1874888,3.6705251028698,0.75017145749406,3.65466178981065,3.67074999245183,3.67072839904479,0.771297110370628,0.0625521503382964,0.0444841874298605,0.0112027549073226,10.3555848129336,924.378413935023,-0.000224889582034926,0,0
25.7,6.1865034,3.6704855004834,0.75011093823741,3.65460592381435,3.67066380008359,3.67064668267376,0.771226124903368,0.0626267685813548,0.0444841874298605,0.0112027549073226,10.3555848129336,924.378413935023,-0.000178299600190002,0,0
25.8,6.1872915,3.6703675014461,0.75005042861886,3.65447181895049,3.67050402110239,3.67049091663987,0.771157632588957,0.062698332645209,0.0444841874298605,0.0112027549073226,10.3555848129336,924.378413935023,-0.000136519656294798,0,0
25.9,6.1876855,3.6701705024235,0.74998991129198,3.65435568954517,3.67036638365035,3.67034758383055,0.771085705688523,0.0627725303498591,0.0444841874298605,0.0112027549073226,10.3555848129336,924.378413935023,-0.000195881226850325,0,0
26,6.1867007,3.6699736024317,0.74992939011143,3.65430138005,3.67028505350655,3.67025516611317,0.771007112954744,0.0628523649521469,0.0444841874298605,0.0112027549073226,10.3555848129336,924.378413935023,-0.00031145107484587,0,0
26.1,6.1884731,3.6697769024385,0.74986887856311,3.65412505729532,3.670070864145,3.67004265910073,0.770929609885508,0.0629304188940862,0.0444841874298605,0.0112027549073226,10.3555848129336,924.378413935023,-0.000293961706498092,0,0
26.2,6.1876855,3.6698162995097,0.74980834967911,3.6540629303421,3.66997278350705,3.66995777130997,0.770860070395115,0.063000447088757,0.0444841874298605,0.0112027549073226,10.3555848129336,924.378413935023,-0.000156483997348467,0,0
26.3,6.1870947,3.6696587019687,0.74974782849856,3.65399265559923,3.66987990453007,3.66985868658842,0.77078686032767,0.0630732840471075,0.0444841874298605,0.0112027549073226,10.3555848129336,924.378413935023,-0.000221202561374589,0,0
26.4,6.1874888,3.6695013019738,0.74968731309656,3.65387914673261,3.66973777505819,3.66971509552779,0.770712831326885,0.0631462272747479,0.0444841874298605,0.0112027549073226,10.3555848129336,924.378413935023,-0.000236473084387345,0,0
26.5,6.1876855,3.6694617004984,0.74962679383991,3.6537748789324,3.66960362097686,3.66959001163528,0.770644232339367,0.063213340606546,0.0444841874298605,0.0112027549073226,10.3555848129336,924.378413935023,-0.000141920478456736,0,0
26.6,6.1868975,3.6693437014909,0.74956627265935,3.65371489279064,3.6695229630757,3.66950577530926,0.770573543800555,0.0632819106754009,0.0444841874298605,0.0112027549073226,10.3555848129336,924.378413935023,-0.000179261584796642,0,0
26.7,6.1872915,3.6691074029968,0.74950575918615,3.65360291273425,3.66938689577506,3.6693601014131,0.770497237239655,0.0633553070127852,0.0444841874298605,0.0112027549073226,10.3555848129336,924.378413935023,-0.000279492778259893,0,0
26.8,6.1868975,3.6690288010006,0.74944524185928,3.65352643148079,3.66927693558522,3.66925315069265,0.770422750898436,0.0634263397416064,0.0444841874298605,0.0112027549073226,10.3555848129336,924.378413935023,-0.000248134584621695,0,0
26.9,6.1872915,3.6689105015115,0.74938472838608,3.65341542801156,3.66913565914338,3.66911407960875,0.770349608873701,0.0634954038559156,0.0444841874298605,0.0112027549073226,10.3555848129336,924.378413935023,-0.000225157631883466,0,0
27,6.1870947,3.6686349035346,0.7493242110592,3.65333114167836,3.66902348785073,3.66898625017062,0.770267377193902,0.0635729856558209,0.0444841874298605,0.0112027549073226,10.3555848129336,924.378413935023,-0.000388584316127982,0,0
27.1,6.1872915,3.6685956005059,0.7492636956572,3.65322984578345,3.66887891757778,3.66885177116346,0.770191088024656,0.0636439718646667,0.0444841874298605,0.0112027549073226,10.3555848129336,924.378413935023,-0.000283317071878564,0,0
27.2,6.1872915,3.6685169010168,0.74920317833032,3.65313775386762,3.66875385267815,3.66873115181898,0.770117426630951,0.0637117383565087,0.0444841874298605,0.0112027549073226,10.3555848129336,924.378413935023,-0.000236951661348961,0,0
27.3,6.1868975,3.6683593020436,0.74914266100345,3.65306365644834,3.66865141134964,3.66862342983874,0.770040764643391,0.0637819812951687,0.0444841874298605,0.0112027549073226,10.3555848129336,924.378413935023,-0.000292109306035293,0,0
27.4,6.1872915,3.6683593,0.74908214753025,3.65295501390429,3.668509356058,3.66849498386793,0.769971987808611,0.0638435523677425,0.0444841874298605,0.0112027549073226,10.3555848129336,924.378413935023,-0.000150056058000558,0,0
27.5,6.1874888,3.6680443041145,0.74902163020337,3.65285553458915,3.66839020665092,3.66835708078567,0.769892491068317,0.0639156389424087,0.0444841874298605,0.0112027549073226,10.3555848129336,924.378413935023,-0.000345902536420972,0,0
27.6,6.1874888,3.6679657010304,0.74896111094672,3.65276526375323,3.66826175043563,3.66823340245336,0.769815786348742,0.0639842808026065,0.0444841874298605,0.0112027549073226,10.3555848129336,924.378413935023,-0.000296049405232868,0,0
27.7,6.1880796,3.6679657,0.74890059169007,3.65264916187191,3.66811245050393,3.66809840030602,0.769747272828574,0.0640438424947273,0.0444841874298605,0.0112027549073226,10.3555848129336,924.378413935023,-0.000146750503930093,0,0
27.8,6.1868975,3.6678081020811,0.74884006665485,3.65261230414062,3.66805681901746,3.66803300934164,0.769673247346788,0.0641087041272529,0.0444841874298605,0.0112027549073226,10.3555848129336,924.378413935023,-0.000248716936357862,0,0
27.9,6.1884731,3.6676898015677,0.74877955318165,3.65245335013875,3.66786951290033,3.66785231128362,0.769603013832448,0.0641689195877114,0.0444841874298605,0.0112027549073226,10.3555848129336,924.378413935023,-0.00017971133263428,0,0
28,6.1870947,3.6674931026161,0.74871902429766,3.65242605847919,3.66782061912482,3.66778927377874,0.769524833449049,0.0642371788195623,0.0444841874298605,0.0112027549073226,10.3555848129336,924.378413935023,-0.000327516508716208,0,0
28.1,6.1874888,3.6674931,0.74865850889566,3.65232051084207,3.66767954745137,3.6676617054822,0.769454304994664,0.0642966109632888,0.0444841874298605,0.0112027549073226,10.3555848129336,924.378413935023,-0.000186447451373972,0,0
28.2,6.1876855,3.6672962026375,0.74859798963901,3.65222412776277,3.66756128629061,3.6675359223852,0.769379599722308,0.0643600421736729,0.0444841874298605,0.0112027549073226,10.3555848129336,924.378413935023,-0.000265083653105957,0,0
28.3,6.1878828,3.6671386021185,0.74853746845845,3.6521281202987,3.66743606352934,3.66740760509287,0.76930321568673,0.0644247763579724,0.0444841874298605,0.0112027549073226,10.3555848129336,924.378413935023,-0.00029746141083864,0,0
28.4,6.1872915,3.6670599010617,0.74847694534813,3.65206759142229,3.66734342594643,3.66731630410416,0.769227625781512,0.0644881442660404,0.0444841874298605,0.0112027549073226,10.3555848129336,924.378413935023,-0.000283524884725495,0,0
28.5,6.1870947,3.6669419015974,0.74841642802125,3.65198999848493,3.66723525272999,3.66720719427549,0.769151573780981,0.0645514404437072,0.0444841874298605,0.0112027549073226,10.3555848129336,924.378413935023,-0.000293351132587993,0,0
28.6,6.1865034,3.6668236016071,0.74835591261925,3.65193038964944,3.66714432276764,3.66711365007288,0.769074133237388,0.0646157237124766,0.0444841874298605,0.0112027549073226,10.3555848129336,924.378413935023,-0.000320721160535165,0,0
28.7,6.1876855,3.6666660021484,0.74829540300071,3.65179236871837,3.666972575888,3.66694325966778,0.768997500999553,0.0646785448939325,0.0444841874298605,0.0112027549073226,10.3555848129336,924.378413935023,-0.000306573739602634,0,0
28.8,6.1874888,3.6667055994583,0.74823488182015,3.65171595084117,3.66686398844055,3.66684884421536,0.768928678881406,0.0647323297663197,0.0444841874298605,0.0112027549073226,10.3555848129336,924.378413935023,-0.000158388982253399,0,0
28.9,6.1867007,3.6663904043268,0.7481743625635,3.65166626462904,3.66679642037443,3.66675760402278,0.768846953932435,0.0647999894056025,0.0444841874298605,0.0112027549073226,10.3555848129336,924.378413935023,-0.000406016047625801,0,0
29,6.1870947,3.6663117010841,0.74811385101518,3.65156448113747,3.66665333602092,3.66662067847335,0.768768660240464,0.0648632116080583,0.0444841874298605,0.0112027549073226,10.3555848129336,924.378413935023,-0.00034163493681616,0,0
29.1,6.1865034,3.6662331010864,0.74805333561319,3.65150687520177,3.66656080313303,3.66652948105468,0.768691146008119,0.0649250952204031,0.0444841874298605,0.0112027549073226,10.3555848129336,924.378413935023,-0.000327702046630129,0,0
29.2,6.1857158,3.6661148016408,0.74799282599464,3.65145845842631,3.66647900048026,3.66644419397278,0.768611808487894,0.0649884925130546,0.0444841874298605,0.0112027549073226,10.3555848129336,924.378413935023,-0.000364198839462926,0,0
29.3,6.1868975,3.6660361010953,0.74793232407954,3.65132291401496,3.66630681026596,3.66628094150225,0.768537359110244,0.0650457597795856,0.0444841874298605,0.0112027549073226,10.3555848129336,924.378413935023,-0.00027070917065819,0,0
29.4,6.1868975,3.6658392027497,0.74787181060634,3.65124018129439,3.66619653959165,3.66616239659351,0.768458496981052,0.0651077202513028,0.0444841874298605,0.0112027549073226,10.3555848129336,924.378413935023,-0.000357336841954492,0,0
29.5,6.1874888,3.6657605011027,0.74781129713314,3.6511315228838,3.66605228663229,3.66602441007748,0.768383051102791,0.0651652700275545,0.0444841874298605,0.0112027549073226,10.3555848129336,924.378413935023,-0.000291785529585642,0,0
29.6,6.1876855,3.6656029022159,0.74775077787649,3.65104072430362,3.66593233882943,3.66590086866328,0.768305729005445,0.0652245819546877,0.0444841874298605,0.0112027549073226,10.3555848129336,924.378413935023,-0.000329436613533129,0,0
29.7,6.1870947,3.6654849016646,0.74769025669593,3.65098530565891,3.66584437615216,3.66581004033443,0.768226934019285,0.0652851552802983,0.0444841874298605,0.0112027549073226,10.3555848129336,924.378413935023,-0.000359474487556355,0,0
29.8,6.1870947,3.6654849,0.74762974129394,3.6509040413394,3.66572791643589,3.66570470684717,0.768154105957743,0.0653382338398216,0.0444841874298605,0.0112027549073226,10.3555848129336,924.378413935023,-0.000243016435894639,0,0
29.9,6.1874888,3.6652486033559,0.74756922589194,3.65080560948676,3.66560556182327,3.66557147376339,0.768075564762381,0.0653975815418367,0.0444841874298605,0.0112027549073226,10.3555848129336,924.378413935023,-0.000356958467366386,0,0
30,6.1874888,3.6652486,0.74750870663529,3.65072502384784,3.66549038510342,3.6654672981167,0.768002876030205,0.0654496022311318,0.0444841874298605,0.0112027549073226,10.3555848129336,924.378413935023,-0.000241785103417325,0,0
30.1,-0,3.9070232459829,0.74744818737864,3.92589020684464,3.94063212088269,3.93742330262328,0.76625632005579,0.0674858362807177,0.0444841874298605,0.0112027549073226,10.3555848129336,924.378413935023,-0.0336088748997936,0,0
30.2,-0,3.9109767283682,0.74744818737864,3.92651990124789,3.93807185160534,3.93548521140704,0.76490150505986,0.0684518329744825,0.0444841874298605,0.0112027549073226,10.3555848129336,924.378413935023,-0.0270951232371441,0,0
30.3,-0,3.9126856401661,0.74744818737864,3.92714354419372,3.93614304376183,3.93390391593406,0.763732410447512,0.0691942903239263,0.0444841874298605,0.0112027549073226,10.3555848129336,924.378413935023,-0.0234574035957342,0,0
30.4,-0,3.9139693023733,0.74744818737864,3.92776119383756,3.93456888341505,3.93260275582853,0.762709084532214,0.0697612029344416,0.0444841874298605,0.0112027549073226,10.3555848129336,924.378413935023,-0.020599581041751,0,0
30.5,-0,3.9149772474526,0.74744818737864,3.92837290777592,3.93327317142451,3.93152709872774,0.761803141734957,0.0701868362064892,0.0444841874298605,0.0112027549073226,10.3555848129336,924.378413935023,-0.0182959239719129,0,0
30.6,-0,3.9158671668344,0.74744818737864,3.92897874305182,3.93220160472314,3.93064288821779,0.760996935013748,0.0704925846090462,0.0444841874298605,0.0112027549073226,10.3555848129336,924.378413935023,-0.0163344378887396,0,0
30.7,-0,3.916678349091,0.74744818737864,3.9295787561601,3.93132033250108,3.92992326267034,0.760276586214531,0.0706953520436922,0.0444841874298605,0.0112027549073226,10.3555848129336,924.378413935023,-0.0146419834100771,0,0
30.8,-0,3.917426509054,0.74744818737864,3.93017300305265,3.93060265557901,3.92934557771822,0.759630430885978,0.0708094135066668,0.0444841874298605,0.0112027549073226,10.3555848129336,924.378413935023,-0.0131761465250086,0,0
30.9,-0,3.918127310178,0.74744818737864,3.93076153914366,3.93002606677461,3.92889097443516,0.759048782490246,0.0708466777278,0.0444841874298605,0.0112027549073226,10.3555848129336,924.378413935023,-0.0118987565966133,0,0
31,-0,3.9187731107204,0.74744818737864,3.9313444193148,3.92957182160628,3.92854177312738,0.758522588204031,0.0708183289014758,0.0446536216226208,0.0273965668557106,12.4175974669937,453.253779292617,-0.0107987108858834,1,0
31.1,-0,3.9193559118576,0.74744818737864,3.9319216979203,3.92910978912164,3.92817805895672,0.758056021340311,0.0708472762634152,0.0446536216226208,0.0273965668557106,12.4175974669937,453.253779292617,-0.00975387726403643,0,0
31.2,-0,3.919954330665,0.74744818737864,3.93249342879204,3.92874630713048,3.92790556015934,0.757642671977078,0.0708231923885723,0.0446536216226208,0.0273965668557106,12.4175974669937,453.253779292617,-0.00879197646548402,0,0
31.3,-0,3.9204898529738,0.74744818737864,3.93305966524458,3.9284736151624,3.92770955779994,0.757273318133374,0.0707541793404058,0.0446536216226208,0.0273965668557106,12.4175974669937,453.253779292617,-0.00798376218859875,0,0
31.4,-0,3.9210333711883,0.74744818737864,3.93362046008011,3.92827705926671,3.92758344331444,0.756943188438045,0.070643422172211,0.0446536216226208,0.0273965668557106,12.4175974669937,453.253779292617,-0.00724368807840836,0,0
31.5,-0,3.9215058541109,0.74744818737864,3.93417586559337,3.92815005642584,3.92751360311524,0.756644570014128,0.0704990003983168,0.0446536216226208,0.0273965668557106,12.4175974669937,453.253779292617,-0.00664420231493557,0,0
31.6,-0,3.9219940117266,0.74744818737864,3.93472593357657,3.92807905785594,3.9274960252713,0.756374598395839,0.070322870664361,0.0446536216226208,0.0273965668557106,12.4175974669937,453.253779292617,-0.00608504612933558,0,0
31.7,-0,3.922403495257,0.74744818737864,3.93527071532416,3.92806006731972,3.92751801371857,0.756126632602678,0.0701229640585163,0.0446536216226208,0.0273965668557106,12.4175974669937,453.253779292617,-0.00565657206271952,0,0
31.8,-0,3.922812992863,0.74744818737864,3.93581026163766,3.92808045236641,3.92757565661425,0.755898283177766,0.0699014779622251,0.0446536216226208,0.0273965668557106,12.4175974669937,453.253779292617,-0.0052674595034059,0,0
31.9,-0,3.9232383340315,0.74744818737864,3.93634462283038,3.92813631877785,3.92766693108517,0.755688135127155,0.0696594199750872,0.0446536216226208,0.0273965668557106,12.4175974669937,453.253779292617,-0.00489798474634728,0,0
32,-0,3.9236793928181,0.74744818737864,3.9368738487321,3.92822565176257,3.92778999028142,0.75549494093549,0.0693977418411485,0.0444967176642545,0.0278220921301984,13.511316201408,485.632645387681,-0.00454625894446892,1,0
32.1,-0,3.924128193398,0.74744818737864,3.93739798869374,3.92830172103965,3.92790153432447,0.755320391680724,0.0691609568058157,0.0444967176642545,0.0278220921301984,13.511316201408,485.632645387681,-0.00417352764164969,0,0
32.2,-0,3.9245377339754,0.74744818737864,3.93791709159193,3.92841151905779,3.9280399141989,0.755160756687172,0.0689080370840284,0.0444967176642545,0.0278220921301984,13.511316201408,485.632645387681,-0.00387378508238578,0,0
32.3,-0,3.9248606557717,0.74744818737864,3.93843120583362,3.92854803393204,3.92819420802548,0.755010870595676,0.0686461983535475,0.0444967176642545,0.0278220921301984,13.511316201408,485.632645387681,-0.00368737816033837,0,0
32.4,-0,3.9252308133331,0.74744818737864,3.93894037936054,3.92870039699072,3.9283674087743,0.754871614234278,0.0683730796480007,0.0444967176642545,0.0278220921301984,13.511316201408,485.632645387681,-0.00346958365762262,0,0
32.5,-0,3.9256402539239,0.74744818737864,3.9394446596537,3.92887158379444,3.928561430225,0.754743432589328,0.0680870864703082,0.0444967176642545,0.0278220921301984,13.511316201408,485.632645387681,-0.00323132987054153,0,0
32.6,-0,3.9259630557324,0.74744818737864,3.93994409373781,3.9290634963652,3.92876589427159,0.754621769689622,0.0677953279674589,0.0444967176642545,0.0278220921301984,13.511316201408,485.632645387681,-0.00310044063279635,0,0
32.7,-0,3.9262622951074,0.74744818737864,3.94043872818565,3.92926580901902,3.92897751264804,0.754505086219439,0.0674999879296974,0.0444967176642545,0.0278220921301984,13.511316201408,485.632645387681,-0.00300351391162446,0,0
32.8,-0,3.9266482132508,0.74744818737864,3.94092860912246,3.92947524959289,3.92920390379064,0.754396272576173,0.0671955218123582,0.0444967176642545,0.0278220921301984,13.511316201408,485.632645387681,-0.00282703634209192,0,0
32.9,-0,3.9269632163089,0.74744818737864,3.94141378223018,3.92969939563827,3.92943678770493,0.75429185586207,0.0668877177679095,0.0444967176642545,0.0278220921301984,13.511316201408,485.632645387681,-0.00273617932937054,0,0
33,-0,3.9273176132097,0.74744818737864,3.94189429275175,3.92993000984186,3.92967930277668,0.754192951678858,0.0665742378669838,0.0447933317415756,0.0215827624716341,10.6575213172232,493.797832007383,-0.00261239663216406,1,0
33.1,-0,3.9276326762848,0.74744818737864,3.94237018549534,3.93030105032906,3.9300455548946,0.75409031026434,0.0661343394156987,0.0447933317415756,0.0215827624716341,10.6575213172232,493.797832007383,-0.00266837404426123,0,0
33.2,-0,3.9279397744128,0.74744818737864,3.94284150483846,3.93066319416435,3.93040288849315,0.753984077512118,0.0657007826598575,0.0447933317415756,0.0215827624716341,10.6575213172232,493.797832007383,-0.00272341975154999,0,0
33.3,-0,3.9282468556408,0.74744818737864,3.9433082947322,3.93101647870638,3.93075211666744,0.753874710141426,0.0652730822053562,0.0447933317415756,0.0215827624716341,10.6575213172232,493.797832007383,-0.00276962306557627,0,0
33.4,-0,3.9285460950026,0.74744818737864,3.94377059870522,3.9313617125171,3.93109323945493,0.753762327982485,0.0648513239942407,0.0447933317415756,0.0215827624716341,10.6575213172232,493.797832007383,-0.00281561751449777,0,0
33.5,-0,3.9288138162415,0.74744818737864,3.94422845986791,3.93169889643658,3.93142401661513,0.753646091869177,0.064437146156169,0.0447933317415756,0.0215827624716341,10.6575213172232,493.797832007383,-0.00288508019508305,0,0
33.6,-0,3.9291446337134,0.74744818737864,3.94468192091634,3.9320258055231,3.93175146029436,0.753529067389153,0.0640257361373468,0.0447933317415756,0.0215827624716341,10.6575213172232,493.797832007383,-0.00288117180969927,0,0
33.7,-0,3.9294439762175,0.74744818737864,3.94513102413625,3.93234940697777,3.93207287305631,0.75341022735037,0.0636190543526118,0.0447933317415756,0.0215827624716341,10.6575213172232,493.797832007383,-0.00290543076026673,0,0
33.8,-0,3.9297274349443,0.74744818737864,3.94557581140703,3.9326670216729,3.93238732646861,0.75328926419226,0.0632178085562809,0.0447933317415756,0.0215827624716341,10.6575213172232,493.797832007383,-0.00293958672859551,0,0
33.9,-0,3.9299479574623,0.74744818737864,3.94601632420561,3.93297772778594,3.93268951809952,0.753163948514966,0.062825701561403,0.0447933317415756,0.0215827624716341,10.6575213172232,493.797832007383,-0.00302977032364149,0,0
34,-0,3.9302472136418,0.74744818737864,3.9464526036103,3.93327625746633,3.9329881633707,0.753038118527802,0.0624367719033085,0.0454703534564699,0.0151977946607959,7.32884359422768,482.230728720997,-0.00302904382453351,1,0
34.1,-0,3.9305464161742,0.74744818737864,3.94688469030464,3.93383430963996,3.93352300680367,0.752894998134513,0.0617992380286275,0.0454703534564699,0.0151977946607959,7.32884359422768,482.230728720997,-0.00328789346576253,0,0
34.2,-0,3.9307826761614,0.74744818737864,3.94731262458121,3.93436051318184,3.93402287133163,0.75273291021339,0.061183073651044,0.0454703534564699,0.0151977946607959,7.32884359422768,482.230728720997,-0.00357783702043557,0,0
34.3,-0,3.9310897742277,0.74744818737864,3.94773644634537,3.93485202741921,3.93449781227168,0.752556534209708,0.0605815810064569,0.0454703534564699,0.0151977946607959,7.32884359422768,482.230728720997,-0.00376225319150647,0,0
34.4,-0,3.9313732761389,0.74744818737864,3.94815619511897,3.93531881690072,3.93494794326073,0.752366053955745,0.0599947783595928,0.0454703534564699,0.0151977946607959,7.32884359422768,482.230728720997,-0.00394554076181608,0,0
34.5,-0,3.9316569148347,0.74744818737864,3.94857191004407,3.93576099551082,3.93537562678475,0.752162862723247,0.0594213029121652,0.0454703534564699,0.0151977946607959,7.32884359422768,482.230728720997,-0.00410408067612389,0,0
34.6,-0,3.9319010167673,0.74744818737864,3.94898362988655,3.93618090726677,3.93577928740693,0.751946336913253,0.0588622826619093,0.0454703534564699,0.0151977946607959,7.32884359422768,482.230728720997,-0.00427989049946609,0,0
34.7,-0,3.9321687548065,0.74744818737864,3.94939139303975,3.93657699201844,3.93616346574869,0.751719152369284,0.0583150969343118,0.0454703534564699,0.0151977946607959,7.32884359422768,482.230728720997,-0.00440823721193917,0,0
34.8,-0,3.9324602154427,0.74744818737864,3.94979523752805,3.93695375487173,3.93653227269096,0.751483885014742,0.0577774831015434,0.0454703534564699,0.0151977946607959,7.32884359422768,482.230728720997,-0.00449353942902908,0,0
34.9,-0,3.9325940793485,0.74744818737864,3.95019520101041,3.93731527604433,3.93687241895158,0.751233358184558,0.0572575811103747,0.0454703534564699,0.0151977946607959,7.32884359422768,482.230728720997,-0.00472119669582716,0,0
35,-0,3.9328459534565,0.74744818737864,3.95059132078387,3.93764837656704,3.93719783059875,0.750975614937159,0.0567472358746638,0.0458735654491989,0.0129494313917161,6.16631367042862,476.184126074699,-0.00480242311054457,1,0
35.1,-0,3.9331451760604,0.74744818737864,3.95098363378705,3.93811068675802,3.93764576509167,0.750701425102786,0.0561025671878385,0.0458735654491989,0.0129494313917161,6.16631367042862,476.184126074699,-0.0049655106976183,0,0
35.2,-0,3.933334257365,0.74744818737864,3.95137217660359,3.93854825088184,3.93806068703425,0.750406448294096,0.0554759961707725,0.0458735654491989,0.0129494313917161,6.16631367042862,476.184126074699,-0.00521399351683893,0,0
35.3,-0,3.9335390760379,0.74744818737864,3.95175698546553,3.93895309358085,3.93844720534204,0.750093780795598,0.0548651355257952,0.0458735654491989,0.0129494313917161,6.16631367042862,476.184126074699,-0.00541401754295423,0,0
35.4,-0,3.933822534705,0.74744818737864,3.95213809625674,3.93932978536769,3.93881537403141,0.749770138487121,0.0542647499534864,0.0458735654491989,0.0129494313917161,6.16631367042862,476.184126074699,-0.00550725066269075,0,0
35.5,-0,3.9340902760155,0.74744818737864,3.95251554451624,3.93968829604184,3.93916545504607,0.749436306462599,0.0536751408235883,0.0458735654491989,0.0129494313917161,6.16631367042862,476.184126074699,-0.00559802002634413,0,0
35.6,-0,3.9343029366706,0.74744818737864,3.95288936544151,3.94002889239497,3.93949405188681,0.749090646680959,0.0530985293230019,0.0458735654491989,0.0129494313917161,6.16631367042862,476.184126074699,-0.00572595572436585,0,0
35.7,-0,3.934476137331,0.74744818737864,3.95325959389176,3.94034821365863,3.93979960537872,0.748732573564541,0.0525360544682805,0.0458735654491989,0.0129494313917161,6.16631367042862,476.184126074699,-0.00587207632763409,0,0
35.8,-0,3.9347044553136,0.74744818737864,3.95362626439122,3.94064471898057,3.94008957902002,0.748367359790721,0.0519840359646716,0.0458735654491989,0.0129494313917161,6.16631367042862,476.184126074699,-0.00594026366696987,0,0
35.9,-0,3.9350273939551,0.74744818737864,3.95398941113232,3.94092581265647,3.94037440328829,0.748002339771412,0.0514373058550659,0.0458735654491989,0.0129494313917161,6.16631367042862,476.184126074699,-0.00589841870136976,0,0
36,-0,3.9352399979823,0.74744818737864,3.95434906797892,3.94120184203032,3.94064431648233,0.747631519483853,0.0509013250640114,0.0458981389757601,0.0128357989130227,6.10713333879275,475.789109830687,-0.00596184404802047,1,0
36.1,-0,3.9353581779715,0.74744818737864,3.95470526846943,3.94147100309498,3.94089924022474,0.747249516044286,0.0503723096911674,0.0458981389757601,0.0128357989130227,6.10713333879275,475.789109830687,-0.00611282512348321,0,0
36.2,-0,3.9356180739081,0.74744818737864,3.95505804581993,3.94171733511751,3.94114671630517,0.746867044556667,0.0498504061507221,0.0458981389757601,0.0128357989130227,6.10713333879275,475.789109830687,-0.00609926120940996,0,0
36.3,-0,3.9358779366051,0.74744818737864,3.95540743292733,3.94195633498108,3.94138754739551,0.746484991877731,0.0493354481001715,0.0458981389757601,0.0128357989130227,6.10713333879275,475.789109830687,-0.00607839837597757,0,0
36.4,-0,3.9360511372787,0.74744818737864,3.95575346237235,3.942188802656,3.94161435830737,0.746098696211309,0.0488314658383346,0.0458981389757601,0.0128357989130227,6.10713333879275,475.789109830687,-0.00613766537730021,0,0
36.5,-0,3.9362086572677,0.74744818737864,3.95609616642265,3.94240742840985,3.94182716906128,0.745708373845908,0.0483385945340577,0.0458981389757601,0.0128357989130227,6.10713333879275,475.789109830687,-0.00619877114214828,0,0
36.6,-0,3.9364134158938,0.74744818737864,3.95643557703575,3.94261223445841,3.94203189395834,0.745318171747263,0.0478538953793433,0.0458981389757601,0.0128357989130227,6.10713333879275,475.789109830687,-0.00619881856460847,0,0
36.7,-0,3.9366496758809,0.74744818737864,3.95677172586209,3.9428090873737,3.942232380841,0.744930840458927,0.047375494076694,0.0458981389757601,0.0128357989130227,6.10713333879275,475.789109830687,-0.00615941149280452,0,0
36.8,-0,3.9368859758697,0.74744818737864,3.95710464424793,3.94300180455781,3.94242914517981,0.744546872301163,0.0469032284007356,0.0458981389757601,0.0128357989130227,6.10713333879275,475.789109830687,-0.00611582868810601,0,0
36.9,-0,3.9370512979318,0.74744818737864,3.95743436323827,3.94319089884654,3.94261600146899,0.744162244456259,0.0464403974416935,0.0458981389757601,0.0128357989130227,6.10713333879275,475.789109830687,-0.00613960091474475,0,0
37,-0,3.9372166365396,0.74744818737864,3.9577609135798,3.94337023831456,3.94279403892807,0.743777757337776,0.0459864862855006,0.0458846168527599,0.0128957290739715,6.13929627246967,476.072057442732,-0.00615360177495727,1,0
37.1,-0,3.937437175836,0.74744818737864,3.95808432572369,3.94353702287579,3.94296584894472,0.743397976484792,0.0455421793685059,0.0458846168527599,0.0128957290739715,6.13929627246967,476.072057442732,-0.00609984703978883,0,0
37.2,-0,3.937602497915,0.74744818737864,3.9584046298285,3.94370165441603,3.94313056689481,0.743019705623418,0.0451060479535091,0.0458846168527599,0.0128957290739715,6.13929627246967,476.072057442732,-0.00609915650102799,0,0
37.3,-0,3.9377914758135,0.74744818737864,3.95872185576294,3.94385932597778,3.94329121711281,0.742644938088351,0.0446764979454008,0.0458846168527599,0.0128957290739715,6.13929627246967,476.072057442732,-0.00606785016428368,0,0
37.4,-0,3.9379569778985,0.74744818737864,3.9590360331087,3.94401303614042,3.94344610081262,0.742272544786665,0.0442544179938016,0.0458846168527599,0.0128957290739715,6.13929627246967,476.072057442732,-0.00605605824192068,0,0
37.5,-0,3.9381460157928,0.74744818737864,3.95934719116317,3.94416110047537,3.94359808910073,0.741904379484835,0.0438382670898709,0.0458846168527599,0.0128957290739715,6.13929627246967,476.072057442732,-0.00601508468257173,0,0
37.6,-0,3.9383586964817,0.74744818737864,3.95965535894219,3.9443063651917,3.94374976762486,0.741542091385603,0.0434266429068273,0.0458846168527599,0.0128957290739715,6.13929627246967,476.072057442732,-0.0059476687100033,0,0
37.7,-0,3.938579095774,0.74744818737864,3.95996056518275,3.94445139328034,3.94390196552579,0.741186173881164,0.0430190703181717,0.0458846168527599,0.0128957290739715,6.13929627246967,476.072057442732,-0.00587229750634322,0,0
37.8,-0,3.9388152757574,0.74744818737864,3.96026283834569,3.94459700620565,3.94405617863757,0.740837539162661,0.0426147079969263,0.0458846168527599,0.0128957290739715,6.13929627246967,476.072057442732,-0.00578173044825103,0,0
37.9,-0,3.9390279364554,0.74744818737864,3.96056220661831,3.94474468620873,3.94421007216143,0.740494629623769,0.0422147731423571,0.0458846168527599,0.0128957290739715,6.13929627246967,476.072057442732,-0.00571674975332925,0,0
38,-0,3.9391776778648,0.74744818737864,3.96085869791705,3.94489211815657,3.94435786384784,0.740153691624039,0.0418223547260738,0.0457449531044468,0.0135210550885587,6.48811896536653,479.853008723903,-0.00571444029176815,1,0
38.1,-0,3.9392957978646,0.74744818737864,3.96115233989005,3.94499752080997,3.94446423554976,0.739816962020817,0.0414743758646245,0.0457449531044468,0.0135210550885587,6.48811896536653,479.853008723903,-0.0057017229453713,0,0
38.2,-0,3.9394611364274,0.74744818737864,3.96144315991977,3.94509857030795,3.94457118745088,0.739487290302477,0.0411308809132945,0.0457449531044468,0.0135210550885587,6.48811896536653,479.853008723903,-0.00563743388054894,0,0
38.3,-0,3.9396816757013,0.74744818737864,3.96173118512549,3.94520026858481,3.94468397576265,0.739167620539319,0.0407887260631381,0.0457449531044468,0.0135210550885587,6.48811896536653,479.853008723903,-0.00551859288351242,0,0
38.4,-0,3.9398943364087,0.74744818737864,3.96201644236591,3.94530782376867,3.94480139766372,0.738856902835343,0.0404483608236916,0.0457449531044468,0.0135210550885587,6.48811896536653,479.853008723903,-0.00541348735996827,0,0
38.5,-0,3.9401147556825,0.74744818737864,3.96229895824157,3.94542003991324,3.94492381398466,0.738555081742073,0.0401093845795052,0.0457449531044468,0.0135210550885587,6.48811896536653,479.853008723903,-0.00530528423073706,0,0
38.6,-0,3.9402092,0.74744818737864,3.9625787590974,3.94553727172182,3.9450390264354,0.738254548532701,0.0397785362762465,0.0457449531044468,0.0135210550885587,6.48811896536653,479.853008723903,-0.00532807172182448,0,0
38.7,-0,3.9403036971049,0.74744818737864,3.96285587102515,3.94564742397397,3.94514785209882,0.73795561804066,0.0394552247274525,0.0457449531044468,0.0135210550885587,6.48811896536653,479.853008723903,-0.00534372686906881,0,0
38.8,-0,3.9404848963694,0.74744818737864,3.96313031986582,3.94575130471058,3.94525911428884,0.737663365241639,0.0391342679695684,0.0457449531044468,0.0135210550885587,6.48811896536653,479.853008723903,-0.0052664083411833,0,0
38.9,-0,3.9406818363619,0.74744818737864,3.96340213121208,3.94585765798942,3.94537409634535,0.737378362619157,0.0388147934258631,0.0457449531044468,0.0135210550885587,6.48811896536653,479.853008723903,-0.00517582162752328,0,0
39,-0,3.9408786163563,0.74744818737864,3.96367133041064,3.94596775380465,3.94549245874403,0.737100238191094,0.0384968737194395,0.0456236326914755,0.0140898158856476,6.81992348169439,484.03212199823,-0.00508913744835304,1,0
39.1,-0,3.941028277803,0.74744818737864,3.96393794256463,3.9460528170816,3.94558342193581,0.736828790269075,0.0382111436857457,0.0456236326914755,0.0140898158856476,6.81992348169439,484.03212199823,-0.00502453927859614,0,0
39.2,-0,3.9411937363339,0.74744818737864,3.96420199253593,3.94613962120301,3.94567752314345,0.736564506906763,0.0379274162858468,0.0456236326914755,0.0140898158856476,6.81992348169439,484.03212199823,-0.00494588486911152,0,0
39.3,-0,3.9413669370618,0.74744818737864,3.96446350494752,3.94622959249052,3.94577528053748,0.73630737084708,0.037645160967088,0.0456236326914755,0.0140898158856476,6.81992348169439,484.03212199823,-0.00486265542871633,0,0
39.4,-0,3.9415716155797,0.74744818737864,3.9647225041857,3.94632324139193,3.9458793564309,0.736058593661578,0.037362584732239,0.0456236326914755,0.0140898158856476,6.81992348169439,484.03212199823,-0.00475162581222976,0,0
39.5,-0,3.9417370777805,0.74744818737864,3.96497901440247,3.94642320412151,3.94598552290236,0.735815561951753,0.0370820403607571,0.0456236326914755,0.0140898158856476,6.81992348169439,484.03212199823,-0.00468612634100563,0,0
39.6,-0,3.9418316185197,0.74744818737864,3.96523305951768,3.94652528700481,3.94608700971819,0.735574332467328,0.0368074687612621,0.0456236326914755,0.0140898158856476,6.81992348169439,484.03212199823,-0.00469366848510733,0,0
39.7,-0,3.9420284548031,0.74744818737864,3.96548466322132,3.94662277717182,3.9461938986053,0.735340242031728,0.0365326174358148,0.0456236326914755,0.0140898158856476,6.81992348169439,484.03212199823,-0.00459432236871926,0,0
39.8,-0,3.9422094977693,0.74744818737864,3.96573384897574,3.94672566533843,3.94630421328232,0.735112029816557,0.0362585580076753,0.0456236326914755,0.0140898158856476,6.81992348169439,484.03212199823,-0.00451616756913253,0,0
39.9,-0,3.9423748362684,0.74744818737864,3.96598064001778,3.94683199082176,3.9464161816961,0.734888578298563,0.0359862606948668,0.0456236326914755,0.0140898158856476,6.81992348169439,484.03212199823,-0.00445715455336027,0,0
40,-0,3.9424300207467,0.74744818737864,3.96622505936099,3.94693999569111,3.94651940017074,0.73466419267864,0.0357220430928869,0.0455183586269809,0.0146047329144944,7.13248346826965,488.367949624815,-0.00450997494440974,1,0
40.1,-0,3.9425560754992,0.74744818737864,3.96646712979775,3.94701674154545,3.94660063728921,0.734444707415234,0.0354833229062781,0.0455183586269809,0.0146047329144944,7.13248346826965,488.367949624815,-0.00446066604625006,0,0
40.2,-0,3.9427451569908,0.74744818737864,3.9667068739014,3.9470946550739,3.94668887687329,0.734232928700843,0.0352431297869486,0.0455183586269809,0.0146047329144944,7.13248346826965,488.367949624815,-0.00434949808310181,0,0
40.3,-0,3.9429971339722,0.74744818737864,3.96694431402835,3.94717955056101,3.94678936176442,0.73403130285955,0.0349979761576504,0.0455183586269809,0.0146047329144944,7.13248346826965,488.367949624815,-0.00418241658881158,0,0
40.4,-0,3.9431938977357,0.74744818737864,3.96717947232016,3.9472766222923,3.94689576819734,0.733836332760588,0.0347516765542157,0.0455183586269809,0.0146047329144944,7.13248346826965,488.367949624815,-0.00408272455659953,0,0
40.5,-0,3.9432884384822,0.74744818737864,3.9674123707056,3.94737959961051,3.9469980167152,0.733642703122563,0.0345104966611646,0.0455183586269809,0.0146047329144944,7.13248346826965,488.367949624815,-0.00409116112830743,0,0
40.6,-0,3.9434380162068,0.74744818737864,3.96764303090272,3.947478490293,3.94710170960278,0.733453094350959,0.0342707574138676,0.0455183586269809,0.0146047329144944,7.13248346826965,488.367949624815,-0.00404047408620389,0,0
40.7,-0,3.9435640384747,0.74744818737864,3.96787147442085,3.94757884540266,3.94720454436376,0.733266210906531,0.0340338317451061,0.0455183586269809,0.0146047329144944,7.13248346826965,488.367949624815,-0.00401480692795753,0,0
40.8,-0,3.9437136161881,0.74744818737864,3.96809772256259,3.94767838155787,3.94730883898922,0.733083076807845,0.033798136408305,0.0455183586269809,0.0146047329144944,7.13248346826965,488.367949624815,-0.00396476536976564,0,0
40.9,-0,3.9438632777018,0.74744818737864,3.96832179642584,3.94777939470688,3.94741448344856,0.732903518543025,0.0335636569373781,0.0455183586269809,0.0146047329144944,7.13248346826965,488.367949624815,-0.00391611700507699,0,0
41,-0,3.9440287361655,0.74744818737864,3.96854371690575,3.94788177461771,3.94752283929694,0.732728093629164,0.033329431801766,0.0453830490395175,0.0153027230334435,7.5730723770081,494.883973293998,-0.00385303845221285,1,0
41.1,-0,3.9441782976964,0.74744818737864,3.96876350469665,3.94796005081811,3.9476075698428,0.732557931266987,0.0331226079068502,0.0453830490395175,0.0153027230334435,7.5730723770081,494.883973293998,-0.00378175312171347,0,0
41.2,-0,3.9443200569159,0.74744818737864,3.96898118029399,3.94804206827273,3.94769503960152,0.732392306611218,0.032916300652866,0.0453830490395175,0.0153027230334435,7.5730723770081,494.883973293998,-0.00372201135682593,0,0
41.3,-0,3.9444775369123,0.74744818737864,3.96919676399629,3.94812683171743,3.94778652010911,0.732231608151639,0.0327095172494609,0.0453830490395175,0.0153027230334435,7.5730723770081,494.883973293998,-0.00364929480513476,0,0
41.4,-0,3.9446114776737,0.74744818737864,3.96941027590695,3.94821559966494,3.9478794769724,0.732074456334165,0.0325038022447056,0.0453830490395175,0.0153027230334435,7.5730723770081,494.883973293998,-0.00360412199123816,0,0
41.5,-0,3.9447769361187,0.74744818737864,3.96962173593622,3.94830585798327,3.94797675377501,0.731922007631438,0.0322971418367124,0.0453830490395175,0.0153027230334435,7.5730723770081,494.883973293998,-0.00352892186457376,0,0
41.6,-0,3.9449500768919,0.74744818737864,3.96983116380297,3.94840042383924,3.9480786733458,0.731774255469273,0.0320892084795706,0.0453830490395175,0.0153027230334435,7.5730723770081,494.883973293998,-0.0034503469473397,0,0
41.7,-0,3.945013,0.74744818737864,3.97003857903659,3.94849961576499,3.94817452467528,0.731626182571119,0.0318871132321773,0.0453830490395175,0.0153027230334435,7.5730723770081,494.883973293998,-0.00348661576498799,0,0
41.8,-0,3.945107556871,0.74744818737864,3.97024400097879,3.94859281603305,3.94826790397102,0.73147932309285,0.0316883606605051,0.0453830490395175,0.0153027230334435,7.5730723770081,494.883973293998,-0.00348525916205045,0,0
41.9,-0,3.9452414576496,0.74744818737864,3.9704474487854,3.9486835881162,3.94836275616528,0.731335353969575,0.0314902090515225,0.0453830490395175,0.0153027230334435,7.5730723770081,494.883973293998,-0.00344213046660391,0,0
42,-0,3.945359617642,0.74744818737864,3.97064894142815,3.94877584098123,3.94845748774196,0.731193471529415,0.0312936752779879,0.0452855965326489,0.0158342832728661,7.92131505179303,500.263568314906,-0.00341622333922809,1,0
42.1,-0,3.9455486752748,0.74744818737864,3.97084849769646,3.94885006113898,3.94854228798291,0.731057789663842,0.0311115218200176,0.0452855965326489,0.0158342832728661,7.92131505179303,500.263568314906,-0.00330138586418283,0,0
42.2,-0,3.9457139976348,0.74744818737864,3.97104613619918,3.94893257629833,3.94863244870958,0.730926809698211,0.0309273815407664,0.0452855965326489,0.0158342832728661,7.92131505179303,500.263568314906,-0.00321857866352548,0,0
42.3,-0,3.9458321776231,0.74744818737864,3.97124187536632,3.94902042701908,3.94872308785306,0.730798262207456,0.0307445081719351,0.0452855965326489,0.0158342832728661,7.92131505179303,500.263568314906,-0.00318824939598361,0,0
42.4,-0,3.9459266584171,0.74744818737864,3.97143573345079,3.94910877204981,3.94881199115226,0.730671077181125,0.0305643482304562,0.0452855965326489,0.0158342832728661,7.92131505179303,500.263568314906,-0.00318211363271059,0,0
42.5,-0,3.9460289576159,0.74744818737864,3.97162772853006,3.9491954152757,3.94890009996747,0.730545553808122,0.0303861750273367,0.0452855965326489,0.0158342832728661,7.92131505179303,500.263568314906,-0.00316645765980139,0,0
42.6,-0,3.9461943360159,0.74744818737864,3.9718178785079,3.94928128894087,3.94899340786908,0.730424126374372,0.0302057416188643,0.0452855965326489,0.0158342832728661,7.92131505179303,500.263568314906,-0.0030869529249693,0,0
42.7,-0,3.9463676568036,0.74744818737864,3.97200620111601,3.94937233333858,3.94909215398666,0.730306796133563,0.0300228097749976,0.0452855965326489,0.0158342832728661,7.92131505179303,500.263568314906,-0.00300467653497671,0,0
42.8,-0,3.9464779184001,0.74744818737864,3.97219271391569,3.94946878460985,3.94918992889211,0.730190809172402,0.0298418129610536,0.0452855965326489,0.0158342832728661,7.92131505179303,500.263568314906,-0.00299086620974531,0,0
42.9,-0,3.9466039567886,0.74744818737864,3.97237743429945,3.94956428894357,3.94928832047914,0.730076754547737,0.02966158593802,0.0452855965326489,0.0158342832728661,7.92131505179303,500.263568314906,-0.00296033215497182,0,0
43,-0,3.9467377975899,0.74744818737864,3.9725603794927,3.94966041961576,3.94938800963228,0.729964848804197,0.0294816031944873,0.0451827789529815,0.016424367606248,8.32081668344246,506.61412864853,-0.00292262202586357,1,0
43.1,-0,3.9469031359691,0.74744818737864,3.97274156655527,3.94974020048283,3.94947563446385,0.729857307197112,0.0293168160880004,0.0451827789529815,0.016424367606248,8.32081668344246,506.61412864853,-0.00283706451372678,0,0
43.2,-0,3.9470054791936,0.74744818737864,3.97292101238307,3.94982585674739,3.94956275793048,0.729751403291005,0.0291537054147422,0.0451827789529815,0.016424367606248,8.32081668344246,506.61412864853,-0.00282037755378983,0,0
43.3,-0,3.9470684183814,0.74744818737864,3.97309873370962,3.9499110316739,3.94964580102796,0.729645606316794,0.0289947518354426,0.0451827789529815,0.016424367606248,8.32081668344246,506.61412864853,-0.00284261329249702,0,0
43.4,-0,3.947218095939,0.74744818737864,3.97327474710763,3.9499921758924,3.94973330771213,0.72954321532417,0.0288337784983432,0.0451827789529815,0.016424367606248,8.32081668344246,506.61412864853,-0.00277407995340218,0,0
43.5,-0,3.9473914567437,0.74744818737864,3.97344906899056,3.95007775956933,3.94982706931589,0.729444835727846,0.0286694284622149,0.0451827789529815,0.016424367606248,8.32081668344246,506.61412864853,-0.00268630282563498,0,0
43.6,-0,3.9474780791861,0.74744818737864,3.97362171561412,3.95016955782739,3.9499183849699,0.729346987704845,0.0285079057854939,0.0451827789529815,0.016424367606248,8.32081668344246,506.61412864853,-0.00269147864129016,0,0
43.7,-0,3.947611935913,0.74744818737864,3.97379270307779,3.95025894391167,3.95001193153732,0.729251419031597,0.0283457876536416,0.0451827789529815,0.016424367606248,8.32081668344246,506.61412864853,-0.00264700799867379,0,0
43.8,-0,3.9477851367254,0.74744818737864,3.97396204732637,3.95035055379599,3.95011117253872,0.729159397238099,0.0281805200126852,0.0451827789529815,0.016424367606248,8.32081668344246,506.61412864853,-0.00256541707059288,0,0
43.9,-0,3.9479190175353,0.74744818737864,3.97412976415138,3.95044782048986,3.95021187782349,0.729069244436798,0.0280151291106118,0.0451827789529815,0.016424367606248,8.32081668344246,506.61412864853,-0.00252880295456359,0,0
44,-0,3.9479899391766,0.74744818737864,3.97429586919261,3.95054654999463,3.95030803874677,0.728978628156605,0.0278539500188878,0.045092691925605,0.0169693692411855,8.70151269712537,512.777615564307,-0.00255661081802527,1,0
44.1,-0,3.9480764975283,0.74744818737864,3.97446037793955,3.95062631109782,3.95038832129455,0.728889091201185,0.0277094237299476,0.045092691925605,0.0169693692411855,8.70151269712537,512.777615564307,-0.00254981356952477,0,0
44.2,-0,3.9481946175185,0.74744818737864,3.97462330573282,3.95070494222016,3.95047056020686,0.728801707025395,0.0275644857193171,0.045092691925605,0.0169693692411855,8.70151269712537,512.777615564307,-0.00251032470165802,0,0
44.3,-0,3.9483600958548,0.74744818737864,3.97478466776563,3.9507855250025,3.95055901897892,0.728717965505312,0.0274159414940899,0.045092691925605,0.0169693692411855,8.70151269712537,512.777615564307,-0.00242542914769706,0,0
44.4,-0,3.9484861183403,0.74744818737864,3.97494447908516,3.95087228643829,3.95064941621083,0.728636208196643,0.0272668825023408,0.045092691925605,0.0169693692411855,8.70151269712537,512.777615564307,-0.00238616809798975,0,0
44.5,-0,3.9486121566688,0.74744818737864,3.97510275459401,3.95096098045195,3.95074158232929,0.728556306297354,0.0271173859004783,0.045092691925605,0.0169693692411855,8.70151269712537,512.777615564307,-0.00234882378314927,0,0
44.6,-0,3.9487459975003,0.74744818737864,3.97525950905153,3.95105143835183,3.95083608768064,0.728478406931594,0.0269669869053525,0.045092691925605,0.0169693692411855,8.70151269712537,512.777615564307,-0.00230544085153284,0,0
44.7,-0,3.9488167791656,0.74744818737864,3.97541475707527,3.95114422517344,3.95092682230834,0.728400260354253,0.0268201812568823,0.045092691925605,0.0169693692411855,8.70151269712537,512.777615564307,-0.0023274460078353,0,0
44.8,-0,3.9489270566464,0.74744818737864,3.97556851314228,3.95123328233065,3.95101787094577,0.7283232861108,0.0266739027610079,0.045092691925605,0.0169693692411855,8.70151269712537,512.777615564307,-0.00230622568425076,0,0
44.9,-0,3.9491318749605,0.74744818737864,3.97572079159049,3.9513226595211,3.95111804390353,0.728250574128672,0.026521558163759,0.045092691925605,0.0169693692411855,8.70151269712537,512.777615564307,-0.00219078456060373,0,0
45,-0,3.9492264,0.74744818737864,3.97587160662003,3.95142109171774,3.95121612729166,0.728178117300429,0.026371486211837,0.0450057063251678,0.0175234112358829,9.09983467857417,519.295846914803,-0.00219469171774467,1,0
45.1,-0,3.9492736183141,0.74744818737864,3.97602097229457,3.9515043425786,3.95129590984218,0.728105119602177,0.0262393270173896,0.0450057063251678,0.0175234112358829,9.09983467857417,519.295846914803,-0.00223072426450388,0,0
45.2,-0,3.949446814929,0.74744818737864,3.97616890254263,3.95158268075471,3.9513830399268,0.728035801784845,0.0261024606435007,0.0450057063251678,0.0175234112358829,9.09983467857417,519.295846914803,-0.0021358658257058,0,0
45.3,-0,3.9495413,0.74744818737864,3.97631541115889,3.95166831501991,3.95146945174105,0.72796730296424,0.0259669001790623,0.0450057063251678,0.0175234112358829,9.09983467857417,519.295846914803,-0.00212701501990864,0,0
45.4,-0,3.9496357366058,0.74744818737864,3.97646051180542,3.95175324528709,3.95155523784535,0.727899601634754,0.0258325376331377,0.0450057063251678,0.0175234112358829,9.09983467857417,519.295846914803,-0.00211750868128657,0,0
45.5,-0,3.9496987,0.74744818737864,3.97660421801304,3.95183756293643,3.95163753834894,0.727831678707223,0.0257015016889225,0.0450057063251678,0.0175234112358829,9.09983467857417,519.295846914803,-0.00213886293642984,0,0
45.6,-0,3.9498404748819,0.74744818737864,3.9767465431825,3.95191843134165,3.95172409262325,0.727766106777354,0.0255678988404195,0.0450057063251678,0.0175234112358829,9.09983467857417,519.295846914803,-0.00207795645974729,0,0
45.7,-0,3.9499586991426,0.74744818737864,3.97688750058579,3.95200352546377,3.95181228258658,0.727701962491532,0.0254336846530517,0.0450057063251678,0.0175234112358829,9.09983467857417,519.295846914803,-0.00204482632116854,0,0
45.8,-0,3.9500453574308,0.74744818737864,3.97702710336735,3.95209024859356,3.95189900251779,0.727638172907668,0.0253011950003318,0.0450057063251678,0.0175234112358829,9.09983467857417,519.295846914803,-0.00204489116276152,0,0
45.9,-0,3.9501397582864,0.74744818737864,3.9771653645453,3.95217552053875,3.9519851351528,0.727575000197033,0.0251697352570728,0.0450057063251678,0.0175234112358829,9.09983467857417,519.295846914803,-0.00203576225235125,0,0
46,-0,3.9502893956957,0.74744818737864,3.97730229701264,3.95226021644368,3.95207591399312,0.72751414397021,0.0250352914108737,0.044938592572933,0.0179709953017013,9.4301321529321,524.741785005049,-0.00197082074797672,1,0
46.1,-0,3.9503682,0.74744818737864,3.97743791353849,3.9523399932026,3.95215552691239,0.727453727130682,0.0249123287509089,0.044938592572933,0.0179709953017013,9.4301321529321,524.741785005049,-0.00197179320259844,0,0
46.2,-0,3.9504863356792,0.74744818737864,3.97757222676924,3.95241830907756,3.95223751632051,0.727394956892589,0.02478817105656,0.044938592572933,0.0179709953017013,9.4301321529321,524.741785005049,-0.00193197339836271,0,0
46.3,-0,3.9505651,0.74744818737864,3.97770524922975,3.95249898883583,3.95231798053491,0.727336524557676,0.0246657810051435,0.044938592572933,0.0179709953017013,9.4301321529321,524.741785005049,-0.00193388883582779,0,0
46.4,-0,3.950659536531,0.74744818737864,3.97783699332451,3.95257816204596,3.95239855831497,0.727278918491783,0.024543870245091,0.044938592572933,0.0179709953017013,9.4301321529321,524.741785005049,-0.00191862551496325,0,0
46.5,-0,3.9507934173893,0.74744818737864,3.97796747133882,3.95265745387746,3.95248294591003,0.727223281318359,0.0244195623718477,0.044938592572933,0.0179709953017013,9.4301321529321,524.741785005049,-0.00186403648815814,0,0
46.6,-0,3.950887918258,0.74744818737864,3.97809669543988,3.95274053023853,3.95256708445416,0.727168290486919,0.0242959673069431,0.044938592572933,0.0179709953017013,9.4301321529321,524.741785005049,-0.00185261198052888,0,0
46.7,-0,3.9510139565041,0.74744818737864,3.97822467767801,3.95282336506758,3.95265396204739,0.727114860264048,0.0241707529465912,0.044938592572933,0.0179709953017013,9.4301321529321,524.741785005049,-0.00180940856347789,0,0
46.8,-0,3.9511713765033,0.74744818737864,3.97835142998768,3.95290892186495,3.95274624870564,0.72706380177378,0.0240418312652121,0.044938592572933,0.0179709953017013,9.4301321529321,524.741785005049,-0.00173754536164861,0,0
46.9,-0,3.9512816982401,0.74744818737864,3.9784769641887,3.95299984862148,3.9528389957898,0.727013544400823,0.0239130239683236,0.044938592572933,0.0179709953017013,9.4301321529321,524.741785005049,-0.00171815038138234,0,0
47,-0,3.9512896608796,0.74744818737864,3.97860129198726,3.95309123701048,3.95292258074776,0.726961074226626,0.0237917910886309,0.0448835889666394,0.0183512936136137,9.71715299506747,529.5077938189,-0.00180157613088383,1,0
47.1,-0,3.9514156747135,0.74744818737864,3.97872442497709,3.95316616843603,3.9530022400642,0.726910432079774,0.0236757954799992,0.0448835889666394,0.0183512936136137,9.71715299506747,529.5077938189,-0.001750493722529,0,0
47.2,-0,3.9515809973545,0.74744818737864,3.97884637464046,3.95324464015368,3.95308880754714,0.726862602842292,0.0235549099979889,0.0448835889666394,0.0183512936136137,9.71715299506747,529.5077938189,-0.00166364279918341,0,0
47.3,-0,3.9516989973489,0.74744818737864,3.97896715234932,3.95332996997381,3.95317717151242,0.726815986470019,0.0234330982776366,0.0448835889666394,0.0183512936136137,9.71715299506747,529.5077938189,-0.00163097262490908,0,0
47.4,-0,3.9517699591084,0.74744818737864,3.97908676936633,3.95341708679317,3.95326275702295,0.726769165446315,0.0233139181724129,0.0448835889666394,0.0183512936136137,9.71715299506747,529.5077938189,-0.00164712768476738,0,0
47.5,-0,3.9519275746686,0.74744818737864,3.97920523684591,3.95350145210105,3.95335397490044,0.72672465549795,0.0231907639219561,0.0448835889666394,0.0183512936136137,9.71715299506747,529.5077938189,-0.00157387743245163,0,0
47.6,-0,3.9520928973321,0.74744818737864,3.9793225658353,3.95359140908738,3.9534509883352,0.726682480265053,0.0230634892980305,0.0448835889666394,0.0183512936136137,9.71715299506747,529.5077938189,-0.00149851175528415,0,0
47.7,-0,3.9521873182169,0.74744818737864,3.97943876727554,3.95368711944532,3.95354657587314,0.726640458976249,0.0229377510274833,0.0448835889666394,0.0183512936136137,9.71715299506747,529.5077938189,-0.00149980122842175,0,0
47.8,-0,3.9522423791077,0.74744818737864,3.97955385200257,3.9537814196361,3.95363719976444,0.72659752110702,0.0228163187471368,0.0448835889666394,0.0183512936136137,9.71715299506747,529.5077938189,-0.00153904052840304,0,0
47.9,-0,3.9523290773085,0.74744818737864,3.97966783074814,3.9538708002663,3.95372633186714,0.726554680268497,0.0226964478759674,0.0448835889666394,0.0183512936136137,9.71715299506747,529.5077938189,-0.0015417229577972,0,0
48,-0,3.952399979104,0.74744818737864,3.97978071414093,3.95395870509409,3.95381264784634,0.726511530377526,0.0225791713798107,0.0448203135877191,0.0188054547377368,10.0672849182438,535.338552491466,-0.00155872599009088,1,0
48.1,-0,3.9525338355015,0.74744818737864,3.97989251270742,3.95403582023724,3.95389502292763,0.72647022750211,0.0224671610353538,0.0448203135877191,0.0188054547377368,10.0672849182438,535.338552491466,-0.0015019847357407,0,0
48.2,-0,3.9526126,0.74744818737864,3.98000323687296,3.95411708820897,3.9539760135818,0.726429112364654,0.0223566698220395,0.0448203135877191,0.0188054547377368,10.0672849182438,535.338552491466,-0.00150448820896987,0,0
48.3,-0,3.952707036389,0.74744818737864,3.98011289696271,3.95419698676867,3.95405724431944,0.726388630277702,0.0222463927458971,0.0448203135877191,0.0188054547377368,10.0672849182438,535.338552491466,-0.0014899503796717,0,0
48.4,-0,3.9527937590896,0.74744818737864,3.98022150320259,3.95427712752837,3.9541379802851,0.726348544987154,0.0221368951474748,0.0448203135877191,0.0188054547377368,10.0672849182438,535.338552491466,-0.00148336843876695,0,0
48.5,-0,3.952856818187,0.74744818737864,3.98032906572026,3.95435678122044,3.95421606190573,0.72630821616666,0.0220298771586916,0.0448203135877191,0.0188054547377368,10.0672849182438,535.338552491466,-0.00149996303343869,0,0
48.6,-0,3.9528883,0.74744818737864,3.98043559454605,3.95443380507593,3.95428880291683,0.726266859433686,0.0219274622410309,0.0448203135877191,0.0188054547377368,10.0672849182438,535.338552491466,-0.00154550507592743,0,0
48.7,-0,3.9530300145363,0.74744818737864,3.98054109961388,3.95450553381861,3.95436709213913,0.726227550451556,0.0218209683957162,0.0448203135877191,0.0188054547377368,10.0672849182438,535.338552491466,-0.0014755192823146,0,0
48.8,-0,3.9531481390867,0.74744818737864,3.98064559076223,3.95458277045641,3.95444816264189,0.726189489664978,0.0217125888638556,0.0448203135877191,0.0188054547377368,10.0672849182438,535.338552491466,-0.00143463136970556,0,0
48.9,-0,3.9532110581744,0.74744818737864,3.98074907773501,3.95466276973654,3.95452655921041,0.726151126227726,0.0216066661110707,0.0448203135877191,0.0188054547377368,10.0672849182438,535.338552491466,-0.00145171156213708,0,0
49,-0,3.953337056332,0.74744818737864,3.98085157018251,3.95474011936522,3.9546084750326,0.726114184788065,0.0214982444033945,0.0447673004672282,0.0192008267212968,10.3785240213446,540.52485197594,-0.00140306303322513,1,0
49.1,-0,3.9534473181646,0.74744818737864,3.98095307766224,3.95481462193158,3.95468628764395,0.726078405292717,0.0213947596142542,0.0447673004672282,0.0192008267212968,10.3785240213446,540.52485197594,-0.00136730376698324,0,0
49.2,-0,3.9535261381562,0.74744818737864,3.98105360963992,3.95489144222617,3.95476326184157,0.726042882121279,0.0212922971540488,0.0447673004672282,0.0192008267212968,10.3785240213446,540.52485197594,-0.00136530406997037,0,0
49.3,-0,3.9536521363142,0.74744818737864,3.98115317549025,3.95496743391014,3.95484392435707,0.726008842309898,0.0211872107029587,0.0447673004672282,0.0192008267212968,10.3785240213446,540.52485197594,-0.0013152975959434,0,0
49.4,-0,3.9538332353799,0.74744818737864,3.98125178449786,3.95504708875053,3.95493308913725,0.725977584025256,0.0210756177629358,0.0447673004672282,0.0192008267212968,10.3785240213446,540.52485197594,-0.00121385337062874,0,0
49.5,-0,3.9538410827791,0.74744818737864,3.98134944585816,3.9551351834648,3.95501363561903,0.725944414008978,0.0209712714330423,0.0447673004672282,0.0192008267212968,10.3785240213446,540.52485197594,-0.00129410068569724,0,0
49.6,-0,3.9538883562871,0.74744818737864,3.98144616867818,3.95521472936848,3.95509014244503,0.725910564419896,0.0208704771580258,0.0447673004672282,0.0192008267212968,10.3785240213446,540.52485197594,-0.00132637308138017,0,0
49.7,-0,3.9539985581445,0.74744818737864,3.98154196197743,3.95529026967709,3.95516893396927,0.725877733442351,0.0207681290496485,0.0447673004672282,0.0192008267212968,10.3785240213446,540.52485197594,-0.00129171153258767,0,0
49.8,-0,3.9540773981313,0.74744818737864,3.98163683468874,3.95536807978421,3.95524683867506,0.725845053727057,0.0206667762920372,0.0447673004672282,0.0192008267212968,10.3785240213446,540.52485197594,-0.00129068165290702,0,0
49.9,-0,3.9542269553402,0.74744818737864,3.98173079565911,3.9554450126173,3.95533059325217,0.725814323311561,0.0205609723069529,0.0447673004672282,0.0192008267212968,10.3785240213446,540.52485197594,-0.00121805727710367,0,0
50,-0,3.9543293590595,0.74744818737864,3.98182385365049,3.95552775263885,3.95541518142437,0.725784190914659,0.0204547638116396,0.0447673004672282,0.0192008267212968,10.3785240213446,540.52485197594,-0.00119839357935003,0,0
50.1,-0,3.9543924181272,0.74744818737864,3.98191601734066,3.95561132237663,3.95549682651561,0.725753640227524,0.0203511982694817,0.0447673004672282,0.0192008267212968,10.3785240213446,540.52485197594,-0.00121890424943061,0,0
50.2,-0,3.9544474790629,0.74744818737864,3.98200729532397,3.95569197437676,3.95557507746544,0.725722541831091,0.0202506338813439,0.0447673004672282,0.0192008267212968,10.3785240213446,540.52485197594,-0.00124449531386128,0,0
50.3,-0,3.9545577562347,0.74744818737864,3.98209769611222,3.95576926101358,3.95565546618989,0.725692353965077,0.0201485850340832,0.0447673004672282,0.0192008267212968,10.3785240213446,540.52485197594,-0.00121150477888232,0,0
50.4,-0,3.9546208,0.74744818737864,3.98218722813536,3.95584867119053,3.95573334274934,0.725661840923768,0.0200488150350056,0.0447673004672282,0.0192008267212968,10.3785240213446,540.52485197594,-0.00122787119052781,0,0
50.5,-0,3.9547152362245,0.74744818737864,3.98227589974237,3.95592559105437,3.95581191168609,0.725631840469253,0.0199487204452342,0.0447673004672282,0.0192008267212968,10.3785240213446,540.52485197594,-0.00121035482987253,0,0
50.6,-0,3.9548963352677,0.74744818737864,3.98236371920197,3.95600320018302,3.95589924447358,0.725604472415722,0.01984175078112,0.0447673004672282,0.0192008267212968,10.3785240213446,540.52485197594,-0.00110686491531853,0,0
50.7,-0,3.9549515209464,0.74744818737864,3.98245069470342,3.95608950723723,3.95598263245232,0.725576400803045,0.0197382211143994,0.0447673004672282,0.0192008267212968,10.3785240213446,540.52485197594,-0.00113798629083384,0,0
50.8,-0,3.9550303561972,0.74744818737864,3.9825368343573,3.95617190246888,3.95606469719255,0.725548304616784,0.0196359970543736,0.0447673004672282,0.0192008267212968,10.3785240213446,540.52485197594,-0.00114154627167551,0,0
50.9,-0,3.9551169790499,0.74744818737864,3.98262214619622,3.95625298698148,3.95614630563524,0.725520405065949,0.0195343703799468,0.0447673004672282,0.0192008267212968,10.3785240213446,540.52485197594,-0.00113600793158408,0,0
51,-0,3.9551327,0.74744818737864,3.9827066381756,3.95633362092489,3.9562208476501,0.725490972569862,0.0194387102284238,0.0447673004672282,0.0192008267212968,10.3785240213446,540.52485197594,-0.00120092092489177,0,0
51.1,-0,3.9552271361796,0.74744818737864,3.98279031817442,3.95640724565353,3.95629643054406,0.725462108114906,0.0193424167735087,0.0447673004672282,0.0192008267212968,10.3785240213446,540.52485197594,-0.00118010947392655,0,0
51.2,-0,3.9553610171255,0.74744818737864,3.98287319399593,3.9564819051885,3.95637665469844,0.725434745332811,0.0192425595248182,0.0447673004672282,0.0192008267212968,10.3785240213446,540.52485197594,-0.00112088806300115,0,0
51.3,-0,3.9553847209576,0.74744818737864,3.98295527336841,3.95656117181063,3.95645070770047,0.725406080157549,0.0191479389471871,0.0447673004672282,0.0192008267212968,10.3785240213446,540.52485197594,-0.00117645085303497,0,0
51.4,-0,3.9555107742309,0.74744818737864,3.98303656394583,3.95663431749492,3.95652882463149,0.725378754108993,0.0190502152785596,0.0447673004672282,0.0192008267212968,10.3785240213446,540.52485197594,-0.0011235432640162,0,0
51.5,-0,3.9556760971135,0.74744818737864,3.98311707330864,3.95671149735262,3.95661428358802,0.725353616571619,0.0189467198650572,0.0447673004672282,0.0192008267212968,10.3785240213446,540.52485197594,-0.00103540023912352,0,0
51.6,-0,3.9557233,0.74744818737864,3.98319680896444,3.9567959638905,3.95669525455528,0.72532761947921,0.0188470957007082,0.0447673004672282,0.0192008267212968,10.3785240213446,540.52485197594,-0.00107266389050231,0,0
51.7,-0,3.9557705180674,0.74744818737864,3.98327577834865,3.95687597956057,3.95677219408147,0.725300872865884,0.0187509651880095,0.0447673004672282,0.0192008267212968,10.3785240213446,540.52485197594,-0.0011054614931747,0,0
51.8,-0,3.9558493380587,0.74744818737864,3.98335398882527,3.95695199729023,3.95684847794232,0.725274238255394,0.0186555707039102,0.0447673004672282,0.0192008267212968,10.3785240213446,540.52485197594,-0.00110265923153419,0,0
51.9,-0,3.955998915151,0.74744818737864,3.98343144768751,3.95702736641234,3.95693081659134,0.725249436471291,0.0185554365045353,0.0447673004672282,0.0192008267212968,10.3785240213446,540.52485197594,-0.00102845126133566,0,0
52,-0,3.9560539609731,0.74744818737864,3.9835081621585,3.95710874487344,3.95700972574598,0.725224040204773,0.0184583052519423,0.0447673004672282,0.0192008267212968,10.3785240213446,540.52485197594,-0.00105478390033609,0,0
52.1,-0,3.956061839025,0.74744818737864,3.98358413939194,3.95718672263543,3.9570811256994,0.725196998569058,0.0183675026302323,0.0447673004672282,0.0192008267212968,10.3785240213446,540.52485197594,-0.00112488361043406,0,0
52.2,-0,3.9562193141436,0.74744818737864,3.9836593864728,3.95725725188153,3.95715981947748,0.72517208554823,0.0182709334882398,0.0447673004672282,0.0192008267212968,10.3785240213446,540.52485197594,-0.00103793773793059,0,0
52.3,-0,3.9562902209763,0.74744818737864,3.98373391041796,3.95733501965706,3.95723694577524,0.725147045959555,0.0181758410127583,0.0447673004672282,0.0192008267212968,10.3785240213446,540.52485197594,-0.00104479868076046,0,0
52.4,-0,3.9563926350993,0.74744818737864,3.98380771817686,3.95741123411204,3.95731562201063,0.725122670870743,0.0180796753855385,0.0447673004672282,0.0192008267212968,10.3785240213446,540.52485197594,-0.00101859901274137,0,0
52.5,-0,3.956542257055,0.74744818737864,3.98388081663216,3.95748898821419,3.95740012431624,0.725100049124987,0.0179789417308514,0.0447673004672282,0.0192008267212968,10.3785240213446,540.52485197594,-0.000946731159188641,0,0
52.6,-0,3.9565658609844,0.74744818737864,3.98395321260036,3.95757252458369,3.95747803752571,0.725076030524241,0.01788379491362,0.0447673004672282,0.0192008267212968,10.3785240213446,540.52485197594,-0.00100666359928647,0,0
52.7,-0,3.9565737390137,0.74744818737864,3.98402491283248,3.9576495254293,3.9575485528444,0.725050399848796,0.0177948893060134,0.0447673004672282,0.0192008267212968,10.3785240213446,540.52485197594,-0.00107578641559769,0,0
52.8,-0,3.9566840560475,0.74744818737864,3.98409592401465,3.95771918823115,3.95762203374564,0.725025773124083,0.0177037384614416,0.0447673004672282,0.0192008267212968,10.3785240213446,540.52485197594,-0.00103513218364881,0,0
52.9,-0,3.9567706790125,0.74744818737864,3.98416625276873,3.95779179508595,3.9576959583662,0.725001514370624,0.017612407920934,0.0447673004672282,0.0192008267212968,10.3785240213446,540.52485197594,-0.00102111607345279,0,0
53,-0,3.9568809560325,0.74744818737864,3.98423590565296,3.95786484393697,3.95777250340372,0.724978172980106,0.0175191151813759,0.0447673004672282,0.0192008267212968,10.3785240213446,540.52485197594,-0.000983887904471015,0,0
53.1,-0,3.95689666199,0.74744818737864,3.98430488916256,3.9579404943894,3.95784253014513,0.724953444102607,0.0174313452009022,0.0447673004672282,0.0192008267212968,10.3785240213446,540.52485197594,-0.00104383239939798,0,0
53.2,-0,3.9569832350245,0.74744818737864,3.98437320973031,3.95800967950351,3.9579133493016,0.724929160895908,0.0173431025790176,0.0447673004672282,0.0192008267212968,10.3785240213446,540.52485197594,-0.00102644447900957,0,0
53.3,-0,3.957132977005,0.74744818737864,3.98444087372718,3.95807965250052,3.95799081047609,0.724906795698848,0.0172495941319334,0.0447673004672282,0.0192008267212968,10.3785240213446,540.52485197594,-0.000946675495522964,0,0
53.4,-0,3.9572274580064,0.74744818737864,3.98450788746292,3.9581562170215,3.95806905831769,0.724884883829613,0.0171556242853967,0.0447673004672282,0.0192008267212968,10.3785240213446,540.52485197594,-0.000928759015097924,0,0
53.5,-0,3.9572825389988,0.74744818737864,3.98457425718664,3.95823356378521,3.95814431751684,0.724862477201298,0.0170642880862733,0.0447673004672282,0.0192008267212968,10.3785240213446,540.52485197594,-0.000951024786414401,0,0
53.6,-0,3.9573692169907,0.74744818737864,3.98463998908738,3.95830794716056,3.95821985655249,0.724840390188204,0.0169729013780547,0.0447673004672282,0.0192008267212968,10.3785240213446,540.52485197594,-0.00093873016986068,0,0
53.7,-0,3.9574165,0.74744818737864,3.98470508929472,3.95838260988807,3.95829195190623,0.724817689589787,0.0168845180975919,0.0447673004672282,0.0192008267212968,10.3785240213446,540.52485197594,-0.000966109888072886,0,0
53.8,-0,3.9574165,0.74744818737864,3.98476956387933,3.95845385773358,3.95835651605369,0.724793347563857,0.0168024882812806,0.0447673004672282,0.0192008267212968,10.3785240213446,540.52485197594,-0.00103735773357583,0,0
53.9,-0,3.9575109359703,0.74744818737864,3.98483341885354,3.95851763529624,3.95842317247574,0.724769756474865,0.016718904995814,0.0447673004672282,0.0192008267212968,10.3785240213446,540.52485197594,-0.00100669932593744,0,0
54,-0,3.9576212379763,0.74744818737864,3.9848966601719,3.95858349023726,3.95849319996048,0.724747236926596,0.0166327194898023,0.0447673004672282,0.0192008267212968,10.3785240213446,540.52485197594,-0.000962252260957364,0,0
54.1,-0,3.9577708149454,0.74744818737864,3.98495929373172,3.95865269128825,3.95856994458201,0.724726625726119,0.0165411861073412,0.0447673004672282,0.0192008267212968,10.3785240213446,540.52485197594,-0.000881876342846422,0,0
54.2,-0,3.9578495,0.74744818737864,3.98502132537367,3.95872855819517,3.95864607761803,0.724706107477462,0.0164503310043222,0.0447673004672282,0.0192008267212968,10.3785240213446,540.52485197594,-0.000879058195174753,0,0
54.3,-0,3.9579440559352,0.74744818737864,3.98508276088225,3.95880382002063,3.9587231514312,0.724686065936327,0.0163588771670041,0.0447673004672282,0.0192008267212968,10.3785240213446,540.52485197594,-0.000859764085433312,0,0
54.4,-0,3.9580071,0.74744818737864,3.98514360598641,3.95888001688196,3.95879811588083,0.724665744432627,0.0162693318170399,0.0447673004672282,0.0192008267212968,10.3785240213446,540.52485197594,-0.000872916881963004,0,0
54.5,-0,3.9581016559202,0.74744818737864,3.98520386636002,3.95895412268025,3.95887414202127,0.724645924899591,0.0161790849456765,0.0447673004672282,0.0192008267212968,10.3785240213446,540.52485197594,-0.000852466760054238,0,0
54.6,-0,3.9581647,0.74744818737864,3.98526354762242,3.95902928344247,3.95894816759784,0.724625849800814,0.0160906552669822,0.0447673004672282,0.0192008267212968,10.3785240213446,540.52485197594,-0.000864583442469424,0,0
54.7,-0,3.9581409410289,0.74744818737864,3.98532265533896,3.95910246106589,3.95901225236622,0.724603552841277,0.0160105721871815,0.0447673004672282,0.0192008267212968,10.3785240213446,540.52485197594,-0.000961520036991015,0,0
54.8,-0,3.9582904528264,0.74744818737864,3.98538119502151,3.95916577791674,3.9590836575634,0.724583280922333,0.0159246216672545,0.0447673004672282,0.0192008267212968,10.3785240213446,540.52485197594,-0.000875325090341939,0,0
54.9,-0,3.9583771210248,0.74744818737864,3.98543917212894,3.95923635893346,3.95915574942875,0.724563407224929,0.015838270207462,0.0447673004672282,0.0192008267212968,10.3785240213446,540.52485197594,-0.000859237908661825,0,0
55,-0,3.9583849789733,0.74744818737864,3.9854965920677,3.95930762277373,3.95922106654543,0.724542094420666,0.0157576609214915,0.0447673004672282,0.0192008267212968,10.3785240213446,540.52485197594,-0.000922643800426393,0,0
55.1,-0,3.9584952558753,0.74744818737864,3.98555346019227,3.95937216692708,3.95928990265267,0.724521864003893,0.0156743092697694,0.0447673004672282,0.0192008267212968,10.3785240213446,540.52485197594,-0.000876911051781004,0,0
55.2,-0,3.958581938967,0.74744818737864,3.98560978180564,3.95944020377443,3.95935969030468,0.72450208908209,0.0155903328958892,0.0447673004672282,0.0192008267212968,10.3785240213446,540.52485197594,-0.00085826480743334,0,0
55.3,-0,3.9586450379276,0.74744818737864,3.98566556215989,3.95950918617608,3.95942812236094,0.724482204004471,0.0155076330797566,0.0447673004672282,0.0192008267212968,10.3785240213446,540.52485197594,-0.000864148248478802,0,0
55.4,-0,3.9587238179291,0.74744818737864,3.98572080645659,3.95957682522291,3.95949680806669,0.724462600275378,0.0154248814847696,0.0447673004672282,0.0192008267212968,10.3785240213446,540.52485197594,-0.00085300729380533,0,0
55.5,-0,3.9587316610386,0.74744818737864,3.98577551984733,3.95964471742271,3.95955906895797,0.724441643147396,0.0153475836257943,0.0447673004672282,0.0192008267212968,10.3785240213446,540.52485197594,-0.000913056384110433,0,0
55.6,-0,3.9588339148054,0.74744818737864,3.9858297074342,3.95970623710399,3.95962441123804,0.724421646341058,0.0152678934192884,0.0447673004672282,0.0192008267212968,10.3785240213446,540.52485197594,-0.000872322298588024,0,0
55.7,-0,3.9589835768702,0.74744818737864,3.98588337427026,3.95977081523379,3.95969697185346,0.724403622777446,0.0151824007005736,0.0447673004672282,0.0192008267212968,10.3785240213446,540.52485197594,-0.000787238363593623,0,0
55.8,-0,3.9590309,0.74744818737864,3.98593652535999,3.95984255605861,3.95976642373776,0.724385063613051,0.0150996324135922,0.0447673004672282,0.0192008267212968,10.3785240213446,540.52485197594,-0.000811656058612886,0,0
55.9,-0,3.959101696867,0.74744818737864,3.9859891656598,3.95991121427691,3.95983528400169,0.724366576642621,0.0150175075469326,0.0447673004672282,0.0192008267212968,10.3785240213446,540.52485197594,-0.000809517409906757,0,0
56,-0,3.9591489,0.74744818737864,3.98604130007846,3.9599792870446,3.95990140073581,0.724347636882907,0.0149378013288381,0.0447673004672282,0.0192008267212968,10.3785240213446,540.52485197594,-0.000830387044599146,0,0
56.1,-0,3.9592434558006,0.74744818737864,3.98609293347755,3.96004463947493,3.9599694937195,0.724329386100141,0.0148566132096461,0.0447673004672282,0.0192008267212968,10.3785240213446,540.52485197594,-0.000801183674328687,0,0
56.2,-0,3.9593300789509,0.74744818737864,3.98614407067195,3.96011195394486,3.9600386205952,0.724311597434466,0.0147747227724866,0.0447673004672282,0.0192008267212968,10.3785240213446,540.52485197594,-0.000781874993958542,0,0
56.3,-0,3.9593930178955,0.74744818737864,3.98619471643027,3.96018029557227,3.96010645687931,0.724293708200067,0.0146940507677577,0.0447673004672282,0.0192008267212968,10.3785240213446,540.52485197594,-0.000787277676768561,0,0
56.4,-0,3.9594718378864,0.74744818737864,3.98624487547527,3.96024735829165,3.96017462366986,0.724276108068138,0.0146132556907671,0.0447673004672282,0.0192008267212968,10.3785240213446,540.52485197594,-0.000775520405254859,0,0
56.5,-0,3.959550617888,0.74744818737864,3.98629455248435,3.96031475033733,3.96024308510415,0.724258787931735,0.0145323668698748,0.0447673004672282,0.0192008267212968,10.3785240213446,540.52485197594,-0.000764132449333932,0,0
56.6,-0,3.9596056789435,0.74744818737864,3.98634375208993,3.96038243612784,3.96030958821694,0.724241203473294,0.0144532467165459,0.0447673004672282,0.0192008267212968,10.3785240213446,540.52485197594,-0.000776757184344667,0,0
56.7,-0,3.9596450389389,0.74744818737864,3.98639247887995,3.96044818055662,3.96037285958245,0.724223044220519,0.0143769458892918,0.0447673004672282,0.0192008267212968,10.3785240213446,540.52485197594,-0.000803141617721881,0,0
56.8,-0,3.9597317168111,0.74744818737864,3.98644073739823,3.96051072027267,3.96043766439112,0.724205452496041,0.0142995188266229,0.0447673004672282,0.0192008267212968,10.3785240213446,540.52485197594,-0.000779003461574668,0,0
56.9,-0,3.9598026389352,0.74744818737864,3.98648853214493,3.9605747826324,3.96050237139714,0.724188037178729,0.0142223161406592,0.0447673004672282,0.0192008267212968,10.3785240213446,540.52485197594,-0.000772143697195471,0,0
57,-0,3.9599601136052,0.74744818737864,3.98653586757696,3.96063874934103,3.96057510839841,0.724172749721279,0.0141386102220955,0.0447673004672282,0.0192008267212968,10.3785240213446,540.52485197594,-0.000678635735825939,0,0
57.1,-0,3.9600074421317,0.74744818737864,3.9865827481084,3.96071068368533,3.96064473646694,0.724156927430252,0.0140576294873391,0.0447673004672282,0.0192008267212968,10.3785240213446,540.52485197594,-0.000703241553626111,0,0
57.2,-0,3.9600231578645,0.74744818737864,3.98662917811093,3.96077953522872,3.9607086064332,0.724139930491893,0.0139815640326009,0.0447673004672282,0.0192008267212968,10.3785240213446,540.52485197594,-0.000756377364216299,0,0
57.3,-0,3.9601018178581,0.74744818737864,3.98667516191419,3.9608426758025,3.96077320358952,0.724123302666019,0.013905036230027,0.0447673004672282,0.0192008267212968,10.3785240213446,540.52485197594,-0.000740857944401707,0,0
57.4,-0,3.9601333,0.74744818737864,3.98672070380622,3.96090653913289,3.96083403175992,0.724105969267943,0.013831771157632,0.0447673004672282,0.0192008267212968,10.3785240213446,540.52485197594,-0.000773239132893622,0,0
57.5,-0,3.9602042767691,0.74744818737864,3.98676580803386,3.96096666476372,3.96089517619976,0.724088899944838,0.0137583792924706,0.0447673004672282,0.0192008267212968,10.3785240213446,540.52485197594,-0.000762387994619029,0,0
57.6,-0,3.9603223967717,0.74744818737864,3.98681047880312,3.96102710544816,3.96096102661787,0.724073141214219,0.0136812218134216,0.0447673004672282,0.0192008267212968,10.3785240213446,540.52485197594,-0.00070470867646355,0,0
57.7,-0,3.9603459610798,0.74744818737864,3.9868547202796,3.96109221600237,3.96102224273317,0.724056473686832,0.0136080465655987,0.0447673004672282,0.0192008267212968,10.3785240213446,540.52485197594,-0.000746254922571854,0,0
57.8,-0,3.9604010567577,0.74744818737864,3.98689853658888,3.96115273043943,3.96108225033275,0.724039705478706,0.0135360075939751,0.0447673004672282,0.0192008267212968,10.3785240213446,540.52485197594,-0.000751673681729681,0,0
57.9,-0,3.9604956378302,0.74744818737864,3.98694193181687,3.96121204725653,3.96114487487039,0.724023743272101,0.0134619299991639,0.0447673004672282,0.0192008267212968,10.3785240213446,540.52485197594,-0.000716409426325004,0,0
58,-0,3.9605979967492,0.74744818737864,3.98698491001023,3.9612739614633,3.96121058240089,0.724008700393011,0.0133854290390017,0.0447673004672282,0.0192008267212968,10.3785240213446,540.52485197594,-0.000675964714102584,0,0
58.1,-0,3.9606925378227,0.74744818737864,3.98702747517672,3.96133893542526,3.96127832967319,0.723994332835259,0.0133073728874543,0.0447673004672282,0.0192008267212968,10.3785240213446,540.52485197594,-0.00064639760256302,0,0
58.2,-0,3.9606767621811,0.74744818737864,3.98706963128559,3.96140593421628,3.96133756880049,0.723978144937104,0.0132365187668353,0.0447673004672282,0.0192008267212968,10.3785240213446,540.52485197594,-0.000729172035181858,0,0
58.3,-0,3.9607161767241,0.74744818737864,3.98711138226795,3.96146449392265,3.96139433473493,0.72396155195691,0.0131678471882946,0.0447673004672282,0.0192008267212968,10.3785240213446,540.52485197594,-0.000748317198548953,0,0
58.4,-0,3.9608342967268,0.74744818737864,3.98715273201713,3.96152060136458,3.96145625735017,0.723946352265471,0.0130950186288254,0.0447673004672282,0.0192008267212968,10.3785240213446,540.52485197594,-0.000686304637780744,0,0
58.5,-0,3.960905078908,0.74744818737864,3.98719368438903,3.96158182562597,3.96151837881553,0.723931382185407,0.0130221559678913,0.0447673004672282,0.0192008267212968,10.3785240213446,540.52485197594,-0.000676746717969579,0,0
58.6,-0,3.9610153556134,0.74744818737864,3.98723424320251,3.96164324841049,3.96158438281022,0.723917509371964,0.0129461980783907,0.0447673004672282,0.0192008267212968,10.3785240213446,540.52485197594,-0.000627892797088858,0,0
58.7,-0,3.9610548210957,0.74744818737864,3.98727441223972,3.96170852404415,3.96164723977907,0.723903083518417,0.012872990402426,0.0447673004672282,0.0192008267212968,10.3785240213446,540.52485197594,-0.000653702948449464,0,0
58.8,-0,3.9611098967044,0.74744818737864,3.98731419524648,3.9617706790238,3.96170873214376,0.723888518787496,0.0128010476845938,0.0447673004672282,0.0192008267212968,10.3785240213446,540.52485197594,-0.000660782319401587,0,0
58.9,-0,3.9612044377927,0.74744818737864,3.98735359593259,3.96183148152899,3.96177269858053,0.723874714124622,0.0127271762517956,0.0447673004672282,0.0192008267212968,10.3785240213446,540.52485197594,-0.000627043736289856,0,0
59,-0,3.9612595788987,0.74744818737864,3.98739261797222,3.96189473961178,3.96183519675193,0.723860747339279,0.0126546567597116,0.0447673004672282,0.0192008267212968,10.3785240213446,540.52485197594,-0.000635160713080118,0,0
59.1,-0,3.9612517211032,0.74744818737864,3.9874312650042,3.96195654239299,3.96189047036622,0.723845267100998,0.0125882759057779,0.0447673004672282,0.0192008267212968,10.3785240213446,540.52485197594,-0.000704821289792434,0,0
59.2,-0,3.961306796682,0.74744818737864,3.98746954063243,3.96201117948055,3.96194514968813,0.723829814766544,0.0125225093655235,0.0447673004672282,0.0192008267212968,10.3785240213446,540.52485197594,-0.000704382798549563,0,0
59.3,-0,3.9614247966764,0.74744818737864,3.98750744842615,3.96206522816639,3.96200519427909,0.723815781922546,0.0124523960560782,0.0447673004672282,0.0192008267212968,10.3785240213446,540.52485197594,-0.000640431489986604,0,0
59.4,-0,3.9614012033292,0.74744818737864,3.98754499192029,3.96212460044007,3.96205679052869,0.723799949827862,0.0123894401060251,0.0447673004672282,0.0192008267212968,10.3785240213446,540.52485197594,-0.000723397110866664,0,0
59.5,-0,3.9615193522112,0.74744818737864,3.98758217461584,3.96217559300438,3.96211407924471,0.723785604372227,0.0123218583692727,0.0447673004672282,0.0192008267212968,10.3785240213446,540.52485197594,-0.000656240793178942,0,0
59.6,-0,3.9616768177721,0.74744818737864,3.98761899998013,3.96223223367839,3.96218017177711,0.723773477190837,0.0122470644520803,0.0447673004672282,0.0192008267212968,10.3785240213446,540.52485197594,-0.000555415906288825,0,0
59.7,-0,3.9617083,0.74744818737864,3.98765547144715,3.96229760901111,3.9622423710706,0.723760625034521,0.0121756435963863,0.0447673004672282,0.0192008267212968,10.3785240213446,540.52485197594,-0.000589309011105321,0,0
59.8,-0,3.9618028555236,0.74744818737864,3.98769159241792,3.96235912344924,3.96230698343784,0.723748507641049,0.0121023368672939,0.0447673004672282,0.0192008267212968,10.3785240213446,540.52485197594,-0.000556267925636345,0,0
59.9,-0,3.9618186822391,0.74744818737864,3.98772736626076,3.96242303287745,3.96236638693384,0.723735358197814,0.0120334985024837,0.0447673004672282,0.0192008267212968,10.3785240213446,540.52485197594,-0.000604350638353512,0,0
60,-0,3.9618579966371,0.74744818737864,3.98776279631162,3.96248177628163,3.96242331022828,0.723721801819557,0.0119668483589309,0.0447673004672282,0.0192008267212968,10.3785240213446,540.52485197594,-0.000623779644529865,0,0
60.1,-0,3.9618580422437,0.74744818737864,3.98779788587439,3.96253806046711,3.96247432430599,0.723707040402844,0.0119052428038841,0.0447673004672282,0.0192008267212968,10.3785240213446,540.52485197594,-0.000680018223414791,0,0
60.2,-0,3.9619447343699,0.74744818737864,3.98783263822121,3.96258848380848,3.96252814801811,0.723693082496856,0.0118414041421238,0.0447673004672282,0.0192008267212968,10.3785240213446,540.52485197594,-0.000643749438584251,0,0
60.3,-0,3.9620235,0.74744818737864,3.98786705659278,3.96264169537098,3.96258375560924,0.72367969418022,0.0117761902879115,0.0447673004672282,0.0192008267212968,10.3785240213446,540.52485197594,-0.000618195370984065,0,0
60.4,-0,3.9620707177422,0.74744818737864,3.98790114419865,3.96269667762577,3.96263801111059,0.723666153376285,0.0117122191121938,0.0447673004672282,0.0192008267212968,10.3785240213446,540.52485197594,-0.000625959883566285,0,0
60.5,-0,3.9621729966091,0.74744818737864,3.98793490421752,3.96275031970681,3.96269621244216,0.723653679095835,0.0116450673484778,0.0447673004672282,0.0192008267212968,10.3785240213446,540.52485197594,-0.000577323097713744,0,0
60.6,-0,3.9622202,0.74744818737864,3.98796833979757,3.96280787711939,3.9627528003695,0.723640995719711,0.0115793789605621,0.0447673004672282,0.0192008267212968,10.3785240213446,540.52485197594,-0.000587677119388008,0,0
60.7,-0,3.9623147554562,0.74744818737864,3.98800145405669,3.96286383516006,3.9628123765786,0.72362915898556,0.0115113097657225,0.0447673004672282,0.0192008267212968,10.3785240213446,540.52485197594,-0.000549079703863864,0,0
60.8,-0,3.9624485965923,0.74744818737864,3.98803425008283,3.96292275865292,3.96287832191822,0.723618949012172,0.0114380386589444,0.0447673004672282,0.0192008267212968,10.3785240213446,540.52485197594,-0.000474162060621452,0,0
60.9,-0,3.9624485822765,0.74744818737864,3.98806673093425,3.9629880013951,3.96293744982948,0.723607347186401,0.0113705863112694,0.0447673004672282,0.0192008267212968,10.3785240213446,540.52485197594,-0.000539419118600559,0,0
61,-0,3.9624643177198,0.74744818737864,3.98809889963983,3.96304648250507,3.9629919259215,0.723594840305361,0.0113071363958231,0.0447673004672282,0.0192008267212968,10.3785240213446,540.52485197594,-0.000582164785270844,0,0
61.1,-0,3.9624958,0.74744818737864,3.98813075919933,3.96310035017516,3.96304369669865,0.723581867335563,0.0112460573714825,0.0447673004672282,0.0192008267212968,10.3785240213446,540.52485197594,-0.000604550175160146,0,0
61.2,-0,3.9625431377065,0.74744818737864,3.9881623125837,3.96315153526488,3.96309452216219,0.723568826681641,0.0111858750966563,0.0447673004672282,0.0192008267212968,10.3785240213446,540.52485197594,-0.000608397558381046,0,0
61.3,-0,3.9626454965643,0.74744818737864,3.98819356273533,3.96320178363993,3.96314965466273,0.723556916548699,0.011122196945946,0.0447673004672282,0.0192008267212968,10.3785240213446,540.52485197594,-0.000556287075633044,0,0
61.4,-0,3.9627872554038,0.74744818737864,3.98822451256833,3.96325630553,3.96321235212433,0.723546885565413,0.0110523021445395,0.0447673004672282,0.0192008267212968,10.3785240213446,540.52485197594,-0.000469050126198578,0,0
61.5,-0,3.9628975177011,0.74744818737864,3.9882551649688,3.96331833276958,3.96327889996946,0.723537896324517,0.0109793044211079,0.0447673004672282,0.0192008267212968,10.3785240213446,540.52485197594,-0.000420815068484348,0,0
61.6,-0,3.9628582034525,0.74744818737864,3.98828552279512,3.96338418063876,3.96333489432666,0.72352667337513,0.0109152574754358,0.0447673004672282,0.0192008267212968,10.3785240213446,540.52485197594,-0.000525977186258686,0,0
61.7,-0,3.9628582176936,0.74744818737864,3.98831558887819,3.96343956084909,3.96338508737427,0.723514283073104,0.0108561742511098,0.0447673004672282,0.0192008267212968,10.3785240213446,540.52485197594,-0.000581343155495073,0,0
61.8,-0,3.9629842553738,0.74744818737864,3.98834536602169,3.96348918734703,3.96344187456254,0.723503533473133,0.010791674107725,0.0447673004672282,0.0192008267212968,10.3785240213446,540.52485197594,-0.000504931973225542,0,0
61.9,-0,3.9630235411643,0.74744818737864,3.9883748570024,3.96354535604272,3.96349646208029,0.723492436951653,0.0107291247148942,0.0447673004672282,0.0192008267212968,10.3785240213446,540.52485197594,-0.000521814878422067,0,0
62,-0,3.9630786165192,0.74744818737864,3.98840406457037,3.96359934377367,3.96355055248987,0.723481375998742,0.010667097951075,0.0447673004672282,0.0192008267212968,10.3785240213446,540.52485197594,-0.000520727254469833,0,0
62.1,-0,3.9631259,0.74744818737864,3.98843299144924,3.96365283940794,3.963603466831,0.723470195643294,0.0106061615830886,0.0447673004672282,0.0192008267212968,10.3785240213446,540.52485197594,-0.000526939407936133,0,0
62.2,-0,3.9631967565109,0.74744818737864,3.98846164033648,3.96370516942957,3.96365753347277,0.72345942045006,0.010544363622753,0.0447673004672282,0.0192008267212968,10.3785240213446,540.52485197594,-0.000508412918666767,0,0
62.3,-0,3.9633385553364,0.74744818737864,3.98849001390363,3.96375864349003,3.96371928377289,0.723450527141899,0.0104762322771254,0.0447673004672282,0.0192008267212968,10.3785240213446,540.52485197594,-0.000420088153631148,0,0
62.4,-0,3.9633543823326,0.74744818737864,3.98851811479655,3.96381974047793,3.96377613991545,0.72344068645306,0.0104123153330884,0.0447673004672282,0.0192008267212968,10.3785240213446,540.52485197594,-0.000465358145333106,0,0
62.5,-0,3.9632755623422,0.74744818737864,3.98854594563569,3.96387598372023,3.9638197296208,0.723428003790013,0.0103596256788069,0.0447673004672282,0.0192008267212968,10.3785240213446,540.52485197594,-0.00060042137802796,0,0
62.6,-0,3.9634093518054,0.74744818737864,3.9885735090163,3.96391906818391,3.96387131306893,0.723417249050993,0.0103003255882425,0.0447673004672282,0.0192008267212968,10.3785240213446,540.52485197594,-0.000509716378508607,0,0
62.7,-0,3.9635196,0.74744818737864,3.9886008075087,3.96397008300282,3.96392787808963,0.723407754650954,0.0102369482320571,0.0447673004672282,0.0192008267212968,10.3785240213446,540.52485197594,-0.000450483002823354,0,0
62.8,-0,3.9635669376465,0.74744818737864,3.9886278436585,3.96402604029737,3.96398302848749,0.723398089300723,0.0101748628400912,0.0447673004672282,0.0192008267212968,10.3785240213446,540.52485197594,-0.000459102650867127,0,0
62.9,-0,3.9635749211741,0.74744818737864,3.98865461998686,3.96408059535773,3.96403322114202,0.723387455265336,0.0101170401492873,0.0447673004672282,0.0192008267212968,10.3785240213446,540.52485197594,-0.000505674183625793,0,0
63,-0,3.963582778824,0.74744818737864,3.9886811389907,3.96413023354985,3.96407894589831,0.723375955316818,0.0100630640546298,0.0447673004672282,0.0192008267212968,10.3785240213446,540.52485197594,-0.000547454725853935,0,0
63.1,-0,3.9636928752855,0.74744818737864,3.98870740314295,3.96417544072878,3.96413023284325,0.723365829615438,0.0100045118086134,0.0447673004672282,0.0192008267212968,10.3785240213446,540.52485197594,-0.000482565443280958,0,0
63.2,-0,3.9638031976285,0.74744818737864,3.98873341489276,3.9642261662156,3.9641865421092,0.723356964200635,0.00994184151094111,0.0447673004672282,0.0192008267212968,10.3785240213446,540.52485197594,-0.000422968587098893,0,0
63.3,-0,3.9638583788184,0.74744818737864,3.98875917666577,3.96428187453538,3.964242201649,0.723348097483467,0.00987982000495313,0.0447673004672282,0.0192008267212968,10.3785240213446,540.52485197594,-0.000423495716982636,0,0
63.4,-0,3.9638741,0.74744818737864,3.98878469086428,3.96433693935029,3.96429358142633,0.72333841765122,0.00982149484251057,0.0447673004672282,0.0192008267212968,10.3785240213446,540.52485197594,-0.000462839350290345,0,0
63.5,-0,3.9639922340613,0.74744818737864,3.98880995986753,3.964387759847,3.96435070829087,0.723330154667181,0.00975843919688529,0.0447673004672282,0.0192008267212968,10.3785240213446,540.52485197594,-0.000395525785703121,0,0
63.6,-0,3.9640946388098,0.74744818737864,3.98883498603188,3.96444428207027,3.96441152913119,0.723322858199534,0.00969238306151621,0.0447673004672282,0.0192008267212968,10.3785240213446,540.52485197594,-0.000349643260471044,0,0
63.7,-0,3.9640394235793,0.74744818737864,3.98885977169104,3.9645044694976,3.96446090683299,0.723313164053585,0.00963604970437041,0.0447673004672282,0.0192008267212968,10.3785240213446,540.52485197594,-0.000465045918297768,0,0
63.8,-0,3.9640866552241,0.74744818737864,3.98888431915631,3.96455330701822,3.964509594579,0.723303447020049,0.00958038988091435,0.0447673004672282,0.0192008267212968,10.3785240213446,540.52485197594,-0.000466651794118533,0,0
63.9,-0,3.9641497,0.74744818737864,3.98890863071677,3.96460146104158,3.96455914408772,0.723294050275773,0.00952409810578084,0.0447673004672282,0.0192008267212968,10.3785240213446,540.52485197594,-0.000451761041577736,0,0
64,-0,3.9641733388023,0.74744818737864,3.9889327086395,3.96465047076786,3.96460577795658,0.723284136574256,0.00947035104805276,0.0447673004672282,0.0192008267212968,10.3785240213446,540.52485197594,-0.000477131965558097,0,0
64.1,-0,3.9643308128086,0.74744818737864,3.98895655516978,3.9646965892556,3.96466232759141,0.72327654481237,0.00940835424134766,0.0447673004672282,0.0192008267212968,10.3785240213446,540.52485197594,-0.000365776447002197,0,0
64.2,-0,3.9644489387985,0.74744818737864,3.98898017253135,3.96475254440238,3.96472410659716,0.723270250229446,0.00934205880376282,0.0447673004672282,0.0192008267212968,10.3785240213446,540.52485197594,-0.000303605603876989,0,0
64.3,-0,3.9644410612033,0.74744818737864,3.98900356292653,3.96481368770045,3.9647787854349,0.723262532988461,0.00928184276152794,0.0447673004672282,0.0192008267212968,10.3785240213446,540.52485197594,-0.000372626497153306,0,0
64.4,-0,3.9644489387948,0.74744818737864,3.98902672853652,3.96486778912591,3.96482855785672,0.723253867777127,0.00922585295615211,0.0447673004672282,0.0192008267212968,10.3785240213446,540.52485197594,-0.000418850331106668,0,0
64.5,-0,3.964511857592,0.74744818737864,3.98904967152153,3.96491702466088,3.96487907557985,0.723245494659022,0.00916932742954149,0.0447673004672282,0.0192008267212968,10.3785240213446,540.52485197594,-0.000405167068877166,0,0
64.6,-0,3.9644961424117,0.74744818737864,3.98907239402103,3.96496700036012,3.96492289913275,0.723235774428232,0.00911852950512926,0.0447673004672282,0.0192008267212968,10.3785240213446,540.52485197594,-0.000470857948421166,0,0
64.7,-0,3.9645592551568,0.74744818737864,3.9890948981539,3.96501033681117,3.96496808847609,0.723226472430313,0.00906666587692871,0.0447673004672282,0.0192008267212968,10.3785240213446,540.52485197594,-0.000451081654374352,0,0
64.8,-0,3.9646458787904,0.74744818737864,3.98911718601869,3.96505502883361,3.96501670837326,0.723218044151666,0.00901199859798146,0.0447673004672282,0.0192008267212968,10.3785240213446,540.52485197594,-0.000409150043214623,0,0
64.9,-0,3.9646616,0.74744818737864,3.98913925969377,3.96510312452566,3.96506177251336,0.723208958687224,0.00896041553814902,0.0447673004672282,0.0192008267212968,10.3785240213446,540.52485197594,-0.000441524525661041,0,0
65,-0,3.9647088175702,0.74744818737864,3.98916112123753,3.96514769403523,3.9651065906279,0.723199937339706,0.00890912450846013,0.0447673004672282,0.0192008267212968,10.3785240213446,540.52485197594,-0.00043887646503471,0,0
65.1,-0,3.9647876375603,0.74744818737864,3.98918277268858,3.96519202031954,3.96515414800056,0.723191633874423,0.00885560930897935,0.0447673004672282,0.0192008267212968,10.3785240213446,540.52485197594,-0.000404382759237265,0,0
65.2,-0,3.9649135751286,0.74744818737864,3.98920421606594,3.96523906453437,3.96520858138203,0.723184957479431,0.00879638554134967,0.0447673004672282,0.0192008267212968,10.3785240213446,540.52485197594,-0.000325489405768487,0,0
65.3,-0,3.9649057036599,0.74744818737864,3.98922545336925,3.96529293001849,3.96525666551796,0.723177023166997,0.00874260844979345,0.0447673004672282,0.0192008267212968,10.3785240213446,540.52485197594,-0.000387226358590897,0,0
65.4,-0,3.9650002726596,0.74744818737864,3.98924648657889,3.9653404984853,3.96530863613183,0.723170059280577,0.00868564117153819,0.0447673004672282,0.0192008267212968,10.3785240213446,540.52485197594,-0.000340225825703477,0,0
65.5,-0,3.965071041232,0.74744818737864,3.98926731765624,3.96539192283932,3.9653618725123,0.723163498280573,0.00862769720207446,0.0447673004672282,0.0192008267212968,10.3785240213446,540.52485197594,-0.000320881607319912,0,0
65.6,-0,3.9651733938617,0.74744818737864,3.98928794854382,3.96544460359444,3.96541920536339,0.723157958761169,0.00856638968545117,0.0447673004672282,0.0192008267212968,10.3785240213446,540.52485197594,-0.000271209732735311,0,0
65.7,-0,3.9651813436855,0.74744818737864,3.98930838116548,3.96550134856708,3.96547138119638,0.723151429473327,0.00850952901728455,0.0447673004672282,0.0192008267212968,10.3785240213446,540.52485197594,-0.000320004881583014,0,0
65.8,-0,3.9651813175403,0.74744818737864,3.9893286174266,3.96555297916251,3.9655181748059,0.723143854168515,0.00845730004401194,0.0447673004672282,0.0192008267212968,10.3785240213446,540.52485197594,-0.000371661622211139,0,0
65.9,-0,3.9653073550669,0.74744818737864,3.98934865921422,3.96559927194784,3.96557193569558,0.723137910486399,0.00839927449764773,0.0447673004672282,0.0192008267212968,10.3785240213446,540.52485197594,-0.000291916880944321,0,0
66,-0,3.965346821232,0.74744818737864,3.98936850839726,3.96565247642993,3.96562385407006,0.723131693600385,0.00834289543971652,0.0447673004672282,0.0192008267212968,10.3785240213446,540.52485197594,-0.000305655197930133,0,0
66.1,-0,3.9654491138244,0.74744818737864,3.98938816682668,3.965703854185,3.9656799999597,0.723126517717796,0.00828303579791508,0.0447673004672282,0.0192008267212968,10.3785240213446,540.52485197594,-0.000254740360604355,0,0
66.2,-0,3.9654570037104,0.74744818737864,3.98940763633565,3.96575942607989,3.96573110724433,0.723120379435069,0.00822752422853775,0.0447673004672282,0.0192008267212968,10.3785240213446,540.52485197594,-0.000302422369493183,0,0
66.3,-0,3.9654333787624,0.74744818737864,3.98942691873973,3.96581000106349,3.96577473463732,0.723112743080109,0.00817841766765562,0.0447673004672282,0.0192008267212968,10.3785240213446,540.52485197594,-0.000376622301085927,0,0
66.4,-0,3.9654963175179,0.74744818737864,3.98944601583703,3.96585315757313,3.96581974399598,0.72310551535629,0.00812822233839675,0.0447673004672282,0.0192008267212968,10.3785240213446,540.52485197594,-0.000356840055229402,0,0
66.5,-0,3.9655751375078,0.74744818737864,3.98946492940836,3.96589768560823,3.96586748345998,0.723098988995298,0.00807580013927073,0.0447673004672282,0.0192008267212968,10.3785240213446,540.52485197594,-0.000322548100431863,0,0
66.6,-0,3.9656302787568,0.74744818737864,3.98948366121744,3.96594492239519,3.9659154607978,0.723092629172938,0.00802325955961336,0.0447673004672282,0.0192008267212968,10.3785240213446,540.52485197594,-0.000314643638394951,0,0
66.7,-0,3.9656224212451,0.74744818737864,3.98950221301103,3.96599239592082,3.96595775389043,0.72308515869777,0.00797560631963894,0.0447673004672282,0.0192008267212968,10.3785240213446,540.52485197594,-0.000369974675719753,0,0
66.8,-0,3.9657247137589,0.74744818737864,3.98952058651912,3.96603423206602,3.96600525117706,0.723078915407336,0.00792362940409446,0.0447673004672282,0.0192008267212968,10.3785240213446,540.52485197594,-0.000309518307122669,0,0
66.9,-0,3.9658271587417,0.74744818737864,3.98953878345504,3.96608123094544,3.96605744192531,0.723073795806645,0.00786776528655951,0.0447673004672282,0.0192008267212968,10.3785240213446,540.52485197594,-0.000254072203742961,0,0
67,-0,3.9659137962448,0.74744818737864,3.98955680551568,3.96613288601207,3.96611237271132,0.723069385654902,0.00780967016862197,0.0447673004672282,0.0192008267212968,10.3785240213446,540.52485197594,-0.00021908976726559,0,0
67.1,-0,3.965961,0.74744818737864,3.98957465438163,3.96618725972335,3.9661660753913,0.723064835858533,0.00775270296017075,0.0447673004672282,0.0192008267212968,10.3785240213446,540.52485197594,-0.000226259723354882,0,0
67.2,-0,3.965913782512,0.74744818737864,3.9895923317173,3.96624041614415,3.96620983438174,0.723058274411298,0.00770423605984074,0.0447673004672282,0.0192008267212968,10.3785240213446,540.52485197594,-0.000326633632153683,0,0
67.3,-0,3.9659767349685,0.74744818737864,3.98960983917114,3.96628371038496,3.96625496955473,0.723052114178402,0.00765468085262021,0.0447673004672282,0.0192008267212968,10.3785240213446,540.52485197594,-0.000306975416462407,0,0
67.4,-0,3.9660632787419,0.74744818737864,3.98962717837572,3.96632837037253,3.96630355128292,0.723046799890183,0.00760228606472428,0.0447673004672282,0.0192008267212968,10.3785240213446,540.52485197594,-0.000265091630634373,0,0
67.5,-0,3.96605542126,0.74744818737864,3.98964435094796,3.96637644968654,3.96634639394447,0.723040370809298,0.00755483046758854,0.0447673004672282,0.0192008267212968,10.3785240213446,540.52485197594,-0.000321028426534919,0,0
67.6,-0,3.9661342549397,0.74744818737864,3.9896613584892,3.96641883729584,3.96639219411419,0.723034677425804,0.00750494523316982,0.0447673004672282,0.0192008267212968,10.3785240213446,540.52485197594,-0.000284582356144814,0,0
67.7,-0,3.9661973,0.74744818737864,3.98967820258543,3.96646415911551,3.96643917555547,0.723029344048216,0.00745413703535544,0.0447673004672282,0.0192008267212968,10.3785240213446,540.52485197594,-0.000266859115513718,0,0
67.8,-0,3.9661973,0.74744818737864,3.98969488480738,3.96651065335643,3.96648131736204,0.723023087810888,0.00740750631033247,0.0447673004672282,0.0192008267212968,10.3785240213446,540.52485197594,-0.000313353356431012,0,0
67.9,-0,3.9662444574651,0.74744818737864,3.98971140671067,3.96655234802047,3.96652352383607,0.723016946875089,0.00736089364795492,0.0447673004672282,0.0192008267212968,10.3785240213446,540.52485197594,-0.000307890555371504,0,0
68,-0,3.9662995387274,0.74744818737864,3.98972776983601,3.96659410752517,3.96656653086826,0.723011077592672,0.00731367534167463,0.0447673004672282,0.0192008267212968,10.3785240213446,540.52485197594,-0.000294568797772232,0,0
68.1,-0,3.9663626374479,0.74744818737864,3.98974397570926,3.96663666178051,3.96661100877637,0.723005623177195,0.00726528383102316,0.0447673004672282,0.0192008267212968,10.3785240213446,540.52485197594,-0.000274024332612033,0,0
68.2,-0,3.9663468625559,0.74744818737864,3.98976002584165,3.9666806756619,3.96664942589871,0.722998985379079,0.00722210401620598,0.0447673004672282,0.0192008267212968,10.3785240213446,540.52485197594,-0.000333813106002889,0,0
68.3,-0,3.9663862161654,0.74744818737864,3.98977592172986,3.96671867873253,3.96668755581078,0.722992381095362,0.00717923545860062,0.0447673004672282,0.0192008267212968,10.3785240213446,540.52485197594,-0.000332462567128822,0,0
68.4,-0,3.9665042961663,0.74744818737864,3.98979166485621,3.96675639757754,3.96673279784077,0.72298737820138,0.0071304037976671,0.0447673004672282,0.0192008267212968,10.3785240213446,540.52485197594,-0.000252101411239103,0,0
68.5,-0,3.9665043425573,0.74744818737864,3.98980725668876,3.9668011713602,3.96677338496468,0.722981493616131,0.00708559441971898,0.0447673004672282,0.0192008267212968,10.3785240213446,540.52485197594,-0.000296828802899274,0,0
68.6,-0,3.9666382510199,0.74744818737864,3.98982269868147,3.9668413288065,3.96682231877222,0.722977471665145,0.00703377481851878,0.0447673004672282,0.0192008267212968,10.3785240213446,540.52485197594,-0.000203077786596673,0,0
68.7,-0,3.9667485,0.74744818737864,3.98983799227432,3.96688976571532,3.96687654205841,0.722974676699995,0.00697754611437738,0.0447673004672282,0.0192008267212968,10.3785240213446,540.52485197594,-0.000141265715320138,0,0
68.8,-0,3.9667485,0.74744818737864,3.98985313889345,3.96694344982386,3.96692520112168,0.722970823438538,0.00692612229402507,0.0447673004672282,0.0192008267212968,10.3785240213446,540.52485197594,-0.000194949823857371,0,0
68.9,-0,3.9667012825756,0.74744818737864,3.98986813995131,3.96699161578355,3.96696443886577,0.722965090608253,0.00688277118174076,0.0447673004672282,0.0192008267212968,10.3785240213446,540.52485197594,-0.000290333207954241,0,0
69,-0,3.9667879335468,0.74744818737864,3.98988299684675,3.96703043783335,3.96700773828197,0.722960306959698,0.00683603944557254,0.0447673004672282,0.0192008267212968,10.3785240213446,540.52485197594,-0.000242504286554368,0,0
69.1,-0,3.9668667,0.74744818737864,3.98989771096521,3.96707328913843,3.96705395166542,0.722956235824415,0.00678690497819902,0.0447673004672282,0.0192008267212968,10.3785240213446,540.52485197594,-0.000206589138433522,0,0
69.2,-0,3.9668667,0.74744818737864,3.98991228367879,3.96711903137094,3.96709541256814,0.722951268205985,0.00674187975512452,0.0447673004672282,0.0192008267212968,10.3785240213446,540.52485197594,-0.000252331370939274,0,0
69.3,-0,3.9668903387031,0.74744818737864,3.98992671634641,3.96716006052631,3.96713481426162,0.722945963482762,0.0066986718649281,0.0447673004672282,0.0192008267212968,10.3785240213446,540.52485197594,-0.000269721823206392,0,0
69.4,-0,3.9670004748148,0.74744818737864,3.98994101031394,3.96719904789886,3.96718046147436,0.722942061930675,0.00665022524605234,0.0447673004672282,0.0192008267212968,10.3785240213446,540.52485197594,-0.000198573084058573,0,0
69.5,-0,3.9671343760948,0.74744818737864,3.9899551669143,3.96724423055644,3.96723394831939,0.722939905647283,0.00659519124419483,0.0447673004672282,0.0192008267212968,10.3785240213446,540.52485197594,-0.000109854461644687,0,0
69.6,-0,3.9671580613025,0.74744818737864,3.98996918746761,3.96729718967983,3.96728416760795,0.722937177450516,0.00654301444472151,0.0447673004672282,0.0192008267212968,10.3785240213446,540.52485197594,-0.000139128377329989,0,0
69.7,-0,3.9671423,0.74744818737864,3.98998307328131,3.9673469086445,3.96732775802545,0.722933169184829,0.00649654805291935,0.0447673004672282,0.0192008267212968,10.3785240213446,540.52485197594,-0.00020460864449845,0,0
69.8,-0,3.9672603134786,0.74744818737864,3.98999682565026,3.96739005349526,3.9673779104595,0.722930630085189,0.00644457378720449,0.0447673004672282,0.0192008267212968,10.3785240213446,540.52485197594,-0.000129740016657998,0,0
69.9,-0,3.9673863973771,0.74744818737864,3.99001044585689,3.96743970754752,3.96743471803754,0.722929587792109,0.00638701835252503,0.0447673004672282,0.0192008267212968,10.3785240213446,540.52485197594,-5.33101704154326e-05,0,0
70,-0,4.0362046567712,0.74744818737864,3.9900239351713,3.96749596322586,3.97392660074155,0.724271630014771,0.00085806556699184,0.0447673004672282,0.0192008267212968,10.3785240213446,540.52485197594,0.0687086935453354,0,0
70.1,-4.4458159,4.1408192877311,0.74744818737864,4.18780580262563,4.17296200495887,4.16995371665097,0.723644420705331,0.00340809636087483,0.0447673004672282,0.0192008267212968,10.3785240213446,540.52485197594,-0.03214271722777,0,0
70.2,-4.6410288,4.1652412880855,0.74749167149347,4.19701275868467,4.17957530180061,4.17823377538915,0.723408474289329,0.00369789804757114,0.0447673004672282,0.0192008267212968,10.3785240213446,540.52485197594,-0.014334013715108,0,0
70.3,-4.640438,4.1677023908476,0.74753706496765,4.19752720595992,4.17912984836695,4.17806036118194,0.723231315252557,0.00371775019434664,0.0447673004672282,0.0192008267212968,10.3785240213446,540.52485197594,-0.0114274575193516,0,0
70.4,-4.640438,4.1693441252293,0.74758245266327,4.19806298326478,4.17898296012084,4.17808088006122,0.723089166806557,0.00359523825612204,0.0447673004672282,0.0192008267212968,10.3785240213446,540.52485197594,-0.00963883489154327,0,0
70.5,-4.6416201,4.1705885057169,0.74762784035888,4.19864650939329,4.1790552236577,4.17826284965105,0.722969983320434,0.00338067264219117,0.0447673004672282,0.0192008267212968,10.3785240213446,540.52485197594,-0.00846671794080223,0,0
70.6,-4.640832,4.1716122756718,0.74767323961651,4.19913773887639,4.17914716118064,4.17844200326266,0.722869065735778,0.00309382845443141,0.0447673004672282,0.0192008267212968,10.3785240213446,540.52485197594,-0.00753488550884285,0,0
70.7,-4.6418169,4.1726242769327,0.74771863116581,4.19970300379015,4.17940278603058,4.17876842203278,0.722782955539818,0.00274971599462822,0.0447673004672282,0.0192008267212968,10.3785240213446,540.52485197594,-0.0067785090978818,0,0
70.8,-4.640832,4.1735616421927,0.74776403234832,4.2001760584543,4.17963791072284,4.17906927265332,0.722710592148105,0.00235285253779285,0.0447673004672282,0.0192008267212968,10.3785240213446,540.52485197594,-0.00607626853013699,0,0
70.9,-4.6410288,4.1743766334902,0.74780942389762,4.2006969130245,4.17998766908563,4.17946257558813,0.722647340682906,0.00192297619220084,0.0447673004672282,0.0192008267212968,10.3785240213446,540.52485197594,-0.00561103559543064,0,0
71,-4.6414229,4.175187590782,0.7478548173718,4.20122195852744,4.18038572013522,4.17989927332919,0.722592182868174,0.00146434491115254,0.0407469156458995,0.00599812336816962,10.3722469484196,1729.2486852575,-0.0051981293532215,1,0
71.1,-4.640832,4.1759949273902,0.74790021470063,4.20169866801775,4.1615286301383,4.16288237528631,0.722917158871328,3.00332484515513e-05,0.0407469156458995,0.00599812336816962,10.3722469484196,1729.2486852575,0.0144662972519036,0,0
71.2,-4.640832,4.1766525486978,0.74794560624992,4.20219707462422,4.16318231555734,4.16444282651854,0.723222642087449,-0.00131123044747738,0.0407469156458995,0.00599812336816962,10.3722469484196,1729.2486852575,0.0134702331404606,0,0
71.3,-4.6416201,4.177258841333,0.74799099779922,4.20272606244906,4.16476201029565,4.1659314127058,0.723509109989989,-0.00256216014891743,0.0407469156458995,0.00599812336816962,10.3722469484196,1729.2486852575,0.0124968310373461,0,0
71.4,-4.6412261,4.177881013283,0.74803639705685,4.2031981221464,4.16619047803767,4.16728441305747,0.723779824902892,-0.00373697388546841,0.0407469156458995,0.00599812336816962,10.3722469484196,1729.2486852575,0.0116905352453287,0,0
71.5,-4.6400439,4.17863317728,0.7480817924608,4.20363068227031,4.167500064144,4.16854182293385,0.724039595664276,-0.00485616641360874,0.0407469156458995,0.00599812336816962,10.3722469484196,1729.2486852575,0.0111331131360002,0,0
71.6,-4.6410288,4.179243233931,0.74812717630176,4.20415515916565,4.16883496191545,4.16980888107395,0.724285213256396,-0.00590685961774412,0.0407469156458995,0.00599812336816962,10.3722469484196,1729.2486852575,0.0104082720155487,0,0
71.7,-4.6412261,4.1797748271994,0.74817256977594,4.20464040694356,4.17005991020197,4.17096893836265,0.724517329563065,-0.00689233156066701,0.0407469156458995,0.00599812336816962,10.3722469484196,1729.2486852575,0.00971491699742533,0,0
71.8,-4.6410288,4.1803852338861,0.74821796517989,4.20510385793462,4.17119444610474,4.17205441975412,0.724739210920416,-0.00782665002693497,0.0407469156458995,0.00599812336816962,10.3722469484196,1729.2486852575,0.00919078778135685,0,0
71.9,-4.6416201,4.1809049484882,0.74826335865407,4.20559814136975,4.17230308318876,4.17310794137081,0.724949628969853,-0.00870510074909027,0.0407469156458995,0.00599812336816962,10.3722469484196,1729.2486852575,0.00860186529944151,0,0
72,-4.6414229,4.1814640565292,0.7483087579117,4.20605323248061,4.17331608549519,4.17407846401014,0.725151200399236,-0.00953902898315305,0.041680249903728,0.00879792323116984,8.97352984840492,1019.96000790424,0.00814797103400533,1,0
72.1,-4.6420142,4.1819406270722,0.74835415524054,4.20653923200761,4.17881450300378,4.1791064078557,0.725257298780567,-0.0101342015545927,0.041680249903728,0.00879792323116984,8.97352984840492,1019.96000790424,0.00312612406842394,0,0
72.2,-4.6410288,4.1825391851509,0.74839955835282,4.20695105641,4.17943819668591,4.1797272890109,0.725363614193232,-0.0107198719609768,0.041680249903728,0.00879792323116984,8.97352984840492,1019.96000790424,0.00310098846498619,0,0
72.3,-4.6414229,4.1830076410712,0.748444951827,4.2074200678649,4.18010998234182,4.18037977768839,0.725466512866094,-0.0112821035329621,0.041680249903728,0.00879792323116984,8.97352984840492,1019.96000790424,0.0028976587293803,0,0
72.4,-4.6420142,4.1835707196833,0.74849034915583,4.20789387100914,4.18076450089107,4.18102552379935,0.72556810962941,-0.0118303073274121,0.041680249903728,0.00879792323116984,8.97352984840492,1019.96000790424,0.00280621879222664,0,0
72.5,-4.6420142,4.1841141550926,0.74853575226812,4.20833745095613,4.18137958806359,4.18163374980951,0.725668719859227,-0.0123663444013664,0.041680249903728,0.00879792323116984,8.97352984840492,1019.96000790424,0.0027345670290071,0,0
72.6,-4.6414229,4.184535356417,0.7485811553804,4.20875077760547,4.18195722816647,4.18219670620932,0.725766543068563,-0.0128837571142984,0.041680249903728,0.00879792323116984,8.97352984840492,1019.96000790424,0.00257812825052817,0,0
72.7,-4.6414229,4.184988319599,0.74862655270924,4.20918642810624,4.18253903431742,4.18276643904734,0.725862053465707,-0.0133849602016271,0.041680249903728,0.00879792323116984,8.97352984840492,1019.96000790424,0.00244928528158361,0,0
72.8,-4.6410288,4.1855081777489,0.74867195003807,4.20960067375441,4.1830867866245,4.18331152168297,0.72595726614808,-0.0138781528866512,0.041680249903728,0.00879792323116984,8.97352984840492,1019.96000790424,0.00242139112439954,0,0
72.9,-4.6418169,4.1859096922818,0.74871734351225,4.21006362700622,4.18367563688856,4.18388292881096,0.726048842436855,-0.0143510048246284,0.041680249903728,0.00879792323116984,8.97352984840492,1019.96000790424,0.00223405539324162,0,0
73,-4.642605,4.1864215122438,0.74876274469476,4.21052287150388,4.18424188622982,4.18444408652928,0.726139490445426,-0.0148142734040868,0.0422757212223533,0.010070978618067,7.96720170141672,791.10501606307,0.00217962601397925,1,0
73.1,-4.6416201,4.1869217335943,0.74880815358561,4.21089957247792,4.18759797308205,4.18753536570027,0.726170643763814,-0.0151602989662968,0.0422757212223533,0.010070978618067,7.96720170141672,791.10501606307,-0.000676239487752639,0,0
73.2,-4.6422109,4.1873587776815,0.74885355284323,4.21134252615439,4.18798688137232,4.18792882172477,0.726202620915841,-0.0155058345396747,0.0422757212223533,0.010070978618067,7.96720170141672,791.10501606307,-0.000628103690817561,0,0
73.3,-4.6424077,4.1877485635459,0.74889895787942,4.21176432957399,4.18835944925129,4.18830304991107,0.726234814083024,-0.0158486439157861,0.0422757212223533,0.010070978618067,7.96720170141672,791.10501606307,-0.000610885705387254,0,0
73.4,-4.6424077,4.188221133527,0.7489443648405,4.21217374469742,4.18872110781063,4.18867499158245,0.726269292808725,-0.0161958467257787,0.0422757212223533,0.010070978618067,7.96720170141672,791.10501606307,-0.000499974283628468,0,0
73.5,-4.6418169,4.1886700562485,0.74898977180157,4.21255325712091,4.18906374231927,4.18902745593452,0.726306014192581,-0.0165469395808865,0.0422757212223533,0.010070978618067,7.96720170141672,791.10501606307,-0.000393686070766286,0,0
73.6,-4.6406348,4.1890992621153,0.74903517298408,4.21290281165316,4.18938675149031,4.18936026782675,0.726345020635976,-0.016901738054997,0.0422757212223533,0.010070978618067,7.96720170141672,791.10501606307,-0.000287489375010885,0,0
73.7,-4.6400439,4.1895755562111,0.74908056260458,4.21327497811608,4.18973997459549,4.18972483452006,0.726386726748657,-0.017261360881682,0.0422757212223533,0.010070978618067,7.96720170141672,791.10501606307,-0.000164418384385634,0,0
73.8,-4.6402412,4.1899811848219,0.74912594644554,4.21367862304632,4.19013329905746,4.1901192962621,0.726428681371057,-0.0176173787251812,0.0422757212223533,0.010070978618067,7.96720170141672,791.10501606307,-0.000152114235563161,0,0
73.9,-4.6410288,4.1904141548047,0.74917133221628,4.21410506781505,4.19054830170959,4.19053595565251,0.726471026500793,-0.0179703586655576,0.0422757212223533,0.010070978618067,7.96720170141672,791.10501606307,-0.000134146904888333,0,0
74,-4.6418169,4.1908236275293,0.74921672569046,4.21452817659951,4.19096068397503,4.19094807217192,0.726513298749971,-0.0183188268896615,0.0426285953885124,0.0107061714796813,7.40792223537793,691.930093725574,-0.000137056445732142,1,0
74.1,-4.6398472,4.1912254619937,0.74926212687297,4.21482528104903,4.19295537728661,4.19279640479576,0.726518865135791,-0.0186091538473064,0.0426285953885124,0.0107061714796813,7.40792223537793,691.930093725574,-0.00172991529291444,0,0
74.2,-4.6410288,4.1916662702869,0.74930750879003,4.21525895843139,4.19329587874935,4.19314627847005,0.726526354338146,-0.0189032839889906,0.0426285953885124,0.0107061714796813,7.40792223537793,691.930093725574,-0.00162960846244697,0,0
74.3,-4.6406348,4.1919773560988,0.74935290226421,4.21561933238664,4.19357482092011,4.19342828741412,0.726534283331776,-0.0191963994603093,0.0426285953885124,0.0107061714796813,7.40792223537793,691.930093725574,-0.00159746482130796,0,0
74.4,-4.6422109,4.1923712560802,0.74939829188471,4.21606398077946,4.19393682293814,4.1937933018004,0.726542680760778,-0.0194882016705875,0.0426285953885124,0.0107061714796813,7.40792223537793,691.930093725574,-0.00156556685794129,0,0
74.5,-4.6416201,4.1927651260649,0.7494436969209,4.21640913075433,4.19420579014608,4.19407377923317,0.72655382222023,-0.0197858699589576,0.0426285953885124,0.0107061714796813,7.40792223537793,691.930093725574,-0.00144066408117549,0,0
74.6,-4.640832,4.1931706846573,0.74948909617852,4.21674217982281,4.19447377675718,4.19435441227883,0.726568054066536,-0.020089887095834,0.0426285953885124,0.0107061714796813,7.40792223537793,691.930093725574,-0.00130309209988155,0,0
74.7,-4.6410288,4.193580077429,0.74953448772782,4.21711572647129,4.19479219967152,4.1946811958214,0.726584312285242,-0.0203966158817498,0.0426285953885124,0.0107061714796813,7.40792223537793,691.930093725574,-0.00121212224252165,0,0
74.8,-4.6416201,4.1939934404167,0.749579881202,4.21750365198541,4.19513171709778,4.19502749474098,0.72660223273085,-0.0207048503978787,0.0426285953885124,0.0107061714796813,7.40792223537793,691.930093725574,-0.00113827668107813,0,0
74.9,-4.6412261,4.1944619701952,0.74962528045963,4.21784465280273,4.19543197017566,4.19534316690946,0.726624137107126,-0.021021601604288,0.0426285953885124,0.0107061714796813,7.40792223537793,691.930093725574,-0.000969999980456215,0,0
75,-4.6418169,4.1947849345572,0.74967067586358,4.21822628400637,4.19578531654668,4.195693739969,0.726645229174053,-0.0213318559018205,0.0428190088037729,0.0111103299520352,7.14601663186957,643.186715670905,-0.00100038198947949,1,0
75.1,-4.6410288,4.1952182845544,0.74971607704609,4.21854354176851,4.19699666367508,4.19683397985435,0.726647172913691,-0.0216205825846944,0.0428190088037729,0.0111103299520352,7.14601663186957,643.186715670905,-0.00177837912067957,0,0
75.2,-4.640832,4.195604070156,0.74976147052027,4.21888393990456,4.19727421877582,4.1971215162809,0.726651546607252,-0.0219134076193834,0.0428190088037729,0.0111103299520352,7.14601663186957,643.186715670905,-0.00167014861982118,0,0
75.3,-4.6406348,4.1959032773281,0.74980686206956,4.21922125527492,4.19755763710935,4.19740643898194,0.726656128982151,-0.0222034863250421,0.0428190088037729,0.0111103299520352,7.14601663186957,643.186715670905,-0.00165435978125306,0,0
75.4,-4.6424077,4.1962694258967,0.74985225169007,4.21964317336661,4.19792285467362,4.19777178760731,0.726660580851261,-0.0224897268651003,0.0428190088037729,0.0111103299520352,7.14601663186957,643.186715670905,-0.00165342877692432,0,0
75.5,-4.6418169,4.1966513772944,0.74989765865114,4.21995716369444,4.1981833004741,4.19804336686862,0.726667939597483,-0.0227813236162119,0.0428190088037729,0.0111103299520352,7.14601663186957,643.186715670905,-0.00153192317969797,0,0
75.6,-4.6410288,4.1969939486817,0.74994305983365,4.22025935257802,4.1984422840523,4.19831000830417,0.72667727477083,-0.0230750126240008,0.0428190088037729,0.0111103299520352,7.14601663186957,643.186715670905,-0.00144833537060407,0,0
75.7,-4.6424077,4.1973680616049,0.74998845330783,4.22065492038383,4.19879750586615,4.19866697184566,0.726686996602774,-0.0233659575139015,0.0428190088037729,0.0111103299520352,7.14601663186957,643.186715670905,-0.00142944426124636,0,0
75.8,-4.6414229,4.1978207486517,0.7500338602689,4.2209426000645,4.19904943761353,4.19893724649295,0.726701689281533,-0.0236678581639467,0.0428190088037729,0.0111103299520352,7.14601663186957,643.186715670905,-0.00122868896183181,0,0
75.9,-4.6422109,4.1981358286511,0.75007925759773,4.22130615582979,4.19939126752443,4.19927664153796,0.726715661952455,-0.0239634862863786,0.0428190088037729,0.0111103299520352,7.14601663186957,643.186715670905,-0.00125543887333279,0,0
76,-4.6414229,4.1984271414627,0.75012466263392,4.22159685095864,4.19965919885098,4.19954671310517,0.726730197232136,-0.024256870010975,0.0429026500448405,0.0114509631142468,7.08012938187005,618.299902919193,-0.00123205738828247,1,0
76.1,-4.6424077,4.198734432921,0.75017005996276,4.22196349988051,4.20041495292533,4.20026155342892,0.726733424594381,-0.0245389297657073,0.0429026500448405,0.0114509631142468,7.08012938187005,618.299902919193,-0.00168052000432528,0,0
76.2,-4.6414229,4.1991478700251,0.75021546692383,4.22223985616464,4.20065328706483,4.20051589219911,0.726741011757639,-0.0248300751933433,0.0429026500448405,0.0114509631142468,7.08012938187005,618.299902919193,-0.0015054170397315,0,0
76.3,-4.6422109,4.1994825628724,0.75026086425266,4.22259219735293,4.20097943534127,4.20084283648556,0.726748772501388,-0.0251176437733555,0.0429026500448405,0.0114509631142468,7.08012938187005,618.299902919193,-0.00149687246886909,0,0
76.4,-4.6412261,4.1998841914359,0.75030626928885,4.22286303119044,4.20122642081012,4.20110394533773,0.726760410815676,-0.0254126525379663,0.0429026500448405,0.0114509631142468,7.08012938187005,618.299902919193,-0.00134222937421757,0,0
76.5,-4.642605,4.2001675556872,0.7503516646928,4.22323618869673,4.20158463616208,4.20145533997488,0.726770146373833,-0.0256979033419148,0.0429026500448405,0.0114509631142468,7.08012938187005,618.299902919193,-0.00141708047487743,0,0
76.6,-4.6412261,4.2005378485319,0.75039707358365,4.22348414223926,4.20181394442124,4.2016975184684,0.726783441716018,-0.0259897007466888,0.0429026500448405,0.0114509631142468,7.08012938187005,618.299902919193,-0.00127609588933986,0,0
76.7,-4.642605,4.2008764756716,0.7504424689876,4.22385195690622,4.20217011633045,4.20205209509303,0.726796287482172,-0.0262759019299803,0.0429026500448405,0.0114509631142468,7.08012938187005,618.299902919193,-0.00129364065884818,0,0
76.8,-4.6416201,4.2012227713692,0.75048787787845,4.22411214572474,4.20241949689236,4.20231032157718,0.726811596038826,-0.0265653991779489,0.0429026500448405,0.0114509631142468,7.08012938187005,618.299902919193,-0.00119672552315642,0,0
76.9,-4.6431958,4.201506525616,0.75053327713608,4.22448351942114,4.20278335468903,4.20266687548504,0.726824897224371,-0.0268448076345677,0.0429026500448405,0.0114509631142468,7.08012938187005,618.299902919193,-0.00127682907302784,0,0
77,-4.6400439,4.201853021365,0.75057869180548,4.22464218807121,4.20293342750296,4.20283486994305,0.726843170294567,-0.0271349158282756,0.0429055035167151,0.0118023679543628,7.17498647915614,607.927706278967,-0.00108040613796412,1,0
77.1,-4.6418169,4.2021719112463,0.75062407564644,4.22501701632815,4.20333914222873,4.20323264215538,0.726859289900153,-0.027431810355448,0.0429055035167151,0.0118023679543628,7.17498647915614,607.927706278967,-0.00116723098243021,0,0
77.2,-4.6414229,4.2026247984605,0.75066947682895,4.22529311941561,4.20362689083802,4.20353544389308,0.726879617813574,-0.0277369313621415,0.0429055035167151,0.0118023679543628,7.17498647915614,607.927706278967,-0.00100209237752402,0,0
77.3,-4.6424077,4.202927769881,0.75071487415779,4.22562800334942,4.20398456048999,4.20388811073058,0.726898627003044,-0.0280337055592,0.0429055035167151,0.0118023679543628,7.17498647915614,607.927706278967,-0.00105679060898645,0,0
77.4,-4.6420142,4.2031916413055,0.75076028111886,4.2258992034118,4.20427415090952,4.20417534553086,0.726917058787276,-0.0283245986690848,0.0429055035167151,0.0118023679543628,7.17498647915614,607.927706278967,-0.00108250960402501,0,0
77.5,-4.6420142,4.2034989626031,0.75080568423115,4.22618540148039,4.20457417583976,4.20447603072247,0.726935723355548,-0.0286118918295782,0.0429055035167151,0.0118023679543628,7.17498647915614,607.927706278967,-0.00107521323665605,0,0
77.6,-4.6412261,4.2039241984007,0.75085108734343,4.22643410422665,4.2048370708846,4.20475374108074,0.726958471515128,-0.0289070939627957,0.0429055035167151,0.0118023679543628,7.17498647915614,607.927706278967,-0.00091287248389893,0,0
77.7,-4.6410288,4.2042154412717,0.75089648274738,4.22670658394199,4.20513590976099,4.20505188486226,0.726981070207458,-0.0291974881921586,0.0429055035167151,0.0118023679543628,7.17498647915614,607.927706278967,-0.000920468489285398,0,0
77.8,-4.6418169,4.2044753983708,0.75094187622156,4.227020485852,4.20547227977143,4.20538127890476,0.727001824960216,-0.0294781766460804,0.0429055035167151,0.0118023679543628,7.17498647915614,607.927706278967,-0.00099688140062959,0,0
77.9,-4.6414229,4.2047902483372,0.75098727740407,4.22727952665561,4.20574720458083,4.20565984865266,0.727023622451893,-0.0297580112245657,0.0429055035167151,0.0118023679543628,7.17498647915614,607.927706278967,-0.000956956243630458,0,0
78,-4.6420142,4.2051171768737,0.75103267473291,4.22758000774891,4.20606410890756,4.2059776691335,0.72704571086715,-0.0300346130025376,0.042841890494217,0.0121789275152299,7.41834139378219,609.112861908857,-0.000946932033856207,1,0
78.1,-4.6410288,4.2054361412268,0.75107807784519,4.22780809657749,4.20602756509362,4.20597354733281,0.727076627289617,-0.0303458172844844,0.042841890494217,0.0121789275152299,7.41834139378219,609.112861908857,-0.000591423866825203,0,0
78.2,-4.6418169,4.2057079768401,0.75112347131937,4.22811266495478,4.20639038141608,4.20632802722939,0.727105383302151,-0.0306459007348244,0.042841890494217,0.0121789275152299,7.41834139378219,609.112861908857,-0.00068240457598101,0,0
78.3,-4.642605,4.2060858838962,0.75116887250188,4.22841504668028,4.20674097734709,4.20668109929606,0.727134883431928,-0.0309440424430303,0.042841890494217,0.0121789275152299,7.41834139378219,609.112861908857,-0.000655093450887101,0,0
78.4,-4.6406348,4.2064480626678,0.75121428139273,4.22859256208698,4.20697202066089,4.20692411733081,0.727167627660569,-0.0312479732295762,0.042841890494217,0.0121789275152299,7.41834139378219,609.112861908857,-0.000523957993090463,0,0
78.5,-4.640832,4.2066685697239,0.75125967101323,4.22886403148517,4.20730348957112,4.20724543123297,0.727197731709708,-0.0315392387276472,0.042841890494217,0.0121789275152299,7.41834139378219,609.112861908857,-0.000634919847219528,0,0
78.6,-4.6412261,4.2069560482325,0.75130506256252,4.22914207085479,4.20762937263938,4.20756779484436,0.727226974548639,-0.0318237362944108,0.042841890494217,0.0121789275152299,7.41834139378219,609.112861908857,-0.000673324406877285,0,0
78.7,-4.6410288,4.2072829767559,0.75135045796647,4.22939165694059,4.20792265726545,4.20786415140477,0.727257083510812,-0.0321069420513693,0.042841890494217,0.0121789275152299,7.41834139378219,609.112861908857,-0.000639680509553209,0,0
78.8,-4.6400439,4.2076253982213,0.75139585144065,4.22960401476796,4.20818144596758,4.20813058659151,0.727289234837994,-0.0323925032884666,0.042841890494217,0.0121789275152299,7.41834139378219,609.112861908857,-0.000556047746280264,0,0
78.9,-4.6406348,4.2079166411369,0.75144123528161,4.22988420900209,4.20851140031847,4.20845699867341,0.727320501169143,-0.0326711661639764,0.042841890494217,0.0121789275152299,7.41834139378219,609.112861908857,-0.000594759181573146,0,0
79,-4.6414229,4.2081884767054,0.75148662490212,4.23017111612147,4.20884263012801,4.2087827952946,0.727350412270741,-0.0329417375499399,0.0427225338470539,0.0126014034263759,7.81911443528088,620.495525039278,-0.000654153422610548,1,0
79.1,-4.6400439,4.2085310481576,0.75153202223095,4.23035960460721,4.20852711015922,4.20852747068109,0.727395902085991,-0.0332666725478858,0.0427225338470539,0.0126014034263759,7.81911443528088,620.495525039278,3.93799837894449e-06,0,0
79.2,-4.6431958,4.2088343696324,0.75157740607191,4.23074740046428,4.20901498205654,4.20899843587295,0.727437073712291,-0.0335734394948114,0.0427225338470539,0.0126014034263759,7.81911443528088,620.495525039278,-0.000180612424137472,0,0
79.3,-4.6388623,4.2091099696192,0.75162282074132,4.23080050943776,4.20916278052981,4.20915793993629,0.727481264769068,-0.0338863740938136,0.0427225338470539,0.0126014034263759,7.81911443528088,620.495525039278,-5.28109106117114e-05,0,0
79.4,-4.6420142,4.2094210551447,0.75166819302516,4.23118405358708,4.2096373787985,4.20961754304216,0.727521655473276,-0.0341823392748561,0.0427225338470539,0.0126014034263759,7.81911443528088,620.495525039278,-0.000216323653799755,0,0
79.5,-4.6412261,4.2097557125837,0.75171359613744,4.2313906658708,4.20992542092329,4.20990985501952,0.72756317276778,-0.0344785317699331,0.0427225338470539,0.0126014034263759,7.81911443528088,620.495525039278,-0.000169708339594621,0,0
79.6,-4.6416201,4.2099877480828,0.7517589915414,4.23164776311927,4.21026433953777,4.2102389647659,0.72760226882357,-0.0347627569919374,0.0427225338470539,0.0126014034263759,7.81911443528088,620.495525039278,-0.000276591454973385,0,0
79.7,-4.6418169,4.2102910695669,0.75180439079903,4.23189414397988,4.21058147839917,4.21055483199433,0.727641087050364,-0.0350423639249887,0.0427225338470539,0.0126014034263759,7.81911443528088,620.495525039278,-0.000290408832267275,0,0
79.8,-4.6414229,4.2105666695538,0.75184979198154,4.23211229557166,4.21086858487866,4.21084087986217,0.72767967842686,-0.0353175547380181,0.0427225338470539,0.0126014034263759,7.81911443528088,620.495525039278,-0.000301915324863344,0,0
79.9,-4.6398472,4.2108541480378,0.75189518931037,4.23227588317041,4.21110058461709,4.21107796909711,0.72771954164913,-0.0355933595731886,0.0427225338470539,0.0126014034263759,7.81911443528088,620.495525039278,-0.000246436579292464,0,0
80,-4.6410288,4.211135098484,0.75194057122743,4.23256001364054,4.21145170445562,4.21142264844066,0.727757842949077,-0.0358600763706741,0.0425610607844071,0.0130653959697068,8.38345271711825,641.653168151656,-0.000316605971621975,1,0
80.1,-4.6418169,4.2112718,0.75198596470161,4.2328248626097,4.21103314844746,4.21105507516827,0.727808522174247,-0.0361719989641584,0.0425610607844071,0.0130653959697068,8.38345271711825,641.653168151656,0.000238651552536773,0,0
80.2,-0,4.0153444225,0.75203136588412,4.02656539565371,4.01381721173987,4.01395765156277,0.727887444949464,-0.0365785986384435,0.0425610607844071,0.0130653959697068,8.38345271711825,641.653168151656,0.0015272107601314,0,0
80.3,-0,4.0132133070742,0.75203136588412,4.02625918922193,4.01352392449117,4.01349534127082,0.727880683928254,-0.0361211394528792,0.0425610607844071,0.0130653959697068,8.38345271711825,641.653168151656,-0.000310617416965364,0,0
80.4,-0,4.0120446421027,0.75203136588412,4.02595592547976,4.01306703847571,4.01297290824618,0.727858602458315,-0.0356145501235327,0.0425610607844071,0.0130653959697068,8.38345271711825,641.653168151656,-0.00102239637300894,0,0
80.5,-0,4.0111499011279,0.75203136588412,4.02565557614752,4.01255061228333,4.01242160095333,0.727828567702101,-0.0350847930955504,0.0425610607844071,0.0130653959697068,8.38345271711825,641.653168151656,-0.00140071115542817,0,0
80.6,-0,4.0103531941367,0.75203136588412,4.02535811321729,4.01200558653141,4.01185335012439,0.72779337250114,-0.0345417952068067,0.0425610607844071,0.0130653959697068,8.38345271711825,641.653168151656,-0.00165239239471315,0,0
80.7,-0,4.0097736651282,0.75203136588412,4.02506350895032,4.01144377424558,4.01128987298648,0.727758019911467,-0.0340036839372075,0.0425610607844071,0.0130653959697068,8.38345271711825,641.653168151656,-0.00167010911737986,0,0
80.8,-0,4.009222377158,0.75203136588412,4.02477173587442,4.01088667770818,4.01073328864755,0.727722992372392,-0.0334722322392434,0.0425610607844071,0.0130653959697068,8.38345271711825,641.653168151656,-0.00166430055017663,0,0
80.9,-0,4.008878836112,0.75203136588412,4.02448276678144,4.01033639500455,4.01020204637088,0.727692479334665,-0.0329628833996344,0.0425610607844071,0.0130653959697068,8.38345271711825,641.653168151656,-0.00145755889255206,0,0
81,-0,4.0084944711508,0.75203136588412,4.02419657472466,4.00981119228076,4.00968981725279,0.727665050966884,-0.032470334434301,0.0431458606771472,0.0123570019646286,7.02581597165704,568.569624878926,-0.00131672112996117,1,0
81.1,-0,4.0080661766797,0.75203136588412,4.02391313301636,4.00923093321336,4.0091238887068,0.727640500587509,-0.0319220210530287,0.0431458606771472,0.0123570019646286,7.02581597165704,568.569624878926,-0.00116475653366521,0,0
81.2,-0,4.0076675831921,0.75203136588412,4.02363241522528,4.00867275365622,4.00858059460738,0.727619090110416,-0.0313940892042209,0.0431458606771472,0.0123570019646286,7.02581597165704,568.569624878926,-0.00100517046411852,0,0
81.3,-0,4.0074470356035,0.75203136588412,4.02335439517417,4.00813692050549,4.00807378647096,0.727604257448704,-0.0308979236642062,0.0431458606771472,0.0123570019646286,7.02581597165704,568.569624878926,-0.000689884901989402,0,0
81.4,-0,4.0072157291246,0.75203136588412,4.02307904693733,4.0076371243833,4.00759861735461,0.727595122134848,-0.0304293092350939,0.0431458606771472,0.0123570019646286,7.02581597165704,568.569624878926,-0.000421395258704216,0,0
81.5,-0,4.0068407832484,0.75203136588412,4.02280634483825,4.00716857791763,4.00713865839889,0.727587963942424,-0.0299744863604414,0.0431458606771472,0.0123570019646286,7.02581597165704,568.569624878926,-0.000327794669227721,0,0
81.6,-0,4.0066202356315,0.75203136588412,4.02253626344713,4.0067150467047,4.00670640052557,0.727585880207422,-0.0295437235896867,0.0431458606771472,0.0123570019646286,7.02581597165704,568.569624878926,-9.48110731977536e-05,0,0
81.7,-0,4.0063888411622,0.75203136588412,4.02226877757858,4.00628887654694,4.00629798639139,0.727588089540588,-0.0291337242348936,0.0431458606771472,0.0123570019646286,7.02581597165704,568.569624878926,9.99646152628486e-05,0,0
81.8,-0,4.0061523891888,0.75203136588412,4.02200386228924,4.00588625669125,4.00591049658388,0.727594000070334,-0.0287419935578825,0.0431458606771472,0.0123570019646286,7.02581597165704,568.569624878926,0.000266132497553251,0,0
81.9,-0,4.0059163291807,0.75203136588412,4.02174149287546,4.00550430298179,4.00554181579631,0.727603189296422,-0.0283667194004619,0.0431458606771472,0.0123570019646286,7.02581597165704,568.569624878926,0.000412026198908677,0,0
82,-0,4.0057147356689,0.75203136588412,4.02148164487099,4.00514092572202,4.00519315176516,0.727616032910171,-0.0280088399364905,0.0429203859668633,0.0126283114117732,7.62176583693963,603.545920623556,0.000573809946883053,1,0
82.1,-0,4.0055177476823,0.75203136588412,4.02122429404472,4.00482806709803,4.0048909149534,0.727631406263744,-0.0276955725760259,0.0429203859668633,0.0126283114117732,7.62176583693963,603.545920623556,0.000689680584273766,0,0
82.2,-0,4.0052167363065,0.75203136588412,4.02096941639839,4.00452991360819,4.0045925606986,0.727646654921719,-0.0273862772429757,0.0429203859668633,0.0126283114117732,7.62176583693963,603.545920623556,0.000686822698313883,0,0
82.3,-0,4.0050056356971,0.75203136588412,4.02071698816437,4.00423559090143,4.00430588166517,0.727663685813774,-0.0270873783589105,0.0429203859668633,0.0126283114117732,7.62176583693963,603.545920623556,0.000770044795669556,0,0
82.4,-0,4.0049127470802,0.75203136588412,4.02046698580344,4.00395280790224,4.00404048410313,0.72768483865055,-0.0268068034059883,0.0429203859668633,0.0126283114117732,7.62176583693963,603.545920623556,0.000959939177960223,0,0
82.5,-0,4.0046607827997,0.75203136588412,4.02021938600259,4.00369106752891,4.0037796773341,0.72770613186132,-0.026530718526215,0.0429203859668633,0.0126283114117732,7.62176583693963,603.545920623556,0.000969715270787042,0,0
82.6,-0,4.0045236006413,0.75203136588412,4.01997416567287,4.00343385942219,4.00353347232096,0.727729980255786,-0.0262674020301782,0.0429203859668633,0.0126283114117732,7.62176583693963,603.545920623556,0.00108974121910688,0,0
82.7,-0,4.0044058286233,0.75203136588412,4.0197313019472,4.00319108664029,4.00330215620816,0.727756478860451,-0.0260170728797825,0.0429203859668633,0.0126283114117732,7.62176583693963,603.545920623556,0.00121474198301108,0,0
82.8,-0,4.0041835893011,0.75203136588412,4.01949077217827,4.00296303347357,4.00307465783765,0.727783022540379,-0.0257705291296893,0.0429203859668633,0.0126283114117732,7.62176583693963,603.545920623556,0.00122055582753156,0,0
82.9,-0,4.0041207935396,0.75203136588412,4.0192525539364,4.00273874870788,4.0028651615205,0.727812989873788,-0.0255395309242747,0.0429203859668633,0.0126283114117732,7.62176583693963,603.545920623556,0.00138204483172366,0,0
83,-0,4.0040468471026,0.75203136588412,4.01901662500747,4.00253226336523,4.00267081506205,0.727845738732887,-0.0253216868025671,0.0426895459535998,0.0129165204215937,8.50216258935053,658.239395118881,0.00151458373737157,1,0
83.1,-0,4.003794882878,0.75203136588412,4.01878296339083,4.00237473326594,4.00250488845824,0.727876087402627,-0.0251339846975296,0.0426895459535998,0.0129165204215937,8.50216258935053,658.239395118881,0.0014201496120636,0,0
83.2,-0,4.0035536893461,0.75203136588412,4.01855154729729,4.0022110014281,4.00233423717695,0.727904468405706,-0.0249429697372646,0.0426895459535998,0.0129165204215937,8.50216258935053,658.239395118881,0.00134268791799919,0,0
83.3,-0,4.0036293113234,0.75203136588412,4.01832235514703,4.00204258364937,4.00218838419126,0.727937668079927,-0.0247732956235633,0.0426895459535998,0.0129165204215937,8.50216258935053,658.239395118881,0.00158672767402912,0,0
83.4,-0,4.0034009829174,0.75203136588412,4.01809536556761,4.00189871463169,4.00203687665395,0.727968804886527,-0.0245994470882251,0.0426895459535998,0.0129165204215937,8.50216258935053,658.239395118881,0.0015022682857122,0,0
83.5,-0,4.0032638006918,0.75203136588412,4.01787055739201,4.00174923987311,4.00188862757011,0.727999922614409,-0.0244288706955596,0.0426895459535998,0.0129165204215937,8.50216258935053,658.239395118881,0.0015145608186895,0,0
83.6,-0,4.0031111822461,0.75203136588412,4.01764790965661,4.00160298530746,4.0017418598537,0.728030659182735,-0.0242600491564499,0.0426895459535998,0.0129165204215937,8.50216258935053,658.239395118881,0.00150819693863902,0,0
83.7,-0,4.0030574535743,0.75203136588412,4.01742740159925,4.00145819159005,4.0016055096502,0.728063007850222,-0.0241004884315333,0.0426895459535998,0.0129165204215937,8.50216258935053,658.239395118881,0.00159926198424643,0,0
83.8,-0,4.0028794358373,0.75203136588412,4.0172090126573,4.00132370710057,4.00146705739306,0.728094258219976,-0.0239396136935767,0.0426895459535998,0.0129165204215937,8.50216258935053,658.239395118881,0.00155572873673204,0,0
83.9,-0,4.0028213935582,0.75203136588412,4.01699272246576,4.00118713592196,4.00133775480061,0.728126875928233,-0.0237869075400309,0.0426895459535998,0.0129165204215937,8.50216258935053,658.239395118881,0.0016342576362387,0,0
84,-0,4.00271260072,0.75203136588412,4.01677851085532,4.0010596188943,4.00121198711482,0.728159672044509,-0.0236376082834409,0.0425191716249323,0.0131385292931705,9.42708853001382,717.514747629639,0.00165298182570428,1,0
84.1,-0,4.0025943887215,0.75203136588412,4.0165663578505,4.00096257098105,4.00111323720094,0.728191603438896,-0.0235159472461456,0.0425191716249323,0.0131385292931705,9.42708853001382,717.514747629639,0.00163181774045107,0,0
84.2,-0,4.0024765407112,0.75203136588412,4.01635624366778,4.00086510479373,4.00101408189724,0.728222733963536,-0.023394455451801,0.0425191716249323,0.0131385292931705,9.42708853001382,717.514747629639,0.00161143591747059,0,0
84.3,-0,4.0023583007368,0.75203136588412,4.0161481487138,4.0007672314308,4.00091447416241,0.728253108173298,-0.0232730538904839,0.0425191716249323,0.0131385292931705,9.42708853001382,717.514747629639,0.00159106930600483,0,0
84.4,-0,4.0023093415835,0.75203136588412,4.01594205358345,4.00066890468461,4.0008208348565,0.728284083169111,-0.0231571896875615,0.0425191716249323,0.0131385292931705,9.42708853001382,717.514747629639,0.00164043689888516,0,0
84.5,-0,4.002200500748,0.75203136588412,4.01573793905814,4.00057648793901,4.00072698758671,0.728314439354761,-0.0230415615237874,0.0425191716249323,0.0131385292931705,9.42708853001382,717.514747629639,0.00162401280898639,0,0
84.6,-0,4.002013387896,0.75203136588412,4.01553578610395,4.00048386073892,4.00062566942907,0.72834276419524,-0.0229199199844539,0.0425191716249323,0.0131385292931705,9.42708853001382,717.514747629639,0.00152952715708032,0,0
84.7,-0,4.0019898,0.75203136588412,4.01533557586989,4.0003838261021,4.00053277416608,0.728372250756175,-0.0228058677926902,0.0425191716249323,0.0131385292931705,9.42708853001382,717.514747629639,0.00160597389790151,0,0
84.8,-0,4.001920195186,0.75203136588412,4.01513728968613,4.00029213427968,4.00044316985724,0.728401908028151,-0.0226949840680419,0.0425191716249323,0.0131385292931705,9.42708853001382,717.514747629639,0.00162806090632461,0,0
84.9,-0,4.0017721943472,0.75203136588412,4.01494090906226,4.0002036999788,4.0003492370425,0.728430273851451,-0.0225806984659991,0.0425191716249323,0.0131385292931705,9.42708853001382,717.514747629639,0.00156849436840378,0,0
85,-0,4.0016148823507,0.75203136588412,4.01474641568556,4.0001109730675,4.00025053620473,0.728457291107332,-0.0224626124527381,0.0423985231361036,0.0133017006475237,10.3139715191977,775.387432968413,0.00150390928320299,1,0
85.1,-0,4.0014574943622,0.75203136588412,4.0145537914193,4.00003380039746,4.00016609670864,0.728482527074622,-0.0223600658751262,0.0423985231361036,0.0133017006475237,10.3139715191977,775.387432968413,0.0014236939647434,0,0
85.2,-0,4.0015771056303,0.75203136588412,4.01436301830106,3.99995035034617,4.0001016750175,0.728511007727959,-0.0222752090048789,0.0423985231361036,0.0133017006475237,10.3139715191977,775.387432968413,0.00162675528412892,0,0
85.3,-0,4.001491900793,0.75203136588412,4.01417407854102,3.99988674741654,4.00003618519457,0.728538791171647,-0.0221897842583517,0.0423985231361036,0.0133017006475237,10.3139715191977,775.387432968413,0.00160515337646361,0,0
85.4,-0,4.0013044359869,0.75203136588412,4.01398695452035,3.99982208183439,3.99996017512497,0.728564180793123,-0.0220955568586856,0.0423985231361036,0.0133017006475237,10.3139715191977,775.387432968413,0.00148235415251019,0,0
85.5,-0,4.0013156463918,0.75203136588412,4.0138016287895,3.99974698094005,3.99989318669131,0.728590790319979,-0.0220094757995511,0.0423985231361036,0.0133017006475237,10.3139715191977,775.387432968413,0.00156866545174461,0,0
85.6,-0,4.0011470480097,0.75203136588412,4.01361808406665,3.99968082307977,3.99981753240933,0.728615442356568,-0.0219161334126977,0.0423985231361036,0.0133017006475237,10.3139715191977,775.387432968413,0.00146622492993176,0,0
85.7,-0,4.0011578064084,0.75203136588412,4.01343630323604,3.9996060694338,3.99975079308189,0.728641320545989,-0.0218308262023617,0.0423985231361036,0.0133017006475237,10.3139715191977,775.387432968413,0.00155173697460231,0,0
85.8,-0,4.0009896760039,0.75203136588412,4.01325626934641,3.99954015321307,3.99967537263705,0.728665314327203,-0.0217381899580447,0.0423985231361036,0.0133017006475237,10.3139715191977,775.387432968413,0.00144952279083155,0,0
85.9,-0,4.0011045175821,0.75203136588412,4.01307796560939,3.99946562659085,3.99961853530707,0.728692257759883,-0.0216620204215308,0.0423985231361036,0.0133017006475237,10.3139715191977,775.387432968413,0.00163889099125258,0,0
86,-0,4.000950136043,0.75203136588412,4.01290137539795,3.99940952420059,3.99955327967284,0.728717427272094,-0.0215787053880249,0.0423072193844451,0.0134283943585546,11.178059077856,832.419631073391,0.00154061184241217,1,0
86.1,-0,4.0007532360523,0.75203136588412,4.01272648224487,3.99936109541407,3.99949114274125,0.728739893016604,-0.0215004490399499,0.0423072193844451,0.0134283943585546,11.178059077856,832.419631073391,0.00139214063823134,0,0
86.2,-0,4.0007987647819,0.75203136588412,4.01255326984115,3.99929965544914,3.99943981890742,0.728763812152527,-0.0214319629654541,0.0423072193844451,0.0134283943585546,11.178059077856,832.419631073391,0.00149910933275921,0,0
86.3,-0,4.0006697824478,0.75203136588412,4.01238172203453,3.99924894156596,3.99938187895495,0.728786247160393,-0.0213579256503766,0.0423072193844451,0.0134283943585546,11.178059077856,832.419631073391,0.0014208408818388,0,0
86.4,-0,4.0006509,0.75203136588412,4.01221182282801,3.9991916610046,3.99932826462918,0.728809068708908,-0.0212879366148673,0.0423072193844451,0.0134283943585546,11.178059077856,832.419631073391,0.00145923899539602,0,0
86.5,-0,4.0005468008604,0.75203136588412,4.01204355637827,3.99913867001516,3.99927054436275,0.728830898219341,-0.0212145534368404,0.0423072193844451,0.0134283943585546,11.178059077856,832.419631073391,0.00140813084524272,0,0
86.6,-0,4.0004633472372,0.75203136588412,4.01187690699429,3.99908160331397,3.99921104812759,0.728852146838391,-0.0211398110859676,0.0423072193844451,0.0134283943585546,11.178059077856,832.419631073391,0.00138174392323043,0,0
86.7,-0,4.0003498888675,0.75203136588412,4.01171185913581,3.9990227727491,3.99914713046588,0.728872405475995,-0.0210613576310268,0.0423072193844451,0.0134283943585546,11.178059077856,832.419631073391,0.00132711611839698,0,0
86.8,-0,4.0003357,0.75203136588412,4.01154839741195,3.99895955380953,3.99908852983954,0.728893271375089,-0.0209877854947169,0.0423072193844451,0.0134283943585546,11.178059077856,832.419631073391,0.00137614619047088,0,0
86.9,-0,4.0002320408622,0.75203136588412,4.0113865065797,3.99890160843132,3.99902631729314,0.728913320146069,-0.0209111877366766,0.0423072193844451,0.0134283943585546,11.178059077856,832.419631073391,0.00133043243087805,0,0
87,-0,4.0002523063843,0.75203136588412,4.01122617154257,3.99884007807985,3.9989724675177,0.728934481952481,-0.0208421541345443,0.0422396224582338,0.0135236057500494,11.9657130679491,884.801974348108,0.00141222830444798,1,0
87.1,-0,4.00015298889,0.75203136588412,4.01106737734914,3.99879901103438,3.99892605451207,0.728954553528879,-0.0207813395541403,0.0422396224582338,0.0135236057500494,11.9657130679491,884.801974348108,0.00135397785562263,0,0
87.2,-0,4.0001043936195,0.75203136588412,4.01091010919165,3.99875310415126,3.99887998572258,0.728974387885358,-0.0207210393977452,0.0422396224582338,0.0135236057500494,11.9657130679491,884.801974348108,0.0013512894682437,0,0
87.3,-0,3.9999957768971,0.75203136588412,4.01075435240469,3.99870753720303,3.99882856631456,0.728993125749823,-0.0206561753677932,0.0422396224582338,0.0135236057500494,11.9657130679491,884.801974348108,0.00128823969406966,0,0
87.4,-0,3.9999816,0.75203136588412,4.01060009246375,3.9986566576186,3.99878118941709,0.72901223766081,-0.020595085465934,0.0422396224582338,0.0135236057500494,11.9657130679491,884.801974348108,0.00132494238139547,0,0
87.5,-0,3.9999470176333,0.75203136588412,4.01044731498391,3.99860978913497,3.99873551853721,0.729031380348924,-0.0205356794987467,0.0422396224582338,0.0135236057500494,11.9657130679491,884.801974348108,0.00133722849832996,0,0
87.6,-0,3.9998036185575,0.75203136588412,4.01029600571852,3.99856461265457,3.99868113764142,0.729048993799356,-0.0204686607603415,0.0422396224582338,0.0135236057500494,11.9657130679491,884.801974348108,0.00123900590292525,0,0
87.7,-0,3.9998539527217,0.75203136588412,4.0101461505578,3.99851078951469,3.99863713576562,0.729067966764069,-0.0204110455756155,0.0422396224582338,0.0135236057500494,11.9657130679491,884.801974348108,0.00134316320700689,0,0
87.8,-0,3.999759564921,0.75203136588412,4.00999773552759,3.99846726713478,3.99858884738434,0.729086115440837,-0.0203497353210019,0.0422396224582338,0.0135236057500494,11.9657130679491,884.801974348108,0.00129229778621642,0,0
87.9,-0,3.9995374658656,0.75203136588412,4.00985074678802,3.99841948900121,3.99852468119469,0.729101732954856,-0.0202743633948585,0.0422396224582338,0.0135236057500494,11.9657130679491,884.801974348108,0.0011179768643923,0,0
88,-0,3.9995091,0.75203136588412,4.00970517063223,3.99835595008593,3.99846446106499,0.729117764069001,-0.0202026407660739,0.0421894447846746,0.0135941900876822,12.6540524436849,930.842688094444,0.00115314991407223,1,0
88.1,-0,3.9995436823555,0.75203136588412,4.00956099348507,3.99830543672114,3.99842203805355,0.729134822420366,-0.0201479782016555,0.0421894447846746,0.0135941900876822,12.6540524436849,930.842688094444,0.00123824563436159,0,0
88.2,-0,3.9994792352928,0.75203136588412,4.00941820190186,3.99826344398407,3.99837799518034,0.729151432405597,-0.0200920174830489,0.0421894447846746,0.0135941900876822,12.6540524436849,930.842688094444,0.00121579130873117,0,0
88.3,-0,3.9995043823517,0.75203136588412,4.00927678256713,3.9982198416036,3.99834092385063,0.729168848207204,-0.0200424501259118,0.0421894447846746,0.0135941900876822,12.6540524436849,930.842688094444,0.00128454074810369,0,0
88.4,-0,3.9993704186174,0.75203136588412,4.00913672229336,3.99818316044151,3.99829511152779,0.729184833096603,-0.0199851684707513,0.0421894447846746,0.0135941900876822,12.6540524436849,930.842688094444,0.00118725817588583,0,0
88.5,-0,3.9994209286834,0.75203136588412,4.00899800801978,3.99813779900912,3.99825882292852,0.729201998979244,-0.0199365631636367,0.0421894447846746,0.0135941900876822,12.6540524436849,930.842688094444,0.00128312967427879,0,0
88.6,-0,3.9993958176539,0.75203136588412,4.00886062681111,3.99810189300474,3.99822396073828,0.729219208845723,-0.0198893527066618,0.0421894447846746,0.0135941900876822,12.6540524436849,930.842688094444,0.00129392464916078,0,0
88.7,-0,3.9991831659554,0.75203136588412,4.00872456585641,3.99806740242987,3.99817267964813,0.729233970530836,-0.0198274799465901,0.0421894447846746,0.0135941900876822,12.6540524436849,930.842688094444,0.00111576352553167,0,0
88.8,-0,3.9991893823424,0.75203136588412,4.00858981246784,3.99801660836887,3.99812727848258,0.729249411597564,-0.0197709996474155,0.0421894447846746,0.0135941900876822,12.6540524436849,930.842688094444,0.001172773973527,0,0
88.9,-0,3.9992287703363,0.75203136588412,4.00845635407949,3.99797165178593,3.99809029229088,0.729265890378542,-0.0197221897507926,0.0421894447846746,0.0135941900876822,12.6540524436849,930.842688094444,0.00125711855037114,0,0
89,-0,3.9991294010009,0.75203136588412,4.00832417824622,3.99793504979953,3.99804777453105,0.72928148365159,-0.0196684836476386,0.0421477645673413,0.0136516233681219,13.3036545457532,974.510809961159,0.00119435120137279,1,0
89.1,-0,3.9990113649938,0.75203136588412,4.00819327264248,3.99790048607664,3.99800539620801,0.729295873235242,-0.0196157806415364,0.0421477645673413,0.0136516233681219,13.3036545457532,974.510809961159,0.00111087891715744,0,0
89.2,-0,3.9990664526656,0.75203136588412,4.00806362506117,3.99785850242279,3.99797263467565,0.729311407697239,-0.0195718729634147,0.0421477645673413,0.0136516233681219,13.3036545457532,974.510809961159,0.00120795024281151,0,0
89.3,-0,3.9991104823331,0.75203136588412,4.00793522341251,3.99782606969534,3.99794747246819,0.72932781685758,-0.0195349370046097,0.0421477645673413,0.0136516233681219,13.3036545457532,974.510809961159,0.00128441263776491,0,0
89.4,-0,3.9989767826795,0.75203136588412,4.00780805572291,3.99780118408471,3.99791233490067,0.729342745642785,-0.0194890878710313,0.0421477645673413,0.0136516233681219,13.3036545457532,974.510809961159,0.00117559859478789,0,0
89.5,-0,3.9989232296749,0.75203136588412,4.00768211013383,3.99776638986079,3.9978757926361,0.729357355704251,-0.019442062728154,0.0421477645673413,0.0136516233681219,13.3036545457532,974.510809961159,0.00115683981410708,0,0
89.6,-0,3.9988490713578,0.75203136588412,4.00755737490069,3.99773019974643,3.99783603114318,0.729371415658489,-0.0193922130648701,0.0421477645673413,0.0136516233681219,13.3036545457532,974.510809961159,0.00111887161137281,0,0
89.7,-0,3.998770347353,0.75203136588412,4.00743383839181,3.99769081155529,3.99779293670261,0.729384919570159,-0.019339429420523,0.0421477645673413,0.0136516233681219,13.3036545457532,974.510809961159,0.00107953579771092,0,0
89.8,-0,3.9987955703195,0.75203136588412,4.00731148908726,3.99764811238776,3.99775667484686,0.729399213640065,-0.0192929114138632,0.0421477645673413,0.0136516233681219,13.3036545457532,974.510809961159,0.00114745793174409,0,0
89.9,-0,3.9987310473605,0.75203136588412,4.00719031557783,3.9976121988845,3.99771806335744,0.729413098752422,-0.0192443372050279,0.0421477645673413,0.0136516233681219,13.3036545457532,974.510809961159,0.00111884847599608,0,0
90,-0,3.99875618232,0.75203136588412,4.00707030656394,3.99757395114555,3.99768581984786,0.729427720109718,-0.0192016027122588,0.0421132385610417,0.0136978943098527,13.9013320419343,1014.85175220948,0.00118223117444671,1,0
90.1,-0,3.9986917353637,0.75203136588412,4.00695145085464,3.99754818768378,3.99765645170672,0.729441766299896,-0.0191621562766099,0.0421132385610417,0.0136978943098527,13.9013320419343,1014.85175220948,0.00114354767991998,0,0
90.2,-0,3.9985436187521,0.75203136588412,4.00683373736648,3.99751910228457,3.99761613679173,0.729454271724318,-0.019112868583335,0.0421132385610417,0.0136978943098527,13.9013320419343,1014.85175220948,0.00102451646752533,0,0
90.3,-0,3.9985247,0.75203136588412,4.00671715512255,3.99747914065113,3.99757820017421,0.729466961118777,-0.0190658271870181,0.0421132385610417,0.0136978943098527,13.9013320419343,1014.85175220948,0.00104555934886497,0,0
90.4,-0,3.9985592823125,0.75203136588412,4.00660169325143,3.99744154121428,3.99754746643218,0.729480455889107,-0.0190254108002291,0.0421132385610417,0.0136978943098527,13.9013320419343,1014.85175220948,0.00111774109822083,0,0
90.5,-0,3.9984947473829,0.75203136588412,4.00648734098616,3.99741109716654,3.99751381223408,0.729493476982687,-0.0189824138255941,0.0421132385610417,0.0136978943098527,13.9013320419343,1014.85175220948,0.00108365021635537,0,0
90.6,-0,3.998346618782,0.75203136588412,4.00637408766327,3.99737775115973,3.99746960079618,0.729505068555056,-0.0189298853082103,0.0421132385610417,0.0136978943098527,13.9013320419343,1014.85175220948,0.000968867622272107,0,0
90.7,-0,3.9984663812105,0.75203136588412,4.00626192272175,3.99733391623277,3.99744128814058,0.729518564156197,-0.0188918894117368,0.0421132385610417,0.0136978943098527,13.9013320419343,1014.85175220948,0.00113246497773067,0,0
90.8,-0,3.9984853,0.75203136588412,4.00615083570209,3.99730587592201,3.99741771067568,0.729532569133596,-0.0188582632229472,0.0421132385610417,0.0136978943098527,13.9013320419343,1014.85175220948,0.00117942407798788,0,0
90.9,-0,3.9984160473979,0.75203136588412,4.00604081624532,3.99728253948101,3.9973900281664,0.729545985156904,-0.018820954570759,0.0421132385610417,0.0136978943098527,13.9013320419343,1014.85175220948,0.00113350791688838,0,0
91,-0,3.9983371714103,0.75203136588412,4.00593185409198,3.99725512439059,3.99735773876468,0.729558754291552,-0.0187795031757857,0.0420848707511618,0.0137345588072722,14.4357481793608,1051.05292291714,0.00108204701971193,1,0
91.1,-0,3.9982238651059,0.75203136588412,4.00582393908123,3.99722809804398,3.9973225707431,0.729570435954452,-0.0187359534337889,0.0420848707511618,0.0137345588072722,14.4357481793608,1051.05292291714,0.000995767061917618,0,0
91.2,-0,3.9981751177024,0.75203136588412,4.00571706114989,3.99719323065975,3.99728641826474,0.729581892781554,-0.0186915805571343,0.0420848707511618,0.0137345588072722,14.4357481793608,1051.05292291714,0.000981887042650342,0,0
91.3,-0,3.9981357297086,0.75203136588412,4.00561121033145,3.99715738450108,3.9972502610324,0.729593252256161,-0.01864727277799,0.0420848707511618,0.0137345588072722,14.4357481793608,1051.05292291714,0.000978345207522491,0,0
91.4,-0,3.9982349228729,0.75203136588412,4.00550637675521,3.99712153313905,3.99722725228779,0.729606121935418,-0.0186150298982759,0.0420848707511618,0.0137345588072722,14.4357481793608,1051.05292291714,0.001113389733848,0,0
91.5,-0,3.9981798474203,0.75203136588412,4.00540255064532,3.99709874697702,3.9972014173993,0.729618567555847,-0.0185802651415155,0.0420848707511618,0.0137345588072722,14.4357481793608,1051.05292291714,0.00108110044328447,0,0
91.6,-0,3.9981009714328,0.75203136588412,4.00529972231987,3.9970731520804,3.99717077531737,0.729630356048507,-0.0185411646876405,0.0420848707511618,0.0137345588072722,14.4357481793608,1051.05292291714,0.00102781935239982,0,0
91.7,-0,3.9980222474278,0.75203136588412,4.00519788219002,3.99704277992099,3.99713582019956,0.729641552225798,-0.0184981761906262,0.0420848707511618,0.0137345588072722,14.4357481793608,1051.05292291714,0.000979467506807108,0,0
91.8,-0,3.9980128,0.75203136588412,4.00509702075905,3.99700812156608,3.99710356424337,0.729653001541304,-0.0184577052258032,0.0420848707511618,0.0137345588072722,14.4357481793608,1051.05292291714,0.00100467843391883,0,0
91.9,-0,3.9980128,0.75203136588412,4.00499712862152,3.99697614499348,3.99707463142746,0.729664782536253,-0.0184203194176453,0.0420848707511618,0.0137345588072722,14.4357481793608,1051.05292291714,0.00103665500651617,0,0
92,-0,3.9979435474391,0.75203136588412,4.00489819646238,3.99694747026338,3.99704210607154,0.729676073929823,-0.0183796923638028,0.0420611179962562,0.013763801174173,14.9140202982529,1083.56842049115,0.000996077175724253,1,0
92.1,-0,3.9979341,0.75203136588412,4.00480021505608,3.9969192806318,3.99701573188629,0.729687519396218,-0.0183451059316988,0.0420611179962562,0.013763801174173,14.9140202982529,1083.56842049115,0.00101481936819736,0,0
92.2,-0,3.9979341,0.75203136588412,4.00470317526576,3.99689313757631,3.99699210189721,0.729699205391906,-0.0183130911133693,0.0420611179962562,0.013763801174173,14.9140202982529,1083.56842049115,0.00104096242369422,0,0
92.3,-0,3.9978648474502,0.75203136588412,4.00460706804233,3.99686972153172,3.99696434967278,0.729710329755286,-0.0182773570369979,0.0420611179962562,0.013763801174173,14.9140202982529,1083.56842049115,0.000995125918477502,0,0
92.4,-0,3.9978554,0.75203136588412,4.00451188442371,3.99684220810638,3.9969385714802,0.729721612670876,-0.0182434832295348,0.0420611179962562,0.013763801174173,14.9140202982529,1083.56842049115,0.00101319189362492,0,0
92.5,-0,3.9978205537398,0.75203136588412,4.00441761553389,3.99681665628131,3.99691214919394,0.729732753148668,-0.0182090675290664,0.0420611179962562,0.013763801174173,14.9140202982529,1083.56842049115,0.00100389745849094,0,0
92.6,-0,3.99771196519,0.75203136588412,4.00432425258221,3.99679046398386,3.99687812893288,0.729742946913982,-0.0181677331303163,0.0420611179962562,0.013763801174173,14.9140202982529,1083.56842049115,0.000921501206141428,0,0
92.7,-0,3.9977324702652,0.75203136588412,4.00423178686246,3.99675671994699,3.99684955383418,0.729753709807925,-0.0181314355379299,0.0420611179962562,0.013763801174173,14.9140202982529,1083.56842049115,0.000975750318207513,0,0
92.8,-0,3.9977372,0.75203136588412,4.00414020975211,3.99672838741316,3.99682437336911,0.729764808419425,-0.0180982916981785,0.0420611179962562,0.013763801174173,14.9140202982529,1083.56842049115,0.00100881258683705,0,0
92.9,-0,3.9976679474727,0.75203136588412,4.00404951271149,3.99670342843748,3.9967952047712,0.729775394678787,-0.0180615273438198,0.0420611179962562,0.013763801174173,14.9140202982529,1083.56842049115,0.000964519035219435,0,0
93,-0,3.9975890714853,0.75203136588412,4.00395968728299,3.99667450552366,3.99676153218952,0.729785411190657,-0.0180206678057295,0.042040796658707,0.0137873421601028,15.3453239030007,1113.00087607939,0.000914565961640967,1,0
93.1,-0,3.9976836107732,0.75203136588412,4.00387072509031,3.99664447973676,3.99674338994813,0.729796741945849,-0.0179943956240212,0.042040796658707,0.0137873421601028,15.3453239030007,1113.00087607939,0.00103913103644349,0,0
93.2,-0,3.9975937892325,0.75203136588412,4.0037826178376,3.99662650814516,3.99671860179652,0.729807247036666,-0.0179620699552805,0.042040796658707,0.0137873421601028,15.3453239030007,1113.00087607939,0.000967281087337568,0,0
93.3,-0,3.997544929746,0.75203136588412,4.00369535730877,3.99660192996351,3.99669172924422,0.72981745114845,-0.017927875841585,0.042040796658707,0.0137873421601028,15.3453239030007,1113.00087607939,0.000942999782492127,0,0
93.4,-0,3.9976442987518,0.75203136588412,4.00360893536667,3.99657527951757,3.99667709492294,0.729828980653358,-0.0179049689749012,0.042040796658707,0.0137873421601028,15.3453239030007,1113.00087607939,0.00106901923423486,0,0
93.5,-0,3.9974505664942,0.75203136588412,4.00352334395237,3.99656079398683,3.9966455478714,0.729838548154189,-0.0178665571372622,0.042040796658707,0.0137873421601028,15.3453239030007,1113.00087607939,0.000889772507372655,0,0
93.6,-0,3.9974222,0.75203136588412,4.00343857508437,3.99652949643768,3.99661453762515,0.729848121034932,-0.0178286782447606,0.042040796658707,0.0137873421601028,15.3453239030007,1113.00087607939,0.000892703562314967,0,0
93.7,-0,3.9974914524974,0.75203136588412,4.00335462085786,3.9964987322321,3.99659330832815,0.729858740165736,-0.0177998296056998,0.042040796658707,0.0137873421601028,15.3453239030007,1113.00087607939,0.000992720265296398,0,0
93.8,-0,3.9974663177509,0.75203136588412,4.00327147344403,3.99647769032017,3.99657188197991,0.729869291865667,-0.0177708322977775,0.042040796658707,0.0137873421601028,15.3453239030007,1113.00087607939,0.000988627430730471,0,0
93.9,-0,3.997322919029,0.75203136588412,4.00318912508929,3.99645645232266,3.99653900882462,0.729878521005547,-0.0177313371340565,0.042040796658707,0.0137873421601028,15.3453239030007,1113.00087607939,0.000866466706340052,0,0
94,-0,3.9974426809634,0.75203136588412,4.00310756811455,3.99642383570646,3.99652091413238,0.729889353304385,-0.0177054701493677,0.0420220709507605,0.0138075289862604,15.7605262087247,1141.44436882281,0.00101884525693707,1,0
94.1,-0,3.9973576772785,0.75203136588412,4.00302679491455,3.99640892917562,3.99649935382733,0.729899400326503,-0.0176767009964726,0.0420220709507605,0.0138075289862604,15.7605262087247,1141.44436882281,0.000948748102876706,0,0
94.2,-0,3.9973087417674,0.75203136588412,4.00294679795707,3.99638755083199,3.99647536857352,0.729909120326608,-0.0176457415366707,0.0420220709507605,0.0138075289862604,15.7605262087247,1141.44436882281,0.000921190935411431,0,0
94.3,-0,3.997304,0.75203136588412,4.00286756978233,3.99636376139302,3.99645341081957,0.729919008783417,-0.0176166887072084,0.0420220709507605,0.0138075289862604,15.7605262087247,1141.44436882281,0.000940238606984778,0,0
94.4,-0,3.9972000772954,0.75203136588412,4.00278910300219,3.9963419873947,3.99642381562056,0.729928006428858,-0.0175806375995559,0.0420220709507605,0.0138075289862604,15.7605262087247,1141.44436882281,0.000858089900704684,0,0
94.5,-0,3.9973245809261,0.75203136588412,4.00271139029956,3.99631262021459,3.99640913240095,0.729938588874855,-0.0175583613596296,0.0420220709507605,0.0138075289862604,15.7605262087247,1141.44436882281,0.00101196071151488,0,0
94.6,-0,3.9972740715452,0.75203136588412,4.00263442442761,3.9962980778895,3.99639116798033,0.729948770239508,-0.0175330916989239,0.0420220709507605,0.0138075289862604,15.7605262087247,1141.44436882281,0.000975993655702556,0,0
94.7,-0,3.9972300177677,0.75203136588412,4.00255819820922,3.99628027329642,3.99637086596249,0.729958655837128,-0.0175056966570714,0.0420220709507605,0.0138075289862604,15.7605262087247,1141.44436882281,0.000949744471280489,0,0
94.8,-0,3.9972598822304,0.75203136588412,4.00248270453618,3.99626014454891,3.99635551100281,0.729969040943676,-0.0174828902702835,0.0420220709507605,0.0138075289862604,15.7605262087247,1141.44436882281,0.00099973768149475,0,0
94.9,-0,3.9971261830904,0.75203136588412,4.00240793636864,3.99624493383686,3.99632900101375,0.729978178618121,-0.0174498239002403,0.0420220709507605,0.0138075289862604,15.7605262087247,1141.44436882281,0.000881249253535277,0,0
95,-0,3.9972111346755,0.75203136588412,4.00233388673437,3.9962186329886,3.99631331619761,0.729988453003238,-0.0174267671008248,0.042005568169697,0.013824173618862,16.1414334973225,1167.62375403755,0.000992501686904568,1,0
95.1,-0,3.9970173666738,0.75203136588412,4.00226054872816,3.99620568699024,3.99628313910102,0.729996825689293,-0.0173905825107495,0.042005568169697,0.013824173618862,16.1414334973225,1167.62375403755,0.000811679683555777,0,0
95.2,-0,3.996989,0.75203136588412,4.00218791551116,3.99617573337278,3.99625335212829,0.730005187683086,-0.0173547957163535,0.042005568169697,0.013824173618862,16.1414334973225,1167.62375403755,0.000813266627222475,0,0
95.3,-0,3.9969544177789,0.75203136588412,4.00211598031025,3.99614616742235,3.99622331944774,0.730013473766754,-0.0173188176804847,0.042005568169697,0.013824173618862,16.1414334973225,1167.62375403755,0.000808250356546303,0,0
95.4,-0,3.9969497,0.75203136588412,4.00204473641737,3.99611635694524,3.99619591404882,0.73002199441613,-0.0172852986227908,0.042005568169697,0.013824173618862,16.1414334973225,1167.62375403755,0.000833343054758906,0,0
95.5,-0,3.9970535346475,0.75203136588412,4.00197417718896,3.99608915856289,3.99618123406285,0.730031831119284,-0.0172635606951208,0.042005568169697,0.013824173618862,16.1414334973225,1167.62375403755,0.000964376084604979,0,0
95.6,-0,3.9969984475736,0.75203136588412,4.0019042960453,3.99607461283223,3.99616282438901,0.7300412337852,-0.0172384045060284,0.042005568169697,0.013824173618862,16.1414334973225,1167.62375403755,0.000923834741371365,0,0
95.7,-0,3.9970236702091,0.75203136588412,4.00183508646988,3.99605635852517,3.99614872704942,0.730051059570096,-0.017217257058711,0.042005568169697,0.013824173618862,16.1414334973225,1167.62375403755,0.000967311683931271,0,0
95.8,-0,3.9968553129505,0.75203136588412,4.00176654200883,3.99604239179403,3.9961200212696,0.73005930238842,-0.017182636966927,0.042005568169697,0.013824173618862,16.1414334973225,1167.62375403755,0.00081292115647047,0,0
95.9,-0,3.9968662822099,0.75203136588412,4.0016986562703,3.99601389983087,3.99609530065197,0.730067931441051,-0.017151724910005,0.042005568169697,0.013824173618862,16.1414334973225,1167.62375403755,0.000852382379034289,0,0
96,-0,3.996905582208,0.75203136588412,4.00163142292388,3.99598937012875,3.99607686907198,0.730077193210972,-0.0171266479091757,0.0419913801031777,0.0138374663202378,16.4800226668675,1190.97111317011,0.000916212079252521,1,0
96.1,-0,3.9968411355877,0.75203136588412,4.00156483569998,3.99597326004577,3.99605616027649,0.730085939051645,-0.0170996638777006,0.0419913801031777,0.0138374663202378,16.4800226668675,1190.97111317011,0.000867875541931351,0,0
96.2,-0,3.9967621836098,0.75203136588412,4.00149888838926,3.99595271449233,3.99603004867443,0.730094073268578,-0.0170677158863583,0.0419913801031777,0.0138374663202378,16.4800226668675,1190.97111317011,0.000809469117466044,0,0
96.3,-0,3.9966835355952,0.75203136588412,4.00143357484205,3.9959267961622,3.99599910237073,0.73010165813777,-0.0170313273563632,0.0419913801031777,0.0138374663202378,16.4800226668675,1190.97111317011,0.000756739432995701,0,0
96.4,-0,3.9967086822005,0.75203136588412,4.00136888896781,3.99589606999383,3.99597372306148,0.730109784132643,-0.0170001175572427,0.0419913801031777,0.0138374663202378,16.4800226668675,1190.97111317011,0.000812612206672725,0,0
96.5,-0,3.9968174985777,0.75203136588412,4.0013048247345,3.99587087949075,3.99596134582622,0.73011923030926,-0.0169809625873281,0.0419913801031777,0.0138374663202378,16.4800226668675,1190.97111317011,0.000946619086950484,0,0
96.6,-0,3.996796853817,0.75203136588412,4.00124137616805,3.99585861813501,3.99594828923171,0.730128575066664,-0.0169612010275577,0.0419913801031777,0.0138374663202378,16.4800226668675,1190.97111317011,0.000938235681989141,0,0
96.7,-0,3.9967921,0.75203136588412,4.00117853735182,3.99584568108964,3.99593613901137,0.730137985174964,-0.0169422989519733,0.0419913801031777,0.0138374663202378,16.4800226668675,1190.97111317011,0.000946418910359625,0,0
96.8,-0,3.9966882654254,0.75203136588412,4.00111630242601,3.99583364521892,3.9959153324391,0.730146469398568,-0.0169154048568206,0.0419913801031777,0.0138374663202378,16.4800226668675,1190.97111317011,0.000854620206482526,0,0
96.9,-0,3.9966741,0.75203136588412,4.00105466558715,3.99581300134463,3.99589531042188,0.730155006010623,-0.0168892577274239,0.0419913801031777,0.0138374663202378,16.4800226668675,1190.97111317011,0.00086109865537054,0,0
97,-0,3.9966394298153,0.75203136588412,4.00099362108753,3.99579313750655,3.99587403330632,0.730163385287612,-0.0168619683893227,0.0419788460201552,0.0138481671271442,16.7869417439623,1212.21397675492,0.000846292308746222,1,0
97.1,-0,3.9966693701829,0.75203136588412,4.00093316323468,3.99577388496032,3.99585949876967,0.730172227344313,-0.0168410895806447,0.0419788460201552,0.0138481671271442,16.7869417439623,1212.21397675492,0.000895485222581538,0,0
97.2,-0,3.9967432643712,0.75203136588412,4.00087328639084,3.99575947442925,3.99585354448981,0.730181917199766,-0.0168281827239107,0.0419788460201552,0.0138481671271442,16.7869417439623,1212.21397675492,0.000983789941948476,0,0
97.3,-0,3.9966488654534,0.75203136588412,4.00081398497243,3.99575359680713,3.99583921244226,0.730190715330468,-0.0168075379217085,0.0419788460201552,0.0138481671271442,16.7869417439623,1212.21397675492,0.000895268646270431,0,0
97.4,-0,3.9965306894683,0.75203136588412,4.00075525344952,3.99573938737532,3.99581506757437,0.730198475922078,-0.0167778247447774,0.0419788460201552,0.0138481671271442,16.7869417439623,1212.21397675492,0.000791302092980839,0,0
97.5,-0,3.9966551807015,0.75203136588412,4.00069708634534,3.99571541898301,3.99580530447367,0.730207675565459,-0.016761460799698,0.0419788460201552,0.0138481671271442,16.7869417439623,1212.21397675492,0.000939761718494747,0,0
97.6,-0,3.9966394298265,0.75203136588412,4.00063947823572,3.99570575307273,3.99579506173724,0.730216800467573,-0.0167446708465727,0.0419788460201552,0.0138481671271442,16.7869417439623,1212.21397675492,0.000933676753768875,0,0
97.7,-0,3.9965652716614,0.75203136588412,4.00058242374866,3.99569561005693,3.99577879930588,0.730225287016195,-0.0167223192241018,0.0419788460201552,0.0138481671271442,16.7869417439623,1212.21397675492,0.000869661604471883,0,0
97.8,-0,3.9965212178256,0.75203136588412,4.00052591756375,3.99567948037864,3.99576000137549,0.730233489981329,-0.0166976355768499,0.0419788460201552,0.0138481671271442,16.7869417439623,1212.21397675492,0.000841737446964252,0,0
97.9,-0,3.9964818298321,0.75203136588412,4.00046995441173,3.99566082905192,3.99573936857268,0.730241481136123,-0.0166712690333902,0.0419788460201552,0.0138481671271442,16.7869417439623,1212.21397675492,0.000821000780178771,0,0
98,-0,3.996511770166,0.75203136588412,4.00041452907397,3.995640352848,3.99572371719188,0.730249953738573,-0.0166495384680172,0.0419670632021034,0.0138571795020981,17.081711539868,1232.69757292829,0.000871417317995782,1,0
98.1,-0,3.9964818298359,0.75203136588412,4.00035963638201,3.99562653197476,3.99570836813508,0.730258248814653,-0.0166282376037439,0.0419670632021034,0.0138571795020981,17.081711539868,1232.69757292829,0.000855297861135806,0,0
98.2,-0,3.9964078476708,0.75203136588412,4.00030527121702,3.99561130725349,3.99568753173718,0.73026595652902,-0.0166018708367901,0.0419670632021034,0.0138571795020981,17.081711539868,1232.69757292829,0.00079654041730759,0,0
98.3,-0,3.9964676523255,0.75203136588412,4.0002514285094,3.99559062476135,3.99567456047161,0.730274425677407,-0.0165828228649729,0.0419670632021034,0.0138571795020981,17.081711539868,1232.69757292829,0.000877027564148758,0,0
98.4,-0,3.9964425178368,0.75203136588412,4.00019810323825,3.99557776468093,3.99566053277099,0.730282760823599,-0.0165628146061318,0.0419670632021034,0.0138571795020981,17.081711539868,1232.69757292829,0.000864753155873199,0,0
98.5,-0,3.9964378,0.75203136588412,4.00014529043094,3.99556385377075,3.9956475074493,0.730291170488927,-0.0165437552579277,0.0419670632021034,0.0138571795020981,17.081711539868,1232.69757292829,0.000873946229252631,0,0
98.6,-0,3.9963685476858,0.75203136588412,4.00009298516261,3.9955509397006,3.99562920492591,0.73029902616318,-0.0165198162026612,0.0419670632021034,0.0138571795020981,17.081711539868,1232.69757292829,0.000817607985201363,0,0
98.7,-0,3.9964629344681,0.75203136588412,4.00004118255573,3.99553277691215,3.99562181968683,0.73030795107992,-0.0165060272385731,0.0419670632021034,0.0138571795020981,17.081711539868,1232.69757292829,0.000930157555949496,0,0
98.8,-0,3.9963732655375,0.75203136588412,3.99998987777965,3.9955254721608,3.99560663303086,0.730316075755421,-0.0164850110393959,0.0419670632021034,0.0138571795020981,17.081711539868,1232.69757292829,0.000847793376700157,0,0
98.9,-0,3.9963245178461,0.75203136588412,3.99993906605015,3.99551040817873,3.9955883464825,0.730323869045655,-0.0164611327203759,0.0419670632021034,0.0138571795020981,17.081711539868,1232.69757292829,0.000814109667369944,0,0
99,-0,3.996388964304,0.75203136588412,3.99988874262896,3.99549226101079,3.99557810811706,0.730332444501607,-0.0164447413718491,0.0419561180524401,0.0138646993240886,17.3614159696235,1252.20284723086,0.000896703293209011,1,0
99.1,-0,3.9962943895637,0.75203136588412,3.99983890282338,3.99548366033598,3.99556128872915,0.730340179892002,-0.0164223717570358,0.0419561180524401,0.0138646993240886,17.3614159696235,1252.20284723086,0.000810729227717744,0,0
99.2,-0,3.9962456178517,0.75203136588412,3.99978954198579,3.99546696942443,3.99554153534087,0.730347593693914,-0.0163972988851007,0.0419561180524401,0.0138646993240886,17.3614159696235,1252.20284723086,0.000778648427274042,0,0
99.3,-0,3.9963103282787,0.75203136588412,3.99974065551324,3.99544736003824,3.99553000891337,0.730355794843753,-0.016379888043225,0.0419561180524401,0.0138646993240886,17.3614159696235,1252.20284723086,0.000862968240463058,0,0
99.4,-0,3.9963198,0.75203136588412,3.99969223884699,3.99543593360716,3.99552059065354,0.730364180298712,-0.0163644531280919,0.0419561180524401,0.0138646993240886,17.3614159696235,1252.20284723086,0.000883866392836996,0,0
99.5,-0,3.9962503717288,0.75203136588412,3.99964428747216,3.99542660399534,3.99550550972568,0.730371983585779,-0.0163437732567314,0.0419561180524401,0.0138646993240886,17.3614159696235,1252.20284723086,0.000823767733460823,0,0
99.6,-0,3.9962409,0.75203136588412,3.9995967969172,3.99541164183906,3.99549107742873,0.730379828019524,-0.0163237124930915,0.0419561180524401,0.0138646993240886,17.3614159696235,1252.20284723086,0.000829258160938373,0,0
99.7,-0,3.9962754821389,0.75203136588412,3.99954976275359,3.99539732475795,3.99548144776476,0.730388124683273,-0.0163081298824717,0.0419561180524401,0.0138646993240886,17.3614159696235,1252.20284723086,0.000878157380952871,0,0
99.8,-0,3.9962456178629,0.75203136588412,3.99950318059532,3.99538778459024,3.99546996319263,0.73039622026461,-0.0162908366425239,0.0419561180524401,0.0138646993240886,17.3614159696235,1252.20284723086,0.000857833272658759,0,0
99.9,-0,3.9961716477343,0.75203136588412,3.99945704609856,3.99537639933912,3.99545258429161,0.730403717681129,-0.016268078263454,0.0419561180524401,0.0138646993240886,17.3614159696235,1252.20284723086,0.00079524839518319,0,0
100,-0,3.9961622,0.75203136588412,3.99941135496122,3.99535915114726,3.99543608484267,0.730411281820235,-0.0162461514622866,0.0419464754459373,0.0138706423299739,17.612716802751,1269.78379110033,0.000803048852740407,1,0
100.1,-0,3.9960581016246,0.75203136588412,3.99936610292254,3.99534410517656,3.99541251686377,0.730417993279532,-0.0162177679382066,0.0419464754459373,0.0138706423299739,17.612716802751,1269.78379110033,0.000713996448044707,0,0
100.2,-0,3.9961133282449,0.75203136588412,3.99932128576273,3.99532069789461,3.99539665222766,0.730425429994301,-0.016196567378213,0.0419464754459373,0.0138706423299739,17.612716802751,1269.78379110033,0.000792630350291645,0,0
100.3,-0,3.9960882178723,0.75203136588412,3.99927689930252,3.99530495328818,3.99538001669988,0.730432766466478,-0.0161746678516998,0.0419464754459373,0.0138706423299739,17.612716802751,1269.78379110033,0.000783264584119259,0,0
100.4,-0,3.9960835,0.75203136588412,3.99923293940284,3.99528844174737,3.99536464069292,0.730440202102121,-0.0161539566951483,0.0419464754459373,0.0138706423299739,17.612716802751,1269.78379110033,0.000795058252630376,0,0
100.5,-0,3.996118082124,0.75203136588412,3.99918940196437,3.99527318299928,3.99535416320157,0.730448093065523,-0.0161378173515693,0.0419464754459373,0.0138706423299739,17.612716802751,1269.78379110033,0.0008448991247203,0,0
100.6,-0,3.9960882178779,0.75203136588412,3.99914628292719,3.99526279688289,3.99534191364626,0.730455792635385,-0.0161200432709834,0.0419464754459373,0.0138706423299739,17.612716802751,1269.78379110033,0.000825420995014259,0,0
100.7,-0,3.9960140717738,0.75203136588412,3.99910357827041,3.99525064795781,3.99532382480969,0.730462906027886,-0.0160968504977829,0.0419464754459373,0.0138706423299739,17.612716802751,1269.78379110033,0.000763423815993036,0,0
100.8,-0,3.9961432804544,0.75203136588412,3.99906128401178,3.99523269043009,3.995319976057,0.730471382271023,-0.01608691994828,0.0419464754459373,0.0138706423299739,17.612716802751,1269.78379110033,0.000910590024307378,0,0
100.9,-0,3.9960929477717,0.75203136588412,3.99901939620729,3.99522889790048,3.99531172413976,0.730479418152491,-0.0160729021985189,0.0419464754459373,0.0138706423299739,17.612716802751,1269.78379110033,0.000864049871220018,0,0
101,-0,3.9960486538997,0.75203136588412,3.99897791095087,3.99522072534652,3.9953000903888,0.730487111977672,-0.0160557480441594,0.0419464754459373,0.0138706423299739,17.612716802751,1269.78379110033,0.000827928553179369,0,0
101.1,-0,3.9960787460984,0.75203136588412,3.99893682437398,3.99520918871601,3.99529254537209,0.730495186914829,-0.0160424091720479,0.0419464754459373,0.0138706423299739,17.612716802751,1269.78379110033,0.000869557382394692,0,0
101.2,-0,3.9960835,0.75203136588412,3.99889613264523,3.99520171921903,3.99528624847252,0.730503370171927,-0.0160302406963412,0.0419464754459373,0.0138706423299739,17.612716802751,1269.78379110033,0.00088178078097334,0,0
101.3,-0,3.995979401692,0.75203136588412,3.99885583197008,3.99519549121284,3.99527063900564,0.730510641047708,-0.0160094142968572,0.0419464754459373,0.0138706423299739,17.612716802751,1269.78379110033,0.000783910479159378,0,0
101.4,-0,3.9959652,0.75203136588412,3.99881591859045,3.99517999965728,3.9952552715428,0.730517920229282,-0.0159888239419258,0.0419464754459373,0.0138706423299739,17.612716802751,1269.78379110033,0.000785200342716674,0,0
101.5,-0,3.9959306178947,0.75203136588412,3.99877638878437,3.99516474876938,3.99523816782661,0.730525017035554,-0.0159666281899053,0.0419464754459373,0.0138706423299739,17.612716802751,1269.78379110033,0.000765869125320506,0,0
101.6,-0,3.9959604821035,0.75203136588412,3.99873723886564,3.99514777071728,3.9952256805049,0.730532544923759,-0.0159487395263752,0.0419464754459373,0.0138706423299739,17.612716802751,1269.78379110033,0.000812711386217746,0,0
101.7,-0,3.9959306178984,0.75203136588412,3.99869846518348,3.99513538467453,3.99521161911959,0.730539908346105,-0.0159293948052921,0.0419464754459373,0.0138706423299739,17.612716802751,1269.78379110033,0.000795233223874092,0,0
101.8,-0,3.9960297342943,0.75203136588412,3.99866006412221,3.99512143281183,3.99520850661303,0.730548316130934,-0.0159202496215028,0.0419464754459373,0.0138706423299739,17.612716802751,1269.78379110033,0.000908301482473117,0,0
101.9,-0,3.9959054836134,0.75203136588412,3.99862203210089,3.9951183720819,3.9951938281691,0.730555600139227,-0.0159003448222512,0.0419464754459373,0.0138706423299739,17.612716802751,1269.78379110033,0.000787111531503015,0,0
102,-0,3.9958866,0.75203136588412,3.99858436557297,3.99510380633154,3.99517884854933,0.730562842475236,-0.0158801687474758,0.0419464754459373,0.0138706423299739,17.612716802751,1269.78379110033,0.000782793668463455,0,0
102.1,-0,3.9959211820941,0.75203136588412,3.99854706102603,3.99508894094119,3.99516872346348,0.73057054070613,-0.0158645200970839,0.0419464754459373,0.0138706423299739,17.612716802751,1269.78379110033,0.000832241152905588,0,0
102.2,-0,3.9958220657281,0.75203136588412,3.99851011498136,3.99507890445219,3.99515014738139,0.730577413717475,-0.0158410125544613,0.0419464754459373,0.0138706423299739,17.612716802751,1269.78379110033,0.00074316127590901,0,0
102.3,-0,3.9958424820904,0.75203136588412,3.99847352399371,3.99506046146106,3.9951354296388,0.730584644996594,-0.0158211062902989,0.0419464754459373,0.0138706423299739,17.612716802751,1269.78379110033,0.000782020629338298,0,0
102.4,-0,3.9958126179114,0.75203136588412,3.99843728465092,3.99504585642033,3.9951193617849,0.730591734237803,-0.0157999518285861,0.0419464754459373,0.0138706423299739,17.612716802751,1269.78379110033,0.000766761491072909,0,0
102.5,-0,3.9959463163418,0.75203136588412,3.99840139357364,3.99502990833512,3.99511775951131,0.730600206112765,-0.0157922708923949,0.0419464754459373,0.0138706423299739,17.612716802751,1269.78379110033,0.000916408006676583,0,0
102.6,-0,3.9957919375954,0.75203136588412,3.99836584741498,3.99502834954814,3.99510155067502,0.730607264553582,-0.0157709975479054,0.0419464754459373,0.0138706423299739,17.612716802751,1269.78379110033,0.000763588047264729,0,0
102.7,-0,3.9958723982293,0.75203136588412,3.99833064286023,3.99501226115361,3.99509471790859,0.730615214850139,-0.0157584603570676,0.0419464754459373,0.0138706423299739,17.612716802751,1269.78379110033,0.000860137075691547,0,0
102.8,-0,3.9958519299238,0.75203136588412,3.99829577662651,3.99500549936809,3.9950866421371,0.730623037957769,-0.0157447714206039,0.0419464754459373,0.0138706423299739,17.612716802751,1269.78379110033,0.000846430555707656,0,0
102.9,-0,3.9957777718563,0.75203136588412,3.99826124546251,3.99499750109826,3.99507230146739,0.730630249220011,-0.0157252565916574,0.0419464754459373,0.0138706423299739,17.612716802751,1269.78379110033,0.000780270758035329,0,0
103,-0,3.9958031460627,0.75203136588412,3.99822704614816,3.99498327091426,3.99506186792943,0.730637826210959,-0.0157093864801257,0.0419464754459373,0.0138706423299739,17.612716802751,1269.78379110033,0.000819875148442506,0,0
103.1,-0,3.995877152146,0.75203136588412,3.99819317549434,3.99497292722696,3.99505961038572,0.730646182494998,-0.0157011332115664,0.0419464754459373,0.0138706423299739,17.612716802751,1269.78379110033,0.000904224919037855,0,0
103.2,-0,3.9957479197251,0.75203136588412,3.99815963034257,3.99497071641019,3.99504522268252,0.730653364788835,-0.0156815921342744,0.0419464754459373,0.0138706423299739,17.612716802751,1269.78379110033,0.000777203314907382,0,0
103.3,-0,3.9956597478614,0.75203136588412,3.99812640756473,3.9949564393413,3.99502386171092,0.730659864138671,-0.0156555678083448,0.0419464754459373,0.0138706423299739,17.612716802751,1269.78379110033,0.000703308520098034,0,0
103.4,-0,3.9957541342047,0.75203136588412,3.99809350406275,3.99493522570975,3.99501373001261,0.730667431740204,-0.0156400062734754,0.0419464754459373,0.0138706423299739,17.612716802751,1269.78379110033,0.000818908494947035,0,0
103.5,-0,3.9958031460533,0.75203136588412,3.99806091676835,3.99492518211507,3.99500934773449,0.730675545112395,-0.0156298025624014,0.0419464754459373,0.0138706423299739,17.612716802751,1269.78379110033,0.000877963938233695,0,0
103.6,-0,3.9957730539486,0.75203136588412,3.99802864264272,3.99492085760656,3.99500255302143,0.730683420445286,-0.0156173572121724,0.0419464754459373,0.0138706423299739,17.612716802751,1269.78379110033,0.000852196342035594,0,0
103.7,-0,3.9956644658121,0.75203136588412,3.99799667867627,3.99491413335444,3.99498606363107,0.730690354542738,-0.0155958925313394,0.0419464754459373,0.0138706423299739,17.612716802751,1269.78379110033,0.000750332457656988,0,0
103.8,-0,3.9957195521199,0.75203136588412,3.99796502188832,3.99489776548913,3.99497654568536,0.730697949133998,-0.0155809253836398,0.0419464754459373,0.0138706423299739,17.612716802751,1269.78379110033,0.000821786630771815,0,0
103.9,-0,3.9956943299444,0.75203136588412,3.99793366932683,3.99488833228183,3.99496559887561,0.730705398000549,-0.0155646339309798,0.0419464754459373,0.0138706423299739,17.612716802751,1269.78379110033,0.000805997662565172,0,0
104,-0,3.9956204358826,0.75203136588412,3.99790261806815,3.99487747770824,3.99494870105169,0.730712264471828,-0.0155428093390902,0.0419464754459373,0.0138706423299739,17.612716802751,1269.78379110033,0.000742958174362762,0,0
104.1,-0,3.9956801641136,0.75203136588412,3.99787186521671,3.99486070344703,3.99493926066933,0.730719838235685,-0.0155279346986397,0.0419464754459373,0.0138706423299739,17.612716802751,1269.78379110033,0.000819460666567906,0,0
104.2,-0,3.9956896,0.75203136588412,3.99784140790478,3.99485134727936,3.99493170599741,0.730727585964963,-0.015514820946532,0.0419464754459373,0.0138706423299739,17.612716802751,1269.78379110033,0.000838252720641641,0,0
104.3,-0,3.9956896,0.75203136588412,3.99781124329217,3.99484386685262,3.99492494268378,0.73073540314122,-0.0155024487237635,0.0419464754459373,0.0138706423299739,17.612716802751,1269.78379110033,0.000845733147381456,0,0
104.4,-0,3.9955857658513,0.75203136588412,3.99778136856599,3.99483717358592,3.99490893705555,0.730742322727223,-0.015481478217177,0.0419464754459373,0.0138706423299739,17.612716802751,1269.78379110033,0.000748592265382264,0,0
104.5,-0,3.9956062700444,0.75203136588412,3.99775178094041,3.9948212866849,3.99489653877795,0.730749579014556,-0.0154638734743442,0.0419464754459373,0.0138706423299739,17.612716802751,1269.78379110033,0.000784983359504388,0,0
104.6,-0,3.9955763299575,0.75203136588412,3.99772247765633,3.9948089880788,3.99488254898674,0.730756672555547,-0.0154447939901727,0.0419464754459373,0.0138706423299739,17.612716802751,1269.78379110033,0.000767341878701533,0,0
104.7,-0,3.9955716,0.75203136588412,3.9976934559812,3.99479510630853,3.99486954455998,0.730763851045466,-0.0154266389186747,0.0419464754459373,0.0138706423299739,17.612716802751,1269.78379110033,0.000776493691474478,0,0
104.8,-0,3.9955367539712,0.75203136588412,3.9976647132087,3.99478220466903,3.99485453923985,0.730770827013825,-0.0154066282652385,0.0419464754459373,0.0138706423299739,17.612716802751,1269.78379110033,0.000754549302173224,0,0
104.9,-0,3.9956015160638,0.75203136588412,3.99763624665855,3.99476731264178,3.9948472832344,0.730778539798797,-0.0153938382525256,0.0419464754459373,0.0138706423299739,17.612716802751,1269.78379110033,0.000834203422020785,0,0
105,-0,3.995576329965,0.75203136588412,3.99760805367621,3.99476012904862,3.99483837384941,0.73078608653729,-0.0153795140004283,0.0419464754459373,0.0138706423299739,17.612716802751,1269.78379110033,0.000816200916379017,0,0
105.1,-0,3.9955367539768,0.75203136588412,3.99758013163264,3.99475130076221,3.99482659795752,0.730793349369979,-0.0153625269469494,0.0419464754459373,0.0138706423299739,17.612716802751,1269.78379110033,0.000785453214587228,0,0
105.2,-0,3.995532,0.75203136588412,3.99755247792409,3.99473962104471,3.994815582186,0.730800676647122,-0.0153462537742337,0.0419464754459373,0.0138706423299739,17.612716802751,1269.78379110033,0.000792378955293938,0,0
105.3,-0,3.995532,0.75203136588412,3.99752508997182,3.99472869740583,3.99480570575104,0.730808105354398,-0.0153310471608595,0.0419464754459373,0.0138706423299739,17.612716802751,1269.78379110033,0.000803302594166055,0,0
105.4,-0,3.9954628359349,0.75203136588412,3.99749796522186,3.99471890706507,3.99479022357968,0.73081498538321,-0.0153106284938534,0.0419464754459373,0.0138706423299739,17.612716802751,1269.78379110033,0.000743928869833876,0,0
105.5,-0,3.9955225640613,0.75203136588412,3.99747110114481,3.9947035404966,3.99478205595536,0.730822560343259,-0.0152970257531537,0.0419464754459373,0.0138706423299739,17.612716802751,1269.78379110033,0.000819023564701649,0,0
105.6,-0,3.9954974179712,0.75203136588412,3.99744449523555,3.99469544988593,3.99477233034021,0.730829977995032,-0.0152819778920347,0.0419464754459373,0.0138706423299739,17.612716802751,1269.78379110033,0.000801968085267113,0,0
105.7,-0,3.9955272820269,0.75203136588412,3.99741814501307,3.99468580946618,3.99476647702155,0.730837761496088,-0.0152705398265485,0.0419464754459373,0.0138706423299739,17.612716802751,1269.78379110033,0.000841472560719758,0,0
105.8,-0,3.995532,0.75203136588412,3.99739204802016,3.99468002090559,3.99476169568287,0.730845642651313,-0.0152601036731171,0.0419464754459373,0.0138706423299739,17.612716802751,1269.78379110033,0.000851979094412147,0,0
105.9,-0,3.9954974179768,0.75203136588412,3.99736620182326,3.99467529865253,3.99475411094533,0.730853248048946,-0.0152470619799051,0.0419464754459373,0.0138706423299739,17.612716802751,1269.78379110033,0.000822119324273896,0,0
106,-0,3.9955621280276,0.75203136588412,3.99734060401218,3.9946677877522,3.99475352350805,0.730861522061429,-0.0152405378485154,0.0419464754459373,0.0138706423299739,17.612716802751,1269.78379110033,0.000894340275395589,0,0
106.1,-0,3.9954675899567,0.75203136588412,3.99731525219989,3.99466723725214,3.99474396292333,0.730868926996947,-0.0152256641418714,0.0419464754459373,0.0138706423299739,17.612716802751,1269.78379110033,0.000800352704565022,0,0
106.2,-0,3.9954879820176,0.75203136588412,3.99729014402232,3.99465776087681,3.99473734989664,0.730876608748941,-0.0152135393744152,0.0419464754459373,0.0138706423299739,17.612716802751,1269.78379110033,0.000830221140792009,0,0
106.3,-0,3.9954927,0.75203136588412,3.99726527713808,3.99465121649604,3.9947318851972,0.730884395187497,-0.0152024878204671,0.0419464754459373,0.0138706423299739,17.612716802751,1269.78379110033,0.000841483503963403,0,0
106.4,-0,3.9955272820139,0.75203136588412,3.99724064922832,3.99464581436639,3.99473031615962,0.730892552113207,-0.0151950660998064,0.0419464754459373,0.0138706423299739,17.612716802751,1269.78379110033,0.000881467647514622,0,0
106.5,-0,3.995462835976,0.75203136588412,3.99721625799646,3.99464428734783,3.9947227574331,0.730900127269401,-0.0151820721161766,0.0419464754459373,0.0138706423299739,17.612716802751,1269.78379110033,0.000818548628173765,0,0
106.6,-0,3.9954187299949,0.75203136588412,3.99719210116798,3.99463680218841,3.99471176163802,0.730907363973758,-0.0151658839068668,0.0419464754459373,0.0138706423299739,17.612716802751,1269.78379110033,0.000781927806489779,0,0
106.7,-0,3.9954832520115,0.75203136588412,3.99716817649024,3.99462589804495,3.99470808823518,0.730915299239552,-0.0151565168643457,0.0419464754459373,0.0138706423299739,17.612716802751,1269.78379110033,0.000857353966548846,0,0
106.8,-0,3.9953196139781,0.75203136588412,3.99714448173224,3.99462227767482,3.99468912779501,0.73092175386139,-0.0151329251626737,0.0419464754459373,0.0138706423299739,17.612716802751,1269.78379110033,0.000697336303284946,0,0
106.9,-0,3.9952611540107,0.75203136588412,3.9971210146844,3.99460345080208,3.99466650151064,0.730927842017191,-0.0151059305601812,0.0419464754459373,0.0138706423299739,17.612716802751,1269.78379110033,0.000657703208615246,0,0
107,-0,3.9953950799904,0.75203136588412,3.9970977731584,3.99458097735112,3.99465902130573,0.730935378388365,-0.0150930429268329,0.0419464754459373,0.0138706423299739,17.612716802751,1269.78379110033,0.000814102639282499,0,0
107.1,-0,3.9953794179992,0.75203136588412,3.99707475498694,3.99457357011119,3.99465082274083,0.730942838813072,-0.0150794914259053,0.0419464754459373,0.0138706423299739,17.612716802751,1269.78379110033,0.000805847888006639,0,0
107.2,-0,3.9954439519928,0.75203136588412,3.99705195802356,3.99456544826984,3.99464966607144,0.730950972388243,-0.0150724988277089,0.0419464754459373,0.0138706423299739,17.612716802751,1269.78379110033,0.000878503722956392,0,0
107.3,-0,3.9953148960219,0.75203136588412,3.9970293801424,3.99456433118995,3.99463628413937,0.7309579218876,-0.0150541305541201,0.0419464754459373,0.0138706423299739,17.612716802751,1269.78379110033,0.000750564831950129,0,0
107.4,-0,3.9953305819952,0.75203136588412,3.99700701923806,3.99455105325221,3.99462578284536,0.73096514002085,-0.0150384501708542,0.0419464754459373,0.0138706423299739,17.612716802751,1269.78379110033,0.000779528742991253,0,0
107.5,-0,3.9954045519816,0.75203136588412,3.99698487322535,3.9945406407347,3.99462345968241,0.730973140009375,-0.0150303869289649,0.0419464754459373,0.0138706423299739,17.612716802751,1269.78379110033,0.000863911246901328,0,0
107.6,-0,3.9953101660307,0.75203136588412,3.99696294003914,3.99453836322283,3.99461235220111,0.730980287508001,-0.0150141510395101,0.0419464754459373,0.0138706423299739,17.612716802751,1269.78379110033,0.000771802807874256,0,0
107.7,-0,3.9953305819896,0.75203136588412,3.99694121763413,3.99452734766309,3.99460434984507,0.730987726558186,-0.0150008110839013,0.0419464754459373,0.0138706423299739,17.612716802751,1269.78379110033,0.00080323432651408,0,0
107.8,-0,3.9952312900521,0.75203136588412,3.99691970398468,3.99451942083291,3.99458766429995,0.730994319859965,-0.0149793947729157,0.0419464754459373,0.0138706423299739,17.612716802751,1269.78379110033,0.000711869219188976,0,0
107.9,-0,3.9952865279564,0.75203136588412,3.99689839708462,3.99450285653898,3.99457798335294,0.731001578650475,-0.0149645055646138,0.0419464754459373,0.0138706423299739,17.612716802751,1269.78379110033,0.00078367141741742,0,0
108,-0,3.9953652519629,0.75203136588412,3.99687729494706,3.99449325988913,3.99457685359864,0.731009656026698,-0.0149575802048587,0.0419464754459373,0.0138706423299739,17.612716802751,1269.78379110033,0.000871992073773864,0,0
108.1,-0,3.995340030023,0.75203136588412,3.9968563956042,3.99449216934364,3.99457344970982,0.731017510368342,-0.0149485407403269,0.0419464754459373,0.0138706423299739,17.612716802751,1269.78379110033,0.000847860679361823,0,0
108.2,-0,3.9952312900746,0.75203136588412,3.99683569710714,3.99448881663291,3.99455999404223,0.731024388868213,-0.0149301496741246,0.0419464754459373,0.0138706423299739,17.612716802751,1269.78379110033,0.000742473441693203,0,0
108.3,-0,3.9952171,0.75203136588412,3.99681519752574,3.99447546508869,3.99454656212788,0.731031260034958,-0.0149117876227605,0.0419464754459373,0.0138706423299739,17.612716802751,1269.78379110033,0.000741634911309852,0,0
108.4,-0,3.9952516819765,0.75203136588412,3.99679489494839,3.99446213713344,3.99453782708852,0.731038575545326,-0.014897803625004,0.0419464754459373,0.0138706423299739,17.612716802751,1269.78379110033,0.000789544843057932,0,0
108.5,-0,3.9952564,0.75203136588412,3.99677478748184,3.99445348126628,3.99453045333055,0.731046015442251,-0.0148850916599182,0.0419464754459373,0.0138706423299739,17.612716802751,1269.78379110033,0.000802918733716851,0,0
108.6,-0,3.9952564,0.75203136588412,3.99675487325105,3.99444617947873,3.9945238515485,0.731053523473234,-0.0148731027838225,0.0419464754459373,0.0138706423299739,17.612716802751,1269.78379110033,0.000810220521272331,0,0
108.7,-0,3.9952912459554,0.75203136588412,3.996735150399,3.99443964557323,3.9945212845558,0.73106141545629,-0.0148648732072857,0.0419464754459373,0.0138706423299739,17.612716802751,1269.78379110033,0.00085160038216836,0,0
108.8,-0,3.9951919021134,0.75203136588412,3.99671561708651,3.99443712517333,3.99450948215726,0.731068410595908,-0.0148480517198414,0.0419464754459373,0.0138706423299739,17.612716802751,1269.78379110033,0.00075477694006576,0,0
108.9,-0,3.9952817978809,0.75203136588412,3.99669627149207,3.99442541801179,3.99450751521815,0.731076347875315,-0.0148403896962721,0.0419464754459373,0.0138706423299739,17.612716802751,1269.78379110033,0.000856379869106139,0,0
109,-0,3.995296,0.75203136588412,3.99667711181169,3.99442349445222,3.99450713757195,0.731084435125097,-0.0148342093602342,0.0419464754459373,0.0138706423299739,17.612716802751,1269.78379110033,0.000872505547785174,0,0
109.1,-0,3.9952265720886,0.75203136588412,3.9966581362587,3.99442315179678,3.99450017204586,0.73109188249427,-0.0148219002656073,0.0419464754459373,0.0138706423299739,17.612716802751,1269.78379110033,0.000803420291817236,0,0
109.2,-0,3.9952865279077,0.75203136588412,3.99663934306362,3.9944162559602,3.99449968499199,0.731099950059438,-0.0148156246458173,0.0419464754459373,0.0138706423299739,17.612716802751,1269.78379110033,0.000870271947496004,0,0
109.3,-0,3.9952265720961,0.75203136588412,3.99662073047395,3.99441580443656,3.99449352907891,0.731107466484116,-0.014804075616129,0.0419464754459373,0.0138706423299739,17.612716802751,1269.78379110033,0.00081076765954391,0,0
109.4,-0,3.995321109858,0.75203136588412,3.99660229675405,3.99440971390979,3.99449708535217,0.731115916341226,-0.0148015690248419,0.0419464754459373,0.0138706423299739,17.612716802751,1269.78379110033,0.000911395948213212,0,0
109.5,-0,3.9952658721036,0.75203136588412,3.99658404018496,3.99441328437444,3.99449501815474,0.731123821465663,-0.0147938298144877,0.0419464754459373,0.0138706423299739,17.612716802751,1269.78379110033,0.000852587729160525,0,0
109.6,-0,3.9950833142397,0.75203136588412,3.99656595906423,3.99441126099354,3.99447568775302,0.731130053081321,-0.0147700281606312,0.0419464754459373,0.0138706423299739,17.612716802751,1269.78379110033,0.000672053246162374,0,0
109.7,-0,3.9952327857509,0.75203136588412,3.99654805170577,3.99439206534793,3.99447266149641,0.731137849154186,-0.0147614081367865,0.0419464754459373,0.0138706423299739,17.612716802751,1269.78379110033,0.000840720402970785,0,0
109.8,-0,3.9950833142584,0.75203136588412,3.99653031643971,3.99438908789468,3.99445564032198,0.731144287179972,-0.0147397676087065,0.0419464754459373,0.0138706423299739,17.612716802751,1269.78379110033,0.000694226363715522,0,0
109.9,-0,3.9951982037837,0.75203136588412,3.99651275161221,3.99437218924088,3.99445137563867,0.731151947847094,-0.0147300063132571,0.0419464754459373,0.0138706423299739,17.612716802751,1269.78379110033,0.000826014542821163,0,0
110,-0,3.9951478481119,0.75203136588412,3.99649535558533,3.99436797982239,3.99444274239747,0.731159180996381,-0.0147161832086314,0.0419464754459373,0.0138706423299739,17.612716802751,1269.78379110033,0.000779868289511487,0,0
110.1,-0,3.9951038180552,0.75203136588412,3.99647812673686,3.99435942484247,3.99443078659231,0.731166085553414,-0.014699273308557,0.0419464754459373,0.0138706423299739,17.612716802751,1269.78379110033,0.000744393212730454,0,0
110.2,-0,3.9952375157665,0.75203136588412,3.99646106346021,3.99434756477487,3.99443288053675,0.731174340737038,-0.0146954440687983,0.0419464754459373,0.0138706423299739,17.612716802751,1269.78379110033,0.000889950991634691,0,0
110.3,-0,3.9952218180589,0.75203136588412,3.9964441641642,3.99434968039904,3.99443328849216,0.73118243119111,-0.0146900470352477,0.0419464754459373,0.0138706423299739,17.612716802751,1269.78379110033,0.000872137659857941,0,0
110.4,-0,3.9951478481268,0.75203136588412,3.99642742727296,3.99435011891044,3.99442659380244,0.731189831852682,-0.0146780422902101,0.0419464754459373,0.0138706423299739,17.612716802751,1269.78379110033,0.000797729216356569,0,0
110.5,-0,3.9951038180627,0.75203136588412,3.99641085122574,3.99434349218713,3.99441638139673,0.73119688595877,-0.0146627684865197,0.0419464754459373,0.0138706423299739,17.612716802751,1269.78379110033,0.000760325875573287,0,0
110.6,-0,3.995168263871,0.75203136588412,3.99639443447681,3.99433336625601,3.99441340435895,0.731204632406336,-0.0146542332881967,0.0419464754459373,0.0138706423299739,17.612716802751,1269.78379110033,0.000834897614985231,0,0
110.7,-0,3.9951777,0.75203136588412,3.9963781754953,3.99433043754135,3.99441166102746,0.731212494069951,-0.0146468491274016,0.0419464754459373,0.0138706423299739,17.612716802751,1269.78379110033,0.000847262458651965,0,0
110.8,-0,3.9951431180683,0.75203136588412,3.99636207276503,3.99432873601623,3.99440680741336,0.731220051111241,-0.0146365732538287,0.0419464754459373,0.0138706423299739,17.612716802751,1269.78379110033,0.000814382052066076,0,0
110.9,-0,3.9952076518545,0.75203136588412,3.99634612478441,3.99432394058031,3.99440865829831,0.731228252003076,-0.0146325399095236,0.0419464754459373,0.0138706423299739,17.612716802751,1269.78379110033,0.000883711274193288,0,0
111,-0,3.9951132662212,0.75203136588412,3.99633033006627,3.99432581430055,3.994401304052,0.731235560057966,-0.0146199420541966,0.0419464754459373,0.0138706423299739,17.612716802751,1269.78379110033,0.00078745192065055,0,0
111.1,-0,3.9951682638523,0.75203136588412,3.99631468713773,3.99431853137861,3.99439999172643,0.731243446607123,-0.0146129710436745,0.0419464754459373,0.0138706423299739,17.612716802751,1269.78379110033,0.000849732473689357,0,0
111.2,-0,3.9951085361514,0.75203136588412,3.99629919454008,3.99431725852031,3.99439311506013,0.731250791081353,-0.0146008246370828,0.0419464754459373,0.0138706423299739,17.612716802751,1269.78379110033,0.000791277631086107,0,0
111.3,-0,3.9950644300829,0.75203136588412,3.99628385082861,3.99431045062245,3.99438273155557,0.731257789796865,-0.0145854194778743,0.0419464754459373,0.0138706423299739,17.612716802751,1269.78379110033,0.000753979460453191,0,0
111.4,-0,3.9950597,0.75203136588412,3.9962686545725,3.99430015433616,3.99437296889446,0.731264840617961,-0.0145705977758063,0.0419464754459373,0.0138706423299739,17.612716802751,1269.78379110033,0.000759545663838512,0,0
111.5,-0,3.9950597,0.75203136588412,3.99625360435468,3.99429047559002,3.99436421802659,0.731271981729621,-0.0145567230825047,0.0419464754459373,0.0138706423299739,17.612716802751,1269.78379110033,0.000769224409976399,0,0
111.6,-0,3.9950943699115,0.75203136588412,3.99623869877171,3.9942818032755,3.99435970077326,0.731279525677713,-0.0145467929642142,0.0419464754459373,0.0138706423299739,17.612716802751,1269.78379110033,0.000812566635995271,0,0
111.7,-0,3.9949604203615,0.75203136588412,3.99622393643362,3.99427734224281,3.99434282621116,0.731285867834821,-0.0145253678352818,0.0419464754459373,0.0138706423299739,17.612716802751,1269.78379110033,0.000683078118691061,0,0
111.8,-0,3.9950107518208,0.75203136588412,3.99620931596381,3.99426058898182,3.99433250410985,0.731292833282992,-0.0145100479490102,0.0419464754459373,0.0138706423299739,17.612716802751,1269.78379110033,0.00075016283898055,0,0
111.9,-0,3.9950549579006,0.75203136588412,3.9961948359989,3.99425035361601,3.9943274878458,0.731300304695822,-0.0144996708648363,0.0419464754459373,0.0138706423299739,17.612716802751,1269.78379110033,0.00080460428459217,0,0
112,-0,3.9950597,0.75203136588412,3.99618049518862,3.99424539610314,3.99432346021346,0.731307866645084,-0.0144902174514989,0.0419464754459373,0.0138706423299739,17.612716802751,1269.78379110033,0.000814303896857549,0,0
112.1,-0,3.9950249421032,0.75203136588412,3.99616629219567,3.99424142199251,3.99431653499879,0.731315143173432,-0.0144780712484511,0.0419464754459373,0.0138706423299739,17.612716802751,1269.78379110033,0.00078352011068894,0,0
112.2,-0,3.9950202,0.75203136588412,3.99615222569561,3.99423456554513,3.99430988126175,0.731322439788056,-0.014466182110907,0.0419464754459373,0.0138706423299739,17.612716802751,1269.78379110033,0.000785634454874895,0,0
112.3,-0,3.9951242096952,0.75203136588412,3.99613829437672,3.99422797911996,3.99431389727481,0.731330764082475,-0.0144642253520247,0.0419464754459373,0.0138706423299739,17.612716802751,1269.78379110033,0.000896230575243351,0,0
112.4,-0,3.9952422337003,0.75203136588412,3.99612449693988,3.99423200621147,3.99432885283012,0.731340147771893,-0.0144724480079241,0.0419464754459373,0.0138706423299739,17.612716802751,1269.78379110033,0.00101022748883306,0,0
112.5,-0,3.9950138867268,0.75203136588412,3.99611083209848,3.99424691521316,3.99432044183434,0.731347272370848,-0.0144589250347567,0.0419464754459373,0.0138706423299739,17.612716802751,1269.78379110033,0.000766971513644243,0,0
112.6,-0,3.995084897673,0.75203136588412,3.99609729857825,3.99423858077942,3.99431971395591,0.731355134513565,-0.0144525559832552,0.0419464754459373,0.0138706423299739,17.612716802751,1269.78379110033,0.000846316893583943,0,0
112.7,-0,3.9949950023326,0.75203136588412,3.99608389511717,3.99423788896019,3.99431047055071,0.73136216840292,-0.0144382656858046,0.0419464754459373,0.0138706423299739,17.612716802751,1269.78379110033,0.00075711337241513,0,0
112.8,-0,3.9949115482165,0.75203136588412,3.99607062046536,3.99422872646134,3.99429418601022,0.731368512482851,-0.0144174291988306,0.0419464754459373,0.0138706423299739,17.612716802751,1269.78379110033,0.000682821755159324,0,0
112.9,-0,3.9949021,0.75203136588412,3.99605747338494,3.99421255988928,3.99427866351595,0.731374919376137,-0.0143973096888179,0.0419464754459373,0.0138706423299739,17.612716802751,1269.78379110033,0.000689540110715647,0,0
113,-0,3.9950407795412,0.75203136588412,3.99604445264993,3.9941971513042,3.99427802679971,0.731382758467059,-0.0143910483394179,0.0419464754459373,0.0138706423299739,17.612716802751,1269.78379110033,0.000843628237001681,0,0
113.1,-0,3.9949556903497,0.75203136588412,3.99603155704613,3.99419655003739,3.99426932600616,0.731389812918768,-0.0143772858998999,0.0419464754459373,0.0138706423299739,17.612716802751,1269.78379110033,0.000759140312313722,0,0
113.2,-0,3.9949760818869,0.75203136588412,3.99601878537101,3.99418792716165,3.99426348465106,0.731397137440794,-0.0143661891204289,0.0419464754459373,0.0138706423299739,17.612716802751,1269.78379110033,0.000788154725247736,0,0
113.3,-0,3.9949808,0.75203136588412,3.9960061364336,3.99418214863238,3.9942587124128,0.731404559964938,-0.0143560911402135,0.0419464754459373,0.0138706423299739,17.612716802751,1269.78379110033,0.000798651367615477,0,0
113.4,-0,3.9949808,0.75203136588412,3.99599360905437,3.99417743356513,3.99425444937843,0.731412026766575,-0.0143464705943082,0.0419464754459373,0.0138706423299739,17.612716802751,1269.78379110033,0.000803366434869002,0,0
113.5,-0,3.9950154698759,0.75203136588412,3.99598120206512,3.99417322499872,3.99425396796409,0.731419855397879,-0.0143403720517075,0.0419464754459373,0.0138706423299739,17.612716802751,1269.78379110033,0.000842244877184761,0,0
113.6,-0,3.9949855301259,0.75203136588412,3.9959689143089,3.99417277811206,3.9942506937203,0.731427410355374,-0.0143316770435873,0.0419464754459373,0.0138706423299739,17.612716802751,1269.78379110033,0.000812752013839901,0,0
113.7,-0,3.9950154698722,0.75203136588412,3.99595674463986,3.99416955309617,3.99425064810822,0.731435274076375,-0.0143259891259971,0.0419464754459373,0.0138706423299739,17.612716802751,1269.78379110033,0.000845916776031963,0,0
113.8,-0,3.9949509482539,0.75203136588412,3.99594469192316,3.99416953968696,3.99424445054417,0.731442538565757,-0.0143145792116589,0.0419464754459373,0.0138706423299739,17.612716802751,1269.78379110033,0.000781408566942865,0,0
113.9,-0,3.9949760818739,0.75203136588412,3.99593275503486,3.9941634067216,3.99424131501182,0.731450094189996,-0.014306022436591,0.0419464754459373,0.0138706423299739,17.612716802751,1269.78379110033,0.000812675152300546,0,0
114,-0,3.9950154698666,0.75203136588412,3.99592093286185,3.99416031963453,3.99424229987796,0.731458045198376,-0.014301302367578,0.0419464754459373,0.0138706423299739,17.612716802751,1269.78379110033,0.000855150232068613,0,0
114.1,-0,3.9950202,0.75203136588412,3.99590922430169,3.99416133122395,3.99424366796882,0.731466031266484,-0.0142969403675521,0.0419464754459373,0.0138706423299739,17.612716802751,1269.78379110033,0.000858868776054678,0,0
114.2,-0,3.9949855301371,0.75203136588412,3.99589762826255,3.99416272401083,3.9942416035726,0.731473682475965,-0.0142893861451548,0.0419464754459373,0.0138706423299739,17.612716802751,1269.78379110033,0.000822806126270503,0,0
114.3,-0,3.9949115482726,0.75203136588412,3.99588614366307,3.9941607023838,3.99423268338334,0.73148066495664,-0.0142754559499265,0.0419464754459373,0.0138706423299739,17.612716802751,1269.78379110033,0.00075084588879637,0,0
114.4,-0,3.9949021,0.75203136588412,3.99587476943232,3.99415186106213,3.99422378389083,0.731487642216109,-0.0142615501977136,0.0419464754459373,0.0138706423299739,17.612716802751,1269.78379110033,0.000750238937871739,0,0
114.5,-0,3.9949021,0.75203136588412,3.99586350450962,3.99414304029881,3.99421580875939,0.731494701936895,-0.0142485096396855,0.0419464754459373,0.0138706423299739,17.612716802751,1269.78379110033,0.000759059701191056,0,0
114.6,-0,3.9950060215715,0.75203136588412,3.99585234784452,3.99413513899816,3.99421862755341,0.731502802169408,-0.0142455164286093,0.0419464754459373,0.0138706423299739,17.612716802751,1269.78379110033,0.000870882573339671,0,0
114.7,-0,3.995054957848,0.75203136588412,3.99584129839663,3.99413797473863,3.99422588281457,0.731511331707148,-0.0142466516534964,0.0419464754459373,0.0138706423299739,17.612716802751,1269.78379110033,0.000916983109374936,0,0
114.8,-0,3.9949902723022,0.75203136588412,3.9958303551356,3.99414522357256,3.99422623555964,0.731519192605216,-0.0142413641185472,0.0419464754459373,0.0138706423299739,17.612716802751,1269.78379110033,0.000845048729637199,0,0
114.9,-0,3.9949115482951,0.75203136588412,3.99581951704094,3.99414560625369,3.99421903456363,0.731526318059383,-0.0142290505315327,0.0419464754459373,0.0138706423299739,17.612716802751,1269.78379110033,0.000765942041409673,0,0
115,-0,3.9949021,0.75203136588412,3.99580878310199,3.99413847497263,3.99421168117381,0.731533422387426,-0.0142165997089317,0.0419464754459373,0.0138706423299739,17.612716802751,1269.78379110033,0.000763625027366821,0,0
115.1,-0,3.9949021,0.75203136588412,3.9957981523178,3.99413119207474,3.994205096479,0.731540594903866,-0.0142048686554167,0.0419464754459373,0.0138706423299739,17.612716802751,1269.78379110033,0.000770907925257802,0,0
115.2,-0,3.9950060215379,0.75203136588412,3.99578762369703,3.99412467379679,3.99420916572056,0.731548795444886,-0.0142030539194388,0.0419464754459373,0.0138706423299739,17.612716802751,1269.78379110033,0.000881347741109373,0,0
115.3,-0,3.9948816966201,0.75203136588412,3.99577719625789,3.99412875331271,3.99420093553902,0.731555801662677,-0.0141897967002862,0.0419464754459373,0.0138706423299739,17.612716802751,1269.78379110033,0.000752943307387621,0,0
115.4,-0,3.9950013033725,0.75203136588412,3.995766869028,3.99412059818861,3.99420502854853,0.73156399721135,-0.0141880093143247,0.0419464754459373,0.0138706423299739,17.612716802751,1269.78379110033,0.000880705183887276,0,0
115.5,-0,3.9949509483175,0.75203136588412,3.99575664104433,3.99412470131764,3.99420391096432,0.731571686452488,-0.0141813746158041,0.0419464754459373,0.0138706423299739,17.612716802751,1269.78379110033,0.000826246999857894,0,0
115.6,-0,3.9949415,0.75203136588412,3.99574651135311,3.99412362129662,3.99420202871827,0.731579298273507,-0.0141740308052343,0.0419464754459373,0.0138706423299739,17.612716802751,1269.78379110033,0.000817878703380348,0,0
115.7,-0,3.99480299665,0.75203136588412,3.99573647900974,3.9941217806285,3.99418708664878,0.731585638584833,-0.0141545394932811,0.0419464754459373,0.0138706423299739,17.612716802751,1269.78379110033,0.000681216021502618,0,0
115.8,-0,3.9948533516713,0.75203136588412,3.99572654307869,3.99410694891157,3.99417850419299,0.731592586028067,-0.0141409721712622,0.0419464754459373,0.0138706423299739,17.612716802751,1269.78379110033,0.000746402759733922,0,0
115.9,-0,3.9948973818365,0.75203136588412,3.99571670263343,3.9940984432689,3.994175035009,0.731600022914962,-0.0141321669398915,0.0419464754459373,0.0138706423299739,17.612716802751,1269.78379110033,0.000798938567598384,0,0
116,-0,3.9949021,0.75203136588412,3.99570695675631,3.99409502393686,3.99417239580961,0.731607535999146,-0.0141241370207287,0.0419464754459373,0.0138706423299739,17.612716802751,1269.78379110033,0.000807076063140233,0,0
116.1,-0,3.9949021,0.75203136588412,3.99569730453854,3.99409243019988,3.99417005074259,0.731615073679322,-0.014116383586047,0.0419464754459373,0.0138706423299739,17.612716802751,1269.78379110033,0.000809669800119206,0,0
116.2,-0,3.9948675181691,0.75203136588412,3.99568774508002,3.99409012902992,3.99416465494117,0.731622311272878,-0.0141057947323876,0.0419464754459373,0.0138706423299739,17.612716802751,1269.78379110033,0.000777389139175799,0,0
116.3,-0,3.9948628,0.75203136588412,3.99567827748933,3.99408479317866,3.99415937832099,0.731629555049705,-0.0140953206233993,0.0419464754459373,0.0138706423299739,17.612716802751,1269.78379110033,0.000778006821343435,0,0
116.4,-0,3.9949666334761,0.75203136588412,3.9956689008836,3.99407957585898,3.99416461538667,0.731637814657026,-0.0140946313308287,0.0419464754459373,0.0138706423299739,17.612716802751,1269.78379110033,0.000887057617117382,0,0
116.5,-0,3.9948423847042,0.75203136588412,3.99565961438845,3.99408481682719,3.99415744258095,0.731644868974735,-0.0140823969752798,0.0419464754459373,0.0138706423299739,17.612716802751,1269.78379110033,0.00075756787701442,0,0
116.6,-0,3.9949273334649,0.75203136588412,3.99565041713791,3.99407771328783,3.99415916383593,0.731652780936028,-0.0140784413118213,0.0419464754459373,0.0138706423299739,17.612716802751,1269.78379110033,0.00084962017706891,0,0
116.7,-0,3.9948376665408,0.75203136588412,3.99564130827432,3.99407945693831,3.99415214424306,0.731659842070264,-0.0140663552781937,0.0419464754459373,0.0138706423299739,17.612716802751,1269.78379110033,0.000758209602491622,0,0
116.8,-0,3.9948235,0.75203136588412,3.99563228694828,3.99407250577206,3.99414450137545,0.731666836424385,-0.0140536938852901,0.0419464754459373,0.0138706423299739,17.612716802751,1269.78379110033,0.000750994227936008,0,0
116.9,-0,3.9948580818179,0.75203136588412,3.99562335231853,3.99406493458855,3.99414097129198,0.73167422380777,-0.0140448632737466,0.0419464754459373,0.0138706423299739,17.612716802751,1269.78379110033,0.000793147229346314,0,0
117,-0,3.9949320516265,0.75203136588412,3.99561450355191,3.99406145450072,3.99414491611662,0.731682333041986,-0.0140429896344661,0.0419464754459373,0.0138706423299739,17.612716802751,1269.78379110033,0.000870597125775419,0,0
117.1,-0,3.9949068301914,0.75203136588412,3.99560573982326,3.99406540993321,3.99414607446459,0.731690170971371,-0.0140385241826952,0.0419464754459373,0.0138706423299739,17.612716802751,1269.78379110033,0.000841420258194781,0,0
117.2,-0,3.9949021,0.75203136588412,3.99559706031535,3.9940665935629,3.99414669117017,0.73169795427422,-0.0140335562836722,0.0419464754459373,0.0138706423299739,17.612716802751,1269.78379110033,0.000835506437097511,0,0
117.3,-0,3.9948675181896,0.75203136588412,3.99558846421881,3.99406723839488,3.99414395894104,0.731705409858889,-0.0140254745912991,0.0419464754459373,0.0138706423299739,17.612716802751,1269.78379110033,0.000800279794718417,0,0
117.4,-0,3.9948282181915,0.75203136588412,3.99557995073204,3.99406455192129,3.99413776244843,0.731712524764916,-0.0140141730760884,0.0419464754459373,0.0138706423299739,17.612716802751,1269.78379110033,0.000763666270214625,0,0
117.5,-0,3.9948580818067,0.75203136588412,3.99557151906116,3.99405841941365,3.99413508080345,0.7317199754793,-0.0140061454623504,0.0419464754459373,0.0138706423299739,17.612716802751,1269.78379110033,0.000799662393048184,0,0
117.6,-0,3.9948973818048,0.75203136588412,3.99556316841989,3.99405578321803,3.99413646492997,0.731727817390204,-0.0140019029323451,0.0419464754459373,0.0138706423299739,17.612716802751,1269.78379110033,0.000841598586765357,0,0
117.7,-0,3.9949021,0.75203136588412,3.99555489802954,3.99405719136418,3.99413819041826,0.731735690608582,-0.0139979793006643,0.0419464754459373,0.0138706423299739,17.612716802751,1269.78379110033,0.000844908635820207,0,0
117.8,-0,3.9948329363979,0.75203136588412,3.99554670711888,3.99405893906662,3.9941331400656,0.731742903470748,-0.0139877536407962,0.0419464754459373,0.0138706423299739,17.612716802751,1269.78379110033,0.000773997331280363,0,0
117.9,-0,3.9948235,0.75203136588412,3.99553859492409,3.99405394660783,3.994127721594,0.731750075342708,-0.0139771892729221,0.0419464754459373,0.0138706423299739,17.612716802751,1269.78379110033,0.000769553392165889,0,0
118,-0,3.9947888302083,0.75203136588412,3.9955305606887,3.99404858794776,3.99411955297047,0.731756974455194,-0.013964070461001,0.0419464754459373,0.0138706423299739,17.612716802751,1269.78379110033,0.00074024226053826,0,0
118.1,-0,3.9948533515853,0.75203136588412,3.99552260366353,3.99404049359806,3.99411842011029,0.73176455079748,-0.0139575014926764,0.0419464754459373,0.0138706423299739,17.612716802751,1269.78379110033,0.000812857987241511,0,0
118.2,-0,3.9949666333752,0.75203136588412,3.99551472310655,3.99403939792894,3.99412828951955,0.73177319371709,-0.0139611695129343,0.0419464754459373,0.0138706423299739,17.612716802751,1269.78379110033,0.000927235446264163,0,0
118.3,-0,3.9948769666305,0.75203136588412,3.9955069182829,3.99404924657123,3.9941285979035,0.731780909490158,-0.0139559417456372,0.0419464754459373,0.0138706423299739,17.612716802751,1269.78379110033,0.000827720059274561,0,0
118.4,-0,3.9948973817899,0.75203136588412,3.99549918846478,3.99404958455286,3.99413086064799,0.731788812881005,-0.0139525337210684,0.0419464754459373,0.0138706423299739,17.612716802751,1269.78379110033,0.000847797237044645,0,0
118.5,-0,3.9949021,0.75203136588412,3.99549153293137,3.99405186659231,3.99413337625369,0.731796739447451,-0.0139493619289795,0.0419464754459373,0.0138706423299739,17.612716802751,1269.78379110033,0.000850233407693413,0,0
118.6,-0,3.9949367697805,0.75203136588412,3.99548395096877,3.99405440015552,3.99413899064993,0.731804966096,-0.013949073615237,0.0419464754459373,0.0138706423299739,17.612716802751,1269.78379110033,0.000882369624977564,0,0
118.7,-0,3.9948376666529,0.75203136588412,3.99547644186998,3.99406001618408,3.99413456753926,0.731812216834926,-0.0139394480203805,0.0419464754459373,0.0138706423299739,17.612716802751,1269.78379110033,0.00077765046881817,0,0
118.8,-0,3.9948235,0.75203136588412,3.99546900493474,3.99405564756995,3.99412925962759,0.731819376636843,-0.0139290028728142,0.0419464754459373,0.0138706423299739,17.612716802751,1269.78379110033,0.000767852430049398,0,0
118.9,-0,3.994719402681,0.75203136588412,3.99546163946957,3.99405039879482,3.99411453450752,0.731825615095174,-0.0139098015909189,0.0419464754459373,0.0138706423299739,17.612716802751,1269.78379110033,0.000669003886182296,0,0
119,-0,3.9948438790921,0.75203136588412,3.99545434478761,3.99403578238527,3.99411325259142,0.731833151033719,-0.0139031125567949,0.0419464754459373,0.0138706423299739,17.612716802751,1269.78379110033,0.000808096706832462,0,0
119.1,-0,3.9947241209155,0.75203136588412,3.99544712020865,3.99403453833999,3.99410064690708,0.73183958213935,-0.0138858924840854,0.0419464754459373,0.0138706423299739,17.612716802751,1269.78379110033,0.000689582575511327,0,0
119.2,-0,3.994878460852,0.75203136588412,3.99543996505896,3.99402203014929,3.99410413404853,0.731847569750676,-0.0138836484273741,0.0419464754459373,0.0138706423299739,17.612716802751,1269.78379110033,0.000856430702707023,0,0
119.3,-0,3.9948329364539,0.75203136588412,3.99543287867134,3.99402552999576,3.9941029340776,0.731855100569964,-0.0138770450115464,0.0419464754459373,0.0138706423299739,17.612716802751,1269.78379110033,0.000807406458140036,0,0
119.4,-0,3.9948235,0.75203136588412,3.99542586038496,3.99402436741092,3.99410097831302,0.731862554651522,-0.013869740862222,0.0419464754459373,0.0138706423299739,17.612716802751,1269.78379110033,0.000799132589083928,0,0
119.5,-0,3.9948235,0.75203136588412,3.99541890954536,3.99402245299971,3.99409924744764,0.731870027024948,-0.0138626484874877,0.0419464754459373,0.0138706423299739,17.612716802751,1269.78379110033,0.000801047000289934,0,0
119.6,-0,3.9948580817675,0.75203136588412,3.99541202550437,3.99402076228872,3.99410103410844,0.731877838211558,-0.013858830536779,0.0419464754459373,0.0138706423299739,17.612716802751,1269.78379110033,0.000837319478780074,0,0
119.7,-0,3.9947935484745,0.75203136588412,3.99540520762005,3.99402257056534,3.99409648239239,0.731885030928717,-0.0138491179677915,0.0419464754459373,0.0138706423299739,17.612716802751,1269.78379110033,0.000770977909163584,0,0
119.8,-0,3.994818769758,0.75203136588412,3.99539845525661,3.99401807383824,3.99409483467645,0.731892501328996,-0.0138421101582473,0.0419464754459373,0.0138706423299739,17.612716802751,1269.78379110033,0.000800695919761285,0,0
119.9,-0,3.9948926635237,0.75203136588412,3.99539176778439,3.99401646579791,3.99410046483434,0.731900676626533,-0.0138418744510647,0.0419464754459373,0.0138706423299739,17.612716802751,1269.78379110033,0.000876197725792061,0,0
