time_s,current_A,measured_voltage_V,reference_soc,open_loop_voltage_V,prior_voltage_V,posterior_voltage_V,estimated_soc,polarization_V,r0_ohm,r1_ohm,tau_s,c1_F,innovation_V,rls_status,boundary_hits
0,6.0956934,3.5073125,0.43430811384338,3.47683485211769,3.47683485211769,3.50727812313021,0.468193764609066,-0.000381965219919698,0.0444841874298605,0.0112027549073226,10.3555848129336,924.378413935023,0.0304776478823054,0,0
0.1,6.0956934,3.4755363015255,0.43424849242906,3.47612569632562,3.50656529659523,3.49096714041884,0.44914436943963,-0.000970457077073863,0.0444841874298605,0.0112027549073226,10.3555848129336,924.378413935023,-0.0310289950697298,0,0
0.2,6.1868975,3.472504400288,0.43418887101474,3.47136570704296,3.48619151811031,3.48153485155832,0.442499722710695,-0.00149003834966413,0.0444841874298605,0.0112027549073226,10.3555848129336,924.378413935023,-0.0136871178223146,0,0
0.3,6.1872915,3.4706144002703,0.43412835754154,3.47064096702026,3.48078323907699,3.47812428246295,0.437958961381427,-0.00212528563244978,0.0444841874298605,0.0112027549073226,10.3555848129336,924.378413935023,-0.010168838806687,0,0
0.4,6.1868975,3.4691970002693,0.43406784021466,3.46995751521521,3.47740157286304,3.47562630133016,0.434335295661255,-0.00282447542169549,0.0444841874298605,0.0112027549073226,10.3555848129336,924.378413935023,-0.0082045725937423,0,0
0.5,6.1870947,3.4679370002999,0.43400732674146,3.46925403076117,3.47487061919703,3.47356605276129,0.431201790894528,-0.0035528555890554,0.0444841874298605,0.0112027549073226,10.3555848129336,924.378413935023,-0.00693361889712962,0,0
0.6,6.1867007,3.4669526002805,0.43394681133947,3.46858298279459,3.4728296468957,3.47183304216506,0.428443941582228,-0.00424891581322138,0.0444841874298605,0.0112027549073226,10.3555848129336,924.378413935023,-0.0058770466152005,0,0
0.7,6.1868975,3.4660075003147,0.43388629979115,3.46789180078636,3.47106371163551,3.47026991493298,0.425970356213736,-0.00488895883182848,0.0444841874298605,0.0112027549073226,10.3555848129336,924.378413935023,-0.00505621132081169,0,0
0.8,6.1874888,3.4650624003591,0.43382578631795,3.46718908920765,3.46947686158718,3.46882201185521,0.423721979295306,-0.00546198366160225,0.0444841874298605,0.0112027549073226,10.3555848129336,924.378413935023,-0.00441446122807543,0,0
0.9,6.1892612,3.4641962003707,0.4337652670613,3.46643975303746,3.46797084259112,3.46743350675973,0.4217266267007,-0.00592247882667269,0.0444841874298605,0.0112027549073226,10.3555848129336,924.378413935023,-0.00377464222041946,0,0
1,6.1857158,3.463408700374,0.43370473046897,3.46593269625574,3.46681426388411,3.46634358604949,0.419870327343158,-0.00632164071912226,0.0444841874298605,0.0112027549073226,10.3555848129336,924.378413935023,-0.00340556351011267,0,0
1.1,6.1874888,3.4626606003912,0.43364422855386,3.46519533967494,3.46548433492779,3.46510215321287,0.418287047578564,-0.00656366866996096,0.0444841874298605,0.0112027549073226,10.3555848129336,924.378413935023,-0.00282373453658691,0,0
1.2,6.1855186,3.4619911003816,0.43358370929721,3.46463010237697,3.46440688311093,3.46408467657981,0.416901951947197,-0.00668732260299947,0.0444841874298605,0.0112027549073226,10.3555848129336,924.378413935023,-0.0024157827293263,0,0
1.3,6.1876855,3.4612429004624,0.43352320931091,3.46388681706994,3.46320441182077,3.46294545829471,0.415754086407848,-0.00666281418498285,0.0444841874298605,0.0112027549073226,10.3555848129336,924.378413935023,-0.00196151135837086,0,0
1.4,6.1872915,3.4606524003927,0.43346268813035,3.46326290016599,3.46217909652978,3.46197899222501,0.41484237084444,-0.00648764040978973,0.0444841874298605,0.0112027549073226,10.3555848129336,924.378413935023,-0.00152669613708234,0,0
1.5,6.1886704,3.4599042005334,0.43340217080347,3.4625658114766,3.46113549372722,3.46097494641912,0.414094702742543,-0.00620821989978408,0.0444841874298605,0.0112027549073226,10.3555848129336,924.378413935023,-0.00123129319381832,0,0
1.6,6.1867007,3.4593136004488,0.4333416399897,3.46202311582395,3.46028293252692,3.46015704453113,0.413495021910123,-0.00583469817694595,0.0444841874298605,0.0112027549073226,10.3555848129336,924.378413935023,-0.000969332078117002,0,0
1.7,6.1863066,3.4587624004454,0.43328112844138,3.4614161014093,3.45939876010219,3.45931638822425,0.4130830896593,-0.00534195210203736,0.0444841874298605,0.0112027549073226,10.3555848129336,924.378413935023,-0.000636359656793317,0,0
1.8,6.1872915,3.4581323005387,0.43322062074772,3.46075327523169,3.45850154131283,3.45845388950791,0.412820807990261,-0.00475594634105382,0.0444841874298605,0.0112027549073226,10.3555848129336,924.378413935023,-0.000369240774128254,0,0
1.9,6.1861094,3.457699300391,0.43316010342084,3.46019216466095,3.45774095685318,3.45773559687249,0.412737831055629,-0.004058681079924,0.0444841874298605,0.0112027549073226,10.3555848129336,924.378413935023,-4.1656462182349e-05,0,0
2,6.1868975,3.4571478005239,0.43309959765598,3.45954893062703,3.45694185981733,3.4569682766888,0.412786604128264,-0.0032831503556956,0.0444841874298605,0.0112027549073226,10.3555848129336,924.378413935023,0.00020594070656843,0,0
2.1,6.1882769,3.4565966005501,0.43303908418278,3.4588846302259,3.45615559741455,3.45621198003097,0.412955906783431,-0.00243802008060993,0.0444841874298605,0.0112027549073226,10.3555848129336,924.378413935023,0.000441003135548623,0,0
2.2,6.1867007,3.4560847005349,0.43297855721779,3.45835692523642,3.45553873957396,3.45560829246851,0.413174288358569,-0.00157048157855943,0.0444841874298605,0.0112027549073226,10.3555848129336,924.378413935023,0.000545960960942171,0,0
2.3,6.1876855,3.4555728005595,0.43291804566947,3.45772070873714,3.45482964855294,3.45492395929515,0.413485385678507,-0.000653969652299327,0.0444841874298605,0.0112027549073226,10.3555848129336,924.378413935023,0.000743152006560166,0,0
2.4,6.1859126,3.4550216006284,0.43285752448892,3.45721222895278,3.45427668267111,3.45437082943256,0.413789020687069,0.000247392894245858,0.0444841874298605,0.0112027549073226,10.3555848129336,924.378413935023,0.000744917957291591,0,0
2.5,6.1872915,3.4545491005613,0.43279702064893,3.45656887866561,3.45359221602967,3.45371262622765,0.414185367807676,0.001195872115715,0.0444841874298605,0.0112027549073226,10.3555848129336,924.378413935023,0.000956884531626567,0,0
2.6,6.1892612,3.4541554004862,0.43273650332206,3.45590416408811,3.4529166861767,3.45307184926187,0.414701984402123,0.00220733966412788,0.0444841874298605,0.0112027549073226,10.3555848129336,924.378413935023,0.00123871430950429,0,0
2.7,6.1874888,3.4536436006566,0.43267596672972,3.45541071465622,3.4524518646938,3.45260043521135,0.415182960920399,0.00318429084886678,0.0444841874298605,0.0112027549073226,10.3555848129336,924.378413935023,0.0011917359627982,0,0
2.8,6.1876855,3.4530528007858,0.43261544747307,3.45483486132275,3.45190245167286,3.45204516187476,0.415631987437257,0.00412916339177394,0.0444841874298605,0.0112027549073226,10.3555848129336,924.378413935023,0.00115034911294076,0,0
2.9,6.1886704,3.4526985004882,0.43255492629252,3.45422885665706,3.4513211733827,3.45149118865076,0.416165998273087,0.00511306634814132,0.0444841874298605,0.0112027549073226,10.3555848129336,924.378413935023,0.00137732710550154,0,0
3,6.1880796,3.4522259006735,0.43249439547875,3.45369771792,3.45084663476694,3.45101602619324,0.416685538850025,0.00607541513113839,0.0444841874298605,0.0112027549073226,10.3555848129336,924.378413935023,0.0013792659065639,0,0
3.1,6.1865034,3.4517930006377,0.43243387044354,3.45321532346458,3.45042462407548,3.4505918185858,0.417185659495911,0.00701341559069496,0.0444841874298605,0.0112027549073226,10.3555848129336,924.378413935023,0.00136837656221633,0,0
3.2,6.1868975,3.4512811007781,0.43237336082499,3.45265025888432,3.44992196696895,3.4500871798301,0.417667632267782,0.00792810030464901,0.0444841874298605,0.0112027549073226,10.3555848129336,924.378413935023,0.00135913380914854,0,0
3.3,6.1880796,3.4510448003705,0.43231284735179,3.45205484091591,3.449391019082,3.44959101806087,0.418250198335885,0.00888849479829905,0.0444841874298605,0.0112027549073226,10.3555848129336,924.378413935023,0.00165378128849669,0,0
3.4,6.1874888,3.4505329008267,0.43225232231658,3.45154285223923,3.44898281534124,3.44916931816125,0.418776966031215,0.00980379248698314,0.0444841874298605,0.0112027549073226,10.3555848129336,924.378413935023,0.00155008548545998,0,0
3.5,6.1868975,3.4501390006551,0.43219180305993,3.45103561138231,3.44857000256343,3.44875782698207,0.419295748994391,0.0107018201244948,0.0444841874298605,0.0112027549073226,10.3555848129336,924.378413935023,0.00156899809166822,0,0
3.6,6.1874888,3.449745400673,0.43213128958673,3.45048044379695,3.44811460335431,3.44830885109846,0.419822125345805,0.0115914618624876,0.0444841874298605,0.0112027549073226,10.3555848129336,924.378413935023,0.00163079731868976,0,0
3.7,6.1880796,3.4493122007616,0.43207077033008,3.44992979621613,3.44767413051281,3.44786828474883,0.420336341935034,0.0124619289009208,0.0444841874298605,0.0112027549073226,10.3555848129336,924.378413935023,0.00163807024879503,0,0
3.8,6.1865034,3.4489973005684,0.43201024529487,3.44948000041661,3.44733825798378,3.44753394713414,0.42084347962898,0.0133162844695752,0.0444841874298605,0.0112027549073226,10.3555848129336,924.378413935023,0.00165904258462435,0,0
3.9,6.1868975,3.4485641008027,0.43194973567632,3.44894722121429,3.44692466703009,3.4471171259726,0.42133017729885,0.0141473432339274,0.0444841874298605,0.0112027549073226,10.3555848129336,924.378413935023,0.00163943377261422,0,0
4,6.1865034,3.4482491005985,0.43188922220312,3.44845389433273,3.44655084905564,3.44674928676858,0.421822786295078,0.014969726649537,0.0444841874298605,0.0112027549073226,10.3555848129336,924.378413935023,0.00169825154286096,0,0
4.1,6.1878828,3.4476979010737,0.43182871258458,3.44788611410566,3.44611206622134,3.44629652666613,0.422266451272675,0.0157547180755425,0.0444841874298605,0.0112027549073226,10.3555848129336,924.378413935023,0.0015858348523583,0,0
4.2,6.1880796,3.4473827006288,0.43176818947425,3.44737513128549,3.44571929652847,3.4459119216077,0.422722310854937,0.0165349797754068,0.0444841874298605,0.0112027549073226,10.3555848129336,924.378413935023,0.00166340410033072,0,0
4.3,6.1892612,3.4469497008846,0.43170766443904,3.44682462803928,3.44529835897876,3.44548876011826,0.423162526027935,0.0172961111020905,0.0444841874298605,0.0112027549073226,10.3555848129336,924.378413935023,0.00165134190583682,0,0
4.4,6.1868975,3.4465952007409,0.4316471278467,3.44643596639473,3.44504008440091,3.4452186349596,0.423562768651718,0.018026454652674,0.0444841874298605,0.0112027549073226,10.3555848129336,924.378413935023,0.00155511633999161,0,0
4.5,6.1863066,3.4463589005052,0.4315866143735,3.44597294763902,3.44469839137175,3.44488826031108,0.423983183291438,0.0187560815216528,0.0444841874298605,0.0112027549073226,10.3555848129336,924.378413935023,0.00166050913345428,0,0
4.6,6.1888672,3.4459260009459,0.43152610667984,3.445373992089,3.44423490537354,3.44442749974582,0.424401604331212,0.0194741337890468,0.0444841874298605,0.0112027549073226,10.3555848129336,924.378413935023,0.00169109557236213,0,0
4.7,6.1872915,3.4456503006156,0.43146557394119,3.4449628841261,3.44396474744946,3.44415596546126,0.424808014612511,0.0201763044996225,0.0444841874298605,0.0112027549073226,10.3555848129336,924.378413935023,0.0016855531661415,0,0
4.8,6.1868975,3.4452565008978,0.43140505661431,3.44450350085711,3.44364757747868,3.44382941360994,0.425183641053867,0.0208536162463828,0.0444841874298605,0.0112027549073226,10.3555848129336,924.378413935023,0.00160892341911678,0,0
4.9,6.1870947,3.4450989003669,0.43134454314111,3.44402193160697,3.44330128147981,3.4435036988306,0.425600126959375,0.0215400399220031,0.0444841874298605,0.0112027549073226,10.3555848129336,924.378413935023,0.00179761888708807,0,0
5,6.1867007,3.444705200935,0.43128402773911,3.443570666206,3.4430084394446,3.44319881982438,0.425980489492278,0.0221998803984666,0.0444841874298605,0.0112027549073226,10.3555848129336,924.378413935023,0.00169676149040132,0,0
5.1,6.1857158,3.4441934012401,0.4312235161908,3.44314972158432,3.44273623314726,3.44289916549433,0.4262908586163,0.0228186879738916,0.0444841874298605,0.0112027549073226,10.3555848129336,924.378413935023,0.00145716809283858,0,0
5.2,6.1872915,3.4439571005837,0.43116301427569,3.44261893582409,3.44232873402074,3.44251019783733,0.426636473711236,0.0234441707657251,0.0444841874298605,0.0112027549073226,10.3555848129336,924.378413935023,0.00162836656296239,0,0
5.3,6.1867007,3.4435632009918,0.43110249694882,3.44218825325092,3.4420419690265,3.4422109416398,0.426947845974899,0.0240459389153481,0.0444841874298605,0.0112027549073226,10.3555848129336,924.378413935023,0.00152123196529796,0,0
5.4,6.1874888,3.4431696010096,0.4310419854005,3.44170017571128,3.44168722539688,3.44185136137698,0.427242670267838,0.024632011522564,0.0444841874298605,0.0112027549073226,10.3555848129336,924.378413935023,0.00148237561272202,0,0
5.5,6.1876855,3.4428546008231,0.43098146614385,3.44124215212647,3.4413594936426,3.44152453126242,0.427533675188,0.0252082536127785,0.0444841874298605,0.0112027549073226,10.3555848129336,924.378413935023,0.00149510718049939,0,0
5.6,6.1863066,3.4426184006283,0.43092094496329,3.44085799657017,3.44110826770292,3.44127446735795,0.427821521290665,0.0257750164662383,0.0444841874298605,0.0112027549073226,10.3555848129336,924.378413935023,0.00151013292538105,0,0
5.7,6.1894585,3.4423821006399,0.43086043726963,3.44027621777044,3.44066226193518,3.44085099369032,0.428150402514639,0.0263500440113403,0.0444841874298605,0.0112027549073226,10.3555848129336,924.378413935023,0.00171983870471593,0,0
5.8,6.1872915,3.4419489011935,0.43079989874753,3.439934406916,3.44048055462964,3.44064123578008,0.42841624856686,0.0268920417406953,0.0444841874298605,0.0112027549073226,10.3555848129336,924.378413935023,0.00146834656386297,0,0
5.9,6.1882769,3.4416339008829,0.43073938142065,3.43945631133316,3.44013602554888,3.44029949127365,0.428682703202203,0.027426334012037,0.0444841874298605,0.0112027549073226,10.3555848129336,924.378413935023,0.00149787533402312,0,0
6,6.1874888,3.4412401011223,0.43067885445566,3.43906065118674,3.43987819373884,3.44002642768259,0.428914215948227,0.0279398397374758,0.0444841874298605,0.0112027549073226,10.3555848129336,924.378413935023,0.00136190738345521,0,0
6.1,6.1868975,3.4410827004561,0.43061833519901,3.43865995147789,3.43960140221187,3.43976221658326,0.429165814921156,0.0284535577722462,0.0444841874298605,0.0112027549073226,10.3555848129336,924.378413935023,0.00148129824423027,0,0
6.2,6.1876855,3.4406102013915,0.43055782172581,3.43820155112456,3.43928083977016,3.43942479909656,0.429380611438086,0.0289464762351802,0.0444841874298605,0.0112027549073226,10.3555848129336,924.378413935023,0.0013293616213379,0,0
6.3,6.1868975,3.4403346008249,0.43049730054526,3.43781671869278,3.43901817470932,3.43916038742103,0.42958812716058,0.0294300368846021,0.0444841874298605,0.0112027549073226,10.3555848129336,924.378413935023,0.00131642611558025,0,0
6.4,6.1863066,3.4400589008381,0.43043678707206,3.43742672929229,3.43874973396432,3.4388908291006,0.429789749656321,0.0299047482302142,0.0444841874298605,0.0112027549073226,10.3555848129336,924.378413935023,0.00130916687377836,0,0
6.5,6.1868975,3.4398227007294,0.43037627937839,3.43698772177845,3.43843223502187,3.43858174879957,0.430003107168351,0.0303768207424593,0.0444841874298605,0.0112027549073226,10.3555848129336,924.378413935023,0.00139046570753143,0,0
6.6,6.1868975,3.439547100864,0.43031576590519,3.43657838168454,3.43815390837101,3.43830338170344,0.430212579791504,0.0308410193170298,0.0444841874298605,0.0112027549073226,10.3555848129336,924.378413935023,0.00139319249299064,0,0
6.7,6.1892612,3.4391925011287,0.43025525243199,3.436067312226,3.4377748550188,3.43792662254311,0.430422435914854,0.0312988029002182,0.0444841874298605,0.0112027549073226,10.3555848129336,924.378413935023,0.0014176461099038,0,0
6.8,6.1876855,3.4389563007629,0.43019471583966,3.4357345938518,3.43757746124895,3.43772476336197,0.43062076049857,0.0317466974256556,0.0444841874298605,0.0112027549073226,10.3555848129336,924.378413935023,0.00137883951395112,0,0
6.9,6.1861094,3.4387202007739,0.43013419465911,3.43540543156093,3.43738010750738,3.43752297696633,0.430807954294728,0.0321846623958226,0.0444841874298605,0.0112027549073226,10.3555848129336,924.378413935023,0.00134009326652418,0,0
7,6.1874888,3.438405001048,0.43007368889424,3.43494830071822,3.4370512403637,3.43719527912572,0.430993894395134,0.0326159535917527,0.0444841874298605,0.0112027549073226,10.3555848129336,924.378413935023,0.00135376068430082,0,0
7.1,6.1865034,3.4379721014602,0.43001316963759,3.4345994931645,3.43683272302692,3.43695371643605,0.431137692818783,0.033028920289022,0.0444841874298605,0.0112027549073226,10.3555848129336,924.378413935023,0.00113937843328227,0,0
7.2,6.1872915,3.4377358008081,0.42995266001904,3.43417516493435,3.43651635094124,3.43664560262403,0.431292636800903,0.033439433069543,0.0444841874298605,0.0112027549073226,10.3555848129336,924.378413935023,0.00121944986686229,0,0
7.3,6.1865034,3.4375782005466,0.42989214269217,3.43382408606287,3.43628220650934,3.43641931845678,0.431457769754799,0.03384727122281,0.0444841874298605,0.0112027549073226,10.3555848129336,924.378413935023,0.00129599403725589,0,0
7.4,6.1878828,3.4371450015227,0.42983163307362,3.43337987429025,3.43596351393684,3.43608828740232,0.431600025639285,0.0342431416307129,0.0444841874298605,0.0112027549073226,10.3555848129336,924.378413935023,0.00118148758586445,0,0
7.5,6.1876855,3.4369876005608,0.42977110996329,3.43300880363146,3.43570626499903,3.43584134676696,0.43175629619433,0.0346374928083676,0.0444841874298605,0.0112027549073226,10.3555848129336,924.378413935023,0.00128133556177135,0,0
7.6,6.1863066,3.4367514008527,0.42971058878274,3.43269345283958,3.43551569960667,3.43564574872713,0.431901933223655,0.0350236304836204,0.0444841874298605,0.0112027549073226,10.3555848129336,924.378413935023,0.00123570124603001,0,0
7.7,6.1874888,3.4363575014409,0.42965008108908,3.43226743808418,3.43521004437258,3.43533060599319,0.432030228841184,0.0354000001458395,0.0444841874298605,0.0112027549073226,10.3555848129336,924.378413935023,0.00114745706832142,0,0
7.8,6.1880796,3.4360819010211,0.42958956183242,3.43187066655771,3.43492468902202,3.43504607883001,0.432157534265942,0.0357711837464296,0.0444841874298605,0.0112027549073226,10.3555848129336,924.378413935023,0.00115721199908014,0,0
7.9,6.1882769,3.4359639004428,0.42952903679721,3.43149437533425,3.43466116478451,3.43479760412292,0.432305622157092,0.0361422563695167,0.0444841874298605,0.0112027549073226,10.3555848129336,924.378413935023,0.00130273565828531,0,0
8,6.1874888,3.435648901197,0.42946850983223,3.43116491173608,3.43446006790582,3.43458438619192,0.43243295236079,0.0365034919663544,0.0444841874298605,0.0112027549073226,10.3555848129336,924.378413935023,0.00118883329118447,0,0
8.1,6.1874888,3.4353731010613,0.42940799057558,3.43080346891674,3.43421535520016,3.43433624070096,0.432552991144814,0.036858128627234,0.0444841874298605,0.0112027549073226,10.3555848129336,924.378413935023,0.00115774586113915,0,0
8.2,6.1872915,3.4351764007661,0.42934747131893,3.43045376038749,3.43397939455074,3.43410419608404,0.432676748358678,0.0372087399109579,0.0444841874298605,0.0112027549073226,10.3555848129336,924.378413935023,0.00119700621535701,0,0
8.3,6.1878828,3.4348218013982,0.42928695399205,3.43007192371867,3.43371566208383,3.43383082455391,0.432784353039448,0.0375512683244497,0.0444841874298605,0.0112027549073226,10.3555848129336,924.378413935023,0.00110613931437387,0,0
8.4,6.1872915,3.4345462010996,0.42922643088172,3.42974552604346,3.43349812051286,3.43360708576511,0.432881126906221,0.0378871625516629,0.0444841874298605,0.0112027549073226,10.3555848129336,924.378413935023,0.00104808058673589,0,0
8.5,6.1878828,3.4343100009538,0.42916591355484,3.42936946367692,3.43322507150796,3.43333771371507,0.432981417055205,0.0382192024735799,0.0444841874298605,0.0112027549073226,10.3555848129336,924.378413935023,0.00108492944584127,0,0
8.6,6.1861094,3.4340737009653,0.42910539044451,3.42910136957005,3.43306401337908,3.43316870371721,0.433068715340733,0.0385445465035927,0.0444841874298605,0.0112027549073226,10.3555848129336,924.378413935023,0.00100968758621756,0,0
8.7,6.1874888,3.4338374009766,0.42904488467965,3.42869605058932,3.43275808655224,3.43286985022805,0.433164311690495,0.0388668458209145,0.0444841874298605,0.0112027549073226,10.3555848129336,924.378413935023,0.00107931442435705,0,0
8.8,6.1867007,3.4336014009865,0.428984365423,3.42838978024767,3.43255858940849,3.43266643549733,0.433252811100362,0.0391838298789911,0.0444841874298605,0.0112027549073226,10.3555848129336,924.378413935023,0.00104281157801012,0,0
8.9,6.1874888,3.4333255011665,0.42892385387468,3.42801624987178,3.43228819665109,3.43239533945799,0.433338779166096,0.0394961336135989,0.0444841874298605,0.0112027549073226,10.3555848129336,924.378413935023,0.00103730451541439,0,0
9,6.1872915,3.4330106013462,0.42886333461803,3.4276891994052,3.43206384493031,3.43216151582028,0.433410391280777,0.0398022639308634,0.0444841874298605,0.0112027549073226,10.3555848129336,924.378413935023,0.000946756415887595,0,0
9.1,6.1865034,3.4327743010215,0.42880281729115,3.42739116453981,3.43185926746201,3.4319535531138,0.433476103436977,0.0401035804874879,0.0444841874298605,0.0112027549073226,10.3555848129336,924.378413935023,0.000915033559488521,0,0
9.2,6.1872915,3.4325776008596,0.4287423076726,3.42702579051248,3.43158417616182,3.43168641983196,0.433551073089799,0.0404021643359506,0.0444841874298605,0.0112027549073226,10.3555848129336,924.378413935023,0.000993424697780299,0,0
9.3,6.1874888,3.432341301044,0.42868179034573,3.42668926456681,3.43134610188803,3.43144841121168,0.433624745336039,0.0406967537999109,0.0444841874298605,0.0112027549073226,10.3555848129336,924.378413935023,0.000995199155972237,0,0
9.4,6.1865034,3.4320657012305,0.42862127108908,3.42640796089208,3.43116351281171,3.43125615668569,0.433684516880981,0.0409858687541738,0.0444841874298605,0.0112027549073226,10.3555848129336,924.378413935023,0.000902188418789862,0,0
9.5,6.1868975,3.4317899012447,0.42856076147053,3.42606801458839,3.43091278542579,3.43100275607034,0.433739664508572,0.0412706618006299,0.0444841874298605,0.0112027549073226,10.3555848129336,924.378413935023,0.000877115818912699,0,0
9.6,6.1880796,3.4315932008969,0.42850024799733,3.42569555147624,3.43062702232604,3.43072602241641,0.433805161674537,0.0415529158322615,0.0444841874298605,0.0112027549073226,10.3555848129336,924.378413935023,0.000966178570863896,0,0
9.7,6.1861094,3.4313962009078,0.42843972296212,3.42546573651443,3.43049309115742,3.43058553172373,0.433861150155823,0.0418307188750687,0.0444841874298605,0.0112027549073226,10.3555848129336,924.378413935023,0.000903109750378217,0,0
9.8,6.1872915,3.4310813014658,0.42837921719725,3.42509845806323,3.43021527189703,3.43030382584939,0.433911180820188,0.0421042241796407,0.0444841874298605,0.0112027549073226,10.3555848129336,924.378413935023,0.000866029568772575,0,0
9.9,6.1863066,3.4308450011113,0.42831869987037,3.42482994773286,3.43003245416155,3.43011545564736,0.433953277824061,0.0423737527809364,0.0444841874298605,0.0112027549073226,10.3555848129336,924.378413935023,0.000812546949747084,0,0
10,6.1874888,3.4305301014958,0.42825819217671,3.42446763582608,3.42975038706761,3.42982995606591,0.433990208688798,0.0426394259919792,0.0444841874298605,0.0112027549073226,10.3555848129336,924.378413935023,0.000779714428193135,0,0
10.1,6.1874888,3.4302542013238,0.42819767292006,3.42416023621228,3.42951989231803,3.42959475520671,0.434020504466041,0.0429015034376815,0.0444841874298605,0.0112027549073226,10.3555848129336,924.378413935023,0.000734309005772982,0,0
10.2,6.1874888,3.4302542,0.42813715366341,3.4238552747951,3.42928721006228,3.42938570123987,0.434078352412968,0.0431618766143603,0.0444841874298605,0.0112027549073226,10.3555848129336,924.378413935023,0.000966989937717155,0,0
10.3,6.1867007,3.4299393015408,0.42807663440676,3.42358778613121,3.42911571630873,3.42919952317075,0.434117624875456,0.0434179528318708,0.0444841874298605,0.0112027549073226,10.3555848129336,924.378413935023,0.00082358523206949,0,0
10.4,6.1880796,3.4297819007775,0.42801612285844,3.42322638347743,3.42883569362155,3.42893189043552,0.434170612781794,0.0436712539959752,0.0444841874298605,0.0112027549073226,10.3555848129336,924.378413935023,0.000946207155949175,0,0
10.5,6.1868975,3.4295063013747,0.42795559782323,3.42298111217061,3.42868425873507,3.42876775745044,0.434207714235455,0.0439208859112088,0.0444841874298605,0.0112027549073226,10.3555848129336,924.378413935023,0.000822042639631704,0,0
10.6,6.1865034,3.4293094009914,0.42789508435003,3.42270327127869,3.42848760873252,3.42857100868989,0.434243837992601,0.044167212708819,0.0444841874298605,0.0112027549073226,10.3555848129336,924.378413935023,0.000821792258884901,0,0
10.7,6.1865034,3.4291124010013,0.42783457473149,3.42241026767682,3.42827574183956,3.42836057737966,0.434280756105702,0.0444103955425461,0.0444841874298605,0.0112027549073226,10.3555848129336,924.378413935023,0.000836659161739917,0,0
10.8,6.1874888,3.4288368014138,0.42777406511294,3.42207572928761,3.42802381283445,3.42810617848303,0.434314005220543,0.0446504563303852,0.0444841874298605,0.0112027549073226,10.3555848129336,924.378413935023,0.00081298857935419,0,0
10.9,6.1882769,3.4285219016305,0.42771354585629,3.42175213081819,3.42778038304943,3.42785544552626,0.434338185976765,0.0448875830076829,0.0444841874298605,0.0112027549073226,10.3555848129336,924.378413935023,0.000741518581074629,0,0
11,6.1855186,3.4284430004123,0.42765301889131,3.42158845634329,3.42768959595246,3.42776579942915,0.434362903025825,0.0451218573142789,0.0444841874298605,0.0112027549073226,10.3555848129336,924.378413935023,0.000753404459842955,0,0
11.1,6.1882769,3.428128001661,0.427592518905,3.42118193737608,3.42735712069095,3.42743502941039,0.434388807599929,0.0453529075747502,0.0444841874298605,0.0112027549073226,10.3555848129336,924.378413935023,0.000770880970048182,0,0
11.2,6.1878828,3.4280100006278,0.42753199194001,3.42091754120878,3.42716848215936,3.42725346294854,0.434421727614282,0.0455812099062612,0.0444841874298605,0.0112027549073226,10.3555848129336,924.378413935023,0.000841518468436941,0,0
11.3,6.1859126,3.427694801692,0.42747146882969,3.42072549575676,3.42705926709337,3.42712339701872,0.434431129270104,0.0458072591642125,0.0444841874298605,0.0112027549073226,10.3555848129336,924.378413935023,0.00063553459862975,0,0
11.4,6.1876855,3.4274588012779,0.4274109649897,3.42036934260319,3.42676509397628,3.42683504082139,0.434446255681163,0.0460301685852971,0.0444841874298605,0.0112027549073226,10.3555848129336,924.378413935023,0.000693707301622659,0,0
11.5,6.1882769,3.4273798004316,0.42735044380915,3.42006769020554,3.42653123178509,3.42661672958202,0.434477413588348,0.0462498132924201,0.0444841874298605,0.0112027549073226,10.3555848129336,924.378413935023,0.000848568646508063,0,0
11.6,6.1872915,3.4271829010849,0.42728991684416,3.41983824179811,3.42638510522914,3.42646542850223,0.434502309663701,0.0464670353871216,0.0444841874298605,0.0112027549073226,10.3555848129336,924.378413935023,0.000797795855763006,0,0
11.7,6.1865034,3.4267893021876,0.42722939951728,3.4196022415655,3.42622722959466,3.42628377914632,0.434501442397471,0.0466829733448531,0.0444841874298605,0.0112027549073226,10.3555848129336,924.378413935023,0.000562072592939611,0,0
11.8,6.1867007,3.4266710006631,0.42716888989874,3.41932458726678,3.42600391240186,3.42607097996235,0.434511106042754,0.0468955688019434,0.0444841874298605,0.0112027549073226,10.3555848129336,924.378413935023,0.000667088261237847,0,0
11.9,6.1868975,3.4263561017801,0.42710837835042,3.419049000333,3.42579315558081,3.42584971354156,0.434509297350328,0.0471064761718076,0.0444841874298605,0.0112027549073226,10.3555848129336,924.378413935023,0.000562946199292647,0,0
12,6.1868975,3.4262774004486,0.42704786487722,3.41878419339793,3.42558264760432,3.4256524001207,0.434520606309405,0.0473138222191394,0.0444841874298605,0.0112027549073226,10.3555848129336,924.378413935023,0.000694752844280888,0,0
12.1,6.1872915,3.4260805011318,0.42698735140402,3.41850388861692,3.42536980004015,3.42544110572497,0.434532935714262,0.0475185277494589,0.0444841874298605,0.0112027549073226,10.3555848129336,924.378413935023,0.000710701091652943,0,0
12.2,6.1874888,3.4258442013694,0.42692683407714,3.41823429746438,3.425169177098,3.42523685844563,0.434541018082675,0.0477211684884458,0.0444841874298605,0.0112027549073226,10.3555848129336,924.378413935023,0.000675024271402425,0,0
12.3,6.1861094,3.4256473011505,0.42686631482049,3.41803681209924,3.42503699249147,3.42509814528054,0.434542000482619,0.0479221146676529,0.0444841874298605,0.0112027549073226,10.3555848129336,924.378413935023,0.000610308659032555,0,0
12.4,6.1867007,3.4254899009271,0.42680580905562,3.41775379381877,3.42481270593657,3.42488051725408,0.43454916792716,0.0481197977186382,0.0444841874298605,0.0112027549073226,10.3555848129336,924.378413935023,0.000677194990531316,0,0
12.5,6.1876855,3.4251750018699,0.42674529750731,3.41745515344319,3.42457940435586,3.42463900727076,0.434547683611099,0.0483161828784835,0.0444841874298605,0.0112027549073226,10.3555848129336,924.378413935023,0.000595597514037038,0,0
12.6,6.1884731,3.424978001179,0.42668477632675,3.41716710386356,3.42434843937621,3.42441140210389,0.434549044477171,0.0485099595776425,0.0444841874298605,0.0112027549073226,10.3555848129336,924.378413935023,0.000629561802787837,0,0
12.7,6.1890645,3.4248993004748,0.42662424744275,3.41688960597906,3.42413133260282,3.42420809049083,0.434563388701013,0.0486996885725734,0.0444841874298605,0.0112027549073226,10.3555848129336,924.378413935023,0.0007679678719823,0,0
12.8,6.1870947,3.4246631014361,0.42656371277433,3.41672787012474,3.42404370841282,3.4241055791422,0.434562755147103,0.0488892628227872,0.0444841874298605,0.0112027549073226,10.3555848129336,924.378413935023,0.000619393023275627,0,0
12.9,6.1868975,3.424426801448,0.42650319737233,3.41648939106436,3.42386439539144,3.42392054050193,0.434556194928577,0.0490772539145719,0.0444841874298605,0.0112027549073226,10.3555848129336,924.378413935023,0.000562406056564324,0,0
13,6.1882769,3.4241905014591,0.42644268389913,3.41618266137136,3.42361105254547,3.42366886535833,0.434550830916951,0.0492628089424098,0.0444841874298605,0.0112027549073226,10.3555848129336,924.378413935023,0.000579448913627711,0,0
13.1,6.1894585,3.4240329009807,0.42638215693415,3.41588641228994,3.42336979911021,3.42343592021097,0.434552918783584,0.0494450438032678,0.0444841874298605,0.0112027549073226,10.3555848129336,924.378413935023,0.000663101870489236,0,0
13.2,6.1863066,3.4238360012346,0.42632161841204,3.4157846238097,3.42333124002933,3.42338154379029,0.434539671559851,0.0496278777963159,0.0444841874298605,0.0112027549073226,10.3555848129336,924.378413935023,0.000504761205265769,0,0
13.3,6.1872915,3.4237180007455,0.42626111071838,3.41550098934098,3.42309496516729,3.42315702144277,0.434537084520567,0.049806292602402,0.0444841874298605,0.0112027549073226,10.3555848129336,924.378413935023,0.000623035578212416,0,0
13.4,6.1884731,3.423481701504,0.4262005933915,3.41521027911625,3.42286329279259,3.42292485447093,0.434533616212086,0.0499828201842578,0.0444841874298605,0.0112027549073226,10.3555848129336,924.378413935023,0.000618408711413387,0,0
13.5,6.1882769,3.4232061017674,0.4261400645075,3.41498249443285,3.42269397512664,3.42274492906495,0.434519971702564,0.0501593688018343,0.0444841874298605,0.0112027549073226,10.3555848129336,924.378413935023,0.000512126640759281,0,0
13.6,6.1865034,3.423009201272,0.42607953754252,3.41482665436222,3.42258593411347,3.42262802460149,0.434497901199729,0.0503355863526061,0.0444841874298605,0.0112027549073226,10.3555848129336,924.378413935023,0.000423267158526919,0,0
13.7,6.1872915,3.4228122012821,0.42601902792397,3.4145588097128,3.42235697875651,3.42240222322811,0.434478441086354,0.0505090658988878,0.0444841874298605,0.0112027549073226,10.3555848129336,924.378413935023,0.000455222525590049,0,0
13.8,6.1868975,3.4226155012894,0.4259585105971,3.41434517937316,3.42218533762014,3.42222806942211,0.434456424792855,0.0506812149468907,0.0444841874298605,0.0112027549073226,10.3555848129336,924.378413935023,0.000430163669257411,0,0
13.9,6.1865034,3.4224186013001,0.4258979971239,3.41413330482999,3.42201288847752,3.42205317086089,0.434431955615515,0.0508519371479205,0.0444841874298605,0.0112027549073226,10.3555848129336,924.378413935023,0.000405712822580284,0,0
14,6.1859126,3.4223399005234,0.42583748750535,3.4139319148883,3.42184842647034,3.4218971994331,0.434414789287104,0.0510189609023451,0.0444841874298605,0.0112027549073226,10.3555848129336,924.378413935023,0.000491474053057495,0,0
14.1,6.1870947,3.4221430013188,0.42577698366537,3.41365339973953,3.42161526288193,3.42166760876063,0.434400488155534,0.051183279715387,0.0444841874298605,0.0112027549073226,10.3555848129336,924.378413935023,0.000527738436873815,0,0
14.2,6.1870947,3.4219460013288,0.42571646826337,3.41342898722317,3.42143969857362,3.4214898937892,0.434383978565562,0.0513463483742535,0.0444841874298605,0.0112027549073226,10.3555848129336,924.378413935023,0.000506302755184596,0,0
14.3,6.1865034,3.4217491013375,0.42565595286138,3.4132325189179,3.42128985421641,3.42133536242259,0.434363092837921,0.0515086546828947,0.0444841874298605,0.0112027549073226,10.3555848129336,924.378413935023,0.000459247121085138,0,0
14.4,6.1872915,3.4215522013468,0.42559544324283,3.41297638285824,3.42107558993975,3.42112279644635,0.434343418518958,0.0516687088017535,0.0444841874298605,0.0112027549073226,10.3555848129336,924.378413935023,0.000476611407051131,0,0
14.5,6.1884731,3.421316101626,0.42553492591595,3.41270425930135,3.42084696589444,3.4208934102512,0.434322811924047,0.0518272515527663,0.0444841874298605,0.0112027549073226,10.3555848129336,924.378413935023,0.000469135731555159,0,0
14.6,6.1870947,3.4211979008197,0.42547439703195,3.41254747187152,3.42073284537466,3.42077886456562,0.434301569064044,0.0519842688580214,0.0444841874298605,0.0112027549073226,10.3555848129336,924.378413935023,0.000465055445043383,0,0
14.7,6.1878828,3.4210403011004,0.42541388162996,3.41229604978329,3.42052359401597,3.42057470111211,0.434284398951517,0.0521381420350725,0.0444841874298605,0.0112027549073226,10.3555848129336,924.378413935023,0.00051670708443341,0,0
14.8,6.1876855,3.4208436013828,0.42535335851963,3.4120899340926,3.42036465233967,3.42041200357633,0.434263775816616,0.0522913206994835,0.0444841874298605,0.0112027549073226,10.3555848129336,924.378413935023,0.000478949043131394,0,0
14.9,6.1878828,3.4206073016723,0.42529283733908,3.41186783705067,3.42018589636673,3.42022754012054,0.434238119704701,0.0524442468698578,0.0444841874298605,0.0112027549073226,10.3555848129336,924.378413935023,0.000421405305567113,0,0
15,6.1874888,3.4204497011229,0.42523231422875,3.4116735546195,3.42002918310103,3.42007072103728,0.434212151000478,0.0525955548546968,0.0444841874298605,0.0112027549073226,10.3555848129336,924.378413935023,0.000420518021874372,0,0
15.1,6.1867007,3.4202924011282,0.4251717949721,3.41149836876904,3.41989139516525,3.41993098868306,0.434184359689589,0.0527456904220384,0.0444841874298605,0.0112027549073226,10.3555848129336,924.378413935023,0.00040100596295467,0,0
15.2,6.1874888,3.4201348011379,0.42511128342378,3.41125466314277,3.41968308134539,3.4197276631671,0.434160467155772,0.0528927619347838,0.0444841874298605,0.0112027549073226,10.3555848129336,924.378413935023,0.000451719792505578,0,0
15.3,6.1855186,3.4199772011453,0.42505076416713,3.41113505580643,3.41960377825753,3.41964061722778,0.434130017545917,0.0530404375626607,0.0444841874298605,0.0112027549073226,10.3555848129336,924.378413935023,0.000373422887768537,0,0
15.4,6.1876855,3.4197805014389,0.42499026418082,3.41083311789043,3.41933434517879,3.41937834123795,0.434105205724905,0.0531843092155006,0.0444841874298605,0.0112027549073226,10.3555848129336,924.378413935023,0.000446156260113018,0,0
15.5,6.1874888,3.4195046020312,0.42492974300026,3.41063753023289,3.41917834255142,3.419210502289,0.43407061021016,0.0533302071498055,0.0444841874298605,0.0112027549073226,10.3555848129336,924.378413935023,0.000326259479775715,0,0
15.6,6.1865034,3.4193866008744,0.42486922374361,3.41047849787727,3.41904701326561,3.4190804732744,0.434036899151057,0.053474164464106,0.0444841874298605,0.0112027549073226,10.3555848129336,924.378413935023,0.000339587608794822,0,0
15.7,6.1870947,3.4193866,0.42480871412507,3.41025087556527,3.41884834412266,3.41890135806483,0.43401860511254,0.0536107468059426,0.0444841874298605,0.0112027549073226,10.3555848129336,924.378413935023,0.000538255877336802,0,0
15.8,6.1865034,3.4190717023633,0.42474819872307,3.41007721028956,3.41872307969971,3.41875740277883,0.433985255776234,0.0537514200720204,0.0444841874298605,0.0112027549073226,10.3555848129336,924.378413935023,0.000348622663585818,0,0
15.9,6.1867007,3.4187961020813,0.42468768910453,3.40986993937687,3.41854546486482,3.41857013137155,0.433944151555235,0.0538934495631537,0.0444841874298605,0.0112027549073226,10.3555848129336,924.378413935023,0.000250637216484328,0,0
16,6.1872915,3.4187171006004,0.42462717755621,3.40964653266441,3.41834203090111,3.41837892931146,0.433912494489322,0.0540302861256038,0.0444841874298605,0.0112027549073226,10.3555848129336,924.378413935023,0.000375069699289465,0,0
16.1,6.1867007,3.4185598012029,0.42456666022933,3.40947699824698,3.41820463764471,3.41823956452054,0.433879127314167,0.0541663308289536,0.0444841874298605,0.0112027549073226,10.3555848129336,924.378413935023,0.00035516355819043,0,0
16.2,6.1876855,3.4183235018183,0.42450614868102,3.40923880915056,3.41799655971004,3.41802869926867,0.433843451401386,0.0543017385347553,0.0444841874298605,0.0112027549073226,10.3555848129336,924.378413935023,0.000326942108261896,0,0
16.3,6.1874888,3.4182053009151,0.42444562750046,3.40905441568996,3.41783943924507,3.41787539146186,0.433810548693901,0.0544346070834431,0.0444841874298605,0.0112027549073226,10.3555848129336,924.378413935023,0.000365861670030387,0,0
16.4,6.1872915,3.4180086015323,0.42438510824381,3.40887141196526,3.41768745789892,3.4177190042954,0.433774121720241,0.0545674551658759,0.0444841874298605,0.0112027549073226,10.3555848129336,924.378413935023,0.000321143633378096,0,0
16.5,6.1865034,3.4178903009271,0.42432459091693,3.40871603953102,3.41755865163367,3.41759121828677,0.433738331365545,0.0546985481183698,0.0444841874298605,0.0112027549073226,10.3555848129336,924.378413935023,0.000331649293429326,0,0
16.6,6.1874888,3.4176540018632,0.42426408129839,3.40848318019735,3.41735332442685,3.41738283926447,0.433700102150477,0.0548291777682919,0.0444841874298605,0.0112027549073226,10.3555848129336,924.378413935023,0.00030067743635076,0,0
16.7,6.1870947,3.4176147003117,0.42420356204174,3.40831287283893,3.41720745207292,3.4172474139744,0.433669576500408,0.0549550537608196,0.0444841874298605,0.0112027549073226,10.3555848129336,924.378413935023,0.000407248238779356,0,0
16.8,6.1876855,3.4174178015713,0.42414304663974,3.40810008804996,3.41702946984225,3.41706756230103,0.433637488445023,0.0550801575886694,0.0444841874298605,0.0112027549073226,10.3555848129336,924.378413935023,0.000388331729047842,0,0
16.9,6.1882769,3.4172211015789,0.42408252545918,3.40788848423852,3.41685072501287,3.41688704374067,0.433603917181284,0.0552045858000025,0.0444841874298605,0.0112027549073226,10.3555848129336,924.378413935023,0.000370376566030561,0,0
17,6.1880796,3.4168272031807,0.4240219984942,3.40771316104879,3.41670641810305,3.4167182581431,0.433552126445116,0.0553362025100104,0.0444841874298605,0.0112027549073226,10.3555848129336,924.378413935023,0.000120785077650343,0,0
17.1,6.1876855,3.4167485006392,0.42396147345899,3.40754786850287,3.41654767480316,3.416567354299,0.433506040612346,0.0554637530008717,0.0444841874298605,0.0112027549073226,10.3555848129336,924.378413935023,0.000200825836040863,0,0
17.2,6.1867007,3.4167092003211,0.42390095227843,3.40741013956975,3.41642431939636,3.41645222644794,0.433465881215517,0.0555870618847647,0.0444841874298605,0.0112027549073226,10.3555848129336,924.378413935023,0.000284880924741771,0,0
17.3,6.1880796,3.4165123016179,0.42384044073012,3.40716860655296,3.41620534385715,3.41623540372571,0.433427180669942,0.0557082125708582,0.0444841874298605,0.0112027549073226,10.3555848129336,924.378413935023,0.000306957760748627,0,0
17.4,6.1876855,3.4163940009777,0.4237799156949,3.40700699937829,3.41606839545811,3.41610027115861,0.433389656749728,0.0558275873971993,0.0444841874298605,0.0112027549073226,10.3555848129336,924.378413935023,0.000325605519591488,0,0
17.5,6.1863066,3.4162760009808,0.42371939451435,3.40689045161772,3.4159782639772,3.41600740212419,0.433350046118018,0.0559466555140323,0.0444841874298605,0.0112027549073226,10.3555848129336,924.378413935023,0.000297737003595699,0,0
17.6,6.1868975,3.4160397019755,0.42365888682069,3.40668763286678,3.41579907467015,3.41582261631215,0.433306340703961,0.0560663828121474,0.0444841874298605,0.0112027549073226,10.3555848129336,924.378413935023,0.000240627305351016,0,0
17.7,6.1870947,3.4158821013249,0.42359837334749,3.40650343944468,3.4156328841363,3.41565725854706,0.433263129656424,0.0561846340600654,0.0444841874298605,0.0112027549073226,10.3555848129336,924.378413935023,0.000249217188600159,0,0
17.8,6.1867007,3.4158428003323,0.42353785794549,3.40634669204555,3.4154949388933,3.41552895058615,0.433226627774989,0.0562980865229583,0.0444841874298605,0.0112027549073226,10.3555848129336,924.378413935023,0.000347861438996233,0,0
17.9,6.1870947,3.4155672023431,0.42347734639717,3.40615609581761,3.41533271352469,3.41535563335691,0.433182211816998,0.0564144738230462,0.0444841874298605,0.0112027549073226,10.3555848129336,924.378413935023,0.000234488818409595,0,0
18,6.1867007,3.4154885006729,0.42341683099518,3.40600165462197,3.41519552249766,3.4152241506545,0.433141693642104,0.0565275380140972,0.0444841874298605,0.0112027549073226,10.3555848129336,924.378413935023,0.000292978175238989,0,0
18.1,6.1896553,3.4153309013549,0.42335631944686,3.40569943622423,3.41491621244586,3.41495672138046,0.4331093283746,0.0566348217945024,0.0444841874298605,0.0112027549073226,10.3555848129336,924.378413935023,0.000414688909038397,0,0
18.2,6.1876855,3.4150159027232,0.42329577899987,3.40561705740871,3.41486852838774,3.41488292041525,0.433058735079107,0.0567513643915128,0.0444841874298605,0.0112027549073226,10.3555848129336,924.378413935023,0.000147374335456973,0,0
18.3,6.1876855,3.4150159,0.42323525781932,3.40544840042309,3.41470845162291,3.41473846711435,0.433018850652476,0.0568604346344454,0.0444841874298605,0.0112027549073226,10.3555848129336,924.378413935023,0.00030744837708907,0,0
18.4,6.1870947,3.4148583013774,0.42317473663876,3.40530712953821,3.41459132776129,3.41461738426376,0.432976150949551,0.0569699181416586,0.0444841874298605,0.0112027549073226,10.3555848129336,924.378413935023,0.000266973616105837,0,0
18.5,6.1878828,3.4147403010369,0.42311422123677,3.40510568236439,3.41441002654954,3.41444225197754,0.432937562097514,0.057075758737439,0.0444841874298605,0.0112027549073226,10.3555848129336,924.378413935023,0.000330274487355009,0,0
18.6,6.1876855,3.4145041020868,0.42305369812644,3.4049490613217,3.41427965444025,3.41430154797873,0.432891858837473,0.0571846942903809,0.0444841874298605,0.0112027549073226,10.3555848129336,924.378413935023,0.000224447646552051,0,0
18.7,6.1872915,3.4143071017497,0.42299317694588,3.40480228677684,3.41414877032139,3.41416421029638,0.432841735489065,0.057295092330701,0.0444841874298605,0.0112027549073226,10.3555848129336,924.378413935023,0.000158331428309122,0,0
18.8,6.1868975,3.4141891010537,0.422932659619,3.40465662105298,3.41401253941757,3.41402975238195,0.43279275089452,0.0574036208368433,0.0444841874298605,0.0112027549073226,10.3555848129336,924.378413935023,0.000176561636132444,0,0
18.9,6.1874888,3.4141498003528,0.4228721461458,3.40446822325718,3.4138353400453,3.4138659883393,0.432752667735154,0.0575055220178059,0.0444841874298605,0.0112027549073226,10.3555848129336,924.378413935023,0.000314460307503595,0,0
19,6.1886704,3.4138346028447,0.42281162688915,3.40425453949543,3.41364622748222,3.41366458216901,0.432704322095659,0.057611476336487,0.0444841874298605,0.0112027549073226,10.3555848129336,924.378413935023,0.000188375362481175,0,0
19.1,6.1865034,3.4137166010705,0.42275109607538,3.40419071045933,3.41359466183479,3.4136065400173,0.432651629876502,0.0577191703632609,0.0444841874298605,0.0112027549073226,10.3555848129336,924.378413935023,0.000121939235707469,0,0
19.2,6.1894585,3.4135983010789,0.42269058645684,3.4039003048097,3.41331005428504,3.41333812515562,0.432609552202095,0.0578188012275436,0.0444841874298605,0.0112027549073226,10.3555848129336,924.378413935023,0.000288246793862523,0,0
19.3,6.1870947,3.4133227025264,0.42263004793473,3.40384717397648,3.41327886004738,3.41328312852073,0.432551802537206,0.0579277175647463,0.0444841874298605,0.0112027549073226,10.3555848129336,924.378413935023,4.38424790192293e-05,0,0
19.4,6.1872915,3.4132833003631,0.42256953253274,3.4036814169259,3.41311127890228,3.4131280224453,0.432502172695481,0.058030040549572,0.0444841874298605,0.0112027549073226,10.3555848129336,924.378413935023,0.000172021460822958,0,0
19.5,6.1874888,3.4131260014569,0.42250901520586,3.40351660762938,3.41295711102879,3.41297354559306,0.432452287553054,0.0581314855817357,0.0444841874298605,0.0112027549073226,10.3555848129336,924.378413935023,0.000168890428109858,0,0
19.6,6.1882769,3.4130077011014,0.42244849594921,3.40332647767471,3.41277730486722,3.41279971880226,0.43240619789856,0.0582293664225111,0.0444841874298605,0.0112027549073226,10.3555848129336,924.378413935023,0.000230396234180752,0,0
19.7,6.1867007,3.4128108018424,0.42238796898422,3.40324240430418,3.41270950100496,3.41271935350567,0.432351982913534,0.0583317514301997,0.0444841874298605,0.0112027549073226,10.3555848129336,924.378413935023,0.000101300837444196,0,0
19.8,6.1874888,3.41261410185,0.42232745743591,3.40305430609729,3.41252512904993,3.41253378037276,0.432296986998515,0.0584334775158651,0.0444841874298605,0.0112027549073226,10.3555848129336,924.378413935023,8.89728000723622e-05,0,0
19.9,6.1865034,3.4124565014896,0.42226693817926,3.40294596375694,3.412419334541,3.41242294760026,0.432238760152522,0.0585364896604232,0.0444841874298605,0.0112027549073226,10.3555848129336,924.378413935023,3.71669486018966e-05,0,0
20,6.1874888,3.412338501121,0.42220642856071,3.4027510131033,3.41222193693269,3.41223326556083,0.43218540388861,0.058635002522018,0.0444841874298605,0.0112027549073226,10.3555848129336,924.378413935023,0.000116564188312296,0,0
20.1,6.1872915,3.4122202011294,0.42214590930406,3.40260949562874,3.4120856984264,3.41209876730289,0.432133097527933,0.0587318744614169,0.0444841874298605,0.0112027549073226,10.3555848129336,924.378413935023,0.000134502702996642,0,0
20.2,6.1872915,3.4121416007542,0.42208539197718,3.40246015276746,3.41194337734545,3.41196263300038,0.432084623693074,0.0588250057009912,0.0444841874298605,0.0112027549073226,10.3555848129336,924.378413935023,0.00019822340875475,0,0
20.3,6.1867007,3.4119840015196,0.4220248746503,3.40233801042814,3.41183441930601,3.41184894645721,0.432033149542355,0.0589193087398682,0.0444841874298605,0.0112027549073226,10.3555848129336,924.378413935023,0.000149582213592403,0,0
20.4,6.1867007,3.4118659011444,0.42196436310199,3.40219056599267,3.41169542650322,3.41171197880709,0.431982893465272,0.0590116922292271,0.0444841874298605,0.0112027549073226,10.3555848129336,924.378413935023,0.000170474641179474,0,0
20.5,6.1884731,3.4117084015336,0.42190385155367,3.40196517885254,3.41148050289845,3.41150262567119,0.431936024716704,0.0591006224641461,0.0444841874298605,0.0112027549073226,10.3555848129336,924.378413935023,0.000227898635145163,0,0
20.6,6.1876855,3.4115114019276,0.42184332266967,3.40185435744595,3.41138567771921,3.41139787932249,0.431882985416246,0.0591933512901777,0.0444841874298605,0.0112027549073226,10.3555848129336,924.378413935023,0.000125724208385414,0,0
20.7,6.1868975,3.4113934011602,0.42178280148911,3.40174453112752,3.41128193192924,3.41129274761664,0.431829072412746,0.0592857081703873,0.0444841874298605,0.0112027549073226,10.3555848129336,924.378413935023,0.000111469230955397,0,0
20.8,6.1882769,3.4111571023346,0.42172228801591,3.401539257796,3.4110813644327,3.41108871150787,0.431773027201887,0.0593786628599087,0.0444841874298605,0.0112027549073226,10.3555848129336,924.378413935023,7.57379019047377e-05,0,0
20.9,6.1872915,3.4110389011734,0.42166176105093,3.40143988729941,3.41098325736331,3.41098865397428,0.431715767256183,0.0594717575411822,0.0444841874298605,0.0112027549073226,10.3555848129336,924.378413935023,5.56438100853818e-05,0,0
21,6.1872915,3.410999500393,0.42160124372405,3.40129765692134,3.4108403744039,3.41085580381458,0.431664548067837,0.0595591691258863,0.0444841874298605,0.0112027549073226,10.3555848129336,924.378413935023,0.000159125989096509,0,0
21.1,6.1870947,3.4107239027621,0.42154072639717,3.40116503194337,3.4107171187707,3.41071777642612,0.431604425262532,0.0596526136754388,0.0444841874298605,0.0112027549073226,10.3555848129336,924.378413935023,6.78399139841801e-06,0,0
21.2,6.1868975,3.4106059011883,0.42148021099518,3.40103329038885,3.41058003008717,3.41058253754608,0.431545407272728,0.0597442676359263,0.0444841874298605,0.0112027549073226,10.3555848129336,924.378413935023,2.5871101128061e-05,0,0
21.3,6.1863066,3.4105666003976,0.42141969752198,3.4009199196328,3.41046320838169,3.41047322711015,0.431490849937538,0.0598314638006617,0.0444841874298605,0.0112027549073226,10.3555848129336,924.378413935023,0.000103392015913251,0,0
21.4,6.1876855,3.410330302402,0.42135918982832,3.40071981887714,3.41026717970518,3.41027329501861,0.431433961545767,0.0599195886957796,0.0444841874298605,0.0112027549073226,10.3555848129336,924.378413935023,6.31226968188514e-05,0,0
21.5,6.1884731,3.4102120012081,0.42129866864776,3.40054667886196,3.41009423758976,3.41010564409907,0.431380161181786,0.0600044754309592,0.0444841874298605,0.0112027549073226,10.3555848129336,924.378413935023,0.000117763618341371,0,0
21.6,6.1878828,3.4101727004032,0.42123813976376,3.40043555320811,3.40998860557913,3.41000643316331,0.431330089948793,0.0600855252043314,0.0444841874298605,0.0112027549073226,10.3555848129336,924.378413935023,0.000184094824068115,0,0
21.7,6.1884731,3.4098971028406,0.42117761665343,3.4002727824419,3.40983772418598,3.40984347317415,0.431272924326845,0.0601715122853843,0.0444841874298605,0.0112027549073226,10.3555848129336,924.378413935023,5.93786546234654e-05,0,0
21.8,6.1870947,3.4098971,0.42111708776944,3.40019831492749,3.40976309789149,3.40977606919651,0.431219937628852,0.0602532266640252,0.0444841874298605,0.0112027549073226,10.3555848129336,924.378413935023,0.000134002108513886,0,0
21.9,6.1894585,3.4097791012274,0.42105657236744,3.39995832791384,3.40953017083422,3.40955426221907,0.431173369031769,0.0603285690683359,0.0444841874298605,0.0112027549073226,10.3555848129336,924.378413935023,0.000248930393178526,0,0
22,6.1878828,3.4095428024693,0.42099603384534,3.39989409121928,3.4094840583671,3.40948974245418,0.431116106796594,0.0604123829656679,0.0444841874298605,0.0112027549073226,10.3555848129336,924.378413935023,5.87441021959734e-05,0,0
22.1,6.1876855,3.4093459020669,0.42093551073501,3.39976949564487,3.40935921037485,3.40935792291793,0.431054844811331,0.0604986312933367,0.0444841874298605,0.0112027549073226,10.3555848129336,924.378413935023,-1.33083079485452e-05,0,0
22.2,6.1870947,3.4093065004155,0.42087498955445,3.39966319328682,3.40924574717902,3.40925162333724,0.430997681450938,0.060580500246011,0.0444841874298605,0.0112027549073226,10.3555848129336,924.378413935023,6.07532364833574e-05,0,0
22.3,6.1872915,3.409188301252,0.42081447415246,3.39952268208709,3.4091052673572,3.40911329696718,0.43094173475007,0.060660439589002,0.0444841874298605,0.0112027549073226,10.3555848129336,924.378413935023,8.30338948025755e-05,0,0
22.4,6.1867007,3.4089520025142,0.42075395682558,3.39941793401314,3.40900272206703,3.40899781829577,0.430878439172702,0.0607460474993085,0.0444841874298605,0.0112027549073226,10.3555848129336,924.378413935023,-5.07195528345328e-05,0,0
22.5,6.1896553,3.4088733008411,0.42069344527726,3.39915628370136,3.40873042059435,3.4087442321782,0.430825719393154,0.0608214308277006,0.0444841874298605,0.0112027549073226,10.3555848129336,924.378413935023,0.000142880246747801,0,0
22.6,6.1876855,3.4087553012667,0.42063290483027,3.39911408310642,3.40869627312458,3.40870197801963,0.430768383739387,0.0609004452044303,0.0444841874298605,0.0112027549073226,10.3555848129336,924.378413935023,5.9028142119999e-05,0,0
22.7,6.1876855,3.4086764008507,0.42057238364972,3.39898521822268,3.40856738251457,3.40857791682433,0.430713755424705,0.0609760434534488,0.0444841874298605,0.0112027549073226,10.3555848129336,924.378413935023,0.000109018336128308,0,0
22.8,6.1882769,3.4085584012779,0.42051186246916,3.39883076782525,3.40841773988131,3.40843132927808,0.430660804264259,0.0610493479750776,0.0444841874298605,0.0112027549073226,10.3555848129336,924.378413935023,0.000140661396586417,0,0
22.9,6.1874888,3.4083221025702,0.42045133550418,3.39873833005461,3.40833315393722,3.4083320864549,0.430599685135104,0.0611294275809376,0.0444841874298605,0.0112027549073226,10.3555848129336,924.378413935023,-1.1051367024173e-05,0,0
23,6.1865034,3.4081645017218,0.42039081624753,3.39865546992742,3.40824354910655,3.40823591510326,0.430534948656264,0.0612120033509531,0.0444841874298605,0.0112027549073226,10.3555848129336,924.378413935023,-7.90473847525064e-05,0,0
23.1,6.1872915,3.4080858008635,0.42033030662898,3.39849453332926,3.40806939325267,3.40807097752935,0.430475310615071,0.0612889756632401,0.0444841874298605,0.0112027549073226,10.3555848129336,924.378413935023,1.64076108322142e-05,0,0
23.2,6.1876855,3.4079282017368,0.4202697893021,3.39835173009881,3.40792263492713,3.40792317234684,0.4304150877285,0.0613658279628412,0.0444841874298605,0.0112027549073226,10.3555848129336,924.378413935023,5.56680967456202e-06,0,0
23.3,6.1865034,3.407967599564,0.42020926812155,3.39827968054164,3.40784563399767,3.40785740644284,0.430360989978487,0.0614361863635019,0.0444841874298605,0.0112027549073226,10.3555848129336,924.378413935023,0.000121965566329152,0,0
23.4,6.1880796,3.4077709021863,0.420148758503,3.39808574955083,3.40765798103642,3.40766887855516,0.430306402143528,0.0615061712398524,0.0444841874298605,0.0112027549073226,10.3555848129336,924.378413935023,0.000112921149878265,0,0
23.5,6.1865034,3.4075739021989,0.42008823346779,3.39803254114513,3.40761017429566,3.40760667445275,0.430243982995647,0.0615831168148423,0.0444841874298605,0.0112027549073226,10.3555848129336,924.378413935023,-3.62720967559405e-05,0,0
23.6,6.1865034,3.4074163017667,0.42002772384925,3.3979100692907,3.40747877704618,3.40747274994737,0.430180224706674,0.0616604788113614,0.0444841874298605,0.0112027549073226,10.3555848129336,924.378413935023,-6.24752794760042e-05,0,0
23.7,6.1880796,3.4072983013283,0.4199672142307,3.39771814255541,3.40727548002493,3.40727768125486,0.430120896797047,0.0617327993841564,0.0444841874298605,0.0112027549073226,10.3555848129336,924.378413935023,2.28213033692803e-05,0,0
23.8,6.1880796,3.4072196008897,0.41990668919549,3.39759680316781,3.4071510389495,3.40715765096047,0.430063907125055,0.0618022718784706,0.0444841874298605,0.0112027549073226,10.3555848129336,924.378413935023,6.85619401972204e-05,0,0
23.9,6.1874888,3.4070621017879,0.41984616416028,3.39750239511889,3.40705795755411,3.40705835714985,0.430003594896027,0.0618743415747278,0.0444841874298605,0.0112027549073226,10.3555848129336,924.378413935023,4.14423378858331e-06,0,0
24,6.1882769,3.4069045017966,0.41978564490363,3.3973473603893,3.40689808583001,3.40689870436668,0.429943403734107,0.0619455384009229,0.0444841874298605,0.0112027549073226,10.3555848129336,924.378413935023,6.41596659001209e-06,0,0
24.1,6.1865034,3.406865100451,0.41972511793864,3.39730682170368,3.40685297626818,3.40685414491479,0.429883494209255,0.062015842441772,0.0444841874298605,0.0112027549073226,10.3555848129336,924.378413935023,1.2124182824369e-05,0,0
24.2,6.1870947,3.4067864009047,0.4196646083201,3.39716192486378,3.4067041025662,3.40671203396485,0.429827158534921,0.0620816722788959,0.0444841874298605,0.0112027549073226,10.3555848129336,924.378413935023,8.22983384995979e-05,0,0
24.3,6.1886704,3.406628801819,0.41960409291811,3.39697379282186,3.40651876522656,3.40652936812074,0.429772201072428,0.0621454894425091,0.0444841874298605,0.0112027549073226,10.3555848129336,924.378413935023,0.000110036592442686,0,0
24.4,6.1863066,3.406550200911,0.41954356210433,3.39696134136282,3.40651177481882,3.40651547687232,0.429713603258693,0.0622125479667333,0.0444841874298605,0.0112027549073226,10.3555848129336,924.378413935023,3.84260921810764e-05,0,0
24.5,6.1868975,3.4063532022925,0.41948305441067,3.39681834159899,3.40636736558208,3.40636600128054,0.429652385976607,0.0622814295713647,0.0444841874298605,0.0112027549073226,10.3555848129336,924.378413935023,-1.41632895780397e-05,0,0
24.6,6.1876855,3.4061563023008,0.41942254093747,3.39666711103666,3.40620971537584,3.40620457110109,0.429589207274975,0.0623517578771978,0.0444841874298605,0.0112027549073226,10.3555848129336,924.378413935023,-5.34130750438067e-05,0,0
24.7,6.1874888,3.4061170004611,0.41936201975692,3.3965601929482,3.40609267296759,3.40609501560381,0.429529895122395,0.062417445249357,0.0444841874298605,0.0112027549073226,10.3555848129336,924.378413935023,2.43274935058935e-05,0,0
24.8,6.1876855,3.4059200023206,0.41930150050026,3.3964363932759,3.40596627153998,3.40596181670994,0.429467085573591,0.0624861732597665,0.0444841874298605,0.0112027549073226,10.3555848129336,924.378413935023,-4.62692193772263e-05,0,0
24.9,6.1882769,3.4058020013956,0.41924097931971,3.39629560249581,3.40581615234026,3.40581479009145,0.429405866720847,0.0625525822556216,0.0444841874298605,0.0112027549073226,10.3555848129336,924.378413935023,-1.41509446618393e-05,0,0
25,6.1876855,3.4057233009346,0.41918045235472,3.39620794303189,3.40572231101724,3.40572240629742,0.429345388367434,0.0626176212502696,0.0444841874298605,0.0112027549073226,10.3555848129336,924.378413935023,9.89917356530867e-07,0,0
25.1,6.1882769,3.4056444009406,0.41911993117417,3.3960683156914,3.40557800516259,3.40558439481438,0.429288114792975,0.0626785151236402,0.0444841874298605,0.0112027549073226,10.3555848129336,924.378413935023,6.63957780084878e-05,0,0
25.2,6.1878828,3.4054477023545,0.41905940420918,3.39597303175606,3.40548434924369,3.40548082303903,0.429225802370476,0.0627443382939316,0.0444841874298605,0.0112027549073226,10.3555848129336,924.378413935023,-3.66468891885852e-05,0,0
25.3,6.1865034,3.4053688009481,0.41899888109886,3.3959221920842,3.40542528615721,3.40541985191058,0.429162538039654,0.0628105466115492,0.0444841874298605,0.0112027549073226,10.3555848129336,924.378413935023,-5.64852091140544e-05,0,0
25.4,6.1868975,3.4051721023732,0.41893837148031,3.39579318245887,3.4052862190697,3.40527524194681,0.429096511935515,0.0628790509793395,0.0444841874298605,0.0112027549073226,10.3555848129336,924.378413935023,-0.000114116696499078,0,0
25.5,6.1872915,3.4051325004796,0.41887785800711,3.39566468688016,3.40514222604309,3.40514129066034,0.429035530145958,0.0629413761299465,0.0444841874298605,0.0112027549073226,10.3555848129336,924.378413935023,-9.72556349276843e-06,0,0
25.6,6.1878828,3.4049752019128,0.41881734068023,3.39552791925093,3.40500005114361,3.40499766155412,0.428973820874969,0.0630039569924639,0.0444841874298605,0.0112027549073226,10.3555848129336,924.378413935023,-2.48492308076997e-05,0,0
25.7,6.1870947,3.4048569014441,0.4187568175699,3.39545298995326,3.4049183161468,3.40491241115941,0.428910363219723,0.0630679695705382,0.0444841874298605,0.0112027549073226,10.3555848129336,924.378413935023,-6.14147027033773e-05,0,0
25.8,6.1878828,3.4047782009645,0.41869630216791,3.39530857736646,3.40476365663165,3.40476505485709,0.428850540118315,0.0631271964369711,0.0444841874298605,0.0112027549073226,10.3555848129336,924.378413935023,1.45443328469774e-05,0,0
25.9,6.1876855,3.4046996009669,0.41863577905758,3.39520844279988,3.40466061254134,3.40466436016836,0.428791865748887,0.0631846154938462,0.0444841874298605,0.0112027549073226,10.3555848129336,924.378413935023,3.89884255604933e-05,0,0
26,6.1870947,3.4045420019464,0.41857525787703,3.39512636637573,3.40457799713941,3.4045745377223,0.428729644246114,0.063245520033016,0.0444841874298605,0.0112027549073226,10.3555848129336,924.378413935023,-3.59951930106739e-05,0,0
26.1,6.1878828,3.4044633009756,0.41851474247503,3.39498354479501,3.40442748948105,3.40443093075393,0.428670814086619,0.0633018784436763,0.0444841874298605,0.0112027549073226,10.3555848129336,924.378413935023,3.58114945546717e-05,0,0
26.2,6.1867007,3.4042664024504,0.4184542193647,3.39492879397249,3.40437197518618,3.40436183170178,0.428605341585145,0.0633654789989819,0.0444841874298605,0.0112027549073226,10.3555848129336,924.378413935023,-0.000105572735778825,0,0
26.3,6.1868975,3.4042270004922,0.41839370781638,3.39481335694457,3.40424228562101,3.40424081722333,0.428544116139251,0.0634234234661131,0.0444841874298605,0.0112027549073226,10.3555848129336,924.378413935023,-1.52851288111044e-05,0,0
26.4,6.1892612,3.4040301024691,0.41833319434318,3.39460201357699,3.40402541231666,3.40402586282332,0.428483820902493,0.0634797402945199,0.0444841874298605,0.0112027549073226,10.3555848129336,924.378413935023,4.69015243709237e-06,0,0
26.5,6.1857158,3.4038332024784,0.41827265775085,3.39465376138515,3.40407358565554,3.40405049913682,0.428412140734758,0.0635492278971821,0.0444841874298605,0.0112027549073226,10.3555848129336,924.378413935023,-0.000240383177136039,0,0
26.6,6.1868975,3.4037545009944,0.41821215583575,3.39449614269855,3.40388902101474,3.40387610341309,0.428345425922181,0.0636118712983273,0.0444841874298605,0.0112027549073226,10.3555848129336,924.378413935023,-0.000134520020341977,0,0
26.7,6.1876855,3.4035969019987,0.41815164236255,3.39435639371185,3.40373260325241,3.40371957398909,0.428278668138928,0.0636741237033377,0.0444841874298605,0.0112027549073226,10.3555848129336,924.378413935023,-0.000135701253711318,0,0
26.8,6.1876855,3.4036364994959,0.41809112118199,3.3942520968197,3.40361163394934,3.40361402107618,0.428219286941585,0.0637269971991188,0.0444841874298605,0.0112027549073226,10.3555848129336,924.378413935023,2.48655465644454e-05,0,0
26.9,6.1876855,3.4034395025171,0.41803060000144,3.39414828626023,3.40350658915862,3.40350014960944,0.428155701379708,0.0637844593900588,0.0444841874298605,0.0112027549073226,10.3555848129336,924.378413935023,-6.70866415202198e-05,0,0
27,6.1868975,3.4033606010119,0.41797007882088,3.39408001089941,3.40342832345183,3.40342182373591,0.428092098061175,0.063841413774847,0.0444841874298605,0.0112027549073226,10.3555848129336,924.378413935023,-6.77224399301402e-05,0,0
27.1,6.1865034,3.403203202026,0.41790956534768,3.39399478192099,3.40333311427073,3.40332064748018,0.4280256935929,0.0639012112092937,0.0444841874298605,0.0112027549073226,10.3555848129336,924.378413935023,-0.000129912244734687,0,0
27.2,6.1880796,3.4031639005078,0.41784905572914,3.39382242322707,3.40314491133128,3.40314673335461,0.427966041940436,0.0639520900100278,0.0444841874298605,0.0112027549073226,10.3555848129336,924.378413935023,1.89891765165484e-05,0,0
27.3,6.1888672,3.4030063020436,0.41778853069393,3.39368542808302,3.40300638301814,3.40300637524959,0.427905513259834,0.0640037149739473,0.0444841874298605,0.0112027549073226,10.3555848129336,924.378413935023,-8.09745395180528e-08,0,0
27.4,6.1878828,3.4028883015358,0.41772799795527,3.39362763112808,3.4029452553897,3.4029397920446,0.427842425722317,0.064058120954425,0.0444841874298605,0.0112027549073226,10.3555848129336,924.378413935023,-5.69538539041403e-05,0,0
27.5,6.1876855,3.4027700015452,0.41766747484494,3.39353539538503,3.40284429605272,3.40283717020221,0.427778581875522,0.0641128811163936,0.0444841874298605,0.0112027549073226,10.3555848129336,924.378413935023,-7.42945075207224e-05,0,0
27.6,6.1870947,3.4026914010304,0.41760695366439,3.39346114187552,3.40275972794476,3.40275317529888,0.4277150175702,0.0641667668593926,0.0444841874298605,0.0112027549073226,10.3555848129336,924.378413935023,-6.83269143610943e-05,0,0
27.7,6.1876855,3.4024944025919,0.41754643826239,3.39333484476024,3.40262375710762,3.4026113533926,0.427648761454498,0.0642235290776527,0.0444841874298605,0.0112027549073226,10.3555848129336,924.378413935023,-0.000129354515723268,0,0
27.8,6.1868975,3.4024944,0.41748591708184,3.39327025895115,3.40254374676037,3.40253901552527,0.427586058019739,0.0642752937788514,0.0444841874298605,0.0112027549073226,10.3555848129336,924.378413935023,-4.93467603654985e-05,0,0
27.9,6.1867007,3.4022582031301,0.41742540360864,3.39317990733714,3.40244569898166,3.40242772461329,0.427517282136106,0.0643343253626835,0.0444841874298605,0.0112027549073226,10.3555848129336,924.378413935023,-0.000187495851558417,0,0
28,6.1861094,3.4022582,0.41736489206032,3.39310756414434,3.40235254727912,3.40234350375211,0.427452627550339,0.0643874920745629,0.0444841874298605,0.0112027549073226,10.3555848129336,924.378413935023,-9.4347279119944e-05,0,0
28.1,6.1868975,3.4021008021008,0.41730438629545,3.39297436036912,3.40220754466004,3.40219731425228,0.427387450812075,0.0644408027147551,0.0444841874298605,0.0112027549073226,10.3555848129336,924.378413935023,-0.000106742559236483,0,0
28.2,6.1890645,3.4020219010569,0.41724387282225,3.39278015301359,3.40200043655205,3.40200249350077,0.427327873341023,0.0644863726927752,0.0444841874298605,0.0112027549073226,10.3555848129336,924.378413935023,2.1464504849078e-05,0,0
28.3,6.1886704,3.4019825005296,0.41718333815382,3.39270004606735,3.4019197300846,3.40192574466636,0.427270066414097,0.064529369926083,0.0444841874298605,0.0112027549073226,10.3555848129336,924.378413935023,6.27704450044675e-05,0,0
28.4,6.1876855,3.4017463031863,0.41712280734005,3.39264668845385,3.40186972156645,3.40185789719457,0.427204190871427,0.0645825890654206,0.0444841874298605,0.0112027549073226,10.3555848129336,924.378413935023,-0.000123418380150397,0,0
28.5,6.1870947,3.4015889021307,0.4170622861595,3.39257633196349,3.40178496890077,3.40176618652105,0.42713520807254,0.0646393836178927,0.0444841874298605,0.0112027549073226,10.3555848129336,924.378413935023,-0.000196066770074665,0,0
28.6,6.1892612,3.4015100010719,0.4170017707575,3.39238380068229,3.40157121651341,3.4015653530211,0.427072059859172,0.0646878208392028,0.0444841874298605,0.0112027549073226,10.3555848129336,924.378413935023,-6.12154415113864e-05,0,0
28.7,6.1872915,3.4013526021457,0.41694123416517,3.39237542100217,3.40155459195394,3.40153524672177,0.427002865553119,0.0647441626271368,0.0444841874298605,0.0112027549073226,10.3555848129336,924.378413935023,-0.000201989808244374,0,0
28.8,6.1865034,3.4013131005404,0.41688071683829,3.39231511442421,3.4014726937411,3.40145741075036,0.426935530982861,0.0647973214167282,0.0444841874298605,0.0112027549073226,10.3555848129336,924.378413935023,-0.000159593200703689,0,0
28.9,6.1865034,3.4012737005408,0.41682020721975,3.39222024206801,3.40136040233083,3.40135210053856,0.426871330324466,0.0648456766761896,0.0444841874298605,0.0112027549073226,10.3555848129336,924.378413935023,-8.67017900278988e-05,0,0
29,6.1874888,3.4011164021668,0.4167596976012,3.39208193085356,3.40121172210202,3.40120259615965,0.426806776472325,0.0648940780522849,0.0444841874298605,0.0112027549073226,10.3555848129336,924.378413935023,-9.53199352182743e-05,0,0
29.1,6.1865034,3.4009588021783,0.41669917834455,3.39203156649282,3.4011502376655,3.40113191169574,0.42673816230061,0.0649477268793098,0.0444841874298605,0.0112027549073226,10.3555848129336,924.378413935023,-0.000191435487199243,0,0
29.2,6.1874888,3.4009588,0.41663866872601,3.39189403664174,3.40099251397691,3.40098928692923,0.426676231850226,0.0649915759668315,0.0444841874298605,0.0112027549073226,10.3555848129336,924.378413935023,-3.37139769124306e-05,0,0
29.3,6.1902466,3.4008012021933,0.41657814946936,3.39167793292496,3.40077135219423,3.40077420906728,0.426616966385073,0.0650313985901684,0.0444841874298605,0.0112027549073226,10.3555848129336,924.378413935023,2.98499990671885e-05,0,0
29.4,6.1874888,3.4006832016479,0.41651760323892,3.39170724722841,3.40080169318316,3.40079035390244,0.426551459693541,0.0650798186609335,0.0444841874298605,0.0112027549073226,10.3555848129336,924.378413935023,-0.000118491535258336,0,0
29.5,6.1865034,3.4006045011027,0.41645708398227,3.39165841964694,3.40073978040332,3.40072683601821,0.426485295940804,0.0651284747722194,0.0444841874298605,0.0112027549073226,10.3555848129336,924.378413935023,-0.000135279300623292,0,0
29.6,6.1878828,3.4004076027684,0.41639657436372,3.39150488503661,3.40057164854382,3.40055595332575,0.4264179641398,0.0651782632633108,0.0444841874298605,0.0112027549073226,10.3555848129336,924.378413935023,-0.000164045775422395,0,0
29.7,6.1882769,3.4004076,0.41633605125339,3.39139539014064,3.40044491412058,3.40044134445058,0.426355894346674,0.0652202763430465,0.0444841874298605,0.0112027549073226,10.3555848129336,924.378413935023,-3.73141205800565e-05,0,0
29.8,6.1863066,3.4002893016745,0.41627552428841,3.39139139560114,3.40043584156166,3.40042182428669,0.426289313151368,0.0652683768803095,0.0444841874298605,0.0112027549073226,10.3555848129336,924.378413935023,-0.000146539887162511,0,0
29.9,6.1868975,3.4002106011177,0.41621501659475,3.39127406204535,3.40030307996944,3.40029423485673,0.426224997204658,0.0653126233747451,0.0444841874298605,0.0112027549073226,10.3555848129336,924.378413935023,-9.24788517404629e-05,0,0
30,6.1876855,3.4000926,0.41615450312155,3.39114825103495,3.40016707917793,3.40015995640108,0.426161426673059,0.0653554523488571,0.0444841874298605,0.0112027549073226,10.3555848129336,924.378413935023,-7.44791779276888e-05,0,0
30.1,-0,3.6431446650526,0.41609398194099,3.6663119197121,3.67532233572015,3.67224536826623,0.424784425910428,0.0673026099899313,0.0444841874298605,0.0112027549073226,10.3555848129336,924.378413935023,-0.0321776706675538,0,0
30.2,-0,3.6468766663245,0.41609398194099,3.66694163841785,3.67289215641623,3.67040470583862,0.423723494416745,0.0682020779787147,0.0444841874298605,0.0112027549073226,10.3555848129336,924.378413935023,-0.026015490091726,0,0
30.3,-0,3.6484635427302,0.41609398194099,3.66756530543264,3.67106013801054,3.66889980891915,0.422804951932501,0.0688920994013756,0.0444841874298605,0.0112027549073226,10.3555848129336,924.378413935023,-0.0225965952803451,0,0
30.4,-0,3.6495282834922,0.41609398194099,3.66818297891411,3.66956187230017,3.66764677684176,0.421993204393187,0.069424998016538,0.0444841874298605,0.0112027549073226,10.3555848129336,924.378413935023,-0.0200335888079701,0,0
30.5,-0,3.6504173928789,0.41609398194099,3.66879471646103,3.66831396145819,3.66660332979328,0.421270362991591,0.0698271837664461,0.0444841874298605,0.0112027549073226,10.3555848129336,924.378413935023,-0.0178965685792898,0,0
30.6,-0,3.6511859842719,0.41609398194099,3.66940057511862,3.66727437947493,3.66573673889835,0.420622621063355,0.070119137086493,0.0444841874298605,0.0112027549073226,10.3555848129336,924.378413935023,-0.0160883952030324,0,0
30.7,-0,3.651900987091,0.41609398194099,3.67000061138387,3.66641059429508,3.66502398717768,0.420040295374315,0.0703152845745926,0.0444841874298605,0.0112027549073226,10.3555848129336,924.378413935023,-0.0145096072040798,0,0
30.8,-0,3.652489301086,0.41609398194099,3.67059488121085,3.66569972758111,3.6644374043725,0.419511785523018,0.0704330053129298,0.0444841874298605,0.0112027549073226,10.3555848129336,924.378413935023,-0.013210426495109,0,0
30.9,-0,3.6530074879099,0.41609398194099,3.6711834400159,3.66511427608984,3.66395752765024,0.419028953507532,0.0704845425895479,0.0444841874298605,0.0112027549073226,10.3555848129336,924.378413935023,-0.0121067881799362,0,0
31,-0,3.6536045067204,0.41609398194099,3.67176634268278,3.66463489464852,3.6635810968101,0.418590429220396,0.0704719411285469,0.0446597264557454,0.0283565383053647,12.5530833619114,442.687440431912,-0.0110303879281206,1,0
31.1,-0,3.6540974821857,0.41609398194099,3.67234364356784,3.66414025815108,3.66317935193149,0.418198759745344,0.0705262204695912,0.0446597264557454,0.0283565383053647,12.5530833619114,442.687440431912,-0.0100427759653821,0,0
31.2,-0,3.6545824878313,0.41609398194099,3.67291539650503,3.66373894395323,3.66286184979964,0.417847999866992,0.0705325495908981,0.0446597264557454,0.0283565383053647,12.5530833619114,442.687440431912,-0.00915645612192728,0,0
31.3,-0,3.6550652495595,0.41609398194099,3.67348165481097,3.66342149203995,3.66262038815541,0.41753319471949,0.0704947350934522,0.0446597264557454,0.0283565383053647,12.5530833619114,442.687440431912,-0.00835624248044775,0,0
31.4,-0,3.6554298953018,0.41609398194099,3.67404247128988,3.66317973035566,3.66243632478739,0.417245734093749,0.0704237807304163,0.0446597264557454,0.0283565383053647,12.5530833619114,442.687440431912,-0.00774983505385896,0,0
31.5,-0,3.6558590363423,0.41609398194099,3.67459789823853,3.66299510399851,3.6623102980687,0.416984830695306,0.0703183496884994,0.0446597264557454,0.0283565383053647,12.5530833619114,442.687440431912,-0.007136067656206,0,0
31.6,-0,3.6562566952719,0.41609398194099,3.67514798745111,3.66286824073464,3.66223360469861,0.4167463187619,0.0701834496553816,0.0446597264557454,0.0283565383053647,12.5530833619114,442.687440431912,-0.00661154546273579,0,0
31.7,-0,3.6565946046622,0.41609398194099,3.67569279022408,3.66279047699694,3.66219565109523,0.416525559645659,0.0700255590843089,0.0446597264557454,0.0283565383053647,12.5530833619114,442.687440431912,-0.00619587233473506,0,0
31.8,-0,3.656926195242,0.41609398194099,3.67623235736089,3.66275127060696,3.66219200442559,0.416320386349771,0.0698471883793784,0.0446597264557454,0.0283565383053647,12.5530833619114,442.687440431912,-0.00582507536496202,0,0
31.9,-0,3.657309749436,0.41609398194099,3.67676673917681,3.66274620865059,3.6622242505108,0.416130932075282,0.0696468698873976,0.0446597264557454,0.0283565383053647,12.5530833619114,442.687440431912,-0.00543645921459346,0,0
32,-0,3.6576971886147,0.41609398194099,3.67729598550354,3.66277686530383,3.66228918172368,0.415955652251617,0.0694264409856861,0.0442335335193078,0.0297251677105523,16.0697344641843,540.610388498484,-0.00507967668913034,1,0
32.1,-0,3.6579829923986,0.41609398194099,3.67782014569389,3.66271987255048,3.66226429731246,0.415796728891491,0.0693103381761118,0.0442335335193078,0.0297251677105523,16.0697344641843,540.610388498484,-0.00473688015188056,0,0
32.2,-0,3.6582876885812,0.41609398194099,3.67833926862641,3.66269426788896,3.66226989530413,0.415652715908003,0.0691769805505932,0.0442335335193078,0.0297251677105523,16.0697344641843,540.610388498484,-0.00440657930775679,0,0
32.3,-0,3.6585735503747,0.41609398194099,3.67885340270988,3.6626990385891,3.66230134224734,0.415521144425803,0.0690288113231524,0.0442335335193078,0.0297251677105523,16.0697344641843,540.610388498484,-0.00412548821440017,0,0
32.4,-0,3.6588784045445,0.41609398194099,3.67936259588791,3.66272956635618,3.6623580456644,0.415401079240378,0.0688655933144429,0.0442335335193078,0.0297251677105523,16.0697344641843,540.610388498484,-0.00385116181168366,0,0
32.5,-0,3.6591871437456,0.41609398194099,3.67986689564332,3.66278525724116,3.66243796825086,0.415291239753105,0.0686882277590393,0.0442335335193078,0.0297251677105523,16.0697344641843,540.610388498484,-0.00359811349555805,0,0
32.6,-0,3.6595083885139,0.41609398194099,3.68036634900264,3.66286407953044,3.6625400734401,0.415190776480532,0.0684969976130873,0.0442335335193078,0.0297251677105523,16.0697344641843,540.610388498484,-0.00335569101653643,0,0
32.7,-0,3.6597942503298,0.41609398194099,3.68086100254046,3.66296499841272,3.66265877798616,0.415097542452892,0.0682955814604361,0.0442335335193078,0.0297251677105523,16.0697344641843,540.610388498484,-0.00317074808292039,0,0
32.8,-0,3.6600989884803,0.41609398194099,3.68135090238379,3.66308245346236,3.66279428038156,0.415011258912897,0.0680835335119171,0.0442335335193078,0.0297251677105523,16.0697344641843,540.610388498484,-0.00298346498206437,0,0
32.9,-0,3.6603392055372,0.41609398194099,3.68183609421634,3.6632166404064,3.66293869029618,0.414929304018459,0.0678664181574621,0.0442335335193078,0.0297251677105523,16.0697344641843,540.610388498484,-0.00287743486920355,0,0
33,-0,3.6605652436802,0.41609398194099,3.6823166232828,3.66335970343373,3.66308976495588,0.414850823973965,0.0676457207352459,0.0444542393731933,0.0232313350115324,12.9054626404564,555.519630449558,-0.00279445975352832,1,0
33.1,-0,3.6608408436671,0.41609398194099,3.68279253439304,3.66361190287914,3.66334470280172,0.414772454704374,0.0673212583996951,0.0444542393731933,0.0232313350115324,12.9054626404564,555.519630449558,-0.00277105921204202,0,0
33.2,-0,3.661116443654,0.41609398194099,3.68326387192632,3.66386433629325,3.66359974520172,0.414694256149003,0.0669968429573455,0.0444542393731933,0.0232313350115324,12.9054626404564,555.519630449558,-0.00274789263924502,0,0
33.3,-0,3.6614148950177,0.41609398194099,3.6837306798354,3.66411687462346,3.66385699589417,0.414616940888468,0.066671002828465,0.0444542393731933,0.0232313350115324,12.9054626404564,555.519630449558,-0.00270197960576235,0,0
33.4,-0,3.6616842502513,0.41609398194099,3.68419300165064,3.66437161024937,3.66411336623279,0.414539672342277,0.0663460844955458,0.0444542393731933,0.0232313350115324,12.9054626404564,555.519630449558,-0.00268735999807257,0,0
33.5,-0,3.6619204922416,0.41609398194099,3.68465088048408,3.66462547263655,3.66436571641574,0.41446156933645,0.0660244460360451,0.0444542393731933,0.0232313350115324,12.9054626404564,555.519630449558,-0.00270498039494926,0,0
33.6,-0,3.6621567502288,0.41609398194099,3.68510435903343,3.66487534018444,3.66461441988567,0.414382786903793,0.06570585154305,0.0444542393731933,0.0232313350115324,12.9054626404564,555.519630449558,-0.00271858995564456,0,0
33.7,-0,3.6624158435885,0.41609398194099,3.68555347958609,3.66512158451483,3.66486200873523,0.414304131184367,0.0653884840827629,0.0444542393731933,0.0232313350115324,12.9054626404564,555.519630449558,-0.00270574092633113,0,0
33.8,-0,3.6625773607333,0.41609398194099,3.68599828402304,3.66536672369596,3.66509921525079,0.414222828738916,0.0650791509407715,0.0444542393731933,0.0232313350115324,12.9054626404564,555.519630449558,-0.00278936296265986,0,0
33.9,-0,3.6627703435623,0.41609398194099,3.68643881382282,3.66560154255768,3.66533009278596,0.414140122581183,0.0647749014902796,0.0444542393731933,0.0232313350115324,12.9054626404564,555.519630449558,-0.00283119899538109,0,0
34,-0,3.6630231501839,0.41609398194099,3.68687511006533,3.66583007167858,3.66556100420403,0.414057974401822,0.0644711131616452,0.0449380920822584,0.0171152107703144,9.29677630605459,543.187953149806,-0.00280692149467843,1,0
34.1,-0,3.6632136894506,0.41609398194099,3.68730721343567,3.66625076602962,3.66596065938666,0.413965689348425,0.0639895882451459,0.0449380920822584,0.0171152107703144,9.29677630605459,543.187953149806,-0.00303707657902264,0,0
34.2,-0,3.6634624368847,0.41609398194099,3.68773516422799,3.66664526948632,3.66634204419884,0.413865782932348,0.063519572485756,0.0449380920822584,0.0171152107703144,9.29677630605459,543.187953149806,-0.00318283260161989,0,0
34.3,-0,3.6637547175051,0.41609398194099,3.68815900234918,3.66702162570643,3.66671100190235,0.413760310239764,0.063057045770196,0.0449380920822584,0.0171152107703144,9.29677630605459,543.187953149806,-0.00326690820132702,0,0
34.4,-0,3.663939038072,0.41609398194099,3.68857876732262,3.66738563494146,3.66705839570112,0.413646285219551,0.0626084958500903,0.0449380920822584,0.0171152107703144,9.29677630605459,543.187953149806,-0.00344659686945947,0,0
34.5,-0,3.6641712368398,0.41609398194099,3.68899449829186,3.6677282298063,3.66739085420882,0.413526086483647,0.0621694042728117,0.0449380920822584,0.0171152107703144,9.29677630605459,543.187953149806,-0.0035569929665038,0,0
34.6,-0,3.66439490541,0.41609398194099,3.68940623402431,3.66805599057275,3.6677089873398,0.413400073152493,0.0617394797140012,0.0449380920822584,0.0171152107703144,9.29677630605459,543.187953149806,-0.0036610851627481,0,0
34.7,-0,3.6644611,0.41609398194099,3.68981401291477,3.66836952403834,3.66799925033301,0.413263383949408,0.061327954303231,0.0449380920822584,0.0171152107703144,9.29677630605459,543.187953149806,-0.00390842403833647,0,0
34.8,-0,3.6646894394924,0.41609398194099,3.69021787298909,3.66865538421446,3.66827976828816,0.41312275590043,0.060922679623986,0.0449380920822584,0.0171152107703144,9.29677630605459,543.187953149806,-0.00396594472205924,0,0
34.9,-0,3.6649462053875,0.41609398194099,3.69061785190769,3.66893156622768,3.66855416832044,0.412979746438813,0.0605214102219431,0.0449380920822584,0.0171152107703144,9.29677630605459,543.187953149806,-0.00398536084018142,0,0
35,-0,3.66510380538,0.41609398194099,3.69101398696904,3.66920167316958,3.66881364185529,0.412831186128772,0.0601301429393509,0.0454183781535814,0.0137216613951738,7.2697067586276,529.797853865167,-0.00409786778958177,1,0
35.1,-0,3.6653298434052,0.41609398194099,3.6914063151132,3.66963511193963,3.66922864130432,0.412669315322014,0.0595715414726291,0.0454183781535814,0.0137216613951738,7.2697067586276,529.797853865167,-0.00430526853443336,0,0
35.2,-0,3.6655140380271,0.41609398194099,3.6917948729252,3.67004248003487,3.66961582735628,0.412493646295366,0.0590285124544326,0.0454183781535814,0.0137216613951738,7.2697067586276,529.797853865167,-0.00452844200777447,0,0
35.3,-0,3.6657234433791,0.41609398194099,3.6921796966385,3.6704222474766,3.66998017053345,0.412306408271523,0.0584980629944081,0.0454183781535814,0.0137216613951738,7.2697067586276,529.797853865167,-0.00469880409750267,0,0
35.4,-0,3.6659533986893,0.41609398194099,3.69256082213835,3.67077934389963,3.67032572002159,0.412109620129165,0.05797793493421,0.0454183781535814,0.0137216613951738,7.2697067586276,529.797853865167,-0.00482594521032809,0,0
35.5,-0,3.666081744673,0.41609398194099,3.69293828496513,3.6711177876398,3.67064467018139,0.411900167171446,0.0574731707419621,0.0454183781535814,0.0137216613951738,7.2697067586276,529.797853865167,-0.00503604296679683,0,0
35.6,-0,3.6662976106702,0.41609398194099,3.69331212031768,3.67142984194564,3.67094781462197,0.411683077187453,0.0569774371597826,0.0454183781535814,0.0137216613951738,7.2697067586276,529.797853865167,-0.00513223127544116,0,0
35.7,-0,3.6665898433267,0.41609398194099,3.69368236305657,3.67172621390428,3.67124382878143,0.411462663218986,0.0564858850201708,0.0454183781535814,0.0137216613951738,7.2697067586276,529.797853865167,-0.00513637057757821,0,0
35.8,-0,3.6667740379935,0.41609398194099,3.69404904770736,3.67201551270671,3.67152322005493,0.411234979548052,0.0560045065248947,0.0454183781535814,0.0137216613951738,7.2697067586276,529.797853865167,-0.00524147471321168,0,0
35.9,-0,3.666869244658,0.41609398194099,3.69441220846379,3.6722883276108,3.67177926859763,0.410997152543636,0.0555374722066853,0.0454183781535814,0.0137216613951738,7.2697067586276,529.797853865167,-0.00541908295280313,0,0
36,-0,3.6670393499595,0.41609398194099,3.69477187919103,3.67253799574757,3.67202134688427,0.410753759142708,0.0550794699732456,0.0455989976602517,0.0127835996156388,6.71421843166047,525.22127049776,-0.00549864578806902,1,0
36.1,-0,3.6672071539732,0.41609398194099,3.69512809342878,3.67283560887055,3.67230714084987,0.410500803648028,0.0545692691479452,0.0455989976602517,0.0127835996156388,6.71421843166047,525.22127049776,-0.00562845489735464,0,0
36.2,-0,3.667393849937,0.41609398194099,3.69548088439442,3.67311386033188,3.67257702122829,0.410240403915482,0.0540683778309203,0.0455989976602517,0.0127835996156388,6.71421843166047,525.22127049776,-0.00572001039487802,0,0
36.3,-0,3.6675615379655,0.41609398194099,3.6958302849861,3.67337633583225,3.67283071313836,0.409972812006618,0.0535772945171701,0.0455989976602517,0.0127835996156388,6.71421843166047,525.22127049776,-0.00581479786674599,0,0
36.4,-0,3.6676797119547,0.41609398194099,3.69617632778583,3.67362276785992,3.67306514136925,0.409696848208632,0.0530980478474607,0.0455989976602517,0.0127835996156388,6.71421843166047,525.22127049776,-0.00594305590521582,0,0
36.5,-0,3.6678664499033,0.41609398194099,3.69651904506248,3.67385011119428,3.67328864888422,0.409416941722957,0.0526262241789265,0.0455989976602517,0.0127835996156388,6.71421843166047,525.22127049776,-0.00598366129098116,0,0
36.6,-0,3.6680569312655,0.41609398194099,3.69685846877484,3.67406664354995,3.67350267419759,0.409134139800702,0.0521613140552679,0.0455989976602517,0.0127835996156388,6.71421843166047,525.22127049776,-0.00600971228444536,0,0
36.7,-0,3.6682144052527,0.41609398194099,3.69719463057455,3.67427379590973,3.67370508039825,0.408847663140495,0.0517047630384349,0.0455989976602517,0.0127835996156388,6.71421843166047,525.22127049776,-0.00605939065703387,0,0
36.8,-0,3.6683718892488,0.41609398194099,3.69752756180907,3.67446945273284,3.67389706039698,0.408558356240483,0.0512561274054546,0.0455989976602517,0.0127835996156388,6.71421843166047,525.22127049776,-0.00609756348404433,0,0
36.9,-0,3.668552198549,0.41609398194099,3.69785729352463,3.67465480037034,3.67408184033344,0.408268071123966,0.0508138240200546,0.0455989976602517,0.0127835996156388,6.71421843166047,525.22127049776,-0.0061026018213397,0,0
37,-0,3.6687263052303,0.41609398194099,3.69818385646908,3.67483304155773,3.67425960415223,0.407977106868651,0.0503779342613461,0.0456330409457256,0.0126248750982243,6.61900821659573,524.28306538468,-0.00610673632743097,1,0
37.1,-0,3.6689523431434,0.41609398194099,3.69850728109478,3.67501499358336,3.67444571496897,0.40768760390581,0.0499349938752384,0.0456330409457256,0.0126248750982243,6.61900821659573,524.28306538468,-0.00606265043996101,0,0
37.2,-0,3.669136537915,0.41609398194099,3.69882759756144,3.6751944627525,3.6746256313815,0.407397931962126,0.0494980979837301,0.0456330409457256,0.0126248750982243,6.61900821659573,524.28306538468,-0.00605792483750012,0,0
37.3,-0,3.6693002985116,0.41609398194099,3.69914483573894,3.6753678281513,3.67479809132648,0.407107624574137,0.0490680948319044,0.0456330409457256,0.0126248750982243,6.61900821659573,524.28306538468,-0.00606752963970214,0,0
37.4,-0,3.669383,0.41609398194099,3.6994590252101,3.6755338404354,3.67495627621352,0.406813351007488,0.0486488481835035,0.0456330409457256,0.0126248750982243,6.61900821659573,524.28306538468,-0.00615084043539849,0,0
37.5,-0,3.6694744051929,0.41609398194099,3.69977019527344,3.67568573894941,3.67510249333653,0.406516382077876,0.0482391781356734,0.0456330409457256,0.0126248750982243,6.61900821659573,524.28306538468,-0.0062113337565104,0,0
37.6,-0,3.6697232943743,0.41609398194099,3.70007837494592,3.67582581329524,3.67525279092637,0.406224967101672,0.0478303547535192,0.0456330409457256,0.0126248750982243,6.61900821659573,524.28306538468,-0.00610251892094205,0,0
37.7,-0,3.6698556,0.41609398194099,3.70038359296565,3.6759699808032,3.67539585871945,0.405933476488017,0.0474286940671385,0.0456330409457256,0.0126248750982243,6.61900821659573,524.28306538468,-0.00611438080320159,0,0
37.8,-0,3.6700154430518,0.41609398194099,3.70068587779455,3.67610702591509,3.67553506832784,0.405643683889495,0.0470323979420746,0.0456330409457256,0.0126248750982243,6.61900821659573,524.28306538468,-0.00609158286328881,0,0
37.9,-0,3.6701996378758,0.41609398194099,3.70098525762103,3.67624029328093,3.67567315139525,0.405357026949602,0.0466400101252232,0.0456330409457256,0.0126248750982243,6.61900821659573,524.28306538468,-0.00604065540512977,0,0
38,-0,3.6702949605759,0.41609398194099,3.70128176036258,3.67637249270872,3.67580193331069,0.405069431790434,0.0462560911287822,0.0455659827407967,0.012931013823436,6.80778309381417,526.469400371055,-0.00607753213282258,1,0
38.1,-0,3.6704423564349,0.41609398194099,3.70157541366844,3.67647642628982,3.67590980943645,0.40478548996856,0.0458963189425414,0.0455659827407967,0.012931013823436,6.80778309381417,526.469400371055,-0.00603406985492327,0,0
38.2,-0,3.670639182431,0.41609398194099,3.7018662449221,3.67657905632133,3.67602121148289,0.40450755023967,0.0455383455305456,0.0455659827407967,0.012931013823436,6.80778309381417,526.469400371055,-0.00593987389033446,0,0
38.3,-0,3.670813205133,0.41609398194099,3.7021542812439,3.67668523850273,3.67613374152278,0.404234330205432,0.0451834311535562,0.0455659827407967,0.012931013823436,6.80778309381417,526.469400371055,-0.00587203336973152,0,0
38.4,-0,3.6708337554354,0.41609398194099,3.70243954949357,3.67679259328355,3.67623295944699,0.403958629695247,0.0448396283635824,0.0455659827407967,0.012931013823436,6.80778309381417,526.469400371055,-0.00595883784814788,0,0
38.5,-0,3.6710746253631,0.41609398194099,3.70272207627268,3.67688679797464,3.67634098430575,0.403691223318306,0.044494376693875,0.0455659827407967,0.012931013823436,6.80778309381417,526.469400371055,-0.00581217261153855,0,0
38.6,-0,3.6712045621634,0.41609398194099,3.70300188792718,3.67698978847313,3.67644657488696,0.403426544535626,0.0441539790588505,0.0455659827407967,0.012931013823436,6.80778309381417,526.469400371055,-0.00578522630972866,0,0
38.7,-0,3.6712919916582,0.41609398194099,3.70327901054982,3.6770904154742,3.67654605126113,0.40316273847764,0.0438204698595732,0.0455659827407967,0.012931013823436,6.80778309381417,526.469400371055,-0.00579842381600448,0,0
38.8,-0,3.6714140512739,0.41609398194099,3.7035534699826,3.67718502871343,3.67664334397617,0.402901635156231,0.0434915420243297,0.0455659827407967,0.012931013823436,6.80778309381417,526.469400371055,-0.00577097743953114,0,0
38.9,-0,3.671499153816,0.41609398194099,3.70382529181918,3.67727752509765,3.67673526057807,0.402641637124896,0.0431689708489244,0.0455659827407967,0.012931013823436,6.80778309381417,526.469400371055,-0.00577837128165015,0,0
39,-0,3.6716628823563,0.41609398194099,3.70409450140724,3.67736473805971,3.67682977533917,0.402386486480083,0.042848101823297,0.0454957265526499,0.0132566574210519,7.0153844667799,529.197085204851,-0.00570185570340564,1,0
39.1,-0,3.6718825496115,0.41609398194099,3.7043611238509,3.67743621624351,3.67691508754432,0.402139959367931,0.0425440856317431,0.0454957265526499,0.0132566574210519,7.0153844667799,529.197085204851,-0.0055536666320144,0,0
39.2,-0,3.6720275605309,0.41609398194099,3.70462518401298,3.67751722562435,3.67700208922122,0.401898162066892,0.042242575971608,0.0454957265526499,0.0132566574210519,7.0153844667799,529.197085204851,-0.00548966509344773,0,0
39.3,-0,3.6721063445309,0.41609398194099,3.7048867065174,3.67759995995256,3.67708448211163,0.401658004769057,0.0419471300098997,0.0454957265526499,0.0132566574210519,7.0153844667799,529.197085204851,-0.00549361542166338,0,0
39.4,-0,3.6722535983152,0.41609398194099,3.70514571575144,3.67767817131547,3.67716923274149,0.401422586256763,0.0416535302734892,0.0454957265526499,0.0132566574210519,7.0153844667799,529.197085204851,-0.00542457300027177,0,0
39.5,-0,3.6724503823096,0.41609398194099,3.70540223586799,3.67775876654796,3.67726081203111,0.401193829171636,0.0413590114937596,0.0454957265526499,0.0132566574210519,7.0153844667799,529.197085204851,-0.005308384238361,0,0
39.6,-0,3.672533,0.41609398194099,3.70565629078784,3.67784617743274,3.67734787396451,0.400966425621664,0.0410702108450181,0.0454957265526499,0.0132566574210519,7.0153844667799,529.197085204851,-0.00531317743274462,0,0
39.7,-0,3.6726928428031,0.41609398194099,3.70590790420191,3.67792915189157,3.67743816937128,0.400743794206453,0.040782410273072,0.0454957265526499,0.0132566574210519,7.0153844667799,529.197085204851,-0.00523630908847261,0,0
39.8,-0,3.6728772117636,0.41609398194099,3.70615709957343,3.67801537397813,3.6775337125481,0.400526739666087,0.0404943093981051,0.0454957265526499,0.0132566574210519,7.0153844667799,529.197085204851,-0.00513816221452901,0,0
39.9,-0,3.6729953377637,0.41609398194099,3.70640390014016,3.67810683958447,3.6776278009616,0.400312161548673,0.040209860219559,0.0454957265526499,0.0132566574210519,7.0153844667799,529.197085204851,-0.00511150182076969,0,0
40,-0,3.6730221067467,0.41609398194099,3.70664832891652,3.67819690211094,3.67771206067834,0.400096249700345,0.0399340565321351,0.0453851561984152,0.0137866704489243,7.36523028046188,534.228355406618,-0.00517479536424226,1,0
40.1,-0,3.6731654427507,0.41609398194099,3.70689040869577,3.67825059347779,3.67777398713894,0.399886208876845,0.0396857945200115,0.0453851561984152,0.0137866704489243,7.36523028046188,534.228355406618,-0.00508515072708882,0,0
40.2,-0,3.6733269604935,0.41609398194099,3.70713016205213,3.67830917198809,3.67784212673926,0.39968238595326,0.0394368355139817,0.0453851561984152,0.0137866704489243,7.36523028046188,534.228355406618,-0.00498221149459255,0,0
40.3,-0,3.6735199427245,0.41609398194099,3.70736761134287,3.67837395423877,3.67791889723488,0.399485612838476,0.0391854997778643,0.0453851561984152,0.0137866704489243,7.36523028046188,534.228355406618,-0.00485401151427167,0,0
40.4,-0,3.6736129067541,0.41609398194099,3.70760277871041,3.67844733533323,3.6779941265007,0.399291329589136,0.0389379141300163,0.0453851561984152,0.0137866704489243,7.36523028046188,534.228355406618,-0.00483442857913241,0,0
40.5,-0,3.673687630974,0.41609398194099,3.70783568608436,3.6785192257699,3.67806632622666,0.399098761233808,0.0386948793725629,0.0453851561984152,0.0137866704489243,7.36523028046188,534.228355406618,-0.00483159479589812,0,0
40.6,-0,3.6738223117187,0.41609398194099,3.70806635518361,3.67858814803798,3.67814147844004,0.398910307594786,0.0384525424558614,0.0453851561984152,0.0137866704489243,7.36523028046188,534.228355406618,-0.00476583631928351,0,0
40.7,-0,3.6739404377188,0.41609398194099,3.70829480751831,3.67866003220424,3.67821777831354,0.39872508415749,0.0382119235191891,0.0453851561984152,0.0137866704489243,7.36523028046188,534.228355406618,-0.00471959448544323,0,0
40.8,-0,3.6740356444749,0.41609398194099,3.7085210643919,3.67873308719855,3.67829300204582,0.398542054300592,0.0379743267359859,0.0453851561984152,0.0137866704489243,7.36523028046188,534.228355406618,-0.00469744272364769,0,0
40.9,-0,3.6742057494094,0.41609398194099,3.70874514690308,3.67880510680703,3.67837430965599,0.398364079244856,0.0377351303896468,0.0453851561984152,0.0137866704489243,7.36523028046188,534.228355406618,-0.00459935739763129,0,0
41,-0,3.6743735536981,0.41609398194099,3.70896707594781,3.6788831887224,3.67846089706554,0.39819072805498,0.0374947562588514,0.0452450651743642,0.0145010458755123,7.85561508322768,541.727483015094,-0.00450963502430479,1,0
41.1,-0,3.6744460512308,0.41609398194099,3.70918687222123,3.67893517076531,3.67851456077023,0.398020184086733,0.0372897962306494,0.0452450651743642,0.0145010458755123,7.85561508322768,541.727483015094,-0.00448911953450981,0,0
41.2,-0,3.6745310376908,0.41609398194099,3.70940455621957,3.67898624191679,3.67856865649324,0.397852794728954,0.0370872027642945,0.0452450651743642,0.0145010458755123,7.85561508322768,541.727483015094,-0.00445520422598866,0,0
41.3,-0,3.6746491536813,0.41609398194099,3.70962014824213,3.67903777502138,3.67862634373133,0.397689620003024,0.0368847567500524,0.0452450651743642,0.0145010458755123,7.85561508322768,541.727483015094,-0.00438862134007989,0,0
41.4,-0,3.6747900889048,0.41609398194099,3.7098336683931,3.67909290150619,3.67868947790924,0.397531201947702,0.0366810836273019,0.0452450651743642,0.0145010458755123,7.85561508322768,541.727483015094,-0.00430281260139154,0,0
41.5,-0,3.6749019604447,0.41609398194099,3.71004513658348,3.67915345940903,3.67875484651171,0.397376117683298,0.0364781336182309,0.0452450651743642,0.0145010458755123,7.85561508322768,541.727483015094,-0.00425149896433297,0,0
41.6,-0,3.6750263888899,0.41609398194099,3.71025457253291,3.67921626088316,3.67882345222397,0.397224612026164,0.0362751212239205,0.0452450651743642,0.0145010458755123,7.85561508322768,541.727483015094,-0.00418987199325693,0,0
41.7,-0,3.6751610536588,0.41609398194099,3.71046199577154,3.67928229867796,3.67889596895483,0.397076813054625,0.0360714861589368,0.0452450651743642,0.0145010458755123,7.85561508322768,541.727483015094,-0.00412124501915834,0,0
41.8,-0,3.6752107,0.41609398194099,3.71066742564182,3.67935223961515,3.67896406664961,0.396929440676997,0.0358726485784125,0.0452450651743642,0.0145010458755123,7.85561508322768,541.727483015094,-0.00414153961514785,0,0
41.9,-0,3.6753248980813,0.41609398194099,3.71087088130032,3.67941782219997,3.67903427395443,0.396784869960347,0.0356741868525162,0.0452450651743642,0.0145010458755123,7.85561508322768,541.727483015094,-0.00409292411867268,0,0
42,-0,3.6754076,0.41609398194099,3.7110723817195,3.67948551914904,3.67910345135768,0.396641834354326,0.0354781168857618,0.0451680079728191,0.0149165515236723,8.15093160011134,546.435386702881,-0.00407791914903743,1,0
42.1,-0,3.6755216820666,0.41609398194099,3.71127194568951,3.67953605677777,3.67915984263894,0.396502396142311,0.0352980244320034,0.0451680079728191,0.0149165515236723,8.15093160011134,546.435386702881,-0.00401437471117339,0,0
42.2,-0,3.675695704841,0.41609398194099,3.71146959181991,3.67959025208646,3.67922521384248,0.396368357323882,0.0351137420723271,0.0451680079728191,0.0149165515236723,8.15093160011134,546.435386702881,-0.00389454724546123,0,0
42.3,-0,3.6758989492523,0.41609398194099,3.71166533854143,3.67965337622746,3.67930145122963,0.396240253546822,0.0349238587398192,0.0451680079728191,0.0149165515236723,8.15093160011134,546.435386702881,-0.0037544269751586,0,0
42.4,-0,3.676043844415,0.41609398194099,3.71185920410768,3.67972729825613,3.67938202960072,0.396115590778369,0.0347326870786889,0.0451680079728191,0.0149165515236723,8.15093160011134,546.435386702881,-0.00368345384112523,0,0
42.5,-0,3.6760996932067,0.41609398194099,3.71205120659684,3.67980554555939,3.67945819869636,0.395991129134461,0.0345461031185667,0.0451680079728191,0.0149165515236723,8.15093160011134,546.435386702881,-0.00370585235268894,0,0
42.6,-0,3.6762304560139,0.41609398194099,3.71224136391335,3.67987943952773,3.67953745673756,0.395869462244718,0.0343589095502377,0.0451680079728191,0.0149165515236723,8.15093160011134,546.435386702881,-0.00364898351383003,0,0
42.7,-0,3.6763359932029,0.41609398194099,3.7124296937896,3.67995641500832,3.67961715169465,0.395749571618809,0.0341728548601759,0.0451680079728191,0.0149165515236723,8.15093160011134,546.435386702881,-0.00362042180541833,0,0
42.8,-0,3.6763752932011,0.41609398194099,3.71261621378757,3.6800338412918,3.67969105479439,0.395629201444641,0.0339921666011704,0.0451680079728191,0.0149165515236723,8.15093160011134,546.435386702881,-0.0036585480907001,0,0
42.9,-0,3.6764376183902,0.41609398194099,3.71280094130046,3.68010554115396,3.67976193028787,0.395509262627223,0.0338148886221105,0.0451680079728191,0.0149165515236723,8.15093160011134,546.435386702881,-0.0036679227637606,0,0
43,-0,3.6765163863947,0.41609398194099,3.71298389355432,3.68017425499341,3.67983164248229,0.395390349371675,0.033639683758764,0.0450839103953965,0.0153893211850176,8.49656339261839,552.107743445521,-0.00365786859870809,1,0
43.1,-0,3.676663655967,0.41609398194099,3.71316508760964,3.68022524276553,3.67989152767149,0.395275614313952,0.0334780125457588,0.0450839103953965,0.0153893211850176,8.49656339261839,552.107743445521,-0.0035615867985288,0,0
43.2,-0,3.6768148375787,0.41609398194099,3.71334454036299,3.68028323632473,3.67995817596958,0.395164832005682,0.0333130848648001,0.0450839103953965,0.0153893211850176,8.49656339261839,552.107743445521,-0.00346839874602578,0,0
43.3,-0,3.6768871931917,0.41609398194099,3.71352226854854,3.68034795489059,3.68002356507706,0.395055177914172,0.0331504172603182,0.0450839103953965,0.0153893211850176,8.49656339261839,552.107743445521,-0.00346076169888709,0,0
43.4,-0,3.6770637163125,0.41609398194099,3.71369828873964,3.68041144070981,3.68009762592357,0.394949903650973,0.0329829634363522,0.0450839103953965,0.0153893211850176,8.49656339261839,552.107743445521,-0.0033477243973099,0,0
43.5,-0,3.6771566328182,0.41609398194099,3.71387261735036,3.68048354226702,3.68017167608426,0.394846025215357,0.0328167585922578,0.0450839103953965,0.0153893211850176,8.49656339261839,552.107743445521,-0.00332690944881486,0,0
43.6,-0,3.6772314047362,0.41609398194099,3.71404527063706,3.68055564775206,3.68024404221545,0.394742923225916,0.0326529265938825,0.0450839103953965,0.0153893211850176,8.49656339261839,552.107743445521,-0.0033242430158591,0,0
43.7,-0,3.6773660375507,0.41609398194099,3.71421626469985,3.68062609697103,3.68032052797309,0.394642449235721,0.0324873063715038,0.0450839103953965,0.0153893211850176,8.49656339261839,552.107743445521,-0.00326005942032559,0,0
43.8,-0,3.6774156,0.41609398194099,3.71438561548412,3.68070064489337,3.68039276135624,0.394541808443252,0.032325790546694,0.0450839103953965,0.0153893211850176,8.49656339261839,552.107743445521,-0.00328504489336989,0,0
43.9,-0,3.6774385671743,0.41609398194099,3.71455333878201,3.68077098846463,3.6804586975444,0.394440292202821,0.0321697952722348,0.0450839103953965,0.0153893211850176,8.49656339261839,552.107743445521,-0.00333242129032696,0,0
44,-0,3.6775922490615,0.41609398194099,3.71471945023392,3.68083509943396,3.6805312378303,0.394342033272111,0.032010085588781,0.0449964841850778,0.0159056901919072,8.88486067840349,558.596362132345,-0.00324285037246019,1,0
44.1,-0,3.6777370863536,0.41609398194099,3.71488396532993,3.68088949467082,3.68059397677227,0.394247361728024,0.0318633597623245,0.0449964841850778,0.0159056901919072,8.88486067840349,558.596362132345,-0.00315240831722186,0,0
44.2,-0,3.6778385955206,0.41609398194099,3.71504689941126,3.68095059145751,3.68065877190206,0.394154680801079,0.0317163437035268,0.0449964841850778,0.0159056901919072,8.88486067840349,558.596362132345,-0.00311199593691214,0,0
44.3,-0,3.6780023978569,0.41609398194099,3.71520826767169,3.68101374118374,3.68073130243561,0.394065696596108,0.0315648717497535,0.0449964841850778,0.0159056901919072,8.88486067840349,558.596362132345,-0.00301134332684105,0,0
44.4,-0,3.6780622488309,0.41609398194099,3.715368085159,3.68108457644337,3.68080107253709,0.393977040848594,0.0314164516157125,0.0449964841850778,0.0159056901919072,8.88486067840349,558.596362132345,-0.00302232761247012,0,0
44.5,-0,3.6781141955037,0.41609398194099,3.71552636677635,3.68115268542688,3.68086764804609,0.39388852277133,0.0312713482068873,0.0449964841850778,0.0159056901919072,8.88486067840349,558.596362132345,-0.00303848992317768,0,0
44.6,-0,3.6782095603286,0.41609398194099,3.71568312728367,3.6812176369387,3.68093544873428,0.393801455854494,0.0311263070008879,0.0449964841850778,0.0159056901919072,8.88486067840349,558.596362132345,-0.00300807661009683,0,0
44.7,-0,3.6783567818237,0.41609398194099,3.71583838129908,3.68128381432588,3.68100923492564,0.393717248698282,0.0309778172988848,0.0449964841850778,0.0159056901919072,8.88486067840349,558.596362132345,-0.00292703250217885,0,0
44.8,-0,3.6784851603211,0.41609398194099,3.71599214330017,3.68135593862066,3.68108664939392,0.393635131923401,0.0308275537802065,0.0449964841850778,0.0159056901919072,8.88486067840349,558.596362132345,-0.00287077829956184,0,0
44.9,-0,3.6785639443216,0.41609398194099,3.71614442762542,3.68143167133982,3.6811626866062,0.393553544787865,0.0306791373816138,0.0449964841850778,0.0159056901919072,8.88486067840349,558.596362132345,-0.00286772701821647,0,0
45,-0,3.67861979316,0.41609398194099,3.71629524847553,3.68150604747594,3.68123534706168,0.393471849109228,0.0305340014469218,0.0449118270050789,0.0164333217941974,9.29262128568209,565.474308971623,-0.00288625431593648,1,0
45.1,-0,3.6786820603098,0.41609398194099,3.71644461991471,3.68156216870446,3.68129191778226,0.393391030876035,0.0304057336638195,0.0449118270050789,0.0164333217941974,9.29262128568209,565.474308971623,-0.00288010839465613,0,0
45.2,-0,3.6788521329311,0.41609398194099,3.71659255587202,3.68161736650679,3.68135780734012,0.393314062337795,0.0302715622606265,0.0449118270050789,0.0164333217941974,9.29262128568209,565.474308971623,-0.00276523357569269,0,0
45.3,-0,3.6789742091501,0.41609398194099,3.71673907014264,3.68168181995683,3.68142761043087,0.393239266487621,0.0301354048023777,0.0449118270050789,0.0164333217941974,9.29262128568209,565.474308971623,-0.00270761080673143,0,0
45.4,-0,3.6790364443029,0.41609398194099,3.71688417638921,3.68175016568195,3.68149534377106,0.393164831103847,0.0300016368787246,0.0449118270050789,0.0164333217941974,9.29262128568209,565.474308971623,-0.0027137213790458,0,0
45.5,-0,3.6791379374498,0.41609398194099,3.71702788814303,3.68181646723297,3.68156492738013,0.393091846533,0.0298673057599376,0.0449118270050789,0.0164333217941974,9.29262128568209,565.474308971623,-0.00267852978317507,0,0
45.6,-0,3.6792333182889,0.41609398194099,3.71717021880541,3.68188461302469,3.68163562048062,0.393020051331027,0.0297329202860609,0.0449118270050789,0.0164333217941974,9.29262128568209,565.474308971623,-0.00265129473579462,0,0
45.7,-0,3.6793349374386,0.41609398194099,3.71731118164883,3.68195386772605,3.68170791339738,0.392949544336448,0.0295980778158273,0.0449118270050789,0.0164333217941974,9.29262128568209,565.474308971623,-0.00261893028744975,0,0
45.8,-0,3.6793388557121,0.41609398194099,3.71745078981824,3.6820247173522,3.6817724828546,0.392877629730252,0.0294697100569948,0.0449118270050789,0.0164333217941974,9.29262128568209,565.474308971623,-0.00268586164009843,0,0
45.9,-0,3.6794199977072,0.41609398194099,3.71758905633225,3.68208791282108,3.68183737438219,0.392806562045434,0.0293417715653701,0.0449118270050789,0.0164333217941974,9.29262128568209,565.474308971623,-0.00266791511388398,0,0
46,-0,3.6795483442805,0.41609398194099,3.71772599408439,3.68215143495501,3.68190699805192,0.39273755624634,0.0292109301122718,0.044840318992738,0.0169023992664328,9.66434996844149,571.773853883238,-0.00260309067450848,1,0
46.1,-0,3.6795814,0.41609398194099,3.71786161584423,3.68220769414506,3.68196097593127,0.392668485404418,0.029095676747471,0.044840318992738,0.0169023992664328,9.66434996844149,571.773853883238,-0.00262629414506277,0,0
46.2,-0,3.6797184488146,0.41609398194099,3.71799593425868,3.6822604856111,3.68202161094602,0.392602123727949,0.0289761696554807,0.044840318992738,0.0169023992664328,9.66434996844149,571.773853883238,-0.00254203679649789,0,0
46.3,-0,3.6798404931357,0.41609398194099,3.71812896185308,3.68231989042484,3.68208685298243,0.392537843227373,0.0288539018355697,0.044840318992738,0.0169023992664328,9.66434996844149,571.773853883238,-0.00247939728913948,0,0
46.4,-0,3.6799254373994,0.41609398194099,3.71826071103239,3.68238387384143,3.68215277410307,0.392474516381376,0.0287318009562559,0.044840318992738,0.0169023992664328,9.66434996844149,571.773853883238,-0.00245843644202504,0,0
46.5,-0,3.6800892556489,0.41609398194099,3.71839119408237,3.68244853806072,3.68222674001683,0.392414109311454,0.0286042455330719,0.044840318992738,0.0169023992664328,9.66434996844149,571.773853883238,-0.00235928241182171,0,0
46.6,-0,3.6801491488721,0.41609398194099,3.71852042317073,3.68252119092429,3.68229818348745,0.392353717495,0.0284792260849938,0.044840318992738,0.0169023992664328,9.66434996844149,571.773853883238,-0.00237204205219177,0,0
46.7,-0,3.6802012113759,0.41609398194099,3.71864841034822,3.68259134744994,3.6823666361367,0.392293185988718,0.0283570735338902,0.044840318992738,0.0169023992664328,9.66434996844149,571.773853883238,-0.00239013607403527,0,0
46.8,-0,3.6802965442506,0.41609398194099,3.71877516754979,3.68265854266593,3.68243647935001,0.392233663097016,0.0282344252007532,0.044840318992738,0.0169023992664328,9.66434996844149,571.773853883238,-0.00236199841533002,0,0
46.9,-0,3.6803980373713,0.41609398194099,3.71890070659568,3.68272712334243,3.68250816077966,0.392175242517037,0.0281109165557589,0.044840318992738,0.0169023992664328,9.66434996844149,571.773853883238,-0.00232908597112713,0,0
47,-0,3.6805161533613,0.41609398194099,3.71902503919257,3.68279753337925,3.6825830649274,0.392118269002054,0.027985468941466,0.0447669588776955,0.017408496991527,10.0748220977074,578.730151293987,-0.0022813800179482,1,0
47.1,-0,3.6805658,0.41609398194099,3.7191481769346,3.68285946721918,3.68264374639046,0.392061428436326,0.0278743619564151,0.0447669588776955,0.017408496991527,10.0748220977074,578.730151293987,-0.00229366721918378,0,0
47.2,-0,3.6806342953523,0.41609398194099,3.71927013130451,3.68291905131899,3.68270409695406,0.392005213899177,0.0277641412456238,0.0447669588776955,0.017408496991527,10.0748220977074,578.730151293987,-0.00228475596669098,0,0
47.3,-0,3.6807066931171,0.41609398194099,3.71939091367468,3.68297831327275,3.68276454325753,0.391949695350373,0.0276544422338554,0.0447669588776955,0.017408496991527,10.0748220977074,578.730151293987,-0.00227162015564764,0,0
47.4,-0,3.6808146044518,0.41609398194099,3.71951053530821,3.683037676119,3.68282843947243,0.391895701179117,0.0275426456464879,0.0447669588776955,0.017408496991527,10.0748220977074,578.730151293987,-0.00222307166719915,0,0
47.5,-0,3.6809035931133,0.41609398194099,3.71962900735994,3.68310046815969,3.68289367394154,0.391842652767306,0.0274303498256448,0.0447669588776955,0.017408496991527,10.0748220977074,578.730151293987,-0.00219687504638832,0,0
47.6,-0,3.6809429511092,0.41609398194099,3.71974634087753,3.68316459352385,3.68295545357449,0.391789296785175,0.0273212359831233,0.0447669588776955,0.017408496991527,10.0748220977074,578.730151293987,-0.00222164241464817,0,0
47.7,-0,3.681028053322,0.41609398194099,3.71986254680247,3.68322529547909,3.68301844525443,0.391736793854661,0.0272116668695733,0.0447669588776955,0.017408496991527,10.0748220977074,578.730151293987,-0.00219724215708839,0,0
47.8,-0,3.6811233442132,0.41609398194099,3.71997763597109,3.68328720498476,3.6830834953789,0.39168533341365,0.0271009641453007,0.0447669588776955,0.017408496991527,10.0748220977074,578.730151293987,-0.00216386077156105,0,0
47.9,-0,3.6811564,0.41609398194099,3.72009161911557,3.68335116173871,3.68314454509184,0.39163336971983,0.0269938153770112,0.0447669588776955,0.017408496991527,10.0748220977074,578.730151293987,-0.0021947617387128,0,0
48,-0,3.6812250113028,0.41609398194099,3.72020450686499,3.68341115318227,3.68320535299709,0.391581825724859,0.0268872807479289,0.0447220011641449,0.0177316068823493,10.3423080558435,583.269645242285,-0.00218614187946908,1,0
48.1,-0,3.6813431373041,0.41609398194099,3.72031630974625,3.68346407389084,3.68326435655483,0.391532127872265,0.0267841882525227,0.0447220011641449,0.0177316068823493,10.3423080558435,583.269645242285,-0.00212093658673584,0,0
48.2,-0,3.6814611372985,0.41609398194099,3.7204270381851,3.68352208544858,3.68332797773988,0.391484113724738,0.0266779718114114,0.0447220011641449,0.0177316068823493,10.3423080558435,583.269645242285,-0.00206094815008351,0,0
48.3,-0,3.6815792532883,0.41609398194099,3.72053670250708,3.68358468457369,3.68339577879029,0.391437643938731,0.0265689455693471,0.0447220011641449,0.0177316068823493,10.3423080558435,583.269645242285,-0.00200543128539321,0,0
48.4,-0,3.6816289,0.41609398194099,3.72064531293852,3.68365143652705,3.68346090125093,0.391391012857484,0.0264624548256399,0.0447220011641449,0.0177316068823493,10.3423080558435,583.269645242285,-0.0020225365270532,0,0
48.5,-0,3.6817431554617,0.41609398194099,3.72075287960747,3.6837155342883,3.683529713104,0.391345751378949,0.026353489718428,0.0447220011641449,0.0177316068823493,10.3423080558435,583.269645242285,-0.00197237882659573,0,0
48.6,-0,3.6818030489095,0.41609398194099,3.72085941254465,3.68378329763259,3.68359672909318,0.391300508655066,0.0262463371131043,0.0447220011641449,0.0177316068823493,10.3423080558435,583.269645242285,-0.00198024872308888,0,0
48.7,-0,3.6818549952681,0.41609398194099,3.72096492168435,3.68384928255366,3.68366138941914,0.391255132513295,0.0261414218107028,0.0447220011641449,0.0177316068823493,10.3423080558435,583.269645242285,-0.00199428728555695,0,0
48.8,-0,3.6819501861781,0.41609398194099,3.72106941686545,3.68391293333978,3.68372801284178,0.39121064634929,0.0260353329462162,0.0447220011641449,0.0177316068823493,10.3423080558435,583.269645242285,-0.0019627471616821,0,0
48.9,-0,3.6820289601674,0.41609398194099,3.72117290783222,3.68397853593008,3.68379485965434,0.391166619077603,0.0259294277933951,0.0447220011641449,0.0177316068823493,10.3423080558435,583.269645242285,-0.00194957576267951,0,0
49,-0,3.6821305952513,0.41609398194099,3.72127540423531,3.68404436367805,3.68386406575949,0.391123548222018,0.0258220118226775,0.0446662322248836,0.0181471795549575,10.692521219787,589.211187744381,-0.00191376842675162,1,0
49.1,-0,3.6822029930835,0.41609398194099,3.72137691563265,3.68410443600368,3.68392523509708,0.391081016037359,0.0257231104958843,0.0446662322248836,0.0181471795549575,10.692521219787,589.211187744381,-0.0019014429201798,0,0
49.2,-0,3.6822422930816,0.41609398194099,3.72147745149026,3.6841646846951,3.68398346082907,0.391038259836745,0.0256269540412334,0.0446662322248836,0.0181471795549575,10.692521219787,589.211187744381,-0.00192239161350161,0,0
49.3,-0,3.6822588,0.41609398194099,3.72157702118325,3.68422201533222,3.68403690640793,0.390994827066763,0.0255349775281795,0.0446662322248836,0.0181471795549575,10.692521219787,589.211187744381,-0.00196321533222044,0,0
49.4,-0,3.6823958484554,0.41609398194099,3.72167563399659,3.68427460472617,3.68409743414647,0.390953468148815,0.0254377586518973,0.0446662322248836,0.0181471795549575,10.692521219787,589.211187744381,-0.0018787562707665,0,0
49.5,-0,3.6825179510736,0.41609398194099,3.72177329912605,3.68433422748003,3.68416293198482,0.390913668947789,0.0253369533626004,0.0446662322248836,0.0181471795549575,10.692521219787,589.211187744381,-0.00181627640643045,0,0
49.6,-0,3.6826486973612,0.41609398194099,3.721870025679,3.68439878694873,3.68423372294054,0.390875485135902,0.0252322880317526,0.0446662322248836,0.0181471795549575,10.692521219787,589.211187744381,-0.00175008958753464,0,0
49.7,-0,3.6827541930723,0.41609398194099,3.7219658226753,3.68446860360271,3.68430689853855,0.390838230329802,0.0251260622165192,0.0446662322248836,0.0181471795549575,10.692521219787,589.211187744381,-0.00171441053041166,0,0
49.8,-0,3.6827936670633,0.41609398194099,3.72206069904814,3.68454079037285,3.68437599680498,0.390800407755931,0.0250234100435412,0.0446662322248836,0.0181471795549575,10.692521219787,589.211187744381,-0.00174712330954874,0,0
49.9,-0,3.6828103,0.41609398194099,3.72215466364485,3.68460893307749,3.68443928049656,0.390761607726672,0.0249257053059473,0.0446662322248836,0.0181471795549575,10.692521219787,589.211187744381,-0.00179863307748951,0,0
50,-0,3.6829015882619,0.41609398194099,3.72224772522772,3.68467130726164,3.68450438343254,0.390723558248696,0.0248268471677838,0.0446662322248836,0.0181471795549575,10.692521219787,589.211187744381,-0.0017697189997361,0,0
50.1,-0,3.6829677,0.41609398194099,3.72233989247487,3.68473548995349,3.68456875101221,0.390685669118816,0.0247288666370905,0.0446662322248836,0.0181471795549575,10.692521219787,589.211187744381,-0.0017677899534867,0,0
50.2,-0,3.6830362531816,0.41609398194099,3.72243117398098,3.68479894545844,3.68463269131955,0.390648000726831,0.0246315092040801,0.0446662322248836,0.0181471795549575,10.692521219787,589.211187744381,-0.00176269227684234,0,0
50.3,-0,3.6831087510587,0.41609398194099,3.72252157825816,3.68486197949131,3.68469662268514,0.390610639106916,0.0245344328624956,0.0446662322248836,0.0181471795549575,10.692521219787,589.211187744381,-0.0017532284326145,0,0
50.4,-0,3.6832393812912,0.41609398194099,3.72261111373671,3.68492500719904,3.68476603140445,0.390574813086477,0.0244332414584415,0.0446662322248836,0.0181471795549575,10.692521219787,589.211187744381,-0.00168562590784482,0,0
50.5,-0,3.683322,0.41609398194099,3.72269978876592,3.68499347395447,3.68483583819013,0.390539377074521,0.0243319979800153,0.0446662322248836,0.0181471795549575,10.692521219787,589.211187744381,-0.00167147395446943,0,0
50.6,-0,3.6834133462146,0.41609398194099,3.72278761161483,3.68506233829152,3.68490682822471,0.390504501293034,0.0242300682553803,0.0446662322248836,0.0181471795549575,10.692521219787,589.211187744381,-0.00164899207692448,0,0
50.7,-0,3.6835023510512,0.41609398194099,3.72287459047303,3.68513237948939,3.68497866328691,0.390470105279391,0.024127719124223,0.0446662322248836,0.0181471795549575,10.692521219787,589.211187744381,-0.00163002843819227,0,0
50.8,-0,3.6835416930517,0.41609398194099,3.72296073345139,3.68520326181073,3.68504657687524,0.390435120290344,0.0240287689634798,0.0446662322248836,0.0181471795549575,10.692521219787,589.211187744381,-0.00166156875903489,0,0
50.9,-0,3.6835811670426,0.41609398194099,3.72304604858284,3.68527025429832,3.68511098005435,0.390399630380781,0.023932881276913,0.0446662322248836,0.0181471795549575,10.692521219787,589.211187744381,-0.0016890872557167,0,0
51,-0,3.6836662371415,0.41609398194099,3.72313054382312,3.68533376488445,3.68517652914548,0.390364664016931,0.0238363121365274,0.0446662322248836,0.0181471795549575,10.692521219787,589.211187744381,-0.00166752774294965,0,0
51.1,-0,3.6837386510437,0.41609398194099,3.7232142270515,3.68539841503911,3.68524191677251,0.390329927983741,0.0237401087956944,0.0446662322248836,0.0181471795549575,10.692521219787,589.211187744381,-0.0016597639954119,0,0
51.2,-0,3.6837779930443,0.41609398194099,3.72329710607153,3.68546290713482,3.68530404285397,0.390294731685995,0.0236467586814836,0.0446662322248836,0.0181471795549575,10.692521219787,589.211187744381,-0.00168491409052107,0,0
51.3,-0,3.6838172930424,0.41609398194099,3.72337918861178,3.68552416424488,3.68536323502741,0.390259141403043,0.023555992955377,0.0446662322248836,0.0181471795549575,10.692521219787,589.211187744381,-0.00170687120248125,0,0
51.4,-0,3.6839252041523,0.41609398194099,3.72346048232655,3.6855825115043,3.68542626035778,0.390224645392318,0.0234623648446754,0.0446662322248836,0.0181471795549575,10.692521219787,589.211187744381,-0.00165730735200498,0,0
51.5,-0,3.6840370440749,0.41609398194099,3.72354099479655,3.68564466527547,3.68549310330208,0.39019124080614,0.0233658873660678,0.0446662322248836,0.0181471795549575,10.692521219787,589.211187744381,-0.00160762120057312,0,0
51.6,-0,3.6841158600662,0.41609398194099,3.72362073352967,3.68571061013658,3.68556026621054,0.390158158866523,0.0232693761558816,0.0446662322248836,0.0181471795549575,10.692521219787,589.211187744381,-0.00159475007037591,0,0
51.7,-0,3.6842402881348,0.41609398194099,3.72369970596164,3.68577687464783,3.68563201835853,0.39012633529605,0.0231693920553704,0.0446662322248836,0.0181471795549575,10.692521219787,589.211187744381,-0.00153658651302813,0,0
51.8,-0,3.6843521600588,0.41609398194099,3.72377791945672,3.68584769607041,3.68570671375648,0.390095411111172,0.0230672625855659,0.0446662322248836,0.0181471795549575,10.692521219787,589.211187744381,-0.00149553601160868,0,0
51.9,-0,3.6843623329762,0.41609398194099,3.72385538130842,3.68592144077227,3.68577446977337,0.390063222555296,0.0229709508231206,0.0446662322248836,0.0181471795549575,10.692521219787,589.211187744381,-0.00155910779606927,0,0
52,-0,3.6844143110781,0.41609398194099,3.72393209874013,3.68598830024856,3.68583993052336,0.390030776329815,0.0228767057386405,0.0446662322248836,0.0181471795549575,10.692521219787,589.211187744381,-0.0015739891704647,0,0
52.1,-0,3.684441148975,0.41609398194099,3.72400807890585,3.68605288369612,3.68590096002287,0.389997601781303,0.0227862457803721,0.0446662322248836,0.0181471795549575,10.692521219787,589.211187744381,-0.00161173472111642,0,0
52.2,-0,3.6845388551156,0.41609398194099,3.72408332889081,3.68611307112792,3.68596468789658,0.389965247210604,0.0226938148827679,0.0446662322248836,0.0181471795549575,10.692521219787,589.211187744381,-0.00157421601232111,0,0
52.3,-0,3.684667244045,0.41609398194099,3.72415785571215,3.68617593858698,3.68603373495813,0.389934284258954,0.0225972993578179,0.0446662322248836,0.0181471795549575,10.692521219787,589.211187744381,-0.00150869454197577,0,0
52.4,-0,3.6846088959225,0.41609398194099,3.7242316663196,3.68624408721116,3.68608996436482,0.389900773188457,0.022511340950365,0.0446662322248836,0.0181471795549575,10.692521219787,589.211187744381,-0.0016351912886603,0,0
52.5,-0,3.6847025411276,0.41609398194099,3.72430476759606,3.68629951645388,3.68614899930712,0.389868091473852,0.022423312761827,0.0446662322248836,0.0181471795549575,10.692521219787,589.211187744381,-0.00159697532627945,0,0
52.6,-0,3.6847726559662,0.41609398194099,3.72437716635833,3.68635773196517,3.6862083399525,0.38983569848045,0.022335235006244,0.0446662322248836,0.0181471795549575,10.692521219787,589.211187744381,-0.00158507599897195,0,0
52.7,-0,3.6848766480851,0.41609398194099,3.72444886935765,3.68641625271814,3.68627114978124,0.389804278102834,0.0222445509133793,0.0446662322248836,0.0181471795549575,10.692521219787,589.211187744381,-0.00153960463304292,0,0
52.8,-0,3.6849759,0.41609398194099,3.72451988328043,3.68647821839276,3.68633663286745,0.389773660468809,0.0221519057087378,0.0446662322248836,0.0181471795549575,10.692521219787,589.211187744381,-0.00150231839276316,0,0
52.9,-0,3.6850443370351,0.41609398194099,3.72459021474879,3.68654283906939,3.68640161645458,0.38974316185041,0.0220598655866691,0.0446662322248836,0.0181471795549575,10.692521219787,589.211187744381,-0.00149850203429436,0,0
53,-0,3.6850939,0.41609398194099,3.72465987032121,3.68660696587949,3.68646437395276,0.389712408026899,0.0219698251509652,0.0446662322248836,0.0181471795549575,10.692521219787,589.211187744381,-0.00151306587949085,0,0
53.1,-0,3.6851853040251,0.41609398194099,3.72472885649317,3.68666888521519,3.68652907505178,0.389682293510586,0.0218784082692076,0.0446662322248836,0.0181471795549575,10.692521219787,589.211187744381,-0.00148358119008707,0,0
53.2,-0,3.6852515,0.41609398194099,3.72479717969769,3.68673273533876,3.68659314931307,0.389652266202794,0.0217876955913242,0.0446662322248836,0.0181471795549575,10.692521219787,589.211187744381,-0.00148123533875699,0,0
53.3,-0,3.6852742930051,0.41609398194099,3.72486484630599,3.68679596517984,3.68665257165294,0.389621459493585,0.0217009433969296,0.0446662322248836,0.0181471795549575,10.692521219787,589.211187744381,-0.00152167217474064,0,0
53.4,-0,3.6853364440039,0.41609398194099,3.72493186262807,3.68685457996659,3.68671152274203,0.389590764286216,0.0216147613710223,0.0446662322248836,0.0181471795549575,10.692521219787,589.211187744381,-0.00151813596269079,0,0
53.5,-0,3.6854609039952,0.41609398194099,3.72499823491327,3.68691272881011,3.68677592313221,0.389561447703212,0.0215243530764121,0.0446662322248836,0.0181471795549575,10.692521219787,589.211187744381,-0.0014518248149078,0,0
53.6,-0,3.6855042490031,0.41609398194099,3.72506396935087,3.68697628761351,3.68683758010114,0.389531761076227,0.0214363599223592,0.0446662322248836,0.0181471795549575,10.692521219787,589.211187744381,-0.00147203861041056,0,0
53.7,-0,3.6855333439927,0.41609398194099,3.7251290720707,3.68703712547755,3.68689542984091,0.389501472980333,0.0213516404105115,0.0446662322248836,0.0181471795549575,10.692521219787,589.211187744381,-0.00150378148485419,0,0
53.8,-0,3.6855664,0.41609398194099,3.72519354914365,3.68709418658591,3.68695023200835,0.38947074044585,0.0212695741918907,0.0446662322248836,0.0181471795549575,10.692521219787,589.211187744381,-0.0015277865859149,0,0
53.9,-0,3.6856806549566,0.41609398194099,3.72525740658229,3.68714822482074,3.68700994694748,0.389441256500485,0.0211837028745465,0.0446662322248836,0.0181471795549575,10.692521219787,589.211187744381,-0.00146756986413754,0,0
54,-0,3.6857405490106,0.41609398194099,3.72532065034139,3.6872071404066,3.6870689575299,0.389411829256477,0.0210985862159357,0.0446662322248836,0.0181471795549575,10.692521219787,589.211187744381,-0.00146659139599548,0,0
54.1,-0,3.6858152879554,0.41609398194099,3.7253832863185,3.68726535866066,3.68712873512098,0.389382769922827,0.0210130289365344,0.0446662322248836,0.0181471795549575,10.692521219787,589.211187744381,-0.00145007070526493,0,0
54.2,-0,3.6858585490143,0.41609398194099,3.7254453203545,3.68732433982178,3.6871862379173,0.389353432178566,0.0209294994628069,0.0446662322248836,0.0181471795549575,10.692521219787,589.211187744381,-0.00146579080748221,0,0
54.3,-0,3.6859106109489,0.41609398194099,3.72550675823414,3.68738106506443,3.68724252654878,0.389324037645084,0.020847133773931,0.0446662322248836,0.0181471795549575,10.692521219787,589.211187744381,-0.00147045411552593,0,0
54.4,-0,3.6859375070155,0.41609398194099,3.72556760568656,3.68743658697561,3.68729535426772,0.389294107951321,0.0207677542356777,0.0446662322248836,0.0181471795549575,10.692521219787,589.211187744381,-0.00149907996011134,0,0
54.5,-0,3.6859894369454,0.41609398194099,3.72562786838586,3.68748867577153,3.68734743086501,0.3892642119855,0.0206891557404745,0.0446662322248836,0.0181471795549575,10.692521219787,589.211187744381,-0.00149923882612812,0,0
54.6,-0,3.686039,0.41609398194099,3.72568755195161,3.68754002071631,3.68739861069156,0.389234317259855,0.0206114551162119,0.0446662322248836,0.0181471795549575,10.692521219787,589.211187744381,-0.00150102071631375,0,0
54.7,-0,3.686107552929,0.41609398194099,3.72574666194936,3.68759047724841,3.68745077477851,0.389204819112682,0.0205331220520579,0.0446662322248836,0.0181471795549575,10.692521219787,589.211187744381,-0.00148292431940966,0,0
54.8,-0,3.6862028439515,0.41609398194099,3.72580520389119,3.68764191215369,3.68750634386807,0.389176228288983,0.0204521889079545,0.0446662322248836,0.0181471795549575,10.692521219787,589.211187744381,-0.00143906820218564,0,0
54.9,-0,3.686304336923,0.41609398194099,3.7258631832362,3.68769672785813,3.68756555934743,0.389148598496162,0.020368461942696,0.0446662322248836,0.0181471795549575,10.692521219787,589.211187744381,-0.00139239093512566,0,0
55,-0,3.6863539,0.41609398194099,3.72592060539104,3.68775516394542,3.68762316208176,0.389120826372368,0.0202862214550136,0.0446662322248836,0.0181471795549575,10.692521219787,589.211187744381,-0.00140126394542017,0,0
55.1,-0,3.6863996599351,0.41609398194099,3.72597747571037,3.68781200112491,3.68767895828864,0.389092868573656,0.0202056227751907,0.0446662322248836,0.0181471795549575,10.692521219787,589.211187744381,-0.00141234118980726,0,0
55.2,-0,3.6864784439366,0.41609398194099,3.72603379949743,3.6878670470601,3.68773624282656,0.389065413845793,0.020123982058437,0.0446662322248836,0.0181471795549575,10.692521219787,589.211187744381,-0.0013886031234982,0,0
55.3,-0,3.6865343509651,0.41609398194099,3.72608958200447,3.68792357162629,3.68779271168351,0.389037979961282,0.0200431755136278,0.0446662322248836,0.0181471795549575,10.692521219787,589.211187744381,-0.00138922066119296,0,0
55.4,-0,3.6865280490368,0.41609398194099,3.72614482843327,3.68797928827659,3.68784258895145,0.389009355750381,0.0199679045720336,0.0446662322248836,0.0181471795549575,10.692521219787,589.211187744381,-0.00145123923979362,0,0
55.5,-0,3.6866257548068,0.41609398194099,3.72619954393563,3.68802846486735,3.68789633920732,0.388981721849442,0.0198896391857878,0.0446662322248836,0.0181471795549575,10.692521219787,589.211187744381,-0.00140271006055093,0,0
55.6,-0,3.6867085,0.41609398194099,3.72625373361383,3.68808148657154,3.68795216306217,0.38895470581181,0.0198098483316294,0.0446662322248836,0.0181471795549575,10.692521219787,589.211187744381,-0.00137298657154483,0,0
55.7,-0,3.6867769368782,0.41609398194099,3.72630740252111,3.68813656767454,3.68800850453312,0.388927984442487,0.0197298012733217,0.0446662322248836,0.0181471795549575,10.692521219787,589.211187744381,-0.00135963079633994,0,0
55.8,-0,3.6868720859168,0.41609398194099,3.72636055566216,3.6881921640087,3.68806782861335,0.388902071248704,0.0196474885703302,0.0446662322248836,0.0181471795549575,10.692521219787,589.211187744381,-0.00132007809190027,0,0
55.9,-0,3.6869280669486,0.41609398194099,3.72641319799358,3.68825072186186,3.68812614604752,0.388876138252491,0.0195661649458797,0.0446662322248836,0.0181471795549575,10.692521219787,589.211187744381,-0.00132265491326189,0,0
56,-0,3.686967550952,0.41609398194099,3.72646533442432,3.68830828227603,3.68818200622241,0.388849881927793,0.0194870117431756,0.0446662322248836,0.0181471795549575,10.692521219787,589.211187744381,-0.00134073132403012,0,0
56.1,-0,3.6870982967534,0.41609398194099,3.72651696981615,3.6883634056348,3.68824425421038,0.388825135797348,0.0194028104806645,0.0446662322248836,0.0181471795549575,10.692521219787,589.211187744381,-0.0012651088813973,0,0
56.2,-0,3.687181,0.41609398194099,3.72656810898415,3.68842486981559,3.68830772087071,0.388800833758938,0.0193177845174584,0.0446662322248836,0.0181471795549575,10.692521219787,589.211187744381,-0.00124386981558988,0,0
56.3,-0,3.6872266438955,0.41609398194099,3.7266187566971,3.68848754499183,3.68836879417064,0.388776227911564,0.0192348823936573,0.0446662322248836,0.0181471795549575,10.692521219787,589.211187744381,-0.00126090109632893,0,0
56.4,-0,3.6872597,0.41609398194099,3.72666891767794,3.68854784657793,3.68842653198135,0.388751119846159,0.0191548702215297,0.0446662322248836,0.0181471795549575,10.692521219787,589.211187744381,-0.00128814657792908,0,0
56.5,-0,3.6872597,0.41609398194099,3.72671859660426,3.6886048395766,3.6884781597887,0.388724931558557,0.0190800097447743,0.0446662322248836,0.0181471795549575,10.692521219787,589.211187744381,-0.00134513957659799,0,0
56.6,-0,3.6872824929435,0.41609398194099,3.72676779810866,3.68865577052767,3.68852644313024,0.388698226657474,0.0190080354255036,0.0446662322248836,0.0181471795549575,10.692521219787,589.211187744381,-0.00137327758416994,0,0
56.7,-0,3.6873904037556,0.41609398194099,3.72681652677925,3.6887033838794,3.68857973715515,0.388672724038551,0.0189321170150982,0.0446662322248836,0.0181471795549575,10.692521219787,589.211187744381,-0.00131298012380476,0,0
56.8,-0,3.6874336330684,0.41609398194099,3.72686478716002,3.68875597120001,3.68863144542068,0.388647069499035,0.0188576495892748,0.0446662322248836,0.0181471795549575,10.692521219787,589.211187744381,-0.00132233813160543,0,0
56.9,-0,3.6875084037407,0.41609398194099,3.72691258375131,3.68880698626807,3.68868469974101,0.388621905051244,0.0187820708884792,0.0446662322248836,0.0181471795549575,10.692521219787,589.211187744381,-0.00129858252736481,0,0
57,-0,3.6875746,0.41609398194099,3.72695992101021,3.68885953704636,3.68873853763935,0.388597033841291,0.0187061687525915,0.0446662322248836,0.0181471795549575,10.692521219787,589.211187744381,-0.00128493704635524,0,0
57.1,-0,3.6876432107916,0.41609398194099,3.72700680335097,3.68891266839189,3.6887931287495,0.388572490621638,0.0186298043781098,0.0446662322248836,0.0181471795549575,10.692521219787,589.211187744381,-0.00126945760029118,0,0
57.2,-0,3.6877613367941,0.41609398194099,3.72705323514542,3.68896654864638,3.68885306075357,0.388549216352686,0.0185492248462449,0.0446662322248836,0.0181471795549575,10.692521219787,589.211187744381,-0.00120521185227984,0,0
57.3,-0,3.6877881070696,0.41609398194099,3.72709922072339,3.68902573055701,3.68890919268265,0.388525343651603,0.0184719144964677,0.0446662322248836,0.0181471795549575,10.692521219787,589.211187744381,-0.00123762348740541,0,0
57.4,-0,3.6877943929285,0.41609398194099,3.72714476437307,3.6890811428246,3.68895998118897,0.388500551823195,0.0183991321751276,0.0446662322248836,0.0181471795549575,10.692521219787,589.211187744381,-0.0012867498960949,0,0
57.5,-0,3.6878565438506,0.41609398194099,3.72718987034146,3.68913125381963,3.68901122795904,0.38847602009045,0.0183261223312215,0.0446662322248836,0.0181471795549575,10.692521219787,589.211187744381,-0.00127470996902801,0,0
57.6,-0,3.6879123929248,0.41609398194099,3.72723454283475,3.68918182096047,3.68906229451155,0.388451617924413,0.0182534076486351,0.0446662322248836,0.0181471795549575,10.692521219787,589.211187744381,-0.00126942803566532,0,0
57.7,-0,3.6879975107578,0.41609398194099,3.72727878601869,3.68923221063133,3.68911595611214,0.388427910402381,0.0181787141642478,0.0446662322248836,0.0181471795549575,10.692521219787,589.211187744381,-0.00123469987353175,0,0
57.8,-0,3.6880927858421,0.41609398194099,3.72732260401902,3.68928517693013,3.6891729079712,0.388405041308396,0.0181014742241873,0.0446662322248836,0.0181471795549575,10.692521219787,589.211187744381,-0.00119239108802782,0,0
57.9,-0,3.6880573632451,0.41609398194099,3.72736600092182,3.68934140978312,3.68922051312517,0.388380442306412,0.0180320463191701,0.0446662322248836,0.0181471795549575,10.692521219787,589.211187744381,-0.0012840465380175,0,0
58,-0,3.6882132842395,0.41609398194099,3.72740898077388,3.68938836865117,3.68927773297941,0.388357956251048,0.0179548781926907,0.0446662322248836,0.0181471795549575,10.692521219787,589.211187744381,-0.00117508441167136,0,0
58.1,-0,3.6882479034337,0.41609398194099,3.72745154758314,3.68944487016784,3.68933217616704,0.388335077370234,0.0178801382417796,0.0446662322248836,0.0181471795549575,10.692521219787,589.211187744381,-0.00119696673413738,0,0
58.2,-0,3.6882337527325,0.41609398194099,3.72749370531899,3.68949861762113,3.68937953305424,0.388310927972192,0.0178113574650303,0.0446662322248836,0.0181471795549575,10.692521219787,589.211187744381,-0.00126486488862776,0,0
58.3,-0,3.688306250909,0.41609398194099,3.72753545791269,3.68954533424636,3.68942867893635,0.388287297458877,0.0177412480166128,0.0446662322248836,0.0181471795549575,10.692521219787,589.211187744381,-0.00123908333736189,0,0
58.4,-0,3.6884369965382,0.41609398194099,3.72757680925772,3.68959382749825,3.68948491779555,0.388265260381682,0.0176654591915343,0.0446662322248836,0.0181471795549575,10.692521219787,589.211187744381,-0.00115683096005004,0,0
58.5,-0,3.6884739401923,0.41609398194099,3.72761776321014,3.68964936085942,3.68953870289191,0.388242894303206,0.0175918322591915,0.0446662322248836,0.0181471795549575,10.692521219787,589.211187744381,-0.00117542066712062,0,0
58.6,-0,3.6884865598039,0.41609398194099,3.72765832358895,3.68970246058224,3.68958799360275,0.38821978387101,0.0175220393666471,0.0446662322248836,0.0181471795549575,10.692521219787,589.211187744381,-0.00121590077834455,0,0
58.7,-0,3.6884739401998,0.41609398194099,3.72769849417646,3.6897511016096,3.68963086945863,0.38819553619607,0.0174576524358845,0.0446662322248836,0.0181471795549575,10.692521219787,589.211187744381,-0.0012771614097975,0,0
58.8,-0,3.6885549965008,0.41609398194099,3.7277382787186,3.68979337810465,3.68967679863203,0.388172051001715,0.0173908886143898,0.0446662322248836,0.0181471795549575,10.692521219787,589.211187744381,-0.00123838160385192,0,0
58.9,-0,3.6886605508977,0.41609398194099,3.72777768092535,3.68983868579139,3.6897277796997,0.388149733221035,0.017320108557635,0.0446662322248836,0.0181471795549575,10.692521219787,589.211187744381,-0.00117813489368679,0,0
59,-0,3.6886542491041,0.41609398194099,3.727816704471,3.68988900798632,3.68977277340622,0.388126368778221,0.0172543873265083,0.0446662322248836,0.0181471795549575,10.692521219787,589.211187744381,-0.00123475888222302,0,0
59.1,-0,3.688660550894,0.41609398194099,3.72785535299453,3.68993338991137,3.68981357261821,0.388102310475071,0.0171922450388607,0.0446662322248836,0.0181471795549575,10.692521219787,589.211187744381,-0.00127283901737041,0,0
59.2,-0,3.6887912964634,0.41609398194099,3.72789363009997,3.68997361065733,3.68986231664948,0.388079987934666,0.0171236977959693,0.0446662322248836,0.0181471795549575,10.692521219787,589.211187744381,-0.00118231419392734,0,0
59.3,-0,3.6888967928931,0.41609398194099,3.7279315393567,3.69002171660053,3.68991582663066,0.388058772402057,0.01705136667372,0.0446662322248836,0.0181471795549575,10.692521219787,589.211187744381,-0.00112492370743045,0,0
59.4,-0,3.6888677142176,0.41609398194099,3.72796908429981,3.69007455327052,3.68996095440115,0.388036037068436,0.0169860694863552,0.0446662322248836,0.0181471795549575,10.692521219787,589.211187744381,-0.00120683905291941,0,0
59.5,-0,3.6889488964354,0.41609398194099,3.72800626843039,3.69011907320685,3.69000892712659,0.388014016653206,0.0169185615765226,0.0446662322248836,0.0181471795549575,10.692521219787,589.211187744381,-0.00117017677145181,0,0
59.6,-0,3.6890316,0.41609398194099,3.72804309521592,3.69016641751911,3.6900596014609,0.387992685071281,0.0168489631491872,0.0446662322248836,0.0181471795549575,10.692521219787,589.211187744381,-0.00113481751910616,0,0
59.7,-0,3.6891228875367,0.41609398194099,3.72807956809053,3.69021644398016,3.69011351333784,0.387972151609277,0.0167768352230862,0.0446662322248836,0.0181471795549575,10.692521219787,589.211187744381,-0.00109355644345666,0,0
59.8,-0,3.6890977124708,0.41609398194099,3.72811569045536,3.6902696844374,3.69015937474145,0.387950169817889,0.0167114728998279,0.0446662322248836,0.0181471795549575,10.692521219787,589.211187744381,-0.00117197196660257,0,0
59.9,-0,3.6891000366428,0.41609398194099,3.72815146567886,3.69031493740052,3.69020058895284,0.387927407709757,0.0166500655188368,0.0446662322248836,0.0181471795549575,10.692521219787,589.211187744381,-0.00121490075772002,0,0
60,-0,3.6891039562429,0.41609398194099,3.7281868970971,3.69035557998692,3.69023777700293,0.387903983107359,0.0165920965741833,0.0446662322248836,0.0181471795549575,10.692521219787,589.211187744381,-0.00125162374402121,0,0
60.1,-0,3.6892079472545,0.41609398194099,3.72822198801412,3.69039222841952,3.69028076551155,0.387881842937706,0.0165294666422713,0.0446662322248836,0.0181471795549575,10.692521219787,589.211187744381,-0.00118428116501601,0,0
60.2,-0,3.6892615562503,0.41609398194099,3.72825674170218,3.69043463392275,3.69032422723379,0.387859936008342,0.0164665704134605,0.0446662322248836,0.0181471795549575,10.692521219787,589.211187744381,-0.00117307767244634,0,0
60.3,-0,3.6892969946175,0.41609398194099,3.7282911614021,3.69047751016071,3.69036640520831,0.38783791404717,0.0164048558830841,0.0446662322248836,0.0181471795549575,10.692521219787,589.211187744381,-0.00118051554320742,0,0
60.4,-0,3.6893921857451,0.41609398194099,3.72832525032355,3.69051911365107,3.69041305381451,0.387816914453832,0.0163395777041024,0.0446662322248836,0.0181471795549575,10.692521219787,589.211187744381,-0.00112692790596869,0,0
60.5,-0,3.6894252,0.41609398194099,3.72835901164536,3.69056515460006,3.69045787046396,0.387795695024659,0.0162759364567847,0.0446662322248836,0.0181471795549575,10.692521219787,589.211187744381,-0.00113995460006144,0,0
60.6,-0,3.689470959729,0.41609398194099,3.72839244851583,3.69060937883006,3.6905022408928,0.38777452698577,0.0162127870204485,0.0446662322248836,0.0181471795549575,10.692521219787,589.211187744381,-0.0011384191010575,0,0
60.7,-0,3.689549743731,0.41609398194099,3.72842556405296,3.69065316141757,3.69054931913595,0.387754031811381,0.0161475266945933,0.0446662322248836,0.0181471795549575,10.692521219787,589.211187744381,-0.00110341768657252,0,0
60.8,-0,3.6896284437272,0.41609398194099,3.72845836134483,3.6906996321697,3.69059882455141,0.387734156602753,0.0160803891926654,0.0446662322248836,0.0181471795549575,10.692521219787,589.211187744381,-0.00107118844250076,0,0
60.9,-0,3.6896842928632,0.41609398194099,3.72849084344982,3.69074851262,3.69064836237676,0.387714431821852,0.0160133527312545,0.0446662322248836,0.0181471795549575,10.692521219787,589.211187744381,-0.00106421975680249,0,0
61,-0,3.6897466177111,0.41609398194099,3.72852301339692,3.69079742642076,3.69069853978751,0.387694976406948,0.015945915649715,0.0446662322248836,0.0181471795549575,10.692521219787,589.211187744381,-0.00105080870965546,0,0
61.1,-0,3.6898025928595,0.41609398194099,3.72855487418602,3.69084697607764,3.69074869564312,0.387675660567473,0.0158786239462184,0.0446662322248836,0.0181471795549575,10.692521219787,589.211187744381,-0.00104438321813793,0,0
61.2,-0,3.6898875365699,0.41609398194099,3.72858642878817,3.69089650553267,3.69080155918426,0.387657019564125,0.0158092232311056,0.0446662322248836,0.0181471795549575,10.692521219787,589.211187744381,-0.00100896896276526,0,0
61.3,-0,3.6899599508528,0.41609398194099,3.72861768014587,3.690948723041,3.69085567869267,0.387638771096691,0.015738914782913,0.0446662322248836,0.0181471795549575,10.692521219787,589.211187744381,-0.000988772188195153,0,0
61.4,-0,3.689999408848,0.41609398194099,3.72864863117335,3.69100218806675,3.69090782709644,0.387620283729926,0.0156703655022848,0.0446662322248836,0.0181471795549575,10.692521219787,589.211187744381,-0.00100277921874881,0,0
61.5,-0,3.6900844365531,0.41609398194099,3.72867928475682,3.69105369836348,3.69096249276215,0.387602433191977,0.0155998639158322,0.0446662322248836,0.0181471795549575,10.692521219787,589.211187744381,-0.000969261810382704,0,0
61.6,-0,3.6900884142997,0.41609398194099,3.72870964375477,3.69110770774866,3.6910117957372,0.387583681053093,0.0155339251740561,0.0446662322248836,0.0181471795549575,10.692521219787,589.211187744381,-0.00101929344896412,0,0
61.7,-0,3.6901238365419,0.41609398194099,3.72873971099821,3.6911563969175,3.69105923801565,0.387564704850999,0.0154696483535254,0.0446662322248836,0.0181471795549575,10.692521219787,589.211187744381,-0.00103256037560184,0,0
61.8,-0,3.6901277563101,0.41609398194099,3.72876948929095,3.69120324086011,3.69110204454132,0.387544960576842,0.0154093258985574,0.0446662322248836,0.0181471795549575,10.692521219787,589.211187744381,-0.00107548455000961,0,0
61.9,-0,3.6901403436861,0.41609398194099,3.72879898140983,3.69124548586008,3.69114150052226,0.387524693122974,0.0153518898548293,0.0446662322248836,0.0181471795549575,10.692521219787,589.211187744381,-0.00110514217398006,0,0
62,-0,3.6901277563176,0.41609398194099,3.72882819010504,3.69128440718416,3.69117557692147,0.387503503254634,0.0152990150823416,0.0446662322248836,0.0181471795549575,10.692521219787,589.211187744381,-0.00115665086655525,0,0
62.1,-0,3.6902088961922,0.41609398194099,3.72885711810032,3.69131799138616,3.6912136372498,0.387483205845379,0.01524294811661,0.0446662322248836,0.0181471795549575,10.692521219787,589.211187744381,-0.00110909519396429,0,0
62.2,-0,3.6903372436749,0.41609398194099,3.72888576809324,3.69135552980201,3.69125972127874,0.387464589762298,0.0151803490214501,0.0446662322248836,0.0181471795549575,10.692521219787,589.211187744381,-0.00101828612711419,0,0
62.3,-0,3.6904387365082,0.41609398194099,3.72891414275544,3.69140103111262,3.69131049207713,0.38744701562123,0.0151139875049623,0.0446662322248836,0.0181471795549575,10.692521219787,589.211187744381,-0.00096229460442121,0,0
62.4,-0,3.6904655071648,0.41609398194099,3.72894224473289,3.69145118416929,3.6913584465483,0.387429033159871,0.0150500800785525,0.0446662322248836,0.0181471795549575,10.692521219787,589.211187744381,-0.000985677004492924,0,0
62.5,-0,3.6905176104881,0.41609398194099,3.72897007664613,3.69149854374322,3.6914062538133,0.387411155803483,0.0149864131011079,0.0446662322248836,0.0181471795549575,10.692521219787,589.211187744381,-0.000980933255121386,0,0
62.6,-0,3.6905673,0.41609398194099,3.72899764109053,3.69154575834925,3.6914537026348,0.387393342011141,0.0149231609573587,0.0446662322248836,0.0181471795549575,10.692521219787,589.211187744381,-0.000978458349252698,0,0
62.7,-0,3.6905673,0.41609398194099,3.72902494063649,3.69159261837335,3.69149615538326,0.38737469437207,0.0148641651481079,0.0446662322248836,0.0181471795549575,10.692521219787,589.211187744381,-0.00102531837335107,0,0
62.8,-0,3.6905900928277,0.41609398194099,3.72905197782973,3.69163452194551,3.69153626244766,0.387355718749757,0.0148072240559643,0.0446662322248836,0.0181471795549575,10.692521219787,589.211187744381,-0.00104442911780955,0,0
62.9,-0,3.6905609563513,0.41609398194099,3.7290787551915,3.69167409896042,3.69156937646447,0.387335515526086,0.0147561869575239,0.0446662322248836,0.0181471795549575,10.692521219787,589.211187744381,-0.00111314260912243,0,0
63,-0,3.69061918729,0.41609398194099,3.72910527521881,3.69170673788645,3.69160442454335,0.387315797065419,0.0147036458495176,0.0446662322248836,0.0181471795549575,10.692521219787,589.211187744381,-0.00108755059645071,0,0
63.1,-0,3.6907080928221,0.41609398194099,3.7291315403847,3.69174129687412,3.6916440977053,0.387297083171071,0.0146473708490942,0.0446662322248836,0.0181471795549575,10.692521219787,589.211187744381,-0.00103320405202023,0,0
63.2,-0,3.6907932104488,0.41609398194099,3.72915755313841,3.69178044618705,3.69168757286434,0.38727922017362,0.0145880487159962,0.0446662322248836,0.0181471795549575,10.692521219787,589.211187744381,-0.000987235738250547,0,0
63.3,-0,3.6908200491846,0.41609398194099,3.72918331590567,3.69182336913212,3.69172898407461,0.387261084688908,0.0145305487974022,0.0446662322248836,0.0181471795549575,10.692521219787,589.211187744381,-0.00100331994751812,0,0
63.4,-0,3.6908263508135,0.41609398194099,3.72920883108888,3.69186424509093,3.69176660894742,0.387242343378785,0.0144762977644956,0.0446662322248836,0.0181471795549575,10.692521219787,589.211187744381,-0.00103789427742784,0,0
63.5,-0,3.6908884856293,0.41609398194099,3.72923410106737,3.69190136495529,3.69180608338049,0.387224072371138,0.0144206143953218,0.0446662322248836,0.0181471795549575,10.692521219787,589.211187744381,-0.00101287932599448,0,0
63.6,-0,3.6909671436226,0.41609398194099,3.72925912819758,3.69194032104668,3.69184877555033,0.387206535357789,0.0143623644448538,0.0446662322248836,0.0181471795549575,10.692521219787,589.211187744381,-0.000973177424084426,0,0
63.7,-0,3.6910002,0.41609398194099,3.72928391481332,3.69198247098322,3.69189007139625,0.387188852413203,0.0143053813569148,0.0446662322248836,0.0181471795549575,10.692521219787,589.211187744381,-0.000982270983221234,0,0
63.8,-0,3.691045959609,0.41609398194099,3.72930846322598,3.69202323638872,3.69193130791071,0.387171277169231,0.0142485531459316,0.0446662322248836,0.0181471795549575,10.692521219787,589.211187744381,-0.000977276779722924,0,0
63.9,-0,3.6910791,0.41609398194099,3.72933277572473,3.69206394390447,3.69197130494159,0.387153583718522,0.014192859552636,0.0446662322248836,0.0181471795549575,10.692521219787,589.211187744381,-0.000984843904467514,0,0
64,-0,3.6911247436076,0.41609398194099,3.72935685457672,3.69210342249849,3.69201136475708,0.387136018742531,0.0141372171497454,0.0446662322248836,0.0181471795549575,10.692521219787,589.211187744381,-0.000978678890890539,0,0
64.1,-0,3.6911806508004,0.41609398194099,3.72938070202734,3.69214296435365,3.69205244727562,0.387118764854188,0.0140808280220115,0.0446662322248836,0.0181471795549575,10.692521219787,589.211187744381,-0.000962313553247718,0,0
64.2,-0,3.691242959594,0.41609398194099,3.7294043203004,3.69218352196079,3.6920950520949,0.387101917881984,0.0140232775849925,0.0446662322248836,0.0181471795549575,10.692521219787,589.211187744381,-0.00094056236678508,0,0
64.3,-0,3.6912531332094,0.41609398194099,3.72942771159831,3.69222559105835,3.6921341223762,0.387084517059965,0.013968770343805,0.0446662322248836,0.0181471795549575,10.692521219787,589.211187744381,-0.000972457848946728,0,0
64.4,-0,3.6912822595865,0.41609398194099,3.72945087810236,3.69226415394622,3.69217179897353,0.387066964951378,0.0139155225742606,0.0446662322248836,0.0181471795549575,10.692521219787,589.211187744381,-0.0009818943597244,0,0
64.5,-0,3.6913838363849,0.41609398194099,3.72947382197284,3.69230133487423,3.69221503805721,0.387050580335081,0.0138577480471218,0.0446662322248836,0.0181471795549575,10.692521219787,589.211187744381,-0.000917498489325208,0,0
64.6,-0,3.6914106072059,0.41609398194099,3.72949654534928,3.69234403615019,3.69225624219768,0.387033927836786,0.0138017708144377,0.0446662322248836,0.0181471795549575,10.692521219787,589.211187744381,-0.000933428944288828,0,0
64.7,-0,3.691508295949,0.41609398194099,3.72951905035068,3.69238471921348,3.69230228809909,0.387018307871034,0.0137418678214234,0.0446662322248836,0.0181471795549575,10.692521219787,589.211187744381,-0.000876423264480675,0,0
64.8,-0,3.6916138507873,0.41609398194099,3.72954133907566,3.69243020749385,3.69235342694853,0.38700377287165,0.0136778343970975,0.0446662322248836,0.0181471795549575,10.692521219787,589.211187744381,-0.000816356706545118,0,0
64.9,-0,3.6915389968582,0.41609398194099,3.72956341360265,3.69248075027316,3.69239217705956,0.386987021824765,0.0136242237674891,0.0446662322248836,0.0181471795549575,10.692521219787,589.211187744381,-0.000941753414964719,0,0
65,-0,3.6914955927867,0.41609398194099,3.72958527599013,3.69251900133709,3.69242274967722,0.386968836363874,0.0135775181056557,0.0446662322248836,0.0181471795549575,10.692521219787,589.211187744381,-0.00102340855039396,0,0
65.1,-0,3.691580710342,0.41609398194099,3.7296069282768,3.69254913918416,3.69245805962757,0.386951644841845,0.0135269568737373,0.0446662322248836,0.0181471795549575,10.692521219787,589.211187744381,-0.000968428842157643,0,0
65.2,-0,3.6916988363457,0.41609398194099,3.72962837248176,3.69258397847345,3.6925007330769,0.386935947295115,0.0134703575076368,0.0446662322248836,0.0181471795549575,10.692521219787,589.211187744381,-0.000885142127746263,0,0
65.3,-0,3.691702756441,0.41609398194099,3.72964961060469,3.69262612505432,3.69253928574441,0.38691958791441,0.0134172917841606,0.0446662322248836,0.0181471795549575,10.692521219787,589.211187744381,-0.000923368613316988,0,0
65.4,-0,3.6917383103251,0.41609398194099,3.72967064462609,3.69266418374711,3.69257711006096,0.386903200246251,0.0133649293167274,0.0446662322248836,0.0181471795549575,10.692521219787,589.211187744381,-0.00092587342201389,0,0
65.5,-0,3.6918792291062,0.41609398194099,3.7296914765074,3.69270152063537,3.69262418935453,0.386888660194048,0.0133049509657128,0.0446662322248836,0.0181471795549575,10.692521219787,589.211187744381,-0.000822291529169572,0,0
65.6,-0,3.6918768636767,0.41609398194099,3.72971210819121,3.69274804160642,3.69266611398563,0.386873270767728,0.0132493737636818,0.0446662322248836,0.0181471795549575,10.692521219787,589.211187744381,-0.000871177929720357,0,0
65.7,-0,3.6918729435441,0.41609398194099,3.72973254160146,3.69278944888412,3.69270325973636,0.386857096419396,0.0131978791065532,0.0446662322248836,0.0181471795549575,10.692521219787,589.211187744381,-0.000916505340020635,0,0
65.8,-0,3.6918603564597,0.41609398194099,3.72975277864357,3.69282611528477,3.69273529551487,0.386840069443912,0.0131507380222555,0.0446662322248836,0.0181471795549575,10.692521219787,589.211187744381,-0.000965758825071994,0,0
65.9,-0,3.691941379843,0.41609398194099,3.72977282120468,3.69285771223946,3.6927715416835,0.386823929586083,0.0131001735451129,0.0446662322248836,0.0181471795549575,10.692521219787,589.211187744381,-0.00091633239645672,0,0
66,-0,3.692001207232,0.41609398194099,3.72979267115379,3.69289348771681,3.69280958009596,0.386808228608263,0.0130482061720241,0.0446662322248836,0.0181471795549575,10.692521219787,589.211187744381,-0.000892280484814822,0,0
66.1,-0,3.692053252289,0.41609398194099,3.72981233034191,3.69293104237881,3.6928484985022,0.386792797560266,0.0129955982706148,0.0446662322248836,0.0181471795549575,10.692521219787,589.211187744381,-0.00087779008980915,0,0
66.2,-0,3.6921713362896,0.41609398194099,3.72983180060229,3.69296947107208,3.69289441866636,0.386778780361587,0.0129372428931323,0.0446662322248836,0.0181471795549575,10.692521219787,589.211187744381,-0.000798134782477256,0,0
66.3,-0,3.6921981072376,0.41609398194099,3.72985108375056,3.69301484802154,3.69293804702927,0.386764450226835,0.0128809016988854,0.0446662322248836,0.0181471795549575,10.692521219787,589.211187744381,-0.000816740783939451,0,0
66.4,-0,3.6921587492426,0.41609398194099,3.72987018158489,3.69305795191925,3.69297339787117,0.386748688439678,0.0128315679499816,0.0446662322248836,0.0181471795549575,10.692521219787,589.211187744381,-0.000899202676651001,0,0
66.5,-0,3.6921878435142,0.41609398194099,3.72988909588617,3.69309284352639,3.69300774547018,0.386732840271092,0.0127831608115626,0.0446662322248836,0.0181471795549575,10.692521219787,589.211187744381,-0.000905000012192403,0,0
66.6,-0,3.6922666595041,0.41609398194099,3.72990782841819,3.69312674051622,3.69304586730781,0.386717793154751,0.0127316900797758,0.0446662322248836,0.0181471795549575,10.692521219787,589.211187744381,-0.000860081012124425,0,0
66.7,-0,3.6922998,0.41609398194099,3.72992638092777,3.69316438322649,3.69308308774778,0.386702681746584,0.0126810637098153,0.0446662322248836,0.0181471795549575,10.692521219787,589.211187744381,-0.00086458322649019,0,0
66.8,-0,3.6923454435029,0.41609398194099,3.72994475514497,3.69320113239904,3.6931206742988,0.386687740080495,0.0126302218137395,0.0446662322248836,0.0181471795549575,10.692521219787,589.211187744381,-0.000855688896139295,0,0
66.9,-0,3.6923557072488,0.41609398194099,3.72996295278318,3.69323824567636,3.69315526407555,0.386672344270564,0.0125819738029038,0.0446662322248836,0.0181471795549575,10.692521219787,589.211187744381,-0.000882538427562807,0,0
67,-0,3.6924076362448,0.41609398194099,3.72998097553937,3.69327238632521,3.69319107835528,0.386657273130785,0.0125327893168628,0.0446662322248836,0.0181471795549575,10.692521219787,589.211187744381,-0.000864750080406207,0,0
67.1,-0,3.6924799927475,0.41609398194099,3.72999882509418,3.69330774275964,3.69322991472897,0.386642860540681,0.0124811669624232,0.0446662322248836,0.0181471795549575,10.692521219787,589.211187744381,-0.000827750012135198,0,0
67.2,-0,3.6924737072544,0.41609398194099,3.7300165031121,3.69334609859455,3.69326407429202,0.38662768506479,0.0124335446323626,0.0446662322248836,0.0181471795549575,10.692521219787,589.211187744381,-0.000872391340149825,0,0
67.3,-0,3.6925258102184,0.41609398194099,3.73003401124161,3.69337981485399,3.6932995203538,0.386612843485599,0.0123849320165846,0.0446662322248836,0.0181471795549575,10.692521219787,589.211187744381,-0.000854004635586048,0,0
67.4,-0,3.6925755,0.41609398194099,3.73005135111539,3.69341480839385,3.69333589667123,0.38659827108366,0.0123356279429904,0.0446662322248836,0.0181471795549575,10.692521219787,589.211187744381,-0.000839308393849603,0,0
67.5,-0,3.6926667289568,0.41609398194099,3.73006852435038,3.69345072575276,3.69337701537316,0.386584671853394,0.0122824448241029,0.0446662322248836,0.0181471795549575,10.692521219787,589.211187744381,-0.000783996795956643,0,0
67.6,-0,3.6927556507349,0.41609398194099,3.73008553254802,3.69349134938717,3.6934221808265,0.386571922409621,0.0122259688331367,0.0446662322248836,0.0181471795549575,10.692521219787,589.211187744381,-0.00073569865227352,0,0
67.7,-0,3.6926809130614,0.41609398194099,3.73010237729433,3.69353598912053,3.6934555980228,0.386557118104279,0.0121794181499551,0.0446662322248836,0.0181471795549575,10.692521219787,589.211187744381,-0.000855076059127047,0,0
67.8,-0,3.6927060869311,0.41609398194099,3.73011906016012,3.69356897298889,3.6934878486607,0.386542192582658,0.0121339264893917,0.0446662322248836,0.0181471795549575,10.692521219787,589.211187744381,-0.00086288605778817,0,0
67.9,-0,3.6928179594554,0.41609398194099,3.73013558270106,3.69360080015702,3.69352720223984,0.386528664289355,0.0120825714243033,0.0446662322248836,0.0181471795549575,10.692521219787,589.211187744381,-0.000782840701617715,0,0
68,-0,3.6928738927307,0.41609398194099,3.73015194645792,3.6936396756855,3.69356768234879,0.386515443127516,0.0120303622978999,0.0446662322248836,0.0181471795549575,10.692521219787,589.211187744381,-0.000765782954798677,0,0
68.1,-0,3.6928676072712,0.41609398194099,3.73016815295662,3.69367966979358,3.69360332655648,0.386501436019713,0.011982291828909,0.0446662322248836,0.0181471795549575,10.692521219787,589.211187744381,-0.000812062522376422,0,0
68.2,-0,3.6929195361775,0.41609398194099,3.73018420370845,3.69371486652604,3.69364009725107,0.386487730282583,0.0119333622308997,0.0446662322248836,0.0181471795549575,10.692521219787,589.211187744381,-0.000795330348543288,0,0
68.3,-0,3.6929918927251,0.41609398194099,3.73020010021015,3.69375118174801,3.69367980162981,0.386474657785155,0.0118820607208078,0.0446662322248836,0.0181471795549575,10.692521219787,589.211187744381,-0.000759289022910448,0,0
68.4,-0,3.6930770101566,0.41609398194099,3.73021584394409,3.69379040857464,3.69372334343618,0.386462386757209,0.0118276327984869,0.0446662322248836,0.0181471795549575,10.692521219787,589.211187744381,-0.00071339841803697,0,0
68.5,-0,3.6931038492819,0.41609398194099,3.73023143637839,3.69383344372594,3.69376485689147,0.386449848752231,0.0117749963813175,0.0446662322248836,0.0181471795549575,10.692521219787,589.211187744381,-0.00072959444404086,0,0
68.6,-0,3.6930873,0.41609398194099,3.73024687896707,3.69387446720282,3.69380046906266,0.386436333853904,0.0117273946073895,0.0446662322248836,0.0181471795549575,10.692521219787,589.211187744381,-0.000787167202815908,0,0
68.7,-0,3.6931101507143,0.41609398194099,3.73026217315016,3.69390963626174,3.69383448106459,0.386422620110009,0.0116812165989208,0.0446662322248836,0.0181471795549575,10.692521219787,589.211187744381,-0.000799485547441137,0,0
68.8,-0,3.6931723434282,0.41609398194099,3.73027732035386,3.69394321840487,3.69387075362918,0.386409409290983,0.0116332241924009,0.0446662322248836,0.0181471795549575,10.692521219787,589.211187744381,-0.000770874976665059,0,0
68.9,-0,3.6932054,0.41609398194099,3.73029232199067,3.6939790442209,3.69390632002846,0.386396163185526,0.0115859066472002,0.0446662322248836,0.0181471795549575,10.692521219787,589.211187744381,-0.000773644220904757,0,0
69,-0,3.693250985424,0.41609398194099,3.73030717945951,3.69401417015374,3.69394243006219,0.386383108137593,0.0115382149622638,0.0446662322248836,0.0181471795549575,10.692521219787,589.211187744381,-0.000763184729735578,0,0
69.1,-0,3.6933069667003,0.41609398194099,3.73032189414584,3.69404983623825,3.69398000665469,0.386370412223613,0.0114893753205433,0.0446662322248836,0.0181471795549575,10.692521219787,589.211187744381,-0.000742869537948998,0,0
69.2,-0,3.6933236,0.41609398194099,3.73033646742185,3.69408695819551,3.69401520356424,0.386357378060207,0.0114426152872856,0.0446662322248836,0.0181471795549575,10.692521219787,589.211187744381,-0.000763358195505326,0,0
69.3,-0,3.6933464507031,0.41609398194099,3.73035090064648,3.69412171982833,3.69404884647903,0.386344152581879,0.0113972395257221,0.0446662322248836,0.0181471795549575,10.692521219787,589.211187744381,-0.000775269125229627,0,0
69.4,-0,3.6933857927045,0.41609398194099,3.73036519516567,3.69415494035222,3.69408264329004,0.386331043464027,0.0113518130959279,0.0446662322248836,0.0181471795549575,10.692521219787,589.211187744381,-0.000769147647716295,0,0
69.5,-0,3.6934935288073,0.41609398194099,3.73037935231239,3.69418831430067,3.69412300780467,0.386319212501312,0.0113009528646835,0.0446662322248836,0.0181471795549575,10.692521219787,589.211187744381,-0.000694785493373207,0,0
69.6,-0,3.6934683712002,0.41609398194099,3.73039337340682,3.69422820537092,3.69415678548007,0.386306285598194,0.011255707220425,0.0446662322248836,0.0181471795549575,10.692521219787,589.211187744381,-0.000759834170723117,0,0
69.7,-0,3.6934479433945,0.41609398194099,3.73040725975643,3.69426156186665,3.69418508749845,0.386292456191772,0.0112151365866897,0.0446662322248836,0.0181471795549575,10.692521219787,589.211187744381,-0.000813618472151223,0,0
69.8,-0,3.693572402775,0.41609398194099,3.73042101265614,3.69428948622378,3.6942220862781,0.386280278632859,0.0111673346111736,0.0446662322248836,0.0181471795549575,10.692521219787,589.211187744381,-0.000717083448784184,0,0
69.9,-0,3.6936157493081,0.41609398194099,3.73043463338843,3.69432604002755,3.6942592793473,0.386268227296308,0.0111194503229698,0.0446662322248836,0.0181471795549575,10.692521219787,589.211187744381,-0.000710290719450057,0,0
70,-0,3.7669397431875,0.41609398194099,3.73044812322344,3.69436278735464,3.70118425997696,0.387498516146065,0.00528590776488752,0.0446662322248836,0.0181471795549575,10.692521219787,589.211187744381,0.0725769558328553,0,0
70.1,-4.5500215,3.8734004274032,0.41609398194099,3.93286549263502,3.90446578203448,3.90154599953174,0.386972384226909,0.00768973264846321,0.0446662322248836,0.0181471795549575,10.692521219787,589.211187744381,-0.031065354631282,0,0
70.2,-4.6410288,3.8924000431672,0.41613848528117,3.93745644690694,3.90649063779797,3.90516630140136,0.386778458950995,0.00796234516520524,0.0446662322248836,0.0181471795549575,10.692521219787,589.211187744381,-0.014090594630769,0,0
70.3,-4.6420142,3.8944601047244,0.41618387875535,3.93804860289026,3.90610870154232,3.90501389488432,0.386626921410046,0.00802433082003776,0.0446662322248836,0.0181471795549575,10.692521219787,589.211187744381,-0.011648596817921,0,0
70.4,-4.640438,3.8958933818133,0.41622928186764,3.93852204037245,3.90584263002407,3.90490754970081,0.386504272808866,0.00795146664600213,0.0446662322248836,0.0181471795549575,10.692521219787,589.211187744381,-0.00994924821077436,0,0
70.5,-4.6412261,3.8969944370328,0.41627466956325,3.93909563190455,3.90584093100029,3.90500950291828,0.386400368427094,0.00779253718488303,0.0446662322248836,0.0181471795549575,10.692521219787,589.211187744381,-0.00884649396748927,0,0
70.6,-4.6410288,3.8979788589964,0.41632006496721,3.93962069197062,3.90589753065036,3.905153311736,0.386312248379609,0.00756174092773654,0.0446662322248836,0.0181471795549575,10.692521219787,589.211187744381,-0.00791867165396321,0,0
70.7,-4.6420142,3.8989016808779,0.41636545844138,3.94019359730093,3.9060919827586,3.9054162260417,0.386236514939245,0.00727565458629323,0.0446662322248836,0.0181471795549575,10.692521219787,589.211187744381,-0.0071903018806978,0,0
70.8,-4.6412261,3.8996191048107,0.41641086155367,3.94068302711988,3.90627319341102,3.90564783827807,0.386169923430477,0.00694976492171151,0.0446662322248836,0.0181471795549575,10.692521219787,589.211187744381,-0.00665408860031924,0,0
70.9,-4.6414229,3.9002799068035,0.41645625695762,3.9412115244097,3.90654562382929,3.90595677498958,0.386109954134661,0.00659641738206642,0.0446662322248836,0.0181471795549575,10.692521219787,589.211187744381,-0.00626571702579426,0,0
71,-4.6414229,3.9010075694323,0.41650165428645,3.94172668232108,3.90684251596051,3.90629415712239,0.386057317237723,0.00621233896870474,0.0401806422294125,0.0028651793143169,10.6830290948958,3728.57260329718,-0.00583494652820837,1,0
71.1,-4.6422109,3.9016768473902,0.41654705161529,3.94227233006453,3.88572835503291,3.88722713449591,0.386370453739672,0.00476929963624741,0.0401806422294125,0.0028651793143169,10.6830290948958,3728.57260329718,0.0159484923572943,0,0
71.2,-4.6414229,3.9023156193559,0.41659245665148,3.9427434425526,3.88740411096304,3.88880541004186,0.386665987122222,0.00342154113826875,0.0401806422294125,0.0028651793143169,10.6830290948958,3728.57260329718,0.0149115083928626,0,0
71.3,-4.6414229,3.9028566506673,0.41663785398031,3.9432450396781,3.88900146396121,3.89030347187998,0.386943604975209,0.00216976511681477,0.0401806422294125,0.0028651793143169,10.6830290948958,3728.57260329718,0.0138551867060861,0,0
71.4,-4.640832,3.9034094472949,0.41668325130915,3.94371591771081,3.8904641203025,3.89168060573074,0.387205795763722,0.00100148838000259,0.0401806422294125,0.0028651793143169,10.6830290948958,3728.57260329718,0.0129453269923987,0,0
71.5,-4.6412261,3.9040379766153,0.41672864285844,3.94422615314358,3.89186992638935,3.89301335235427,0.387454796483617,-9.45246304035833e-05,0.0401806422294125,0.0028651793143169,10.6830290948958,3728.57260329718,0.012168050225946,0,0
71.6,-4.6406348,3.9045498765911,0.41677403826239,3.94468825173303,3.89315288143149,3.89422383591075,0.387690741623492,-0.00111945070184939,0.0401806422294125,0.0028651793143169,10.6830290948958,3728.57260329718,0.0113969951596102,0,0
71.7,-4.6422109,3.9050617765666,0.41681942788289,3.94524238996356,3.89444088239464,3.89543889415138,0.387913558100949,-0.00207351089102361,0.0401806422294125,0.0028651793143169,10.6830290948958,3728.57260329718,0.0106208941719586,0,0
71.8,-4.6402412,3.9055531392366,0.41686483291908,3.94563471492358,3.89550463491669,3.89644884839665,0.388126688527751,-0.00297353248604347,0.0401806422294125,0.0028651793143169,10.6830290948958,3728.57260329718,0.0100485043199128,0,0
71.9,-4.6400439,3.9060168711656,0.41691021868982,3.94610142926303,3.89657735018928,3.89746432878565,0.388329503553193,-0.00381701525649769,0.0401806422294125,0.0028651793143169,10.6830290948958,3728.57260329718,0.00943952097632383,0,0
72,-4.6418169,3.9065375651921,0.41695560253078,3.94665158524178,3.89766413281803,3.89849790885772,0.388522752044049,-0.00460791664318623,0.0413076098590754,0.00651849867872429,8.62761769946227,1323.55901637626,0.00887343237406935,1,0
72.1,-4.6428018,3.9069808338187,0.41700100371329,3.94716274729593,3.9041056292941,3.90437498959741,0.388617035827427,-0.00512949324222759,0.0413076098590754,0.00651849867872429,8.62761769946227,1323.55901637626,0.00287520452459811,0,0
72.2,-4.6412261,3.9074635764452,0.41704641452902,3.94755601349071,3.90463983237853,3.90490375428062,0.388711314938443,-0.00563970758476484,0.0413076098590754,0.00651849867872429,8.62761769946227,1323.55901637626,0.00282374406666763,0,0
72.3,-4.6418169,3.9079754764208,0.41709180993297,3.94804140555879,3.90525207836946,3.90550615692716,0.388804589265741,-0.00613495833738558,0.0413076098590754,0.00651849867872429,8.62761769946227,1323.55901637626,0.00272339805133637,0,0
72.4,-4.640438,3.9084259465225,0.41713721111548,3.94843522075189,3.90576745976609,3.90601513024783,0.388897383208299,-0.0066185695316398,0.0413076098590754,0.00651849867872429,8.62761769946227,1323.55901637626,0.00265848675641456,0,0
72.5,-4.6416201,3.9087425170822,0.4171825988111,3.94893881249925,3.90637653330597,3.90659671132109,0.388985471339115,-0.00707317440201745,0.0413076098590754,0.00651849867872429,8.62761769946227,1323.55901637626,0.00236598377623132,0,0
72.6,-4.6412261,3.9091654224273,0.41722799806873,3.94936848295119,3.90688786974624,3.9070996392577,0.389072424001401,-0.00751523837885587,0.0413076098590754,0.00651849867872429,8.62761769946227,1323.55901637626,0.002277552681059,0,0
72.7,-4.6414229,3.9095897763235,0.41727339347268,3.94982047824544,3.90741007495921,3.90761261543007,0.389157970232437,-0.00794419375652647,0.0413076098590754,0.00651849867872429,8.62761769946227,1323.55901637626,0.0021797013642888,0,0
72.8,-4.6420142,3.9100300298291,0.41731879080152,3.9502861728569,3.90793442029054,3.90812905188492,0.389242296120866,-0.008361396178958,0.0413076098590754,0.00651849867872429,8.62761769946227,1323.55901637626,0.00209560953855581,0,0
72.9,-4.6412261,3.9103789468178,0.4173641939138,3.95068673919306,3.90838911883063,3.9085738584827,0.389324937371876,-0.0087654429700806,0.0413076098590754,0.00651849867872429,8.62761769946227,1323.55901637626,0.00198982798717129,0,0
73,-4.6420142,3.9109767223525,0.41740958931775,3.95115353049148,3.9088943123014,3.90908759548307,0.389409556982404,-0.00917155602787066,0.0420682186409784,0.00803444986988638,7.27895484839676,905.968045886842,0.00208241005110477,1,0
73.1,-4.6418169,3.9113396984239,0.41745499243004,3.9515728167558,3.91303406977885,3.91287726723978,0.389422304144645,-0.00942746256429346,0.0420682186409784,0.00803444986988638,7.27895484839676,905.968045886842,-0.00169437135494821,0,0
73.2,-4.6420142,3.9116563649452,0.41750039361255,3.95200590686404,3.91330606988269,3.91315374883632,0.389435262491651,-0.00968414823732197,0.0420682186409784,0.00803444986988638,7.27895484839676,905.968045886842,-0.00164970493748839,0,0
73.3,-4.6414229,3.9120792002859,0.41754579672483,3.95240024905018,3.91354589752728,3.91341071070332,0.389451306037955,-0.00995175217527594,0.0420682186409784,0.00803444986988638,7.27895484839676,905.968045886842,-0.00146669724138349,0,0
73.4,-4.6418169,3.9124628056479,0.41759119405367,3.95283469733434,3.91384058799081,3.91371376536353,0.389468691060489,-0.0102228090137974,0.0420682186409784,0.00803444986988638,7.27895484839676,905.968045886842,-0.00137778234290842,0,0
73.5,-4.6418169,3.9128478335044,0.41763659523618,3.95324804504435,3.91412341600359,3.91400611824976,0.389487801288105,-0.0104982084585805,0.0420682186409784,0.00803444986988638,7.27895484839676,905.968045886842,-0.00127558249918769,0,0
73.6,-4.6418169,3.9132999002299,0.41768199641869,3.95365780749087,3.91441201125795,3.91430982186674,0.389510005032035,-0.0107822142530023,0.0420682186409784,0.00803444986988638,7.27895484839676,905.968045886842,-0.00111211102805076,0,0
73.7,-4.6416201,3.9137039648423,0.4177273976012,3.95405526464073,3.91470356079004,3.91461176023354,0.389534336566867,-0.0110708461749124,0.0420682186409784,0.00803444986988638,7.27895484839676,905.968045886842,-0.00099959594774246,0,0
73.8,-4.642605,3.9141062629617,0.41777279685883,3.95450174917494,3.91505124970937,3.91496449828468,0.389559634785317,-0.0113597081837824,0.0420682186409784,0.00803444986988638,7.27895484839676,905.968045886842,-0.000944986747673404,0,0
73.9,-4.6394531,3.9144621334147,0.41781820574968,3.95476084341779,3.91522613514965,3.91515601762081,0.389588663071329,-0.0116580701935221,0.0420682186409784,0.00803444986988638,7.27895484839676,905.968045886842,-0.00076400173494795,0,0
74,-4.640438,3.9148527704606,0.41786358381208,3.95520014292885,3.91558723847837,3.91551984382142,0.389618185254513,-0.0119542731050878,0.0425205488474166,0.00868262305278167,6.58264258265682,758.139855046215,-0.000734468017771217,1,0
74.1,-4.6418169,3.9150717481433,0.4179089715077,3.95565366997341,3.91814497670603,3.91786351528533,0.389596169763751,-0.0121598335213949,0.0425205488474166,0.00868262305278167,6.58264258265682,758.139855046215,-0.00307322856273062,0,0
74.2,-4.6422109,3.9154654741211,0.41795437269021,3.95606016293055,3.91834485270815,3.91808152685067,0.389577538107176,-0.0123776208725693,0.0425205488474166,0.00868262305278167,6.58264258265682,758.139855046215,-0.00287937858704712,0,0
74.3,-4.6420142,3.9158797593214,0.4179997777264,3.95643707396161,3.91853451887493,3.91829199937684,0.389563185839945,-0.0126091896566246,0.0425205488474166,0.00868262305278167,6.58264258265682,758.139855046215,-0.00265475955352601,0,0
74.4,-4.6410288,3.9162909296495,0.41804518083868,3.95677555827262,3.91870793670481,3.91848731528603,0.389553605619543,-0.0128549043084275,0.0425205488474166,0.00868262305278167,6.58264258265682,758.139855046215,-0.002417007055314,0,0
74.5,-4.640832,3.9165476628569,0.41809057431286,3.95714572111839,3.91893294221869,3.91871534593399,0.389544237264455,-0.0130996140400499,0.0425205488474166,0.00868262305278167,6.58264258265682,758.139855046215,-0.00238527936179311,0,0
74.6,-4.6420142,3.9168831000428,0.41813596586216,3.95757395031533,3.91921589182857,3.91900317435422,0.389535645082024,-0.0133447971335147,0.0425205488474166,0.00868262305278167,6.58264258265682,758.139855046215,-0.00233279178576806,0,0
74.7,-4.6410288,3.9172973812422,0.41818136897444,3.95790267015262,3.91940802117901,3.91921561825695,0.389531870375158,-0.0136024894773646,0.0425205488474166,0.00868262305278167,6.58264258265682,758.139855046215,-0.00211063993681204,0,0
74.8,-4.6414229,3.9177185462084,0.41822676244862,3.95828944806907,3.91967509949516,3.91949677895542,0.389531408930216,-0.0138673021936585,0.0425205488474166,0.00868262305278167,6.58264258265682,758.139855046215,-0.00195655328676336,0,0
74.9,-4.6422109,3.9180453331903,0.41827215977746,3.95869063264355,3.91996907155603,3.91979376460643,0.389531496079071,-0.0141307043389668,0.0425205488474166,0.00868262305278167,6.58264258265682,758.139855046215,-0.00192373836572513,0,0
75,-4.6428018,3.9184462129822,0.41831756481364,3.95908000952134,3.9202538151731,3.92008910425078,0.389534148261638,-0.0143985657345754,0.0427712571432496,0.00905058706917998,6.24872242456948,690.421778919546,-0.0018076021908966,1,0
75.1,-4.6414229,3.9187148331454,0.41836297562937,3.95937872793259,3.92167291803766,3.92140364565198,0.389509008752563,-0.0146303977514313,0.0427712571432496,0.00905058706917998,6.24872242456948,690.421778919546,-0.00295808489226479,0,0
75.2,-4.6412261,3.9191259295597,0.41840837295821,3.95972679762848,3.92187013977935,3.92162052590047,0.389488482934106,-0.0148739046515969,0.0427712571432496,0.00905058706917998,6.24872242456948,690.421778919546,-0.0027442102196491,0,0
75.3,-4.6406348,3.9193417183704,0.41845376836216,3.96005425332045,3.92206625089079,3.92181856705649,0.389468021676028,-0.0151153884461621,0.0427712571432496,0.00905058706917998,6.24872242456948,690.421778919546,-0.00272453252039107,0,0
75.4,-4.642999,3.9195708164856,0.41849915798266,3.96051010058001,3.92238677863252,3.92213088962502,0.389444985311462,-0.0153470276819255,0.0427712571432496,0.00905058706917998,6.24872242456948,690.421778919546,-0.00281596214691548,0,0
75.5,-4.6414229,3.9199835572872,0.41854457072718,3.96078795874588,3.92252725235252,3.92229617435516,0.389428313245487,-0.0155945146419275,0.0427712571432496,0.00905058706917998,6.24872242456948,690.421778919546,-0.00254369506531926,0,0
75.6,-4.6416201,3.9203380052776,0.41858996805602,3.96114156048989,3.9227642141352,3.92254385654068,0.389414274455874,-0.015846216703031,0.0427712571432496,0.00905058706917998,6.24872242456948,690.421778919546,-0.00242620885760036,0,0
75.7,-4.6420142,3.9207128164238,0.41863536731364,3.96150101728636,3.92301635203071,3.92280716768202,0.389403072226347,-0.016102609634391,0.0427712571432496,0.00905058706917998,6.24872242456948,690.421778919546,-0.00230353560690766,0,0
75.8,-4.6412261,3.9211050460774,0.41868077042593,3.96180503182239,3.92322508856986,3.92303258712509,0.389396256585296,-0.0163677835309132,0.0427712571432496,0.00905058706917998,6.24872242456948,690.421778919546,-0.00212004249245634,0,0
75.9,-4.6406348,3.9213908626475,0.41872616582988,3.96211483770978,3.92345459544478,3.92326721982749,0.389390724819432,-0.0166326143267323,0.0427712571432496,0.00905058706917998,6.24872242456948,690.421778919546,-0.00206373279728478,0,0
76,-4.6420142,3.9217160052103,0.41877155545038,3.96250939675424,3.92376922294422,3.923582810298,0.389385376307967,-0.0168939510019522,0.0428943766909619,0.00935201481306196,6.12638115830464,655.086768013661,-0.00205321773391587,1,0
76.1,-4.6418169,3.9220498460381,0.41881695856267,3.96283116294878,3.92461548843576,3.92438264651549,0.389367204931931,-0.0171468481401277,0.0428943766909619,0.00935201481306196,6.12638115830464,655.086768013661,-0.00256564239766188,0,0
76.2,-4.6420142,3.9223152294475,0.41886235974518,3.96316767016969,3.92485660200565,3.92462603341166,0.389349496016751,-0.0173974822573395,0.0428943766909619,0.00935201481306196,6.12638115830464,655.086768013661,-0.0025413725581549,0,0
76.3,-4.6400439,3.9226129588724,0.41890776285746,3.96340501395004,3.92500298478146,3.92478619772756,0.389335448503368,-0.0176546234703418,0.0428943766909619,0.00935201481306196,6.12638115830464,655.086768013661,-0.00239002590906434,0,0
76.4,-4.642999,3.9230343459989,0.41895314669843,3.96385849480241,3.92536994242878,3.92515812982704,0.389322665479688,-0.0179111387249541,0.0428943766909619,0.00935201481306196,6.12638115830464,655.086768013661,-0.00233559642987746,0,0
76.5,-4.6424077,3.9233304571188,0.41899855944295,3.96415185292798,3.92558607391834,3.92538154214654,0.389311858676908,-0.0181695016330835,0.0428943766909619,0.00935201481306196,6.12638115830464,655.086768013661,-0.00225561679953623,0,0
76.6,-4.6428018,3.9236849051093,0.41904396640402,3.96448629215405,3.92584747670877,3.92565140232991,0.389303342573145,-0.0184300121162693,0.0428943766909619,0.00935201481306196,6.12638115830464,655.086768013661,-0.00216257159947109,0,0
76.7,-4.6402412,3.9240187459596,0.41908937721975,3.96468668138572,3.92598644221163,3.92580805118343,0.389299685403505,-0.0186997407310898,0.0428943766909619,0.00935201481306196,6.12638115830464,655.086768013661,-0.00196769625202853,0,0
76.8,-4.6424077,3.9243045885093,0.41913476299048,3.96509442065256,3.92634108014635,3.92615646428582,0.389294298779178,-0.0189600018546323,0.0428943766909619,0.00935201481306196,6.12638115830464,655.086768013661,-0.00203649163705055,0,0
76.9,-4.6406348,3.9245991033725,0.41918016995156,3.96532456563712,3.92651664825529,3.92634282496469,0.389291922288071,-0.0192245182535273,0.0428943766909619,0.00935201481306196,6.12638115830464,655.086768013661,-0.00191754488279328,0,0
77,-4.640438,3.9248660830311,0.41922555957206,3.96562203337245,3.92676604832451,3.92659382693378,0.38929000126611,-0.0194856660507802,0.0429182348062769,0.00967222664210652,6.1719808071425,638.113749348444,-0.00189996529340686,1,0
77.1,-4.6428018,3.9252205790288,0.41927094726767,3.96603082855285,3.92725443872184,3.92707006265786,0.38928482511688,-0.0197543315139433,0.0429182348062769,0.00967222664210652,6.1719808071425,638.113749348444,-0.00203385969303627,0,0
77.2,-4.6414229,3.9255645884494,0.4193163580834,3.96627087665857,3.92745540231344,3.9272839824396,0.389283309875166,-0.0200287754807209,0.0429182348062769,0.00967222664210652,6.1719808071425,638.113749348444,-0.00189081386404144,0,0
77.3,-4.6418169,3.9258898569841,0.41936175541224,3.96658712113727,3.92774077473803,3.92757296492428,0.389282856460504,-0.0203012504230325,0.0429182348062769,0.00967222664210652,6.1719808071425,638.113749348444,-0.0018509177539312,0,0
77.4,-4.6402412,3.9262033347686,0.41940715659475,3.96681330726395,3.92794090670488,3.9277833700057,0.389285299017509,-0.0205771148777696,0.0429182348062769,0.00967222664210652,6.1719808071425,638.113749348444,-0.00173757193627999,0,0
77.5,-4.6400439,3.9264512995001,0.41945254236548,3.96709816685813,3.92820577805583,3.92804670810654,0.389287397131641,-0.0208470594260085,0.0429182348062769,0.00967222664210652,6.1719808071425,638.113749348444,-0.00175447855573063,0,0
77.6,-4.6402412,3.9267836922022,0.41949792620645,3.96739812200878,3.92848168084131,3.92832773439119,0.389290976343589,-0.0211164426819453,0.0429182348062769,0.00967222664210652,6.1719808071425,638.113749348444,-0.00169798863911419,0,0
77.7,-4.6412261,3.9270024994627,0.41954331197718,3.96773072451258,3.92879221246201,3.92862995381335,0.38929239619466,-0.0213751323284021,0.0429182348062769,0.00967222664210652,6.1719808071425,638.113749348444,-0.00178971299930719,0,0
77.8,-4.642999,3.9273554292679,0.41958870738113,3.96809610675964,3.92912425551781,3.9289638959729,0.389294437054651,-0.0216311742215663,0.0429182348062769,0.00967222664210652,6.1719808071425,638.113749348444,-0.00176882624991048,0,0
77.9,-4.6416201,3.9276019458025,0.41963412012566,3.96831912355567,3.92931910393486,3.92916343518133,0.389297859074882,-0.0218868575739971,0.0429182348062769,0.00967222664210652,6.1719808071425,638.113749348444,-0.00171715813236339,0,0
78,-4.6396499,3.9278877883297,0.41967951938328,3.96851333089864,3.92948893001045,3.92934378591378,0.389304197053675,-0.0221461431401015,0.0428507034026661,0.0100444470240246,6.38851279459104,636.024340544659,-0.00160114168074976,1,0
78.1,-4.6412261,3.9282027623184,0.41972489937057,3.96886274618829,3.92951810400775,3.9293987968827,0.389317658463035,-0.0224349927497733,0.0428507034026661,0.0100444470240246,6.38851279459104,636.024340544659,-0.0013153416893501,0,0
78.2,-4.640832,3.928497229223,0.41977029477452,3.96912240043507,3.92979778168618,3.92967976371727,0.389331655082862,-0.0227204300895516,0.0428507034026661,0.0100444470240246,6.38851279459104,636.024340544659,-0.00130055246318461,0,0
78.3,-4.6418169,3.9287540402773,0.41981568632382,3.9694410757546,3.93013334154973,3.93000813706889,0.389343909630134,-0.0229957282880864,0.0428507034026661,0.0100444470240246,6.38851279459104,636.024340544659,-0.0013793012724288,0,0
78.4,-4.6410288,3.9290691622736,0.41986108750633,3.96967874070498,3.93038162707957,3.9302624623183,0.389357927671502,-0.0232713882159463,0.0428507034026661,0.0100444470240246,6.38851279459104,636.024340544659,-0.00131246480597325,0,0
78.5,-4.6424077,3.9293943047895,0.41990648098051,3.97001047736578,3.93072439868364,3.93060361461866,0.389371659967997,-0.0235412712160939,0.0428507034026661,0.0100444470240246,6.38851279459104,636.024340544659,-0.00133009389414473,0,0
78.6,-4.6412261,3.9297281457109,0.41995188794158,3.97022626112652,3.93095186722171,3.93084073198464,0.389388064112177,-0.0238144682057981,0.0428507034026661,0.0100444470240246,6.38851279459104,636.024340544659,-0.0012237215108053,0,0
78.7,-4.6420142,3.9300037456977,0.41999728334553,3.97052733619845,3.9312689499496,3.93115404151696,0.389403598600974,-0.0240802258371524,0.0428507034026661,0.0100444470240246,6.38851279459104,636.024340544659,-0.00126520425189591,0,0
78.8,-4.6420142,3.9302793456847,0.42004268645782,3.9707912755242,3.93154449108566,3.93142958622372,0.389419262116002,-0.0243418748180139,0.0428507034026661,0.0100444470240246,6.38851279459104,636.024340544659,-0.00126514540095712,0,0
78.9,-4.6420142,3.9305856992381,0.4200880895701,3.97105306543984,3.93181597206391,3.93170423577823,0.389435857380201,-0.0246018020549526,0.0428507034026661,0.0100444470240246,6.38851279459104,636.024340544659,-0.00123027282581001,0,0
79,-4.6414229,3.9309181700863,0.42013349268239,3.97128642310147,3.93206124700978,3.9319574334731,0.389454594510105,-0.0248637149190887,0.0427017378083104,0.0104838240009447,6.79411872399781,648.057304604276,-0.00114307692347948,1,0
79.1,-4.6414229,3.9311269046885,0.42017889001122,3.97154390717664,3.93165397620224,3.93160605632009,0.389487802765306,-0.0251742897257245,0.0427017378083104,0.0104838240009447,6.79411872399781,648.057304604276,-0.00052707151374376,0,0
79.2,-4.6414229,3.9314197755611,0.42022428734005,3.9717993038283,3.93198947361662,3.93193763598715,0.389520132704713,-0.0254771882202961,0.0427017378083104,0.0104838240009447,6.79411872399781,648.057304604276,-0.00056969805552276,0,0
79.3,-4.6398472,3.9316094991636,0.42026968466889,3.97198253938278,3.93224934255911,3.9321910868163,0.389550966220771,-0.0257705705417565,0.0427017378083104,0.0104838240009447,6.79411872399781,648.057304604276,-0.000639843395506823,0,0
79.4,-4.6418169,3.9319828621241,0.42031506658595,3.97232125836749,3.93264964653841,3.93258891074872,0.389581280418217,-0.0260573919334237,0.0427017378083104,0.0104838240009447,6.79411872399781,648.057304604276,-0.000666784414310229,0,0
79.5,-4.6402412,3.9322773290772,0.42036046776846,3.97250046607506,3.93289220383747,3.93283617845565,0.389612880902975,-0.0263439107242955,0.0427017378083104,0.0104838240009447,6.79411872399781,648.057304604276,-0.000614874760265227,0,0
79.6,-4.642605,3.9325238455801,0.42040585353919,3.97285272717219,3.93330325373126,3.93323222094838,0.389640884223261,-0.0266141719922568,0.0427017378083104,0.0104838240009447,6.79411872399781,648.057304604276,-0.000779408151159178,0,0
79.7,-4.640438,3.932840415601,0.42045126243004,3.97300172649112,3.93350225704202,3.93344193028485,0.38967162079354,-0.0268891483630509,0.0427017378083104,0.0104838240009447,6.79411872399781,648.057304604276,-0.000661841441018662,0,0
79.8,-4.6412261,3.9332019700265,0.42049665012566,3.97327995776762,3.93383378591444,3.93377619118728,0.389703080474916,-0.0271618468938642,0.0427017378083104,0.0104838240009447,6.79411872399781,648.057304604276,-0.000631815887938814,0,0
79.9,-4.6414229,3.9333902455409,0.42054204552961,3.97353002725259,3.93413894048671,3.93407068881616,0.38973205862016,-0.027422233157887,0.0427017378083104,0.0104838240009447,6.79411872399781,648.057304604276,-0.000748694945811312,0,0
80,-4.6418169,3.9336881842216,0.42058744285844,3.97378695986183,3.93443808629358,3.93436972442318,0.389761094212892,-0.0276786856534087,0.0424924191477439,0.0109740502237142,7.39820441297786,674.154415385383,-0.000749902071977893,1,0
80.1,-4.6406348,3.9339485,0.42063284404095,3.97397191309116,3.93370044909962,3.93372309469452,0.38981184507142,-0.0280088820085136,0.0424924191477439,0.0109740502237142,7.39820441297786,674.154415385383,0.000248050900380825,0,0
80.2,-0,3.7348209409963,0.42067823366145,3.76777254961377,3.73687925193228,3.73669113020861,0.389813321636611,-0.028167406636217,0.0424924191477439,0.0109740502237142,7.39820441297786,674.154415385383,-0.00205831093597686,0,0
80.3,-0,3.7322316245837,0.42067823366145,3.76746629973341,3.73631295878495,3.73593962453343,0.389727122948946,-0.0274923712382895,0.0424924191477439,0.0109740502237142,7.39820441297786,674.154415385383,-0.00408133420125001,0,0
80.4,-0,3.7308470016296,0.42067823366145,3.7671629929602,3.7355705160349,3.73513816533664,0.389628294251052,-0.0267785869021326,0.0424924191477439,0.0109740502237142,7.39820441297786,674.154415385383,-0.00472351440530483,0,0
80.5,-0,3.7300674590942,0.42067823366145,3.76686260101046,3.73477864000074,3.73434721700026,0.389530581115913,-0.026074323766393,0.0424924191477439,0.0109740502237142,7.39820441297786,674.154415385383,-0.00471118090653722,0,0
80.6,-0,3.7292545836642,0.42067823366145,3.76656509587229,3.73399714699676,3.73356270442969,0.389433012633418,-0.0253763680693634,0.0424924191477439,0.0109740502237142,7.39820441297786,674.154415385383,-0.00474256333256262,0,0
80.7,-0,3.7287048476218,0.42067823366145,3.76627044980301,3.73322200507586,3.73280811420771,0.38934078000699,-0.0247036010712105,0.0424924191477439,0.0109740502237142,7.39820441297786,674.154415385383,-0.00451715745406345,0,0
80.8,-0,3.7281583651542,0.42067823366145,3.76597863532653,3.73247644732382,3.73208073596318,0.389253228243972,-0.024053893470778,0.0424924191477439,0.0109740502237142,7.39820441297786,674.154415385383,-0.00431808216961604,0,0
80.9,-0,3.7278150121043,0.42067823366145,3.76568962523082,3.73175779195716,3.73139643980408,0.389173805406867,-0.0234400564629493,0.0424924191477439,0.0109740502237142,7.39820441297786,674.154415385383,-0.00394277985285951,0,0
81,-0,3.7273960006667,0.42067823366145,3.76540339256536,3.73108173708268,3.73074392698722,0.389100009301029,-0.022853011100705,0.0435249855156563,0.00988912960961781,5.5233084218734,558.523210829559,-0.00368573641598369,1,0
81.1,-0,3.726997647162,0.42067823366145,3.76511991063864,3.7303338941892,3.73002987566975,0.389031714602055,-0.0221995467214707,0.0435249855156563,0.00988912960961781,5.5233084218734,558.523210829559,-0.00333624702720448,0,0
81.2,-0,3.7266384536725,0.42067823366145,3.76483915301564,3.72963156744609,3.7293600410856,0.388969233049962,-0.0215851420022155,0.0435249855156563,0.00988912960961781,5.5233084218734,558.523210829559,-0.00299311377359102,0,0
81.3,-0,3.7263881411171,0.42067823366145,3.76456109351539,3.72897275662091,3.72873910414681,0.388914339881927,-0.0210129029716223,0.0435249855156563,0.00988912960961781,5.5233084218734,558.523210829559,-0.00258461550381117,0,0
81.4,-0,3.7260478537061,0.42067823366145,3.76428570620854,3.72836208689679,3.72815343901907,0.388864437701701,-0.020471508048694,0.0435249855156563,0.00988912960961781,5.5233084218734,558.523210829559,-0.00231423319069046,0,0
81.5,-0,3.7259014645678,0.42067823366145,3.76401296541491,3.72778613557325,3.72761656598843,0.388823253915559,-0.0199711707894157,0.0435249855156563,0.00988912960961781,5.5233084218734,558.523210829559,-0.0018846710054472,0,0
81.6,-0,3.7256447826818,0.42067823366145,3.7637428457011,3.72725823968288,3.72711329919701,0.388787584383086,-0.0194995478560592,0.0435249855156563,0.00988912960961781,5.5233084218734,558.523210829559,-0.00161345700107951,0,0
81.7,-0,3.7253343362314,0.42067823366145,3.76347532187815,3.72676343483418,3.72663520711055,0.388755669233017,-0.0190497689660106,0.0435249855156563,0.00988912960961781,5.5233084218734,558.523210829559,-0.00142909860278451,0,0
81.8,-0,3.7251234116424,0.42067823366145,3.76321036899915,3.72629341276073,3.72618852526855,0.388729310293328,-0.018626471185658,0.0435249855156563,0.00988912960961781,5.5233084218734,558.523210829559,-0.00117000111832866,0,0
81.9,-0,3.7248572827209,0.42067823366145,3.76294796235696,3.72585432580295,3.72576500147455,0.388706677663369,-0.0182230256960335,0.0435249855156563,0.00988912960961781,5.5233084218734,558.523210829559,-0.000997043082047178,0,0
82,-0,3.7247893535423,0.42067823366145,3.76268807748186,3.72543804069982,3.72537995263653,0.388691857177258,-0.0178511246994977,0.0432798541742215,0.0101377560698459,5.96219368108202,588.117689950757,-0.000648687157522421,1,0
82.1,-0,3.724472829816,0.42067823366145,3.76243069013928,3.72508304420908,3.72502833194477,0.388677933911873,-0.0175118558891126,0.0432798541742215,0.0101377560698459,5.96219368108202,588.117689950757,-0.000610214393077513,0,0
82.2,-0,3.7242570356876,0.42067823366145,3.76217577632757,3.72473706639813,3.72469398318228,0.38866699794671,-0.0171872088553838,0.0432798541742215,0.0101377560698459,5.96219368108202,588.117689950757,-0.000480030710531043,0,0
82.3,-0,3.7241641470764,0.42067823366145,3.76192331227572,3.72440811732007,3.72438620334692,0.38866144949151,-0.0168843512748647,0.0432798541742215,0.0101377560698459,5.96219368108202,588.117689950757,-0.000243970243672287,0,0
82.4,-0,3.7240506886261,0.42067823366145,3.76167327444117,3.72410537475657,3.72410045965178,0.388660208144404,-0.0165997088280166,0.0432798541742215,0.0101377560698459,5.96219368108202,588.117689950757,-5.46861304666635e-05,0,0
82.5,-0,3.7238634117078,0.42067823366145,3.76142563950762,3.72382436537048,3.72382787650697,0.388661092697332,-0.0163263409611948,0.0432798541742215,0.0101377560698459,5.96219368108202,588.117689950757,3.90463373172167e-05,0,0
82.6,-0,3.7237357006413,0.42067823366145,3.76118038438283,3.72355632901053,3.72357246460829,0.388665147614135,-0.0160673317848697,0.0432798541742215,0.0101377560698459,5.96219368108202,588.117689950757,0.000179371630770753,0,0
82.7,-0,3.7236869175437,0.42067823366145,3.76093748619647,3.72330522507611,3.72333957060225,0.388673757396683,-0.0158267996989915,0.0432798541742215,0.0101377560698459,5.96219368108202,588.117689950757,0.000381692467589456,0,0
82.8,-0,3.7234396828388,0.42067823366145,3.76069692229802,3.72307633171455,3.72310903393759,0.388681935040298,-0.0155890083220866,0.0432798541742215,0.0101377560698459,5.96219368108202,588.117689950757,0.000363351124254674,0,0
82.9,-0,3.7233719295514,0.42067823366145,3.76045867025462,3.72284975010957,3.72289675463567,0.388693660310027,-0.015366327067989,0.0432798541742215,0.0101377560698459,5.96219368108202,588.117689950757,0.000522179441825976,0,0
83,-0,3.7232631886598,0.42067823366145,3.760222707849,3.72264117454857,3.72269717211131,0.388707594689352,-0.0151543828026452,0.0430080702912718,0.0104029384364643,6.64238671585629,638.510624322589,0.000622014111225866,1,0
83.1,-0,3.7230410653268,0.42067823366145,3.7599890130774,3.7224707342295,3.72252219028611,0.388720229773488,-0.0149681918927967,0.0430080702912718,0.0104029384364643,6.64238671585629,638.510624322589,0.000570331097296428,0,0
83.2,-0,3.7230127,0.42067823366145,3.75975756414751,3.72229853448232,3.72236307553913,0.388735886283362,-0.0147951876344567,0.0430080702912718,0.0104029384364643,6.64238671585629,638.510624322589,0.000714165517676779,0,0
83.3,-0,3.7228396117825,0.42067823366145,3.75952833947646,3.72214200477745,3.72220513060822,0.388751029853314,-0.0146238082415688,0.0430080702912718,0.0104029384364643,6.64238671585629,638.510624322589,0.000697607005048617,0,0
83.4,-0,3.7227119006862,0.42067823366145,3.75930131768879,3.72198662060981,3.72205231490736,0.388766629411294,-0.0144571535536355,0.0430080702912718,0.0104029384364643,6.64238671585629,638.510624322589,0.000725280076389723,0,0
83.5,-0,3.7225592822386,0.42067823366145,3.75907647761445,3.72183629507532,3.72190183000733,0.388782045805191,-0.0142929921586703,0.0430080702912718,0.0104029384364643,6.64238671585629,638.510624322589,0.000722987163278344,0,0
83.6,-0,3.722470971133,0.42067823366145,3.75885379828687,3.72168826308671,3.72175925019877,0.388798601267331,-0.0141357253425248,0.0430080702912718,0.0104029384364643,6.64238671585629,638.510624322589,0.000782708046292324,0,0
83.7,-0,3.7224615,0.42067823366145,3.75863325894094,3.72154803317027,3.72163091224346,0.388817777056475,-0.0139903757835306,0.0430080702912718,0.0104029384364643,6.64238671585629,638.510624322589,0.000913466829729259,0,0
83.8,-0,3.7222884118293,0.42067823366145,3.75841483901111,3.72142186703856,3.7215005108698,0.388835839877845,-0.0138439501640828,0.0430080702912718,0.0104029384364643,6.64238671585629,638.510624322589,0.000866544790740775,0,0
83.9,-0,3.7221607007143,0.42067823366145,3.75819851812948,3.72129365356708,3.72137235784296,0.388853794320087,-0.0136998690388738,0.0430080702912718,0.0104029384364643,6.64238671585629,638.510624322589,0.000867047147220301,0,0
84,-0,3.722111917568,0.42067823366145,3.75798427612389,3.72116765341081,3.72125337702073,0.388873227479666,-0.0135636482894361,0.0427947982675963,0.0105985370286252,7.3862205591862,696.909445071242,0.000944264157190844,1,0
84.1,-0,3.7220379471437,0.42067823366145,3.75777209301601,3.72107098003026,3.7211589374337,0.388892848989299,-0.0134518016823877,0.0427947982675963,0.0105985370286252,7.3862205591862,696.909445071242,0.000966967113441797,0,0
84.2,-0,3.7218898183029,0.42067823366145,3.75756194901955,3.72097804449907,3.72106110723001,0.388911108545146,-0.0133377727019447,0.0427947982675963,0.0105985370286252,7.3862205591862,696.909445071242,0.000911773803825344,0,0
84.3,-0,3.7218016471512,0.42067823366145,3.75735382453833,3.72088174769867,3.72096564795532,0.388929306504671,-0.0132261692950347,0.0427947982675963,0.0105985370286252,7.3862205591862,696.909445071242,0.00091989945252724,0,0
84.4,-0,3.7217576175755,0.42067823366145,3.7571477001645,3.72078778920939,3.72087632107685,0.388948275112479,-0.0131200146116756,0.0427947982675963,0.0105985370286252,7.3862205591862,696.909445071242,0.000969828366107262,0,0
84.5,-0,3.7217180535894,0.42067823366145,3.75694355667674,3.7206998898447,3.7207928952343,0.38896798007202,-0.0130191077173819,0.0427947982675963,0.0105985370286252,7.3862205591862,696.909445071242,0.00101816374469843,0,0
84.6,-0,3.7216787175792,0.42067823366145,3.75674137503844,3.72061782094635,3.72071477677175,0.388988312363312,-0.0129229516721936,0.0427947982675963,0.0105985370286252,7.3862205591862,696.909445071242,0.00106089663285136,0,0
84.7,-0,3.7215700767512,0.42067823366145,3.75654113639593,3.72054099554101,3.72063507653245,0.389007857312848,-0.0128259123323748,0.0427947982675963,0.0105985370286252,7.3862205591862,696.909445071242,0.00102908121018652,0,0
84.8,-0,3.7213826359308,0.42067823366145,3.75634282207673,3.72046260023702,3.72054673247296,0.389025185608301,-0.0127221956541926,0.0427947982675963,0.0105985370286252,7.3862205591862,696.909445071242,0.000920035693782406,0,0
84.9,-0,3.7213936704112,0.42067823366145,3.7561464135878,3.72037565090626,3.72046875823191,0.389044211576901,-0.0126273427212155,0.0427947982675963,0.0105985370286252,7.3862205591862,696.909445071242,0.00101801950493741,0,0
85,-0,3.7213291471774,0.42067823366145,3.75595189261383,3.72029895219884,3.72039318234508,0.389063327801776,-0.0125348080725273,0.042632735856112,0.0107339289384295,8.14381859115473,758.698761457074,0.00103019497855827,1,0
85.1,-0,3.7213197,0.42067823366145,3.75575924101552,3.72024020542233,3.72033911085197,0.389083075153185,-0.0124632179201695,0.042632735856112,0.0107339289384295,8.14381859115473,758.698761457074,0.00107949457766621,0,0
85.2,-0,3.7212156007874,0.42067823366145,3.75556844082788,3.72018700762758,3.72028137185618,0.389101643784748,-0.0123890059542856,0.042632735856112,0.0107339289384295,8.14381859115473,758.698761457074,0.00102859315981618,0,0
85.3,-0,3.7210283119694,0.42067823366145,3.7553794742586,3.7201301743272,3.72021265267246,0.389117659626219,-0.0123060784818891,0.042632735856112,0.0107339289384295,8.14381859115473,758.698761457074,0.000898137642196595,0,0
85.4,-0,3.7210047,0.42067823366145,3.75519232368631,3.72006246720441,3.72014906067359,0.38913427218787,-0.0122277488201882,0.042632735856112,0.0107339289384295,8.14381859115473,758.698761457074,0.000942232795587916,0,0
85.5,-0,3.7209006888001,0.42067823366145,3.75500697165902,3.71999983115401,3.72008266950835,0.389149989700915,-0.0121474140252643,0.042632735856112,0.0107339289384295,8.14381859115473,758.698761457074,0.000900857646085829,0,0
85.6,-0,3.7209556648043,0.42067823366145,3.75482340089244,3.71993442040823,3.72002836878708,0.38916763627895,-0.012077458324192,0.042632735856112,0.0107339289384295,8.14381859115473,758.698761457074,0.00102124439606799,0,0
85.7,-0,3.720826682403,0.42067823366145,3.75464159426838,3.7198809734382,3.71996799988618,0.389183832786848,-0.012002720858252,0.042632735856112,0.0107339289384295,8.14381859115473,758.698761457074,0.000945708964797287,0,0
85.8,-0,3.7207037008211,0.42067823366145,3.75446153483318,3.719821516646,3.71990271515481,0.389198817984571,-0.0119241421631917,0.042632735856112,0.0107339289384295,8.14381859115473,758.698761457074,0.000882184175100775,0,0
85.9,-0,3.7207935991733,0.42067823366145,3.75428320579609,3.71975719090235,3.71985259880867,0.389216290550523,-0.0118585252102662,0.042632735856112,0.0107339289384295,8.14381859115473,758.698761457074,0.00103640827094731,0,0
86,-0,3.7205998656524,0.42067823366145,3.75410659052772,3.71970787535663,3.71978999649285,0.389231224329137,-0.0117826745466773,0.0425123326098942,0.010822225158982,8.86480550642511,819.129649974771,0.000891990295774026,1,0
86.1,-0,3.7205715,0.42067823366145,3.75393167255851,3.71965782815452,3.71974206150571,0.389246322197132,-0.0117213456415725,0.0425123326098942,0.010822225158982,8.86480550642511,819.129649974771,0.000913671845477193,0,0
86.2,-0,3.7206061703868,0.42067823366145,3.75375843557714,3.71961058110453,3.7197024649913,0.389262575675397,-0.0116673300214548,0.0425123326098942,0.010822225158982,8.86480550642511,819.129649974771,0.000995589282270615,0,0
86.3,-0,3.720506976841,0.42067823366145,3.75358686342907,3.71957159049285,3.71965798962458,0.389277676513395,-0.0116094581019624,0.0425123326098942,0.010822225158982,8.86480550642511,819.129649974771,0.000935386348145606,0,0
86.4,-0,3.7203195360804,0.42067823366145,3.75341694011502,3.71952776428566,3.71960094448026,0.389290327779956,-0.0115411895169242,0.0425123326098942,0.010822225158982,8.86480550642511,819.129649974771,0.000791771794736551,0,0
86.5,-0,3.7203651527666,0.42067823366145,3.75324864978943,3.71947148492211,3.71955412266936,0.389304472365928,-0.0114818194823741,0.0425123326098942,0.010822225158982,8.86480550642511,819.129649974771,0.000893667844493073,0,0
86.6,-0,3.7202360944744,0.42067823366145,3.75308197675905,3.71942532907535,3.71950032783136,0.389317193376286,-0.0114167393311627,0.0425123326098942,0.010822225158982,8.86480550642511,819.129649974771,0.000810765399049007,0,0
86.7,-0,3.7201477712491,0.42067823366145,3.75291690548142,3.71937226425289,3.71944402055288,0.389329264087787,-0.0113497236453905,0.0425123326098942,0.010822225158982,8.86480550642511,819.129649974771,0.000775506996212538,0,0
86.8,-0,3.7201037176203,0.42067823366145,3.75275342056347,3.71931670870117,3.71938954323239,0.389341424069886,-0.0112844587221292,0.0425123326098942,0.010822225158982,8.86480550642511,819.129649974771,0.000787008919132859,0,0
86.9,-0,3.7199951648705,0.42067823366145,3.75259150676003,3.71926296346884,3.71933073489126,0.389352661141374,-0.0112156815288496,0.0425123326098942,0.010822225158982,8.86480550642511,819.129649974771,0.000732201401662635,0,0
87,-0,3.720050164752,0.42067823366145,3.75243114897246,3.71920492661361,3.71928316757154,0.389365552924282,-0.0111566773968149,0.0424197018216113,0.0108791106346359,9.54414459874846,877.290885190809,0.000845238138394322,1,0
87.1,-0,3.7199904352517,0.42067823366145,3.75227233224723,3.71916688231287,3.7192432031359,0.389377969358265,-0.0111056978497465,0.0424197018216113,0.0108791106346359,9.54414459874846,877.290885190809,0.000823552938831185,0,0
87.2,-0,3.7198769008998,0.42067823366145,3.75211504177447,3.71912744923343,3.71919696486892,0.389389148545706,-0.0110495420818674,0.0424197018216113,0.0108791106346359,9.54414459874846,877.290885190809,0.000749451666367307,0,0
87.3,-0,3.7199667990947,0.42067823366145,3.7519592628867,3.71908179627405,3.71916394183991,0.389402220489784,-0.0110049224124021,0.0424197018216113,0.0108791106346359,9.54414459874846,877.290885190809,0.000885002820647962,0,0
87.4,-0,3.7199114832795,0.42067823366145,3.75180498105733,3.71904923831269,3.71912931422768,0.38941484166827,-0.0109590980517835,0.0424197018216113,0.0108791106346359,9.54414459874846,877.290885190809,0.000862244966808756,0,0
87.5,-0,3.7197289121749,0.42067823366145,3.75165218189943,3.71901508832454,3.71908140756852,0.389425203958064,-0.010901998594044,0.0424197018216113,0.0108791106346359,9.54414459874846,877.290885190809,0.000713823850363227,0,0
87.6,-0,3.7196012889181,0.42067823366145,3.75150085116429,3.71896777680898,3.71902665272255,0.389434330661388,-0.0108391470872947,0.0424197018216113,0.0108791106346359,9.54414459874846,877.290885190809,0.000633512109118772,0,0
87.7,-0,3.7196911110763,0.42067823366145,3.75135097474015,3.71891367705982,3.71898594515535,0.389445452933699,-0.0107885725108514,0.0424197018216113,0.0108791106346359,9.54414459874846,877.290885190809,0.000777434016483003,0,0
87.8,-0,3.7196705416473,0.42067823366145,3.75120253865087,3.71887349662784,3.718947600288,0.389456783170888,-0.010740176140374,0.0424197018216113,0.0108791106346359,9.54414459874846,877.290885190809,0.000797045019461873,0,0
87.9,-0,3.7194927122123,0.42067823366145,3.75105552905462,3.71883565619244,3.71889675210541,0.389466068973338,-0.0106810901538589,0.0424197018216113,0.0108791106346359,9.54414459874846,877.290885190809,0.000657056019862878,0,0
88,-0,3.7195729350678,0.42067823366145,3.75090993224257,3.7187854238589,3.71885865626394,0.389477139034761,-0.0106331736215028,0.0423469224694793,0.0109143621888475,10.1737705174396,932.145217595524,0.000787511208895531,1,0
88.1,-0,3.7195178472932,0.42067823366145,3.75076573463767,3.71875465267335,3.71882569115754,0.389487759887762,-0.0105907863348419,0.0423469224694793,0.0109143621888475,10.1737705174396,932.145217595524,0.000763194619852303,0,0
88.2,-0,3.7193697186024,0.42067823366145,3.75062292279332,3.71872210215907,3.71878242736064,0.389496689279991,-0.0105396009196668,0.0423469224694793,0.0109143621888475,10.1737705174396,932.145217595524,0.000647616443329557,0,0
88.3,-0,3.7193508,0.42067823366145,3.75048148339216,3.71867933900922,3.71874192153939,0.389505869063369,-0.0104909513482146,0.0423469224694793,0.0109143621888475,10.1737705174396,932.145217595524,0.000671460990783856,0,0
88.4,-0,3.7193508,0.42067823366145,3.75034140324481,3.7186393090318,3.71870565226108,0.389515520558872,-0.010446119845153,0.0423469224694793,0.0109143621888475,10.1737705174396,932.145217595524,0.000711490968201112,0,0
88.5,-0,3.7192815473082,0.42067823366145,3.75020266928862,3.71860347825261,3.71866672689038,0.3895246532156,-0.0103990925321756,0.0423469224694793,0.0109143621888475,10.1737705174396,932.145217595524,0.000678069055591202,0,0
88.6,-0,3.7193067703419,0.42067823366145,3.75006526858651,3.71856501285836,3.71863422044762,0.389534578580665,-0.0103577809041078,0.0423469224694793,0.0109143621888475,10.1737705174396,932.145217595524,0.000741757483543548,0,0
88.7,-0,3.7192422473157,0.42067823366145,3.7499291883257,3.71853291048665,3.71859910634259,0.389544013570629,-0.0103142966449824,0.0423469224694793,0.0109143621888475,10.1737705174396,932.145217595524,0.000709336829049168,0,0
88.8,-0,3.7190941186473,0.42067823366145,3.74979441581655,3.71849822170328,3.71855383951574,0.389551896508277,-0.0102620365512476,0.0423469224694793,0.0109143621888475,10.1737705174396,932.145217595524,0.000595896944018737,0,0
88.9,-0,3.7191444526769,0.42067823366145,3.74966093849138,3.71845346603496,3.71851796601126,0.389560991866381,-0.0102180941935822,0.0423469224694793,0.0109143621888475,10.1737705174396,932.145217595524,0.000690986641944669,0,0
89,-0,3.7190500649882,0.42067823366145,3.74952874390326,3.71841802233283,3.71847702476975,0.389569273531331,-0.0101698059583777,0.04228964998221,0.0109344101296048,10.739526830966,982.177063387156,0.00063204265537431,1,0
89.1,-0,3.7190704823368,0.42067823366145,3.74939781972492,3.71838276917374,3.71844701832709,0.389578207638363,-0.0101318737147567,0.04228964998221,0.0109344101296048,10.739526830966,982.177063387156,0.000687713163055825,0,0
89.2,-0,3.7190752,0.42067823366145,3.74926815374751,3.71835311429396,3.7184206157433,0.389587514667653,-0.0100972144958578,0.04228964998221,0.0109344101296048,10.739526830966,982.177063387156,0.000722085706037046,0,0
89.3,-0,3.718971365005,0.42067823366145,3.74913973387955,3.71832703293806,3.71838729455517,0.389595759778006,-0.0100565787430709,0.04228964998221,0.0109344101296048,10.739526830966,982.177063387156,0.000644332066943587,0,0
89.4,-0,3.7189572,0.42067823366145,3.74901254814573,3.71829408836942,3.71835612933143,0.389604189313457,-0.0100179353438414,0.04228964998221,0.0109344101296048,10.739526830966,982.177063387156,0.000663111630583302,0,0
89.5,-0,3.7188185186996,0.42067823366145,3.74888658468583,3.71826328129967,3.71831524439407,0.38961120503381,-0.0099708264824898,0.04228964998221,0.0109344101296048,10.739526830966,982.177063387156,0.000555237399931574,0,0
89.6,-0,3.7189034349781,0.42067823366145,3.74876183175363,3.71822283297573,3.71828654260071,0.38961975748698,-0.00993453746845774,0.04228964998221,0.0109344101296048,10.739526830966,982.177063387156,0.000680602002364861,0,0
89.7,-0,3.7188830176744,0.42067823366145,3.74863827771577,3.7181944675155,3.71825893193798,0.389628366358849,-0.00989928953379059,0.04228964998221,0.0109344101296048,10.739526830966,982.177063387156,0.000688550158895573,0,0
89.8,-0,3.7188090473568,0.42067823366145,3.74851591105069,3.71816718353699,3.71822728458964,0.38963635474064,-0.00986055537488325,0.04228964998221,0.0109344101296048,10.739526830966,982.177063387156,0.000641863819805799,0,0
89.9,-0,3.7187650176781,0.42067823366145,3.74839472034757,3.71813589518382,3.71819480869412,0.389644151825906,-0.00982116237553697,0.04228964998221,0.0109344101296048,10.739526830966,982.177063387156,0.000629122494278267,0,0
90,-0,3.7187603,0.42067823366145,3.74827469430524,3.71810378438972,3.71816526726331,0.389652257404649,-0.00978443016410035,0.042241379873897,0.010944607793103,11.2698391848643,1029.7161303456,0.000656515610277797,1,0
90.1,-0,3.7185869484307,0.42067823366145,3.74815582173113,3.71807883170455,3.71812644860273,0.389658484228516,-0.00974008744091327,0.042241379873897,0.010944607793103,11.2698391848643,1029.7161303456,0.00050811672615092,0,0
90.2,-0,3.7187019812479,0.42067823366145,3.74803809154024,3.71804040476715,3.71810243521086,0.389666536499426,-0.00970893055990434,0.042241379873897,0.010944607793103,11.2698391848643,1029.7161303456,0.000661576480753379,0,0
90.3,-0,3.7185476364451,0.42067823366145,3.74792149275409,3.71801666661485,3.71806647161777,0.389672958878643,-0.00966726941928816,0.042241379873897,0.010944607793103,11.2698391848643,1029.7161303456,0.000530969830247141,0,0
90.4,-0,3.7185932526208,0.42067823366145,3.74780601449973,3.71798107105586,3.71803851214521,0.38968032143095,-0.00963277833434002,0.042241379873897,0.010944607793103,11.2698391848643,1029.7161303456,0.000612181564940251,0,0
90.5,-0,3.7184987770766,0.42067823366145,3.74769164600866,3.7179534162772,3.7180046003215,0.389686846282273,-0.00959307805604139,0.042241379873897,0.010944607793103,11.2698391848643,1029.7161303456,0.000545360799398154,0,0
90.6,-0,3.7184846,0.42067823366145,3.7475783766159,3.71791985516536,3.71797286867533,0.389693571045376,-0.00955538060559421,0.042241379873897,0.010944607793103,11.2698391848643,1029.7161303456,0.000564744834639086,0,0
90.7,-0,3.7185538526096,0.42067823366145,3.74746619575895,3.71788845653809,3.71795092755852,0.389701460122834,-0.00952644077504053,0.042241379873897,0.010944607793103,11.2698391848643,1029.7161303456,0.000665396071513946,0,0
90.8,-0,3.7186325526058,0.42067823366145,3.74735509297681,3.71786677107546,3.71793867488301,0.389710503696362,-0.00950616518648751,0.042241379873897,0.010944607793103,11.2698391848643,1029.7161303456,0.000765781530344345,0,0
90.9,-0,3.7184340662023,0.42067823366145,3.74724505790903,3.71785469751429,3.71790910247283,0.389717321319232,-0.00947054459245378,0.042241379873897,0.010944607793103,11.2698391848643,1029.7161303456,0.000579368688012671,0,0
91,-0,3.7183364474017,0.42067823366145,3.74713608029472,3.71782543977608,3.71787342833948,0.389723314926287,-0.00942955329239369,0.0422018843583637,0.0109476721227898,11.7436459128551,1072.70712724473,0.000511007625618731,1,0
91.1,-0,3.7182924177005,0.42067823366145,3.74702814997157,3.71779347429791,3.71784035580521,0.389729129785496,-0.00939132216571104,0.0422018843583637,0.0109476721227898,11.7436459128551,1072.70712724473,0.00049894340259371,0,0
91.2,-0,3.7182531177024,0.42067823366145,3.74692125687498,3.71776072592884,3.71780701200385,0.389734834880274,-0.00935291714832708,0.0422018843583637,0.0109476721227898,11.7436459128551,1072.70712724473,0.000492391773560197,0,0
91.3,-0,3.7182137297086,0.42067823366145,3.74681539103704,3.71772770776712,3.71777341072191,0.389740436225048,-0.00931434669110045,0.0422018843583637,0.0109476721227898,11.7436459128551,1072.70712724473,0.000486021941476178,0,0
91.4,-0,3.7182436702895,0.42067823366145,3.74671054258564,3.7176944335276,3.71774609473692,0.389746735405941,-0.00928144245271614,0.0422018843583637,0.0109476721227898,11.7436459128551,1072.70712724473,0.000549236761902439,0,0
91.5,-0,3.7181791474203,0.42067823366145,3.74660670174354,3.71766739654065,3.71771554189979,0.389752578716124,-0.00924570578318767,0.0422018843583637,0.0109476721227898,11.7436459128551,1072.70712724473,0.00051175087965305,0,0
91.6,-0,3.7182389525759,0.42067823366145,3.74650385882747,3.71763714671799,3.71769377360244,0.389759422641539,-0.00921786596794985,0.0422018843583637,0.0109476721227898,11.7436459128551,1072.70712724473,0.000601805857906257,0,0
91.7,-0,3.7180750485804,0.42067823366145,3.74640200424721,3.71761561447697,3.71765885029627,0.389764628338923,-0.00917832448100293,0.0422018843583637,0.0109476721227898,11.7436459128551,1072.70712724473,0.000459434103427192,0,0
91.8,-0,3.7181206525684,0.42067823366145,3.74630112850469,3.71758102644667,3.71763181370831,0.389770722309197,-0.00914588169012871,0.0422018843583637,0.0109476721227898,11.7436459128551,1072.70712724473,0.000539626121728087,0,0
91.9,-0,3.7180955177155,0.42067823366145,3.74620122219316,3.71755426494409,3.71760520896274,0.389776816154692,-0.0091138708523486,0.0422018843583637,0.0109476721227898,11.7436459128551,1072.70712724473,0.000541252771408818,0,0
92,-0,3.7181253822827,0.42067823366145,3.74610227599622,3.71752793162134,3.71758416813319,0.389783524228736,-0.00908687902405383,0.0421672765051139,0.0109456961676052,12.189428728231,1113.62754287907,0.00059745066136152,1,0
92.1,-0,3.7180608474428,0.42067823366145,3.74600428068704,3.71750992587508,3.71756180780555,0.389789675299802,-0.0090590618371207,0.0421672765051139,0.0109456961676052,12.189428728231,1113.62754287907,0.000550921567723073,0,0
92.2,-0,3.7179822354421,0.42067823366145,3.74590722712744,3.71748779282137,3.7175343737645,0.389795167591345,-0.00902675536623968,0.0421672765051139,0.0109456961676052,12.189428728231,1113.62754287907,0.000494442620727398,0,0
92.3,-0,3.7179381297273,0.42067823366145,3.74581110626706,3.71746062273292,3.71750562174303,0.389800447059826,-0.00899331971872226,0.0421672765051139,0.0109456961676052,12.189428728231,1113.62754287907,0.000477506994377208,0,0
92.4,-0,3.7179334,0.42067823366145,3.74571590914253,3.71743214388973,3.71747939213174,0.38980596559728,-0.00896219439382225,0.0421672765051139,0.0109456961676052,12.189428728231,1113.62754287907,0.000501256110272408,0,0
92.5,-0,3.7178985537398,0.42067823366145,3.74562162687661,3.71740616858077,3.71745258923736,0.389811365548219,-0.00893060098862251,0.0421672765051139,0.0109456961676052,12.189428728231,1113.62754287907,0.000492385159034825,0,0
92.6,-0,3.7178246354571,0.42067823366145,3.74552825067737,3.71737962381304,3.71742158427068,0.389816228834322,-0.0088952816078057,0.0421672765051139,0.0109456961676052,12.189428728231,1113.62754287907,0.000445011644060411,0,0
92.7,-0,3.7178843645392,0.42067823366145,3.74543577183737,3.71734890741525,3.71739940166103,0.389822061900432,-0.00886792425368239,0.0421672765051139,0.0109456961676052,12.189428728231,1113.62754287907,0.000535457123949534,0,0
92.8,-0,3.7178592177323,0.42067823366145,3.74534418173286,3.71732694832258,3.7173771462527,0.389827843467459,-0.00884053978776182,0.0421672765051139,0.0109456961676052,12.189428728231,1113.62754287907,0.000532269409720509,0,0
92.9,-0,3.7177159949453,0.42067823366145,3.74525347182296,3.71730491665274,3.71734368765934,0.389832296925118,-0.00880313035534448,0.0421672765051139,0.0109456961676052,12.189428728231,1113.62754287907,0.00041107829255882,0,0
93,-0,3.7177663525236,0.42067823366145,3.74516363364885,3.71727176370456,3.71731841331841,0.389837642350123,-0.0087731138757231,0.0421382034835791,0.0109403754061786,12.5873742460124,1150.54317413127,0.000494588819043518,1,0
93.1,-0,3.7177412177379,0.42067823366145,3.74507465883304,3.71724899171433,3.71729543742934,0.389842936499315,-0.00874544133676648,0.0421382034835791,0.0109403754061786,12.5873742460124,1150.54317413127,0.000492226023571352,0,0
93.2,-0,3.7176672474839,0.42067823366145,3.74498653907852,3.71722623479791,3.71726786154756,0.389847658896696,-0.00871367602882249,0.0421382034835791,0.0109403754061786,12.5873742460124,1150.54317413127,0.000441012685987729,0,0
93.3,-0,3.7176923822584,0.42067823366145,3.74489926616803,3.71719891027484,3.71724550048479,0.389852921806945,-0.00868664602947448,0.0421382034835791,0.0109403754061786,12.5873742460124,1150.54317413127,0.000493471983557203,0,0
93.4,-0,3.7176971,0.42067823366145,3.74481283196326,3.71717676310032,3.71722589956407,0.389858450962297,-0.00866213997557332,0.0421382034835791,0.0109403754061786,12.5873742460124,1150.54317413127,0.00052033689968356,0,0
93.5,-0,3.717627671504,0.42067823366145,3.74472722840412,3.71715735609587,3.71720177590862,0.389863432000985,-0.00863359744299919,0.0421382034835791,0.0109403754061786,12.5873742460124,1150.54317413127,0.000470315408130695,0,0
93.6,-0,3.7176876284922,0.42067823366145,3.744642447508,3.71713345829733,3.71718580434515,0.389869283459051,-0.00861243481881717,0.0421382034835791,0.0109403754061786,12.5873742460124,1150.54317413127,0.000554170194865922,0,0
93.7,-0,3.7176276715115,0.42067823366145,3.74455848136897,3.71711765419359,3.71716583420788,0.389874654003974,-0.00858770025798281,0.0421382034835791,0.0109403754061786,12.5873742460124,1150.54317413127,0.000510017317905564,0,0
93.8,-0,3.7175143652573,0.42067823366145,3.74447532215709,3.71709787978078,3.71713722696421,0.389879028795949,-0.00855521196270493,0.0421382034835791,0.0109403754061786,12.5873742460124,1150.54317413127,0.000416485476519401,0,0
93.9,-0,3.7174656177528,0.42067823366145,3.74439296211768,3.71706952961682,3.71710695186759,0.389883180010762,-0.00852125415864982,0.0421382034835791,0.0109403754061786,12.5873742460124,1150.54317413127,0.000396088135981465,0,0
94,-0,3.7174954822453,0.42067823366145,3.74431139357058,3.71703952322812,3.71708260387715,0.389887949013341,-0.00849267539672973,0.0421128272481696,0.0109325435438103,12.9520332673317,1184.72276972222,0.000455959017178653,1,0
94.1,-0,3.7175347822435,0.42067823366145,3.74423060890941,3.71701728614417,3.71706619834189,0.389893338768208,-0.00847148839600048,0.0421128272481696,0.0109325435438103,12.9520332673317,1184.72276972222,0.000517496099331716,0,0
94.2,-0,3.7174356652797,0.42067823366145,3.74415060060092,3.71700104355955,3.7170421342354,0.389897847959066,-0.00844342400731795,0.0421128272481696,0.0109325435438103,12.9520332673317,1184.72276972222,0.000434621720151185,0,0
94.3,-0,3.717490752475,0.42067823366145,3.74407136118424,3.71697719529814,3.71702575957045,0.389903157459484,-0.00842233907380506,0.0421128272481696,0.0109325435438103,12.9520332673317,1184.72276972222,0.000513557176857748,0,0
94.4,-0,3.7173615190665,0.42067823366145,3.74399288327021,3.71696098279883,3.7169988659187,0.38990728531642,-0.00839178343632401,0.0421128272481696,0.0109325435438103,12.9520332673317,1184.72276972222,0.000400536267673779,0,0
94.5,-0,3.7174466986901,0.42067823366145,3.74391515954068,3.71693432415252,3.71698279168834,0.389912550542322,-0.00837103821506802,0.0421128272481696,0.0109325435438103,12.9520332673317,1184.72276972222,0.000512374537576576,0,0
94.6,-0,3.7174262297704,0.42067823366145,3.74383818274781,3.71691840947503,3.71696645135224,0.389917755342838,-0.00835008049384824,0.0421128272481696,0.0109325435438103,12.9520332673317,1184.72276972222,0.000507820295365669,0,0
94.7,-0,3.7174215,0.42067823366145,3.74376194571344,3.71690223032617,3.71695135945337,0.389923064911936,-0.00833027826548155,0.0421128272481696,0.0109325435438103,12.9520332673317,1184.72276972222,0.000519269673825207,0,0
94.8,-0,3.7173520715527,0.42067823366145,3.74368644132837,3.71688729072756,3.71693126738863,0.389927807168472,-0.0083059791567327,0.0421128272481696,0.0109325435438103,12.9520332673317,1184.72276972222,0.000464780825137456,0,0
94.9,-0,3.7172733475474,0.42067823366145,3.74361166255174,3.71686738554888,3.71690579878401,0.389931941280129,-0.00827684301757566,0.0421128272481696,0.0109325435438103,12.9520332673317,1184.72276972222,0.000405961998515725,0,0
95,-0,3.7173331524488,0.42067823366145,3.74353760241033,3.71684214103226,3.71688860362091,0.389936932764617,-0.00825521971045785,0.0420898416765047,0.0109226336271556,13.2963663409658,1217.32237799395,0.000491011416540399,1,0
95.1,-0,3.7172733475549,0.42067823366145,3.74346425399797,3.71682675022401,3.71686902348701,0.389941455586913,-0.00823162720138044,0.0420898416765047,0.0109226336271556,13.2963663409658,1217.32237799395,0.000446597330892473,0,0
95.2,-0,3.7172985702184,0.42067823366145,3.74339161047482,3.71680734686031,3.71685385596794,0.389946413252046,-0.00821206154079318,0.0420898416765047,0.0109226336271556,13.2963663409658,1217.32237799395,0.000491223358090931,0,0
95.3,-0,3.7172686297835,0.42067823366145,3.74331966506679,3.71679232593971,3.716837431452,0.389951205341692,-0.00819138577191556,0.0420898416765047,0.0109226336271556,13.2963663409658,1217.32237799395,0.000476303843788273,0,0
95.4,-0,3.7171947355616,0.42067823366145,3.7432484110649,3.71677605633988,3.71681571109113,0.389955405751982,-0.00816593906035069,0.0420898416765047,0.0109226336271556,13.2963663409658,1217.32237799395,0.000418679221720453,0,0
95.5,-0,3.7171157835835,0.42067823366145,3.74317784182463,3.71675452664208,3.71678874693575,0.389959020784769,-0.00813576786589905,0.0420898416765047,0.0109226336271556,13.2963663409658,1217.32237799395,0.000361256941420862,0,0
95.6,-0,3.7172103986282,0.42067823366145,3.74310795076531,3.71672778854863,3.71677350852523,0.389963838981761,-0.00811625504158095,0.0420898416765047,0.0109226336271556,13.2963663409658,1217.32237799395,0.000482610079573398,0,0
95.7,-0,3.7170513369502,0.42067823366145,3.74303873136953,3.71671269634069,3.71674477982044,0.38996721275954,-0.00808453332461187,0.0420898416765047,0.0109226336271556,13.2963663409658,1217.32237799395,0.000338640609508722,0,0
95.8,-0,3.7171317106215,0.42067823366145,3.74297017718249,3.71668420531534,3.71672660533626,0.389971662692301,-0.00806241112845309,0.0420898416765047,0.0109226336271556,13.2963663409658,1217.32237799395,0.000447505306163443,0,0
95.9,-0,3.7170764715939,0.42067823366145,3.74290228181145,3.71666619658483,3.71670507088269,0.389975735451517,-0.00803726356852773,0.0420898416765047,0.0109226336271556,13.2963663409658,1217.32237799395,0.00041027500906976,0,0
96,-0,3.717101582208,0.42067823366145,3.74283503892508,3.7166448505529,3.71668812819568,0.389980262409212,-0.00801630483765886,0.0420695842760148,0.0109115909684063,13.6114162636793,1247.42728196925,0.000456731655101628,1,0
96.1,-0,3.7170717177939,0.42067823366145,3.7427684422529,3.71662945002675,3.71667136882228,0.389984631290789,-0.00799566965600196,0.0420695842760148,0.0109115909684063,13.6114162636793,1247.42728196925,0.000442267767146287,0,0
96.2,-0,3.7169977475961,0.42067823366145,3.74270248558471,3.71661284169984,3.71664933172434,0.38998842194259,-0.00797026972039245,0.0420695842760148,0.0109115909684063,13.6114162636793,1247.42728196925,0.000384905896258836,0,0
96.3,-0,3.7169537177976,0.42067823366145,3.74263716276997,3.71659099052569,3.71662538398892,0.389991984303692,-0.00794316167303521,0.0420695842760148,0.0109115909684063,13.6114162636793,1247.42728196925,0.000362727271915109,0,0
96.4,-0,3.7170182523965,0.42067823366145,3.74257246771725,3.71656724121717,3.7166100115993,0.389996402625864,-0.00792386961444276,0.0420695842760148,0.0109115909684063,13.6114162636793,1247.42728196925,0.000451011179331218,0,0
96.5,-0,3.7169584476072,0.42067823366145,3.74250839439366,3.71655201004257,3.71659055761318,0.390000375278989,-0.0079008913300494,0.0420695842760148,0.0109115909684063,13.6114162636793,1247.42728196925,0.000406437564629769,0,0
96.6,-0,3.716949,0.42067823366145,3.7424449368243,3.7165327242541,3.71657220828041,0.390004435784237,-0.00787893976190127,0.0420695842760148,0.0109115909684063,13.6114162636793,1247.42728196925,0.000416275745898975,0,0
96.7,-0,3.7168449014336,0.42067823366145,3.74238208909167,3.71651453560357,3.71654587311278,0.390007652356594,-0.00784975104526536,0.0420695842760148,0.0109115909684063,13.6114162636793,1247.42728196925,0.000330365830030654,0,0
96.8,-0,3.7169001283723,0.42067823366145,3.74231984533516,3.71648841409304,3.71652747010083,0.390011654316021,-0.00782779773625958,0.0420695842760148,0.0109115909684063,13.6114162636793,1247.42728196925,0.00041171427925546,0,0
96.9,-0,3.716874841818,0.42067823366145,3.74225819975045,3.71647017177608,3.71650856109525,0.39001558192722,-0.0078054043908927,0.0420695842760148,0.0109115909684063,13.6114162636793,1247.42728196925,0.000404670041923794,0,0
97,-0,3.7167662654366,0.42067823366145,3.74219714658904,3.71645142668649,3.7164812950144,0.390018633556835,-0.00777543108828559,0.042052282665543,0.0109002568011479,13.8888593455903,1274.17726012911,0.000314838750114621,1,0
97.1,-0,3.7167866821875,0.42067823366145,3.74213668015764,3.71642551284869,3.71645978461499,0.390022124066634,-0.00775082411908266,0.042052282665543,0.0109002568011479,13.8888593455903,1274.17726012911,0.00036116933881214,0,0
97.2,-0,3.7168259821856,0.42067823366145,3.74207679481769,3.71640417898354,3.71644421189814,0.390026189818352,-0.00773164451250331,0.042052282665543,0.0109002568011479,13.8888593455903,1274.17726012911,0.000421803202059312,0,0
97.3,-0,3.7168307,0.42067823366145,3.74201748498482,3.7163887438642,3.7164306957297,0.390030439655327,-0.00771435814500123,0.042052282665543,0.0109002568011479,13.8888593455903,1274.17726012911,0.000441956135795341,0,0
97.4,-0,3.7167615356363,0.42067823366145,3.74195874512831,3.71637535171089,3.71641201382519,0.390034145178349,-0.00769238892393448,0.042052282665543,0.0109002568011479,13.8888593455903,1274.17726012911,0.000386183925412453,0,0
97.5,-0,3.7166481774693,0.42067823366145,3.74190056977061,3.71635682741702,3.71638448911106,0.390036935307122,-0.00766238897582825,0.042052282665543,0.0109002568011479,13.8888593455903,1274.17726012911,0.000291350052277206,0,0
97.6,-0,3.7167032523516,0.42067823366145,3.7418429534868,3.71632951792724,3.71636500404388,0.390040508115561,-0.00763973432846503,0.042052282665543,0.0109002568011479,13.8888593455903,1274.17726012911,0.000373734424355288,0,0
97.7,-0,3.7167127,0.42067823366145,3.7417858909041,3.71631019538806,3.71634841541896,0.390044349884446,-0.0076197375178779,0.042052282665543,0.0109002568011479,13.8888593455903,1274.17726012911,0.000402504611936028,0,0
97.8,-0,3.7167473701697,0.42067823366145,3.74172937670135,3.71629375022341,3.71633682585207,0.390048673386525,-0.00760431240069031,0.042052282665543,0.0109002568011479,13.8888593455903,1274.17726012911,0.000453619946292338,0,0
97.9,-0,3.7167174298321,0.42067823366145,3.74167340560855,3.71628227131874,3.71632359527711,0.390052815645565,-0.00758740706331315,0.042052282665543,0.0109002568011479,13.8888593455903,1274.17726012911,0.000435158513358846,0,0
98,-0,3.7166781178293,0.42067823366145,3.74161797240632,3.71626916202532,3.7163079987238,0.390056704034085,-0.0075683609662066,0.0420358335140778,0.0108875786633163,14.1588777843411,1300.46158307419,0.000408955803976152,1,0
98.1,-0,3.7167079821688,0.42067823366145,3.74156307192546,3.71625473392884,3.7162977863681,0.390061002134316,-0.0075543355951925,0.0420358335140778,0.0108875786633163,14.1588777843411,1300.46158307419,0.000453248239955517,0,0
98.2,-0,3.7166086895132,0.42067823366145,3.74150869904643,3.71624462028124,3.71627920798414,0.390064446274485,-0.00753270177778229,0.0420358335140778,0.0108875786633163,14.1588777843411,1300.46158307419,0.000364069231955977,0,0
98.3,-0,3.7166292581557,0.42067823366145,3.7414548486989,3.71622619415229,3.71626449180433,0.390068251038841,-0.00751461024049483,0.0420358335140778,0.0108875786633163,14.1588777843411,1300.46158307419,0.000403064003410947,0,0
98.4,-0,3.7165992418462,0.42067823366145,3.74140151586127,3.71621160529754,3.71624844114479,0.390071903011505,-0.0074953197710457,0.0420358335140778,0.0108875786633163,14.1588777843411,1300.46158307419,0.000387636548656811,0,0
98.5,-0,3.716629258152,0.42067823366145,3.74134869556018,3.71619569040094,3.71623689452285,0.390075980503492,-0.00748015584412356,0.0420358335140778,0.0108875786633163,14.1588777843411,1300.46158307419,0.000433567751064956,0,0
98.6,-0,3.7165992418499,0.42067823366145,3.74129638287009,3.71618425050005,3.71622369191111,0.390079877100522,-0.00746349640648732,0.0420358335140778,0.0108875786633163,14.1588777843411,1300.46158307419,0.000414991349846794,0,0
98.7,-0,3.7165598298471,0.42067823366145,3.74124457291278,3.7161711651345,3.71620810640329,0.390083521298909,-0.00744467798563671,0.0420358335140778,0.0108875786633163,14.1588777843411,1300.46158307419,0.00038866471259702,0,0
98.8,-0,3.7164858476933,0.42067823366145,3.74119326085691,3.71615571206743,3.71618709165842,0.390086612758444,-0.0074209206843082,0.0420358335140778,0.0108875786633163,14.1588777843411,1300.46158307419,0.000330135625872252,0,0
98.9,-0,3.7164764,0.42067823366145,3.74114244191757,3.71613486452227,3.71616732873253,0.390089807305352,-0.00739832374905609,0.0420358335140778,0.0108875786633163,14.1588777843411,1300.46158307419,0.000341535477727195,0,0
99,-0,3.716407235696,0.42067823366145,3.74109211135584,3.71611526062964,3.71614301463708,0.390092535492267,-0.00737158937070485,0.0420214806163867,0.0108750469443478,14.4000659256548,1324.13827722731,0.000291975066358141,1,0
99.1,-0,3.7165016344457,0.42067823366145,3.74104226447833,3.71609200061481,3.7161309462844,0.390096354096908,-0.00735613338228303,0.0420214806163867,0.0108750469443478,14.4000659256548,1324.13827722731,0.000409633830887657,0,0
99.2,-0,3.7164465477082,0.42067823366145,3.74099289663678,3.71608003922308,3.71611489010352,0.39009976344731,-0.0073370526313375,0.0420214806163867,0.0108750469443478,14.4000659256548,1324.13827722731,0.000366508485121653,0,0
99.3,-0,3.7164025178536,0.42067823366145,3.74094400322757,3.71606411508779,3.71609629733084,0.390102905333324,-0.00731567256686385,0.0420214806163867,0.0108750469443478,14.4000659256548,1324.13827722731,0.000338402765813761,0,0
99.4,-0,3.716466964289,0.42067823366145,3.74089557969133,3.71604567027276,3.71608573935821,0.390106810084365,-0.00730165053459756,0.0420214806163867,0.0108750469443478,14.4000659256548,1324.13827722731,0.000421294016238694,0,0
99.5,-0,3.7164072357147,0.42067823366145,3.74084762151253,3.71603520933759,3.71607059528625,0.39011025286104,-0.00728345223879458,0.0420214806163867,0.0108750469443478,14.4000659256548,1324.13827722731,0.000372026377113865,0,0
99.6,-0,3.7165016344176,0.42067823366145,3.74080012421899,3.71602019120431,3.71606598726792,0.390114702001835,-0.00727489721106719,0.0420214806163867,0.0108750469443478,14.4000659256548,1324.13827722731,0.000481443213292021,0,0
99.7,-0,3.7164119655879,0.42067823366145,3.74075308338155,3.71601564238981,3.71605334339774,0.390118359964673,-0.00725900821686694,0.0420214806163867,0.0108750469443478,14.4000659256548,1324.13827722731,0.000396323198087689,0,0
99.8,-0,3.7164669642741,0.42067823366145,3.7407064946136,3.71600310847713,3.71604723527314,0.390122636465568,-0.00724910623857704,0.0420214806163867,0.0108750469443478,14.4000659256548,1324.13827722731,0.000463855796966062,0,0
99.9,-0,3.7163377194782,0.42067823366145,3.74066035357068,3.71599706887775,3.71602947603744,0.390125773955575,-0.00722856361095726,0.0420214806163867,0.0108750469443478,14.4000659256548,1324.13827722731,0.000340650600453962,0,0
100,-0,3.7163534701286,0.42067823366145,3.74061465595008,3.71597945180434,3.71601503412676,0.390129215716531,-0.00721106837752216,0.0420076370770987,0.0108614761180493,14.6369434161509,1347.60167559799,0.000374018324259318,1,0
100.1,-0,3.7162543656104,0.42067823366145,3.74056939749045,3.71596593582074,3.71599338063736,0.390131864118046,-0.00718706538601305,0.0420076370770987,0.0108614761180493,14.6369434161509,1347.60167559799,0.00028842978966237,0,0
100.2,-0,3.7162402,0.42067823366145,3.74052457397138,3.71594444576152,3.71597259158386,0.390134574450248,-0.00716387188923513,0.0420076370770987,0.0108614761180493,14.6369434161509,1347.60167559799,0.000295754238484047,0,0
100.3,-0,3.7163093642555,0.42067823366145,3.74048018121304,3.71592381462656,3.71596051015246,0.390138101439143,-0.00714866152599611,0.0420076370770987,0.0108614761180493,14.6369434161509,1347.60167559799,0.000385549628944215,0,0
100.4,-0,3.7162842178741,0.42067823366145,3.74043621507575,3.7159118367586,3.71594728216956,0.390141502551884,-0.00713241628098733,0.0420076370770987,0.0108614761180493,14.6369434161509,1347.60167559799,0.000372381115497866,0,0
100.5,-0,3.7162795,0.42067823366145,3.74039267145962,3.71589871938539,3.71593496692046,0.390144975421299,-0.00711702011157689,0.0420076370770987,0.0108614761180493,14.6369434161509,1347.60167559799,0.000380780614609222,0,0
100.6,-0,3.7163140821221,0.42067823366145,3.74034954630415,3.71588650896483,3.71592721312132,0.390148870074202,-0.00710581121126125,0.0420076370770987,0.0108614761180493,14.6369434161509,1347.60167559799,0.00042757315726627,0,0
100.7,-0,3.716214965644,0.42067823366145,3.74030683558788,3.71587883148421,3.71591083225102,0.390151928334025,-0.00708671723728971,0.0420076370770987,0.0108614761180493,14.6369434161509,1347.60167559799,0.00033613415979028,0,0
100.8,-0,3.7162700522321,0.42067823366145,3.74026453532798,3.71586258061986,3.71590137423935,0.390155631864009,-0.00707397367716635,0.0420076370770987,0.0108614761180493,14.6369434161509,1347.60167559799,0.000407471612237309,0,0
100.9,-0,3.7162795,0.42067823366145,3.7402226415799,3.71585320937581,3.71589379578159,0.390159502920745,-0.00706296105132805,0.0420076370770987,0.0108614761180493,14.6369434161509,1347.60167559799,0.000426290624193637,0,0
101,-0,3.716141083546,0.42067823366145,3.74018115043701,3.71584570590018,3.71587382890062,0.390162183018239,-0.00704061654948838,0.0420076370770987,0.0108614761180493,14.6369434161509,1347.60167559799,0.000295377645818995,0,0
101.1,-0,3.7161567821128,0.42067823366145,3.74014005803021,3.71582589115716,3.71585739590749,0.390165183195483,-0.00702152198004141,0.0420076370770987,0.0108614761180493,14.6369434161509,1347.60167559799,0.000330890955639429,0,0
101.2,-0,3.716126917889,0.42067823366145,3.74009936052759,3.71580958817403,3.71583980211289,0.390168058592829,-0.00700137730632556,0.0420076370770987,0.0108614761180493,14.6369434161509,1347.60167559799,0.000317329714966785,0,0
101.3,-0,3.7160873539054,0.42067823366145,3.74005905413405,3.71579213153933,3.7158202408383,0.390170732178537,-0.00697944418773357,0.0420076370770987,0.0108614761180493,14.6369434161509,1347.60167559799,0.000295222366073933,0,0
101.4,-0,3.7160479298976,0.42067823366145,3.74001913509099,3.71577271960169,3.71579892366054,0.390173223310544,-0.00695591702788769,0.0420076370770987,0.0108614761180493,14.6369434161509,1347.60167559799,0.000275210295912931,0,0
101.5,-0,3.7161472982967,0.42067823366145,3.7399795996759,3.71575156261429,3.71578924266097,0.390176803871859,-0.00694305957025737,0.0420076370770987,0.0108614761180493,14.6369434161509,1347.60167559799,0.000395735682409359,0,0
101.6,-0,3.7161269178965,0.42067823366145,3.73994044420207,3.71574196915784,3.71577862226817,0.390180285534462,-0.00692935045636664,0.0420076370770987,0.0108614761180493,14.6369434161509,1347.60167559799,0.000384948738661794,0,0
101.7,-0,3.7160873539129,0.42067823366145,3.73990166501819,3.71573144210686,3.71576533054565,0.390183503532253,-0.00691320392027998,0.0420076370770987,0.0108614761180493,14.6369434161509,1347.60167559799,0.000355911806038112,0,0
101.8,-0,3.716152028185,0.42067823366145,3.73986325850808,3.71571826032195,3.71575956197259,0.39018742437878,-0.00690395700863568,0.0420076370770987,0.0108614761180493,14.6369434161509,1347.60167559799,0.000433767863051937,0,0
101.9,-0,3.7160920718188,0.42067823366145,3.73982522109027,3.71571255470872,3.71574869086766,0.390190854034939,-0.00689004331959189,0.0420076370770987,0.0108614761180493,14.6369434161509,1347.60167559799,0.00037951711007711,0,0
102,-0,3.7160826,0.42067823366145,3.73978754921774,3.71570177833851,3.71573803874389,0.390194294787959,-0.00687633876724593,0.0420076370770987,0.0108614761180493,14.6369434161509,1347.60167559799,0.000380821661488895,0,0
102.1,-0,3.7160479299107,0.42067823366145,3.73975023937753,3.71569121952551,3.71572518416401,0.390197517151609,-0.00686062550067251,0.0420076370770987,0.0108614761180493,14.6369434161509,1347.60167559799,0.000356710385194692,0,0
102.2,-0,3.7159740358154,0.42067823366145,3.73971328809048,3.71567847193321,3.71570661443661,0.390200186774878,-0.00683968744451182,0.0420076370770987,0.0108614761180493,14.6369434161509,1347.60167559799,0.000295563882188876,0,0
102.3,-0,3.7159646,0.42067823366145,3.73967669191082,3.71566004476764,3.71568904339728,0.390202937303036,-0.00681967630247564,0.0420076370770987,0.0108614761180493,14.6369434161509,1347.60167559799,0.000304555232356396,0,0
102.4,-0,3.7158953478278,0.42067823366145,3.73964044742592,3.71564260997902,3.71566667474755,0.390205219652588,-0.00679528288986562,0.0420076370770987,0.0108614761180493,14.6369434161509,1347.60167559799,0.000252737848779994,0,0
102.5,-0,3.7160243163418,0.42067823366145,3.73960455125594,3.71562040741775,3.71565886613682,0.390208866911143,-0.00678423865130564,0.0420076370770987,0.0108614761180493,14.6369434161509,1347.60167559799,0.000403908924051066,0,0
102.6,-0,3.7159740358304,0.42067823366145,3.73956900005352,3.71561267400439,3.71564708154131,0.390212129820745,-0.00676955939917437,0.0420076370770987,0.0108614761180493,14.6369434161509,1347.60167559799,0.000361361826005879,0,0
102.7,-0,3.715895347839,0.42067823366145,3.73953379050348,3.71560098935613,3.7156290170786,0.390214787646952,-0.00674913707333551,0.0420076370770987,0.0108614761180493,14.6369434161509,1347.60167559799,0.000294358482872958,0,0
102.8,-0,3.7159897342384,0.42067823366145,3.73949891932248,3.71558306394377,3.71562178557508,0.390218459510613,-0.00673864811382406,0.0420076370770987,0.0108614761180493,14.6369434161509,1347.60167559799,0.00040667029463437,0,0
102.9,-0,3.7159346478465,0.42067823366145,3.73946438325875,3.71557590385687,3.71561006212002,0.390221698644741,-0.0067240510943068,0.0420076370770987,0.0108614761180493,14.6369434161509,1347.60167559799,0.000358743989626209,0,0
103,-0,3.7158906179226,0.42067823366145,3.73943017909176,3.71556427978915,3.71559535248507,0.390224645221983,-0.00670672743372452,0.0420076370770987,0.0108614761180493,14.6369434161509,1347.60167559799,0.000326338133446846,0,0
103.1,-0,3.7159204820755,0.42067823366145,3.73939630363193,3.71554968810654,3.71558499371902,0.39022799328265,-0.00669339847017382,0.0420076370770987,0.0108614761180493,14.6369434161509,1347.60167559799,0.000370793968960559,0,0
103.2,-0,3.7158557718675,0.42067823366145,3.73936275372033,3.71553942009398,3.71556954192428,0.390230849860229,-0.00667541249207693,0.0420076370770987,0.0108614761180493,14.6369434161509,1347.60167559799,0.000316351773523849,0,0
103.3,-0,3.7158463,0.42067823366145,3.7393295262284,3.71552409076112,3.71555477031827,0.390233759457075,-0.00665805966721551,0.0420076370770987,0.0108614761180493,14.6369434161509,1347.60167559799,0.000322209238877491,0,0
103.4,-0,3.7158117179301,0.42067823366145,3.73929661805765,3.71550943730602,3.71553821933718,0.390236489238001,-0.00663908698911394,0.0420076370770987,0.0108614761180493,14.6369434161509,1347.60167559799,0.000302280624075557,0,0
103.5,-0,3.7159110101893,0.42067823366145,3.73926402613933,3.71549301550501,3.71553281540098,0.39024026421326,-0.00663033412252465,0.0420076370770987,0.0108614761180493,14.6369434161509,1347.60167559799,0.000417994684292378,0,0
103.6,-0,3.7158211898163,0.42067823366145,3.73923174743423,3.71548767116482,3.71551942757268,0.390243276471649,-0.00661427400023956,0.0420076370770987,0.0108614761180493,14.6369434161509,1347.60167559799,0.000333518651479459,0,0
103.7,-0,3.7158415820643,0.42067823366145,3.73919977893231,3.71547439268575,3.71550935510196,0.390246593074988,-0.00660125923906328,0.0420076370770987,0.0108614761180493,14.6369434161509,1347.60167559799,0.000367189378550847,0,0
103.8,-0,3.7158463,0.42067823366145,3.73916811765248,3.71546440882919,3.71550077110409,0.390250042738084,-0.00658961490813302,0.0420076370770987,0.0108614761180493,14.6369434161509,1347.60167559799,0.000381891170806892,0,0
103.9,-0,3.7157770478839,0.42067823366145,3.73913676064228,3.71545590411457,3.71548648225304,0.390252943902088,-0.00657275231934206,0.0420076370770987,0.0108614761180493,14.6369434161509,1347.60167559799,0.000321143769332011,0,0
104,-0,3.7157676,0.42067823366145,3.73910570497764,3.71544173007654,3.71547275823136,0.390255888016143,-0.0065564164572272,0.0420076370770987,0.0108614761180493,14.6369434161509,1347.60167559799,0.000325869923460065,0,0
104.1,-0,3.7157676,0.42067823366145,3.73907494776258,3.71542811728154,3.71546044160799,0.390258955393858,-0.00654137864132917,0.0420076370770987,0.0108614761180493,14.6369434161509,1347.60167559799,0.000339482718463735,0,0
104.2,-0,3.715698347895,0.42067823366145,3.73904448612897,3.71541590304677,3.71544279644139,0.390261507648293,-0.00652146926851814,0.0420076370770987,0.0108614761180493,14.6369434161509,1347.60167559799,0.000282444848226593,0,0
104.3,-0,3.7157235700481,0.42067823366145,3.7390143172362,3.71539839343796,3.71542935561085,0.390264446323994,-0.00650542142211592,0.0420076370770987,0.0108614761180493,14.6369434161509,1347.60167559799,0.000325176610135536,0,0
104.4,-0,3.7156590479025,0.42067823366145,3.73898443827101,3.71538506187307,3.71541114986947,0.390266922628362,-0.00648501885284598,0.0420076370770987,0.0108614761180493,14.6369434161509,1347.60167559799,0.000273986029430073,0,0
104.5,-0,3.7156150179507,0.42067823366145,3.73895484644715,3.71536699504753,3.71539061093543,0.390269164504924,-0.00646249106112445,0.0420076370770987,0.0108614761180493,14.6369434161509,1347.60167559799,0.000248022903169165,0,0
104.6,-0,3.7156448820475,0.42067823366145,3.73892553900514,3.71534660949942,3.71537500999835,0.390271860868469,-0.00644449807291243,0.0420076370770987,0.0108614761180493,14.6369434161509,1347.60167559799,0.000298272548080014,0,0
104.7,-0,3.7157534341318,0.42067823366145,3.73889651321203,3.71533113107195,3.71537134135356,0.390275678864644,-0.00643744233217091,0.0420076370770987,0.0108614761180493,14.6369434161509,1347.60167559799,0.000422303059847362,0,0
104.8,-0,3.7157330179562,0.42067823366145,3.73886776636113,3.71532751046788,3.71536612154999,0.390279345409399,-0.00642896979121402,0.0420076370770987,0.0108614761180493,14.6369434161509,1347.60167559799,0.000405507488317358,0,0
104.9,-0,3.7156244658794,0.42067823366145,3.73883929577178,3.71532234835166,3.71535111499783,0.390282077414815,-0.00641153956861249,0.0420076370770987,0.0108614761180493,14.6369434161509,1347.60167559799,0.000302117527740453,0,0
105,-0,3.71567946408,0.42067823366145,3.73881109878904,3.7153074604774,3.71534288146579,0.390285441762699,-0.00640032139002453,0.0420076370770987,0.0108614761180493,14.6369434161509,1347.60167559799,0.00037200360260492,0,0
105.1,-0,3.7156197359237,0.42067823366145,3.73878317278353,3.71529930332704,3.71532981390572,0.390288340034335,-0.00638468265815311,0.0420076370770987,0.0108614761180493,14.6369434161509,1347.60167559799,0.000320432596659259,0,0
105.2,-0,3.7156448820363,0.42067823366145,3.73875551515111,3.71528634224707,3.71532048129026,0.390291583347399,-0.00637247277093761,0.0420076370770987,0.0108614761180493,14.6369434161509,1347.60167559799,0.000358539789229173,0,0
105.3,-0,3.7156496,0.42067823366145,3.73872812331267,3.71527709276558,3.71531256176462,0.390294953392817,-0.0063615635442456,0.0420076370770987,0.0108614761180493,14.6369434161509,1347.60167559799,0.000372507234416286,0,0
105.4,-0,3.7156496,0.42067823366145,3.7387009947139,3.71526924751806,3.71530546353746,0.390298394808969,-0.00635141230021966,0.0420076370770987,0.0108614761180493,14.6369434161509,1347.60167559799,0.000380352481940793,0,0
105.5,-0,3.7156150179693,0.42067823366145,3.73867412682502,3.7152622184081,3.71529581093999,0.390301587296375,-0.0063389275204471,0.0420076370770987,0.0108614761180493,14.6369434161509,1347.60167559799,0.000352799561196271,0,0
105.6,-0,3.7155407839624,0.42067823366145,3.73864751714057,3.71525265081627,3.71528008601866,0.390304194919834,-0.00632088927284464,0.0420076370770987,0.0108614761180493,14.6369434161509,1347.60167559799,0.000288133146125524,0,0
105.7,-0,3.7155659700219,0.42067823366145,3.73862116317917,3.71523704871272,3.71526836766356,0.390307172026656,-0.00630652980811402,0.0420076370770987,0.0108614761180493,14.6369434161509,1347.60167559799,0.000328921309176167,0,0
105.8,-0,3.7156401280351,0.42067823366145,3.73859506248328,3.71522542812752,3.7152649146951,0.390310925966531,-0.00629974657059239,0.0420076370770987,0.0108614761180493,14.6369434161509,1347.60167559799,0.000414699907583138,0,0
105.9,-0,3.7155801719687,0.42067823366145,3.73856921261898,3.71522202134438,3.7152561234669,0.39031416839378,-0.00628807885647706,0.0420076370770987,0.0108614761180493,14.6369434161509,1347.60167559799,0.000358150624322651,0,0
106,-0,3.7156055460062,0.42067823366145,3.73854361117575,3.71521330955863,3.71525065726187,0.390317719828133,-0.00627946203306883,0.0420076370770987,0.0108614761180493,14.6369434161509,1347.60167559799,0.000392236447567917,0,0
106.1,-0,3.7155407839812,0.42067823366145,3.73851825576621,3.71520790202333,3.71523959816985,0.390320734205066,-0.00626572876762572,0.0420076370770987,0.0108614761180493,14.6369434161509,1347.60167559799,0.00033288195786696,0,0
106.2,-0,3.7154967179824,0.42067823366145,3.73849314402596,3.71519693643758,3.71522548086657,0.390323449167149,-0.00624920291371583,0.0420076370770987,0.0108614761180493,14.6369434161509,1347.60167559799,0.000299781544821798,0,0
106.3,-0,3.715596098027,0.42067823366145,3.73846827361328,3.71518293165458,3.7152222723192,0.390327191440595,-0.00624267444703502,0.0420076370770987,0.0108614761180493,14.6369434161509,1347.60167559799,0.000413166372423834,0,0
106.4,-0,3.715402367942,0.42067823366145,3.73844364220899,3.71517976755786,3.71520096302024,0.390329207894132,-0.00621957627210963,0.0420076370770987,0.0108614761180493,14.6369434161509,1347.60167559799,0.000222600384145011,0,0
106.5,-0,3.7155819320467,0.42067823366145,3.73841924751618,3.71515861552842,3.71519892271286,0.39033304301763,-0.00621413367445113,0.0420076370770987,0.0108614761180493,14.6369434161509,1347.60167559799,0.000423316518280092,0,0
106.6,-0,3.7155062019898,0.42067823366145,3.73839508726002,3.71515661227829,3.71518989939297,0.390336210576275,-0.00620230028755361,0.0420076370770987,0.0108614761180493,14.6369434161509,1347.60167559799,0.000349589711514664,0,0
106.7,-0,3.7154574179917,0.42067823366145,3.73837115918753,3.71514766952887,3.7151771630709,0.390339017477359,-0.00618707385212382,0.0420076370770987,0.0108614761180493,14.6369434161509,1347.60167559799,0.000309748462828718,0,0
106.8,-0,3.7154872820064,0.42067823366145,3.7383474610674,3.71513503687968,3.71516857687747,0.390342209859712,-0.00617565556959429,0.0420076370770987,0.0108614761180493,14.6369434161509,1347.60167559799,0.000352245126719719,0,0
106.9,-0,3.715422747996,0.42067823366145,3.73832399068975,3.71512652843039,3.71515473381598,0.390344894806179,-0.00615943058552568,0.0420076370770987,0.0108614761180493,14.6369434161509,1347.60167559799,0.00029621956560888,0,0
107,-0,3.7154479699976,0.42067823366145,3.73830074586594,3.71511279584064,3.71514471041753,0.390347933202438,-0.00614671170514648,0.0420076370770987,0.0108614761180493,14.6369434161509,1347.60167559799,0.000335174156960161,0,0
107.1,-0,3.7154527,0.42067823366145,3.73827772442837,3.71510285904176,3.7151361701809,0.390351104934876,-0.00613535769878075,0.0420076370770987,0.0108614761180493,14.6369434161509,1347.60167559799,0.000349840958238978,0,0
107.2,-0,3.7154527,0.42067823366145,3.73825492423025,3.71509439611164,3.7151285130945,0.39035435378303,-0.00612481843023169,0.0420076370770987,0.0108614761180493,14.6369434161509,1347.60167559799,0.000358303888362332,0,0
107.3,-0,3.715383448011,0.42067823366145,3.73823234314545,3.7150868107844,3.7151150560078,0.39035704380322,-0.00610897491984738,0.0420076370770987,0.0108614761180493,14.6369434161509,1347.60167559799,0.000296637226596896,0,0
107.4,-0,3.715374,0.42067823366145,3.73820997906825,3.71507346157208,3.71510207827786,0.390359769527237,-0.00609357909194197,0.0420076370770987,0.0108614761180493,14.6369434161509,1347.60167559799,0.000300538427917996,0,0
107.5,-0,3.715374,0.42067823366145,3.73818782991317,3.71506058866837,3.7150904311262,0.390362612341792,-0.00607940996665407,0.0420076370770987,0.0108614761180493,14.6369434161509,1347.60167559799,0.000313411331634761,0,0
107.6,-0,3.7154085819915,0.42067823366145,3.73816589361479,3.71504903799063,3.71508327313845,0.390365873995316,-0.00606935843659771,0.0420076370770987,0.0108614761180493,14.6369434161509,1347.60167559799,0.000359544000870127,0,0
107.7,-0,3.7154133,0.42067823366145,3.73814416812752,3.71504194844115,3.71507730790559,0.390369243165483,-0.0060604042791475,0.0420076370770987,0.0108614761180493,14.6369434161509,1347.60167559799,0.00037135155884549,0,0
107.8,-0,3.7153092900521,0.42067823366145,3.73812265142544,3.71503604417484,3.71506206219894,0.39037172254609,-0.00604295901554973,0.0420076370770987,0.0108614761180493,14.6369434161509,1347.60167559799,0.000273245877260297,0,0
107.9,-0,3.715433779923,0.42067823366145,3.73810134150208,3.71502091724849,3.71506022937907,0.390375469230013,-0.00603780236365746,0.0420076370770987,0.0108614761180493,14.6369434161509,1347.60167559799,0.000412862674505909,0,0
108,-0,3.7153140200845,0.42067823366145,3.73808023637027,3.71501911953894,3.71504719951948,0.390378145739756,-0.00602239806604086,0.0420076370770987,0.0108614761180493,14.6369434161509,1347.60167559799,0.000294900545561916,0,0
108.1,-0,3.7153296819821,0.42067823366145,3.73805933406193,3.71500619456324,3.71503699656119,0.390381082053282,-0.00600959018747484,0.0420076370770987,0.0108614761180493,14.6369434161509,1347.60167559799,0.000323487418856683,0,0
108.2,-0,3.7153344,0.42067823366145,3.7380386326279,3.7149960788105,3.71502829327811,0.390384153379644,-0.00599816220886624,0.0420076370770987,0.0108614761180493,14.6369434161509,1347.60167559799,0.000338321189501389,0,0
108.3,-0,3.7153344,0.42067823366145,3.73801813013775,3.71498745333757,3.71502048913083,0.390387303384159,-0.00598756356755404,0.0420076370770987,0.0108614761180493,14.6369434161509,1347.60167559799,0.00034694666242574,0,0
108.4,-0,3.7153344,0.42067823366145,3.7379978246796,3.71497972135372,3.71501349339675,0.390390523972034,-0.00597771072213068,0.0420076370770987,0.0108614761180493,14.6369434161509,1347.60167559799,0.000354678646283357,0,0
108.5,-0,3.7153692459592,0.42067823366145,3.73797771435994,3.71497279270511,3.71501054249552,0.390394124313565,-0.00597156581502287,0.0420076370770987,0.0108614761180493,14.6369434161509,1347.60167559799,0.00039645325408566,0,0
108.6,-0,3.7153045720698,0.42067823366145,3.73795779730346,3.71496988364297,3.71500175228213,0.390397164106226,-0.00596007888091138,0.0420076370770987,0.0108614761180493,14.6369434161509,1347.60167559799,0.000334688426826713,0,0
108.7,-0,3.7152258480633,0.42067823366145,3.73793807165287,3.71496117164116,3.71498637383483,0.39039956830309,-0.00594256757514436,0.0420076370770987,0.0108614761180493,14.6369434161509,1347.60167559799,0.000264676422138788,0,0
108.8,-0,3.7151818180309,0.42067823366145,3.73791853556874,3.71494591242383,3.71496837510631,0.390401711413212,-0.00592266760857416,0.0420076370770987,0.0108614761180493,14.6369434161509,1347.60167559799,0.000235905607073317,0,0
108.9,-0,3.7151771,0.42067823366145,3.73789918722929,3.71492804918906,3.71495176355844,0.390403974210165,-0.00590404864371222,0.0420076370770987,0.0108614761180493,14.6369434161509,1347.60167559799,0.000249050810944951,0,0
109,-0,3.7151424300398,0.42067823366145,3.73788002483028,3.71491156441292,3.71493354722067,0.390406072030301,-0.00588397124642965,0.0420076370770987,0.0108614761180493,14.6369434161509,1347.60167559799,0.000230865626881016,0,0
109.1,-0,3.7152762038435,0.42067823366145,3.7378610465848,3.71489348477697,3.71492992694859,0.390409550116702,-0.00587726542584604,0.0420076370770987,0.0108614761180493,14.6369434161509,1347.60167559799,0.000382719066530424,0,0
109.2,-0,3.7152604300436,0.42067823366145,3.73784225072309,3.71488991016309,3.71492519076049,0.390412917736257,-0.00586954168877379,0.0420076370770987,0.0108614761180493,14.6369434161509,1347.60167559799,0.0003705198805104,0,0
109.3,-0,3.7152211180403,0.42067823366145,3.73782363549242,3.71488522656393,3.71491720989273,0.390415970981402,-0.00585885216605488,0.0420076370770987,0.0108614761180493,14.6369434161509,1347.60167559799,0.00033589147637203,0,0
109.4,-0,3.7151818180421,0.42067823366145,3.73780519915691,3.71487731847837,3.71490631271097,0.390418739200722,-0.00584549918705879,0.0420076370770987,0.0108614761180493,14.6369434161509,1347.60167559799,0.000304499563728022,0,0
109.5,-0,3.7151424300492,0.42067823366145,3.73778693999734,3.7148665122136,3.71489278493028,0.390421247877256,-0.00582974585984482,0.0420076370770987,0.0108614761180493,14.6369434161509,1347.60167559799,0.000275917835595774,0,0
109.6,-0,3.7151723699489,0.42067823366145,3.73776885631102,3.71485309169326,3.71488349317938,0.39042415113271,-0.00581787851579025,0.0420076370770987,0.0108614761180493,14.6369434161509,1347.60167559799,0.000319278255635602,0,0
109.7,-0,3.7152462639045,0.42067823366145,3.73775094641163,3.71484388074405,3.71488219545315,0.390427810505582,-0.00581333441464331,0.0420076370770987,0.0108614761180493,14.6369434161509,1347.60167559799,0.000402383160453823,0,0
109.8,-0,3.7152903699452,0.42067823366145,3.73773320862906,3.71484261395744,3.71488524906872,0.390431882987547,-0.0058127751698111,0.0420076370770987,0.0108614761180493,14.6369434161509,1347.60167559799,0.000447755987764253,0,0
109.9,-0,3.7152258481082,0.42067823366145,3.73771564130923,3.71484567138075,3.71488187164908,0.39043534121965,-0.00580632981520587,0.0420076370770987,0.0108614761180493,14.6369434161509,1347.60167559799,0.000380176727445392,0,0
110,-0,3.7151818180533,0.42067823366145,3.73769824281397,3.71484233784587,3.71487466302821,0.390438429621853,-0.00579638135016039,0.0420076370770987,0.0108614761180493,14.6369434161509,1347.60167559799,0.000339480207428355,0,0
110.1,-0,3.7151771,0.42067823366145,3.73768101152085,3.71483519696154,3.71486775286466,0.39044154042895,-0.00578671146615331,0.0420076370770987,0.0108614761180493,14.6369434161509,1347.60167559799,0.000341903038459712,0,0
110.2,-0,3.7151771,0.42067823366145,3.73766394582304,3.71482835263773,3.71486156027533,0.390444713879386,-0.0057777035829853,0.0420076370770987,0.0108614761180493,14.6369434161509,1347.60167559799,0.000348747362267421,0,0
110.3,-0,3.7151078481231,0.42067823366145,3.73764704412913,3.71482222138076,3.71484941870495,0.39044731326232,-0.00576325599682653,0.0420076370770987,0.0108614761180493,14.6369434161509,1347.60167559799,0.000285626742337453,0,0
110.4,-0,3.7150984,0.42067823366145,3.73763030486304,3.71481017818027,3.71483762262378,0.390449936567412,-0.0057491326775822,0.0420076370770987,0.0108614761180493,14.6369434161509,1347.60167559799,0.000288221819729095,0,0
110.5,-0,3.7151676518694,0.42067823366145,3.73761372646379,3.71479847826114,3.7148336309444,0.390453297061092,-0.00574215977087086,0.0420076370770987,0.0108614761180493,14.6369434161509,1347.60167559799,0.000369173608261608,0,0
110.6,-0,3.7150384202791,0.42067823366145,3.73759730738544,3.71479453405848,3.71481775690006,0.390455517353284,-0.00572431601720777,0.0420076370770987,0.0108614761180493,14.6369434161509,1347.60167559799,0.000243886220618439,0,0
110.7,-0,3.7150889278514,0.42067823366145,3.73758104609689,3.71477878150767,3.71480831365474,0.390458341192111,-0.00571236763237573,0.0420076370770987,0.0108614761180493,14.6369434161509,1347.60167559799,0.000310146343730278,0,0
110.8,-0,3.715063554084,0.42067823366145,3.73756494108176,3.71476941961582,3.71479742712828,0.390461019555331,-0.00569910502359373,0.0420076370770987,0.0108614761180493,14.6369434161509,1347.60167559799,0.000294134468181273,0,0
110.9,-0,3.7150588,0.42067823366145,3.73754899083823,3.71475862339104,3.71478720625387,0.390463753254068,-0.00568645897653016,0.0420076370770987,0.0108614761180493,14.6369434161509,1347.60167559799,0.000300176608956537,0,0
111,-0,3.7150936459122,0.42067823366145,3.73753319387893,3.71474848862031,3.71478135457037,0.390466896953751,-0.00567781839225663,0.0420076370770987,0.0108614761180493,14.6369434161509,1347.60167559799,0.000345157291887777,0,0
111.1,-0,3.7150984,0.42067823366145,3.73751754873077,3.71474269576832,3.71477656602047,0.390470137089189,-0.00567015538960526,0.0420076370770987,0.0108614761180493,14.6369434161509,1347.60167559799,0.000355704231680409,0,0
111.2,-0,3.7151329819243,0.42067823366145,3.73750205393482,3.71473795939383,3.71477557356741,0.390473735792747,-0.00566597038377146,0.0420076370770987,0.0108614761180493,14.6369434161509,1347.60167559799,0.000395022530466527,0,0
111.3,-0,3.7150336902487,0.42067823366145,3.73748670804618,3.71473699543539,3.71476524682869,0.390476439030072,-0.00565324549592665,0.0420076370770987,0.0108614761180493,14.6369434161509,1347.60167559799,0.000296694813307852,0,0
111.4,-0,3.7149502481642,0.42067823366145,3.73747150963383,3.71472675533716,3.71474803642209,0.390478475545785,-0.00563422841540808,0.0420076370770987,0.0108614761180493,14.6369434161509,1347.60167559799,0.000223492827041927,0,0
111.5,-0,3.7150446337507,0.42067823366145,3.73745645728049,3.71470967441296,3.7147415694069,0.390481528119504,-0.00562505334090595,0.0420076370770987,0.0108614761180493,14.6369434161509,1347.60167559799,0.00033495933773775,0,0
111.6,-0,3.7150242180832,0.42067823366145,3.73744154958252,3.71470326986849,3.71473383073455,0.390484453341778,-0.00561471958776336,0.0420076370770987,0.0108614761180493,14.6369434161509,1347.60167559799,0.000320948214712846,0,0
111.7,-0,3.7150540819149,0.42067823366145,3.73742678514976,3.71469560155599,3.71472973627383,0.390487721018237,-0.00560772624155295,0.0420076370770987,0.0108614761180493,14.6369434161509,1347.60167559799,0.000358480358906288,0,0
111.8,-0,3.7148857144452,0.42067823366145,3.7374121626054,3.71469155471116,3.71471004273012,0.39048949105615,-0.0055864624269611,0.0420076370770987,0.0108614761180493,14.6369434161509,1347.60167559799,0.000194159734036248,0,0
111.9,-0,3.7149659337283,0.42067823366145,3.73739768058588,3.71467200594729,3.71469999396262,0.390492170925943,-0.00557403624059491,0.0420076370770987,0.0108614761180493,14.6369434161509,1347.60167559799,0.00029392778100501,0,0
112,-0,3.7149455180907,0.42067823366145,3.73738333774074,3.71466204178649,3.71468903462066,0.390494755800175,-0.00556078375409978,0.0420076370770987,0.0108614761180493,14.6369434161509,1347.60167559799,0.000283476304207664,0,0
112.1,-0,3.7149753819075,0.42067823366145,3.73736913273248,3.71465117267729,3.71468204415063,0.390497712434185,-0.00555117033668477,0.0420076370770987,0.0108614761180493,14.6369434161509,1347.60167559799,0.000324209230207373,0,0
112.2,-0,3.7150841976955,0.42067823366145,3.73735506423648,3.71464424766255,3.71468614009643,0.390501725026404,-0.00555170655266641,0.0420076370770987,0.0108614761180493,14.6369434161509,1347.60167559799,0.000439950032954606,0,0
112.3,-0,3.7150635541123,0.42067823366145,3.73734113094083,3.7146483399574,3.71468787704231,0.39050551244443,-0.00555008352967753,0.0420076370770987,0.0108614761180493,14.6369434161509,1347.60167559799,0.000415214154903421,0,0
112.4,-0,3.7149549662997,0.42067823366145,3.73732733154624,3.71465008795402,3.71467911877585,0.390508293739274,-0.00553885786616719,0.0420076370770987,0.0108614761180493,14.6369434161509,1347.60167559799,0.000304878345684489,0,0
112.5,-0,3.7150100517946,0.42067823366145,3.73731366476589,3.71464140612021,3.71467650895172,0.390511657142176,-0.00553326423382581,0.0420076370770987,0.0108614761180493,14.6369434161509,1347.60167559799,0.000368645674393875,0,0
112.6,-0,3.7149848301072,0.42067823366145,3.73730012932535,3.71463883438168,3.71467178048048,0.390514814252272,-0.00552573496490179,0.0420076370770987,0.0108614761180493,14.6369434161509,1347.60167559799,0.000345995725519632,0,0
112.7,-0,3.7149108482128,0.42067823366145,3.73728672396241,3.71463415717529,3.71466050401991,0.390517339263233,-0.0055122184668859,0.0420076370770987,0.0108614761180493,14.6369434161509,1347.60167559799,0.000276691037512489,0,0
112.8,-0,3.7147973903328,0.42067823366145,3.73727344742702,3.71462297274507,3.71463958100179,0.390518931133148,-0.00548988323778104,0.0420076370770987,0.0108614761180493,14.6369434161509,1347.60167559799,0.000174417587730069,0,0
112.9,-0,3.7149911313284,0.42067823366145,3.73726029848111,3.71460220180177,3.71463923617026,0.390522481206104,-0.00548638899562174,0.0420076370770987,0.0108614761180493,14.6369434161509,1347.60167559799,0.000388929526630388,0,0
113,-0,3.7149155783387,0.42067823366145,3.73724727589855,3.71460188076163,3.71463175146488,0.390525344899596,-0.0054763637940815,0.0420076370770987,0.0108614761180493,14.6369434161509,1347.60167559799,0.000313697577065675,0,0
113.1,-0,3.7149360698834,0.42067823366145,3.73723437846495,3.71459446431527,3.71462699247384,0.390528463712018,-0.00546883798074552,0.0420076370770987,0.0108614761180493,14.6369434161509,1347.60167559799,0.000341605568129122,0,0
113.2,-0,3.7149408,0.42067823366145,3.73722160497762,3.71458975656555,3.71462318343047,0.390531669051672,-0.00546218535333738,0.0420076370770987,0.0108614761180493,14.6369434161509,1347.60167559799,0.000351043434449583,0,0
113.3,-0,3.7149061301203,0.42067823366145,3.73720895424541,3.7145859928182,3.71461647677419,0.390534592519443,-0.00545288517276005,0.0420076370770987,0.0108614761180493,14.6369434161509,1347.60167559799,0.000320137302098011,0,0
113.4,-0,3.7149360698778,0.42067823366145,3.73719642508863,3.71457934948446,3.71461331695731,0.390537850426854,-0.00544683513690066,0.0420076370770987,0.0108614761180493,14.6369434161509,1347.60167559799,0.000356720393343224,0,0
113.5,-0,3.7148715482427,0.42067823366145,3.73718401633892,3.71457623086071,3.71460435145934,0.390540547846523,-0.00543547665087764,0.0420076370770987,0.0108614761180493,14.6369434161509,1347.60167559799,0.000295317381990401,0,0
113.6,-0,3.7149313517536,0.42067823366145,3.73717172683916,3.71456734269975,3.71460200425063,0.39054387306625,-0.00543017950776312,0.0420076370770987,0.0108614761180493,14.6369434161509,1347.60167559799,0.000364009053853476,0,0
113.7,-0,3.7147675386336,0.42067823366145,3.73715955544332,3.71456503155792,3.71458431463156,0.390545723173727,-0.00541084858491632,0.0420076370770987,0.0108614761180493,14.6369434161509,1347.60167559799,0.000202507075681257,0,0
113.8,-0,3.714847909611,0.42067823366145,3.73714750101642,3.71454747355812,3.7145760816148,0.390548468268474,-0.00540018028564797,0.0420076370770987,0.0108614761180493,14.6369434161509,1347.60167559799,0.000300436052878883,0,0
113.9,-0,3.7148621,0.42067823366145,3.73713556243437,3.71453931317906,3.71457004953358,0.390551417912198,-0.00539153145839633,0.0420076370770987,0.0108614761180493,14.6369434161509,1347.60167559799,0.000322786820937004,0,0
114,-0,3.7148621,0.42067823366145,3.73712373858387,3.71453333998547,3.71456464513661,0.390554422474245,-0.00538346159518511,0.0420076370770987,0.0108614761180493,14.6369434161509,1347.60167559799,0.000328760014527862,0,0
114.1,-0,3.714792672276,0.42067823366145,3.73711202836235,3.71452799053413,3.71455319404541,0.390556841689598,-0.00536986432201295,0.0420076370770987,0.0108614761180493,14.6369434161509,1347.60167559799,0.000264681741870998,0,0
114.2,-0,3.7148526277203,0.42067823366145,3.7371004306778,3.71451663202325,3.71454862620683,0.390559913062606,-0.00536257174653123,0.0420076370770987,0.0108614761180493,14.6369434161509,1347.60167559799,0.000335995697050784,0,0
114.3,-0,3.7149659335938,0.42067823366145,3.73708894444874,3.71451211383794,3.71455532748949,0.390564061938931,-0.00536559239632247,0.0420076370770987,0.0108614761180493,14.6369434161509,1347.60167559799,0.000453819755860341,0,0
114.4,-0,3.7148414205636,0.42067823366145,3.73707756860406,3.71451879455377,3.71454951568444,0.390567011753072,-0.00535716369406177,0.0420076370770987,0.0108614761180493,14.6369434161509,1347.60167559799,0.000322626009829463,0,0
114.5,-0,3.7147879181373,0.42067823366145,3.73706630208295,3.71451304013758,3.71453921461688,0.390569525279093,-0.00534463277780861,0.0420076370770987,0.0108614761180493,14.6369434161509,1347.60167559799,0.00027487799971837,0,0
114.6,-0,3.7148526277053,0.42067823366145,3.73705514383479,3.71450282438981,3.71453613343937,0.390572724287597,-0.00533871363287478,0.0420076370770987,0.0108614761180493,14.6369434161509,1347.60167559799,0.000349803315491837,0,0
114.7,-0,3.7148621,0.42067823366145,3.73704409281907,3.71449978351423,3.71453428411554,0.390576038097411,-0.00533392449682814,0.0420076370770987,0.0108614761180493,14.6369434161509,1347.60167559799,0.000362316485774006,0,0
114.8,-0,3.7148966818571,0.42067823366145,3.73703314800526,3.71449796679839,3.71453593337658,0.390579685217609,-0.00533233825277778,0.0420076370770987,0.0108614761180493,14.6369434161509,1347.60167559799,0.000398715058708365,0,0
114.9,-0,3.7149360698497,0.42067823366145,3.73702230837275,3.71449962685976,3.71454118600345,0.390583677882456,-0.00533404882818408,0.0420076370770987,0.0108614761180493,14.6369434161509,1347.60167559799,0.000436442989943053,0,0
115,-0,3.7148367024618,0.42067823366145,3.73701157291073,3.71450486783976,3.71453646594299,0.390586713904133,-0.00532663539238668,0.0420076370770987,0.0108614761180493,14.6369434161509,1347.60167559799,0.000331834622039562,0,0
115.1,-0,3.7147533362971,0.42067823366145,3.7370009406181,3.71450019825547,3.71452430269191,0.390589030169791,-0.00531241729010085,0.0420076370770987,0.0108614761180493,14.6369434161509,1347.60167559799,0.000253138041626855,0,0
115.2,-0,3.7147784818496,0.42067823366145,3.7369904105034,3.71448813181178,3.71451577968324,0.390591687224901,-0.00530153710238306,0.0420076370770987,0.0108614761180493,14.6369434161509,1347.60167559799,0.000290350037816189,0,0
115.3,-0,3.7148177818477,0.42067823366145,3.73697998158467,3.71447968288351,3.71451187754798,0.390594781580214,-0.00529488984170094,0.0420076370770987,0.0108614761180493,14.6369434161509,1347.60167559799,0.000338098964187239,0,0
115.4,-0,3.714684084622,0.42067823366145,3.73696965288942,3.71447582600774,3.71449565694704,0.390596687817336,-0.00527697814214766,0.0420076370770987,0.0108614761180493,14.6369434161509,1347.60167559799,0.00020825861426399,0,0
115.5,-0,3.7148036153705,0.42067823366145,3.73695942345447,3.71445972736294,3.71449247331259,0.390599835844925,-0.00527100176746706,0.0420076370770987,0.0108614761180493,14.6369434161509,1347.60167559799,0.000343888007558579,0,0
115.6,-0,3.7147533363157,0.42067823366145,3.73694929232592,3.71445658442008,3.71448484195729,0.390602552675111,-0.00526096020427309,0.0420076370770987,0.0108614761180493,14.6369434161509,1347.60167559799,0.00029675189561873,0,0
115.7,-0,3.7148130636805,0.42067823366145,3.73693925855903,3.7144490214352,3.71448368656556,0.390605885927602,-0.00525684775195526,0.0420076370770987,0.0108614761180493,14.6369434161509,1347.60167559799,0.000364042245300844,0,0
115.8,-0,3.7147879181616,0.42067823366145,3.73692932121814,3.7144478940441,3.71448027211893,0.39060899960439,-0.0052506710390599,0.0420076370770987,0.0108614761180493,14.6369434161509,1347.60167559799,0.000340024117500892,0,0
115.9,-0,3.7147486181635,0.42067823366145,3.73691947937658,3.71444452165312,3.71447347861427,0.390611784587497,-0.0052414068653423,0.0420076370770987,0.0108614761180493,14.6369434161509,1347.60167559799,0.000304096510383101,0,0
116,-0,3.7147092301708,0.42067823366145,3.7369097321166,3.71443779122583,3.71446363845253,0.390614270755954,-0.00522936112488509,0.0420076370770987,0.0108614761180493,14.6369434161509,1347.60167559799,0.000271438944972058,0,0
116.1,-0,3.7148083334929,0.42067823366145,3.73690007852924,3.71442803308043,3.71446424644159,0.390617754388968,-0.00522687864482662,0.0420076370770987,0.0108614761180493,14.6369434161509,1347.60167559799,0.000380300412468504,0,0
116.2,-0,3.7147186665127,0.42067823366145,3.7368905177143,3.71442865797206,3.71445627348239,0.390620411217581,-0.00521654870749959,0.0420076370770987,0.0108614761180493,14.6369434161509,1347.60167559799,0.000290008540640319,0,0
116.3,-0,3.7146699181709,0.42067823366145,3.73688104878022,3.71442075534673,3.714444481415,0.390622694097621,-0.0052027314066216,0.0420076370770987,0.0108614761180493,14.6369434161509,1347.60167559799,0.000249162824167204,0,0
116.4,-0,3.7147690334761,0.42067823366145,3.73687167084401,3.71440905735779,3.71444333543604,0.390625992628644,-0.0051986591698598,0.0420076370770987,0.0108614761180493,14.6369434161509,1347.60167559799,0.000359976118308403,0,0
116.5,-0,3.7146793665296,0.42067823366145,3.73686238303118,3.71440793910564,3.71443378530835,0.390628480039864,-0.00518690236094918,0.0420076370770987,0.0108614761180493,14.6369434161509,1347.60167559799,0.000271427423963466,0,0
116.6,-0,3.7147690334649,0.42067823366145,3.73685318447561,3.71439846902703,3.71443375539876,0.390631876327992,-0.00518385946934999,0.0420076370770987,0.0108614761180493,14.6369434161509,1347.60167559799,0.00037056443786776,0,0
116.7,-0,3.7147139483624,0.42067823366145,3.73684407431954,3.7143984598357,3.71442850171387,0.390634768147782,-0.00517604033634261,0.0420076370770987,0.0108614761180493,14.6369434161509,1347.60167559799,0.000315488526698271,0,0
116.8,-0,3.7147737516339,0.42067823366145,3.73683505171343,3.71439325938927,3.71442949116038,0.390638256178298,-0.00517393541253293,0.0420076370770987,0.0108614761180493,14.6369434161509,1347.60167559799,0.000380492244625774,0,0
116.9,-0,3.7147832,0.42067823366145,3.73682611581592,3.71439426316767,3.71443129908206,0.390641822005502,-0.00517257994736524,0.0420076370770987,0.0108614761180493,14.6369434161509,1347.60167559799,0.000388936832332654,0,0
117,-0,3.7146446967471,0.42067823366145,3.73681726579372,3.71439608031836,3.71441975445044,0.390644101600751,-0.00515901299631629,0.0420076370770987,0.0108614761180493,14.6369434161509,1347.60167559799,0.00024861642873919,0,0
117.1,-0,3.7146258,0.42067823366145,3.73680850082155,3.71438462806061,3.71440759331506,0.390646313174046,-0.00514488988648907,0.0420076370770987,0.0108614761180493,14.6369434161509,1347.60167559799,0.000241171939387552,0,0
117.2,-0,3.7146258,0.42067823366145,3.73679982008208,3.71437256308585,3.71439667722384,0.390648635633602,-0.00513191344921281,0.0420076370770987,0.0108614761180493,14.6369434161509,1347.60167559799,0.000253236914147248,0,0
117.3,-0,3.7146604698048,0.42067823366145,3.73679122276582,3.71436173534785,3.71439018194289,0.390651375648948,-0.00512298739188998,0.0420076370770987,0.0108614761180493,14.6369434161509,1347.60167559799,0.000298734456950722,0,0
117.4,-0,3.7147344516115,0.42067823366145,3.73678270807105,3.71435530084212,3.71439140499472,0.390654853621034,-0.00512112499663817,0.0420076370770987,0.0108614761180493,14.6369434161509,1347.60167559799,0.000379150769379333,0,0
117.5,-0,3.7147439,0.42067823366145,3.73677427520377,3.71435653657452,3.7143934227875,0.390658407308092,-0.00511999017257576,0.0420076370770987,0.0108614761180493,14.6369434161509,1347.60167559799,0.000387363425475851,0,0
117.6,-0,3.7146399785968,0.42067823366145,3.7367659233776,3.71435856209403,3.71438535965457,0.390660989309598,-0.00510963644361525,0.0420076370770987,0.0108614761180493,14.6369434161509,1347.60167559799,0.000281416502771137,0,0
117.7,-0,3.7146604697973,0.42067823366145,3.73675765181374,3.71435056945696,3.71438007937437,0.390663832954011,-0.00510183345359265,0.0420076370770987,0.0108614761180493,14.6369434161509,1347.60167559799,0.00030990034033751,0,0
117.8,-0,3.7146652,0.42067823366145,3.73674945974084,3.71434534230532,3.71437580041773,0.390666768279652,-0.00509495045306628,0.0420076370770987,0.0108614761180493,14.6369434161509,1347.60167559799,0.000319857694682124,0,0
117.9,-0,3.7146997817992,0.42067823366145,3.73674134639499,3.71434111021325,3.7143752643566,0.390670060149476,-0.00509149404355067,0.0420076370770987,0.0108614761180493,14.6369434161509,1347.60167559799,0.000358671585946713,0,0
118,-0,3.7145312390357,0.42067823366145,3.7367333110196,3.71434059768592,3.71435875132802,0.390671810032116,-0.00507342862462429,0.0420076370770987,0.0108614761180493,14.6369434161509,1347.60167559799,0.000190641349778531,0,0
118.1,-0,3.7145421817955,0.42067823366145,3.73672535286537,3.71432420766012,3.71434496405237,0.390673811012656,-0.00505786619971137,0.0420076370770987,0.0108614761180493,14.6369434161509,1347.60167559799,0.000217974135376497,0,0
118.2,-0,3.7146509973584,0.42067823366145,3.7367174711902,3.71431052634501,3.71434294741094,0.390676936833423,-0.00505307651861568,0.0420076370770987,0.0108614761180493,14.6369434161509,1347.60167559799,0.000340471013389632,0,0
118.3,-0,3.7145959484222,0.42067823366145,3.73670966525911,3.71430854231529,3.71433591033527,0.390679575751407,-0.00504369835405334,0.0420076370770987,0.0108614761180493,14.6369434161509,1347.60167559799,0.000287406106906474,0,0
118.4,-0,3.714551654227,0.42067823366145,3.73670193434417,3.71430156909312,3.71432538326602,0.390681872236834,-0.00503113398143092,0.0420076370770987,0.0108614761180493,14.6369434161509,1347.60167559799,0.000250085133874922,0,0
118.5,-0,3.7145469,0.42067823366145,3.73669427772449,3.71429112757145,3.71431548332624,0.390684221195669,-0.00501915018703432,0.0420076370770987,0.0108614761180493,14.6369434161509,1347.60167559799,0.000255772428548351,0,0
118.6,-0,3.7144084848611,0.42067823366145,3.73668669468607,3.71428130922624,3.71429341944587,0.390685389272472,-0.00499605005936914,0.0420076370770987,0.0108614761180493,14.6369434161509,1347.60167559799,0.000127175634859533,0,0
118.7,-0,3.714597442683,0.42067823366145,3.73667918452179,3.71425940262869,3.71429159229742,0.390688494413994,-0.00499146821662258,0.0420076370770987,0.0108614761180493,14.6369434161509,1347.60167559799,0.000338040054314259,0,0
118.8,-0,3.7146258,0.42067823366145,3.7366717465313,3.71425760667682,3.71429266769244,0.390691876890901,-0.00498954288211657,0.0420076370770987,0.0108614761180493,14.6369434161509,1347.60167559799,0.000368193323180055,0,0
118.9,-0,3.7145912182195,0.42067823366145,3.73666438002102,3.71425869518094,3.71429035952986,0.390694931997109,-0.00498452441355996,0.0420076370770987,0.0108614761180493,14.6369434161509,1347.60167559799,0.000332523038556243,0,0
119,-0,3.7145865,0.42067823366145,3.736657084304,3.71425642118783,3.7142878528037,0.390697964964953,-0.00497932702123746,0.0420076370770987,0.0108614761180493,14.6369434161509,1347.60167559799,0.000330078812172285,0,0
119.1,-0,3.7145516542402,0.42067823366145,3.73664985869991,3.71425394984937,3.71428229864015,0.390700700743432,-0.00497134584000747,0.0420076370770987,0.0108614761180493,14.6369434161509,1347.60167559799,0.00029770439083121,0,0
119.2,-0,3.714581745758,0.42067823366145,3.73664270253496,3.71424845002762,3.71428018800796,0.390703763912128,-0.00496651774928821,0.0420076370770987,0.0108614761180493,14.6369434161509,1347.60167559799,0.000333295730376548,0,0
119.3,-0,3.7145516542439,0.42067823366145,3.73663561514183,3.71424637226866,3.71427544266395,0.390706569912659,-0.00495928309082625,0.0420076370770987,0.0108614761180493,14.6369434161509,1347.60167559799,0.000305281975236493,0,0
119.4,-0,3.7146163275254,0.42067823366145,3.7366285958596,3.71424167618357,3.71427735227793,0.390710013881748,-0.00495813742312917,0.0420076370770987,0.0108614761180493,14.6369434161509,1347.60167559799,0.000374651341825682,0,0
119.5,-0,3.7145217907091,0.42067823366145,3.73662164403373,3.71424359359811,3.71427008487331,0.390712571465591,-0.00494860108436296,0.0420076370770987,0.0108614761180493,14.6369434161509,1347.60167559799,0.000278197110989531,0,0
119.6,-0,3.7145770275179,0.42067823366145,3.73661475901594,3.71423639112396,3.71426882818753,0.390715703406561,-0.00494456592944069,0.0420076370770987,0.0108614761180493,14.6369434161509,1347.60167559799,0.000340636393938887,0,0
119.7,-0,3.7145516542515,0.42067823366145,3.73660794016421,3.71423516191252,3.7142652998775,0.39071861366077,-0.00493845581738164,0.0420076370770987,0.0108614761180493,14.6369434161509,1347.60167559799,0.000316492338983565,0,0
119.8,-0,3.7145123182363,0.42067823366145,3.73660118684265,3.71423167520466,3.71425839943593,0.390721194536748,-0.00492926577829064,0.0420076370770987,0.0108614761180493,14.6369434161509,1347.60167559799,0.000280643031640881,0,0
119.9,-0,3.7145770275066,0.42067823366145,3.73659449842153,3.7142248373357,3.71425837466117,0.390724433717607,-0.00492636739762055,0.0420076370770987,0.0108614761180493,14.6369434161509,1347.60167559799,0.000352190170902933,0,0
