time_s,current_A,measured_voltage_V,reference_soc,open_loop_voltage_V,prior_voltage_V,posterior_voltage_V,estimated_soc,polarization_V,r0_ohm,r1_ohm,tau_s,c1_F,innovation_V,rls_status,boundary_hits
0,6.0952993,3.3698914,0.21339996091341,3.3291922696363,3.3291922696363,3.3697195463144,0.29927202183099,-0.0019094853955473,0.04448418742986,0.011202754907323,10.355584812934,924.37841393502,0.040699130363691,0,0
0.1,6.0952993,3.3387845014617,0.21334034335375,3.3285092379983,3.3690181642361,3.3538487037702,0.26403342196204,-0.0018859030694415,0.04448418742986,0.011202754907323,10.355584812934,924.37841393502,-0.03023366277443,0,0
0.2,6.1867007,3.3365402002132,0.21328072579409,3.3237665957318,3.3490816313126,3.3448224812717,0.25249234269947,-0.0021157721882272,0.04448418742986,0.011202754907323,10.355584812934,924.37841393502,-0.012541431099381,0,0
0.3,6.1870947,3.3350439002126,0.21322021424577,3.3230683471526,3.3440913476497,3.341730517677,0.24484198223522,-0.0024818027340829,0.04448418742986,0.011202754907323,10.355584812934,924.37841393502,-0.0090474474371391,0,0
0.4,6.1886704,3.333980800202,0.21315969884377,3.322323767777,3.3409432553312,3.3394405574488,0.23902080559759,-0.0028797956696527,0.04448418742986,0.011202754907323,10.355584812934,924.37841393502,-0.0069624551292558,0,0
0.5,6.1870947,3.3330750002147,0.21309916803,3.3217254196706,3.3387894812287,3.337717637247,0.23413218009487,-0.0032852606953728,0.04448418742986,0.011202754907323,10.355584812934,924.37841393502,-0.0057144810140102,0,0
0.6,6.1865034,3.3322875002245,0.21303865262801,3.3210896201243,3.3370190507842,3.3362197070955,0.2299291635007,-0.0036511786933192,0.04448418742986,0.011202754907323,10.355584812934,924.37841393502,-0.0047315505597467,0,0
0.7,6.1874888,3.3314214002876,0.21297814300946,3.3203898499934,3.335447532148,3.3348182485329,0.22620067448709,-0.0039703052261167,0.04448418742986,0.011202754907323,10.355584812934,924.37841393502,-0.0040261318604231,0,0
0.8,6.1859126,3.3308699002096,0.21291762375281,3.3198099622606,3.3341568470035,3.333671728631,0.22302798856596,-0.0041804677897615,0.04448418742986,0.011202754907323,10.355584812934,924.37841393502,-0.0032869467939109,0,0
0.9,6.1868975,3.3301613003026,0.21285711991283,3.3191223077826,3.3328945555825,3.3325076710752,0.22028873393958,-0.0042921014179096,0.04448418742986,0.011202754907323,10.355584812934,924.37841393502,-0.0027332552799328,0,0
1,6.1894585,3.3295705002807,0.21279660643963,3.3183703573419,3.3316592033164,3.3313723127652,0.21812057677345,-0.0042457158066491,0.04448418742986,0.011202754907323,10.355584812934,924.37841393502,-0.0020887030357746,0,0
1.1,6.1867007,3.3289406003288,0.21273606791752,3.3178605924166,3.3307606062928,3.3305159046499,0.21618012493673,-0.004139275822887,0.04448418742986,0.011202754907323,10.355584812934,924.37841393502,-0.0018200059639275,0,0
1.2,6.1867007,3.3283501003366,0.2126755563692,3.3172342742747,3.3297828516252,3.3295930847852,0.21461354247324,-0.0039209686244756,0.04448418742986,0.011202754907323,10.355584812934,924.37841393502,-0.0014327512885464,0,0
1.3,6.1863066,3.3278775002916,0.21261504482089,3.3166312448426,3.3288796609435,3.328748308746,0.21348695624329,-0.0035653019603063,0.04448418742986,0.011202754907323,10.355584812934,924.37841393502,-0.0010021606518862,0,0
1.4,6.1857158,3.3272867003929,0.21255453712722,3.3160427117738,3.3280470971162,3.3279481627946,0.21261212958716,-0.003132295764209,0.04448418742986,0.011202754907323,10.355584812934,924.37841393502,-0.00076039672327255,0,0
1.5,6.1874888,3.3266175004765,0.21249403521212,3.315354740142,3.3271460269012,3.3270776233197,0.21198454469956,-0.0026228599030511,0.04448418742986,0.011202754907323,10.355584812934,924.37841393502,-0.00052852642467105,0,0
1.6,6.1878828,3.3261843003292,0.21243351595547,3.3147335056,3.3263415281954,3.3263212603123,0.21175573400873,-0.0019869228321041,0.04448418742986,0.011202754907323,10.355584812934,924.37841393502,-0.00015722786613503,0,0
1.7,6.1876855,3.3257117003814,0.21237299284514,3.3141440705762,3.3256175359873,3.3256296350191,0.2117953733247,-0.0012686944888507,0.04448418742986,0.011202754907323,10.355584812934,924.37841393502,9.4164394137231e-05,0,0
1.8,6.1870947,3.3253574003029,0.21231247166459,3.3135776495243,3.3249503396129,3.3250024898146,0.21216369220542,-0.00044963019833997,0.04448418742986,0.011202754907323,10.355584812934,924.37841393502,0.00040706069005481,0,0
1.9,6.1872915,3.3248062004972,0.21225195626259,3.3129816933275,3.324296096197,3.3243612622239,0.21263385839857,0.00039428280360379,0.04448418742986,0.011202754907323,10.355584812934,924.37841393502,0.00051010430017984,0,0
2,6.1870947,3.3242550005237,0.21219143893571,3.312408605614,3.3236804656595,3.3237536473058,0.21316208424111,0.0012482022944786,0.04448418742986,0.011202754907323,10.355584812934,924.37841393502,0.00057453486414394,0,0
2.1,6.1868975,3.3237431005104,0.21213092353372,3.3118408877934,3.3230810968822,3.3231651557067,0.21376831411349,0.0021180956944962,0.04448418742986,0.011202754907323,10.355584812934,924.37841393502,0.00066200362814905,0,0
2.2,6.1876855,3.3233099004527,0.21207041006052,3.3112346448694,3.3224571613654,3.3225650726447,0.21455037139475,0.0030348266262274,0.04448418742986,0.011202754907323,10.355584812934,924.37841393502,0.00085273908730121,0,0
2.3,6.1878828,3.3228767004731,0.21200988887996,3.3106598181404,3.3218920767321,3.3220162222805,0.2154428257497,0.0039762486807682,0.04448418742986,0.011202754907323,10.355584812934,924.37841393502,0.00098462374100539,0,0
2.4,6.1867007,3.3224041005388,0.21194936576963,3.3101515090544,3.3214136129535,3.3215380083925,0.21632014134147,0.0049015876468848,0.04448418742986,0.011202754907323,10.355584812934,924.37841393502,0.00099048758528131,0,0
2.5,6.1861094,3.3220105004672,0.21188885422132,3.3096221798794,3.3209181429182,3.3210547608266,0.21727041876047,0.0058384909230723,0.04448418742986,0.011202754907323,10.355584812934,924.37841393502,0.0010923575490533,0,0
2.6,6.1859126,3.3216956003889,0.21182834845645,3.3090804461466,3.3204264163812,3.3205844538032,0.21835668177883,0.0068060591510341,0.04448418742986,0.011202754907323,10.355584812934,924.37841393502,0.0012691840076733,0,0
2.7,6.1872915,3.3212230006059,0.21176784461646,3.3084736695124,3.3198953361523,3.3200599004642,0.21946679023185,0.0077685035649907,0.04448418742986,0.011202754907323,10.355584812934,924.37841393502,0.0013276644535427,0,0
2.8,6.1872915,3.3207898005762,0.21170732728959,3.3079330578554,3.3194412167764,3.319607585531,0.22056601849546,0.0087151558554595,0.04448418742986,0.011202754907323,10.355584812934,924.37841393502,0.0013485837997704,0,0
2.9,6.1865034,3.3203566005965,0.21164680996271,3.3074324380009,3.3190330573014,3.319195547772,0.2216152611552,0.0096341097786265,0.04448418742986,0.011202754907323,10.355584812934,924.37841393502,0.0013235432951046,0,0
3,6.1868975,3.3199630005609,0.21158630034416,3.3068842036533,3.3185773499342,3.3187466289083,0.22268727762763,0.010547597282243,0.04448418742986,0.011202754907323,10.355584812934,924.37841393502,0.0013856506266738,0,0
3.1,6.1886704,3.3195691005798,0.21152578687096,3.3062794289711,3.318075830862,3.3182573505836,0.22381630094175,0.011465746172938,0.04448418742986,0.011202754907323,10.355584812934,924.37841393502,0.0014932697178351,0,0
3.2,6.1868975,3.3192542004786,0.21146525605719,3.305836980185,3.3177529094484,3.3179344925274,0.22492131498031,0.012364409541131,0.04448418742986,0.011202754907323,10.355584812934,924.37841393502,0.0015012910302366,0,0
3.3,6.1886704,3.3188210006788,0.21140474258399,3.3052417463466,3.3172811543188,3.3174664699361,0.22602593973302,0.01325033034566,0.04448418742986,0.011202754907323,10.355584812934,924.37841393502,0.0015398463600782,0,0
3.4,6.1882769,3.3184667005722,0.21134421177022,3.3047473852271,3.3169178174336,3.3171032926529,0.22710774363383,0.014117513549594,0.04448418742986,0.011202754907323,10.355584812934,924.37841393502,0.0015488831385957,0,0
3.5,6.1882769,3.3180728006547,0.21128368480524,3.3042402211778,3.3165455134781,3.3167274990685,0.22814529096373,0.014959905766896,0.04448418742986,0.011202754907323,10.355584812934,924.37841393502,0.001527287176629,0,0
3.6,6.1874888,3.3176005008077,0.21122315784025,3.3037727274528,3.316212873397,3.3163774095916,0.22905751348397,0.015755291655339,0.04448418742986,0.011202754907323,10.355584812934,924.37841393502,0.0013876274106321,0,0
3.7,6.1876855,3.3172066006921,0.2111626385836,3.3032660820247,3.3158267079832,3.3159895382329,0.22994037569019,0.016531447679805,0.04448418742986,0.011202754907323,10.355584812934,924.37841393502,0.0013798927088517,0,0
3.8,6.1872915,3.3168917005684,0.21110211740304,3.3027902146606,3.3154725503676,3.3156392186334,0.23082629679447,0.017297704381146,0.04448418742986,0.011202754907323,10.355584812934,924.37841393502,0.0014191502008059,0,0
3.9,6.1876855,3.3164978007295,0.21104160007617,3.3022838179383,3.3150945852211,3.3152586143971,0.23167891334001,0.018044214683062,0.04448418742986,0.011202754907323,10.355584812934,924.37841393502,0.001403215508446,0,0
4,6.1878828,3.3162222005237,0.21098107889561,3.3017905636735,3.3147298609489,3.3149035118141,0.23256626735291,0.018789595265573,0.04448418742986,0.011202754907323,10.355584812934,924.37841393502,0.0014923395747477,0,0
4.1,6.1892612,3.3157103009967,0.21092055578528,3.3012491413663,3.3143293592019,3.314489329718,0.23336212750929,0.019500369101079,0.04448418742986,0.011202754907323,10.355584812934,924.37841393502,0.0013809417947681,0,0
4.2,6.1863066,3.3153560007068,0.21086001919295,3.3009046668958,3.314114603271,3.3142577808822,0.23405348039226,0.020174261369833,0.04448418742986,0.011202754907323,10.355584812934,924.37841393502,0.0012413974358316,0,0
4.3,6.1868975,3.3150804005628,0.21079951149929,3.3004071167417,3.3137321430429,3.3138869827808,0.23479080441288,0.020850358040726,0.04448418742986,0.011202754907323,10.355584812934,924.37841393502,0.0013482575198434,0,0
4.4,6.1870947,3.3149228003294,0.21073899802609,3.2999312812157,3.3133852895408,3.3135611302451,0.23561949109256,0.021540109555716,0.04448418742986,0.011202754907323,10.355584812934,924.37841393502,0.0015375107886122,0,0
4.5,6.1882769,3.3142536014301,0.21067848262409,3.299415833687,3.3130222265978,3.3131624853302,0.23625522360062,0.022172062505435,0.04448418742986,0.011202754907323,10.355584812934,924.37841393502,0.001231374832344,0,0
4.6,6.1878828,3.3139384006887,0.21061795565911,3.2989745607088,3.312699642794,3.3128401864486,0.23687971561934,0.022792734851072,0.04448418742986,0.011202754907323,10.355584812934,924.37841393502,0.0012387578947508,0,0
4.7,6.1874888,3.3136628006151,0.21055743254878,3.2985374750354,3.3123833483804,3.3125279524826,0.2375113951537,0.023406570152676,0.04448418742986,0.011202754907323,10.355584812934,924.37841393502,0.0012794522347552,0,0
4.8,6.1874888,3.3133872006284,0.21049691329213,3.2980870140674,3.3120595308448,3.3122090250834,0.23815385485436,0.024014420099614,0.04448418742986,0.011202754907323,10.355584812934,924.37841393502,0.0013276697836173,0,0
4.9,6.1884731,3.3130329008245,0.21043639403548,3.2975968347584,3.3117026591889,3.3118519002295,0.23878290034042,0.02461064916762,0.04448418742986,0.011202754907323,10.355584812934,924.37841393502,0.0013302416355807,0,0
5,6.1874888,3.3125603011224,0.21037586515148,3.2971981450771,3.3114387254574,3.311564112999,0.23929176589398,0.025171065692705,0.04448418742986,0.011202754907323,10.355584812934,924.37841393502,0.0011215756650609,0,0
5.1,6.1872915,3.3122454007627,0.21031534589483,3.2967685473007,3.3111214251575,3.3112466511894,0.23979026732816,0.025721486861079,0.04448418742986,0.011202754907323,10.355584812934,924.37841393502,0.0011239756052341,0,0
5.2,6.1900493,3.3120484004866,0.21025482856795,3.2962114677032,3.3106778198645,3.3108300137184,0.24039779578922,0.026288659351473,0.04448418742986,0.011202754907323,10.355584812934,924.37841393502,0.0013705806220501,0,0
5.3,6.1867007,3.3116941008918,0.21019428426729,3.2959296304273,3.3105379622126,3.3106659295327,0.2408896905115,0.02682291479094,0.04448418742986,0.011202754907323,10.355584812934,924.37841393502,0.0011561386791969,0,0
5.4,6.1865034,3.3114183007074,0.21013377271897,3.2955118637344,3.3102392045216,3.3103693040496,0.2413816839603,0.027349572906403,0.04448418742986,0.011202754907323,10.355584812934,924.37841393502,0.0011790961858491,0,0
5.5,6.1859126,3.3110247010281,0.21007326310042,3.2951154613052,3.3099651669388,3.3100817185702,0.24180819991074,0.027855249456858,0.04448418742986,0.011202754907323,10.355584812934,924.37841393502,0.0010595340892934,0,0
5.6,6.1867007,3.3106308010478,0.21001275926044,3.2946615863765,3.3096211680449,3.3097319023885,0.24220308756322,0.028347593803365,0.04448418742986,0.011202754907323,10.355584812934,924.37841393502,0.0010096330028775,0,0
5.7,6.1878828,3.310355200746,0.20995224771212,3.2941938597719,3.3092584682827,3.3093784105196,0.24262813124032,0.028839648626779,0.04448418742986,0.011202754907323,10.355584812934,924.37841393502,0.0010967324633535,0,0
5.8,6.1870947,3.310118900651,0.20989172460179,3.2938173715045,3.3089972154157,3.3091195449162,0.24305519810691,0.029325629785542,0.04448418742986,0.011202754907323,10.355584812934,924.37841393502,0.0011216852353484,0,0
5.9,6.1872915,3.3096466013234,0.2098312091998,3.2934008525261,3.3086992960012,3.3088023284153,0.24339911523071,0.029788755836498,0.04448418742986,0.011202754907323,10.355584812934,924.37841393502,0.00094730532218179,0,0
6,6.1849282,3.3094103006735,0.20977069187292,3.2931018526044,3.308500392126,3.3085990971228,0.2437202343846,0.030241528101509,0.04448418742986,0.011202754907323,10.355584812934,924.37841393502,0.0009099085474138,0,0
6.1,6.1876855,3.3090165011409,0.20971019766126,3.2925789539807,3.308073991141,3.308175971731,0.24404820799905,0.030689491276283,0.04448418742986,0.011202754907323,10.355584812934,924.37841393502,0.00094250999990653,0,0
6.2,6.1868975,3.3088591004635,0.20964967648071,3.2922170411116,3.3078125715524,3.3079255263025,0.24441167660579,0.031138446840753,0.04448418742986,0.011202754907323,10.355584812934,924.37841393502,0.0010465289111172,0,0
6.3,6.1886704,3.3084652011786,0.2095891630075,3.2917448503347,3.3074526094008,3.3075616378536,0.24475451957613,0.031577650251066,0.04448418742986,0.011202754907323,10.355584812934,924.37841393502,0.0010125917777999,0,0
6.4,6.1882769,3.3081896008378,0.20952863219373,3.2913723498146,3.307189113637,3.3072965864421,0.24508593743789,0.032009249146453,0.04448418742986,0.011202754907323,10.355584812934,924.37841393502,0.0010004872008631,0,0
6.5,6.1867007,3.3078747009721,0.20946810522875,3.2910559912422,3.3069808654991,3.3070766630948,0.24536987795986,0.032426980244156,0.04448418742986,0.011202754907323,10.355584812934,924.37841393502,0.00089383547304278,0,0
6.6,6.1874888,3.3076384007408,0.20940759368043,3.2906380878246,3.3066599592728,3.3067645924065,0.24568039361677,0.032843635905099,0.04448418742986,0.011202754907323,10.355584812934,924.37841393502,0.0009784414680003,0,0
6.7,6.1876855,3.3074021007519,0.20934707442378,3.2902498217245,3.3063781123426,3.3064873803931,0.24600203931325,0.033256746164226,0.04448418742986,0.011202754907323,10.355584812934,924.37841393502,0.0010239884092784,0,0
6.8,6.1863066,3.3070476011451,0.20928655324322,3.2899350085214,3.3061749376244,3.3062678629784,0.24626213742339,0.033654572354075,0.04448418742986,0.011202754907323,10.355584812934,924.37841393502,0.00087266352068571,0,0
6.9,6.1880796,3.306614601419,0.20922604554956,3.2894834934461,3.3058191881863,3.3059037149099,0.24648938430934,0.034042045861322,0.04448418742986,0.011202754907323,10.355584812934,924.37841393502,0.00079541323262067,0,0
7,6.1874888,3.3063390009164,0.20916552051435,3.2891402510805,3.3055637168383,3.305645941029,0.24670509131298,0.034423107266868,0.04448418742986,0.011202754907323,10.355584812934,924.37841393502,0.00077528407812144,0,0
7.1,6.1870947,3.3061028007965,0.2091050012577,3.2887916144791,3.3053009211791,3.3053858017503,0.24692602180531,0.034800133101888,0.04448418742986,0.011202754907323,10.355584812934,924.37841393502,0.0008018796173519,0,0
7.2,6.1868975,3.3057878010773,0.20904448585571,3.2884375204784,3.3050356904009,3.3051151530966,0.24712560881351,0.035169310930765,0.04448418742986,0.011202754907323,10.355584812934,924.37841393502,0.00075211067638348,0,0
7.3,6.1868975,3.3054333012291,0.2089839723825,3.2880779019571,3.3047598394177,3.304830862285,0.24729462387361,0.035529610030146,0.04448418742986,0.011202754907323,10.355584812934,924.37841393502,0.00067346181136907,0,0
7.4,6.1872915,3.3052759005533,0.2089234589093,3.2877039511259,3.3044614843644,3.3045472189053,0.24750771231419,0.035891555304546,0.04448418742986,0.011202754907323,10.355584812934,924.37841393502,0.00081441618882572,0,0
7.5,6.1884731,3.3049214012627,0.20886294158243,3.2872980841584,3.3041462394358,3.3042276996974,0.24770393876377,0.036246757602874,0.04448418742986,0.011202754907323,10.355584812934,924.37841393502,0.00077516182689585,0,0
7.6,6.1874888,3.3046458009949,0.20880241269843,3.2869915668481,3.303926349668,3.3040018272421,0.24787838802757,0.03659486796417,0.04448418742986,0.011202754907323,10.355584812934,924.37841393502,0.00071945132689066,0,0
7.7,6.1874888,3.3043702010079,0.20874189344178,3.2866444789223,3.3036601471192,3.3037345156755,0.24804659582796,0.036937824783249,0.04448418742986,0.011202754907323,10.355584812934,924.37841393502,0.00071005388869771,0,0
7.8,6.1867007,3.3040159013127,0.20868137418513,3.2863355229988,3.303431189407,3.3034923313584,0.24817187756372,0.037271407927019,0.04448418742986,0.011202754907323,10.355584812934,924.37841393502,0.00058471190568188,0,0
7.9,6.1870947,3.303937000296,0.20862086263681,3.2859771151032,3.3031397144294,3.3032229536339,0.24836133020037,0.037608458215522,0.04448418742986,0.011202754907323,10.355584812934,924.37841393502,0.00079728586664496,0,0
8,6.1868975,3.303622001197,0.20856034723481,3.2856479765072,3.302899830709,3.302975111934,0.24852424248748,0.037938335987901,0.04448418742986,0.011202754907323,10.355584812934,924.37841393502,0.00072217048803891,0,0
8.1,6.1874888,3.303267701363,0.20849983376161,3.2852867700655,3.3026201055,3.3026875117419,0.24866147558308,0.03826134820169,0.04448418742986,0.011202754907323,10.355584812934,924.37841393502,0.00064759586297392,0,0
8.2,6.1874888,3.3030314009204,0.20843931450496,3.2849547578031,3.3023618467433,3.302431436667,0.2488027792967,0.038580969408611,0.04448418742986,0.011202754907323,10.355584812934,924.37841393502,0.0006695541770565,0,0
8.3,6.1894585,3.3027165012413,0.20837879524831,3.2845380541714,3.3020212227721,3.3020933831772,0.24894917613466,0.038897238971202,0.04448418742986,0.011202754907323,10.355584812934,924.37841393502,0.00069527846926976,0,0
8.4,6.1878828,3.3023620014145,0.20831825672621,3.2842817450411,3.3018437021961,3.3018974195659,0.24904095015286,0.039204568295506,0.04448418742986,0.011202754907323,10.355584812934,924.37841393502,0.00051829921837854,0,0
8.5,6.1865034,3.3021650007953,0.20825773361588,3.2840197553801,3.3016421363905,3.3016962530829,0.24913217791367,0.039508122586332,0.04448418742986,0.011202754907323,10.355584812934,924.37841393502,0.00052286440478788,0,0
8.6,6.1878828,3.3018894011258,0.20819722399733,3.2836380432002,3.3013213187072,3.3013800372157,0.24923452525097,0.039809003904446,0.04448418742986,0.011202754907323,10.355584812934,924.37841393502,0.00056808241858564,0,0
8.7,6.1894585,3.3016531009764,0.208136700887,3.2832502613075,3.3009991075346,3.3010666180827,0.24935922114295,0.040108406680288,0.04448418742986,0.011202754907323,10.355584812934,924.37841393502,0.00065399344177042,0,0
8.8,6.1865034,3.3012989014806,0.2080761623649,3.2830666432615,3.3008899380925,3.3009321009362,0.2494131223011,0.040398619106292,0.04448418742986,0.011202754907323,10.355584812934,924.37841393502,0.00040896338804064,0,0
8.9,6.1861094,3.3011413006662,0.20801565274635,3.2827721941731,3.3006446126233,3.3006957559102,0.24948995912934,0.040687045430838,0.04448418742986,0.011202754907323,10.355584812934,924.37841393502,0.00049668804290093,0,0
9,6.1867007,3.3008657011782,0.20795514698149,3.2824366955896,3.3003672532987,3.3004185153526,0.2495656778199,0.040972034176008,0.04448418742986,0.011202754907323,10.355584812934,924.37841393502,0.00049844787947917,0,0
9.1,6.1861094,3.3005507013614,0.20789463543317,3.2821564476624,3.3001452922653,3.3001869362744,0.24961468519747,0.04125195601421,0.04448418742986,0.011202754907323,10.355584812934,924.37841393502,0.00040540909618736,0,0
9.2,6.1867007,3.3003538008605,0.2078341296683,3.2818263434811,3.2998638625381,3.2999141308574,0.24968502376653,0.041530090107581,0.04448418742986,0.011202754907323,10.355584812934,924.37841393502,0.0004899383223429,0,0
9.3,6.1876855,3.3001175010437,0.20777361811999,3.2814813265873,3.2995761592433,3.2996316383162,0.24976745397226,0.041805844564888,0.04448418742986,0.011202754907323,10.355584812934,924.37841393502,0.00054134180047294,0,0
9.4,6.1876855,3.2996845019334,0.20771309693943,3.2811826405086,3.299340014416,3.2993752796066,0.2497968804919,0.042075436766084,0.04448418742986,0.011202754907323,10.355584812934,924.37841393502,0.00034448751738214,0,0
9.5,6.1867007,3.2995269007111,0.20765257575887,3.2809303713145,3.2991300545555,3.2991706353133,0.24983883517768,0.042342756659287,0.04448418742986,0.011202754907323,10.355584812934,924.37841393502,0.00039684615558011,0,0
9.6,6.1868975,3.2994089005381,0.20759206421056,3.2806282337454,3.2988755270859,3.2989300105116,0.24991455161572,0.042608677647395,0.04448418742986,0.011202754907323,10.355584812934,924.37841393502,0.00053337345215621,0,0
9.7,6.1865034,3.2990937014521,0.20753155073736,3.2803549177653,3.298663721478,3.2987075973527,0.24996267326414,0.042870262960552,0.04448418742986,0.011202754907323,10.355584812934,924.37841393502,0.00042997997416894,0,0
9.8,6.1865034,3.2988575010995,0.20747104111881,3.2800666482867,3.2984263351372,3.2984702868499,0.25000993517966,0.043128827766275,0.04448418742986,0.011202754907323,10.355584812934,924.37841393502,0.00043116596236237,0,0
9.9,6.1876855,3.2985818012963,0.20741053150027,3.2797283028518,3.2981389247228,3.2981840247467,0.25005895460973,0.043384549791682,0.04448418742986,0.011202754907323,10.355584812934,924.37841393502,0.00044287657356135,0,0
10,6.1874888,3.2982669014958,0.20735001031971,3.2794536444417,3.2979163224795,3.2979519882328,0.25008422961115,0.043636702844645,0.04448418742986,0.011202754907323,10.355584812934,924.37841393502,0.00035057901629099,0,0
10.1,6.1861094,3.2979913013221,0.20728949106306,3.2792340815585,3.2977393426846,3.2977649506215,0.25008473344118,0.043885328523058,0.04448418742986,0.011202754907323,10.355584812934,924.37841393502,0.00025195863746452,0,0
10.2,6.1867007,3.2977550011449,0.20722898529819,3.2789294464335,3.2974671839889,3.2974964086893,0.25009322161802,0.044131384199599,0.04448418742986,0.011202754907323,10.355584812934,924.37841393502,0.00028781715594928,0,0
10.3,6.1876855,3.2975581009632,0.20716847374988,3.2786096538346,3.2971834359005,3.2972214436885,0.25012161224555,0.044375308809878,0.04448418742986,0.011202754907323,10.355584812934,924.37841393502,0.0003746650627332,0,0
10.4,6.1876855,3.2972825013615,0.20710795256932,3.2783359496415,3.2969545127241,3.2969877550909,0.2501381366141,0.044616428632657,0.04448418742986,0.011202754907323,10.355584812934,924.37841393502,0.00032798863740791,0,0
10.5,6.1882769,3.297164400589,0.20704743138876,3.2780383062772,3.2966968333755,3.296744179937,0.25018635713951,0.044855381240374,0.04448418742986,0.011202754907323,10.355584812934,924.37841393502,0.00046756721344909,0,0
10.6,6.1868975,3.296691902379,0.20698690442378,3.2778306120908,3.296543157757,3.2965582066386,0.25016008325385,0.045090900316152,0.04448418742986,0.011202754907323,10.355584812934,924.37841393502,0.00014874462206071,0,0
10.7,6.1878828,3.2966526001997,0.20692639095058,3.2775202047994,3.296254410648,3.2962946618149,0.25019037201906,0.045324236124671,0.04448418742986,0.011202754907323,10.355584812934,924.37841393502,0.00039818955174109,0,0
10.8,6.1874888,3.2964163012122,0.20686586784025,3.2772733444536,3.2960543548445,3.2960909114117,0.25021159002216,0.045555055311781,0.04448418742986,0.011202754907323,10.355584812934,924.37841393502,0.00036194636767872,0,0
10.9,6.1861094,3.2961013016308,0.2068053485836,3.2770726422075,3.2958967015177,3.2959173489639,0.25019683564569,0.045783344011322,0.04448418742986,0.011202754907323,10.355584812934,924.37841393502,0.00020460011302426,0,0
11,6.1863066,3.2959437008235,0.20674484281873,3.2768042176844,3.2956553537623,3.2956844289032,0.25020021678789,0.046009012334174,0.04448418742986,0.011202754907323,10.355584812934,924.37841393502,0.00028834706111303,0,0
11.1,6.1886704,3.2956288016602,0.20668433512507,3.2764416254252,3.2953282008696,3.2953584873359,0.25020568651359,0.046232261986597,0.04448418742986,0.011202754907323,10.355584812934,924.37841393502,0.00030060079058547,0,0
11.2,6.1867007,3.2953532014662,0.2066238043113,3.2762737530471,3.2951969121065,3.295212646365,0.25017914026889,0.046453785267296,0.04448418742986,0.011202754907323,10.355584812934,924.37841393502,0.00015628935965939,0,0
11.3,6.1876855,3.2951169012682,0.20656329276298,3.2759768665815,3.2949219921979,3.2949415992964,0.25016062096918,0.046672695936347,0.04448418742986,0.011202754907323,10.355584812934,924.37841393502,0.00019490907034481,0,0
11.4,6.1880796,3.2949593008534,0.20650277158243,3.2757083171721,3.2946792153476,3.2947073694833,0.25015989264957,0.04688906699625,0.04448418742986,0.011202754907323,10.355584812934,924.37841393502,0.00028008550583269,0,0
11.5,6.1859126,3.2946837015053,0.20644224654722,3.2755558028141,3.2945609491829,3.2945732790185,0.25012533607835,0.0471040141522,0.04448418742986,0.011202754907323,10.355584812934,924.37841393502,0.00012275232246939,0,0
11.6,6.1874888,3.2945657006502,0.20638174270723,3.275239148577,3.2942626540133,3.2942930711703,0.25012836817544,0.047315469597999,0.04448418742986,0.011202754907323,10.355584812934,924.37841393502,0.00030304663685676,0,0
11.7,6.1886704,3.2943294013131,0.20632122345058,3.2749419789567,3.2940018551169,3.2940347076395,0.25013591189059,0.047524663120541,0.04448418742986,0.011202754907323,10.355584812934,924.37841393502,0.00032754619621578,0,0
11.8,6.1882769,3.293974901987,0.20626069263681,3.2747168331295,3.2938154366021,3.2938314194768,0.25010822594209,0.047733005077105,0.04448418742986,0.011202754907323,10.355584812934,924.37841393502,0.00015946538484268,0,0
11.9,6.1872915,3.2936993015577,0.20620016567182,3.2745201318914,3.2936405249224,3.2936464118766,0.25005969955694,0.047940024444116,0.04448418742986,0.011202754907323,10.355584812934,924.37841393502,5.8776635267321e-05,0,0
12,6.1884731,3.2934630013469,0.20613964834495,3.2742291938424,3.2933612199979,3.2933714072403,0.25001978356283,0.048144515818872,0.04448418742986,0.011202754907323,10.355584812934,924.37841393502,0.00010178134899919,0,0
12.1,6.1870947,3.2933843004523,0.20607911946095,3.2740540321847,3.2932019276655,3.2932201689694,0.24999585200364,0.048346308757842,0.04448418742986,0.011202754907323,10.355584812934,924.37841393502,0.000182372786806,0,0
12.2,6.1886704,3.2932267009133,0.20601860405895,3.2737496252517,3.2929213723787,3.2929518917398,0.24999608725092,0.048544598047172,0.04448418742986,0.011202754907323,10.355584812934,924.37841393502,0.00030532853462928,0,0
12.3,6.1876855,3.2929511016101,0.20595807324518,3.2735609382068,3.2927687303781,3.2927869475622,0.24997153680339,0.048742314042915,0.04448418742986,0.011202754907323,10.355584812934,924.37841393502,0.00018237123198439,0,0
12.4,6.1867007,3.2926755016233,0.20589755206463,3.2733743298327,3.2926057921991,3.2926127510549,0.24992465383453,0.048939234692371,0.04448418742986,0.011202754907323,10.355584812934,924.37841393502,6.970942424056e-05,0,0
12.5,6.1878828,3.2924788011678,0.20583704051631,3.2730933918033,3.2923372056984,3.292351331776,0.24989161505466,0.049133211241019,0.04448418742986,0.011202754907323,10.355584812934,924.37841393502,0.00014159546938775,0,0
12.6,6.1878828,3.2922425014143,0.20577651740598,3.2728668390569,3.2921301028564,3.292141309181,0.24985272066817,0.049325742520653,0.04448418742986,0.011202754907323,10.355584812934,924.37841393502,0.00011239855782197,0,0
12.7,6.1870947,3.2919669016624,0.20571599429565,3.272677259935,3.2919569885039,3.2919579762584,0.24979408959107,0.049517766267575,0.04448418742986,0.011202754907323,10.355584812934,924.37841393502,9.9131584794243e-06,0,0
12.8,6.1863066,3.2916911016769,0.20565547889365,3.2724896663535,3.2917755892717,3.2917671759308,0.24971757915412,0.049709216836991,0.04448418742986,0.011202754907323,10.355584812934,924.37841393502,-8.4487594874005e-05,0,0
12.9,6.1882769,3.2915337009644,0.20559497119999,3.2721813340816,3.2914640119437,3.2914709475202,0.24967015908015,0.049896472624295,0.04448418742986,0.011202754907323,10.355584812934,924.37841393502,6.968902072213e-05,0,0
13,6.1870947,3.2914155007299,0.20553444423501,3.2720148767351,3.2913095987007,3.2913201321136,0.24962936237071,0.050081530422376,0.04448418742986,0.011202754907323,10.355584812934,924.37841393502,0.00010590202915584,0,0
13.1,6.1867007,3.2911792014703,0.20547392883301,3.271815332912,3.2911256317665,3.2911309569497,0.24957874861526,0.050265470686878,0.04448418742986,0.011202754907323,10.355584812934,924.37841393502,5.3569703722722e-05,0,0
13.2,6.1868975,3.2909431014804,0.2054134172847,3.2715913765269,3.2909119871894,3.2909150784062,0.24952394310968,0.050447947988095,0.04448418742986,0.011202754907323,10.355584812934,924.37841393502,3.1114290989009e-05,0,0
13.3,6.1880796,3.2907462012438,0.2053529038115,3.2713253744218,3.290654009957,3.2906631640937,0.24948020526068,0.050627608058719,0.04448418742986,0.011202754907323,10.355584812934,924.37841393502,9.219128680904e-05,0,0
13.4,6.1880796,3.2905886010031,0.20529237877628,3.2711136140548,3.2904562744979,3.2904694066505,0.24944357350189,0.050804891719886,0.04448418742986,0.011202754907323,10.355584812934,924.37841393502,0.00013232650518669,0,0
13.5,6.1861094,3.2903523015152,0.20523185374107,3.270991269905,3.2903518635233,3.2903519069663,0.24938312694702,0.050982850542124,0.04448418742986,0.011202754907323,10.355584812934,924.37841393502,4.3799184856752e-07,0,0
13.6,6.1868975,3.2900374020343,0.20517134797621,3.270748202227,3.290113594094,3.290106040869,0.2493090725287,0.051160355408796,0.04448418742986,0.011202754907323,10.355584812934,924.37841393502,-7.619205978493e-05,0,0
13.7,6.1865034,3.2898798010255,0.20511083450301,3.2705593729516,3.2899219347379,3.2899177600468,0.249241123167,0.051335609730791,0.04448418742986,0.011202754907323,10.355584812934,924.37841393502,-4.2133712433667e-05,0,0
13.8,6.1878828,3.2896435015489,0.20505032488446,3.2702934167596,3.2896564895919,3.2896552033769,0.24917833851196,0.051508569830267,0.04448418742986,0.011202754907323,10.355584812934,924.37841393502,-1.298804292249e-05,0,0
13.9,6.1867007,3.2894468012986,0.20498980177413,3.2701429569146,3.2895093867667,3.2895031920449,0.24910693401879,0.051681054383752,0.04448418742986,0.011202754907323,10.355584812934,924.37841393502,-6.2585468064924e-05,0,0
14,6.1867007,3.2891316020961,0.20492929022581,3.2699417344958,3.2893065807438,3.2892892700302,0.24901622395215,0.051854182892654,0.04448418742986,0.011202754907323,10.355584812934,924.37841393502,-0.00017497864767568,0,0
14.1,6.1882769,3.2890530005264,0.2048687786775,3.2696720683589,3.2890242065436,3.2890270537331,0.24896064545954,0.052021288836924,0.04448418742986,0.011202754907323,10.355584812934,924.37841393502,2.8793982749242e-05,0,0
14.2,6.1861094,3.2888167015938,0.20480825171251,3.269570417235,3.2889299549852,3.2889187618027,0.24888085644219,0.052190118076735,0.04448418742986,0.011202754907323,10.355584812934,924.37841393502,-0.00011325339132373,0,0
14.3,6.1859126,3.2885017021395,0.20474774594765,3.2693829859122,3.2887358634282,3.2887127316948,0.24878081159988,0.052359911195843,0.04448418742986,0.011202754907323,10.355584812934,924.37841393502,-0.00023416128869869,0,0
14.4,6.1878828,3.2885017,0.20468724210766,3.2691008032891,3.2884350898766,3.2884416668628,0.24873147470687,0.052521145834368,0.04448418742986,0.011202754907323,10.355584812934,924.37841393502,6.661012340059e-05,0,0
14.5,6.1849282,3.2882261018981,0.20462671899733,3.2690390836852,3.2883844294817,3.2883688037726,0.24864459702537,0.052686371872745,0.04448418742986,0.011202754907323,10.355584812934,924.37841393502,-0.00015832758359657,0,0
14.6,6.1884731,3.2880292013655,0.20456622478567,3.2686901648498,3.288024360351,3.2880248379009,0.24858490294816,0.052845800539478,0.04448418742986,0.011202754907323,10.355584812934,924.37841393502,4.8410145279121e-06,0,0
14.7,6.1861094,3.2879112008239,0.20450569590168,3.2686052643212,3.2879443686454,3.287941098242,0.24851893038547,0.053005018746044,0.04448418742986,0.011202754907323,10.355584812934,924.37841393502,-3.3167821540836e-05,0,0
14.8,6.1872915,3.2876356019375,0.20444519013681,3.2683644614275,3.2877046919388,3.2876978826113,0.24844716403092,0.053163375348612,0.04448418742986,0.011202754907323,10.355584812934,924.37841393502,-6.90900013538e-05,0,0
14.9,6.1868975,3.2873993016723,0.20438467280993,3.268195184907,3.2875329772019,3.2875198083409,0.24836501008554,0.053322030682805,0.04448418742986,0.011202754907323,10.355584812934,924.37841393502,-0.00013367552955001,0,0
15,6.1872915,3.2872024014029,0.20432415933673,3.267992432661,3.2873214182445,3.2873096985967,0.24828536470398,0.053478796085249,0.04448418742986,0.011202754907323,10.355584812934,924.37841393502,-0.00011901684154125,0,0
15.1,6.1855186,3.2868874022592,0.20426364200985,3.2678875475665,3.2872091636738,3.2871774933531,0.24817347652147,0.053639549762575,0.04448418742986,0.011202754907323,10.355584812934,924.37841393502,-0.00032176141457851,0,0
15.2,6.1868975,3.2867692008534,0.20420314202355,3.2676441602103,3.2869384967041,3.2869218403617,0.24808613036077,0.053794582794628,0.04448418742986,0.011202754907323,10.355584812934,924.37841393502,-0.00016929585069247,0,0
15.3,6.1868975,3.2866118011438,0.20414262855035,3.2674634456224,3.2867455183316,3.2867323679666,0.24800455503345,0.053947369695877,0.04448418742986,0.011202754907323,10.355584812934,924.37841393502,-0.00013371718775845,0,0
15.4,6.1867007,3.2864935008652,0.20408211507714,3.267292960689,3.2865662687295,3.2865591153738,0.24793265632479,0.054097042985104,0.04448418742986,0.011202754907323,10.355584812934,924.37841393502,-7.2767864287115e-05,0,0
15.5,6.1884731,3.2862966014496,0.20402160352883,3.2670363605369,3.2863068783107,3.2863058684706,0.24787054751732,0.05424351496978,0.04448418742986,0.011202754907323,10.355584812934,924.37841393502,-1.0276861156733e-05,0,0
15.6,6.1859126,3.2860999014574,0.20396107464483,3.2669737540535,3.286247585948,3.2862330798282,0.24778721618271,0.054392730180688,0.04448418742986,0.011202754907323,10.355584812934,924.37841393502,-0.00014768449062075,0,0
15.7,6.1872915,3.2858636017621,0.20390057080484,3.2667376281648,3.2860012772046,3.2859877596131,0.24770559429195,0.054540004715707,0.04448418742986,0.011202754907323,10.355584812934,924.37841393502,-0.00013767544249843,0,0
15.8,6.1874888,3.2856274017724,0.20384005347797,3.2665553285139,3.2858097803178,3.2857918806386,0.24761728363787,0.054687392501429,0.04448418742986,0.011202754907323,10.355584812934,924.37841393502,-0.00018237854538627,0,0
15.9,6.1874888,3.2855091008934,0.20377953422132,3.2663831895208,3.285624072383,3.2856127928147,0.2475393565414,0.054831435488694,0.04448418742986,0.011202754907323,10.355584812934,924.37841393502,-0.00011497148959627,0,0
16,6.1863066,3.2851548026923,0.20371901496466,3.2662650324627,3.2854989580401,3.2854652067969,0.24742706284286,0.054981110764905,0.04448418742986,0.011202754907323,10.355584812934,924.37841393502,-0.0003441553478023,0,0
16.1,6.1868975,3.2849972012052,0.203658507271,3.2660695123123,3.2852740679872,3.2852469260329,0.24732516891106,0.055127282785879,0.04448418742986,0.011202754907323,10.355584812934,924.37841393502,-0.00027686678203542,0,0
16.2,6.1870947,3.2849185006055,0.2035979937978,3.2658928042364,3.2850746391673,3.2850593382495,0.24724146348833,0.055268454861828,0.04448418742986,0.011202754907323,10.355584812934,924.37841393502,-0.00015613856181051,0,0
16.3,6.1880796,3.2846823018287,0.20353747839581,3.2656823862285,3.2848533457763,3.2848365904047,0.24715570198396,0.055408822157904,0.04448418742986,0.011202754907323,10.355584812934,924.37841393502,-0.00017104394760858,0,0
16.4,6.1863066,3.2845643009191,0.2034769533606,3.2655958803624,3.284754519456,3.2847358925726,0.24706727616824,0.055548624206063,0.04448418742986,0.011202754907323,10.355584812934,924.37841393502,-0.00019021853689694,0,0
16.5,6.1865034,3.2843280018519,0.20341644566693,3.2654232759377,3.2845677388702,3.2845442714476,0.24697182286429,0.055688564241078,0.04448418742986,0.011202754907323,10.355584812934,924.37841393502,-0.00023973701834734,0,0
16.6,6.1867007,3.284091701863,0.20335593604839,3.2652519403373,3.2843774182947,3.2843494600218,0.24686992245956,0.055828772989161,0.04448418742986,0.011202754907323,10.355584812934,924.37841393502,-0.00028571643170539,0,0
16.7,6.1884731,3.2839735009376,0.20329542450007,3.2650118162881,3.2841138651431,3.2841001349015,0.24678920155572,0.055962953087255,0.04448418742986,0.011202754907323,10.355584812934,924.37841393502,-0.00014036420552577,0,0
16.8,6.1872915,3.2837372018854,0.20323489561607,3.2649041883238,3.2839970371903,3.2839716293074,0.2466914901887,0.056100079114795,0.04448418742986,0.011202754907323,10.355584812934,924.37841393502,-0.00025983530487705,0,0
16.9,6.1867007,3.2836192009472,0.20317437828919,3.2647716893702,3.2838437005486,3.2838217555176,0.24659904158835,0.056234658815263,0.04448418742986,0.011202754907323,10.355584812934,924.37841393502,-0.00022449960137472,0,0
17,6.1878828,3.2833042025433,0.20311386674088,3.2645616549623,3.2836163202782,3.2835858208894,0.24649440392908,0.056370951758633,0.04448418742986,0.011202754907323,10.355584812934,924.37841393502,-0.00031211773490769,0,0
17.1,6.1863066,3.2831073015992,0.20305334363055,3.2644754404192,3.2835042637152,3.2834654865954,0.24637809565401,0.05650909667316,0.04448418742986,0.011202754907323,10.355584812934,924.37841393502,-0.00039696211597828,0,0
17.2,6.1876855,3.2830679003219,0.20299283593689,3.2642591880711,3.2832539784192,3.2832358074857,0.24629159396197,0.056638535592199,0.04448418742986,0.011202754907323,10.355584812934,924.37841393502,-0.00018607809736304,0,0
17.3,6.1868975,3.2827923022646,0.20293231475633,3.2641404012262,3.2831217815048,3.2830896177157,0.24618531872604,0.056771985535436,0.04448418742986,0.011202754907323,10.355584812934,924.37841393502,-0.0003294792401678,0,0
17.4,6.1876855,3.2826741009768,0.20287180128313,3.2639528124723,3.2829068554316,3.2828841413092,0.24609267319074,0.056900744490758,0.04448418742986,0.011202754907323,10.355584812934,924.37841393502,-0.00023275445476223,0,0
17.5,6.1861094,3.282477401635,0.20281128010258,3.2638715048421,3.2828076931831,3.2827754709344,0.2459868213248,0.057031923421814,0.04448418742986,0.011202754907323,10.355584812934,924.37841393502,-0.00033029154811404,0,0
17.6,6.1867007,3.2823591009889,0.20275077433771,3.2636951523996,3.2826040450455,3.2825801566324,0.24589289367386,0.05715869372814,0.04448418742986,0.011202754907323,10.355584812934,924.37841393502,-0.00024494405661901,0,0
17.7,6.1886704,3.2821229019857,0.20269026278939,3.2634585971911,3.2823485657608,3.2823265645889,0.24580176884007,0.05728368523558,0.04448418742986,0.011202754907323,10.355584812934,924.37841393502,-0.0002256637750131,0,0
17.8,6.1868975,3.2820048009984,0.20262973197562,3.2633894775457,3.2822624407021,3.2822373298263,0.24570648764478,0.057408936811712,0.04448418742986,0.011202754907323,10.355584812934,924.37841393502,-0.00025763970366111,0,0
17.9,6.1868975,3.2817292023432,0.20256921850242,3.263242851115,3.282095742279,3.2820600284035,0.24559681763667,0.057536918194456,0.04448418742986,0.011202754907323,10.355584812934,924.37841393502,-0.0003665399358006,0,0
18,6.1868975,3.2816896003385,0.20250870502922,3.2630973722585,3.2819196707764,3.2818972606352,0.24550562466372,0.057658675287632,0.04448418742986,0.011202754907323,10.355584812934,924.37841393502,-0.00023007043786993,0,0
18.1,6.1872915,3.281492901691,0.20244819155602,3.262935503178,3.2817405463421,3.281716431619,0.24541227460019,0.05777999678686,0.04448418742986,0.011202754907323,10.355584812934,924.37841393502,-0.00024764465106664,0,0
18.2,6.1882769,3.2812173023823,0.20238767422914,3.2627484076214,3.2815345311441,3.281503649752,0.24530993021686,0.057902918325013,0.04448418742986,0.011202754907323,10.355584812934,924.37841393502,-0.00031722876182805,0,0
18.3,6.1878828,3.2810597013699,0.20232714726416,3.2626236827923,3.2813841860853,3.2813526076247,0.24520685825721,0.058025138859412,0.04448418742986,0.011202754907323,10.355584812934,924.37841393502,-0.0003244847154793,0,0
18.4,6.1861094,3.2810204003434,0.20226662415383,3.2625614646811,3.2812957197177,3.2812689337544,0.2451104368231,0.058144339005024,0.04448418742986,0.011202754907323,10.355584812934,924.37841393502,-0.00027531937428815,0,0
18.5,6.1867007,3.280665903115,0.20220611838896,3.2623953480209,3.2811081983456,3.2810651795842,0.24499257935057,0.058268787625102,0.04448418742986,0.011202754907323,10.355584812934,924.37841393502,-0.00044229523064176,0,0
18.6,6.1863066,3.2806265003481,0.20214560684064,3.2622740819495,3.2809494086032,3.2809180106537,0.2448904265932,0.058387548340035,0.04448418742986,0.011202754907323,10.355584812934,924.37841393502,-0.00032290825518144,0,0
18.7,6.1868975,3.2804298017471,0.20208509914698,3.2621101154591,3.2807596082187,3.2807275485428,0.24478762023269,0.058505491376852,0.04448418742986,0.011202754907323,10.355584812934,924.37841393502,-0.00032980647158887,0,0
18.8,6.1890645,3.2802329017581,0.20202458567378,3.2618770328556,3.2805001018147,3.2804741351831,0.24469302355114,0.05861996613485,0.04448418742986,0.011202754907323,10.355584812934,924.37841393502,-0.00026720005653624,0,0
18.9,6.1859126,3.2800753014148,0.20196405100535,3.2618813664044,3.2804841526877,3.2804444312627,0.24458061859613,0.058739329784089,0.04448418742986,0.011202754907323,10.355584812934,924.37841393502,-0.00040885127294343,0,0
19,6.1876855,3.2799573010648,0.20190354716537,3.2616680215958,3.2802368733416,3.2802097192533,0.24448483629941,0.058852101223356,0.04448418742986,0.011202754907323,10.355584812934,924.37841393502,-0.00027957227675346,0,0
19.1,6.1863066,3.2797997014297,0.20184302598481,3.2615957142554,3.2801432516756,3.2801098925789,0.24438119493573,0.05896665826416,0.04448418742986,0.011202754907323,10.355584812934,924.37841393502,-0.00034355024584398,0,0
19.2,6.1888672,3.2796028017955,0.20178251829115,3.261349338779,3.2798694349729,3.2798435515134,0.24428739891889,0.059076911821236,0.04448418742986,0.011202754907323,10.355584812934,924.37841393502,-0.00026663317740683,0,0
19.3,6.1872915,3.2795241007214,0.2017219855525,3.2612876878562,3.2797878664674,3.2797622681247,0.24419410979789,0.059186335603608,0.04448418742986,0.011202754907323,10.355584812934,924.37841393502,-0.00026376574597053,0,0
19.4,6.1878828,3.2792485025394,0.20166146822562,3.261130820745,3.2796114139945,3.2795762028102,0.24408876024575,0.0592987203437,0.04448418742986,0.011202754907323,10.355584812934,924.37841393502,-0.00036291145511846,0,0
19.5,6.1863066,3.2791302010957,0.20160094511529,3.2610713000412,3.2795227819301,3.2794847019497,0.24397999317599,0.05941142320361,0.04448418742986,0.011202754907323,10.355584812934,924.37841393502,-0.00039258083438742,0,0
19.6,6.1868975,3.2789729014643,0.20154043742163,3.2609165385403,3.2793361391053,3.279300914407,0.24387507955453,0.059521744009352,0.04448418742986,0.011202754907323,10.355584812934,924.37841393502,-0.00036323764103541,0,0
19.7,6.1865034,3.2788153014747,0.20147992394843,3.2608065009173,3.2791971624712,3.2791601411698,0.24376812486855,0.059631949540762,0.04448418742986,0.011202754907323,10.355584812934,924.37841393502,-0.00038186099649851,0,0
19.8,6.1872915,3.2786579014802,0.20141941432988,3.2606448826782,3.2790049032815,3.278971270006,0.24366563066128,0.059739669728075,0.04448418742986,0.011202754907323,10.355584812934,924.37841393502,-0.00034700180134539,0,0
19.9,6.1880796,3.2784216022335,0.20135889700301,3.2604841308775,3.2788169790114,3.2787786664889,0.24355752057256,0.059848596733177,0.04448418742986,0.011202754907323,10.355584812934,924.37841393502,-0.00039537677786683,0,0
20,6.1886704,3.2783034011228,0.20129837196779,3.2603330138854,3.2786341107158,3.2786020724048,0.2434573896586,0.059953879375029,0.04448418742986,0.011202754907323,10.355584812934,924.37841393502,-0.00033070959300741,0,0
20.1,6.1868975,3.2781854011265,0.20123784115402,3.2602879160751,3.2785636094831,3.2785269785285,0.24335179393476,0.060060351486171,0.04448418742986,0.011202754907323,10.355584812934,924.37841393502,-0.00037820835653957,0,0
20.2,6.1870947,3.278067101135,0.20117732768082,3.2601563083444,3.2784020991911,3.2783696611405,0.24325156537582,0.060163822495773,0.04448418742986,0.011202754907323,10.355584812934,924.37841393502,-0.00033499805607562,0,0
20.3,6.1874888,3.2778308022784,0.20111681227883,3.2600168385185,3.2782369951405,3.2781976726404,0.24314313596348,0.060269517649743,0.04448418742986,0.011202754907323,10.355584812934,924.37841393502,-0.00040619286205201,0,0
20.4,6.1878828,3.2776341019058,0.20105629302218,3.2598782392909,3.2780659826727,3.2780241832686,0.24303192671838,0.060375467996648,0.04448418742986,0.011202754907323,10.355584812934,924.37841393502,-0.00043188076683709,0,0
20.5,6.1867007,3.2775552007683,0.20099576991185,3.2598106094115,3.2779635788762,3.2779240634133,0.24292371003711,0.060479506149985,0.04448418742986,0.011202754907323,10.355584812934,924.37841393502,-0.00040837810791761,0,0
20.6,6.1882769,3.277319002311,0.20093525836353,3.2596213049739,3.2777418905736,3.277700980559,0.24281405421343,0.060583159366952,0.04448418742986,0.011202754907323,10.355584812934,924.37841393502,-0.00042288826256875,0,0
20.7,6.1878828,3.2770827023233,0.20087473139855,3.2595203550033,3.2776072744097,3.2775565391911,0.24269286574796,0.0606906319118,0.04448418742986,0.011202754907323,10.355584812934,924.37841393502,-0.00052457208633916,0,0
20.8,6.1868975,3.2770040007775,0.20081420828822,3.2594466252826,3.277490209083,3.2774431949917,0.24257639243592,0.060795426806101,0.04448418742986,0.011202754907323,10.355584812934,924.37841393502,-0.00048620830550128,0,0
20.9,6.1868975,3.2769647003901,0.20075369481502,3.2593300439032,3.2773341521198,3.2772984358876,0.2424735713188,0.060893945906167,0.04448418742986,0.011202754907323,10.355584812934,924.37841393502,-0.00036945172965686,0,0
21,6.1865034,3.2766891027488,0.20069318134182,3.2592318525787,3.2772078710173,3.2771577309943,0.24235393887932,0.060998381741797,0.04448418742986,0.011202754907323,10.355584812934,924.37841393502,-0.00051876826843866,0,0
21.1,6.1874888,3.2766104007887,0.20063267172327,3.2590731900633,3.2770068479937,3.276968539013,0.24224846769595,0.061096307231223,0.04448418742986,0.011202754907323,10.355584812934,924.37841393502,-0.00039644720497467,0,0
21.2,6.1867007,3.2764528015869,0.20057215246662,3.2589941518328,3.2768973793748,3.2768544288956,0.24213777005351,0.061195693156112,0.04448418742986,0.011202754907323,10.355584812934,924.37841393502,-0.00044457778789742,0,0
21.3,6.1886704,3.2763348011938,0.2005116409183,3.2587933583527,3.2766616341923,3.2766300658294,0.24204054567778,0.061288712642283,0.04448418742986,0.011202754907323,10.355584812934,924.37841393502,-0.00032683299853487,0,0
21.4,6.1863066,3.2761378020023,0.20045111010453,3.2587859424665,3.2766307165614,3.2765831168193,0.24192490915014,0.061388810112474,0.04448418742986,0.011202754907323,10.355584812934,924.37841393502,-0.00049291455911771,0,0
21.5,6.1892612,3.2758622028144,0.20039060241087,3.2585430269513,3.2763484096851,3.2763014676727,0.24181030247609,0.061487486155506,0.04448418742986,0.011202754907323,10.355584812934,924.37841393502,-0.00048620687068723,0,0
21.6,6.1870947,3.2759015995958,0.20033006581854,3.2585283981805,3.2762951857135,3.2762571939984,0.24170617851861,0.061581308913463,0.04448418742986,0.011202754907323,10.355584812934,924.37841393502,-0.0003935861176827,0,0
21.7,6.1865034,3.2757046020305,0.20026955041654,3.2584447458281,3.2761819849732,3.2761359142124,0.24159304317508,0.061678013752715,0.04448418742986,0.011202754907323,10.355584812934,924.37841393502,-0.00047738294270783,0,0
21.8,6.1880796,3.2753897032605,0.200209040798,3.2582655354159,3.2759652813192,3.275909745535,0.24146938550067,0.061778455977002,0.04448418742986,0.011202754907323,10.355584812934,924.37841393502,-0.00057557805874753,0,0
21.9,6.1878828,3.2754682991824,0.20014851576279,3.2581658057438,3.2758187717439,3.2757849626357,0.24137058754093,0.061867562626972,0.04448418742986,0.011202754907323,10.355584812934,924.37841393502,-0.00035047256150644,0,0
22,6.1872915,3.2751927028797,0.20008799265246,3.258084428108,3.275712416238,3.2756622911213,0.2412535716605,0.061963914066268,0.04448418742986,0.011202754907323,10.355584812934,924.37841393502,-0.00051971335822021,0,0
22.1,6.1870947,3.2751534004125,0.20002747532558,3.2579863409831,3.2755731879237,3.2755327085622,0.24114763306339,0.062054609137858,0.04448418742986,0.011202754907323,10.355584812934,924.37841393502,-0.00041978751120197,0,0
22.2,6.1867007,3.2749171024915,0.19996695992358,3.2578978134126,3.2754532712928,3.275401579798,0.24102936907071,0.062150079804382,0.04448418742986,0.011202754907323,10.355584812934,924.37841393502,-0.00053616880120488,0,0
22.3,6.1884731,3.2747595016693,0.19990644837527,3.2577137171116,3.2752267336234,3.2751816971602,0.24091876283039,0.062241377592444,0.04448418742986,0.011202754907323,10.355584812934,924.37841393502,-0.00046723195411635,0,0
22.4,6.1867007,3.2747202004181,0.19984591949127,3.2576878597183,3.2751652173057,3.2751223305504,0.24081073716946,0.062331007420473,0.04448418742986,0.011202754907323,10.355584812934,924.37841393502,-0.00044501688756915,0,0
22.5,6.1880796,3.2745628016821,0.19978540794295,3.2575227625177,3.274966727645,3.2749278084203,0.24070730885808,0.062417677237342,0.04448418742986,0.011202754907323,10.355584812934,924.37841393502,-0.00040392596289518,0,0
22.6,6.1861094,3.2744839008469,0.19972488290774,3.2575072284014,3.2749218658991,3.2748796750437,0.24060045927664,0.062505401702742,0.04448418742986,0.011202754907323,10.355584812934,924.37841393502,-0.00043796505219884,0,0
22.7,6.1870947,3.2740903042438,0.19966437714287,3.2573611720147,3.27474332333,3.2746804274864,0.24047119079534,0.062602685259945,0.04448418742986,0.011202754907323,10.355584812934,924.37841393502,-0.00065301908622484,0,0
22.8,6.1859126,3.2741689991478,0.19960386174088,3.2573121411582,3.2746413152985,3.2745958325402,0.24036116182735,0.06269038349507,0.04448418742986,0.011202754907323,10.355584812934,924.37841393502,-0.00047231615076804,0,0
22.9,6.1870947,3.2740114017142,0.19954335790089,3.2571587882555,3.2744525260942,3.2744100549752,0.24025461903028,0.062775662609839,0.04448418742986,0.011202754907323,10.355584812934,924.37841393502,-0.0004411243800253,0,0
23,6.1865034,3.273893401289,0.1994828424989,3.2570848980571,3.2743463238676,3.2743027249239,0.2401470416624,0.062860917208825,0.04448418742986,0.011202754907323,10.355584812934,924.37841393502,-0.00045292257860474,0,0
23.1,6.1870947,3.2737753012958,0.19942233288035,3.2569591684593,3.2741872723861,3.274147622788,0.24004391305851,0.06294333755994,0.04448418742986,0.011202754907323,10.355584812934,924.37841393502,-0.00041197109031321,0,0
23.2,6.1878828,3.2734995030391,0.19936181747836,3.2568253121016,3.2740241415736,3.2739736576642,0.2399293601449,0.063030728748948,0.04448418742986,0.011202754907323,10.355584812934,924.37841393502,-0.00052463853456519,0,0
23.3,6.1868975,3.2733028021769,0.19930129436803,3.2567709436194,3.2739298162367,3.273869492047,0.23980453574686,0.063122589468175,0.04448418742986,0.011202754907323,10.355584812934,924.37841393502,-0.00062701405984367,0,0
23.4,6.1880796,3.2733028,0.19924078089483,3.2566209526562,3.2737302287985,3.2736891138173,0.239700378552,0.063203542084255,0.04448418742986,0.011202754907323,10.355584812934,924.37841393502,-0.00042742879847157,0,0
23.5,6.1874888,3.2730665026376,0.19918025585962,3.2565503698047,3.2736293620868,3.2735752294677,0.23958262903552,0.063290754190915,0.04448418742986,0.011202754907323,10.355584812934,924.37841393502,-0.0005628594491589,0,0
23.6,6.1870947,3.2729483013249,0.19911973660297,3.2564717724187,3.2735076320232,3.2734538482642,0.23946548810653,0.063376986801618,0.04448418742986,0.011202754907323,10.355584812934,924.37841393502,-0.00055933069829983,0,0
23.7,6.1878828,3.2728302013295,0.19905922120097,3.2563412922462,3.273334534484,3.2732860476216,0.23935413664891,0.06345965324623,0.04448418742986,0.011202754907323,10.355584812934,924.37841393502,-0.00050433315449405,0,0
23.8,6.1884731,3.2727516008885,0.19899869809064,3.2562201782179,3.273176238937,3.2731354210825,0.23925099273732,0.063537635600547,0.04448418742986,0.011202754907323,10.355584812934,924.37841393502,-0.00042463804847204,0,0
23.9,6.1865034,3.2725153026825,0.19893816920664,3.2562135275626,3.2731401751915,3.2730801203503,0.23912801125377,0.063625250451691,0.04448418742986,0.011202754907323,10.355584812934,924.37841393502,-0.00062487250904741,0,0
24,6.1878828,3.2724364008994,0.1988776595881,3.2560587600028,3.2729369551812,3.2728888564361,0.23901768497249,0.063705537703078,0.04448418742986,0.011202754907323,10.355584812934,924.37841393502,-0.00050055428180329,0,0
24.1,6.1857158,3.2722397022516,0.19881713647777,3.2560622327268,3.2729040669879,3.2728402383299,0.23889131997739,0.063793725048941,0.04448418742986,0.011202754907323,10.355584812934,924.37841393502,-0.00066436473628695,0,0
24.2,6.1867007,3.2720821018115,0.19875663456267,3.2559263700207,3.2727163294963,3.2726554064626,0.23876822575981,0.063879387357081,0.04448418742986,0.011202754907323,10.355584812934,924.37841393502,-0.00063422768479482,0,0
24.3,6.1865034,3.2719638013654,0.19869612301435,3.2558436092931,3.2725847996962,3.2725251573742,0.23864668272221,0.063963753678616,0.04448418742986,0.011202754907323,10.355584812934,924.37841393502,-0.00062099833081186,0,0
24.4,6.1865034,3.2719245004554,0.19863561339581,3.2557527121137,3.2724466067598,3.2723964705584,0.2385350734492,0.064042248341484,0.04448418742986,0.011202754907323,10.355584812934,924.37841393502,-0.00052210630439209,0,0
24.5,6.1874888,3.2717671018317,0.19857510377726,3.2556185922404,3.2722748395712,3.2722260911115,0.2384250756387,0.064119325613092,0.04448418742986,0.011202754907323,10.355584812934,924.37841393502,-0.00050773773957991,0,0
24.6,6.1865034,3.2716095018414,0.19851458452061,3.2555726375237,3.2721927598623,3.2721367697012,0.23830794111767,0.064199804812287,0.04448418742986,0.011202754907323,10.355584812934,924.37841393502,-0.00058325802086934,0,0
24.7,6.1872915,3.2715309009221,0.19845407490207,3.2554485018605,3.2720254295855,3.2719779646843,0.23819962549264,0.064274840884868,0.04448418742986,0.011202754907323,10.355584812934,924.37841393502,-0.00049452866332622,0,0
24.8,6.1868975,3.2714915004641,0.19839355757519,3.2553774571805,3.2719198421209,3.2718787364156,0.23809786927971,0.064345834820823,0.04448418742986,0.011202754907323,10.355584812934,924.37841393502,-0.00042834165678984,0,0
24.9,6.1863066,3.2712946023287,0.19833304410199,3.2553158052286,3.2718300992021,3.2717787185076,0.23798600981474,0.064421833767613,0.04448418742986,0.011202754907323,10.355584812934,924.37841393502,-0.00053549687340659,0,0
25,6.1872915,3.2711370018713,0.19827253640833,3.2551847048759,3.2716607796884,3.2716105313249,0.2378754828889,0.064496503066937,0.04448418742986,0.011202754907323,10.355584812934,924.37841393502,-0.00052377781708923,0,0
25.1,6.1863066,3.2710190014068,0.19821201908145,3.2551416964558,3.2715808246746,3.2715269348367,0.23776152915957,0.064572665545727,0.04448418742986,0.011202754907323,10.355584812934,924.37841393502,-0.00056182326780263,0,0
25.2,6.1884731,3.2709007014159,0.19815151138779,3.2549591837515,3.2713578830176,3.2713140371393,0.23765771218158,0.064642500395353,0.04448418742986,0.011202754907323,10.355584812934,924.37841393502,-0.00045718160166874,0,0
25.3,6.1880796,3.2707434018903,0.19809098250379,3.2548908740852,3.2712592931881,3.2712098243584,0.23754850757812,0.064715106962584,0.04448418742986,0.011202754907323,10.355584812934,924.37841393502,-0.00051589129783158,0,0
25.4,6.1894585,3.2705464023766,0.19803045746858,3.2547443278331,3.2710769784884,3.2710261092708,0.23743812040782,0.064787840246821,0.04448418742986,0.011202754907323,10.355584812934,924.37841393502,-0.00053057611184082,0,0
25.5,6.1878828,3.270507100476,0.19796991894647,3.2547296173178,3.271025240841,3.2709755714034,0.23732908133884,0.064859435549958,0.04448418742986,0.011202754907323,10.355584812934,924.37841393502,-0.0005181403649881,0,0
25.6,6.1863066,3.2703888014384,0.19790939583614,3.2547156589611,3.2709755898282,3.2709193481472,0.23721384860501,0.064933953111633,0.04448418742986,0.011202754907323,10.355584812934,924.37841393502,-0.00058678838976434,0,0
25.7,6.1870947,3.2701526028833,0.19784888814248,3.2545972496645,3.2708150853596,3.2707515980904,0.23709181663235,0.065011765802795,0.04448418742986,0.011202754907323,10.355584812934,924.37841393502,-0.00066248247631373,0,0
25.8,6.1861094,3.2701526,0.19778837274049,3.2545581798282,3.2707268830389,3.2706718562443,0.23697817672285,0.065084232562059,0.04448418742986,0.011202754907323,10.355584812934,924.37841393502,-0.00057428303888907,0,0
25.9,6.1865034,3.2698770033904,0.19772786697562,3.25445839851,3.2705865909809,3.2705186094867,0.23685228589607,0.065163337795033,0.04448418742986,0.011202754907323,10.355584812934,924.37841393502,-0.00070958759048523,0,0
26,6.1870947,3.2699162995147,0.19766735735707,3.2543503252946,3.2704252835551,3.2703765278077,0.23674505797537,0.065230894172691,0.04448418742986,0.011202754907323,10.355584812934,924.37841393502,-0.00050898404042332,0,0
26.1,6.1874888,3.2696803029257,0.19760684195508,3.2542514824087,3.2702925571244,3.2702339175419,0.23662856272434,0.065303583778953,0.04448418742986,0.011202754907323,10.355584812934,924.37841393502,-0.00061225419870503,0,0
26.2,6.1863066,3.2696407004928,0.19754632269843,3.2542232356663,3.2702207216789,3.2701651772025,0.23651521505927,0.065373939394159,0.04448418742986,0.011202754907323,10.355584812934,924.37841393502,-0.00058002118613709,0,0
26.3,6.1865034,3.2694440024572,0.19748581500477,3.2541342929981,3.2700914462489,3.2700294539863,0.23639596437374,0.065447279525984,0.04448418742986,0.011202754907323,10.355584812934,924.37841393502,-0.000647443791709,0,0
26.4,6.1872915,3.2694044004965,0.19742530538622,3.2540195338943,3.2699301022892,3.2698797738179,0.23628793980009,0.065513321639681,0.04448418742986,0.011202754907323,10.355584812934,924.37841393502,-0.00052570179263389,0,0
26.5,6.1867007,3.2691684029705,0.19736478805934,3.2539665301516,3.2698423077279,3.2697777999428,0.23616674426278,0.065587073551103,0.04448418742986,0.011202754907323,10.355584812934,924.37841393502,-0.00067390475736495,0,0
26.6,6.1876855,3.2690108019911,0.19730427651103,3.2538440037239,3.2696710195383,3.2696078306877,0.23604701234213,0.065659389764428,0.04448418742986,0.011202754907323,10.355584812934,924.37841393502,-0.00066021754720369,0,0
26.7,6.1865034,3.2690108,0.19724375533047,3.2538182547026,3.2695980276831,3.2695418323628,0.23593401684089,0.065727157289402,0.04448418742986,0.011202754907323,10.355584812934,924.37841393502,-0.00058722768313935,0,0
26.8,6.1872915,3.2688925015058,0.19718324571193,3.2537054866382,3.2694451703329,3.2693922893786,0.23582430690974,0.065792304291581,0.04448418742986,0.011202754907323,10.355584812934,924.37841393502,-0.00055266882702476,0,0
26.9,6.1872915,3.2688138010056,0.19712272838505,3.2536281735427,3.2693312230957,3.2692817213622,0.23571789972041,0.065855019600317,0.04448418742986,0.011202754907323,10.355584812934,924.37841393502,-0.00051742209011163,0,0
27,6.1870947,3.2685382035343,0.19706221105817,3.2535600963814,3.2692300122708,3.2691638358845,0.23559625540649,0.065926954523815,0.04448418742986,0.011202754907323,10.355584812934,924.37841393502,-0.00069180873653973,0,0
27.1,6.1876855,3.2684989005059,0.19700169565617,3.2534574823464,3.2690778044056,3.2690224355588,0.23548477937376,0.065991941358559,0.04448418742986,0.011202754907323,10.355584812934,924.37841393502,-0.00057890389976523,0,0
27.2,6.1872915,3.2683020025438,0.19694117447562,3.2533990821682,3.2689807704366,3.268915858776,0.23536472801944,0.066062056243678,0.04448418742986,0.011202754907323,10.355584812934,924.37841393502,-0.00067876789288901,0,0
27.3,6.1859126,3.2682626005109,0.19688065714874,3.2533850067256,3.2689187240958,3.2688559862032,0.23524687894631,0.066130269789752,0.04448418742986,0.011202754907323,10.355584812934,924.37841393502,-0.00065612358485634,0,0
27.4,6.1874888,3.2681446015357,0.19682015330876,3.2532400937807,3.2687282063609,3.2686724099302,0.23513556757027,0.066193671901841,0.04448418742986,0.011202754907323,10.355584812934,924.37841393502,-0.00058360482521369,0,0
27.5,6.1876855,3.2680264015439,0.19675963405211,3.2531568274692,3.2686064287012,3.2685509815097,0.23502473726614,0.066256508442258,0.04448418742986,0.011202754907323,10.355584812934,924.37841393502,-0.00058002715724426,0,0
27.6,6.1868975,3.2679870005165,0.19669911287155,3.2531177972549,3.2685293856867,3.2684775435226,0.23491734180688,0.066316702823429,0.04448418742986,0.011202754907323,10.355584812934,924.37841393502,-0.0005423851701809,0,0
27.7,6.1868975,3.267750703109,0.19663859939835,3.2530442521981,3.2684215609392,3.2683574473184,0.23479906197547,0.066383607037221,0.04448418742986,0.011202754907323,10.355584812934,924.37841393502,-0.00067085783019305,0,0
27.8,6.1868975,3.2676721010378,0.19657808592515,3.2529711523925,3.2683021076945,3.2682419058433,0.23468449631907,0.066447626835042,0.04448418742986,0.011202754907323,10.355584812934,924.37841393502,-0.00063000665664292,0,0
27.9,6.1863066,3.2675145020885,0.19651757245195,3.2529247792656,3.2682134671656,3.2681466842343,0.23456423076366,0.066515049153856,0.04448418742986,0.011202754907323,10.355584812934,924.37841393502,-0.00069896507708167,0,0
28,6.1880796,3.2675145,0.19645706475829,3.2527737529181,3.26801380354,3.2679661033257,0.23446119286332,0.066570422103899,0.04448418742986,0.011202754907323,10.355584812934,924.37841393502,-0.00049930354002026,0,0
28.1,6.1882769,3.2672782031539,0.19639653972308,3.2526930535506,3.2679036498277,3.2678439061374,0.23434758376076,0.066632751059611,0.04448418742986,0.011202754907323,10.355584812934,924.37841393502,-0.00062544667380848,0,0
28.2,6.1868975,3.2671995010541,0.19633601275809,3.2526828999019,3.2678521677391,3.2677898316345,0.23423186021968,0.066696144657486,0.04448418742986,0.011202754907323,10.355584812934,924.37841393502,-0.00065266668497888,0,0
28.3,6.1870947,3.2671995,0.19627549928489,3.2526031927421,3.2677287232621,3.2676781834088,0.23412674908348,0.066751750745791,0.04448418742986,0.011202754907323,10.355584812934,924.37841393502,-0.00052922326209037,0,0
28.4,6.1880796,3.2670419021259,0.1962149838829,3.252488843457,3.2675825471268,3.2675309227936,0.23402083497258,0.066807567920959,0.04448418742986,0.011202754907323,10.355584812934,924.37841393502,-0.00054064500095352,0,0
28.5,6.1870947,3.2668056031988,0.19615445884768,3.2524624250909,3.2675233375088,3.267454811797,0.23390025361081,0.066873264374997,0.04448418742986,0.011202754907323,10.355584812934,924.37841393502,-0.0007177343099638,0,0
28.6,6.1868975,3.2667270010677,0.19609394344569,3.2524014902481,3.2674129280371,3.2673474469805,0.23378254529081,0.06693646649904,0.04448418742986,0.011202754907323,10.355584812934,924.37841393502,-0.00068592696939307,0,0
28.7,6.1865034,3.2666483010728,0.19603342997249,3.2523497447996,3.2673149516369,3.2672513183485,0.23366664103778,0.066998002687576,0.04448418742986,0.011202754907323,10.355584812934,924.37841393502,-0.00066665056407889,0,0
28.8,6.1894585,3.2665300016182,0.19597292035394,3.2521494613044,3.2670704720988,3.267018889078,0.23356138157229,0.067051640174603,0.04448418742986,0.011202754907323,10.355584812934,924.37841393502,-0.00054047048051897,0,0
28.9,6.1882769,3.2663727021593,0.19591238183184,3.2521332643413,3.2670222448858,3.2669602591801,0.23344724942889,0.067111505867569,0.04448418742986,0.011202754907323,10.355584812934,924.37841393502,-0.00064954272655671,0,0
29,6.1880796,3.2662938010868,0.19585185486686,3.2520738131541,3.2669205369292,3.2668607346488,0.23333518997324,0.06716941252311,0.04448418742986,0.011202754907323,10.355584812934,924.37841393502,-0.00062673584238082,0,0
29.1,6.1859126,3.2662938,0.19579132983164,3.2521023986745,3.2669092115027,3.2668504965714,0.23322423843949,0.067226151475791,0.04448418742986,0.011202754907323,10.355584812934,924.37841393502,-0.00061541150266509,0,0
29.2,6.1876855,3.266136402183,0.19573082599166,3.2519563538792,3.2667244982763,3.2666683958915,0.23311571224553,0.067280580487993,0.04448418742986,0.011202754907323,10.355584812934,924.37841393502,-0.00058809609332311,0,0
29.3,6.1857158,3.2659788021933,0.1956703048111,3.2519769810467,3.2667092085182,3.2666395381707,0.23299575268981,0.067343111328282,0.04448418742986,0.011202754907323,10.355584812934,924.37841393502,-0.00073040632492205,0,0
29.4,6.1880796,3.2658608016478,0.195609802896,3.2518054389651,3.2664884002241,3.2664285430564,0.23288435322475,0.067398856920847,0.04448418742986,0.011202754907323,10.355584812934,924.37841393502,-0.00062759857634376,0,0
29.5,6.1874888,3.2657425016576,0.19554927786079,3.2517654415227,3.266409108929,3.2663455384685,0.23276995127295,0.067456694709529,0.04448418742986,0.011202754907323,10.355584812934,924.37841393502,-0.00066660727134638,0,0
29.6,6.1865034,3.265663901105,0.19548875860414,3.2517434391155,3.2663442798356,3.2662794033272,0.23265462875898,0.067514802523093,0.04448418742986,0.011202754907323,10.355584812934,924.37841393502,-0.00068037873051541,0,0
29.7,6.1880796,3.2655063022233,0.1954282489856,3.2516079675883,3.2661648628472,3.2661020737473,0.23254125276629,0.067571029456835,0.04448418742986,0.011202754907323,10.355584812934,924.37841393502,-0.00065856062395486,0,0
29.8,6.1876855,3.2653093027883,0.19536772395038,3.2515603331941,3.2660755441841,3.2660024965439,0.23241942460438,0.067633350157328,0.04448418742986,0.011202754907323,10.355584812934,924.37841393502,-0.00076624139576253,0,0
29.9,6.1876855,3.2653488994376,0.19530720276983,3.2514955764176,3.2659590788361,3.2659009153371,0.2323102500569,0.067685834139251,0.04448418742986,0.011202754907323,10.355584812934,924.37841393502,-0.0006101793984592,0,0
30,6.1884731,3.2652307,0.19524668158927,3.2513961446563,3.2658229662621,3.2657665164239,0.23220266195868,0.06773681352853,0.04448418742986,0.011202754907323,10.355584812934,924.37841393502,-0.00059226626212894,0,0
30.1,-0,3.5171485997936,0.19518615270527,3.526621214963,3.5410132020421,3.5387388748377,0.23025196077278,0.069176396509532,0.04448418742986,0.011202754907323,10.355584812934,924.37841393502,-0.02386460224851,0,0
30.2,-0,3.5210626334546,0.19518615270527,3.5272509152379,3.5394036703565,3.5376559337544,0.22880410766553,0.069608219074089,0.04448418742986,0.011202754907323,10.355584812934,924.37841393502,-0.01834103690186,0,0
30.3,-0,3.5225588818663,0.19518615270527,3.5278745639989,3.5383248791526,3.5368226810651,0.22756365428137,0.069883623618448,0.04448418742986,0.011202754907323,10.355584812934,924.37841393502,-0.01576599728631,0,0
30.4,-0,3.5236771652171,0.19518615270527,3.5284922194021,3.5374942731422,3.5361779064838,0.22648012797365,0.070041122217886,0.04448418742986,0.011202754907323,10.355584812934,924.37841393502,-0.013817107925058,0,0
30.5,-0,3.524535609161,0.19518615270527,3.5291039390445,3.536851012146,3.5356778376284,0.22551754285839,0.070108303930729,0.04448418742986,0.011202754907323,10.355584812934,924.37841393502,-0.012315402984997,0,0
30.6,-0,3.5252128308449,0.19518615270527,3.5297097799696,3.5363515889169,3.5352906134659,0.22464978141065,0.070105284396807,0.04448418742986,0.011202754907323,10.355584812934,924.37841393502,-0.011138758072009,0,0
30.7,-0,3.5258664902375,0.19518615270527,3.5303097986727,3.5359643357362,3.5350026079744,0.22386568367813,0.070040670861163,0.04448418742986,0.011202754907323,10.355584812934,924.37841393502,-0.010097845498763,0,0
30.8,-0,3.5265358102101,0.19518615270527,3.5309040511064,3.535675709299,3.534805307071,0.22315828283677,0.069919844334678,0.04448418742986,0.011202754907323,10.355584812934,924.37841393502,-0.0091398990888609,0,0
30.9,-0,3.5271579713289,0.19518615270527,3.5314925926853,3.5354772472345,3.5346850750765,0.22251648660762,0.069751452153154,0.04448418742986,0.011202754907323,10.355584812934,924.37841393502,-0.0083192759055857,0,0
31,-0,3.5277014324627,0.19518615270527,3.5320754782916,3.535355396966,3.5346266508841,0.2219279272409,0.069545193484304,0.044573975089552,0.019082766798478,11.360465747874,595.3259224852,-0.0076539645033233,1,0
31.1,-0,3.5281659336053,0.19518615270527,3.53265276228,3.5352361329854,3.5345624804711,0.22139043295985,0.069367645674435,0.044573975089552,0.019082766798478,11.360465747874,595.3259224852,-0.007070199380129,0,0
31.2,-0,3.528646232414,0.19518615270527,3.5332244984829,3.535170406574,3.5345484547455,0.22089973265401,0.069160997041065,0.044573975089552,0.019082766798478,11.360465747874,595.3259224852,-0.006524174159928,0,0
31.3,-0,3.5290163559027,0.19518615270527,3.5337907402154,3.5351545698154,3.53456919818,0.22044267130173,0.068934707126032,0.044573975089552,0.019082766798478,11.360465747874,595.3259224852,-0.0061382139126533,0,0
31.4,-0,3.5294574917748,0.19518615270527,3.5343515402801,3.5351733300839,3.5346281063619,0.22002104337999,0.068686187341583,0.044573975089552,0.019082766798478,11.360465747874,595.3259224852,-0.0057158383091074,0,0
31.5,-0,3.529914254111,0.19518615270527,3.5349069509723,3.5352300602813,3.5347229202985,0.21963236294119,0.068416578717354,0.044573975089552,0.019082766798478,11.360465747874,595.3259224852,-0.0053158061702465,0,0
31.6,-0,3.5302844546777,0.19518615270527,3.5354570240847,3.5353225114143,3.534841833709,0.21926702064365,0.068133366087307,0.044573975089552,0.019082766798478,11.360465747874,595.3259224852,-0.0050380567366113,0,0
31.7,-0,3.5306860334819,0.19518615270527,3.5360018109122,3.5354389427981,3.5349854624005,0.21892501639255,0.067835933601538,0.044573975089552,0.019082766798478,11.360465747874,595.3259224852,-0.004752909316176,0,0
31.8,-0,3.5310481952422,0.19518615270527,3.5365413622567,3.5355799648425,3.5351475937166,0.2186012888142,0.067528217750496,0.044573975089552,0.019082766798478,11.360465747874,595.3259224852,-0.0045317696003622,0,0
31.9,-0,3.5314105340317,0.19518615270527,3.5370757284322,3.5357393993899,3.5353264096208,0.21829416425445,0.067211283906461,0.044573975089552,0.019082766798478,11.360465747874,595.3259224852,-0.0043288653581994,0,0
32,-0,3.5317098164099,0.19518615270527,3.5376049592687,3.5359154377404,3.535514236862,0.21799769979566,0.06689013271248,0.044234373798969,0.018257121452073,13.49184070098,738.9905761649,-0.0042056213304753,1,0
32.1,-0,3.5320878527943,0.19518615270527,3.5381291041178,3.5360081861641,3.5356337018661,0.21772691842414,0.066648893776677,0.044234373798969,0.018257121452073,13.49184070098,738.9905761649,-0.0039203333697113,0,0
32.2,-0,3.5324186163875,0.19518615270527,3.5386482118564,3.5361258697423,3.5357713880059,0.21747566955584,0.066398217727754,0.044234373798969,0.018257121452073,13.49184070098,738.9905761649,-0.0037072533548286,0,0
32.3,-0,3.5327256745644,0.19518615270527,3.539162330892,3.5362617047682,3.5359233497995,0.21724021836131,0.06614037044606,0.044234373798969,0.018257121452073,13.49184070098,738.9905761649,-0.0035360302038101,0,0
32.4,-0,3.5329855969683,0.19518615270527,3.5396715091668,3.5364117624919,3.536083750772,0.21701579150146,0.065879041773161,0.044234373798969,0.018257121452073,13.49184070098,738.9905761649,-0.0034261655235843,0,0
32.5,-0,3.5332533351389,0.19518615270527,3.5401757941622,3.5365702336863,3.5362525702131,0.21680179908081,0.065613987135775,0.044234373798969,0.018257121452073,13.49184070098,738.9905761649,-0.003316898547387,0,0
32.6,-0,3.5336156339008,0.19518615270527,3.5406752329033,3.536737095835,3.5364380808973,0.21660323035247,0.065339177491925,0.044234373798969,0.018257121452073,13.49184070098,738.9905761649,-0.0031214619342066,0,0
32.7,-0,3.5339149763298,0.19518615270527,3.5411698719634,3.5369205771909,3.5366326224241,0.21641450679179,0.065059764506374,0.044234373798969,0.018257121452073,13.49184070098,738.9905761649,-0.0030056008611181,0,0
32.8,-0,3.5342220144818,0.19518615270527,3.5416597574682,3.5371130553962,3.5368360592485,0.21623515106714,0.064775669061802,0.044234373798969,0.018257121452073,13.49184070098,738.9905761649,-0.0028910409143985,0,0
32.9,-0,3.5344582575372,0.19518615270527,3.5421449350999,3.5373143943216,3.5370407406281,0.21605992452951,0.06449218601161,0.044234373798969,0.018257121452073,13.49184070098,738.9905761649,-0.0028561367844238,0,0
33,-0,3.5346629562993,0.19518615270527,3.5426254501021,3.5375169823244,3.5372435401188,0.21588662280803,0.06421145046539,0.044479838282141,0.01493218920296,11.108940448223,743.95926124623,-0.0028540260250791,1,0
33.1,-0,3.535088231331,0.19518615270527,3.5431013472832,3.5378189623026,3.5375578077188,0.21571931995462,0.063821944579495,0.044479838282141,0.01493218920296,11.108940448223,743.95926124623,-0.0027307309716273,0,0
33.2,-0,3.5354268168982,0.19518615270527,3.5435726710212,3.5381297393985,3.5378716123913,0.21555241558964,0.063433080826492,0.044479838282141,0.01493218920296,11.108940448223,743.95926124623,-0.0027029225003292,0,0
33.3,-0,3.5356236968841,0.19518615270527,3.5440394652676,3.5384400593214,3.5381713983815,0.21537730878754,0.063054547012307,0.044479838282141,0.01493218920296,11.108940448223,743.95926124623,-0.0028163624373074,0,0
33.4,-0,3.5359151943761,0.19518615270527,3.5445017735514,3.5387364531323,3.5384675585797,0.21520084874049,0.062679030418164,0.044479838282141,0.01493218920296,11.108940448223,743.95926124623,-0.0028212587561751,0,0
33.5,-0,3.5361042187477,0.19518615270527,3.5449596389835,3.5390292481896,3.5387506508801,0.21501695514624,0.062313238758297,0.044479838282141,0.01493218920296,11.108940448223,743.95926124623,-0.0029250294418661,0,0
33.6,-0,3.5363010556016,0.19518615270527,3.5454131042603,3.5393090624977,3.5390227108942,0.21482701157591,0.061955758631084,0.044479838282141,0.01493218920296,11.108940448223,743.95926124623,-0.0030080068960503,0,0
33.7,-0,3.5366002349595,0.19518615270527,3.5458622116679,3.5395779190023,3.5392945673857,0.21463828181902,0.061599027894343,0.044479838282141,0.01493218920296,11.108940448223,743.95926124623,-0.002977684042802,0,0
33.8,-0,3.5368207574699,0.19518615270527,3.5463070030861,3.5398465786997,3.5395587345733,0.21444590389809,0.061248345834189,0.044479838282141,0.01493218920296,11.108940448223,743.95926124623,-0.0030258212298708,0,0
33.9,-0,3.5370491555623,0.19518615270527,3.5467475199923,3.5401076032978,3.5398167233181,0.21425095414097,0.060902685628503,0.044479838282141,0.01493218920296,11.108940448223,743.95926124623,-0.0030584477354765,0,0
34,-0,3.5373011761839,0.19518615270527,3.5471838034652,3.5403624944557,3.5400713930333,0.21405542010326,0.060560081693765,0.044887372208489,0.012331957771255,8.7284359756187,707.78996632344,-0.0030613182717318,1,0
34.1,-0,3.5375610555362,0.19518615270527,3.5476158941886,3.5407612587819,3.5404577843733,0.21384531017411,0.060079201164813,0.044887372208489,0.012331957771255,8.7284359756187,707.78996632344,-0.0032002032457616,0,0
34.2,-0,3.5378130761615,0.19518615270527,3.5480438324554,3.5411421722065,3.5408271205703,0.21362145085819,0.059609192499401,0.044887372208489,0.012331957771255,8.7284359756187,707.78996632344,-0.0033290960449928,0,0
34.3,-0,3.5380257367921,0.19518615270527,3.5484676581716,3.5415061543341,3.541177277566,0.21338251032218,0.059151580813057,0.044887372208489,0.012331957771255,8.7284359756187,707.78996632344,-0.0034804175419616,0,0
34.4,-0,3.5382934948531,0.19518615270527,3.5488874108592,3.5418510984796,3.5415152926309,0.21313383758772,0.05870173436016,0.044887372208489,0.012331957771255,8.7284359756187,707.78996632344,-0.0035576036264584,0,0
34.5,-0,3.5385376367734,0.19518615270527,3.5493031296607,3.5421839891515,3.5418400683616,0.2128749622649,0.058260539003839,0.044887372208489,0.012331957771255,8.7284359756187,707.78996632344,-0.0036463523781172,0,0
34.6,-0,3.5387108374132,0.19518615270527,3.5497148533423,3.5425037390375,3.5421461803444,0.2126020393018,0.057831689987469,0.044887372208489,0.012331957771255,8.7284359756187,707.78996632344,-0.0037929016242932,0,0
34.7,-0,3.5389391554576,0.19518615270527,3.5501226202977,3.5428049658181,3.5424406543624,0.21232063603205,0.057410665230811,0.044887372208489,0.012331957771255,8.7284359756187,707.78996632344,-0.0038658103604612,0,0
34.8,-0,3.539143957395,0.19518615270527,3.5505264685517,3.5430946437633,3.5427224053145,0.21203019428165,0.05699829881688,0.044887372208489,0.012331957771255,8.7284359756187,707.78996632344,-0.0039506863683219,0,0
34.9,-0,3.53939593478,0.19518615270527,3.5509264357636,3.5433716972735,3.542997130535,0.21173543685079,0.056591017316425,0.044887372208489,0.012331957771255,8.7284359756187,707.78996632344,-0.0039757624935515,0,0
35,-0,3.539545539345,0.19518615270527,3.5513225592307,3.5436417829766,3.5432558731916,0.21142957887383,0.056194726318876,0.045254117728875,0.010815268057382,7.3137061878785,676.23901220704,-0.0040962436315644,1,0
35.1,-0,3.5397975734349,0.19518615270527,3.5517148758921,3.544018992406,3.5436221247016,0.21110639124165,0.05568313309475,0.045254117728875,0.010815268057382,7.3137061878785,676.23901220704,-0.0042214189711385,0,0
35.2,-0,3.5400732967064,0.19518615270527,3.5521034223316,3.5443782965271,3.5439741716051,0.21076962875835,0.055179639688714,0.045254117728875,0.010815268057382,7.3137061878785,676.23901220704,-0.0043049998207483,0,0
35.3,-0,3.5402701167021,0.19518615270527,3.5524882347817,3.5447235060365,3.5443058750548,0.21041474966163,0.054688342457975,0.045254117728875,0.010815268057382,7.3137061878785,676.23901220704,-0.0044533893344108,0,0
35.4,-0,3.5404433573501,0.19518615270527,3.5528693491267,3.545048537715,3.5446169566029,0.21004190852028,0.054209589361972,0.045254117728875,0.010815268057382,7.3137061878785,676.23901220704,-0.0046051803648486,0,0
35.5,-0,3.5406009573427,0.19518615270527,3.5532468009057,3.5453531178401,3.5449079380935,0.20965192744228,0.053743228269295,0.045254117728875,0.010815268057382,7.3137061878785,676.23901220704,-0.0047521604973841,0,0
35.6,-0,3.5408055960095,0.19518615270527,3.5536206253167,3.5456377661899,3.5451851824243,0.20925080414231,0.053285593533145,0.045254117728875,0.010815268057382,7.3137061878785,676.23901220704,-0.0048321701803826,0,0
35.7,-0,3.5410181366613,0.19518615270527,3.5539908572192,3.5459087958831,3.5454507630965,0.20884088483376,0.05283566677521,0.045254117728875,0.010815268057382,7.3137061878785,676.23901220704,-0.0048906592217595,0,0
35.8,-0,3.5411442386584,0.19518615270527,3.5543575311377,3.5461682665913,3.5456977282102,0.20841638156962,0.05239779697993,0.045254117728875,0.010815268057382,7.3137061878785,676.23901220704,-0.0050240279329414,0,0
35.9,-0,3.541293816646,0.19518615270527,3.5547206812651,3.5464092854734,3.5459301376505,0.20798127621003,0.051969714956622,0.045254117728875,0.010815268057382,7.3137061878785,676.23901220704,-0.005115468827388,0,0
36,-0,3.5415378552876,0.19518615270527,3.5550803414653,3.5466358815993,3.5461583043305,0.20754532022686,0.051545493157116,0.045403674562252,0.010324551905298,6.857885652219,664.23082717035,-0.0050980263117064,1,0
36.1,-0,3.5417662966222,0.19518615270527,3.5554365452773,3.5469044745633,3.5464234425184,0.20710120003036,0.051080628295927,0.045403674562252,0.010324551905298,6.857885652219,664.23082717035,-0.0051381779411339,0,0
36.2,-0,3.5419632366145,0.19518615270527,3.5557893259173,3.5471628833885,3.5466762952501,0.20664772087067,0.050623840042641,0.045403674562252,0.010324551905298,6.857885652219,664.23082717035,-0.0051996467739701,0,0
36.3,-0,3.5421365572828,0.19518615270527,3.5561387162826,3.547409123674,3.5469158305928,0.20618446336816,0.050175971729266,0.045403674562252,0.010324551905298,6.857885652219,664.23082717035,-0.0052725663912012,0,0
36.4,-0,3.5423176165993,0.19518615270527,3.5564847489542,3.5476421756953,3.5471440792768,0.20571381166436,0.049736064805487,0.045403674562252,0.010324551905298,6.857885652219,664.23082717035,-0.0053245590959836,0,0
36.5,-0,3.5425144365865,0.19518615270527,3.5568274562001,3.5478640563065,3.5473636361167,0.20523867490964,0.049302832739523,0.045403674562252,0.010324551905298,6.857885652219,664.23082717035,-0.0053496197199583,0,0
36.6,-0,3.5427113965754,0.19518615270527,3.5571668699781,3.5480773416986,3.5475753884494,0.20476032686182,0.048875961020221,0.045403674562252,0.010324551905298,6.857885652219,664.23082717035,-0.0053659451231831,0,0
36.7,-0,3.5428845772581,0.19518615270527,3.5575030219389,3.5482829146555,3.5477779094799,0.20427778614406,0.048456435104523,0.045403674562252,0.010324551905298,6.857885652219,664.23082717035,-0.0053983373974567,0,0
36.8,-0,3.5430420572453,0.19518615270527,3.557835943429,3.5484793626478,3.5479706823362,0.20379087013226,0.048044689735962,0.045403674562252,0.010324551905298,6.857885652219,664.23082717035,-0.0054373054024306,0,0
36.9,-0,3.5432232965473,0.19518615270527,3.5581656654939,3.5486661750967,3.5481569418749,0.20330294102147,0.047639002081052,0.045403674562252,0.010324551905298,6.857885652219,664.23082717035,-0.0054428785493177,0,0
37,-0,3.5434438158491,0.19518615270527,3.5584922188804,3.5488465619192,3.5483410547725,0.20281843575712,0.047237000815835,0.045327819777083,0.010556241810253,7.0806163722858,670.75162728923,-0.0054027460701254,1,0
37.1,-0,3.5435619393057,0.19518615270527,3.55881563404,3.5490034971016,3.5484941395612,0.20233201097993,0.046865164429476,0.045327819777083,0.010556241810253,7.0806163722858,670.75162728923,-0.0054415577958911,0,0
37.2,-0,3.543695836521,0.19518615270527,3.5591359411315,3.5491513673306,3.5486405440498,0.2018460227683,0.046500204672462,0.045327819777083,0.010556241810253,7.0806163722858,670.75162728923,-0.0054555308095869,0,0
37.3,-0,3.5438453979095,0.19518615270527,3.5594531700239,3.549292653696,3.5487824981478,0.20136255543796,0.046140828979445,0.045327819777083,0.010556241810253,7.0806163722858,670.75162728923,-0.005447255786478,0,0
37.4,-0,3.5440343758024,0.19518615270527,3.5597673502993,3.5494295679805,3.5489242232389,0.20088555870451,0.045784592205558,0.045327819777083,0.010556241810253,7.0806163722858,670.75162728923,-0.0053951921780953,0,0
37.5,-0,3.5441761185983,0.19518615270527,3.5600785112552,3.5495662972777,3.549061390536,0.20041092201161,0.045433974566789,0.045327819777083,0.010556241810253,7.0806163722858,670.75162728923,-0.0053901786794555,0,0
37.6,-0,3.5443729550781,0.19518615270527,3.5603866819077,3.5496985475826,3.5491996866216,0.19994392230483,0.045085662592252,0.045327819777083,0.010556241810253,7.0806163722858,670.75162728923,-0.0053255925045068,0,0
37.7,-0,3.5445541178835,0.19518615270527,3.5606918909942,3.5498319590102,3.5493375889655,0.19948308752276,0.044740516806904,0.045327819777083,0.010556241810253,7.0806163722858,670.75162728923,-0.0052778411267274,0,0
37.8,-0,3.5446250392926,0.19518615270527,3.5609941669758,3.5499650210981,3.5494648667754,0.1990188648503,0.044404471976834,0.045327819777083,0.010556241810253,7.0806163722858,670.75162728923,-0.0053399818054527,0,0
37.9,-0,3.5448297343314,0.19518615270527,3.5612935380399,3.5500875862819,3.5495951749358,0.19856381757724,0.044069523093666,0.045327819777083,0.010556241810253,7.0806163722858,670.75162728923,-0.0052578519505233,0,0
38,-0,3.5450266778648,0.19518615270527,3.5615900321033,3.5502131971856,3.5497275280132,0.19811697410542,0.04373621865034,0.045283731955776,0.010689317226222,7.2155172360521,675.02133984308,-0.0051865193207834,1,0
38.1,-0,3.5452393550127,0.19518615270527,3.5618836768144,3.5503294882318,3.5498528050576,0.19768117488742,0.043414956985801,0.045283731955776,0.010689317226222,7.2155172360521,675.02133984308,-0.0050901332191584,0,0
38.2,-0,3.5453731792869,0.19518615270527,3.5621744995559,3.550450343615,3.5499748720339,0.19724915658337,0.043098605715877,0.045283731955776,0.010689317226222,7.2155172360521,675.02133984308,-0.0050771643280481,0,0
38.3,-0,3.5454834571331,0.19518615270527,3.5624625274473,3.5505680565139,3.5500919143913,0.19681911857157,0.042788169628217,0.045283731955776,0.010689317226222,7.2155172360521,675.02133984308,-0.0050845993808819,0,0
38.4,-0,3.5456645164124,0.19518615270527,3.5627477873477,3.5506808262072,3.5502111263701,0.1963973751298,0.042479294096131,0.045283731955776,0.010689317226222,7.2155172360521,675.02133984308,-0.0050163097947649,0,0
38.5,-0,3.5458613963976,0.19518615270527,3.5630303058577,3.5507957870003,3.5503338209117,0.19598494079761,0.042171122429684,0.045283731955776,0.010689317226222,7.2155172360521,675.02133984308,-0.0049343906026866,0,0
38.6,-0,3.5460111178329,0.19518615270527,3.5633101093226,3.550914240044,3.5504552769123,0.19557747316427,0.041866422893916,0.045283731955776,0.010689317226222,7.2155172360521,675.02133984308,-0.0049031222110307,0,0
38.7,-0,3.5460820392758,0.19518615270527,3.5635872238343,3.5510315023349,3.5505682873521,0.19516847851373,0.041569482199234,0.045283731955776,0.010689317226222,7.2155172360521,675.02133984308,-0.0049494630591651,0,0
38.8,-0,3.546263154921,0.19518615270527,3.5638616752341,3.5511404258534,3.550684059046,0.19476769144815,0.041273471308943,0.045283731955776,0.010689317226222,7.2155172360521,675.02133984308,-0.0048772709323983,0,0
38.9,-0,3.5464441978198,0.19518615270527,3.5641334891149,3.5512521234233,3.5508023408616,0.19437476792697,0.040978486636076,0.045283731955776,0.010689317226222,7.2155172360521,675.02133984308,-0.0048079256035201,0,0
39,-0,3.5465623178105,0.19518615270527,3.5644026908236,3.5513663452391,3.5509170264904,0.19398428369162,0.040688195128644,0.045193018683565,0.010962464338317,7.5071126006406,684.80155273129,-0.0048040274285714,1,0
39.1,-0,3.5467513756116,0.19518615270527,3.5646693054637,3.5514554278565,3.5510153427084,0.1936052746797,0.040419433590532,0.045193018683565,0.010962464338317,7.5071126006406,684.80155273129,-0.004704052244842,0,0
39.2,-0,3.5468695392664,0.19518615270527,3.5649333578971,3.5515501877216,3.5511122320491,0.19323131522015,0.04015436977954,0.045193018683565,0.010962464338317,7.5071126006406,684.80155273129,-0.0046806484551323,0,0
39.3,-0,3.5469560977974,0.19518615270527,3.5651948727472,3.5516435696391,3.5512049589252,0.19285982133358,0.039894577233596,0.045193018683565,0.010962464338317,7.5071126006406,684.80155273129,-0.0046874718417067,0,0
39.4,-0,3.547074217788,0.19518615270527,3.5654538744005,3.5517328588434,3.551296962452,0.1924934585863,0.039637815577623,0.045193018683565,0.010962464338317,7.5071126006406,684.80155273129,-0.0046586410553986,0,0
39.5,-0,3.547215937047,0.19518615270527,3.5657103870091,3.5518214648042,3.5513905792602,0.19213395269012,0.039382524256038,0.045193018683565,0.010962464338317,7.5071126006406,684.80155273129,-0.0046055277572594,0,0
39.6,-0,3.5473734570357,0.19518615270527,3.5659644344932,3.5519117035025,3.5514871715046,0.19178221760114,0.039127752132108,0.045193018683565,0.010962464338317,7.5071126006406,684.80155273129,-0.0045382464667569,0,0
39.7,-0,3.5475782155462,0.19518615270527,3.5662160405429,3.5520049245071,3.5515908967798,0.19144147442721,0.038870790185578,0.045193018683565,0.010962464338317,7.5071126006406,684.80155273129,-0.0044267089609864,0,0
39.8,-0,3.5477672570208,0.19518615270527,3.5664652286209,3.5521052495661,3.5516995976853,0.19110976136957,0.038612913570447,0.045193018683565,0.010962464338317,7.5071126006406,684.80155273129,-0.0043379925453615,0,0
39.9,-0,3.5478303,0.19518615270527,3.5667120219642,3.5522105381521,3.5518010213005,0.19077694869817,0.038361819734853,0.045193018683565,0.010962464338317,7.5071126006406,684.80155273129,-0.0043802381521041,0,0
40,-0,3.5479719555144,0.19518615270527,3.5669564435865,3.5523086392001,3.5519032832039,0.19044947135442,0.038112286977936,0.04509722346844,0.011255382379275,7.8382035583206,696.39602584747,-0.0043366836857262,1,0
40.1,-0,3.5481373177487,0.19518615270527,3.5671985162805,3.552386432162,3.5519891355118,0.19013170468858,0.037883530835516,0.04509722346844,0.011255382379275,7.8382035583206,696.39602584747,-0.0042491144132999,0,0
40.2,-0,3.548255457745,0.19518615270527,3.5674382626197,3.5524693845314,3.5520753070676,0.1898194570331,0.037656937416585,0.04509722346844,0.011255382379275,7.8382035583206,696.39602584747,-0.0042139267863877,0,0
40.3,-0,3.5483736177375,0.19518615270527,3.5676757049606,3.5525526835654,3.5521618370613,0.18951248625093,0.037432358638823,0.04509722346844,0.011255382379275,7.8382035583206,696.39602584747,-0.00417906582789,0,0
40.4,-0,3.5484444792459,0.19518615270527,3.5679108654452,3.5526363665769,3.5522443231604,0.18920711825554,0.037212544549881,0.04509722346844,0.011255382379275,7.8382035583206,696.39602584747,-0.0041918873310043,0,0
40.5,-0,3.5486256146966,0.19518615270527,3.5681437660024,3.5527160660957,3.5523335347345,0.18891148123857,0.036990381134471,0.04509722346844,0.011255382379275,7.8382035583206,696.39602584747,-0.0040904513991036,0,0
40.6,-0,3.5487830584843,0.19518615270527,3.5683744283503,3.5528024613071,3.5524266161037,0.18862315267247,0.036767634630018,0.04509722346844,0.011255382379275,7.8382035583206,696.39602584747,-0.004019402822796,0,0
40.7,-0,3.5489326961917,0.19518615270527,3.5686028739986,3.5528927189219,3.5525224796238,0.18834110986673,0.036544932763558,0.04509722346844,0.011255382379275,7.8382035583206,696.39602584747,-0.0039600227301269,0,0
40.8,-0,3.5490824177094,0.19518615270527,3.56882912425,3.5529857592534,3.5526208805382,0.18806499740226,0.036322360455097,0.04509722346844,0.011255382379275,7.8382035583206,696.39602584747,-0.0039033415439405,0,0
40.9,-0,3.5492477161789,0.19518615270527,3.5690532002026,3.5530813386215,3.5527230430699,0.18779558308699,0.036099038774694,0.04509722346844,0.011255382379275,7.8382035583206,696.39602584747,-0.0038336224425928,0,0
41,-0,3.5493264,0.19518615270527,3.5692751227519,3.5531806701072,3.5528205148735,0.18752640815467,0.03588051547605,0.044992442415266,0.011583545436372,8.2312315655455,710.59690754955,-0.0038542701071935,1,0
41.1,-0,3.5494209569235,0.19518615270527,3.5694949125922,3.5532537846903,3.5528954839248,0.18726145356321,0.035686392872332,0.044992442415266,0.011583545436372,8.2312315655455,710.59690754955,-0.0038328277668458,0,0
41.2,-0,3.549507639229,0.19518615270527,3.5697125902193,3.553326409643,3.5529693281845,0.18700000445492,0.035494971521957,0.044992442415266,0.011583545436372,8.2312315655455,710.59690754955,-0.00381877041404,0,0
41.3,-0,3.5496415361376,0.19518615270527,3.5699281759318,3.5533979424227,3.5530466400867,0.18674515455675,0.035303050280324,0.044992442415266,0.011583545436372,8.2312315655455,710.59690754955,-0.0037564062851492,0,0
41.4,-0,3.549814856901,0.19518615270527,3.5701416898334,3.5534729368086,3.5531308095923,0.18649909800929,0.03510822592041,0.044992442415266,0.011583545436372,8.2312315655455,710.59690754955,-0.003658079907606,0,0
41.5,-0,3.5499014792253,0.19518615270527,3.5703531518345,3.5535547537416,3.5532130787003,0.18625535050087,0.034916340363153,0.044992442415266,0.011583545436372,8.2312315655455,710.59690754955,-0.0036532745162807,0,0
41.6,-0,3.5499408392215,0.19518615270527,3.570562581654,3.5536347057642,3.5532892546826,0.18601077857823,0.034730177181741,0.044992442415266,0.011583545436372,8.2312315655455,710.59690754955,-0.0036938665427111,0,0
41.7,-0,3.5501691729827,0.19518615270527,3.5707699988217,3.5537086337608,3.5533776546994,0.18577812648255,0.03453715046818,0.044992442415266,0.011583545436372,8.2312315655455,710.59690754955,-0.0035394607781036,0,0
41.8,-0,3.5503109,0.19518615270527,3.5709754226794,3.5537947029123,3.5534689688315,0.18555070522537,0.034343562016083,0.044992442415266,0.011583545436372,8.2312315655455,710.59690754955,-0.0034838029123176,0,0
41.9,-0,3.5504053968656,0.19518615270527,3.5711788723831,3.5538836793958,3.5535585080074,0.18532512552995,0.034152576694564,0.044992442415266,0.011583545436372,8.2312315655455,710.59690754955,-0.0034782825302866,0,0
42,-0,3.5505628368601,0.19518615270527,3.5713803669047,3.553970912357,3.5536523541009,0.18510547119959,0.033959949169752,0.044900776493233,0.01187853242696,8.60501194648,724.41709440048,-0.0034080754969192,1,0
42.1,-0,3.5506258,0.19518615270527,3.5715799250338,3.5540447229318,3.5537250245096,0.18488726099468,0.033789146771945,0.044900776493233,0.01187853242696,8.60501194648,724.41709440048,-0.0034189229318398,0,0
42.2,-0,3.5506731384185,0.19518615270527,3.5717775653794,3.5541154199118,3.5537934537727,0.18466957034443,0.033622819170282,0.044900776493233,0.01187853242696,8.60501194648,724.41709440048,-0.0034422814933017,0,0
42.3,-0,3.5508227160481,0.19518615270527,3.5719733063717,3.5541819274475,3.5538676825539,0.18445896230378,0.033453877192838,0.044900776493233,0.01187853242696,8.60501194648,724.41709440048,-0.003359211399407,0,0
42.4,-0,3.5509959568261,0.19518615270527,3.5721671662639,3.5542542042951,3.5539493817882,0.18425634035062,0.03328105621049,0.044900776493233,0.01187853242696,8.60501194648,724.41709440048,-0.0032582474689429,0,0
42.5,-0,3.5510825792067,0.19518615270527,3.5723591631334,3.5543339067783,3.5540297278727,0.18405569327269,0.033110476505288,0.044900776493233,0.01187853242696,8.60501194648,724.41709440048,-0.0032513275715904,0,0
42.6,-0,3.5511928568111,0.19518615270527,3.5725493148843,3.554412282007,3.5541110979297,0.1838584465884,0.0329404020291,0.044900776493233,0.01187853242696,8.60501194648,724.41709440048,-0.0032194251958861,0,0
42.7,-0,3.5513031184039,0.19518615270527,3.5727376392485,3.5544916870457,3.5541934100202,0.18366441997254,0.032770833626436,0.044900776493233,0.01187853242696,8.60501194648,724.41709440048,-0.0031885686418467,0,0
42.8,-0,3.5514763751963,0.19518615270527,3.5729241537873,3.554572039965,3.5542824807339,0.18347725930882,0.032597594309265,0.044900776493233,0.01187853242696,8.60501194648,724.41709440048,-0.0030956647686669,0,0
42.9,-0,3.5516181183964,0.19518615270527,3.5731088758935,3.5546591090941,3.5543746955498,0.18329452561501,0.032423201756167,0.044900776493233,0.01187853242696,8.60501194648,724.41709440048,-0.0030409906977176,0,0
43,-0,3.5516969383886,0.19518615270527,3.5732918227927,3.5547493090012,3.5544638663896,0.18311217001023,0.032252023210839,0.044825073475428,0.012127687070152,8.9372884025395,736.93263611128,-0.0030523706126777,1,0
43.1,-0,3.5517992975844,0.19518615270527,3.5734730115448,3.5548227253375,3.5545398920272,0.18293312939052,0.032095480660005,0.044825073475428,0.012127687070152,8.9372884025395,736.93263611128,-0.0030234277531207,0,0
43.2,-0,3.5519646359598,0.19518615270527,3.5736524590458,3.5548970091713,3.5546226306796,0.18276091359347,0.031935294306513,0.044825073475428,0.012127687070152,8.9372884025395,736.93263611128,-0.0029323732114652,0,0
43.3,-0,3.5520906183814,0.19518615270527,3.5738301820295,3.5549779654764,3.5547077618089,0.18259265751928,0.03177449621543,0.044825073475428,0.012127687070152,8.9372884025395,736.93263611128,-0.0028873470949753,0,0
43.4,-0,3.5520985208101,0.19518615270527,3.5740061970688,3.5550613074518,3.5547840236948,0.18242126527905,0.03162115699265,0.044825073475428,0.012127687070152,8.9372884025395,736.93263611128,-0.0029627866416284,0,0
43.5,-0,3.5521537175578,0.19518615270527,3.5741805205772,3.5551358631765,3.5548567617451,0.18224993868092,0.031471371125663,0.044825073475428,0.012127687070152,8.9372884025395,736.93263611128,-0.0029821456186476,0,0
43.6,-0,3.5523426551106,0.19518615270527,3.5743531688107,3.5552069346027,3.5549388692788,0.18208644975278,0.031315740478263,0.044825073475428,0.012127687070152,8.9372884025395,736.93263611128,-0.0028642794920635,0,0
43.7,-0,3.5525080175466,0.19518615270527,3.5745241578687,3.5552873104791,3.555027211417,0.1819287821432,0.031156493149507,0.044825073475428,0.012127687070152,8.9372884025395,736.93263611128,-0.0027792929324635,0,0
43.8,-0,3.5526025183627,0.19518615270527,3.5746935036964,3.5553738807183,3.5551145418713,0.18177247386457,0.030998868813687,0.044825073475428,0.012127687070152,8.9372884025395,736.93263611128,-0.0027713623555505,0,0
43.9,-0,3.5527285567138,0.19518615270527,3.5748612220853,3.5554594573321,3.5552039265736,0.18161929168283,0.030840596076499,0.044825073475428,0.012127687070152,8.9372884025395,736.93263611128,-0.0027309006182334,0,0
44,-0,3.552909735885,0.19518615270527,3.5750273286754,3.5555470809794,3.5553003279151,0.18147212657075,0.030678012655324,0.044732192372806,0.012441815532043,9.3778633449913,753.73753298618,-0.0026373450943908,1,0
44.1,-0,3.5529648008274,0.19518615270527,3.5751918389563,3.5556257221469,3.555376640393,0.18132499842592,0.03053553472235,0.044732192372806,0.012441815532043,9.3778633449913,753.73753298618,-0.0026609213194968,0,0
44.2,-0,3.5529726991707,0.19518615270527,3.5753547682688,3.5557005233959,3.5554450886623,0.18117545842722,0.030399836355701,0.044732192372806,0.012441815532043,9.3778633449913,753.73753298618,-0.0027278242251834,0,0
44.3,-0,3.5531065158612,0.19518615270527,3.5755161318063,3.5557675323456,3.5555182925213,0.18103074752897,0.030261554109057,0.044732192372806,0.012441815532043,9.3778633449913,753.73753298618,-0.0026610164843821,0,0
44.4,-0,3.5532797566764,0.19518615270527,3.575675944616,3.5558392694784,3.5555994985065,0.18089260002984,0.030118221382849,0.044732192372806,0.012441815532043,9.3778633449913,753.73753298618,-0.0025595128019953,0,0
44.5,-0,3.5533664391672,0.19518615270527,3.5758342216007,3.5559189551682,3.5556798171277,0.18075579886039,0.029976381482731,0.044732192372806,0.012441815532043,9.3778633449913,753.73753298618,-0.0025525160009474,0,0
44.6,-0,3.5533822,0.19518615270527,3.5759909775199,3.555997769328,3.5557527132913,0.18061654365514,0.029840860428219,0.044732192372806,0.012441815532043,9.3778633449913,753.73753298618,-0.002615569328023,0,0
44.7,-0,3.5535239149852,0.19518615270527,3.5761462269912,3.5560692280527,3.5558307531611,0.18048186963276,0.029702255885412,0.044732192372806,0.012441815532043,9.3778633449913,753.73753298618,-0.0025453130674662,0,0
44.8,-0,3.5536656183254,0.19518615270527,3.576299984492,3.5561457977778,3.5559134308768,0.18035140801893,0.029560907872133,0.044732192372806,0.012441815532043,9.3778633449913,753.73753298618,-0.0024801794523932,0,0
44.9,-0,3.5537444383174,0.19518615270527,3.5764522643601,3.5562269762493,3.5559943988976,0.18022154096937,0.029421536936996,0.044732192372806,0.012441815532043,9.3778633449913,753.73753298618,-0.0024825379319653,0,0
45,-0,3.5538704366358,0.19518615270527,3.5766030807959,3.5563064659965,3.5560782597104,0.18009476903588,0.029280665124121,0.04467020027986,0.012656822433141,9.694315113906,765.93593416639,-0.002436029360732,1,0
45.1,-0,3.553909760844,0.19518615270527,3.5767524478633,3.5563787467788,3.5561473757538,0.17996728565073,0.029154218131607,0.04467020027986,0.012656822433141,9.694315113906,765.93593416639,-0.0024689859348492,0,0
45.2,-0,3.5540121957706,0.19518615270527,3.5769003794907,3.5564465651848,3.5562183842677,0.17984250913324,0.029027095982327,0.04467020027986,0.012656822433141,9.694315113906,765.93593416639,-0.0024343694141473,0,0
45.3,-0,3.554185556609,0.19518615270527,3.5770468894731,3.5565162691327,3.5562977695419,0.17972386442805,0.028894354629271,0.04467020027986,0.012656822433141,9.694315113906,765.93593416639,-0.0023307125236616,0,0
45.4,-0,3.5543193974555,0.19518615270527,3.5771919914727,3.5565942921748,3.5563810042064,0.17960880524944,0.028759376344093,0.04467020027986,0.012656822433141,9.694315113906,765.93593416639,-0.0022748947193052,0,0
45.5,-0,3.5543666,0.19518615270527,3.5773356990203,3.5566761416512,3.5564595937557,0.1794926981413,0.028628571906432,0.04467020027986,0.012656822433141,9.694315113906,765.93593416639,-0.0023095416511931,0,0
45.6,-0,3.5544373974443,0.19518615270527,3.5774780255169,3.5567533888457,3.556536232318,0.17937692653794,0.028499869336763,0.04467020027986,0.012656822433141,9.694315113906,765.93593416639,-0.0023159914014808,0,0
45.7,-0,3.5545319382874,0.19518615270527,3.5776189842345,3.5568287066232,3.5566133544387,0.17926272801358,0.028371390642959,0.04467020027986,0.012656822433141,9.694315113906,765.93593416639,-0.0022967683358126,0,0
45.8,-0,3.5546579365759,0.19518615270527,3.5777585883178,3.5569045102565,3.5566938705801,0.17915158656011,0.028240892733239,0.04467020027986,0.012656822433141,9.694315113906,765.93593416639,-0.002246573680563,0,0
45.9,-0,3.5547209,0.19518615270527,3.577896850785,3.5569836871888,3.5567715366145,0.1790401741078,0.028113123058776,0.04467020027986,0.012656822433141,9.694315113906,765.93593416639,-0.0022627871887808,0,0
46,-0,3.5549100131132,0.19518615270527,3.5780337845292,3.557060042012,3.5568584742209,0.178934788613,0.027978792214079,0.044604156108105,0.01289051506093,10.053283860961,779.8977630794,-0.0021500288987979,1,0
46.1,-0,3.5549887617276,0.19518615270527,3.5781694023196,3.5571353996548,3.5569340737097,0.17883035277947,0.027856226562172,0.044604156108105,0.01289051506093,10.053283860961,779.8977630794,-0.0021466379271975,0,0
46.2,-0,3.5549807791376,0.19518615270527,3.5783037168028,3.5572097860267,3.557000677372,0.17872266509703,0.02774119433772,0.044604156108105,0.01289051506093,10.053283860961,779.8977630794,-0.0022290068890496,0,0
46.3,-0,3.5551146356699,0.19518615270527,3.5784367405037,3.5572752511355,3.5570725188904,0.17861896213966,0.027622716240119,0.044604156108105,0.01289051506093,10.053283860961,779.8977630794,-0.0021606154655873,0,0
46.4,-0,3.5553115956584,0.19518615270527,3.5785684858269,3.5573459199944,3.5571550124815,0.17852191699338,0.027496580174877,0.044604156108105,0.01289051506093,10.053283860961,779.8977630794,-0.0020343243360688,0,0
46.5,-0,3.555437558264,0.19518615270527,3.5786989650579,3.5574271651297,3.5572404384566,0.17842754828575,0.027368715355055,0.044604156108105,0.01289051506093,10.053283860961,779.8977630794,-0.0019896068656577,0,0
46.6,-0,3.5554926391279,0.19518615270527,3.5788281903639,3.5575113255384,3.5573218610539,0.17833231458162,0.027244464912867,0.044604156108105,0.01289051506093,10.053283860961,779.8977630794,-0.0020186864104565,0,0
46.7,-0,3.5554611817457,0.19518615270527,3.5789561737954,3.5575915183432,3.557391571541,0.17823232089236,0.02712978595307,0.044604156108105,0.01289051506093,10.053283860961,779.8977630794,-0.0021303365975163,0,0
46.8,-0,3.5555950538737,0.19518615270527,3.579082927287,3.5576600937735,3.5574662765382,0.17813585249852,0.027011697854824,0.044604156108105,0.01289051506093,10.053283860961,779.8977630794,-0.0020650398997226,0,0
46.9,-0,3.5557762773647,0.19518615270527,3.5792084626586,3.5577336299711,3.5575499238891,0.17804482416914,0.026887113871109,0.044604156108105,0.01289051506093,10.053283860961,779.8977630794,-0.0019573526064223,0,0
47,-0,3.5557762017636,0.19518615270527,3.5793327916165,3.5578160442283,3.557624602641,0.1779503607992,0.026769953703733,0.044555553183147,0.013065442233559,10.33308816253,790.8716733666,-0.0020398424647392,1,0
47.1,-0,3.5558155773535,0.19518615270527,3.5794559257544,3.5578824232947,3.5576883921031,0.1778552624734,0.026663397278052,0.044555553183147,0.013065442233559,10.33308816253,790.8716733666,-0.002066845941211,0,0
47.2,-0,3.5559810355857,0.19518615270527,3.579577876555,3.557945186515,3.557760757987,0.1777654333063,0.026550634040337,0.044555553183147,0.013065442233559,10.33308816253,790.8716733666,-0.0019641509292514,0,0
47.3,-0,3.5560361008874,0.19518615270527,3.57969865539,3.5580164663794,3.5578304883191,0.17767537323527,0.026440402513954,0.044555553183147,0.013065442233559,10.33308816253,790.8716733666,-0.0019803654919905,0,0
47.4,-0,3.5561148564518,0.19518615270527,3.5798182735224,3.5580851350748,3.5579000862728,0.17758624547991,0.026330722640475,0.044555553183147,0.013065442233559,10.33308816253,790.8716733666,-0.0019702786229874,0,0
47.5,-0,3.5562250582267,0.19518615270527,3.5799367421067,3.5581536767048,3.5579725297622,0.17749943506058,0.02621923936771,0.044555553183147,0.013065442233559,10.33308816253,790.8716733666,-0.0019286184781526,0,0
47.6,-0,3.5563038382162,0.19518615270527,3.5800540721901,3.5582250465021,3.5580445899503,0.1774133613592,0.026108470707955,0.044555553183147,0.013065442233559,10.33308816253,790.8716733666,-0.0019212082858897,0,0
47.7,-0,3.5564062573243,0.19518615270527,3.5801702747139,3.5582960398804,3.5581185335113,0.17732906713936,0.025996618931567,0.044555553183147,0.013065442233559,10.33308816253,790.8716733666,-0.0018897825560922,0,0
47.8,-0,3.5565244173164,0.19518615270527,3.580285360514,3.5583689062001,3.5581956556039,0.17724713369639,0.025882650295737,0.044555553183147,0.013065442233559,10.33308816253,790.8716733666,-0.0018444888836591,0,0
47.9,-0,3.5565953391036,0.19518615270527,3.5803993403224,3.5584449306641,3.5582712043411,0.17716529475421,0.0257702975136,0.044555553183147,0.013065442233559,10.33308816253,790.8716733666,-0.0018495915604797,0,0
48,-0,3.556658258208,0.19518615270527,3.5805122247678,3.5585193973349,3.5583445916058,0.17708324957838,0.025660013457994,0.044509139305141,0.013234575493385,10.613632131257,801.96241553507,-0.0018611391268655,1,0
48.1,-0,3.556736918202,0.19518615270527,3.5806240243768,3.5585852209169,3.5584115722489,0.1770022505213,0.025556606477391,0.044509139305141,0.013234575493385,10.613632131257,801.96241553507,-0.0018483027148619,0,0
48.2,-0,3.5568157381937,0.19518615270527,3.5807347495748,3.5586512318507,3.5584787510535,0.17692225665828,0.025453453384091,0.044509139305141,0.013234575493385,10.613632131257,801.96241553507,-0.0018354936570217,0,0
48.3,-0,3.5569653154875,0.19518615270527,3.5808444106871,3.558717443327,3.5585527720153,0.1768462907559,0.025345269560308,0.044509139305141,0.013234575493385,10.613632131257,801.96241553507,-0.0017521278395733,0,0
48.4,-0,3.5569968418069,0.19518615270527,3.5809530179396,3.5587904497844,3.5586218627418,0.17676890337974,0.025241376716519,0.044509139305141,0.013234575493385,10.613632131257,801.96241553507,-0.0017936079774459,0,0
48.5,-0,3.5570835354642,0.19518615270527,3.5810605814603,3.5588585662454,3.5586917141696,0.17669266606658,0.025137240369806,0.044509139305141,0.013234575493385,10.613632131257,801.96241553507,-0.001775030781249,0,0
48.6,-0,3.5572804354548,0.19518615270527,3.5811671112794,3.5589274411243,3.5587726172699,0.17662223005764,0.025024661273123,0.044509139305141,0.013234575493385,10.613632131257,801.96241553507,-0.0016470056695166,0,0
48.7,-0,3.5572882827341,0.19518615270527,3.581272617331,3.559007288503,3.5588456935091,0.17654901104823,0.02491865748568,0.044509139305141,0.013234575493385,10.613632131257,801.96241553507,-0.0017190057688823,0,0
48.8,-0,3.5572645790891,0.19518615270527,3.5813771094537,3.5590793706813,3.5589087710796,0.17647200589976,0.024820949690691,0.044509139305141,0.013234575493385,10.613632131257,801.96241553507,-0.0018147915921971,0,0
48.9,-0,3.5574456535988,0.19518615270527,3.5814805973915,3.5591415319872,3.5589821125552,0.17640030490752,0.024715363339134,0.044509139305141,0.013234575493385,10.613632131257,801.96241553507,-0.0016958783883703,0,0
49,-0,3.5576268772467,0.19518615270527,3.5815830907947,3.5592138833164,3.5590647013259,0.17633343519591,0.024602702382671,0.044452219117651,0.013445684383051,10.977075852845,816.40142220518,-0.0015870060696659,1,0
49.1,-0,3.5576505609189,0.19518615270527,3.581684599221,3.5592878115442,3.5591338503723,0.17626487779426,0.024502722174149,0.044452219117651,0.013445684383051,10.977075852845,816.40142220518,-0.0016372506253171,0,0
49.2,-0,3.5577055972425,0.19518615270527,3.581785132136,3.5593560539176,3.5592008082439,0.17619616909829,0.02440486510146,0.044452219117651,0.013445684383051,10.977075852845,816.40142220518,-0.0016504566751374,0,0
49.3,-0,3.5577764390774,0.19518615270527,3.5818846989148,3.5594221243699,3.5592672959268,0.17612803099729,0.024307734821435,0.044452219117651,0.013445684383051,10.977075852845,816.40142220518,-0.0016456852924898,0,0
49.4,-0,3.5578395381487,0.19518615270527,3.5819833088419,3.5594877312245,3.5593326438718,0.17606013537505,0.024211853325247,0.044452219117651,0.013445684383051,10.977075852845,816.40142220518,-0.0016481930757761,0,0
49.5,-0,3.5579655362993,0.19518615270527,3.5820809711129,3.5595522096657,3.5594028954609,0.17599508430434,0.024112347417114,0.044452219117651,0.013445684383051,10.977075852845,816.40142220518,-0.0015866733664032,0,0
49.6,-0,3.5581230562871,0.19518615270527,3.5821776948348,3.559621558883,3.5594805321337,0.17593392127587,0.024007204928773,0.044452219117651,0.013445684383051,10.977075852845,816.40142220518,-0.0014985025958443,0,0
49.7,-0,3.5581624609301,0.19518615270527,3.5822734890273,3.5596982420685,3.5595537007096,0.17587149809594,0.0239059638307,0.044452219117651,0.013445684383051,10.977075852845,816.40142220518,-0.0015357811384211,0,0
49.8,-0,3.5581939181384,0.19518615270527,3.5823683626232,3.559770492537,3.5596221085242,0.17580766785894,0.023808850721903,0.044452219117651,0.013445684383051,10.977075852845,816.40142220518,-0.0015765743985487,0,0
49.9,-0,3.5582254,0.19518615270527,3.5824623244697,3.559838019679,3.5596862421268,0.175742618918,0.023715463757955,0.044452219117651,0.013445684383051,10.977075852845,816.40142220518,-0.0016126196789732,0,0
50,-0,3.5582489790667,0.19518615270527,3.5825553833289,3.5599013063996,3.5597457924406,0.17567619986361,0.023626043924939,0.044452219117651,0.013445684383051,10.977075852845,816.40142220518,-0.0016523273329363,0,0
50.1,-0,3.5583828953121,0.19518615270527,3.5826475478784,3.5599600458074,3.5598116094869,0.17561301079767,0.023531809927422,0.044452219117651,0.013445684383051,10.977075852845,816.40142220518,-0.0015771504952165,0,0
50.2,-0,3.5585324971864,0.19518615270527,3.5827388267129,3.5600250082904,3.5598845409248,0.17555339863118,0.023432070116992,0.044452219117651,0.013445684383051,10.977075852845,816.40142220518,-0.0014925111039528,0,0
50.3,-0,3.5586034590539,0.19518615270527,3.5828292283441,3.5600970352353,3.5599564712905,0.17549391976813,0.023333391327016,0.044452219117651,0.013445684383051,10.977075852845,816.40142220518,-0.0014935761813732,0,0
50.4,-0,3.5586193,0.19518615270527,3.5829187612021,3.5601680707299,3.5600223165998,0.17543241576163,0.02323988685984,0.044452219117651,0.013445684383051,10.977075852845,816.40142220518,-0.00154877072992,0,0
50.5,-0,3.5586428790573,0.19518615270527,3.5830074336359,3.5602330680917,3.5600834208758,0.17536943567423,0.023150459613077,0.044452219117651,0.013445684383051,10.977075852845,816.40142220518,-0.0015901890343404,0,0
50.6,-0,3.5587767352677,0.19518615270527,3.5830952539144,3.5602933613945,3.5601506416994,0.17530952238178,0.023056294996674,0.044452219117651,0.013445684383051,10.977075852845,816.40142220518,-0.0015166261267305,0,0
50.7,-0,3.5589027181048,0.19518615270527,3.5831822302268,3.5603597282838,3.5602226233536,0.17525210485791,0.022958491929409,0.044452219117651,0.013445684383051,10.977075852845,816.40142220518,-0.0014570101790325,0,0
50.8,-0,3.5589578390493,0.19518615270527,3.5832683706839,3.5604308230085,3.5602922197477,0.17519419403024,0.022862852277063,0.044452219117651,0.013445684383051,10.977075852845,816.40142220518,-0.0014729839592045,0,0
50.9,-0,3.5590207580997,0.19518615270527,3.5833536833184,3.5604995520921,3.5603604069516,0.17513618602102,0.022768578111141,0.044452219117651,0.013445684383051,10.977075852845,816.40142220518,-0.0014787939923475,0,0
51,-0,3.5591467561823,0.19518615270527,3.5834381760856,3.5605668843684,3.5604332639104,0.17508060054044,0.022670723633262,0.044452219117651,0.013445684383051,10.977075852845,816.40142220518,-0.0014201281860386,0,0
51.1,-0,3.559280597136,0.19518615270527,3.5835218568647,3.5606388539313,3.5605110593241,0.17502754864096,0.022569070085004,0.044452219117651,0.013445684383051,10.977075852845,816.40142220518,-0.0013582567953314,0,0
51.2,-0,3.5593042209557,0.19518615270527,3.583604733459,3.5607157274973,3.5605829272101,0.17497252923651,0.022472459251686,0.044452219117651,0.013445684383051,10.977075852845,816.40142220518,-0.0014115065416012,0,0
51.3,-0,3.5593830561599,0.19518615270527,3.5836868135968,3.5607867192656,3.5606546612507,0.1749179238098,0.022376168435004,0.044452219117651,0.013445684383051,10.977075852845,816.40142220518,-0.0014036631057284,0,0
51.4,-0,3.5594933180786,0.19518615270527,3.5837681049323,3.5608575800905,3.5607292330879,0.17486495329738,0.02227777506411,0.044452219117651,0.013445684383051,10.977075852845,816.40142220518,-0.0013642620119159,0,0
51.5,-0,3.5594775819251,0.19518615270527,3.5838486150458,3.560931259645,3.560794504883,0.17480861686934,0.022187168038923,0.044452219117651,0.013445684383051,10.977075852845,816.40142220518,-0.0014536777199123,0,0
51.6,-0,3.559516897108,0.19518615270527,3.5839283514451,3.5609957097681,3.5608565946978,0.17475141128445,0.022099352122833,0.044452219117651,0.013445684383051,10.977075852845,816.40142220518,-0.0014788126601153,0,0
51.7,-0,3.5596586561299,0.19518615270527,3.5840073215657,3.561057003222,3.5609254616551,0.17469741525183,0.022006202441957,0.044452219117651,0.013445684383051,10.977075852845,816.40142220518,-0.0013983470921097,0,0
51.8,-0,3.5597689180637,0.19518615270527,3.5840855327716,3.5611250254492,3.5609974610701,0.17464514213342,0.021910695120559,0.044452219117651,0.013445684383051,10.977075852845,816.40142220518,-0.0013561073854764,0,0
51.9,-0,3.5598004,0.19518615270527,3.5841629923561,3.5611961587536,3.5610648682539,0.17459143319901,0.021819134325019,0.044452219117651,0.013445684383051,10.977075852845,816.40142220518,-0.0013957587535631,0,0
52,-0,3.5598477380513,0.19518615270527,3.5842397075424,3.561262735616,3.5611296391531,0.17453707603737,0.021729918297792,0.044452219117651,0.013445684383051,10.977075852845,816.40142220518,-0.0014149975647451,0,0
52.1,-0,3.5599028790275,0.19518615270527,3.5843156854843,3.5613266974574,3.5611927749489,0.1744824710331,0.021642225915878,0.044452219117651,0.013445684383051,10.977075852845,816.40142220518,-0.0014238184299766,0,0
52.2,-0,3.5599658180487,0.19518615270527,3.5843909332668,3.5613890380127,3.5612551753732,0.17442797845073,0.021555319463044,0.044452219117651,0.013445684383051,10.977075852845,816.40142220518,-0.0014232199639879,0,0
52.3,-0,3.5600680970687,0.19518615270527,3.5844654579069,3.5614506503237,3.561320616046,0.17437512850421,0.021466111476643,0.044452219117651,0.013445684383051,10.977075852845,816.40142220518,-0.0013825532549818,0,0
52.4,-0,3.5601626980338,0.19518615270527,3.584539266354,3.5615152820116,3.5613880697247,0.17432350670269,0.021375442797149,0.044452219117651,0.013445684383051,10.977075852845,816.40142220518,-0.0013525839778614,0,0
52.5,-0,3.56024145804,0.19518615270527,3.5846123654909,3.5615819134592,3.5614558450598,0.17427242849511,0.02128469692264,0.044452219117651,0.013445684383051,10.977075852845,816.40142220518,-0.0013404554192209,0,0
52.6,-0,3.5603438770444,0.19518615270527,3.5846847621342,3.5616488658631,3.561526136103,0.17422277934405,0.021192078005512,0.044452219117651,0.013445684383051,10.977075852845,816.40142220518,-0.0013049888187013,0,0
52.7,-0,3.5603912,0.19518615270527,3.5847564630349,3.5617183169893,3.5615935091948,0.17417236631752,0.02110203351491,0.044452219117651,0.013445684383051,10.977075852845,816.40142220518,-0.001327116989327,0,0
52.8,-0,3.5604384180263,0.19518615270527,3.5848274748792,3.5617848735105,3.5616582500826,0.17412129697452,0.02101432607426,0.044452219117651,0.013445684383051,10.977075852845,816.40142220518,-0.0013464554841578,0,0
52.9,-0,3.5604934790125,0.19518615270527,3.5848978042891,3.5618488190211,3.5617213630923,0.17406996867218,0.020928130054226,0.044452219117651,0.013445684383051,10.977075852845,816.40142220518,-0.0013553400085691,0,0
53,-0,3.5606273350433,0.19518615270527,3.5849674578228,3.5619111503601,3.5617904234203,0.17402142230272,0.020837237787586,0.044452219117651,0.013445684383051,10.977075852845,816.40142220518,-0.001283815316814,0,0
53.1,-0,3.5607533180151,0.19518615270527,3.5850364419756,3.5619793864293,3.5618640925299,0.17397512888566,0.020742749921629,0.044452219117651,0.013445684383051,10.977075852845,816.40142220518,-0.0012260684142382,0,0
53.2,-0,3.5607612209931,0.19518615270527,3.5851047631804,3.5620521986733,3.5619308037679,0.17392645702096,0.020654150308146,0.044452219117651,0.013445684383051,10.977075852845,816.40142220518,-0.0012909776802634,0,0
53.3,-0,3.5608400560102,0.19518615270527,3.5851724278083,3.5621181064435,3.5619979298379,0.17387834362582,0.020565387013805,0.044452219117651,0.013445684383051,10.977075852845,816.40142220518,-0.0012780504333678,0,0
53.4,-0,3.5609266790032,0.19518615270527,3.5852394421689,3.5621844275613,3.5620661626021,0.1738310639668,0.020475891967242,0.044452219117651,0.013445684383051,10.977075852845,816.40142220518,-0.0012577485581362,0,0
53.5,-0,3.5610131970015,0.19518615270527,3.5853058125115,3.5622518487375,3.5621353820064,0.17378457009912,0.020385763661269,0.044452219117651,0.013445684383051,10.977075852845,816.40142220518,-0.0012386517360286,0,0
53.6,-0,3.5610604,0.19518615270527,3.5853715450251,3.562320250811,3.562201793385,0.17373734914728,0.020298116401655,0.044452219117651,0.013445684383051,10.977075852845,816.40142220518,-0.0012598508110298,0,0
53.7,-0,3.5610604,0.19518615270527,3.5854366458395,3.5623858673583,3.5622612430411,0.17368774056777,0.02021635711721,0.044452219117651,0.013445684383051,10.977075852845,816.40142220518,-0.0013254673583423,0,0
53.8,-0,3.5611076179889,0.19518615270527,3.5855011210253,3.5624445755783,3.5623188736191,0.17363777391011,0.020136255878339,0.044452219117651,0.013445684383051,10.977075852845,816.40142220518,-0.0013369575893627,0,0
53.9,-0,3.5611628589862,0.19518615270527,3.585564976595,3.5625014797562,3.562375624109,0.17358781675071,0.020057038999142,0.044452219117651,0.013445684383051,10.977075852845,816.40142220518,-0.0013386207700408,0,0
54,-0,3.5612967149549,0.19518615270527,3.585628218503,3.5625575118658,3.5624389756429,0.1735408310996,0.019972557402039,0.044452219117651,0.013445684383051,10.977075852845,816.40142220518,-0.0012607969109726,0,0
54.1,-0,3.5613517610124,0.19518615270527,3.5856908526469,3.5626200972764,3.5625008547354,0.1734936316711,0.019889452107928,0.044452219117651,0.013445684383051,10.977075852845,816.40142220518,-0.0012683362639225,0,0
54.2,-0,3.5614777739167,0.19518615270527,3.5857528848672,3.5626812227264,3.5625680829395,0.17344891038188,0.019802112153991,0.044452219117651,0.013445684383051,10.977075852845,816.40142220518,-0.0012034488096964,0,0
54.3,-0,3.5615487210136,0.19518615270527,3.5858143209487,3.5627476588859,3.5626349455268,0.17340441962841,0.019715241491744,0.044452219117651,0.013445684383051,10.977075852845,816.40142220518,-0.0011989378723145,0,0
54.4,-0,3.5615565789845,0.19518615270527,3.5858751666202,3.5628137336844,3.562695549743,0.17335783419822,0.019633687196962,0.044452219117651,0.013445684383051,10.977075852845,816.40142220518,-0.0012571546999092,0,0
54.5,-0,3.5616195179628,0.19518615270527,3.5859354275557,3.5628735983235,3.5627557058186,0.17331142790521,0.01955266160315,0.044452219117651,0.013445684383051,10.977075852845,816.40142220518,-0.0012540803607881,0,0
54.6,-0,3.5617455559129,0.19518615270527,3.5859951093746,3.5629330196165,3.5628213918328,0.17326754819921,0.01946724231012,0.044452219117651,0.013445684383051,10.977075852845,816.40142220518,-0.0011874637036264,0,0
54.7,-0,3.5617849610236,0.19518615270527,3.5860542176423,3.5629979310037,3.5628839078137,0.1732227885244,0.019384597316744,0.044452219117651,0.013445684383051,10.977075852845,816.40142220518,-0.001212969980052,0,0
54.8,-0,3.561863755898,0.19518615270527,3.5861127578707,3.5630596975165,3.5629472773219,0.17317871863781,0.01930140900295,0.044452219117651,0.013445684383051,10.977075852845,816.40142220518,-0.0011959416185312,0,0
54.9,-0,3.5618794620574,0.19518615270527,3.5861707355188,3.5631223126294,3.5630054852783,0.17313298376595,0.01922263347529,0.044452219117651,0.013445684383051,10.977075852845,816.40142220518,-0.0012428505720004,0,0
55,-0,3.561942455883,0.19518615270527,3.586228155993,3.5631798062079,3.5630634982074,0.17308751436022,0.019144172358501,0.044452219117651,0.013445684383051,10.977075852845,816.40142220518,-0.0012373503249297,0,0
55.1,-0,3.5620291389689,0.19518615270527,3.5862850246478,3.5632371076104,3.5631235636832,0.17304318599502,0.019064171835871,0.044452219117651,0.013445684383051,10.977075852845,816.40142220518,-0.0012079686415327,0,0
55.2,-0,3.5620684789696,0.19518615270527,3.5863413467863,3.5632964475995,3.5631810260505,0.17299818582714,0.018986472303197,0.044452219117651,0.013445684383051,10.977075852845,816.40142220518,-0.0012279686298604,0,0
55.3,-0,3.5621314179329,0.19518615270527,3.5863971276607,3.5633532053467,3.5632383670657,0.17295347377262,0.018909023691097,0.044452219117651,0.013445684383051,10.977075852845,816.40142220518,-0.0012217874138365,0,0
55.4,-0,3.5621629,0.19518615270527,3.5864523724726,3.5634098440172,3.5632926435248,0.17290790374165,0.018834253791808,0.044452219117651,0.013445684383051,10.977075852845,816.40142220518,-0.0012469440172134,0,0
55.5,-0,3.5623046137736,0.19518615270527,3.5865070863735,3.5634634424236,3.5633545260477,0.17286561193714,0.018753352090082,0.044452219117651,0.013445684383051,10.977075852845,816.40142220518,-0.001158828650043,0,0
55.6,-0,3.5623283031162,0.19518615270527,3.5865612744656,3.5635245912875,3.5634121563516,0.1728220127263,0.018676114649716,0.044452219117651,0.013445684383051,10.977075852845,816.40142220518,-0.0011962881712968,0,0
55.7,-0,3.5623518968782,0.19518615270527,3.5866149418021,3.5635815211616,3.5634659553321,0.17277725971599,0.018602189653829,0.044452219117651,0.013445684383051,10.977075852845,816.40142220518,-0.0012296242834133,0,0
55.8,-0,3.5624936558231,0.19518615270527,3.5866680933875,3.5636346497516,3.5635274158976,0.17273578902178,0.018522079173701,0.044452219117651,0.013445684383051,10.977075852845,816.40142220518,-0.0011409939284643,0,0
55.9,-0,3.5625095420869,0.19518615270527,3.5867207341781,3.5636953838331,3.5635839372087,0.1726927468694,0.018446201242443,0.044452219117651,0.013445684383051,10.977075852845,816.40142220518,-0.0011858417461914,0,0
56,-0,3.5625488968614,0.19518615270527,3.5867728690829,3.5637512170434,3.5636382239362,0.17264916581252,0.018372315542559,0.044452219117651,0.013445684383051,10.977075852845,816.40142220518,-0.0012023201819624,0,0
56.1,-0,3.5626906558006,0.19518615270527,3.5868245029635,3.5638048337365,3.5637001261792,0.17260883438146,0.018292275726331,0.044452219117651,0.013445684383051,10.977075852845,816.40142220518,-0.0011141779358503,0,0
56.2,-0,3.5627300610517,0.19518615270527,3.5868756406347,3.5638660101365,3.5637592586262,0.17256777045577,0.018214676293726,0.044452219117651,0.013445684383051,10.977075852845,816.40142220518,-0.00113594908477,0,0
56.3,-0,3.5627851568419,0.19518615270527,3.5869262868653,3.5639244388711,3.5638173761878,0.17252664162016,0.018138062555785,0.044452219117651,0.013445684383051,10.977075852845,816.40142220518,-0.0011392820292073,0,0
56.4,-0,3.5628324,0.19518615270527,3.586976446378,3.563981861659,3.5638738444108,0.17248520118975,0.01806295802802,0.044452219117651,0.013445684383051,10.977075852845,816.40142220518,-0.0011494616590375,0,0
56.5,-0,3.562950534716,0.19518615270527,3.5870261238503,3.5640376487948,3.5639354924116,0.17244606121814,0.017983708269055,0.044452219117651,0.013445684383051,10.977075852845,816.40142220518,-0.0010871140788065,0,0
56.6,-0,3.5630528789435,0.19518615270527,3.5870753239146,3.5640985781172,3.5640003153593,0.17240846286914,0.017901976850958,0.044452219117651,0.013445684383051,10.977075852845,816.40142220518,-0.0010456991736705,0,0
56.7,-0,3.5631393968222,0.19518615270527,3.587124051159,3.5641626598815,3.5640665072219,0.17237172051966,0.017819261472208,0.044452219117651,0.013445684383051,10.977075852845,816.40142220518,-0.0010232630593667,0,0
56.8,-0,3.5631158031834,0.19518615270527,3.5871723101273,3.5642281016377,3.5641235845774,0.17233183460441,0.017744246897867,0.044452219117651,0.013445684383051,10.977075852845,816.40142220518,-0.001112298454248,0,0
56.9,-0,3.5631631557407,0.19518615270527,3.5872201053196,3.5642844987216,3.5641791337649,0.17229167806574,0.01767063878865,0.044452219117651,0.013445684383051,10.977075852845,816.40142220518,-0.0011213429809072,0,0
57,-0,3.5632262,0.19518615270527,3.5872674411931,3.5643393803921,3.5642347843698,0.17225186699224,0.017597084622256,0.044452219117651,0.013445684383051,10.977075852845,816.40142220518,-0.0011131803921289,0,0
57.1,-0,3.5632498389314,0.19518615270527,3.5873143221617,3.5643943639692,3.5642868247594,0.1722109894165,0.017526661051035,0.044452219117651,0.013445684383051,10.977075852845,816.40142220518,-0.0011445250377595,0,0
57.2,-0,3.5633127578646,0.19518615270527,3.5873607525971,3.5644457657209,3.564339310636,0.17217057696494,0.017456001165286,0.044452219117651,0.013445684383051,10.977075852845,816.40142220518,-0.0011330078563589,0,0
57.3,-0,3.5634151767804,0.19518615270527,3.5874067368292,3.5644976108166,3.564395909424,0.17213201962205,0.017382062634824,0.044452219117651,0.013445684383051,10.977075852845,816.40142220518,-0.001082434036253,0,0
57.4,-0,3.5634860789286,0.19518615270527,3.5874522791459,3.5645535390912,3.5644532464357,0.17209404603265,0.017307648402306,0.044452219117651,0.013445684383051,10.977075852845,816.40142220518,-0.0010674601626701,0,0
57.5,-0,3.5635018,0.19518615270527,3.5874973837941,3.5646102012756,3.5645060639333,0.17205466816145,0.017237122159889,0.044452219117651,0.013445684383051,10.977075852845,816.40142220518,-0.0011084012755722,0,0
57.6,-0,3.563572656769,0.19518615270527,3.5875420549799,3.5646623792042,3.5645599986663,0.17201600500787,0.01716580009996,0.044452219117651,0.013445684383051,10.977075852845,816.40142220518,-0.001089722435224,0,0
57.7,-0,3.5637380346038,0.19518615270527,3.5875862968689,3.5647156671514,3.5646238192512,0.17198136451081,0.017086401229517,0.044452219117651,0.013445684383051,10.977075852845,816.40142220518,-0.00097763254757499,0,0
57.8,-0,3.5638168,0.19518615270527,3.5876301135867,3.5647787677056,3.5646883931529,0.17194732393108,0.017006518833004,0.044452219117651,0.013445684383051,10.977075852845,816.40142220518,-0.00096196770563362,0,0
57.9,-0,3.5637931610835,0.19518615270527,3.5876735092194,3.5648426171918,3.5647440251048,0.17191023625401,0.016934208066625,0.044452219117651,0.013445684383051,10.977075852845,816.40142220518,-0.001049456108253,0,0
58,-0,3.563824617832,0.19518615270527,3.5877164878135,3.5648975933917,3.5647967935745,0.17187236715416,0.016864409366361,0.044452219117651,0.013445684383051,10.977075852845,816.40142220518,-0.0010729755597558,0,0
58.1,-0,3.5638797389127,0.19518615270527,3.5877590533769,3.5649497288902,3.5648492113663,0.17183465289701,0.016795030978831,0.044452219117651,0.013445684383051,10.977075852845,816.40142220518,-0.0010699899774678,0,0
58.2,-0,3.5638718610891,0.19518615270527,3.5878012098788,3.5650015175223,3.5648953966938,0.17179488763789,0.01673096269309,0.044452219117651,0.013445684383051,10.977075852845,816.40142220518,-0.0011296564332035,0,0
58.3,-0,3.5639978734567,0.19518615270527,3.5878429612505,3.565047121845,3.5649485563823,0.17175800107197,0.016661214632524,0.044452219117651,0.013445684383051,10.977075852845,816.40142220518,-0.0010492483883704,0,0
58.4,-0,3.5640924,0.19518615270527,3.5878843113853,3.5650996490214,3.5650050306359,0.17172263717387,0.016588836770412,0.044452219117651,0.013445684383051,10.977075852845,816.40142220518,-0.0010072490214252,0,0
58.5,-0,3.5641396178133,0.19518615270527,3.587925264139,3.5651554669146,3.5650600423632,0.17168701776394,0.016517806527624,0.044452219117651,0.013445684383051,10.977075852845,816.40142220518,-0.0010158491013619,0,0
58.6,-0,3.5641711,0.19518615270527,3.5879658233307,3.5652098345024,3.5651122619305,0.17165064325004,0.016449228864707,0.044452219117651,0.013445684383051,10.977075852845,816.40142220518,-0.001038734502393,0,0
58.7,-0,3.5641946789043,0.19518615270527,3.5880059927425,3.5652614321714,3.5651612294612,0.17161333605324,0.016383483798606,0.044452219117651,0.013445684383051,10.977075852845,816.40142220518,-0.0010667532671369,0,0
58.8,-0,3.5643049555985,0.19518615270527,3.5880457761202,3.5653098034914,3.5652154173731,0.17157823938995,0.016313512457231,0.044452219117651,0.013445684383051,10.977075852845,816.40142220518,-0.0010048478928688,0,0
58.9,-0,3.564368,0.19518615270527,3.5880851771737,3.5653633568664,3.5652698638975,0.17154351920305,0.016243451809665,0.044452219117651,0.013445684383051,10.977075852845,816.40142220518,-0.00099535686643382,0,0
59,-0,3.5644861344822,0.19518615270527,3.5881241995772,3.5654171680442,3.5653297184441,0.17151108470557,0.016169011044452,0.044452219117651,0.013445684383051,10.977075852845,816.40142220518,-0.00093103356193902,0,0
59.1,-0,3.564470344424,0.19518615270527,3.5881628469695,3.5654763475228,3.5653818578844,0.17147608369234,0.016101131189807,0.044452219117651,0.013445684383051,10.977075852845,816.40142220518,-0.0010060030988641,0,0
59.2,-0,3.5645018555686,0.19518615270527,3.5882011229547,3.5655278713929,3.5654315037299,0.17144043236714,0.016035452476047,0.044452219117651,0.013445684383051,10.977075852845,816.40142220518,-0.0010260158243574,0,0
59.3,-0,3.5646357566736,0.19518615270527,3.5882390311019,3.5655769216294,3.5654885250548,0.17140777143741,0.015963743103055,0.044452219117651,0.013445684383051,10.977075852845,816.40142220518,-0.00094116495581043,0,0
59.4,-0,3.5646357822204,0.19518615270527,3.5882765749461,3.565633292656,3.5655396056029,0.171373199615,0.015897115153226,0.044452219117651,0.013445684383051,10.977075852845,816.40142220518,-0.00099751043563501,0,0
59.5,-0,3.5646515177759,0.19518615270527,3.5883137579884,3.565683768987,3.5655868207323,0.17133746960748,0.015833831771125,0.044452219117651,0.013445684383051,10.977075852845,816.40142220518,-0.001032251211099,0,0
59.6,-0,3.5647775555386,0.19518615270527,3.588350583696,3.5657304102295,3.5656409203848,0.17130453002332,0.015764918755926,0.044452219117651,0.013445684383051,10.977075852845,816.40142220518,-0.00095285469084549,0,0
59.7,-0,3.5648406,0.19518615270527,3.5883870555031,3.5657838849426,3.5656952953948,0.17127196293644,0.015695897900169,0.044452219117651,0.013445684383051,10.977075852845,816.40142220518,-0.00094328494255214,0,0
59.8,-0,3.5649113966484,0.19518615270527,3.5884231768107,3.5658376340351,3.5657506470226,0.17124002522919,0.015626183466746,0.044452219117651,0.013445684383051,10.977075852845,816.40142220518,-0.00092623738673225,0,0
59.9,-0,3.5650059377552,0.19518615270527,3.5884589509871,3.565892353456,3.5658091077012,0.17120949956463,0.015553994996761,0.044452219117651,0.013445684383051,10.977075852845,816.40142220518,-0.00088641570072623,0,0
60,-0,3.5650138611228,0.19518615270527,3.5884943813684,3.5659501594916,3.5658622306221,0.1711772971045,0.015486390207476,0.044452219117651,0.013445684383051,10.977075852845,816.40142220518,-0.0009362983687371,0,0
60.1,-0,3.5650689566287,0.19518615270527,3.5885294712583,3.5660026693368,3.5659149847862,0.17114522437016,0.015419212514354,0.044452219117651,0.013445684383051,10.977075852845,816.40142220518,-0.00093371270801734,0,0
60.2,-0,3.5651397788763,0.19518615270527,3.5885642239292,3.5660548142983,3.565968885186,0.17111383306376,0.01535119503264,0.044452219117651,0.013445684383051,10.977075852845,816.40142220518,-0.00091503542201421,0,0
60.3,-0,3.5651555,0.19518615270527,3.5885986426217,3.5661080978799,3.566018642872,0.17108119452617,0.015286759368498,0.044452219117651,0.013445684383051,10.977075852845,816.40142220518,-0.00095259787987079,0,0
60.4,-0,3.5652027177422,0.19518615270527,3.5886327305454,3.5661572712295,3.5660676340948,0.17104853034501,0.015223078635288,0.044452219117651,0.013445684383051,10.977075852845,816.40142220518,-0.0009545534872184,0,0
60.5,-0,3.5651634033908,0.19518615270527,3.5886664908791,3.566205684962,3.5661078113931,0.17101290920465,0.015166882043365,0.044452219117651,0.013445684383051,10.977075852845,816.40142220518,-0.0010422815711424,0,0
60.6,-0,3.5653051309362,0.19518615270527,3.5886999267709,3.56624535264,3.5661570643049,0.17098081658945,0.015103196661908,0.044452219117651,0.013445684383051,10.977075852845,816.40142220518,-0.00094022170384678,0,0
60.7,-0,3.5654547388641,0.19518615270527,3.5887330413388,3.5662940280193,3.5662152187363,0.17095220517377,0.015032175301796,0.044452219117651,0.013445684383051,10.977075852845,816.40142220518,-0.00083928915525933,0,0
60.8,-0,3.5654468611378,0.19518615270527,3.5887658376708,3.5663515383918,3.5662665905861,0.17092140344263,0.014966951509876,0.044452219117651,0.013445684383051,10.977075852845,816.40142220518,-0.00090467725403443,0,0
60.9,-0,3.5654547388603,0.19518615270527,3.5887983188251,3.566402318758,3.5663133439453,0.17088918149187,0.014905707517076,0.044452219117651,0.013445684383051,10.977075852845,816.40142220518,-0.00094757989765926,0,0
61,-0,3.565517837714,0.19518615270527,3.5888304878306,3.5664485167245,3.5663611303077,0.17085757391068,0.014843706811163,0.044452219117651,0.013445684383051,10.977075852845,816.40142220518,-0.00093067901051835,0,0
61.1,-0,3.5655494,0.19518615270527,3.5888623476872,3.566495740832,3.5664068853185,0.17082547464576,0.014783516340151,0.044452219117651,0.013445684383051,10.977075852845,816.40142220518,-0.00094634083197365,0,0
61.2,-0,3.5655729788576,0.19518615270527,3.5888939013658,3.5665409500041,3.5664500650437,0.17079268272196,0.014725589657053,0.044452219117651,0.013445684383051,10.977075852845,816.40142220518,-0.00096797114643943,0,0
61.3,-0,3.5656123388528,0.19518615270527,3.5889251518088,3.5665836044197,3.5664924116448,0.17075982024746,0.014668464370434,0.044452219117651,0.013445684383051,10.977075852845,816.40142220518,-0.00097126556682836,0,0
61.4,-0,3.5657225954068,0.19518615270527,3.5889561019304,3.5666254329787,3.5665406663502,0.17072931107091,0.014606489288504,0.044452219117651,0.013445684383051,10.977075852845,816.40142220518,-0.00090283757191134,0,0
61.5,-0,3.5658328177011,0.19518615270527,3.5889867546167,3.5666731256615,3.5665942311792,0.17070095025396,0.014540170228381,0.044452219117651,0.013445684383051,10.977075852845,816.40142220518,-0.00084030796039292,0,0
61.6,-0,3.5658407211498,0.19518615270527,3.5890171127261,3.5667260890745,3.5666429653827,0.17067110575838,0.014478014564087,0.044452219117651,0.013445684383051,10.977075852845,816.40142220518,-0.00088536792463811,0,0
61.7,-0,3.5659193753902,0.19518615270527,3.5890471790895,3.5667742596178,3.5666939992308,0.17064232456722,0.014414037437096,0.044452219117651,0.013445684383051,10.977075852845,816.40142220518,-0.00085488422756974,0,0
61.8,-0,3.5659351423072,0.19518615270527,3.5890769565107,3.5668247132877,3.5667411977125,0.17061241267649,0.014353387186079,0.044452219117651,0.013445684383051,10.977075852845,816.40142220518,-0.00088957098054454,0,0
61.9,-0,3.5659982553664,0.19518615270527,3.5891064477664,3.5668713617611,3.5667893932621,0.1705830907147,0.014292005165973,0.044452219117651,0.013445684383051,10.977075852845,816.40142220518,-0.00087310639467386,0,0
62,-0,3.5660376611603,0.19518615270527,3.5891356556067,3.5669190006663,3.5668362605715,0.17055352880524,0.014231843478418,0.044452219117651,0.013445684383051,10.977075852845,816.40142220518,-0.00088133950605407,0,0
62.1,-0,3.5660926965195,0.19518615270527,3.5891645827553,3.566965322398,3.5668834016618,0.17052429525805,0.014171555678816,0.044452219117651,0.013445684383051,10.977075852845,816.40142220518,-0.00087262587847681,0,0
62.2,-0,3.5661399,0.19518615270527,3.5891932319097,3.5670119167668,3.5669300545324,0.17049511808331,0.014111781450283,0.044452219117651,0.013445684383051,10.977075852845,816.40142220518,-0.00087201676683968,0,0
62.3,-0,3.5662107565053,0.19518615270527,3.5892216057414,3.5670580275734,3.566978489667,0.170466803737,0.014050612983064,0.044452219117651,0.013445684383051,10.977075852845,816.40142220518,-0.00084727106808025,0,0
62.4,-0,3.5662343611677,0.19518615270527,3.5892497068964,3.5671059080002,3.5670240925084,0.17043771388981,0.013991928056163,0.044452219117651,0.013445684383051,10.977075852845,816.40142220518,-0.00087154683246915,0,0
62.5,-0,3.5663131553215,0.19518615270527,3.589277537995,3.5671509786558,3.5670723301773,0.17040978391809,0.013931129912854,0.044452219117651,0.013445684383051,10.977075852845,816.40142220518,-0.00083782333433602,0,0
62.6,-0,3.5663526211685,0.19518615270527,3.5893051016326,3.5671986649753,3.5671192460877,0.1703816144264,0.013871545812862,0.044452219117651,0.013445684383051,10.977075852845,816.40142220518,-0.00084604380681741,0,0
62.7,-0,3.5663840576592,0.19518615270527,3.5893324003796,3.5672450405458,3.5671642205986,0.17035298256553,0.013813695178865,0.044452219117651,0.013445684383051,10.977075852845,816.40142220518,-0.00086098288658887,0,0
62.8,-0,3.5664155,0.19518615270527,3.5893594367815,3.5672894904368,3.5672074507797,0.17032395360993,0.013757410295923,0.044452219117651,0.013445684383051,10.977075852845,816.40142220518,-0.00087399043680092,0,0
62.9,-0,3.5664864764657,0.19518615270527,3.5893862133595,3.5673322101971,3.5672528241936,0.17029589741085,0.013699419641629,0.044452219117651,0.013445684383051,10.977075852845,816.40142220518,-0.00084573373138852,0,0
63,-0,3.566557378824,0.19518615270527,3.5894127326106,3.5673770577212,3.5673001186056,0.17026873863676,0.013639911572914,0.044452219117651,0.013445684383051,10.977075852845,816.40142220518,-0.0008196788972179,0,0
63.1,-0,3.5665495211779,0.19518615270527,3.5894389970078,3.5674238124829,3.5673417484677,0.17023980556349,0.013585270128623,0.044452219117651,0.013445684383051,10.977075852845,816.40142220518,-0.0008742913050277,0,0
63.2,-0,3.5665338,0.19518615270527,3.5894650090002,3.5674649468276,3.5673775475272,0.17020902834655,0.013535630151273,0.044452219117651,0.013445684383051,10.977075852845,816.40142220518,-0.00093114682761275,0,0
63.3,-0,3.5665810176338,0.19518615270527,3.5894907710134,3.5675002957258,3.5674140117988,0.17017868023812,0.013485517937488,0.044452219117651,0.013445684383051,10.977075852845,816.40142220518,-0.00091927809193582,0,0
63.4,-0,3.5667068752632,0.19518615270527,3.5895162854498,3.5675363055536,3.5674584560038,0.17015133139786,0.013428774600613,0.044452219117651,0.013445684383051,10.977075852845,816.40142220518,-0.00082943029037352,0,0
63.5,-0,3.5668171976173,0.19518615270527,3.5895415546887,3.5675802351802,3.5675086183044,0.17012620211976,0.013367311334277,0.044452219117651,0.013445684383051,10.977075852845,816.40142220518,-0.00076303756286666,0,0
63.6,-0,3.5668723788128,0.19518615270527,3.5895665810864,3.5676298400996,3.5675587477035,0.17010128657594,0.013305977088563,0.044452219117651,0.013445684383051,10.977075852845,816.40142220518,-0.00075746128680265,0,0
63.7,-0,3.5669116788109,0.19518615270527,3.5895913669767,3.5676794132876,3.5676073578052,0.17007606352774,0.013246023851485,0.044452219117651,0.013445684383051,10.977075852845,816.40142220518,-0.00076773447663969,0,0
63.8,-0,3.5669274,0.19518615270527,3.5896159146708,3.5677274797019,3.5676523896281,0.17004980942779,0.013189185215812,0.044452219117651,0.013445684383051,10.977075852845,816.40142220518,-0.00080007970188056,0,0
63.9,-0,3.5669038211928,0.19518615270527,3.589640226458,3.5677719960821,3.5676905163092,0.17002135504197,0.013138262224402,0.044452219117651,0.013445684383051,10.977075852845,816.40142220518,-0.00086817488933777,0,0
64,-0,3.566958896413,0.19518615270527,3.5896643046052,3.5678096609669,3.5677298164118,0.16999350471795,0.013086437466048,0.044452219117651,0.013445684383051,10.977075852845,816.40142220518,-0.0008507645538689,0,0
64.1,-0,3.5670298587943,0.19518615270527,3.5896881513579,3.5678484910954,3.5677716633408,0.16996673835483,0.01303255335275,0.044452219117651,0.013445684383051,10.977075852845,816.40142220518,-0.00081863230104329,0,0
64.2,-0,3.5670929176002,0.19518615270527,3.5897117689397,3.567889849375,3.5678150593342,0.1699407126795,0.012977453272074,0.044452219117651,0.013445684383051,10.977075852845,816.40142220518,-0.00079693177476958,0,0
64.3,-0,3.5672187751959,0.19518615270527,3.589735159553,3.5679327456919,3.5678657423795,0.16991742413985,0.012916297065233,0.044452219117651,0.013445684383051,10.977075852845,816.40142220518,-0.00071397049594424,0,0
64.4,-0,3.5672109036094,0.19518615270527,3.589758325379,3.5679828741406,3.5679104288552,0.16989227375774,0.012860300133051,0.044452219117651,0.013445684383051,10.977075852845,816.40142220518,-0.00077197053121392,0,0
64.5,-0,3.567210917589,0.19518615270527,3.5897812685779,3.5680270528068,3.5679504640642,0.16986571617117,0.012808321629378,0.044452219117651,0.013445684383051,10.977075852845,816.40142220518,-0.00081613521780088,0,0
64.6,-0,3.5672897375791,0.19518615270527,3.5898039912893,3.5680666166473,3.56799371293,0.16984046606122,0.012753717458151,0.044452219117651,0.013445684383051,10.977075852845,816.40142220518,-0.00077687906822721,0,0
64.7,-0,3.5672975412169,0.19518615270527,3.589826495632,3.5681093703339,3.5680331879907,0.1698141113303,0.01270239032953,0.044452219117651,0.013445684383051,10.977075852845,816.40142220518,-0.00081182911693967,0,0
64.8,-0,3.5674708102987,0.19518615270527,3.5898487837046,3.5681483799332,3.5680847975058,0.16979214119415,0.01264090055622,0.044452219117651,0.013445684383051,10.977075852845,816.40142220518,-0.00067756963454224,0,0
64.9,-0,3.5675023448581,0.19518615270527,3.5898708575855,3.5681994318268,3.5681340188946,0.16976956496689,0.012581526342117,0.044452219117651,0.013445684383051,10.977075852845,816.40142220518,-0.00069708696868531,0,0
65,-0,3.5674157212133,0.19518615270527,3.5898927193331,3.5682481147791,3.5681700061765,0.16974263849538,0.01253342987312,0.044452219117651,0.013445684383051,10.977075852845,816.40142220518,-0.0008323935657879,0,0
65.1,-0,3.5674707963513,0.19518615270527,3.5899143709861,3.5682836658969,3.5682073904916,0.16971637462968,0.012484234353362,0.044452219117651,0.013445684383051,10.977075852845,816.40142220518,-0.00081286954558468,0,0
65.2,-0,3.5675653375566,0.19518615270527,3.5899358145634,3.5683206040813,3.5682497348957,0.16969200068448,0.012430928666631,0.044452219117651,0.013445684383051,10.977075852845,816.40142220518,-0.00075526652464886,0,0
65.3,-0,3.5675969,0.19518615270527,3.5899570520647,3.5683624650814,3.5682906306145,0.169667323464,0.012378935278333,0.044452219117651,0.013445684383051,10.977075852845,816.40142220518,-0.00076556508142511,0,0
65.4,-0,3.5676205387761,0.19518615270527,3.5899780854705,3.5684028892969,3.5683294809067,0.16964213482152,0.012328757323511,0.044452219117651,0.013445684383051,10.977075852845,816.40142220518,-0.00078235052079734,0,0
65.5,-0,3.5676834575547,0.19518615270527,3.5899989167421,3.568441284549,3.5683701782656,0.16961776437718,0.012277100256423,0.044452219117651,0.013445684383051,10.977075852845,816.40142220518,-0.00075782699434823,0,0
65.6,-0,3.5677149,0.19518615270527,3.590019547822,3.5684815134545,3.5684095838045,0.16959314026784,0.012226620932739,0.044452219117651,0.013445684383051,10.977075852845,816.40142220518,-0.00076661345449569,0,0
65.7,-0,3.5678330938524,0.19518615270527,3.5900399806342,3.5685204612205,3.5684559680039,0.16957108743186,0.012170319284022,0.044452219117651,0.013445684383051,10.977075852845,816.40142220518,-0.00068736736801878,0,0
65.8,-0,3.5678646824596,0.19518615270527,3.590060217084,3.5685663348469,3.5685005022832,0.16954860259657,0.012115673279605,0.044452219117651,0.013445684383051,10.977075852845,816.40142220518,-0.00070165238727693,0,0
65.9,-0,3.5678804175366,0.19518615270527,3.5900802590585,3.5686103735675,3.5685418864146,0.16952523805346,0.012063781806873,0.044452219117651,0.013445684383051,10.977075852845,816.40142220518,-0.00072995603092085,0,0
66,-0,3.5678409237085,0.19518615270527,3.5901001084267,3.5686512871199,3.5685752569603,0.16949933004532,0.01201876009037,0.044452219117651,0.013445684383051,10.977075852845,816.40142220518,-0.00081036341140361,0,0
66.1,-0,3.5679117338182,0.19518615270527,3.5901197670394,3.568684249385,3.5686117712515,0.16947466080546,0.011971151718648,0.044452219117651,0.013445684383051,10.977075852845,816.40142220518,-0.00077251556686164,0,0
66.2,-0,3.568037897516,0.19518615270527,3.5901392367299,3.5687203319385,3.5686563062312,0.16945289350874,0.011916827700312,0.044452219117651,0.013445684383051,10.977075852845,816.40142220518,-0.00068243442256177,0,0
66.3,-0,3.5680695,0.19518615270527,3.5901585193138,3.5687643742795,3.5686991824136,0.16943075514247,0.011863995604518,0.044452219117651,0.013445684383051,10.977075852845,816.40142220518,-0.00069487427954495,0,0
66.4,-0,3.5681402962785,0.19518615270527,3.5901776165892,3.5688067713527,3.568744244752,0.1694095461657,0.011809395311203,0.044452219117651,0.013445684383051,10.977075852845,816.40142220518,-0.0006664750742007,0,0
66.5,-0,3.5681875,0.19518615270527,3.5901965303369,3.5688513385471,3.5687890601938,0.16938844553405,0.011755090638868,0.044452219117651,0.013445684383051,10.977075852845,816.40142220518,-0.00066383854706009,0,0
66.6,-0,3.5682110787568,0.19518615270527,3.5902152623206,3.5688956615255,3.5688314379647,0.16936671067402,0.011702938416477,0.044452219117651,0.013445684383051,10.977075852845,816.40142220518,-0.00068458276869743,0,0
66.7,-0,3.5682504387518,0.19518615270527,3.5902338142872,3.5689375663528,3.568873104974,0.1693449201898,0.011651471940845,0.044452219117651,0.013445684383051,10.977075852845,816.40142220518,-0.00068712760097966,0,0
66.8,-0,3.5683371162497,0.19518615270527,3.5902521879666,3.568978766637,3.568918572464,0.16932459534407,0.011596864101322,0.044452219117651,0.013445684383051,10.977075852845,816.40142220518,-0.00064165038729369,0,0
66.9,-0,3.5683608212488,0.19518615270527,3.5902703850722,3.5690237389145,3.5689615505129,0.16930362099919,0.01154445361469,0.044452219117651,0.013445684383051,10.977075852845,816.40142220518,-0.0006629176656876,0,0
67,-0,3.5683922574987,0.19518615270527,3.5902884073009,3.5690662416775,3.5690030160235,0.16928232101737,0.011493409223092,0.044452219117651,0.013445684383051,10.977075852845,816.40142220518,-0.00067398417882014,0,0
67.1,-0,3.5685418937215,0.19518615270527,3.5903062563333,3.5691072442908,3.5690542101784,0.1692644746929,0.011434189342156,0.044452219117651,0.013445684383051,10.977075852845,816.40142220518,-0.00056535056933615,0,0
67.2,-0,3.5685025062879,0.19518615270527,3.5903239338338,3.5691579014087,3.5690964213134,0.1692438096517,0.01138268486731,0.044452219117651,0.013445684383051,10.977075852845,816.40142220518,-0.00065539512085522,0,0
67.3,-0,3.5684473387405,0.19518615270527,3.5903414414509,3.5691996454741,3.5691290754686,0.16922011606332,0.011339375394792,0.044452219117651,0.013445684383051,10.977075852845,816.40142220518,-0.00075230673355486,0,0
67.4,-0,3.5684631,0.19518615270527,3.5903587808171,3.5692319068764,3.5691597900926,0.16919593047449,0.011297784194556,0.044452219117651,0.013445684383051,10.977075852845,816.40142220518,-0.00076880687635272,0,0
67.5,-0,3.5685576549472,0.19518615270527,3.5903759535495,3.5692622443295,3.5691961522997,0.16917379036768,0.01125146529119,0.044452219117651,0.013445684383051,10.977075852845,816.40142220518,-0.00070458938224904,0,0
67.6,-0,3.5686442787381,0.19518615270527,3.5903929612493,3.5692981864925,3.5692368493694,0.16915326622573,0.011201538245899,0.044452219117651,0.013445684383051,10.977075852845,816.40142220518,-0.00065390775434659,0,0
67.7,-0,3.56866,0.19518615270527,3.5904098055026,3.5693384307975,3.5692747942801,0.16913199660854,0.011154028109611,0.044452219117651,0.013445684383051,10.977075852845,816.40142220518,-0.00067843079749919,0,0
67.8,-0,3.56866,0.19518615270527,3.5904264878801,3.5693759448613,3.5693087904763,0.16910957638273,0.011109949244005,0.044452219117651,0.013445684383051,10.977075852845,816.40142220518,-0.00071594486131321,0,0
67.9,-0,3.5687781936466,0.19518615270527,3.5904430099375,3.5694095413272,3.5693503228337,0.16908982779828,0.011059535689302,0.044452219117651,0.013445684383051,10.977075852845,816.40142220518,-0.00063134768064854,0,0
68,-0,3.5687860238209,0.19518615270527,3.5904593732154,3.5694506165081,3.569388280598,0.16906906286196,0.011012239661001,0.044452219117651,0.013445684383051,10.977075852845,816.40142220518,-0.00066459268721264,0,0
68.1,-0,3.5688332549023,0.19518615270527,3.5904755792398,3.5694881453672,3.5694267203326,0.16904862421879,0.010964608400641,0.044452219117651,0.013445684383051,10.977075852845,816.40142220518,-0.00065489046487155,0,0
68.2,-0,3.5688727212731,0.19518615270527,3.5904916295218,3.5695261531565,3.5694648657739,0.16902825413812,0.010917302267096,0.044452219117651,0.013445684383051,10.977075852845,816.40142220518,-0.0006534318834901,0,0
68.3,-0,3.5688805787251,0.19518615270527,3.5905075255582,3.569563869601,3.5694997825334,0.16900697726694,0.010872817019804,0.044452219117651,0.013445684383051,10.977075852845,816.40142220518,-0.00068329087590913,0,0
68.4,-0,3.5689198787232,0.19518615270527,3.5905232688314,3.5695983829449,3.5695347456993,0.16898587325164,0.010828363101596,0.044452219117651,0.013445684383051,10.977075852845,816.40142220518,-0.00067850422165527,0,0
68.5,-0,3.5690537935904,0.19518615270527,3.5905388608093,3.5696329429793,3.569578625016,0.16896787981093,0.010776391898777,0.044452219117651,0.013445684383051,10.977075852845,816.40142220518,-0.00057914938888892,0,0
68.6,-0,3.5690616238546,0.19518615270527,3.590554302946,3.5696763509939,3.5696186970086,0.16894880247378,0.010727740577578,0.044452219117651,0.013445684383051,10.977075852845,816.40142220518,-0.00061472713928845,0,0
68.7,-0,3.569132433575,0.19518615270527,3.5905695966815,3.5697159817908,3.5696612527576,0.1689307130579,0.010677049781214,0.044452219117651,0.013445684383051,10.977075852845,816.40142220518,-0.00058354821582363,0,0
68.8,-0,3.5691640425685,0.19518615270527,3.5905847434419,3.569758077849,3.569702366026,0.16891231918671,0.010627664547863,0.044452219117651,0.013445684383051,10.977075852845,816.40142220518,-0.00059403528051138,0,0
68.9,-0,3.5691326,0.19518615270527,3.5905997446396,3.5697987432662,3.5697362696151,0.1688917156241,0.010584495266582,0.044452219117651,0.013445684383051,10.977075852845,816.40142220518,-0.00066614326619696,0,0
69,-0,3.5692033961328,0.19518615270527,3.5906146016736,3.5698322553736,3.5697732791688,0.1688722869763,0.010538748395346,0.044452219117651,0.013445684383051,10.977075852845,816.40142220518,-0.00062885924087341,0,0
69.1,-0,3.569203382583,0.19518615270527,3.5906293159292,3.5698688500707,3.5698064414821,0.16885175025593,0.010496350449758,0.044452219117651,0.013445684383051,10.977075852845,816.40142220518,-0.00066546748767138,0,0
69.2,-0,3.5692663348265,0.19518615270527,3.5906438887787,3.5699016278971,3.5698420499142,0.16883216658272,0.010451934983078,0.044452219117651,0.013445684383051,10.977075852845,816.40142220518,-0.00063529307057397,0,0
69.3,-0,3.5693529986998,0.19518615270527,3.5906583215809,3.5699368335465,3.5698820820666,0.16881418919842,0.010403818165368,0.044452219117651,0.013445684383051,10.977075852845,816.40142220518,-0.000583834846692,0,0
69.4,-0,3.5694160174058,0.19518615270527,3.5906726156817,3.5699764293503,3.5699238751514,0.16879695222575,0.010354273388002,0.044452219117651,0.013445684383051,10.977075852845,816.40142220518,-0.00056041194453327,0,0
69.5,-0,3.569400282598,0.19518615270527,3.5906867724141,3.5700177731371,3.5699598670064,0.16877798072437,0.010309749800252,0.044452219117651,0.013445684383051,10.977075852845,816.40142220518,-0.00061749053917115,0,0
69.6,-0,3.5694160173983,0.19518615270527,3.5907007930981,3.5700533612288,3.5699935941209,0.16875842095965,0.010267226403135,0.044452219117651,0.013445684383051,10.977075852845,816.40142220518,-0.00063734383046876,0,0
69.7,-0,3.5694947173946,0.19518615270527,3.5907146790413,3.5700867027189,3.570031189856,0.16874027333082,0.010221469441548,0.044452219117651,0.013445684383051,10.977075852845,816.40142220518,-0.00059198532429061,0,0
69.8,-0,3.5696207547751,0.19518615270527,3.5907284315385,3.5701238835058,3.570076703711,0.16872486669444,0.010169027020194,0.044452219117651,0.013445684383051,10.977075852845,816.40142220518,-0.00050312873071245,0,0
69.9,-0,3.5695892452324,0.19518615270527,3.5907420518721,3.5701689217854,3.5701145646049,0.16870713562732,0.010123192233028,0.044452219117651,0.013445684383051,10.977075852845,816.40142220518,-0.00057967655296354,0,0
70,-0,3.6412610342224,0.19518615270527,3.5907555413123,3.5702063670254,3.5768691868599,0.17087815066023,0.0043449038928929,0.044452219117651,0.013445684383051,10.977075852845,816.40142220518,0.071054667196993,0,0
70.1,-4.4672876,3.7481978254518,0.19518615270527,3.7894925600185,3.7754894359857,3.7729303262324,0.17004519646006,0.0064900213561605,0.044452219117651,0.013445684383051,10.977075852845,816.40142220518,-0.027291610533819,0,0
70.2,-4.6402412,3.7731190279133,0.19522984683282,3.7977000904697,3.7812417099474,3.7804800633599,0.16984125457623,0.006536740214912,0.044452219117651,0.013445684383051,10.977075852845,816.40142220518,-0.0081226820340508,0,0
70.3,-4.6416201,3.7752185913502,0.19527523260355,3.7982898916263,3.7811868440095,3.7806272210002,0.16970488609079,0.0063895510443692,0.044452219117651,0.013445684383051,10.977075852845,816.40142220518,-0.0059682526592812,0,0
70.4,-4.6412261,3.7765748018138,0.19532063186118,3.7987960988355,3.7812540317198,3.7808152817749,0.16960794256103,0.0061403793193484,0.044452219117651,0.013445684383051,10.977075852845,816.40142220518,-0.0046792299060914,0,0
70.5,-4.6412261,3.777641129679,0.19536602726513,3.7993149517085,3.7814572972745,3.7810994773887,0.16953737672165,0.0058244493227654,0.044452219117651,0.013445684383051,10.977075852845,816.40142220518,-0.0038161675954798,0,0
70.6,-4.6416201,3.7785214482749,0.19541142266909,3.7998465412879,3.7817561420435,3.7814528475249,0.16948458747815,0.0054648533461782,0.044452219117651,0.013445684383051,10.977075852845,816.40142220518,-0.0032346937686456,0,0
70.7,-4.6416201,3.7793356735555,0.19545682192671,3.8003559042185,3.7820887867748,3.7818306500287,0.16944651102597,0.0050699273627461,0.044452219117651,0.013445684383051,10.977075852845,816.40142220518,-0.0027531132193626,0,0
70.8,-4.640832,3.780085417486,0.19550222118434,3.8008255103139,3.7824279750887,3.7822083356009,0.16942096024956,0.0046457184776143,0.044452219117651,0.013445684383051,10.977075852845,816.40142220518,-0.0023425576026708,0,0
70.9,-4.6400439,3.7807549174543,0.19554761273364,3.8012903744055,3.7828017141505,3.7826098078436,0.16940442709185,0.0042017782634098,0.044452219117651,0.013445684383051,10.977075852845,816.40142220518,-0.002046796696193,0,0
71,-4.6416201,3.7813991400865,0.1955929965746,3.8018557159957,3.7833041593303,3.7831255482823,0.16939223828732,0.0037506219472778,0.041229638829872,0.0021065692951596,10.971025917386,5208.0061845556,-0.001905019243809,1,0
71.1,-4.6410288,3.7819770973824,0.19563839583223,3.8023202516847,3.7682863434328,3.7695699377468,0.1698509651914,0.0025301554608711,0.041229638829872,0.0021065692951596,10.971025917386,5208.0061845556,0.013690753949574,0,0
71.2,-4.6420142,3.7825157906885,0.19568378930641,3.8028503385006,3.7697426452972,3.7709401862518,0.1702815831316,0.001394189173565,0.041229638829872,0.0021065692951596,10.971025917386,5208.0061845556,0.012773145391316,0,0
71.3,-4.640832,3.7830655106614,0.19572919241869,3.8032796350411,3.771013240413,3.772143176785,0.17069009153187,0.00032616854303722,0.041229638829872,0.0021065692951596,10.971025917386,5208.0061845556,0.012052270248431,0,0
71.4,-4.6390591,3.7836577906399,0.19577458396799,3.8036780875258,3.7721821581137,3.7732580156751,0.17108085496621,-0.00068603493571756,0.041229638829872,0.0021065692951596,10.971025917386,5208.0061845556,0.011475632526183,0,0
71.5,-4.6412261,3.7841570199605,0.19581995817671,3.804247213663,3.7734502117412,3.7744539755017,0.17144812553946,-0.0016274837445358,0.041229638829872,0.0021065692951596,10.971025917386,5208.0061845556,0.010706808219349,0,0
71.6,-4.642605,3.7846168092677,0.19586535358067,3.8047771777467,3.7746051872026,3.7755437634161,0.17179420152864,-0.0025047852017196,0.041229638829872,0.0021065692951596,10.971025917386,5208.0061845556,0.010011622065081,0,0
71.7,-4.6394531,3.7850625839088,0.19591076247151,3.8051014400273,3.7755002440935,3.77639668794,0.17212649639446,-0.0033382240678365,0.041229638829872,0.0021065692951596,10.971025917386,5208.0061845556,0.0095623398153024,0,0
71.8,-4.6406348,3.785560297199,0.19595614053391,3.8056138583878,3.776524205061,3.7773713028714,0.17244268740444,-0.0041219226936805,0.041229638829872,0.0021065692951596,10.971025917386,5208.0061845556,0.0090360921379591,0,0
71.9,-4.6394531,3.7860107759337,0.19600153015441,3.8060170521143,3.777394294757,3.7782020447835,0.1727460426725,-0.0048649628300259,0.041229638829872,0.0021065692951596,10.971025917386,5208.0061845556,0.0086164811766287,0,0
72,-4.6412261,3.7863730424484,0.19604690821682,3.8065473670865,3.7783400881214,3.7790931255711,0.17303166333336,-0.005554496113304,0.042316003100906,0.0060026286431845,8.9351712648303,1488.5430693727,0.0080329543269819,1,0
72.1,-4.6406348,3.7869401131752,0.19609230362077,3.8069685644406,3.7843788216801,3.7846182484017,0.17315518408516,-0.0060070292866357,0.042316003100906,0.0060026286431845,8.9351712648303,1488.5430693727,0.0025612914951116,0,0
72.2,-4.6412261,3.787360534492,0.19613769324127,3.8074381981746,3.7849068467119,3.7851357047048,0.17327673333565,-0.0064448018460369,0.042316003100906,0.0060026286431845,8.9351712648303,1488.5430693727,0.0024536877800845,0,0
72.3,-4.6424077,3.7877417638332,0.19618308864522,3.8079300928803,3.7854444521379,3.7856583507635,0.17339454286577,-0.006864466825781,0.042316003100906,0.0060026286431845,8.9351712648303,1488.5430693727,0.0022973116953264,0,0
72.4,-4.6412261,3.7881338837516,0.19622849560629,3.8083129691051,3.7858625105613,3.7860737055334,0.17351252899201,-0.0072767622775825,0.042316003100906,0.0060026286431845,8.9351712648303,1488.5430693727,0.0022713731902928,0,0
72.5,-4.6410288,3.7885812344359,0.19627389101024,3.8087355103158,3.7863148442653,3.7865253521894,0.1736312213034,-0.0076833803929017,0.042316003100906,0.0060026286431845,8.9351712648303,1488.5430693727,0.0022663901706079,0,0
72.6,-4.6422109,3.7890128903481,0.19631928448442,3.8092154420658,3.7868203221791,3.7870238060293,0.17374828091433,-0.008079169244269,0.042316003100906,0.0060026286431845,8.9351712648303,1488.5430693727,0.0021925681690447,0,0
72.7,-4.6410288,3.7894365118508,0.19636468952061,3.809586426078,3.7872144118287,3.7874205061504,0.17386699931026,-0.0084725018939218,0.042316003100906,0.0060026286431845,8.9351712648303,1488.5430693727,0.0022221000221703,0,0
72.8,-4.6424077,3.7897482156584,0.19641008299479,3.8100673273023,3.7877150215336,3.7879035043943,0.17398002668703,-0.0088463207084742,0.042316003100906,0.0060026286431845,8.9351712648303,1488.5430693727,0.0020331941248499,0,0
72.9,-4.6420142,3.7901956023645,0.19645548995586,3.8104657033991,3.7881189567226,3.7883113974777,0.17409501192746,-0.0092191547693655,0.042316003100906,0.0060026286431845,8.9351712648303,1488.5430693727,0.0020766456419326,0,0
73,-4.640832,3.7905516144406,0.19650089306815,3.8108251502875,3.7884892977612,3.7886803585433,0.17420994921733,-0.0095864530081014,0.043078961945922,0.0077615607117238,7.5142971707131,968.14254887716,0.0020623166794249,1,0
73.1,-4.6416201,3.7908902835946,0.19654628461744,3.8112683483897,3.7926249337214,3.7924647081339,0.17419545299906,-0.0098026073855246,0.043078961945922,0.0077615607117238,7.5142971707131,968.14254887716,-0.0017346501268092,0,0
73.2,-4.6410288,3.7913375383153,0.19659168387507,3.8116465472033,3.7928063231812,3.7926709689012,0.17418907791976,-0.010037207699783,0.043078961945922,0.0077615607117238,7.5142971707131,968.14254887716,-0.001468784865859,0,0
73.3,-4.6414229,3.7916933824049,0.19663707734925,3.8120648233542,3.7930518693152,3.7929269030238,0.17418570264735,-0.010277682307664,0.043078961945922,0.0077615607117238,7.5142971707131,968.14254887716,-0.0013584869102883,0,0
73.4,-4.6422109,3.7919816530112,0.19668247467808,3.812497010952,3.793321635384,3.7931985400343,0.17418221835913,-0.010516940026306,0.043078961945922,0.0077615607117238,7.5142971707131,968.14254887716,-0.0013399823728633,0,0
73.5,-4.6422109,3.7922967890032,0.19672787971427,3.8128906129934,3.7935562475521,3.7934406697396,0.17418102894222,-0.010759604627944,0.043078961945922,0.0077615607117238,7.5142971707131,968.14254887716,-0.0012594585488359,0,0
73.6,-4.6414229,3.7926621834823,0.19677328475046,3.8132455751525,3.7937612230566,3.7936604454593,0.17418527078222,-0.011011418958649,0.043078961945922,0.0077615607117238,7.5142971707131,968.14254887716,-0.001099039574282,0,0
73.7,-4.6416201,3.7930968635976,0.1968186820793,3.8136407229535,3.7940200269134,3.7939354256705,0.17419571814219,-0.011273205683781,0.043078961945922,0.0077615607117238,7.5142971707131,968.14254887716,-0.0009231633158171,0,0
73.8,-4.642605,3.7934511635807,0.19686408133693,3.8140674161191,3.7943255007548,3.7942454081188,0.17420770392147,-0.01153536950044,0.043078961945922,0.0077615607117238,7.5142971707131,968.14254887716,-0.00087433717406116,0,0
73.9,-4.6416201,3.7938055275569,0.19690949022777,3.8144031113652,3.7945472658984,3.7944793405002,0.1742245345503,-0.011804161397098,0.043078961945922,0.0077615607117238,7.5142971707131,968.14254887716,-0.00074173834152802,0,0
74,-4.6394531,3.7941222076945,0.1969548894854,3.8146826606093,3.7947266158733,3.7946712783502,0.1742464816032,-0.012079581480309,0.043531745860665,0.0085137497489723,6.7773806866887,796.0511979468,-0.00060440817880325,1,0
74.1,-4.6416201,3.7944088381471,0.1970002675478,3.8151513447954,3.7972882929797,3.7970251798803,0.17417826413798,-0.012269158268393,0.043531745860665,0.0085137497489723,6.7773806866887,796.0511979468,-0.0028794548326232,0,0
74.2,-4.6414229,3.7947772888984,0.19704566680543,3.8155117206791,3.797436110108,3.7971935241229,0.17411723771693,-0.012473531352685,0.043531745860665,0.0085137497489723,6.7773806866887,796.0511979468,-0.0026588212095735,0,0
74.3,-4.6410288,3.7950923528765,0.19709106413427,3.8158599641661,3.7975928641127,3.79736498312,0.1740612671567,-0.012687316905398,0.043531745860665,0.0085137497489723,6.7773806866887,796.0511979468,-0.0025005112362186,0,0
74.4,-4.6414229,3.7954200634797,0.19713645760844,3.8162399069763,3.7977954527146,3.7975791606069,0.17400929273561,-0.012907712109556,0.043531745860665,0.0085137497489723,6.7773806866887,796.0511979468,-0.0023753892348912,0,0
74.5,-4.6414229,3.7957240010326,0.19718185493728,3.816599076083,3.7979892971677,3.7977831611394,0.17396093661034,-0.013133459025473,0.043531745860665,0.0085137497489723,6.7773806866887,796.0511979468,-0.0022652961350924,0,0
74.6,-4.6412261,3.7959838380535,0.19722725226611,3.8169462352314,3.7981814242185,3.7979815427645,0.17391462128884,-0.013361236305174,0.043531745860665,0.0085137497489723,6.7773806866887,796.0511979468,-0.0021975861649746,0,0
74.7,-4.6420142,3.7963775340243,0.19727264767006,3.8173339606182,3.7984193186816,3.7982336701331,0.17387419162308,-0.013597238055466,0.043531745860665,0.0085137497489723,6.7773806866887,796.0511979468,-0.0020417846573464,0,0
74.8,-4.6416201,3.7967084010045,0.19731805078235,3.8176659921159,3.7986166279281,3.7984431635126,0.17383888826176,-0.013839763680308,0.043531745860665,0.0085137497489723,6.7773806866887,796.0511979468,-0.0019082269235726,0,0
74.9,-4.6402412,3.7969430887938,0.19736345003998,3.8179510082972,3.7987796481814,3.7986127248337,0.17380620422317,-0.014084049366324,0.043531745860665,0.0085137497489723,6.7773806866887,796.0511979468,-0.0018365593876744,0,0
75,-4.6406348,3.7972580567823,0.19740883581071,3.8183115858624,3.7990226135461,3.7988622506026,0.17377623595124,-0.014329918164734,0.043780199715669,0.0089115448853193,6.4213790075979,720.56855351493,-0.0017645567637707,1,0
75.1,-4.6410288,3.7975982339494,0.19745422543121,3.8186691245358,3.800470500341,3.800209746543,0.17369787207532,-0.014542422362748,0.043780199715669,0.0089115448853193,6.4213790075979,720.56855351493,-0.0028722663915941,0,0
75.2,-4.6406348,3.7979417075598,0.19749961890539,3.8189885824207,3.8006272861782,3.8003836772943,0.17362666201206,-0.014765626611525,0.043780199715669,0.0089115448853193,6.4213790075979,720.56855351493,-0.0026855786183644,0,0
75.3,-4.6428018,3.7982157633283,0.19754500852589,3.8194188778676,3.8009098330029,3.8006656021848,0.1735543031794,-0.014985220524678,0.043780199715669,0.0089115448853193,6.4213790075979,720.56855351493,-0.0026940696745856,0,0
75.4,-4.6416201,3.7985700633114,0.19759041934162,3.8196974393008,3.8010420658342,3.8008180677139,0.17349105983115,-0.015217862478419,0.043780199715669,0.0089115448853193,6.4213790075979,720.56855351493,-0.0024720025227909,0,0
75.5,-4.6418169,3.7989244272875,0.19763581859925,3.8200342038301,3.8012511195815,3.8010403586435,0.17343370276777,-0.015457331687858,0.043780199715669,0.0089115448853193,6.4213790075979,720.56855351493,-0.00232669229396,0,0
75.6,-4.6410288,3.7992158303517,0.19768121978176,3.8203242219178,3.8014266189968,3.801226405338,0.17338107635641,-0.015701548344732,0.043780199715669,0.0089115448853193,6.4213790075979,720.56855351493,-0.0022107886451828,0,0
75.7,-4.642605,3.7994362592502,0.19772661325594,3.8207163978419,3.8017122895057,3.8015062029136,0.1733252175935,-0.015937459987345,0.043780199715669,0.0089115448853193,6.4213790075979,720.56855351493,-0.0022760302555107,0,0
75.8,-4.6418169,3.7997277303367,0.19777202214678,3.8210006775663,3.8018851561491,3.8016898323604,0.1732743959151,-0.016178447784347,0.043780199715669,0.0089115448853193,6.4213790075979,720.56855351493,-0.0021574258124155,0,0
75.9,-4.6424077,3.7999607337998,0.1978174233293,3.8213433355887,3.8021253182949,3.8019293626515,0.17322304609157,-0.016415205422161,0.043780199715669,0.0089115448853193,6.4213790075979,720.56855351493,-0.002164584495123,0,0
76,-4.642605,3.8003545377918,0.19786283029037,3.821665711075,3.8023440465706,3.8021639502494,0.17317938765326,-0.016660788958589,0.04391657847712,0.0092123685939128,6.2600585986996,679.52758673116,-0.0019895087788173,1,0
76.1,-4.6410288,3.8007104780275,0.19790823918121,3.8219063984733,3.8031620555049,3.802940247285,0.17311466366119,-0.016902261812868,0.04391657847712,0.0092123685939128,6.2600585986996,679.52758673116,-0.0024515774773599,0,0
76.2,-4.640832,3.8009610368808,0.19795363265539,3.8222054801144,3.8033617145916,3.8031445984151,0.17305190466891,-0.017143479267009,0.04391657847712,0.0092123685939128,6.2600585986996,679.52758673116,-0.0024006777107637,0,0
76.3,-4.6416201,3.8012334083007,0.19799902420469,3.8225455900094,3.8036054668986,3.8033910044866,0.17299019162024,-0.017383027849872,0.04391657847712,0.0092123685939128,6.2600585986996,679.52758673116,-0.0023720585978904,0,0
76.4,-4.6414229,3.8015531811441,0.19804442346232,3.8228392225271,3.8038049242709,3.8036013871551,0.17293374240392,-0.017627456820092,0.04391657847712,0.0092123685939128,6.2600585986996,679.52758673116,-0.0022517431267501,0,0
76.5,-4.6410288,3.8017201271191,0.19808982079115,3.823121364062,3.8040027565495,3.8037964641811,0.17287576395061,-0.017865915039947,0.04391657847712,0.0092123685939128,6.2600585986996,679.52758673116,-0.0022826294304243,0,0
76.6,-4.642605,3.8020493819728,0.19813521426533,3.8234884249276,3.8042805242033,3.8040789123684,0.17282002903016,-0.018104206640493,0.04391657847712,0.0092123685939128,6.2600585986996,679.52758673116,-0.0022311422305181,0,0
76.7,-4.640832,3.8022998008269,0.19818062315617,3.8237040184769,3.8044123477342,3.8042214725253,0.17276964185704,-0.018347290663239,0.04391657847712,0.0092123685939128,6.2600585986996,679.52758673116,-0.0021125469073668,0,0
76.8,-4.6418169,3.8025218819467,0.19822601470547,3.824039462692,3.804671906536,3.804477661135,0.17271752775942,-0.018583662227515,0.04391657847712,0.0092123685939128,6.2600585986996,679.52758673116,-0.0021500245893029,0,0
76.9,-4.642605,3.8028100884945,0.19827141588798,3.8243636563346,3.8049158546128,3.8047256204338,0.17266745031091,-0.018819531355791,0.04391657847712,0.0092123685939128,6.2600585986996,679.52758673116,-0.0021057661183201,0,0
77,-4.6428018,3.8030999073578,0.19831682477883,3.8246590523691,3.8051342266541,3.8049504571656,0.17262066507984,-0.019056765236499,0.043965588291112,0.009488492471328,6.2473411750791,658.41240786744,-0.0020343192962913,1,0
77.1,-4.6422109,3.8033865375862,0.19836223559455,3.8249168718428,3.8055693703505,3.8053722022192,0.17256720628361,-0.01930098782494,0.043965588291112,0.009488492471328,6.2473411750791,658.41240786744,-0.0021828327643036,0,0
77.2,-4.6412261,3.8037298073353,0.19840764063074,3.8251545687433,3.8057422847718,3.8055605178099,0.17252153060689,-0.019553141677441,0.043965588291112,0.009488492471328,6.2473411750791,658.41240786744,-0.0020124774364776,0,0
77.3,-4.6412261,3.8039660753278,0.1984530360347,3.8254334542435,3.8059697409137,3.8057887816589,0.17247633626201,-0.019801730015728,0.043965588291112,0.009488492471328,6.2473411750791,658.41240786744,-0.0020036655859133,0,0
77.4,-4.6414229,3.8042149138644,0.19849843143865,3.8257186102907,3.8062027097615,3.8060231944049,0.17243196832086,-0.020047443178536,0.043965588291112,0.009488492471328,6.2473411750791,658.41240786744,-0.0019877958971275,0,0
77.5,-4.6424077,3.804465400752,0.19854382876748,3.8260363818608,3.8064678961358,3.8062870633349,0.1723870639497,-0.020288208881502,0.043965588291112,0.009488492471328,6.2473411750791,658.41240786744,-0.0020024953837896,0,0
77.6,-4.6422109,3.8047000563934,0.19858923572855,3.8262992646385,3.8066761448293,3.8064977062382,0.17234349763091,-0.020527096557147,0.043965588291112,0.009488492471328,6.2473411750791,658.41240786744,-0.0019760884358879,0,0
77.7,-4.6418169,3.8050023818289,0.19863464076474,3.8265509388468,3.8068742938123,3.806705271184,0.17230476193417,-0.020769403895251,0.043965588291112,0.009488492471328,6.2473411750791,658.41240786744,-0.0018719119834278,0,0
77.8,-4.640438,3.805265407268,0.19868004194725,3.826756365598,3.807034648262,3.8068749047142,0.17227078134241,-0.021014943092609,0.043965588291112,0.009488492471328,6.2473411750791,658.41240786744,-0.0017692409940113,0,0
77.9,-4.6410288,3.8055521334255,0.19872542964287,3.8270468908895,3.8072867679749,3.8071301574905,0.17223848963233,-0.021258743004621,0.043965588291112,0.009488492471328,6.2473411750791,658.41240786744,-0.0017346345493312,0,0
78,-4.640832,3.8058451810843,0.19877082311705,3.8273001033717,3.8075036136774,3.8073538913455,0.17220976637546,-0.021504046512459,0.043941640839492,0.0097988482511154,6.3725619322274,650.3378528698,-0.0016584325931221,1,0
78.1,-4.6416201,3.8059868817765,0.19881621466635,3.8275947849171,3.8076710186456,3.8075189264605,0.17218018213328,-0.021758891741547,0.043941640839492,0.0097988482511154,6.3725619322274,650.3378528698,-0.0016841368691085,0,0
78.2,-4.640832,3.8062624817634,0.19886161392398,3.8278171399522,3.8078740848623,3.8077285085814,0.17215410587291,-0.022014831105681,0.043941640839492,0.0097988482511154,6.3725619322274,650.3378528698,-0.0016116030989424,0,0
78.3,-4.6416201,3.8065255072119,0.19890700547327,3.8281072450793,3.8081488191706,3.8080021605905,0.17212776960034,-0.022265696474522,0.043941640839492,0.0097988482511154,6.3725619322274,650.3378528698,-0.0016233119586979,0,0
78.4,-4.6418169,3.8067743817372,0.1989524047309,3.8283688801524,3.8083927062692,3.8082464817541,0.17210192154252,-0.022512994133597,0.043941640839492,0.0097988482511154,6.3725619322274,650.3378528698,-0.0016183245320391,0,0
78.5,-4.6414229,3.8070625562588,0.19899780591341,3.8286020220075,3.8086072472286,3.8084676662208,0.17207955983524,-0.022761547959615,0.043941640839492,0.0097988482511154,6.3725619322274,650.3378528698,-0.0015446909697183,0,0
78.6,-4.6435898,3.8073523071782,0.19904320324225,3.8289468265193,3.8089370300674,3.8087938267022,0.17205568156406,-0.02300322967102,0.043941640839492,0.0097988482511154,6.3725619322274,650.3378528698,-0.0015847228892083,0,0
78.7,-4.6414229,3.807601181698,0.19908862176533,3.8290968972046,3.8090693334581,3.8089366630089,0.1720371409492,-0.023249621076817,0.043941640839492,0.0097988482511154,6.3725619322274,650.3378528698,-0.0014681517601156,0,0
78.8,-4.6410288,3.8078516006304,0.19913401909416,3.8293234143766,3.8092858931157,3.8091562841511,0.17202026514124,-0.023494148891618,0.043941640839492,0.0097988482511154,6.3725619322274,650.3378528698,-0.0014342924852659,0,0
78.9,-4.6424077,3.8080611071446,0.19917941256834,3.8296266087077,3.8095795536796,3.8094423443565,0.1719999504805,-0.023728753737701,0.043941640839492,0.0097988482511154,6.3725619322274,650.3378528698,-0.001518446535056,0,0
79,-4.6420142,3.8083352266981,0.19922481952941,3.8298489857012,3.8097842954104,3.8096533608687,0.1719828561471,-0.023964748831315,0.043852871831985,0.010131853276777,6.6327794373375,654.64621882557,-0.0014490687122812,1,0
79.1,-4.6424077,3.808563661484,0.1992702226417,3.8301042185981,3.8096241394699,3.8095282498027,0.171982822337,-0.024234463858517,0.043852871831985,0.010131853276777,6.6327794373375,654.64621882557,-0.0010604779858445,0,0
79.2,-4.6418169,3.8086879822255,0.19931562960277,3.8303136214229,3.8098639565094,3.8097575674048,0.17197816191139,-0.024491785591744,0.043852871831985,0.010131853276777,6.6327794373375,654.64621882557,-0.0011759742839441,0,0
79.3,-4.642605,3.8090849070997,0.19936103078528,3.8305822285703,3.8101498002202,3.8100534229462,0.17197849706375,-0.024752929962409,0.043852871831985,0.010131853276777,6.6327794373375,654.64621882557,-0.0010648931205517,0,0
79.4,-4.6396499,3.8093086005743,0.19940643967613,3.8306823625939,3.8102777209935,3.8101899868967,0.17198312696989,-0.025017001405005,0.043852871831985,0.010131853276777,6.6327794373375,654.64621882557,-0.00096912041919994,0,0
79.5,-4.640832,3.8095558626215,0.19945181966341,3.8309641760941,3.8105913005819,3.8104975444575,0.17198517386142,-0.025271799972048,0.043852871831985,0.010131853276777,6.6327794373375,654.64621882557,-0.001035437960375,0,0
79.6,-4.6420142,3.8098220450169,0.19949721121271,3.8312441197086,3.8108952342523,3.8107980473677,0.17198588443233,-0.025520140464135,0.043852871831985,0.010131853276777,6.6327794373375,654.64621882557,-0.0010731892353091,0,0
79.7,-4.6418169,3.809963881567,0.19954261432499,3.8314608411262,3.8111317105014,3.8110259450906,0.1719829057176,-0.025758029925729,0.043852871831985,0.010131853276777,6.6327794373375,654.64621882557,-0.0011678289343933,0,0
79.8,-4.6406348,3.8102395135501,0.1995880155075,3.8316317615596,3.8113128314646,3.8112156220664,0.17198404945639,-0.025999031026967,0.043852871831985,0.010131853276777,6.6327794373375,654.64621882557,-0.0010733179144529,0,0
79.9,-4.6420142,3.8104900005276,0.19963340512801,3.8319145440713,3.8116110469229,3.8115095143691,0.17198342112758,-0.026232715245995,0.043852871831985,0.010131853276777,6.6327794373375,654.64621882557,-0.001121046395359,0,0
80,-4.6422109,3.8107138811507,0.19967880824029,3.8321429379846,3.8118497928843,3.8117469160138,0.17198239648429,-0.026461951826283,0.043711827086792,0.010495234026333,7.0329788936237,670.11167887992,-0.0011359117335621,1,0
80.1,-4.6414229,3.8108995,0.19972421327648,3.8323256357736,3.8113923880022,3.8113477021059,0.17200783815403,-0.026740500839367,0.043711827086792,0.010495234026333,7.0329788936237,670.11167887992,-0.00049288800218861,0,0
80.2,-0,3.6070185279878,0.19976961060531,3.6260714761843,3.6087932504121,3.6086322249233,0.17198196553927,-0.026921734152143,0.043711827086792,0.010495234026333,7.0329788936237,670.11167887992,-0.0017747224242721,0,0
80.3,-0,3.605126714572,0.19976961060531,3.6257652534071,3.6082521407214,3.6079683941014,0.1718574560581,-0.026313896875866,0.043711827086792,0.010495234026333,7.0329788936237,670.11167887992,-0.0031254261494125,0,0
80.4,-0,3.6041705905871,0.19976961060531,3.6254619734765,3.6075968914176,3.6072856929809,0.17172198384674,-0.025692119384319,0.043711827086792,0.010495234026333,7.0329788936237,670.11167887992,-0.003426300830518,0,0
80.5,-0,3.6034097846076,0.19976961060531,3.6251616081115,3.6069229686246,3.606603777551,0.17158405393192,-0.025072232844924,0.043711827086792,0.010495234026333,7.0329788936237,670.11167887992,-0.003513184016962,0,0
80.6,-0,3.6028789715972,0.19976961060531,3.6248641293025,3.6062498048256,3.6059434788228,0.17145258725332,-0.02447105640518,0.043711827086792,0.010495234026333,7.0329788936237,670.11167887992,-0.0033708332284483,0,0
80.7,-0,3.6024759030868,0.19976961060531,3.6245695093094,3.6055979935769,3.6053142299526,0.17133157772527,-0.023896227105813,0.043711827086792,0.010495234026333,7.0329788936237,670.11167887992,-0.0031220904901557,0,0
80.8,-0,3.6020820271172,0.19976961060531,3.6242777206585,3.6049768602143,3.6047137277281,0.17122003143085,-0.023345888711884,0.043711827086792,0.010495234026333,7.0329788936237,670.11167887992,-0.0028948330971259,0,0
80.9,-0,3.6016522486343,0.19976961060531,3.6239887361402,3.6043841277318,3.6041357956207,0.17111534267342,-0.022815036510821,0.043711827086792,0.010495234026333,7.0329788936237,670.11167887992,-0.0027318790975071,0,0
81,-0,3.6013276281267,0.19976961060531,3.6237025288063,3.6038136902581,3.6035877003129,0.17102056740768,-0.02230956288218,0.044380687815759,0.0098711285963897,5.8273893336014,590.34681563491,-0.0024860621313305,1,0
81.1,-0,3.6011938445454,0.19976961060531,3.6234190719677,3.6032081266822,3.6030257084665,0.17094278824126,-0.021782549346341,0.044380687815759,0.0098711285963897,5.8273893336014,590.34681563491,-0.0020142821368179,0,0
81.2,-0,3.6009308586294,0.19976961060531,3.6231383391918,3.6026551014141,3.6024994086127,0.17087545011963,-0.0212865323284,0.044380687815759,0.0098711285963897,5.8273893336014,590.34681563491,-0.0017242427846642,0,0
81.3,-0,3.6006551666462,0.19976961060531,3.6228603042998,3.6021372407655,3.6020037222905,0.17081698941443,-0.02081713655151,0.044380687815759,0.0098711285963897,5.8273893336014,590.34681563491,-0.0014820741192816,0,0
81.4,-0,3.6004881140933,0.19976961060531,3.6225849413647,3.6016495407162,3.6015450961987,0.1707707748019,-0.020379293776691,0.044380687815759,0.0098711285963897,5.8273893336014,590.34681563491,-0.0011614266229314,0,0
81.5,-0,3.6002219586685,0.19976961060531,3.6223122247087,3.6011983640565,3.6011106798975,0.17073162585508,-0.019962483270047,0.044380687815759,0.0098711285963897,5.8273893336014,590.34681563491,-0.00097640538792243,0,0
81.6,-0,3.6000187596315,0.19976961060531,3.6220421289005,3.6007710393455,3.6007035546982,0.17070126425469,-0.019569012080314,0.044380687815759,0.0098711285963897,5.8273893336014,590.34681563491,-0.00075227971403491,0,0
81.7,-0,3.5998218596408,0.19976961060531,3.6217746287534,3.6003706086425,3.6003214225891,0.17067899178432,-0.019196896193057,0.044380687815759,0.0098711285963897,5.8273893336014,590.34681563491,-0.00054874900178747,0,0
81.8,-0,3.5996251436424,0.19976961060531,3.6215096993227,3.5999948076919,3.5999616943958,0.17066391589397,-0.018843947825279,0.044380687815759,0.0098711285963897,5.8273893336014,590.34681563491,-0.00036966404950922,0,0
81.9,-0,3.5993920131921,0.19976961060531,3.6212473159035,3.5996410845421,3.5996187841989,0.17065371713773,-0.018505624142707,0.044380687815759,0.0098711285963897,5.8273893336014,590.34681563491,-0.00024907134994123,0,0
82,-0,3.599300515073,0.19976961060531,3.6209874540282,3.599303930565,3.5993036248728,0.17065357681666,-0.018190527920828,0.044095581319589,0.010124808736203,6.4023647645466,632.34426756665,-3.4154919772433e-06,1,0
82.1,-0,3.5991132436704,0.19976961060531,3.6207300894644,3.5990217102315,3.5990299160743,0.1706573163058,-0.017915137425061,0.044095581319589,0.010124808736203,6.4023647645466,632.34426756665,9.1533438881797e-05,0,0
82.2,-0,3.5989886686188,0.19976961060531,3.6204751982126,3.5987522694022,3.5987734895165,0.17066692160309,-0.017654391239151,0.044095581319589,0.010124808736203,6.4023647645466,632.34426756665,0.00023639921661989,0,0
82.3,-0,3.5988706446127,0.19976961060531,3.6202227565038,3.5984998838578,3.5985331981554,0.17068190694827,-0.017407360771959,0.044095581319589,0.010124808736203,6.4023647645466,632.34426756665,0.00037076075487441,0,0
82.4,-0,3.5987162141682,0.19976961060531,3.6199727407976,3.5982634209456,3.5983041377648,0.17070011487264,-0.017170112039166,0.044095581319589,0.010124808736203,6.4023647645466,632.34426756665,0.00045279322260638,0,0
82.5,-0,3.5985950446239,0.19976961060531,3.6197251277797,3.5980380374077,3.5980881553814,0.1707224038012,-0.0169441060324,0.044095581319589,0.010124808736203,6.4023647645466,632.34426756665,0.00055700721617491,0,0
82.6,-0,3.5984768606374,0.19976961060531,3.61947989436,3.5978255576385,3.5978841866022,0.17074834313759,-0.016728471993635,0.044095581319589,0.010124808736203,6.4023647645466,632.34426756665,0.00065130299888727,0,0
82.7,-0,3.5983225981827,0.19976961060531,3.6192370176701,3.59762493073,3.5976877545808,0.17077600294806,-0.016519600993012,0.044095581319589,0.010124808736203,6.4023647645466,632.34426756665,0.00069766745273059,0,0
82.8,-0,3.5982011686525,0.19976961060531,3.6189964750616,3.5974317357666,3.5975010391626,0.17080637478509,-0.016319226961634,0.044095581319589,0.010124808736203,6.4023647645466,632.34426756665,0.00076943288590892,0,0
82.9,-0,3.5980831446463,0.19976961060531,3.6187582441035,3.5972481257214,3.5973233497681,0.17083919695815,-0.016126777005662,0.044095581319589,0.010124808736203,6.4023647645466,632.34426756665,0.00083501892492066,0,0
83,-0,3.5978563133157,0.19976961060531,3.6185223025806,3.5970734188934,3.597143955675,0.17086984566447,-0.015933599787606,0.043827282511614,0.010339289178511,7.1835975122048,694.78640051343,0.0007828944223407,1,0
83.1,-0,3.5978012455512,0.19976961060531,3.6182886284909,3.5969236870709,3.5970029287032,0.17090374342279,-0.015777328549657,0.043827282511614,0.010339289178511,7.1835975122048,694.78640051343,0.00087755848031179,0,0
83.2,-0,3.597725515118,0.19976961060531,3.6180572000443,3.5967848204174,3.5968699097962,0.17093962633928,-0.015628172624765,0.043827282511614,0.010339289178511,7.1835975122048,694.78640051343,0.00094069470055036,0,0
83.3,-0,3.5975743982276,0.19976961060531,3.6178279956596,3.5966538634655,3.5967372402259,0.17097432973482,-0.015479896482656,0.043827282511614,0.010339289178511,7.1835975122048,694.78640051343,0.00092053476208331,0,0
83.4,-0,3.5975618,0.19976961060531,3.6176009939634,3.596523243688,3.5966174060692,0.17101305461048,-0.015342647241854,0.043827282511614,0.010339289178511,7.1835975122048,694.78640051343,0.0010385563119564,0,0
83.5,-0,3.5974892151292,0.19976961060531,3.6173761737874,3.5964053068866,3.5965036570849,0.17105305834447,-0.015210908054031,0.043827282511614,0.010339289178511,7.1835975122048,694.78640051343,0.0010839082425997,0,0
83.6,-0,3.5973743446856,0.19976961060531,3.6171535141669,3.5962933790856,3.5963915189314,0.17109257411806,-0.015080999139229,0.043827282511614,0.010339289178511,7.1835975122048,694.78640051343,0.0010809655999355,0,0
83.7,-0,3.5972924991287,0.19976961060531,3.6169329943387,3.5961830368135,3.5962838066003,0.17113277227928,-0.01495520916816,0.043827282511614,0.010339289178511,7.1835975122048,694.78640051343,0.0011094623152217,0,0
83.8,-0,3.5972497695762,0.19976961060531,3.6167145937391,3.5960770634229,3.5961836099209,0.1711749112325,-0.014836062049279,0.043827282511614,0.010339289178511,7.1835975122048,694.78640051343,0.0011727061533358,0,0
83.9,-0,3.5971018902684,0.19976961060531,3.6164982920018,3.5959785138522,3.5960806000024,0.17121496728639,-0.014715038398335,0.043827282511614,0.010339289178511,7.1835975122048,694.78640051343,0.001123376416277,0,0
84,-0,3.59701689914,0.19976961060531,3.6162840689567,3.5958771769838,3.5959807628529,0.17125531505089,-0.014597056330283,0.043617800343221,0.010479346191576,8.051455213231,768.31655964409,0.0011397221562337,1,0
84.1,-0,3.5968294598652,0.19976961060531,3.616071904627,3.5958005869528,3.5958942885821,0.17129116472132,-0.014494459992811,0.043617800343221,0.010479346191576,8.051455213231,768.31655964409,0.001028872912372,0,0
84.2,-0,3.5968861008525,0.19976961060531,3.6158617792283,3.5957153790598,3.5958221678824,0.17133135711627,-0.014404264246356,0.043617800343221,0.010479346191576,8.051455213231,768.31655964409,0.001170721792743,0,0
84.3,-0,3.5967111678879,0.19976961060531,3.6156536731661,3.5956443716736,3.5957417996572,0.17136748022607,-0.01430765098524,0.043617800343221,0.010479346191576,8.051455213231,768.31655964409,0.0010667962143041,0,0
84.4,-0,3.5966954,0.19976961060531,3.6154475670342,3.5955651959753,3.5956685114167,0.17140526357696,-0.01421737107662,0.043617800343221,0.010479346191576,8.051455213231,768.31655964409,0.0011302040247343,0,0
84.5,-0,3.5966954,0.19976961060531,3.6152434416132,3.5954930220871,3.595603013172,0.17144498535367,-0.014134009428298,0.043617800343221,0.010479346191576,8.051455213231,768.31655964409,0.0012023779129189,0,0
84.6,-0,3.5964781054913,0.19976961060531,3.615041277868,3.5954285528005,3.5955246147895,0.17147927921993,-0.014040188644661,0.043617800343221,0.010479346191576,8.051455213231,768.31655964409,0.0010495526907528,0,0
84.7,-0,3.5965317848258,0.19976961060531,3.6148410569466,3.5953513124764,3.5954593994243,0.17151746035536,-0.013957802722441,0.043617800343221,0.010479346191576,8.051455213231,768.31655964409,0.0011804723493976,0,0
84.8,-0,3.5963568679348,0.19976961060531,3.6146427601782,3.5952871140257,3.5953850909684,0.17155173632904,-0.013868079911936,0.043617800343221,0.010479346191576,8.051455213231,768.31655964409,0.001069753909094,0,0
84.9,-0,3.5963773464112,0.19976961060531,3.6144463690714,3.5952139130457,3.5953204909147,0.17158869093635,-0.013786860886993,0.043617800343221,0.010479346191576,8.051455213231,768.31655964409,0.0011634333654809,0,0
85,-0,3.5961631135402,0.19976961060531,3.6142518653125,3.5951503155031,3.5952431063557,0.1716206030978,-0.013695125010747,0.043469122165996,0.010553746834478,8.8901874502195,842.37262743277,0.0010127980370616,1,0
85.1,-0,3.5960717991811,0.19976961060531,3.6140592307639,3.595089921856,3.595180028268,0.17165106661509,-0.013618347080029,0.043469122165996,0.010553746834478,8.8901874502195,842.37262743277,0.00098187732509292,0,0
85.2,-0,3.5960293455904,0.19976961060531,3.6138684474621,3.5950277025548,3.5951197410012,0.17168170046788,-0.013544283368141,0.043469122165996,0.010553746834478,8.8901874502195,842.37262743277,0.0010016430356039,0,0
85.3,-0,3.5960262,0.19976961060531,3.6136794976163,3.5949682437151,3.5950655533943,0.17171362885214,-0.013475737148387,0.043469122165996,0.010553746834478,8.8901874502195,842.37262743277,0.0010579562848916,0,0
85.4,-0,3.5959536152004,0.19976961060531,3.6134923636069,3.5949148228204,3.5950104429383,0.17174459516311,-0.013406700736479,0.043469122165996,0.010553746834478,8.8901874502195,842.37262743277,0.0010387923800859,0,0
85.5,-0,3.595874899196,0.19976961060531,3.6133070279832,3.5948604845594,3.5949539151781,0.17177449257094,-0.013336727720061,0.043469122165996,0.010553746834478,8.8901874502195,842.37262743277,0.0010144146365998,0,0
85.6,-0,3.5958323536019,0.19976961060531,3.6131234734627,3.5948047394705,3.5948994273981,0.17180446248806,-0.013268762075577,0.043469122165996,0.010553746834478,8.8901874502195,842.37262743277,0.0010276141314498,0,0
85.7,-0,3.5957568911994,0.19976961060531,3.6129416829285,3.5947510119087,3.5948437273662,0.17183351563689,-0.013199996461886,0.043469122165996,0.010553746834478,8.8901874502195,842.37262743277,0.0010058792907062,0,0
85.8,-0,3.5956056144227,0.19976961060531,3.6127616394286,3.594696081043,3.5947799358873,0.17185955239871,-0.013124495909926,0.043469122165996,0.010553746834478,8.8901874502195,842.37262743277,0.00090953337973332,0,0
85.9,-0,3.595665400789,0.19976961060531,3.6125833261736,3.5946331340627,3.5947283203999,0.1718888603716,-0.013059700242978,0.043469122165996,0.010553746834478,8.8901874502195,842.37262743277,0.0010322667263369,0,0
86,-0,3.5954907440347,0.19976961060531,3.6124067265357,3.5945822433362,3.5946660266949,0.1719144595225,-0.012985894264274,0.043360884503395,0.010586531253,9.6775631272034,914.13919214197,0.00090850069843507,1,0
86.1,-0,3.5955473087856,0.19976961060531,3.6122318240467,3.5945325320144,3.5946262406139,0.17194265691124,-0.012933427448044,0.043360884503395,0.010586531253,9.6775631272034,914.13919214197,0.0010147767712039,0,0
86.2,-0,3.5954812912181,0.19976961060531,3.6120586023968,3.5944932852911,3.5945846164886,0.17196975784457,-0.01287961567781,0.043360884503395,0.010586531253,9.6775631272034,914.13919214197,0.00098800592696069,0,0
86.3,-0,3.5953661688491,0.19976961060531,3.6118870454329,3.5944522143495,3.5945367684615,0.1719945298007,-0.012820627377291,0.043360884503395,0.010586531253,9.6775631272034,914.13919214197,0.00091395449965104,0,0
86.4,-0,3.5953205456128,0.19976961060531,3.611717137157,3.5944049727206,3.594489729427,0.1720190734762,-0.01276255073029,0.043360884503395,0.010586531253,9.6775631272034,914.13919214197,0.00091557289213906,0,0
86.5,-0,3.5953174,0.19976961060531,3.6115488617251,3.5943585307127,3.5944473379658,0.17204451784062,-0.012708716604927,0.043360884503395,0.010586531253,9.6775631272034,914.13919214197,0.00095886928728728,0,0
86.6,-0,3.5952085688659,0.19976961060531,3.6113822034453,3.594316692665,3.594399325291,0.17206796398963,-0.012650159889621,0.043360884503395,0.010586531253,9.6775631272034,914.13919214197,0.00089187620091247,0,0
86.7,-0,3.5951991,0.19976961060531,3.6112171467765,3.5942692819519,3.5943554534219,0.17209219792466,-0.012595389702296,0.043360884503395,0.010586531253,9.6775631272034,914.13919214197,0.00092981804814274,0,0
86.8,-0,3.5951266992446,0.19976961060531,3.611053676327,3.5942259731189,3.594309465309,0.17211548837023,-0.012538927570723,0.043360884503395,0.010586531253,9.6775631272034,914.13919214197,0.00090072612563974,0,0
86.9,-0,3.5950842456221,0.19976961060531,3.6108917768529,3.5941805654354,3.5942643436571,0.17213868557404,-0.012483373832236,0.043360884503395,0.010586531253,9.6775631272034,914.13919214197,0.00090368018675591,0,0
87,-0,3.5950811,0.19976961060531,3.610731433257,3.5941360148746,3.5942236406053,0.1721627836431,-0.012431833562978,0.043277341509668,0.010593628291162,10.425967473119,984.17342826881,0.00094508512544556,1,0
87.1,-0,3.5950449456258,0.19976961060531,3.610572630587,3.5941049714824,3.5941922195266,0.17218645645886,-0.01238976650874,0.043277341509668,0.010593628291162,10.425967473119,984.17342826881,0.00093997414341773,0,0
87.2,-0,3.5948968145274,0.19976961060531,3.6104153540345,3.5940739519583,3.5941503959129,0.1722069441874,-0.012338729294982,0.043277341509668,0.010593628291162,10.425967473119,984.17342826881,0.0008228625690081,0,0
87.3,-0,3.5948479536337,0.19976961060531,3.6102595889331,3.5940326155247,3.5941084117297,0.17222703154755,-0.012287711562698,0.043277341509668,0.010593628291162,10.425967473119,984.17342826881,0.0008153381090299,0,0
87.4,-0,3.5948810463644,0.19976961060531,3.6101053207577,3.5939911183356,3.5940738921677,0.1722487445798,-0.012243427365495,0.043277341509668,0.010593628291162,10.425967473119,984.17342826881,0.0008899280287733,0,0
87.5,-0,3.5948117992708,0.19976961060531,3.6099525351225,3.5939570214922,3.5940365582443,0.17226941440401,-0.012196797951203,0.043277341509668,0.010593628291162,10.425967473119,984.17342826881,0.00085477777859388,0,0
87.6,-0,3.5946605145573,0.19976961060531,3.6098012177802,3.5939201326738,3.5939890463816,0.17228717145388,-0.012141300510474,0.043277341509668,0.010593628291162,10.425967473119,984.17342826881,0.00074038188351677,0,0
87.7,-0,3.5946116536412,0.19976961060531,3.6096513546201,3.5938731505667,3.5939419056336,0.17230475024392,-0.012086254350152,0.043277341509668,0.010593628291162,10.425967473119,984.17342826881,0.00073850307455903,0,0
87.8,-0,3.5946085,0.19976961060531,3.6095029316674,3.5938265352664,3.5938993495172,0.17232323497792,-0.01203538540661,0.043277341509668,0.010593628291162,10.425967473119,984.17342826881,0.00078196473359338,0,0
87.9,-0,3.5945723456408,0.19976961060531,3.6093559350815,3.5937844647238,3.5938578394287,0.17234174139397,-0.011985552740245,0.043277341509668,0.010593628291162,10.425967473119,984.17342826881,0.00078788091694681,0,0
88,-0,3.5944967992894,0.19976961060531,3.6092103511548,3.5937434303173,3.5938135975293,0.17235933404414,-0.011933399195558,0.04321491669195,0.010584987028698,11.0879150128,1047.5133302231,0.0007533689721706,1,0
88.1,-0,3.5945990550623,0.19976961060531,3.6090661663114,3.593706456124,3.5937896637283,0.17237995833911,-0.011900190378815,0.04321491669195,0.010584987028698,11.0879150128,1047.5133302231,0.00089259893828508,0,0
88.2,-0,3.594391205895,0.19976961060531,3.6089233671059,3.5936828204811,3.5937489013021,0.17239616717976,-0.011852138624478,0.04321491669195,0.010584987028698,11.0879150128,1047.5133302231,0.00070838541388829,0,0
88.3,-0,3.5944084543517,0.19976961060531,3.6087819402221,3.5936424894769,3.5937139801142,0.17241353672345,-0.011809406125131,0.04321491669195,0.010584987028698,11.0879150128,1047.5133302231,0.00076596487480396,0,0
88.4,-0,3.5945204310329,0.19976961060531,3.6086418724718,3.5936079519534,3.5936931532406,0.17243405847742,-0.011779350349795,0.04321491669195,0.010584987028698,11.0879150128,1047.5133302231,0.00091247907948988,0,0
88.5,-0,3.5943125139329,0.19976961060531,3.6085031507936,3.593587394929,3.5936551238885,0.17245024319663,-0.011734042517369,0.04321491669195,0.010584987028698,11.0879150128,1047.5133302231,0.00072511900392502,0,0
88.6,-0,3.5943297543462,0.19976961060531,3.6083657622514,3.5935497723634,3.5936226440718,0.17246753161437,-0.011693787872573,0.04321491669195,0.010584987028698,11.0879150128,1047.5133302231,0.00077998198281559,0,0
88.7,-0,3.5941517602954,0.19976961060531,3.6082296940337,3.5935176539641,3.5935769082654,0.17248149713215,-0.011641771589771,0.04321491669195,0.010584987028698,11.0879150128,1047.5133302231,0.00063410633133909,0,0
88.8,-0,3.5942448310104,0.19976961060531,3.608094933452,3.5934723851745,3.5935445771287,0.17249840998018,-0.011601834523718,0.04321491669195,0.010584987028698,11.0879150128,1047.5133302231,0.00077244583597036,0,0
88.9,-0,3.5941816233358,0.19976961060531,3.6079614679395,3.593440412604,3.5935096928337,0.1725145518834,-0.011559691003189,0.04321491669195,0.010584987028698,11.0879150128,1047.5133302231,0.00074121073177524,0,0
89,-0,3.5941753,0.19976961060531,3.6078292850506,3.5934059066853,3.5934778267765,0.17253122506902,-0.011520326795906,0.043164152369937,0.010566586745684,11.702914483637,1107.5397160219,0.0007693933147217,1,0
89.1,-0,3.5940667449938,0.19976961060531,3.6076983724591,3.5933798063492,3.5934440660091,0.17254597545492,-0.011479932586684,0.043164152369937,0.010566586745684,11.702914483637,1107.5397160219,0.0006869386446251,0,0
89.2,-0,3.5939848993343,0.19976961060531,3.6075687179571,3.593346389275,3.5934061532772,0.17255957067916,-0.011435905904216,0.043164152369937,0.010566586745684,11.702914483637,1107.5397160219,0.00063851005932802,0,0
89.3,-0,3.5939786,0.19976961060531,3.6074403094543,3.593308851143,3.5933715676178,0.17257372081201,-0.011394956744684,0.043164152369937,0.010566586745684,11.702914483637,1107.5397160219,0.0006697488569829,0,0
89.4,-0,3.5939786,0.19976961060531,3.6073131349764,3.5932746138986,3.5933405599162,0.17258848869504,-0.011357307732474,0.043164152369937,0.010566586745684,11.702914483637,1107.5397160219,0.00070398610135936,0,0
89.5,-0,3.5938698610247,0.19976961060531,3.6071871826643,3.5932439265327,3.593302577341,0.17260153369051,-0.011313458651809,0.043164152369937,0.010566586745684,11.702914483637,1107.5397160219,0.00062593449199166,0,0
89.6,-0,3.5938965543275,0.19976961060531,3.6070624407727,3.5932063170463,3.5932710070147,0.17261583283066,-0.011275457814772,0.043164152369937,0.010566586745684,11.702914483637,1107.5397160219,0.00069023728115214,0,0
89.7,-0,3.5938635456744,0.19976961060531,3.6069388976694,3.5931750700493,3.5932396055794,0.17263001730739,-0.011237677434435,0.043164152369937,0.010566586745684,11.702914483637,1107.5397160219,0.00068847562511154,0,0
89.8,-0,3.5937879993567,0.19976961060531,3.6068165418338,3.5931439900675,3.5932043650612,0.17264321898453,-0.011196499948982,0.043164152369937,0.010566586745684,11.702914483637,1107.5397160219,0.00064400928923369,0,0
89.9,-0,3.5938541006395,0.19976961060531,3.606695361856,3.5931090999069,3.5931789493229,0.17265842054435,-0.011164247870012,0.043164152369937,0.010566586745684,11.702914483637,1107.5397160219,0.00074500073255512,0,0
90,-0,3.5937518450442,0.19976961060531,3.606575346436,3.5930839585847,3.593146582348,0.17267199102302,-0.011125778072995,0.043123655830883,0.010543214158789,12.249568380375,1161.8438358442,0.00066788645946314,1,0
90.1,-0,3.5937061536861,0.19976961060531,3.6064564843821,3.5930561261939,3.5931171120574,0.17268509522671,-0.011090414650259,0.043123655830883,0.010543214158789,12.249568380375,1161.8438358442,0.00065002749226606,0,0
90.2,-0,3.593739246312,0.19976961060531,3.6063387646103,3.5930269434193,3.5930938037361,0.17269935152379,-0.011060695085299,0.043123655830883,0.010543214158789,12.249568380375,1161.8438358442,0.00071230289273627,0,0
90.3,-0,3.5937061536899,0.19976961060531,3.6062221761432,3.5930038767276,3.5930698206346,0.17271331427079,-0.011030432753441,0.043123655830883,0.010543214158789,12.249568380375,1161.8438358442,0.00070227696228242,0,0
90.4,-0,3.593666661696,0.19976961060531,3.6061067081087,3.5929801396686,3.5930446231239,0.17272688101576,-0.010999134099757,0.043123655830883,0.010543214158789,12.249568380375,1161.8438358442,0.00068652202747144,0,0
90.5,-0,3.5935910993829,0.19976961060531,3.6059923497392,3.592955196626,3.5930149392379,0.17273937758036,-0.010963830344782,0.043123655830883,0.010543214158789,12.249568380375,1161.8438358442,0.00063590275691894,0,0
90.6,-0,3.5935123993866,0.19976961060531,3.6058790903708,3.5929257997708,3.5929809202155,0.17275084651209,-0.010924653593538,0.043123655830883,0.010543214158789,12.249568380375,1161.8438358442,0.00058659961583052,0,0
90.7,-0,3.593469945693,0.19976961060531,3.6057669194418,3.5928920992681,3.5929464046821,0.17276209154743,-0.010885081020319,0.043123655830883,0.010543214158789,12.249568380375,1161.8438358442,0.00057784642498016,0,0
90.8,-0,3.5936115092161,0.19976961060531,3.6056558264923,3.5928579054724,3.5929287358362,0.17277669410667,-0.010860845212133,0.043123655830883,0.010543214158789,12.249568380375,1161.8438358442,0.00075360374370259,0,0
90.9,-0,3.5934431444926,0.19976961060531,3.6055458011626,3.5928404336714,3.5928970862956,0.17278832701174,-0.010823964201648,0.043123655830883,0.010543214158789,12.249568380375,1161.8438358442,0.0006027108211808,0,0
91,-0,3.5933548154102,0.19976961060531,3.6054368331928,3.5928090839853,3.5928603838066,0.17279882228018,-0.010782541852878,0.043090577233144,0.010517391320039,12.735701706572,1210.9183084504,0.00054573142498304,1,0
91.1,-0,3.5933123457005,0.19976961060531,3.6053289124215,3.5927760514256,3.5928264891537,0.17280906690443,-0.010744040058203,0.043090577233144,0.010517391320039,12.735701706572,1210.9183084504,0.00053629427490121,0,0
91.2,-0,3.5933453542976,0.19976961060531,3.605222028785,3.5927424579029,3.5927991817426,0.17282051289748,-0.010711585233967,0.043090577233144,0.010517391320039,12.735701706572,1210.9183084504,0.00060289639478039,0,0
91.3,-0,3.5932760994128,0.19976961060531,3.6051161723162,3.5927154043273,3.59276817399,0.17283109757389,-0.010675817413669,0.043090577233144,0.010517391320039,12.735701706572,1210.9183084504,0.00056069508557188,0,0
91.4,-0,3.5931973994165,0.19976961060531,3.6050113331438,3.5926846763218,3.5927329428801,0.17284072652439,-0.010636256038587,0.043090577233144,0.010517391320039,12.735701706572,1210.9183084504,0.00051272309470463,0,0
91.5,-0,3.5933359011594,0.19976961060531,3.6049075014917,3.5926497546293,3.5927143591993,0.17285355122291,-0.010611904922749,0.043090577233144,0.010517391320039,12.735701706572,1210.9183084504,0.00068614653006538,0,0
91.6,-0,3.5933123457098,0.19976961060531,3.6048046676772,3.5926313614033,3.5926954894588,0.17286622409951,-0.010587336023492,0.043090577233144,0.010517391320039,12.735701706572,1210.9183084504,0.00068098430649455,0,0
91.7,-0,3.5932367994278,0.19976961060531,3.604702822111,3.592612683821,3.5926714633393,0.17287779241274,-0.01055810748195,0.043090577233144,0.010517391320039,12.735701706572,1210.9183084504,0.00062411560680919,0,0
91.8,-0,3.5931942537179,0.19976961060531,3.604601955296,3.5925888863037,3.5926459051522,0.17288897227423,-0.010527521564584,0.043090577233144,0.010517391320039,12.735701706572,1210.9183084504,0.00060536741423389,0,0
91.9,-0,3.593118515444,0.19976961060531,3.6045020578262,3.592563567335,3.5926158407667,0.17289918672379,-0.010492863607223,0.043090577233144,0.010517391320039,12.735701706572,1210.9183084504,0.00055494810895107,0,0
92,-0,3.5930398914346,0.19976961060531,3.604403120386,3.5925337740162,3.5925814502441,0.17290847382433,-0.010454296553822,0.043062524337787,0.010490093313538,13.176787714931,1256.1173024006,0.00050611741837114,1,0
92.1,-0,3.5930697542808,0.19976961060531,3.6043051337494,3.5925024118049,3.5925558779422,0.17291882381298,-0.010424069726428,0.043062524337787,0.010490093313538,13.176787714931,1256.1173024006,0.00056734247594292,0,0
92.2,-0,3.5931453005535,0.19976961060531,3.6042080887791,3.5924770680293,3.5925400630353,0.1729309492502,-0.010402801851441,0.043062524337787,0.010490093313538,13.176787714931,1256.1173024006,0.00066823252426795,0,0
92.3,-0,3.5930430451731,0.19976961060531,3.6041119764254,3.5924614139155,3.5925162593999,0.17294145160139,-0.010374275171098,0.043062524337787,0.010490093313538,13.176787714931,1256.1173024006,0.00058163125761901,0,0
92.4,-0,3.5929973537292,0.19976961060531,3.6040167877258,3.5924378259527,3.5924905981408,0.17295150951969,-0.010344090734332,0.043062524337787,0.010490093313538,13.176787714931,1256.1173024006,0.00055952777649715,0,0
92.5,-0,3.5929942,0.19976961060531,3.6039225138038,3.5924123928993,3.5924672753308,0.17296192495376,-0.010316083967057,0.043062524337787,0.010490093313538,13.176787714931,1256.1173024006,0.00058180710065603,0,0
92.6,-0,3.5929217994614,0.19976961060531,3.6038291458684,3.592389281831,3.5924395211419,0.17297142213869,-0.010284058769654,0.043062524337787,0.010490093313538,13.176787714931,1256.1173024006,0.00053251763035833,0,0
92.7,-0,3.5929155,0.19976961060531,3.6037366752128,3.5923617697648,3.5924140155076,0.17298126359915,-0.010254127301607,0.043062524337787,0.010490093313538,13.176787714931,1256.1173024006,0.00055373023520833,0,0
92.8,-0,3.5928429154777,0.19976961060531,3.603645093214,3.5923364904237,3.5923842764592,0.1729902358796,-0.010220353301064,0.043062524337787,0.010490093313538,13.176787714931,1256.1173024006,0.0005064250539597,0,0
92.9,-0,3.5928366,0.19976961060531,3.6035543913319,3.5923070067195,3.5923569818135,0.17299959147228,-0.010188851322745,0.043062524337787,0.010490093313538,13.176787714931,1256.1173024006,0.00052959328046631,0,0
93,-0,3.5929091845148,0.19976961060531,3.6034645611085,3.5922799502407,3.5923393305798,0.17301067778081,-0.010166214430736,0.043037202770592,0.010460803267823,13.598188991594,1299.9182417875,0.00062923427407124,1,0
93.1,-0,3.5928067612268,0.19976961060531,3.603375594167,3.5922648432702,3.5923160029611,0.17302017574271,-0.010138615454154,0.043037202770592,0.010460803267823,13.598188991594,1299.9182417875,0.00054191795660952,0,0
93.2,-0,3.5928334542603,0.19976961060531,3.603287482211,3.5922417178678,3.5922975974185,0.17303049710018,-0.010115568261798,0.043037202770592,0.010460803267823,13.598188991594,1299.9182417875,0.000591736392487,0,0
93.3,-0,3.5928004457416,0.19976961060531,3.6032002170242,3.5922234811907,3.5922779787307,0.17304051655863,-0.010091443692246,0.043037202770592,0.010460803267823,13.598188991594,1299.9182417875,0.00057696455085443,0,0
93.4,-0,3.5928334542566,0.19976961060531,3.6031137904688,3.5922040392624,3.5922635021885,0.17305140284776,-0.010072071443106,0.043037202770592,0.010460803267823,13.598188991594,1299.9182417875,0.00062941499416835,0,0
93.5,-0,3.5927280452404,0.19976961060531,3.6030281944856,3.5921897046596,3.592240570984,0.17306067959045,-0.010044968365783,0.043037202770592,0.010460803267823,13.598188991594,1299.9182417875,0.0005383405808046,0,0
93.6,-0,3.5926460155077,0.19976961060531,3.6029434210926,3.5921669720378,3.5922122407689,0.1730689066473,-0.010012938335468,0.043037202770592,0.010460803267823,13.598188991594,1299.9182417875,0.00047904346983518,0,0
93.7,-0,3.5927122844885,0.19976961060531,3.6028594623846,3.5921388765051,3.5921930673861,0.17307872386593,-0.0099893500207464,0.043037202770592,0.010460803267823,13.598188991594,1299.9182417875,0.00057340798339656,0,0
93.8,-0,3.5926824457509,0.19976961060531,3.6027763105323,3.5921198759526,3.5921730462566,0.1730883282486,-0.0099650096744552,0.043037202770592,0.010460803267823,13.598188991594,1299.9182417875,0.0005625697982774,0,0
93.9,-0,3.5927154542472,0.19976961060531,3.6026939577818,3.5921000331635,3.592158201727,0.17309880765919,-0.0099454524165287,0.043037202770592,0.010460803267823,13.598188991594,1299.9182417875,0.00061542108369173,0,0
94,-0,3.5927186,0.19976961060531,3.6026123964535,3.5920853319289,3.5921451897953,0.1731095653083,-0.0099276026290332,0.043015011137138,0.010431358000287,13.986919762486,1340.8532007148,0.00063326807113118,1,0
94.1,-0,3.592573615044,0.19976961060531,3.6025316189417,3.5920744651587,3.5921216615267,0.17311800478366,-0.0099002790177754,0.043015011137138,0.010431358000287,13.986919762486,1340.8532007148,0.00049914988530597,0,0
94.2,-0,3.5925971542416,0.19976961060531,3.602451617714,3.5920511315446,3.5921027735015,0.1731271970146,-0.0098772571258843,0.043015011137138,0.010431358000287,13.986919762486,1340.8532007148,0.00054602269705484,0,0
94.3,-0,3.5924194368058,0.19976961060531,3.60237238531,3.5920324075283,3.5920690197839,0.17313368690837,-0.0098405848179607,0.043015011137138,0.010431358000287,13.986919762486,1340.8532007148,0.00038702927745993,0,0
94.4,-0,3.5924398542379,0.19976961060531,3.6022939143413,3.5919989150656,3.592040633981,0.17314105408525,-0.0098088858990832,0.043015011137138,0.010431358000287,13.986919762486,1340.8532007148,0.00044093917225485,0,0
94.5,-0,3.5923704155414,0.19976961060531,3.6022161974903,3.5919707550871,3.5920085733821,0.17314770950359,-0.0097738322713289,0.043015011137138,0.010431358000287,13.986919762486,1340.8532007148,0.00039966045431816,0,0
94.6,-0,3.5924366844548,0.19976961060531,3.6021392275099,3.5919389442117,3.5919860482124,0.1731559731278,-0.0097475908415511,0.043015011137138,0.010431358000287,13.986919762486,1340.8532007148,0.00049774024317895,0,0
94.7,-0,3.5924791542323,0.19976961060531,3.6020629972225,3.591916605987,3.5919698473753,0.17316528683392,-0.0097272015086969,0.043015011137138,0.010431358000287,13.986919762486,1340.8532007148,0.00056254824528379,0,0
94.8,-0,3.5924823,0.19976961060531,3.6019874995195,3.5919005504043,3.59195561247,0.17317489400087,-0.0097086461344967,0.043015011137138,0.010431358000287,13.986919762486,1340.8532007148,0.00058174959572455,0,0
94.9,-0,3.5924099915429,0.19976961060531,3.6019127273608,3.5918864476882,3.5919360029903,0.17318351983841,-0.0096851575026244,0.043015011137138,0.010431358000287,13.986919762486,1340.8532007148,0.00052354385471931,0,0
95,-0,3.5924760084534,0.19976961060531,3.6018386737737,3.5918670055425,3.5919246519424,0.17319353229478,-0.0096693037218771,0.042995861350527,0.010402916518191,14.337344066143,1378.2042796433,0.00060900291092469,1,0
95.1,-0,3.5924099915504,0.19976961060531,3.6017653318527,3.5918574452042,3.5919097625295,0.17320257864321,-0.0096503460474982,0.042995861350527,0.010402916518191,14.337344066143,1378.2042796433,0.00055254634612867,0,0
95.2,-0,3.5923672697906,0.19976961060531,3.6016926947585,3.5918426875571,3.5918923684033,0.17321113431643,-0.009629104322869,0.042995861350527,0.010402916518191,14.337344066143,1378.2042796433,0.00052458223348584,0,0
95.3,-0,3.5923278537834,0.19976961060531,3.6016207557177,3.591825441072,3.591873030909,0.17321929972352,-0.0096060947379791,0.042995861350527,0.010402916518191,14.337344066143,1378.2042796433,0.00050241271143792,0,0
95.4,-0,3.5923247,0.19976961060531,3.6015495080217,3.5918062635064,3.591855378151,0.17322769854851,-0.0095846649183135,0.042995861350527,0.010402916518191,14.337344066143,1378.2042796433,0.00051843649359506,0,0
95.5,-0,3.5922523915653,0.19976961060531,3.6014789450268,3.5917887596969,3.5918326872964,0.17323518748787,-0.0095586061895589,0.042995861350527,0.010402916518191,14.337344066143,1378.2042796433,0.00046363186839216,0,0
95.6,-0,3.5922461,0.19976961060531,3.6014090601529,3.5917662499642,3.5918117181891,0.17324291758278,-0.0095341607572872,0.042995861350527,0.010402916518191,14.337344066143,1378.2042796433,0.00047985003580431,0,0
95.7,-0,3.5921736995773,0.19976961060531,3.601339846883,3.5917454507655,3.5917860323077,0.17324979945294,-0.0095053800086404,0.042995861350527,0.010402916518191,14.337344066143,1378.2042796433,0.00042824881181369,0,0
95.8,-0,3.5922035542118,0.19976961060531,3.601271298763,3.5917199649254,3.5917657930718,0.17325755313495,-0.0094816538403424,0.042995861350527,0.010402916518191,14.337344066143,1378.2042796433,0.00048358928637438,0,0
95.9,-0,3.5921705457901,0.19976961060531,3.6012034094007,3.5916998905988,3.5917444948656,0.17326508386482,-0.0094569689662117,0.042995861350527,0.010402916518191,14.337344066143,1378.2042796433,0.00047065519127898,0,0
96,-0,3.5921674,0.19976961060531,3.6011361724653,3.5916787639655,3.5917250737492,0.17327288750146,-0.0094340384521585,0.042979600570568,0.010376361001583,14.645543035668,1411.4334527715,0.00048863603452753,1,0
96.1,-0,3.5922398004077,0.19976961060531,3.601069581687,3.5916608774014,3.5917157572464,0.17328209928143,-0.0094205792911073,0.042979600570568,0.010376361001583,14.645543035668,1411.4334527715,0.00057892300633178,0,0
96.2,-0,3.5921372694054,0.19976961060531,3.601003630856,3.5916516524849,3.5916976960807,0.17328980053916,-0.0093990547688828,0.042979600570568,0.010376361001583,14.645543035668,1411.4334527715,0.00048561692053539,0,0
96.3,-0,3.5920553995998,0.19976961060531,3.6009383138223,3.5916337377883,3.5916737235922,0.17329646707682,-0.0093720842510594,0.042979600570568,0.010376361001583,14.645543035668,1411.4334527715,0.00042166181140768,0,0
96.4,-0,3.592085346196,0.19976961060531,3.6008736244951,3.5916099488277,3.5916550357581,0.17330396211729,-0.0093500257990003,0.042979600570568,0.010376361001583,14.645543035668,1411.4334527715,0.00047539736825586,0,0
96.5,-0,3.5920885,0.19976961060531,3.600809556842,3.591591411096,3.5916385597435,0.17331177903905,-0.0093300344122754,0.042979600570568,0.010376361001583,14.645543035668,1411.4334527715,0.00049708890397548,0,0
96.6,-0,3.5920160996109,0.19976961060531,3.6007461048886,3.591575071118,3.5916169055855,0.17331869810117,-0.0093052686613418,0.042979600570568,0.010376361001583,14.645543035668,1411.4334527715,0.00044102849292127,0,0
96.7,-0,3.5920098,0.19976961060531,3.600683262718,3.5915535854849,3.5915968629738,0.17332584001567,-0.0092820142370304,0.042979600570568,0.010376361001583,14.645543035668,1411.4334527715,0.00045621451505706,0,0
96.8,-0,3.5919012454253,0.19976961060531,3.6006210244701,3.5915337011139,3.5915685687397,0.17333158248387,-0.0092511375397286,0.042979600570568,0.010376361001583,14.645543035668,1411.4334527715,0.0003675443114024,0,0
96.9,-0,3.5919641083824,0.19976961060531,3.600559384341,3.5915056169883,3.5915491139661,0.17333873295567,-0.0092284671052864,0.042979600570568,0.010376361001583,14.645543035668,1411.4334527715,0.00045849139414278,0,0
97,-0,3.5920428003741,0.19976961060531,3.6004983365828,3.5914863164815,3.5915391114029,0.17334739729513,-0.0092145680750463,0.042964519724233,0.01034955485283,14.939379164791,1443.4803599989,0.00055648389257223,1,0
97.1,-0,3.5920129458125,0.19976961060531,3.6004378755027,3.5914776376508,3.5915284347433,0.17335570428852,-0.0092001556516652,0.042964519724233,0.01034955485283,14.939379164791,1443.4803599989,0.00053530816168701,0,0
97.2,-0,3.591973553819,0.19976961060531,3.6003779954626,3.5914670571418,3.5915151286294,0.17336354030767,-0.0091833255772395,0.042964519724233,0.01034955485283,14.939379164791,1443.4803599989,0.0005064966771835,0,0
97.3,-0,3.5919704,0.19976961060531,3.6003186908786,3.5914538633075,3.5915028945024,0.17337150943611,-0.0091675076286838,0.042964519724233,0.01034955485283,14.939379164791,1443.4803599989,0.00051653669252838,0,0
97.4,-0,3.5919704,0.19976961060531,3.6002599562206,3.5914417347077,3.5914919227086,0.17337964492701,-0.0091528771979792,0.042964519724233,0.01034955485283,14.939379164791,1443.4803599989,0.00052866529225604,0,0
97.5,-0,3.59189809164,0.19976961060531,3.6002017860114,3.5914308605189,3.5914752202194,0.17338681827417,-0.00913294876059,0.042964519724233,0.01034955485283,14.939379164791,1443.4803599989,0.0004672311211058,0,0
97.6,-0,3.5918918,0.19976961060531,3.6001441748266,3.5914142909796,3.5914596295814,0.17339413378131,-0.0091140682431607,0.042964519724233,0.01034955485283,14.939379164791,1443.4803599989,0.00047750902038901,0,0
97.7,-0,3.5917468153135,0.19976961060531,3.600087117294,3.5913988263005,3.5914318689863,0.17339945460949,-0.009083914801871,0.042964519724233,0.01034955485283,14.939379164791,1443.4803599989,0.00034798901299649,0,0
97.8,-0,3.5918791846791,0.19976961060531,3.6000306080927,3.59137126687,3.5914194973273,0.17340720688233,-0.0090680568441391,0.042964519724233,0.01034955485283,14.939379164791,1443.4803599989,0.00050791780915427,0,0
97.9,-0,3.591782969501,0.19976961060531,3.5999746419534,3.5913590010052,3.5913992611712,0.17341366722714,-0.0090449153863213,0.042964519724233,0.01034955485283,14.939379164791,1443.4803599989,0.00042396849579918,0,0
98,-0,3.5918096541707,0.19976961060531,3.599919213657,3.5913389192342,3.5913836214639,0.17342082938195,-0.0090260547641782,0.042951285589623,0.010324273871357,15.203942307935,1472.640351988,0.0004707349364792,1,0
98.1,-0,3.5918490461642,0.19976961060531,3.5998643180348,3.5913244497288,3.5913742763651,0.17342878729342,-0.0090131308882297,0.042951285589623,0.010324273871357,15.203942307935,1472.640351988,0.00052459643530911,0,0
98.2,-0,3.5917797996707,0.19976961060531,3.5998099499678,3.5913151893545,3.5913593252105,0.17343581604844,-0.0089950188103983,0.042951285589623,0.010324273871357,15.203942307935,1472.640351988,0.00046461031623934,0,0
98.3,-0,3.5918459003255,0.19976961060531,3.599756104386,3.5913003569365,3.5913521873668,0.17344404860969,-0.0089841786760473,0.042951285589623,0.010324273871357,15.203942307935,1472.640351988,0.00054554338895496,0,0
98.4,-0,3.5918522,0.19976961060531,3.5997027762683,3.5912932901571,3.5913463956112,0.1734524636351,-0.008974602573226,0.042951285589623,0.010324273871357,15.203942307935,1472.640351988,0.00055890984290441,0,0
98.5,-0,3.5918159538433,0.19976961060531,3.5996499606418,3.5912875611792,3.5913377708315,0.17346040257356,-0.0089624075488471,0.042951285589623,0.010324273871357,15.203942307935,1472.640351988,0.0005283926641817,0,0
98.6,-0,3.5918128,0.19976961060531,3.5995976525814,3.5912790163459,3.5913297413085,0.17346840717168,-0.0089507782531557,0.042951285589623,0.010324273871357,15.203942307935,1472.640351988,0.00053378365412948,0,0
98.7,-0,3.5917766458424,0.19976961060531,3.5995458472093,3.5912710630606,3.5913191103779,0.17347597558682,-0.0089367437070884,0.042951285589623,0.010324273871357,15.203942307935,1472.640351988,0.00050558278182633,0,0
98.8,-0,3.5917735,0.19976961060531,3.5994945396945,3.5912605241357,3.5913092758298,0.17348364234049,-0.008923461319345,0.042951285589623,0.010324273871357,15.203942307935,1472.640351988,0.00051297586432408,0,0
98.9,-0,3.5916649455431,0.19976961060531,3.5994437252527,3.5912507766623,3.5912901391532,0.17348982323945,-0.0089015450114387,0.042951285589623,0.010324273871357,15.203942307935,1472.640351988,0.00041416888072332,0,0
99,-0,3.591691654152,0.19976961060531,3.5993933991452,3.5912317836615,3.5912754905739,0.17349667688577,-0.0088838142575663,0.042938962759094,0.010299143515746,15.45548142601,1500.6569626281,0.0004598704904768,1,0
99.1,-0,3.5916586458499,0.19976961060531,3.5993435566791,3.5912181961041,3.5912600646116,0.17350322315613,-0.008865444351688,0.042938962759094,0.010299143515746,15.45548142601,1500.6569626281,0.00044044974572621,0,0
99.2,-0,3.5915829157176,0.19976961060531,3.5992941932066,3.591202888615,3.5912390185067,0.17350885725,-0.0088418645209961,0.042938962759094,0.010299143515746,15.45548142601,1500.6569626281,0.00038002710250806,0,0
99.3,-0,3.5916491842787,0.19976961060531,3.5992453041245,3.5911819945838,3.5912264161453,0.17351576770924,-0.0088261544354606,0.042938962759094,0.010299143515746,15.45548142601,1500.6569626281,0.00046718969482518,0,0
99.4,-0,3.591582915725,0.19976961060531,3.5991968848738,3.5911694935416,3.5912088062339,0.17352187004353,-0.0088058002243813,0.042938962759094,0.010299143515746,15.45548142601,1500.6569626281,0.00041342218344598,0,0
99.5,-0,3.5915766,0.19976961060531,3.5991489309392,3.5911520149008,3.5911923919114,0.1735281251205,-0.0087865729117482,0.042938962759094,0.010299143515746,15.45548142601,1500.6569626281,0.00042458509915022,0,0
99.6,-0,3.5915041997231,0.19976961060531,3.5991014378492,3.5911357245812,3.5911707676043,0.17353354403299,-0.0087625116487314,0.042938962759094,0.010299143515746,15.45548142601,1500.6569626281,0.00036847514187954,0,0
99.7,-0,3.5915703002731,0.19976961060531,3.5990544011749,3.5911142554527,3.5911576284765,0.17354023997316,-0.0087463612688436,0.042938962759094,0.010299143515746,15.45548142601,1500.6569626281,0.00045604482045025,0,0
99.8,-0,3.5915041997306,0.19976961060531,3.59900781653,3.5911012204837,3.5911395478994,0.17354614803553,-0.0087256237586195,0.042938962759094,0.010299143515746,15.45548142601,1500.6569626281,0.00040297924689359,0,0
99.9,-0,3.5916428845218,0.19976961060531,3.5989616795706,3.5910832736492,3.5911364997187,0.17355434135351,-0.0087188909354553,0.042938962759094,0.010299143515746,15.45548142601,1500.6569626281,0.00055961087269685,0,0
100,-0,3.5915105154856,0.19976961060531,3.5989159859942,3.5910802688905,3.5911211916089,0.17356063279851,-0.0087007534804094,0.042927905317559,0.01027526833326,15.685677526771,1526.5467545989,0.00043024659504098,1,0
100.1,-0,3.5915340541315,0.19976961060531,3.59887073154,3.5910658986348,3.5911104340445,0.17356746154549,-0.0086869249389933,0.042927905317559,0.01027526833326,15.685677526771,1526.5467545989,0.00046815549668233,0,0
100.2,-0,3.5916821844995,0.19976961060531,3.5988259119878,3.5910552289503,3.591114878408,0.17357658579464,-0.0086872660080506,0.042927905317559,0.01027526833326,15.685677526771,1526.5467545989,0.00062695554918468,0,0
100.3,-0,3.5915136613804,0.19976961060531,3.5987815231582,3.5910596711463,3.5911028687386,0.17358317905656,-0.0086722912623413,0.042927905317559,0.01027526833326,15.685677526771,1526.5467545989,0.00045399023407322,0,0
100.4,-0,3.5914617458741,0.19976961060531,3.5987375609119,3.5910477566408,3.5910871512153,0.17358917991097,-0.0086538750761845,0.042927905317559,0.01027526833326,15.685677526771,1526.5467545989,0.00041398923327041,0,0
100.5,-0,3.591530908248,0.19976961060531,3.5986940211494,3.5910321561518,3.5910796195975,0.17359639678498,-0.0086430979355312,0.042927905317559,0.01027526833326,15.685677526771,1526.5467545989,0.00049875209625583,0,0
100.6,-0,3.5915010458778,0.19976961060531,3.5986508998105,3.5910246930223,3.5910700270929,0.17360327851182,-0.0086304106282037,0.042927905317559,0.01027526833326,15.685677526771,1526.5467545989,0.00047635285556558,0,0
100.7,-0,3.5914254997642,0.19976961060531,3.5986081928741,3.5910151811451,3.591054232309,0.17360919756624,-0.0086119539679546,0.042927905317559,0.01027526833326,15.685677526771,1526.5467545989,0.00041031861915064,0,0
100.8,-0,3.5915640004641,0.19976961060531,3.5985658963578,3.5909995036526,3.5910532300091,0.17361732976431,-0.0086072945119459,0.042927905317559,0.01027526833326,15.685677526771,1526.5467545989,0.00056449681152504,0,0
100.9,-0,3.5913956454269,0.19976961060531,3.5985240063173,3.5909985309633,3.5910363274824,0.1736230435709,-0.0085878224115927,0.042927905317559,0.01027526833326,15.685677526771,1526.5467545989,0.00039711446356572,0,0
101,-0,3.5914523002246,0.19976961060531,3.5984825188464,3.5909817521812,3.5910265387652,0.17362980628067,-0.0085749924151382,0.042927905317559,0.01027526833326,15.685677526771,1526.5467545989,0.00047054804341151,0,0
101.1,-0,3.5913497696808,0.19976961060531,3.5984414300763,3.5909720449981,3.5910079971874,0.17363522926784,-0.0085540120488897,0.042927905317559,0.01027526833326,15.685677526771,1526.5467545989,0.00037772468268438,0,0
101.2,-0,3.591304145889,0.19976961060531,3.5984007361754,3.5909536367497,3.5909869988865,0.17364025668304,-0.0085307528534957,0.042927905317559,0.01027526833326,15.685677526771,1526.5467545989,0.00035050913931212,0,0
101.3,-0,3.5913371541091,0.19976961060531,3.598360433349,3.5909327862602,3.5909712750715,0.17364605145807,-0.0085124230522769,0.042927905317559,0.01027526833326,15.685677526771,1526.5467545989,0.00040436784888742,0,0
101.4,-0,3.5913767300928,0.19976961060531,3.5983205178388,3.5909171789305,3.5909609204837,0.17365263163627,-0.0084991092720541,0.042927905317559,0.01027526833326,15.685677526771,1526.5467545989,0.00045955116230001,0,0
101.5,-0,3.5913073158038,0.19976961060531,3.5982809859225,3.5909069089512,3.590945021111,0.17365836059331,-0.0084806335123063,0.042927905317559,0.01027526833326,15.685677526771,1526.5467545989,0.00040040685255782,0,0
101.6,-0,3.591301,0.19976961060531,3.598241833914,3.5908911269913,3.5909301402782,0.17366422086245,-0.0084631172396801,0.042927905317559,0.01027526833326,15.685677526771,1526.5467545989,0.00040987300867101,0,0
101.7,-0,3.5912647539032,0.19976961060531,3.5982030581621,3.5908763574738,3.5909133265989,0.17366977043115,-0.0084438078466083,0.042927905317559,0.01027526833326,15.685677526771,1526.5467545989,0.00038839642939958,0,0
101.8,-0,3.5912616,0.19976961060531,3.5981646550509,3.590859666505,3.5908979241758,0.17367550992307,-0.0084258242987611,0.042927905317559,0.01027526833326,15.685677526771,1526.5467545989,0.00040193349496986,0,0
101.9,-0,3.5913340001909,0.19976961060531,3.5981266209994,3.5908443783667,3.5908909825836,0.17368249760042,-0.008415740256435,0.042927905317559,0.01027526833326,15.685677526771,1526.5467545989,0.00048962182418855,0,0
102,-0,3.5912678998128,0.19976961060531,3.5980889524608,3.5908375008582,3.5908784679916,0.17368863680311,-0.0084004647845661,0.042927905317559,0.01027526833326,15.685677526771,1526.5467545989,0.00043039895459351,0,0
102.1,-0,3.5912616,0.19976961060531,3.5980516459226,3.5908250833413,3.5908666327611,0.1736948601582,-0.008385830829626,0.042927905317559,0.01027526833326,15.685677526771,1526.5467545989,0.00043651665867328,0,0
102.2,-0,3.591080461558,0.19976961060531,3.5980146979057,3.590813341109,3.590838766693,0.17369866666656,-0.0083562529249018,0.042927905317559,0.01027526833326,15.685677526771,1526.5467545989,0.00026712044898591,0,0
102.3,-0,3.5911008540904,0.19976961060531,3.5979781049648,3.5907856630075,3.5908156641162,0.17370315619883,-0.00833113134655,0.042927905317559,0.01027526833326,15.685677526771,1526.5467545989,0.00031519108292244,0,0
102.4,-0,3.5912852304185,0.19976961060531,3.5979418636875,3.5907627200774,3.5908124545819,0.17371059563582,-0.0083245761999237,0.042927905317559,0.01027526833326,15.685677526771,1526.5467545989,0.00052251034109974,0,0
102.5,-0,3.5911923537497,0.19976961060531,3.5979059706944,3.5907595522008,3.5908007478353,0.17371675536246,-0.0083100993435572,0.042927905317559,0.01027526833326,15.685677526771,1526.5467545989,0.00043280154895164,0,0
102.6,-0,3.5910741617602,0.19976961060531,3.5978704226382,3.5907479374541,3.5907789886382,0.17372139650508,-0.0082862529638004,0.042927905317559,0.01027526833326,15.685677526771,1526.5467545989,0.00032622430605,0,0
102.7,-0,3.5911734382342,0.19976961060531,3.5978352162042,3.5907263297999,3.5907688871089,0.17372775515769,-0.0082732918650895,0.042927905317559,0.01027526833326,15.685677526771,1526.5467545989,0.00044710843428186,0,0
102.8,-0,3.5911829,0.19976961060531,3.5978003481093,3.5907163106379,3.590760722151,0.17373438857959,-0.0082621437703948,0.042927905317559,0.01027526833326,15.685677526771,1526.5467545989,0.00046658936207855,0,0
102.9,-0,3.5911103158563,0.19976961060531,3.5977658151021,3.5907082165257,3.5907464896158,0.17374010327273,-0.0082453412627488,0.042927905317559,0.01027526833326,15.685677526771,1526.5467545989,0.00040209933052004,0,0
103,-0,3.59117658414,0.19976961060531,3.5977316139621,3.5906940907698,3.5907400159609,0.173746958365,-0.0082357847830369,0.042927905317559,0.01027526833326,15.685677526771,1526.5467545989,0.00048249337021122,0,0
103.1,-0,3.5910380077128,0.19976961060531,3.5976977415003,3.590687677846,3.5907210232696,0.17375193420681,-0.0082145543904244,0.042927905317559,0.01027526833326,15.685677526771,1526.5467545989,0.00035032986676864,0,0
103.2,-0,3.5910254,0.19976961060531,3.5976641945578,3.5906688200731,3.5907027603536,0.17375699732765,-0.0081940145226449,0.042927905317559,0.01027526833326,15.685677526771,1526.5467545989,0.00035657992692251,0,0
103.3,-0,3.5911702922722,0.19976961060531,3.5976309700066,3.5906506876872,3.5907001450532,0.17376437315056,-0.0081880822180502,0.042927905317559,0.01027526833326,15.685677526771,1526.5467545989,0.00051960458501421,0,0
103.4,-0,3.5910380077352,0.19976961060531,3.5975980647482,3.5906481100864,3.5906852215523,0.17376990624302,-0.0081706704129546,0.042927905317559,0.01027526833326,15.685677526771,1526.5467545989,0.0003898976487382,0,0
103.5,-0,3.591061554068,0.19976961060531,3.5975654757142,3.5906332972369,3.5906740597817,0.17377598206089,-0.0081567762673757,0.042927905317559,0.01027526833326,15.685677526771,1526.5467545989,0.00042825683107006,0,0
103.6,-0,3.5910285459338,0.19976961060531,3.5975331998658,3.5906222237631,3.5906608984688,0.17378174517355,-0.0081410232072301,0.042927905317559,0.01027526833326,15.685677526771,1526.5467545989,0.00040632217076597,0,0
103.7,-0,3.5910254,0.19976961060531,3.5975012341931,3.5906091625604,3.5906487809811,0.17378764740968,-0.00812625140658,0.042927905317559,0.01027526833326,15.685677526771,1526.5467545989,0.00041623743964125,0,0
103.8,-0,3.5911702922349,0.19976961060531,3.5974695757153,3.5905971389469,3.5906516929142,0.17379577267438,-0.0081255093016082,0.042927905317559,0.01027526833326,15.685677526771,1526.5467545989,0.00057315328798158,0,0
103.9,-0,3.5911829,0.19976961060531,3.5974382214802,3.590600055596,3.5906555319263,0.17380403329836,-0.0081256334028162,0.042927905317559,0.01027526833326,15.685677526771,1526.5467545989,0.00058284440397616,0,0
104,-0,3.5910741618388,0.19976961060531,3.597407168564,3.5906038938194,3.5906486548516,0.1738106967791,-0.0081157596735501,0.042927905317559,0.01027526833326,15.685677526771,1526.5467545989,0.00047026801930805,0,0
104.1,-0,3.5910285459432,0.19976961060531,3.5973764140709,3.590597079492,3.5906381472735,0.17381680901354,-0.0081025033435358,0.042927905317559,0.01027526833326,15.685677526771,1526.5467545989,0.00043146645119885,0,0
104.2,-0,3.59113413815,0.19976961060531,3.5973459551332,3.5905866561574,3.5906387664633,0.17382456294035,-0.0080996354907689,0.042927905317559,0.01027526833326,15.685677526771,1526.5467545989,0.00054748199259702,0,0
104.3,-0,3.5909262157063,0.19976961060531,3.5973157889103,3.5905872935723,3.5906195527502,0.17382936195567,-0.0080782635976369,0.042927905317559,0.01027526833326,15.685677526771,1526.5467545989,0.00033892213407283,0,0
104.4,-0,3.5909797000975,0.19976961060531,3.5972859125894,3.5905682156768,3.5906073814181,0.17383518710771,-0.0080634726182417,0.042927905317559,0.01027526833326,15.685677526771,1526.5467545989,0.00041148442065131,0,0
104.5,-0,3.5909135999063,0.19976961060531,3.5972563233845,3.5905561383408,3.5905901620692,0.17384024635697,-0.0080439780586703,0.042927905317559,0.01027526833326,15.685677526771,1526.5467545989,0.00035746156548822,0,0
104.6,-0,3.5909435460425,0.19976961060531,3.5972270185362,3.5905390428791,3.5905775440623,0.17384597013227,-0.0080287859949802,0.042927905317559,0.01027526833326,15.685677526771,1526.5467545989,0.00040450316337326,0,0
104.7,-0,3.5909467,0.19976961060531,3.5971979953118,3.5905265214172,3.590566514573,0.17385191441517,-0.0080150832837802,0.042927905317559,0.01027526833326,15.685677526771,1526.5467545989,0.000420178582754,0,0
104.8,-0,3.5909467,0.19976961060531,3.597169251005,3.5905155790082,3.5905566136407,0.17385801217777,-0.0080024401076636,0.042927905317559,0.01027526833326,15.685677526771,1526.5467545989,0.00043112099179066,0,0
104.9,-0,3.5909104539631,0.19976961060531,3.5971407829353,3.5905057584228,3.5905442778142,0.17386373494844,-0.007987530676256,0.042927905317559,0.01027526833326,15.685677526771,1526.5467545989,0.00040469554032807,0,0
105,-0,3.5910521001501,0.19976961060531,3.597112588448,3.5904935173453,3.5905466838594,0.17387163214215,-0.0079863852498778,0.042927905317559,0.01027526833326,15.685677526771,1526.5467545989,0.00055858280485133,0,0
105.1,-0,3.5909198998574,0.19976961060531,3.597084664914,3.5904959306695,3.5905362844799,0.17387762491038,-0.0079732908440269,0.042927905317559,0.01027526833326,15.685677526771,1526.5467545989,0.00042396918791221,0,0
105.2,-0,3.5909797000676,0.19976961060531,3.5970570097292,3.5904856145046,3.5905326420219,0.17388460729717,-0.0079665083151211,0.042927905317559,0.01027526833326,15.685677526771,1526.5467545989,0.00049408556300179,0,0
105.3,-0,3.5909135999362,0.19976961060531,3.597029620315,3.5904820151492,3.5905230937511,0.17389070515028,-0.0079542177598293,0.042927905317559,0.01027526833326,15.685677526771,1526.5467545989,0.00043158478694805,0,0
105.4,-0,3.5909435460275,0.19976961060531,3.5970024941171,3.5904725449845,3.5905173752215,0.17389735852957,-0.0079455071184055,0.042927905317559,0.01027526833326,15.685677526771,1526.5467545989,0.00047100104308839,0,0
105.5,-0,3.5909104539743,0.19976961060531,3.596975628606,3.5904668818107,3.5905091013116,0.17390362314946,-0.0079344159267992,0.042927905317559,0.01027526833326,15.685677526771,1526.5467545989,0.00044357216362778,0,0
105.6,-0,3.5908347159574,0.19976961060531,3.5969490212765,3.5904586783849,3.5904944698682,0.17390893287554,-0.0079173966300658,0.042927905317559,0.01027526833326,15.685677526771,1526.5467545989,0.00037603757250304,0,0
105.7,-0,3.5908284,0.19976961060531,3.5969226696474,3.5904441550986,3.5904807277309,0.17391435737656,-0.0079012150235491,0.042927905317559,0.01027526833326,15.685677526771,1526.5467545989,0.0003842449014031,0,0
105.8,-0,3.5907922459749,0.19976961060531,3.5968965712615,3.5904305157948,3.5904649454365,0.17391946298578,-0.0078831366697283,0.042927905317559,0.01027526833326,15.685677526771,1526.5467545989,0.00036173018009933,0,0
105.9,-0,3.5908616840314,0.19976961060531,3.5968707236849,3.5904148483877,3.5904573783719,0.17392576852294,-0.0078727339223871,0.042927905317559,0.01027526833326,15.685677526771,1526.5467545989,0.00044683564373083,0,0
106,-0,3.5908315699937,0.19976961060531,3.5968451245074,3.5904073474321,3.5904477250627,0.17393175373828,-0.0078603889834198,0.042927905317559,0.01027526833326,15.685677526771,1526.5467545989,0.0004242225616431,0,0
106.1,-0,3.5909372300384,0.19976961060531,3.5968197713418,3.5903977725746,3.5904491182572,0.17393936322253,-0.007858360093126,0.042927905317559,0.01027526833326,15.685677526771,1526.5467545989,0.00053945746379735,0,0
106.2,-0,3.5908378699673,0.19976961060531,3.5967946618239,3.5903991786626,3.5904409333668,0.17394555006817,-0.0078473928971708,0.042927905317559,0.01027526833326,15.685677526771,1526.5467545989,0.00043869130471297,0,0
106.3,-0,3.5907922459842,0.19976961060531,3.5967697936123,3.5903910634683,3.5904292480506,0.17395120678852,-0.0078331636796664,0.042927905317559,0.01027526833326,15.685677526771,1526.5467545989,0.00040118251588117,0,0
106.4,-0,3.5908616840126,0.19976961060531,3.5967451643879,3.5903794685783,3.5904253658441,0.17395800471527,-0.0078262243564679,0.042927905317559,0.01027526833326,15.685677526771,1526.5467545989,0.00048221543432758,0,0
106.5,-0,3.5907591699841,0.19976961060531,3.596720771854,3.590375630471,3.5904121357342,0.17396341049488,-0.0078105631966008,0.042927905317559,0.01027526833326,15.685677526771,1526.5467545989,0.00038353951312153,0,0
106.6,-0,3.5907497,0.19976961060531,3.596696613736,3.5903624998872,3.5903993535375,0.1739688667758,-0.0077953272388962,0.042927905317559,0.01027526833326,15.685677526771,1526.5467545989,0.00038720011282489,0,0
106.7,-0,3.5907859460032,0.19976961060531,3.5966726877812,3.5903498145145,3.5903913254141,0.1739750113512,-0.0077845358193996,0.042927905317559,0.01027526833326,15.685677526771,1526.5467545989,0.00043613148876132,0,0
106.8,-0,3.5908252540064,0.19976961060531,3.5966489917583,3.5903418549701,3.5903878647493,0.17398182051137,-0.0077780129860208,0.042927905317559,0.01027526833326,15.685677526771,1526.5467545989,0.00048339903627292,0,0
106.9,-0,3.5907559999959,0.19976961060531,3.5966255234578,3.5903384357577,3.5903781793696,0.17398770115072,-0.0077656830057265,0.042927905317559,0.01027526833326,15.685677526771,1526.5467545989,0.00041756423821449,0,0
107,-0,3.5907497,0.19976961060531,3.5966022806912,3.5903288287346,3.5903688870776,0.17399362718464,-0.0077537256985428,0.042927905317559,0.01027526833326,15.685677526771,1526.5467545989,0.00042087126540968,0,0
107.1,-0,3.5907135459992,0.19976961060531,3.596579261291,3.5903196124308,3.590357106827,0.17399917282346,-0.0077394515015101,0.042927905317559,0.01027526833326,15.685677526771,1526.5467545989,0.0003939335683727,0,0
107.2,-0,3.590674246001,0.19976961060531,3.5965564631107,3.5903079228922,3.5903427893125,0.17400432875043,-0.0077228152990621,0.042927905317559,0.01027526833326,15.685677526771,1526.5467545989,0.00036632310882068,0,0
107.3,-0,3.5907072539971,0.19976961060531,3.5965338840243,3.5902937111002,3.5903330718425,0.17401014813377,-0.0077104807761646,0.042927905317559,0.01027526833326,15.685677526771,1526.5467545989,0.0004135428969283,0,0
107.4,-0,3.5906742460048,0.19976961060531,3.5965115219263,3.5902840720157,3.5903212084926,0.17401563758306,-0.0076961487489254,0.042927905317559,0.01027526833326,15.685677526771,1526.5467545989,0.00039017398909325,0,0
107.5,-0,3.5906711,0.19976961060531,3.5964893747314,3.5902722997453,3.5903102572352,0.17402124728845,-0.0076826747334997,0.042927905317559,0.01027526833326,15.685677526771,1526.5467545989,0.00039880025474348,0,0
107.6,-0,3.5907072539915,0.19976961060531,3.5964674403744,3.5902614341147,3.5903038668628,0.17402751715518,-0.0076734647198566,0.042927905317559,0.01027526833326,15.685677526771,1526.5467545989,0.0004458198767372,0,0
107.7,-0,3.5906742460104,0.19976961060531,3.5964457168099,3.5902551022717,3.5902949959781,0.17403341069485,-0.0076619434330977,0.042927905317559,0.01027526833326,15.685677526771,1526.5467545989,0.00041914373870711,0,0
107.8,-0,3.5906711,0.19976961060531,3.596424202012,3.5902463046043,3.5902867361997,0.17403938252519,-0.0076509980443787,0.042927905317559,0.01027526833326,15.685677526771,1526.5467545989,0.00042479539570728,0,0
107.9,-0,3.5905622700628,0.19976961060531,3.5964028939746,3.5902381143835,3.5902689671695,0.17404393865205,-0.0076311800642095,0.042927905317559,0.01027526833326,15.685677526771,1526.5467545989,0.00032415567929522,0,0
108,-0,3.590588953984,0.19976961060531,3.5963817907106,3.5902204712958,3.5902555430523,0.17404911679284,-0.0076154272691374,0.042927905317559,0.01027526833326,15.685677526771,1526.5467545989,0.00036848268818135,0,0
108.1,-0,3.5905921,0.19976961060531,3.5963608902521,3.590207147287,3.5902437866139,0.17405452531757,-0.0076012385463563,0.042927905317559,0.01027526833326,15.685677526771,1526.5467545989,0.00038495271300754,0,0
108.2,-0,3.5906285299649,0.19976961060531,3.5963401906501,3.5901954810175,3.5902366980542,0.17406060839248,-0.0075914143481246,0.042927905317559,0.01027526833326,15.685677526771,1526.5467545989,0.00043304894738005,0,0
108.3,-0,3.590595270037,0.19976961060531,3.5963196899745,3.5901884548902,3.5902271749989,0.1740663218382,-0.0075793218814306,0.042927905317559,0.01027526833326,15.685677526771,1526.5467545989,0.00040681514679841,0,0
108.4,-0,3.5906647759325,0.19976961060531,3.5962993863133,3.5901790086821,3.5902252433095,0.17407314277627,-0.0075743227267793,0.042927905317559,0.01027526833326,15.685677526771,1526.5467545989,0.00048576725039684,0,0
108.5,-0,3.5906348540305,0.19976961060531,3.5962792777734,3.5901771087622,3.5902206762652,0.17407956898294,-0.0075668657331211,0.042927905317559,0.01027526833326,15.685677526771,1526.5467545989,0.00045774526828923,0,0
108.6,-0,3.5905591160698,0.19976961060531,3.5962593624796,3.5901725891068,3.5902093781318,0.17408499430641,-0.0075531277606357,0.042927905317559,0.01027526833326,15.685677526771,1526.5467545989,0.0003865269630392,0,0
108.7,-0,3.5906253839265,0.19976961060531,3.5962396385748,3.5901613782777,3.5902055415687,0.17409150585357,-0.0075463628694076,0.042927905317559,0.01027526833326,15.685677526771,1526.5467545989,0.00046400564875348,0,0
108.8,-0,3.5905229621082,0.19976961060531,3.5962201042196,3.5901575847052,3.5901923606969,0.17409663231567,-0.0075308765604519,0.042927905317559,0.01027526833326,15.685677526771,1526.5467545989,0.00036537740303233,0,0
108.9,-0,3.5904772540379,0.19976961060531,3.5962007575924,3.5901445022484,3.590176172967,0.17410130010956,-0.00751258966238,0.042927905317559,0.01027526833326,15.685677526771,1526.5467545989,0.00033275178954817,0,0
109,-0,3.5906190838407,0.19976961060531,3.5961815968893,3.590128430731,3.5901751301795,0.17410818157755,-0.0075084521885375,0.042927905317559,0.01027526833326,15.685677526771,1526.5467545989,0.00049065310971885,0,0
109.1,-0,3.5905591160885,0.19976961060531,3.5961626203234,3.590127414237,3.5901685027842,0.17411423506679,-0.0074991024598181,0.042927905317559,0.01027526833326,15.685677526771,1526.5467545989,0.00043170185155406,0,0
109.2,-0,3.5905166460384,0.19976961060531,3.5961438261251,3.5901208462589,3.5901585176885,0.17411978404215,-0.0074866219171823,0.042927905317559,0.01027526833326,15.685677526771,1526.5467545989,0.00039579977947346,0,0
109.3,-0,3.5905496539598,0.19976961060531,3.5961252125419,3.5901109404766,3.5901526963157,0.17412593345529,-0.0074780350726685,0.042927905317559,0.01027526833326,15.685677526771,1526.5467545989,0.00043871348315694,0,0
109.4,-0,3.5906616298529,0.19976961060531,3.596106777838,3.5901051736729,3.5901581359785,0.17413373174131,-0.0074799677440347,0.042927905317559,0.01027526833326,15.685677526771,1526.5467545989,0.00055645617999778,0,0
109.5,-0,3.5905622701527,0.19976961060531,3.5960885202944,3.5901106010536,3.590153589918,0.17414006028998,-0.0074725756522222,0.042927905317559,0.01027526833326,15.685677526771,1526.5467545989,0.00045166909907657,0,0
109.6,-0,3.5905528,0.19976961060531,3.5960704382085,3.5901061019696,3.5901486176673,0.17414631797061,-0.007464789240575,0.042927905317559,0.01027526833326,15.685677526771,1526.5467545989,0.00044669803043584,0,0
109.7,-0,3.5905889539523,0.19976961060531,3.5960525298941,3.5901011792013,3.5901476044533,0.17415314975797,-0.007460703682229,0.042927905317559,0.01027526833326,15.685677526771,1526.5467545989,0.00048777475102524,0,0
109.8,-0,3.590483546154,0.19976961060531,3.5960347936813,3.5901001919508,3.5901366786742,0.17415851798624,-0.0074473637405302,0.042927905317559,0.01027526833326,15.685677526771,1526.5467545989,0.0003833542031324,0,0
109.9,-0,3.5905103459434,0.19976961060531,3.5960172279162,3.5900893509466,3.5901294202,0.17416441216709,-0.0074374545759516,0.042927905317559,0.01027526833326,15.685677526771,1526.5467545989,0.00042099499676551,0,0
110,-0,3.5904411001119,0.19976961060531,3.5959998309607,3.5900821554448,3.5901163188776,0.17416943663246,-0.0074220936855797,0.042927905317559,0.01027526833326,15.685677526771,1526.5467545989,0.00035894466708308,0,0
110.1,-0,3.5904709539448,0.19976961060531,3.5959826011926,3.5900691517402,3.5901073942155,0.17417505992337,-0.007410640155891,0.042927905317559,0.01027526833326,15.685677526771,1526.5467545989,0.0004018022046024,0,0
110.2,-0,3.5904741,0.19976961060531,3.5959655370051,3.5900602998649,3.5900996842428,0.17418085000653,-0.0074003263068813,0.042927905317559,0.01027526833326,15.685677526771,1526.5467545989,0.00041380013506531,0,0
110.3,-0,3.5904741,0.19976961060531,3.595948636807,3.5900526554363,3.5900927673609,0.17418674591346,-0.0073907579583656,0.042927905317559,0.01027526833326,15.685677526771,1526.5467545989,0.0004214445636519,0,0
110.4,-0,3.5904741,0.19976961060531,3.5959318990223,3.590045799361,3.5900865637979,0.174192736577,-0.0073818603155082,0.042927905317559,0.01027526833326,15.685677526771,1526.5467545989,0.00042830063903621,0,0
110.5,-0,3.5904379460626,0.19976961060531,3.5959153220902,3.5900396523422,3.5900775607783,0.174198306456,-0.0073703524482941,0.042927905317559,0.01027526833326,15.685677526771,1526.5467545989,0.00039829372041655,0,0
110.6,-0,3.5905071998657,0.19976961060531,3.595898904465,3.5900307224547,3.5900760721536,0.17420496839674,-0.0073658678615121,0.042927905317559,0.01027526833326,15.685677526771,1526.5467545989,0.0004764774110444,0,0
110.7,-0,3.5904049462044,0.19976961060531,3.5958826446155,3.5900292623293,3.590065018774,0.17421022006401,-0.0073524527383583,0.042927905317559,0.01027526833326,15.685677526771,1526.5467545989,0.00037568387501441,0,0
110.8,-0,3.5904316539318,0.19976961060531,3.5958665410257,3.5900182942024,3.5900576364913,0.17421599728611,-0.0073424723631046,0.042927905317559,0.01027526833326,15.685677526771,1526.5467545989,0.00041335972933609,0,0
110.9,-0,3.5904348,0.19976961060531,3.5958505921938,3.5900109753446,3.5900513136231,0.17422191962725,-0.0073334861404758,0.042927905317559,0.01027526833326,15.685677526771,1526.5467545989,0.00042382465541779,0,0
111,-0,3.590398646072,0.19976961060531,3.5958347966325,3.5900047095835,3.5900422031744,0.17422742326405,-0.0073219006341512,0.042927905317559,0.01027526833326,15.685677526771,1526.5467545989,0.0003939364884773,0,0
111.1,-0,3.5905402076994,0.19976961060531,3.5958191528689,3.5899956727603,3.5900474997831,0.17423502942854,-0.0073237766509994,0.042927905317559,0.01027526833326,15.685677526771,1526.5467545989,0.00054453493913442,0,0
111.2,-0,3.5903718463891,0.19976961060531,3.5958036594443,3.590000957447,3.5900362573962,0.17424020907724,-0.007310204908213,0.042927905317559,0.01027526833326,15.685677526771,1526.5467545989,0.00037088894219162,0,0
111.3,-0,3.5903196700934,0.19976961060531,3.5957883149137,3.589989801308,3.5900211970753,0.17424481497346,-0.0072930732554498,0.042927905317559,0.01027526833326,15.685677526771,1526.5467545989,0.00032986878542163,0,0
111.4,-0,3.5903891758199,0.19976961060531,3.5957731178464,3.5899748498582,3.5900142839381,0.17425059901807,-0.0072835589575879,0.042927905317559,0.01027526833326,15.685677526771,1526.5467545989,0.00041432596176127,0,0
111.5,-0,3.5904316539187,0.19976961060531,3.5957580668252,3.589967997184,3.5900121263605,0.17425707048399,-0.0072784910769323,0.042927905317559,0.01027526833326,15.685677526771,1526.5467545989,0.00046365673470028,0,0
111.6,-0,3.5903986460832,0.19976961060531,3.5957431604466,3.5899658718126,3.5900070616777,0.17426310975042,-0.007270710456833,0.042927905317559,0.01027526833326,15.685677526771,1526.5467545989,0.00043277427059563,0,0
111.7,-0,3.590431653915,0.19976961060531,3.5957283973205,3.5899608565753,3.590005665304,0.17426967836028,-0.007266360093227,0.042927905317559,0.01027526833326,15.685677526771,1526.5467545989,0.00047079733965161,0,0
111.8,-0,3.5903986460869,0.19976961060531,3.5957137760702,3.5899594878481,3.5900012852554,0.17427580436411,-0.0072592251003531,0.042927905317559,0.01027526833326,15.685677526771,1526.5467545989,0.00043915823885632,0,0
111.9,-0,3.5903228241988,0.19976961060531,3.5956992953324,3.589955153142,3.5899901466465,0.17428093218073,-0.0072457804451936,0.042927905317559,0.01027526833326,15.685677526771,1526.5467545989,0.0003676710567686,0,0
112,-0,3.5903891757974,0.19976961060531,3.5956849537566,3.5899440999735,3.5899864605328,0.17428713835417,-0.0072393033339535,0.042927905317559,0.01027526833326,15.685677526771,1526.5467545989,0.00044507582392406,0,0
112.1,-0,3.5903955,0.19976961060531,3.5956707500055,3.5899404550216,3.5899837643745,0.1742934823245,-0.0072337542089866,0.042927905317559,0.01027526833326,15.685677526771,1526.5467545989,0.0004550449783931,0,0
112.2,-0,3.5903228242101,0.19976961060531,3.5956566827545,3.5899377941277,3.5899744397177,0.17429884916196,-0.007222016015052,0.042927905317559,0.01027526833326,15.685677526771,1526.5467545989,0.00038503008234736,0,0
112.3,-0,3.5904614835937,0.19976961060531,3.595642750692,3.5899285440667,3.5899792670368,0.17430627625263,-0.0072235032741007,0.042927905317559,0.01027526833326,15.685677526771,1526.5467545989,0.00053293952699107,0,0
112.4,-0,3.5902929625119,0.19976961060531,3.5956289525186,3.5899333619343,3.5899675871987,0.17431128671999,-0.0072095701631852,0.042927905317559,0.01027526833326,15.685677526771,1526.5467545989,0.00035960057759965,0,0
112.5,-0,3.5903860296787,0.19976961060531,3.5956152869478,3.5899217706407,3.5899659568236,0.17431775420362,-0.007205031275908,0.042927905317559,0.01027526833326,15.685677526771,1526.5467545989,0.00046425903805236,0,0
112.6,-0,3.5903228242251,0.19976961060531,3.5956017527051,3.58992016911,3.5899584920684,0.17432336242766,-0.0071950444288572,0.042927905317559,0.01027526833326,15.685677526771,1526.5467545989,0.00040265511507309,0,0
112.7,-0,3.5903165,0.19976961060531,3.5955883485286,3.5899127678209,3.5899511932619,0.17432898458134,-0.0071852172662023,0.042927905317559,0.01027526833326,15.685677526771,1526.5467545989,0.00040373217912659,0,0
112.8,-0,3.5902803461056,0.19976961060531,3.5955750731681,3.5899055314657,3.5899412046378,0.17433420305093,-0.0071728818279343,0.042927905317559,0.01027526833326,15.685677526771,1526.5467545989,0.00037481463989852,0,0
112.9,-0,3.5903133538926,0.19976961060531,3.5955619253859,3.5898956212328,3.5899353791206,0.17434001795234,-0.0071644412733953,0.042927905317559,0.01027526833326,15.685677526771,1526.5467545989,0.00041773265971567,0,0
113,-0,3.5902441922186,0.19976961060531,3.5955489039559,3.5898898493551,3.5899235740673,0.17434494951979,-0.0071504184295336,0.042927905317559,0.01027526833326,15.685677526771,1526.5467545989,0.0003543428635262,0,0
113.1,-0,3.5902740538888,0.19976961060531,3.5955360076637,3.5898781334164,3.5899158152659,0.17435045869595,-0.0071401820793817,0.042927905317559,0.01027526833326,15.685677526771,1526.5467545989,0.00039592047240156,0,0
113.2,-0,3.5903497837578,0.19976961060531,3.5955232353068,3.5898704396666,3.5899160613514,0.17435712743219,-0.0071374291467712,0.042927905317559,0.01027526833326,15.685677526771,1526.5467545989,0.00047934409113415,0,0
113.3,-0,3.5902111164811,0.19976961060531,3.5955105856942,3.5898707032469,3.5899031021321,0.17436186243358,-0.0071223405352857,0.042927905317559,0.01027526833326,15.685677526771,1526.5467545989,0.00034041323422329,0,0
113.4,-0,3.5901623461168,0.19976961060531,3.5954980576462,3.5898578399152,3.589886821322,0.1743660971797,-0.0071041553043599,0.042927905317559,0.01027526833326,15.685677526771,1526.5467545989,0.00030450620159828,0,0
113.5,-0,3.5903039075201,0.19976961060531,3.5954856499947,3.5898416746716,3.5898856676957,0.17437252419973,-0.0071001113629051,0.042927905317559,0.01027526833326,15.685677526771,1526.5467545989,0.0004622328484909,0,0
113.6,-0,3.5902803461205,0.19976961060531,3.5954733615826,3.5898405467444,3.5898824046323,0.17437863813896,-0.0070940987809215,0.042927905317559,0.01027526833326,15.685677526771,1526.5467545989,0.00043979937614758,0,0
113.7,-0,3.5902410461224,0.19976961060531,3.5954611912639,3.5898373218907,3.5898757463009,0.17438424951065,-0.0070849169421162,0.042927905317559,0.01027526833326,15.685677526771,1526.5467545989,0.00040372423163237,0,0
113.8,-0,3.5902379,0.19976961060531,3.5954491379038,3.5898307219096,3.5898694750128,0.174389907816,-0.0070761010399505,0.042927905317559,0.01027526833326,15.685677526771,1526.5467545989,0.00040717809042379,0,0
113.9,-0,3.5902740538739,0.19976961060531,3.5954372003783,3.5898245066462,3.5898672921942,0.17439615371724,-0.0070711093577391,0.042927905317559,0.01027526833326,15.685677526771,1526.5467545989,0.00044954722766866,0,0
114,-0,3.590241046128,0.19976961060531,3.5954253775742,3.5898223555496,3.5898622042952,0.17440196980346,-0.0070634058885475,0.042927905317559,0.01027526833326,15.685677526771,1526.5467545989,0.00041869057835742,0,0
114.1,-0,3.5902740538702,0.19976961060531,3.5954136683891,3.5898173166059,3.5898607864022,0.17440831320206,-0.0070591352859887,0.042927905317559,0.01027526833326,15.685677526771,1526.5467545989,0.00045673726425921,0,0
114.2,-0,3.5901686464006,0.19976961060531,3.5954020717309,3.5898159258524,3.5898494958732,0.17441321103846,-0.0070456421358428,0.042927905317559,0.01027526833326,15.685677526771,1526.5467545989,0.00035272054821522,0,0
114.3,-0,3.5901953538664,0.19976961060531,3.5953905865184,3.5898047210719,3.5898418993476,0.17441863429589,-0.0070356067002435,0.042927905317559,0.01027526833326,15.685677526771,1526.5467545989,0.00039063279451224,0,0
114.4,-0,3.5901985,0.19976961060531,3.5953792116805,3.5897971883211,3.5898353829271,0.17442420475993,-0.0070265851690387,0.042927905317559,0.01027526833326,15.685677526771,1526.5467545989,0.00040131167889879,0,0
114.5,-0,3.5902347458573,0.19976961060531,3.5953679461564,3.5897907292321,3.5898329882266,0.17443036683397,-0.0070214193031303,0.042927905317559,0.01027526833326,15.685677526771,1526.5467545989,0.00044401662517268,0,0
114.6,-0,3.5901292544284,0.19976961060531,3.5953567888958,3.5897883673605,3.5898208110434,0.17443509678192,-0.0070071150002846,0.042927905317559,0.01027526833326,15.685677526771,1526.5467545989,0.00034088706790847,0,0
114.7,-0,3.5901921997125,0.19976961060531,3.5953457388581,3.5897762810806,3.5898158658109,0.17444086673677,-0.0069995749435014,0.042927905317559,0.01027526833326,15.685677526771,1526.5467545989,0.00041591863188328,0,0
114.8,-0,3.5902347458516,0.19976961060531,3.5953347950129,3.5897713837649,3.5898154838578,0.17444729365519,-0.0069963027209401,0.042927905317559,0.01027526833326,15.685677526771,1526.5467545989,0.00046336208670406,0,0
114.9,-0,3.5901292544452,0.19976961060531,3.5953239563397,3.5897710226067,3.5898051169935,0.17445226146288,-0.0069837017683823,0.042927905317559,0.01027526833326,15.685677526771,1526.5467545989,0.00035823183854822,0,0
115,-0,3.5903007532558,0.19976961060531,3.5953132218277,3.5897607358209,3.589812131449,0.17445974878858,-0.0069873490753974,0.042927905317559,0.01027526833326,15.685677526771,1526.5467545989,0.00054001743488064,0,0
115.1,-0,3.5901717925995,0.19976961060531,3.5953025904761,3.5897677270979,3.5898061836074,0.17446535009222,-0.0069788822541798,0.042927905317559,0.01027526833326,15.685677526771,1526.5467545989,0.00040406550152206,0,0
115.2,-0,3.5902315996938,0.19976961060531,3.5952920612933,3.5897618330627,3.5898065425767,0.17447186094622,-0.0069763132070932,0.042927905317559,0.01027526833326,15.685677526771,1526.5467545989,0.00046976663102161,0,0
115.3,-0,3.5902016541577,0.19976961060531,3.5952816332975,3.5897622083582,3.5898040320916,0.17447795041779,-0.0069710642067612,0.042927905317559,0.01027526833326,15.685677526771,1526.5467545989,0.0004394457994823,0,0
115.4,-0,3.5902347458404,0.19976961060531,3.5952713055164,3.5897597312303,3.5898049401513,0.1744845315377,-0.0069690126505941,0.042927905317559,0.01027526833326,15.685677526771,1526.5467545989,0.00047501461011867,0,0
115.5,-0,3.5900929166458,0.19976961060531,3.5952610769867,3.5897606523276,3.589792275146,0.17448913405189,-0.0069542778343619,0.042927905317559,0.01027526833326,15.685677526771,1526.5467545989,0.00033226431825595,0,0
115.6,-0,3.5901166378312,0.19976961060531,3.5952509467548,3.5897480809615,3.5897831578511,0.17449423833303,-0.00694286507732,0.042927905317559,0.01027526833326,15.685677526771,1526.5467545989,0.0003685568696592,0,0
115.7,-0,3.5902645993502,0.19976961060531,3.5952409138759,3.5897390361943,3.5897890559046,0.17450151569003,-0.0069454904080061,0.042927905317559,0.01027526833326,15.685677526771,1526.5467545989,0.00052556315594421,0,0
115.8,-0,3.5900960628299,0.19976961060531,3.5952309774144,3.5897449175639,3.5897783372814,0.17450637701136,-0.0069325855848772,0.042927905317559,0.01027526833326,15.685677526771,1526.5467545989,0.00035114526604341,0,0
115.9,-0,3.5901528836566,0.19976961060531,3.5952211364439,3.5897342809504,3.5897741207994,0.17451217114266,-0.006925763406129,0.042927905317559,0.01027526833326,15.685677526771,1526.5467545989,0.00041860270625804,0,0
116,-0,3.5901229541708,0.19976961060531,3.5952113900465,3.5897301078231,3.5897674963254,0.17451760774866,-0.0069166940191617,0.042927905317559,0.01027526833326,15.685677526771,1526.5467545989,0.00039284634773473,0,0
116.1,-0,3.5900834621782,0.19976961060531,3.5952017373135,3.5897235409847,3.5897577958659,0.17452258777281,-0.0069047539775606,0.042927905317559,0.01027526833326,15.685677526771,1526.5467545989,0.0003599211934735,0,0
116.2,-0,3.5901528836453,0.19976961060531,3.5951921773447,3.5897139164038,3.5897556943277,0.17452866037842,-0.0068999215089485,0.042927905317559,0.01027526833326,15.685677526771,1526.5467545989,0.00043896724154768,0,0
116.3,-0,3.5902315996527,0.19976961060531,3.5951827092486,3.5897118455757,3.589761312208,0.17453584923557,-0.0069023064659489,0.042927905317559,0.01027526833326,15.685677526771,1526.5467545989,0.00051975407699745,0,0
116.4,-0,3.5900929167133,0.19976961060531,3.5951733321424,3.5897174482996,3.5897531827861,0.17454104147118,-0.0068918420276549,0.042927905317559,0.01027526833326,15.685677526771,1526.5467545989,0.00037546841362301,0,0
116.5,-0,3.5901528836341,0.19976961060531,3.5951640451515,3.5897093853789,3.5897515944457,0.17454717332766,-0.0068874961110271,0.042927905317559,0.01027526833326,15.685677526771,1526.5467545989,0.00044349825524659,0,0
116.6,-0,3.5900866163697,0.19976961060531,3.59515484741,3.5897078246566,3.5897438753815,0.17455240956912,-0.006877422240457,0.042927905317559,0.01027526833326,15.685677526771,1526.5467545989,0.00037879171303512,0,0
116.7,-0,3.5901528836266,0.19976961060531,3.5951457380602,3.5897001696116,3.5897432557101,0.1745586665138,-0.006873988738984,0.042927905317559,0.01027526833326,15.685677526771,1526.5467545989,0.00045271401508007,0,0
116.8,-0,3.5901229541858,0.19976961060531,3.5951367162526,3.5896995717599,3.5897398662585,0.1745645169794,-0.0068679682563281,0.042927905317559,0.01027526833326,15.685677526771,1526.5467545989,0.00042338242591811,0,0
116.9,-0,3.5900472163809,0.19976961060531,3.5951277811459,3.5896962205682,3.5897296258057,0.17456936627675,-0.0068555470109462,0.042927905317559,0.01027526833326,15.685677526771,1526.5467545989,0.0003509958126271,0,0
117,-0,3.5901497294258,0.19976961060531,3.5951189319069,3.589686059052,3.5897301878069,0.17457577107643,-0.0068532286898006,0.042927905317559,0.01027526833326,15.685677526771,1526.5467545989,0.00046367037381456,0,0
117.1,-0,3.5900503705798,0.19976961060531,3.5951101677105,3.5896866357861,3.5897212533794,0.17458079450721,-0.0068420351596259,0.042927905317559,0.01027526833326,15.685677526771,1526.5467545989,0.00036373479370022,0,0
117.2,-0,3.5900409,0.19976961060531,3.5951014877392,3.589677772493,3.5897123322653,0.17458580862054,-0.006830859133112,0.042927905317559,0.01027526833326,15.685677526771,1526.5467545989,0.00036312750697265,0,0
117.3,-0,3.5900771458049,0.19976961060531,3.5950928911838,3.5896689224022,3.5897077740392,0.17459144437892,-0.0068237664326014,0.042927905317559,0.01027526833326,15.685677526771,1526.5467545989,0.00040822340261837,0,0
117.4,-0,3.5901528836004,0.19976961060531,3.5950843772426,3.58966440925,3.5897108985372,0.17459818679809,-0.0068238587763229,0.042927905317559,0.01027526833326,15.685677526771,1526.5467545989,0.00048847435037169,0,0
117.5,-0,3.5901953538067,0.19976961060531,3.5950759451216,3.5896675331611,3.5897177670959,0.17460547096559,-0.0068274515493989,0.042927905317559,0.01027526833326,15.685677526771,1526.5467545989,0.00052782064555412,0,0
117.6,-0,3.5900173629983,0.19976961060531,3.5950675940346,3.5896743788879,3.5897070214714,0.17461020342791,-0.006814577674607,0.042927905317559,0.01027526833326,15.685677526771,1526.5467545989,0.00034298411040723,0,0
117.7,-0,3.590037753803,0.19976961060531,3.5950593232028,3.5896637150764,3.5896993131744,0.17461536342428,-0.0068045488595674,0.042927905317559,0.01027526833326,15.685677526771,1526.5467545989,0.00037403872654096,0,0
117.8,-0,3.5900409,0.19976961060531,3.5950511318549,3.5896560705121,3.5896926955656,0.17462067130164,-0.0067955442287916,0.042927905317559,0.01027526833326,15.685677526771,1526.5467545989,0.00038482948786145,0,0
117.9,-0,3.5900409,0.19976961060531,3.5950430192271,3.5896495101275,3.5896867595213,0.17462606866777,-0.0067871809181699,0.042927905317559,0.01027526833326,15.685677526771,1526.5467545989,0.00039138987251697,0,0
118,-0,3.5900771457917,0.19976961060531,3.5950349845628,3.5896436272317,3.5896848860725,0.17463204589543,-0.0067826194317806,0.042927905317559,0.01027526833326,15.685677526771,1526.5467545989,0.00043351856005502,0,0
118.1,-0,3.5900440542101,0.19976961060531,3.5950270271129,3.589641782771,3.5896800677336,0.17463759127344,-0.0067753072637044,0.042927905317559,0.01027526833326,15.685677526771,1526.5467545989,0.00040227143911586,0,0
118.2,-0,3.5900047462064,0.19976961060531,3.5950191461352,3.5896370109007,3.5896720089676,0.17464265963031,-0.0067649691911836,0.042927905317559,0.01027526833326,15.685677526771,1526.5467545989,0.00036773530573209,0,0
118.3,-0,3.5900377537918,0.19976961060531,3.595011340895,3.5896290178327,3.589667917983,0.17464829204544,-0.0067583452356312,0.042927905317559,0.01027526833326,15.685677526771,1526.5467545989,0.00040873595903745,0,0
118.4,-0,3.5900409,0.19976961060531,3.5950036106642,3.5896249689431,3.5896645538368,0.17465402255389,-0.0067524040047189,0.042927905317559,0.01027526833326,15.685677526771,1526.5467545989,0.00041593105692295,0,0
118.5,-0,3.5900409,0.19976961060531,3.5949959547221,3.5896216425532,3.589661543998,0.1746597978285,-0.006746796949236,0.042927905317559,0.01027526833326,15.685677526771,1526.5467545989,0.00041925744676874,0,0
118.6,-0,3.5899323466472,0.19976961060531,3.5949883723548,3.5896186683471,3.5896485216243,0.1746641179546,-0.0067318317582124,0.042927905317559,0.01027526833326,15.685677526771,1526.5467545989,0.00031367830012519,0,0
118.7,-0,3.589995299563,0.19976961060531,3.5949808628552,3.5896057410766,3.58964281597,0.17466948215211,-0.0067237137539914,0.042927905317559,0.01027526833326,15.685677526771,1526.5467545989,0.00038955848632494,0,0
118.8,-0,3.5900739995592,0.19976961060531,3.594973425523,3.589600087012,3.5896451899831,0.17467600670096,-0.0067231535918943,0.042927905317559,0.01027526833326,15.685677526771,1526.5467545989,0.00047391254723017,0,0
118.9,-0,3.5900440542251,0.19976961060531,3.5949660596646,3.5896024645848,3.5896444913074,0.1746820851306,-0.006719721366794,0.042927905317559,0.01027526833326,15.685677526771,1526.5467545989,0.00044158964028718,0,0
119,-0,3.5900409,0.19976961060531,3.5949587645933,3.5896017877208,3.5896435786409,0.17468812835033,-0.0067160909851572,0.042927905317559,0.01027526833326,15.685677526771,1526.5467545989,0.00043911227915716,0,0
119.1,-0,3.5900409,0.19976961060531,3.5949515396286,3.5896008981253,3.5896427736808,0.17469418270227,-0.0067125633036244,0.042927905317559,0.01027526833326,15.685677526771,1526.5467545989,0.00044000187473436,0,0
119.2,-0,3.5899323466808,0.19976961060531,3.594944384097,3.5896001155834,3.5896317344312,0.1746987533084,-0.006699468592527,0.042927905317559,0.01027526833326,15.685677526771,1526.5467545989,0.00033223109738856,0,0
119.3,-0,3.5901040368428,0.19976961060531,3.5949372973311,3.5895891595502,3.5896381610307,0.17470583533713,-0.0067027103109171,0.042927905317559,0.01027526833326,15.685677526771,1526.5467545989,0.00051487729256161,0,0
119.4,-0,3.5899748169378,0.19976961060531,3.5949302786701,3.5895955655488,3.5896316593271,0.174711050905,-0.0066938630981098,0.042927905317559,0.01027526833326,15.685677526771,1526.5467545989,0.00037925138907413,0,0
119.5,-0,3.5899260462306,0.19976961060531,3.5949233274595,3.5895891200689,3.5896211856863,0.17471568355702,-0.0066813060929406,0.042927905317559,0.01027526833326,15.685677526771,1526.5467545989,0.00033692616172809,0,0
119.6,-0,3.5899952995293,0.19976961060531,3.594916443051,3.5895787262274,3.58961837192,0.1747214102902,-0.0066759169396557,0.042927905317559,0.01027526833326,15.685677526771,1526.5467545989,0.00041657330188505,0,0
119.7,-0,3.5898930467088,0.19976961060531,3.5949096248027,3.5895759467089,3.5896061254087,0.1747257687433,-0.0066617103748301,0.042927905317559,0.01027526833326,15.685677526771,1526.5467545989,0.0003170999998563,0,0
119.8,-0,3.5899559075275,0.19976961060531,3.5949028720788,3.5895637904798,3.5896011085959,0.17473115730085,-0.0066542702571064,0.042927905317559,0.01027526833326,15.685677526771,1526.5467545989,0.00039211704767705,0,0
119.9,-0,3.5899984457562,0.19976961060531,3.5948961842496,3.5895588209487,3.5896006603907,0.1747371976175,-0.006651105642371,0.042927905317559,0.01027526833326,15.685677526771,1526.5467545989,0.00043962480747783,0,0
