*******************************************
***COMSOL 6.3.0.290 progress output file***
*******************************************
Wed Sep 30 04:59:59 SGT 2026
<---- O: orbital transient, 3.0 orbits/解 4 (sol4) 中的“编译方程: 轨道热载荷” --------------
开始于 2026年9月30日 上午5:00:21。
几何形函数: 二次拉格朗日单元
几何形函数: 二次拉格朗日单元
几何形函数: 二次拉格朗日单元
几何形函数: 二次拉格朗日单元
几何形函数: 二次拉格朗日单元
几何形函数: 二次拉格朗日单元
在 AMD64 Family 25 Model 117 Stepping 2, AuthenticAMD 上运行。
在以下位置使用 1 个插槽： MarkLiu 上（共 2 个内核）。
可用内存：32.38 GB。
           当前进度:   0 % - 生成方程
Memory: 1153/1155 1165/1166
           当前进度:   0 % - 编译方程: 轨道热载荷
Memory: 1402/1413 1416/1429
           当前进度:   1 % - 编译方程: 轨道热载荷
Memory: 1425/1426 1438/1440
           当前进度:   1 % - 正在创建可视化网格
Memory: 1440/1445 1468/1471
时间：29。
物理内存: 1.45 GB
虚拟内存: 1.48 GB
结束时间：2026年9月30日 上午5:00:50。
----- O: orbital transient, 3.0 orbits/解 4 (sol4) 中的“编译方程: 轨道热载荷” ------------->
<---- O: orbital transient, 3.0 orbits/解 4 (sol4) 中的“因变量 1” --------------------
开始于 2026年9月30日 上午5:00:50。
           当前进度:   1 % - 因变量 1
Memory: 1469/1469 1482/1482
求解时间：1 s。
物理内存: 1.47 GB
虚拟内存: 1.48 GB
结束时间：2026年9月30日 上午5:00:51。
----- O: orbital transient, 3.0 orbits/解 4 (sol4) 中的“因变量 1” ------------------->
<---- O: orbital transient, 3.0 orbits/解 4 (sol4) 中的“瞬态求解器 1” ------------------
开始于 2026年9月30日 上午5:00:51。
瞬态求解器 (BDF)
           当前进度:   2 % - 瞬态求解器 1
Memory: 1476/1476 1489/1489
求解的自由度数：60（加上 45648 个内部自由度）。
           当前进度:   2 % - 组装稀疏模式
Memory: 1575/1575 1589/1589
找到对称矩阵。
           当前进度:   2 % - 组装矩阵
Memory: 1604/1604 1618/1618
缩放因变量：
形函数 (comp1.otl2.ds_hrs.storeGextd_band): 1
形函数 (comp1.otl2.ds_hrs.storeGextu_band): 1
形函数 (comp1.otl3.ds_pvr.storeGextd_band): 1
形函数 (comp1.otl3.ds_pvr.storeGextu_band): 1
形函数 (comp1.otl3.ds_rsa.storeGextd_band): 1
形函数 (comp1.otl3.ds_rsa.storeGextu_band): 1
形函数 (comp1.otl4.ds_saw.storeGextd_band): 1
形函数 (comp1.otl4.ds_saw.storeGextu_band): 1
形函数 (comp1.otl.ds_box.storeGextd_band): 1
形函数 (comp1.otl.ds_box.storeGextu_band): 1
形函数 (comp1.otl.ds_payload.storeGextd_band): 1
形函数 (comp1.otl.ds_payload.storeGextu_band): 1
形函数 (comp1.otl.ds_skin_rus.storeGextd_band): 1
形函数 (comp1.otl.ds_skin_rus.storeGextu_band): 1
形函数 (comp1.otl.ds_skin_usos.storeGextd_band): 1
形函数 (comp1.otl.ds_skin_usos.storeGextu_band): 1
形函数 (comp1.otl.ds_truss.storeGextd_band): 1
形函数 (comp1.otl.ds_truss.storeGextu_band): 1
指示器状态的比例：
comp1.otl2.inEclipse_event: 4e+05
comp1.otl2.outEclipse_event: 4e+05
comp1.otl3.inEclipse_event: 4e+05
comp1.otl3.outEclipse_event: 4e+05
comp1.otl4.inEclipse_event: 4e+05
comp1.otl4.outEclipse_event: 4e+05
comp1.otl.inEclipse_event: 4e+05
comp1.otl.outEclipse_event: 4e+05
Step        Time    Stepsize      Res  Jac  Sol Order Tfail NLfail   LinErr   LinRes
   0           0           - out    2    3    2                  0        0        0
指示器状态的比例：
comp1.otl2.inEclipse_event: 4e+05
comp1.otl2.outEclipse_event: 4e+05
comp1.otl3.inEclipse_event: 4e+05
comp1.otl3.outEclipse_event: 4e+05
comp1.otl4.inEclipse_event: 4e+05
comp1.otl4.outEclipse_event: 4e+05
comp1.otl.inEclipse_event: 4e+05
comp1.otl.outEclipse_event: 4e+05
           当前进度:   2 % - 约束处理
Memory: 1646/1648 1663/1665
           当前进度:   2 % - 组装矩阵
Memory: 1654/1679 1661/1691
           当前进度:   2 % - 
Memory: 1692/1708 1698/1715
   1         120         120 out    3    4    3     1     0      0        0        0
           当前进度:   3 % - 组装矩阵
Memory: 1686/1715 1693/1735
           当前进度:   3 % - 
Memory: 1722/1730 1729/1738
   2         240         120 out    4    5    4     1     0      0        0        0
   3         360         120 out    5    6    5     2     0      0        0        0
   4         480         120 out    6    7    6     2     0      0        0        0
           当前进度:   4 % - 
Memory: 1738/1749 1753/1764
   5         600         120 out    7    8    7     2     0      0        0        0
   6         720         120 out    8    9    8     2     0      0        0        0
   7         840         120 out    9   10    9     2     0      0        0        0
           当前进度:   5 % - 
Memory: 1754/1754 1771/1771
   8         960         120 out   10   11   10     2     0      0        0        0
   9        1080         120 out   11   12   11     2     0      0        0        0
  10        1200         120 out   12   13   12     2     0      0        0        0
           当前进度:   6 % - 组装矩阵
Memory: 1722/1755 1734/1775
           当前进度:   6 % - 
Memory: 1739/1756 1751/1775
  11        1320         120 out   13   14   13     2     0      0        0        0
  12        1440         120 out   14   15   14     2     0      0        0        0
  13        1560         120 out   15   16   15     2     0      0        0        0
           当前进度:   7 % - 
Memory: 1723/1756 1734/1775
  14        1680         120 out   16   17   16     2     0      0        0        0
           当前进度:   7 % - 组装矩阵
Memory: 1724/1757 1735/1775
           当前进度:   7 % - 
Memory: 1740/1757 1751/1775
  15        1800         120 out   17   18   17     2     0      0        0        0
           当前进度:   8 % - 
Memory: 1741/1757 1752/1775
  16        1920         120 out   18   19   18     2     0      0        0        0
  17        2040         120 out   19   20   19     2     0      0        0        0
           当前进度:   8 % - 组装矩阵
Memory: 1726/1759 1737/1777
           当前进度:   8 % - 
Memory: 1743/1760 1754/1777
  18        2160         120 out   20   21   20     2     0      0        0        0
           当前进度:   9 % - 组装矩阵
Memory: 1727/1760 1736/1777
           当前进度:   9 % - 
Memory: 1743/1760 1753/1777
  19        2280         120 out   21   22   21     2     0      0        0        0
  20        2400         120 out   22   23   22     2     0      0        0        0
  21        2520         120 out   23   24   23     2     0      0        0        0
-          当前进度:  10 % - 组装矩阵
Memory: 1728/1761 1740/1782
-          当前进度:  10 % - 
Memory: 1745/1761 1757/1782
  22        2640         120 out   24   25   24     2     0      0        0        0
  23        2760         120 out   25   26   25     2     0      0        0        0
-          当前进度:  10 % - 组装矩阵
Memory: 1728/1762 1736/1782
-          当前进度:  10 % - 
Memory: 1741/1762 1749/1782
  24        2880         120 out   26   27   26     2     0      0        0        0
-          当前进度:  11 % - 
Memory: 1741/1762 1745/1782
  25        3000         120 out   27   28   27     2     0      0        0        0
  26        3120         120 out   28   29   28     2     0      0        0        0
  27        3240         120 out   29   30   29     2     0      0        0        0
-          当前进度:  12 % - 组装矩阵
Memory: 1725/1762 1740/1782
-          当前进度:  12 % - 
Memory: 1742/1762 1757/1782
  28        3360         120 out   30   31   30     2     0      0        0        0
  29        3480         120 out   31   32   31     2     0      0        0        0
  30        3600         120 out   32   33   32     2     0      0        0        0
-          当前进度:  13 % - 
  31        3720         120 out   33   34   33     2     0      0        0        0
  32        3840         120 out   34   35   34     2     0      0        0        0
  33        3960         120 out   35   36   35     2     0      0        0        0
-          当前进度:  14 % - 
Memory: 1758/1762 1773/1782
  34        4080         120 out   36   37   36     2     0      0        0        0
  35        4200         120 out   37   38   37     2     0      0        0        0
  36        4320         120 out   38   39   38     2     0      0        0        0
-          当前进度:  15 % - 组装矩阵
Memory: 1726/1762 1740/1782
-          当前进度:  15 % - 
Memory: 1742/1762 1757/1782
  37        4440         120 out   39   40   39     2     0      0        0        0
  38        4560         120 out   40   41   40     2     0      0        0        0
-          当前进度:  16 % - 
Memory: 1742/1762 1753/1782
  39        4680         120 out   41   42   41     2     0      0        0        0
  40        4800         120 out   42   43   42     2     0      0        0        0
  41        4920         120 out   43   44   43     2     0      0        0        0
-          当前进度:  17 % - 
Memory: 1744/1762 1749/1782
  42        5040         120 out   44   45   44     2     0      0        0        0
  43        5160         120 out   45   46   45     2     0      0        0        0
  44        5280         120 out   46   47   46     2     0      0        0        0
-          当前进度:  18 % - 
Memory: 1747/1764 1763/1784
  45        5400         120 out   47   48   47     2     0      0        0        0
  46        5520         120 out   48   49   48     2     0      0        0        0
  47        5640         120 out   49   50   49     2     0      0        0        0
-          当前进度:  19 % - 
Memory: 1760/1764 1772/1784
  48        5760         120 out   50   51   50     2     0      0        0        0
  49        5880         120 out   51   52   51     2     0      0        0        0
  50        6000         120 out   52   53   52     2     0      0        0        0
--         当前进度:  20 % - 
Memory: 1744/1764 1755/1784
  51        6120         120 out   53   54   53     2     0      0        0        0
  52        6240         120 out   54   55   54     2     0      0        0        0
  53        6360         120 out   55   56   55     2     0      0        0        0
--         当前进度:  21 % - 组装矩阵
Memory: 1727/1764 1734/1784
--         当前进度:  21 % - 
Memory: 1743/1764 1751/1784
  54        6480         120 out   56   57   56     2     0      0        0        0
  55        6600         120 out   57   58   57     2     0      0        0        0
  56        6720         120 out   58   59   58     2     0      0        0        0
--         当前进度:  22 % - 
Memory: 1744/1764 1775/1796
  57        6840         120 out   59   60   59     2     0      0        0        0
--         当前进度:  22 % - 组装矩阵
Memory: 1727/1764 1758/1796
--         当前进度:  22 % - 
Memory: 1745/1764 1776/1796
  58        6960         120 out   60   61   60     2     0      0        0        0
  59        7080         120 out   61   62   61     2     0      0        0        0
--         当前进度:  23 % - 
Memory: 1745/1764 1772/1796
  60        7200         120 out   62   63   62     2     0      0        0        0
--         当前进度:  23 % - 组装矩阵
Memory: 1729/1764 1748/1796
--         当前进度:  23 % - 
Memory: 1744/1764 1763/1796
  61        7320         120 out   63   64   63     2     0      0        0        0
  62        7440         120 out   64   65   64     2     0      0        0        0
--         当前进度:  24 % - 
Memory: 1730/1764 1737/1796
  63        7560         120 out   65   66   65     2     0      0        0        0
--         当前进度:  24 % - 组装矩阵
Memory: 1729/1764 1735/1796
--         当前进度:  24 % - 
Memory: 1744/1764 1751/1796
  64        7680         120 out   66   67   66     2     0      0        0        0
--         当前进度:  25 % - 
Memory: 1746/1764 1751/1796
  65        7800         120 out   67   68   67     2     0      0        0        0
  66        7920         120 out   68   69   68     2     0      0        0        0
--         当前进度:  25 % - 组装矩阵
Memory: 1730/1764 1750/1796
--         当前进度:  25 % - 
Memory: 1748/1764 1768/1796
  67        8040         120 out   69   70   69     2     0      0        0        0
--         当前进度:  26 % - 组装矩阵
Memory: 1731/1764 1750/1796
--         当前进度:  26 % - 
Memory: 1749/1764 1768/1796
  68        8160         120 out   70   71   70     2     0      0        0        0
  69        8280         120 out   71   72   71     2     0      0        0        0
  70        8400         120 out   72   73   72     2     0      0        0        0
--         当前进度:  27 % - 
Memory: 1744/1765 1759/1796
  71        8520         120 out   73   74   73     2     0      0        0        0
  72        8640         120 out   74   75   74     2     0      0        0        0
  73        8760         120 out   75   76   75     2     0      0        0        0
--         当前进度:  28 % - 
Memory: 1727/1765 1746/1796
  74        8880         120 out   76   77   76     2     0      0        0        0
  75        9000         120 out   77   78   77     2     0      0        0        0
  76        9120         120 out   78   79   78     2     0      0        0        0
--         当前进度:  29 % - 组装矩阵
Memory: 1727/1765 1742/1796
--         当前进度:  29 % - 
Memory: 1744/1765 1759/1796
  77        9240         120 out   79   80   79     2     0      0        0        0
  78        9360         120 out   80   81   80     2     0      0        0        0
  79        9480         120 out   81   82   81     2     0      0        0        0
---        当前进度:  30 % - 
  80        9600         120 out   82   83   82     2     0      0        0        0
  81        9720         120 out   83   84   83     2     0      0        0        0
  82        9840         120 out   84   85   84     2     0      0        0        0
---        当前进度:  31 % - 
Memory: 1744/1765 1755/1796
  83        9960         120 out   85   86   85     2     0      0        0        0
  84       10080         120 out   86   87   86     2     0      0        0        0
  85       10200         120 out   87   88   87     2     0      0        0        0
---        当前进度:  32 % - 
Memory: 1745/1765 1755/1796
  86       10320         120 out   88   89   88     2     0      0        0        0
  87       10440         120 out   89   90   89     2     0      0        0        0
---        当前进度:  33 % - 
Memory: 1747/1765 1756/1796
  88       10560         120 out   90   91   90     2     0      0        0        0
  89       10680         120 out   91   92   91     2     0      0        0        0
  90       10800         120 out   92   93   92     2     0      0        0        0
---        当前进度:  34 % - 
Memory: 1747/1765 1755/1796
  91       10920         120 out   93   94   93     2     0      0        0        0
---        当前进度:  34 % - 组装矩阵
Memory: 1731/1765 1738/1796
---        当前进度:  34 % - 
Memory: 1748/1765 1755/1796
  92       11040         120 out   94   95   94     2     0      0        0        0
  93       11160         120 out   95   96   95     2     0      0        0        0
---        当前进度:  35 % - 组装矩阵
Memory: 1727/1765 1734/1796
---        当前进度:  35 % - 
Memory: 1744/1765 1751/1796
  94       11280         120 out   96   97   96     2     0      0        0        0
---        当前进度:  35 % - 组装矩阵
Memory: 1727/1765 1730/1796
---        当前进度:  35 % - 
Memory: 1744/1765 1747/1796
  95       11400         120 out   97   98   97     2     0      0        0        0
  96       11520         120 out   98   99   98     2     0      0        0        0
---        当前进度:  36 % - 
Memory: 1727/1765 1739/1796
  97       11640         120 out   99  100   99     2     0      0        0        0
  98       11760         120 out  100  101  100     2     0      0        0        0
  99       11880         120 out  101  102  101     2     0      0        0        0
---        当前进度:  37 % - 组装矩阵
Memory: 1727/1765 1743/1796
---        当前进度:  37 % - 
Memory: 1744/1765 1759/1796
 100       12000         120 out  102  103  102     2     0      0        0        0
 101       12120         120 out  103  104  103     2     0      0        0        0
---        当前进度:  37 % - 组装矩阵
Memory: 1727/1765 1743/1796
---        当前进度:  37 % - 
Memory: 1744/1765 1759/1796
 102       12240         120 out  104  105  104     2     0      0        0        0
---        当前进度:  38 % - 
 103       12360         120 out  105  106  105     2     0      0        0        0
 104       12480         120 out  106  107  106     2     0      0        0        0
---        当前进度:  38 % - 组装矩阵
Memory: 1727/1765 1739/1796
---        当前进度:  38 % - 
Memory: 1744/1765 1755/1796
 105       12600         120 out  107  108  107     2     0      0        0        0
---        当前进度:  39 % - 
Memory: 1745/1765 1755/1796
 106       12720         120 out  108  109  108     2     0      0        0        0
---        当前进度:  39 % - 组装矩阵
Memory: 1729/1765 1740/1796
---        当前进度:  39 % - 
Memory: 1745/1765 1755/1796
 107       12840         120 out  109  110  109     2     0      0        0        0
---        当前进度:  39 % - 组装矩阵
Memory: 1729/1765 1740/1796
---        当前进度:  39 % - 
Memory: 1745/1765 1755/1796
 108       12960         120 out  110  111  110     2     0      0        0        0
----       当前进度:  40 % - 
Memory: 1744/1765 1751/1796
 109       13080         120 out  111  112  111     2     0      0        0        0
 110       13200         120 out  112  113  112     2     0      0        0        0
 111       13320         120 out  113  114  113     2     0      0        0        0
----       当前进度:  41 % - 组装矩阵
Memory: 1730/1765 1747/1796
----       当前进度:  41 % - 
Memory: 1747/1765 1764/1796
 112       13440         120 out  114  115  114     2     0      0        0        0
 113       13560         120 out  115  116  115     2     0      0        0        0
----       当前进度:  42 % - 
Memory: 1747/1765 1752/1796
 114       13680         120 out  116  117  116     2     0      0        0        0
 115       13800         120 out  117  118  117     2     0      0        0        0
 116       13920         120 out  118  119  118     2     0      0        0        0
----       当前进度:  43 % - 
Memory: 1748/1768 1763/1796
 117       14040         120 out  119  120  119     2     0      0        0        0
 118       14160         120 out  120  121  120     2     0      0        0        0
 119       14280         120 out  121  122  121     2     0      0        0        0
----       当前进度:  44 % - 
Memory: 1730/1768 1742/1796
 120       14400         120 out  122  123  122     2     0      0        0        0
 121       14520         120 out  123  124  123     2     0      0        0        0
 122       14640         120 out  124  125  124     2     0      0        0        0
----       当前进度:  45 % - 
 123       14760         120 out  125  126  125     2     0      0        0        0
----       当前进度:  45 % - 组装矩阵
Memory: 1735/1768 1754/1796
----       当前进度:  45 % - 
Memory: 1751/1768 1767/1796
 124       14880         120 out  126  127  126     2     0      0        0        0
----       当前进度:  45 % - 组装矩阵
Memory: 1735/1768 1746/1796
----       当前进度:  45 % - 
Memory: 1751/1768 1763/1796
 125       15000         120 out  127  128  127     2     0      0        0        0
----       当前进度:  46 % - 
Memory: 1751/1768 1759/1796
 126       15120         120 out  128  129  128     2     0      0        0        0
 127       15240         120 out  129  130  129     2     0      0        0        0
 128       15360         120 out  130  131  130     2     0      0        0        0
----       当前进度:  47 % - 组装矩阵
Memory: 1735/1768 1746/1796
----       当前进度:  47 % - 
Memory: 1760/1769 1771/1796
 129       15480         120 out  131  132  131     2     0      0        0        0
----       当前进度:  47 % - 组装矩阵
Memory: 1736/1769 1743/1796
----       当前进度:  47 % - 
Memory: 1760/1770 1767/1796
 130       15600         120 out  132  133  132     2     0      0        0        0
 131       15720         120 out  133  134  133     2     0      0        0        0
----       当前进度:  48 % - 
Memory: 1752/1770 1767/1796
 132       15840         120 out  134  135  134     2     0      0        0        0
----       当前进度:  48 % - 组装矩阵
Memory: 1737/1770 1751/1796
----       当前进度:  48 % - 
Memory: 1753/1771 1767/1796
 133       15960         120 out  135  136  135     2     0      0        0        0
 134       16080         120 out  136  137  136     2     0      0        0        0
----       当前进度:  49 % - 
Memory: 1756/1771 1772/1796
 135       16200         120 out  137  138  137     2     0      0        0        0
----       当前进度:  49 % - 组装矩阵
Memory: 1738/1771 1754/1796
----       当前进度:  49 % - 
Memory: 1754/1771 1767/1796
 136       16320         120 out  138  139  138     2     0      0        0        0
-----      当前进度:  50 % - 
Memory: 1755/1771 1771/1796
 137       16440         120 out  139  140  139     2     0      0        0        0
 138       16560         120 out  140  141  140     2     0      0        0        0
时间步进已完成。
求解时间：1698 s。 （28 分钟，18 秒）
物理内存: 1.77 GB
虚拟内存: 1.8 GB
结束时间：2026年9月30日 上午5:29:09。
----- O: orbital transient, 3.0 orbits/解 4 (sol4) 中的“瞬态求解器 1” ----------------->
<---- O: orbital transient, 3.0 orbits/解 4 (sol4) 中的“编译方程: 轨道温度” ---------------
开始于 2026年9月30日 上午5:29:09。
几何形函数: 二次拉格朗日单元
几何形函数: 二次拉格朗日单元
几何形函数: 二次拉格朗日单元
几何形函数: 二次拉格朗日单元
几何形函数: 二次拉格朗日单元
几何形函数: 二次拉格朗日单元
-----      当前进度:  50 % - 生成方程
Memory: 1740/1772 1755/1796
-----      当前进度:  51 % - 编译方程: 轨道温度
Memory: 1961/1961 1982/1982
时间：25。
物理内存: 2.08 GB
虚拟内存: 2.1 GB
结束时间：2026年9月30日 上午5:29:33。
----- O: orbital transient, 3.0 orbits/解 4 (sol4) 中的“编译方程: 轨道温度” -------------->
<---- O: orbital transient, 3.0 orbits/解 4 (sol4) 中的“因变量 2” --------------------
开始于 2026年9月30日 上午5:29:33。
待求解变量的初始值: 解 4 (sol4), 解存储 2 (sol5), t=16560 s [自动（单一解）].
不求解变量的值: 解 4 (sol4), 解存储 2 (sol5), t=16560 s [自动（单一解）].
-----      当前进度:  51 % - 因变量 2
Memory: 2090/2090 2114/2114
求解时间：0 s。
物理内存: 2.09 GB
虚拟内存: 2.11 GB
结束时间：2026年9月30日 上午5:29:34。
----- O: orbital transient, 3.0 orbits/解 4 (sol4) 中的“因变量 2” ------------------->
<---- O: orbital transient, 3.0 orbits/解 4 (sol4) 中的“瞬态求解器 2” ------------------
开始于 2026年9月30日 上午5:29:34。
瞬态求解器 (BDF)
-----      当前进度:  52 % - 瞬态求解器 2
Memory: 2145/2145 2175/2175
求解的自由度数：82145（加上 30636 个内部自由度）。
-----      当前进度:  52 % - 组装稀疏模式
Memory: 2159/2160 2184/2184
-----      当前进度:  52 % - 组装矩阵
Memory: 2240/2240 2258/2258
找到对称矩阵。
缩放因变量：
温度 (comp1.T): 3e+02
已使用正交零空间函数。
-----      当前进度:  52 % - 约束处理
Memory: 2289/2295 2299/2307
-----      当前进度:  52 % - 组装稀疏模式
Memory: 2294/2295 2305/2307
-----      当前进度:  52 % - 组装矩阵
Memory: 2292/2307 2302/2318
找到非对称矩阵。
缩放因变量：
温度 (comp1.T2): 3e+02
collected heat Qc (W) (comp1.ODE1): 2e+04
NH3 panel outlet temperatures (K) (comp1.ODE2): 3e+02
radiator flow fractions (comp1.ODE3): 1
已使用正交零空间函数。
-----      当前进度:  52 % - 约束处理
Memory: 2295/2307 2321/2322
-----      当前进度:  52 % - 组装稀疏模式
Memory: 2299/2307 2326/2326
找到对称矩阵。
缩放因变量：
表面辐射度，上侧 (comp1.otl.ds_box.Ju_band): 5.6
表面辐射度，上侧 (comp1.otl.ds_payload.Ju_band): 1e+02
表面辐射度，下侧 (comp1.otl.ds_skin_rus.Jd_band): 1.3e+02
表面辐射度，上侧 (comp1.otl.ds_skin_rus.Ju_band): 1.3e+02
表面辐射度，下侧 (comp1.otl.ds_skin_usos.Jd_band): 66
表面辐射度，上侧 (comp1.otl.ds_skin_usos.Ju_band): 66
表面辐射度，上侧 (comp1.otl.ds_truss.Ju_band): 99
已使用正交零空间函数。
-----      当前进度:  52 % - 约束处理
Memory: 2304/2307 2332/2332
找到对称矩阵。
缩放因变量：
表面辐射度，下侧 (comp1.otl2.ds_hrs.Jd_band): 1.2e+02
表面辐射度，上侧 (comp1.otl2.ds_hrs.Ju_band): 1.2e+02
已使用正交零空间函数。
找到对称矩阵。
缩放因变量：
表面辐射度，下侧 (comp1.otl3.ds_pvr.Jd_band): 1.2e+02
表面辐射度，上侧 (comp1.otl3.ds_pvr.Ju_band): 1.2e+02
表面辐射度，下侧 (comp1.otl3.ds_rsa.Jd_band): 1.6e+02
表面辐射度，上侧 (comp1.otl3.ds_rsa.Ju_band): 1.7e+02
已使用正交零空间函数。
找到对称矩阵。
缩放因变量：
表面辐射度，下侧 (comp1.otl4.ds_saw.Jd_band): 1.6e+02
表面辐射度，上侧 (comp1.otl4.ds_saw.Ju_band): 1.7e+02
已使用正交零空间函数。
-----      当前进度:  52 % - 组装稀疏模式
Memory: 2310/2310 2337/2337
-----      当前进度:  52 % - 组装矩阵
Memory: 2343/2343 2369/2373
找到对称矩阵。
指示器状态的比例：
comp1.otl2.inEclipse_event: 4e+05
comp1.otl2.outEclipse_event: 4e+05
comp1.otl3.inEclipse_event: 4e+05
comp1.otl3.outEclipse_event: 4e+05
comp1.otl4.inEclipse_event: 4e+05
comp1.otl4.outEclipse_event: 4e+05
comp1.otl.inEclipse_event: 4e+05
comp1.otl.outEclipse_event: 4e+05
Step        Time    Stepsize      Res  Jac  Sol Order Tfail NLfail   LinErr   LinRes
-----      当前进度:  52 % - 约束处理
Memory: 2354/2357 2382/2386
-----      当前进度:  52 % - 组装矩阵
Memory: 2372/2372 2400/2400
-----      当前进度:  52 % - 约束处理
Memory: 2405/2421 2429/2445
-----      当前进度:  52 % - 组装稀疏模式
Memory: 2416/2421 2441/2445
-----      当前进度:  52 % - 组装矩阵
Memory: 2443/2450 2467/2474
-----      当前进度:  52 % - 矩阵分解
Memory: 2447/2456 2474/2482
-----      当前进度:  52 % - 求解线性方程组
Memory: 2505/2507 2543/2548
-----      当前进度:  52 % - 组装矩阵
Memory: 2542/2542 2576/2576
-----      当前进度:  52 % - 约束处理
Memory: 2684/2717 2741/2775
-----      当前进度:  52 % - 组装稀疏模式
-----      当前进度:  52 % - 组装矩阵
Memory: 2700/2717 2754/2775
-----      当前进度:  52 % - 矩阵分解
Memory: 2717/2717 2764/2775
-----      当前进度:  52 % - 组装矩阵
Memory: 2724/2724 2769/2775
-----      当前进度:  52 % - 求解线性方程组
Memory: 2818/2836 2855/2874
-----      当前进度:  52 % - 组装矩阵
Memory: 2822/2836 2860/2874
-----      当前进度:  52 % - 求解线性方程组
Memory: 2916/2919 2963/2966
-----      当前进度:  52 % - 组装矩阵
-----      当前进度:  52 % - 求解线性方程组
Memory: 2915/2919 2963/2966
-----      当前进度:  52 % - 组装矩阵
-----      当前进度:  52 % - 组装稀疏模式
Memory: 2914/2931 2962/2980
-----      当前进度:  52 % - 组装矩阵
Memory: 2928/2931 2976/2980
-----      当前进度:  52 % - 矩阵分解
Memory: 2922/2935 2971/2983
-----      当前进度:  52 % - 组装矩阵
Memory: 2927/2957 2973/3003
-----      当前进度:  52 % - 组装稀疏模式
Memory: 2929/2962 2973/3007
-----      当前进度:  52 % - 组装矩阵
-----      当前进度:  52 % - 矩阵分解
Memory: 2924/2962 2967/3007
-----      当前进度:  52 % - 组装矩阵
Memory: 2941/2966 2985/3010
   0           0           - out  150   18  150                  0
                   Group #1:       25    3   25                     5.8e-16  3.9e-16
                   Group #2:       25    3   25                     3.6e-16  1.7e-16
                   Group #3:       25    3   25                     3.6e-16  1.5e-16
                   Group #4:       25    3   25                     3.5e-16  1.3e-16
                   Group #5:       25    3   25                     3.3e-16  1.4e-16
                   Group #6:       25    3   25                     3.1e-16  1.2e-16
指示器状态的比例：
comp1.otl2.inEclipse_event: 4e+05
comp1.otl2.outEclipse_event: 4e+05
comp1.otl3.inEclipse_event: 4e+05
comp1.otl3.outEclipse_event: 4e+05
comp1.otl4.inEclipse_event: 4e+05
comp1.otl4.outEclipse_event: 4e+05
comp1.otl.inEclipse_event: 4e+05
comp1.otl.outEclipse_event: 4e+05
-----      当前进度:  52 % - 
Memory: 2964/2995 3009/3040
-----      当前进度:  52 % - 组装稀疏模式
-----      当前进度:  52 % - 组装矩阵
Memory: 2980/2995 3028/3040
-----      当前进度:  52 % - 组装稀疏模式
Memory: 2980/2997 3028/3044
-----      当前进度:  52 % - 组装矩阵
Memory: 2994/2997 3042/3044
-----      当前进度:  52 % - 矩阵分解
Memory: 2991/3008 3039/3056
-----      当前进度:  52 % - 组装矩阵
Memory: 2987/3019 3035/3068
-----      当前进度:  52 % - 组装稀疏模式
Memory: 2989/3022 3036/3070
-----      当前进度:  52 % - 组装矩阵
Memory: 2989/3022 3034/3070
-----      当前进度:  52 % - 矩阵分解
Memory: 2989/3022 3036/3070
-----      当前进度:  52 % - 组装矩阵
Memory: 3000/3025 3045/3070
-----      当前进度:  52 % - 求解线性方程组
Memory: 3000/3035 3053/3089
-----      当前进度:  52 % - 组装矩阵
Memory: 3000/3035 3049/3089
-----      当前进度:  52 % - 求解线性方程组
Memory: 3007/3040 3050/3089
-----      当前进度:  52 % - 组装矩阵
Memory: 3008/3041 3050/3089
-----      当前进度:  52 % - 求解线性方程组
Memory: 3009/3042 3051/3089
-----      当前进度:  52 % - 组装矩阵
-----      当前进度:  52 % - 求解线性方程组
Memory: 3025/3058 3068/3101
-----      当前进度:  52 % - 组装矩阵
   1         120         120 out  294   24  294     1     0      0
                   Group #1:       49    4   49                     5.4e-16  3.6e-16
                   Group #2:       49    4   49                     5.5e-15  3.5e-16
                   Group #3:       49    4   49                     4.9e-16  1.7e-16
                   Group #4:       49    4   49                     3.6e-16  1.4e-16
                   Group #5:       49    4   49                     3.8e-16  1.4e-16
                   Group #6:       49    4   49                     3.3e-16  1.3e-16
-----      当前进度:  52 % - 
Memory: 3045/3069 3089/3111
-----      当前进度:  52 % - 组装矩阵
Memory: 3058/3069 3101/3111
-----      当前进度:  52 % - 组装稀疏模式
Memory: 3059/3072 3103/3115
-----      当前进度:  52 % - 组装矩阵
Memory: 3099/3100 3143/3145
-----      当前进度:  52 % - 组装稀疏模式
Memory: 3108/3131 3150/3174
-----      当前进度:  52 % - 组装矩阵
Memory: 3114/3131 3159/3174
-----      当前进度:  52 % - 求解线性方程组
Memory: 3126/3159 3169/3202
-----      当前进度:  52 % - 组装矩阵
   2         240         120 out  360   30  360     1     0      0
                   Group #1:       60    5   60                       5e-16  3.6e-16
                   Group #2:       60    5   60                     3.3e-16  2.1e-16
                   Group #3:       60    5   60                     3.2e-16  1.3e-16
                   Group #4:       60    5   60                     3.9e-16  1.5e-16
                   Group #5:       60    5   60                     3.4e-16  1.3e-16
                   Group #6:       60    5   60                     3.3e-16  1.3e-16
-----      当前进度:  53 % - 组装矩阵
Memory: 3143/3176 3188/3220
-----      当前进度:  53 % - 组装稀疏模式
Memory: 3144/3176 3192/3220
-----      当前进度:  53 % - 组装矩阵
Memory: 3173/3176 3222/3222
-----      当前进度:  53 % - 求解线性方程组
Memory: 3157/3176 3206/3222
-----      当前进度:  53 % - 组装矩阵
Memory: 3155/3177 3204/3225
-----      当前进度:  53 % - 求解线性方程组
Memory: 3160/3190 3208/3239
-----      当前进度:  53 % - 组装矩阵
-----      当前进度:  53 % - 求解线性方程组
Memory: 3179/3212 3226/3259
-----      当前进度:  53 % - 组装矩阵
Memory: 3180/3212 3226/3259
-----      当前进度:  53 % - 求解线性方程组
Memory: 3189/3220 3236/3267
-----      当前进度:  53 % - 组装矩阵
   3         360         120 out  432   36  432     2     0      0
                   Group #1:       72    6   72                     5.1e-16  3.4e-16
                   Group #2:       72    6   72                     3.3e-16  1.9e-16
                   Group #3:       72    6   72                     3.7e-16  1.4e-16
                   Group #4:       72    6   72                     3.3e-16  1.3e-16
                   Group #5:       72    6   72                     3.2e-16  1.2e-16
                   Group #6:       72    6   72                     3.2e-16  1.3e-16
-----      当前进度:  53 % - 矩阵分解
Memory: 3202/3226 3248/3273
-----      当前进度:  53 % - 组装矩阵
Memory: 3197/3226 3243/3273
-----      当前进度:  53 % - 求解线性方程组
Memory: 3205/3238 3251/3284
-----      当前进度:  53 % - 组装矩阵
-----      当前进度:  53 % - 
Memory: 3209/3240 3255/3286
-----      当前进度:  53 % - 组装矩阵
Memory: 3209/3242 3255/3289
-----      当前进度:  53 % - 求解线性方程组
Memory: 3225/3255 3272/3302
-----      当前进度:  53 % - 组装矩阵
Memory: 3223/3255 3269/3302
   4         480         120 out  498   42  498     2     0      0
                   Group #1:       83    7   83                     5.1e-16  3.8e-16
                   Group #2:       83    7   83                     3.3e-16  1.9e-16
                   Group #3:       83    7   83                       3e-16  1.3e-16
                   Group #4:       83    7   83                     3.3e-16  1.4e-16
                   Group #5:       83    7   83                     3.5e-16  1.2e-16
                   Group #6:       83    7   83                     3.3e-16  1.3e-16
-----      当前进度:  54 % - 组装矩阵
Memory: 3227/3258 3274/3305
-----      当前进度:  54 % - 组装稀疏模式
Memory: 3226/3259 3272/3306
-----      当前进度:  54 % - 组装矩阵
-----      当前进度:  54 % - 求解线性方程组
Memory: 3226/3261 3272/3307
-----      当前进度:  54 % - 组装矩阵
Memory: 3227/3261 3274/3307
-----      当前进度:  54 % - 求解线性方程组
-----      当前进度:  54 % - 组装矩阵
-----      当前进度:  54 % - 求解线性方程组
Memory: 3229/3262 3275/3309
-----      当前进度:  54 % - 组装矩阵
   5         600         120 out  564   48  564     2     0      0
                   Group #1:       94    8   94                     4.9e-16  3.3e-16
                   Group #2:       94    8   94                     3.5e-16  1.9e-16
                   Group #3:       94    8   94                     3.1e-16  1.5e-16
                   Group #4:       94    8   94                     2.9e-16  1.6e-16
                   Group #5:       94    8   94                     3.1e-16  1.3e-16
                   Group #6:       94    8   94                     3.4e-16  1.3e-16
-----      当前进度:  54 % - 组装稀疏模式
Memory: 3255/3266 3304/3312
-----      当前进度:  54 % - 组装矩阵
Memory: 3249/3266 3297/3312
-----      当前进度:  54 % - 组装稀疏模式
Memory: 3233/3267 3280/3313
-----      当前进度:  54 % - 组装矩阵
Memory: 3235/3267 3281/3313
   6         720         120 out  636   54  636     2     0      0
                   Group #1:      106    9  106                     4.8e-16  3.2e-16
                   Group #2:      106    9  106                     3.3e-16  1.9e-16
                   Group #3:      106    9  106                     4.1e-16  1.7e-16
                   Group #4:      106    9  106                     3.2e-16  1.3e-16
                   Group #5:      106    9  106                     3.3e-16  1.2e-16
                   Group #6:      106    9  106                     3.1e-16  1.2e-16
   7         840         120 out  714   60  714     2     0      0
                   Group #1:      119   10  119                     6.7e-16  4.3e-16
                   Group #2:      119   10  119                     3.3e-16    2e-16
                   Group #3:      119   10  119                     3.2e-16  1.5e-16
                   Group #4:      119   10  119                     2.9e-16  2.2e-16
                   Group #5:      119   10  119                     3.3e-16  1.4e-16
                   Group #6:      119   10  119                     2.7e-16  1.1e-16
-----      当前进度:  55 % - 组装矩阵
Memory: 3263/3296 3310/3344
-----      当前进度:  55 % - 组装稀疏模式
Memory: 3264/3298 3311/3345
-----      当前进度:  55 % - 组装矩阵
Memory: 3266/3298 3315/3345
-----      当前进度:  55 % - 求解线性方程组
Memory: 3272/3303 3319/3350
-----      当前进度:  55 % - 组装矩阵
Memory: 3272/3305 3319/3353
-----      当前进度:  55 % - 求解线性方程组
Memory: 3286/3309 3334/3357
-----      当前进度:  55 % - 组装矩阵
Memory: 3278/3309 3326/3357
   8         960         120 out  792   66  792     2     0      0
                   Group #1:      132   11  132                       5e-16  3.3e-16
                   Group #2:      132   11  132                     3.2e-16  1.9e-16
                   Group #3:      132   11  132                     3.5e-16  1.5e-16
                   Group #4:      132   11  132                     2.8e-16  1.5e-16
                   Group #5:      132   11  132                     2.8e-16  1.4e-16
                   Group #6:      132   11  132                     3.2e-16  1.3e-16
-----      当前进度:  55 % - 矩阵分解
Memory: 3299/3322 3347/3370
-----      当前进度:  55 % - 组装矩阵
Memory: 3292/3322 3340/3370
-----      当前进度:  55 % - 组装稀疏模式
Memory: 3292/3326 3340/3374
-----      当前进度:  55 % - 组装矩阵
   9        1080         120 out  864   72  864     2     0      0
                   Group #1:      144   12  144                     4.4e-16  2.7e-16
                   Group #2:      144   12  144                     2.9e-16  1.9e-16
                   Group #3:      144   12  144                     3.4e-16  1.4e-16
                   Group #4:      144   12  144                     3.2e-16  1.3e-16
                   Group #5:      144   12  144                     3.6e-16  1.4e-16
                   Group #6:      144   12  144                       3e-16  1.3e-16
  10        1200         120 out  942   78  942     2     0      0
                   Group #1:      157   13  157                       5e-16  3.2e-16
                   Group #2:      157   13  157                     3.3e-16  2.3e-16
                   Group #3:      157   13  157                     3.9e-16  1.8e-16
                   Group #4:      157   13  157                       3e-16  1.6e-16
                   Group #5:      157   13  157                     3.4e-16  1.2e-16
                   Group #6:      157   13  157                     2.8e-16  1.4e-16
-----      当前进度:  56 % - 组装矩阵
Memory: 3308/3341 3356/3389
-----      当前进度:  56 % - 
-----      当前进度:  56 % - 组装矩阵
Memory: 3325/3341 3373/3389
-----      当前进度:  56 % - 组装稀疏模式
Memory: 3328/3341 3377/3389
-----      当前进度:  56 % - 组装矩阵
Memory: 3325/3341 3373/3389
-----      当前进度:  56 % - 矩阵分解
Memory: 3313/3342 3362/3390
-----      当前进度:  56 % - 组装矩阵
Memory: 3326/3346 3374/3394
  11        1320         120 out 1008   84 1008     2     0      0
                   Group #1:      168   14  168                     7.4e-16  4.8e-16
                   Group #2:      168   14  168                     2.9e-16  1.9e-16
                   Group #3:      168   14  168                     3.7e-16  1.5e-16
                   Group #4:      168   14  168                     3.1e-16  1.6e-16
                   Group #5:      168   14  168                     2.9e-16  1.2e-16
                   Group #6:      168   14  168                     2.9e-16  1.3e-16
-----      当前进度:  56 % - 求解线性方程组
Memory: 3319/3355 3367/3404
-----      当前进度:  56 % - 组装矩阵
-----      当前进度:  56 % - 求解线性方程组
Memory: 3328/3362 3377/3410
-----      当前进度:  56 % - 组装矩阵
-----      当前进度:  56 % - 求解线性方程组
Memory: 3335/3365 3383/3413
-----      当前进度:  56 % - 组装矩阵
  12        1440         120 out 1074   90 1074     2     0      0
                   Group #1:      179   15  179                     6.6e-16  4.3e-16
                   Group #2:      179   15  179                     3.3e-16  2.1e-16
                   Group #3:      179   15  179                     3.1e-16  1.5e-16
                   Group #4:      179   15  179                     2.8e-16  1.5e-16
                   Group #5:      179   15  179                     3.1e-16  1.2e-16
                   Group #6:      179   15  179                     2.9e-16  1.3e-16
-----      当前进度:  56 % - 组装稀疏模式
Memory: 3365/3377 3415/3426
-----      当前进度:  56 % - 组装矩阵
Memory: 3360/3377 3409/3426
-----      当前进度:  56 % - 组装稀疏模式
Memory: 3345/3378 3393/3427
-----      当前进度:  56 % - 组装矩阵
Memory: 3346/3378 3395/3427
-----      当前进度:  56 % - 求解线性方程组
Memory: 3350/3383 3398/3432
-----      当前进度:  56 % - 组装矩阵
  13        1560         120 out 1140   96 1140     2     0      0
                   Group #1:      190   16  190                     3.9e-16  2.9e-16
                   Group #2:      190   16  190                     3.3e-16  2.2e-16
                   Group #3:      190   16  190                     3.3e-16  1.5e-16
                   Group #4:      190   16  190                     2.6e-16  1.4e-16
                   Group #5:      190   16  190                     3.2e-16  1.3e-16
                   Group #6:      190   16  190                     3.1e-16  1.3e-16
-----      当前进度:  57 % - 组装矩阵
Memory: 3358/3386 3407/3435
-----      当前进度:  57 % - 求解线性方程组
Memory: 3357/3391 3406/3440
-----      当前进度:  57 % - 组装矩阵
Memory: 3382/3391 3431/3440
-----      当前进度:  57 % - 求解线性方程组
Memory: 3357/3391 3406/3440
-----      当前进度:  57 % - 组装矩阵
Memory: 3359/3391 3408/3440
  14        1680         120 out 1218  102 1218     2     0      0
                   Group #1:      203   17  203                     5.9e-16  4.1e-16
                   Group #2:      203   17  203                     3.2e-16  2.1e-16
                   Group #3:      203   17  203                     3.2e-16  1.4e-16
                   Group #4:      203   17  203                     2.7e-16    2e-16
                   Group #5:      203   17  203                     3.3e-16  1.2e-16
                   Group #6:      203   17  203                     3.3e-16  1.4e-16
-----      当前进度:  57 % - 
Memory: 3363/3396 3412/3445
-----      当前进度:  57 % - 组装矩阵
Memory: 3380/3396 3428/3445
-----      当前进度:  57 % - 组装稀疏模式
Memory: 3381/3396 3430/3445
-----      当前进度:  57 % - 组装矩阵
Memory: 3379/3396 3428/3445
-----      当前进度:  57 % - 求解线性方程组
Memory: 3370/3396 3419/3445
-----      当前进度:  57 % - 组装矩阵
Memory: 3363/3396 3412/3445
-----      当前进度:  57 % - 组装稀疏模式
Memory: 3363/3397 3412/3446
-----      当前进度:  57 % - 组装矩阵
Memory: 3366/3397 3416/3446
-----      当前进度:  57 % - 求解线性方程组
Memory: 3365/3400 3414/3450
-----      当前进度:  57 % - 组装矩阵
-----      当前进度:  57 % - 求解线性方程组
-----      当前进度:  57 % - 组装矩阵
-----      当前进度:  57 % - 求解线性方程组
Memory: 3367/3401 3416/3450
-----      当前进度:  57 % - 组装矩阵
-----      当前进度:  57 % - 求解线性方程组
Memory: 3368/3401 3417/3450
-----      当前进度:  57 % - 组装矩阵
-----      当前进度:  57 % - 求解线性方程组
Memory: 3374/3405 3423/3454
-----      当前进度:  57 % - 组装矩阵
Memory: 3374/3408 3423/3457
-----      当前进度:  57 % - 求解线性方程组
-----      当前进度:  57 % - 组装矩阵
-----      当前进度:  57 % - 求解线性方程组
Memory: 3385/3411 3435/3460
-----      当前进度:  57 % - 组装矩阵
Memory: 3378/3411 3427/3460
-----      当前进度:  57 % - 求解线性方程组
Memory: 3378/3411 3428/3461
-----      当前进度:  57 % - 组装矩阵
Memory: 3381/3412 3432/3461
-----      当前进度:  57 % - 求解线性方程组
Memory: 3379/3413 3428/3462
-----      当前进度:  57 % - 组装矩阵
Memory: 3380/3413 3429/3462
  15        1800         120 out 1290  108 1290     2     0      0
                   Group #1:      215   18  215                       5e-16  3.6e-16
                   Group #2:      215   18  215                     3.2e-16  1.9e-16
                   Group #3:      215   18  215                     2.8e-16  1.4e-16
                   Group #4:      215   18  215                     3.6e-16  1.4e-16
                   Group #5:      215   18  215                       3e-16  1.2e-16
                   Group #6:      215   18  215                     3.2e-16  1.4e-16
-----      当前进度:  57 % - 组装稀疏模式
Memory: 3401/3414 3450/3463
-----      当前进度:  57 % - 组装矩阵
Memory: 3398/3414 3447/3463
-----      当前进度:  57 % - 组装稀疏模式
Memory: 3384/3418 3433/3467
-----      当前进度:  57 % - 组装矩阵
Memory: 3387/3418 3438/3467
-----      当前进度:  57 % - 求解线性方程组
Memory: 3388/3418 3438/3467
-----      当前进度:  57 % - 组装矩阵
Memory: 3385/3418 3435/3468
-----      当前进度:  57 % - 求解线性方程组
Memory: 3390/3422 3439/3472
-----      当前进度:  57 % - 组装矩阵
-----      当前进度:  57 % - 
Memory: 3392/3425 3443/3476
-----      当前进度:  57 % - 组装矩阵
  16        1920         120 out 1362  114 1362     2     0      0
                   Group #1:      227   19  227                     6.7e-16  4.5e-16
                   Group #2:      227   19  227                     3.6e-16  2.2e-16
                   Group #3:      227   19  227                     5.1e-16    2e-16
                   Group #4:      227   19  227                     2.5e-16  1.5e-16
                   Group #5:      227   19  227                     2.8e-16  1.3e-16
                   Group #6:      227   19  227                       3e-16  1.4e-16
-----      当前进度:  58 % - 组装矩阵
Memory: 3407/3438 3459/3490
-----      当前进度:  58 % - 求解线性方程组
Memory: 3410/3445 3461/3497
-----      当前进度:  58 % - 组装矩阵
-----      当前进度:  58 % - 求解线性方程组
Memory: 3414/3448 3466/3499
-----      当前进度:  58 % - 组装矩阵
-----      当前进度:  58 % - 求解线性方程组
-----      当前进度:  58 % - 组装矩阵
  17        2040         120 out 1434  120 1434     2     0      0
                   Group #1:      239   20  239                     5.1e-16  3.3e-16
                   Group #2:      239   20  239                     2.9e-16  1.8e-16
                   Group #3:      239   20  239                     3.5e-16  1.4e-16
                   Group #4:      239   20  239                     2.5e-16  1.4e-16
                   Group #5:      239   20  239                     3.3e-16  1.5e-16
                   Group #6:      239   20  239                       3e-16  1.3e-16
-----      当前进度:  58 % - 组装稀疏模式
Memory: 3437/3450 3489/3501
-----      当前进度:  58 % - 组装矩阵
Memory: 3433/3450 3484/3501
-----      当前进度:  58 % - 
Memory: 3435/3450 3486/3501
-----      当前进度:  58 % - 组装矩阵
Memory: 3417/3450 3468/3501
-----      当前进度:  58 % - 
Memory: 3421/3451 3473/3502
-----      当前进度:  58 % - 组装矩阵
Memory: 3417/3451 3469/3502
-----      当前进度:  58 % - 求解线性方程组
Memory: 3421/3455 3473/3506
-----      当前进度:  58 % - 组装矩阵
Memory: 3438/3455 3490/3506
-----      当前进度:  58 % - 求解线性方程组
Memory: 3421/3455 3473/3506
-----      当前进度:  58 % - 组装矩阵
Memory: 3423/3455 3474/3506
-----      当前进度:  58 % - 求解线性方程组
Memory: 3423/3457 3475/3508
-----      当前进度:  58 % - 组装矩阵
Memory: 3448/3457 3500/3508
-----      当前进度:  58 % - 求解线性方程组
Memory: 3424/3457 3475/3508
-----      当前进度:  58 % - 组装矩阵
-----      当前进度:  58 % - 求解线性方程组
-----      当前进度:  58 % - 组装矩阵
Memory: 3429/3457 3480/3508
-----      当前进度:  58 % - 求解线性方程组
Memory: 3433/3461 3485/3513
  18        2160         120 out 1512  126 1512     2     0      0
                   Group #1:      252   21  252                     4.5e-16    3e-16
                   Group #2:      252   21  252                     2.6e-16  1.5e-16
                   Group #3:      252   21  252                     3.3e-16  1.4e-16
                   Group #4:      252   21  252                     2.8e-16  1.9e-16
                   Group #5:      252   21  252                     3.9e-16  1.5e-16
                   Group #6:      252   21  252                     2.7e-16  1.3e-16
-----      当前进度:  58 % - 组装矩阵
Memory: 3428/3461 3480/3513
-----      当前进度:  58 % - 组装稀疏模式
Memory: 3428/3462 3481/3514
-----      当前进度:  58 % - 组装矩阵
Memory: 3431/3462 3485/3514
-----      当前进度:  58 % - 求解线性方程组
Memory: 3430/3465 3482/3518
-----      当前进度:  58 % - 组装矩阵
-----      当前进度:  58 % - 求解线性方程组
Memory: 3435/3469 3487/3521
-----      当前进度:  58 % - 组装矩阵
Memory: 3435/3469 3488/3521
  19        2280         120 out 1584  132 1584     2     0      0
                   Group #1:      264   22  264                     4.8e-16    3e-16
                   Group #2:      264   22  264                     2.7e-16  1.6e-16
                   Group #3:      264   22  264                     3.4e-16  1.5e-16
                   Group #4:      264   22  264                     2.5e-16  2.1e-16
                   Group #5:      264   22  264                     3.6e-16  1.4e-16
                   Group #6:      264   22  264                     2.6e-16  1.4e-16
-----      当前进度:  59 % - 组装矩阵
Memory: 3438/3471 3490/3523
-----      当前进度:  59 % - 组装稀疏模式
Memory: 3445/3471 3505/3523
-----      当前进度:  59 % - 组装矩阵
Memory: 3454/3471 3506/3523
-----      当前进度:  59 % - 求解线性方程组
Memory: 3455/3487 3507/3540
-----      当前进度:  59 % - 组装矩阵
  20        2400         120 out 1656  138 1656     2     0      0
                   Group #1:      276   23  276                     4.1e-16  2.9e-16
                   Group #2:      276   23  276                     3.3e-16    2e-16
                   Group #3:      276   23  276                     3.7e-16  1.6e-16
                   Group #4:      276   23  276                     2.5e-16  1.8e-16
                   Group #5:      276   23  276                     3.7e-16  1.5e-16
                   Group #6:      276   23  276                     3.2e-16  1.4e-16
-----      当前进度:  59 % - 组装稀疏模式
Memory: 3474/3492 3527/3545
-----      当前进度:  59 % - 组装矩阵
Memory: 3475/3492 3528/3545
-----      当前进度:  59 % - 矩阵分解
Memory: 3470/3492 3523/3545
-----      当前进度:  59 % - 组装矩阵
Memory: 3462/3492 3514/3545
-----      当前进度:  59 % - 组装稀疏模式
Memory: 3463/3497 3516/3550
-----      当前进度:  59 % - 组装矩阵
Memory: 3466/3497 3520/3550
-----      当前进度:  59 % - 求解线性方程组
Memory: 3471/3503 3524/3556
-----      当前进度:  59 % - 组装矩阵
-----      当前进度:  59 % - 求解线性方程组
Memory: 3471/3505 3524/3558
-----      当前进度:  59 % - 组装矩阵
-----      当前进度:  59 % - 求解线性方程组
Memory: 3473/3506 3526/3559
-----      当前进度:  59 % - 组装矩阵
-----      当前进度:  59 % - 求解线性方程组
Memory: 3474/3507 3527/3560
-----      当前进度:  59 % - 组装矩阵
Memory: 3491/3507 3544/3560
-----      当前进度:  59 % - 求解线性方程组
Memory: 3477/3507 3530/3560
-----      当前进度:  59 % - 组装矩阵
-----      当前进度:  59 % - 求解线性方程组
Memory: 3476/3509 3529/3563
-----      当前进度:  59 % - 组装矩阵
  21        2520         120 out 1728  144 1728     2     0      0
                   Group #1:      288   24  288                     5.2e-16  3.5e-16
                   Group #2:      288   24  288                     2.8e-16  1.8e-16
                   Group #3:      288   24  288                     3.4e-16  1.3e-16
                   Group #4:      288   24  288                       3e-16  1.5e-16
                   Group #5:      288   24  288                       3e-16  1.2e-16
                   Group #6:      288   24  288                     2.9e-16  1.6e-16
-----      当前进度:  59 % - 求解线性方程组
Memory: 3483/3516 3536/3570
-----      当前进度:  59 % - 组装矩阵
  22        2640         120 out 1800  150 1800     2     0      0
                   Group #1:      300   25  300                     5.4e-16  3.6e-16
                   Group #2:      300   25  300                     3.1e-16  1.8e-16
                   Group #3:      300   25  300                     3.2e-16  1.3e-16
                   Group #4:      300   25  300                     2.9e-16  1.5e-16
                   Group #5:      300   25  300                     3.3e-16  1.4e-16
                   Group #6:      300   25  300                     2.6e-16  1.3e-16
------     当前进度:  60 % - 组装矩阵
Memory: 3487/3520 3540/3574
------     当前进度:  60 % - 组装稀疏模式
Memory: 3504/3520 3558/3574
------     当前进度:  60 % - 组装矩阵
Memory: 3506/3520 3563/3574
------     当前进度:  60 % - 矩阵分解
Memory: 3503/3520 3557/3574
------     当前进度:  60 % - 组装矩阵
Memory: 3488/3520 3541/3574
------     当前进度:  60 % - 组装稀疏模式
Memory: 3489/3522 3542/3576
------     当前进度:  60 % - 组装矩阵
Memory: 3490/3522 3544/3576
------     当前进度:  60 % - 求解线性方程组
Memory: 3497/3525 3550/3578
------     当前进度:  60 % - 组装矩阵
Memory: 3491/3525 3544/3578
------     当前进度:  60 % - 求解线性方程组
Memory: 3495/3528 3548/3582
------     当前进度:  60 % - 组装矩阵
  23        2760         120 out 1872  156 1872     2     0      0
                   Group #1:      312   26  312                       5e-16  3.4e-16
                   Group #2:      312   26  312                     2.9e-16  1.8e-16
                   Group #3:      312   26  312                     3.4e-16  1.3e-16
                   Group #4:      312   26  312                     2.7e-16  1.4e-16
                   Group #5:      312   26  312                       3e-16  1.2e-16
                   Group #6:      312   26  312                       3e-16  1.3e-16
------     当前进度:  60 % - 组装稀疏模式
Memory: 3496/3530 3550/3583
------     当前进度:  60 % - 组装矩阵
Memory: 3513/3530 3567/3583
------     当前进度:  60 % - 矩阵分解
Memory: 3501/3531 3555/3584
------     当前进度:  60 % - 组装矩阵
Memory: 3514/3534 3568/3588
------     当前进度:  60 % - 求解线性方程组
Memory: 3501/3534 3554/3588
------     当前进度:  60 % - 组装矩阵
------     当前进度:  60 % - 求解线性方程组
Memory: 3503/3535 3556/3589
------     当前进度:  60 % - 组装矩阵
Memory: 3503/3535 3557/3589
  24        2880         120 out 1950  162 1950     2     0      0
                   Group #1:      325   27  325                       5e-16  3.7e-16
                   Group #2:      325   27  325                     3.1e-16  1.9e-16
                   Group #3:      325   27  325                     4.4e-16  1.8e-16
                   Group #4:      325   27  325                     2.8e-16  1.5e-16
                   Group #5:      325   27  325                     3.1e-16  1.3e-16
                   Group #6:      325   27  325                       3e-16  1.3e-16
------     当前进度:  60 % - 求解线性方程组
Memory: 3531/3561 3586/3615
------     当前进度:  60 % - 组装矩阵
Memory: 3528/3564 3582/3619
------     当前进度:  60 % - 求解线性方程组
Memory: 3536/3569 3590/3624
------     当前进度:  60 % - 组装矩阵
  25        3000         120 out 2028  168 2028     2     0      0
                   Group #1:      338   28  338                     4.8e-16  3.3e-16
                   Group #2:      338   28  338                       3e-16  1.9e-16
                   Group #3:      338   28  338                     2.8e-16  1.4e-16
                   Group #4:      338   28  338                     2.9e-16  2.3e-16
                   Group #5:      338   28  338                     3.7e-16  1.4e-16
                   Group #6:      338   28  338                     2.4e-16  1.4e-16
------     当前进度:  61 % - 组装矩阵
Memory: 3538/3571 3592/3626
------     当前进度:  61 % - 求解线性方程组
Memory: 3545/3571 3599/3626
------     当前进度:  61 % - 组装矩阵
Memory: 3538/3571 3592/3626
------     当前进度:  61 % - 矩阵分解
Memory: 3538/3574 3593/3629
------     当前进度:  61 % - 组装矩阵
Memory: 3539/3574 3594/3629
------     当前进度:  61 % - 求解线性方程组
Memory: 3541/3575 3596/3629
------     当前进度:  61 % - 组装矩阵
Memory: 3559/3575 3614/3629
------     当前进度:  61 % - 求解线性方程组
Memory: 3547/3580 3601/3635
  26        3120         120 out 2100  174 2100     2     0      0
                   Group #1:      350   29  350                     4.8e-16  3.3e-16
                   Group #2:      350   29  350                     3.5e-16  2.1e-16
                   Group #3:      350   29  350                     4.1e-16  1.7e-16
                   Group #4:      350   29  350                     2.6e-16  1.4e-16
                   Group #5:      350   29  350                     3.6e-16  1.3e-16
                   Group #6:      350   29  350                     2.4e-16  1.1e-16
------     当前进度:  61 % - 组装矩阵
------     当前进度:  61 % - 矩阵分解
Memory: 3555/3580 3612/3635
------     当前进度:  61 % - 组装矩阵
Memory: 3547/3580 3601/3635
------     当前进度:  61 % - 求解线性方程组
Memory: 3550/3584 3605/3638
------     当前进度:  61 % - 组装矩阵
Memory: 3578/3584 3633/3638
------     当前进度:  61 % - 求解线性方程组
Memory: 3551/3585 3606/3639
------     当前进度:  61 % - 组装矩阵
Memory: 3552/3585 3606/3639
------     当前进度:  61 % - 求解线性方程组
Memory: 3553/3586 3607/3641
------     当前进度:  61 % - 组装矩阵
Memory: 3570/3586 3624/3641
  27        3240         120 out 2166  180 2166     2     0      0
                   Group #1:      361   30  361                     5.8e-16  3.9e-16
                   Group #2:      361   30  361                     3.1e-16  1.8e-16
                   Group #3:      361   30  361                     4.3e-16  1.8e-16
                   Group #4:      361   30  361                     2.1e-16  1.5e-16
                   Group #5:      361   30  361                     3.4e-16  1.2e-16
                   Group #6:      361   30  361                     3.2e-16  1.3e-16
------     当前进度:  61 % - 组装稀疏模式
Memory: 3555/3588 3609/3643
------     当前进度:  61 % - 组装矩阵
Memory: 3571/3588 3627/3643
------     当前进度:  61 % - 组装稀疏模式
Memory: 3556/3589 3610/3644
------     当前进度:  61 % - 组装矩阵
Memory: 3558/3589 3614/3644
  28        3360         120 out 2238  186 2238     2     0      0
                   Group #1:      373   31  373                     5.5e-16  3.9e-16
                   Group #2:      373   31  373                     3.1e-16  1.8e-16
                   Group #3:      373   31  373                       3e-16  1.2e-16
                   Group #4:      373   31  373                     3.2e-16  1.5e-16
                   Group #5:      373   31  373                     3.2e-16  1.1e-16
                   Group #6:      373   31  373                     2.8e-16  1.4e-16
------     当前进度:  62 % - 组装矩阵
Memory: 3576/3600 3643/3667
------     当前进度:  62 % - 求解线性方程组
Memory: 3576/3613 3643/3680
------     当前进度:  62 % - 组装矩阵
  29        3480         120 out 2310  192 2310     2     0      0
                   Group #1:      385   32  385                     5.5e-16  3.8e-16
                   Group #2:      385   32  385                       3e-16  1.8e-16
                   Group #3:      385   32  385                     3.4e-16  1.5e-16
                   Group #4:      385   32  385                     2.7e-16  1.8e-16
                   Group #5:      385   32  385                     3.5e-16  1.3e-16
                   Group #6:      385   32  385                     2.7e-16  1.4e-16
------     当前进度:  62 % - 组装稀疏模式
Memory: 3591/3622 3654/3689
------     当前进度:  62 % - 组装矩阵
Memory: 3605/3622 3668/3689
------     当前进度:  62 % - 矩阵分解
Memory: 3600/3622 3663/3689
------     当前进度:  62 % - 组装矩阵
Memory: 3589/3622 3653/3689
------     当前进度:  62 % - 组装稀疏模式
Memory: 3590/3623 3653/3689
------     当前进度:  62 % - 组装矩阵
Memory: 3591/3623 3654/3689
------     当前进度:  62 % - 求解线性方程组
Memory: 3591/3626 3654/3689
------     当前进度:  62 % - 组装矩阵
------     当前进度:  62 % - 求解线性方程组
------     当前进度:  62 % - 组装矩阵
Memory: 3591/3626 3650/3689
  30        3600         120 out 2388  198 2388     2     0      0
                   Group #1:      398   33  398                     6.5e-16  4.2e-16
                   Group #2:      398   33  398                     2.9e-16  1.8e-16
                   Group #3:      398   33  398                     3.3e-16  1.3e-16
                   Group #4:      398   33  398                     2.6e-16  2.2e-16
                   Group #5:      398   33  398                     2.5e-16  1.5e-16
                   Group #6:      398   33  398                       3e-16  1.5e-16
------     当前进度:  63 % - 组装矩阵
Memory: 3604/3632 3659/3689
------     当前进度:  63 % - 组装稀疏模式
Memory: 3601/3632 3656/3689
------     当前进度:  63 % - 组装矩阵
Memory: 3616/3632 3672/3689
------     当前进度:  63 % - 求解线性方程组
Memory: 3609/3632 3665/3689
------     当前进度:  63 % - 组装矩阵
Memory: 3599/3633 3654/3689
------     当前进度:  63 % - 组装稀疏模式
Memory: 3599/3633 3655/3689
------     当前进度:  63 % - 组装矩阵
Memory: 3602/3633 3659/3689
------     当前进度:  63 % - 求解线性方程组
Memory: 3603/3636 3658/3692
------     当前进度:  63 % - 组装矩阵
  31        3720         120 out 2466  204 2466     2     0      0
                   Group #1:      411   34  411                     6.2e-16  4.2e-16
                   Group #2:      411   34  411                     2.4e-16  1.5e-16
                   Group #3:      411   34  411                     2.6e-16  1.2e-16
                   Group #4:      411   34  411                     2.7e-16  1.4e-16
                   Group #5:      411   34  411                     2.7e-16  1.2e-16
                   Group #6:      411   34  411                     3.3e-16  1.3e-16
------     当前进度:  63 % - 组装稀疏模式
Memory: 3616/3645 3671/3700
------     当前进度:  63 % - 组装矩阵
Memory: 3628/3645 3683/3700
------     当前进度:  63 % - 
Memory: 3631/3645 3689/3700
------     当前进度:  63 % - 组装矩阵
Memory: 3612/3645 3683/3700
------     当前进度:  63 % - 组装稀疏模式
Memory: 3612/3645 3679/3713
------     当前进度:  63 % - 组装矩阵
Memory: 3613/3645 3680/3713
------     当前进度:  63 % - 求解线性方程组
Memory: 3616/3649 3679/3715
------     当前进度:  63 % - 组装矩阵
Memory: 3616/3649 3675/3715
------     当前进度:  63 % - 求解线性方程组
Memory: 3618/3651 3673/3715
------     当前进度:  63 % - 组装矩阵
  32        3840         120 out 2538  210 2538     2     0      0
                   Group #1:      423   35  423                     4.7e-16  3.2e-16
                   Group #2:      423   35  423                     2.9e-16  1.9e-16
                   Group #3:      423   35  423                     2.8e-16  1.3e-16
                   Group #4:      423   35  423                       3e-16  1.4e-16
                   Group #5:      423   35  423                     2.2e-16  1.2e-16
                   Group #6:      423   35  423                       3e-16  1.3e-16
------     当前进度:  63 % - 
Memory: 3626/3657 3685/3715
------     当前进度:  63 % - 组装矩阵
Memory: 3642/3657 3697/3715
------     当前进度:  63 % - 矩阵分解
Memory: 3632/3657 3688/3715
------     当前进度:  63 % - 组装矩阵
Memory: 3626/3657 3681/3715
------     当前进度:  63 % - 矩阵分解
Memory: 3623/3659 3679/3715
------     当前进度:  63 % - 组装矩阵
Memory: 3626/3662 3681/3719
------     当前进度:  63 % - 求解线性方程组
Memory: 3647/3679 3707/3744
------     当前进度:  63 % - 组装矩阵
Memory: 3652/3679 3712/3744
------     当前进度:  63 % - 求解线性方程组
Memory: 3647/3679 3707/3744
------     当前进度:  63 % - 组装矩阵
Memory: 3647/3679 3703/3744
  33        3960         120 out 2610  216 2610     2     0      0
                   Group #1:      435   36  435                     4.8e-16  3.4e-16
                   Group #2:      435   36  435                     2.8e-16  1.9e-16
                   Group #3:      435   36  435                     3.6e-16  1.6e-16
                   Group #4:      435   36  435                     2.9e-16  1.7e-16
                   Group #5:      435   36  435                     2.8e-16  1.2e-16
                   Group #6:      435   36  435                     3.2e-16  1.4e-16
------     当前进度:  64 % - 组装矩阵
Memory: 3647/3680 3711/3749
------     当前进度:  64 % - 
Memory: 3671/3680 3738/3749
------     当前进度:  64 % - 组装矩阵
Memory: 3664/3680 3728/3749
------     当前进度:  64 % - 组装稀疏模式
Memory: 3648/3682 3712/3749
------     当前进度:  64 % - 组装矩阵
Memory: 3650/3682 3714/3749
------     当前进度:  64 % - 求解线性方程组
Memory: 3654/3687 3714/3749
------     当前进度:  64 % - 组装矩阵
  34        4080         120 out 2682  222 2682     2     0      0
                   Group #1:      447   37  447                     5.8e-16  4.2e-16
                   Group #2:      447   37  447                     2.9e-16  1.8e-16
                   Group #3:      447   37  447                     2.8e-16  1.2e-16
                   Group #4:      447   37  447                     3.4e-16  1.4e-16
                   Group #5:      447   37  447                       3e-16  1.2e-16
                   Group #6:      447   37  447                     3.2e-16  1.5e-16
------     当前进度:  64 % - 组装稀疏模式
Memory: 3655/3688 3715/3749
------     当前进度:  64 % - 组装矩阵
Memory: 3671/3688 3732/3749
------     当前进度:  64 % - 
Memory: 3675/3688 3738/3749
------     当前进度:  64 % - 组装矩阵
Memory: 3655/3688 3712/3749
------     当前进度:  64 % - 组装稀疏模式
Memory: 3656/3689 3712/3749
------     当前进度:  64 % - 组装矩阵
Memory: 3658/3689 3716/3749
------     当前进度:  64 % - 求解线性方程组
Memory: 3658/3691 3726/3759
------     当前进度:  64 % - 组装矩阵
------     当前进度:  64 % - 求解线性方程组
Memory: 3659/3693 3719/3760
------     当前进度:  64 % - 组装矩阵
Memory: 3676/3693 3736/3760
  35        4200         120 out 2754  228 2754     2     0      0
                   Group #1:      459   38  459                     5.2e-16  3.6e-16
                   Group #2:      459   38  459                     2.8e-16    2e-16
                   Group #3:      459   38  459                     2.8e-16  1.3e-16
                   Group #4:      459   38  459                     2.9e-16  1.6e-16
                   Group #5:      459   38  459                     3.3e-16  1.7e-16
                   Group #6:      459   38  459                     2.9e-16  1.4e-16
------     当前进度:  64 % - 组装稀疏模式
Memory: 3664/3696 3728/3764
------     当前进度:  64 % - 组装矩阵
Memory: 3682/3696 3747/3764
------     当前进度:  64 % - 组装稀疏模式
Memory: 3664/3697 3724/3764
------     当前进度:  64 % - 组装矩阵
Memory: 3665/3697 3726/3764
------     当前进度:  64 % - 求解线性方程组
Memory: 3666/3700 3734/3772
------     当前进度:  64 % - 组装矩阵
Memory: 3689/3700 3758/3772
------     当前进度:  64 % - 求解线性方程组
Memory: 3667/3700 3735/3772
------     当前进度:  64 % - 组装矩阵
Memory: 3667/3700 3731/3772
  36        4320         120 out 2826  234 2826     2     0      0
                   Group #1:      471   39  471                     5.4e-16  3.7e-16
                   Group #2:      471   39  471                     2.8e-16  1.7e-16
                   Group #3:      471   39  471                     3.1e-16  1.4e-16
                   Group #4:      471   39  471                     2.6e-16  1.4e-16
                   Group #5:      471   39  471                     2.7e-16  1.3e-16
                   Group #6:      471   39  471                       3e-16  1.3e-16
------     当前进度:  65 % - 组装矩阵
Memory: 3673/3707 3742/3775
------     当前进度:  65 % - 组装稀疏模式
Memory: 3680/3707 3749/3775
------     当前进度:  65 % - 组装矩阵
Memory: 3693/3707 3762/3775
------     当前进度:  65 % - 矩阵分解
Memory: 3681/3707 3750/3775
------     当前进度:  65 % - 组装矩阵
Memory: 3675/3707 3739/3775
------     当前进度:  65 % - 求解线性方程组
Memory: 3678/3710 3746/3782
------     当前进度:  65 % - 组装矩阵
------     当前进度:  65 % - 求解线性方程组
Memory: 3686/3719 3747/3789
------     当前进度:  65 % - 组装矩阵
Memory: 3686/3719 3743/3789
  37        4440         120 out 2898  240 2898     2     0      0
                   Group #1:      483   40  483                     4.8e-16  3.1e-16
                   Group #2:      483   40  483                     3.7e-16  2.2e-16
                   Group #3:      483   40  483                     3.5e-16  1.6e-16
                   Group #4:      483   40  483                     2.8e-16    2e-16
                   Group #5:      483   40  483                     3.7e-16  1.5e-16
                   Group #6:      483   40  483                       2e-16  1.2e-16
------     当前进度:  65 % - 求解线性方程组
Memory: 3703/3736 3772/3810
------     当前进度:  65 % - 组装矩阵
Memory: 3703/3736 3773/3810
  38        4560         120 out 2964  246 2964     2     0      0
                   Group #1:      494   41  494                     4.7e-16  3.5e-16
                   Group #2:      494   41  494                     3.3e-16  2.1e-16
                   Group #3:      494   41  494                     3.3e-16  1.6e-16
                   Group #4:      494   41  494                     3.5e-16  1.4e-16
                   Group #5:      494   41  494                     3.4e-16  1.3e-16
                   Group #6:      494   41  494                     3.2e-16  1.3e-16
------     当前进度:  65 % - 求解线性方程组
Memory: 3714/3748 3771/3819
------     当前进度:  65 % - 组装矩阵
Memory: 3714/3748 3783/3819
------     当前进度:  65 % - 求解线性方程组
Memory: 3716/3749 3785/3823
------     当前进度:  65 % - 组装矩阵
Memory: 3732/3749 3802/3823
  39        4680         120 out 3024  252 3024     2     0      0
                   Group #1:      504   42  504                     4.9e-16  3.1e-16
                   Group #2:      504   42  504                     3.6e-16  2.4e-16
                   Group #3:      504   42  504                     3.1e-16  1.4e-16
                   Group #4:      504   42  504                       3e-16  1.6e-16
                   Group #5:      504   42  504                       3e-16  1.2e-16
                   Group #6:      504   42  504                     3.1e-16  1.3e-16
------     当前进度:  66 % - 组装矩阵
Memory: 3716/3749 3785/3823
------     当前进度:  66 % - 求解线性方程组
Memory: 3724/3749 3796/3823
------     当前进度:  66 % - 组装矩阵
Memory: 3717/3749 3786/3823
------     当前进度:  66 % - 矩阵分解
Memory: 3720/3750 3783/3823
------     当前进度:  66 % - 组装矩阵
Memory: 3725/3754 3786/3823
------     当前进度:  66 % - 求解线性方程组
Memory: 3720/3754 3782/3823
------     当前进度:  66 % - 组装矩阵
------     当前进度:  66 % - 求解线性方程组
Memory: 3723/3757 3789/3826
------     当前进度:  66 % - 组装矩阵
------     当前进度:  66 % - 求解线性方程组
Memory: 3730/3758 3800/3831
  40        4800         120 out 3084  258 3084     2     0      0
                   Group #1:      514   43  514                     5.4e-16  3.8e-16
                   Group #2:      514   43  514                     3.2e-16    2e-16
                   Group #3:      514   43  514                     3.3e-16  1.6e-16
                   Group #4:      514   43  514                     2.7e-16  1.4e-16
                   Group #5:      514   43  514                     2.7e-16  1.3e-16
                   Group #6:      514   43  514                     2.6e-16  1.5e-16
------     当前进度:  66 % - 组装矩阵
Memory: 3725/3758 3795/3831
------     当前进度:  66 % - 求解线性方程组
Memory: 3729/3759 3796/3831
------     当前进度:  66 % - 组装矩阵
Memory: 3759/3759 3825/3831
------     当前进度:  66 % - 求解线性方程组
Memory: 3674/3762 3790/3831
------     当前进度:  66 % - 组装矩阵
Memory: 3670/3762 3786/3831
------     当前进度:  66 % - 求解线性方程组
Memory: 3675/3762 3799/3836
------     当前进度:  66 % - 组装矩阵
Memory: 3675/3762 3795/3836
  41        4920         120 out 3144  264 3144     2     0      0
                   Group #1:      524   44  524                     5.4e-16  3.5e-16
                   Group #2:      524   44  524                     3.3e-16  2.1e-16
                   Group #3:      524   44  524                     3.1e-16  1.5e-16
                   Group #4:      524   44  524                     2.6e-16  1.8e-16
                   Group #5:      524   44  524                     2.6e-16  1.2e-16
                   Group #6:      524   44  524                     2.8e-16  1.3e-16
------     当前进度:  66 % - 求解线性方程组
Memory: 3684/3762 3804/3836
------     当前进度:  66 % - 组装矩阵
Memory: 3676/3762 3805/3836
------     当前进度:  66 % - 组装稀疏模式
Memory: 3679/3762 3804/3841
------     当前进度:  66 % - 组装矩阵
Memory: 3681/3762 3808/3841
  42        5040         120 out 3222  270 3222     2     0      0
                   Group #1:      537   45  537                     4.9e-16  3.2e-16
                   Group #2:      537   45  537                     3.1e-16  1.8e-16
                   Group #3:      537   45  537                     2.9e-16  1.2e-16
                   Group #4:      537   45  537                     2.5e-16  1.9e-16
                   Group #5:      537   45  537                     2.8e-16  1.3e-16
                   Group #6:      537   45  537                     2.6e-16  1.4e-16
------     当前进度:  67 % - 组装矩阵
Memory: 3707/3762 3828/3866
------     当前进度:  67 % - 组装稀疏模式
Memory: 3708/3762 3841/3874
------     当前进度:  67 % - 组装矩阵
Memory: 3711/3762 3845/3874
------     当前进度:  67 % - 求解线性方程组
Memory: 3717/3762 3849/3883
------     当前进度:  67 % - 组装矩阵
Memory: 3733/3762 3866/3883
  43        5160         120 out 3300  276 3300     2     0      0
                   Group #1:      550   46  550                     5.3e-16  3.6e-16
                   Group #2:      550   46  550                       3e-16  1.8e-16
                   Group #3:      550   46  550                       3e-16  1.1e-16
                   Group #4:      550   46  550                     2.8e-16  1.6e-16
                   Group #5:      550   46  550                       3e-16  1.2e-16
                   Group #6:      550   46  550                     3.1e-16  1.3e-16
------     当前进度:  67 % - 求解线性方程组
Memory: 3726/3762 3858/3887
------     当前进度:  67 % - 组装矩阵
Memory: 3722/3762 3854/3887
  44        5280         120 out 3372  282 3372     2     0      0
                   Group #1:      562   47  562                       6e-16  4.3e-16
                   Group #2:      562   47  562                     3.6e-16  1.9e-16
                   Group #3:      562   47  562                     3.6e-16  1.6e-16
                   Group #4:      562   47  562                     3.1e-16  1.3e-16
                   Group #5:      562   47  562                     2.3e-16  1.5e-16
                   Group #6:      562   47  562                     2.9e-16  1.7e-16
------     当前进度:  67 % - 组装稀疏模式
Memory: 3728/3762 3857/3890
------     当前进度:  67 % - 组装矩阵
Memory: 3729/3762 3858/3890
------     当前进度:  67 % - 求解线性方程组
Memory: 3733/3766 3862/3895
------     当前进度:  67 % - 组装矩阵
  45        5400         120 out 3432  288 3432     2     0      0
                   Group #1:      572   48  572                     6.4e-16  4.1e-16
                   Group #2:      572   48  572                     3.2e-16  1.9e-16
                   Group #3:      572   48  572                     3.4e-16  1.4e-16
                   Group #4:      572   48  572                     3.1e-16  1.5e-16
                   Group #5:      572   48  572                     2.5e-16  1.7e-16
                   Group #6:      572   48  572                       2e-16  1.2e-16
------     当前进度:  68 % - 组装矩阵
Memory: 3736/3769 3864/3898
------     当前进度:  68 % - 组装稀疏模式
------     当前进度:  68 % - 组装矩阵
Memory: 3752/3769 3881/3898
------     当前进度:  68 % - 矩阵分解
Memory: 3745/3769 3876/3898
------     当前进度:  68 % - 组装矩阵
Memory: 3736/3769 3865/3898
------     当前进度:  68 % - 约束处理
Memory: 3737/3771 3866/3899
------     当前进度:  68 % - 组装矩阵
Memory: 3739/3771 3870/3899
------     当前进度:  68 % - 求解线性方程组
Memory: 3746/3778 3875/3907
------     当前进度:  68 % - 组装矩阵
  46        5520         120 out 3498  294 3498     2     0      0
                   Group #1:      583   49  583                     5.8e-16  3.9e-16
                   Group #2:      583   49  583                       3e-16  1.8e-16
                   Group #3:      583   49  583                     3.5e-16  1.4e-16
                   Group #4:      583   49  583                     2.9e-16  1.6e-16
                   Group #5:      583   49  583                     3.7e-16  1.7e-16
                   Group #6:      583   49  583                     3.1e-16  1.4e-16
------     当前进度:  68 % - 组装稀疏模式
Memory: 3754/3787 3883/3916
------     当前进度:  68 % - 组装矩阵
Memory: 3771/3787 3901/3916
------     当前进度:  68 % - 求解线性方程组
Memory: 3761/3795 3890/3924
------     当前进度:  68 % - 组装矩阵
------     当前进度:  68 % - 求解线性方程组
Memory: 3763/3795 3892/3924
------     当前进度:  68 % - 组装矩阵
  47        5640         120 out 3564  300 3564     2     0      0
                   Group #1:      594   50  594                     5.2e-16  3.4e-16
                   Group #2:      594   50  594                     2.8e-16  1.7e-16
                   Group #3:      594   50  594                     3.3e-16  1.3e-16
                   Group #4:      594   50  594                       3e-16  1.4e-16
                   Group #5:      594   50  594                     3.5e-16  1.3e-16
                   Group #6:      594   50  594                     3.1e-16  1.5e-16
------     当前进度:  68 % - 组装稀疏模式
Memory: 3782/3804 3917/3934
------     当前进度:  68 % - 组装矩阵
Memory: 3785/3804 3918/3934
------     当前进度:  68 % - 矩阵分解
Memory: 3777/3804 3912/3934
------     当前进度:  68 % - 组装矩阵
Memory: 3769/3804 3901/3934
------     当前进度:  68 % - 组装稀疏模式
Memory: 3769/3804 3902/3935
------     当前进度:  68 % - 组装矩阵
Memory: 3771/3804 3906/3935
------     当前进度:  68 % - 求解线性方程组
Memory: 3770/3804 3902/3938
------     当前进度:  68 % - 组装矩阵
------     当前进度:  68 % - 求解线性方程组
Memory: 3770/3804 3904/3938
------     当前进度:  68 % - 组装矩阵
Memory: 3775/3804 3909/3938
  48        5760         120 out 3630  306 3630     2     0      0
                   Group #1:      605   51  605                     5.2e-16  3.4e-16
                   Group #2:      605   51  605                     3.6e-16  1.9e-16
                   Group #3:      605   51  605                       3e-16  1.3e-16
                   Group #4:      605   51  605                     2.9e-16  1.7e-16
                   Group #5:      605   51  605                     3.3e-16  1.2e-16
                   Group #6:      605   51  605                     2.7e-16  1.3e-16
------     当前进度:  69 % - 组装矩阵
Memory: 3766/3807 3909/3941
------     当前进度:  69 % - 组装稀疏模式
------     当前进度:  69 % - 组装矩阵
Memory: 3782/3807 3926/3941
------     当前进度:  69 % - 求解线性方程组
Memory: 3769/3807 3912/3945
------     当前进度:  69 % - 组装矩阵
Memory: 3786/3807 3929/3945
------     当前进度:  69 % - 求解线性方程组
Memory: 3769/3807 3912/3945
------     当前进度:  69 % - 组装矩阵
  49        5880         120 out 3696  312 3696     2     0      0
                   Group #1:      616   52  616                     4.8e-16  3.3e-16
                   Group #2:      616   52  616                     3.3e-16  2.1e-16
                   Group #3:      616   52  616                       3e-16  1.3e-16
                   Group #4:      616   52  616                     2.9e-16  1.4e-16
                   Group #5:      616   52  616                     3.5e-16  1.3e-16
                   Group #6:      616   52  616                     2.5e-16  1.3e-16
------     当前进度:  69 % - 组装稀疏模式
Memory: 3772/3809 3918/3949
------     当前进度:  69 % - 组装矩阵
Memory: 3784/3809 3930/3949
------     当前进度:  69 % - 
Memory: 3786/3809 3932/3949
------     当前进度:  69 % - 组装矩阵
Memory: 3768/3809 3914/3949
------     当前进度:  69 % - 求解线性方程组
Memory: 3772/3809 3917/3950
------     当前进度:  69 % - 组装矩阵
------     当前进度:  69 % - 求解线性方程组
Memory: 3774/3809 3919/3953
------     当前进度:  69 % - 组装矩阵
------     当前进度:  69 % - 求解线性方程组
------     当前进度:  69 % - 组装矩阵
------     当前进度:  69 % - 求解线性方程组
Memory: 3775/3809 3921/3954
------     当前进度:  69 % - 组装矩阵
Memory: 3776/3809 3921/3954
  50        6000         120 out 3768  318 3768     2     0      0
                   Group #1:      628   53  628                     5.2e-16  3.5e-16
                   Group #2:      628   53  628                     3.1e-16  1.7e-16
                   Group #3:      628   53  628                     2.9e-16  1.3e-16
                   Group #4:      628   53  628                     2.9e-16  1.5e-16
                   Group #5:      628   53  628                     3.7e-16  1.5e-16
                   Group #6:      628   53  628                     3.1e-16  1.3e-16
  51        6120         120 out 3840  324 3840     2     0      0
                   Group #1:      640   54  640                     5.7e-16  3.9e-16
                   Group #2:      640   54  640                     2.9e-16  1.6e-16
                   Group #3:      640   54  640                       3e-16  1.6e-16
                   Group #4:      640   54  640                     2.4e-16  1.7e-16
                   Group #5:      640   54  640                     3.6e-16  1.4e-16
                   Group #6:      640   54  640                     2.5e-16  1.5e-16
-------    当前进度:  70 % - 组装矩阵
Memory: 3810/3838 3951/3980
-------    当前进度:  70 % - 组装稀疏模式
Memory: 3824/3838 3967/3980
-------    当前进度:  70 % - 组装矩阵
Memory: 3821/3838 3962/3980
-------    当前进度:  70 % - 矩阵分解
Memory: 3812/3838 3953/3980
-------    当前进度:  70 % - 组装矩阵
Memory: 3805/3838 3946/3980
-------    当前进度:  70 % - 求解线性方程组
Memory: 3809/3841 3952/3982
-------    当前进度:  70 % - 组装矩阵
Memory: 3809/3841 3950/3982
  52        6240         120 out 3918  330 3918     2     0      0
                   Group #1:      653   55  653                     4.3e-16  3.1e-16
                   Group #2:      653   55  653                       3e-16  1.8e-16
                   Group #3:      653   55  653                     3.6e-16  1.5e-16
                   Group #4:      653   55  653                     3.1e-16  1.9e-16
                   Group #5:      653   55  653                       3e-16  1.1e-16
                   Group #6:      653   55  653                     2.4e-16  1.3e-16
-------    当前进度:  70 % - 求解线性方程组
Memory: 3817/3850 3960/3993
-------    当前进度:  70 % - 组装矩阵
-------    当前进度:  70 % - 求解线性方程组
Memory: 3826/3854 3969/3997
-------    当前进度:  70 % - 组装矩阵
Memory: 3821/3854 3964/3997
  53        6360         120 out 3996  336 3996     2     0      0
                   Group #1:      666   56  666                     5.1e-16  3.4e-16
                   Group #2:      666   56  666                     3.3e-16  1.9e-16
                   Group #3:      666   56  666                     3.9e-16  1.6e-16
                   Group #4:      666   56  666                     2.8e-16  2.3e-16
                   Group #5:      666   56  666                     3.2e-16  1.4e-16
                   Group #6:      666   56  666                     2.6e-16  1.4e-16
-------    当前进度:  71 % - 组装矩阵
Memory: 3822/3856 3966/3999
-------    当前进度:  71 % - 求解线性方程组
Memory: 3826/3859 3969/4002
-------    当前进度:  71 % - 组装矩阵
Memory: 3825/3859 3969/4002
  54        6480         120 out 4068  342 4068     2     0      0
                   Group #1:      678   57  678                       5e-16  3.5e-16
                   Group #2:      678   57  678                     3.4e-16    2e-16
                   Group #3:      678   57  678                     3.2e-16  1.3e-16
                   Group #4:      678   57  678                     2.7e-16  1.8e-16
                   Group #5:      678   57  678                     3.6e-16  1.4e-16
                   Group #6:      678   57  678                     3.3e-16  1.3e-16
-------    当前进度:  71 % - 组装稀疏模式
Memory: 3841/3874 3986/4019
-------    当前进度:  71 % - 组装矩阵
-------    当前进度:  71 % - 求解线性方程组
Memory: 3861/3894 4006/4039
  55        6600         120 out 4134  348 4134     2     0      0
                   Group #1:      689   58  689                     6.9e-16  4.1e-16
                   Group #2:      689   58  689                     3.1e-16    2e-16
                   Group #3:      689   58  689                     2.9e-16  9.9e-17
                   Group #4:      689   58  689                     3.1e-16  1.3e-16
                   Group #5:      689   58  689                     3.1e-16  1.2e-16
                   Group #6:      689   58  689                     2.7e-16  1.3e-16
-------    当前进度:  71 % - 组装矩阵
-------    当前进度:  71 % - 约束处理
-------    当前进度:  71 % - 组装矩阵
Memory: 3878/3894 4024/4039
-------    当前进度:  71 % - 求解线性方程组
Memory: 3872/3905 4017/4050
-------    当前进度:  71 % - 组装矩阵
  56        6720         120 out 4200  354 4200     2     0      0
                   Group #1:      700   59  700                     4.3e-16  3.1e-16
                   Group #2:      700   59  700                     2.7e-16  1.8e-16
                   Group #3:      700   59  700                     2.7e-16  1.4e-16
                   Group #4:      700   59  700                       3e-16  1.6e-16
                   Group #5:      700   59  700                     3.4e-16  1.3e-16
                   Group #6:      700   59  700                     3.3e-16  1.4e-16
-------    当前进度:  72 % - 组装矩阵
Memory: 3871/3907 4019/4053
-------    当前进度:  72 % - 求解线性方程组
Memory: 3842/3907 4025/4059
-------    当前进度:  72 % - 组装矩阵
-------    当前进度:  72 % - 求解线性方程组
Memory: 3850/3907 4034/4059
-------    当前进度:  72 % - 组装矩阵
Memory: 3845/3907 4029/4059
-------    当前进度:  72 % - 求解线性方程组
Memory: 3844/3907 4027/4060
-------    当前进度:  72 % - 组装矩阵
-------    当前进度:  72 % - 求解线性方程组
Memory: 3844/3907 4028/4061
-------    当前进度:  72 % - 组装矩阵
  57        6840         120 out 4266  360 4266     2     0      0
                   Group #1:      711   60  711                     5.2e-16  3.5e-16
                   Group #2:      711   60  711                     3.1e-16    2e-16
                   Group #3:      711   60  711                     3.3e-16  1.5e-16
                   Group #4:      711   60  711                     3.3e-16  1.3e-16
                   Group #5:      711   60  711                     2.9e-16  1.2e-16
                   Group #6:      711   60  711                     2.7e-16  1.5e-16
-------    当前进度:  72 % - 
-------    当前进度:  72 % - 组装矩阵
Memory: 3861/3907 4044/4061
-------    当前进度:  72 % - 组装稀疏模式
Memory: 3844/3907 4028/4061
-------    当前进度:  72 % - 组装矩阵
Memory: 3863/3907 4047/4061
-------    当前进度:  72 % - 
Memory: 3868/3907 4052/4061
-------    当前进度:  72 % - 组装矩阵
Memory: 3845/3907 4029/4061
-------    当前进度:  72 % - 求解线性方程组
Memory: 3818/3907 4033/4066
-------    当前进度:  72 % - 组装矩阵
  58        6960         120 out 4344  366 4344     2     0      0
                   Group #1:      724   61  724                     5.6e-16  3.5e-16
                   Group #2:      724   61  724                     2.9e-16  1.9e-16
                   Group #3:      724   61  724                     3.2e-16  1.6e-16
                   Group #4:      724   61  724                       3e-16  1.6e-16
                   Group #5:      724   61  724                     3.3e-16  1.3e-16
                   Group #6:      724   61  724                     2.9e-16  1.3e-16
-------    当前进度:  72 % - 组装稀疏模式
Memory: 3845/3907 4059/4071
-------    当前进度:  72 % - 组装矩阵
Memory: 3842/3907 4056/4071
-------    当前进度:  72 % - 矩阵分解
Memory: 3832/3907 4045/4071
-------    当前进度:  72 % - 组装矩阵
Memory: 3825/3907 4038/4071
-------    当前进度:  72 % - 组装稀疏模式
Memory: 3826/3907 4039/4072
-------    当前进度:  72 % - 组装矩阵
Memory: 3827/3907 4039/4072
-------    当前进度:  72 % - 矩阵分解
Memory: 3800/3907 4039/4072
-------    当前进度:  72 % - 组装矩阵
Memory: 3800/3907 4040/4072
-------    当前进度:  72 % - 求解线性方程组
Memory: 2679/3907 4041/4075
-------    当前进度:  72 % - 组装矩阵
-------    当前进度:  72 % - 求解线性方程组
Memory: 2681/3907 4042/4075
-------    当前进度:  72 % - 组装矩阵
Memory: 2680/3907 4041/4075
-------    当前进度:  72 % - 约束处理
Memory: 2681/3907 4042/4076
-------    当前进度:  72 % - 组装矩阵
-------    当前进度:  72 % - 求解线性方程组
Memory: 2682/3907 4043/4076
-------    当前进度:  72 % - 组装矩阵
-------    当前进度:  72 % - 求解线性方程组
Memory: 2700/3907 4049/4082
-------    当前进度:  72 % - 组装矩阵
Memory: 2701/3907 4049/4082
  59        7080         120 out 4410  372 4410     2     0      0
                   Group #1:      735   62  735                     5.3e-16  3.5e-16
                   Group #2:      735   62  735                     3.2e-16    2e-16
                   Group #3:      735   62  735                     3.2e-16  1.6e-16
                   Group #4:      735   62  735                     3.2e-16  1.4e-16
                   Group #5:      735   62  735                     3.4e-16  1.4e-16
                   Group #6:      735   62  735                     3.1e-16  1.3e-16
-------    当前进度:  73 % - 组装矩阵
Memory: 2710/3907 4053/4086
-------    当前进度:  73 % - 组装稀疏模式
Memory: 2713/3907 4053/4086
-------    当前进度:  73 % - 组装矩阵
Memory: 2732/3907 4070/4086
-------    当前进度:  73 % - 求解线性方程组
Memory: 2719/3907 4054/4088
-------    当前进度:  73 % - 组装矩阵
Memory: 2721/3907 4056/4088
-------    当前进度:  73 % - 求解线性方程组
Memory: 2728/3907 4058/4090
-------    当前进度:  73 % - 组装矩阵
-------    当前进度:  73 % - 求解线性方程组
Memory: 2740/3907 4065/4094
-------    当前进度:  73 % - 组装矩阵
Memory: 2737/3907 4061/4094
-------    当前进度:  73 % - 求解线性方程组
Memory: 2744/3907 4064/4097
-------    当前进度:  73 % - 组装矩阵
Memory: 2746/3907 4065/4097
  60        7200         120 out 4482  378 4482     2     0      0
                   Group #1:      747   63  747                       5e-16  3.4e-16
                   Group #2:      747   63  747                     3.1e-16    2e-16
                   Group #3:      747   63  747                     2.9e-16  1.5e-16
                   Group #4:      747   63  747                       3e-16  1.6e-16
                   Group #5:      747   63  747                       3e-16  1.2e-16
                   Group #6:      747   63  747                     2.9e-16  1.4e-16
-------    当前进度:  73 % - 
Memory: 2785/3907 4075/4108
-------    当前进度:  73 % - 组装矩阵
Memory: 2796/3907 4083/4108
-------    当前进度:  73 % - 组装稀疏模式
Memory: 2788/3907 4075/4108
-------    当前进度:  73 % - 组装矩阵
Memory: 2804/3907 4091/4108
-------    当前进度:  73 % - 求解线性方程组
Memory: 2793/3907 4080/4113
-------    当前进度:  73 % - 组装矩阵
  61        7320         120 out 4554  384 4554     2     0      0
                   Group #1:      759   64  759                     4.4e-16  2.9e-16
                   Group #2:      759   64  759                     3.6e-16  2.3e-16
                   Group #3:      759   64  759                     2.9e-16  1.4e-16
                   Group #4:      759   64  759                       3e-16  1.4e-16
                   Group #5:      759   64  759                     3.3e-16  1.3e-16
                   Group #6:      759   64  759                     3.1e-16  1.4e-16
-------    当前进度:  73 % - 组装稀疏模式
Memory: 2799/3907 4085/4118
-------    当前进度:  73 % - 组装矩阵
-------    当前进度:  73 % - 求解线性方程组
Memory: 2807/3907 4092/4125
-------    当前进度:  73 % - 组装矩阵
  62        7440         120 out 4620  390 4620     2     0      0
                   Group #1:      770   65  770                     5.9e-16  3.9e-16
                   Group #2:      770   65  770                     3.1e-16  1.9e-16
                   Group #3:      770   65  770                     3.3e-16  1.7e-16
                   Group #4:      770   65  770                       3e-16  1.4e-16
                   Group #5:      770   65  770                     3.5e-16  1.4e-16
                   Group #6:      770   65  770                     3.1e-16  1.4e-16
-------    当前进度:  74 % - 组装矩阵
Memory: 2807/3907 4093/4126
-------    当前进度:  74 % - 组装稀疏模式
Memory: 2827/3907 4113/4126
-------    当前进度:  74 % - 组装矩阵
Memory: 2824/3907 4111/4126
-------    当前进度:  74 % - 矩阵分解
Memory: 2818/3907 4103/4126
-------    当前进度:  74 % - 组装矩阵
Memory: 2816/3907 4101/4126
-------    当前进度:  74 % - 求解线性方程组
Memory: 2808/3907 4094/4128
-------    当前进度:  74 % - 组装矩阵
Memory: 2809/3907 4094/4128
-------    当前进度:  74 % - 求解线性方程组
Memory: 2810/3907 4095/4128
-------    当前进度:  74 % - 组装矩阵
Memory: 2826/3907 4112/4128
-------    当前进度:  74 % - 求解线性方程组
Memory: 2813/3907 4099/4132
-------    当前进度:  74 % - 组装矩阵
-------    当前进度:  74 % - 求解线性方程组
Memory: 2820/3907 4105/4133
-------    当前进度:  74 % - 组装矩阵
Memory: 2815/3907 4100/4133
  63        7560         120 out 4692  396 4692     2     0      0
                   Group #1:      782   66  782                     5.5e-16  3.6e-16
                   Group #2:      782   66  782                       3e-16  1.8e-16
                   Group #3:      782   66  782                     3.2e-16  1.4e-16
                   Group #4:      782   66  782                     2.8e-16  1.4e-16
                   Group #5:      782   66  782                     3.5e-16  1.4e-16
                   Group #6:      782   66  782                     2.2e-16  1.3e-16
-------    当前进度:  74 % - 组装稀疏模式
Memory: 2819/3907 4104/4137
-------    当前进度:  74 % - 组装矩阵
Memory: 2838/3907 4123/4137
-------    当前进度:  74 % - 组装稀疏模式
Memory: 2821/3907 4106/4140
-------    当前进度:  74 % - 组装矩阵
-------    当前进度:  74 % - 求解线性方程组
Memory: 2836/3907 4119/4153
-------    当前进度:  74 % - 组装矩阵
Memory: 2844/3907 4128/4153
  64        7680         120 out 4764  402 4764     2     0      0
                   Group #1:      794   67  794                     5.3e-16  3.3e-16
                   Group #2:      794   67  794                       3e-16  1.7e-16
                   Group #3:      794   67  794                       3e-16  1.2e-16
                   Group #4:      794   67  794                     2.5e-16  1.8e-16
                   Group #5:      794   67  794                     2.9e-16  1.2e-16
                   Group #6:      794   67  794                     3.2e-16  1.3e-16
-------    当前进度:  74 % - 组装稀疏模式
Memory: 2850/3907 4132/4163
-------    当前进度:  74 % - 组装矩阵
Memory: 2867/3907 4149/4163
-------    当前进度:  74 % - 组装稀疏模式
Memory: 2851/3907 4133/4166
-------    当前进度:  74 % - 组装矩阵
Memory: 2852/3907 4134/4166
-------    当前进度:  74 % - 求解线性方程组
Memory: 2853/3907 4135/4168
-------    当前进度:  74 % - 组装矩阵
-------    当前进度:  74 % - 求解线性方程组
-------    当前进度:  74 % - 组装矩阵
-------    当前进度:  74 % - 求解线性方程组
Memory: 2876/3907 4144/4177
-------    当前进度:  74 % - 组装矩阵
Memory: 2888/3907 4158/4177
  65        7800         120 out 4836  408 4836     2     0      0
                   Group #1:      806   68  806                       5e-16  3.2e-16
                   Group #2:      806   68  806                       3e-16  1.9e-16
                   Group #3:      806   68  806                     3.3e-16  1.3e-16
                   Group #4:      806   68  806                     2.7e-16  2.2e-16
                   Group #5:      806   68  806                     2.6e-16  1.3e-16
                   Group #6:      806   68  806                       3e-16  1.7e-16
-------    当前进度:  75 % - 组装矩阵
Memory: 2876/3907 4144/4177
-------    当前进度:  75 % - 矩阵分解
Memory: 2883/3907 4151/4177
-------    当前进度:  75 % - 组装矩阵
Memory: 2876/3907 4145/4177
-------    当前进度:  75 % - 组装稀疏模式
Memory: 2876/3907 4145/4178
-------    当前进度:  75 % - 组装矩阵
-------    当前进度:  75 % - 求解线性方程组
Memory: 2879/3907 4147/4180
-------    当前进度:  75 % - 组装矩阵
Memory: 2887/3907 4155/4180
  66        7920         120 out 4908  414 4908     2     0      0
                   Group #1:      818   69  818                     5.6e-16  3.6e-16
                   Group #2:      818   69  818                     2.9e-16  1.7e-16
                   Group #3:      818   69  818                     3.4e-16  1.4e-16
                   Group #4:      818   69  818                     2.7e-16  1.8e-16
                   Group #5:      818   69  818                     2.8e-16  1.2e-16
                   Group #6:      818   69  818                     2.9e-16  1.3e-16
  67        8040         120 out 4980  420 4980     2     0      0
                   Group #1:      830   70  830                     4.2e-16  3.7e-16
                   Group #2:      830   70  830                     3.3e-16  1.9e-16
                   Group #3:      830   70  830                     3.9e-16  1.8e-16
                   Group #4:      830   70  830                     2.4e-16  1.4e-16
                   Group #5:      830   70  830                     2.8e-16  1.1e-16
                   Group #6:      830   70  830                     2.6e-16  1.2e-16
-------    当前进度:  75 % - 矩阵分解
Memory: 2904/3907 4172/4198
-------    当前进度:  75 % - 组装矩阵
Memory: 2898/3907 4166/4198
-------    当前进度:  75 % - 求解线性方程组
Memory: 2911/3907 4179/4204
-------    当前进度:  75 % - 组装矩阵
Memory: 2904/3907 4172/4204
-------    当前进度:  75 % - 求解线性方程组
Memory: 2909/3907 4177/4210
-------    当前进度:  75 % - 组装矩阵
Memory: 2917/3907 4185/4210
  68        8160         120 out 5052  426 5052     2     0      0
                   Group #1:      842   71  842                     5.3e-16  3.7e-16
                   Group #2:      842   71  842                     3.1e-16  1.8e-16
                   Group #3:      842   71  842                     3.2e-16  1.4e-16
                   Group #4:      842   71  842                     2.6e-16  1.4e-16
                   Group #5:      842   71  842                     3.5e-16  1.3e-16
                   Group #6:      842   71  842                     2.7e-16  1.4e-16
-------    当前进度:  76 % - 组装矩阵
Memory: 2916/3907 4183/4216
-------    当前进度:  76 % - 
-------    当前进度:  76 % - 组装矩阵
Memory: 2933/3907 4200/4216
-------    当前进度:  76 % - 组装稀疏模式
Memory: 2918/3907 4185/4218
-------    当前进度:  76 % - 组装矩阵
Memory: 2920/3907 4186/4218
-------    当前进度:  76 % - 求解线性方程组
Memory: 2923/3907 4189/4220
-------    当前进度:  76 % - 组装矩阵
-------    当前进度:  76 % - 求解线性方程组
Memory: 2935/3907 4203/4230
-------    当前进度:  76 % - 组装矩阵
Memory: 2932/3907 4198/4230
  69        8280         120 out 5118  432 5118     2     0      0
                   Group #1:      853   72  853                       6e-16    4e-16
                   Group #2:      853   72  853                     2.9e-16  1.7e-16
                   Group #3:      853   72  853                     3.7e-16  1.5e-16
                   Group #4:      853   72  853                     2.5e-16  1.5e-16
                   Group #5:      853   72  853                       3e-16  1.1e-16
                   Group #6:      853   72  853                     3.1e-16  1.4e-16
-------    当前进度:  76 % - 组装稀疏模式
Memory: 2939/3907 4202/4235
-------    当前进度:  76 % - 组装矩阵
Memory: 2955/3907 4218/4235
-------    当前进度:  76 % - 求解线性方程组
Memory: 2947/3907 4210/4243
-------    当前进度:  76 % - 组装矩阵
Memory: 2948/3907 4210/4243
-------    当前进度:  76 % - 求解线性方程组
Memory: 2948/3907 4210/4244
-------    当前进度:  76 % - 组装矩阵
-------    当前进度:  76 % - 求解线性方程组
Memory: 2948/3907 4211/4244
-------    当前进度:  76 % - 组装矩阵
  70        8400         120 out 5196  438 5196     2     0      0
                   Group #1:      866   73  866                     4.9e-16  3.5e-16
                   Group #2:      866   73  866                     3.4e-16    2e-16
                   Group #3:      866   73  866                     3.3e-16  1.4e-16
                   Group #4:      866   73  866                     2.3e-16  1.4e-16
                   Group #5:      866   73  866                     3.2e-16  1.3e-16
                   Group #6:      866   73  866                     3.2e-16  1.4e-16
-------    当前进度:  76 % - 组装稀疏模式
Memory: 2950/3907 4213/4246
-------    当前进度:  76 % - 组装矩阵
Memory: 2966/3907 4229/4246
-------    当前进度:  76 % - 约束处理
Memory: 2951/3907 4213/4247
-------    当前进度:  76 % - 组装矩阵
Memory: 2952/3907 4214/4247
-------    当前进度:  76 % - 求解线性方程组
Memory: 2953/3907 4216/4249
-------    当前进度:  76 % - 组装矩阵
Memory: 2970/3907 4232/4249
-------    当前进度:  76 % - 求解线性方程组
Memory: 2954/3907 4217/4250
-------    当前进度:  76 % - 组装矩阵
-------    当前进度:  76 % - 求解线性方程组
Memory: 2957/3907 4219/4252
-------    当前进度:  76 % - 组装矩阵
Memory: 2959/3907 4221/4252
-------    当前进度:  76 % - 求解线性方程组
Memory: 2959/3907 4221/4255
-------    当前进度:  76 % - 组装矩阵
  71        8520         120 out 5268  444 5268     2     0      0
                   Group #1:      878   74  878                     5.6e-16  3.5e-16
                   Group #2:      878   74  878                     3.6e-16  2.1e-16
                   Group #3:      878   74  878                     3.1e-16  1.4e-16
                   Group #4:      878   74  878                       3e-16  1.5e-16
                   Group #5:      878   74  878                       3e-16  1.2e-16
                   Group #6:      878   74  878                     2.8e-16  1.4e-16
-------    当前进度:  77 % - 组装矩阵
Memory: 2966/3907 4228/4256
-------    当前进度:  77 % - 组装稀疏模式
Memory: 2961/3907 4223/4256
-------    当前进度:  77 % - 组装矩阵
Memory: 2979/3907 4242/4256
-------    当前进度:  77 % - 求解线性方程组
Memory: 2968/3907 4231/4256
-------    当前进度:  77 % - 组装矩阵
Memory: 2961/3907 4224/4256
-------    当前进度:  77 % - 求解线性方程组
Memory: 2964/3907 4226/4258
-------    当前进度:  77 % - 组装矩阵
Memory: 2962/3907 4224/4259
  72        8640         120 out 5340  450 5340     2     0      0
                   Group #1:      890   75  890                     4.5e-16  3.2e-16
                   Group #2:      890   75  890                     3.2e-16  1.9e-16
                   Group #3:      890   75  890                     3.7e-16  1.5e-16
                   Group #4:      890   75  890                     2.7e-16  1.5e-16
                   Group #5:      890   75  890                     3.6e-16  1.3e-16
                   Group #6:      890   75  890                     2.7e-16  1.5e-16
  73        8760         120 out 5412  456 5412     2     0      0
                   Group #1:      902   76  902                     4.4e-16  3.2e-16
                   Group #2:      902   76  902                       3e-16  1.9e-16
                   Group #3:      902   76  902                     3.1e-16  1.5e-16
                   Group #4:      902   76  902                     2.3e-16  1.4e-16
                   Group #5:      902   76  902                     3.6e-16  1.5e-16
                   Group #6:      902   76  902                     3.1e-16  1.3e-16
-------    当前进度:  77 % - 组装稀疏模式
Memory: 2999/3907 4261/4295
-------    当前进度:  77 % - 组装矩阵
Memory: 3024/3907 4291/4295
-------    当前进度:  77 % - 组装稀疏模式
Memory: 3000/3907 4262/4296
-------    当前进度:  77 % - 组装矩阵
-------    当前进度:  77 % - 求解线性方程组
Memory: 2531/3907 4264/4298
-------    当前进度:  77 % - 组装矩阵
-------    当前进度:  77 % - 求解线性方程组
Memory: 2532/3907 4265/4299
-------    当前进度:  77 % - 组装矩阵
-------    当前进度:  77 % - 求解线性方程组
Memory: 2536/3907 4269/4302
-------    当前进度:  77 % - 组装矩阵
Memory: 2552/3907 4286/4302
-------    当前进度:  77 % - 求解线性方程组
Memory: 2536/3907 4269/4303
-------    当前进度:  77 % - 组装矩阵
Memory: 2553/3907 4286/4303
  74        8880         120 out 5484  462 5484     2     0      0
                   Group #1:      914   77  914                     4.6e-16  3.3e-16
                   Group #2:      914   77  914                     2.9e-16  1.8e-16
                   Group #3:      914   77  914                     4.1e-16  1.8e-16
                   Group #4:      914   77  914                     2.7e-16  1.5e-16
                   Group #5:      914   77  914                     3.1e-16  1.2e-16
                   Group #6:      914   77  914                     2.5e-16  1.4e-16
-------    当前进度:  78 % - 组装矩阵
Memory: 2536/3907 4270/4303
-------    当前进度:  78 % - 矩阵分解
Memory: 2539/3907 4272/4304
-------    当前进度:  78 % - 组装矩阵
-------    当前进度:  78 % - 求解线性方程组
Memory: 2541/3907 4274/4307
-------    当前进度:  78 % - 组装矩阵
  75        9000         120 out 5556  468 5556     2     0      0
                   Group #1:      926   78  926                     4.9e-16  3.5e-16
                   Group #2:      926   78  926                       3e-16  1.9e-16
                   Group #3:      926   78  926                     3.1e-16  1.6e-16
                   Group #4:      926   78  926                     2.5e-16    2e-16
                   Group #5:      926   78  926                     3.2e-16  1.3e-16
                   Group #6:      926   78  926                     2.7e-16  1.4e-16
-------    当前进度:  78 % - 矩阵分解
Memory: 2555/3907 4288/4314
-------    当前进度:  78 % - 组装矩阵
Memory: 2548/3907 4281/4314
-------    当前进度:  78 % - 约束处理
Memory: 2549/3907 4282/4315
-------    当前进度:  78 % - 组装矩阵
Memory: 2550/3907 4283/4315
-------    当前进度:  78 % - 求解线性方程组
Memory: 2550/3907 4283/4317
-------    当前进度:  78 % - 组装矩阵
-------    当前进度:  78 % - 求解线性方程组
-------    当前进度:  78 % - 组装矩阵
Memory: 2552/3907 4285/4317
  76        9120         120 out 5634  474 5634     2     0      0
                   Group #1:      939   79  939                     5.4e-16  3.6e-16
                   Group #2:      939   79  939                     2.6e-16  1.6e-16
                   Group #3:      939   79  939                       3e-16  1.3e-16
                   Group #4:      939   79  939                     2.7e-16  2.5e-16
                   Group #5:      939   79  939                     2.8e-16  1.2e-16
                   Group #6:      939   79  939                     2.5e-16  1.3e-16
-------    当前进度:  78 % - 
Memory: 2561/3907 4294/4326
-------    当前进度:  78 % - 组装矩阵
Memory: 2578/3907 4311/4326
-------    当前进度:  78 % - 组装稀疏模式
Memory: 2561/3907 4294/4326
-------    当前进度:  78 % - 组装矩阵
Memory: 2579/3907 4313/4326
-------    当前进度:  78 % - 组装稀疏模式
Memory: 2562/3907 4295/4328
-------    当前进度:  78 % - 组装矩阵
Memory: 2563/3907 4296/4328
-------    当前进度:  78 % - 求解线性方程组
Memory: 2581/3907 4314/4343
-------    当前进度:  78 % - 组装矩阵
  77        9240         120 out 5706  480 5706     2     0      0
                   Group #1:      951   80  951                     4.5e-16  3.1e-16
                   Group #2:      951   80  951                       3e-16  1.8e-16
                   Group #3:      951   80  951                     3.3e-16  1.5e-16
                   Group #4:      951   80  951                     2.5e-16    2e-16
                   Group #5:      951   80  951                     2.8e-16  1.2e-16
                   Group #6:      951   80  951                       3e-16  1.3e-16
-------    当前进度:  79 % - 组装矩阵
Memory: 2588/3907 4321/4354
-------    当前进度:  79 % - 组装稀疏模式
-------    当前进度:  79 % - 组装矩阵
Memory: 2607/3907 4339/4354
-------    当前进度:  79 % - 组装稀疏模式
Memory: 2588/3907 4321/4354
-------    当前进度:  79 % - 组装矩阵
-------    当前进度:  79 % - 矩阵分解
Memory: 2591/3907 4323/4354
-------    当前进度:  79 % - 组装矩阵
Memory: 2597/3907 4329/4355
-------    当前进度:  79 % - 求解线性方程组
Memory: 2592/3907 4324/4358
-------    当前进度:  79 % - 组装矩阵
  78        9360         120 out 5778  486 5778     2     0      0
                   Group #1:      963   81  963                     4.9e-16  3.4e-16
                   Group #2:      963   81  963                     2.8e-16  1.7e-16
                   Group #3:      963   81  963                     3.4e-16  1.6e-16
                   Group #4:      963   81  963                     2.9e-16  1.3e-16
                   Group #5:      963   81  963                     2.3e-16  1.3e-16
                   Group #6:      963   81  963                     2.7e-16  1.4e-16
-------    当前进度:  79 % - 求解线性方程组
Memory: 2605/3907 4337/4363
-------    当前进度:  79 % - 组装矩阵
Memory: 2598/3907 4330/4363
-------    当前进度:  79 % - 求解线性方程组
Memory: 2600/3907 4332/4365
-------    当前进度:  79 % - 组装矩阵
-------    当前进度:  79 % - 求解线性方程组
Memory: 2602/3907 4334/4367
-------    当前进度:  79 % - 组装矩阵
-------    当前进度:  79 % - 求解线性方程组
-------    当前进度:  79 % - 组装矩阵
-------    当前进度:  79 % - 求解线性方程组
Memory: 2607/3907 4339/4369
-------    当前进度:  79 % - 组装矩阵
Memory: 2604/3907 4336/4369
-------    当前进度:  79 % - 求解线性方程组
Memory: 2606/3907 4338/4372
-------    当前进度:  79 % - 组装矩阵
  79        9480         120 out 5850  492 5850     2     0      0
                   Group #1:      975   82  975                       5e-16  3.5e-16
                   Group #2:      975   82  975                     3.3e-16    2e-16
                   Group #3:      975   82  975                     3.5e-16  1.5e-16
                   Group #4:      975   82  975                     2.6e-16  1.7e-16
                   Group #5:      975   82  975                     2.8e-16  1.3e-16
                   Group #6:      975   82  975                     3.1e-16  1.3e-16
--------   当前进度:  80 % - 组装矩阵
Memory: 2607/3907 4339/4373
--------   当前进度:  80 % - 组装稀疏模式
Memory: 2628/3907 4361/4373
--------   当前进度:  80 % - 组装矩阵
Memory: 2624/3907 4357/4373
--------   当前进度:  80 % - 矩阵分解
Memory: 2614/3907 4346/4373
--------   当前进度:  80 % - 组装矩阵
Memory: 2608/3907 4339/4373
--------   当前进度:  80 % - 组装稀疏模式
Memory: 2608/3907 4340/4374
--------   当前进度:  80 % - 组装矩阵
  80        9600         120 out 5922  498 5922     2     0      0
                   Group #1:      987   83  987                       5e-16  3.6e-16
                   Group #2:      987   83  987                     2.9e-16  1.9e-16
                   Group #3:      987   83  987                     3.1e-16  1.4e-16
                   Group #4:      987   83  987                     2.9e-16  1.6e-16
                   Group #5:      987   83  987                     2.7e-16  1.4e-16
                   Group #6:      987   83  987                     2.9e-16  1.4e-16
--------   当前进度:  80 % - 组装稀疏模式
Memory: 2618/3907 4350/4383
--------   当前进度:  80 % - 组装矩阵
Memory: 2634/3907 4366/4383
--------   当前进度:  80 % - 组装稀疏模式
Memory: 2618/3907 4350/4384
--------   当前进度:  80 % - 组装矩阵
Memory: 2620/3907 4352/4384
--------   当前进度:  80 % - 求解线性方程组
Memory: 2620/3907 4352/4385
--------   当前进度:  80 % - 组装矩阵
--------   当前进度:  80 % - 求解线性方程组
Memory: 2634/3907 4366/4400
--------   当前进度:  80 % - 组装矩阵
Memory: 2642/3907 4375/4400
  81        9720         120 out 5982  504 5982     2     0      0
                   Group #1:      997   84  997                     5.2e-16  3.7e-16
                   Group #2:      997   84  997                     2.5e-16  1.7e-16
                   Group #3:      997   84  997                     2.8e-16  1.3e-16
                   Group #4:      997   84  997                       3e-16  1.5e-16
                   Group #5:      997   84  997                     2.2e-16  1.1e-16
                   Group #6:      997   84  997                       3e-16  1.4e-16
--------   当前进度:  80 % - 组装稀疏模式
Memory: 2636/3907 4368/4402
--------   当前进度:  80 % - 组装矩阵
--------   当前进度:  80 % - 求解线性方程组
Memory: 2651/3907 4388/4423
--------   当前进度:  80 % - 组装矩阵
Memory: 2651/3907 4384/4423
--------   当前进度:  80 % - 求解线性方程组
--------   当前进度:  80 % - 组装矩阵
Memory: 2669/3907 4402/4423
--------   当前进度:  80 % - 求解线性方程组
Memory: 2651/3907 4384/4423
--------   当前进度:  80 % - 组装矩阵
Memory: 2652/3907 4385/4423
  82        9840         120 out 6054  510 6054     2     0      0
                   Group #1:     1009   85 1009                       7e-16  4.4e-16
                   Group #2:     1009   85 1009                     2.6e-16  1.8e-16
                   Group #3:     1009   85 1009                     2.9e-16  1.5e-16
                   Group #4:     1009   85 1009                     2.8e-16  1.3e-16
                   Group #5:     1009   85 1009                     3.4e-16  1.8e-16
                   Group #6:     1009   85 1009                     2.9e-16  1.2e-16
--------   当前进度:  81 % - 组装矩阵
Memory: 2655/3907 4392/4432
--------   当前进度:  81 % - 组装稀疏模式
Memory: 2656/3907 4388/4432
--------   当前进度:  81 % - 组装矩阵
Memory: 2657/3907 4390/4432
--------   当前进度:  81 % - 求解线性方程组
Memory: 2658/3907 4391/4432
--------   当前进度:  81 % - 组装矩阵
--------   当前进度:  81 % - 求解线性方程组
Memory: 2663/3907 4395/4432
--------   当前进度:  81 % - 组装矩阵
  83        9960         120 out 6126  516 6126     2     0      0
                   Group #1:     1021   86 1021                     4.8e-16  3.5e-16
                   Group #2:     1021   86 1021                     3.1e-16    2e-16
                   Group #3:     1021   86 1021                     2.7e-16  1.3e-16
                   Group #4:     1021   86 1021                       3e-16  1.6e-16
                   Group #5:     1021   86 1021                     2.7e-16  1.1e-16
                   Group #6:     1021   86 1021                     2.5e-16  1.4e-16
--------   当前进度:  81 % - 组装稀疏模式
Memory: 2678/3907 4412/4432
--------   当前进度:  81 % - 组装矩阵
Memory: 2681/3907 4414/4432
--------   当前进度:  81 % - 矩阵分解
Memory: 2672/3907 4405/4432
--------   当前进度:  81 % - 组装矩阵
Memory: 2665/3907 4398/4432
--------   当前进度:  81 % - 求解线性方程组
Memory: 2670/3907 4407/4446
--------   当前进度:  81 % - 组装矩阵
  84       10080         120 out 6192  522 6192     2     0      0
                   Group #1:     1032   87 1032                     4.8e-16  3.3e-16
                   Group #2:     1032   87 1032                     2.8e-16  2.1e-16
                   Group #3:     1032   87 1032                     4.5e-16  1.8e-16
                   Group #4:     1032   87 1032                     3.1e-16  1.7e-16
                   Group #5:     1032   87 1032                     2.8e-16  1.2e-16
                   Group #6:     1032   87 1032                     3.2e-16  1.3e-16
--------   当前进度:  81 % - 组装稀疏模式
Memory: 2674/3907 4407/4451
--------   当前进度:  81 % - 组装矩阵
Memory: 2690/3907 4424/4451
--------   当前进度:  81 % - 求解线性方程组
Memory: 2682/3907 4418/4454
--------   当前进度:  81 % - 组装矩阵
Memory: 2682/3907 4414/4454
  85       10200         120 out 6246  528 6246     2     0      0
                   Group #1:     1041   88 1041                     4.8e-16  3.2e-16
                   Group #2:     1041   88 1041                     3.6e-16  2.1e-16
                   Group #3:     1041   88 1041                     3.1e-16  1.5e-16
                   Group #4:     1041   88 1041                     2.9e-16  1.4e-16
                   Group #5:     1041   88 1041                     3.4e-16  1.3e-16
                   Group #6:     1041   88 1041                     3.4e-16  1.4e-16
--------   当前进度:  82 % - 组装矩阵
Memory: 2684/3907 4420/4465
--------   当前进度:  82 % - 组装稀疏模式
--------   当前进度:  82 % - 组装矩阵
Memory: 2700/3907 4437/4465
--------   当前进度:  82 % - 求解线性方程组
Memory: 2702/3907 4447/4480
--------   当前进度:  82 % - 组装矩阵
Memory: 2703/3907 4448/4480
  86       10320         120 out 6306  534 6306     2     0      0
                   Group #1:     1051   89 1051                     4.4e-16  3.1e-16
                   Group #2:     1051   89 1051                     3.2e-16  2.1e-16
                   Group #3:     1051   89 1051                     3.1e-16  1.5e-16
                   Group #4:     1051   89 1051                     3.2e-16  1.3e-16
                   Group #5:     1051   89 1051                     2.6e-16  1.2e-16
                   Group #6:     1051   89 1051                     2.5e-16  1.2e-16
  87       10440         120 out 6366  540 6366     2     0      0
                   Group #1:     1061   90 1061                     5.1e-16  3.7e-16
                   Group #2:     1061   90 1061                       3e-16    2e-16
                   Group #3:     1061   90 1061                       3e-16  1.4e-16
                   Group #4:     1061   90 1061                     3.3e-16  1.4e-16
                   Group #5:     1061   90 1061                     3.8e-16  1.6e-16
                   Group #6:     1061   90 1061                     3.2e-16  1.3e-16
--------   当前进度:  82 % - 求解线性方程组
Memory: 2725/3907 4465/4502
--------   当前进度:  82 % - 组装矩阵
--------   当前进度:  82 % - 求解线性方程组
Memory: 2728/3907 4465/4502
--------   当前进度:  82 % - 组装矩阵
Memory: 2729/3907 4461/4502
--------   当前进度:  82 % - 求解线性方程组
Memory: 2731/3907 4457/4502
--------   当前进度:  82 % - 组装矩阵
Memory: 2731/3907 4469/4502
  88       10560         120 out 6444  546 6444     2     0      0
                   Group #1:     1074   91 1074                     4.2e-16  3.1e-16
                   Group #2:     1074   91 1074                     3.2e-16  1.8e-16
                   Group #3:     1074   91 1074                     3.1e-16  1.3e-16
                   Group #4:     1074   91 1074                     2.7e-16  2.2e-16
                   Group #5:     1074   91 1074                     3.6e-16  1.4e-16
                   Group #6:     1074   91 1074                       3e-16  1.4e-16
--------   当前进度:  83 % - 组装矩阵
Memory: 2735/3907 4465/4505
--------   当前进度:  83 % - 组装稀疏模式
Memory: 2755/3907 4486/4505
--------   当前进度:  83 % - 组装矩阵
Memory: 2755/3907 4485/4505
--------   当前进度:  83 % - 
Memory: 2754/3907 4484/4505
--------   当前进度:  83 % - 组装矩阵
Memory: 2753/3907 4482/4505
--------   当前进度:  83 % - 矩阵分解
Memory: 2737/3907 4475/4507
--------   当前进度:  83 % - 组装矩阵
--------   当前进度:  83 % - 求解线性方程组
Memory: 2751/3907 4481/4513
--------   当前进度:  83 % - 组装矩阵
Memory: 2748/3907 4478/4513
  89       10680         120 out 6522  552 6522     2     0      0
                   Group #1:     1087   92 1087                     4.6e-16  3.3e-16
                   Group #2:     1087   92 1087                     3.3e-16    2e-16
                   Group #3:     1087   92 1087                     3.5e-16  1.5e-16
                   Group #4:     1087   92 1087                     2.6e-16  2.2e-16
                   Group #5:     1087   92 1087                     2.9e-16  1.5e-16
                   Group #6:     1087   92 1087                       3e-16  1.3e-16
--------   当前进度:  83 % - 组装稀疏模式
Memory: 2747/3907 4480/4519
--------   当前进度:  83 % - 组装矩阵
Memory: 2763/3907 4497/4519
--------   当前进度:  83 % - 求解线性方程组
Memory: 2751/3907 4488/4522
--------   当前进度:  83 % - 组装矩阵
  90       10800         120 out 6594  558 6594     2     0      0
                   Group #1:     1099   93 1099                     5.2e-16  3.5e-16
                   Group #2:     1099   93 1099                     3.2e-16  1.9e-16
                   Group #3:     1099   93 1099                       4e-16  1.5e-16
                   Group #4:     1099   93 1099                     2.8e-16  1.7e-16
                   Group #5:     1099   93 1099                     3.5e-16  1.5e-16
                   Group #6:     1099   93 1099                     2.7e-16  1.3e-16
--------   当前进度:  83 % - 
Memory: 2763/3907 4492/4534
--------   当前进度:  83 % - 组装矩阵
Memory: 2779/3907 4509/4534
--------   当前进度:  83 % - 求解线性方程组
Memory: 2772/3907 4497/4542
--------   当前进度:  83 % - 组装矩阵
Memory: 2774/3907 4499/4542
--------   当前进度:  83 % - 求解线性方程组
Memory: 2779/3907 4505/4542
--------   当前进度:  83 % - 组装矩阵
Memory: 2774/3907 4499/4542
  91       10920         120 out 6660  564 6660     2     0      0
                   Group #1:     1110   94 1110                     5.3e-16  3.5e-16
                   Group #2:     1110   94 1110                     3.2e-16  1.7e-16
                   Group #3:     1110   94 1110                     4.4e-16  1.9e-16
                   Group #4:     1110   94 1110                     2.8e-16  1.4e-16
                   Group #5:     1110   94 1110                     2.7e-16  1.4e-16
                   Group #6:     1110   94 1110                     2.6e-16  1.3e-16
--------   当前进度:  84 % - 组装矩阵
Memory: 2784/3907 4510/4554
--------   当前进度:  84 % - 组装稀疏模式
Memory: 2786/3907 4512/4554
--------   当前进度:  84 % - 组装矩阵
Memory: 2801/3907 4528/4554
--------   当前进度:  84 % - 矩阵分解
Memory: 2791/3907 4517/4554
--------   当前进度:  84 % - 组装矩阵
Memory: 2784/3907 4522/4554
--------   当前进度:  84 % - 组装稀疏模式
Memory: 2784/3907 4518/4556
--------   当前进度:  84 % - 组装矩阵
--------   当前进度:  84 % - 求解线性方程组
Memory: 2790/3907 4524/4562
--------   当前进度:  84 % - 组装矩阵
  92       11040         120 out 6732  570 6732     2     0      0
                   Group #1:     1122   95 1122                     5.1e-16  3.5e-16
                   Group #2:     1122   95 1122                     3.2e-16  1.9e-16
                   Group #3:     1122   95 1122                     2.3e-16    1e-16
                   Group #4:     1122   95 1122                     2.8e-16  1.5e-16
                   Group #5:     1122   95 1122                     3.1e-16  1.2e-16
                   Group #6:     1122   95 1122                       3e-16  1.3e-16
--------   当前进度:  84 % - 组装稀疏模式
Memory: 2796/3907 4523/4563
--------   当前进度:  84 % - 组装矩阵
Memory: 2809/3907 4535/4563
--------   当前进度:  84 % - 约束处理
Memory: 2803/3907 4529/4563
--------   当前进度:  84 % - 组装矩阵
Memory: 2793/3907 4535/4563
--------   当前进度:  84 % - 求解线性方程组
Memory: 2795/3907 4533/4567
--------   当前进度:  84 % - 组装矩阵
--------   当前进度:  84 % - 求解线性方程组
Memory: 2801/3907 4535/4572
--------   当前进度:  84 % - 组装矩阵
Memory: 2817/3907 4551/4572
  93       11160         120 out 6798  576 6798     2     0      0
                   Group #1:     1133   96 1133                     5.1e-16  3.4e-16
                   Group #2:     1133   96 1133                     3.2e-16  1.9e-16
                   Group #3:     1133   96 1133                     3.6e-16  1.6e-16
                   Group #4:     1133   96 1133                     3.1e-16  1.3e-16
                   Group #5:     1133   96 1133                     2.9e-16  1.2e-16
                   Group #6:     1133   96 1133                     3.1e-16  1.4e-16
--------   当前进度:  84 % - 组装稀疏模式
Memory: 2802/3907 4528/4572
--------   当前进度:  84 % - 组装矩阵
Memory: 2821/3907 4547/4572
--------   当前进度:  84 % - 求解线性方程组
Memory: 2812/3907 4535/4580
--------   当前进度:  84 % - 组装矩阵
--------   当前进度:  84 % - 求解线性方程组
Memory: 2822/3907 4556/4581
--------   当前进度:  84 % - 组装矩阵
Memory: 2815/3907 4549/4581
  94       11280         120 out 6864  582 6864     2     0      0
                   Group #1:     1144   97 1144                     4.7e-16    3e-16
                   Group #2:     1144   97 1144                     2.9e-16  1.7e-16
                   Group #3:     1144   97 1144                     2.6e-16  1.1e-16
                   Group #4:     1144   97 1144                       3e-16  1.7e-16
                   Group #5:     1144   97 1144                     3.2e-16  1.2e-16
                   Group #6:     1144   97 1144                     2.9e-16  1.7e-16
--------   当前进度:  85 % - 组装矩阵
Memory: 2815/3907 4545/4583
  95       11400         120 out 6942  588 6942     2     0      0
                   Group #1:     1157   98 1157                       5e-16  3.6e-16
                   Group #2:     1157   98 1157                     2.8e-16  1.8e-16
                   Group #3:     1157   98 1157                       3e-16  1.4e-16
                   Group #4:     1157   98 1157                     3.1e-16  1.6e-16
                   Group #5:     1157   98 1157                     3.5e-16  1.4e-16
                   Group #6:     1157   98 1157                     2.4e-16  1.4e-16
--------   当前进度:  85 % - 
Memory: 2837/3907 4564/4603
--------   当前进度:  85 % - 组装矩阵
Memory: 2846/3907 4573/4603
--------   当前进度:  85 % - 组装稀疏模式
Memory: 2858/3907 4585/4603
--------   当前进度:  85 % - 组装矩阵
Memory: 2853/3907 4580/4603
--------   当前进度:  85 % - 求解线性方程组
Memory: 2844/3907 4571/4603
--------   当前进度:  85 % - 组装矩阵
Memory: 2837/3907 4560/4603
--------   当前进度:  85 % - 组装稀疏模式
Memory: 2838/3907 4573/4610
--------   当前进度:  85 % - 组装矩阵
Memory: 2839/3907 4573/4610
--------   当前进度:  85 % - 求解线性方程组
Memory: 2848/3907 4583/4616
--------   当前进度:  85 % - 组装矩阵
  96       11520         120 out 7020  594 7020     2     0      0
                   Group #1:     1170   99 1170                     4.7e-16  3.5e-16
                   Group #2:     1170   99 1170                     3.1e-16  1.9e-16
                   Group #3:     1170   99 1170                     2.7e-16  1.2e-16
                   Group #4:     1170   99 1170                     2.9e-16  1.4e-16
                   Group #5:     1170   99 1170                     3.1e-16  1.2e-16
                   Group #6:     1170   99 1170                     3.3e-16  1.4e-16
--------   当前进度:  85 % - 求解线性方程组
Memory: 2869/3907 4614/4651
--------   当前进度:  85 % - 组装矩阵
--------   当前进度:  85 % - 求解线性方程组
--------   当前进度:  85 % - 组装矩阵
--------   当前进度:  85 % - 求解线性方程组
Memory: 2874/3907 4619/4651
  97       11640         120 out 7098  600 7098     2     0      0
                   Group #1:     1183  100 1183                     5.2e-16  3.4e-16
                   Group #2:     1183  100 1183                     3.3e-16  2.1e-16
                   Group #3:     1183  100 1183                     3.2e-16  1.4e-16
                   Group #4:     1183  100 1183                     2.8e-16  1.4e-16
                   Group #5:     1183  100 1183                     3.3e-16  1.2e-16
                   Group #6:     1183  100 1183                     2.7e-16  1.4e-16
--------   当前进度:  86 % - 组装矩阵
Memory: 2869/3907 4614/4651
--------   当前进度:  86 % - 求解线性方程组
Memory: 2868/3907 4610/4651
--------   当前进度:  86 % - 组装矩阵
--------   当前进度:  86 % - 求解线性方程组
Memory: 2870/3907 4607/4651
--------   当前进度:  86 % - 组装矩阵
--------   当前进度:  86 % - 求解线性方程组
Memory: 2873/3907 4609/4651
--------   当前进度:  86 % - 组装矩阵
Memory: 2890/3907 4623/4651
--------   当前进度:  86 % - 求解线性方程组
Memory: 2874/3907 4604/4651
--------   当前进度:  86 % - 组装矩阵
Memory: 2874/3907 4600/4651
  98       11760         120 out 7176  606 7176     2     0      0
                   Group #1:     1196  101 1196                     4.8e-16  3.2e-16
                   Group #2:     1196  101 1196                     2.8e-16  1.7e-16
                   Group #3:     1196  101 1196                     3.2e-16  1.3e-16
                   Group #4:     1196  101 1196                     2.9e-16  1.4e-16
                   Group #5:     1196  101 1196                     3.2e-16  1.2e-16
                   Group #6:     1196  101 1196                     2.7e-16  1.4e-16
--------   当前进度:  86 % - 
Memory: 2875/3907 4605/4651
--------   当前进度:  86 % - 组装矩阵
Memory: 2892/3907 4622/4651
--------   当前进度:  86 % - 组装稀疏模式
Memory: 2875/3907 4605/4651
--------   当前进度:  86 % - 组装矩阵
Memory: 2892/3907 4622/4651
--------   当前进度:  86 % - 矩阵分解
Memory: 2886/3907 4616/4651
--------   当前进度:  86 % - 组装矩阵
Memory: 2876/3907 4606/4651
--------   当前进度:  86 % - 组装稀疏模式
Memory: 2877/3907 4606/4651
--------   当前进度:  86 % - 组装矩阵
Memory: 2878/3907 4608/4651
--------   当前进度:  86 % - 求解线性方程组
Memory: 2882/3907 4611/4651
--------   当前进度:  86 % - 组装矩阵
  99       11880         120 out 7260  612 7260     2     0      0
                   Group #1:     1210  102 1210                     5.1e-16  3.3e-16
                   Group #2:     1210  102 1210                       3e-16  1.8e-16
                   Group #3:     1210  102 1210                     2.8e-16  1.2e-16
                   Group #4:     1210  102 1210                     2.8e-16    2e-16
                   Group #5:     1210  102 1210                     3.1e-16  1.1e-16
                   Group #6:     1210  102 1210                     2.6e-16  1.3e-16
--------   当前进度:  86 % - 组装稀疏模式
Memory: 2896/3907 4625/4657
--------   当前进度:  86 % - 组装矩阵
Memory: 2913/3907 4642/4657
--------   当前进度:  86 % - 求解线性方程组
Memory: 2903/3907 4624/4665
--------   当前进度:  86 % - 组装矩阵
Memory: 2920/3907 4641/4665
--------   当前进度:  86 % - 求解线性方程组
Memory: 2905/3907 4625/4665
--------   当前进度:  86 % - 组装矩阵
--------   当前进度:  86 % - 求解线性方程组
Memory: 2909/3907 4629/4665
--------   当前进度:  86 % - 组装矩阵
 100       12000         120 out 7332  618 7332     2     0      0
                   Group #1:     1222  103 1222                     4.7e-16  3.4e-16
                   Group #2:     1222  103 1222                     3.3e-16    2e-16
                   Group #3:     1222  103 1222                       3e-16  1.3e-16
                   Group #4:     1222  103 1222                     2.8e-16  1.8e-16
                   Group #5:     1222  103 1222                     2.9e-16  1.2e-16
                   Group #6:     1222  103 1222                     3.3e-16  1.3e-16
--------   当前进度:  87 % - 组装矩阵
Memory: 2914/3907 4635/4665
--------   当前进度:  87 % - 
Memory: 2909/3907 4629/4665
--------   当前进度:  87 % - 组装矩阵
Memory: 2918/3907 4638/4665
--------   当前进度:  87 % - 组装稀疏模式
Memory: 2909/3907 4629/4665
--------   当前进度:  87 % - 组装矩阵
Memory: 2928/3907 4648/4665
--------   当前进度:  87 % - 求解线性方程组
Memory: 2911/3907 4632/4665
--------   当前进度:  87 % - 组装矩阵
Memory: 2910/3907 4630/4665
 101       12120         120 out 7404  624 7404     2     0      0
                   Group #1:     1234  104 1234                     5.3e-16  3.6e-16
                   Group #2:     1234  104 1234                     3.4e-16  2.1e-16
                   Group #3:     1234  104 1234                     3.1e-16  1.5e-16
                   Group #4:     1234  104 1234                     2.8e-16  1.5e-16
                   Group #5:     1234  104 1234                       3e-16  1.3e-16
                   Group #6:     1234  104 1234                     2.8e-16  1.5e-16
--------   当前进度:  87 % - 组装稀疏模式
Memory: 2917/3907 4643/4683
--------   当前进度:  87 % - 组装矩阵
Memory: 2935/3907 4661/4683
--------   当前进度:  87 % - 求解线性方程组
Memory: 2924/3907 4644/4683
--------   当前进度:  87 % - 组装矩阵
 102       12240         120 out 7470  630 7470     2     0      0
                   Group #1:     1245  105 1245                     4.7e-16  3.2e-16
                   Group #2:     1245  105 1245                       3e-16  1.8e-16
                   Group #3:     1245  105 1245                     4.2e-16  1.6e-16
                   Group #4:     1245  105 1245                     2.8e-16  1.4e-16
                   Group #5:     1245  105 1245                       3e-16  1.3e-16
                   Group #6:     1245  105 1245                     2.9e-16  1.3e-16
--------   当前进度:  88 % - 组装矩阵
Memory: 2928/3907 4648/4683
--------   当前进度:  88 % - 组装稀疏模式
--------   当前进度:  88 % - 组装矩阵
Memory: 2929/3907 4649/4683
--------   当前进度:  88 % - 求解线性方程组
Memory: 2932/3907 4652/4683
--------   当前进度:  88 % - 组装矩阵
--------   当前进度:  88 % - 求解线性方程组
Memory: 2933/3907 4653/4685
--------   当前进度:  88 % - 组装矩阵
 103       12360         120 out 7536  636 7536     2     0      0
                   Group #1:     1256  106 1256                     5.6e-16  3.8e-16
                   Group #2:     1256  106 1256                     3.3e-16  2.1e-16
                   Group #3:     1256  106 1256                     3.7e-16  1.8e-16
                   Group #4:     1256  106 1256                     3.2e-16  1.6e-16
                   Group #5:     1256  106 1256                     3.3e-16  1.4e-16
                   Group #6:     1256  106 1256                     2.6e-16  1.4e-16
--------   当前进度:  88 % - 求解线性方程组
Memory: 2947/3907 4667/4699
--------   当前进度:  88 % - 组装矩阵
Memory: 2949/3907 4668/4699
--------   当前进度:  88 % - 求解线性方程组
Memory: 2951/3907 4670/4704
--------   当前进度:  88 % - 组装矩阵
Memory: 2951/3907 4671/4704
--------   当前进度:  88 % - 求解线性方程组
Memory: 2965/3907 4685/4718
--------   当前进度:  88 % - 组装矩阵
 104       12480         120 out 7614  642 7614     2     0      0
                   Group #1:     1269  107 1269                     6.1e-16  4.2e-16
                   Group #2:     1269  107 1269                     3.3e-16  2.1e-16
                   Group #3:     1269  107 1269                     3.3e-16  1.5e-16
                   Group #4:     1269  107 1269                     3.4e-16  1.4e-16
                   Group #5:     1269  107 1269                     3.7e-16  1.5e-16
                   Group #6:     1269  107 1269                       3e-16  1.3e-16
--------   当前进度:  88 % - 组装稀疏模式
Memory: 2973/3907 4688/4722
--------   当前进度:  88 % - 组装矩阵
Memory: 2975/3907 4690/4722
--------   当前进度:  88 % - 求解线性方程组
Memory: 2976/3907 4690/4724
--------   当前进度:  88 % - 组装矩阵
 105       12600         120 out 7686  648 7686     2     0      0
                   Group #1:     1281  108 1281                     5.4e-16  3.4e-16
                   Group #2:     1281  108 1281                     3.2e-16    2e-16
                   Group #3:     1281  108 1281                     3.6e-16  1.9e-16
                   Group #4:     1281  108 1281                     3.1e-16  1.3e-16
                   Group #5:     1281  108 1281                       3e-16  1.2e-16
                   Group #6:     1281  108 1281                     3.2e-16  1.3e-16
--------   当前进度:  89 % - 组装矩阵
Memory: 2987/3907 4702/4730
--------   当前进度:  89 % - 矩阵分解
Memory: 2990/3907 4704/4730
--------   当前进度:  89 % - 组装矩阵
Memory: 2983/3907 4697/4730
--------   当前进度:  89 % - 组装稀疏模式
Memory: 2983/3907 4697/4731
--------   当前进度:  89 % - 组装矩阵
--------   当前进度:  89 % - 求解线性方程组
Memory: 2987/3907 4699/4733
--------   当前进度:  89 % - 组装矩阵
 106       12720         120 out 7770  654 7770     2     0      0
                   Group #1:     1295  109 1295                     5.2e-16  3.9e-16
                   Group #2:     1295  109 1295                       3e-16  1.9e-16
                   Group #3:     1295  109 1295                     2.8e-16  1.4e-16
                   Group #4:     1295  109 1295                     3.1e-16  1.7e-16
                   Group #5:     1295  109 1295                     3.1e-16  1.2e-16
                   Group #6:     1295  109 1295                       3e-16  1.3e-16
--------   当前进度:  89 % - 组装稀疏模式
Memory: 2996/3907 4708/4741
--------   当前进度:  89 % - 组装矩阵
Memory: 3013/3907 4726/4741
--------   当前进度:  89 % - 
Memory: 3019/3907 4731/4741
--------   当前进度:  89 % - 组装矩阵
Memory: 2996/3907 4708/4741
--------   当前进度:  89 % - 组装稀疏模式
Memory: 2996/3907 4708/4742
--------   当前进度:  89 % - 组装矩阵
--------   当前进度:  89 % - 求解线性方程组
Memory: 2998/3907 4710/4744
--------   当前进度:  89 % - 组装矩阵
--------   当前进度:  89 % - 求解线性方程组
Memory: 3001/3907 4713/4746
--------   当前进度:  89 % - 组装矩阵
--------   当前进度:  89 % - 求解线性方程组
Memory: 3002/3907 4713/4747
--------   当前进度:  89 % - 组装矩阵
 107       12840         120 out 7848  660 7848     2     0      0
                   Group #1:     1308  110 1308                     4.7e-16  3.1e-16
                   Group #2:     1308  110 1308                     2.8e-16  1.8e-16
                   Group #3:     1308  110 1308                     2.8e-16  1.5e-16
                   Group #4:     1308  110 1308                       3e-16  1.6e-16
                   Group #5:     1308  110 1308                     3.2e-16  1.3e-16
                   Group #6:     1308  110 1308                     2.8e-16  1.5e-16
--------   当前进度:  89 % - 
Memory: 3012/3907 4724/4757
--------   当前进度:  89 % - 组装矩阵
Memory: 3020/3907 4732/4757
--------   当前进度:  89 % - 
Memory: 3031/3907 4743/4757
--------   当前进度:  89 % - 组装矩阵
Memory: 3013/3907 4725/4757
--------   当前进度:  89 % - 组装稀疏模式
Memory: 3014/3907 4726/4759
--------   当前进度:  89 % - 组装矩阵
--------   当前进度:  89 % - 求解线性方程组
Memory: 3017/3907 4729/4761
--------   当前进度:  89 % - 组装矩阵
--------   当前进度:  89 % - 求解线性方程组
Memory: 3020/3907 4732/4764
--------   当前进度:  89 % - 组装矩阵
--------   当前进度:  89 % - 求解线性方程组
Memory: 3022/3907 4734/4767
--------   当前进度:  89 % - 组装矩阵
 108       12960         120 out 7908  666 7908     2     0      0
                   Group #1:     1318  111 1318                     5.3e-16  3.6e-16
                   Group #2:     1318  111 1318                     2.9e-16  1.9e-16
                   Group #3:     1318  111 1318                     3.2e-16  1.4e-16
                   Group #4:     1318  111 1318                     2.9e-16  1.6e-16
                   Group #5:     1318  111 1318                     2.6e-16  1.1e-16
                   Group #6:     1318  111 1318                     3.3e-16  1.4e-16
---------  当前进度:  90 % - 组装矩阵
Memory: 3034/3907 4746/4773
---------  当前进度:  90 % - 组装稀疏模式
Memory: 3049/3907 4761/4773
---------  当前进度:  90 % - 组装矩阵
Memory: 3046/3907 4759/4773
---------  当前进度:  90 % - 组装稀疏模式
Memory: 3030/3907 4742/4775
---------  当前进度:  90 % - 组装矩阵
Memory: 3031/3907 4743/4775
---------  当前进度:  90 % - 求解线性方程组
Memory: 3037/3907 4749/4778
---------  当前进度:  90 % - 组装矩阵
Memory: 3033/3907 4745/4778
 109       13080         120 out 7980  672 7980     2     0      0
                   Group #1:     1330  112 1330                     4.8e-16    3e-16
                   Group #2:     1330  112 1330                     2.4e-16  1.5e-16
                   Group #3:     1330  112 1330                     2.5e-16  1.1e-16
                   Group #4:     1330  112 1330                       3e-16  1.4e-16
                   Group #5:     1330  112 1330                     2.7e-16  1.1e-16
                   Group #6:     1330  112 1330                       3e-16  1.4e-16
---------  当前进度:  90 % - 组装稀疏模式
Memory: 3038/3907 4750/4783
---------  当前进度:  90 % - 组装矩阵
Memory: 3054/3907 4766/4783
---------  当前进度:  90 % - 求解线性方程组
Memory: 3045/3907 4757/4790
---------  当前进度:  90 % - 组装矩阵
 110       13200         120 out 8058  678 8058     2     0      0
                   Group #1:     1343  113 1343                     4.9e-16  3.2e-16
                   Group #2:     1343  113 1343                     3.1e-16  1.9e-16
                   Group #3:     1343  113 1343                     3.1e-16  1.3e-16
                   Group #4:     1343  113 1343                     2.6e-16  1.6e-16
                   Group #5:     1343  113 1343                     3.7e-16  1.3e-16
                   Group #6:     1343  113 1343                     3.3e-16  1.3e-16
---------  当前进度:  90 % - 组装稀疏模式
Memory: 3049/3907 4760/4793
---------  当前进度:  90 % - 组装矩阵
Memory: 3065/3907 4777/4793
---------  当前进度:  90 % - 矩阵分解
Memory: 3056/3907 4768/4793
---------  当前进度:  90 % - 组装矩阵
Memory: 3049/3907 4761/4793
---------  当前进度:  90 % - 求解线性方程组
Memory: 3051/3907 4763/4797
---------  当前进度:  90 % - 组装矩阵
---------  当前进度:  90 % - 求解线性方程组
Memory: 3054/3907 4765/4798
---------  当前进度:  90 % - 组装矩阵
Memory: 3054/3907 4766/4798
 111       13320         120 out 8130  684 8130     2     0      0
                   Group #1:     1355  114 1355                     4.1e-16  2.6e-16
                   Group #2:     1355  114 1355                     2.8e-16  1.7e-16
                   Group #3:     1355  114 1355                       4e-16  1.5e-16
                   Group #4:     1355  114 1355                     2.9e-16  2.2e-16
                   Group #5:     1355  114 1355                     3.5e-16  1.3e-16
                   Group #6:     1355  114 1355                     2.7e-16  1.4e-16
---------  当前进度:  91 % - 组装矩阵
Memory: 3061/3907 4773/4806
---------  当前进度:  91 % - 组装稀疏模式
Memory: 3063/3907 4775/4808
---------  当前进度:  91 % - 组装矩阵
---------  当前进度:  91 % - 求解线性方程组
Memory: 3072/3907 4784/4815
---------  当前进度:  91 % - 组装矩阵
Memory: 3072/3907 4784/4817
---------  当前进度:  91 % - 求解线性方程组
Memory: 3073/3907 4785/4818
---------  当前进度:  91 % - 组装矩阵
---------  当前进度:  91 % - 求解线性方程组
Memory: 3083/3907 4795/4827
---------  当前进度:  91 % - 组装矩阵
Memory: 3082/3907 4795/4828
 112       13440         120 out 8202  690 8202     2     0      0
                   Group #1:     1367  115 1367                     5.6e-16  3.9e-16
                   Group #2:     1367  115 1367                     3.1e-16  1.8e-16
                   Group #3:     1367  115 1367                     2.7e-16    1e-16
                   Group #4:     1367  115 1367                       3e-16  2.1e-16
                   Group #5:     1367  115 1367                     2.9e-16  1.2e-16
                   Group #6:     1367  115 1367                       3e-16  1.3e-16
---------  当前进度:  91 % - 组装稀疏模式
Memory: 3088/3907 4800/4833
---------  当前进度:  91 % - 组装矩阵
Memory: 3106/3907 4819/4833
---------  当前进度:  91 % - 
Memory: 3110/3907 4823/4833
---------  当前进度:  91 % - 组装矩阵
Memory: 3088/3907 4800/4834
---------  当前进度:  91 % - 组装稀疏模式
Memory: 3089/3907 4802/4835
---------  当前进度:  91 % - 组装矩阵
Memory: 3091/3907 4803/4835
---------  当前进度:  91 % - 矩阵分解
Memory: 3089/3907 4802/4837
---------  当前进度:  91 % - 组装矩阵
Memory: 3091/3907 4803/4837
---------  当前进度:  91 % - 求解线性方程组
Memory: 3093/3907 4806/4839
---------  当前进度:  91 % - 组装矩阵
---------  当前进度:  91 % - 求解线性方程组
Memory: 3095/3907 4807/4840
---------  当前进度:  91 % - 组装矩阵
 113       13560         120 out 8268  696 8268     2     0      0
                   Group #1:     1378  116 1378                       5e-16  3.7e-16
                   Group #2:     1378  116 1378                     3.2e-16  1.9e-16
                   Group #3:     1378  116 1378                     3.3e-16  1.4e-16
                   Group #4:     1378  116 1378                     2.5e-16  1.8e-16
                   Group #5:     1378  116 1378                     3.6e-16  1.4e-16
                   Group #6:     1378  116 1378                     3.1e-16  1.3e-16
---------  当前进度:  91 % - 组装稀疏模式
Memory: 3098/3907 4810/4844
---------  当前进度:  91 % - 组装矩阵
---------  当前进度:  91 % - 求解线性方程组
Memory: 3099/3907 4811/4845
---------  当前进度:  91 % - 组装矩阵
---------  当前进度:  91 % - 求解线性方程组
Memory: 3102/3907 4815/4848
---------  当前进度:  91 % - 组装矩阵
---------  当前进度:  91 % - 求解线性方程组
Memory: 3114/3907 4826/4852
---------  当前进度:  91 % - 组装矩阵
Memory: 3106/3907 4819/4852
 114       13680         120 out 8340  702 8340     2     0      0
                   Group #1:     1390  117 1390                     5.5e-16  4.5e-16
                   Group #2:     1390  117 1390                     3.3e-16  1.8e-16
                   Group #3:     1390  117 1390                       3e-16  1.3e-16
                   Group #4:     1390  117 1390                     2.1e-16  1.7e-16
                   Group #5:     1390  117 1390                     2.9e-16  1.4e-16
                   Group #6:     1390  117 1390                     2.6e-16  1.5e-16
---------  当前进度:  92 % - 组装矩阵
---------  当前进度:  92 % - 组装稀疏模式
Memory: 3106/3907 4818/4852
---------  当前进度:  92 % - 组装矩阵
Memory: 3122/3907 4835/4852
---------  当前进度:  92 % - 矩阵分解
Memory: 3113/3907 4826/4852
---------  当前进度:  92 % - 组装矩阵
Memory: 3107/3907 4819/4852
---------  当前进度:  92 % - 矩阵分解
Memory: 3105/3907 4822/4853
---------  当前进度:  92 % - 组装矩阵
Memory: 3116/3907 4828/4855
---------  当前进度:  92 % - 求解线性方程组
Memory: 3109/3907 4821/4855
---------  当前进度:  92 % - 组装矩阵
---------  当前进度:  92 % - 求解线性方程组
Memory: 3110/3907 4823/4856
---------  当前进度:  92 % - 组装矩阵
---------  当前进度:  92 % - 求解线性方程组
Memory: 3123/3907 4836/4861
---------  当前进度:  92 % - 组装矩阵
Memory: 3115/3907 4828/4861
---------  当前进度:  92 % - 求解线性方程组
Memory: 3116/3907 4829/4861
---------  当前进度:  92 % - 组装矩阵
Memory: 3116/3907 4829/4862
 115       13800         120 out 8412  708 8412     2     0      0
                   Group #1:     1402  118 1402                     5.2e-16  3.9e-16
                   Group #2:     1402  118 1402                     2.7e-16  1.7e-16
                   Group #3:     1402  118 1402                     2.8e-16  1.3e-16
                   Group #4:     1402  118 1402                     2.5e-16  1.8e-16
                   Group #5:     1402  118 1402                     2.9e-16  1.2e-16
                   Group #6:     1402  118 1402                     2.8e-16  1.3e-16
---------  当前进度:  92 % - 组装稀疏模式
Memory: 3117/3907 4829/4862
---------  当前进度:  92 % - 组装矩阵
Memory: 3135/3907 4848/4862
---------  当前进度:  92 % - 求解线性方程组
Memory: 3120/3907 4832/4865
---------  当前进度:  92 % - 组装矩阵
---------  当前进度:  92 % - 求解线性方程组
Memory: 3134/3907 4846/4873
---------  当前进度:  92 % - 组装矩阵
Memory: 3129/3907 4841/4873
---------  当前进度:  92 % - 求解线性方程组
Memory: 3133/3907 4845/4879
---------  当前进度:  92 % - 组装矩阵
 116       13920         120 out 8484  714 8484     2     0      0
                   Group #1:     1414  119 1414                     5.2e-16  3.6e-16
                   Group #2:     1414  119 1414                     2.7e-16  1.6e-16
                   Group #3:     1414  119 1414                       3e-16  1.3e-16
                   Group #4:     1414  119 1414                     2.9e-16  1.5e-16
                   Group #5:     1414  119 1414                     3.5e-16  1.2e-16
                   Group #6:     1414  119 1414                     2.9e-16  1.3e-16
---------  当前进度:  92 % - 
Memory: 3137/3907 4850/4882
---------  当前进度:  92 % - 组装矩阵
Memory: 3154/3907 4866/4882
---------  当前进度:  92 % - 组装稀疏模式
Memory: 3157/3907 4870/4882
---------  当前进度:  92 % - 组装矩阵
Memory: 3156/3907 4870/4882
---------  当前进度:  92 % - 求解线性方程组
Memory: 3144/3907 4857/4882
---------  当前进度:  92 % - 组装矩阵
Memory: 3138/3907 4850/4882
---------  当前进度:  92 % - 约束处理
Memory: 3141/3907 4853/4885
---------  当前进度:  92 % - 组装矩阵
Memory: 3139/3907 4852/4885
---------  当前进度:  92 % - 求解线性方程组
Memory: 3143/3907 4855/4889
---------  当前进度:  92 % - 组装矩阵
---------  当前进度:  92 % - 求解线性方程组
---------  当前进度:  92 % - 组装矩阵
---------  当前进度:  92 % - 求解线性方程组
Memory: 3160/3907 4873/4906
---------  当前进度:  92 % - 组装矩阵
 117       14040         120 out 8562  720 8562     2     0      0
                   Group #1:     1427  120 1427                     5.2e-16  3.6e-16
                   Group #2:     1427  120 1427                     3.1e-16  1.8e-16
                   Group #3:     1427  120 1427                       4e-16  1.8e-16
                   Group #4:     1427  120 1427                     3.4e-16  1.5e-16
                   Group #5:     1427  120 1427                     3.6e-16  1.3e-16
                   Group #6:     1427  120 1427                     2.6e-16  1.3e-16
---------  当前进度:  93 % - 组装矩阵
Memory: 3163/3907 4876/4909
---------  当前进度:  93 % - 组装稀疏模式
---------  当前进度:  93 % - 组装矩阵
Memory: 3180/3907 4893/4909
---------  当前进度:  93 % - 矩阵分解
Memory: 3170/3907 4883/4909
---------  当前进度:  93 % - 组装矩阵
Memory: 3164/3907 4877/4910
---------  当前进度:  93 % - 
Memory: 3165/3907 4878/4910
---------  当前进度:  93 % - 组装矩阵
---------  当前进度:  93 % - 求解线性方程组
Memory: 3165/3907 4878/4911
---------  当前进度:  93 % - 组装矩阵
---------  当前进度:  93 % - 求解线性方程组
Memory: 3172/3907 4885/4916
---------  当前进度:  93 % - 组装矩阵
 118       14160         120 out 8634  726 8634     2     0      0
                   Group #1:     1439  121 1439                     4.7e-16  3.2e-16
                   Group #2:     1439  121 1439                       3e-16  1.8e-16
                   Group #3:     1439  121 1439                     3.3e-16  1.3e-16
                   Group #4:     1439  121 1439                     2.6e-16  1.3e-16
                   Group #5:     1439  121 1439                     3.7e-16  1.4e-16
                   Group #6:     1439  121 1439                     2.7e-16  1.4e-16
---------  当前进度:  93 % - 
Memory: 3171/3907 4884/4918
---------  当前进度:  93 % - 组装矩阵
Memory: 3188/3907 4901/4918
---------  当前进度:  93 % - 求解线性方程组
Memory: 3174/3907 4887/4919
---------  当前进度:  93 % - 组装矩阵
Memory: 3189/3907 4902/4919
---------  当前进度:  93 % - 求解线性方程组
Memory: 3175/3907 4888/4921
---------  当前进度:  93 % - 组装矩阵
---------  当前进度:  93 % - 求解线性方程组
Memory: 3185/3907 4898/4931
---------  当前进度:  93 % - 组装矩阵
 119       14280         120 out 8706  732 8706     2     0      0
                   Group #1:     1451  122 1451                     5.4e-16  3.6e-16
                   Group #2:     1451  122 1451                     3.3e-16  2.1e-16
                   Group #3:     1451  122 1451                     3.7e-16  1.7e-16
                   Group #4:     1451  122 1451                     2.3e-16  1.3e-16
                   Group #5:     1451  122 1451                     3.3e-16  1.3e-16
                   Group #6:     1451  122 1451                     3.1e-16  1.4e-16
---------  当前进度:  93 % - 组装稀疏模式
Memory: 3188/3907 4901/4935
---------  当前进度:  93 % - 组装矩阵
Memory: 3189/3907 4903/4935
---------  当前进度:  93 % - 求解线性方程组
Memory: 3192/3907 4906/4938
---------  当前进度:  93 % - 组装矩阵
---------  当前进度:  93 % - 求解线性方程组
Memory: 3198/3907 4912/4945
---------  当前进度:  93 % - 组装矩阵
Memory: 3215/3907 4928/4945
 120       14400         120 out 8778  738 8778     2     0      0
                   Group #1:     1463  123 1463                     6.3e-16  4.6e-16
                   Group #2:     1463  123 1463                     3.5e-16    2e-16
                   Group #3:     1463  123 1463                     3.3e-16  1.4e-16
                   Group #4:     1463  123 1463                     2.6e-16  1.3e-16
                   Group #5:     1463  123 1463                     3.4e-16  1.3e-16
                   Group #6:     1463  123 1463                     3.1e-16  1.4e-16
---------  当前进度:  94 % - 组装矩阵
Memory: 3211/3907 4923/4951
---------  当前进度:  94 % - 组装稀疏模式
Memory: 3226/3907 4938/4951
---------  当前进度:  94 % - 组装矩阵
Memory: 3224/3907 4936/4951
---------  当前进度:  94 % - 约束处理
Memory: 3207/3907 4918/4952
---------  当前进度:  94 % - 组装矩阵
---------  当前进度:  94 % - 求解线性方程组
Memory: 3215/3907 4927/4960
---------  当前进度:  94 % - 组装矩阵
Memory: 3216/3907 4928/4960
 121       14520         120 out 8850  744 8850     2     0      0
                   Group #1:     1475  124 1475                     5.4e-16  3.8e-16
                   Group #2:     1475  124 1475                     2.8e-16  1.6e-16
                   Group #3:     1475  124 1475                     2.7e-16  1.3e-16
                   Group #4:     1475  124 1475                     2.6e-16  1.5e-16
                   Group #5:     1475  124 1475                     3.1e-16  1.2e-16
                   Group #6:     1475  124 1475                     2.9e-16  1.5e-16
---------  当前进度:  94 % - 组装稀疏模式
Memory: 3237/3907 4950/4983
---------  当前进度:  94 % - 组装矩阵
Memory: 3239/3907 4951/4983
---------  当前进度:  94 % - 求解线性方程组
Memory: 3252/3907 4964/4998
---------  当前进度:  94 % - 组装矩阵
---------  当前进度:  94 % - 求解线性方程组
Memory: 3254/3907 4966/5000
---------  当前进度:  94 % - 组装矩阵
 122       14640         120 out 8922  750 8922     2     0      0
                   Group #1:     1487  125 1487                     5.7e-16  3.5e-16
                   Group #2:     1487  125 1487                     3.1e-16    2e-16
                   Group #3:     1487  125 1487                     3.3e-16  1.3e-16
                   Group #4:     1487  125 1487                     2.5e-16    2e-16
                   Group #5:     1487  125 1487                     2.9e-16  1.2e-16
                   Group #6:     1487  125 1487                     2.8e-16  1.4e-16
---------  当前进度:  94 % - 求解线性方程组
Memory: 3257/3907 4969/5003
---------  当前进度:  94 % - 组装矩阵
Memory: 3262/3907 4975/5003
---------  当前进度:  94 % - 求解线性方程组
Memory: 3258/3907 4971/5004
---------  当前进度:  94 % - 组装矩阵
---------  当前进度:  94 % - 求解线性方程组
---------  当前进度:  94 % - 组装矩阵
Memory: 3267/3907 4980/5004
---------  当前进度:  94 % - 求解线性方程组
Memory: 3258/3907 4971/5004
---------  当前进度:  94 % - 组装矩阵
Memory: 3259/3907 4971/5004
---------  当前进度:  94 % - 约束处理
Memory: 3263/3907 4975/5008
---------  当前进度:  94 % - 组装矩阵
Memory: 3279/3907 4992/5009
---------  当前进度:  94 % - 求解线性方程组
Memory: 3263/3907 4975/5009
---------  当前进度:  94 % - 组装矩阵
Memory: 3279/3907 4992/5009
 123       14760         120 out 8994  756 8994     2     0      0
                   Group #1:     1499  126 1499                     5.2e-16  3.3e-16
                   Group #2:     1499  126 1499                     2.9e-16  1.8e-16
                   Group #3:     1499  126 1499                     3.3e-16  1.4e-16
                   Group #4:     1499  126 1499                     2.6e-16  1.7e-16
                   Group #5:     1499  126 1499                     2.3e-16    1e-16
                   Group #6:     1499  126 1499                     3.2e-16  1.3e-16
---------  当前进度:  95 % - 组装矩阵
Memory: 3268/3907 4980/5009
---------  当前进度:  95 % - 组装稀疏模式
Memory: 3263/3907 4975/5009
---------  当前进度:  95 % - 组装矩阵
Memory: 3282/3907 4997/5009
---------  当前进度:  95 % - 约束处理
Memory: 3263/3907 4975/5009
---------  当前进度:  95 % - 组装矩阵
---------  当前进度:  95 % - 求解线性方程组
Memory: 3266/3907 4978/5012
---------  当前进度:  95 % - 组装矩阵
---------  当前进度:  95 % - 求解线性方程组
---------  当前进度:  95 % - 组装矩阵
Memory: 3269/3907 4982/5012
---------  当前进度:  95 % - 求解线性方程组
Memory: 3273/3907 4985/5014
---------  当前进度:  95 % - 组装矩阵
---------  当前进度:  95 % - 求解线性方程组
Memory: 3270/3907 4982/5014
---------  当前进度:  95 % - 组装矩阵
---------  当前进度:  95 % - 求解线性方程组
---------  当前进度:  95 % - 组装矩阵
Memory: 3278/3907 4990/5014
---------  当前进度:  95 % - 求解线性方程组
Memory: 3271/3907 4982/5015
---------  当前进度:  95 % - 组装矩阵
 124       14880         120 out 9066  762 9066     2     0      0
                   Group #1:     1511  127 1511                     4.9e-16  3.4e-16
                   Group #2:     1511  127 1511                     3.6e-16  2.2e-16
                   Group #3:     1511  127 1511                     3.1e-16  1.3e-16
                   Group #4:     1511  127 1511                     2.5e-16  1.6e-16
                   Group #5:     1511  127 1511                     2.6e-16  1.5e-16
                   Group #6:     1511  127 1511                       3e-16  1.7e-16
---------  当前进度:  95 % - 
Memory: 3296/3907 5008/5018
---------  当前进度:  95 % - 组装矩阵
Memory: 3274/3907 4985/5018
---------  当前进度:  95 % - 求解线性方程组
Memory: 3275/3907 4987/5019
---------  当前进度:  95 % - 组装矩阵
 125       15000         120 out 9144  768 9144     2     0      0
                   Group #1:     1524  128 1524                       5e-16  3.5e-16
                   Group #2:     1524  128 1524                     2.7e-16  1.7e-16
                   Group #3:     1524  128 1524                     2.8e-16  1.1e-16
                   Group #4:     1524  128 1524                     2.5e-16  1.4e-16
                   Group #5:     1524  128 1524                     1.8e-16  1.1e-16
                   Group #6:     1524  128 1524                     3.2e-16  1.3e-16
---------  当前进度:  95 % - 组装稀疏模式
Memory: 3291/3907 5003/5033
---------  当前进度:  95 % - 组装矩阵
Memory: 3306/3907 5018/5033
---------  当前进度:  95 % - 组装稀疏模式
Memory: 3289/3907 5001/5034
---------  当前进度:  95 % - 组装矩阵
---------  当前进度:  95 % - 求解线性方程组
Memory: 3305/3907 5018/5052
---------  当前进度:  95 % - 组装矩阵
Memory: 3306/3907 5018/5052
---------  当前进度:  95 % - 求解线性方程组
Memory: 3310/3907 5023/5055
---------  当前进度:  95 % - 组装矩阵
 126       15120         120 out 9216  774 9216     2     0      0
                   Group #1:     1536  129 1536                       5e-16  3.5e-16
                   Group #2:     1536  129 1536                     3.2e-16  1.8e-16
                   Group #3:     1536  129 1536                     3.7e-16  1.5e-16
                   Group #4:     1536  129 1536                     2.8e-16  1.9e-16
                   Group #5:     1536  129 1536                     3.3e-16  1.3e-16
                   Group #6:     1536  129 1536                       3e-16  1.4e-16
---------  当前进度:  96 % - 组装矩阵
Memory: 3315/3907 5028/5060
---------  当前进度:  96 % - 组装稀疏模式
---------  当前进度:  96 % - 组装矩阵
Memory: 3332/3907 5045/5060
---------  当前进度:  96 % - 求解线性方程组
Memory: 3325/3907 5038/5072
---------  当前进度:  96 % - 组装矩阵
Memory: 3326/3907 5039/5072
---------  当前进度:  96 % - 求解线性方程组
---------  当前进度:  96 % - 组装矩阵
---------  当前进度:  96 % - 求解线性方程组
Memory: 3326/3907 5039/5073
---------  当前进度:  96 % - 组装矩阵
Memory: 3335/3907 5048/5073
 127       15240         120 out 9276  780 9276     2     0      0
                   Group #1:     1546  130 1546                     4.9e-16  3.5e-16
                   Group #2:     1546  130 1546                     3.4e-16  2.2e-16
                   Group #3:     1546  130 1546                     4.2e-16  1.9e-16
                   Group #4:     1546  130 1546                     2.9e-16  1.8e-16
                   Group #5:     1546  130 1546                     3.1e-16  1.4e-16
                   Group #6:     1546  130 1546                     2.9e-16  1.3e-16
---------  当前进度:  96 % - 组装稀疏模式
Memory: 3329/3907 5042/5075
---------  当前进度:  96 % - 组装矩阵
---------  当前进度:  96 % - 求解线性方程组
Memory: 3330/3907 5043/5075
---------  当前进度:  96 % - 组装矩阵
Memory: 3345/3907 5058/5075
---------  当前进度:  96 % - 求解线性方程组
Memory: 3332/3907 5045/5078
---------  当前进度:  96 % - 组装矩阵
---------  当前进度:  96 % - 求解线性方程组
Memory: 3335/3907 5048/5081
---------  当前进度:  96 % - 组装矩阵
 128       15360         120 out 9348  786 9348     2     0      0
                   Group #1:     1558  131 1558                     5.1e-16  3.5e-16
                   Group #2:     1558  131 1558                     2.5e-16  1.7e-16
                   Group #3:     1558  131 1558                     2.7e-16  1.3e-16
                   Group #4:     1558  131 1558                     2.7e-16  1.5e-16
                   Group #5:     1558  131 1558                     2.3e-16  1.3e-16
                   Group #6:     1558  131 1558                     3.2e-16  1.4e-16
---------  当前进度:  97 % - 组装矩阵
Memory: 3345/3907 5056/5084
---------  当前进度:  97 % - 
Memory: 3340/3907 5050/5084
---------  当前进度:  97 % - 组装矩阵
Memory: 3357/3907 5067/5084
---------  当前进度:  97 % - 组装稀疏模式
Memory: 3341/3907 5050/5084
---------  当前进度:  97 % - 组装矩阵
Memory: 3357/3907 5068/5084
---------  当前进度:  97 % - 矩阵分解
Memory: 3348/3907 5057/5084
---------  当前进度:  97 % - 组装矩阵
Memory: 3341/3907 5050/5084
---------  当前进度:  97 % - 组装稀疏模式
Memory: 3341/3907 5051/5084
---------  当前进度:  97 % - 组装矩阵
Memory: 3343/3907 5052/5084
---------  当前进度:  97 % - 求解线性方程组
Memory: 3343/3907 5052/5086
---------  当前进度:  97 % - 组装矩阵
---------  当前进度:  97 % - 求解线性方程组
Memory: 3350/3907 5059/5087
---------  当前进度:  97 % - 组装矩阵
---------  当前进度:  97 % - 求解线性方程组
Memory: 3349/3907 5059/5092
---------  当前进度:  97 % - 组装矩阵
Memory: 3350/3907 5060/5092
 129       15480         120 out 9426  792 9426     2     0      0
                   Group #1:     1571  132 1571                     5.1e-16  3.4e-16
                   Group #2:     1571  132 1571                     3.1e-16  1.9e-16
                   Group #3:     1571  132 1571                     2.5e-16  1.3e-16
                   Group #4:     1571  132 1571                     2.7e-16  1.6e-16
                   Group #5:     1571  132 1571                     2.8e-16  1.2e-16
                   Group #6:     1571  132 1571                       3e-16  1.6e-16
 130       15600         120 out 9492  798 9492     2     0      0
                   Group #1:     1582  133 1582                     4.9e-16  3.4e-16
                   Group #2:     1582  133 1582                     3.1e-16  1.9e-16
                   Group #3:     1582  133 1582                     3.3e-16  1.5e-16
                   Group #4:     1582  133 1582                       3e-16  1.9e-16
                   Group #5:     1582  133 1582                     3.3e-16  1.3e-16
                   Group #6:     1582  133 1582                       3e-16  1.4e-16
---------  当前进度:  97 % - 组装稀疏模式
Memory: 3363/3907 5073/5105
---------  当前进度:  97 % - 组装矩阵
Memory: 3381/3907 5091/5105
---------  当前进度:  97 % - 求解线性方程组
Memory: 3366/3907 5076/5108
---------  当前进度:  97 % - 组装矩阵
 131       15720         120 out 9552  804 9552     2     0      0
                   Group #1:     1592  134 1592                     4.9e-16  3.4e-16
                   Group #2:     1592  134 1592                     3.1e-16  1.9e-16
                   Group #3:     1592  134 1592                       4e-16  1.6e-16
                   Group #4:     1592  134 1592                     3.2e-16  1.5e-16
                   Group #5:     1592  134 1592                     3.3e-16  1.4e-16
                   Group #6:     1592  134 1592                     3.2e-16  1.3e-16
---------  当前进度:  98 % - 组装矩阵
Memory: 3385/3907 5095/5124
---------  当前进度:  98 % - 求解线性方程组
Memory: 3389/3907 5100/5133
---------  当前进度:  98 % - 组装矩阵
 132       15840         120 out 9612  810 9612     2     0      0
                   Group #1:     1602  135 1602                     5.9e-16  3.7e-16
                   Group #2:     1602  135 1602                     3.2e-16    2e-16
                   Group #3:     1602  135 1602                     3.3e-16  1.5e-16
                   Group #4:     1602  135 1602                       3e-16  1.3e-16
                   Group #5:     1602  135 1602                       3e-16  1.4e-16
                   Group #6:     1602  135 1602                     3.2e-16  1.4e-16
---------  当前进度:  98 % - 
Memory: 3415/3907 5126/5141
---------  当前进度:  98 % - 组装矩阵
Memory: 3397/3907 5108/5141
---------  当前进度:  98 % - 组装稀疏模式
---------  当前进度:  98 % - 组装矩阵
Memory: 3398/3907 5109/5141
---------  当前进度:  98 % - 求解线性方程组
Memory: 3399/3907 5110/5141
---------  当前进度:  98 % - 组装矩阵
Memory: 3399/3907 5110/5143
---------  当前进度:  98 % - 求解线性方程组
Memory: 3403/3907 5114/5145
---------  当前进度:  98 % - 组装矩阵
---------  当前进度:  98 % - 求解线性方程组
Memory: 3403/3907 5113/5147
---------  当前进度:  98 % - 组装矩阵
 133       15960         120 out 9666  816 9666     2     0      0
                   Group #1:     1611  136 1611                     4.1e-16    3e-16
                   Group #2:     1611  136 1611                     3.3e-16    2e-16
                   Group #3:     1611  136 1611                     3.1e-16  1.5e-16
                   Group #4:     1611  136 1611                     2.8e-16  1.4e-16
                   Group #5:     1611  136 1611                     2.4e-16  1.2e-16
                   Group #6:     1611  136 1611                     3.1e-16  1.3e-16
---------  当前进度:  98 % - 组装稀疏模式
Memory: 3406/3907 5116/5150
---------  当前进度:  98 % - 组装矩阵
Memory: 3407/3907 5118/5150
---------  当前进度:  98 % - 求解线性方程组
Memory: 3410/3907 5133/5170
---------  当前进度:  98 % - 组装矩阵
Memory: 3410/3907 5129/5170
---------  当前进度:  98 % - 求解线性方程组
Memory: 3411/3907 5129/5170
---------  当前进度:  98 % - 组装矩阵
Memory: 3416/3907 5134/5170
---------  当前进度:  98 % - 求解线性方程组
Memory: 3413/3907 5128/5170
---------  当前进度:  98 % - 组装矩阵
Memory: 3413/3907 5124/5170
 134       16080         120 out 9738  822 9738     2     0      0
                   Group #1:     1623  137 1623                     5.6e-16  3.8e-16
                   Group #2:     1623  137 1623                       3e-16  1.8e-16
                   Group #3:     1623  137 1623                     3.9e-16  1.5e-16
                   Group #4:     1623  137 1623                     2.8e-16  1.8e-16
                   Group #5:     1623  137 1623                     2.8e-16  1.1e-16
                   Group #6:     1623  137 1623                     3.2e-16  1.5e-16
---------  当前进度:  99 % - 组装矩阵
Memory: 3420/3907 5131/5170
---------  当前进度:  99 % - 组装稀疏模式
Memory: 3415/3907 5126/5170
---------  当前进度:  99 % - 组装矩阵
Memory: 3432/3907 5144/5170
---------  当前进度:  99 % - 约束处理
Memory: 3426/3907 5137/5170
---------  当前进度:  99 % - 组装矩阵
Memory: 3415/3907 5126/5170
 135       16200         120 out 9810  828 9810     2     0      0
                   Group #1:     1635  138 1635                     5.6e-16    4e-16
                   Group #2:     1635  138 1635                     2.8e-16  1.8e-16
                   Group #3:     1635  138 1635                     4.9e-16  1.7e-16
                   Group #4:     1635  138 1635                     2.9e-16  1.5e-16
                   Group #5:     1635  138 1635                     3.1e-16  1.4e-16
                   Group #6:     1635  138 1635                     3.1e-16  1.4e-16
---------  当前进度:  99 % - 求解线性方程组
Memory: 3431/3907 5142/5175
---------  当前进度:  99 % - 组装矩阵
---------  当前进度:  99 % - 求解线性方程组
Memory: 3434/3907 5145/5178
---------  当前进度:  99 % - 组装矩阵
 136       16320         120 out 9870  834 9870     2     0      0
                   Group #1:     1645  139 1645                     5.5e-16  3.9e-16
                   Group #2:     1645  139 1645                     2.8e-16  1.7e-16
                   Group #3:     1645  139 1645                       3e-16  1.3e-16
                   Group #4:     1645  139 1645                     2.8e-16  1.5e-16
                   Group #5:     1645  139 1645                       3e-16  1.4e-16
                   Group #6:     1645  139 1645                     3.1e-16  1.3e-16
---------  当前进度:  99 % - 组装稀疏模式
Memory: 3438/3907 5161/5194
---------  当前进度:  99 % - 组装矩阵
Memory: 3439/3907 5162/5194
 137       16440         120 out 9942  840 9942     2     0      0
                   Group #1:     1657  140 1657                     4.2e-16  3.1e-16
                   Group #2:     1657  140 1657                     2.5e-16  1.6e-16
                   Group #3:     1657  140 1657                       3e-16  1.4e-16
                   Group #4:     1657  140 1657                     2.4e-16  1.6e-16
                   Group #5:     1657  140 1657                     2.8e-16  1.3e-16
                   Group #6:     1657  140 1657                       3e-16  1.3e-16
---------- 当前进度: 100 % - 组装矩阵
Memory: 3465/3907 5188/5216
---------- 当前进度: 100 % - 
Memory: 3460/3907 5183/5216
---------- 当前进度: 100 % - 组装矩阵
Memory: 3476/3907 5200/5216
---------- 当前进度: 100 % - 组装稀疏模式
Memory: 3462/3907 5185/5216
---------- 当前进度: 100 % - 组装矩阵
Memory: 3476/3907 5201/5216
---------- 当前进度: 100 % - 求解线性方程组
Memory: 3474/3907 5190/5225
---------- 当前进度: 100 % - 组装矩阵
---------- 当前进度: 100 % - 求解线性方程组
Memory: 3477/3907 5185/5225
---------- 当前进度: 100 % - 组装矩阵
Memory: 3477/3907 5197/5225
 138       16560         120 out 10020  846 10020     2     0      0
                   Group #1:     1670  141 1670                     5.2e-16  3.6e-16
                   Group #2:     1670  141 1670                     3.2e-16  1.9e-16
                   Group #3:     1670  141 1670                     2.7e-16  1.2e-16
                   Group #4:     1670  141 1670                     2.7e-16  1.7e-16
                   Group #5:     1670  141 1670                     3.2e-16  1.3e-16
                   Group #6:     1670  141 1670                     2.7e-16  1.3e-16
时间步进已完成。
---------- 当前进度: 100 % - 
Memory: 3417/3907 5086/5231
求解时间：6971 s。 （1 小时，56 分钟，11 秒）
物理内存: 3.93 GB
虚拟内存: 5.23 GB
结束时间：2026年9月30日 上午7:25:46。
----- O: orbital transient, 3.0 orbits/解 4 (sol4) 中的“瞬态求解器 2” ----------------->
           当前进度:   0 % - 
Memory: 4444/4444 5411/5414
---------- 当前进度: 100 % - 计算
Memory: 4447/4447 5414/5414
           当前进度:   0 % - 
Memory: 4445/4447 5412/5414
---------- 当前进度: 100 % - 计算
           当前进度:   0 % - 
Memory: 4485/4485 5452/5452
---------- 当前进度: 100 % - 计算
           当前进度:   0 % - 
Memory: 4486/4488 5452/5455
---------- 当前进度: 100 % - 计算
Memory: 4487/4488 5453/5455
           当前进度:   0 % - 
---------- 当前进度: 100 % - 计算
           当前进度:   0 % - 
---------- 当前进度: 100 % - 计算
           当前进度:   0 % - 
Memory: 4490/4490 5457/5457
---------- 当前进度: 100 % - 计算
           当前进度:   0 % - 
---------- 当前进度: 100 % - 计算
           当前进度:   0 % - 
Memory: 4491/4493 5457/5459
---------- 当前进度: 100 % - 计算
Memory: 4491/4495 5457/5461
           当前进度:   0 % - 
Memory: 4492/4495 5457/5461
---------- 当前进度: 100 % - 计算
           当前进度:   0 % - 
Memory: 4492/4495 5458/5461
---------- 当前进度: 100 % - 计算
           当前进度:   0 % - 
Memory: 4504/4504 5471/5471
---------- 当前进度: 100 % - 计算
Memory: 4505/4505 5471/5471
           当前进度:   0 % - 
Memory: 4505/4505 5472/5472
---------- 当前进度: 100 % - 计算
           当前进度:   0 % - 
Memory: 4511/4514 5472/5475
---------- 当前进度: 100 % - 计算
Memory: 4513/4514 5474/5475
           当前进度:   0 % - 
Memory: 4511/4514 5472/5475
---------- 当前进度: 100 % - 计算
           当前进度:   0 % - 
---------- 当前进度: 100 % - 计算
           当前进度:   0 % - 
Memory: 4527/4529 5488/5491
---------- 当前进度: 100 % - 计算
           当前进度:   0 % - 
---------- 当前进度: 100 % - 计算
           当前进度:   0 % - 
Memory: 4528/4529 5488/5491
---------- 当前进度: 100 % - 计算
           当前进度:   0 % - 
---------- 当前进度: 100 % - 计算
           当前进度:   0 % - 
---------- 当前进度: 100 % - 计算
           当前进度:   0 % - 
Memory: 4537/4539 5498/5499
---------- 当前进度: 100 % - 计算
Memory: 4537/4541 5498/5502
           当前进度:   0 % - 
Memory: 4540/4541 5500/5502
---------- 当前进度: 100 % - 计算
Memory: 4537/4541 5498/5502
           当前进度:   0 % - 
Memory: 4538/4541 5498/5502
---------- 当前进度: 100 % - 计算
           当前进度:   0 % - 
---------- 当前进度: 100 % - 计算
           当前进度:   0 % - 
---------- 当前进度: 100 % - 计算
           当前进度:   0 % - 
Memory: 4556/4558 5517/5520
---------- 当前进度: 100 % - 计算
           当前进度:   0 % - 
---------- 当前进度: 100 % - 计算
           当前进度:   0 % - 
Memory: 4557/4561 5517/5521
---------- 当前进度: 100 % - 计算
           当前进度:   0 % - 
---------- 当前进度: 100 % - 计算
           当前进度:   0 % - 
---------- 当前进度: 100 % - 计算
           当前进度:   0 % - 
---------- 当前进度: 100 % - 计算
           当前进度:   0 % - 
Memory: 4580/4580 5540/5540
---------- 当前进度: 100 % - 计算
           当前进度:   0 % - 
---------- 当前进度: 100 % - 计算
           当前进度:   0 % - 
---------- 当前进度: 100 % - 计算
           当前进度:   0 % - 
---------- 当前进度: 100 % - 计算
           当前进度:   0 % - 
---------- 当前进度: 100 % - 计算
           当前进度:   0 % - 
Memory: 4583/4583 5544/5544
---------- 当前进度: 100 % - 计算
           当前进度:   0 % - 
---------- 当前进度: 100 % - 计算
           当前进度:   0 % - 
---------- 当前进度: 100 % - 计算
           当前进度:   0 % - 
Memory: 4584/4584 5544/5544
---------- 当前进度: 100 % - 计算
           当前进度:   0 % - 
---------- 当前进度: 100 % - 计算
Memory: 4584/4588 5544/5547
