t_s,rad_mean_K,rad_max_K,rad_min_K,RadiatorTop_p_mean_K,RadiatorTop_p_max_K,RadiatorTop_n_mean_K,RadiatorTop_n_max_K,RadiatorBot_p_mean_K,RadiatorBot_p_max_K,RadiatorBot_n_mean_K,RadiatorBot_n_max_K,baseplate_mean_K,baseplate_max_K,pkg_max_K,pkg_mean_K,bus_mean_K,blades_mean_K,wing_mean_K,illum,emitted_rad_W,emitted_gross_W,abs_mutual_solar_W,P_sources_W,abs_solar_albedo_ext_W,abs_planet_IR_ext_W,abs_IR_rad_faces_W,abs_solar_rad_faces_W
0.0,323.5749015988365,323.60017102440924,323.4993732377452,323.56870577302215,323.58941599136733,323.5812337952708,323.5956036411717,323.5685950848634,323.5899782541059,323.5810717421718,323.60017102440924,323.5918407640374,323.59279434585915,323.59692193488763,323.59500584902617,323.5902269104242,323.59004324716915,323.58435560698706,1.0,3314.2124142950397,60548.2817147457,283.89389711402345,2583.2400000000002,30717.498656331027,6515.19855200511,309.504768828597,790.7888820259748
119.99999999999808,318.5806342001301,320.2499318663814,316.4981715870372,318.5006002961325,320.01516911064084,318.66264870304525,320.21677266185696,318.4987105649066,320.0510727251368,318.66057723641705,320.2499318663814,325.2245429565926,325.6185254154338,325.7056815565486,325.29772994971216,324.41648638639316,324.7690850114456,309.0929141591251,1.0,3114.333498099908,50958.756848921585,274.16198778813487,2583.2400000000002,30049.857161961503,6508.69587895524,309.21321949033535,783.815231682732
239.99999999999616,316.0629206081964,318.3403199120049,313.7569687817773,315.97456600067085,318.0658312964317,316.13481847759545,318.28143270187763,315.99134119928794,318.1311743380711,316.1509567552146,318.3403199120049,325.99956982152196,326.6936381348361,326.78235869777586,326.07518343100037,325.23967080487427,325.5227589021731,301.10237035073897,1.0,3017.077786943983,46228.139777723845,283.3272935122004,2583.2400000000002,29875.811021207217,6501.67015700267,308.88407676198705,767.0429660670924
359.99999999998346,314.64926156932853,317.2890827350118,312.1086401751008,314.55691553873555,316.993479481752,314.7131006457472,317.21557205769847,314.58604637636137,317.076798898729,314.7409837164516,317.2890827350118,326.542041677374,327.43405833370275,327.52357809988996,326.6193095115226,326.012343309672,326.06344688178046,296.5337943467259,1.0,2963.4877520165946,43686.03036654949,292.2273156909905,2583.2400000000002,29826.01186026519,6494.3586281850885,308.5359799478036,739.7918594367737
454.57608807311385,313.85469709749816,316.71105528490045,311.17364992607367,313.76169120952613,316.40608686495875,313.9129411290302,316.6302027069849,313.7972517807719,316.4993869040056,313.9469042706445,316.71105528490045,326.89863010149287,327.9098691562824,328.00299516478634,326.9767552014049,326.5907179786193,326.4224369290213,293.9962179114303,1.0,2933.6858047676637,42322.85112274107,290.41014907591506,2583.2400000000002,0.0,6486.933581583459,308.1829137331395,0.0
454.5760880731139,313.85469709749816,316.71105528490045,311.17364992607367,313.76169120952613,316.40608686495875,313.9129411290302,316.6302027069849,313.7972517807719,316.4993869040056,313.9469042706445,316.71105528490045,326.89863010149287,327.9098691562824,328.00299516478634,326.9767552014049,326.5907179786193,326.4224369290213,293.9962179114303,0.0,2933.6858047676637,42322.85112274107,290.41014907591506,2583.2400000000002,0.0,6486.933581583459,308.1829137331395,0.0
479.9999999999923,312.94130136689864,316.1149248171285,310.04423230045603,312.91338476403536,315.94298957541525,312.9246159567791,316.0218730853506,312.95813712749776,316.03977189172844,312.96906761926334,316.1149248171285,326.94239568142063,327.964087417184,328.0480043032458,327.01769808411035,326.7182611727253,326.46791071105923,287.6938617397977,0.0,2899.722497176887,39093.39825817885,0.004476511872830168,2583.2400000000002,0.0,6486.933581583459,308.1829137331395,0.0
599.9999999999892,310.3976250362462,314.0828886247116,307.19827575127385,310.3579086539107,313.92113789853215,310.3599409521326,313.9525352281773,310.435298174292,314.05215911006735,310.43735236463147,314.0828886247116,326.9707380645775,328.09540268386115,328.1847567614008,327.0469560816049,327.2634714814012,326.5020721520356,265.76763838474704,0.0,2806.645645517095,29530.203597957665,0.003342398861109975,2583.2400000000002,0.0,6479.605412229471,307.83401698992884,0.0
719.9999999999669,308.8755027649761,312.815691184522,305.52251978194727,308.82309097702944,312.6360374769194,308.8245079235288,312.65895544371506,308.92647570322043,312.7932770187805,308.92793645610885,312.815691184522,326.83642150897253,328.04111091454934,328.13485588760136,326.9130514393374,327.7107160900219,326.38364602874424,251.36519678851,0.0,2752.0304092629935,24400.861441388763,0.00327212031545837,2583.2400000000002,0.0,6472.513864531008,307.4963009082807,0.0
840.0000000000233,307.79623745429427,311.8988302182791,304.34565235112655,307.7335876291383,311.7042307252484,307.73462715251134,311.7216102122723,307.85782351795723,311.8819736808296,307.85891151755186,311.8988302182791,326.649457963955,327.93998895829463,328.03986845405564,326.7262994285566,328.0911918968106,326.2128288644637,240.33177853756857,0.0,2713.7904194355715,21019.80902250309,0.0031836139479920903,2583.2400000000002,0.0,6465.80998787742,307.1771275107525,0.0
959.9999999999847,307.01058371441053,311.2175905696493,303.5009037159913,306.9397303388864,311.0110017058518,306.9404923892783,311.0242586947374,307.08065105869065,311.20491870976804,307.08146107076925,311.2175905696493,326.43909241703574,327.8286912729427,327.9237472737958,326.5160297192756,328.41345222873736,326.0173621106868,231.64522298423864,0.0,2686.203983351906,18663.923956711416,0.003126353278263187,2583.2400000000002,0.0,6459.616484392483,306.88208659168515,0.0
1079.9999999999955,306.42211694759044,310.6963816473383,302.8772004995567,306.34479474302657,310.48043728543655,306.345341141395,310.49047241490257,306.49886974830616,310.6869952562288,306.499462157616,310.6963816473383,326.22224543465796,327.692194248616,327.7856352013782,326.2992124249428,328.6853815773127,325.81374667810456,224.6612777571627,0.0,2665.6782176986153,16951.35903909257,0.003082123699943684,2583.2400000000002,0.0,6453.987774820436,306.61265071951107,0.0
1199.9999999999784,305.9684955346051,310.2863390958853,302.4032838860065,305.8859093009016,310.0625896732955,305.8862848577617,310.0700623593122,306.05068440185494,310.2795723876624,306.051103577884,310.2863390958853,326.0084707777532,327.5427919705312,327.6357849615073,326.0854292750388,328.91369899341646,325.611531277574,218.9596614598012,0.0,2649.9352287060974,15665.952040014236,0.0030443872214796965,2583.2400000000002,0.0,6448.94253262462,306.37607489848125,0.0
1319.9999999999955,305.60865480364015,309.954696293631,302.032532279768,305.52168008397757,309.7242665081126,305.52191893518994,309.72968230239024,305.6953700226721,309.9500344752922,305.69565017270315,309.954696293631,325.803003032847,327.38724672257854,327.47975396877564,325.87993224965885,329.1044854334555,325.4160966916031,214.24174279429255,0.0,2637.49568835393,14674.923264334511,0.003011313031200148,2583.2400000000002,0.0,6444.562488127118,306.18677705844607,0.0
1439.9999999999338,305.3144979439381,309.67882540354145,301.7332328722547,305.2238555970955,309.4426472144145,305.22398423686377,309.4464000452906,305.4049920626276,309.6758656107815,305.4051598791483,309.67882540354145,325.60826765210186,327.23331565214596,327.3235599423889,325.6851575123636,329.26316524384447,325.2300613618973,210.29008098218924,0.0,2627.3586912956407,13893.108363911164,0.0029817427061898947,2583.2400000000002,0.0,6440.884698683389,306.00964642445916,0.0
1560.0000000000182,305.0686977237141,309.4447347197244,301.48601807232797,304.97487468370775,309.20345339504877,304.9749142063165,309.2058599928424,305.16246253355405,309.44315214713953,305.16253947126097,309.4447347197244,325.42526844728053,327.08396072928247,327.1706496040459,325.5021147627699,329.39385075035983,325.0545980059567,206.95731078101923,0.0,2618.9100252175876,13266.533832108305,0.002955215155614188,2583.2400000000002,0.0,6437.837942132027,305.8645297526962,0.0
1680.0000000000466,304.8571038111888,309.2407272132565,301.27520516238,304.76049200235286,308.9948890401417,304.7604585527207,308.99619195669555,304.9537310583884,309.2402715117305,304.95373363127646,309.2407272132565,325.2535922533206,326.93918838464685,327.02425213494314,325.3303948352848,329.50124671120466,324.8894923421638,204.10722967935223,0.0,2611.653061400648,12753.607937360175,0.0029309847773492667,2583.2400000000002,0.0,6435.399211748975,305.7485530466604,0.0
1799.9999999999673,304.6736441368974,309.0622185538984,301.0939710808818,304.57461305121734,308.8119261106304,304.5745204657432,308.8123333217043,304.7727503271552,309.0622185538984,304.7726927034553,309.061761414548,325.0933179357084,326.80028382854755,326.88585895897666,325.17007812171124,329.58737539251945,324.7349153934834,201.67621794698587,0.0,2605.3729193099766,12332.220935803669,0.0029083996272187525,2583.2400000000002,0.0,6433.542345269574,305.6602719771017,0.0
1919.9999999999693,304.5121584450911,308.90382683918796,300.9355281577878,304.41105899820803,308.6493774821238,304.41091846067815,308.64905750661245,304.61338135427917,308.90382683918796,304.6132749671823,308.902629889967,324.9438187461352,326.6686137981836,326.7536284528521,325.02053898027714,329.65501593921346,324.59036017121343,199.59348760231737,0.0,2599.8541366046447,11982.615921213222,0.0028881271059623325,2583.2400000000002,0.0,6432.252708787797,305.59884115701635,0.0
2040.000000000015,304.36806617369695,308.7611726336344,300.7948493847035,304.2652726176532,308.50336005997895,304.2650930812243,308.5024480978011,304.47102247075975,308.7611726336344,304.4708765251319,308.75937549389687,324.80429963445965,326.5431939400854,326.6277089920605,324.8809827465347,329.7066164553378,324.45513569206764,197.80196239154463,0.0,2594.9370129703307,11690.038697433294,0.002868962886235532,2583.2400000000002,0.0,6431.515390499676,305.56371317106425,0.0
2159.999999999991,304.2381237020102,308.63144231500763,300.66841989325184,304.1339809557826,308.3710340183528,304.1337696152037,308.3696388312586,304.34246115294616,308.63144231500763,304.3422830840913,308.6291576483707,324.6739255235252,326.4239377919564,326.5080095425208,324.7505748997348,329.74429892187226,324.3284936979029,196.25578003160948,0.0,2590.508606683227,11443.385208474952,0.0028512369495658565,2583.2400000000002,0.0,6431.362968626606,305.5564513513934,0.0
2279.99999999992,304.119942029356,308.51252742469126,300.553696337907,304.0147805801172,308.2502715774329,304.01454324995944,308.2484811588687,304.2253242323976,308.51252742469126,304.2251200549317,308.5098463596027,324.5518697934917,326.31135942090566,326.3942929644761,324.62848859546114,329.7699050116847,324.20968318284037,194.91770343266177,0.0,2586.4858305132416,11234.157498534787,0.0028346802246462565,2583.2400000000002,0.0,6431.75269793958,305.575019185459,0.0
2399.999999999957,304.0098991008007,308.4011231535598,300.4469506932656,303.90403200025054,308.13769446386357,303.9037726032627,308.1355682681496,304.11600902040885,308.4011231535598,304.1157827792633,308.3981072696379,324.43608496936616,326.2047273500732,326.28530362341127,324.5126758678042,329.78678076239686,324.09679036578643,193.72761869362958,0.0,2582.7442371845677,11051.297099795247,0.0028187134364367292,2583.2400000000002,0.0,6432.731325981029,305.62164387358985,0.0
2511.417734501584,303.9169463960876,308.30615412927216,300.35681463155936,303.8108096674989,308.0424659428079,303.81053397573976,308.0400915208263,304.0233421620601,308.30615412927216,304.023099779034,308.30289300401813,324.3357411401171,326.1108313753542,326.1896359783069,324.4123088529083,329.7927547122221,323.99874048347357,192.78550646814028,0.0,2579.5868175427067,10908.529373154444,0.002805093746785648,2583.2400000000002,29866.531195907082,6434.28353393394,305.69556907234124,713.2429993849216
2511.4177345015846,303.9169463960876,308.30615412927216,300.35681463155936,303.8108096674989,308.0424659428079,303.81053397573976,308.0400915208263,304.0233421620601,308.30615412927216,304.023099779034,308.30289300401813,324.3357411401171,326.1108313753542,326.1896359783069,324.4123088529083,329.7927547122221,323.99874048347357,192.78550646814028,1.0,2579.5868175427067,10908.529373154444,0.002805093746785648,2583.2400000000002,29866.531195907082,6434.28353393394,305.69556907234124,713.2429993849216
2520.0000000000555,304.217557371223,308.4616452402913,300.7177207851686,304.1724239369961,308.2020751744295,304.0536234743001,308.1121250155948,304.38089061152317,308.4616452402913,304.26329146205444,308.3767621051133,324.3442855093749,326.1240336017273,326.2167288006556,324.4235440024751,329.8020209067362,324.00543449615077,194.77377112686824,1.0,2589.7846022523863,11226.97419535411,291.0063758865677,2583.2400000000002,29866.531195907082,6434.28353393394,305.69556907234124,713.2429993849216
2639.999999999991,306.3463572611488,310.1417001348899,303.1553939770828,306.3298450407471,309.9074390558858,306.1737322549719,309.70626119461093,306.51834878857153,310.1417001348899,306.36350296028627,309.9488078288317,324.5470232277098,326.2700173041694,326.3592124936285,324.62521896359385,329.951750673,324.2179084295692,219.37205232678417,1.0,2662.9747696124236,15782.137010700337,286.8858610792342,2583.2400000000002,29888.447315467925,6436.4729138408775,305.7994957840683,747.7545681693573
2759.99999999997,307.7235650847586,311.32189224460285,304.664625702442,307.7154670929095,311.10198862108365,307.5540807577162,310.8845489870576,307.89264664027,311.32189224460285,307.7320658481202,311.11078987631987,324.8623247742865,326.5107164242163,326.5966304492408,324.9392084347688,330.14072541628457,324.53382497141945,238.12993692347501,1.0,2711.158312806775,20419.68015318826,279.9256397624995,2583.2400000000002,29993.962459824503,6439.318079209584,305.9350367495432,771.3541316053872
2879.9999999998677,308.776501409053,312.2537987681427,305.79765141355045,308.7725984591224,312.03936249741463,308.6082094117556,311.81108805590446,308.9446214545677,312.2537987681427,308.78057631074773,312.02797740599465,325.2106896590262,326.80223056123384,326.8869162288188,325.28638094305705,330.3521974452269,324.88172573858435,252.6684067086157,1.0,2748.4399493380897,24840.524529462593,270.7046727764331,2583.2400000000002,30308.068033197495,6442.7806570584125,306.10081423142225,784.9955607812171
2999.999999999905,309.6238493189772,313.0302227754302,306.76167720680445,309.62049628939485,312.8158346507002,309.4559235417063,312.580748469899,309.79185537224606,313.0302227754302,309.62712207254316,312.7931294330197,325.6242859121925,327.1684503216852,327.2525458803915,325.69998146649937,330.59140997799574,325.2912509652378,264.01098292525734,1.0,2778.7232286582457,28857.851216532315,288.4254477118733,2583.2400000000002,31041.81187639461,6446.85709893585,306.29609978340795,788.9179333510849
3120.0000000000364,310.3150180091063,313.68855678122515,307.5472729940186,310.30889750616126,313.4726186281275,310.14756753054246,313.2350948948735,310.4828422263151,313.68855678122515,310.32076477338904,313.445783225878,326.0823486171861,327.59785023121054,327.6813906347907,326.15815717821056,330.85963228365523,325.74362572010676,272.7627738089084,1.0,2803.6123450502446,32330.932519048878,306.21294323241705,2583.2400000000002,31935.65171099922,6451.721251061929,306.505101012572,780.6892325510779
3240.0000000000937,310.7447235052777,314.03853353122423,308.08598836824683,310.7351682851716,313.82493766452626,310.58030622288595,313.58866291235483,310.9097464747813,314.03853353122423,310.75367303825345,313.794028838194,325.7969613133985,327.39463206065113,327.44785872464024,325.8431587450304,331.07198551369765,325.6352235578542,279.5216684472745,1.0,2819.1652674622896,35242.713651263046,316.82406960422225,1723.68,32866.33575080664,6457.077640593049,306.7616532704672,763.4431503606953
3360.000000000093,310.95922152994615,314.2122796458532,308.3609823030505,310.9419413130861,313.9902749928906,310.7966176435321,313.7654711412762,311.1228919502453,314.2122796458532,310.97543521290356,313.9724024347306,325.7190208393411,327.35530660663494,327.41065240434233,325.76441275783606,331.250447216442,325.5807904816914,284.7487172562787,1.0,2826.9522104485495,37637.43371478468,317.8344316147859,1723.68,33717.864665163564,6463.150859707233,307.0504739452574,730.3875764247123
3480.000000000017,311.00446671627327,314.2553319836523,308.424498127599,310.9780758017588,314.0275406271868,310.8443077036816,313.8143187787608,311.1659422207999,314.2553319836523,311.0295411388344,314.0238131958508,325.687834571894,327.3551262827562,327.411429631535,325.7330955780912,331.40764030780196,325.55925732820486,288.8166738262449,1.0,2828.596890374238,39588.46930100486,311.21258818322013,1723.68,34479.938067553696,6469.758750554965,307.36508633211923,683.2994356917425
3599.9999999999345,310.9085728757976,314.1902455952434,308.32867245938155,310.8701553338835,313.95314804067357,310.750306301222,313.75460044714106,311.06847228763047,314.1902455952434,310.94535758043685,313.970275101403,325.66873315398107,327.3727060977227,327.4293903985713,325.71391545757837,331.5479987815569,325.54617234388394,292.008339147595,1.0,2825.112204413288,41171.68924282538,299.274327132399,1723.68,35142.61516624871,6476.794619812233,307.700168413565,624.6536629517176
3719.9999999998804,310.6736237535196,314.01750410904435,308.06860191174684,310.6170250962117,313.7603820323876,310.5144969266722,313.5848390805745,310.8350431422141,314.01750410904435,310.72792984896273,313.8123263431061,325.6426900493456,327.390067542432,327.44681949037766,325.6878563606818,331.67329562422555,325.52464526188845,294.52724746940453,1.0,2816.587331904105,42450.771161097786,278.5429219231634,1723.68,35673.436837457666,6484.131809350635,308.04945225543105,540.3697776923732
3839.9999999999386,310.24354791126325,313.6860845279093,307.6093328665127,310.16810875802383,313.41053920760925,310.08881926581245,313.26422589267787,310.40079324915405,313.6860845279093,310.31647037204567,313.50237577930324,325.59525709408797,327.39609709157355,327.45327984455747,325.64058736819834,331.7845870743369,325.4805237487105,296.51483395000224,1.0,2801.0335503428046,43471.85751876416,246.7020331564329,1723.68,36026.915429508845,6491.614710724137,308.4054029051655,384.9544769943147
3959.9999999998763,309.7685235290281,313.30758273275256,307.0798102203446,309.6802903036919,313.0184993964533,309.6171710938454,312.89361164273754,309.9222588522935,313.30758273275256,309.8543738662632,313.14008621219784,325.51974725376914,327.3757980024794,327.43267909091367,325.56520108081753,331.87323305277283,325.40854090835404,298.0716876155927,1.0,2783.928920626569,44279.60640168637,232.74004099880372,1723.68,36356.14918183757,6499.051865195504,308.7594228694984,320.94182018998663
4080.00000000003,309.1874224444671,312.8535043460696,306.4059180354328,309.072435564113,312.531708844233,309.0304909767159,312.43285052814997,309.34617797710223,312.8535043460696,309.30058525991933,312.7274315799872,325.41645315370505,327.3260786397264,327.382847529734,325.46206674879164,331.9382058884138,325.3088950850543,299.2601911512155,1.0,2763.112290436017,44894.547737263805,214.8508960210625,1723.68,36517.50262821036,6506.251259400692,309.1021510394638,210.1276546614018
4199.999999999896,308.50987587274665,312.3070186595705,305.6727602515085,308.37018032543403,311.9659824479866,308.35107914066367,311.89241229169033,308.6697308496893,312.3070186595705,308.6485131751831,312.2163143189242,325.2679074660711,327.23757551768654,327.2937692067198,325.3136006895542,331.98005730314077,325.16400431510374,300.12395225906675,1.0,2738.987052989564,45333.969166341674,193.47557970250008,1723.68,36574.47688748437,6512.9988495645,309.39998347282256,133.81410005402867
4319.999999999982,307.954941762892,311.793816757265,305.0974166343836,307.79142390935806,311.4385671152244,307.79666291963343,311.42313305704386,308.112996379807,311.793816757265,308.11868384275255,311.7748635643629,325.09162964548955,327.1026695196437,327.15618161057165,325.1374233748969,332.00182025734586,324.9923713723165,300.6955810130655,1.0,2719.3404494674132,45621.222450795205,180.18370221378007,1723.68,36567.47103389551,6519.105618519944,309.69088663269,132.65400373034893
4439.999999999928,307.8053197281082,311.63915268480116,304.92674106732534,307.61824883459593,311.2284441621541,307.64766714050114,311.25492623553146,307.9617617127734,311.6043202754891,307.9936012245428,311.63915268480116,324.93271294822887,326.9651961058613,327.0180858134654,324.9785379469808,332.00411461185604,324.8390166711539,300.9992808976794,1.0,2714.0599668396667,45780.70789500588,210.7286036947516,1723.68,36568.238620124495,6524.381267574467,309.9418303214472,199.66840370477
4559.99999999984,307.95838616890245,311.7051172790004,305.10586674684237,307.7593162424578,311.26453532990274,307.81303063051536,311.3179655100415,308.10189133688795,311.62631252250173,308.15930646573025,311.7051172790004,324.8015255998315,326.82428919405584,326.8747332205339,324.84721947458274,332.0015075237377,324.71248436119276,301.04634725315975,1.0,2719.452038250106,45812.42311887073,229.55118294018,1723.68,36441.64398075395,6528.6588068383235,310.1561076919486,300.7520381962067
4680.000000000037,308.20980398896506,311.87462906222254,305.4027576701908,308.0036776172679,311.41187203631733,308.07437485911964,311.4909242634562,308.34274605206923,311.76113797901314,308.41841742738524,311.87462906222254,324.7083409539697,326.70633227766984,326.75463319905094,324.7539027901301,331.9985228277233,324.62226695922874,300.84534934058814,1.0,2728.333403930822,45711.90504050586,246.0521964840847,1723.68,36161.19394617144,6531.767433364987,310.30382678204467,372.56950816773946
4799.999999999914,308.62603263303504,312.18514144219864,305.86070699505984,308.40901331965733,311.6910883772556,308.50303271515236,311.80461446827553,308.74651239957547,312.0401050614194,308.84557209773595,312.18514144219864,324.65795130599685,326.604290244914,326.6493923278374,324.70326777998406,331.9934135259227,324.5736896922827,300.4083785069952,1.0,2743.088480539041,45489.506533443346,276.34425547647743,1723.68,35837.37019217457,6533.606773298534,310.39144895585514,525.1616576472948
4920.00000000004,309.0685131975716,312.52953146832306,306.35828020207185,308.8464309044048,312.01369183106374,308.9584629256053,312.1567784590617,309.1764239038322,312.3597393119995,309.29273505642493,312.52953146832306,324.6481559362705,326.5287296180045,326.57140977924433,324.6933350131011,331.9918069582907,324.5637593150018,299.74406413815973,1.0,2758.8425815171645,45145.27011006969,296.3869653929354,1723.68,35334.88870532751,6534.12144826943,310.41596696756795,609.3408151994043
5040.000000000111,309.50021862895994,312.87207024291615,306.82897409998634,309.278089355721,312.3447556895957,309.40566935961584,312.51398697779365,309.59318505968884,312.68086349996304,309.723930740796,312.87207024291615,324.67079043320484,326.5050017874534,326.55287637592085,324.7158607331828,331.99771316267146,324.58485777531916,298.86442322319914,1.0,2774.2798438455725,44686.279913248036,309.12500401731586,1723.68,34704.44550259667,6533.294954736294,310.3765945904661,672.219580434561
5159.9999999998945,309.8966569894421,313.1942572073707,307.26071066724626,309.6751868235998,312.6590659769723,309.81550583509625,312.8496274950748,309.97647262024486,312.9846765211559,310.1194626788092,313.1942572073707,324.71284778651034,326.5034109058545,326.5496740206554,324.75775878412776,332.01111267851314,324.6249824749103,297.78407122050936,1.0,2788.513590046772,44122.24861134753,314.151328202651,1723.68,33960.29074449185,6531.15057278815,310.2748100741223,721.668685158376
5279.999999999982,310.2398270756047,313.4763415440361,307.6284008907967,310.0216209500713,312.93828486525126,310.17281379967454,313.1523153575067,310.3059954210684,313.2513837747281,310.4588781315871,313.4763415440361,324.7643816340964,326.514690812146,326.5590893866436,324.80912008374617,332.0322879439,324.6749794994442,296.52027018261197,1.0,2800.8795271107106,43464.86142339871,317.4221885977472,1723.68,33132.91931445876,6527.7803792182385,310.1142679063022,758.173068406569
5399.999999999836,310.5105980725165,313.6993669438207,307.9126468399159,310.2976263602058,313.16656445404794,310.4566233509054,313.39357080946775,310.5639689762705,313.46419542296746,310.7241736026675,313.6993669438207,324.81121819049474,326.53737230118145,326.5648608610747,324.8557617352276,332.05730745294267,324.72097417002124,295.0925078867093,1.0,2810.666065052173,42726.938237280236,310.5089115519859,1723.68,32224.65796695769,6523.273623071311,309.88906624966535,778.9597116131895
5519.99999999994,310.6969227899031,313.85188835612666,308.0763277092694,310.49037550276876,313.326696755171,310.6541957544416,313.5630130667984,310.739298577255,313.6102451863834,310.90382132512843,313.85188835612666,324.83701616094453,326.54783323605045,326.57039825271664,324.881211538069,332.07850979749236,324.74658917017126,293.55723479360466,1.0,2817.4152965161366,41940.49597519247,291.3438206917434,1723.68,31301.07572936875,6517.817582924431,309.62952948289706,788.0580380208853
5639.999999999753,310.92770364465554,314.1388238425594,308.199028980159,310.72795587630753,313.6208132618371,310.89320808897963,313.86369884261325,310.9621345323887,313.8953416152922,311.12751608092975,314.1388238425594,325.6116020602505,327.1528260439985,327.243240649219,325.6855323367378,332.17166991869266,325.33743907431557,291.98511357847354,1.0,2825.8001727999444,41152.477231106466,273.3192521274395,2583.2400000000002,30436.51101826562,6511.585023355691,309.33265378836836,786.5553568894578
5759.999999999735,311.1902955089602,314.4574845362414,308.3965190134538,310.9995003836926,313.95202075517875,311.1631683317797,314.19923221937336,311.21759646241463,314.2144693808324,311.38091685793563,314.4574845362414,326.198232214655,327.6786180909587,327.7610448284736,326.2737881990742,332.3169578333236,325.89227489223634,290.7309893505558,1.0,2835.3636236079305,40538.04273302116,277.3707890254618,2583.2400000000002,30120.616367476297,6504.7702481035785,309.0315956333203,774.7160891450677
5879.999999999986,311.4438830741108,314.76314063045896,308.5973428911127,311.2649600662014,314.2778490661019,311.42483198487236,314.5249738649161,311.46340029532655,314.52409342720244,311.6223399500249,314.76314063045896,326.7463587162693,328.2070505234381,328.2903242809509,326.8231252479692,332.4969006243284,326.4221777859345,289.8148211986209,1.0,2844.6222764754784,40098.237801470576,287.7266814468624,2583.2400000000002,30003.00196835945,6497.563276546184,308.68856999264506,752.5647625607769
5999.99999999981,311.6606459639302,315.03547370088535,308.75291517288804,311.49612783007785,314.5742324136411,311.65037964690805,314.82046522759833,311.6716240274483,314.8008613064595,311.82445235126727,315.03547370088535,327.2650648249187,328.7318778058187,328.8202795529499,327.34278963959116,332.7015677321426,326.92699496404373,289.21031667913223,1.0,2852.555961280049,39813.86560198856,292.82270491381007,2583.2400000000002,29988.908654093895,6487.586179660582,308.2137583179987,705.4360409688045
6031.1010345150735,311.71240836947004,315.1024790863911,308.78940810701727,311.55207954875357,314.64822816455387,311.7044974873303,314.8935086465132,311.7211089688571,314.869244364736,311.8719474729228,315.1024790863911,327.39685264577423,328.8661641657046,328.9558559896976,327.4747612627589,332.755772198937,327.0555787432817,289.07198845981736,1.0,2854.453106447745,39749.249137280676,290.6564540809079,2583.2400000000002,0.0,6482.77786833351,307.9850309058438,0.0
6031.101034515074,311.71240836947004,315.1024790863911,308.78940810701727,311.55207954875357,314.64822816455387,311.7044974873303,314.8935086465132,311.7211089688571,314.869244364736,311.8719474729228,315.1024790863911,327.39685264577423,328.8661641657046,328.9558559896976,327.4747612627589,332.755772198937,327.0555787432817,289.07198845981736,0.0,2854.453106447745,39749.249137280676,290.6564540809079,2583.2400000000002,0.0,6482.77786833351,307.9850309058438,0.0
6119.999999999844,309.98451602381965,313.89281522155056,306.73400847457276,309.895631048383,313.616600802888,309.899360771819,313.67269764994865,310.06965925212603,313.83741217757364,310.0734130229334,313.89281522155056,327.5522920437998,329.04001016680013,329.1209724028608,327.62778128582625,332.82008499359665,327.20092998711584,271.05979261701196,0.0,2791.755374551728,31594.889031813876,0.003240897664523863,2583.2400000000002,0.0,6482.77786833351,307.9850309058438,0.0
6240.000000000073,308.68884776659667,312.83891977775545,305.26333419521546,308.5986936194241,312.5741501144566,308.60121146333614,312.61386266089863,308.7764513827164,312.79950575061827,308.7790346008927,312.83891977775545,327.5924921864943,329.15181778356464,329.234012965936,327.66852907776865,332.8883046828804,327.2400385193744,254.32705987895454,0.0,2745.4069586418573,25372.34144488329,0.0034966741680542276,2583.2400000000002,0.0,6475.56603852962,307.64163003866156,0.0
6360.0000000000555,307.8881824292313,312.16539891303484,304.36864430517113,307.79815123976795,311.91009545209835,307.80005640787107,311.94070119196374,307.9762756405884,312.13515448727384,307.97824642868164,312.16539891303484,327.5371213115103,329.1512710025478,329.2326827014944,327.61342310107324,332.92852940472534,327.1884793402172,242.6311267348503,0.0,2717.054368431234,21690.413731296467,0.003437906218011134,2583.2400000000002,0.0,6468.679789222475,307.3137844531916,0.0
6480.000000000187,307.31913721897035,311.6738953521575,303.740152238348,307.2305842004463,311.42916489616516,307.2320303776098,311.4528859568717,307.4062131849097,311.6506318321654,307.4077211128983,311.6738953521575,327.4435934264538,329.10956201525926,329.19250276732606,327.5200474062208,332.94901755165415,327.09938812714034,233.47416787310993,0.0,2697.0365407480463,19154.693968123956,0.0033907289937095404,2583.2400000000002,0.0,6462.278233611893,307.0091330178323,0.0
6599.999999999887,306.9020587555561,311.30285897268675,303.28489323316165,306.8162036454852,311.0699403627399,306.8172906676042,311.0882533038043,306.9867980330873,311.285088231984,306.9879426760296,311.30285897268675,327.32907415358227,329.03830574213356,329.12141500875714,327.40561299290863,332.952523934405,326.989128437025,226.14342490677768,0.0,2682.43383729942,17327.86555475261,0.0033576144761730577,2583.2400000000002,0.0,6456.393693213545,306.7275672377424,0.0
6720.000000000186,306.5858492752113,311.0128101324615,302.94376349753543,306.5035443276546,310.7922046617841,306.50434595177535,310.80620928190484,306.6673255979832,310.9994152813546,306.6681812234149,311.0128101324615,327.2039793795691,328.9465262874007,329.02960603469637,327.2805625592663,332.94160958282083,326.867846202953,220.17294467564085,0.0,2671.401304810572,15965.080100346087,0.003327402497192477,2583.2400000000002,0.0,6451.0929989437955,306.47476409274503,0.0
6839.99999999998,306.3375888027775,310.77790675783854,302.6790206704509,306.25941890912696,310.5698346686481,306.25999246526436,310.58039072887,306.41515961871306,310.7680116916676,306.41578421798675,310.77790675783854,327.07447603449094,328.84305923978843,328.92600290052013,327.1510786033953,332.91845189887556,326.7416503719202,215.25002826893342,0.0,2662.7625131153764,14921.248720103604,0.003300147356972611,2583.2400000000002,0.0,6446.435623824364,306.27601933222934,0.0
6960.000000000034,306.1355218853433,310.58100744504105,302.46584211915507,306.0618524608317,310.38543194294226,306.06224303721064,310.3932174360626,306.20877636056844,310.573920804476,306.2092156827448,310.58100744504105,326.94433276797605,328.7336741196044,328.8164320234713,327.02093997637354,332.88503414039985,326.6143377549172,211.14286334837576,0.0,2655.7459112435386,14102.960402013576,0.0032747655574501787,2583.2400000000002,0.0,6442.449500900322,306.08424638664104,0.0
7079.999999999868,305.96503476180783,310.4104941747208,302.2876058490085,305.89614218593505,310.22731276579134,305.8963853794777,310.2328632275237,306.0336606990454,310.4056706302654,306.03395078275355,310.4104941747208,326.8156789933329,328.6219305069412,328.70490544331483,326.89228269764,332.8430770275657,326.48809351081314,207.67958204856012,0.0,2649.836142534372,13448.518197894786,0.0032508106874941014,2583.2400000000002,0.0,6439.107084850542,305.92498446997786,0.0
7199.999999999869,305.81615615585434,310.25843225869767,302.1331561502934,305.75212487596605,310.08735354229964,305.7522481981115,310.0910853934433,305.8800413689378,310.2554470696467,305.88021018038387,310.25843225869767,326.6895575902577,328.50993234628663,328.59315638997504,326.76615301126867,332.7941607569215,326.364030749516,204.7219993324302,0.0,2644.6830949986443,12914.3823315392,0.0032279696065721348,2583.2400000000002,0.0,6436.433425305723,305.7978684972984,0.0
7319.999999999951,305.6842981055011,310.1211845580214,301.9973392680025,305.6251248476296,309.9618246112436,305.62515173332315,309.96409279794864,305.7434221954905,310.11967611718313,305.7434936455426,310.1211845580214,326.566656940417,328.39888261730675,328.4822801192494,326.6432416226702,332.7390725089284,326.2428722977576,202.2023760145423,0.0,2640.1251331643853,12476.667258312553,0.003206327583166315,2583.2400000000002,0.0,6434.333620250724,305.69795719553633,0.0
7439.999999999761,305.5650975517369,309.9952086935222,301.87525491746925,305.5107492651867,309.84718978538206,305.51069866164715,309.84828069189723,305.6194744935868,309.99488612745125,305.61946778650855,309.9952086935222,326.44729373014417,328.28960344539706,328.37312018173304,326.523866486974,332.678808711519,326.12498178872056,200.0459075849474,0.0,2636.0095463169596,12114.244326045304,0.003185659382067432,2583.2400000000002,0.0,6432.794179577492,305.6246384056901,0.0
7559.999999999834,305.45546790048326,309.87859747494093,301.76345662511494,305.40588853425567,309.7409312594513,305.4057756523376,309.74107524052886,305.50513844915304,309.87859747494093,305.5050689661683,309.87796746227593,326.33154535079865,328.1825432083502,328.2661400962602,326.4081056646516,332.61422969294506,326.01047748953295,198.1924847037456,0.0,2632.2284945279116,11811.419338973805,0.003165777152858605,2583.2400000000002,0.0,6431.822200242843,305.57833047776734,0.0
7679.999999999877,305.353281417989,309.76905803162634,301.6595620108037,305.30843092430064,309.6413237125384,305.3082679220668,309.64070513576206,305.39827337267,309.76905803162634,305.3981534529009,309.76766269626535,326.2193562417847,328.0781141996115,328.16157269605424,326.29590452274186,332.5460705978743,325.8993361291202,196.59394493184624,0.0,2628.707699680018,11556.429487195946,0.0031465794637190164,2583.2400000000002,0.0,6431.403834532744,305.5583983215229,0.0
7799.999999999843,305.25712431822984,309.66511078060074,301.56201680447396,305.2169244452254,309.54716344504106,305.21672107557777,309.5459302494861,305.2975060985374,309.66511078060074,305.2973456535594,309.66310038202727,326.11059457360926,327.9761791999439,328.0594997638692,326.1871313363538,332.4749614148332,325.791454797911,195.21127830974714,0.0,2625.397787837158,11340.310666990637,0.003128021958731699,2583.2400000000002,0.0,6431.551809596675,305.5654482823655,0.0
7919.999999999753,305.16508157449744,309.5650710859126,301.46878373783557,305.12945332219897,309.45677182273863,305.1292161171141,309.4550232185365,305.20092560487006,309.5650710859126,305.20073125378946,309.5625461841658,326.0045476089401,327.87630484916156,327.9595034343481,326.0810735482885,332.401844821169,325.6861677209458,193.98192294072703,0.0,2622.232380969315,11151.534357193103,0.0031098352087053603,2583.2400000000002,0.0,6432.258664610693,305.5991249083623,0.0
8040.000000000182,305.07829842136994,309.470035258082,301.3810329573025,305.04716696862647,309.3712367524229,305.046903769477,309.3690916603326,305.10967163075577,309.470035258082,305.1094513166024,309.46711606407536,325.9021350529341,327.7805539957791,327.86235196604696,325.9786507783583,332.3263282549791,325.5843659327814,192.94339603600193,0.0,2619.2504139705475,10994.2785643616,0.003092465447764066,2583.2400000000002,0.0,6433.549381231604,305.66061841875967,0.0
8088.825151149661,305.043618366295,309.43196787574317,301.3459828258792,305.01430811723577,309.33701798441297,305.0140352161075,309.33472481056737,305.07318006156567,309.43196787574317,305.07295007025357,309.42890160401925,325.86091580992525,327.74228466363377,327.8231823099621,325.9374274574095,332.29533606558414,325.5433779380874,192.54295541482415,0.0,2618.059473173742,10934.233192611444,0.0030855931386591117,2583.2400000000002,30058.407373377337,6435.457725346356,305.7514152226369,731.4083120818586
8088.825151149662,305.043618366295,309.43196787574317,301.3459828258792,305.01430811723577,309.33701798441297,305.0140352161075,309.33472481056737,305.07318006156567,309.43196787574317,305.07295007025357,309.42890160401925,325.86091580992525,327.74228466363377,327.8231823099621,325.9374274574095,332.29533606558414,325.5433779380874,192.54295541482415,1.0,2618.059473173742,10934.233192611444,0.0030855931386591117,2583.2400000000002,30058.407373377337,6435.457725346356,305.7514152226369,731.4083120818586
8160.00000000006,306.63709621736325,310.56787460937517,303.2141338307574,306.6944047756253,310.49894809563204,306.542033985466,310.3098367273541,306.73141628051235,310.56787460937517,306.58052982783164,310.3878425368561,325.95140308589504,327.8390197102749,327.9347903498695,326.0302380146841,332.3307702478321,325.63900367379574,208.37654158364757,1.0,2673.125041325796,13615.929474564866,292.56781338869257,2583.2400000000002,30058.407373377337,6435.457725346356,305.7514152226369,731.4083120818586
8279.999999999893,308.3503307322413,312.0012123265406,305.1087858397014,308.4231307929539,311.9600226623584,308.26409849825336,311.7484499380419,308.43603897922446,312.0012123265406,308.27805465851577,311.7968416008122,326.2230924570565,328.0000547596354,328.07965893786934,326.3005074331928,332.4224653027233,325.9121659825485,230.8245204590752,1.0,2733.3287643810313,18543.58507408591,285.21399501841444,2583.2400000000002,30099.53913204198,6437.99906833861,305.8722062736661,760.067928459239
8399.999999999793,309.5706481875456,313.06223336577307,306.4271138405153,309.6534915883973,313.03828192190815,309.4903545116241,312.81256520513426,309.6506349244285,313.06223336577307,309.48811172571436,312.84157228050356,326.5618432443315,328.26928177215984,328.3483934177024,326.63801111479626,332.5527408435704,326.2486312200544,248.07053077700857,1.0,2776.83430377525,23421.063934153222,277.00767458737835,2583.2400000000002,30254.01132764079,6441.182229078668,306.02382548185864,778.8456452357383
8520.00000000018,310.4667353351694,313.8711001046585,307.4123742858021,310.55436903885607,313.8544809901176,310.38962041208106,313.62154516999044,310.543815810985,313.8711001046585,310.37913607873844,313.638246102424,326.9496012416226,328.61444990033647,328.6947827910802,327.0252252454142,332.7205574005215,326.6325108036369,260.49491383612343,1.0,2809.113624778462,27618.621807299565,278.87427392057987,2583.2400000000002,30805.557933748256,6444.983570067999,306.2068387675209,787.0515147501617
8639.999999999964,311.1979091946562,314.55621474669334,308.24132611752714,311.28669790970645,314.5435313327291,311.12347456095875,314.30526314760306,311.27258479528285,314.55621474669334,311.1088795126579,314.31404028311147,327.3870952888977,329.02310311678934,329.1053034644447,327.4627914963226,332.9207971697978,327.06408659889803,270.0897635102163,1.0,2835.6627068608673,31296.403220444838,300.5228124916576,2583.2400000000002,31683.15903030878,6449.518488561448,306.4064595670506,784.6935153268014
8760.0000000002,311.7987224303891,315.1414546413841,308.9197753655679,311.88501752535535,315.1295903552008,311.7269644218265,314.89091945084067,311.8709918411396,315.1414546413841,311.71191593321646,314.8961045412264,327.8552019681791,329.4735452091057,329.55692695831846,327.93111907513895,333.15101597017554,327.525129545174,277.4942196929303,1.0,2857.6214451484425,34415.22160153062,311.6804849489345,2583.2400000000002,32604.54257931173,6454.763300727039,306.65081914362145,770.1184465095379
8879.999999999856,312.2793314163978,315.6331584814699,309.4611353737011,312.3602846369856,315.6181349175265,312.2102220066372,315.38532635330307,312.34924175995116,315.6331584814699,312.1975772619977,315.38970360789654,328.3311802210742,329.946079835564,330.03041334882994,328.4072705848217,333.40465415829567,327.9943021325562,283.213598218919,1.0,2875.280928177835,37001.07103684211,319.188211215063,2583.2400000000002,33474.358090279435,6460.630069952533,306.93068846092245,741.5279412981808
8999.999999999975,312.6386489567338,316.0269491400568,309.86607690492866,312.70991935044003,316.0003609216003,312.57061036476614,315.7804394531284,312.7079586969211,316.0269491400568,312.5661074147903,315.7884630088648,328.7951789593587,330.4217692007214,330.5067943129118,328.8713596050776,333.67511907511516,328.4528119295119,287.65498838312584,1.0,2888.5395326481757,39118.934217076196,312.2916769882636,2583.2400000000002,34300.48087291772,6466.858612660983,307.2270497522737,704.4507948897726
9119.99999999968,312.88063460861116,316.32511485440546,310.1362788156216,312.93997199577547,316.2896833014608,312.81350222997156,316.08199945249174,312.9493726228865,316.32511485440546,312.81969158579255,316.0959806357834,329.24145863523813,330.8931446257305,330.9793746260759,329.3178614705641,333.96002761304925,328.8944797663797,291.1333307801471,1.0,2897.4976789695033,40845.48375665507,308.90744049291584,2583.2400000000002,35015.59596886189,6473.728281914156,307.5541666357598,652.1259009366074
9239.999999999867,312.9959706785382,316.51768638419804,310.2710790054297,313.0406609805627,316.46962730850623,312.9303621800224,316.2825161890421,313.06362480825226,316.51768638419804,312.9492347452975,316.3030409922591,329.6549464398996,331.3360266170497,331.4224677057944,329.7313477275544,334.25167247722555,329.3052473571466,293.8780718601695,1.0,2901.7794556771864,42248.601778517645,286.48277245724216,2583.2400000000002,35598.29631069544,6480.956522728227,307.898359333862,572.5539063410035
9360.000000000075,312.99978256480676,316.61685470692356,310.22842853616214,313.0270976553749,316.5479387848548,312.9336083636367,316.38222081327797,313.06839157237164,316.61685470692356,312.9700326678232,316.41752725459787,330.03135811715316,331.75388693061086,331.8419214366736,330.10793414235826,334.5497732145184,329.6796156978797,296.05278283561626,1.0,2901.930525695123,43384.434805902,271.39673685646244,2583.2400000000002,36081.21836636359,6488.406659658059,308.2526057613593,499.0679422503746
9479.99999999971,312.8268513069522,316.5644303439763,310.00382106679723,312.8398275826573,316.4870023103085,312.768641891441,316.3482815053514,312.88742028104394,316.5644303439763,312.81151547265,316.3861574837259,330.3599927151668,332.1329030807807,332.22234619326724,330.4367637311107,334.8450204743823,330.0068234156054,297.76671392591146,1.0,2895.5372416859805,44288.976054317995,238.38403569068703,2583.2400000000002,36381.35846769581,6495.887243130165,308.60872311207174,350.6028245314683
9599.999999999827,312.5992220116571,316.4612987496175,309.6890657599659,312.59232102019416,316.35847114062483,312.53893022549204,316.2461778612514,312.6615282291673,316.4612987496175,312.60410857175697,316.31654526688453,330.6451639481197,332.4651250651434,332.55555271899567,330.7221564892603,335.1302982899307,330.2919843954815,299.09687232033815,1.0,2887.133859056682,44997.430707925305,227.66995937981028,2583.2400000000002,36640.05741071439,6503.217589813004,308.9576269818218,277.33776554446877
9719.999999999716,312.2119831276727,316.2413403380298,309.222425247635,312.1779283842096,316.1120717767357,312.1502465855224,316.0236370220773,312.2751987977772,316.2413403380298,312.24455874316385,316.13015450211935,330.87456836086324,332.74639743771286,332.8370066321604,330.9516839290815,335.40208790789853,330.5220444293783,300.09114389281854,1.0,2872.874599601016,45523.03420079596,205.05416228976046,2583.2400000000002,36739.316973634464,6510.206178102912,309.2896752707333,183.43324459906773
9840.00000000008,311.7537832852727,315.8828736720569,308.7272718730817,311.69718492005376,315.7474479632328,311.69341111277754,315.70822495215805,311.8144128960801,315.8828736720569,311.8101242121617,315.8358283028174,331.04374934437055,332.97173379062474,333.06167731702914,331.12110804591157,335.66024245395266,330.69228350361914,300.7822945169567,1.0,2856.0600236968276,45881.86226847919,167.87946198898268,2583.2400000000002,36702.556058756265,6516.593378937734,309.5712130551889,130.24510951874865
9960.000000000076,311.7246780943638,315.8844732666079,308.6348880704188,311.6461295438364,315.70961023258485,311.6645709690463,315.7216293879711,311.78388030102775,315.86698010440557,311.80413156352733,315.8844732666079,331.20279454021176,333.1619472653498,333.2511038262882,331.28018757653996,335.90215088020096,330.85517784603155,301.2014038491312,1.0,2855.0009219537983,46113.09098608589,199.4957791438348,2583.2400000000002,36744.70385111058,6522.248900127783,309.84046611910895,155.82195020574753
10080.000000000222,312.0591762296225,316.16400479987124,308.96421812764163,311.9596352641344,315.9412115502327,312.0043765907773,315.98113875870433,312.11253192255055,316.11079177356044,312.16016114100995,316.16400479987124,331.378225497815,333.3365713541065,333.4246504410937,331.4555881694899,336.13670061229607,331.0337098818317,301.36261535615137,1.0,2867.2666395364663,46219.0199998235,221.42012978377403,2583.2400000000002,36693.89175601844,6526.974235517846,310.06488609493385,266.9079032295142
10199.99999999998,312.5157159673619,316.5538109939596,309.44913732407565,312.4105188696594,316.3101698260351,312.47384368261635,316.37873833871066,312.55546262911923,316.4543344880169,312.6230386880341,316.5538109939596,331.5796673135771,333.51912019803683,333.60693011513763,331.656984871959,336.37700027632934,331.2373281784537,301.273772374964,1.0,2884.073239635454,46192.5978798693,241.19218247249634,2583.2400000000002,36477.62822748262,6530.598763579924,310.24852305890863,341.38777781888945
10319.999999999789,313.03904048985754,317.012195913364,310.00559736324135,312.9240537025254,316.7395489586197,313.00318079900353,316.8338472351754,313.0723118707538,316.8865557124561,313.1566155871283,317.012195913364,331.8055237727279,333.7087935222962,333.79612122691475,331.882670117104,336.61668042057363,331.46409353249845,300.943300198452,1.0,2903.4292522661635,46035.87348652678,250.62911821978548,2583.2400000000002,36114.14947675986,6532.998138541378,310.3624549070678,403.2425497631464
10439.99999999958,313.7161161801454,317.594777668116,310.72405776326434,313.5929080683912,317.2960990976205,313.69614142487825,317.4256558266601,313.73384096083413,317.43717944632493,313.84157426645885,317.594777668116,332.0695542857659,333.91655105032896,334.00290967802897,332.14657158052535,336.86089942718377,331.72793378591996,300.38476368648094,1.0,2928.6170523792507,45761.94791670924,287.8982454356855,2583.2400000000002,35742.1726084844,6534.086469627525,310.4143006599472,561.9144604126886
10559.999999999964,314.39018154857314,318.18655501074636,311.42516389441823,314.26502128766,317.87109361583725,314.3854832866334,318.02936766522987,314.3930321147737,318.00403835503835,314.5171895052067,318.18655501074636,332.3606485517017,334.1709729808626,334.26431181206635,332.4375427492212,337.11320489338,332.0174967500146,299.60694600601227,1.0,2953.8580130204446,45370.1533960106,304.8108483675235,2583.2400000000002,35180.67392255899,6533.834885599086,310.4023157360364,644.446389221615
10680.000000000131,315.02638896508483,318.7548573091424,312.0838111394484,314.9005955793145,318.426879400437,315.0350997332513,318.6090742564447,315.01622164848607,318.55282653868727,315.15363889926897,318.7548573091424,332.67125324549755,334.4505461048885,334.54430394091736,332.748052024321,337.37345888129937,332.32582302621233,298.6223471955885,1.0,2977.8319583745,44868.110646962945,313.96427195445,2583.2400000000002,34487.86237626615,6532.254272712868,310.32701874958246,698.6012240297582
10799.999999999673,315.6092573470934,319.2844547057645,312.6362106490054,315.48466320405277,318.94917067108014,315.63096467745305,319.1546220618767,315.5865142346043,319.066096032608,315.73488727224435,319.2844547057645,332.989818546238,334.73426409949604,334.8277564720487,333.0664730257577,337.64034158409487,332.6421351871894,297.447085115647,1.0,2999.924846884508,44266.883070444965,318.37639289431496,2583.2400000000002,33699.82379791685,6529.394542801471,310.1911565636309,740.7233652344609
10920.000000000195,316.12005862908785,319.7555488999892,313.0924672965181,315.9986207076723,319.4197333805767,316.15403289001546,319.6411733765622,316.0853654825566,319.52460999034605,316.2422154360885,319.7555488999892,333.3033878138923,335.0137272402809,335.10645529247574,333.3798384896462,337.9148324787897,332.9546639392392,296.099419658853,1.0,3019.3882729239463,43578.60323789924,313.0681622752805,2583.2400000000002,32825.00945797435,6525.350886951588,309.9880194052676,769.1170596368313
11039.99999999988,316.4863368476982,320.06371799102516,313.4095581770412,316.3692710197039,319.73139067947454,316.5311525287791,319.96474444143615,316.44106288194183,319.8248044030306,316.6038609603487,320.06371799102516,333.2630682377863,334.9825112686681,335.05654389040717,333.32628617544253,338.15368946454197,332.9937341697858,294.60020650438054,1.0,3033.4002479995847,42812.76244492881,301.95346442536265,2209.32,31884.315586567973,6520.292654524945,309.7472778517934,783.2470225860546
11159.999999999744,316.7236308739191,320.2603110101918,313.58844021608616,316.61326869280805,319.9363270985513,316.7780439330491,320.17727075682666,316.6690155306997,320.01675498058546,316.83419533910114,320.2603110101918,333.28641552437523,335.00275823645023,335.0753514941112,333.3490654478551,338.36136379838786,333.0292137194037,293.0511213830652,1.0,3042.503979729077,42026.78290197542,281.94993400344094,2209.32,31009.418108183996,6514.372970411598,309.46544129047396,787.1110543730888
11279.999999999505,316.85794373699514,320.37605265612535,313.67471861951566,316.75575993840613,320.0629298156157,316.92019319955415,320.30963586287356,316.79574908182303,320.13170651645606,316.96007272817957,320.37605265612535,333.3265643956235,335.0407212083194,335.1132216266121,333.38931426774366,338.5468596058851,333.07410420932916,291.609368078722,1.0,3047.666560705654,41302.437193918064,275.64287710806815,2209.32,30369.372567291226,6507.805229979207,309.17538118568297,779.863745710654
11400.000000000153,316.9217948645802,320.43670453830254,313.72502962407685,316.8308540976743,320.1422479533842,316.9925082408518,320.3901850677135,316.8513965045626,320.19468264775384,317.0124206152143,320.43670453830254,333.40308692860447,335.1125050107738,335.18678731277254,333.4667520426782,338.71920904090973,333.1503340290922,290.5503411788777,1.0,3050.1238941417596,40776.208606713604,284.25681150102025,2209.32,30223.057850272042,6500.720867243052,308.83888590105073,761.9464167782403
11519.99999999947,316.9206263794938,320.4514868342846,313.6945805901487,316.84259221477373,320.1771393918359,316.99961504787495,320.42518649786047,316.8422702485048,320.2135019509472,316.9980280068036,320.4514868342846,333.50278503113356,335.2097246697285,335.28595420784313,333.5673600793337,338.88368431939614,333.2481126606342,289.8197311329095,1.0,3050.081342112024,40414.66128512565,292.5181603697587,2209.32,30180.16486527746,6493.386267981463,308.4897650799316,734.3803584513223
11608.321024306646,316.8799218057055,320.43215096435887,313.6307537885579,316.8120188665258,320.1740790653565,316.9641808974568,320.42000121619924,316.7964660960259,320.1988417297997,316.947021362794,320.43215096435887,333.57860247646437,335.2837826932058,335.362047113163,333.6436321549254,338.99793578124667,333.3223956849248,289.42985491547176,1.0,3048.517638261973,40221.02252657139,290.3913229847316,2209.32,0.0,6485.974724902275,308.1372483238242,0.0
11608.321024306648,316.8799218057055,320.43215096435887,313.6307537885579,316.8120188665258,320.1740790653565,316.9641808974568,320.42000121619924,316.7964660960259,320.1988417297997,316.947021362794,320.43215096435887,333.57860247646437,335.2837826932058,335.362047113163,333.6436321549254,338.99793578124667,333.3223956849248,289.42985491547176,0.0,3048.517638261973,40221.02252657139,290.3913229847316,2209.32,0.0,6485.974724902275,308.1372483238242,0.0
11640.000000000053,316.0184392160445,319.868740365546,312.5870483934546,316.0192496042289,319.758596940634,316.02947789969596,319.8491148728524,316.00751132449426,319.78144727964764,316.0175180357413,319.868740365546,333.5440269054531,335.2473889813639,335.3149147076118,333.6061645908238,339.0052833385961,333.28754887137296,282.2285635471623,0.0,3015.5472897238083,36727.650538898735,0.005850721578801777,2209.32,0.0,6485.974724902275,308.1372483238242,0.0
11759.999999999973,314.0822116449413,318.26535209168344,310.4343359201446,314.0820161143135,318.1848099724957,314.08502378350505,318.2314356823631,314.0793816386692,318.2194495637476,314.0824250432581,318.26535209168344,333.29001455919007,335.0834490702907,335.15171752570933,333.3528021638022,339.00511928064066,333.03251525740694,261.82350673097716,0.0,2942.3695365311305,28284.94773151432,0.004833178414627332,2209.32,0.0,6478.677266375749,307.7898288227247,0.0
11879.999999999993,312.79390025008973,317.1396193705576,309.03561977832464,312.7897897717927,317.0610935556429,312.7919636895876,317.095793512741,312.7958124673631,317.1055530600137,312.79803507159636,317.1396193705576,332.9304184003445,334.82055049147357,334.8889970068941,332.9935085739871,338.9580405956774,332.68115724395,247.58272705177131,0.0,2894.4169242472854,23440.076176746774,0.0047021329966729294,2209.32,0.0,6471.637102921637,307.4545390899279,0.0
11999.99999999962,311.89372205716296,316.3220253259484,308.0820656986068,311.88679133146826,316.24509183043943,311.88844575267154,316.27201155724686,311.8989748066963,316.2958047219066,311.9006763377978,316.3220253259484,332.5269426385369,334.4874471382536,334.5572162262879,332.5901555185216,338.86371320661436,332.28676271198697,237.38002956560402,0.0,2861.2567395261135,20439.77898259373,0.00457030442103812,2209.32,0.0,6465.0118683795035,307.1391213626506,0.0
12120.000000000273,311.1817663067479,315.6570143639986,307.34136845878186,311.172921473462,315.5822294438651,311.1741731054854,315.60308265957394,311.18933739470117,315.63692694930916,311.19063325332434,315.6570143639986,332.11275736677453,334.12587136845787,334.19683756422353,332.1760202634061,338.7379311114136,331.8809022963691,229.2897400532054,0.0,2835.230060562549,18315.703244260338,0.004458017404399626,2209.32,0.0,6458.902292833913,306.848013098924,0.0
12239.999999999687,310.6544585642664,315.1874920856101,306.7845052783404,310.6437823163732,315.1131454339785,310.6447094333045,315.1291124957776,310.6641856566236,315.17232060745954,310.66515685074734,315.1874920856101,332.032210710284,334.0350788867812,334.11694378570735,332.1084539615978,338.61999167894214,331.7279155840308,222.74814001438236,0.0,2816.0708839575527,16755.244748867673,0.004396726621807696,2583.2400000000002,0.0,6453.350775405079,306.58232745010577,0.0
12359.999999999665,310.2551133270682,314.82592754261503,306.3639235765117,310.2431027136775,314.75265902885826,310.24377212494704,314.76474249354965,310.266432873031,314.8146705578391,310.2671455965996,314.82592754261503,331.8673232407097,333.8812408814256,333.9637948842927,331.9439085458259,338.5026447017082,331.55691056932716,217.38521220256104,0.0,2801.6254822689407,15574.183993215638,0.004343150154444248,2583.2400000000002,0.0,6448.424697578698,306.3703102677776,0.0
12480.000000000146,309.939386741148,314.530995996014,306.03581109099673,309.9266774949505,314.4596329441934,309.9271408842923,314.46860414479704,309.9516113197573,314.52287322079314,309.9521172655723,314.530995996014,331.6861069737127,333.7121827899879,333.7951027036839,331.7628193565943,338.3818108039709,331.374872836795,212.93142809460014,0.0,2790.243069851976,14657.017888132636,0.00429267359008697,2583.2400000000002,0.0,6444.118882555056,306.1656422606599,0.0
12599.999999999969,309.67831144890465,314.2797848173311,305.7685413109366,309.6655754141324,314.21115231579284,309.66587326735004,314.21761733779505,309.69072869619924,314.2741828491508,309.69106841791887,314.2797848173311,331.4991769068251,333.5352818664451,333.6182886606424,331.5759177041436,338.2563834658068,331.1885664194591,209.190966629526,0.0,2780.8561197266345,13929.194252581136,0.004244579797627282,2583.2400000000002,0.0,6440.519894116838,305.9922660388831,0.0
12720.000000000111,309.4547253567713,314.0590320700642,305.5428393563326,309.4424683306941,313.9937326830533,309.4426330985448,313.9981806272976,309.46679690442807,314.0554553860493,309.46700309340196,314.0590320700642,331.3113072305449,333.3550081481275,333.43797953880045,331.3880552629881,338.1263885300197,331.0017246244014,206.02916512112037,0.0,2772.835126309411,13342.81841132739,0.004199019581493733,2583.2400000000002,0.0,6437.521883775153,305.8494957084025,0.0
12839.999999999756,309.2557977793101,313.85867651540764,305.3441893949284,309.24443661049963,313.7971987486604,309.2444931876685,313.800005256812,309.26708176737907,313.8567438224154,309.2671795516756,313.85867651540764,331.12495479049755,333.17420244178714,333.2570811275247,331.2017005932821,337.9924664909161,330.81645656972256,203.32049199327324,0.0,2765.7127658301342,12860.582977301174,0.004155231958444938,2583.2400000000002,0.0,6435.165393079379,305.7375588274364,0.0
12960.000000000375,309.07596534611736,313.67436335879677,305.1662031885841,309.0658734924559,313.6171512412036,309.06584316675804,313.61863748369586,309.08606694157345,313.6737499204888,309.08607778366405,313.67436335879677,330.94142788679625,332.9944751273068,333.0772349147821,331.01816572042907,337.8550406503872,330.633952092821,201.0063463749629,0.0,2759.2854492761726,12462.641701778964,0.00411343362194909,2583.2400000000002,0.0,6433.385872693481,305.6528177768186,0.0
13079.99999999963,308.91011491953367,313.5024931366206,305.0031013683007,308.90160921401895,313.4494881407367,308.90150913796174,313.4499134053941,308.91870009262516,313.5024931366206,308.91864123351115,313.5020485258623,330.7614902606633,332.8169727318842,332.89960810413413,330.8382171669436,337.7147431264835,330.45491515308106,199.0210366950844,0.0,2753.367473997435,12131.092360716866,0.004073303153892945,2583.2400000000002,0.0,6432.163227256039,305.59457799551734,0.0
13199.999999999774,308.75470668289313,313.34017987861324,304.8508982827005,308.74808268015414,313.29135406480026,308.7479265623197,313.2909259404288,308.7614661229929,313.34017987861324,308.761351366088,313.33888668238313,330.5854825679783,332.6423689396946,332.7248852946983,330.6621970390103,337.5721820863234,330.27966989462686,197.31136449690058,0.0,2747.830526729718,11852.4921136665,0.004034548732022534,2583.2400000000002,0.0,6431.524096811226,305.56412796481453,0.0
13319.999999999578,308.6074459170313,313.1850084287201,304.70704854199835,308.60292623659586,313.14082800587266,308.60272505535534,313.1397128656005,308.61214597976476,313.1850084287201,308.61198639639133,313.1830345299635,330.4135099126991,332.47103784650415,332.5534457047994,330.49021173664505,337.4279091344013,330.1083229895014,195.83442283299362,0.0,2742.5914180814825,11616.676715519698,0.003997029388331323,2583.2400000000002,0.0,6431.444110757523,305.5603171974863,0.0
13440.000000000373,308.46678821399263,313.03576054197936,304.5698800955685,308.4645422001982,312.9965934870573,308.4643047754189,312.99492509242117,308.4692507026533,313.03576054197936,308.46905517768243,313.033240653671,330.2455398641631,332.3031530046669,332.38546502640787,330.32222915730046,337.28241246867475,329.9408534932905,194.5552616049676,0.0,2737.5941182581914,11415.835680028948,0.00396065433625415,2583.2400000000002,0.0,6431.902127380334,305.5821384380557,0.0
13559.999999999454,308.33062418409224,312.8906194801784,304.43717674644085,308.33080492823063,312.8567733421846,308.33053716522664,312.8546413853261,308.3306900911073,312.8906194801784,308.33046455178794,312.8876437923777,330.08081346254943,332.1381849065964,332.22041193759827,330.1574907122642,337.1362509392804,329.7765336943577,193.41698384357696,0.0,2732.762917494492,11239.686712703095,0.003924953389347045,2583.2400000000002,0.0,6432.935206419709,305.6313573330045,0.0
13661.89723137618,308.2186334895239,312.77070906712015,304.32807652482904,308.22099751642594,312.7416285932552,308.2207085295145,312.73917186970823,308.2165371931559,312.77070906712015,308.21629071898263,312.7674153369788,329.9436796109398,332.00060993632025,332.0827740272809,330.02034686346144,337.0117163476437,329.63967066029977,192.56184276594973,0.0,2728.7941524091243,11108.766294329178,0.0038954651222515104,2583.2400000000007,30221.098880862042,6434.563651558615,305.70888431486827,712.964336029163
13661.897231376184,308.2186334895239,312.77070906712015,304.32807652482904,308.22099751642594,312.7416285932552,308.2207085295145,312.73917186970823,308.2165371931559,312.77070906712015,308.21629071898263,312.7674153369788,329.9436796109398,332.00060993632025,332.0827740272809,330.02034686346144,337.0117163476437,329.63967066029977,192.56184276594973,1.0,2728.7941524091243,11108.766294329178,0.0038954651222515104,2583.2400000000002,30221.098880862042,6434.563651558615,305.70888431486827,712.964336029163
13679.99999999996,308.7469855275477,313.08041632796017,304.97226907686843,308.81933246149305,313.0593622153765,308.68554237925406,312.93221531982067,308.80775983376236,313.08041632796017,308.6753074356624,312.96024243405884,329.95324277996946,332.0259571491242,332.123533490616,330.03276280758433,337.0087731649132,329.6481524610059,196.7707509574542,1.0,2747.5156979276762,11775.583178025494,291.4714626505363,2583.2400000000002,30221.098880862042,6434.563651558615,305.70888431486827,712.964336029163
13799.999999999933,310.7758856444904,314.70735195508684,307.2723087600368,310.8720442253863,314.70735195508684,310.7157902490413,314.502900174716,310.83535486884733,314.69804855602564,310.68035323466995,314.50172265378757,330.1060692703893,332.0980674439249,332.19503861057075,330.1842454921556,337.0133983778495,329.80864063320433,221.70137277371037,1.0,2820.3877405581243,16533.69862445284,286.4671415748088,2583.2400000000002,30240.604462501593,6436.835918042574,305.81679036883907,746.2948094889346
13920.000000000067,312.1204112375521,315.8700980389749,308.7492744009536,312.22746884328666,315.8700980389749,312.0661396672846,315.65058178898863,312.17427614663546,315.84074696466536,312.01376029298274,315.6277088833781,330.3646403064738,332.2628904943224,332.34289756505495,330.4415169595812,337.06132001603567,330.06539983930514,241.17550899026995,1.0,2869.483641490813,21516.20943897876,279.24769235755684,2583.2400000000002,30358.02862469935,6439.7712891237015,305.9566258538497,769.112912594909
14039.99999999948,313.0663646987423,316.7119672073216,309.7702657059698,313.1787801888694,316.7119672073216,313.0146785250975,316.48263774816587,313.11789025775835,316.6753680267919,312.9541098232252,316.44801372163187,330.66393031490395,332.5070532842991,332.5844359620721,330.7397321047987,337.1463467188676,330.36218794719736,255.25349062593904,1.0,2904.4124355499257,25941.969306626568,271.4117435417961,2583.2400000000002,30699.002798295354,6443.314592680397,306.12639175078573,782.0918095584768
14159.999999999736,313.82429592478866,317.4055998729334,310.6392600463196,313.93794391190374,317.4055998729334,313.77398120826797,317.17103904784483,313.8747408210038,317.36763104690687,313.71051775796104,317.1298865778096,331.022247212906,332.823651874725,332.9026889326115,331.09810845543257,337.26393460809686,330.71469966738664,266.18000237007897,1.0,2932.6305043549696,29916.76454357349,291.0086406240614,2583.2400000000002,31450.239221528624,6447.477501021668,306.3256577671063,785.4555403145185
14280.00000000043,314.4359084852409,317.9873465904973,311.3399752437985,314.54766374676694,317.9873465904973,314.38716223684554,317.7500420193887,314.4850441221947,317.9485485119085,314.32376383513736,317.70556334073893,331.41901075988244,333.1934189357248,333.2739201555642,331.49498689628734,337.4151370477498,331.1046093267081,274.58107301609084,1.0,2955.5534078108635,33323.04081423878,307.33661549594694,2583.2400000000002,32341.254827171473,6452.448028632859,306.53978373616764,776.2185649436899
14399.999999999738,314.9249662118368,318.4716924587015,311.90089916208547,315.0321911905251,318.4716924587015,314.87824981461006,318.23630573181026,314.97231476486803,318.435293232386,314.8171090773252,318.1904090498262,331.8355995345247,333.59759965458704,333.67921533250694,331.91180834306533,337.5928764528327,331.5137781508115,281.0547394517182,1.0,2973.9818572181225,36169.43755203868,317.2296976703087,2583.2400000000002,33263.62683106317,6457.900744555486,306.80085085802256,758.1471902800586
14519.999999999693,315.2944165669224,318.85249698977236,312.32563021507525,315.3930570222625,318.85249698977236,315.24876611554976,318.62898694609737,315.34115802614764,318.82654515362105,315.1946851037127,318.5862971041657,332.25034441264035,334.0123661801373,334.0949048362451,332.32667463155985,337.79241125052226,331.92222172787854,286.05744275562586,1.0,2987.962880649823,38506.843475368456,317.34473246499545,2583.2400000000002,34106.86376455356,6464.0465195805555,307.09314265676943,724.577137297335
14639.999999999902,315.54702572269537,319.14006132677895,312.61590393747076,315.63535697151946,319.14006132677895,315.50274835376473,318.92793481232485,315.5926547553066,319.12192351753555,315.4573428101727,318.89036578466465,332.65069420880644,334.42427920397347,334.5079963951351,332.727141850748,338.0082864455513,332.3178294191434,289.95243871932774,1.0,2997.553706452896,40411.60229188787,310.9800258079904,2583.2400000000002,34860.47638182593,6470.727748974139,307.4112225168726,677.0065729225839
14760.000000000198,315.68314739166107,319.328102648473,312.7748655388285,315.7566460909001,319.328102648473,315.6382995314098,319.13060356431924,315.72979647183377,319.32350159491943,315.60784747248124,319.103652576164,333.02477432043923,334.821341412916,334.9061603343873,333.1012985866058,338.2353434971542,332.6882969941332,293.01178798802005,1.0,3002.735339209909,41959.37770955368,299.04631761216797,2583.2400000000002,35512.703294485524,6477.8199626031865,307.749015383526,617.6817165340235
14879.999999999522,315.6940682722296,319.42050947919245,312.7999490958074,315.74989348718424,319.4056038621946,315.648663836712,319.2315401763384,315.7417883475147,319.42050947919245,315.6359274174896,319.21593556892617,333.36352139056044,335.1936272401556,335.28010632659925,333.44014487427467,338.4697388128253,333.02451616482443,295.42940640660623,1.0,3003.159517380171,43212.465328167666,278.7098927806848,2583.2400000000002,36035.05988771114,6485.193751253202,308.10004291304887,534.0505751133364
15000.000000000256,315.5153037520499,319.35851344839483,312.595188449125,315.5535322550262,319.3279436595345,315.47531356153496,319.18239578186257,315.55777310364937,319.35851344839483,315.47459608797084,319.1751075966779,333.65747965231674,335.534020374738,335.62100372125195,333.7343251939602,338.70674333324075,333.31642328469667,297.3387289025081,1.0,2996.3772304619647,44214.79339670456,246.2354848775617,2583.2400000000002,36378.74436241342,6492.689036980964,308.45658361180534,378.9750369453058
15119.999999999667,315.2829232943134,319.23809050920795,312.2994085107769,315.30968396252706,319.1976579526465,315.2481192973826,319.0747505446712,315.32002240837056,319.23809050920795,315.25386750895615,319.0728132062691,333.90670137786105,335.83114187451406,335.9183479093027,333.9837517092195,338.9384673856504,333.56505656010387,298.8339365875152,1.0,2987.5744458823633,45008.810688632206,232.75416631238306,2583.2400000000002,36692.48142013451,6500.111255948369,308.8098921968259,308.7523789432463
15239.99999999997,314.94987861722075,319.0443006104542,311.8585738249395,314.95060146862227,318.97231792741195,314.90960186765403,318.8738139415877,314.99192363148956,319.0443006104542,314.9473875010979,318.91975785532213,334.1107121539349,336.0843369580785,336.17174190986447,334.18792718130317,339.1548742340603,333.76915004959454,299.97372684101714,1.0,2974.988879982062,45614.59351791437,211.88127141670356,2583.2400000000002,36849.50331688123,6507.282843118432,309.15051152847093,206.02902918367732
15359.999999999754,314.5310922657415,318.76245269583677,311.3834224787404,314.5078418428634,318.67008532059174,314.4892384389161,318.5984457794653,314.5738770678808,318.76245269583677,314.5534117132878,318.6733598901478,334.2592962481658,336.2858646324173,336.3732677765261,334.3366641576762,339.3602233579343,333.9185069852549,300.7981829219021,1.0,2959.21495986923,46048.37430748065,195.78399367857077,2583.2400000000002,36905.87354807995,6513.939676954672,309.4448008578696,132.86236242532038
15479.999999999842,314.26354170851675,318.5365204956969,311.0775428835615,314.21447867980777,318.43009988129796,314.2231781534057,318.41985647332984,314.30356353609903,318.5365204956969,314.31294646473685,318.52536896361704,334.3741606834458,336.44236774284667,336.53055411966113,334.4516629873223,339.5526183992048,334.0355885639902,301.3382274489155,1.0,2949.1680863049965,46334.53268880553,195.34594248593896,2583.2400000000002,36917.08606968268,6519.94614746699,309.7307715504198,132.4665864451565
15599.999999999685,314.33998871980737,318.6245570653717,311.12806136917015,314.2696131367335,318.4628062900279,314.3000743191718,318.49031026536954,314.37863984990213,318.5874354902433,314.4116275734029,318.6245570653717,334.4946330458944,336.5729844780807,336.66162508048654,334.57218114191244,339.7340515202553,334.1592569887115,301.6154528686793,1.0,2952.040104245679,46492.711432580305,211.13720802000577,2583.2400000000002,36883.30497278378,6525.088015139947,309.97549716210176,202.1062648596535
15720.00000000013,314.712214964972,318.91966150649944,311.5171031868554,314.6310875481635,318.7311192772038,314.6859807592787,318.78618482816637,314.73661938871373,318.8389114866218,314.7951721637151,318.91966150649944,334.63428396156155,336.69933356612574,336.78686654626796,334.7117568893514,339.91751039801824,334.3015362372727,301.64062484498055,1.0,2966.0361332699936,46525.31092141087,231.5528837936957,2583.2400000000002,36750.65659201195,6529.211769296857,310.18244962793835,303.5501674724264
15839.999999999505,315.1704484134939,319.30794069920586,312.01017067133483,315.08276965829543,319.09764107087153,315.15451626069614,319.17800124921206,315.1839341253093,319.1932706963343,315.26057360965586,319.30794069920586,334.8010136220021,336.84059044641845,336.9273137543372,334.8783558257864,340.10385696622444,334.469725831945,301.4216440340061,1.0,2983.3374630035705,46426.81308617317,246.76074033472958,2583.2400000000002,36461.84531706207,6532.14839187652,310.3219748165267,375.04780216552996
15960.000000000036,315.78098923758796,319.8273282943107,312.65134544612266,315.681056258894,319.5822216382124,315.7758776802444,319.6967015257707,315.7835230617319,319.6806229927893,315.8834999494627,319.8273282943107,335.0021861257855,336.99053528309514,337.0759917360987,335.0793316678338,340.29225466589423,334.6712999727906,300.97040980330723,1.0,3006.506886756261,46207.786951135335,277.71369249450106,2583.2400000000002,36133.26233938476,6533.803599206432,310.4008253194246,528.2987222776018
16080.000000000364,316.39552414095635,320.3595259944974,313.31803043377425,316.29038924005994,320.0928717459013,316.40215733817666,320.23699621734477,316.3867877948051,320.19044926507667,316.50276219076585,320.3595259944974,335.2345784028933,337.16598245421784,337.2574281419589,335.31161247432345,340.48727537356916,334.9025357320463,300.29470557968847,1.0,3029.9665867211756,45866.91496803356,294.603197743921,2583.2400000000002,35613.78182620695,6534.128792037788,310.41631680897007,598.3380584528595
16199.999999999518,317.00708624096626,320.8965518438672,313.9475378776551,316.8997588927728,320.6139971675225,317.02768470985984,320.7833673943193,316.98484397392076,320.7049263988645,317.1160573872933,320.8965518438672,335.49167485229145,337.38969073838837,337.48009350067866,335.5686190932983,340.69081339325123,335.15746514779204,299.4077829242801,1.0,3053.451474487745,45413.472576373235,309.0965122147977,2583.2400000000002,34988.02889315836,6533.1145644315875,310.368001185211,672.1945956627458
16320.00000000012,317.57502988671496,321.4046054699455,314.48184042601963,317.4674241417644,321.11163416549533,317.6080582548816,321.30195828813896,317.5406685966737,321.19450345803864,317.6839685535215,321.4046054699455,335.76170700784945,337.624515689174,337.7135494270266,335.83855819031345,340.9018348051425,335.4247182017121,298.32366150341073,1.0,3075.3844186057227,44855.88657592535,316.5153581326008,2583.2400000000002,34243.78546618171,6530.79118942239,310.25768981556695,721.6357440798407
16439.999999999764,317.94976031281936,321.65556096924877,314.84676666014883,317.84525302259146,321.36154537623923,317.99646528103733,321.57488381519465,317.9022008285295,321.4312814128693,318.0551221190996,321.65556096924877,335.2660071284681,337.2071309421865,337.2628804240712,335.31287970755125,341.04289449850717,335.1104745178294,297.05928384546183,1.0,3089.911614499822,44196.05587367747,317.2468477082874,1723.68,33411.81440767905,6527.245671355659,310.0778162834558,756.3911016617494
16559.999999999785,318.1547967694297,321.76297763940477,315.0312844611786,318.0554355456934,321.4741902009518,318.2142520152261,321.7005217364531,318.09473553703594,321.5287764489963,318.2547639797468,321.76297763940477,334.9643017705336,336.91473292486046,336.9682163557279,335.0099949235744,341.1347858450847,334.8369864046732,295.6342589585029,1.0,3097.8786645918985,43451.66908083242,308.7556891374261,1723.68,32501.546956204962,6522.139595831143,309.8349979993582,770.6074649726496
16679.99999999979,318.2240558641584,321.76593703085246,315.0648629047685,318.1308473296836,321.4842456749876,318.29422981031155,321.71915305080995,318.15353240899987,321.5258338544612,318.3176139076204,321.76593703085246,334.6988110787157,336.6433350856046,336.6970008159688,334.74406129565597,341.18710932094154,334.58460024449295,294.1113766634268,1.0,3100.5697271949552,42660.573326609905,290.792933743677,1723.68,31591.27950473116,6517.03352030659,309.59217971525277,784.8238282835304
16842.59999999963,318.4886467674982,320.0705066223668,316.4254993960333,318.41057196185557,319.8423852771609,318.5720506382351,320.0437019329945,318.405341981928,319.8721692621016,318.56662248795516,320.0705066223668,324.4173283875449,324.7158397116793,324.76648499231067,324.45990060313954,324.3590672687895,324.1604630406846,309.52327871772536,1.0,3110.7350227719353,51210.6166692065,274.0886824797698,1723.68,30572.208861319086,6508.347514318541,309.20122569523,779.3749545320289
16962.599999999846,315.73485668988525,317.860174541391,313.51058823545605,315.6511578496253,317.5991942688197,315.810882062843,317.81351703564064,315.6591500301704,317.65208617518584,315.8182368168831,317.860174541391,324.6398819823862,325.1963389129883,325.24866769261786,324.6845906112049,325.0530290537945,324.3810063264353,301.7386675511904,1.0,3004.5622000514445,46560.72534977509,284.4550909447285,1723.68,30413.9275234477,6501.2956032032835,308.8662815801685,763.0067012797947
17082.599999999355,314.03088579219803,316.47656193103103,311.6008963553038,313.94454082345794,316.19684186300395,314.10025638675063,316.4181789774549,313.96213943548923,316.26589838719536,314.1166065230747,316.47656193103103,324.69050434166155,325.40869650568027,325.4676247288569,324.7366872302783,325.65370251811487,324.44086579736916,297.29392233673116,1.0,2940.2468333998763,44052.09907614383,291.3176452843851,1723.68,30351.256276382792,6493.970578608465,308.5175549460112,735.9114069876273
17185.135227168852,312.9289117319627,315.5766511504214,310.37251974324795,312.84322014822004,315.2887942369173,312.99372573193335,315.5124077752305,312.86493643948324,315.36605010956424,313.0137646081974,315.5766511504214,324.6785953163183,325.51990571299046,325.5844028875959,324.7256015789111,326.11508699397984,324.4386468671694,294.688257784308,1.0,2899.2088950951393,42626.54179364225,290.3733881593469,1723.68,0.0,6486.565404378503,308.16538816728576,0.0
17185.13522716886,312.9289117319627,315.5766511504214,310.37251974324795,312.84322014822004,315.2887942369173,312.99372573193335,315.5124077752305,312.86493643948324,315.36605010956424,313.0137646081974,315.5766511504214,324.6785953163183,325.51990571299046,325.5844028875959,324.7256015789111,326.11508699397984,324.4386468671694,294.688257784308,0.0,2899.2088950951393,42626.54179364225,290.3733881593469,1723.6800000000003,0.0,6486.565404378503,308.16538816728576,0.0
17202.600000000155,312.2102316488875,315.109632664223,309.47697124111573,312.18853442646605,314.94287899879225,312.2040630576316,315.0365459971588,312.2166141433674,315.0208114508287,312.2317149680666,315.109632664223,324.6426080339975,325.5024018394559,325.5546610498446,324.6866999398392,326.17427246156535,324.4061297800606,290.2022445232462,0.0,2872.6969003157405,40274.59908669825,0.00431078174188095,1723.68,0.0,6486.565404378503,308.16538816728576,0.0
17322.600000000086,309.2300394398907,312.65449587516144,306.1845678113513,309.19910460715926,312.5120810554191,309.20114567250204,312.54356261240446,309.2589282357091,312.6237477742872,309.2609792441725,312.65449587516144,324.2522587237655,325.3164623077682,325.36577154482336,324.29719618892545,326.51775620923667,324.02600769691736,267.0374606949864,0.0,2764.6280555042144,29949.598475722705,0.0030200355731230004,1723.68,0.0,6479.258580780877,307.8175274103546,0.0
17442.599999999784,307.27210708047033,310.95513265892345,304.0815070141348,307.22777613217676,310.7931368549846,307.229173831571,310.81566721675347,307.3150237950151,310.9331591003495,307.3164545631,310.95513265892345,323.7168785202191,324.97799525131876,325.02843697481353,323.76220406336336,326.7566598062903,323.5112907652689,251.40190673035124,0.0,2695.303608953279,24323.40457687779,0.002837891736321474,1723.68,0.0,6472.203663936807,307.48150739581865,0.0
17562.600000000417,305.90795400923764,309.73003127662344,302.639984860729,305.85291630488206,309.55161249683925,305.8539547697107,309.56883615579517,305.96193571376034,309.713411008007,305.96300924858036,309.73003127662344,323.1309299353163,324.55344475838103,324.60332162953256,323.1763914609459,326.89471867692936,322.94535941564124,240.35888089241703,0.0,2647.776207919226,20923.81776686303,0.0027208668290099316,1723.68,0.0,6465.52796926807,307.16371221245413,0.0
17682.59999999952,304.8345462949033,308.7418476267606,301.5249774225563,304.7705949154505,308.5496411263003,304.7713617361832,308.5628162266312,304.8977139988352,308.7293436150226,304.8985145291266,308.7418476267606,322.53848934432546,324.0867340142398,324.1363061168076,322.5839867123955,326.9652077703385,322.370845258078,231.6650838183904,0.0,2610.8200751147624,18550.924613411265,0.0026214696732906437,1723.68,0.0,6459.369922507289,306.87054611667367,0.0
17802.599999999526,303.96002134383883,307.9179416921228,300.6309875777953,303.88872442544636,307.71434479393645,303.8892781018772,307.72432672296924,304.03074892277675,307.9086954298871,304.0313339252376,307.9179416921228,321.95379842420255,323.5981968127021,323.64798204784836,321.99927578338463,326.97782158902953,321.8018237597822,224.67570670519268,0.0,2580.9961488798826,16822.438707569756,0.002533094336867007,1723.68,0.0,6453.802254526651,306.6038266207941,0.0
17922.60000000048,303.2245237617417,307.2110143907,299.8898091681038,303.14699736010687,306.99748419872685,303.1473813992772,307.0049145185918,303.30165176665963,307.204375481726,303.3020645209046,307.2110143907,321.3845588052601,323.1023960230822,323.1523912809208,321.4299852563737,326.94077059013483,321.2461297996462,218.96970906983535,0.0,2556.1101599944127,15521.878874432707,0.0024531128003595073,1723.68,0.0,6448.814382827892,306.38868097520657,0.0
18042.600000000133,302.5883811247098,306.5890893123607,299.2565465388778,302.50548473098553,306.366796459195,302.5057326879699,306.37217289041547,302.6710164101169,306.584549463222,302.67129066974894,306.5890893123607,320.83454730036345,322.60965310477536,322.65863215882024,320.87990748784216,326.8614075611616,320.7077728215096,214.24863381880104,0.0,2534.730081652878,14516.429073620504,0.0023809352072411477,1723.68,0.0,6444.467975346441,306.18227416537053,0.0
18162.59999999937,302.0239130336381,306.02959647660697,298.7000821574023,301.9364113087892,305.79963095434647,301.9365493487007,305.8033429929461,302.11126463370925,306.0267563652604,302.1114268433367,306.02959647660697,320.30496512458666,322.1273299301671,322.1720013909841,320.35025315533045,326.74632362810684,320.18821171762175,210.29392888322124,0.0,2515.870484128192,13720.643588778536,0.0023133616730816485,1723.68,0.0,6440.822858790557,306.0067001852113,0.0
18282.599999999726,301.6505853171876,305.73336486987614,298.300892877793,301.5571397619966,305.4907129385356,301.55717729473764,305.4929369056069,301.74397909768385,305.73198414717456,301.74404511431493,305.73336486987614,320.57709495920267,322.2991405025996,322.38232017462815,320.65265105778207,326.6805118871702,320.282398258192,206.96849689915186,0.0,2503.462440473247,13090.821660704753,0.0023011326501320194,2583.2400000000002,0.0,6437.811515157316,305.8632706925875,0.0
18402.599999999846,301.40436902670575,305.5463197735353,298.02891211483063,301.305277001538,305.2928651953862,301.30523556059876,305.2939276789097,301.5034871398152,305.5460980344503,301.50347640485467,305.5463197735353,320.6536671805956,322.35960541011036,322.44137929386125,320.7307996052894,326.64033021894676,320.33347007561594,204.11505854468862,0.0,2495.306035456622,12576.749823876278,0.0022972461649467413,2583.2400000000002,0.0,6435.407013855038,305.74891221259406,0.0
18522.59999999996,301.2464987793084,305.4274988789986,297.85278687997874,301.14265982505265,305.1649695544338,301.1425563918613,305.1651151570326,301.35042520464935,305.4274988789986,301.350353695653,305.4268019593238,320.680089595654,322.38383066159963,322.46599870901935,320.7563110056802,326.6137971453401,320.35761572189216,201.68081890547995,0.0,2490.0871877561813,12156.830813540226,0.0022955308394568834,2583.2400000000002,0.0,6433.570102726055,305.6615931106928,0.0
18642.599999999748,301.1434766079555,305.34859164449966,297.73878089700884,301.0360176194733,305.0793991563907,301.03586509166433,305.0788134896035,301.25107179805315,305.34859164449966,301.2509519226134,305.3471627809766,320.6901296604987,322.3974628688799,322.4774720976302,320.76626779263864,326.59380398737966,320.36548031665694,199.59538844819275,0.0,2486.6858221914945,11810.158887095286,0.0022927663930427727,2583.2400000000002,0.0,6432.304160328946,305.60129245818416,0.0
18762.599999999904,301.0741065690511,305.29384507134966,297.66311312521464,300.96419497310586,305.0204706727028,300.9640033474737,305.01929971630557,301.1841932015556,305.29384507134966,301.18403475405194,305.29183245618526,320.6902461623657,322.40497902734734,322.4844590053461,320.7664500015969,326.5770625355506,320.3639674716198,197.80161514639425,0.0,2484.3972942960904,11521.244820141004,0.0022890762946333673,2583.2400000000002,0.0,6431.590151750203,305.5672750138133,0.0
18882.599999999784,301.0256638781767,305.25399752313496,297.6109519588497,300.9143590746387,304.9786441067142,300.9141362206254,304.977003977307,301.1371747130115,305.25399752313496,301.13698550441313,305.2515193176835,320.6840956483874,322.40384188255643,322.48310103348683,320.76033151814886,326.5620466247867,320.35694932759543,196.25355959632844,0.0,2482.799926775771,11278.561955653513,0.0022855059070661624,2583.2400000000002,0.0,6431.434210345907,305.559845513174,0.0
19002.59999999999,300.99042676810717,305.2233581742833,297.57329947693444,300.878659824882,304.94793674458646,300.87841198040013,304.94592011636,301.10242450307413,305.2233581742833,301.102210764054,305.22050860855586,320.6742416735742,322.3967671503982,322.4758721034185,320.7504913125119,326.548014355701,320.34665248023936,194.9139238135972,0.0,2481.638331310848,11073.372812865575,0.002282558120363532,2583.2400000000002,0.0,6431.866367065793,305.58043471271725,0.0
19122.599999999555,300.96209409805806,305.19734841332144,297.54300556026715,300.8505741373161,304.9232769620384,300.8503054287766,304.9209454824084,301.07386548591904,305.19734841332144,301.07363134020284,305.1941901357808,320.66259842294653,322.3862943091193,322.4653454297603,320.73885712496264,326.53448644376107,320.3347336864189,193.72250221406728,0.0,2480.704518582163,10894.498185080009,0.002279941967887808,2583.2400000000002,0.0,6432.847568170537,305.62718199083037,0.0
19237.470233940203,300.94188321132856,305.1769678660388,297.5211991749368,300.8314393688971,304.9058572878196,300.83115526331767,304.9032928842264,301.05259364800196,305.1769678660388,301.0523445650782,305.17358342220507,320.64985047036123,322.37283800746934,322.4518864902836,320.72611353211335,326.5220381897427,320.3218628129606,192.75364892602914,0.0,2480.0384029915094,10751.544541634114,0.002277907250879137,2583.2400000000002,30390.030386931387,6434.4279201529025,305.7024480575207,706.7671323470588
19237.470233940203,300.94188321132856,305.1769678660388,297.5211991749368,300.8314393688971,304.9058572878196,300.83115526331767,304.9032928842264,301.05259364800196,305.1769678660388,301.0523445650782,305.17358342220507,320.64985047036123,322.37283800746934,322.4518864902836,320.72611353211335,326.5220381897427,320.3218628129606,192.75364892602914,1.0,2480.0384029915094,10751.544541634114,0.002277907250879137,2583.2400000000002,30390.030386931387,6434.4279201529025,305.7024480575207,706.7671323470588
19242.600000000217,301.1480683605954,305.2751713198163,297.7577497955272,301.0929551179388,305.0070175730275,300.98448227757274,304.9386930919779,301.311129508703,305.2751713198163,301.2037065381499,305.2108796789962,320.65956234979575,322.3852809296848,322.4707379505196,320.73840071868096,326.52686565804413,320.32944082965736,193.97000041750934,1.0,2486.825284308702,10950.515517352307,291.19560586335814,2583.2400000000002,30390.030386931387,6434.4279201529025,305.7024480575207,706.7671323470588
19362.60000000061,303.42241886777185,307.0681023385664,300.3646259932661,303.402983503897,306.8307910313373,303.24769278056465,306.62924530908754,303.59647819580357,307.0681023385664,303.44252099080387,306.8756309671613,320.943539940002,322.62209482993194,322.7088521889575,321.02149381849864,326.66319069267365,320.62143949096867,219.41209738585354,1.0,2562.7406976682596,15638.123863557275,287.00125837291756,2583.2400000000002,30413.487464893515,6436.642518371385,305.8075762402609,741.5922325566804
19482.59999999945,304.9490741770667,308.3825292947688,302.03143147023127,304.9406270210401,308.16472920469386,304.7800302984636,307.94774049020896,305.11772243984524,308.3825292947688,304.9579169489001,308.17156562079583,321.33541813756744,322.927621595788,323.01256487730313,321.41206100993094,326.8412881126631,321.0118873371283,239.52576847914568,1.0,2614.6812857783725,20658.864122188745,280.7244003702632,2583.2400000000002,30515.861509795308,6439.515073145789,305.94442425273536,765.5099999786659
19602.600000000126,306.0543932168125,309.37128780968504,303.20912689359625,306.0521559665538,309.1631540386073,305.888604214353,308.9370500864858,306.2200356912313,309.37128780968504,306.05677699509266,309.1468750748944,321.76897970525636,323.2972172248527,323.3809377208534,321.8444790603462,327.0583598276393,321.44310486058987,254.10108739004534,1.0,2652.7821093778493,25168.201786080477,273.18508423994604,2583.2400000000002,30810.524362184467,6443.024721298502,306.1123165851057,779.5185937317624
19722.599999999875,306.95799924810973,310.2056467572869,304.22040838627544,306.9585759912639,310.0020758220817,306.79469374384865,309.769233924551,307.12140840370296,310.2056467572869,306.95731885360647,309.9697961265788,322.2577524234145,323.73229174168796,323.8157605593003,322.33321551338275,327.3082338481561,321.9263740074454,265.4023061183337,1.0,2684.240538073369,29237.986059278923,288.3466295325015,2583.2400000000002,31523.90470014066,6447.161106925805,306.3101222476504,783.6854796654379
19842.599999999726,307.70519418218515,310.9204982479159,305.0552633187935,307.70528893176885,310.7204838268328,307.5444268959879,310.48382190977156,307.866302859647,310.9204982479159,307.70475804131917,310.6788147366489,322.7851367998263,324.21812904359183,324.3020642248698,322.8607081222234,327.59006761725544,322.44685197855296,274.07799967207313,1.0,2710.4669841892346,32734.882637580773,304.513197756963,2583.2400000000002,32411.297138156227,6452.020374396103,306.51921830770203,776.7858628015879
19962.59999999965,308.3251866485547,311.5376058308672,305.74471129657064,308.32225097253564,311.33823281488225,308.16768207214216,311.1033108145647,308.48328670310735,311.5376058308672,308.3275268464163,311.2938620089607,323.33484241761766,324.75608771000987,324.84057479241613,323.4106668571326,327.9007057173181,322.98917690332945,280.7530538447542,1.0,2732.376398715684,35661.6188253026,316.91756828632447,2583.2400000000002,33334.668467734344,6457.445632491802,306.77919707996637,759.7522536593364
20082.599999999675,308.82130944252356,312.0571372959036,306.27455149723164,308.81058405830186,311.8482411953684,308.6653426693529,311.6242403825652,308.9783283179253,312.0571372959036,308.83098272449723,311.81726886707577,323.8824453890976,325.3053879615802,325.39025893247424,323.95842061805143,328.2323247178973,323.5302064890572,285.9001712792077,1.0,2750.0063306314464,38065.54967815419,318.3473716495327,2583.2400000000002,34183.68154030753,6463.571893300968,307.0705317372554,727.3271393156369
20202.599999999777,309.1965034160002,312.4761814770495,306.6325118532568,309.1766223677311,312.2615276990165,309.0427854098721,312.0489015300325,309.35154512739257,312.4761814770495,309.21506075898685,312.24417378568944,324.4137133128755,325.8520339693765,325.9377688769167,324.489779896502,328.5806262957187,324.05670739885,289.8979620366995,1.0,2763.3982021301554,40023.670888483415,310.81601539890613,2583.2400000000002,34943.30281814978,6470.220256065415,307.38704578449665,681.2814808112139
20322.6000000002,309.45228211520225,312.7973117940075,306.86118391016674,309.42022193367194,312.57481874557027,309.30022446922277,312.3760172087759,309.60602607832425,312.7973117940075,309.48265597957226,312.5768359774215,324.9183611588861,326.3826857288461,326.4699088529019,324.99452177850566,328.94056934705236,324.5577211971431,293.0313080526205,1.0,2772.558911130662,41614.25448978582,300.091046290089,2583.2400000000002,35607.138764760384,6477.2890790370675,307.72372427494327,623.9413146553168
20442.599999999242,309.5783156825186,313.01124189270456,306.93844508999484,309.5301778357755,312.7722188812235,309.42718945283525,312.5968823412407,309.73170157525067,313.01124189270456,309.62419386619456,312.80570542789866,325.38721829225113,326.8874606952865,326.9760879082236,325.4634875070982,329.3072353925899,325.02400692852996,295.50370672756134,1.0,2777.086276086513,42902.35110148353,280.5822052294226,2583.2400000000002,36140.827944534285,6484.650796063949,308.0741766556448,540.8536695975624
20562.599999999642,309.508070090223,313.0614911700401,306.81940122751354,309.44278358521086,312.8080184420925,309.3629282617637,312.6619328357446,309.65568694211936,313.0614911700401,309.57088157177935,312.87781718307707,325.8089804746198,327.3574531823111,327.44690915349,325.88545866069666,329.6750823858636,325.44383805153944,297.4554935270497,1.0,2774.5792044126106,43934.43685265939,247.1225186147935,2583.2400000000002,36494.94257752076,6492.1468913609,308.4307558910696,384.88368695084904
20682.600000000177,309.3877191398086,313.0557326170626,306.62848765719525,309.31240362612544,312.79563068243635,309.24849967253124,312.66985322699014,309.5292706135378,313.0557326170626,309.46070264702183,312.88760295934026,326.18375458265666,327.78294875993925,327.8731343750357,326.26043187367287,330.03683087278125,325.8178393965624,298.9861110900872,1.0,2770.279439748464,44755.2570519277,233.44480040861862,2583.2400000000002,36828.59561740513,6499.583995864374,308.7847735480228,322.07605209581027
20802.59999999949,309.1525350517384,312.96442551144673,306.28559369509725,309.05283971931925,312.6760697418539,309.0100352384871,312.57636176487597,309.29680697712257,312.96442551144673,309.25045827200546,312.8377268925145,326.5139848433879,328.1616518498539,328.2525419668394,326.5908872125394,330.3846232235257,326.14843493433335,300.1565053404975,1.0,2761.8822114257687,45385.0065635666,216.60324667189843,2583.2400000000002,36996.017525376374,6506.785219421082,309.1268047654539,210.85699812983714
20922.600000000148,308.8063789555879,312.7686210648029,305.86979492420403,308.683132062376,312.4619011279718,308.66349779533016,312.38857590760534,308.95034848276515,312.7686210648029,308.92853748186246,312.6763927997951,326.7830784889653,328.4849649985162,328.57704512933066,326.860117261105,330.7183151607949,326.4183576676919,301.0091517189823,1.0,2749.5508821091075,45840.47796281001,195.4599798167896,2583.2400000000002,37056.4697362598,6513.486518211267,309.4232141228146,133.1984254626047
21042.600000000497,308.56779831407096,312.58887225936667,305.59606827285967,308.42177694702946,312.2722816420955,308.4268726341359,312.2559106239445,308.7085215381778,312.58887225936667,308.71402213692323,312.56937494800735,327.01042372427145,328.75947178380477,328.8513838624101,327.08762541764986,331.03873085750166,326.6479731351001,301.5753527633905,1.0,2741.07318461951,46144.53993256897,181.88434943355392,2583.2400000000002,37050.94738176401,6519.551703270577,309.7119817053197,131.48389972066582
21162.599999999715,308.7271819466028,312.75875518951824,305.7271626986752,308.5594289501773,312.39124545766265,308.58790723633047,312.4154178244279,308.86523641160795,312.72561430590866,308.8961551882788,312.75875518951824,327.2392706176123,329.0054163592908,329.09685419762116,327.31648539640474,331.3439742258493,326.88064867362056,301.87880422595146,1.0,2746.74265072602,46322.07965104617,208.3614304929601,2583.2400000000002,37052.45186480504,6524.765294749157,309.9601239549948,196.02703790604082
21282.599999999737,309.1736772382092,313.1374465875665,306.17954697902155,308.9946507315283,312.7419010694576,309.047599454712,312.79429254222714,309.2980390006429,313.06235531903417,309.35441976593444,313.1374465875665,327.48672402238054,329.2443346634975,329.33441223843914,327.5638858531677,331.65057180713455,327.1309639007373,301.9303834192751,1.0,2762.658229681692,46372.653312173155,229.72044049349324,2583.2400000000002,36936.63083977162,6528.9718881276785,310.1710222070575,295.3903551529125
21402.599999999642,309.7123311424375,313.6094717370335,306.7477217009842,309.5290813187477,313.196052867455,309.5992205193507,313.2748187216887,309.8231335299634,313.4977295598599,309.8978892016714,313.6094717370335,327.76109848530365,329.49698699633325,329.58613979405254,327.83817118027207,331.9586949918486,327.4071803009226,301.73804682360213,1.0,2781.9522539714258,46291.88432305324,246.1169334125987,2583.2400000000002,36663.41785921406,6532.0000071402355,310.3149060902982,367.3045255730826
21522.59999999987,310.40441402248115,314.2135431267641,307.46861244088893,310.2105931837901,313.7697912197407,310.30347181101945,313.88041736469467,310.5027841041626,314.069775763289,310.6008069909352,314.2135431267641,328.06752186418925,329.75745143840084,329.8452773784077,328.14440150858286,332.2662667974317,327.7143382692293,301.3134732646347,1.0,2806.8893003385997,46089.779491059846,276.92304593397625,2583.2400000000002,36347.304594433124,6533.752454305632,310.39838888612485,519.682644452039
21642.60000000026,311.1049221018456,314.833689825968,308.2195068066273,310.90760598082795,314.3734124909091,311.01740332766354,314.5125818349667,311.19023516610395,314.66670806094066,311.30444393276895,314.833689825968,328.405151440926,330.0437435925266,330.14004924935557,328.48192584932553,332.5802368210187,328.05108637357756,300.66422316091416,1.0,2832.302380176822,45765.369883276784,293.75912525015644,2583.2400000000002,35840.52155467265,6534.177401824088,310.41863247515914,588.5896305092314
21762.59999999922,311.8043010163586,315.45951015435725,308.9389219989962,311.6064199135497,314.9850998641496,311.73271372365605,315.15222565016313,311.8742026984183,315.2691806733217,312.00386772979135,315.45951015435725,328.7653842159315,330.3772985350864,330.4732867256685,328.8420698222769,332.89951466883446,328.4093268146632,299.8034166385214,1.0,2857.848413774547,45327.6698653487,308.4340333198499,2583.2400000000002,35228.287815925345,6533.262104936442,310.3750296967742,664.6936423238611
21882.599999999537,312.46133844266564,316.0578038292038,309.6161565086513,312.264193465511,315.5750171335687,312.40332412977,315.7631412457158,312.5179445759924,315.84914219993095,312.65989159936964,316.0578038292038,329.137713122711,330.71787428830703,330.81311230368567,329.21427862476713,333.22617739240417,328.7792941828491,298.7446575033263,1.0,2882.005846997855,44784.94589994553,314.20387722119165,2583.2400000000002,34494.589545906994,6531.033525976688,310.26923421293446,714.6827820369274
22002.60000000008,313.0594625786999,316.6100057348972,310.2248221897926,312.86554968265057,316.12509692090924,313.01556299541846,316.3357961496407,313.1024716473676,316.3871968807823,313.2542659893443,316.6100057348972,329.5132168360292,331.06280532758353,331.15720874494866,329.5896528704749,333.56040615580997,329.152990334497,297.5048115899884,1.0,2904.1311457534043,44148.71354555178,319.1376690562753,2583.2400000000002,33677.304786721186,6527.575614764565,310.09353355555646,751.6188285281953
22122.5999999995,313.5778994532373,317.0965608173172,310.7386319426072,313.38865936836004,316.6147605527035,313.54651261584803,316.8390727226058,313.6086380026435,316.86291070420833,313.7677878260799,317.0965608173172,329.87577810093705,331.3970709819805,331.4903131942235,329.9520173430307,333.89711850754526,329.5146926892218,296.10307085190254,1.0,2923.412660241308,43431.49385227276,310.8321804884267,2583.2400000000002,32776.54776446802,6523.015116712312,309.87675196939,773.180311574733
22242.599999999264,314.00855619949806,317.50861697979917,311.0965282679241,313.82534655692643,317.033966063229,313.98821043658506,317.26752719002013,314.0285088519251,317.26855798896656,314.192158952537,317.50861697979917,330.2116497832605,331.71119430488784,331.80327306272125,330.28756689977774,334.22855623596416,329.8504217786302,294.5932487248294,1.0,2939.503344562483,42664.323611521235,292.3406761327754,2583.2400000000002,31858.782496841664,6517.506956297724,309.61473240799813,782.7060189137167
22362.59999999958,314.34644502101395,317.8406932685297,311.35179540186067,314.1708884290981,317.37667025754155,314.33531479942883,317.61711763307403,314.35747684808183,317.5991567136102,314.5221000074283,317.8406932685297,330.5217008284997,332.01064774539066,332.1036955134831,330.59752370602604,334.5506937920645,330.16031396457015,293.0453733279859,1.0,2952.1757048945947,41885.1761728038,275.89992789592463,2583.2400000000002,30999.02467109,6511.236892401047,309.3160701859713,781.7495682049301
22482.599999999627,314.6180799846399,318.1194546260697,311.58315097133845,314.45273741046356,317.67048941364294,314.61574147722246,317.91558095575965,314.62054481070595,317.877181528257,314.78329624014845,318.1194546260697,330.84308329107375,332.32495863762335,332.4195543882644,330.9195789933281,334.86936468107734,330.47912562075993,291.79327362353797,1.0,2962.3940189523705,41264.9729110048,278.3135712397161,2583.2400000000002,30653.8370445973,6504.396313696426,309.0137813918522,770.4658763640659
22602.59999999988,314.8239553268765,318.34594054004424,311.75639756592943,314.67083986827356,317.9166535168241,314.8301293405612,318.16262475397775,314.8182147601061,318.10727890917616,314.97663733854705,318.34594054004424,331.17940245829493,332.6598125728109,332.75668652055697,331.25687089816745,335.1856425271856,330.8114672887541,290.875049354135,1.0,2970.158024731475,40816.476137536665,287.73365600147736,2583.2400000000002,30541.5569641727,6497.170329121911,308.6698447344325,747.9325304181675
22722.60000000003,314.9671814474546,318.52503856188144,311.8560905261844,314.8278423539549,318.11738697640624,314.9817632081069,318.36325621470553,314.95329725257403,318.2905489488653,315.1058229751632,318.52503856188144,331.51991661367765,333.0023443206769,333.10160807191085,331.5982744004257,335.50127279960765,331.1472791356782,290.2712972940425,1.0,2975.5709267488814,40525.266197147546,292.6410711440083,2583.2400000000002,30520.39596857409,6489.793359289784,308.31863201069876,716.2063421671879
22761.879006738283,315.00486678503756,318.5761413444684,311.8795513113584,314.8706357577337,318.17720360555927,315.02225372459424,318.42183586699844,314.98829125625025,318.34391909443156,315.13828640155486,318.5761413444684,331.6297205266506,333.1131924390047,333.2132598113444,331.70823152037156,335.603209882391,331.25591693598926,290.1022688028051,1.0,2976.996835529429,40444.06045336524,290.0132935521259,2583.2400000000002,0.0,6482.420824645646,307.9680042990286,0.0
22761.879006738283,315.00486678503756,318.5761413444684,311.8795513113584,314.8706357577337,318.17720360555927,315.02225372459424,318.42183586699844,314.98829125625025,318.34391909443156,315.13828640155486,318.5761413444684,331.6297205266506,333.1131924390047,333.2132598113444,331.70823152037156,335.603209882391,331.25591693598926,290.1022688028051,0.0,2976.996835529429,40444.06045336524,290.0132935521259,2583.2400000000002,0.0,6482.420824645646,307.9680042990286,0.0
22842.600000000017,313.3413130643778,317.3945535317233,309.91613061403984,313.27765435848266,317.1702016590068,313.28153553071843,317.2277590994507,313.4010778677736,317.33767307906726,313.4049845005194,317.3945535317233,331.66770076436273,333.17457425288427,333.26490825486616,331.7436733019613,335.72259247704005,331.2891979040154,273.22520287770277,0.0,2914.677042848225,32666.674594369273,0.004017136456020555,2583.2400000000002,0.0,6482.420824645646,307.9680042990286,0.0
22962.6000000009,311.92386460591155,316.21841715510095,308.32849266080837,311.85749157205595,316.0023127026468,311.8600429057267,316.04255507832283,311.9876496725538,316.17839339297313,311.99027427329327,316.21841715510095,331.5736688896104,333.1753038492378,333.2656911478209,331.6501419586861,335.8625417347486,331.19886730036154,255.92837258152872,0.0,2862.331548868414,26089.850721515246,0.00430316955404027,2583.2400000000002,0.0,6475.241061131727,307.62620101667517,0.0
23082.599999999922,311.0127209278219,315.4342397213885,307.3285963799982,310.9442457989286,315.2223852756614,310.9461710130649,315.2533566501386,311.07923478958696,315.40357310762806,311.0812321096884,315.4342397213885,331.39871677823425,333.08010654116185,333.16694720077896,331.4754155292305,335.9558173200716,331.0317472474225,243.86781880593963,0.0,2829.0554537259422,22222.493819694962,0.004228920738656747,2583.2400000000002,0.0,6468.389297589503,307.2999244832101,0.0
23202.599999999475,310.34357433040003,314.84261164528573,306.6056786706406,310.27394856950093,314.6353464491416,310.27541019949894,314.659366300418,310.41170528305184,314.81902108445837,310.41323326953074,314.84261164528573,331.19500711087494,332.9383323652823,333.022866041203,331.2718230396577,336.01660803738565,330.8359461295574,234.45433576115826,0.0,2804.8010200776853,19574.165047771232,0.004147826043018253,2583.2400000000002,0.0,6462.036361627671,306.9975879405171,0.0
23322.600000000526,309.8350609783877,314.380366762281,306.06479391864383,309.7652401794271,314.1784855749903,309.76633995208664,314.1970558381524,309.9037517191793,314.3623352566037,309.9049120628394,314.380366762281,330.9786265143732,332.7701930291683,332.8556202976558,331.0554966753018,336.04944438374014,330.62681519178705,226.93629161692735,0.0,2786.471933922363,17674.2095947017,0.004087104080575292,2583.2400000000002,0.0,6456.201960015838,306.7186378065167,0.0
23442.599999999216,309.43464874153915,314.0065891202365,305.6452708530623,309.3653135376636,313.81033596489345,309.3661257807874,313.8245645137214,309.5031439133468,313.992987090426,309.5040117343385,314.0065891202365,330.75897000944843,332.5883286173396,332.6733872313127,330.83585731146786,336.0584107246555,330.41355468120327,220.82430547449468,0.0,2772.101248331749,16261.158521519188,0.004034904484613094,2583.2400000000002,0.0,6450.943137486771,306.4676389576768,0.0
23562.59999999937,309.10874270708723,313.6946299160861,305.30863015666574,309.0404024576247,313.5041520529491,309.04098487526574,313.51490411982377,309.1764747675737,313.6845715362475,309.1771087278656,313.6946299160861,330.5414071571539,332.3998364787284,332.48446657621025,330.61828992709496,336.04689705611673,330.20152929600556,215.79391497926622,0.0,2760.444542511314,15181.65197167586,0.003986680305463678,2583.2400000000002,0.0,6446.320467492061,306.27053290912875,0.0
23682.599999999955,308.83401404369187,313.4258123985007,305.02830382278813,308.76706276028807,313.2411828716327,308.76746024662117,313.2491325238871,308.9005436899952,313.41860677418697,308.9009894778456,313.4258123985007,330.32890089734803,332.2099794465283,332.2942769429599,330.4057674647435,336.01823456989814,329.9937888784649,211.59448865464503,0.0,2750.646037547963,14335.291857271272,0.003941621430494344,2583.2400000000002,0.0,6442.355955770787,306.08116990396394,0.0
23802.59999999966,308.5962826322827,313.1887530934014,304.7882751336167,308.5310024482746,313.009973155917,308.531250956104,313.01566352590663,308.66129136034965,313.18384401473384,308.66158576438363,313.1887530934014,330.1229454568439,332.02176223608603,332.1064703401747,330.1997899609603,335.9748797379299,329.79191559641333,208.06240746502465,0.0,2742.1875010131525,13660.288700963569,0.003899354533252512,2583.2400000000002,0.0,6439.059140524344,305.92270042318313,0.0
23922.599999999926,308.38430241547655,312.9742798328958,304.57600360873886,308.3208536894916,312.8012611136479,308.3209808765167,312.8051103903507,308.44760192676654,312.9712384277589,308.44777316911285,312.9742798328958,329.92386631668916,331.8368254887857,331.921831062028,330.00068602472413,335.91954000694784,329.59635196190015,205.04836854601936,0.0,2734.661210759828,13109.79275159187,0.0038590224128429614,2583.2400000000002,0.0,6436.389673212765,305.79575202366243,0.0
24042.599999999267,308.1932791335481,312.7784738297428,304.3860729591673,308.1317958921781,312.6111401648335,308.1318253746528,312.6135051679503,308.2547115145008,312.77693466193324,308.2547837528432,312.7784738297428,329.7320787394171,331.6566975507395,331.74141994038484,329.8088730579536,335.85346880345526,329.40756645898267,202.4824010686771,0.0,2727.891904459054,12658.8817972055,0.003820928348561305,2583.2400000000002,0.0,6434.272219657708,305.6950272112266,0.0
24162.59999999892,308.0184378826555,312.59736267700976,304.21317542755764,307.9590334920955,312.4356724145666,307.9589843097893,312.436841237027,308.07787053404513,312.59703147574214,308.0778631946746,312.59736267700976,329.54747639134405,331.4814376473836,331.5657910842469,329.6242457616263,335.7782963159902,329.2255250400145,200.28753232525045,0.0,2721.706797199915,12285.601157183315,0.0037847675237103477,2583.2400000000002,0.0,6432.787223601657,305.6243070001297,0.0
24282.599999999962,307.85631657676083,312.42865684633927,304.05348575401496,307.799095289167,312.2719704842502,307.79898275015415,312.2721751103563,307.9136298043462,312.42865684633927,307.91355846335813,312.4280163714966,329.36975881500916,331.31111958270776,331.39514927479524,329.44650414309467,335.69544539142987,329.049990295875,198.4020208751552,0.0,2715.980875957837,11973.681402127324,0.003750214424409978,2583.2400000000002,0.0,6431.865019538395,305.58037051300516,0.0
24402.599999999857,307.70445975362566,312.2697170857589,303.9042899782739,307.6495531961434,312.1179842251985,307.6493895593376,312.11741057542827,307.7595095458199,312.2697170857589,307.7593867131849,312.26829482487557,329.1985393771971,331.1457524435975,331.22949974988484,329.27526231726864,335.60614185514214,328.88062709357877,196.77647186595053,0.0,2710.6255423708885,11710.953041172494,0.003717042774795355,2583.2400000000002,0.0,6431.4759158533825,305.5618324843885,0.0
24522.59999999969,307.56116588109575,312.11875899625596,303.7637455431892,307.508673830729,311.9722220594265,307.5084689441098,311.9710195333572,307.61384250592556,312.11875899625596,307.6136782436008,312.11670752469377,329.0333960548767,330.9852207286083,331.06872300620745,329.1100982089649,335.5114434801289,328.71705900203926,195.37093036838107,0.0,2705.5793492598514,11488.15808844555,0.0036851142427798108,2583.2400000000002,0.0,6431.647625381579,305.57001322417295,0.0
24642.600000000402,307.4238661831248,311.9734698983217,303.6292032270275,307.373858535467,311.83231123309076,307.3736190044732,311.83058017060677,307.47409307794277,311.9734698983217,307.4738941145974,311.9708914673107,328.8729605935611,330.8285696597346,330.911854650833,328.9496434532428,335.4130109738829,328.55799569581455,194.12153274465956,0.0,2700.750794779327,11293.435961650648,0.003653926112050475,2583.2400000000002,0.0,6432.367685995102,305.60431900442313,0.0
24762.600000000562,307.29429902285193,311.8354810100957,303.5023523848741,307.24691070160947,311.7000016355463,307.2466444634052,311.6978624580795,307.34193325036733,311.8354810100957,307.3417076760076,311.83249798743293,328.71874811890854,330.67714417767036,330.76024732900123,328.79541329509243,335.31004872363366,328.4049019826514,193.06640408657154,0.0,2696.2000254849013,11131.044496079106,0.003624922857204715,2583.2400000000002,0.0,6433.685033782532,305.667081304395,0.0
24814.37853407104,307.21788826666597,311.7281920868837,303.43700322258525,307.1721241144923,311.5972957118546,307.171852915801,311.5950728375323,307.2639045897414,311.7281920868837,307.2636714466113,311.72509644471876,328.3145470708344,330.345470412032,330.40395992173194,328.36814262895814,335.25075323290935,328.1276393933686,192.63616208605282,0.0,2693.5162721956603,11063.583908795626,0.0035999595874023323,1723.68,30576.330421267354,6435.616414008449,305.7590004067411,725.4541831408221
24814.37853407104,307.21788826666597,311.7281920868837,303.43700322258525,307.1721241144923,311.5972957118546,307.171852915801,311.5950728375323,307.2639045897414,311.7281920868837,307.2636714466113,311.72509644471876,328.3145470708344,330.345470412032,330.40395992173194,328.36814262895814,335.25075323290935,328.1276393933686,192.63616208605282,1.0,2693.5162721956603,11063.583908795626,0.0035999595874023323,1723.68,30576.330421267354,6435.616414008449,305.7590004067411,725.4541831408221
24882.599999999067,308.66155983875205,312.67594806946465,305.1729276226606,308.7017715595721,312.5726250257196,308.5505230685539,312.3853377050801,308.77182988350575,312.67594806946465,308.62211484335944,312.49823975657085,327.9600631402611,330.09182172513067,330.15137649867546,328.0085961785539,335.2311252747756,327.84603203285593,208.10379116456392,1.0,2744.4275701645092,13674.725696685739,292.4705506713226,1723.68,30576.330421267354,6435.616414008449,305.7590004067411,725.4541831408221
25002.599999999715,310.07921783804323,313.75209568828615,306.81259864972003,310.1355514686398,313.6772906274168,309.9775166922241,313.467183808653,310.18040857120144,313.75209568828615,310.02339462008945,313.5489261782853,327.6233801191395,329.6626848391836,329.7172186345008,327.6701593488019,335.1690151470369,327.53274661499466,230.65910300086506,1.0,2795.1479471461644,18595.812628069085,285.3957411586972,1723.68,30614.98595082862,6438.187126916834,305.8811659401886,753.9608207893626
25122.600000000664,310.9337853329974,314.4100957004377,307.79602559986375,311.0000728623629,314.35252232904605,310.8378951742029,314.1299668513677,311.0293755350046,314.4100957004377,310.86779776039924,314.1922463222314,327.41948895312953,329.4066802964595,329.4423009502138,327.46486483646487,335.1037493327316,327.33885099827484,247.45799335208665,1.0,2826.0633604435907,23305.972941393986,277.06757807468585,1723.68,30771.810595838666,6441.419221313918,306.0351189546953,772.9099588716686
25242.600000000042,311.5158842227418,314.8638537490981,308.4962184828084,311.58764670898796,314.81440317672894,311.42376353321384,314.5849519656755,311.60798043037084,314.8638537490981,311.4441462183774,314.6338531755654,327.2928175043558,329.24570557905736,329.27387768513574,327.3374530557083,335.0437461439897,327.2171701562433,260.4047455131666,1.0,2847.269334929992,27643.20081473646,279.38921469268126,1723.68,31289.44269632194,6445.241698530767,306.2191177588019,781.9093492339535
25362.59999999993,311.91747807282064,315.1877644237566,309.01969181661354,311.99050941449104,315.14161489906166,311.8279679716492,314.9055963839156,312.0072070115508,315.1877644237566,311.84422789357336,314.9477128654806,327.2449633866377,329.17033146814435,329.1988032563774,327.289530631699,334.99736777530023,327.16994633644504,270.3702157053938,1.0,2861.9699723751182,31447.506372944918,298.6739232935244,1723.68,32158.97782646432,6449.841113646746,306.42517622154185,779.7927026878145
25482.599999998973,312.1854239711306,315.413839773735,309.38959219078413,312.2558208019817,315.36766887041244,312.0982037435855,315.13064033377924,312.2731273224421,315.413839773735,312.1145440164937,315.16992214250246,327.2537536208043,329.1608477019673,329.19079688784433,327.2984854608211,334.9654351558028,327.17654377371065,278.01625097163065,1.0,2871.8108055074217,34662.53738651871,312.4908693853232,1723.68,33065.60274803074,6455.138627556682,306.6684451842912,765.3758256041325
25602.5999999996,312.33813975172455,315.5543636309255,309.62343560753254,312.4026139807461,315.50321389282857,312.252820833254,315.2723682900783,312.42424947902936,315.5543636309255,312.2728747138484,315.31248531975507,327.2910213907692,329.1886660909349,329.22076968916235,327.3358209305251,334.94534539036596,327.2111142907476,283.88750962526694,1.0,2877.431776743984,37314.809751292385,318.15641993107073,1723.68,33941.357529907145,6460.98533920307,306.94756875393017,739.0154701061044
25722.600000000144,312.37572807375284,315.6053116762769,309.7257814658937,312.4297592672106,315.5407576145958,312.29049984604194,315.32169954237185,312.4621766493044,315.6053116762769,312.32047653243615,315.36837111392316,327.33430394243345,329.23604982564683,329.2699519409187,327.37914857778026,334.9327232796917,327.2520529921149,288.41877609220086,1.0,2878.817393097279,39473.19147406766,311.80576121778745,1723.68,34759.78322392366,6467.304386130575,307.24828616743304,701.5738400653436
25842.59999999923,312.3058043887432,315.57278498789697,309.7023784375004,312.3466064155864,315.4962846887978,312.219997577585,315.28937110296073,312.3931592825086,315.57278498789697,312.2634542792747,315.3453067605722,327.3767361033852,329.29330542540333,329.3296639924675,327.4217264594594,334.92665451563244,327.29269230299536,291.9465454480618,1.0,2876.243343510249,41220.68344765621,308.924288709351,1723.68,35475.67601094974,6474.212267166415,307.5771461197681,650.2565407131638
25962.599999999053,312.1170511099359,315.4441459891786,309.53591451603234,312.1411658041169,315.3510101740306,312.03073053066055,315.16444023200705,312.2054727480491,315.4441459891786,312.09083535689933,315.2302490743501,327.400003027722,329.33725009445504,329.3755203804652,327.44497276817856,334.9219609673155,327.3151824074659,294.7157024906168,1.0,2869.3010020478714,42631.010103391396,286.97569510249485,1723.68,36057.43255650162,6481.470411168273,307.92270370138056,570.5292846105974
26082.600000000097,311.82766258560065,315.23173856459863,309.1962957419365,311.83412314325614,315.1168849627755,311.7401683710183,314.9512686971578,311.9175770704337,315.23173856459863,311.81878175767565,315.03290578065844,327.3978788192466,329.3696741094541,329.4104533502485,327.4429665109229,334.9173744746992,327.31274590364126,296.90067835259157,1.0,2858.6818732473207,43765.48882104702,272.58748803624695,1723.68,36546.10626895953,6488.935911295777,308.2778191803983,499.51277263191025
26202.599999999384,311.3699220833393,314.87662279808086,308.70118890641834,311.3620341746916,314.7530936782702,311.2901161345967,314.6137027718009,311.4520010701229,314.87662279808086,311.3755369539285,314.69847271181897,327.35906089591725,329.374838829885,329.4182361707209,327.40430365040737,334.90724992424356,327.2737462760961,298.6174573117323,1.0,2841.9454003368555,44663.52874799684,238.987541080745,1723.68,36847.283131978824,6496.422202385858,308.6342085131698,351.19959463907026
26322.599999999387,310.8652860704696,314.47916800250374,308.1239600986366,310.8376023770571,314.3306789111972,310.78338163428583,314.2176071864732,310.94916094192814,314.47916800250374,310.89099932858807,314.33404673313396,327.28836051344007,329.3455507596089,329.39107026106853,327.33378698670316,334.88608299199245,327.2040538237647,299.9474994992326,1.0,2823.5788509251956,45362.778841731786,228.2029413384913,1723.68,37108.89504806979,6503.7441322053055,308.98271145705115,278.3318242717339
26442.600000000493,310.24483832148866,313.9948443692956,307.4245784585611,310.1901927154026,313.8175210109681,310.1592569166147,313.7288942739819,310.3319278699287,313.9948443692956,310.2979757839901,313.88357599481424,327.1736267163709,329.27764180837994,329.3247020010857,327.2191524012936,334.84943321030624,327.0908255960086,300.9414543970103,1.0,2801.1195095089133,45879.83390598595,206.8330446580437,1723.68,37214.29416638793,6510.7092483878705,309.3136415421375,184.4261501814873
26562.59999999996,309.5322997490608,313.3806560353575,306.69567241110246,309.4543785634211,313.193976858819,309.447663792342,313.1483125249697,309.61725841238194,313.3806560353575,309.60989822808006,313.3254931805295,327.0089235822887,329.1630214516267,329.2106985139432,327.05464601518884,334.79798664034723,326.92781406654115,301.63360297970115,1.0,2775.4868224918882,46228.97353031123,167.9961207319931,1723.68,37180.31667637857,6517.057747612507,309.5933338120141,129.7098060537101
26682.5999999998,309.2172320531644,313.08002885316,306.3274443914425,309.1165128936385,312.85827343763486,309.13461916403566,312.86926589506203,309.2989701653596,313.06341906097975,309.31882598960476,313.08002885316,326.8398132006501,329.02237556645025,329.0690519084602,326.8855632242855,334.73157641519686,326.76278706462824,302.0555595532645,1.0,2764.2089807097805,46448.25613790905,200.15459685387776,1723.68,37227.37480094831,6522.664521944336,309.8600509420061,153.31459336830392
26802.600000000053,309.22938113291667,313.0427927966547,306.3442244199837,309.1089276191743,312.77314809510705,309.14999048518024,312.8113298680081,309.30742037337296,312.99260271996036,309.3511860539207,313.0427927966547,326.69061856232105,328.870413902623,328.9154871017148,326.7363415756869,334.6581683472356,326.6167478607007,302.2211804887816,1.0,2764.636771857501,46539.88174112218,215.40923631068995,1723.68,37139.67181120727,6527.319101938635,310.08131424210256,221.4126421409248
26922.599999999977,309.4407724434142,313.1633834887385,306.6013828060597,309.3149084318628,312.8753483439283,309.3776341297084,312.9430396219415,309.50193311754845,313.0651714108975,309.56861409451693,313.1633834887385,326.57321744026467,328.73220467088197,328.774650471406,326.6188644829954,334.58976756211894,326.50175684934635,302.1413386703718,1.0,2772.1935427871804,46503.81081631712,240.84897702785491,1723.68,36970.36353225605,6530.866617773669,310.26128306147916,336.40563638658773
27042.600000000257,309.7209716023838,313.3613542076951,306.92819607017884,309.5872961046551,313.0490337111497,309.66569957334514,313.1407046040759,309.7737635772961,313.23699314811296,309.85712715422056,313.3613542076951,326.48853702636336,328.60991691598076,328.6496175552808,326.53399740071205,334.5223604257788,326.41817870262923,301.8227278936533,1.0,2782.237288088743,46337.88650588757,251.38341007733936,1723.68,36618.21193318812,6533.181184391928,310.37117481644765,398.0962273471605
27162.5999999999,310.1568035330004,313.68881724256926,307.4208552123108,310.0139688846639,313.3491351851832,310.1159407621644,313.4762444665651,310.19529488594475,313.5321964158279,310.30200959921115,313.68881724256926,326.44648036000984,328.50807664778745,328.54443206008114,326.4917718519654,334.46153581006376,326.3759465805283,301.2788217665722,1.0,2797.917365462984,46054.90404526663,286.9771862618258,1723.68,36253.96171643808,6534.180331046357,310.4187720170299,555.0875455254918
27282.59999999903,310.73132532648486,314.24257180164784,307.9958103718555,310.5853814408956,313.88130340194283,310.7048519921537,314.03827959992145,310.7560146649118,314.0615381163552,310.87905320796,314.24257180164784,327.20803990509177,329.0630941457184,329.14988280619434,327.2830826782721,334.4882495791186,326.95225388884984,300.5183442277181,1.0,2818.7022787756273,45663.63619915021,306.0055602946501,2583.2400000000002,35697.25315173041,6533.838903884641,310.4025071585499,636.7294228085511
27402.60000000033,311.366234135192,314.8577172131979,308.6240260178039,311.21835191640116,314.4817868844961,311.3517708785881,314.6617735043218,311.3792462048726,314.65730693408943,311.5155675408879,314.8577172131979,327.7866212895764,329.5620475331724,329.64583246842574,327.86245256179876,334.5785793927637,327.4992850820969,299.55374653883564,1.0,2841.8077297576597,45167.194881703224,313.2891369449783,2583.2400000000002,35012.93215327317,6532.171527644908,310.3230769542525,691.510577601536
27522.599999999555,312.0039396079524,315.47230051314875,309.25460479649166,311.85654601639413,315.0889163056866,312.00169063967064,315.29066740763847,312.00510418256584,315.2557517226639,312.1524175931609,315.47230051314875,328.3201151773634,330.03307221205444,330.1180452634203,328.39602825452744,334.712791515551,328.0164807384341,298.4009124282188,1.0,2865.157496765898,44574.46878299675,318.45686425611734,2583.2400000000002,34234.28264877244,6529.231672755516,310.183397785754,734.2537424371449
27642.599999999195,312.5996343939249,316.04731277891574,309.7817971872273,312.45506907837046,315.66309057132617,312.6094128360997,315.8820709324015,312.58911169139407,315.81837946380455,312.7449439698176,316.04731277891574,328.8177186684844,330.4774122159034,330.56301056586807,328.8935701934583,334.88292421854084,328.50370875017603,297.07787928660946,1.0,2887.0991466460478,43896.298762173785,314.7075147258066,2583.2400000000002,33335.60217878478,6524.61654890262,309.9584012767699,756.0126629672188
27762.59999999949,313.1213673571736,316.55603155750737,310.2261672672023,312.9812215676851,316.17537605648243,313.14200414293646,316.4058331861294,313.1002172446587,316.3187935016876,313.262026473396,316.55603155750737,329.272428678207,330.89351230215743,330.978877225241,329.34809408076967,335.073852716209,328.9512480470412,295.6051813653666,1.0,2906.420520565505,43145.342395085216,302.5229553201384,2583.2400000000002,32436.921708796417,6520.001425049857,309.7334047677655,777.771583497344
