t,sun_x_km,sun_y_km,sun_z_km,beta_deg
0.0,-130868572.03967124,69606680.513046,30196098.760642543,11.458440313656343
60.0,-130869255.43480235,69605269.4168935,30195486.698740322,11.45820507198295
120.0,-130869938.81560296,69603859.11816218,30194874.63250105,11.457969828600659
180.0,-130870622.18561158,69602449.61681391,30194262.561929014,11.457734583509023
240.0,-130871305.54835057,69601040.91282424,30193650.487028383,11.457499336707661
300.0,-130871988.90735324,69599633.00613356,30193038.407803427,11.457264088196116
360.0,-130872672.2661478,69598225.89667505,30192426.3242584,11.457028837973978
420.0,-130873355.62827148,69596819.58434917,30191814.236397494,11.456793586040803
480.0,-130874038.99724226,69595414.06907582,30191202.14422496,11.456558332396147
540.0,-130874722.37659226,69594009.35073298,30190590.047745053,11.456323077039563
600.0,-130875405.76985233,69592605.42918384,30189977.946962003,11.456087819970582
660.0,-130876089.1805515,69591202.30427854,30189365.84188008,11.455852561188756
720.0,-130876772.61221056,69589799.97586612,30188753.73250352,11.455617300693605
780.0,-130877456.06835668,69588398.44376677,30188141.618836556,11.455382038484645
840.0,-130878139.55251986,69586997.70777836,30187529.50088343,11.455146774561403
900.0,-130878823.06822315,69585597.767695,30186917.378648456,11.454911508923383
960.0,-130879506.61898488,69584198.62330207,30186305.252135847,11.454676241570091
1020.0,-130880190.2083293,69582800.27435674,30185693.121349867,11.454440972501004
1080.0,-130880873.83978058,69581402.720599,30185080.9862948,11.454205701715638
1140.0,-130881557.51686046,69580005.96175568,30184468.84697488,11.453970429213449
1200.0,-130882241.24308164,69578609.99755274,30183856.703394376,11.453735154993936
1260.0,-130882925.02196498,69577214.82768354,30183244.55555756,11.453499879056556
1320.0,-130883608.85702662,69575820.4518316,30182632.403468706,11.453264601400772
1380.0,-130884292.75178465,69574426.86965986,30182020.247132078,11.45302932202604
1440.0,-130884976.70974456,69573034.08083548,30181408.08655194,11.452794040931822
1500.0,-130885660.73442456,69571642.08498462,30180795.921732567,11.452558758117537
1560.0,-130886344.82933317,69570250.88173208,30180183.75267822,11.452323473582645
1620.0,-130887028.99798203,69568860.47067946,30179571.57939321,11.452088187326554
1680.0,-130887713.24387184,69567470.85142925,30178959.40188177,11.451852899348726
1740.0,-130888397.57051057,69566082.02355257,30178347.220148206,11.451617609648538
1800.0,-130889081.98140128,69564693.98660961,30177735.03419677,11.451382318225418
1860.0,-130889766.48004663,69563306.74014352,30177122.844031755,11.451147025078782
1920.0,-130890451.06994262,69561920.28368999,30176510.64965744,11.450911730208018
1980.0,-130891135.75458932,69560534.61675851,30175898.451078106,11.450676433612527
2040.0,-130891820.53747858,69559149.73885414,30175286.24829801,11.450441135291689
2100.0,-130892505.4221058,69557765.64945582,30174674.04132145,11.450205835244901
2160.0,-130893190.41195868,69556382.34803815,30174061.83015271,11.449970533471507
2220.0,-130893875.51052642,69554999.83405213,30173449.614796046,11.449735229970917
2280.0,-130894560.72129476,69553618.10693616,30172837.39525578,11.449499924742474
2340.0,-130895246.04774971,69552237.16610827,30172225.17153616,11.449264617785525
2400.0,-130895931.49336568,69550857.01098762,30171612.943641473,11.449029309099435
2460.0,-130896617.06162354,69549477.64096157,30171000.711575992,11.448793998683557
2520.0,-130897302.7559986,69548099.05540787,30170388.475344036,11.448558686537217
2580.0,-130897988.5799649,69546721.25368555,30169776.234949823,11.448323372659763
2640.0,-130898674.53698891,69545344.2351484,30169163.990397718,11.44808805705051
2700.0,-130899360.63053878,69543967.99912532,30168551.741691902,11.447852739708782
2760.0,-130900046.86407991,69542592.54493034,30167939.488836717,11.447617420633922
2820.0,-130900733.24106988,69541217.87187131,30167327.231836434,11.447382099825212
2880.0,-130901419.76496966,69539843.97922873,30166714.970695324,11.447146777281981
2940.0,-130902106.4392306,69538470.86627999,30166102.705417667,11.446911453003516
3000.0,-130902793.26730543,69537098.53227903,30165490.436007734,11.446676126989114
3060.0,-130903480.25264236,69535726.97646661,30164878.16246983,11.446440799238069
3120.0,-130904167.39868894,69534356.19806373,30164265.88480819,11.446205469749676
3180.0,-130904854.70888025,69532986.19629323,30163653.60302711,11.445970138523188
3240.0,-130905542.1866571,69531616.97034533,30163041.317130856,11.445734805557915
3300.0,-130906229.83545382,69530248.51940107,30162429.027123723,11.445499470853095
3360.0,-130906917.65870266,69528880.84262374,30161816.73300995,11.445264134408015
3420.0,-130907605.65982702,69527513.9391706,30161204.434793808,11.445028796221926
3480.0,-130908293.84225203,69526147.80817433,30160592.132479608,11.444793456294075
3540.0,-130908982.20939828,69524782.4487537,30159979.826071557,11.444558114623714
3600.0,-130909670.76468,69523417.86001769,30159367.515573967,11.444322771210102
3660.0,-130910359.511507,69522054.0410604,30158755.200991083,11.444087426052453
3720.0,-130911048.45328817,69520690.99095571,30158142.882327154,11.443852079150027
3780.0,-130911737.59342732,69519328.70876454,30157530.559586473,11.443616730502038
3840.0,-130912426.93532524,69517967.19353059,30156918.232773267,11.44338138010772
3900.0,-130913116.48237532,69516606.44428904,30156305.9018918,11.443146027966284
3960.0,-130913806.23796709,69515246.4600593,30155693.566946343,11.442910674076943
4020.0,-130914496.20548825,69513887.2398409,30155081.22794113,11.442675318438921
4080.0,-130915186.38832276,69512528.78261808,30154468.88488043,11.442439961051429
4140.0,-130915876.78984521,69511171.08736856,30153856.53776845,11.44220460191364
4200.0,-130916567.41343002,69509814.15304807,30153244.186609495,11.441969241024776
4260.0,-130917258.26244587,69508457.97859916,30152631.83140776,11.441733878384023
4320.0,-130917949.34025982,69507102.56294437,30152019.472167525,11.44149851399057
4380.0,-130918640.6502247,69505747.90500869,30151407.108892985,11.441263147843602
4440.0,-130919332.19569804,69504394.00368533,30150794.7415884,11.441027779942289
4500.0,-130920023.98002939,69503040.85785824,30150182.370257996,11.440792410285832
4560.0,-130920716.0065648,69501688.46639442,30149569.994905993,11.440557038873365
4620.0,-130921408.27864102,69500336.82815433,30148957.615536653,11.440321665704099
4680.0,-130922100.79959546,69498985.94197272,30148345.232154172,11.440086290777158
4740.0,-130922793.5727546,69497635.80668126,30147732.844762787,11.439850914091727
4800.0,-130923486.60144602,69496286.42108503,30147120.453366682,11.43961553564695
4860.0,-130924179.88898556,69494937.78398652,30146508.05797011,11.439380155441981
4920.0,-130924873.4386888,69493589.89416514,30145895.658577275,11.439144773475963
4980.0,-130925567.25386226,69492242.75039151,30145283.255192365,11.438909389748058
5040.0,-130926261.33781527,69490896.35140744,30144670.847819604,11.438674004257388
5100.0,-130926955.69383925,69489550.695963,30144058.43646318,11.438438617003087
5160.0,-130927650.32522611,69488205.78278251,30143446.021127287,11.438203227984317
5220.0,-130928345.23526236,69486861.6105761,30142833.601816133,11.437967837200173
5280.0,-130929040.42723474,69485518.1780279,30142221.178533908,11.437732444649791
5340.0,-130929735.9044105,69484175.48383355,30141608.751284774,11.437497050332304
5400.0,-130930431.67006198,69482833.52665393,30140996.320072945,11.437261654246825
5460.0,-130931127.72745232,69481492.30514231,30140383.884902593,11.437026256392473
5520.0,-130931824.07983899,69480151.81793669,30139771.44577787,11.43679085676836
5580.0,-130932520.73047651,69478812.06365553,30139159.00270296,11.43655545537358
5640.0,-130933217.68260239,69477473.0409234,30138546.555682022,11.43632005220727
5700.0,-130933914.9394622,69476134.74832411,30137934.10471923,11.4360846472685
5760.0,-130934612.50428717,69474797.18444276,30137321.649818733,11.435849240556392
5820.0,-130935310.38030899,69473460.34783773,30136709.190984704,11.435613832070032
5880.0,-130936008.5707372,69472124.23708305,30136096.72822125,11.435378421808528
5940.0,-130936707.07879369,69470788.85070325,30135484.26153255,11.43514300977095
6000.0,-130937405.90768485,69469454.18722638,30134871.790922705,11.43490759595641
6060.0,-130938105.06061327,69468120.24516128,30134259.316395883,11.434672180363991
6120.0,-130938804.5407708,69466787.0230105,30133646.83795621,11.434436762992751
6180.0,-130939504.35134697,69465454.51925454,30133034.35560779,11.4342013438418
6240.0,-130940204.49552478,69464122.73236002,30132421.86935476,11.433965922910208
6300.0,-130940904.97647741,69462791.66078526,30131809.379201215,11.433730500197036
6360.0,-130941605.79737113,69461461.30297488,30131196.885151286,11.433495075701366
6420.0,-130942306.96136865,69460131.65735365,30130584.387209065,11.433259649422283
6480.0,-130943008.47162434,69458802.72233509,30129971.885378644,11.433024221358831
6540.0,-130943710.33128682,69457474.4963168,30129359.379664145,11.432788791510111
6600.0,-130944412.54349464,69456146.97768828,30128746.870069604,11.432553359875138
6660.0,-130945115.11137933,69454820.16482493,30128134.35659915,11.432317926453026
6720.0,-130945818.03806864,69453494.05608271,30127521.839256827,11.432082491242792
6780.0,-130946521.32668257,69452168.64980425,30126909.31804673,11.431847054243509
6840.0,-130947224.98032984,69450843.94432658,30126296.79297291,11.43161161545425
6900.0,-130947929.00211576,69449519.9379656,30125684.26403942,11.431376174874055
6960.0,-130948633.3951375,69448196.62902495,30125071.731250342,11.431140732501964
7020.0,-130949338.16248712,69446874.01579055,30124459.19460969,11.430905288337044
7080.0,-130950043.30724032,69445552.09655134,30123846.6541215,11.430669842378343
7140.0,-130950748.83247465,69444230.86956555,30123234.109789852,11.430434394624905
7200.0,-130951454.74125634,69442910.33308376,30122621.56161871,11.430198945075789
7260.0,-130952161.03664625,69441590.48534007,30122009.009612154,11.429963493730003
7320.0,-130952867.72169238,69440271.32456444,30121396.453774173,11.429728040586633
7380.0,-130953574.79944128,69438952.84896114,30120783.894108757,11.429492585644683
7440.0,-130954282.27292517,69437635.05673374,30120171.330619965,11.429257128903227
7500.0,-130954990.14517489,69436317.94606033,30119558.763311736,11.429021670361283
7560.0,-130955698.41920705,69435001.51511693,30118946.192188073,11.428786210017888
7620.0,-130956407.09803493,69433685.76205845,30118333.617252987,11.428550747872084
7680.0,-130957116.18466198,69432370.68502931,30117721.038510427,11.428315283922906
7740.0,-130957825.68208526,69431056.28215754,30117108.45596436,11.4280798181694
7800.0,-130958535.5932902,69429742.5515644,30116495.86961874,11.427844350610583
7860.0,-130959245.92125419,69428429.49135832,30115883.279477563,11.427608881245492
7920.0,-130959956.66894953,69427117.09962815,30115270.685544748,11.427373410073146
7980.0,-130960667.83933997,69425805.37444983,30114658.087824218,11.427137937092606
8040.0,-130961379.43537626,69424494.31389542,30114045.486319944,11.4269024623029
8100.0,-130962091.46000515,69423183.91601565,30113432.881035823,11.426666985703028
8160.0,-130962803.9161651,69421874.17884775,30112820.271975778,11.426431507292046
8220.0,-130963516.80678105,69420565.10042547,30112207.65914372,11.426196027068961
8280.0,-130964230.13477592,69419256.67875706,30111595.042543575,11.42596054503282
8340.0,-130964943.90305711,69417948.91185106,30110982.422179207,11.42572506118267
8400.0,-130965658.11452828,69416641.79769345,30110369.798054516,11.42548957551749
8460.0,-130966372.77208291,69415335.33426093,30109757.170173377,11.425254088036342
8520.0,-130967087.87860826,69414029.5195117,30109144.538539693,11.425018598738232
8580.0,-130967803.4369734,69412724.35140875,30108531.903157275,11.424783107622218
8640.0,-130968519.45004803,69411419.8278854,30107919.264030017,11.42454761468731
8700.0,-130969235.92068951,69410115.94686778,30107306.62116175,11.424312119932525
8760.0,-130969952.85174784,69408812.70626652,30106693.974556323,11.424076623356898
8820.0,-130970670.24605869,69407510.10398917,30106081.324217554,11.423841124959475
8880.0,-130971388.10645384,69406208.1379216,30105468.67014928,11.423605624739265
8940.0,-130972106.43575522,69404906.80593787,30104856.012355313,11.423370122695298
9000.0,-130972825.23677292,69403606.10590486,30104243.35083946,11.423134618826609
9060.0,-130973544.51230721,69402306.0356776,30103630.68560551,11.42289911313223
9120.0,-130974264.26515219,69401006.59309314,30103018.016657267,11.42266360561117
9180.0,-130974984.49809103,69399707.77597883,30102405.343998488,11.422428096262486
9240.0,-130975705.21389875,69398409.58214734,30101792.66763296,11.4221925850852
9300.0,-130976426.41533807,69397112.00940455,30101179.98756447,11.421957072078333
9360.0,-130977148.10516137,69395815.05554515,30100567.303796742,11.421721557240929
9420.0,-130977870.28611341,69394518.71834813,30099954.616333507,11.42148604057202
9480.0,-130978592.96093531,69393222.99556902,30099341.9251785,11.421250522070643
9540.0,-130979316.13234456,69391927.8849778,30098729.23033552,11.421015001735814
9600.0,-130980039.80305955,69390633.3843117,30098116.531808205,11.420779479566596
9660.0,-130980763.97578384,69389339.49130578,30097503.829600304,11.420543955562017
9720.0,-130981488.65322083,69388046.20366478,30096891.12371549,11.420308429721103
9780.0,-130982213.83804497,69386753.51911715,30096278.41415748,11.420072902042921
9840.0,-130982939.53293647,69385461.43535012,30095665.70092994,11.419837372526468
9900.0,-130983665.74055867,69384169.95005174,30095052.984036546,11.41960184117084
9960.0,-130984392.46357326,69382879.06088248,30094440.263480954,11.419366307975032
10020.0,-130985119.70461725,69381588.76551877,30093827.539266802,11.419130772938129
10080.0,-130985847.46632867,69380299.06160393,30093214.81139777,11.418895236059136
10140.0,-130986575.75133143,69379009.94677716,30092602.07987746,11.41865969733714
10200.0,-130987304.56224291,69377721.41865866,30091989.344709508,11.418424156771174
10260.0,-130988033.90166037,69376433.47487561,30091376.605897497,11.418188614360293
10320.0,-130988763.7721785,69375146.1130294,30090763.863445085,11.417953070103547
10380.0,-130989494.17638329,69373859.33070616,30090151.117355824,11.417717523999992
10440.0,-130990225.11684942,69372573.12548254,30089538.367633294,11.417481976048675
10500.0,-130990956.59612958,69371287.49494517,30088925.614281066,11.41724642624868
10560.0,-130991688.61677738,69370002.43664782,30088312.85730275,11.417010874599052
10620.0,-130992421.181336,69368717.94813253,30087700.09670185,11.41677532109885
10680.0,-130993154.29233652,69367434.0269328,30087087.332481906,11.416539765747146
10740.0,-130993887.95228961,69366150.6705893,30086474.564646475,11.416304208543023
10800.0,-130994622.16370946,69364867.8766045,30085861.79319904,11.416068649485526
10860.0,-130995356.92909275,69363585.6424825,30085249.01814317,11.415833088573729
10920.0,-130996092.25092198,69362303.96572247,30084636.2394823,11.415597525806726
10980.0,-130996828.13167559,69361022.84379996,30084023.457219966,11.415361961183578
11040.0,-130997564.57381402,69359742.27419238,30083410.671359632,11.415126394703368
11100.0,-130998301.57979162,69358462.25435713,30082797.881904736,11.414890826365191
11160.0,-130999039.15205026,69357182.78174372,30082185.08885876,11.414655256168107
11220.0,-130999777.29302318,69355903.85378599,30081572.29222514,11.414419684111214
11280.0,-131000516.0051236,69354625.4679236,30080959.492007326,11.414184110193618
11340.0,-131001255.2907626,69353347.62156875,30080346.68820873,11.413948534414395
11400.0,-131001995.15233664,69352070.31212915,30079733.880832758,11.41371295677265
11460.0,-131002735.59223275,69350793.53699832,30079121.06988283,11.413477377267483
11520.0,-131003476.61282158,69349517.29356919,30078508.2553623,11.413241795897989
11580.0,-131004218.21646719,69348241.57921442,30077895.437274564,11.413006212663266
11640.0,-131004960.40552197,69346966.39129739,30077282.61562299,11.412770627562447
11700.0,-131005703.18232378,69345691.7271765,30076669.79041095,11.412535040594616
11760.0,-131006446.5491987,69344417.58419997,30076056.961641733,11.41229945175891
11820.0,-131007190.50846457,69343143.95970035,30075444.129318725,11.412063861054436
11880.0,-131007935.06242608,69341870.85100213,30074831.293445244,11.411828268480306
11940.0,-131008680.21337698,69340598.25541852,30074218.45402457,11.411592674035667
12000.0,-131009425.9635971,69339326.1702567,30073605.611059994,11.41135707771964
12060.0,-131010172.31535387,69338054.59281495,30072992.764554817,11.411121479531346
12120.0,-131010919.27090633,69336783.52037534,30072379.91451231,11.410885879469935
12180.0,-131011666.83250126,69335512.95021063,30071767.060935743,11.410650277534543
12240.0,-131012415.00236908,69334242.87959212,30071154.203828346,11.4104146737243
12300.0,-131013163.782733,69332973.3057724,30070541.343193356,11.41017906803836
12360.0,-131013913.17580223,69331704.22599798,30069928.47903404,11.409943460475878
12420.0,-131014663.18377748,69330435.63749912,30069315.611353554,11.409707851036005
12480.0,-131015413.80883777,69329167.53751442,30068702.7401551,11.409472239717912
12540.0,-131016165.05315933,69327899.92325571,30068089.865441892,11.409236626520734
12600.0,-131016916.91890298,69326632.79193081,30067476.9872171,11.409001011443658
12660.0,-131017669.40821926,69325366.1407347,30066864.10548389,11.408765394485844
12720.0,-131018422.52324118,69324099.96686304,30066251.220245395,11.408529775646477
12780.0,-131019176.26609626,69322834.267489,30065638.33150476,11.408294154924729
12840.0,-131019930.6388929,69321569.03978947,30065025.439265117,11.408058532319776
12900.0,-131020685.64373362,69320304.28091975,30064412.543529555,11.407822907830829
12960.0,-131021441.28270248,69319039.98803724,30063799.6443012,11.407587281457058
13020.0,-131022197.55787517,69317776.15828264,30063186.741583113,11.407351653197663
13080.0,-131022954.47131383,69316512.78878963,30062573.83537839,11.407116023051845
13140.0,-131023712.02507082,69315249.8766773,30061960.92569009,11.406880391018799
13200.0,-131024470.22117674,69313987.41907331,30061348.01252125,11.406644757097775
13260.0,-131025229.06165896,69312725.41307904,30060735.0958749,11.406409121287936
13320.0,-131025988.5485287,69311463.85579261,30060122.175754074,11.40617348358854
13380.0,-131026748.68378642,69310202.7443007,30059509.252161764,11.405937843998776
13440.0,-131027509.46941507,69308942.07569002,30058896.325100984,11.405702202517906
13500.0,-131028270.90738927,69307681.84702975,30058283.394574706,11.40546655914514
13560.0,-131029032.99967103,69306422.05538046,30057670.460585907,11.405230913879727
13620.0,-131029795.74820474,69305162.69780296,30057057.523137525,11.404995266720917
13680.0,-131030559.15492819,69303903.7713379,30056444.582232494,11.404759617667935
13740.0,-131031323.22175989,69302645.27302927,30055831.63787379,11.404523966720053
13800.0,-131032087.9506101,69301387.19990368,30055218.690064277,11.404288313876524
13860.0,-131032853.34337309,69300129.54898526,30054605.738806877,11.404052659136607
13920.0,-131033619.40193918,69298872.31727268,30053992.784104478,11.40381700249958
13980.0,-131034386.1281669,69297615.50179122,30053379.825959932,11.403581343964715
14040.0,-131035153.5239176,69296359.09952855,30052766.864376113,11.403345683531274
14100.0,-131035921.59103295,69295103.10747664,30052153.899355896,11.40311002119856
14160.0,-131036690.33134921,69293847.52260406,30051540.930902064,11.402874356965858
14220.0,-131037459.7466756,69292592.34189793,30050927.959017456,11.40263869083247
14280.0,-131038229.83881868,69291337.56231752,30050314.983704895,11.40240302279767
14340.0,-131039000.60956867,69290083.18081942,30049702.00496713,11.402167352860797
14400.0,-131039772.06070587,69288829.19434658,30049089.022806972,11.40193168102115
14460.0,-131040544.1939876,69287575.59985235,30048476.037227184,11.40169600727803
14520.0,-131041317.01116572,69286322.39426686,30047863.048230473,11.401460331630789
14580.0,-131042090.51398017,69285069.57451044,30047250.055819616,11.401224654078725
14640.0,-131042864.70415565,69283817.13749862,30046637.059997287,11.400988974621193
14700.0,-131043639.58339739,69282565.08015095,30046024.060766228,11.400753293257527
14760.0,-131044415.15340027,69281313.39937353,30045411.058129136,11.400517609987068
14820.0,-131045191.41585161,69280062.09205374,30044798.052088648,11.40028192480918
14880.0,-131045968.37242194,69278811.15507756,30044185.042647474,11.4000462377232
14940.0,-131046746.02476074,69277560.58533782,30043572.029808205,11.399810548728507
15000.0,-131047524.37451142,69276310.3797058,30042959.013573516,11.399574857824462
15060.0,-131048303.42330511,69275060.53504267,30042345.993946023,11.399339165010444
15120.0,-131049083.17275941,69273811.04820271,30041732.970928293,11.39910347028584
15180.0,-131049863.62446432,69272561.91605905,30041119.94452294,11.398867773650018
15240.0,-131050644.78001432,69271313.13544303,30040506.914732553,11.398632075102388
15300.0,-131051426.640981,69270064.70319663,30039893.881559644,11.398396374642354
15360.0,-131052209.20892681,69268816.61614592,30039280.84500679,11.398160672269306
15420.0,-131052992.48538926,69267568.87113117,30038667.805076525,11.397924967982657
15480.0,-131053776.47190765,69266321.46495622,30038054.761771347,11.397689261781839
15540.0,-131054561.16999497,69265074.39444144,30037441.715093743,11.39745355366626
15600.0,-131055346.58115776,69263827.65638687,30036828.665046223,11.397217843635365
15660.0,-131056132.70688246,69262581.24759713,30036215.61163125,11.39698213168858
15720.0,-131056919.54864632,69261335.16486117,30035602.554851256,11.396746417825346
15780.0,-131057707.10791093,69260089.40496486,30034989.49470869,11.396510702045127
15840.0,-131058495.38612658,69258843.96468234,30034376.431205995,11.396274984347377
15900.0,-131059284.38472064,69257598.8407983,30033763.364345554,11.396039264731538
15960.0,-131060074.10511528,69256354.03007387,30033150.294129763,11.395803543197111
16020.0,-131060864.54871579,69255109.52926943,30032537.220561016,11.395567819743537
16080.0,-131061655.71691442,69253865.3351371,30031924.143641647,11.39533209437032
16140.0,-131062447.61108497,69252621.44443104,30031311.063374016,11.395096367076953
16200.0,-131063240.23259108,69251377.8538912,30030697.979760468,11.39486063786291
16260.0,-131064033.58278257,69250134.56025131,30030084.892803278,11.394624906727712
16320.0,-131064827.66299042,69248891.56024769,30029471.80250476,11.39438917367086
16380.0,-131065622.47453722,69247648.85059962,30028858.708867244,11.394153438691884
16440.0,-131066418.01872507,69246406.42803231,30028245.61189292,11.39391770179029
16500.0,-131067214.29684627,69245164.28925626,30027632.511584103,11.393681962965603
16560.0,-131068011.31017743,69243922.43097948,30027019.407942995,11.39344622221737
16620.0,-131068809.05998352,69242680.8498988,30026406.300971836,11.393210479545141
16680.0,-131069607.54750621,69241439.54272218,30025793.190672815,11.39297473494845
16740.0,-131070406.77398163,69240198.50613576,30025180.077048127,11.39273898842686
16800.0,-131071206.74062832,69238957.7368257,30024566.96009995,11.392503239979927
16860.0,-131072007.44865225,69237717.23146918,30023953.839830413,11.392267489607233
16920.0,-131072808.89923976,69236476.98674832,30023340.716241706,11.392031737308368
16980.0,-131073611.09356755,69235236.9993302,30022727.58933592,11.391795983082877
17040.0,-131074414.03279775,69233997.26587719,30022114.459115155,11.39156022693039
17100.0,-131075217.71807443,69232757.7830527,30021501.325581525,11.391324468850474
17160.0,-131076022.15052779,69231518.54751414,30020888.188737098,11.39108870884276
17220.0,-131076827.33127545,69230279.55590992,30020275.048583925,11.39085294690684
17280.0,-131077633.26141979,69229040.80488473,30019661.905124057,11.39061718304236
17340.0,-131078439.94204947,69227802.29107659,30019048.758359537,11.390381417248925
17400.0,-131079247.3742356,69226564.01112431,30018435.608292367,11.390145649526165
17460.0,-131080055.55903417,69225325.96166241,30017822.454924524,11.389909879873748
17520.0,-131080864.49749023,69224088.13931409,30017209.298258,11.389674108291297
17580.0,-131081674.19063334,69222850.54069908,30016596.138294768,11.389438334778463
17640.0,-131082484.63947423,69221613.16244039,30015982.975036733,11.389202559334933
17700.0,-131083295.845013,69220376.00114869,30015369.808485854,11.388966781960372
17760.0,-131084107.80823505,69219139.05342995,30014756.63864405,11.388731002654438
17820.0,-131084920.53010805,69217902.3158917,30014143.46551322,11.38849522141684
17880.0,-131085734.01158462,69216665.78513709,30013530.289095197,11.388259438247246
17940.0,-131086548.25360572,69215429.45775947,30012917.109391898,11.388023653145375
18000.0,-131087363.25709546,69214193.33035159,30012303.92640514,11.387787866110923
18060.0,-131088179.022965,69212957.39949845,30011690.74013673,11.387552077143596
18120.0,-131088995.55210622,69211721.66178964,30011077.55058855,11.387316286243141
18180.0,-131089812.8454012,69210486.11380024,30010464.357762337,11.387080493409254
18240.0,-131090630.90371178,69209250.75211293,30009851.161659878,11.386844698641703
18300.0,-131091449.72789067,69208015.57329395,30009237.96228295,11.386608901940196
18360.0,-131092269.31876956,69206780.57391849,30008624.75963328,11.386373103304505
18420.0,-131093089.67716944,69205545.75054926,30008011.553712614,11.386137302734388
18480.0,-131093910.80389503,69204311.09974784,30007398.34452264,11.385901500229604
18540.0,-131094732.69973737,69203076.61807016,30006785.132065073,11.385665695789923
18600.0,-131095555.36546952,69201842.30207376,30006171.91634158,11.385429889415141
18660.0,-131096378.80184923,69200608.1483134,30005558.697353832,11.38519408110503
18720.0,-131097203.00962257,69199374.15333433,30004945.475103445,11.384958270859386
18780.0,-131098027.98951982,69198140.31367925,30004332.249592077,11.384722458678018
18840.0,-131098853.74225244,69196906.62589532,30003719.020821307,11.384486644560724
18900.0,-131099680.26852074,69195673.08651897,30003105.788792748,11.384250828507335
18960.0,-131100507.56900844,69194439.69208607,30002492.553507965,11.384015010517665
19020.0,-131101335.64438428,69193206.43912908,30001879.314968504,11.383779190591557
19080.0,-131102164.49530482,69191973.32417242,30001266.07317593,11.383543368728848
19140.0,-131102994.12240216,69190740.3437549,30000652.828131747,11.383307544929371
19200.0,-131103824.52630076,69189507.49439825,30000039.57983745,11.383071719193001
19260.0,-131104655.70761184,69188274.77261767,29999426.328294545,11.382835891519584
19320.0,-131105487.66692933,69187042.17492984,29998813.0735045,11.382600061908994
19380.0,-131106320.40482622,69185809.69785988,29998199.815468777,11.382364230361114
19440.0,-131107153.92186303,69184577.33792472,29997586.554188784,11.382128396875817
19500.0,-131107988.2185913,69183345.09162699,29996973.289665967,11.381892561453006
19560.0,-131108823.2955441,69182112.95547335,29996360.02190169,11.381656724092572
19620.0,-131109659.15323023,69180880.92598501,29995746.75089737,11.381420884794432
19680.0,-131110495.79215692,69179648.99965501,29995133.47665436,11.381185043558494
19740.0,-131111333.21280976,69178417.17298613,29994520.19917399,11.38094920038468
19800.0,-131112171.41565934,69177185.44247887,29993906.91845764,11.380713355272906
19860.0,-131113010.40115468,69175953.80464277,29993293.634506565,11.38047750822313
19920.0,-131113850.16974159,69174722.25596301,29992680.3473221,11.38024165923529
19980.0,-131114690.72184323,69173490.79293695,29992067.05690551,11.380005808309345
20040.0,-131115532.05787022,69172259.41205436,29991453.763258047,11.379769955445235
20100.0,-131116374.17821468,69171028.10980944,29990840.466380958,11.379534100642934
20160.0,-131117217.08325383,69169796.88269377,29990227.166275486,11.379298243902415
20220.0,-131118060.77335195,69168565.72719271,29989613.86294279,11.37906238522368
20280.0,-131118905.24885862,69167334.63978869,29989000.55638409,11.378826524606687
20340.0,-131119750.51010275,69166103.61697277,29988387.246600576,11.378590662051453
20400.0,-131120596.55740304,69164872.65522493,29987773.933593348,11.378354797557975
20460.0,-131121443.39106272,69163641.75102402,29987160.617363587,11.378118931126256
20520.0,-131122291.01136604,69162410.90085377,29986547.29791239,11.37788306275633
20580.0,-131123139.41858236,69161180.10119621,29985933.97524088,11.377647192448201
20640.0,-131123988.61296873,69159949.34852663,29985320.64935011,11.377411320201944
20700.0,-131124838.5947649,69158718.63932209,29984707.320241142,11.377175446017546
20760.0,-131125689.36419721,69157487.97005548,29984093.98791504,11.376939569895095
20820.0,-131126540.92147133,69156257.33720815,29983480.652372833,11.376703691834631
20880.0,-131127393.26678416,69155026.737248,29982867.3136155,11.37646781183623
20940.0,-131128246.40031096,69153796.1666546,29982253.97164408,11.376231929899943
21000.0,-131129100.32221766,69152565.6218944,29981640.626459505,11.375996046025843
21060.0,-131129955.03264853,69151335.0994453,29981027.278062776,11.375760160214037
21120.0,-131130810.53173694,69150104.59577607,29980413.92645478,11.375524272464611
21180.0,-131131666.81959938,69148874.10735741,29979800.57163645,11.375288382777642
21240.0,-131132523.89633888,69147643.63065588,29979187.21360871,11.375052491153271
21300.0,-131133381.7620389,69146413.16214557,29978573.85237243,11.374816597591597
21360.0,-131134240.4167684,69145182.69829826,29977960.48792848,11.374580702092738
21420.0,-131135099.86058356,69143952.23558047,29977347.12027768,11.374344804656804
21480.0,-131135960.09352526,69142721.77045827,29976733.7494209,11.374108905283965
21540.0,-131136821.11561438,69141491.29940625,29976120.375358924,11.373873003974346
21600.0,-131137682.9268607,69140260.81889077,29975506.998092555,11.3736371007281
21660.0,-131138545.5272587,69139030.32537742,29974893.617622588,11.37340119554538
21720.0,-131139408.91678262,69137799.8153411,29974280.233949736,11.37316528842635
21780.0,-131140273.09539782,69136569.28524497,29973666.84707476,11.372929379371177
21840.0,-131141138.06304784,69135338.73156387,29973053.45699837,11.372693468380051
21900.0,-131142003.81966521,69134108.15076457,29972440.063721303,11.372457555453138
21960.0,-131142870.3651653,69132877.53931725,29971826.667244185,11.372221640590654
22020.0,-131143737.69945055,69131646.89368849,29971213.267567728,11.371985723792777
22080.0,-131144605.82240373,69130416.21035263,29970599.864692558,11.371749805059723
22140.0,-131145474.73389295,69129185.48578331,29969986.458619308,11.371513884391709
22200.0,-131146344.43377332,69127954.7164498,29969373.049348604,11.37127796178895
22260.0,-131147214.92188518,69126723.89882146,29968759.636881005,11.371042037251664
22320.0,-131148086.19804831,69125493.02937742,29968146.2212171,11.370806110780093
22380.0,-131148958.26207216,69124262.1045885,29967532.802357458,11.370570182374475
22440.0,-131149831.11374994,69123031.12092745,29966919.38030259,11.370334252035068
22500.0,-131150704.75285749,69121800.07487223,29966305.95505304,11.370098319762102
22560.0,-131151579.1791541,69120568.96290304,29965692.52660931,11.369862385555852
22620.0,-131152454.39238767,69119337.78149466,29965079.09497186,11.36962644941659
22680.0,-131153330.39228837,69118106.52712652,29964465.660141163,11.369390511344593
22740.0,-131154207.17857309,69116875.1962756,29963852.22211767,11.369154571340117
22800.0,-131155084.75093861,69115643.78542933,29963238.780901775,11.36891862940348
22860.0,-131155963.10907194,69114412.29106517,29962625.336493947,11.368682685534946
22920.0,-131156842.25263923,69113180.70967305,29962011.88889454,11.36844673973485
22980.0,-131157722.18129708,69111949.03773274,29961398.438103907,11.368210792003472
23040.0,-131158602.8946805,69110717.27173781,29960784.984122436,11.367974842341127
23100.0,-131159484.39241414,69109485.40817377,29960171.526950467,11.367738890748146
23160.0,-131160366.67410517,69108253.44353178,29959558.06658828,11.367502937224863
23220.0,-131161249.73934896,69107021.37429798,29958944.603036188,11.367266981771593
23280.0,-131162133.58771606,69105789.19697851,29958331.13629448,11.367031024388666
23340.0,-131163018.21877111,69104556.90806334,29957717.66636342,11.366795065076468
23400.0,-131163903.6320586,69103324.50405337,29957104.19324322,11.366559103835314
23460.0,-131164789.82711543,69102091.98143755,29956490.716934152,11.366323140665573
23520.0,-131165676.80344954,69100859.33673175,29955877.237436377,11.366087175567614
23580.0,-131166564.56056406,69099626.56643504,29955263.7547501,11.365851208541807
23640.0,-131167453.09794393,69098393.6670538,29954650.268875513,11.365615239588532
23700.0,-131168342.41506162,69097160.63509114,29954036.77981273,11.36537926870816
23760.0,-131169232.5113658,69095927.46706918,29953423.28756192,11.365143295901083
23820.0,-131170123.38629802,69094694.1594965,29952809.79212314,11.364907321167712
23880.0,-131171015.03928107,69093460.70889126,29952196.29349654,11.364671344508423
23940.0,-131171907.46972954,69092227.1117606,29951582.791682184,11.36443536592364
24000.0,-131172800.67703056,69090993.36463773,29950969.286680084,11.364199385413782
24060.0,-131173694.66056088,69089759.46404912,29950355.77849035,11.363963402979257
24120.0,-131174589.41968796,69088525.4065127,29949742.267112967,11.363727418620483
24180.0,-131175484.95376104,69087291.18855497,29949128.752547953,11.363491432337906
24240.0,-131176381.26210664,69086056.8067199,29948515.234795254,11.363255444131957
24300.0,-131177278.34404355,69084822.2575401,29947901.713854883,11.363019454003071
24360.0,-131178176.198879,69083587.53754458,29947288.18972676,11.362783461951706
24420.0,-131179074.82589504,69082352.64328419,29946674.66241081,11.362547467978304
24480.0,-131179974.22436687,69081117.57129708,29946061.131906994,11.362311472083341
24540.0,-131180874.39354824,69079882.31813712,29945447.59821513,11.362075474267284
24600.0,-131181775.33268268,69078646.88035232,29944834.06133514,11.361839474530566
24660.0,-131182677.04099657,69077411.25449698,29944220.521266866,11.361603472873709
24720.0,-131183579.51770331,69076175.437126,29943606.978010148,11.361367469297157
24780.0,-131184482.76199785,69074939.42480336,29942993.431564786,11.36113146380142
24840.0,-131185386.77305996,69073703.21409726,29942379.881930586,11.360895456386997
24900.0,-131186291.55005807,69072466.80157277,29941766.329107374,11.360659447054354
24960.0,-131187197.092145,69071230.18379901,29941152.773094844,11.360423435804016
25020.0,-131188103.39845416,69069993.35735789,29940539.213892806,11.36018742263649
25080.0,-131189010.46810842,69068756.31882642,29939925.651500925,11.359951407552284
25140.0,-131189918.30021624,69067519.06478444,29939312.085918944,11.35971539055191
25200.0,-131190826.89386739,69066281.59182315,29938698.517146558,11.359479371635901
25260.0,-131191736.24813727,69065043.89653629,29938084.945183422,11.359243350804789
25320.0,-131192646.36208895,69063805.97551684,29937471.370029192,11.359007328059086
25380.0,-131193557.23476957,69062567.82536419,29936857.791683488,11.358771303399363
25440.0,-131194468.86521257,69061329.44267948,29936244.21014598,11.35853527682613
25500.0,-131195381.2524322,69060090.82407649,29935630.625416193,11.358299248339947
25560.0,-131196294.39543347,69058851.96616238,29935017.037493754,11.35806321794137
25620.0,-131197208.29320148,69057612.8655589,29934403.446378198,11.357827185630951
25680.0,-131198122.94471142,69056373.51888223,29933789.85206909,11.35759115140926
25740.0,-131199038.34891874,69055133.92276356,29933176.25456593,11.357355115276857
25800.0,-131199954.50476776,69053894.07383075,29932562.653868254,11.357119077234314
25860.0,-131200871.41118704,69052653.96871908,29931949.049975533,11.356883037282204
25920.0,-131201789.06709361,69051413.6040616,29931335.442887224,11.356646995421112
25980.0,-131202707.47137998,69050172.97651568,29930721.83260279,11.356410951651625
26040.0,-131203626.62293401,69048932.0827241,29930108.219121657,11.356174905974314
26100.0,-131204546.52062522,69047690.91934176,29929494.60244327,11.35593885838979
26160.0,-131205467.16331044,69046449.48302443,29928880.982566986,11.355702808898648
26220.0,-131206388.54982686,69045207.77044275,29928267.359492186,11.355466757501478
26280.0,-131207310.67900208,69043965.77826303,29927653.73321826,11.355230704198902
26340.0,-131208233.54964897,69042723.50315706,29927040.103744533,11.354994648991516
26400.0,-131209157.16056287,69041480.94180745,29926426.47107031,11.354758591879945
26460.0,-131210081.51052445,69040238.09090233,29925812.83519494,11.354522532864799
26520.0,-131211006.59830324,69038994.94712907,29925199.196117673,11.354286471946702
26580.0,-131211932.42265227,69037751.50718401,29924585.55383778,11.354050409126277
26640.0,-131212858.98231222,69036507.76776512,29923971.90835451,11.35381434440416
26700.0,-131213786.27600579,69035263.72558257,29923358.259667136,11.353578277780976
26760.0,-131214714.3024415,69034019.37735197,29922744.607774828,11.353342209257372
26820.0,-131215643.06031674,69032774.71978843,29922130.952676795,11.35310613883397
26880.0,-131216572.54831433,69031529.74961281,29921517.29437221,11.352870066511434
26940.0,-131217502.76509824,69030284.46356088,29920903.63286025,11.3526339922904
27000.0,-131218433.70932262,69029038.85836534,29920289.968140043,11.35239791617153
27060.0,-131219365.37962757,69027792.93076482,29919676.30021073,11.352161838155459
27120.0,-131220297.77463421,69026546.67751247,29919062.629071396,11.351925758242873
27180.0,-131221230.89295556,69025300.0953562,29918448.954721134,11.351689676434408
27240.0,-131222164.73318425,69024053.18106154,29917835.277159024,11.351453592730742
27300.0,-131223099.29390363,69022805.93139124,29917221.596384104,11.351217507132532
27360.0,-131224034.57368104,69021558.34311748,29916607.912395436,11.350981419640457
27420.0,-131224970.57107285,69020310.41301292,29915994.22519202,11.350745330255199
27480.0,-131225907.28461254,69019062.13787362,29915380.534772836,11.35050923897741
27540.0,-131226844.71282788,69017813.51448548,29914766.841136888,11.350273145807789
27600.0,-131227782.85423045,69016564.53964585,29914153.144283142,11.350037050747009
27660.0,-131228721.70731886,69015315.21015577,29913539.444210522,11.349800953795773
27720.0,-131229661.2705734,69014065.52283199,29912925.740917984,11.349564854954739
27780.0,-131230601.54246472,69012815.47448912,29912312.03440441,11.349328754224633
27840.0,-131231542.5214483,69011565.06195131,29911698.324668705,11.349092651606119
27900.0,-131232484.20596856,69010314.28204373,29911084.611709736,11.348856547099894
27960.0,-131233426.59444715,69009063.13161574,29910470.895526372,11.348620440706684
28020.0,-131234369.68530092,69007811.60750614,29909857.17611743,11.348384332427177
28080.0,-131235313.47692849,69006559.70656934,29909243.45348175,11.348148222262058
28140.0,-131236257.96772188,69005307.42565306,29908629.727618143,11.347912110212054
28200.0,-131237203.1560478,69004054.76163433,29908015.998525355,11.347675996277863
28260.0,-131238149.04026504,69002801.71138585,29907402.266202204,11.347439880460199
28320.0,-131239095.61871865,69001548.27178824,29906788.53064743,11.347203762759774
28380.0,-131240042.88974634,69000294.43971702,29906174.791859724,11.346967643177313
28440.0,-131240990.85165825,68999040.21208176,29905561.049837843,11.346731521713515
28500.0,-131241939.50276053,68997785.5857812,29904947.304580476,11.346495398369107
28560.0,-131242888.8413467,68996530.55771956,29904333.556086287,11.346259273144812
28620.0,-131243838.8656974,68995275.12480764,29903719.804353967,11.346023146041345
28680.0,-131244789.57406719,68994019.28398785,29903106.04938214,11.345787017059427
28740.0,-131245740.96470937,68992763.03218673,29902492.291169435,11.345550886199801
28800.0,-131246693.0358641,68991506.36633825,29901878.52971448,11.345314753463176
28860.0,-131247645.78575657,68990249.28338695,29901264.765015874,11.345078618850293
28920.0,-131248599.21259072,68988991.78030041,29900650.997072157,11.344842482361873
28980.0,-131249553.31456509,68987733.85403907,29900037.22588191,11.344606343998656
29040.0,-131250508.08986817,68986475.50156467,29899423.451443665,11.344370203761367
29100.0,-131251463.5366684,68985216.71986054,29898809.673755977,11.344134061650758
29160.0,-131252419.65311724,68983957.50592488,29898195.892817315,11.343897917667539
29220.0,-131253376.43736483,68982697.85674146,29897582.10862618,11.343661771812474
29280.0,-131254333.88754047,68981437.76931694,29896968.321181048,11.34342562408629
29340.0,-131255292.00176519,68980177.24065714,29896354.53048038,11.34318947448971
29400.0,-131256250.7781375,68978916.26779333,29895740.73652261,11.3429533230235
29460.0,-131257210.21475239,68977654.8477484,29895126.93930617,11.342717169688381
29520.0,-131258170.3096885,68976392.97755873,29894513.138829447,11.342481014485106
29580.0,-131259131.0610131,68975130.654267,29893899.33509084,11.342244857414427
29640.0,-131260092.46677646,68973867.8749316,29893285.52808871,11.342008698477066
29700.0,-131261054.5250196,68972604.63661282,29892671.717821423,11.34177253767379
29760.0,-131262017.23377152,68971340.93637791,29892057.904287312,11.341536375005322
29820.0,-131262980.5910436,68970076.77131222,29891444.087484706,11.341300210472424
29880.0,-131263944.59484042,68968812.13849816,29890830.26741188,11.341064044075825
29940.0,-131264909.24314761,68967547.03503847,29890216.444067143,11.340827875816297
30000.0,-131265874.53394327,68966281.45803575,29889602.61744877,11.340591705694568
30060.0,-131266840.46519081,68965015.40460451,29888988.787555005,11.340355533711387
30120.0,-131267807.03484441,68963748.87186256,29888374.954384055,11.340119359867504
30180.0,-131268774.24083607,68962481.85695417,29887761.117934205,11.339883184163673
30240.0,-131269742.08109489,68961214.35701491,29887147.278203614,11.339647006600629
30300.0,-131270710.55353414,68959946.36919576,29886533.43519048,11.339410827179123
30360.0,-131271679.65605634,68958677.89065303,29885919.588892963,11.339174645899918
30420.0,-131272649.3865471,68957408.91856171,29885305.739309225,11.33893846276374
30480.0,-131273619.74288383,68956139.45009749,29884691.886437386,11.338702277771352
30540.0,-131274590.72293197,68954869.48244494,29884078.0302756,11.33846609092348
30600.0,-131275562.32454167,68953599.01280361,29883464.17082195,11.3382299022209
30660.0,-131276534.54555044,68952328.03838332,29882850.308074526,11.337993711664348
30720.0,-131277507.38378677,68951056.55639711,29882236.442031402,11.33775751925455
30780.0,-131278480.83706594,68949784.56406982,29881622.572690614,11.337521324992284
30840.0,-131279454.90319204,68948512.05863383,29881008.700050235,11.337285128878273
30900.0,-131280429.57995439,68947239.03733674,29880394.82410827,11.337048930913268
30960.0,-131281404.86512999,68945965.49743572,29879780.94486274,11.336812731098007
31020.0,-131282380.75648706,68944691.43619189,29879167.062311597,11.336576529433254
31080.0,-131283357.25178188,68943416.85087633,29878553.17645284,11.336340325919721
31140.0,-131284334.34875427,68942141.73877826,29877939.287284456,11.33610412055817
31200.0,-131285312.04513682,68940866.09718847,29877325.394804336,11.335867913349329
31260.0,-131286290.33864826,68939589.92341092,29876711.499010444,11.335631704293945
31320.0,-131287269.22699915,68938313.21475312,29876097.599900663,11.33539549339276
31380.0,-131288248.70787933,68937035.96854997,29875483.697472915,11.33515928064651
31440.0,-131289228.77897522,68935758.18213022,29874869.79172505,11.334923066055918
31500.0,-131290209.43795945,68934479.85283694,29874255.88265497,11.334686849621738
31560.0,-131291190.68249412,68933200.97802165,29873641.97026047,11.33445063134468
31620.0,-131292172.51022533,68931921.55505465,29873028.054539412,11.334214411225508
31680.0,-131293154.91879344,68930641.58130473,29872414.13548962,11.333978189264924
31740.0,-131294137.9058221,68929361.05416232,29871800.21310888,11.333741965463663
31800.0,-131295121.46892853,68928079.97101778,29871186.28739499,11.333505739822462
31860.0,-131296105.60571337,68926798.32928206,29870572.35834569,11.33326951234205
31920.0,-131297090.31376977,68925516.12636934,29869958.425958753,11.333033283023138
31980.0,-131298075.590679,68924233.35970584,29869344.490231916,11.33279705186646
32040.0,-131299061.43401146,68922950.0267271,29868730.551162913,11.332560818872723
32100.0,-131300047.84132431,68921666.12488364,29868116.60874944,11.33232458404266
32160.0,-131301034.8101631,68920381.65163727,29867502.662989195,11.33208834737697
32220.0,-131302022.33806524,68919096.60445534,29866888.71387985,11.331852108876394
32280.0,-131303010.42255744,68917810.98081477,29866274.761419043,11.331615868541617
32340.0,-131303999.0611504,68916524.77821332,29865660.805604465,11.331379626373366
32400.0,-131304988.25134899,68915237.99414997,29865046.846433703,11.331143382372337
32460.0,-131305977.99064647,68913950.62613532,29864432.883904412,11.33090713653926
32520.0,-131306968.27651991,68912662.67170176,29863818.918014158,11.330670888874819
32580.0,-131307959.10644723,68911374.12837052,29863204.94876056,11.330434639379726
32640.0,-131308950.47788043,68910084.99370228,29862590.97614115,11.330198388054656
32700.0,-131309942.38827169,68908795.26524867,29861977.000153534,11.329962134900336
32760.0,-131310934.83505782,68907504.94058086,29861363.020795215,11.329725879917438
32820.0,-131311927.81567241,68906214.01726766,29860749.03806373,11.329489623106676
32880.0,-131312921.32752654,68904922.49291183,29860135.051956587,11.32925336446871
32940.0,-131313915.36802539,68903630.36511847,29859521.062471293,11.329017104004254
33000.0,-131314909.93456958,68902337.63149291,29858907.069605317,11.328780841713968
33060.0,-131315905.02454641,68901044.28965747,29858293.073356137,11.32854457759854
33120.0,-131316900.63532515,68899750.3372604,29857679.073721197,11.328308311658656
33180.0,-131317896.76427211,68898455.7719474,29857065.070697945,11.32807204389498
33240.0,-131318893.40874691,68897160.59136915,29856451.0642838,11.327835774308184
33300.0,-131319890.56609264,68895864.79319979,29855837.05447618,11.327599502898943
33360.0,-131320888.23363894,68894568.37513134,29855223.04127248,11.327363229667904
33420.0,-131321886.40871146,68893271.33485584,29854609.024670053,11.327126954615759
33480.0,-131322885.08862777,68891973.67007348,29853995.0046663,11.326890677743139
33540.0,-131323884.27069359,68890675.37849937,29853380.98125857,11.326654399050707
33600.0,-131324883.9521967,68889376.45787577,29852766.954444163,11.326418118539124
33660.0,-131325884.13042468,68888076.90593834,29852152.924220454,11.32618183620903
33720.0,-131326884.80265197,68886776.72044109,29851538.89058473,11.325945552061055
33780.0,-131327885.9661464,68885475.89914364,29850924.853534278,11.325709266095865
33840.0,-131328887.61815487,68884174.43983877,29850310.813066386,11.325472978314096
33900.0,-131329889.75592913,68882872.340304,29849696.76917835,11.325236688716355
33960.0,-131330892.37670277,68881569.59834464,29849082.72186737,11.32500039730331
34020.0,-131331895.47770528,68880266.21176814,29848468.671130728,11.324764104075552
34080.0,-131332899.05614668,68878962.17841275,29847854.616965655,11.32452780903372
34140.0,-131333903.109237,68877657.49611095,29847240.559369348,11.324291512178439
34200.0,-131334907.63417368,68876352.16271302,29846626.49833901,11.324055213510304
34260.0,-131335912.62814648,68875046.17607893,29846012.4338718,11.323818913029953
34320.0,-131336918.08833133,68873739.5340894,29845398.36596492,11.323582610737958
34380.0,-131337924.01190034,68872432.23462678,29844784.29461554,11.323346306634956
34440.0,-131338930.39601092,68871124.27559638,29844170.21982079,11.323110000721519
34500.0,-131339937.23781748,68869815.65490448,29843556.14157781,11.322873692998256
34560.0,-131340944.53445855,68868506.37048252,29842942.059883695,11.322637383465754
34620.0,-131341952.28306891,68867196.42026432,29842327.974735565,11.322401072124597
34680.0,-131342960.48077257,68865885.80219996,29841713.886130515,11.322164758975346
34740.0,-131343969.12468593,68864574.51424928,29841099.79406564,11.321928444018612
34800.0,-131344978.21191363,68863262.55438994,29840485.69853797,11.321692127254954
34860.0,-131345987.73955142,68861949.92061311,29839871.59954459,11.32145580868493
34920.0,-131346997.70468952,68860636.61091612,29839257.497082535,11.321219488309103
34980.0,-131348008.10440896,68859322.62330972,29838643.39114882,11.320983166128045
35040.0,-131349018.93577808,68858007.95582566,29838029.28174045,11.320746842142288
35100.0,-131350030.1958607,68856692.60649991,29837415.168854456,11.320510516352407
35160.0,-131351041.88171248,68855376.57338156,29836801.052487824,11.32027418875892
35220.0,-131352053.99037571,68854059.85454117,29836186.932637528,11.320037859362392
35280.0,-131353066.51889062,68852742.44805036,29835572.809300497,11.319801528163328
35340.0,-131354079.46428242,68851424.35200621,29834958.68247372,11.319565195162289
35400.0,-131355092.82357319,68850105.56450911,29834344.55215412,11.319328860359784
35460.0,-131356106.5937749,68848786.08367597,29833730.41833863,11.319092523756321
35520.0,-131357120.77189296,68847465.90763341,29833116.281024177,11.318856185352436
35580.0,-131358135.35492146,68846145.03452745,29832502.14020764,11.31861984514861
35640.0,-131359150.33984643,68844823.46251734,29831887.9958859,11.318383503145368
35700.0,-131360165.72364898,68843501.18976915,29831273.848055873,11.318147159343216
35760.0,-131361181.5033021,68842178.21446282,29830659.6967144,11.317910813742614
35820.0,-131362197.67576618,68840854.53479996,29830045.541858327,11.317674466344094
35880.0,-131363214.23799886,68839530.14898644,29829431.383484505,11.317438117148104
35940.0,-131364231.1869493,68838205.05524233,29828817.221589774,11.317201766155137
36000.0,-131365248.51955633,68836879.25180605,29828203.05617093,11.316965413365654
36060.0,-131366266.23275074,68835552.73692983,29827588.887224786,11.316729058780137
36120.0,-131367284.3234589,68834225.50887375,29826974.714748126,11.31649270239902
36180.0,-131368302.78859808,68832897.56591374,29826360.538737755,11.316256344222795
36240.0,-131369321.62507984,68831568.90633622,29825746.359190427,11.316019984251886
36300.0,-131370340.82980311,68830239.5284507,29825132.176102914,11.315783622486737
36360.0,-131371360.39966592,68828909.43056807,29824517.98947197,11.315547258927808
36420.0,-131372380.33155297,68827578.61102434,29823903.79929429,11.315310893575502
36480.0,-131373400.62234749,68826247.0681577,29823289.605566617,11.315074526430255
36540.0,-131374421.26891933,68824914.80033161,29822675.408285677,11.314838157492497
36600.0,-131375442.26813614,68823581.80591483,29822061.207448177,11.314601786762637
36660.0,-131376463.61685677,68822248.08329198,29821447.003050793,11.314365414241093
36720.0,-131377485.31193586,68820913.63085653,29820832.7950902,11.314129039928263
36780.0,-131378507.35021222,68819578.4470326,29820218.583563063,11.313892663824525
36840.0,-131379529.72852671,68818242.53024086,29819604.36846608,11.3136562859303
36900.0,-131380552.44371046,68816905.87892163,29818990.14979586,11.313419906245958
36960.0,-131381575.49258907,68815568.49152644,29818375.927549053,11.313183524771866
37020.0,-131382598.87197705,68814230.3665287,29817761.701722257,11.312947141508433
37080.0,-131383622.57868661,68812891.50240818,29817147.47231212,11.312710756455987
37140.0,-131384646.6095237,68811551.89765762,29816533.239315223,11.312474369614913
37200.0,-131385670.96128435,68810211.55079003,29815919.002728175,11.31223798098554
37260.0,-131386695.63075824,68808870.46033211,29815304.76254755,11.31200159056825
37320.0,-131387720.6147314,68807528.62481962,29814690.518769927,11.311765198363362
37380.0,-131388745.90998092,68806186.0428073,29814076.271391857,11.311528804371218
37440.0,-131389771.51328494,68804842.71284951,29813462.020409897,11.311292408592148
37500.0,-131390797.42140302,68803498.63353892,29812847.7658206,11.31105601102646
37560.0,-131391823.6310948,68802153.8034698,29812233.507620458,11.310819611674496
37620.0,-131392850.13911395,68800808.22125107,29811619.245806035,11.310583210536548
37680.0,-131393876.94221385,68799461.88549386,29811004.980373822,11.31034680761291
37740.0,-131394904.03712828,68798114.79485045,29810390.711320326,11.310110402903913
37800.0,-131395931.42059578,68796766.94796635,29809776.43864201,11.30987399640981
37860.0,-131396959.08934611,68795418.34350713,29809162.16233539,11.309637588130906
37920.0,-131397987.04010324,68794068.98015325,29808547.882396948,11.30940117806747
37980.0,-131399015.26958819,68792718.85659309,29807933.598823093,11.309164766219768
38040.0,-131400043.77450545,68791367.97155036,29807319.31161032,11.308928352588092
38100.0,-131401072.55156827,68790016.32373661,29806705.02075504,11.30869193717266
38160.0,-131402101.59747627,68788663.91189235,29806090.726253703,11.308455519973739
38220.0,-131403130.90892977,68787310.73476087,29805476.428102747,11.30821910099157
38280.0,-131404160.48260823,68785956.79112948,29804862.126298565,11.307982680226393
38340.0,-131405190.31520434,68784602.07976468,29804247.820837554,11.30774625767844
38400.0,-131406220.40339623,68783246.59946457,29803633.51171614,11.30750983334794
38460.0,-131407250.74385986,68781890.34903689,29803019.198930684,11.307273407235082
38520.0,-131408281.33326113,68780533.32731208,29802404.88247755,11.307036979340106
38580.0,-131409312.16826595,68779175.53312643,29801790.56235314,11.306800549663194
38640.0,-131410343.24553469,68777816.9653312,29801176.238553785,11.306564118204548
38700.0,-131411374.56172003,68776457.62279752,29800561.911075883,11.306327684964346
38760.0,-131412406.11346951,68775097.50441168,29799947.579915695,11.306091249942806
38820.0,-131413437.89742902,68773736.6090683,29799333.24506962,11.305854813140051
38880.0,-131414469.91023798,68772374.93568069,29798718.906533934,11.305618374556289
38940.0,-131415502.14853269,68771012.48317243,29798104.564305022,11.30538193419167
39000.0,-131416534.60894054,68769649.25049146,29797490.21837913,11.305145492046336
39060.0,-131417567.28808942,68768285.23658936,29796875.868752547,11.304909048120436
39120.0,-131418600.18259783,68766920.44044293,29796261.51542161,11.304672602414115
39180.0,-131419633.2890851,68765554.86103275,29795647.158382572,11.304436154927508
39240.0,-131420666.60416016,68764188.49736615,29795032.79763172,11.304199705660734
39300.0,-131421700.12443237,68762821.348456,29794418.433165304,11.303963254613915
39360.0,-131422733.84650527,68761453.41333319,29793804.064979587,11.303726801787159
39420.0,-131423767.76698141,68760084.69103731,29793189.693070807,11.303490347180563
39480.0,-131424801.88244924,68758715.18064101,29792575.317435257,11.303253890794243
39540.0,-131425836.18950328,68757344.881214,29791960.9380691,11.303017432628264
39600.0,-131426870.6847306,68755973.7918463,29791346.55496861,11.302780972682726
39660.0,-131427905.36471558,68754601.91164067,29790732.168129966,11.302544510957691
39720.0,-131428940.22603437,68753229.23972349,29790117.77754941,11.30230804745324
39780.0,-131429975.26526418,68751855.77522661,29789503.383223128,11.302071582169422
39840.0,-131431010.47897783,68750481.51729797,29788888.98514732,11.301835115106284
39900.0,-131432045.86374198,68749106.46510553,29788274.583318185,11.301598646263882
39960.0,-131433081.41611923,68747730.6178326,29787660.17773187,11.301362175642264
40020.0,-131434117.13267207,68746353.97467159,29787045.768384587,11.301125703241459
40080.0,-131435153.00995746,68744976.53483334,29786431.35527248,11.300889229061475
40140.0,-131436189.044531,68743598.2975401,29785816.938391693,11.300652753102327
40200.0,-131437225.2329416,68742219.26203573,29785202.517738413,11.300416275364041
40260.0,-131438261.57173502,68740839.4275782,29784588.093308777,11.300179795846603
40320.0,-131439298.05745684,68739458.79343598,29783973.665098887,11.299943314550013
40380.0,-131440334.68664905,68738077.35889216,29783359.23310492,11.299706831474273
40440.0,-131441371.4558467,68736695.12325315,29782744.797322955,11.299470346619342
40500.0,-131442408.36158592,68735312.08583273,29782130.35774915,11.299233859985197
40560.0,-131443445.40039986,68733928.24595915,29781515.91437961,11.298997371571811
40620.0,-131444482.56881447,68732543.60298519,29780901.4672104,11.298760881379147
40680.0,-131445519.86335866,68731158.15626658,29780287.016237676,11.298524389407142
40740.0,-131446557.28055274,68729771.9051861,29779672.56145746,11.29828789565573
40800.0,-131447594.81691875,68728384.84913336,29779058.102865905,11.298051400124873
40860.0,-131448632.46897458,68726996.98751585,29778443.64045905,11.297814902814471
40920.0,-131449670.2332388,68725608.31974995,29777829.17423298,11.297578403724472
40980.0,-131450708.10621798,68724218.84528604,29777214.704183746,11.297341902854761
41040.0,-131451746.0844259,68722828.56357075,29776600.23030744,11.297105400205277
41100.0,-131452784.16437046,68721437.4740729,29775985.75260008,11.29686889577589
41160.0,-131453822.34255905,68720045.57627356,29775371.271057747,11.296632389566499
41220.0,-131454860.61549214,68718652.86967744,29774756.78567647,11.296395881577004
41280.0,-131455898.97967269,68717259.35379602,29774142.296452273,11.29615937180725
41340.0,-131456937.43160175,68715865.02815582,29773527.803381216,11.295922860257134
41400.0,-131457975.96777475,68714469.89230527,29772913.3064593,11.295686346926507
41460.0,-131459014.58468564,68713073.94580741,29772298.805682532,11.295449831815228
41520.0,-131460053.2788296,68711677.18823478,29771684.30104698,11.29521331492313
41580.0,-131461092.04669775,68710279.61917923,29771069.79254862,11.294976796250074
41640.0,-131462130.88478197,68708881.2382434,29770455.28018345,11.294740275795883
41700.0,-131463169.78956863,68707482.04505236,29769840.763947483,11.294503753560365
41760.0,-131464208.75754292,68706082.03924607,29769226.243836716,11.294267229543365
41820.0,-131465247.78518967,68704681.22047712,29768611.719847128,11.294030703744673
41880.0,-131466286.86899859,68703279.58840166,29767997.19197471,11.293794176164104
41940.0,-131467326.00544411,68701877.1427176,29767382.66021544,11.293557646801446
42000.0,-131468365.19101016,68700473.88311769,29766768.124565296,11.293321115656493
42060.0,-131469404.42217441,68699069.80931908,29766153.585020237,11.29308458272902
42120.0,-131470443.69542308,68697664.92103627,29765539.041576248,11.292848048018804
42180.0,-131471483.00722215,68696259.21803509,29764924.494229257,11.292611511525623
42240.0,-131472522.35405232,68694852.70006739,29764309.94297527,11.292374973249206
42300.0,-131473561.73238732,68693445.36691076,29763695.387810197,11.292138433189338
42360.0,-131474601.13870688,68692037.2183459,29763080.82873001,11.291901891345738
42420.0,-131475640.56947693,68690628.25419304,29762466.265730623,11.291665347718164
42480.0,-131476680.02117084,68689218.4742721,29761851.698808014,11.291428802306324
42540.0,-131477719.49026516,68687807.87841134,29761237.127958097,11.291192255109953
42600.0,-131478758.97322911,68686396.4664668,29760622.553176817,11.290955706128768
42660.0,-131479798.46652856,68684984.23831528,29760007.974460084,11.29071915536248
42720.0,-131480837.9666346,68683571.19383818,29759393.39180381,11.29048260281079
42780.0,-131481877.4700198,68682157.33292836,29758778.805203952,11.290246048473387
42840.0,-131482916.97315441,68680742.65549806,29758164.21465642,11.290009492349949
42900.0,-131483956.47250248,68679327.16148582,29757549.620157097,11.28977293444017
42960.0,-131484995.96453048,68677910.8508408,29756935.021701932,11.289536374743722
43020.0,-131486035.44571127,68676493.72351477,29756320.419286795,11.289299813260275
43080.0,-131487074.91251455,68675075.77948114,29755705.812907614,11.289063249989468
43140.0,-131488114.36139998,68673657.01874727,29755091.202560082,11.288826684930898
43200.0,-131489153.7892204,68672237.44058399,29754476.588239234,11.288590118083635
43260.0,-131490193.19168681,68670817.04646324,29753861.969942044,11.288353549448185
43320.0,-131491232.56564258,68669395.8357045,29753247.347664353,11.28811697902397
43380.0,-131492271.90755893,68667973.80835617,29752632.72140212,11.287880406810576
43440.0,-131493311.21390143,68666550.96449298,29752018.09115114,11.28764383280765
43500.0,-131494350.48114026,68665127.30419697,29751403.45690736,11.287407257014783
43560.0,-131495389.70574486,68663702.8275682,29750788.818666622,11.287170679431583
43620.0,-131496428.88418786,68662277.53471656,29750174.17642483,11.286934100057653
43680.0,-131497468.01293354,68660851.42578465,29749559.530177858,11.28669751889259
43740.0,-131498507.0884558,68659424.50091322,29748944.87992153,11.286460935935944
43800.0,-131499546.10722612,68657996.76026416,29748330.22565177,11.28622435118731
43860.0,-131500585.06571835,68656568.20401224,29747715.56736443,11.285987764646267
43920.0,-131501623.96040271,68655138.83235548,29747100.905055363,11.28575117631236
43980.0,-131502662.78775442,68653708.64549989,29746486.23872042,11.285514586185153
44040.0,-131503701.5442501,68652277.64366587,29745871.56835551,11.28527799426419
44100.0,-131504740.22636412,68650845.82709555,29745256.89395641,11.285041400549026
44160.0,-131505778.83057196,68649413.1960464,29744642.215519056,11.284804805039176
44220.0,-131506817.35335329,68647979.75078546,29744027.533039276,11.284568207734184
44280.0,-131507855.7911875,68646545.49159789,29743412.846512917,11.284331608633563
44340.0,-131508894.14055692,68645110.4187817,29742798.155935816,11.28409500773682
44400.0,-131509932.39794184,68643674.53265591,29742183.461303845,11.283858405043498
44460.0,-131510970.5598242,68642237.8335549,29741568.762612827,11.283621800553059
44520.0,-131512008.62269038,68640800.321823,29740954.059858665,11.283385194265021
44580.0,-131513046.58302854,68639361.99781917,29740339.35303714,11.283148586178877
44640.0,-131514084.43732361,68637922.86192715,29739724.642144132,11.28291197629409
44700.0,-131515122.1820668,68636482.91453694,29739109.92717546,11.282675364610153
44760.0,-131516159.81375113,68635042.15605427,29738495.20812699,11.282438751126543
44820.0,-131517197.32886863,68633600.58690551,29737880.48499455,11.282202135842702
44880.0,-131518234.72391278,68632158.20753278,29737265.757773966,11.281965518758106
44940.0,-131519271.99538243,68630715.01838754,29736651.02646108,11.281728899872197
45000.0,-131520309.13977672,68629271.01993977,29736036.291051768,11.281492279184441
45060.0,-131521346.1535986,68627826.21267104,29735421.551541846,11.281255656694238
45120.0,-131522383.03334811,68626380.59708822,29734806.807927135,11.281019032401055
45180.0,-131523419.77553427,68624934.17370075,29734192.060203485,11.280782406304308
45240.0,-131524456.376662,68623486.94304541,29733577.30836673,11.28054577840341
45300.0,-131525492.83324449,68622038.90566269,29732962.552412696,11.280309148697787
45360.0,-131526529.14179154,68620590.0621199,29732347.792337235,11.280072517186857
45420.0,-131527565.29881996,68619140.41299081,29731733.028136183,11.279835883869996
45480.0,-131528601.30084735,68617689.95886748,29731118.25980536,11.27959924874663
45540.0,-131529637.1443958,68616238.70035407,29730503.487340603,11.279362611816124
45600.0,-131530672.82598676,68614786.63807599,29729888.710737735,11.27912597307788
45660.0,-131531708.34214477,68613333.77267383,29729273.929992635,11.278889332531273
45720.0,-131532743.68939976,68611880.10479756,29728659.1451011,11.278652690175683
45780.0,-131533778.86428505,68610425.63511203,29728044.35605898,11.27841604601047
45840.0,-131534813.86333197,68608970.36430672,29727429.562862113,11.278179400035002
45900.0,-131535848.68307957,68607514.29307668,29726814.765506312,11.277942752248626
45960.0,-131536883.32007025,68606057.42213248,29726199.963987444,11.277706102650722
46020.0,-131537917.77084452,68604599.75220887,29725585.158301335,11.2774694512406
46080.0,-131538952.03195256,68603141.28404346,29724970.348443814,11.277232798017614
46140.0,-131539986.09994152,68601682.0184012,29724355.534410734,11.276996142981114
46200.0,-131541019.97136676,68600221.95605263,29723740.71619792,11.276759486130398
46260.0,-131542053.64278513,68598761.09778741,29723125.893801212,11.276522827464834
46320.0,-131543087.11075886,68597299.4444062,29722511.067216493,11.276286166983695
46380.0,-131544120.37185043,68595836.9967312,29721896.236439537,11.276049504686332
46440.0,-131545153.4226263,68594373.75559936,29721281.40146624,11.27581284057202
46500.0,-131546186.25965749,68592909.7218602,29720666.56229245,11.275576174640095
46560.0,-131547218.87952563,68591444.89636539,29720051.71891397,11.275339506889837
46620.0,-131548251.27880171,68589979.28000961,29719436.87132668,11.275102837320542
46680.0,-131549283.45407192,68588512.87368035,29718822.01952645,11.274866165931499
46740.0,-131550315.40192303,68587045.67828697,29718207.163509086,11.274629492721997
46800.0,-131551347.11894883,68585577.69474752,29717592.30327046,11.274392817691295
46860.0,-131552378.60173804,68584108.92401262,29716977.438806433,11.274156140838695
46920.0,-131553409.84689151,68582639.36703274,29716362.570112847,11.273919462163436
46980.0,-131554440.8510151,68581169.0247712,29715747.697185583,11.273682781664801
47040.0,-131555471.61071819,68579697.89820811,29715132.820020467,11.273446099342042
47100.0,-131556502.12260626,68578225.98835379,29714517.93861339,11.27320941519442
47160.0,-131557532.38329874,68576753.29621513,29713903.05296021,11.272972729221186
47220.0,-131558562.38941637,68575279.82282053,29713288.163056787,11.272736041421563
47280.0,-131559592.1375874,68573805.56920652,29712673.268898994,11.272499351794812
47340.0,-131560621.62443551,68572330.53644231,29712058.370482706,11.272262660340171
47400.0,-131561650.8465968,68570854.72559735,29711443.467803795,11.272025967056864
47460.0,-131562679.80071501,68569378.13774948,29710828.560858138,11.271789271944115
47520.0,-131563708.4834327,68567900.77400334,29710213.649641607,11.271552575001149
47580.0,-131564736.89139247,68566422.63548705,29709598.734150082,11.271315876227199
47640.0,-131565765.02125426,68564943.72331984,29708983.81437946,11.271079175621454
47700.0,-131566792.86967559,68563464.03864977,29708368.890325632,11.270842473183137
47760.0,-131567820.43332286,68561983.58263178,29707753.96198447,11.270605768911459
47820.0,-131568847.70885763,68560502.35645488,29707139.029351886,11.270369062805619
47880.0,-131569874.69296159,68559020.36129382,29706524.092423752,11.270132354864815
47940.0,-131570901.38230942,68557537.59836122,29705909.151196003,11.269895645088246
48000.0,-131571927.77358882,68556054.06886993,29705294.20566452,11.269658933475084
48060.0,-131572953.86348674,68554569.77405825,29704679.255825207,11.269422220024541
48120.0,-131573979.6487,68553084.71517083,29704064.301673975,11.269185504735779
48180.0,-131575005.12592964,68551598.89346947,29703449.34320673,11.26894878760798
48240.0,-131576030.2918837,68550112.31022742,29702834.380419407,11.268712068640333
48300.0,-131577055.14327264,68548624.96673809,29702219.41330793,11.268475347831998
48360.0,-131578079.67681263,68547136.8643098,29701604.441868193,11.268238625182146
48420.0,-131579103.8892288,68545648.0042586,29700989.466096174,11.26800190068994
48480.0,-131580127.77725184,68544158.3879154,29700374.48598775,11.267765174354537
48540.0,-131581151.33761406,68542668.01663402,29699759.50153889,11.2675284461751
48600.0,-131582174.56705785,68541176.89177388,29699144.512745515,11.26729171615079
48660.0,-131583197.46233216,68539685.01470809,29698529.519603588,11.267054984280753
48720.0,-131584220.02018663,68538192.38683388,29697914.522109058,11.266818250564123
48780.0,-131585242.23738404,68536699.00954972,29697299.52025785,11.26658151500006
48840.0,-131586264.11068647,68535204.8842809,29696684.514045946,11.266344777587715
48900.0,-131587285.63686718,68533710.01245762,29696069.50346932,11.266108038326209
48960.0,-131588306.8127043,68532214.39552717,29695454.48852391,11.265871297214675
49020.0,-131589327.63498358,68530718.03494795,29694839.46920569,11.265634554252262
49080.0,-131590348.1004943,68529220.9321985,29694224.44551065,11.265397809438092
49140.0,-131591368.20603213,68527723.08877121,29693609.417434763,11.265161062771286
49200.0,-131592387.94840264,68526224.50616641,29692994.384974007,11.264924314250981
49260.0,-131593407.32441752,68524725.18589915,29692379.348124377,11.264687563876285
49320.0,-131594426.33089094,68523225.12950617,29691764.306881886,11.264450811646322
49380.0,-131595444.96464828,68521724.33853024,29691149.2612425,11.26421405756021
49440.0,-131596463.22252166,68520222.81452723,29690534.211202264,11.263977301617077
49500.0,-131597481.10134706,68518720.55907355,29689919.15675716,11.263740543816002
49560.0,-131598498.59796718,68517217.57375877,29689304.097903192,11.263503784156134
49620.0,-131599515.7092351,68515713.86018063,29688689.034636408,11.263267022636546
49680.0,-131600532.43200919,68514209.41995355,29688073.966952827,11.26303025925636
49740.0,-131601548.76315637,68512704.25470302,29687458.894848496,11.26279349401467
49800.0,-131602564.69954634,68511198.36607629,29686843.818319406,11.262556726910585
49860.0,-131603580.23806193,68509691.75572357,29686228.73736165,11.262319957943195
49920.0,-131604595.37558728,68508184.42531943,29685613.65197127,11.262083187111603
49980.0,-131605610.10902005,68506676.37654097,29684998.562144306,11.261846414414897
50040.0,-131606624.4352587,68505167.61109054,29684383.467876818,11.261609639852185
50100.0,-131607638.35121445,68503658.13067484,29683768.36916488,11.261372863422537
50160.0,-131608651.8538039,68502147.9370174,29683153.26600457,11.261136085125052
50220.0,-131609664.9399547,68500637.03184912,29682538.158391945,11.260899304958814
50280.0,-131610677.60659271,68499125.41693206,29681923.04632314,11.260662522922917
50340.0,-131611689.85066062,68497613.094024,29681307.92979419,11.260425739016435
50400.0,-131612701.66910595,68496100.06490242,29680692.808801226,11.260188953238451
50460.0,-131613713.05888554,68494586.33135429,29680077.683340356,11.259952165588048
50520.0,-131614724.0169595,68493071.89518951,29679462.553407677,11.259715376064312
50580.0,-131615734.5403019,68491556.758219,29678847.418999292,11.259478584666326
50640.0,-131616744.62588866,68490040.9222791,29678232.280111358,11.259241791393148
50700.0,-131617754.27071011,68488524.38920732,29677617.136740007,11.259004996243863
50760.0,-131618763.47175819,68487007.16086596,29677001.988881335,11.258768199217542
50820.0,-131619772.22603792,68485489.23912194,29676386.836531542,11.25853140031328
50880.0,-131620780.53056073,68483970.62585814,29675771.67968673,11.258294599530126
50940.0,-131621788.38234961,68482451.32296431,29675156.518343102,11.258057796867163
51000.0,-131622795.77842644,68480931.33236146,29674541.352496814,11.257820992323447
51060.0,-131623802.71583092,68479410.65596536,29673926.182144016,11.257584185898079
51120.0,-131624809.19160803,68477889.29571082,29673311.00728089,11.2573473775901
51180.0,-131625815.2028126,68476367.25354289,29672695.82790368,11.257110567398598
51240.0,-131626820.7465037,68474844.53142793,29672080.64400851,11.25687375532263
51300.0,-131627825.81975345,68473321.13133645,29671465.455591634,11.256636941361268
51360.0,-131628830.41964132,68471797.05525449,29670850.26264923,11.256400125513569
51420.0,-131629834.54325494,68470272.30518141,29670235.065177538,11.256163307778618
51480.0,-131630838.18769446,68468746.88312283,29669619.86317278,11.255926488155474
51540.0,-131631841.3500591,68467220.79111516,29669004.65663117,11.255689666643207
51600.0,-131632844.02746515,68465694.03119236,29668389.44554898,11.255452843240876
51660.0,-131633846.21703894,68464166.60539828,29667774.229922447,11.255216017947541
51720.0,-131634847.91591609,68462638.51578914,29667159.009747837,11.254979190762283
51780.0,-131635849.12122874,68461109.76445758,29666543.785021402,11.254742361684164
51840.0,-131636849.83013077,68459580.35348468,29665928.555739425,11.254505530712253
51900.0,-131637850.03978492,68458050.28496444,29665313.321898196,11.25426869784561
51960.0,-131638849.74736151,68456519.56100607,29664698.083493993,11.254031863083306
52020.0,-131639848.95003141,68454988.18374859,29664082.840523124,11.253795026424397
52080.0,-131640847.64498815,68453456.15531707,29663467.5929819,11.25355818786797
52140.0,-131641845.82942863,68451923.4778608,29662852.340866618,11.253321347413083
52200.0,-131642843.50055939,68450390.1535408,29662237.084173627,11.253084505058782
52260.0,-131643840.65559013,68448856.1845424,29661621.822899234,11.252847660804175
52320.0,-131644837.29175225,68447321.57303974,29661006.55703982,11.252610814648296
52380.0,-131645833.40627924,68445786.32123335,29660391.286591686,11.252373966590243
52440.0,-131646828.99641742,68444250.43133037,29659776.011551265,11.252137116629072
52500.0,-131647824.05941796,68442713.90555821,29659160.73191485,11.251900264763856
52560.0,-131648818.592548,68441176.74614538,29658545.447678857,11.251663410993652
52620.0,-131649812.59307836,68439638.95534332,29657930.15883968,11.25142655531756
52680.0,-131650806.05829579,68438100.53540404,29657314.865393702,11.251189697734635
52740.0,-131651798.985491,68436561.48860297,29656699.567337316,11.250952838243963
52800.0,-131652791.37196909,68435021.81721854,29656084.264666986,11.250715976844614
52860.0,-131653783.21504368,68433481.52354407,29655468.957379088,11.250479113535661
52920.0,-131654774.51204143,68431940.6098787,29654853.645470075,11.250242248316198
52980.0,-131655765.2602901,68430399.07855068,29654238.32893638,11.250005381185288
53040.0,-131656755.45713665,68428856.93188241,29653623.00777446,11.249768512142023
53100.0,-131657745.09993532,68427314.17221391,29653007.681980807,11.249531641185476
53160.0,-131658734.1860519,68425770.80189359,29652392.35155185,11.249294768314732
53220.0,-131659722.71285824,68424226.8232902,29651777.016484097,11.249057893528887
53280.0,-131660710.67774245,68422682.23877233,29651161.67677403,11.248821016827025
53340.0,-131661698.07809702,68421137.0507316,29650546.33241816,11.248584138208216
53400.0,-131662684.91133116,68419591.26155946,29649930.983413,11.248347257671572
53460.0,-131663671.17485791,68418044.87367034,29649315.629755065,11.248110375216188
53520.0,-131664656.86610612,68416497.88948089,29648700.271440912,11.24787349084115
53580.0,-131665641.98251367,68414950.31142214,29648084.908467025,11.24763660454555
53640.0,-131666626.52153166,68413402.14193064,29647469.54083003,11.247399716328477
53700.0,-131667610.48061319,68411853.38347141,29646854.168526452,11.24716282618905
53760.0,-131668593.85723118,68410304.03850284,29646238.79155286,11.246925934126368
53820.0,-131669576.64886606,68408754.10950075,29645623.409905847,11.246689040139554
53880.0,-131670558.85301103,68407203.5989485,29645008.023582,11.246452144227662
53940.0,-131671540.46716528,68405652.50934944,29644392.632577963,11.246215246389845
54000.0,-131672521.48884392,68404100.84320891,29643777.23689031,11.245978346625208
54060.0,-131673501.91557272,68402548.60304329,29643161.836515702,11.245741444932849
54120.0,-131674481.74488388,68400995.7913884,29642546.431450732,11.245504541311904
54180.0,-131675460.97432718,68399442.41077916,29641931.021692086,11.24526763576147
54240.0,-131676439.601457,68397888.4637729,29641315.60723641,11.24503072828068
54300.0,-131677417.62384374,68396333.95292892,29640700.188080393,11.24479381886867
54360.0,-131678395.03906755,68394778.88081959,29640084.76422068,11.244556907524549
54420.0,-131679371.84472278,68393223.25002298,29639469.335654,11.244319994247466
54480.0,-131680348.03840588,68391667.06314412,29638853.90237706,11.24408307903653
54540.0,-131681323.61773412,68390110.3227817,29638238.464386534,11.243846161890886
54600.0,-131682298.58033274,68388553.03155036,29637623.021679178,11.243609242809685
54660.0,-131683272.9238404,68386995.19207218,29637007.57425174,11.243372321792048
54720.0,-131684246.6459024,68385436.80698833,29636392.122100953,11.243135398837135
54780.0,-131685219.74418041,68383877.87894161,29635776.665223595,11.242898473944093
54840.0,-131686192.21634728,68382318.41058515,29635161.20361641,11.242661547112045
54900.0,-131687164.06008472,68380758.40458764,29634545.73727621,11.242424618340202
54960.0,-131688135.27308647,68379197.8636279,29633930.26619979,11.242187687627675
55020.0,-131689105.85306035,68377636.79038982,29633314.790383946,11.241950754973635
55080.0,-131690075.79772495,68376075.1875691,29632699.309825506,11.241713820377255
55140.0,-131691045.1048121,68374513.05786897,29632083.824521314,11.241476883837697
55200.0,-131692013.77206226,68372950.4040085,29631468.334468167,11.241239945354119
55260.0,-131692981.79722793,68371387.22871669,29630852.83966296,11.241003004925735
55320.0,-131693949.17807671,68369823.53472593,29630237.340102576,11.24076606255169
55380.0,-131694915.91238815,68368259.32477906,29629621.835783865,11.240529118231171
55440.0,-131695881.99794903,68366694.6016369,29629006.326703735,11.240292171963379
55500.0,-131696847.43256307,68365129.3680613,29628390.81285909,11.240055223747495
55560.0,-131697812.21404594,68363563.6268238,29627775.29424684,11.239818273582706
55620.0,-131698776.34022248,68361997.38071118,29627159.77086392,11.239581321468226
55680.0,-131699739.80892977,68360430.63251969,29626544.242707275,11.239344367403252
55740.0,-131700702.61802015,68358863.38504942,29625928.709773853,11.239107411386982
55800.0,-131701664.765355,68357295.64111525,29625313.172060624,11.238870453418626
55860.0,-131702626.248816,68355727.40352716,29624697.629564565,11.23863349349741
55920.0,-131703587.06628339,68354158.6751303,29624082.08228267,11.23839653162256
55980.0,-131704547.21566188,68352589.45875612,29623466.53021195,11.238159567793256
56040.0,-131705506.69485943,68351019.75726241,29622850.973349433,11.237922602008776
56100.0,-131706465.50180896,68349449.57349284,29622235.411692142,11.237685634268333
56160.0,-131707423.63444032,68347878.91032949,29621619.84523711,11.237448664571161
56220.0,-131708381.09070696,68346307.77064258,29621004.2739814,11.237211692916498
56280.0,-131709337.86857015,68344736.1573202,29620388.697922084,11.236974719303593
56340.0,-131710293.96601132,68343164.07324503,29619773.117056247,11.236737743731707
56400.0,-131711249.38101266,68341591.52133156,29619157.531380985,11.236500766200066
56460.0,-131712204.11157359,68340018.50449452,29618541.940893423,11.236263786707969
56520.0,-131713158.1557121,68338445.02564552,29617926.345590647,11.23602680525464
56580.0,-131714111.51145639,68336871.08771056,29617310.745469805,11.23578982183938
56640.0,-131715064.17683953,68335296.69363928,29616695.14052808,11.235552836461437
56700.0,-131716016.14991513,68333721.84637511,29616079.530762617,11.235315849120113
56760.0,-131716967.428753,68332146.5488637,29615463.916170586,11.235078859814681
56820.0,-131717918.01142645,68330570.804077,29614848.29674918,11.23484186854443
56880.0,-131718867.89603108,68328994.61497796,29614232.672495596,11.234604875308648
56940.0,-131719817.08066322,68327417.98456113,29613617.043407064,11.234367880106646
57000.0,-131720765.56344616,68325840.91580276,29613001.40948082,11.234130882937713
57060.0,-131721713.34250845,68324263.41170219,29612385.77071408,11.233893883801175
57120.0,-131722660.41599646,68322685.4752582,29611770.127104133,11.23365688269633
57180.0,-131723606.78206065,68321107.1094948,29611154.47864826,11.233419879622506
57240.0,-131724552.43887356,68319528.31742717,29610538.825343724,11.233182874579029
57300.0,-131725497.38461816,68317949.1020836,29609923.167187825,11.232945867565249
57360.0,-131726441.61749218,68316369.46649784,29609307.504177894,11.232708858580466
57420.0,-131727385.13570209,68314789.41371983,29608691.836311236,11.232471847624032
57480.0,-131728327.93747213,68313208.9467992,29608076.163585242,11.23223483469531
57540.0,-131729270.02103996,68311628.06879285,29607460.485997222,11.23199781979364
57600.0,-131730211.3846537,68310046.78277123,29606844.803544573,11.231760802918384
57660.0,-131731152.02657488,68308465.09181264,29606229.116224673,11.231523784068894
57720.0,-131732091.94508149,68306882.99899687,29605613.424034905,11.231286763244562
57780.0,-131733031.13846359,68305300.50741428,29604997.726972733,11.231049740444746
57840.0,-131733969.60502635,68303717.6201594,29604382.025035538,11.23081271566884
57900.0,-131734907.34308513,68302134.34034085,29603766.318220798,11.23057568891622
57960.0,-131735844.35096917,68300550.67107375,29603150.606525943,11.230338660186273
58020.0,-131736780.62702449,68298966.61547492,29602534.88994844,11.230101629478417
58080.0,-131737716.16961049,68297382.17666867,29601919.16848584,11.229864596792039
58140.0,-131738650.97709604,68295797.35779469,29601303.442135565,11.229627562126566
58200.0,-131739585.04786803,68294212.1619912,29600687.710895207,11.229390525481405
58260.0,-131740518.38032708,68292626.59240392,29600071.97476222,11.229153486855976
58320.0,-131741450.97288485,68291040.65219049,29599456.233734224,11.228916446249698
58380.0,-131742382.82396643,68289454.3445165,29598840.487808745,11.228679403662039
58440.0,-131743313.93201417,68287867.6725476,29598224.736983348,11.228442359092421
58500.0,-131744244.29548259,68286280.63945971,29597608.981255654,11.228205312540288
58560.0,-131745173.9128418,68284693.24843226,29596993.220623266,11.22796826400509
58620.0,-131746102.782571,68283105.50266053,29596377.45508378,11.227731213486297
58680.0,-131747030.90316965,68281517.40533437,29595761.68463487,11.22749416098337
58740.0,-131747958.27314523,68279928.95966162,29595145.909274176,11.227257106495792
58800.0,-131748884.8910249,68278340.16884574,29594530.12899936,11.227020050023025
58860.0,-131749810.75534436,68276751.03610747,29593914.34380809,11.226782991564562
58920.0,-131750735.86465748,68275161.56466563,29593298.5536981,11.226545931119905
58980.0,-131751660.21753107,68273571.75774786,29592682.758667074,11.226308868688548
59040.0,-131752583.81254736,68271981.61858563,29592066.95871275,11.22607180426998
59100.0,-131753506.64829975,68270391.150422,29591451.153832886,11.225834737863728
59160.0,-131754428.72339602,68268800.35650642,29590835.344025243,11.225597669469314
59220.0,-131755350.03646073,68267209.2400885,29590219.52928757,11.225360599086239
59280.0,-131756270.58613335,68265617.80442347,29589603.70961768,11.225123526714057
59340.0,-131757190.37106259,68264026.05278172,29588987.885013387,11.224886452352312
59400.0,-131758109.38991603,68262433.98843068,29588372.055472497,11.224649376000531
59460.0,-131759027.64137596,68260841.61464332,29587756.220992845,11.22441229765827
59520.0,-131759945.12413391,68259248.93470736,29587140.381572295,11.224175217325097
59580.0,-131760861.83690235,68257655.95190425,29586524.537208736,11.223938135000552
59640.0,-131761777.77840167,68256062.66953325,29585908.68790002,11.223701050684243
59700.0,-131762692.94737166,68254469.0908896,29585292.833644077,11.22346396437571
59760.0,-131763607.34256452,68252875.21927784,29584676.974438813,11.223226876074573
59820.0,-131764520.96274891,68251281.05800429,29584061.110282175,11.222989785780412
59880.0,-131765433.80670476,68249686.61038686,29583445.24117209,11.222752693492817
59940.0,-131766345.8732264,68248091.8797487,29582829.367106523,11.22251559921141
60000.0,-131767257.16112596,68246496.8694123,29582213.48808349,11.222278502935795
60060.0,-131768167.66922992,68244901.58270536,29581597.604100965,11.222041404665603
60120.0,-131769077.3963749,68243306.0229693,29580981.715156972,11.221804304400441
60180.0,-131769986.34141672,68241710.19354211,29580365.82124953,11.221567202139964
60240.0,-131770894.50322434,68240114.09776928,29579749.922376715,11.221330097883802
60300.0,-131771801.88068415,68238517.73899575,29579134.01853656,11.221092991631615
60360.0,-131772708.47268844,68236921.12058863,29578518.109727148,11.220855883383043
60420.0,-131773614.2781529,68235324.2459026,29577902.195946585,11.22061877313777
60480.0,-131774519.29600391,68233727.11830506,29577286.27719298,11.220381660895454
60540.0,-131775423.52518973,68232129.74115433,29576670.35346448,11.22014454665576
60600.0,-131776326.96465985,68230532.11783938,29576054.424759205,11.219907430418399
60660.0,-131777229.61339085,68228934.25172971,29575438.49107535,11.219670312183052
60720.0,-131778131.47036462,68227336.14621785,29574822.552411053,11.2194331919494
60780.0,-131779032.53459033,68225737.80467646,29574206.60876453,11.219196069717189
60840.0,-131779932.8050767,68224139.23051223,29573590.66013399,11.218958945486088
60900.0,-131780832.2808564,68222540.42711845,29572974.706517685,11.218721819255858
60960.0,-131781730.96097998,68220941.39788687,29572358.74791381,11.218484691026202
61020.0,-131782628.84450686,68219342.14622477,29571742.784320693,11.218247560796856
61080.0,-131783525.93050836,68217742.67554975,29571126.815736555,11.218010428567576
61140.0,-131784422.21807659,68216142.98927163,29570510.84215973,11.21777329433811
61200.0,-131785317.70632042,68214543.09080079,29569894.86358852,11.217536158108214
61260.0,-131786212.39436197,68212942.98355499,29569278.88002126,11.217299019877649
61320.0,-131787106.28133075,68211342.6709702,29568662.891456254,11.217061879646183
61380.0,-131787999.36638051,68209742.15646854,29568046.897891942,11.216824737413614
61440.0,-131788891.64867662,68208141.44348189,29567430.89932664,11.216587593179712
61500.0,-131789783.12740286,68206540.53543955,29566814.895758793,11.216350446944288
61560.0,-131790673.80174746,68204939.43579508,29566198.887186784,11.216113298707125
61620.0,-131791563.67092712,68203338.1479789,29565582.873609036,11.215876148468043
61680.0,-131792452.734166,68201736.6754401,29564966.855024043,11.215638996226854
61740.0,-131793340.99070972,68200135.02161871,29564350.83143024,11.215401841983404
61800.0,-131794228.43980366,68198533.18998761,29563734.80282613,11.21516468573749
61860.0,-131795115.08072622,68196931.18398815,29563118.769210182,11.214927527488982
61920.0,-131796000.91276228,68195329.00708169,29562502.730580956,11.214690367237719
61980.0,-131796885.93521473,68193726.66272722,29561886.686936952,11.214453204983533
62040.0,-131797770.14739709,68192124.15439548,29561270.638276733,11.214216040726322
62100.0,-131798653.54864234,68190521.48555149,29560654.58459888,11.213978874465935
62160.0,-131799536.13829918,68188918.65966275,29560038.525901973,11.213741706202242
62220.0,-131800417.91572633,68187315.68020901,29559422.462184608,11.213504535935158
62280.0,-131801298.88030426,68185712.5506606,29558806.39344542,11.21326736366454
62340.0,-131802179.03142224,68184109.27450234,29558190.319683053,11.213030189390313
62400.0,-131803058.36848956,68182505.85521275,29557574.24089615,11.212793013112375
62460.0,-131803936.89092928,68180902.29627621,29556958.157083392,11.212555834830635
62520.0,-131804814.59818086,68179298.60117629,29556342.06824348,11.212318654545019
62580.0,-131805691.4896964,68177694.77340518,29555725.97437512,11.212081472255463
62640.0,-131806567.56494306,68176090.816457,29555109.87547704,11.211844287961902
62700.0,-131807442.82340634,68174486.73382284,29554493.771547966,11.211607101664276
62760.0,-131808317.26458697,68172882.52899528,29553877.662586674,11.211369913362542
62820.0,-131809190.88799657,68171278.20547856,29553261.548591968,11.211132723056652
62880.0,-131810063.6931665,68169673.76676993,29552645.429562602,11.210895530746594
62940.0,-131810935.67964369,68168069.21636839,29552029.305497423,11.210658336432315
63000.0,-131811806.84698683,68166464.55778134,29551413.176395256,11.210421140113816
63060.0,-131812677.19477059,68164859.79451758,29550797.042254962,11.210183941791083
63120.0,-131813546.72258742,68163254.93008211,29550180.90307541,11.209946741464117
63180.0,-131814415.43004428,68161649.96798424,29549564.75885546,11.20970953913292
63240.0,-131815283.31676409,68160044.91173266,29548948.609594043,11.209472334797502
63300.0,-131816150.38238159,68158439.76484595,29548332.455290064,11.209235128457877
63360.0,-131817016.62655221,68156834.53083287,29547716.295942467,11.208997920114093
63420.0,-131817882.04894103,68155229.21321526,29547100.131550256,11.208760709766167
63480.0,-131818746.6492345,68153623.81550425,29546483.96211234,11.208523497414149
63540.0,-131819610.42712855,68152018.34122461,29545867.787627757,11.208286283058088
63600.0,-131820473.38233857,68150412.79389347,29545251.608095493,11.208049066698036
63660.0,-131821335.51459454,68148807.17703184,29544635.423514616,11.20781184833407
63720.0,-131822196.82364438,68147201.4941564,29544019.233884137,11.20757462796625
63780.0,-131823057.30924247,68145595.74880214,29543403.039203122,11.20733740559467
63840.0,-131823916.9711677,68143989.94448754,29542786.839470677,11.207100181219404
63900.0,-131824775.80921146,68142384.08473814,29542170.6346859,11.20686295484054
63960.0,-131825633.82318181,68140778.17307718,29541554.42484791,11.206625726458208
64020.0,-131826491.0128979,68139172.21303782,29540938.209955856,11.206388496072496
64080.0,-131827347.37820055,68137566.20814134,29540321.990008872,11.206151263683529
64140.0,-131828202.91893943,68135960.16192281,29539705.76500616,11.205914029291424
64200.0,-131829057.63498616,68134354.07790498,29539089.534946874,11.205676792896307
64260.0,-131829911.52622153,68132747.95962353,29538473.299830258,11.205439554498332
64320.0,-131830764.5925465,68131141.81060533,29537857.059655532,11.205202314097649
64380.0,-131831616.83387566,68129535.63438132,29537240.81442195,11.204965071694389
64440.0,-131832468.25014246,68127929.43447599,29536624.564128764,11.204727827288727
64500.0,-131833318.8412865,68126323.21443251,29536008.308775287,11.204490580880842
64560.0,-131834168.60727178,68124716.97777605,29535392.048360802,11.204253332470875
64620.0,-131835017.54807499,68123110.72803813,29534775.782884628,11.204016082059054
64680.0,-131835865.66368963,68121504.46874729,29534159.512346096,11.20377882964553
64740.0,-131836712.95412008,68119898.20344095,29533543.236744583,11.203541575230512
64800.0,-131837559.41939083,68118291.9356474,29532926.956079446,11.20330431881421
64860.0,-131838405.05954172,68116685.66889526,29532310.670350105,11.203067060396831
64920.0,-131839249.8746221,68115079.40672426,29531694.37955595,11.202829799978602
64980.0,-131840093.86470878,68113473.1526504,29531078.083696406,11.20259253755973
65040.0,-131840937.02987884,68111866.91021883,29530461.782770954,11.202355273140466
65100.0,-131841779.3702356,68110260.6829539,29529845.476779036,11.202118006721028
65160.0,-131842620.8858929,68108654.47438811,29529229.16572016,11.201880738301682
65220.0,-131843461.57698967,68107048.28803556,29528612.8495938,11.20164346788267
65280.0,-131844301.44366147,68105442.12744555,29527996.528399482,11.201406195464273
65340.0,-131845140.48607342,68103835.99613975,29527380.202136796,11.201168921046731
65400.0,-131845978.70440589,68102229.89763936,29526763.870805256,11.200931644630339
65460.0,-131846816.09885305,68100623.83546734,29526147.534404434,11.200694366215362
65520.0,-131847652.66961718,68099017.81316112,29525531.192933954,11.200457085802107
65580.0,-131848488.41692339,68097411.83424182,29524914.846393403,11.200219803390851
65640.0,-131849323.3410152,68095805.90222423,29524298.494782448,11.19998251898189
65700.0,-131850157.44214544,68094200.02063353,29523682.138100736,11.199745232575568
65760.0,-131850990.72057956,68092594.19299936,29523065.77634791,11.199507944172172
65820.0,-131851823.17660433,68090988.42283875,29522449.40952367,11.199270653772027
65880.0,-131852654.8105234,68089382.7136646,29521833.03762774,11.199033361375472
65940.0,-131853485.62265435,68087777.06899105,29521216.66065984,11.198796066982826
66000.0,-131854315.61332247,68086171.49234574,29520600.278619707,11.198558770594445
66060.0,-131855144.7828776,68084565.9872373,29519983.891507104,11.198321472210674
66120.0,-131855973.13168201,68082960.55717811,29519367.499321815,11.198084171831868
66180.0,-131856800.66011615,68081355.20567371,29518751.10206365,11.197846869458383
66240.0,-131857627.36856537,68079749.93624832,29518134.69973242,11.197609565090614
66300.0,-131858453.25744396,68078144.75239787,29517518.292327955,11.197372258728906
66360.0,-131859278.32717413,68076539.65763098,29516901.879850116,11.19713495037365
66420.0,-131860102.57819757,68074934.655446,29516285.462298766,11.196897640025243
66480.0,-131860926.01096275,68073329.7493567,29515669.03967384,11.196660327684064
66540.0,-131861748.6259419,68071724.94285713,29515052.611975204,11.196423013350525
66600.0,-131862570.42362037,68070120.23944528,29514436.179202817,11.196185697025028
66660.0,-131863391.40449935,68068515.64261399,29513819.741356596,11.195948378707984
66720.0,-131864211.56909165,68066911.15586266,29513203.298436545,11.195711058399834
66780.0,-131865030.91793074,68065306.78267667,29512586.850442637,11.195473736100963
66840.0,-131865849.45155963,68063702.52655083,29511970.397374853,11.195236411811841
66900.0,-131866667.17054278,68062098.39096566,29511353.93923326,11.194999085532888
66960.0,-131867484.07545362,68060494.37941106,29510737.47601788,11.194761757264548
67020.0,-131868300.16688521,68058890.49536553,29510121.007728755,11.194524427007268
67080.0,-131869115.44544473,68057286.74230765,29509504.53436598,11.194287094761531
67140.0,-131869929.91175725,68055683.12370804,29508888.055929653,11.194049760527768
67200.0,-131870743.56645411,68054079.64305152,29508271.572419874,11.193812424306453
67260.0,-131871556.41019085,68052476.30380277,29507655.083836824,11.193575086098077
67320.0,-131872368.44363539,68050873.10942945,29507038.590180594,11.193337745903104
67380.0,-131873179.66747202,68049270.0633932,29506422.09145141,11.193100403722026
67440.0,-131873990.08239579,68047667.16916166,29505805.58764942,11.192863059555341
67500.0,-131874799.68912132,68046064.43019032,29505189.07877487,11.192625713403517
67560.0,-131875608.48837844,68044461.8499317,29504572.56482795,11.192388365267107
67620.0,-131876416.48090771,68042859.43184383,29503956.045808934,11.192151015146575
67680.0,-131877223.66747063,68041257.17936978,29503339.5217181,11.191913663042445
67740.0,-131878030.04883765,68039655.09596078,29502722.992555674,11.191676308955255
67800.0,-131878835.62579894,68038053.18505624,29502106.45832203,11.191438952885509
67860.0,-131879640.39915845,68036451.45009449,29501489.919017423,11.191201594833755
67920.0,-131880444.36973752,68034849.89450502,29500873.374642238,11.19096423480053
67980.0,-131881247.5383642,68033248.52173088,29500256.825196803,11.190726872786351
68040.0,-131882049.90589027,68031647.33519399,29499640.270681527,11.190489508791796
68100.0,-131882851.47317937,68030046.33831812,29499023.711096756,11.190252142817396
68160.0,-131883652.24111173,68028445.53452091,29498407.146442957,11.19001477486371
68220.0,-131884452.21057814,68026844.92722437,29497790.57672054,11.189777404931327
68280.0,-131885251.38249014,68025244.51983501,29497174.001929943,11.189540033020776
68340.0,-131886049.7577681,68023644.31576717,29496557.422071632,11.189302659132661
68400.0,-131886847.33735372,68022044.31841904,29495940.837146122,11.189065283267537
68460.0,-131887644.12219727,68020444.53119668,29495324.24715391,11.188827905426002
68520.0,-131888440.1132682,68018844.95749341,29494707.6520955,11.188590525608634
68580.0,-131889235.31154984,68017245.60070045,29494091.051971465,11.188353143816036
68640.0,-131890029.71804138,68015646.46420242,29493474.446782343,11.188115760048799
68700.0,-131890823.33375388,68014047.55138533,29492857.836528722,11.187878374307532
68760.0,-131891616.15971355,68012448.86563022,29492241.221211202,11.18764098659283
68820.0,-131892408.19696385,68010850.41030826,29491624.600830395,11.187403596905321
68880.0,-131893199.44656354,68009252.1887859,29491007.975386925,11.187166205245601
68940.0,-131893989.90958099,68007654.20443368,29490391.344881482,11.186928811614319
69000.0,-131894779.58710441,68006056.4606084,29489774.709314696,11.186691416012085
69060.0,-131895568.48023616,68004458.96066262,29489158.068687286,11.186454018439523
69120.0,-131896356.59009054,68002861.70794931,29488541.422999945,11.186216618897282
69180.0,-131897143.91779648,68001264.70581703,29487924.772253424,11.185979217385983
69240.0,-131897930.46450071,67999667.95760304,29487308.11644843,11.185741813906292
69300.0,-131898716.23136255,67998071.46664281,29486691.455585755,11.185504408458842
69360.0,-131899501.21955793,67996475.2362637,29486074.789666187,11.18526700104428
69420.0,-131900285.43027237,67994879.26979652,29485458.118690502,11.185029591663287
69480.0,-131901068.86471245,67993283.5705554,29484841.442659546,11.184792180316492
69540.0,-131901851.52409273,67991688.14186077,29484224.761574123,11.184554767004574
69600.0,-131902633.40964869,67990092.9870158,29483608.075435117,11.184317351728216
69660.0,-131903414.52262393,67988498.10933031,29482991.384243384,11.184079934488059
69720.0,-131904194.86428127,67986903.51209955,29482374.687999833,11.18384251528481
69780.0,-131904974.43589488,67985309.19861887,29481757.98670536,11.183605094119136
69840.0,-131905753.23876049,67983715.17216428,29481141.280360904,11.183367670991707
69900.0,-131906531.27417678,67982121.43602842,29480524.568967406,11.183130245903238
69960.0,-131907308.54346225,67980527.99348736,29479907.852525838,11.182892818854402
70020.0,-131908085.04795007,67978934.84781054,29479291.13103716,11.182655389845886
70080.0,-131908860.78899355,67977342.00225046,29478674.404502407,11.182417958878416
70140.0,-131909635.7679467,67975749.46008,29478057.672922567,11.182180525952665
70200.0,-131910409.9861883,67974157.22454529,29477440.9362987,11.181943091069371
70260.0,-131911183.44510846,67972565.2988923,29476824.194631856,11.18170565422921
70320.0,-131911956.14611143,67970973.68636107,29476207.44792309,11.181468215432906
70380.0,-131912728.09061866,67969382.39017923,29475590.696173538,11.181230774681184
70440.0,-131913499.28005491,67967791.41358939,29474973.93938428,11.180993331974745
70500.0,-131914269.71587297,67966200.7598008,29474357.17755644,11.180755887314337
70560.0,-131915039.39953208,67964610.43203104,29473740.410691164,11.18051844070065
70620.0,-131915808.33250985,67963020.43348294,29473123.638789643,11.180280992134433
70680.0,-131916576.51628914,67961430.76737012,29472506.861853022,11.180043541616424
70740.0,-131917343.95237555,67959841.43688215,29471890.07988252,11.179806089147334
70800.0,-131918110.64228603,67958252.44520752,29471273.29287936,11.17956863472793
70860.0,-131918876.58755395,67956663.79552284,29470656.50084477,11.179331178358922
70920.0,-131919641.78971662,67955075.49101795,29470039.703779988,11.17909372004106
70980.0,-131920406.25033987,67953487.5348469,29469422.901686326,11.178856259775095
71040.0,-131921169.97099142,67951899.93018009,29468806.094565038,11.17861879756178
71100.0,-131921932.9532604,67950312.68016668,29468189.282417458,11.17838133340185
71160.0,-131922695.19874376,67948725.78796016,29467572.465244878,11.178143867296056
71220.0,-131923456.70905645,67947139.25669852,29466955.64304865,11.177906399245163
71280.0,-131924217.485826,67945553.08951549,29466338.815830164,11.177668929249933
71340.0,-131924977.53069481,67943967.289535,29465721.98359077,11.177431457311117
71400.0,-131925736.84531616,67942381.85987882,29465105.14633188,11.17719398342948
71460.0,-131926495.43135677,67940796.80366245,29464488.304054894,11.17695650760578
71520.0,-131927253.29050016,67939212.12398742,29463871.456761245,11.176719029840799
71580.0,-131928010.42444347,67937627.82394826,29463254.604452364,11.176481550135271
71640.0,-131928766.83489253,67936043.90664072,29462637.747129783,11.17624406849
71700.0,-131929522.52357125,67934460.37514448,29462020.884794917,11.17600658490575
71760.0,-131930277.49221733,67932877.2325313,29461404.017449293,11.17576909938328
71820.0,-131931031.74257867,67931294.48187135,29460787.14509444,11.175531611923383
71880.0,-131931785.27641651,67929712.12622717,29460170.26773188,11.175294122526832
71940.0,-131932538.09550864,67928130.16864733,29459553.38536316,11.175056631194394
72000.0,-131933290.20164435,67926548.61217627,29458936.49798988,11.174819137926868
72060.0,-131934041.59662828,67924967.45984682,29458319.605613627,11.174581642725016
72120.0,-131934792.28227325,67923386.71469326,29457702.708235957,11.174344145589641
72180.0,-131935542.26041165,67921806.37972988,29457085.805858552,11.174106646521508
72240.0,-131936291.53288306,67920226.45797479,29456468.89848304,11.17386914552143
72300.0,-131937040.10154596,67918646.95242617,29455851.986111052,11.17363164259017
72360.0,-131937787.9682663,67917067.86608586,29455235.06874428,11.173394137728529
72420.0,-131938535.13492729,67915489.20193876,29454618.14638443,11.173156630937296
72480.0,-131939281.60342398,67913910.96296422,29454001.219033204,11.172919122217248
72540.0,-131940027.37566577,67912333.15213057,29453384.286692303,11.1726816115692
72600.0,-131940772.4535719,67910755.77240361,29452767.34936351,11.172444098993937
72660.0,-131941516.83907491,67909178.82674055,29452150.407048576,11.172206584492239
72720.0,-131942260.5341232,67907602.31808396,29451533.45974927,11.171969068064918
72780.0,-131943003.5406775,67906026.24936874,29450916.507467393,11.171731549712764
72840.0,-131943745.86070745,67904450.62352939,29450299.550204758,11.171494029436564
72900.0,-131944487.49619982,67902875.44348286,29449682.587963194,11.171256507237134
72960.0,-131945228.44915406,67901300.71213758,29449065.62074453,11.17101898311525
73020.0,-131945968.7215778,67899726.43240212,29448448.648550663,11.170781457071739
73080.0,-131946708.31549756,67898152.60716417,29447831.67138348,11.170543929107362
73140.0,-131947447.23294625,67896579.23931454,29447214.689244807,11.170306399222937
73200.0,-131948185.47597414,67895006.33172615,29446597.702136636,11.170068867419262
73260.0,-131948923.04664221,67893433.88726613,29445980.710060854,11.169831333697141
73320.0,-131949659.94702572,67891861.90878923,29445363.713019416,11.169593798057376
73380.0,-131950396.17920944,67890290.39914723,29444746.711014308,11.169356260500752
73440.0,-131951131.74529037,67888719.3611826,29444129.704047475,11.169118721028072
73500.0,-131951866.64738122,67887148.7977229,29443512.692120966,11.16888117964014
73560.0,-131952600.88760653,67885578.71158646,29442895.675236743,11.16864363633777
73620.0,-131953334.4680993,67884009.10559067,29442278.65339684,11.168406091121733
73680.0,-131954067.39100882,67882439.98253547,29441661.626603346,11.168168543992836
73740.0,-131954799.65849683,67880871.3452107,29441044.5948583,11.167930994951892
73800.0,-131955531.27273433,67879303.19640285,29440427.55816378,11.167693443999688
73860.0,-131956262.23590425,67877735.53888902,29439810.51652189,11.167455891137026
73920.0,-131956992.55020505,67876168.37543026,29439193.469934728,11.167218336364696
73980.0,-131957722.21784511,67874601.70878176,29438576.418404415,11.166980779683513
74040.0,-131958451.24104686,67873035.54168585,29437959.361933134,11.16674322109425
74100.0,-131959179.62204152,67871469.87688039,29437342.30052301,11.166505660597723
74160.0,-131959907.36307234,67869904.71709438,29436725.234176263,11.166268098194708
74220.0,-131960634.46639591,67868340.06504288,29436108.16289505,11.166030533886019
74280.0,-131961360.93428665,67866775.92342047,29435491.086681582,11.165792967672433
74340.0,-131962086.76901725,67865212.29493774,29434874.005538113,11.165555399554764
74400.0,-131962811.9728829,67863649.18227446,29434256.919466868,11.165317829533773
74460.0,-131963536.54818732,67862086.58810633,29433639.82847009,11.165080257610263
74520.0,-131964260.49724889,67860524.51509331,29433022.73255008,11.164842683785038
74580.0,-131964983.8223887,67858962.96590288,29432405.631709125,11.16460510805887
74640.0,-131965706.52594842,67857401.94317429,29431788.525949515,11.16436753043255
74700.0,-131966428.61027691,67855841.44954531,29431171.415273573,11.164129950906867
74760.0,-131967150.07774176,67854281.4876294,29430554.29968364,11.163892369482594
74820.0,-131967870.9307086,67852722.06005545,29429937.17918211,11.163654786160524
74880.0,-131968591.17156497,67851163.16942187,29429320.05377128,11.163417200941433
74940.0,-131969310.8027071,67849604.81832166,29428702.923453577,11.163179613826106
75000.0,-131970029.82654512,67848047.00933227,29428085.788231395,11.162942024815308
75060.0,-131970748.24549152,67846489.7450379,29427468.648107152,11.162704433909841
75120.0,-131971466.06197757,67844933.02799776,29426851.50308328,11.162466841110456
75180.0,-131972183.27844742,67843376.86075681,29426234.35316224,11.16222924641793
75240.0,-131972899.89735588,67841821.24584985,29425617.198346443,11.161991649833048
75300.0,-131973615.92115733,67840266.18582433,29425000.038638428,11.161754051356551
75360.0,-131974331.35232903,67838711.68319301,29424382.874040667,11.161516450989227
75420.0,-131975046.19335887,67837157.74045855,29423765.704555653,11.161278848731852
75480.0,-131975760.44674519,67835604.36011457,29423148.53018593,11.161041244585151
75540.0,-131976474.11498679,67834051.54466271,29422531.350934017,11.160803638549913
75600.0,-131977187.20060799,67832499.29656623,29421914.166802492,11.160566030626889
75660.0,-131977899.70613739,67830947.61828944,29421296.977793913,11.160328420816828
75720.0,-131978611.63411164,67829396.512291,29420679.783910863,11.160090809120508
75780.0,-131979322.98708369,67827845.98100737,29420062.585155938,11.159853195538641
75840.0,-131980033.76761124,67826296.02687547,29419445.381531753,11.159615580072002
75900.0,-131980743.97826754,67824746.65231149,29418828.17304095,11.159377962721344
75960.0,-131981453.6216345,67823197.85972399,29418210.95968616,11.159140343487376
76020.0,-131982162.70030606,67821649.65150677,29417593.741470043,11.158902722370877
76080.0,-131982871.21688376,67820102.03004873,29416976.51839529,11.158665099372557
76140.0,-131983579.17397927,67818554.99772689,29416359.290464565,11.158427474493156
76200.0,-131984286.57421805,67817008.55690102,29415742.057680573,11.158189847733423
76260.0,-131984993.42023554,67815462.70991954,29415124.82004606,11.157952219094073
76320.0,-131985699.71467315,67813917.45912795,29414507.577563737,11.157714588575828
76380.0,-131986405.46018647,67812372.80685177,29413890.33023636,11.157476956179416
76440.0,-131987110.659442,67810828.75540419,29413273.078066662,11.157239321905559
76500.0,-131987815.31511314,67809285.30709271,29412655.821057454,11.157001685754972
76560.0,-131988519.42988291,67807742.46421395,29412038.559211507,11.156764047728378
76620.0,-131989223.00644778,67806200.22904603,29411421.29253164,11.15652640782648
76680.0,-131989926.04751235,67804658.6038586,29410804.021020677,11.156288766049975
76740.0,-131990628.55579287,67803117.59090625,29410186.744681403,11.156051122399564
76800.0,-131991330.53401254,67801577.19243732,29409569.46351673,11.155813476875972
76860.0,-131992031.98490393,67800037.41068931,29408952.17752949,11.155575829479872
76920.0,-131992732.91121285,67798498.24788035,29408334.88672255,11.155338180211977
76980.0,-131993433.3156944,67796959.70621747,29407717.591098823,11.155100529072962
77040.0,-131994133.2011088,67795421.78790487,29407100.29066118,11.154862876063515
77100.0,-131994832.57023083,67793884.49512446,29406482.98541256,11.154625221184308
77160.0,-131995531.42584282,67792347.8300502,29405865.675355904,11.15438756443604
77220.0,-131996229.77073978,67790811.79483718,29405248.360494133,11.154149905819377
77280.0,-131996927.60771717,67789276.39164627,29404631.040830225,11.153912245334977
77340.0,-131997624.93958858,67787741.62260859,29404013.71636712,11.153674582983527
77400.0,-131998321.7691744,67786207.48984832,29403396.387107853,11.153436918765665
77460.0,-131999018.09930523,67784673.99547464,29402779.053055383,11.153199252682063
77520.0,-131999713.93281674,67783141.14159325,29402161.71421275,11.152961584733385
77580.0,-132000409.27255975,67781608.93028516,29401544.370582953,11.152723914920266
77640.0,-132001104.12138794,67780077.36363146,29400927.022169054,11.152486243243352
77700.0,-132001798.48217022,67778546.44368823,29400309.66897411,11.152248569703298
77760.0,-132002492.35777876,67777016.17251085,29399692.311001174,11.152010894300721
77820.0,-132003185.75109838,67775486.55213399,29399074.94825334,11.151773217036261
77880.0,-132003878.66502203,67773957.5845817,29398457.58073368,11.151535537910554
77940.0,-132004571.10245411,67772429.27186005,29397840.2084453,11.151297856924222
78000.0,-132005263.066299,67770901.61597988,29397222.831391342,11.151060174077877
78060.0,-132005954.55947882,67769374.61892124,29396605.44957494,11.150822489372127
78120.0,-132006645.58492085,67767848.28265831,29395988.06299922,11.150584802807598
78180.0,-132007336.1455629,67766322.60914867,29395370.671667326,11.150347114384887
78240.0,-132008026.24434718,67764797.60034569,29394753.275582463,11.150109424104606
78300.0,-132008715.88422816,67763273.25818156,29394135.874747816,11.149871731967325
78360.0,-132009405.06816933,67761749.5845751,29393518.469166547,11.149634037973657
78420.0,-132010093.79913731,67760226.58144169,29392901.0588419,11.149396342124172
78480.0,-132010782.080114,67758704.25067095,29392283.643777072,11.149158644419458
78540.0,-132011469.9140829,67757182.59415205,29391666.2239753,11.1489209448601
78600.0,-132012157.30404037,67755661.6137518,29391048.799439833,11.148683243446655
78660.0,-132012844.2529895,67754141.31132703,29390431.37017396,11.148445540179697
78720.0,-132013530.7639444,67752621.68871543,29389813.936180905,11.148207835059774
78780.0,-132014216.8399183,67751102.74775894,29389196.497463975,11.147970128087458
78840.0,-132014902.48394135,67749584.49026906,29388579.054026466,11.147732419263296
78900.0,-132015587.6990469,67748066.91805279,29387961.605871696,11.147494708587821
78960.0,-132016272.48828407,67746550.03288877,29387344.15300296,11.147256996061582
79020.0,-132016956.85469623,67745033.8365689,29386726.695423607,11.1470192816851
79080.0,-132017640.80134597,67743518.33084856,29386109.23313697,11.146781565458921
79140.0,-132018324.33129513,67742003.51748708,29385491.76614643,11.146543847383557
79200.0,-132019007.44762513,67740489.39820653,29384874.29445534,11.146306127459537
79260.0,-132019690.15340975,67738975.97474532,29384256.818067063,11.14606840568735
79320.0,-132020372.45173912,67737463.24881096,29383639.33698501,11.14583068206754
79380.0,-132021054.34571275,67735951.222094,29383021.851212587,11.145592956600579
79440.0,-132021735.8384357,67734439.89627473,29382404.360753186,11.145355229286961
79500.0,-132022416.93301465,67732929.27303109,29381786.865610246,11.145117500127185
79560.0,-132023097.63256642,67731419.3540217,29381169.36578723,11.144879769121731
79620.0,-132023777.94022073,67729910.1408805,29380551.861287545,11.144642036271087
79680.0,-132024457.85911195,67728401.6352329,29379934.352114696,11.144404301575706
79740.0,-132025137.39237392,67726893.83870494,29379316.83827211,11.144166565036064
79800.0,-132025816.54315452,67725386.75289537,29378699.319763295,11.143928826652628
79860.0,-132026495.31461106,67723880.37938485,29378081.796591733,11.143691086425857
79920.0,-132027173.70990682,67722374.71974133,29377464.26876093,11.143453344356171
79980.0,-132027851.73219876,67720869.77554509,29376846.73627443,11.14321560044404
80040.0,-132028529.3846692,67719365.54832628,29376229.199135736,11.142977854689885
80100.0,-132029206.6704971,67717862.03962073,29375611.657348383,11.142740107094138
80160.0,-132029883.59287333,67716359.25093988,29374994.11091592,11.14250235765723
80220.0,-132030560.15498465,67714857.18380259,29374376.559841927,11.142264606379571
80280.0,-132031236.36003955,67713355.83968389,29373759.004129957,11.14202685326158
80340.0,-132031912.21124102,67711855.22006819,29373141.443783585,11.141789098303649
80400.0,-132032587.7118056,67710355.326412,29372523.87880643,11.1415513415062
80460.0,-132033262.86495025,67708856.16016872,29371906.30920206,11.141313582869603
80520.0,-132033937.67390306,67707357.7227695,29371288.734974124,11.141075822394251
80580.0,-132034612.14189687,67705860.0156331,29370671.1561262,11.140838060080524
80640.0,-132035286.27217321,67704363.04015976,29370053.572661966,11.140600295928808
80700.0,-132035960.06797108,67702866.79775214,29369435.984585017,11.140362529939454
80760.0,-132036633.53254475,67701371.28978138,29368818.39189906,11.140124762112821
80820.0,-132037306.66915123,67699876.51761007,29368200.79460775,11.139886992449267
80880.0,-132037979.48105457,67698382.4825842,29367583.192714706,11.139649220949144
80940.0,-132038651.97152074,67696889.18604368,29366965.586223684,11.1394114476128
81000.0,-132039324.14382587,67695396.62930538,29366347.975138314,11.139173672440549
81060.0,-132039996.0012519,67693904.81367189,29365730.359462332,11.138935895432736
81120.0,-132040667.54708165,67692413.7404406,29365112.739199463,11.13869811658968
81180.0,-132041338.78460984,67690923.4108824,29364495.114353433,11.138460335911674
81240.0,-132042009.7171306,67689433.82626532,29363877.4849279,11.138222553399059
81300.0,-132042680.34794825,67687944.98783444,29363259.850926697,11.137984769052116
81360.0,-132043350.68037055,67686456.89682359,29362642.212353546,11.137746982871139
81420.0,-132044020.71771426,67684969.55444576,29362024.569212176,11.137509194856406
81480.0,-132044690.4632921,67683482.96191703,29361406.92150641,11.137271405008224
81540.0,-132045359.92043108,67681997.12042135,29360789.26923997,11.137033613326848
81600.0,-132046029.09246011,67680512.03113483,29360171.612416703,11.13679581981254
81660.0,-132046697.98271526,67679027.69521506,29359553.951040365,11.136558024465574
81720.0,-132047366.59453282,67677544.11381401,29358936.285114765,11.1363202272862
81780.0,-132048034.93125989,67676061.28805766,29358318.614643734,11.136082428274662
81840.0,-132048702.99624296,67674579.21906866,29357700.939631093,11.135844627431188
81900.0,-132049370.79283871,67673097.90794408,29357083.260080677,11.135606824756032
81960.0,-132050038.32440329,67671617.35577676,29356465.575996336,11.135369020249385
82020.0,-132050705.59430161,67670137.5636372,29355847.887381893,11.135131213911516
82080.0,-132051372.6059021,67668658.53258348,29355230.19424122,11.134893405742588
82140.0,-132052039.36257899,67667180.26365598,29354612.496578194,11.134655595742819
82200.0,-132052705.8677081,67665702.75788644,29353994.79439668,11.134417783912411
82260.0,-132053372.12466988,67664226.01629189,29353377.08770058,11.134179970251555
82320.0,-132054038.136852,67662750.03986825,29352759.37649377,11.133942154760444
82380.0,-132054703.90764634,67661274.82959735,29352141.66078015,11.133704337439216
82440.0,-132055369.44044505,67659800.38645422,29351523.94056365,11.133466518288074
82500.0,-132056034.7386486,67658326.71139042,29350906.215848155,11.13322869730716
82560.0,-132056699.80566148,67656853.80534314,29350288.48663762,11.132990874496638
82620.0,-132057364.64488971,67655381.6692397,29349670.752935972,11.13275304985666
82680.0,-132058029.2597428,67653910.30399339,29349053.014747124,11.132515223387355
82740.0,-132058693.65363769,67652439.71049602,29348435.272075076,11.132277395088849
82800.0,-132059357.82999335,67650969.88962778,29347817.52492373,11.132039564961282
82860.0,-132060021.79223429,67649500.84225062,29347199.7732971,11.131801733004757
82920.0,-132060685.54378416,67648032.56922051,29346582.017199114,11.131563899219389
82980.0,-132061349.0880763,67646565.07136698,29345964.2566338,11.131326063605288
83040.0,-132062012.42854166,67645098.34951569,29345346.491605103,11.131088226162548
83100.0,-132062675.56862076,67643632.40446582,29344728.722117014,11.130850386891243
83160.0,-132063338.51175173,67642167.23701325,29344110.94817358,11.130612545791475
83220.0,-132064001.26138026,67640702.84793031,29343493.16977879,11.130374702863309
83280.0,-132064663.82095423,67639239.23797682,29342875.38693663,11.130136858106793
83340.0,-132065326.19392653,67637776.40789387,29342257.599651154,11.129899011522019
83400.0,-132065988.38374946,67636314.35841513,29341639.80792638,11.129661163109011
83460.0,-132066650.39387913,67634853.09025754,29341022.01176637,11.129423312867846
83520.0,-132067312.22777788,67633392.6041178,29340404.21117512,11.129185460798524
83580.0,-132067973.8889105,67631932.90067694,29339786.406156726,11.128947606901082
83640.0,-132068635.3807405,67630473.98061018,29339168.59671521,11.128709751175572
83700.0,-132069296.70673913,67629015.8445686,29338550.78285467,11.128471893621969
83760.0,-132069957.87037812,67627558.493191,29337932.96457917,11.12823403424031
83820.0,-132070618.87513314,67626101.92710038,29337315.141892735,11.127996173030567
83880.0,-132071279.72448424,67624646.14690019,29336697.31479952,11.127758309992759
83940.0,-132071940.42190617,67623191.1531946,29336079.48330358,11.12752044512687
84000.0,-132072600.9708831,67621736.94655907,29335461.647408992,11.12728257843286
84060.0,-132073261.37490356,67620283.52754998,29334843.807119902,11.127044709910706
84120.0,-132073921.63745685,67618830.89671203,29334225.96244039,11.12680683956037
84180.0,-132074581.76202847,67617379.05458641,29333608.113374572,11.126568967381811
84240.0,-132075241.75210969,67615928.0016925,29332990.259926572,11.126331093374995
84300.0,-132075901.61119941,67614477.73852333,29332372.40210053,11.12609321753983
84360.0,-132076561.34279606,67613028.26556236,29331754.539900515,11.125855339876253
84420.0,-132077220.95039101,67611579.58329543,29331136.67333076,11.125617460384213
84480.0,-132077880.43749304,67610131.69216292,29330518.802395336,11.125379579063608
84540.0,-132078539.80760032,67608684.59261468,29329900.92709843,11.125141695914364
84600.0,-132079199.06422225,67607238.28506663,29329283.047444154,11.124903810936377
84660.0,-132079858.21085794,67605792.7699432,29328665.163436715,11.124665924129545
84720.0,-132080517.25102173,67604348.04762724,29328047.27508023,11.124428035493754
84780.0,-132081176.18822229,67602904.11850059,29327429.38237893,11.124190145028876
84840.0,-132081835.02597281,67601460.98292394,29326811.48533691,11.123952252734812
84900.0,-132082493.76778513,67600018.64124824,29326193.58395843,11.123714358611407
84960.0,-132083152.4171724,67598577.09380992,29325575.678247605,11.123476462658521
85020.0,-132083810.97765234,67597136.34092341,29324957.76820868,11.123238564876027
85080.0,-132084469.4527441,67595696.3828877,29324339.8538458,11.123000665263735
85140.0,-132085127.84596328,67594257.21999575,29323721.9351632,11.122762763821518
85200.0,-132085786.16083157,67592818.85251597,29323104.01216508,11.122524860549182
85260.0,-132086444.40087165,67591381.28070106,29322486.08485565,11.122286955446553
85320.0,-132087102.56960429,67589944.50479499,29321868.153239097,11.122049048513464
85380.0,-132087760.67055157,67588508.52502523,29321250.21731966,11.121811139749685
85440.0,-132088418.70723861,67587073.34159939,29320632.277101547,11.121573229155066
85500.0,-132089076.68319106,67585638.95471117,29320014.332589015,11.121335316729374
85560.0,-132089734.60193609,67584205.36453709,29319396.383786242,11.121097402472396
85620.0,-132090392.46699753,67582772.571246,29318778.430697516,11.120859486383889
85680.0,-132091050.28190583,67581340.57498027,29318160.47332704,11.120621568463676
85740.0,-132091708.05018565,67579909.37587877,29317542.511679087,11.120383648711488
85800.0,-132092365.77536896,67578478.97405209,29316924.545757856,11.120145727127085
85860.0,-132093023.46098143,67577049.36960833,29316306.575567637,11.119907803710223
85920.0,-132093681.11055417,67575620.56263101,29315688.60111267,11.119669878460638
85980.0,-132094338.72761674,67574192.5531907,29315070.622397203,11.11943195137806
86040.0,-132094996.31570102,67572765.34133977,29314452.6394255,11.11919402246225
86100.0,-132095653.87833561,67571338.92712112,29313834.652201865,11.118956091712887
86160.0,-132096311.4190492,67569913.31056279,29313216.660730492,11.118718159129717
86220.0,-132096968.94137396,67568488.49167067,29312598.66501573,11.118480224712437
86280.0,-132097626.4488417,67567064.47043537,29311980.66506178,11.11824228846074
86340.0,-132098283.94498006,67565641.24684094,29311362.660872974,11.118004350374335
86400.0,-132098941.43332078,67564218.82084718,29310744.652453564,11.117766410452889
